contractSymbol,lastTradeDate,strike,lastPrice,bid,ask,change,percentChange,volume,openInterest,impliedVolatility,inTheMoney,contractSize,currency,ticker,option_type,expiration,spot,download_timestamp,mid_price,bid_ask_spread,relative_spread,moneyness,log_moneyness,time_to_expiry,days_to_expiry,price_lower_bound,price_upper_bound,passes_price_bounds,calculated_implied_volatility
SPY260731C00595000,2026-07-23 15:41:23+00:00,595.0,143.85,142.72,145.32,0.0,0.0,2.0,296,0.6074258007812501,True,REGULAR,USD,SPY,call,2026-07-31,738.93,2026-07-25T14:32:03.104776+00:00,144.01999999999998,2.5999999999999943,0.018053048187751664,0.8052183562719067,-0.21664178831799777,0.01706230641882293,6.22774184287037,144.33594435007285,738.93,False,
SPY260731C00600000,2026-07-24 20:00:27+00:00,600.0,139.19,139.06,139.19,0.58999634,0.42568278,54.0,6302,0.6435582519531251,True,REGULAR,USD,SPY,call,2026-07-31,738.93,2026-07-25T14:32:03.104776+00:00,139.125,0.12999999999999545,0.0009344115004492036,0.8119848970809144,-0.20827353864748116,0.01706230641882293,6.22774184287037,139.33935564713227,738.93,False,
SPY260731C00605000,2026-07-24 14:32:48+00:00,605.0,134.64,132.37,135.82,-7.830002,-5.495895,5.0,20,0.6074258007812501,True,REGULAR,USD,SPY,call,2026-07-31,738.93,2026-07-25T14:32:03.104776+00:00,134.095,3.4499999999999886,0.025728028636414397,0.818751437889922,-0.19997473583278605,0.01706230641882293,6.22774184287037,134.3427669441918,738.93,False,
SPY260731C00610000,2026-07-23 19:57:26+00:00,610.0,128.43,127.74,130.34,0.0,0.0,6.0,124,0.5576216113281252,True,REGULAR,USD,SPY,call,2026-07-31,738.93,2026-07-25T14:32:03.104776+00:00,129.04,2.6000000000000085,0.020148791072535716,0.8255179786989296,-0.19174423669627058,0.01706230641882293,6.22774184287037,129.3461782412512,738.93,False,
SPY260731C00615000,2026-07-24 13:49:01+00:00,615.0,124.93,122.75,125.35,0.9599991,0.77438015,2.0,572,0.5410202148437502,True,REGULAR,USD,SPY,call,2026-07-31,738.93,2026-07-25T14:32:03.104776+00:00,124.05,2.5999999999999943,0.02095929060862551,0.8322845195079372,-0.18358092605710963,0.01706230641882293,6.22774184287037,124.34958953831062,738.93,False,
SPY260731C00620000,2026-07-13 17:59:17+00:00,620.0,130.99,117.76,120.36,0.0,0.0,5.0,1231,0.52539537109375,True,REGULAR,USD,SPY,call,2026-07-31,738.93,2026-07-25T14:32:03.104776+00:00,119.06,2.5999999999999943,0.021837728876196828,0.8390510603169449,-0.17548371582449027,0.01706230641882293,6.22774184287037,119.35300083537004,738.93,False,
SPY260731C00622000,2026-07-23 16:26:35+00:00,622.0,118.09,115.4,118.85,0.0,0.0,2.0,10,0.543949873046875,True,REGULAR,USD,SPY,call,2026-07-31,738.93,2026-07-25T14:32:03.104776+00:00,117.125,3.4499999999999886,0.02945570971184622,0.8417576766405479,-0.17226310112444806,0.01706230641882293,6.22774184287037,117.35436535419387,738.93,False,
SPY260731C00623000,2026-07-15 17:42:08+00:00,623.0,132.06,114.4,117.85,0.0,0.0,1.0,94,0.5390671093750001,True,REGULAR,USD,SPY,call,2026-07-31,738.93,2026-07-25T14:32:03.104776+00:00,116.125,3.4499999999999886,0.02970936490850367,0.8431109848023494,-0.17065667507617446,0.01706230641882293,6.22774184287037,116.35504761360573,738.93,False,
SPY260731C00625000,2026-07-24 19:10:34+00:00,625.0,113.6,112.77,115.37,-8.419998,-6.9005065,7.0,604,0.508793974609375,True,REGULAR,USD,SPY,call,2026-07-31,738.93,2026-07-25T14:32:03.104776+00:00,114.07,2.6000000000000085,0.02279302182870175,0.8458176011259525,-0.167451544127226,0.01706230641882293,6.22774184287037,114.35641213242945,738.93,False,
SPY260731C00626000,2026-07-24 15:22:00+00:00,626.0,116.7,111.4,114.86,2.5299988,2.2159927,29.0,2,0.5278367529296876,True,REGULAR,USD,SPY,call,2026-07-31,738.93,2026-07-25T14:32:03.104776+00:00,113.13,3.4599999999999937,0.03058428356757707,0.847170909287754,-0.16585282276352903,0.01706230641882293,6.22774184287037,113.35709439184143,738.93,False,
SPY260731C00627000,2026-04-15 17:00:41+00:00,627.0,83.32,116.0,119.29,0.0,0.0,10.0,10,1.0150195733642575,True,REGULAR,USD,SPY,call,2026-07-31,738.93,2026-07-25T14:32:03.104776+00:00,117.64500000000001,3.2900000000000063,0.027965489396064483,0.8485242174495555,-0.16425665323070682,0.01706230641882293,6.22774184287037,112.35777665125329,738.93,True,1.0550761021823865
SPY260731C00629000,2026-06-22 14:13:39+00:00,629.0,124.61,109.32,112.64,0.0,0.0,46.0,13,0.6689486230468751,True,REGULAR,USD,SPY,call,2026-07-31,738.93,2026-07-25T14:32:03.104776+00:00,110.97999999999999,3.3200000000000074,0.029915300054063863,0.8512308337731586,-0.16107193716318702,0.01706230641882293,6.22774184287037,110.35914117007701,738.93,True,0.6482817088482659
SPY260731C00630000,2026-07-24 19:35:34+00:00,630.0,108.61,107.78,110.38,0.23999786,0.22146152,3.0,798,0.7070341796875,True,REGULAR,USD,SPY,call,2026-07-31,738.93,2026-07-25T14:32:03.104776+00:00,109.08,2.5999999999999943,0.023835716905023785,0.85258414193496,-0.15948337447804922,0.01706230641882293,6.22774184287037,109.35982342948898,738.93,False,
SPY260731C00631000,2026-07-08 19:39:54+00:00,631.0,116.38,106.41,109.87,0.0,0.0,6.0,11,0.508793974609375,True,REGULAR,USD,SPY,call,2026-07-31,738.93,2026-07-25T14:32:03.104776+00:00,108.14,3.460000000000008,0.0319955613094138,0.8539374500967616,-0.1578973313224144,0.01706230641882293,6.22774184287037,108.36050568890084,738.93,False,
SPY260731C00632000,2026-06-17 20:08:03+00:00,632.0,112.21,106.33,109.64,0.0,0.0,5.0,10,0.6530796411132813,True,REGULAR,USD,SPY,call,2026-07-31,738.93,2026-07-25T14:32:03.104776+00:00,107.985,3.3100000000000023,0.030652405426679654,0.8552907582585632,-0.1563137997167701,0.01706230641882293,6.22774184287037,107.3611879483127,738.93,True,0.6326214297559056
SPY260731C00635000,2026-07-24 19:27:45+00:00,635.0,103.4,102.42,105.87,-12.169998,-10.530413,1.0,42,0.7224148852539063,True,REGULAR,USD,SPY,call,2026-07-31,738.93,2026-07-25T14:32:03.104776+00:00,104.14500000000001,3.450000000000003,0.03312689039320181,0.8593506827439676,-0.15157819497093594,0.01706230641882293,6.22774184287037,104.3632347265484,738.93,False,
SPY260731C00636000,2026-07-06 18:25:03+00:00,636.0,117.5,101.42,104.88,0.0,0.0,1.0,15,0.7172879833984375,True,REGULAR,USD,SPY,call,2026-07-31,738.93,2026-07-25T14:32:03.104776+00:00,103.15,3.4599999999999937,0.03354338342220062,0.8607039909057692,-0.1500046305235054,0.01706230641882293,6.22774184287037,103.36391698596026,738.93,False,
SPY260731C00637000,2026-04-14 13:34:02+00:00,637.0,67.16,106.56,109.87,0.0,0.0,1.0,702,0.971557901611328,True,REGULAR,USD,SPY,call,2026-07-31,738.93,2026-07-25T14:32:03.104776+00:00,108.215,3.3100000000000023,0.03058725684978979,0.8620572990675708,-0.14843353829146413,0.01706230641882293,6.22774184287037,102.36459924537212,738.93,True,1.0106717601436075
SPY260731C00638000,2026-06-29 15:47:08+00:00,638.0,103.83,99.9,102.4,0.0,0.0,1.0,566,0.663333444824219,True,REGULAR,USD,SPY,call,2026-07-31,738.93,2026-07-25T14:32:03.104776+00:00,101.15,2.5,0.024715768660405337,0.8634106072293722,-0.14686491051883768,0.01706230641882293,6.22774184287037,101.36528150478398,738.93,False,
SPY260731C00639000,2026-06-17 20:00:58+00:00,639.0,106.0,99.35,102.63,0.0,0.0,20.0,21,0.6154823608398439,True,REGULAR,USD,SPY,call,2026-07-31,738.93,2026-07-25T14:32:03.104776+00:00,100.99,3.280000000000001,0.03247846321417963,0.8647639153911738,-0.1452987394860927,0.01706230641882293,6.22774184287037,100.36596376419595,738.93,True,0.5950171602545782
SPY260731C00640000,2026-07-24 19:56:06+00:00,640.0,98.91,97.91,100.4,-10.209999,-9.35667,3.0,323,0.6518589501953126,True,REGULAR,USD,SPY,call,2026-07-31,738.93,2026-07-25T14:32:03.104776+00:00,99.155,2.490000000000009,0.02511219807372305,0.8661172235529753,-0.14373501750991005,0.01706230641882293,6.22774184287037,99.36664602360781,738.93,False,
SPY260731C00641000,2026-06-22 15:00:25+00:00,641.0,108.07,97.35,100.67,0.0,0.0,2.0,92,0.6069375244140626,True,REGULAR,USD,SPY,call,2026-07-31,738.93,2026-07-25T14:32:03.104776+00:00,99.00999999999999,3.3200000000000074,0.03353196646803361,0.8674705317147768,-0.14217373694295748,0.01706230641882293,6.22774184287037,98.36732828301967,738.93,True,0.5872574799036887
SPY260731C00643000,2026-07-16 14:35:38+00:00,643.0,112.36,94.91,97.4,0.0,0.0,1.0,104,0.6347692773437501,True,REGULAR,USD,SPY,call,2026-07-31,738.93,2026-07-25T14:32:03.104776+00:00,96.155,2.490000000000009,0.025895689251729075,0.8701771480383799,-0.13905846962600818,0.01706230641882293,6.22774184287037,96.36869280184351,738.93,False,
SPY260731C00644000,2026-07-06 14:47:55+00:00,644.0,109.56,93.44,96.89,0.0,0.0,1.0,100,0.6704134521484376,True,REGULAR,USD,SPY,call,2026-07-31,738.93,2026-07-25T14:32:03.104776+00:00,95.16499999999999,3.450000000000003,0.036252824042452614,0.8715304562001814,-0.13750446775927389,0.01706230641882293,6.22774184287037,95.36937506125537,738.93,False,
SPY260731C00645000,2026-07-24 16:48:13+00:00,645.0,97.34,92.92,95.41,4.5599976,4.9148498,1.0,185,0.6242713354492189,True,REGULAR,USD,SPY,call,2026-07-31,738.93,2026-07-25T14:32:03.104776+00:00,94.16499999999999,2.489999999999995,0.026442945892847607,0.8728837643619829,-0.13595287706785508,0.01706230641882293,6.22774184287037,94.37005732066723,738.93,False,
SPY260731C00646000,2026-06-10 19:37:09+00:00,646.0,86.94,108.44,111.24,0.0,0.0,1.0,32,1.3185458877563474,True,REGULAR,USD,SPY,call,2026-07-31,738.93,2026-07-25T14:32:03.104776+00:00,109.84,2.799999999999997,0.025491624180626338,0.8742370725237845,-0.13440369008102568,0.01706230641882293,6.22774184287037,93.37073958007909,738.93,True,1.3859173846370418
SPY260731C00647000,2026-07-17 15:37:21+00:00,647.0,99.43,90.92,93.41,0.0,0.0,2.0,1218,0.6129189099121095,True,REGULAR,USD,SPY,call,2026-07-31,738.93,2026-07-25T14:32:03.104776+00:00,92.16499999999999,2.489999999999995,0.027016763413443227,0.8755903806855859,-0.13285689936272704,0.01706230641882293,6.22774184287037,92.37142183949106,738.93,False,
SPY260731C00649000,2026-07-23 20:07:29+00:00,649.0,90.96,88.45,91.91,0.0,0.0,2.0,11,0.6422154919433594,True,REGULAR,USD,SPY,call,2026-07-31,738.93,2026-07-25T14:32:03.104776+00:00,90.18,3.4599999999999937,0.03836770902639159,0.8782969970091891,-0.12977047715953752,0.01706230641882293,6.22774184287037,90.37278635831478,738.93,False,
SPY260731C00650000,2026-07-24 13:36:32+00:00,650.0,90.14,87.93,90.43,2.8499985,3.264977,2.0,1308,0.5975382043457032,True,REGULAR,USD,SPY,call,2026-07-31,738.93,2026-07-25T14:32:03.104776+00:00,89.18,2.5,0.02803319129849742,0.8796503051709905,-0.12823083097394478,0.01706230641882293,6.22774184287037,89.37346861772664,738.93,False,
SPY260731C00651000,2026-07-21 17:10:47+00:00,651.0,98.51,86.46,89.91,0.0,0.0,1.0,18,0.6303747900390625,True,REGULAR,USD,SPY,call,2026-07-31,738.93,2026-07-25T14:32:03.104776+00:00,88.185,3.450000000000003,0.03912229971083521,0.8810036133327921,-0.12669355165505827,0.01706230641882293,6.22774184287037,88.3741508771385,738.93,False,
SPY260731C00653000,2026-05-12 17:54:49+00:00,653.0,91.66,101.79,105.14,0.0,0.0,2.0,46,1.2767980496215818,True,REGULAR,USD,SPY,call,2026-07-31,738.93,2026-07-25T14:32:03.104776+00:00,103.465,3.3499999999999943,0.03237809887401531,0.8837102296563951,-0.12362606458719648,0.01706230641882293,6.22774184287037,86.37551539596234,738.93,True,1.3420788983653598
SPY260731C00654000,2026-06-09 16:38:26+00:00,654.0,77.74,100.54,103.04,0.0,0.0,1.0,153,1.2451819967651363,True,REGULAR,USD,SPY,call,2026-07-31,738.93,2026-07-25T14:32:03.104776+00:00,101.79,2.5,0.024560369387955593,0.8850635378181967,-0.12209584240642879,0.01706230641882293,6.22774184287037,85.3761976553742,738.93,True,1.308426198907751
SPY260731C00655000,2026-07-24 16:22:10+00:00,655.0,88.81,82.94,85.44,3.199997,3.7378776,1.0,236,0.5698285205078125,True,REGULAR,USD,SPY,call,2026-07-31,738.93,2026-07-25T14:32:03.104776+00:00,84.19,2.5,0.029694738092410026,0.8864168459799981,-0.12056795822837565,0.01706230641882293,6.22774184287037,84.37687991478606,738.93,False,
SPY260731C00656000,2026-07-24 16:46:45+00:00,656.0,86.55,81.94,84.43,-6.8499985,-7.3340454,3.0,132,0.5632367895507813,True,REGULAR,USD,SPY,call,2026-07-31,738.93,2026-07-25T14:32:03.104776+00:00,83.185,2.490000000000009,0.02993328124060839,0.8877701541417997,-0.11904240491953848,0.01706230641882293,6.22774184287037,83.37756217419803,738.93,False,
SPY260731C00657000,2026-07-02 16:41:33+00:00,657.0,88.92,80.95,83.44,0.0,0.0,1.0,167,0.5583540258789064,True,REGULAR,USD,SPY,call,2026-07-31,738.93,2026-07-25T14:32:03.104776+00:00,82.195,2.489999999999995,0.030293813492304825,0.8891234623036012,-0.11751917537901707,0.01706230641882293,6.22774184287037,82.3782444336099,738.93,False,
SPY260731C00658000,2026-07-17 19:30:42+00:00,658.0,86.61,79.48,82.93,0.0,0.0,5.0,75,0.589969920654297,True,REGULAR,USD,SPY,call,2026-07-31,738.93,2026-07-25T14:32:03.104776+00:00,81.20500000000001,3.450000000000003,0.04248506865340807,0.8904767704654027,-0.11599826253831033,0.01706230641882293,6.22774184287037,81.37892669302175,738.93,False,
SPY260731C00659000,2026-07-15 14:49:24+00:00,659.0,96.11,78.95,81.45,0.0,0.0,3.0,192,0.5478560839843751,True,REGULAR,USD,SPY,call,2026-07-31,738.93,2026-07-25T14:32:03.104776+00:00,80.2,2.5,0.031172069825436407,0.8918300786272043,-0.11447965936112027,0.01706230641882293,6.22774184287037,80.37960895243361,738.93,False,
SPY260731C00660000,2026-07-23 18:09:05+00:00,660.0,78.72,77.96,80.45,0.0,0.0,120.0,494,0.5419967675781252,True,REGULAR,USD,SPY,call,2026-07-31,738.93,2026-07-25T14:32:03.104776+00:00,79.205,2.490000000000009,0.03143740925446637,0.8931833867890058,-0.11296335884315634,0.01706230641882293,6.22774184287037,79.38029121184559,738.93,False,
SPY260731C00661000,2026-07-20 17:19:47+00:00,661.0,84.44,76.96,79.46,0.0,0.0,3.0,287,0.5371140039062501,True,REGULAR,USD,SPY,call,2026-07-31,738.93,2026-07-25T14:32:03.104776+00:00,78.21,2.5,0.03196522183863956,0.8945366949508073,-0.11144935401194123,0.01706230641882293,6.22774184287037,78.38097347125745,738.93,False,
SPY260731C00662000,2026-07-17 13:40:10+00:00,662.0,81.23,75.96,78.47,0.0,0.0,1.0,160,0.532231240234375,True,REGULAR,USD,SPY,call,2026-07-31,738.93,2026-07-25T14:32:03.104776+00:00,77.215,2.510000000000005,0.03250663731140329,0.8958900031126088,-0.10993763792661937,0.01706230641882293,6.22774184287037,77.38165573066931,738.93,False,
SPY260731C00663000,2026-07-24 15:20:47+00:00,663.0,80.19,74.97,77.47,-9.790001,-10.880196,2.0,162,0.5264939929199219,True,REGULAR,USD,SPY,call,2026-07-31,738.93,2026-07-25T14:32:03.104776+00:00,76.22,2.5,0.03279979008134348,0.8972433112744104,-0.10842820367776503,0.01706230641882293,6.22774184287037,76.38233799008117,738.93,False,
SPY260731C00664000,2026-07-23 13:58:10+00:00,664.0,77.31,74.87,76.46,0.0,0.0,4.0,330,0.5199022619628906,True,REGULAR,USD,SPY,call,2026-07-31,738.93,2026-07-25T14:32:03.104776+00:00,75.66499999999999,1.5899999999999892,0.021013678715390068,0.8985966194362118,-0.10692104438719376,0.01706230641882293,6.22774184287037,75.38302024949314,738.93,True,0.4039230961354421
SPY260731C00665000,2026-07-24 14:23:40+00:00,665.0,74.03,72.97,75.47,-1.0800018,-1.4378935,3.0,572,0.5148974291992188,True,REGULAR,USD,SPY,call,2026-07-31,738.93,2026-07-25T14:32:03.104776+00:00,74.22,2.5,0.03368364322285099,0.8999499275980134,-0.10541615320777341,0.01706230641882293,6.22774184287037,74.383702508905,738.93,False,
SPY260731C00666000,2026-07-24 17:59:55+00:00,666.0,76.28,71.98,74.48,-12.470001,-14.050706,2.0,253,0.5100146655273439,True,REGULAR,USD,SPY,call,2026-07-31,738.93,2026-07-25T14:32:03.104776+00:00,73.23,2.5,0.034139014065273796,0.901303235759815,-0.10391352332323836,0.01706230641882293,6.22774184287037,73.38438476831686,738.93,False,
SPY260731C00667000,2026-07-24 14:36:02+00:00,667.0,72.72,70.98,73.49,1.0100021,1.4084537,1.0,467,0.5050098327636718,True,REGULAR,USD,SPY,call,2026-07-31,738.93,2026-07-25T14:32:03.104776+00:00,72.235,2.509999999999991,0.03474769848411422,0.9026565439216164,-0.10241314794800385,0.01706230641882293,6.22774184287037,72.38506702772872,738.93,False,
SPY260731C00668000,2026-07-13 16:23:49+00:00,668.0,83.95,69.51,72.97,0.0,0.0,1.0,40,0.5327195166015625,True,REGULAR,USD,SPY,call,2026-07-31,738.93,2026-07-25T14:32:03.104776+00:00,71.24000000000001,3.4599999999999937,0.04856822010106672,0.904009852083418,-0.1009150203269818,0.01706230641882293,6.22774184287037,71.3857492871407,738.93,False,
SPY260731C00669000,2026-06-18 19:43:04+00:00,669.0,83.62,69.68,72.56,0.0,0.0,51.0,167,0.5629926513671876,True,REGULAR,USD,SPY,call,2026-07-31,738.93,2026-07-25T14:32:03.104776+00:00,71.12,2.8799999999999955,0.04049493813273334,0.9053631602452195,-0.09941913373539915,0.01706230641882293,6.22774184287037,70.38643154655256,738.93,True,0.4480947600811742
SPY260731C00670000,2026-07-24 19:16:53+00:00,670.0,69.07,67.99,70.5,-0.6800003,-0.9749108,21.0,828,0.488408436279297,True,REGULAR,USD,SPY,call,2026-07-31,738.93,2026-07-25T14:32:03.104776+00:00,69.245,2.510000000000005,0.03624810455628572,0.906716468407021,-0.09792548147861581,0.01706230641882293,6.22774184287037,69.38711380596442,738.93,False,
SPY260731C00671000,2026-07-24 13:34:16+00:00,671.0,68.77,67.0,69.51,-2.040001,-2.8809505,1.0,148,0.483403603515625,True,REGULAR,USD,SPY,call,2026-07-31,738.93,2026-07-25T14:32:03.104776+00:00,68.255,2.510000000000005,0.03677386272067988,0.9080697765688226,-0.0964340568919457,0.01706230641882293,6.22774184287037,68.38779606537628,738.93,False,
SPY260731C00672000,2026-07-08 13:58:15+00:00,672.0,74.74,65.53,68.99,0.0,0.0,1.0,68,0.509892596435547,True,REGULAR,USD,SPY,call,2026-07-31,738.93,2026-07-25T14:32:03.104776+00:00,67.25999999999999,3.4599999999999937,0.051442164733868485,0.909423084730624,-0.09494485334047802,0.01706230641882293,6.22774184287037,67.38847832478814,738.93,False,
SPY260731C00673000,2026-07-24 15:39:53+00:00,673.0,70.27,65.01,67.51,-9.120003,-11.4875965,3.0,265,0.4718070397949219,True,REGULAR,USD,SPY,call,2026-07-31,738.93,2026-07-25T14:32:03.104776+00:00,66.26,2.5,0.037730153939028066,0.9107763928924256,-0.0934578642188997,0.01706230641882293,6.22774184287037,66.38916058420011,738.93,False,
SPY260731C00674000,2026-07-24 18:26:21+00:00,674.0,66.76,64.01,66.52,-8.459999,-11.247007,1.0,382,0.4666801379394532,True,REGULAR,USD,SPY,call,2026-07-31,738.93,2026-07-25T14:32:03.104776+00:00,65.265,2.509999999999991,0.038458591894583484,0.9121297010542271,-0.09197308295132055,0.01706230641882293,6.22774184287037,65.38984284361197,738.93,False,
SPY260731C00675000,2026-07-24 18:29:47+00:00,675.0,65.47,63.02,65.53,-9.129997,-12.238603,6.0,653,0.4615532360839844,True,REGULAR,USD,SPY,call,2026-07-31,738.93,2026-07-25T14:32:03.104776+00:00,64.275,2.509999999999998,0.03905095293660051,0.9134830092160287,-0.09049050299109772,0.01706230641882293,6.22774184287037,64.39052510302383,738.93,False,
SPY260731C00676000,2026-07-24 15:03:18+00:00,676.0,65.38,61.56,65.02,-8.709999,-11.755972,1.0,87,0.4875539526367188,True,REGULAR,USD,SPY,call,2026-07-31,738.93,2026-07-25T14:32:03.104776+00:00,63.29,3.4599999999999937,0.05466898404171265,0.9148363173778302,-0.0890101178206634,0.01706230641882293,6.22774184287037,63.39120736243569,738.93,False,
SPY260731C00677000,2026-07-24 16:10:14+00:00,677.0,66.86,60.57,64.03,3.3600006,5.2913394,23.0,53,0.4820608435058594,True,REGULAR,USD,SPY,call,2026-07-31,738.93,2026-07-25T14:32:03.104776+00:00,62.3,3.460000000000001,0.05553772070626005,0.9161896255396317,-0.08753192095135257,0.01706230641882293,6.22774184287037,62.39188962184767,738.93,False,
SPY260731C00678000,2026-07-23 15:11:37+00:00,678.0,60.87,60.04,62.55,0.0,0.0,2.0,134,0.4454401159667969,True,REGULAR,USD,SPY,call,2026-07-31,738.93,2026-07-25T14:32:03.104776+00:00,61.295,2.509999999999998,0.04094950648503137,0.9175429337014332,-0.08605590592323194,0.01706230641882293,6.22774184287037,61.39257188125953,738.93,False,
SPY260731C00679000,2026-07-15 15:24:53+00:00,679.0,75.38,59.04,61.56,0.0,0.0,1.0,268,0.440313214111328,True,REGULAR,USD,SPY,call,2026-07-31,738.93,2026-07-25T14:32:03.104776+00:00,60.3,2.520000000000003,0.04179104477611946,0.9188962418632347,-0.08458206630493145,0.01706230641882293,6.22774184287037,60.39325414067139,738.93,False,
SPY260731C00680000,2026-07-24 17:09:00+00:00,680.0,61.33,58.93,60.56,1.3300018,2.2166698,34.0,644,0.4344538977050781,True,REGULAR,USD,SPY,call,2026-07-31,738.93,2026-07-25T14:32:03.104776+00:00,59.745000000000005,1.6300000000000026,0.027282617792283914,0.9202495500250363,-0.08311039569347514,0.01706230641882293,6.22774184287037,59.39393640008325,738.93,True,0.33855443684199127
SPY260731C00681000,2026-07-16 16:15:28+00:00,681.0,73.25,57.34,59.57,0.0,0.0,1.0,485,0.4292049267578125,True,REGULAR,USD,SPY,call,2026-07-31,738.93,2026-07-25T14:32:03.104776+00:00,58.455,2.229999999999997,0.03814900350697112,0.9216028581868377,-0.08164088771411523,0.01706230641882293,6.22774184287037,58.39461865949522,738.93,True,0.2597206812048665
SPY260731C00682000,2026-07-23 17:06:22+00:00,682.0,57.58,56.07,58.58,0.0,0.0,1.0,390,0.4240780249023437,True,REGULAR,USD,SPY,call,2026-07-31,738.93,2026-07-25T14:32:03.104776+00:00,57.325,2.509999999999998,0.04378543392935016,0.9229561663486393,-0.08017353602016546,0.01706230641882293,6.22774184287037,57.39530091890708,738.93,False,
SPY260731C00683000,2026-07-24 15:20:10+00:00,683.0,59.46,56.02,57.59,3.1499977,5.594029,1.0,289,0.4188290539550781,True,REGULAR,USD,SPY,call,2026-07-31,738.93,2026-07-25T14:32:03.104776+00:00,56.80500000000001,1.5700000000000003,0.027638412111609896,0.9243094745104409,-0.07870833429283744,0.01706230641882293,6.22774184287037,56.39598317831894,738.93,True,0.33232622302650605
SPY260731C00684000,2026-07-24 16:10:14+00:00,684.0,59.4,54.08,56.6,-3.7599983,-5.953132,16.0,237,0.4135800830078124,True,REGULAR,USD,SPY,call,2026-07-31,738.93,2026-07-25T14:32:03.104776+00:00,55.34,2.520000000000003,0.04553668232743048,0.9256627826722423,-0.07724527624107712,0.01706230641882293,6.22774184287037,55.3966654377308,738.93,False,
SPY260731C00685000,2026-07-24 19:47:33+00:00,685.0,53.87,53.2,55.62,-1.7600021,-3.1637642,30.0,609,0.4088193884277343,True,REGULAR,USD,SPY,call,2026-07-31,738.93,2026-07-25T14:32:03.104776+00:00,54.41,2.4199999999999946,0.044477118176805636,0.9270160908340439,-0.07578435560140223,0.01706230641882293,6.22774184287037,54.39734769714278,738.93,True,0.20600437140364944
SPY260731C00686000,2026-07-24 16:25:07+00:00,686.0,58.31,52.1,54.62,-1.329998,-2.2300436,28.0,160,0.4029600720214844,True,REGULAR,USD,SPY,call,2026-07-31,738.93,2026-07-25T14:32:03.104776+00:00,53.36,2.519999999999996,0.047226386806596625,0.9283693989958454,-0.07432556613774237,0.01706230641882293,6.22774184287037,53.39802995655464,738.93,False,
SPY260731C00687000,2026-07-21 15:32:01+00:00,687.0,61.98,51.11,53.64,0.0,0.0,15.0,118,0.3981993774414062,True,REGULAR,USD,SPY,call,2026-07-31,738.93,2026-07-25T14:32:03.104776+00:00,52.375,2.530000000000001,0.04830548926014322,0.9297227071576469,-0.07286890164127821,0.01706230641882293,6.22774184287037,52.3987122159665,738.93,False,
SPY260731C00688000,2026-07-24 17:37:36+00:00,688.0,54.18,49.67,53.13,1.3600006,2.5747833,3.0,99,0.4201718139648437,True,REGULAR,USD,SPY,call,2026-07-31,738.93,2026-07-25T14:32:03.104776+00:00,51.400000000000006,3.460000000000001,0.06731517509727628,0.9310760153194485,-0.07141435593028383,0.01706230641882293,6.22774184287037,51.39939447537836,738.93,True,0.15412069917178156
SPY260731C00689000,2026-07-24 14:50:02+00:00,689.0,50.21,49.14,51.66,-15.169998,-23.202812,9.0,187,0.3874572973632812,True,REGULAR,USD,SPY,call,2026-07-31,738.93,2026-07-25T14:32:03.104776+00:00,50.4,2.519999999999996,0.04999999999999992,0.93242932348125,-0.069961922849969,0.01706230641882293,6.22774184287037,50.40007673479033,738.93,False,
SPY260731C00690000,2026-07-24 14:52:51+00:00,690.0,49.66,48.15,50.68,2.1899986,4.613437,3.0,1087,0.382696602783203,True,REGULAR,USD,SPY,call,2026-07-31,738.93,2026-07-25T14:32:03.104776+00:00,49.415,2.530000000000001,0.051199028635029876,0.9337826316430515,-0.06851159627232245,0.01706230641882293,6.22774184287037,49.40075899420219,738.93,True,0.19026941888219123
SPY260731C00691000,2026-07-21 19:22:35+00:00,691.0,49.24,47.16,49.69,-9.23,-15.7858715,1.0,188,0.3772034936523437,True,REGULAR,USD,SPY,call,2026-07-31,738.93,2026-07-25T14:32:03.104776+00:00,48.425,2.530000000000001,0.05224574083634489,0.935135939804853,-0.06706337009595768,0.01706230641882293,6.22774184287037,48.40144125361405,738.93,True,0.19641162041850013
SPY260731C00692000,2026-07-17 18:47:04+00:00,692.0,53.59,46.18,48.71,0.0,0.0,29.0,216,0.3723207299804688,True,REGULAR,USD,SPY,call,2026-07-31,738.93,2026-07-25T14:32:03.104776+00:00,47.445,2.530000000000001,0.05332490251870589,0.9364892479666546,-0.06561723824595797,0.01706230641882293,6.22774184287037,47.40212351302591,738.93,True,0.20588456609161201
SPY260731C00693000,2026-07-24 15:39:16+00:00,693.0,50.43,45.19,47.73,4.330002,9.392629,3.0,259,0.3674379663085937,True,REGULAR,USD,SPY,call,2026-07-31,738.93,2026-07-25T14:32:03.104776+00:00,46.459999999999994,2.539999999999999,0.05467068445975031,0.9378425561284561,-0.06417319467372426,0.01706230641882293,6.22774184287037,46.40280577243777,738.93,True,0.20901821447136812
SPY260731C00694000,2026-07-24 18:42:10+00:00,694.0,45.35,44.21,46.75,-5.3500023,-10.552273,6.0,119,0.3624331335449219,True,REGULAR,USD,SPY,call,2026-07-31,738.93,2026-07-25T14:32:03.104776+00:00,45.480000000000004,2.539999999999999,0.055848724714160046,0.9391958642902576,-0.06273123335682305,0.01706230641882293,6.22774184287037,45.40348803184975,738.93,True,0.21264746606008522
SPY260731C00695000,2026-07-24 19:47:20+00:00,695.0,44.64,43.99,45.77,0.13999939,0.31460539,3.0,1042,0.35742830078125,True,REGULAR,USD,SPY,call,2026-07-31,738.93,2026-07-25T14:32:03.104776+00:00,44.88,1.7800000000000011,0.0396613190730838,0.9405491724520592,-0.061291348298835376,0.01706230641882293,6.22774184287037,44.40417029126161,738.93,True,0.27889275583463113
SPY260731C00696000,2026-07-24 14:54:07+00:00,696.0,44.18,42.24,44.79,-9.029999,-16.970493,2.0,516,0.352423468017578,True,REGULAR,USD,SPY,call,2026-07-31,738.93,2026-07-25T14:32:03.104776+00:00,43.515,2.549999999999997,0.05860048259220952,0.9419024806138606,-0.059853533529207935,0.01706230641882293,6.22774184287037,43.40485255067347,738.93,True,0.21461323616484929
SPY260731C00697000,2026-07-23 16:54:56+00:00,697.0,42.81,41.26,43.81,0.0,0.0,2.0,211,0.3472965661621093,True,REGULAR,USD,SPY,call,2026-07-31,738.93,2026-07-25T14:32:03.104776+00:00,42.535,2.5500000000000043,0.05995062889385223,0.9432557887756622,-0.058417783103103645,0.01706230641882293,6.22774184287037,42.40553481008533,738.93,True,0.21517967575466826
SPY260731C00698000,2026-07-24 19:56:58+00:00,698.0,41.33,40.29,42.84,1.4800034,3.7139356,1.0,137,0.342657940673828,True,REGULAR,USD,SPY,call,2026-07-31,738.93,2026-07-25T14:32:03.104776+00:00,41.565,2.5500000000000043,0.061349693251533846,0.9446090969374636,-0.05698409110125513,0.01706230641882293,6.22774184287037,41.4062170694973,738.93,True,0.21727884847833967
SPY260731C00699000,2026-07-24 19:24:44+00:00,699.0,39.97,39.31,41.86,0.58000183,1.4724597,1.0,359,0.3375310388183594,True,REGULAR,USD,SPY,call,2026-07-31,738.93,2026-07-25T14:32:03.104776+00:00,40.585,2.549999999999997,0.06283109523222859,0.9459624050992652,-0.0555524516298173,0.01706230641882293,6.22774184287037,40.40689932890916,738.93,True,0.21654342044115443
SPY260731C00700000,2026-07-24 19:55:04+00:00,700.0,39.36,39.61,39.73,0.060001373,0.15267524,157.0,6545,0.2634351000976562,True,REGULAR,USD,SPY,call,2026-07-31,738.93,2026-07-25T14:32:03.104776+00:00,39.67,0.11999999999999744,0.0030249558860599305,0.9473157132610668,-0.05412285882022283,0.01706230641882293,6.22774184287037,39.40758158832102,738.93,True,0.22599349749302028
SPY260731C00701000,2026-07-24 17:06:20+00:00,701.0,40.94,37.36,39.92,2.0499992,5.271276,10.0,335,0.3280096496582031,True,REGULAR,USD,SPY,call,2026-07-31,738.93,2026-07-25T14:32:03.104776+00:00,38.64,2.5600000000000023,0.06625258799171849,0.9486690214228682,-0.05269530682903748,0.01706230641882293,6.22774184287037,38.40826384773288,738.93,True,0.21640812723779868
SPY260731C00702000,2026-07-24 19:57:41+00:00,702.0,37.48,36.39,38.96,-0.6000023,-1.5756361,3.0,356,0.3236151623535155,True,REGULAR,USD,SPY,call,2026-07-31,738.93,2026-07-25T14:32:03.104776+00:00,37.675,2.5700000000000003,0.06821499668214998,0.9500223295846698,-0.0512697898378164,0.01706230641882293,6.22774184287037,37.40894610714486,738.93,True,0.21670927033207193
SPY260731C00703000,2026-07-24 17:37:36+00:00,703.0,39.34,36.62,37.05,3.3400002,9.277778,3.0,241,0.2685620019531249,True,REGULAR,USD,SPY,call,2026-07-31,738.93,2026-07-25T14:32:03.104776+00:00,36.834999999999994,0.4299999999999997,0.011673679923985334,0.9513756377464713,-0.049846302052962685,0.01706230641882293,6.22774184287037,36.40962836655672,738.93,True,0.23127437483168672
SPY260731C00704000,2026-07-24 14:25:54+00:00,704.0,39.17,35.66,36.09,3.1699982,8.805551,2.0,220,0.2651440673828125,True,REGULAR,USD,SPY,call,2026-07-31,738.93,2026-07-25T14:32:03.104776+00:00,35.875,0.4300000000000068,0.011986062717770226,0.9527289459082728,-0.048424837705585144,0.01706230641882293,6.22774184287037,35.41031062596858,738.93,True,0.2300895057438722
SPY260731C00705000,2026-07-24 19:28:10+00:00,705.0,33.95,33.09,36.55,-0.61999893,-1.7934594,6.0,999,0.3307562042236328,True,REGULAR,USD,SPY,call,2026-07-31,738.93,2026-07-25T14:32:03.104776+00:00,34.82,3.4599999999999937,0.09936817920735191,0.9540822540700744,-0.04700539105135884,0.01706230641882293,6.22774184287037,34.41099288538044,738.93,True,0.21901937826348095
SPY260731C00706000,2026-07-24 13:39:00+00:00,706.0,34.73,32.14,35.59,1.4799995,4.4511266,1.0,405,0.3256903369140624,True,REGULAR,USD,SPY,call,2026-07-31,738.93,2026-07-25T14:32:03.104776+00:00,33.865,3.450000000000003,0.10187509227816337,0.9554355622318759,-0.045587956370385485,0.01706230641882293,6.22774184287037,33.41167514479241,738.93,True,0.21828401541886291
SPY260731C00707000,2026-07-23 18:22:13+00:00,707.0,32.37,31.19,34.64,0.0,0.0,3.0,263,0.3209906768798828,True,REGULAR,USD,SPY,call,2026-07-31,738.93,2026-07-25T14:32:03.104776+00:00,32.915,3.4499999999999993,0.10481543369284518,0.9567888703936774,-0.04417252796705476,0.01706230641882293,6.22774184287037,32.41235740420427,738.93,True,0.21761389170754888
SPY260731C00708000,2026-07-24 14:46:03+00:00,708.0,31.1,31.85,32.26,-10.67,-25.54465,1.0,375,0.2512281909179687,True,REGULAR,USD,SPY,call,2026-07-31,738.93,2026-07-25T14:32:03.104776+00:00,32.055,0.4099999999999966,0.012790516300109082,0.9581421785554789,-0.042759100169907825,0.01706230641882293,6.22774184287037,31.413039663616132,738.93,True,0.2240034524702039
SPY260731C00709000,2026-07-24 18:22:37+00:00,709.0,32.26,30.9,31.33,-8.610001,-21.0668,4.0,157,0.2487868090820312,True,REGULAR,USD,SPY,call,2026-07-31,738.93,2026-07-25T14:32:03.104776+00:00,31.115,0.4299999999999997,0.013819701108789965,0.9594954867172805,-0.04134766733150004,0.01706230641882293,6.22774184287037,30.413721923027992,738.93,True,0.22290007758382893
SPY260731C00710000,2026-07-24 20:01:21+00:00,710.0,30.31,29.97,30.39,0.34000015,1.1344683,42.0,1271,0.2457350817871093,True,REGULAR,USD,SPY,call,2026-07-31,738.93,2026-07-25T14:32:03.104776+00:00,30.18,0.4200000000000017,0.013916500994035842,0.960848794879082,-0.03993822382826639,0.01706230641882293,6.22774184287037,29.414404182439853,738.93,True,0.22179408917400167
SPY260731C00711000,2026-07-24 17:15:05+00:00,711.0,31.19,29.03,29.45,2.4400005,8.4869585,4.0,406,0.2424392163085937,True,REGULAR,USD,SPY,call,2026-07-31,738.93,2026-07-25T14:32:03.104776+00:00,29.240000000000002,0.41999999999999815,0.014363885088919224,0.9622021030408835,-0.038530764060386684,0.01706230641882293,6.22774184287037,28.415086441851827,738.93,True,0.21999091282425495
SPY260731C00712000,2026-07-24 20:08:02+00:00,712.0,28.08,28.1,28.52,-0.72999954,-2.533841,9.0,364,0.2395095581054687,True,REGULAR,USD,SPY,call,2026-07-31,738.93,2026-07-25T14:32:03.104776+00:00,28.310000000000002,0.41999999999999815,0.014835747085835328,0.9635554112026851,-0.037125282451651746,0.01706230641882293,6.22774184287037,27.415768701263687,738.93,True,0.21852980769529057
SPY260731C00713000,2026-07-24 19:35:34+00:00,713.0,27.14,27.18,27.59,0.6399994,2.415092,2.0,398,0.2363967962646484,True,REGULAR,USD,SPY,call,2026-07-31,738.93,2026-07-25T14:32:03.104776+00:00,27.384999999999998,0.41000000000000014,0.014971699835676472,0.9649087193644865,-0.03572177344933164,0.01706230641882293,6.22774184287037,26.416450960675547,738.93,True,0.21703489789193497
SPY260731C00714000,2026-07-24 19:58:42+00:00,714.0,26.3,26.26,26.67,0.5,1.9379845,23.0,428,0.2335281726074218,True,REGULAR,USD,SPY,call,2026-07-31,738.93,2026-07-25T14:32:03.104776+00:00,26.465000000000003,0.41000000000000014,0.015492159455885135,0.9662620275262881,-0.03432023152404314,0.01706230641882293,6.22774184287037,25.417133220087408,738.93,True,0.2154881215806192
SPY260731C00715000,2026-07-24 19:59:29+00:00,715.0,25.15,25.35,25.75,-0.14999962,-0.5928839,41.0,771,0.2304764453125,True,REGULAR,USD,SPY,call,2026-07-31,738.93,2026-07-25T14:32:03.104776+00:00,25.55,0.3999999999999986,0.01565557729941286,0.9676153356880896,-0.032920651169619945,0.01706230641882293,6.22774184287037,24.41781547949938,738.93,True,0.21387397224357707
SPY260731C00716000,2026-07-24 20:06:02+00:00,716.0,24.43,24.44,24.85,0.3899994,1.6222935,2.0,541,0.227974028930664,True,REGULAR,USD,SPY,call,2026-07-31,738.93,2026-07-25T14:32:03.104776+00:00,24.645000000000003,0.41000000000000014,0.0166362345303307,0.9689686438498911,-0.031523026902981935,0.01706230641882293,6.22774184287037,23.418497738911242,738.93,True,0.2124380291172399
SPY260731C00717000,2026-07-24 19:35:16+00:00,717.0,23.75,23.54,23.94,1.2999992,5.7906423,12.0,617,0.2248612670898437,True,REGULAR,USD,SPY,call,2026-07-31,738.93,2026-07-25T14:32:03.104776+00:00,23.740000000000002,0.40000000000000213,0.016849199663016096,0.9703219520116927,-0.030127353264007145,0.01706230641882293,6.22774184287037,22.419179998323102,738.93,True,0.21063851228240288
SPY260731C00718000,2026-07-24 19:01:32+00:00,718.0,21.3,22.66,23.05,-2.1200008,-9.052095,13.0,181,0.2223588507080077,True,REGULAR,USD,SPY,call,2026-07-31,738.93,2026-07-25T14:32:03.104776+00:00,22.855,0.39000000000000057,0.017064099759352466,0.9716752601734941,-0.02873362481540339,0.01706230641882293,6.22774184287037,21.419862257734962,738.93,True,0.20944295918056438
SPY260731C00719000,2026-07-24 17:14:10+00:00,719.0,23.98,21.78,22.15,0.72999954,3.1397831,6.0,1169,0.219185054321289,True,REGULAR,USD,SPY,call,2026-07-31,738.93,2026-07-25T14:32:03.104776+00:00,21.965,0.36999999999999744,0.016844980651035624,0.9730285683352957,-0.027341836142580837,0.01706230641882293,6.22774184287037,20.420544517146936,738.93,True,0.2076239101869377
SPY260731C00720000,2026-07-24 19:58:07+00:00,720.0,20.81,20.9,21.28,-1.3700008,-6.1767397,553.0,3610,0.2168657415771484,True,REGULAR,USD,SPY,call,2026-07-31,738.93,2026-07-25T14:32:03.104776+00:00,21.09,0.38000000000000256,0.01801801801801814,0.9743818764970972,-0.025951981853526596,0.01706230641882293,6.22774184287037,19.421226776558797,738.93,True,0.20609752808969722
SPY260731C00721000,2026-07-24 14:39:24+00:00,721.0,19.88,20.02,20.41,-0.9200001,-4.4230776,1.0,593,0.214302290649414,True,REGULAR,USD,SPY,call,2026-07-31,738.93,2026-07-25T14:32:03.104776+00:00,20.215,0.39000000000000057,0.019292604501607746,0.9757351846588987,-0.024564056578678467,0.01706230641882293,6.22774184287037,18.421909035970657,738.93,True,0.2041862554786406
SPY260731C00722000,2026-07-24 20:06:02+00:00,722.0,19.15,19.18,19.52,-0.09000015,-0.46777627,142.0,498,0.2107622869873046,True,REGULAR,USD,SPY,call,2026-07-31,738.93,2026-07-25T14:32:03.104776+00:00,19.35,0.33999999999999986,0.01757105943152454,0.9770884928207003,-0.02317805497080127,0.01706230641882293,6.22774184287037,17.422591295382517,738.93,True,0.20230779742986094
SPY260731C00723000,2026-07-24 19:12:25+00:00,723.0,18.22,18.33,18.7,-0.030000687,-0.16438733,9.0,174,0.2092974578857421,True,REGULAR,USD,SPY,call,2026-07-31,738.93,2026-07-25T14:32:03.104776+00:00,18.515,0.370000000000001,0.019983796921415123,0.9784418009825018,-0.02179397170486288,0.01706230641882293,6.22774184287037,16.42327355479449,738.93,True,0.2011928834590943
SPY260731C00724000,2026-07-24 19:42:40+00:00,724.0,17.18,17.51,17.85,-1.1800003,-6.4270167,17.0,15,0.206489868774414,True,REGULAR,USD,SPY,call,2026-07-31,738.93,2026-07-25T14:32:03.104776+00:00,17.68,0.33999999999999986,0.01923076923076922,0.9797951091443033,-0.020411801477911152,0.01706230641882293,6.22774184287037,15.423955814206352,738.93,True,0.19963605468674922
SPY260731C00725000,2026-07-24 19:58:58+00:00,725.0,16.67,16.65,17.02,-0.84000015,-4.7972593,79.0,2006,0.2040484869384765,True,REGULAR,USD,SPY,call,2026-07-31,738.93,2026-07-25T14:32:03.104776+00:00,16.835,0.370000000000001,0.021978021978022035,0.9811484173061048,-0.019031539008952807,0.01706230641882293,6.22774184287037,14.424638073618212,738.93,True,0.19731115793788967
SPY260731C00726000,2026-07-24 19:53:02+00:00,726.0,15.37,15.84,16.18,-0.42000008,-2.6599119,6.0,312,0.2009357250976562,True,REGULAR,USD,SPY,call,2026-07-31,738.93,2026-07-25T14:32:03.104776+00:00,16.009999999999998,0.33999999999999986,0.021236727045596496,0.9825017254679064,-0.01765317903883145,0.01706230641882293,6.22774184287037,13.425320333030072,738.93,True,0.19529071455231756
SPY260731C00727000,2026-07-24 19:09:53+00:00,727.0,14.57,15.02,15.37,-1.5500011,-9.615392,40.0,95,0.1984333087158203,True,REGULAR,USD,SPY,call,2026-07-31,738.93,2026-07-25T14:32:03.104776+00:00,15.195,0.34999999999999964,0.023033892727870986,0.9838550336297079,-0.016276716330108125,0.01706230641882293,6.22774184287037,12.426002592442046,738.93,True,0.19319163903542036
SPY260731C00728000,2026-07-24 20:01:01+00:00,728.0,14.5,14.23,14.56,0.60999966,4.391646,1079.0,443,0.1955646850585937,True,REGULAR,USD,SPY,call,2026-07-31,738.93,2026-07-25T14:32:03.104776+00:00,14.395,0.33000000000000007,0.022924626606460583,0.9852083417915094,-0.014902145666941587,0.01706230641882293,6.22774184287037,11.426684851853906,738.93,True,0.19115527294738988
SPY260731C00729000,2026-07-24 20:14:50+00:00,729.0,13.59,13.46,13.73,-1.1899996,-8.051418,411.0,262,0.1917805432128906,True,REGULAR,USD,SPY,call,2026-07-31,738.93,2026-07-25T14:32:03.104776+00:00,13.595,0.2699999999999996,0.019860242736300077,0.986561649953311,-0.013529461854969362,0.01706230641882293,6.22774184287037,10.427367111265767,738.93,True,0.18868746710634382
SPY260731C00730000,2026-07-24 20:11:02+00:00,730.0,12.56,12.74,13.01,-1.4199991,-10.157362,4646.0,2656,0.1906819213867187,True,REGULAR,USD,SPY,call,2026-07-31,738.93,2026-07-25T14:32:03.104776+00:00,12.875,0.2699999999999996,0.020970873786407735,0.9879149581151124,-0.012158659721190764,0.01706230641882293,6.22774184287037,9.428049370677627,738.93,True,0.18819880748786452
SPY260731C00731000,2026-07-24 20:08:51+00:00,731.0,11.88,11.95,12.25,-0.10999966,-0.9174284,362.0,377,0.1881184704589843,True,REGULAR,USD,SPY,call,2026-07-31,738.93,2026-07-25T14:32:03.104776+00:00,12.1,0.3000000000000007,0.024793388429752126,0.989268266276914,-0.010789734113849028,0.01706230641882293,6.22774184287037,8.428731630089487,738.93,True,0.18556420355329428
SPY260731C00732000,2026-07-24 20:08:02+00:00,732.0,11.17,11.19,11.51,-0.019999504,-0.17872658,2721.0,657,0.1856465713500976,True,REGULAR,USD,SPY,call,2026-07-31,738.93,2026-07-25T14:32:03.104776+00:00,11.35,0.3200000000000003,0.028193832599118968,0.9906215744387155,-0.009422679902316038,0.01706230641882293,6.22774184287037,7.429413889501461,738.93,True,0.18319846598939954
SPY260731C00733000,2026-07-24 20:13:15+00:00,733.0,10.58,10.47,10.77,-0.94000053,-8.159727,1049.0,687,0.1827474304199218,True,REGULAR,USD,SPY,call,2026-07-31,738.93,2026-07-25T14:32:03.104776+00:00,10.620000000000001,0.29999999999999893,0.028248587570621365,0.991974882600517,-0.008057491976976059,0.01706230641882293,6.22774184287037,6.4300961489133215,738.93,True,0.18091638416800027
SPY260731C00734000,2026-07-24 20:07:28+00:00,734.0,9.9,9.78,10.08,-1.1000004,-10.000003,1066.0,1226,0.1807332904052734,True,REGULAR,USD,SPY,call,2026-07-31,738.93,2026-07-25T14:32:03.104776+00:00,9.93,0.3000000000000007,0.030211480362537835,0.9933281907623186,-0.006694165249111924,0.01706230641882293,6.22774184287037,5.430778408325182,738.93,True,0.17923354543924352
SPY260731C00735000,2026-07-24 20:13:52+00:00,735.0,9.26,9.14,9.36,-1.3299999,-12.559017,4630.0,2486,0.1774374249267578,True,REGULAR,USD,SPY,call,2026-07-31,738.93,2026-07-25T14:32:03.104776+00:00,9.25,0.21999999999999886,0.023783783783783662,0.9946814989241201,-0.005332694650790894,0.01706230641882293,6.22774184287037,4.431460667737042,738.93,True,0.17728462586686722
SPY260731C00736000,2026-07-24 19:58:58+00:00,736.0,8.53,8.46,8.68,-1.2200003,-12.512824,1867.0,793,0.1747213876342773,True,REGULAR,USD,SPY,call,2026-07-31,738.93,2026-07-25T14:32:03.104776+00:00,8.57,0.21999999999999886,0.02567094515752612,0.9960348070859216,-0.003973075134751286,0.01706230641882293,6.22774184287037,3.432142927149016,738.93,True,0.17479196303127614
SPY260731C00737000,2026-07-24 20:11:15+00:00,737.0,7.71,7.82,8.03,-1.4399996,-15.7377,2721.0,1230,0.1722494885253906,True,REGULAR,USD,SPY,call,2026-07-31,738.93,2026-07-25T14:32:03.104776+00:00,7.925,0.20999999999999908,0.026498422712933636,0.9973881152477231,-0.0026153016742909863,0.01706230641882293,6.22774184287037,2.4328251865608763,738.93,True,0.17266895165588358
SPY260731C00738000,2026-07-24 20:14:35+00:00,738.0,7.29,7.24,7.26,-1.2200003,-14.336078,6881.0,2658,0.1662681030273438,True,REGULAR,USD,SPY,call,2026-07-31,738.93,2026-07-25T14:32:03.104776+00:00,7.25,0.019999999999999574,0.0027586206896551137,0.9987414234095247,-0.0012593692631550479,0.01706230641882293,6.22774184287037,1.4335074459727366,738.93,True,0.16918225729411318
SPY260731C00739000,2026-07-24 20:14:49+00:00,739.0,6.64,6.63,6.65,-1.1800003,-15.089518,5488.0,1793,0.1637046520996094,False,REGULAR,USD,SPY,call,2026-07-31,738.93,2026-07-25T14:32:03.104776+00:00,6.640000000000001,0.020000000000000462,0.0030120481927711534,1.0000947315713262,9.472708457427596e-05,0.01706230641882293,6.22774184287037,0.4341897053845969,738.93,True,0.16679286996231923
SPY260731C00740000,2026-07-24 20:14:57+00:00,740.0,6.05,6.03,6.06,-1.2999997,-17.687073,26177.0,7876,0.1610801666259765,False,REGULAR,USD,SPY,call,2026-07-31,738.93,2026-07-25T14:32:03.104776+00:00,6.045,0.02999999999999936,0.004962779156327438,1.0014480397331278,0.0014469923345879852,0.01706230641882293,6.22774184287037,0.0,738.93,True,0.16416127187075746
SPY260731C00741000,2026-07-24 20:14:31+00:00,741.0,5.47,5.48,5.5,-1.2800002,-18.962965,5452.0,1937,0.1585777502441406,False,REGULAR,USD,SPY,call,2026-07-31,738.93,2026-07-25T14:32:03.104776+00:00,5.49,0.019999999999999574,0.003642987249544549,1.0028013478949291,0.002797431432459259,0.01706230641882293,6.22774184287037,0.0,738.93,True,0.16190997753024927
SPY260731C00742000,2026-07-24 20:14:31+00:00,742.0,4.95,4.94,4.96,-1.1500001,-18.85246,5343.0,2018,0.1558922302246093,False,REGULAR,USD,SPY,call,2026-07-31,738.93,2026-07-25T14:32:03.104776+00:00,4.95,0.019999999999999574,0.0040404040404039545,1.0041546560567307,0.0041460493037528655,0.01706230641882293,6.22774184287037,0.0,738.93,True,0.15936228489199822
SPY260731C00743000,2026-07-24 20:14:23+00:00,743.0,4.47,4.42,4.44,-1.0600004,-19.16818,4618.0,1494,0.153054123840332,False,REGULAR,USD,SPY,call,2026-07-31,738.93,2026-07-25T14:32:03.104776+00:00,4.43,0.020000000000000462,0.004514672686230353,1.0055079642185323,0.005492850854131627,0.01706230641882293,6.22774184287037,0.0,738.93,True,0.1566173835738609
SPY260731C00744000,2026-07-24 20:14:58+00:00,744.0,3.96,3.94,3.96,-1.1300001,-22.200396,2196.0,1364,0.1505211901855469,False,REGULAR,USD,SPY,call,2026-07-31,738.93,2026-07-25T14:32:03.104776+00:00,3.95,0.020000000000000018,0.005063291139240511,1.0068612723803338,0.006837840969464374,0.01706230641882293,6.22774184287037,0.0,738.93,True,0.15418200521422426
SPY260731C00745000,2026-07-24 20:14:48+00:00,745.0,3.49,3.48,3.5,-1.0600002,-23.296707,9948.0,9246,0.1477746356201172,False,REGULAR,USD,SPY,call,2026-07-31,738.93,2026-07-25T14:32:03.104776+00:00,3.49,0.020000000000000018,0.005730659025787971,1.0082145805421354,0.008181024515932068,0.01706230641882293,6.22774184287037,0.0,738.93,True,0.1514971218032511
SPY260731C00746000,2026-07-24 20:14:25+00:00,746.0,3.1,3.05,3.08,-0.99000025,-24.205383,2750.0,2800,0.1452722192382812,False,REGULAR,USD,SPY,call,2026-07-31,738.93,2026-07-25T14:32:03.104776+00:00,3.065,0.03000000000000025,0.009787928221859787,1.0095678887039368,0.00952240634013323,0.01706230641882293,6.22774184287037,0.0,738.93,True,0.14895154792343362
SPY260731C00747000,2026-07-24 20:14:05+00:00,747.0,2.68,2.66,2.68,-0.96000004,-26.373629,3179.0,3637,0.1425256646728515,False,REGULAR,USD,SPY,call,2026-07-31,738.93,2026-07-25T14:32:03.104776+00:00,2.67,0.020000000000000018,0.007490636704119857,1.0109211968657383,0.010861991269189731,0.01706230641882293,6.22774184287037,0.0,738.93,True,0.14639402837879423
SPY260731C00748000,2026-07-24 20:14:19+00:00,748.0,2.34,2.3,2.31,-0.93000007,-28.440369,2635.0,6344,0.1397791101074219,False,REGULAR,USD,SPY,call,2026-07-31,738.93,2026-07-25T14:32:03.104776+00:00,2.3049999999999997,0.010000000000000231,0.004338394793926348,1.01227450502754,0.012199784110849713,0.01706230641882293,6.22774184287037,0.0,738.93,True,0.1438117729115202
SPY260731C00749000,2026-07-24 20:14:26+00:00,749.0,1.99,1.96,1.98,-0.8699999,-30.419577,2238.0,3813,0.1372766937255859,False,REGULAR,USD,SPY,call,2026-07-31,738.93,2026-07-25T14:32:03.104776+00:00,1.97,0.020000000000000018,0.0101522842639594,1.0136278131893415,0.013535789653591992,0.01706230641882293,6.22774184287037,0.0,738.93,True,0.14119544559674485
SPY260731C00750000,2026-07-24 20:14:52+00:00,750.0,1.68,1.66,1.68,-0.8000001,-32.258068,20594.0,16448,0.13477427734375,False,REGULAR,USD,SPY,call,2026-07-31,738.93,2026-07-25T14:32:03.104776+00:00,1.67,0.020000000000000018,0.011976047904191628,1.014981121351143,0.014870012666728685,0.01706230641882293,6.22774184287037,0.0,738.93,True,0.13871567109885546
SPY260731C00751000,2026-07-24 20:14:05+00:00,751.0,1.41,1.39,1.41,-0.7700001,-35.321106,3238.0,3143,0.132271860961914,False,REGULAR,USD,SPY,call,2026-07-31,738.93,2026-07-25T14:32:03.104776+00:00,1.4,0.020000000000000018,0.0142857142857143,1.0163344295129444,0.01620245790050713,0.01706230641882293,6.22774184287037,0.0,738.93,True,0.13622637732200427
SPY260731C00752000,2026-07-24 20:14:45+00:00,752.0,1.16,1.15,1.17,-0.72,-38.297874,2993.0,5715,0.1297694445800781,False,REGULAR,USD,SPY,call,2026-07-31,738.93,2026-07-25T14:32:03.104776+00:00,1.16,0.020000000000000018,0.017241379310344845,1.017687737674746,0.017533130086212254,0.01706230641882293,6.22774184287037,0.0,738.93,True,0.13375093056283827
SPY260731C00753000,2026-07-24 20:14:05+00:00,753.0,0.95,0.94,0.96,-0.65000004,-40.625004,3169.0,3820,0.1274501318359375,False,REGULAR,USD,SPY,call,2026-07-31,738.93,2026-07-25T14:32:03.104776+00:00,0.95,0.020000000000000018,0.02105263157894739,1.0190410458365475,0.018862033936266055,0.01706230641882293,6.22774184287037,0.0,738.93,True,0.13133428575304332
SPY260731C00754000,2026-07-24 20:14:05+00:00,754.0,0.77,0.76,0.77,-0.57000005,-42.537315,2210.0,3484,0.1246425427246093,False,REGULAR,USD,SPY,call,2026-07-31,738.93,2026-07-25T14:32:03.104776+00:00,0.765,0.010000000000000009,0.013071895424836612,1.020394353998349,0.02018917414432859,0.01706230641882293,6.22774184287037,0.0,738.93,True,0.12880472450650227
SPY260731C00755000,2026-07-24 20:14:20+00:00,755.0,0.61,0.6,0.62,-0.52,-46.017696,6170.0,34655,0.1226894372558593,False,REGULAR,USD,SPY,call,2026-07-31,738.93,2026-07-25T14:32:03.104776+00:00,0.61,0.020000000000000018,0.03278688524590167,1.0217476621601504,0.021514555385397052,0.01706230641882293,6.22774184287037,0.0,738.93,True,0.1264855350176538
SPY260731C00756000,2026-07-24 20:14:05+00:00,756.0,0.48,0.48,0.49,-0.44000003,-47.82609,3210.0,2837,0.1204921936035156,False,REGULAR,USD,SPY,call,2026-07-31,738.93,2026-07-25T14:32:03.104776+00:00,0.485,0.010000000000000009,0.020618556701030948,1.023100970321952,0.02283818231590539,0.01706230641882293,6.22774184287037,0.0,738.93,True,0.12458035209086396
SPY260731C00757000,2026-07-24 20:14:05+00:00,757.0,0.38,0.37,0.38,-0.38,-50.0,5169.0,4028,0.1182949499511718,False,REGULAR,USD,SPY,call,2026-07-31,738.93,2026-07-25T14:32:03.104776+00:00,0.375,0.010000000000000009,0.02666666666666669,1.0244542784837536,0.024160059573821214,0.01706230641882293,6.22774184287037,0.0,738.93,True,0.1223009312321511
SPY260731C00758000,2026-07-24 20:14:05+00:00,758.0,0.29,0.28,0.29,-0.34,-53.968258,3939.0,5577,0.1160977062988281,False,REGULAR,USD,SPY,call,2026-07-31,738.93,2026-07-25T14:32:03.104776+00:00,0.28500000000000003,0.009999999999999953,0.035087719298245446,1.0258075866455552,0.025480191778744138,0.01706230641882293,6.22774184287037,0.0,738.93,True,0.12006079820839083
SPY260731C00759000,2026-07-24 20:14:05+00:00,759.0,0.22,0.22,0.23,-0.27,-55.102043,6346.0,3168,0.11524322265625,False,REGULAR,USD,SPY,call,2026-07-31,738.93,2026-07-25T14:32:03.104776+00:00,0.225,0.010000000000000009,0.04444444444444448,1.0271608948073567,0.026798583532002453,0.01706230641882293,6.22774184287037,0.0,738.93,True,0.11917481608636374
SPY260731C00760000,2026-07-24 20:14:05+00:00,760.0,0.17,0.16,0.17,-0.21999998,-56.41025,13741.0,18176,0.1130459790039062,False,REGULAR,USD,SPY,call,2026-07-31,738.93,2026-07-25T14:32:03.104776+00:00,0.165,0.010000000000000009,0.060606060606060656,1.028514202969158,0.028115239416749118,0.01706230641882293,6.22774184287037,0.0,738.93,True,0.11693522905035364
SPY260731C00761000,2026-07-24 20:14:23+00:00,761.0,0.12,0.12,0.13,-0.19999999,-62.5,4613.0,6533,0.1120694262695312,False,REGULAR,USD,SPY,call,2026-07-31,738.93,2026-07-25T14:32:03.104776+00:00,0.125,0.010000000000000009,0.08000000000000007,1.0298675111309596,0.029430163998058236,0.01706230641882293,6.22774184287037,0.0,738.93,True,0.11577368143929632
SPY260731C00762000,2026-07-24 20:14:09+00:00,762.0,0.09,0.09,0.1,-0.14999999,-62.5,12903.0,3202,0.1113370117187499,False,REGULAR,USD,SPY,call,2026-07-31,738.93,2026-07-25T14:32:03.104776+00:00,0.095,0.010000000000000009,0.10526315789473693,1.0312208192927612,0.030743361823018716,0.01706230641882293,6.22774184287037,0.0,738.93,True,0.11492965655501747
SPY260731C00763000,2026-07-24 20:14:09+00:00,763.0,0.07,0.07,0.08,-0.12,-63.15789,2222.0,2266,0.1113370117187499,False,REGULAR,USD,SPY,call,2026-07-31,738.93,2026-07-25T14:32:03.104776+00:00,0.07500000000000001,0.009999999999999995,0.13333333333333325,1.0325741274545628,0.03205483742082949,0.01706230641882293,6.22774184287037,0.0,738.93,True,0.1149354354104372
SPY260731C00764000,2026-07-24 20:14:09+00:00,764.0,0.05,0.05,0.06,-0.10000001,-66.66667,2425.0,2285,0.1108487353515624,False,REGULAR,USD,SPY,call,2026-07-31,738.93,2026-07-25T14:32:03.104776+00:00,0.055,0.009999999999999995,0.18181818181818174,1.0339274356163644,0.03336459530289303,0.01706230641882293,6.22774184287037,0.0,738.93,True,0.11386345540177358
SPY260731C00765000,2026-07-24 20:14:09+00:00,765.0,0.04,0.04,0.05,-0.08,-66.66667,3672.0,12816,0.1113370117187499,False,REGULAR,USD,SPY,call,2026-07-31,738.93,2026-07-25T14:32:03.104776+00:00,0.045,0.010000000000000002,0.22222222222222227,1.0352807437781657,0.0346726399629082,0.01706230641882293,6.22774184287037,0.0,738.93,True,0.11464124463779293
SPY260731C00766000,2026-07-24 20:14:19+00:00,766.0,0.03,0.03,0.04,-0.049999997,-62.5,1579.0,2753,0.1118252880859374,False,REGULAR,USD,SPY,call,2026-07-31,738.93,2026-07-25T14:32:03.104776+00:00,0.035,0.010000000000000002,0.28571428571428575,1.0366340519399673,0.035978975876963706,0.01706230641882293,6.22774184287037,0.0,738.93,True,0.1147059342908878
SPY260731C00767000,2026-07-24 20:14:19+00:00,767.0,0.03,0.03,0.04,-0.03,-50.0,874.0,1741,0.11524322265625,False,REGULAR,USD,SPY,call,2026-07-31,738.93,2026-07-25T14:32:03.104776+00:00,0.035,0.010000000000000002,0.28571428571428575,1.0379873601017688,0.037283607503628635,0.01706230641882293,6.22774184287037,0.0,738.93,True,0.11840017821247599
SPY260731C00768000,2026-07-24 20:14:19+00:00,768.0,0.02,0.02,0.03,-0.030000001,-60.000004,265.0,2137,0.1147549462890625,False,REGULAR,USD,SPY,call,2026-07-31,738.93,2026-07-25T14:32:03.104776+00:00,0.025,0.009999999999999998,0.3999999999999999,1.0393406682635704,0.03858653928404466,0.01706230641882293,6.22774184287037,0.0,738.93,True,0.11726159468320946
SPY260731C00769000,2026-07-24 20:14:19+00:00,769.0,0.02,0.02,0.03,-0.02,-50.0,259.0,1325,0.118172880859375,False,REGULAR,USD,SPY,call,2026-07-31,738.93,2026-07-25T14:32:03.104776+00:00,0.025,0.009999999999999998,0.3999999999999999,1.040693976425372,0.03988777564201651,0.01706230641882293,6.22774184287037,0.0,738.93,True,0.12080514598575051
SPY260731C00770000,2026-07-24 20:14:21+00:00,770.0,0.02,0.02,0.03,-0.01,-33.333336,2365.0,9503,0.1211025390625,False,REGULAR,USD,SPY,call,2026-07-31,738.93,2026-07-25T14:32:03.104776+00:00,0.025,0.009999999999999998,0.3999999999999999,1.0420472845871733,0.041187320984101904,0.01706230641882293,6.22774184287037,0.0,738.93,True,0.12433275304900293
SPY260731P00595000,2026-07-24 17:18:35+00:00,595.0,0.03,0.03,0.04,-0.03,-50.0,1.0,3096,0.55273884765625,False,REGULAR,USD,SPY,put,2026-07-31,738.93,2026-07-25T14:32:03.104776+00:00,0.035,0.010000000000000002,0.28571428571428575,0.8052183562719067,-0.21664178831799777,0.01706230641882293,6.22774184287037,0.0,594.5940556499271,True,0.5879101785731167
SPY260731P00600000,2026-07-24 19:00:35+00:00,600.0,0.05,0.03,0.04,0.010000002,25.000006,41.0,11796,0.53320779296875,False,REGULAR,USD,SPY,put,2026-07-31,738.93,2026-07-25T14:32:03.104776+00:00,0.035,0.010000000000000002,0.28571428571428575,0.8119848970809144,-0.20827353864748116,0.01706230641882293,6.22774184287037,0.0,599.5906443528677,True,0.5671532004576102
SPY260731P00605000,2026-07-24 17:48:08+00:00,605.0,0.05,0.03,0.04,0.0,0.0,14.0,1484,0.5136767382812499,False,REGULAR,USD,SPY,put,2026-07-31,738.93,2026-07-25T14:32:03.104776+00:00,0.035,0.010000000000000002,0.28571428571428575,0.818751437889922,-0.19997473583278605,0.01706230641882293,6.22774184287037,0.0,604.5872330558082,True,0.5465178530460225
SPY260731P00610000,2026-07-24 13:57:05+00:00,610.0,0.05,0.04,0.05,-0.02,-28.571426,52.0,1035,0.507817421875,False,REGULAR,USD,SPY,put,2026-07-31,738.93,2026-07-25T14:32:03.104776+00:00,0.045,0.010000000000000002,0.22222222222222227,0.8255179786989296,-0.19174423669627058,0.01706230641882293,6.22774184287037,0.0,609.5838217587487,True,0.5391121264254377
SPY260731P00615000,2026-07-24 19:48:07+00:00,615.0,0.05,0.04,0.05,-0.02,-28.571426,78.0,736,0.492192578125,False,REGULAR,USD,SPY,put,2026-07-31,738.93,2026-07-25T14:32:03.104776+00:00,0.045,0.010000000000000002,0.22222222222222227,0.8322845195079372,-0.18358092605710963,0.01706230641882293,6.22774184287037,0.0,614.5804104616893,True,0.5182738624918759
SPY260731P00620000,2026-07-24 19:48:06+00:00,620.0,0.05,0.04,0.05,-0.02,-28.571426,57.0,2548,0.4726615234375,False,REGULAR,USD,SPY,put,2026-07-31,738.93,2026-07-25T14:32:03.104776+00:00,0.045,0.010000000000000002,0.22222222222222227,0.8390510603169449,-0.17548371582449027,0.01706230641882293,6.22774184287037,0.0,619.5769991646299,True,0.4975434270644374
SPY260731P00621000,2026-07-22 17:41:40+00:00,621.0,0.04,0.04,0.05,0.0,0.0,22.0,1082,0.4687553125,False,REGULAR,USD,SPY,put,2026-07-31,738.93,2026-07-25T14:32:03.104776+00:00,0.045,0.010000000000000002,0.22222222222222227,0.8404043684787463,-0.17387211193014881,0.01706230641882293,6.22774184287037,0.0,620.576316905218,True,0.49340982714953263
SPY260731P00622000,2026-07-24 16:58:50+00:00,622.0,0.05,0.04,0.05,0.0,0.0,25.0,746,0.4648491015625,False,REGULAR,USD,SPY,put,2026-07-31,738.93,2026-07-25T14:32:03.104776+00:00,0.045,0.010000000000000002,0.22222222222222227,0.8417576766405479,-0.17226310112444806,0.01706230641882293,6.22774184287037,0.0,621.5756346458061,True,0.48928030642668907
SPY260731P00623000,2026-07-23 15:02:16+00:00,623.0,0.07,0.05,0.06,0.0,0.0,1.0,950,0.469731865234375,False,REGULAR,USD,SPY,put,2026-07-31,738.93,2026-07-25T14:32:03.104776+00:00,0.055,0.009999999999999995,0.18181818181818174,0.8431109848023494,-0.17065667507617446,0.01706230641882293,6.22774184287037,0.0,622.5749523863942,True,0.49530134292027345
SPY260731P00624000,2026-07-24 20:07:01+00:00,624.0,0.05,0.05,0.06,-0.029999997,-37.499996,4.0,345,0.465825654296875,False,REGULAR,USD,SPY,put,2026-07-31,738.93,2026-07-25T14:32:03.104776+00:00,0.055,0.009999999999999995,0.18181818181818174,0.8444642929641509,-0.16905282549419987,0.01706230641882293,6.22774184287037,0.0,623.5742701269824,True,0.491107449193947
SPY260731P00625000,2026-07-24 19:28:26+00:00,625.0,0.07,0.05,0.06,-0.020000003,-22.222225,925.0,3451,0.461919443359375,False,REGULAR,USD,SPY,put,2026-07-31,738.93,2026-07-25T14:32:03.104776+00:00,0.055,0.009999999999999995,0.18181818181818174,0.8458176011259525,-0.167451544127226,0.01706230641882293,6.22774184287037,0.0,624.5735878675705,True,0.4869174856480994
SPY260731P00626000,2026-07-24 19:28:32+00:00,626.0,0.07,0.05,0.06,-0.009999998,-12.499998,751.0,877,0.4580132324218751,False,REGULAR,USD,SPY,put,2026-07-31,738.93,2026-07-25T14:32:03.104776+00:00,0.055,0.009999999999999995,0.18181818181818174,0.847170909287754,-0.16585282276352903,0.01706230641882293,6.22774184287037,0.0,625.5729056081585,True,0.48273139640338714
SPY260731P00627000,2026-07-24 19:29:53+00:00,627.0,0.07,0.05,0.06,-0.009999998,-12.499998,101.0,653,0.45313046875,False,REGULAR,USD,SPY,put,2026-07-31,738.93,2026-07-25T14:32:03.104776+00:00,0.055,0.009999999999999995,0.18181818181818174,0.8485242174495555,-0.16425665323070682,0.01706230641882293,6.22774184287037,0.0,626.5722233487467,True,0.47854916283336285
SPY260731P00628000,2026-07-24 15:44:56+00:00,628.0,0.04,0.05,0.06,-0.04,-50.0,125.0,188,0.4492242578124999,False,REGULAR,USD,SPY,put,2026-07-31,738.93,2026-07-25T14:32:03.104776+00:00,0.055,0.009999999999999995,0.18181818181818174,0.849877525611357,-0.1626630273954289,0.01706230641882293,6.22774184287037,0.0,627.5715410893348,True,0.47437072905868305
SPY260731P00629000,2026-07-24 15:44:12+00:00,629.0,0.05,0.05,0.06,-0.05,-50.0,7.0,377,0.445318046875,False,REGULAR,USD,SPY,put,2026-07-31,738.93,2026-07-25T14:32:03.104776+00:00,0.055,0.009999999999999995,0.18181818181818174,0.8512308337731586,-0.16107193716318702,0.01706230641882293,6.22774184287037,0.0,628.5708588299229,True,0.4701960205735565
SPY260731P00630000,2026-07-24 19:32:07+00:00,630.0,0.08,0.05,0.06,0.0,0.0,29.0,152456,0.4414118359375,False,REGULAR,USD,SPY,put,2026-07-31,738.93,2026-07-25T14:32:03.104776+00:00,0.055,0.009999999999999995,0.18181818181818174,0.85258414193496,-0.15948337447804922,0.01706230641882293,6.22774184287037,0.0,629.570176570511,True,0.46602503737798334
SPY260731P00631000,2026-07-23 17:44:35+00:00,631.0,0.09,0.05,0.06,0.0,0.0,515.0,2312,0.437505625,False,REGULAR,USD,SPY,put,2026-07-31,738.93,2026-07-25T14:32:03.104776+00:00,0.055,0.009999999999999995,0.18181818181818174,0.8539374500967616,-0.1578973313224144,0.01706230641882293,6.22774184287037,0.0,630.5694943110991,True,0.46185770496617273
SPY260731P00632000,2026-07-24 19:41:54+00:00,632.0,0.07,0.05,0.06,-0.020000003,-22.222225,527.0,1444,0.4335994140625,False,REGULAR,USD,SPY,put,2026-07-31,738.93,2026-07-25T14:32:03.104776+00:00,0.055,0.009999999999999995,0.18181818181818174,0.8552907582585632,-0.1563137997167701,0.01706230641882293,6.22774184287037,0.0,631.5688120516872,True,0.4576939674587808
SPY260731P00633000,2026-07-24 19:52:59+00:00,633.0,0.06,0.05,0.06,-0.030000005,-33.333336,10.0,435,0.429693203125,False,REGULAR,USD,SPY,put,2026-07-31,738.93,2026-07-25T14:32:03.104776+00:00,0.055,0.009999999999999995,0.18181818181818174,0.8566440664203646,-0.15473277171945138,0.01706230641882293,6.22774184287037,0.0,632.5681297922754,True,0.4535337876029127
SPY260731P00634000,2026-07-24 19:52:59+00:00,634.0,0.06,0.06,0.07,-0.030000005,-33.333336,26.0,872,0.4335994140625,False,REGULAR,USD,SPY,put,2026-07-31,738.93,2026-07-25T14:32:03.104776+00:00,0.065,0.010000000000000009,0.15384615384615397,0.8579973745821662,-0.1531542394264016,0.01706230641882293,6.22774184287037,0.0,633.5674475328635,True,0.4575544367385581
SPY260731P00635000,2026-07-24 19:51:16+00:00,635.0,0.06,0.06,0.07,-0.05,-45.454548,28.0,845,0.429693203125,False,REGULAR,USD,SPY,put,2026-07-31,738.93,2026-07-25T14:32:03.104776+00:00,0.065,0.010000000000000009,0.15384615384615397,0.8593506827439676,-0.15157819497093594,0.01706230641882293,6.22774184287037,0.0,634.5667652734516,True,0.45333838685261263
SPY260731P00636000,2026-07-24 19:59:54+00:00,636.0,0.06,0.06,0.07,-0.030000005,-33.333336,33.0,415,0.4257869921875,False,REGULAR,USD,SPY,put,2026-07-31,738.93,2026-07-25T14:32:03.104776+00:00,0.065,0.010000000000000009,0.15384615384615397,0.8607039909057692,-0.1500046305235054,0.01706230641882293,6.22774184287037,0.0,635.5660830140397,True,0.449125726980161
SPY260731P00637000,2026-07-23 19:54:16+00:00,637.0,0.1,0.06,0.07,0.0,0.0,100.0,882,0.42188078125,False,REGULAR,USD,SPY,put,2026-07-31,738.93,2026-07-25T14:32:03.104776+00:00,0.065,0.010000000000000009,0.15384615384615397,0.8620572990675708,-0.14843353829146413,0.01706230641882293,6.22774184287037,0.0,636.5654007546278,True,0.4449163919286355
SPY260731P00638000,2026-07-23 16:34:39+00:00,638.0,0.1,0.06,0.07,0.0,0.0,2.0,286,0.4179745703124999,False,REGULAR,USD,SPY,put,2026-07-31,738.93,2026-07-25T14:32:03.104776+00:00,0.065,0.010000000000000009,0.15384615384615397,0.8634106072293722,-0.14686491051883768,0.01706230641882293,6.22774184287037,0.0,637.564718495216,True,0.4407103537583649
SPY260731P00639000,2026-07-24 19:28:56+00:00,639.0,0.09,0.06,0.07,-0.029999994,-24.999996,8.0,495,0.4130918066406249,False,REGULAR,USD,SPY,put,2026-07-31,738.93,2026-07-25T14:32:03.104776+00:00,0.065,0.010000000000000009,0.15384615384615397,0.8647639153911738,-0.1452987394860927,0.01706230641882293,6.22774184287037,0.0,638.564036235804,True,0.43650752865033404
SPY260731P00640000,2026-07-24 19:48:58+00:00,640.0,0.07,0.06,0.07,-0.020000003,-22.222225,686.0,2555,0.4091855957031249,False,REGULAR,USD,SPY,put,2026-07-31,738.93,2026-07-25T14:32:03.104776+00:00,0.065,0.010000000000000009,0.15384615384615397,0.8661172235529753,-0.14373501750991005,0.01706230641882293,6.22774184287037,0.0,639.5633539763921,True,0.4323078886648715
SPY260731P00641000,2026-07-24 13:52:19+00:00,641.0,0.08,0.06,0.07,-0.04,-33.333336,25.0,264,0.405279384765625,False,REGULAR,USD,SPY,put,2026-07-31,738.93,2026-07-25T14:32:03.104776+00:00,0.065,0.010000000000000009,0.15384615384615397,0.8674705317147768,-0.14217373694295748,0.01706230641882293,6.22774184287037,0.0,640.5626717169803,True,0.4281113592961858
SPY260731P00642000,2026-07-20 18:46:31+00:00,642.0,0.13,0.07,0.08,0.0,0.0,3.0,382,0.407232490234375,False,REGULAR,USD,SPY,put,2026-07-31,738.93,2026-07-25T14:32:03.104776+00:00,0.07500000000000001,0.009999999999999995,0.13333333333333325,0.8688238398765784,-0.14061489017366632,0.01706230641882293,6.22774184287037,0.0,641.5619894575684,True,0.4307808365975879
SPY260731P00643000,2026-07-23 19:51:05+00:00,643.0,0.12,0.07,0.08,0.0,0.0,417.0,526,0.403326279296875,False,REGULAR,USD,SPY,put,2026-07-31,738.93,2026-07-25T14:32:03.104776+00:00,0.07500000000000001,0.009999999999999995,0.13333333333333325,0.8701771480383799,-0.13905846962600818,0.01706230641882293,6.22774184287037,0.0,642.5613071981564,True,0.4265344349150062
SPY260731P00644000,2026-07-24 13:59:31+00:00,644.0,0.09,0.07,0.08,-0.029999994,-24.999996,1.0,2076,0.399420068359375,False,REGULAR,USD,SPY,put,2026-07-31,738.93,2026-07-25T14:32:03.104776+00:00,0.07500000000000001,0.009999999999999995,0.13333333333333325,0.8715304562001814,-0.13750446775927389,0.01706230641882293,6.22774184287037,0.0,643.5606249387446,True,0.4222909575847238
SPY260731P00645000,2026-07-24 16:38:30+00:00,645.0,0.07,0.07,0.08,-0.049999997,-41.666664,24.0,17823,0.395513857421875,False,REGULAR,USD,SPY,put,2026-07-31,738.93,2026-07-25T14:32:03.104776+00:00,0.07500000000000001,0.009999999999999995,0.13333333333333325,0.8728837643619829,-0.13595287706785508,0.01706230641882293,6.22774184287037,0.0,644.5599426793327,True,0.4180503301009499
SPY260731P00646000,2026-07-23 20:06:54+00:00,646.0,0.11,0.07,0.08,0.0,0.0,20.0,244,0.3916076464843749,False,REGULAR,USD,SPY,put,2026-07-31,738.93,2026-07-25T14:32:03.104776+00:00,0.07500000000000001,0.009999999999999995,0.13333333333333325,0.8742370725237845,-0.13440369008102568,0.01706230641882293,6.22774184287037,0.0,645.5592604199209,True,0.41381249658434094
SPY260731P00647000,2026-07-23 17:14:37+00:00,647.0,0.13,0.07,0.08,0.0,0.0,7.0,435,0.387701435546875,False,REGULAR,USD,SPY,put,2026-07-31,738.93,2026-07-25T14:32:03.104776+00:00,0.07500000000000001,0.009999999999999995,0.13333333333333325,0.8755903806855859,-0.13285689936272704,0.01706230641882293,6.22774184287037,0.0,646.5585781605089,True,0.40957740115555374
SPY260731P00648000,2026-07-24 18:41:35+00:00,648.0,0.1,0.08,0.09,-0.019999996,-16.666664,8.0,859,0.38867798828125,False,REGULAR,USD,SPY,put,2026-07-31,738.93,2026-07-25T14:32:03.104776+00:00,0.08499999999999999,0.009999999999999995,0.11764705882352937,0.8769436888473875,-0.13131249751135285,0.01706230641882293,6.22774184287037,0.0,647.557895901097,True,0.41127701794817495
SPY260731P00649000,2026-07-23 18:48:10+00:00,649.0,0.09,0.08,0.09,-0.03999999,-30.769226,1.0,747,0.3847717773437499,False,REGULAR,USD,SPY,put,2026-07-31,738.93,2026-07-25T14:32:03.104776+00:00,0.08499999999999999,0.009999999999999995,0.11764705882352937,0.8782969970091891,-0.12977047715953752,0.01706230641882293,6.22774184287037,0.0,648.5572136416852,True,0.40699652055295554
SPY260731P00650000,2026-07-24 19:46:46+00:00,650.0,0.09,0.08,0.09,-0.049999997,-35.714283,52.0,8695,0.3808655664062499,False,REGULAR,USD,SPY,put,2026-07-31,738.93,2026-07-25T14:32:03.104776+00:00,0.08499999999999999,0.009999999999999995,0.11764705882352937,0.8796503051709905,-0.12823083097394478,0.01706230641882293,6.22774184287037,0.0,649.5565313822733,True,0.4027185284149609
SPY260731P00651000,2026-07-24 20:06:46+00:00,651.0,0.09,0.08,0.09,-0.03999999,-30.769226,252.0,924,0.37695935546875,False,REGULAR,USD,SPY,put,2026-07-31,738.93,2026-07-25T14:32:03.104776+00:00,0.08499999999999999,0.009999999999999995,0.11764705882352937,0.8810036133327921,-0.12669355165505827,0.01706230641882293,6.22774184287037,0.0,650.5558491228614,True,0.3984429763416238
SPY260731P00652000,2026-07-24 13:33:44+00:00,652.0,0.1,0.08,0.09,0.0,0.0,1.0,892,0.372076591796875,False,REGULAR,USD,SPY,put,2026-07-31,738.93,2026-07-25T14:32:03.104776+00:00,0.08499999999999999,0.009999999999999995,0.11764705882352937,0.8823569214945935,-0.12515863193697466,0.01706230641882293,6.22774184287037,0.0,651.5551668634495,True,0.39416978051392915
SPY260731P00653000,2026-07-23 17:14:37+00:00,653.0,0.16,0.08,0.09,0.0,0.0,2.0,382,0.368170380859375,False,REGULAR,USD,SPY,put,2026-07-31,738.93,2026-07-25T14:32:03.104776+00:00,0.08499999999999999,0.009999999999999995,0.11764705882352937,0.8837102296563951,-0.12362606458719648,0.01706230641882293,6.22774184287037,0.0,652.5544846040376,True,0.3898988757393098
SPY260731P00654000,2026-07-23 13:57:11+00:00,654.0,0.14,0.09,0.1,0.0,0.0,1.0,207,0.36914693359375,False,REGULAR,USD,SPY,put,2026-07-31,738.93,2026-07-25T14:32:03.104776+00:00,0.095,0.010000000000000009,0.10526315789473693,0.8850635378181967,-0.12209584240642879,0.01706230641882293,6.22774184287037,0.0,653.5538023446258,True,0.390808041968042
SPY260731P00655000,2026-07-24 19:01:07+00:00,655.0,0.11,0.09,0.1,-0.009999998,-8.333332,1014.0,2290,0.36524072265625,False,REGULAR,USD,SPY,put,2026-07-31,738.93,2026-07-25T14:32:03.104776+00:00,0.095,0.010000000000000009,0.10526315789473693,0.8864168459799981,-0.12056795822837565,0.01706230641882293,6.22774184287037,0.0,654.5531200852139,True,0.38649496691567825
SPY260731P00656000,2026-07-24 20:07:22+00:00,656.0,0.1,0.09,0.1,-0.050000004,-33.333336,5.0,311,0.36133451171875,False,REGULAR,USD,SPY,put,2026-07-31,738.93,2026-07-25T14:32:03.104776+00:00,0.095,0.010000000000000009,0.10526315789473693,0.8877701541417997,-0.11904240491953848,0.01706230641882293,6.22774184287037,0.0,655.5524378258019,True,0.38218391283289715
SPY260731P00657000,2026-07-23 16:24:15+00:00,657.0,0.15,0.09,0.1,0.0,0.0,2.0,324,0.3564517480468749,False,REGULAR,USD,SPY,put,2026-07-31,738.93,2026-07-25T14:32:03.104776+00:00,0.095,0.010000000000000009,0.10526315789473693,0.8891234623036012,-0.11751917537901707,0.01706230641882293,6.22774184287037,0.0,656.55175556639,True,0.3778748052139078
SPY260731P00658000,2026-07-24 20:13:02+00:00,658.0,0.11,0.1,0.11,-0.07000001,-38.888893,16.0,250,0.3569400244140625,False,REGULAR,USD,SPY,put,2026-07-31,738.93,2026-07-25T14:32:03.104776+00:00,0.10500000000000001,0.009999999999999995,0.09523809523809518,0.8904767704654027,-0.11599826253831033,0.01706230641882293,6.22774184287037,0.0,657.5510733069782,True,0.37820429776168235
SPY260731P00659000,2026-07-23 18:06:32+00:00,659.0,0.08,0.1,0.11,-0.10000001,-55.555557,12.0,1066,0.352545537109375,False,REGULAR,USD,SPY,put,2026-07-31,738.93,2026-07-25T14:32:03.104776+00:00,0.10500000000000001,0.009999999999999995,0.09523809523809518,0.8918300786272043,-0.11447965936112027,0.01706230641882293,6.22774184287037,0.0,658.5503910475663,True,0.37385569276020303
SPY260731P00660000,2026-07-24 19:54:23+00:00,660.0,0.11,0.1,0.11,-0.049999997,-31.25,1061.0,5435,0.348639326171875,False,REGULAR,USD,SPY,put,2026-07-31,738.93,2026-07-25T14:32:03.104776+00:00,0.10500000000000001,0.009999999999999995,0.09523809523809518,0.8931833867890058,-0.11296335884315634,0.01706230641882293,6.22774184287037,0.0,659.5497087881544,True,0.3695087455125749
SPY260731P00661000,2026-07-24 19:54:39+00:00,661.0,0.11,0.1,0.11,-0.08,-42.105263,157.0,354,0.344733115234375,False,REGULAR,USD,SPY,put,2026-07-31,738.93,2026-07-25T14:32:03.104776+00:00,0.10500000000000001,0.009999999999999995,0.09523809523809518,0.8945366949508073,-0.11144935401194123,0.01706230641882293,6.22774184287037,0.0,660.5490265287425,True,0.3651633628865591
SPY260731P00662000,2026-07-24 19:46:24+00:00,662.0,0.12,0.11,0.12,-0.11000001,-47.82609,21.0,410,0.3442448388671875,False,REGULAR,USD,SPY,put,2026-07-31,738.93,2026-07-25T14:32:03.104776+00:00,0.11499999999999999,0.009999999999999995,0.0869565217391304,0.8958900031126088,-0.10993763792661937,0.01706230641882293,6.22774184287037,0.0,661.5483442693306,True,0.3649982161440448
SPY260731P00663000,2026-07-24 14:19:43+00:00,663.0,0.13,0.11,0.12,-0.060000002,-31.578949,13.0,377,0.3398503515625,False,REGULAR,USD,SPY,put,2026-07-31,738.93,2026-07-25T14:32:03.104776+00:00,0.11499999999999999,0.009999999999999995,0.0869565217391304,0.8972433112744104,-0.10842820367776503,0.01706230641882293,6.22774184287037,0.0,662.5476620099188,True,0.36061533382206223
SPY260731P00664000,2026-07-24 19:48:00+00:00,664.0,0.12,0.11,0.12,-0.080000006,-40.000004,3.0,878,0.335944140625,False,REGULAR,USD,SPY,put,2026-07-31,738.93,2026-07-25T14:32:03.104776+00:00,0.11499999999999999,0.009999999999999995,0.0869565217391304,0.8985966194362118,-0.10692104438719376,0.01706230641882293,6.22774184287037,0.0,663.5469797505068,True,0.356233694815468
SPY260731P00665000,2026-07-24 19:58:16+00:00,665.0,0.11,0.12,0.13,-0.099999994,-47.619045,109.0,4494,0.3354558642578125,False,REGULAR,USD,SPY,put,2026-07-31,738.93,2026-07-25T14:32:03.104776+00:00,0.125,0.010000000000000009,0.08000000000000007,0.8999499275980134,-0.10541615320777341,0.01706230641882293,6.22774184287037,0.0,664.546297491095,True,0.3556756185006965
SPY260731P00666000,2026-07-24 20:03:42+00:00,666.0,0.14,0.12,0.13,-0.06999999,-33.333332,81.0,698,0.331061376953125,False,REGULAR,USD,SPY,put,2026-07-31,738.93,2026-07-25T14:32:03.104776+00:00,0.125,0.010000000000000009,0.08000000000000007,0.901303235759815,-0.10391352332323836,0.01706230641882293,6.22774184287037,0.0,665.5456152316831,True,0.3512581887747179
SPY260731P00667000,2026-07-24 15:51:52+00:00,667.0,0.11,0.12,0.13,0.019999996,22.222216,41.0,390,0.327155166015625,False,REGULAR,USD,SPY,put,2026-07-31,738.93,2026-07-25T14:32:03.104776+00:00,0.125,0.010000000000000009,0.08000000000000007,0.9026565439216164,-0.10241314794800385,0.01706230641882293,6.22774184287037,0.0,666.5449329722712,True,0.34684162983517247
SPY260731P00668000,2026-07-24 19:39:52+00:00,668.0,0.15,0.13,0.14,-0.06999999,-31.818178,13.0,416,0.32617861328125,False,REGULAR,USD,SPY,put,2026-07-31,738.93,2026-07-25T14:32:03.104776+00:00,0.135,0.010000000000000009,0.07407407407407414,0.904009852083418,-0.1009150203269818,0.01706230641882293,6.22774184287037,0.0,667.5442507128593,True,0.34593784664984506
SPY260731P00669000,2026-07-24 18:38:04+00:00,669.0,0.17,0.13,0.14,-0.060000002,-26.086956,22.0,552,0.3217841259765625,False,REGULAR,USD,SPY,put,2026-07-31,738.93,2026-07-25T14:32:03.104776+00:00,0.135,0.010000000000000009,0.07407407407407414,0.9053631602452195,-0.09941913373539915,0.01706230641882293,6.22774184287037,0.0,668.5435684534474,True,0.3414867822158113
SPY260731P00670000,2026-07-24 20:14:39+00:00,670.0,0.14,0.14,0.15,-0.060000002,-30.000002,6653.0,8407,0.3203192968749999,False,REGULAR,USD,SPY,put,2026-07-31,738.93,2026-07-25T14:32:03.104776+00:00,0.14500000000000002,0.009999999999999981,0.06896551724137917,0.906716468407021,-0.09792548147861581,0.01706230641882293,6.22774184287037,0.0,669.5428861940355,True,0.3403086221416518
SPY260731P00671000,2026-07-23 17:45:28+00:00,671.0,0.25,0.14,0.15,0.0,0.0,8.0,591,0.3164130859374999,False,REGULAR,USD,SPY,put,2026-07-31,738.93,2026-07-25T14:32:03.104776+00:00,0.14500000000000002,0.009999999999999981,0.06896551724137917,0.9080697765688226,-0.0964340568919457,0.01706230641882293,6.22774184287037,0.0,670.5422039346237,True,0.33582428155868216
SPY260731P00672000,2026-07-23 18:17:15+00:00,672.0,0.25,0.14,0.15,0.0,0.0,56.0,455,0.3120185986328124,False,REGULAR,USD,SPY,put,2026-07-31,738.93,2026-07-25T14:32:03.104776+00:00,0.14500000000000002,0.009999999999999981,0.06896551724137917,0.909423084730624,-0.09494485334047802,0.01706230641882293,6.22774184287037,0.0,671.5415216752118,True,0.3313401179269663
SPY260731P00673000,2026-07-24 18:24:59+00:00,673.0,0.15,0.15,0.16,-0.15,-50.0,2.0,159,0.3105537695312499,False,REGULAR,USD,SPY,put,2026-07-31,738.93,2026-07-25T14:32:03.104776+00:00,0.155,0.010000000000000009,0.06451612903225812,0.9107763928924256,-0.0934578642188997,0.01706230641882293,6.22774184287037,0.0,672.5408394157998,True,0.3298830687070033
SPY260731P00674000,2026-07-24 15:41:36+00:00,674.0,0.12,0.15,0.16,-0.13,-52.0,3.0,312,0.3061592822265625,False,REGULAR,USD,SPY,put,2026-07-31,738.93,2026-07-25T14:32:03.104776+00:00,0.155,0.010000000000000009,0.06451612903225812,0.9121297010542271,-0.09197308295132055,0.01706230641882293,6.22774184287037,0.0,673.540157156388,True,0.32536626222557574
SPY260731P00675000,2026-07-24 19:21:39+00:00,675.0,0.21,0.16,0.17,-0.060000017,-22.222229,139.0,7510,0.304694453125,False,REGULAR,USD,SPY,put,2026-07-31,738.93,2026-07-25T14:32:03.104776+00:00,0.165,0.010000000000000009,0.060606060606060656,0.9134830092160287,-0.09049050299109772,0.01706230641882293,6.22774184287037,0.0,674.5394748969761,True,0.323686929634573
SPY260731P00676000,2026-07-24 19:31:43+00:00,676.0,0.19,0.17,0.18,-0.099999994,-34.482758,22.0,444,0.30274134765625,False,REGULAR,USD,SPY,put,2026-07-31,738.93,2026-07-25T14:32:03.104776+00:00,0.175,0.009999999999999981,0.05714285714285704,0.9148363173778302,-0.0890101178206634,0.01706230641882293,6.22774184287037,0.0,675.5387926375643,True,0.32183489727648623
SPY260731P00677000,2026-07-24 19:29:40+00:00,677.0,0.21,0.17,0.18,-0.07000001,-25.000004,77.0,567,0.2983468603515624,False,REGULAR,USD,SPY,put,2026-07-31,738.93,2026-07-25T14:32:03.104776+00:00,0.175,0.009999999999999981,0.05714285714285704,0.9161896255396317,-0.08753192095135257,0.01706230641882293,6.22774184287037,0.0,676.5381103781523,True,0.31725558043635255
SPY260731P00678000,2026-07-24 19:29:36+00:00,678.0,0.22,0.18,0.19,-0.08000001,-26.666672,32.0,705,0.2963937548828125,False,REGULAR,USD,SPY,put,2026-07-31,738.93,2026-07-25T14:32:03.104776+00:00,0.185,0.010000000000000009,0.054054054054054106,0.9175429337014332,-0.08605590592323194,0.01706230641882293,6.22774184287037,0.0,677.5374281187404,True,0.3152155420277296
SPY260731P00679000,2026-07-24 19:49:45+00:00,679.0,0.19,0.18,0.19,-0.21000001,-52.500004,113.0,779,0.2919992675781249,False,REGULAR,USD,SPY,put,2026-07-31,738.93,2026-07-25T14:32:03.104776+00:00,0.185,0.010000000000000009,0.054054054054054106,0.9188962418632347,-0.08458206630493145,0.01706230641882293,6.22774184287037,0.0,678.5367458593286,True,0.3106054868921684
SPY260731P00680000,2026-07-24 20:09:19+00:00,680.0,0.2,0.19,0.2,-0.07000001,-25.925928,352.0,11654,0.2900461621093749,False,REGULAR,USD,SPY,put,2026-07-31,738.93,2026-07-25T14:32:03.104776+00:00,0.195,0.010000000000000009,0.05128205128205133,0.9202495500250363,-0.08311039569347514,0.01706230641882293,6.22774184287037,0.0,679.5360635999167,True,0.3083910863059982
SPY260731P00681000,2026-07-24 19:53:55+00:00,681.0,0.21,0.2,0.21,-0.09000002,-30.000004,5.0,21706,0.2876047802734374,False,REGULAR,USD,SPY,put,2026-07-31,738.93,2026-07-25T14:32:03.104776+00:00,0.20500000000000002,0.009999999999999981,0.04878048780487795,0.9216028581868377,-0.08164088771411523,0.01706230641882293,6.22774184287037,0.0,680.5353813405047,True,0.306042547356234
SPY260731P00682000,2026-07-24 19:42:02+00:00,682.0,0.22,0.21,0.22,-0.09,-29.03226,39.0,15992,0.2851633984374999,False,REGULAR,USD,SPY,put,2026-07-31,738.93,2026-07-25T14:32:03.104776+00:00,0.215,0.010000000000000009,0.046511627906976785,0.9229561663486393,-0.08017353602016546,0.01706230641882293,6.22774184287037,0.0,681.5346990810929,True,0.303568861960535
SPY260731P00683000,2026-07-24 19:59:34+00:00,683.0,0.21,0.21,0.22,-0.09000002,-30.000004,41.0,618,0.2807689111328124,False,REGULAR,USD,SPY,put,2026-07-31,738.93,2026-07-25T14:32:03.104776+00:00,0.215,0.010000000000000009,0.046511627906976785,0.9243094745104409,-0.07870833429283744,0.01706230641882293,6.22774184287037,0.0,682.534016821681,True,0.29887160710975247
SPY260731P00684000,2026-07-24 19:56:01+00:00,684.0,0.23,0.22,0.23,-0.17,-42.5,252.0,1296,0.278327529296875,False,REGULAR,USD,SPY,put,2026-07-31,738.93,2026-07-25T14:32:03.104776+00:00,0.225,0.010000000000000009,0.04444444444444448,0.9256627826722423,-0.07724527624107712,0.01706230641882293,6.22774184287037,0.0,683.5333345622691,True,0.2962531266940307
SPY260731P00685000,2026-07-24 20:11:12+00:00,685.0,0.24,0.23,0.24,-0.12000002,-33.333336,3281.0,5968,0.2756420092773437,False,REGULAR,USD,SPY,put,2026-07-31,738.93,2026-07-25T14:32:03.104776+00:00,0.235,0.009999999999999981,0.042553191489361625,0.9270160908340439,-0.07578435560140223,0.01706230641882293,6.22774184287037,0.0,684.5326523028572,True,0.293524692028834
SPY260731P00686000,2026-07-24 20:13:37+00:00,686.0,0.25,0.24,0.25,-0.13,-34.210526,330.0,1118,0.2729564892578124,False,REGULAR,USD,SPY,put,2026-07-31,738.93,2026-07-25T14:32:03.104776+00:00,0.245,0.010000000000000009,0.04081632653061228,0.9283693989958454,-0.07432556613774237,0.01706230641882293,6.22774184287037,0.0,685.5319700434453,True,0.2906923194567915
SPY260731P00687000,2026-07-24 20:09:17+00:00,687.0,0.28,0.25,0.26,-0.19999999,-41.666664,742.0,1680,0.2700268310546875,False,REGULAR,USD,SPY,put,2026-07-31,738.93,2026-07-25T14:32:03.104776+00:00,0.255,0.010000000000000009,0.03921568627450984,0.9297227071576469,-0.07286890164127821,0.01706230641882293,6.22774184287037,0.0,686.5312877840335,True,0.28776134545518833
SPY260731P00688000,2026-07-24 19:51:14+00:00,688.0,0.27,0.27,0.28,-0.22,-44.897957,401.0,599,0.2688061401367187,False,REGULAR,USD,SPY,put,2026-07-31,738.93,2026-07-25T14:32:03.104776+00:00,0.275,0.010000000000000009,0.03636363636363639,0.9310760153194485,-0.07141435593028383,0.01706230641882293,6.22774184287037,0.0,687.5306055246216,True,0.2864790123152799
SPY260731P00689000,2026-07-24 19:58:56+00:00,689.0,0.26,0.28,0.29,-0.26,-50.0,189.0,654,0.2658764819335937,False,REGULAR,USD,SPY,put,2026-07-31,738.93,2026-07-25T14:32:03.104776+00:00,0.28500000000000003,0.009999999999999953,0.035087719298245446,0.93242932348125,-0.069961922849969,0.01706230641882293,6.22774184287037,0.0,688.5299232652096,True,0.2833044765543691
SPY260731P00690000,2026-07-24 20:09:19+00:00,690.0,0.31,0.29,0.3,-0.109999985,-26.190475,403.0,7754,0.262702685546875,False,REGULAR,USD,SPY,put,2026-07-31,738.93,2026-07-25T14:32:03.104776+00:00,0.295,0.010000000000000009,0.0338983050847458,0.9337826316430515,-0.06851159627232245,0.01706230641882293,6.22774184287037,0.0,689.5292410057978,True,0.2800473627655893
SPY260731P00691000,2026-07-24 20:00:41+00:00,691.0,0.29,0.31,0.32,-0.28,-49.122807,86.0,881,0.2609937182617187,False,REGULAR,USD,SPY,put,2026-07-31,738.93,2026-07-25T14:32:03.104776+00:00,0.315,0.010000000000000009,0.03174603174603177,0.935135939804853,-0.06706337009595768,0.01706230641882293,6.22774184287037,0.0,690.5285587463859,True,0.2782519175558188
SPY260731P00692000,2026-07-24 19:52:19+00:00,692.0,0.34,0.32,0.33,-0.16,-32.0,162.0,717,0.2575757836914062,False,REGULAR,USD,SPY,put,2026-07-31,738.93,2026-07-25T14:32:03.104776+00:00,0.325,0.010000000000000009,0.030769230769230795,0.9364892479666546,-0.06561723824595797,0.01706230641882293,6.22774184287037,0.0,691.527876486974,True,0.2747896124901315
SPY260731P00693000,2026-07-24 19:52:46+00:00,693.0,0.36,0.34,0.35,-0.18,-33.333336,584.0,827,0.2556226782226563,False,REGULAR,USD,SPY,put,2026-07-31,738.93,2026-07-25T14:32:03.104776+00:00,0.345,0.009999999999999953,0.02898550724637668,0.9378425561284561,-0.06417319467372426,0.01706230641882293,6.22774184287037,0.0,692.5271942275622,True,0.27267557586114205
SPY260731P00694000,2026-07-24 19:33:16+00:00,694.0,0.39,0.36,0.37,-0.24000001,-38.095238,1516.0,1060,0.2534254345703125,False,REGULAR,USD,SPY,put,2026-07-31,738.93,2026-07-25T14:32:03.104776+00:00,0.365,0.010000000000000009,0.02739726027397263,0.9391958642902576,-0.06273123335682305,0.01706230641882293,6.22774184287037,0.0,693.5265119681502,True,0.27038323988920865
SPY260731P00695000,2026-07-24 20:13:24+00:00,695.0,0.36,0.37,0.38,-0.37,-50.68493,1651.0,13387,0.2497633618164062,False,REGULAR,USD,SPY,put,2026-07-31,738.93,2026-07-25T14:32:03.104776+00:00,0.375,0.010000000000000009,0.02666666666666669,0.9405491724520592,-0.061291348298835376,0.01706230641882293,6.22774184287037,0.0,694.5258297087383,True,0.2666301457059006
SPY260731P00696000,2026-07-24 20:12:27+00:00,696.0,0.39,0.4,0.41,-0.32,-45.070423,440.0,1091,0.2485426708984375,False,REGULAR,USD,SPY,put,2026-07-31,738.93,2026-07-25T14:32:03.104776+00:00,0.405,0.009999999999999953,0.024691358024691242,0.9419024806138606,-0.059853533529207935,0.01706230641882293,6.22774184287037,0.0,695.5251474493265,True,0.265311600423227
SPY260731P00697000,2026-07-24 20:13:41+00:00,697.0,0.42,0.42,0.43,-0.19000003,-31.147545,1610.0,1274,0.2458571508789062,False,REGULAR,USD,SPY,put,2026-07-31,738.93,2026-07-25T14:32:03.104776+00:00,0.425,0.010000000000000009,0.023529411764705903,0.9432557887756622,-0.058417783103103645,0.01706230641882293,6.22774184287037,0.0,696.5244651899146,True,0.2625521340960506
SPY260731P00698000,2026-07-24 20:13:55+00:00,698.0,0.44,0.44,0.45,-0.42000002,-48.83721,470.0,1197,0.243171630859375,False,REGULAR,USD,SPY,put,2026-07-31,738.93,2026-07-25T14:32:03.104776+00:00,0.445,0.010000000000000009,0.02247191011235957,0.9446090969374636,-0.05698409110125513,0.01706230641882293,6.22774184287037,0.0,697.5237829305026,True,0.2596545899115773
SPY260731P00699000,2026-07-24 20:10:05+00:00,699.0,0.48,0.47,0.48,-0.19000003,-28.358212,974.0,2178,0.241218525390625,False,REGULAR,USD,SPY,put,2026-07-31,738.93,2026-07-25T14:32:03.104776+00:00,0.475,0.010000000000000009,0.02105263157894739,0.9459624050992652,-0.0555524516298173,0.01706230641882293,6.22774184287037,0.0,698.5231006710908,True,0.2577105289316857
SPY260731P00700000,2026-07-24 20:13:54+00:00,700.0,0.5,0.49,0.5,-0.14999998,-23.07692,11299.0,39830,0.2381667980957031,False,REGULAR,USD,SPY,put,2026-07-31,738.93,2026-07-25T14:32:03.104776+00:00,0.495,0.010000000000000009,0.02020202020202022,0.9473157132610668,-0.05412285882022283,0.01706230641882293,6.22774184287037,0.0,699.5224184116789,True,0.2545166822010526
SPY260731P00701000,2026-07-24 20:10:05+00:00,701.0,0.54,0.53,0.54,-0.20999998,-27.999996,967.0,1297,0.2368240380859375,False,REGULAR,USD,SPY,put,2026-07-31,738.93,2026-07-25T14:32:03.104776+00:00,0.535,0.010000000000000009,0.018691588785046745,0.9486690214228682,-0.05269530682903748,0.01706230641882293,6.22774184287037,0.0,700.5217361522671,True,0.2531881007554916
SPY260731P00702000,2026-07-24 20:10:05+00:00,702.0,0.57,0.56,0.57,-0.22000003,-27.848104,321.0,4652,0.23438265625,False,REGULAR,USD,SPY,put,2026-07-31,738.93,2026-07-25T14:32:03.104776+00:00,0.565,0.009999999999999898,0.017699115044247607,0.9500223295846698,-0.0512697898378164,0.01706230641882293,6.22774184287037,0.0,701.5210538928551,True,0.2506387291175971
SPY260731P00703000,2026-07-24 20:10:05+00:00,703.0,0.61,0.59,0.6,-0.20999998,-25.609753,522.0,11342,0.2316971362304687,False,REGULAR,USD,SPY,put,2026-07-31,738.93,2026-07-25T14:32:03.104776+00:00,0.595,0.010000000000000009,0.016806722689075647,0.9513756377464713,-0.049846302052962685,0.01706230641882293,6.22774184287037,0.0,702.5203716334432,True,0.24791296152689035
SPY260731P00704000,2026-07-24 20:14:50+00:00,704.0,0.63,0.63,0.64,-0.23000002,-26.744186,614.0,7916,0.2297440307617187,False,REGULAR,USD,SPY,put,2026-07-31,738.93,2026-07-25T14:32:03.104776+00:00,0.635,0.010000000000000009,0.015748031496063006,0.9527289459082728,-0.048424837705585144,0.01706230641882293,6.22774184287037,0.0,703.5196893740314,True,0.24588066007900844
SPY260731P00705000,2026-07-24 20:14:39+00:00,705.0,0.67,0.67,0.68,-0.18,-21.176472,2574.0,18054,0.2275467871093749,False,REGULAR,USD,SPY,put,2026-07-31,738.93,2026-07-25T14:32:03.104776+00:00,0.675,0.010000000000000009,0.014814814814814828,0.9540822540700744,-0.04700539105135884,0.01706230641882293,6.22774184287037,0.0,704.5190071146195,True,0.24361711593871094
SPY260731P00706000,2026-07-24 20:10:05+00:00,706.0,0.73,0.72,0.73,-0.27999997,-27.72277,5881.0,4210,0.2259598889160156,False,REGULAR,USD,SPY,put,2026-07-31,738.93,2026-07-25T14:32:03.104776+00:00,0.725,0.010000000000000009,0.013793103448275874,0.9554355622318759,-0.045587956370385485,0.01706230641882293,6.22774184287037,0.0,705.5183248552075,True,0.241917089364239
SPY260731P00707000,2026-07-24 20:12:48+00:00,707.0,0.75,0.76,0.78,-0.25,-25.0,4981.0,2634,0.2240067834472655,False,REGULAR,USD,SPY,put,2026-07-31,738.93,2026-07-25T14:32:03.104776+00:00,0.77,0.020000000000000018,0.025974025974025997,0.9567888703936774,-0.04417252796705476,0.01706230641882293,6.22774184287037,0.0,706.5176425957957,True,0.2395743700152489
SPY260731P00708000,2026-07-24 20:13:55+00:00,708.0,0.82,0.82,0.83,-0.43,-34.4,1487.0,2004,0.2219316088867187,False,REGULAR,USD,SPY,put,2026-07-31,738.93,2026-07-25T14:32:03.104776+00:00,0.825,0.010000000000000009,0.012121212121212133,0.9581421785554789,-0.042759100169907825,0.01706230641882293,6.22774184287037,0.0,707.5169603363838,True,0.23772022355534062
SPY260731P00709000,2026-07-24 20:11:00+00:00,709.0,0.9,0.87,0.88,-0.21000004,-18.918922,2878.0,877,0.2194902270507812,False,REGULAR,USD,SPY,put,2026-07-31,738.93,2026-07-25T14:32:03.104776+00:00,0.875,0.010000000000000009,0.011428571428571439,0.9594954867172805,-0.04134766733150004,0.01706230641882293,6.22774184287037,0.0,708.516278076972,True,0.2352600865720862
SPY260731P00710000,2026-07-24 20:14:16+00:00,710.0,0.91,0.93,0.94,-0.24999994,-21.55172,6055.0,40981,0.2175371215820312,False,REGULAR,USD,SPY,put,2026-07-31,738.93,2026-07-25T14:32:03.104776+00:00,0.935,0.009999999999999898,0.010695187165775291,0.960848794879082,-0.03993822382826639,0.01706230641882293,6.22774184287037,0.0,709.5155958175601,True,0.23322457904688249
SPY260731P00711000,2026-07-24 20:13:24+00:00,711.0,0.97,0.99,1.01,-0.31999993,-24.806196,1094.0,2073,0.215828154296875,False,REGULAR,USD,SPY,put,2026-07-31,738.93,2026-07-25T14:32:03.104776+00:00,1.0,0.020000000000000018,0.020000000000000018,0.9622021030408835,-0.038530764060386684,0.01706230641882293,6.22774184287037,0.0,710.5149135581481,True,0.23123298919305443
SPY260731P00712000,2026-07-24 20:10:05+00:00,712.0,1.08,1.07,1.08,-0.24000001,-18.181818,2185.0,2632,0.2139971179199218,False,REGULAR,USD,SPY,put,2026-07-31,738.93,2026-07-25T14:32:03.104776+00:00,1.0750000000000002,0.010000000000000009,0.009302325581395356,0.9635554112026851,-0.037125282451651746,0.01706230641882293,6.22774184287037,0.0,711.5142312987363,True,0.2295546018942758
SPY260731P00713000,2026-07-24 20:14:22+00:00,713.0,1.13,1.14,1.15,-0.27999997,-19.858154,1676.0,2769,0.2117388397216796,False,REGULAR,USD,SPY,put,2026-07-31,738.93,2026-07-25T14:32:03.104776+00:00,1.145,0.010000000000000009,0.00873362445414848,0.9649087193644865,-0.03572177344933164,0.01706230641882293,6.22774184287037,0.0,712.5135490393244,True,0.2272880984770893
SPY260731P00714000,2026-07-24 20:14:22+00:00,714.0,1.21,1.22,1.23,-0.3399999,-21.93548,1262.0,9715,0.2098467687988281,False,REGULAR,USD,SPY,put,2026-07-31,738.93,2026-07-25T14:32:03.104776+00:00,1.225,0.010000000000000009,0.008163265306122455,0.9662620275262881,-0.03432023152404314,0.01706230641882293,6.22774184287037,0.0,713.5128667799125,True,0.22529460756143607
SPY260731P00715000,2026-07-24 20:14:55+00:00,715.0,1.31,1.31,1.32,-0.2800001,-17.61007,33834.0,45502,0.2080157324218749,False,REGULAR,USD,SPY,put,2026-07-31,738.93,2026-07-25T14:32:03.104776+00:00,1.315,0.010000000000000009,0.0076045627376425924,0.9676153356880896,-0.032920651169619945,0.01706230641882293,6.22774184287037,0.0,714.5121845205006,True,0.22352032199632893
SPY260731P00716000,2026-07-24 20:14:42+00:00,716.0,1.4,1.4,1.41,-0.27999997,-16.666666,20149.0,23583,0.2060626269531249,False,REGULAR,USD,SPY,put,2026-07-31,738.93,2026-07-25T14:32:03.104776+00:00,1.4049999999999998,0.010000000000000009,0.007117437722419936,0.9689686438498911,-0.031523026902981935,0.01706230641882293,6.22774184287037,0.0,715.5115022610887,True,0.22142685478643914
SPY260731P00717000,2026-07-24 20:13:53+00:00,717.0,1.48,1.5,1.51,-0.39999998,-21.276594,1528.0,4637,0.2041095214843749,False,REGULAR,USD,SPY,put,2026-07-31,738.93,2026-07-25T14:32:03.104776+00:00,1.505,0.010000000000000009,0.006644518272425255,0.9703219520116927,-0.030127353264007145,0.01706230641882293,6.22774184287037,0.0,716.5108200016768,True,0.21950363680159884
SPY260731P00718000,2026-07-24 20:11:52+00:00,718.0,1.58,1.61,1.62,-0.30999994,-16.402113,14323.0,5192,0.2024005541992187,False,REGULAR,USD,SPY,put,2026-07-31,738.93,2026-07-25T14:32:03.104776+00:00,1.6150000000000002,0.010000000000000009,0.0061919504643962895,0.9716752601734941,-0.02873362481540339,0.01706230641882293,6.22774184287037,0.0,717.510137742265,True,0.21770941395246313
SPY260731P00719000,2026-07-24 20:12:09+00:00,719.0,1.7,1.72,1.74,-0.38999987,-18.660282,2365.0,1874,0.2006915869140624,False,REGULAR,USD,SPY,put,2026-07-31,738.93,2026-07-25T14:32:03.104776+00:00,1.73,0.020000000000000018,0.011560693641618507,0.9730285683352957,-0.027341836142580837,0.01706230641882293,6.22774184287037,0.0,718.509455482853,True,0.2157916476960536
SPY260731P00720000,2026-07-24 20:14:58+00:00,720.0,1.85,1.85,1.86,-0.30000007,-13.95349,9212.0,54221,0.198677446899414,False,REGULAR,USD,SPY,put,2026-07-31,738.93,2026-07-25T14:32:03.104776+00:00,1.855,0.010000000000000009,0.005390835579514829,0.9743818764970972,-0.025951981853526596,0.01706230641882293,6.22774184287037,0.0,719.5087732234412,True,0.21395095069558623
SPY260731P00721000,2026-07-24 20:14:11+00:00,721.0,1.96,1.98,2.0,-0.3399999,-14.782604,1081.0,2529,0.1970905487060547,False,REGULAR,USD,SPY,put,2026-07-31,738.93,2026-07-25T14:32:03.104776+00:00,1.99,0.020000000000000018,0.010050251256281416,0.9757351846588987,-0.024564056578678467,0.01706230641882293,6.22774184287037,0.0,720.5080909640293,True,0.2121568838429505
SPY260731P00722000,2026-07-24 20:14:51+00:00,722.0,2.12,2.11,2.14,-0.31000018,-12.757209,13835.0,1347,0.1951374432373047,False,REGULAR,USD,SPY,put,2026-07-31,738.93,2026-07-25T14:32:03.104776+00:00,2.125,0.03000000000000025,0.014117647058823646,0.9770884928207003,-0.02317805497080127,0.01706230641882293,6.22774184287037,0.0,721.5074087046174,True,0.20999890858783157
SPY260731P00723000,2026-07-24 20:13:52+00:00,723.0,2.23,2.26,2.29,-0.3399999,-13.2295685,1959.0,1966,0.1931843377685547,False,REGULAR,USD,SPY,put,2026-07-31,738.93,2026-07-25T14:32:03.104776+00:00,2.275,0.03000000000000025,0.013186813186813296,0.9784418009825018,-0.02179397170486288,0.01706230641882293,6.22774184287037,0.0,722.5067264452055,True,0.20804899657503517
SPY260731P00724000,2026-07-24 20:10:05+00:00,724.0,2.45,2.43,2.45,-0.31999993,-11.552344,6371.0,16622,0.1912312322998047,False,REGULAR,USD,SPY,put,2026-07-31,738.93,2026-07-25T14:32:03.104776+00:00,2.4400000000000004,0.020000000000000018,0.008196721311475415,0.9797951091443033,-0.020411801477911152,0.01706230641882293,6.22774184287037,0.0,723.5060441857936,True,0.20626308053952697
SPY260731P00725000,2026-07-24 20:14:42+00:00,725.0,2.6,2.6,2.62,-0.35000014,-11.864411,23967.0,42032,0.1892170922851562,False,REGULAR,USD,SPY,put,2026-07-31,738.93,2026-07-25T14:32:03.104776+00:00,2.6100000000000003,0.020000000000000018,0.007662835249042151,0.9811484173061048,-0.019031539008952807,0.01706230641882293,6.22774184287037,0.0,724.5053619263817,True,0.20425738289774487
SPY260731P00726000,2026-07-24 20:13:48+00:00,726.0,2.72,2.78,2.8,-0.48000002,-15.000001,3841.0,1481,0.1871419177246094,False,REGULAR,USD,SPY,put,2026-07-31,738.93,2026-07-25T14:32:03.104776+00:00,2.79,0.020000000000000018,0.007168458781362013,0.9825017254679064,-0.01765317903883145,0.01706230641882293,6.22774184287037,0.0,725.5046796669699,True,0.20219738042957452
SPY260731P00727000,2026-07-24 20:14:33+00:00,727.0,2.96,2.97,3.0,-0.38999987,-11.641788,1719.0,2289,0.1853108813476562,False,REGULAR,USD,SPY,put,2026-07-31,738.93,2026-07-25T14:32:03.104776+00:00,2.9850000000000003,0.029999999999999805,0.010050251256281341,0.9838550336297079,-0.016276716330108125,0.01706230641882293,6.22774184287037,0.0,726.5039974075579,True,0.20022670749451232
SPY260731P00728000,2026-07-24 20:14:15+00:00,728.0,3.14,3.18,3.2,-0.4699998,-13.019384,1581.0,2096,0.1831136376953124,False,REGULAR,USD,SPY,put,2026-07-31,738.93,2026-07-25T14:32:03.104776+00:00,3.1900000000000004,0.020000000000000018,0.006269592476489033,0.9852083417915094,-0.014902145666941587,0.01706230641882293,6.22774184287037,0.0,727.503315148146,True,0.19815730565513762
SPY260731P00729000,2026-07-24 20:14:37+00:00,729.0,3.38,3.39,3.42,-0.41999984,-11.052628,3442.0,1777,0.1810384631347656,False,REGULAR,USD,SPY,put,2026-07-31,738.93,2026-07-25T14:32:03.104776+00:00,3.4050000000000002,0.029999999999999805,0.008810572687224611,0.986561649953311,-0.013529461854969362,0.01706230641882293,6.22774184287037,0.0,728.5026328887342,True,0.1959740124008913
SPY260731P00730000,2026-07-24 20:14:51+00:00,730.0,3.62,3.63,3.66,-0.3800001,-9.500003,20074.0,32759,0.179146392211914,False,REGULAR,USD,SPY,put,2026-07-31,738.93,2026-07-25T14:32:03.104776+00:00,3.645,0.03000000000000025,0.008230452674897188,0.9879149581151124,-0.012158659721190764,0.01706230641882293,6.22774184287037,0.0,729.5019506293223,True,0.19410773895933375
SPY260731P00731000,2026-07-24 20:14:43+00:00,731.0,3.86,3.87,3.91,-0.4100001,-9.601875,2292.0,1926,0.1770712176513671,False,REGULAR,USD,SPY,put,2026-07-31,738.93,2026-07-25T14:32:03.104776+00:00,3.89,0.040000000000000036,0.010282776349614406,0.989268266276914,-0.010789734113849028,0.01706230641882293,6.22774184287037,0.0,730.5012683699105,True,0.19193116577819597
SPY260731P00732000,2026-07-24 20:14:22+00:00,732.0,4.1,4.14,4.17,-0.4000001,-8.888891,1998.0,2316,0.1748434567260742,False,REGULAR,USD,SPY,put,2026-07-31,738.93,2026-07-25T14:32:03.104776+00:00,4.154999999999999,0.03000000000000025,0.007220216606498256,0.9906215744387155,-0.009422679902316038,0.01706230641882293,6.22774184287037,0.0,731.5005861104985,True,0.18986713475861944
SPY260731P00733000,2026-07-24 20:13:47+00:00,733.0,4.34,4.42,4.45,-0.44000006,-9.205022,2072.0,2064,0.1726767303466797,False,REGULAR,USD,SPY,put,2026-07-31,738.93,2026-07-25T14:32:03.104776+00:00,4.4350000000000005,0.03000000000000025,0.006764374295377733,0.991974882600517,-0.008057491976976059,0.01706230641882293,6.22774184287037,0.0,732.4999038510866,True,0.18774534399763226
SPY260731P00734000,2026-07-24 20:14:39+00:00,734.0,4.71,4.71,4.75,-0.48999977,-9.423073,3354.0,7637,0.1705405212402344,False,REGULAR,USD,SPY,put,2026-07-31,738.93,2026-07-25T14:32:03.104776+00:00,4.73,0.040000000000000036,0.008456659619450324,0.9933281907623186,-0.006694165249111924,0.01706230641882293,6.22774184287037,0.0,733.4992215916748,True,0.18554485591275283
SPY260731P00735000,2026-07-24 20:14:58+00:00,735.0,5.03,5.02,5.04,-0.33999968,-6.3314652,14225.0,21939,0.1676718975830078,False,REGULAR,USD,SPY,put,2026-07-31,738.93,2026-07-25T14:32:03.104776+00:00,5.029999999999999,0.020000000000000462,0.003976143141153174,0.9946814989241201,-0.005332694650790894,0.01706230641882293,6.22774184287037,0.0,734.4985393322629,True,0.18297615526076483
SPY260731P00736000,2026-07-24 20:13:50+00:00,736.0,5.28,5.35,5.38,-0.42999983,-7.5306454,5500.0,2857,0.1655356884765625,False,REGULAR,USD,SPY,put,2026-07-31,738.93,2026-07-25T14:32:03.104776+00:00,5.365,0.03000000000000025,0.005591798695247017,0.9960348070859216,-0.003973075134751286,0.01706230641882293,6.22774184287037,0.0,735.4978570728509,True,0.1808249795321955
SPY260731P00737000,2026-07-24 20:13:43+00:00,737.0,5.62,5.7,5.73,-0.4300003,-7.107443,7661.0,2095,0.1631553411865234,False,REGULAR,USD,SPY,put,2026-07-31,738.93,2026-07-25T14:32:03.104776+00:00,5.715,0.03000000000000025,0.005249343832021041,0.9973881152477231,-0.0026153016742909863,0.01706230641882293,6.22774184287037,0.0,736.4971748134391,True,0.17852583704879457
SPY260731P00738000,2026-07-24 20:14:32+00:00,738.0,6.07,6.07,6.1,-0.3199997,-5.00782,13282.0,4887,0.1606529248046875,False,REGULAR,USD,SPY,put,2026-07-31,738.93,2026-07-25T14:32:03.104776+00:00,6.085,0.02999999999999936,0.0049301561216104125,0.9987414234095247,-0.0012593692631550479,0.01706230641882293,6.22774184287037,0.0,737.4964925540272,True,0.17618847105730812
SPY260731P00739000,2026-07-24 20:14:27+00:00,739.0,6.43,6.47,6.5,-0.34000015,-5.0221586,7284.0,3740,0.1583946466064453,True,REGULAR,USD,SPY,put,2026-07-31,738.93,2026-07-25T14:32:03.104776+00:00,6.484999999999999,0.03000000000000025,0.004626060138781843,1.0000947315713262,9.472708457427596e-05,0.01706230641882293,6.22774184287037,0.0,738.4958102946154,True,0.1740484668318254
SPY260731P00740000,2026-07-24 20:14:55+00:00,740.0,6.91,6.88,6.92,-0.28999996,-4.0277777,41899.0,72202,0.1559532647705078,True,REGULAR,USD,SPY,put,2026-07-31,738.93,2026-07-25T14:32:03.104776+00:00,6.9,0.040000000000000036,0.005797101449275368,1.0014480397331278,0.0014469923345879852,0.01706230641882293,6.22774184287037,0.5651280352034291,739.4951280352034,True,0.17169132420942212
SPY260731P00741000,2026-07-24 20:14:46+00:00,741.0,7.32,7.32,7.36,-0.28999996,-3.8107748,6050.0,3308,0.1533898138427734,True,REGULAR,USD,SPY,put,2026-07-31,738.93,2026-07-25T14:32:03.104776+00:00,7.34,0.040000000000000036,0.005449591280653956,1.0028013478949291,0.002797431432459259,0.01706230641882293,6.22774184287037,1.5644457757915688,740.4944457757915,True,0.16935384413094295
SPY260731P00742000,2026-07-24 20:14:33+00:00,742.0,7.77,7.77,7.9,-0.25999975,-3.237855,4588.0,8136,0.1526879165649414,True,REGULAR,USD,SPY,put,2026-07-31,738.93,2026-07-25T14:32:03.104776+00:00,7.835,0.13000000000000078,0.016592214422463405,1.0041546560567307,0.0041460493037528655,0.01706230641882293,6.22774184287037,2.5637635163797086,741.4937635163797,True,0.16780096591175395
SPY260731P00743000,2026-07-24 20:12:43+00:00,743.0,8.24,8.26,8.39,-0.89000034,-9.748087,16718.0,29663,0.1500329138183594,True,REGULAR,USD,SPY,put,2026-07-31,738.93,2026-07-25T14:32:03.104776+00:00,8.325,0.13000000000000078,0.01561561561561571,1.0055079642185323,0.005492850854131627,0.01706230641882293,6.22774184287037,3.5630812569678483,742.4930812569678,True,0.16544501276266355
SPY260731P00744000,2026-07-24 20:02:30+00:00,744.0,8.68,8.69,9.0,-0.5799999,-6.2634983,1680.0,2227,0.1497887756347656,True,REGULAR,USD,SPY,put,2026-07-31,738.93,2026-07-25T14:32:03.104776+00:00,8.844999999999999,0.3100000000000005,0.03504804974561906,1.0068612723803338,0.006837840969464374,0.01706230641882293,6.22774184287037,4.562398997555874,743.4923989975558,True,0.16318201315492503
SPY260731P00745000,2026-07-24 20:14:30+00:00,745.0,9.37,9.32,9.45,-0.13000011,-1.3684223,8924.0,17148,0.1446008392333984,True,REGULAR,USD,SPY,put,2026-07-31,738.93,2026-07-25T14:32:03.104776+00:00,9.385,0.129999999999999,0.013851891315929569,1.0082145805421354,0.008181024515932068,0.01706230641882293,6.22774184287037,5.561716738144014,744.491716738144,True,0.16072418119458176
SPY260731P00746000,2026-07-24 19:52:20+00:00,746.0,10.62,9.81,10.13,-1.2600002,-10.606062,1072.0,2271,0.1447839428710937,True,REGULAR,USD,SPY,put,2026-07-31,738.93,2026-07-25T14:32:03.104776+00:00,9.97,0.3200000000000003,0.03209628886659983,1.0095678887039368,0.00952240634013323,0.01706230641882293,6.22774184287037,6.561034478732154,745.4910344787321,True,0.15874962580931312
SPY260731P00747000,2026-07-24 19:45:48+00:00,747.0,11.03,10.41,10.74,0.34999943,3.277148,1351.0,2579,0.1422815264892578,True,REGULAR,USD,SPY,put,2026-07-31,738.93,2026-07-25T14:32:03.104776+00:00,10.575,0.33000000000000007,0.03120567375886526,1.0109211968657383,0.010861991269189731,0.01706230641882293,6.22774184287037,7.560352219320293,746.4903522193202,True,0.15656090119931337
SPY260731P00748000,2026-07-24 19:43:53+00:00,748.0,11.78,11.04,11.34,0.3800001,3.3333347,1194.0,2106,0.1386194537353515,True,REGULAR,USD,SPY,put,2026-07-31,738.93,2026-07-25T14:32:03.104776+00:00,11.19,0.3000000000000007,0.026809651474530894,1.01227450502754,0.012199784110849713,0.01706230641882293,6.22774184287037,8.55966995990832,747.4896699599083,True,0.15382590886034975
SPY260731P00749000,2026-07-24 20:07:32+00:00,749.0,11.98,11.74,12.07,0.21999931,1.8707424,424.0,2470,0.1379480737304687,True,REGULAR,USD,SPY,put,2026-07-31,738.93,2026-07-25T14:32:03.104776+00:00,11.905000000000001,0.33000000000000007,0.02771944561108778,1.0136278131893415,0.013535789653591992,0.01706230641882293,6.22774184287037,9.55898770049646,748.4889877004964,True,0.15332912170780258
SPY260731P00750000,2026-07-24 20:14:33+00:00,750.0,12.55,12.55,12.7,0.05000019,0.4000015,976.0,34619,0.1331263446044921,True,REGULAR,USD,SPY,put,2026-07-31,738.93,2026-07-25T14:32:03.104776+00:00,12.625,0.14999999999999858,0.011881188118811769,1.014981121351143,0.014870012666728685,0.01706230641882293,6.22774184287037,10.558305441084599,749.4883054410845,True,0.15224006997768408
SPY260731P00751000,2026-07-24 20:13:18+00:00,751.0,13.32,13.18,13.55,0.09000015,0.6802733,149.0,1495,0.1348353118896484,True,REGULAR,USD,SPY,put,2026-07-31,738.93,2026-07-25T14:32:03.104776+00:00,13.365,0.370000000000001,0.027684249906472204,1.0163344295129444,0.01620245790050713,0.01706230641882293,6.22774184287037,11.557623181672739,750.4876231816727,True,0.1510184695348729
SPY260731P00752000,2026-07-24 19:44:39+00:00,752.0,14.53,13.93,14.34,-1.5199995,-9.470403,224.0,1773,0.1336756555175781,True,REGULAR,USD,SPY,put,2026-07-31,738.93,2026-07-25T14:32:03.104776+00:00,14.135,0.41000000000000014,0.029006013441811116,1.017687737674746,0.017533130086212254,0.01706230641882293,6.22774184287037,12.556940922260878,751.4869409222608,True,0.15004273063559198
SPY260731P00753000,2026-07-24 19:58:28+00:00,753.0,15.08,14.72,15.15,-0.1800003,-1.1795564,1517.0,1024,0.1325159991455078,True,REGULAR,USD,SPY,put,2026-07-31,738.93,2026-07-25T14:32:03.104776+00:00,14.935,0.4299999999999997,0.028791429527954448,1.0190410458365475,0.018862033936266055,0.01706230641882293,6.22774184287037,13.556258662848904,752.4862586628489,True,0.14939807044252845
SPY260731P00754000,2026-07-24 20:05:18+00:00,754.0,15.9,15.54,15.99,0.47999954,3.1128376,222.0,1859,0.1317225500488281,True,REGULAR,USD,SPY,put,2026-07-31,738.93,2026-07-25T14:32:03.104776+00:00,15.765,0.45000000000000107,0.028544243577545262,1.020394353998349,0.02018917414432859,0.01706230641882293,6.22774184287037,14.555576403437044,753.485576403437,True,0.14919918188988412
SPY260731P00755000,2026-07-24 20:12:18+00:00,755.0,16.73,16.39,16.87,-0.21000099,-1.2396753,417.0,2564,0.1319666882324218,True,REGULAR,USD,SPY,put,2026-07-31,738.93,2026-07-25T14:32:03.104776+00:00,16.630000000000003,0.4800000000000004,0.028863499699338567,1.0217476621601504,0.021514555385397052,0.01706230641882293,6.22774184287037,15.554894144025184,754.4848941440251,True,0.14982182271130462
SPY260731P00756000,2026-07-24 19:12:19+00:00,756.0,18.0,17.27,17.77,-2.1499996,-10.669973,27.0,1958,0.1324549645996094,True,REGULAR,USD,SPY,put,2026-07-31,738.93,2026-07-25T14:32:03.104776+00:00,17.52,0.5,0.02853881278538813,1.023100970321952,0.02283818231590539,0.01706230641882293,6.22774184287037,16.554211884613323,755.4842118846133,True,0.15101252595180575
SPY260731P00757000,2026-07-24 19:41:54+00:00,757.0,19.01,18.19,18.69,-1.8799992,-8.999517,71.0,2209,0.1335535864257812,True,REGULAR,USD,SPY,put,2026-07-31,738.93,2026-07-25T14:32:03.104776+00:00,18.44,0.5,0.027114967462039043,1.0244542784837536,0.024160059573821214,0.01706230641882293,6.22774184287037,17.55352962520135,756.4835296252013,True,0.1531968343474553
SPY260731P00758000,2026-07-24 18:55:04+00:00,758.0,19.88,19.15,19.63,0.22999954,1.1704812,21.0,781,0.1352625537109375,True,REGULAR,USD,SPY,put,2026-07-31,738.93,2026-07-25T14:32:03.104776+00:00,19.39,0.4800000000000004,0.02475502836513669,1.0258075866455552,0.025480191778744138,0.01706230641882293,6.22774184287037,18.55284736578949,757.4828473657894,True,0.15659970009001206
SPY260731P00759000,2026-07-24 18:59:11+00:00,759.0,20.63,19.56,20.89,0.01999855,0.09703323,12.0,68,0.155281884765625,True,REGULAR,USD,SPY,put,2026-07-31,738.93,2026-07-25T14:32:03.104776+00:00,20.225,1.3300000000000018,0.06576019777503099,1.0271608948073567,0.026798583532002453,0.01706230641882293,6.22774184287037,19.55216510637763,758.4821651063776,True,0.1530853049989913
SPY260731P00760000,2026-07-24 19:47:05+00:00,760.0,22.15,20.56,21.71,1.2799988,6.1331997,161.0,287,0.1505211901855469,True,REGULAR,USD,SPY,put,2026-07-31,738.93,2026-07-25T14:32:03.104776+00:00,21.134999999999998,1.1500000000000021,0.054412112609415766,1.028514202969158,0.028115239416749118,0.01706230641882293,6.22774184287037,20.55148284696577,759.4814828469657,True,0.15304162830728363
SPY260731P00761000,2026-07-23 17:54:59+00:00,761.0,22.83,21.56,23.49,0.0,0.0,17.0,13,0.1951984777832031,True,REGULAR,USD,SPY,put,2026-07-31,738.93,2026-07-25T14:32:03.104776+00:00,22.525,1.9299999999999997,0.08568257491675915,1.0298675111309596,0.029430163998058236,0.01706230641882293,6.22774184287037,21.550800587553795,760.4808005875537,True,0.18163973557315283
SPY260731P00762000,2026-07-23 19:52:43+00:00,762.0,25.55,22.24,24.73,0.0,0.0,10.0,0,0.211372632446289,True,REGULAR,USD,SPY,put,2026-07-31,738.93,2026-07-25T14:32:03.104776+00:00,23.485,2.490000000000002,0.10602512241856513,1.0312208192927612,0.030743361823018716,0.01706230641882293,6.22774184287037,22.550118328141934,761.4801183281419,True,0.1853514708933472
SPY260731P00763000,2026-07-24 19:07:22+00:00,763.0,25.0,23.24,25.73,-1.5100002,-5.695965,13.0,6,0.2173540179443359,True,REGULAR,USD,SPY,put,2026-07-31,738.93,2026-07-25T14:32:03.104776+00:00,24.485,2.490000000000002,0.10169491525423738,1.0325741274545628,0.03205483742082949,0.01706230641882293,6.22774184287037,23.549436068730074,762.47943606873,True,0.19116571539966926
SPY260731P00764000,2026-07-24 20:12:38+00:00,764.0,25.24,23.75,27.19,4.83,23.66487,12.0,10,0.242195078125,True,REGULAR,USD,SPY,put,2026-07-31,738.93,2026-07-25T14:32:03.104776+00:00,25.47,3.4400000000000013,0.1350608559089125,1.0339274356163644,0.03336459530289303,0.01706230641882293,6.22774184287037,24.548753809318214,763.4787538093182,True,0.19607047586349424
SPY260731P00765000,2026-07-24 20:12:38+00:00,765.0,26.73,25.24,27.83,-0.5300007,-1.9442432,20.0,14,0.2334671380615234,True,REGULAR,USD,SPY,put,2026-07-31,738.93,2026-07-25T14:32:03.104776+00:00,26.534999999999997,2.59,0.09760693423779913,1.0352807437781657,0.0346726399629082,0.01706230641882293,6.22774184287037,25.54807154990624,764.4780715499062,True,0.2055322829208414
SPY260731P00766000,2026-07-24 19:45:48+00:00,766.0,28.0,25.75,29.19,-0.32999992,-1.1648427,10.0,8,0.2544019873046875,True,REGULAR,USD,SPY,put,2026-07-31,738.93,2026-07-25T14:32:03.104776+00:00,27.47,3.4400000000000013,0.1252275209319258,1.0366340519399673,0.035978975876963706,0.01706230641882293,6.22774184287037,26.54738929049438,765.4773892904943,True,0.20744196297061399
SPY260731P00767000,2026-07-24 15:18:32+00:00,767.0,26.24,26.75,30.19,-3.2000008,-10.869568,8.0,0,0.2605054418945312,True,REGULAR,USD,SPY,put,2026-07-31,738.93,2026-07-25T14:32:03.104776+00:00,28.47,3.4400000000000013,0.12082894274675102,1.0379873601017688,0.037283607503628635,0.01706230641882293,6.22774184287037,27.54670703108252,766.4767070310825,True,0.21306523400043975
SPY260731P00768000,2026-07-20 19:25:29+00:00,768.0,25.82,27.75,31.19,0.0,0.0,3.0,0,0.2664868273925781,True,REGULAR,USD,SPY,put,2026-07-31,738.93,2026-07-25T14:32:03.104776+00:00,29.47,3.4400000000000013,0.11672887682388874,1.0393406682635704,0.03858653928404466,0.01706230641882293,6.22774184287037,28.54602477167066,767.4760247716706,True,0.21864919158394736
SPY260731P00769000,2026-07-21 15:46:36+00:00,769.0,21.41,28.75,32.19,0.0,0.0,1.0,0,0.2724071783447265,True,REGULAR,USD,SPY,put,2026-07-31,738.93,2026-07-25T14:32:03.104776+00:00,30.47,3.4399999999999977,0.11289793239251716,1.040693976425372,0.03988777564201651,0.01706230641882293,6.22774184287037,29.5453425122588,768.4753425122587,True,0.22419540849181985
SPY260731P00770000,2026-07-24 20:12:38+00:00,770.0,31.24,29.75,33.19,-2.960001,-8.654974,120.0,38,0.278327529296875,True,REGULAR,USD,SPY,put,2026-07-31,738.93,2026-07-25T14:32:03.104776+00:00,31.47,3.4399999999999977,0.10931045440101678,1.0420472845871733,0.041187320984101904,0.01706230641882293,6.22774184287037,30.544660252846825,769.4746602528468,True,0.22970534107944235
SPY260731P00771000,2026-07-24 20:12:38+00:00,771.0,32.25,31.24,33.73,-1.0200005,-3.0658264,320.0,123,0.2634351000976562,True,REGULAR,USD,SPY,put,2026-07-31,738.93,2026-07-25T14:32:03.104776+00:00,32.485,2.4899999999999984,0.07665076189010307,1.043400592748975,0.042485179699701905,0.01706230641882293,6.22774184287037,31.543977993434964,770.4739779934349,True,0.2361397135829657
SPY260731P00772000,2026-07-16 20:02:05+00:00,772.0,21.8,31.75,35.19,0.0,0.0,2.0,0,0.2899851275634765,True,REGULAR,USD,SPY,put,2026-07-31,738.93,2026-07-25T14:32:03.104776+00:00,33.47,3.4399999999999977,0.10277860770839552,1.0447539009107765,0.04378135616114863,0.01706230641882293,6.22774184287037,32.543295734023104,771.473295734023,True,0.24062165251832643
SPY260731P00773000,2026-07-23 13:36:11+00:00,773.0,31.99,32.75,36.19,0.0,0.0,2.0,1,0.2957834094238281,True,REGULAR,USD,SPY,put,2026-07-31,738.93,2026-07-25T14:32:03.104776+00:00,34.47,3.4399999999999977,0.09979692486219895,1.046107209072578,0.04507585472379446,0.01706230641882293,6.22774184287037,33.542613474611244,772.4726134746112,True,0.24603044582287986
SPY260731P00774000,2026-07-24 18:08:17+00:00,774.0,32.77,33.75,37.19,-0.29999924,-0.90716434,1.0,0,0.3015206567382812,True,REGULAR,USD,SPY,put,2026-07-31,738.93,2026-07-25T14:32:03.104776+00:00,35.47,3.4399999999999977,0.0969833662249788,1.0474605172343796,0.04636867972609966,0.01706230641882293,6.22774184287037,34.54193121519927,773.4719312151992,True,0.2514078069968265
SPY260731P00775000,2026-07-24 20:12:38+00:00,775.0,36.24,34.75,38.19,-1.1899986,-3.1792645,19.0,10,0.3071968695068359,True,REGULAR,USD,SPY,put,2026-07-31,738.93,2026-07-25T14:32:03.104776+00:00,36.47,3.4399999999999977,0.09432410200164512,1.048813825396181,0.047659835489719374,0.01706230641882293,6.22774184287037,35.54124895578741,774.4712489557874,True,0.25675475001741654
SPY260731P00776000,2026-07-23 13:36:25+00:00,776.0,34.87,35.75,39.19,0.0,0.0,2.0,0,0.3128730822753905,True,REGULAR,USD,SPY,put,2026-07-31,738.93,2026-07-25T14:32:03.104776+00:00,37.47,3.4399999999999977,0.09180677875633834,1.0501671335579825,0.04894932631959117,0.01706230641882293,6.22774184287037,36.54056669637555,775.4705666963755,True,0.26207222716179246
SPY260731P00777000,2026-07-16 19:20:44+00:00,777.0,27.21,36.75,40.19,0.0,0.0,1.0,0,0.3184882604980468,True,REGULAR,USD,SPY,put,2026-07-31,738.93,2026-07-25T14:32:03.104776+00:00,38.47,3.4399999999999977,0.0894203275279438,1.051520441719784,0.0502371565040199,0.01706230641882293,6.22774184287037,37.53988443696369,776.4698844369636,True,0.2673611313352934
SPY260731P00778000,2026-07-23 13:36:28+00:00,778.0,36.82,37.75,41.19,0.0,0.0,2.0,0,0.324103438720703,True,REGULAR,USD,SPY,put,2026-07-31,738.93,2026-07-25T14:32:03.104776+00:00,39.47,3.4399999999999977,0.08715480111477066,1.0528737498815857,0.05152333031476411,0.01706230641882293,6.22774184287037,38.539202177551715,777.4692021775517,True,0.27262230189222236
SPY260731P00779000,2026-07-23 13:36:31+00:00,779.0,37.87,38.75,42.19,0.0,0.0,2.0,0,0.3295965478515624,True,REGULAR,USD,SPY,put,2026-07-31,738.93,2026-07-25T14:32:03.104776+00:00,40.47,3.4399999999999977,0.08500123548307383,1.0542270580433872,0.05280785200712081,0.01706230641882293,6.22774184287037,39.538519918139855,778.4685199181398,True,0.2778565269641503
SPY260731P00780000,2026-07-24 18:51:58+00:00,780.0,41.8,39.75,43.19,6.299999,17.746477,5.0,0,0.3352117260742187,True,REGULAR,USD,SPY,put,2026-07-31,738.93,2026-07-25T14:32:03.104776+00:00,41.47,3.4399999999999977,0.08295153122739324,1.0555803662051886,0.0540907258200098,0.01706230641882293,6.22774184287037,40.537837658727994,779.467837658728,True,0.283064555101447
SPY260731P00781000,2026-07-10 20:05:11+00:00,781.0,26.06,40.75,44.19,0.0,0.0,2.0,0,0.3407048352050781,True,REGULAR,USD,SPY,put,2026-07-31,738.93,2026-07-25T14:32:03.104776+00:00,42.47,3.4399999999999977,0.08099835177772541,1.0569336743669902,0.055371955976058394,0.01706230641882293,6.22774184287037,41.537155399316134,780.4671553993161,True,0.28824708828836265
SPY260731P00782000,2026-07-01 15:45:36+00:00,782.0,33.14,41.75,45.19,0.0,0.0,4.0,0,0.3461369097900389,True,REGULAR,USD,SPY,put,2026-07-31,738.93,2026-07-25T14:32:03.104776+00:00,43.47,3.4399999999999977,0.07913503565677474,1.0582869825287917,0.05665154668168355,0.01706230641882293,6.22774184287037,42.53647313990416,781.4664731399041,True,0.29340479474871073
SPY260731P00783000,2026-07-01 15:42:00+00:00,783.0,34.13,42.75,46.19,0.0,0.0,2.0,0,0.3515689843749999,True,REGULAR,USD,SPY,put,2026-07-31,738.93,2026-07-25T14:32:03.104776+00:00,44.47,3.4399999999999977,0.07735552057566894,1.0596402906905933,0.05792950212717561,0.01706230641882293,6.22774184287037,43.5357908804923,782.4657908804922,True,0.29853830312510354
SPY260731P00784000,2026-07-01 15:42:00+00:00,784.0,35.1,43.75,47.19,0.0,0.0,2.0,0,0.3570010589599609,True,REGULAR,USD,SPY,put,2026-07-31,738.93,2026-07-25T14:32:03.104776+00:00,45.47,3.4399999999999977,0.07565427754563443,1.0609935988523949,0.059205826486780404,0.01706230641882293,6.22774184287037,44.53510862108044,783.4651086210804,True,0.3036482129563285
SPY260731P00785000,2026-07-01 15:42:01+00:00,785.0,36.11,44.75,48.19,0.0,0.0,2.0,0,0.3624331335449219,True,REGULAR,USD,SPY,put,2026-07-31,738.93,2026-07-25T14:32:03.104776+00:00,46.47,3.4399999999999977,0.07402625349687966,1.0623469070141962,0.060480523918780824,0.01706230641882293,6.22774184287037,45.53442636166858,784.4644263616685,True,0.30873509351319545
SPY260731P00786000,2026-07-24 19:33:59+00:00,786.0,47.8,45.75,49.19,12.169998,34.1566,1.0,0,0.367743139038086,True,REGULAR,USD,SPY,put,2026-07-31,738.93,2026-07-25T14:32:03.104776+00:00,47.47,3.4399999999999977,0.07246682115020008,1.0637002151759978,0.06175359856557898,0.01706230641882293,6.22774184287037,46.533744102256605,785.4637441022566,True,0.3137994849626897
SPY260731P00787000,2026-06-23 13:37:15+00:00,787.0,52.62,46.28,49.56,0.0,0.0,1.0,0,0.3392400061035155,True,REGULAR,USD,SPY,put,2026-07-31,738.93,2026-07-25T14:32:03.104776+00:00,47.92,3.280000000000001,0.06844741235392322,1.0650535233377993,0.0630250545537757,0.01706230641882293,6.22774184287037,47.533061842844745,786.4630618428447,True,0.2664213897925517
SPY260731P00790000,2026-07-24 20:12:38+00:00,790.0,51.67,49.75,53.19,-0.12000275,-0.23171026,90.0,52,0.3889221264648437,True,REGULAR,USD,SPY,put,2026-07-31,738.93,2026-07-25T14:32:03.104776+00:00,51.47,3.4399999999999977,0.06683504954342331,1.0691134478232038,0.06682975159743958,0.01706230641882293,6.22774184287037,50.531015064609164,789.4610150646091,True,0.3338421027175884
SPY260731P00791000,2026-07-23 18:19:45+00:00,791.0,54.55,50.75,54.19,0.0,0.0,10.0,0,0.3941710974121094,True,REGULAR,USD,SPY,put,2026-07-31,738.93,2026-07-25T14:32:03.104776+00:00,52.47,3.4399999999999977,0.06556127310844288,1.0704667559850054,0.06809477390402631,0.01706230641882293,6.22774184287037,51.53033280519719,790.4603328051971,True,0.3388013117806953
SPY260731P00792000,2026-07-07 16:00:53+00:00,792.0,44.51,51.75,55.19,0.0,0.0,,0,0.3993590338134766,True,REGULAR,USD,SPY,put,2026-07-31,738.93,2026-07-25T14:32:03.104776+00:00,53.47,3.4399999999999977,0.06433514120067324,1.071820064146807,0.06935819795079834,0.01706230641882293,6.22774184287037,52.52965054578533,791.4596505457853,True,0.343740787286546
SPY260731P00793000,2026-07-07 16:00:53+00:00,793.0,45.51,52.75,56.19,0.0,0.0,2.0,0,0.4045469702148437,True,REGULAR,USD,SPY,put,2026-07-31,738.93,2026-07-25T14:32:03.104776+00:00,54.47,3.4399999999999977,0.06315402974114187,1.0731733723086085,0.0706200277712205,0.01706230641882293,6.22774184287037,53.52896828637347,792.4589682863734,True,0.34866092271884974
SPY260731P00794000,2026-07-07 16:00:53+00:00,794.0,46.52,53.75,57.19,0.0,0.0,,0,0.4096738720703125,True,REGULAR,USD,SPY,put,2026-07-31,738.93,2026-07-25T14:32:03.104776+00:00,55.47,3.4399999999999977,0.06201550387596895,1.07452668047041,0.07188026738350808,0.01706230641882293,6.22774184287037,54.52828602696161,793.4582860269616,True,0.3535620929348675
SPY260731P00795000,2026-07-07 16:00:53+00:00,795.0,47.52,54.75,58.19,0.0,0.0,2.0,0,0.4148007739257812,True,REGULAR,USD,SPY,put,2026-07-31,738.93,2026-07-25T14:32:03.104776+00:00,56.47,3.4399999999999977,0.06091730122188769,1.0758799886322115,0.0731389207907043,0.01706230641882293,6.22774184287037,55.527603767549635,794.4576037675496,True,0.3584446588220251
SPY260731P00796000,2026-07-07 16:00:54+00:00,796.0,48.53,55.75,59.19,0.0,0.0,2.0,0,0.41992767578125,True,REGULAR,USD,SPY,put,2026-07-31,738.93,2026-07-25T14:32:03.104776+00:00,57.47,3.4399999999999977,0.059857316860970906,1.077233296794013,0.07439599198075546,0.01706230641882293,6.22774184287037,56.526921508137775,795.4569215081377,True,0.36330896613375907
SPY260731P00797000,2026-07-07 16:00:54+00:00,797.0,49.53,56.75,60.19,0.0,0.0,2.0,0,0.4250545776367188,True,REGULAR,USD,SPY,put,2026-07-31,738.93,2026-07-25T14:32:03.104776+00:00,58.47,3.4399999999999977,0.05883358987514961,1.0785866049558146,0.07565148492658752,0.01706230641882293,6.22774184287037,57.526239248725915,796.4562392487259,True,0.3681553466536702
SPY260731P00798000,2026-07-07 16:00:54+00:00,798.0,50.53,57.75,61.19,0.0,0.0,2.0,0,0.4301204449462891,True,REGULAR,USD,SPY,put,2026-07-31,738.93,2026-07-25T14:32:03.104776+00:00,59.47,3.4399999999999977,0.057844291239280275,1.0799399131176162,0.0769054035861813,0.01706230641882293,6.22774184287037,58.525556989314055,797.455556989314,True,0.3729841216879827
SPY260731P00799000,2026-07-17 14:01:50+00:00,799.0,53.77,58.75,62.19,0.0,0.0,1.0,0,0.4351863122558594,True,REGULAR,USD,SPY,put,2026-07-31,738.93,2026-07-25T14:32:03.104776+00:00,60.47,3.4399999999999977,0.05688771291549525,1.0812932212794175,0.07815775190264704,0.01706230641882293,6.22774184287037,59.52487472990208,798.454874729902,True,0.3777955962447785
SPY260731P00800000,2026-07-24 19:01:38+00:00,800.0,61.27,59.75,63.19,6.260002,11.379753,1.0,0,0.4401911450195312,True,REGULAR,USD,SPY,put,2026-07-31,738.93,2026-07-25T14:32:03.104776+00:00,61.47,3.4399999999999977,0.05596225801203836,1.082646529441219,0.0794085338042997,0.01706230641882293,6.22774184287037,60.52419247049022,799.4541924704902,True,0.38259006834722187
SPY260731P00805000,2026-07-23 16:03:07+00:00,805.0,66.25,64.75,68.19,0.0,0.0,1.0,1,0.4650932397460938,True,REGULAR,USD,SPY,put,2026-07-31,738.93,2026-07-25T14:32:03.104776+00:00,66.47,3.4399999999999977,0.05175267037761393,1.0894130702502267,0.08563908355493578,0.01706230641882293,6.22774184287037,65.5207811734308,804.4507811734308,True,0.40631703937994457
SPY260731P00810000,2026-07-01 19:57:05+00:00,810.0,64.2,69.75,73.19,0.0,0.0,,0,0.489384989013672,True,REGULAR,USD,SPY,put,2026-07-31,738.93,2026-07-25T14:32:03.104776+00:00,71.47,3.4399999999999977,0.04813208339163282,1.0961796110592343,0.09183105380285687,0.01706230641882293,6.22774184287037,70.51736987637139,809.4473698763713,True,0.4296578119729718
SPY260731P00815000,2026-07-02 14:42:44+00:00,815.0,68.26,74.75,78.19,0.0,0.0,2.0,0,0.5134326000976561,True,REGULAR,USD,SPY,put,2026-07-31,738.93,2026-07-25T14:32:03.104776+00:00,76.47,3.4399999999999977,0.04498496142278015,1.102946151868242,0.09798491937723514,0.01706230641882293,6.22774184287037,75.51395857931197,814.4439585793119,True,0.45263965757414054
SPY260807C00600000,2026-07-24 19:41:27+00:00,600.0,139.25,137.94,141.38,-4.970001,-3.4461248,2.0,7,0.5502974658203126,True,REGULAR,USD,SPY,call,2026-08-07,738.93,2026-07-25T14:32:03.104776+00:00,139.66,3.4399999999999977,0.024631247314907616,0.8119848970809144,-0.20827353864748116,0.03624038861060376,13.227741842870373,139.79913921559614,738.93,False,
SPY260807C00605000,2026-07-24 13:30:09+00:00,605.0,135.1,132.96,136.4,-10.779999,-7.389634,1.0,2,0.5339402075195312,True,REGULAR,USD,SPY,call,2026-08-07,738.93,2026-07-25T14:32:03.104776+00:00,134.68,3.4399999999999977,0.025542025542025525,0.818751437889922,-0.19997473583278605,0.03624038861060376,13.227741842870373,134.80638204239278,738.93,False,
SPY260807C00610000,2026-07-23 19:57:26+00:00,610.0,129.08,127.98,131.42,0.0,0.0,1.0,6,0.51758294921875,True,REGULAR,USD,SPY,call,2026-08-07,738.93,2026-07-25T14:32:03.104776+00:00,129.7,3.4399999999999835,0.02652274479568222,0.8255179786989296,-0.19174423669627058,0.03624038861060376,13.227741842870373,129.81362486918943,738.93,False,
SPY260807C00615000,2026-07-23 19:58:36+00:00,615.0,124.62,123.0,126.44,0.0,0.0,1.0,12,0.5009815527343751,True,REGULAR,USD,SPY,call,2026-08-07,738.93,2026-07-25T14:32:03.104776+00:00,124.72,3.4399999999999977,0.02758178319435534,0.8322845195079372,-0.18358092605710963,0.03624038861060376,13.227741842870373,124.82086769598607,738.93,False,
SPY260807C00620000,2026-07-10 15:56:49+00:00,620.0,134.93,118.02,121.47,0.0,0.0,,3,0.6098671826171876,True,REGULAR,USD,SPY,call,2026-08-07,738.93,2026-07-25T14:32:03.104776+00:00,119.745,3.450000000000003,0.028811223850682723,0.8390510603169449,-0.17548371582449027,0.03624038861060376,13.227741842870373,119.82811052278271,738.93,False,
SPY260807C00625000,2026-07-07 18:54:15+00:00,625.0,125.68,113.05,116.49,0.0,0.0,2.0,10,0.5888712988281251,True,REGULAR,USD,SPY,call,2026-08-07,738.93,2026-07-25T14:32:03.104776+00:00,114.77,3.4399999999999977,0.029972989457175202,0.8458176011259525,-0.167451544127226,0.03624038861060376,13.227741842870373,114.83535334957935,738.93,False,
SPY260807C00630000,2026-07-16 19:29:42+00:00,630.0,121.35,108.07,111.52,0.0,0.0,2.0,5,0.56836369140625,True,REGULAR,USD,SPY,call,2026-08-07,738.93,2026-07-25T14:32:03.104776+00:00,109.79499999999999,3.450000000000003,0.03142219591056062,0.85258414193496,-0.15948337447804922,0.03624038861060376,13.227741842870373,109.84259617637599,738.93,False,
SPY260807C00645000,2026-07-24 17:59:49+00:00,645.0,97.98,93.17,96.62,-6.2699966,-6.014385,2.0,3,0.5070850073242188,True,REGULAR,USD,SPY,call,2026-08-07,738.93,2026-07-25T14:32:03.104776+00:00,94.89500000000001,3.450000000000003,0.036355972390536936,0.8728837643619829,-0.13595287706785508,0.03624038861060376,13.227741842870373,94.86432465676592,738.93,True,0.2621996006323882
SPY260807C00650000,2026-07-23 15:08:44+00:00,650.0,94.6,88.21,91.66,4.7999954,5.3452063,1.0,28,0.4866994689941406,True,REGULAR,USD,SPY,call,2026-08-07,738.93,2026-07-25T14:32:03.104776+00:00,89.935,3.450000000000003,0.03836103852782568,0.8796503051709905,-0.12823083097394478,0.03624038861060376,13.227741842870373,89.87156748356256,738.93,True,0.2686153129277081
SPY260807C00655000,2026-06-30 15:56:48+00:00,655.0,95.35,83.26,86.7,0.0,0.0,,2,0.4663139306640625,True,REGULAR,USD,SPY,call,2026-08-07,738.93,2026-07-25T14:32:03.104776+00:00,84.98,3.4399999999999977,0.04048011296775709,0.8864168459799981,-0.12056795822837565,0.03624038861060376,13.227741842870373,84.8788103103592,738.93,True,0.26874199139897154
SPY260807C00660000,2026-07-23 18:24:40+00:00,660.0,79.2,78.31,81.75,0.0,0.0,1.0,5,0.4461114959716796,True,REGULAR,USD,SPY,call,2026-08-07,738.93,2026-07-25T14:32:03.104776+00:00,80.03,3.4399999999999977,0.04298388104460824,0.8931833867890058,-0.11296335884315634,0.03624038861060376,13.227741842870373,79.88605313715584,738.93,True,0.2656022801104672
SPY260807C00665000,2026-07-23 18:21:25+00:00,665.0,74.15,73.37,76.81,0.0,0.0,1.0,7,0.4261531994628906,True,REGULAR,USD,SPY,call,2026-08-07,738.93,2026-07-25T14:32:03.104776+00:00,75.09,3.4399999999999977,0.04581169263550403,0.8999499275980134,-0.10541615320777341,0.03624038861060376,13.227741842870373,74.89329596395237,738.93,True,0.26124832931847863
SPY260807C00670000,2026-07-24 14:06:42+00:00,670.0,69.7,68.44,71.88,-9.9900055,-12.536083,5.0,9,0.4063169720458984,True,REGULAR,USD,SPY,call,2026-08-07,738.93,2026-07-25T14:32:03.104776+00:00,70.16,3.4399999999999977,0.04903078677309005,0.906716468407021,-0.09792548147861581,0.03624038861060376,13.227741842870373,69.90053879074901,738.93,True,0.2556535288140648
SPY260807C00675000,2026-07-24 18:17:08+00:00,675.0,67.18,63.52,66.97,-5.8799973,-8.048176,2.0,17,0.3869690209960937,True,REGULAR,USD,SPY,call,2026-08-07,738.93,2026-07-25T14:32:03.104776+00:00,65.245,3.4499999999999957,0.05287761514292276,0.9134830092160287,-0.09049050299109772,0.03624038861060376,13.227741842870373,64.90778161754565,738.93,True,0.24946880076919775
SPY260807C00680000,2026-07-24 15:12:08+00:00,680.0,62.76,58.63,62.08,1.3199997,2.148437,14.0,14,0.3678652081298829,True,REGULAR,USD,SPY,call,2026-08-07,738.93,2026-07-25T14:32:03.104776+00:00,60.355000000000004,3.4499999999999957,0.05716179272636891,0.9202495500250363,-0.08311039569347514,0.03624038861060376,13.227741842870373,59.91502444434229,738.93,True,0.24341326576604275
SPY260807C00685000,2026-07-23 14:23:14+00:00,685.0,57.65,53.76,57.21,0.0,0.0,1.0,13,0.3490055334472656,True,REGULAR,USD,SPY,call,2026-08-07,738.93,2026-07-25T14:32:03.104776+00:00,55.485,3.450000000000003,0.06217896728845639,0.9270160908340439,-0.07578435560140223,0.03624038861060376,13.227741842870373,54.922267271138935,738.93,True,0.23643385429703168
SPY260807C00687000,2026-07-16 19:56:06+00:00,687.0,66.12,51.82,55.27,0.0,0.0,3.0,2,0.3414982843017577,True,REGULAR,USD,SPY,call,2026-08-07,738.93,2026-07-25T14:32:03.104776+00:00,53.545,3.450000000000003,0.0644317863479317,0.9297227071576469,-0.07286890164127821,0.03624038861060376,13.227741842870373,52.925164401857614,738.93,True,0.2335275370556601
SPY260807C00689000,2026-07-24 18:29:02+00:00,689.0,52.51,49.89,53.34,-0.5400009,-1.0179094,2.0,2,0.3342962078857422,True,REGULAR,USD,SPY,call,2026-08-07,738.93,2026-07-25T14:32:03.104776+00:00,51.615,3.450000000000003,0.06684103458297012,0.93242932348125,-0.069961922849969,0.03624038861060376,13.227741842870373,50.928061532576294,738.93,True,0.23088961295677543
SPY260807C00690000,2026-07-24 19:17:20+00:00,690.0,50.4,48.93,52.38,0.69000244,1.3880557,2.0,26,0.3307562042236328,True,REGULAR,USD,SPY,call,2026-08-07,738.93,2026-07-25T14:32:03.104776+00:00,50.655,3.450000000000003,0.06810778797749487,0.9337826316430515,-0.06851159627232245,0.03624038861060376,13.227741842870373,49.92951009793558,738.93,True,0.22972111185993604
SPY260807C00691000,2026-07-16 19:18:00+00:00,691.0,61.73,47.97,51.42,0.0,0.0,4.0,4,0.3272162005615234,True,REGULAR,USD,SPY,call,2026-08-07,738.93,2026-07-25T14:32:03.104776+00:00,49.695,3.450000000000003,0.06942348324781171,0.935135939804853,-0.06706337009595768,0.03624038861060376,13.227741842870373,48.93095866329497,738.93,True,0.22841621394271086
SPY260807C00692000,2026-06-30 13:31:09+00:00,692.0,56.51,47.01,50.46,0.0,0.0,,0,0.3236151623535155,True,REGULAR,USD,SPY,call,2026-08-07,738.93,2026-07-25T14:32:03.104776+00:00,48.735,3.450000000000003,0.07079101261926753,0.9364892479666546,-0.06561723824595797,0.03624038861060376,13.227741842870373,47.932407228654256,738.93,True,0.22698349901260229
SPY260807C00693000,2026-07-24 15:10:54+00:00,693.0,49.8,46.05,49.5,-0.20000076,-0.4000015,3.0,5,0.3200141241455078,True,REGULAR,USD,SPY,call,2026-08-07,738.93,2026-07-25T14:32:03.104776+00:00,47.775,3.450000000000003,0.07221350078492941,0.9378425561284561,-0.06417319467372426,0.03624038861060376,13.227741842870373,46.93385579401354,738.93,True,0.22543041648456436
SPY260807C00694000,2026-07-22 13:30:31+00:00,694.0,54.75,45.1,48.55,0.0,0.0,5.0,9,0.3166572241210937,True,REGULAR,USD,SPY,call,2026-08-07,738.93,2026-07-25T14:32:03.104776+00:00,46.825,3.4499999999999957,0.07367859049652954,0.9391958642902576,-0.06273123335682305,0.03624038861060376,13.227741842870373,45.935304359372935,738.93,True,0.22433443513379994
SPY260807C00695000,2026-07-23 14:35:37+00:00,695.0,46.34,44.14,47.6,0.0,0.0,10.0,277,0.3132392895507812,True,REGULAR,USD,SPY,call,2026-08-07,738.93,2026-07-25T14:32:03.104776+00:00,45.870000000000005,3.460000000000001,0.07543056463919774,0.9405491724520592,-0.061291348298835376,0.03624038861060376,13.227741842870373,44.93675292473222,738.93,True,0.22281545413916443
SPY260807C00696000,2026-07-20 18:39:01+00:00,696.0,50.8,43.19,46.65,0.0,0.0,2.0,2,0.3097603204345703,True,REGULAR,USD,SPY,call,2026-08-07,738.93,2026-07-25T14:32:03.104776+00:00,44.92,3.460000000000001,0.07702582368655389,0.9419024806138606,-0.059853533529207935,0.03624038861060376,13.227741842870373,43.938201490091615,738.93,True,0.2214412076285966
SPY260807C00697000,2026-07-16 19:09:58+00:00,697.0,56.24,42.25,45.7,0.0,0.0,2.0,2,0.3062813513183594,True,REGULAR,USD,SPY,call,2026-08-07,738.93,2026-07-25T14:32:03.104776+00:00,43.975,3.450000000000003,0.07845366685616834,0.9432557887756622,-0.058417783103103645,0.03624038861060376,13.227741842870373,42.9396500554509,738.93,True,0.22018969369274816
SPY260807C00698000,2026-07-24 14:53:58+00:00,698.0,43.47,41.3,44.76,-1.2599983,-2.8168976,1.0,2,0.3030465203857422,True,REGULAR,USD,SPY,call,2026-08-07,738.93,2026-07-25T14:32:03.104776+00:00,43.03,3.460000000000001,0.08040901696490822,0.9446090969374636,-0.05698409110125513,0.03624038861060376,13.227741842870373,41.94109862081018,738.93,True,0.2187952590231833
SPY260807C00700000,2026-07-24 19:34:24+00:00,700.0,40.81,39.42,42.88,-1.6299973,-3.84071,22.0,48,0.2963937548828125,True,REGULAR,USD,SPY,call,2026-08-07,738.93,2026-07-25T14:32:03.104776+00:00,41.150000000000006,3.460000000000001,0.08408262454434995,0.9473157132610668,-0.05412285882022283,0.03624038861060376,13.227741842870373,39.94399575152886,738.93,True,0.21606602691319168
SPY260807C00701000,2026-07-17 16:26:55+00:00,701.0,48.6,38.48,41.94,0.0,0.0,2.0,7,0.2929758203124999,True,REGULAR,USD,SPY,call,2026-08-07,738.93,2026-07-25T14:32:03.104776+00:00,40.209999999999994,3.460000000000001,0.08604824670479984,0.9486690214228682,-0.05269530682903748,0.03624038861060376,13.227741842870373,38.94544431688814,738.93,True,0.21449297683314747
SPY260807C00702000,2026-07-24 18:18:49+00:00,702.0,40.96,37.55,41.01,2.0999985,5.4040103,1.0,4,0.2897409893798828,True,REGULAR,USD,SPY,call,2026-08-07,738.93,2026-07-25T14:32:03.104776+00:00,39.28,3.460000000000001,0.08808553971486764,0.9500223295846698,-0.0512697898378164,0.03624038861060376,13.227741842870373,37.94689288224754,738.93,True,0.21321630438713068
SPY260807C00704000,2026-07-08 16:17:32+00:00,704.0,44.04,35.69,39.09,0.0,0.0,,1,0.2816233947753905,True,REGULAR,USD,SPY,call,2026-08-07,738.93,2026-07-25T14:32:03.104776+00:00,37.39,3.4000000000000057,0.09093340465365087,0.9527289459082728,-0.048424837705585144,0.03624038861060376,13.227741842870373,35.94979001296622,738.93,True,0.20901814112973005
SPY260807C00705000,2026-07-24 17:38:00+00:00,705.0,39.33,35.08,38.2,-6.5199966,-14.220277,2.0,99,0.2793040820312499,True,REGULAR,USD,SPY,call,2026-08-07,738.93,2026-07-25T14:32:03.104776+00:00,36.64,3.1200000000000045,0.08515283842794773,0.9540822540700744,-0.04700539105135884,0.03624038861060376,13.227741842870373,34.9512385783255,738.93,True,0.21416285506068417
SPY260807C00706000,2026-07-17 16:16:51+00:00,706.0,44.37,33.86,37.26,0.0,0.0,1.0,12,0.2755809747314452,True,REGULAR,USD,SPY,call,2026-08-07,738.93,2026-07-25T14:32:03.104776+00:00,35.56,3.3999999999999986,0.09561304836895383,0.9554355622318759,-0.045587956370385485,0.03624038861060376,13.227741842870373,33.952687143684784,738.93,True,0.20666439725196786
SPY260807C00708000,2026-07-15 16:16:54+00:00,708.0,47.01,32.03,35.42,0.0,0.0,1.0,24,0.2690502783203125,True,REGULAR,USD,SPY,call,2026-08-07,738.93,2026-07-25T14:32:03.104776+00:00,33.725,3.3900000000000006,0.10051890289103041,0.9581421785554789,-0.042759100169907825,0.03624038861060376,13.227741842870373,31.955584274403463,738.93,True,0.20348364374996192
SPY260807C00709000,2026-07-24 18:58:19+00:00,709.0,32.8,31.13,34.59,-7.8199997,-19.2516,6.0,7,0.2678295874023437,True,REGULAR,USD,SPY,call,2026-08-07,738.93,2026-07-25T14:32:03.104776+00:00,32.86,3.4600000000000044,0.10529519172245905,0.9594954867172805,-0.04134766733150004,0.03624038861060376,13.227741842870373,30.95703283976286,738.93,True,0.2034455497538959
SPY260807C00710000,2026-07-24 14:05:38+00:00,710.0,31.74,30.48,33.67,0.7399998,2.387096,2.0,217,0.2643506182861328,True,REGULAR,USD,SPY,call,2026-08-07,738.93,2026-07-25T14:32:03.104776+00:00,32.075,3.1900000000000013,0.09945440374123152,0.960848794879082,-0.03993822382826639,0.03624038861060376,13.227741842870373,29.958481405122143,738.93,True,0.20571341755838124
SPY260807C00711000,2026-07-24 15:39:10+00:00,711.0,34.87,29.33,32.79,3.2299995,10.208595,4.0,25,0.2617261328125,True,REGULAR,USD,SPY,call,2026-08-07,738.93,2026-07-25T14:32:03.104776+00:00,31.06,3.460000000000001,0.1113972955569865,0.9622021030408835,-0.038530764060386684,0.03624038861060376,13.227741842870373,28.959929970481426,738.93,True,0.20042813564689432
SPY260807C00712000,2026-07-22 19:36:18+00:00,712.0,39.42,28.44,31.89,0.0,0.0,1.0,36,0.2585523364257813,True,REGULAR,USD,SPY,call,2026-08-07,738.93,2026-07-25T14:32:03.104776+00:00,30.165,3.4499999999999993,0.11437095972153155,0.9635554112026851,-0.037125282451651746,0.03624038861060376,13.227741842870373,27.961378535840822,738.93,True,0.19883432522666078
SPY260807C00713000,2026-07-24 14:45:38+00:00,713.0,28.96,27.56,31.02,-8.580002,-22.855625,1.0,1,0.2559583682250976,True,REGULAR,USD,SPY,call,2026-08-07,738.93,2026-07-25T14:32:03.104776+00:00,29.29,3.460000000000001,0.11812905428473885,0.9649087193644865,-0.03572177344933164,0.03624038861060376,13.227741842870373,26.962827101200105,738.93,True,0.19767338413930902
SPY260807C00714000,2026-07-23 17:42:47+00:00,714.0,28.8,26.75,30.15,0.0,0.0,1.0,11,0.2532728482055664,True,REGULAR,USD,SPY,call,2026-08-07,738.93,2026-07-25T14:32:03.104776+00:00,28.45,3.3999999999999986,0.11950790861159925,0.9662620275262881,-0.03432023152404314,0.03624038861060376,13.227741842870373,25.9642756665595,738.93,True,0.1973258251013532
SPY260807C00715000,2026-07-24 19:55:55+00:00,715.0,27.35,25.99,29.27,-0.8500004,-3.0141857,11.0,328,0.2502516381835937,True,REGULAR,USD,SPY,call,2026-08-07,738.93,2026-07-25T14:32:03.104776+00:00,27.63,3.280000000000001,0.11871154542164318,0.9676153356880896,-0.032920651169619945,0.03624038861060376,13.227741842870373,24.965724231918784,738.93,True,0.19728865020406922
SPY260807C00716000,2026-07-24 15:40:46+00:00,716.0,30.47,24.94,28.41,-4.5300007,-12.94286,2.0,6,0.2475661181640625,True,REGULAR,USD,SPY,call,2026-08-07,738.93,2026-07-25T14:32:03.104776+00:00,26.675,3.469999999999999,0.13008434864104962,0.9689686438498911,-0.031523026902981935,0.03624038861060376,13.227741842870373,23.967172797278067,738.93,True,0.19336296626613447
SPY260807C00717000,2026-07-24 15:41:20+00:00,717.0,29.2,24.08,27.55,4.0200005,15.965054,2.0,212,0.2447890463256836,True,REGULAR,USD,SPY,call,2026-08-07,738.93,2026-07-25T14:32:03.104776+00:00,25.814999999999998,3.4700000000000024,0.13441797404609734,0.9703219520116927,-0.030127353264007145,0.03624038861060376,13.227741842870373,22.968621362637464,738.93,True,0.19188023175677707
SPY260807C00718000,2026-07-24 19:01:24+00:00,718.0,25.37,23.31,26.3,-1.039999,-3.9378986,14.0,12,0.2335892071533203,True,REGULAR,USD,SPY,call,2026-08-07,738.93,2026-07-25T14:32:03.104776+00:00,24.805,2.990000000000002,0.12054021366659956,0.9716752601734941,-0.02873362481540339,0.03624038861060376,13.227741842870373,21.970069927996747,738.93,True,0.1863451354202979
SPY260807C00719000,2026-07-23 18:26:34+00:00,719.0,24.0,22.39,25.44,0.0,0.0,5.0,32,0.2307205834960937,True,REGULAR,USD,SPY,call,2026-08-07,738.93,2026-07-25T14:32:03.104776+00:00,23.915,3.0500000000000007,0.12753501986201132,0.9730285683352957,-0.027341836142580837,0.03624038861060376,13.227741842870373,20.97151849335603,738.93,True,0.18384245970487895
SPY260807C00720000,2026-07-24 19:28:44+00:00,720.0,22.76,21.66,23.95,0.0,0.0,11.0,217,0.2144548770141601,True,REGULAR,USD,SPY,call,2026-08-07,738.93,2026-07-25T14:32:03.104776+00:00,22.805,2.289999999999999,0.10041657531243145,0.9743818764970972,-0.025951981853526596,0.03624038861060376,13.227741842870373,19.972967058715426,738.93,True,0.17569340277664391
SPY260807C00721000,2026-07-21 16:54:47+00:00,721.0,31.67,20.72,23.78,0.0,0.0,10.0,16,0.2257767852783203,True,REGULAR,USD,SPY,call,2026-08-07,738.93,2026-07-25T14:32:03.104776+00:00,22.25,3.0600000000000023,0.13752808988764056,0.9757351846588987,-0.024564056578678467,0.03624038861060376,13.227741842870373,18.97441562407471,738.93,True,0.18118106569973141
SPY260807C00722000,2026-07-22 13:59:58+00:00,722.0,22.19,20.36,22.94,-8.309999,-27.2459,1.0,123,0.2229081616210937,True,REGULAR,USD,SPY,call,2026-08-07,738.93,2026-07-25T14:32:03.104776+00:00,21.65,2.580000000000002,0.11916859122401857,0.9770884928207003,-0.02317805497080127,0.03624038861060376,13.227741842870373,17.975864189434105,738.93,True,0.184936707631848
SPY260807C00723000,2026-07-23 17:24:09+00:00,723.0,22.0,19.56,22.12,0.0,0.0,1.0,20,0.2203141934204101,True,REGULAR,USD,SPY,call,2026-08-07,738.93,2026-07-25T14:32:03.104776+00:00,20.84,2.5600000000000023,0.12284069097888686,0.9784418009825018,-0.02179397170486288,0.03624038861060376,13.227741842870373,16.977312754793388,738.93,True,0.183476899951386
SPY260807C00724000,2026-07-24 14:39:24+00:00,724.0,19.88,18.76,21.31,-1.0100002,-4.8348503,2.0,7,0.2177812597656249,True,REGULAR,USD,SPY,call,2026-08-07,738.93,2026-07-25T14:32:03.104776+00:00,20.035,2.549999999999997,0.12727726478662327,0.9797951091443033,-0.020411801477911152,0.03624038861060376,13.227741842870373,15.978761320152671,738.93,True,0.18191797803197307
SPY260807C00725000,2026-07-24 15:30:24+00:00,725.0,21.47,17.98,20.5,2.289999,11.939515,5.0,309,0.2150652224731445,True,REGULAR,USD,SPY,call,2026-08-07,738.93,2026-07-25T14:32:03.104776+00:00,19.240000000000002,2.5199999999999996,0.13097713097713093,0.9811484173061048,-0.019031539008952807,0.03624038861060376,13.227741842870373,14.980209885512068,738.93,True,0.18036476686503017
SPY260807C00726000,2026-07-24 14:49:03+00:00,726.0,18.11,17.68,19.27,0.22000122,1.2297441,9.0,153,0.2041705560302734,True,REGULAR,USD,SPY,call,2026-08-07,738.93,2026-07-25T14:32:03.104776+00:00,18.475,1.5899999999999999,0.08606224627875506,0.9825017254679064,-0.01765317903883145,0.03624038861060376,13.227741842870373,13.98165845087135,738.93,True,0.17922856955834554
SPY260807C00727000,2026-07-24 15:55:25+00:00,727.0,20.54,16.91,18.48,2.17,11.812738,5.0,42,0.2016376223754882,True,REGULAR,USD,SPY,call,2026-08-07,738.93,2026-07-25T14:32:03.104776+00:00,17.695,1.5700000000000003,0.08872562870867479,0.9838550336297079,-0.016276716330108125,0.03624038861060376,13.227741842870373,12.983107016230747,738.93,True,0.1775464520223633
SPY260807C00728000,2026-07-24 15:36:45+00:00,728.0,19.59,16.15,17.7,3.4099998,21.075401,4.0,77,0.1991046887207031,True,REGULAR,USD,SPY,call,2026-08-07,738.93,2026-07-25T14:32:03.104776+00:00,16.924999999999997,1.5500000000000007,0.09158050221565738,0.9852083417915094,-0.014902145666941587,0.03624038861060376,13.227741842870373,11.98455558159003,738.93,True,0.17584664751007334
SPY260807C00729000,2026-07-24 18:43:11+00:00,729.0,15.92,15.4,16.93,-0.30999947,-1.91004,1.0,207,0.1966022723388671,True,REGULAR,USD,SPY,call,2026-08-07,738.93,2026-07-25T14:32:03.104776+00:00,16.165,1.5299999999999994,0.09464893287967828,0.986561649953311,-0.013529461854969362,0.03624038861060376,13.227741842870373,10.986004146949313,738.93,True,0.17412022463977128
SPY260807C00730000,2026-07-24 20:13:21+00:00,730.0,15.4,15.2,15.68,0.09999943,0.65359104,515.0,636,0.1850972604370117,True,REGULAR,USD,SPY,call,2026-08-07,738.93,2026-07-25T14:32:03.104776+00:00,15.44,0.4800000000000004,0.03108808290155443,0.9879149581151124,-0.012158659721190764,0.03624038861060376,13.227741842870373,9.98745271230871,738.93,True,0.17284724110352706
SPY260807C00731000,2026-07-24 20:04:54+00:00,731.0,14.6,13.94,15.42,-0.97999954,-6.2901125,3.0,191,0.1915974395751953,True,REGULAR,USD,SPY,call,2026-08-07,738.93,2026-07-25T14:32:03.104776+00:00,14.68,1.4800000000000004,0.10081743869209812,0.989268266276914,-0.010789734113849028,0.03624038861060376,13.227741842870373,8.988901277667992,738.93,True,0.17064913225631162
SPY260807C00732000,2026-07-24 19:56:25+00:00,732.0,13.76,13.22,14.69,0.8699999,6.749417,7.0,126,0.1892476095581055,True,REGULAR,USD,SPY,call,2026-08-07,738.93,2026-07-25T14:32:03.104776+00:00,13.955,1.4699999999999989,0.10533858831959862,0.9906215744387155,-0.009422679902316038,0.03624038861060376,13.227741842870373,7.9903498430273885,738.93,True,0.16888461189748466
SPY260807C00733000,2026-07-24 19:16:52+00:00,733.0,12.76,12.52,13.96,-0.52999973,-3.987959,10.0,42,0.186684158630371,True,REGULAR,USD,SPY,call,2026-08-07,738.93,2026-07-25T14:32:03.104776+00:00,13.24,1.4400000000000013,0.10876132930513605,0.991974882600517,-0.008057491976976059,0.03624038861060376,13.227741842870373,6.991798408386671,738.93,True,0.16705673687799877
SPY260807C00734000,2026-07-24 17:08:11+00:00,734.0,13.71,11.83,13.25,0.3699999,2.7736123,11.0,291,0.1842427767944335,True,REGULAR,USD,SPY,call,2026-08-07,738.93,2026-07-25T14:32:03.104776+00:00,12.54,1.42,0.11323763955342903,0.9933281907623186,-0.006694165249111924,0.03624038861060376,13.227741842870373,5.993246973745954,738.93,True,0.16524963616853816
SPY260807C00735000,2026-07-24 20:02:59+00:00,735.0,11.77,11.76,12.1,-1.4299994,-10.833328,1924.0,316,0.1738669039916992,True,REGULAR,USD,SPY,call,2026-08-07,738.93,2026-07-25T14:32:03.104776+00:00,11.93,0.33999999999999986,0.028499580888516333,0.9946814989241201,-0.005332694650790894,0.03624038861060376,13.227741842870373,4.994695539105351,738.93,True,0.1648248262667747
SPY260807C00736000,2026-07-24 20:07:11+00:00,736.0,11.1,10.84,11.47,-1.2999992,-10.483866,1891.0,258,0.1724325921630859,True,REGULAR,USD,SPY,call,2026-08-07,738.93,2026-07-25T14:32:03.104776+00:00,11.155000000000001,0.6300000000000008,0.05647691618108478,0.9960348070859216,-0.003973075134751286,0.03624038861060376,13.227741842870373,3.9961441044646335,738.93,True,0.16110724224198142
SPY260807C00737000,2026-07-24 20:06:13+00:00,737.0,10.4,10.48,10.57,-1.1600008,-10.034609,319.0,294,0.16602396484375,True,REGULAR,USD,SPY,call,2026-08-07,738.93,2026-07-25T14:32:03.104776+00:00,10.525,0.08999999999999986,0.008551068883610437,0.9973881152477231,-0.0026153016742909863,0.03624038861060376,13.227741842870373,2.9975926698239164,738.93,True,0.15974875487037749
SPY260807C00738000,2026-07-24 20:13:43+00:00,738.0,9.88,9.84,9.88,-1.1800003,-10.66908,514.0,530,0.1630332720947265,True,REGULAR,USD,SPY,call,2026-08-07,738.93,2026-07-25T14:32:03.104776+00:00,9.86,0.040000000000000924,0.004056795131845935,0.9987414234095247,-0.0012593692631550479,0.03624038861060376,13.227741842870373,1.999041235183313,738.93,True,0.1574646529525101
SPY260807C00739000,2026-07-24 20:13:19+00:00,739.0,9.23,9.21,9.26,-1.2200003,-11.674644,886.0,351,0.1609580975341797,False,REGULAR,USD,SPY,call,2026-08-07,738.93,2026-07-25T14:32:03.104776+00:00,9.235,0.049999999999998934,0.005414185165132533,1.0000947315713262,9.472708457427596e-05,0.03624038861060376,13.227741842870373,1.0004898005425957,738.93,True,0.15559547000160373
SPY260807C00740000,2026-07-24 20:13:28+00:00,740.0,8.63,8.61,8.64,-1.1700001,-11.938776,1978.0,5909,0.1586082675170898,False,REGULAR,USD,SPY,call,2026-08-07,738.93,2026-07-25T14:32:03.104776+00:00,8.625,0.030000000000001137,0.0034782608695653494,1.0014480397331278,0.0014469923345879852,0.03624038861060376,13.227741842870373,0.0019383659019922561,738.93,True,0.1536797226775093
SPY260807C00741000,2026-07-24 20:02:20+00:00,741.0,8.1,8.01,8.05,-1.04,-11.378555,584.0,494,0.1564720584106445,False,REGULAR,USD,SPY,call,2026-08-07,738.93,2026-07-25T14:32:03.104776+00:00,8.030000000000001,0.040000000000000924,0.004981320049813315,1.0028013478949291,0.002797431432459259,0.03624038861060376,13.227741842870373,0.0,738.93,True,0.15170599995266354
SPY260807C00742000,2026-07-24 20:05:35+00:00,742.0,7.34,7.43,7.47,0.010000229,0.13642877,593.0,544,0.1541832629394531,False,REGULAR,USD,SPY,call,2026-08-07,738.93,2026-07-25T14:32:03.104776+00:00,7.449999999999999,0.040000000000000036,0.005369127516778528,1.0041546560567307,0.0041460493037528655,0.03624038861060376,13.227741842870373,0.0,738.93,True,0.14966227612672672
SPY260807C00743000,2026-07-24 20:01:15+00:00,743.0,7.04,6.88,6.91,-0.69000006,-8.926262,716.0,561,0.1519249847412109,False,REGULAR,USD,SPY,call,2026-08-07,738.93,2026-07-25T14:32:03.104776+00:00,6.895,0.03000000000000025,0.004350978970268347,1.0055079642185323,0.005492850854131627,0.03624038861060376,13.227741842870373,0.0,738.93,True,0.14771533008469906
SPY260807C00744000,2026-07-24 20:13:55+00:00,744.0,6.4,6.34,6.38,-1.1100001,-14.780294,475.0,680,0.1498192929077148,False,REGULAR,USD,SPY,call,2026-08-07,738.93,2026-07-25T14:32:03.104776+00:00,6.359999999999999,0.040000000000000036,0.006289308176100635,1.0068612723803338,0.006837840969464374,0.03624038861060376,13.227741842870373,0.0,738.93,True,0.1457647064833903
SPY260807C00745000,2026-07-24 20:13:50+00:00,745.0,5.84,5.82,5.86,-1.04,-15.116279,2780.0,1603,0.1475610147094727,False,REGULAR,USD,SPY,call,2026-08-07,738.93,2026-07-25T14:32:03.104776+00:00,5.84,0.040000000000000036,0.006849315068493157,1.0082145805421354,0.008181024515932068,0.03624038861060376,13.227741842870373,0.0,738.93,True,0.14370762662128983
SPY260807C00746000,2026-07-24 19:50:06+00:00,746.0,5.5,5.33,5.36,-0.8200002,-12.974686,607.0,1978,0.1452722192382812,False,REGULAR,USD,SPY,call,2026-08-07,738.93,2026-07-25T14:32:03.104776+00:00,5.345000000000001,0.03000000000000025,0.005612722170252618,1.0095678887039368,0.00952240634013323,0.03624038861060376,13.227741842870373,0.0,738.93,True,0.14171451900300702
SPY260807C00747000,2026-07-24 20:14:46+00:00,747.0,4.87,4.85,4.89,-1.0500002,-17.73649,688.0,1566,0.1431360101318359,False,REGULAR,USD,SPY,call,2026-08-07,738.93,2026-07-25T14:32:03.104776+00:00,4.869999999999999,0.040000000000000036,0.008213552361396313,1.0109211968657383,0.010861991269189731,0.03624038861060376,13.227741842870373,0.0,738.93,True,0.13968308863259654
SPY260807C00748000,2026-07-24 20:13:15+00:00,748.0,4.4,4.4,4.43,-1.0999999,-19.999998,641.0,1221,0.1407556628417968,False,REGULAR,USD,SPY,call,2026-08-07,738.93,2026-07-25T14:32:03.104776+00:00,4.415,0.02999999999999936,0.006795016987542324,1.01227450502754,0.012199784110849713,0.03624038861060376,13.227741842870373,0.0,738.93,True,0.13760098617518884
SPY260807C00749000,2026-07-24 20:05:57+00:00,749.0,3.9,3.98,4.01,-1.04,-21.05263,493.0,1287,0.1387415228271484,False,REGULAR,USD,SPY,call,2026-08-07,738.93,2026-07-25T14:32:03.104776+00:00,3.995,0.029999999999999805,0.007509386733416722,1.0136278131893415,0.013535789653591992,0.03624038861060376,13.227741842870373,0.0,738.93,True,0.1357513976652569
SPY260807C00750000,2026-07-24 20:14:37+00:00,750.0,3.61,3.57,3.6,-0.97,-21.179039,2405.0,3970,0.136452727355957,False,REGULAR,USD,SPY,call,2026-08-07,738.93,2026-07-25T14:32:03.104776+00:00,3.585,0.03000000000000025,0.008368200836820152,1.014981121351143,0.014870012666728685,0.03624038861060376,13.227741842870373,0.0,738.93,True,0.13363727954555832
SPY260807C00751000,2026-07-24 19:59:27+00:00,751.0,3.15,3.2,3.22,-0.94000006,-22.982885,1020.0,1231,0.1342860009765625,False,REGULAR,USD,SPY,call,2026-08-07,738.93,2026-07-25T14:32:03.104776+00:00,3.21,0.020000000000000018,0.006230529595015582,1.0163344295129444,0.01620245790050713,0.03624038861060376,13.227741842870373,0.0,738.93,True,0.13175244572191575
SPY260807C00752000,2026-07-24 20:10:00+00:00,752.0,2.8,2.84,2.87,-0.96000004,-25.531916,2209.0,2683,0.132271860961914,False,REGULAR,USD,SPY,call,2026-08-07,738.93,2026-07-25T14:32:03.104776+00:00,2.855,0.03000000000000025,0.010507880910683099,1.017687737674746,0.017533130086212254,0.03624038861060376,13.227741842870373,0.0,738.93,True,0.12978960870059852
SPY260807C00753000,2026-07-24 20:07:22+00:00,753.0,2.5,2.51,2.54,-0.8900001,-26.253689,1251.0,1527,0.1301966864013671,False,REGULAR,USD,SPY,call,2026-08-07,738.93,2026-07-25T14:32:03.104776+00:00,2.525,0.03000000000000025,0.01188118811881198,1.0190410458365475,0.018862033936266055,0.03624038861060376,13.227741842870373,0.0,738.93,True,0.1278507817525295
SPY260807C00754000,2026-07-24 19:42:51+00:00,754.0,2.15,2.21,2.24,-0.8699999,-28.807943,410.0,1181,0.1282740982055664,False,REGULAR,USD,SPY,call,2026-08-07,738.93,2026-07-25T14:32:03.104776+00:00,2.225,0.03000000000000025,0.013483146067415842,1.020394353998349,0.02018917414432859,0.03624038861060376,13.227741842870373,0.0,738.93,True,0.12605924547744587
SPY260807C00755000,2026-07-24 20:14:21+00:00,755.0,1.98,1.93,1.96,-0.70000005,-26.119406,2297.0,3017,0.1262904754638671,False,REGULAR,USD,SPY,call,2026-08-07,738.93,2026-07-25T14:32:03.104776+00:00,1.9449999999999998,0.030000000000000027,0.01542416452442161,1.0217476621601504,0.021514555385397052,0.03624038861060376,13.227741842870373,0.0,738.93,True,0.12418998132686873
SPY260807C00756000,2026-07-24 20:11:25+00:00,756.0,1.66,1.68,1.7,-0.36,-17.821783,264.0,1123,0.1242153009033203,False,REGULAR,USD,SPY,call,2026-08-07,738.93,2026-07-25T14:32:03.104776+00:00,1.69,0.020000000000000018,0.011834319526627229,1.023100970321952,0.02283818231590539,0.03624038861060376,13.227741842870373,0.0,738.93,True,0.12237090497564689
SPY260807C00757000,2026-07-24 20:14:17+00:00,757.0,1.49,1.45,1.47,-0.6299999,-29.716978,1214.0,1676,0.1223232299804687,False,REGULAR,USD,SPY,call,2026-08-07,738.93,2026-07-25T14:32:03.104776+00:00,1.46,0.020000000000000018,0.013698630136986314,1.0244542784837536,0.024160059573821214,0.03624038861060376,13.227741842870373,0.0,738.93,True,0.1206240596605595
SPY260807C00758000,2026-07-24 20:14:45+00:00,758.0,1.26,1.25,1.27,-0.61,-32.620323,816.0,1212,0.1207363317871093,False,REGULAR,USD,SPY,call,2026-08-07,738.93,2026-07-25T14:32:03.104776+00:00,1.26,0.020000000000000018,0.015873015873015886,1.0258075866455552,0.025480191778744138,0.03624038861060376,13.227741842870373,0.0,738.93,True,0.11913737750842854
SPY260807C00759000,2026-07-24 19:58:36+00:00,759.0,1.09,1.06,1.08,-0.42999995,-28.28947,302.0,500,0.1188442608642578,False,REGULAR,USD,SPY,call,2026-08-07,738.93,2026-07-25T14:32:03.104776+00:00,1.07,0.020000000000000018,0.018691588785046745,1.0271608948073567,0.026798583532002453,0.03624038861060376,13.227741842870373,0.0,738.93,True,0.11732961032138371
SPY260807C00760000,2026-07-24 20:06:12+00:00,760.0,0.89,0.9,0.92,-0.51,-36.42857,1609.0,9903,0.1173183972167968,False,REGULAR,USD,SPY,call,2026-08-07,738.93,2026-07-25T14:32:03.104776+00:00,0.91,0.020000000000000018,0.021978021978021997,1.028514202969158,0.028115239416749118,0.03624038861060376,13.227741842870373,0.0,738.93,True,0.1158732037138685
SPY260807C00761000,2026-07-24 20:07:05+00:00,761.0,0.76,0.76,0.78,-0.46000004,-37.70492,286.0,718,0.1158535681152343,False,REGULAR,USD,SPY,call,2026-08-07,738.93,2026-07-25T14:32:03.104776+00:00,0.77,0.020000000000000018,0.025974025974025997,1.0298675111309596,0.029430163998058236,0.03624038861060376,13.227741842870373,0.0,738.93,True,0.11450827508379612
SPY260807C00762000,2026-07-24 20:10:38+00:00,762.0,0.63,0.64,0.65,-0.46000004,-42.20184,828.0,1197,0.1141446008300781,False,REGULAR,USD,SPY,call,2026-08-07,738.93,2026-07-25T14:32:03.104776+00:00,0.645,0.010000000000000009,0.015503875968992262,1.0312208192927612,0.030743361823018716,0.03624038861060376,13.227741842870373,0.0,738.93,True,0.11308650319175075
SPY260807C00763000,2026-07-24 20:14:59+00:00,763.0,0.54,0.53,0.55,-0.35999995,-39.999996,392.0,849,0.1131680480957031,False,REGULAR,USD,SPY,call,2026-08-07,738.93,2026-07-25T14:32:03.104776+00:00,0.54,0.020000000000000018,0.03703703703703707,1.0325741274545628,0.03205483742082949,0.03624038861060376,13.227741842870373,0.0,738.93,True,0.11188673643818149
SPY260807C00764000,2026-07-24 19:57:21+00:00,764.0,0.45,0.44,0.46,-0.32999998,-42.307693,579.0,468,0.1119473571777343,False,REGULAR,USD,SPY,call,2026-08-07,738.93,2026-07-25T14:32:03.104776+00:00,0.45,0.020000000000000018,0.04444444444444448,1.0339274356163644,0.03336459530289303,0.03624038861060376,13.227741842870373,0.0,738.93,True,0.11077475147632626
SPY260807C00765000,2026-07-24 20:14:17+00:00,765.0,0.39,0.36,0.38,-0.21000004,-35.000004,3849.0,4911,0.1107266662597656,False,REGULAR,USD,SPY,call,2026-08-07,738.93,2026-07-25T14:32:03.104776+00:00,0.37,0.020000000000000018,0.054054054054054106,1.0352807437781657,0.0346726399629082,0.03624038861060376,13.227741842870373,0.0,738.93,True,0.10954017422018641
SPY260807C00766000,2026-07-24 20:04:32+00:00,766.0,0.31,0.3,0.31,-0.25,-44.642857,305.0,1050,0.10938390625,False,REGULAR,USD,SPY,call,2026-08-07,738.93,2026-07-25T14:32:03.104776+00:00,0.305,0.010000000000000009,0.03278688524590167,1.0366340519399673,0.035978975876963706,0.03624038861060376,13.227741842870373,0.0,738.93,True,0.10856116579724595
SPY260807C00767000,2026-07-24 20:08:19+00:00,767.0,0.24,0.25,0.26,-0.19000001,-44.18605,356.0,639,0.1088956298828125,False,REGULAR,USD,SPY,call,2026-08-07,738.93,2026-07-25T14:32:03.104776+00:00,0.255,0.010000000000000009,0.03921568627450984,1.0379873601017688,0.037283607503628635,0.03624038861060376,13.227741842870373,0.0,738.93,True,0.10803391159691686
SPY260807C00768000,2026-07-24 20:14:17+00:00,768.0,0.21,0.2,0.21,-0.15000002,-41.66667,1145.0,581,0.1076749389648437,False,REGULAR,USD,SPY,call,2026-08-07,738.93,2026-07-25T14:32:03.104776+00:00,0.20500000000000002,0.009999999999999981,0.04878048780487795,1.0393406682635704,0.03858653928404466,0.03624038861060376,13.227741842870373,0.0,738.93,True,0.10686625567514496
SPY260807C00769000,2026-07-24 19:59:45+00:00,769.0,0.16,0.17,0.18,-0.15,-48.3871,729.0,1038,0.1076749389648437,False,REGULAR,USD,SPY,call,2026-08-07,738.93,2026-07-25T14:32:03.104776+00:00,0.175,0.009999999999999981,0.05714285714285704,1.040693976425372,0.03988777564201651,0.03624038861060376,13.227741842870373,0.0,738.93,True,0.10695840536886037
SPY260807C00770000,2026-07-24 19:56:37+00:00,770.0,0.14,0.14,0.15,-0.14,-50.0,1016.0,2063,0.10743080078125,False,REGULAR,USD,SPY,call,2026-08-07,738.93,2026-07-25T14:32:03.104776+00:00,0.14500000000000002,0.009999999999999981,0.06896551724137917,1.0420472845871733,0.041187320984101904,0.03624038861060376,13.227741842870373,0.0,738.93,True,0.10657955506280903
SPY260807C00771000,2026-07-24 17:53:12+00:00,771.0,0.17,0.11,0.12,0.0,0.0,339.0,1314,0.106454248046875,False,REGULAR,USD,SPY,call,2026-08-07,738.93,2026-07-25T14:32:03.104776+00:00,0.11499999999999999,0.009999999999999995,0.0869565217391304,1.043400592748975,0.042485179699701905,0.03624038861060376,13.227741842870373,0.0,738.93,True,0.1055748281721142
SPY260807C00772000,2026-07-24 20:14:02+00:00,772.0,0.1,0.09,0.1,-0.089999996,-47.36842,288.0,831,0.1062101098632812,False,REGULAR,USD,SPY,call,2026-08-07,738.93,2026-07-25T14:32:03.104776+00:00,0.095,0.010000000000000009,0.10526315789473693,1.0447539009107765,0.04378135616114863,0.03624038861060376,13.227741842870373,0.0,738.93,True,0.10534393705390022
SPY260807C00773000,2026-07-24 19:41:44+00:00,773.0,0.07,0.08,0.09,-0.049999997,-41.666664,296.0,791,0.1071866625976562,False,REGULAR,USD,SPY,call,2026-08-07,738.93,2026-07-25T14:32:03.104776+00:00,0.08499999999999999,0.009999999999999995,0.11764705882352937,1.046107209072578,0.04507585472379446,0.03624038861060376,13.227741842870373,0.0,738.93,True,0.10636902498031037
SPY260807C00774000,2026-07-24 19:09:35+00:00,774.0,0.07,0.07,0.08,-0.07,-50.0,106.0,848,0.1079190771484375,False,REGULAR,USD,SPY,call,2026-08-07,738.93,2026-07-25T14:32:03.104776+00:00,0.07500000000000001,0.009999999999999995,0.13333333333333325,1.0474605172343796,0.04636867972609966,0.03624038861060376,13.227741842870373,0.0,738.93,True,0.10717436738918906
SPY260807C00775000,2026-07-24 20:14:17+00:00,775.0,0.06,0.06,0.07,-0.040000003,-40.000004,528.0,1530,0.108407353515625,False,REGULAR,USD,SPY,call,2026-08-07,738.93,2026-07-25T14:32:03.104776+00:00,0.065,0.010000000000000009,0.15384615384615397,1.048813825396181,0.047659835489719374,0.03624038861060376,13.227741842870373,0.0,738.93,True,0.10771671366882138
SPY260807C00776000,2026-07-24 20:14:59+00:00,776.0,0.05,0.05,0.06,-0.029999997,-37.499996,128.0,534,0.1088956298828125,False,REGULAR,USD,SPY,call,2026-08-07,738.93,2026-07-25T14:32:03.104776+00:00,0.055,0.009999999999999995,0.18181818181818174,1.0501671335579825,0.04894932631959117,0.03624038861060376,13.227741842870373,0.0,738.93,True,0.1079333485695757
SPY260807C00777000,2026-07-24 19:34:37+00:00,777.0,0.04,0.04,0.05,-0.04,-50.0,34.0,1423,0.1088956298828125,False,REGULAR,USD,SPY,call,2026-08-07,738.93,2026-07-25T14:32:03.104776+00:00,0.045,0.010000000000000002,0.22222222222222227,1.051520441719784,0.0502371565040199,0.03624038861060376,13.227741842870373,0.0,738.93,True,0.10772779640524277
SPY260807C00778000,2026-07-24 19:46:35+00:00,778.0,0.04,0.04,0.05,-0.02,-33.333336,46.0,877,0.1113370117187499,False,REGULAR,USD,SPY,call,2026-08-07,738.93,2026-07-25T14:32:03.104776+00:00,0.045,0.010000000000000002,0.22222222222222227,1.0528737498815857,0.05152333031476411,0.03624038861060376,13.227741842870373,0.0,738.93,True,0.11020647368894332
SPY260807C00779000,2026-07-24 18:32:53+00:00,779.0,0.04,0.03,0.04,-0.010000002,-20.000004,6.0,1242,0.1103604589843749,False,REGULAR,USD,SPY,call,2026-08-07,738.93,2026-07-25T14:32:03.104776+00:00,0.035,0.010000000000000002,0.28571428571428575,1.0542270580433872,0.05280785200712081,0.03624038861060376,13.227741842870373,0.0,738.93,True,0.10934942426106334
SPY260807C00780000,2026-07-24 18:57:40+00:00,780.0,0.03,0.03,0.04,-0.01,-25.0,242.0,1536,0.1132901171875,False,REGULAR,USD,SPY,call,2026-08-07,738.93,2026-07-25T14:32:03.104776+00:00,0.035,0.010000000000000002,0.28571428571428575,1.0555803662051886,0.0540907258200098,0.03624038861060376,13.227741842870373,0.0,738.93,True,0.1117512395080533
SPY260807C00781000,2026-07-24 16:14:36+00:00,781.0,0.06,0.03,0.04,0.02,50.0,441.0,945,0.11524322265625,False,REGULAR,USD,SPY,call,2026-08-07,738.93,2026-07-25T14:32:03.104776+00:00,0.035,0.010000000000000002,0.28571428571428575,1.0569336743669902,0.055371955976058394,0.03624038861060376,13.227741842870373,0.0,738.93,True,0.1141442165055778
SPY260807C00782000,2026-07-24 18:26:38+00:00,782.0,0.03,0.02,0.03,-0.01,-25.0,14.0,596,0.114266669921875,False,REGULAR,USD,SPY,call,2026-08-07,738.93,2026-07-25T14:32:03.104776+00:00,0.025,0.009999999999999998,0.3999999999999999,1.0582869825287917,0.05665154668168355,0.03624038861060376,13.227741842870373,0.0,738.93,True,0.1122222558059618
SPY260807C00783000,2026-07-24 18:57:06+00:00,783.0,0.02,0.02,0.03,-0.01,-33.333336,39.0,599,0.116219775390625,False,REGULAR,USD,SPY,call,2026-08-07,738.93,2026-07-25T14:32:03.104776+00:00,0.025,0.009999999999999998,0.3999999999999999,1.0596402906905933,0.05792950212717561,0.03624038861060376,13.227741842870373,0.0,738.93,True,0.11452735322292149
SPY260807C00784000,2026-07-24 15:36:37+00:00,784.0,0.04,0.02,0.03,0.02,100.0,31.0,848,0.118172880859375,False,REGULAR,USD,SPY,call,2026-08-07,738.93,2026-07-25T14:32:03.104776+00:00,0.025,0.009999999999999998,0.3999999999999999,1.0609935988523949,0.059205826486780404,0.03624038861060376,13.227741842870373,0.0,738.93,True,0.11682464615826682
SPY260807C00785000,2026-07-24 19:56:08+00:00,785.0,0.02,0.02,0.03,-0.01,-33.333336,79.0,1202,0.1211025390625,False,REGULAR,USD,SPY,call,2026-08-07,738.93,2026-07-25T14:32:03.104776+00:00,0.025,0.009999999999999998,0.3999999999999999,1.0623469070141962,0.060480523918780824,0.03624038861060376,13.227741842870373,0.0,738.93,True,0.11911427431035601
SPY260807P00595000,2026-07-24 16:48:02+00:00,595.0,0.11,0.13,0.14,-0.060000002,-35.294117,90.0,458,0.4526421923828125,False,REGULAR,USD,SPY,put,2026-08-07,738.93,2026-07-25T14:32:03.104776+00:00,0.135,0.010000000000000009,0.07407407407407414,0.8052183562719067,-0.21664178831799777,0.03624038861060376,13.227741842870373,0.0,594.1381036112004,True,0.4664916671474427
SPY260807P00600000,2026-07-24 19:16:36+00:00,600.0,0.17,0.14,0.15,0.0,0.0,96.0,959,0.4404352832031249,False,REGULAR,USD,SPY,put,2026-08-07,738.93,2026-07-25T14:32:03.104776+00:00,0.14500000000000002,0.009999999999999981,0.06896551724137917,0.8119848970809144,-0.20827353864748116,0.03624038861060376,13.227741842870373,0.0,599.1308607844038,True,0.4542825288936393
SPY260807P00605000,2026-07-24 19:22:01+00:00,605.0,0.18,0.15,0.16,0.0,0.0,168.0,161,0.4282283740234375,False,REGULAR,USD,SPY,put,2026-08-07,738.93,2026-07-25T14:32:03.104776+00:00,0.155,0.010000000000000009,0.06451612903225812,0.818751437889922,-0.19997473583278605,0.03624038861060376,13.227741842870373,0.0,604.1236179576072,True,0.44175906002054366
SPY260807P00610000,2026-07-24 19:56:49+00:00,610.0,0.18,0.16,0.17,-0.019999996,-9.999998,9.0,472,0.4160214648437499,False,REGULAR,USD,SPY,put,2026-08-07,738.93,2026-07-25T14:32:03.104776+00:00,0.165,0.010000000000000009,0.060606060606060656,0.8255179786989296,-0.19174423669627058,0.03624038861060376,13.227741842870373,0.0,609.1163751308105,True,0.42895385215513593
SPY260807P00615000,2026-07-23 19:46:05+00:00,615.0,0.26,0.18,0.19,0.0,0.0,13.0,204,0.4057676611328125,False,REGULAR,USD,SPY,put,2026-08-07,738.93,2026-07-25T14:32:03.104776+00:00,0.185,0.010000000000000009,0.054054054054054106,0.8322845195079372,-0.18358092605710963,0.03624038861060376,13.227741842870373,0.0,614.1091323040139,True,0.4188382754076142
SPY260807P00620000,2026-07-24 17:15:13+00:00,620.0,0.18,0.19,0.2,-0.059999987,-24.999996,131.0,221,0.39258419921875,False,REGULAR,USD,SPY,put,2026-08-07,738.93,2026-07-25T14:32:03.104776+00:00,0.195,0.010000000000000009,0.05128205128205133,0.8390510603169449,-0.17548371582449027,0.03624038861060376,13.227741842870373,0.0,619.1018894772172,True,0.40534806129912665
SPY260807P00625000,2026-07-24 20:14:57+00:00,625.0,0.21,0.21,0.22,-0.08,-27.586206,15.0,424,0.3813538427734374,False,REGULAR,USD,SPY,put,2026-08-07,738.93,2026-07-25T14:32:03.104776+00:00,0.215,0.010000000000000009,0.046511627906976785,0.8458176011259525,-0.167451544127226,0.03624038861060376,13.227741842870373,0.0,624.0946466504206,True,0.3941426045266371
SPY260807P00630000,2026-07-24 17:39:46+00:00,630.0,0.21,0.23,0.24,-0.12000002,-36.36364,107.0,1129,0.3696352099609374,False,REGULAR,USD,SPY,put,2026-08-07,738.93,2026-07-25T14:32:03.104776+00:00,0.235,0.009999999999999981,0.042553191489361625,0.85258414193496,-0.15948337447804922,0.03624038861060376,13.227741842870373,0.0,629.087403823624,True,0.38236782572153677
SPY260807P00635000,2026-07-24 16:46:35+00:00,635.0,0.21,0.25,0.26,-0.15000002,-41.66667,97.0,1360,0.3579165771484375,False,REGULAR,USD,SPY,put,2026-08-07,738.93,2026-07-25T14:32:03.104776+00:00,0.255,0.010000000000000009,0.03921568627450984,0.8593506827439676,-0.15157819497093594,0.03624038861060376,13.227741842870373,0.0,634.0801609968273,True,0.3700928709145486
SPY260807P00640000,2026-07-23 13:30:00+00:00,640.0,0.38,0.27,0.28,0.0,0.0,2.0,1686,0.3452213916015625,False,REGULAR,USD,SPY,put,2026-08-07,738.93,2026-07-25T14:32:03.104776+00:00,0.275,0.010000000000000009,0.03636363636363639,0.8661172235529753,-0.14373501750991005,0.03624038861060376,13.227741842870373,0.0,639.0729181700307,True,0.3573712352636596
SPY260807P00645000,2026-07-24 17:00:26+00:00,645.0,0.26,0.3,0.31,-0.21000001,-44.68085,50.0,725,0.33399103515625,False,REGULAR,USD,SPY,put,2026-08-07,738.93,2026-07-25T14:32:03.104776+00:00,0.305,0.010000000000000009,0.03278688524590167,0.8728837643619829,-0.13595287706785508,0.03624038861060376,13.227741842870373,0.0,644.065675343234,True,0.34594613541910135
SPY260807P00650000,2026-07-24 20:12:44+00:00,650.0,0.34,0.33,0.34,-0.07999998,-19.047615,1678.0,3142,0.3222724023437499,False,REGULAR,USD,SPY,put,2026-08-07,738.93,2026-07-25T14:32:03.104776+00:00,0.335,0.010000000000000009,0.02985074626865674,0.8796503051709905,-0.12823083097394478,0.03624038861060376,13.227741842870373,0.0,649.0584325164374,True,0.33385576405287254
SPY260807P00655000,2026-07-24 18:42:36+00:00,655.0,0.43,0.37,0.38,-0.14999998,-25.862064,50.0,827,0.3110420458984374,False,REGULAR,USD,SPY,put,2026-08-07,738.93,2026-07-25T14:32:03.104776+00:00,0.375,0.010000000000000009,0.02666666666666669,0.8864168459799981,-0.12056795822837565,0.03624038861060376,13.227741842870373,0.0,654.0511896896408,True,0.3225517128357403
SPY260807P00660000,2026-07-24 20:01:59+00:00,660.0,0.41,0.41,0.42,-0.119999975,-22.641506,48.0,1589,0.2990792749023437,False,REGULAR,USD,SPY,put,2026-08-07,738.93,2026-07-25T14:32:03.104776+00:00,0.415,0.010000000000000009,0.024096385542168697,0.8931833867890058,-0.11296335884315634,0.03624038861060376,13.227741842870373,0.0,659.0439468628441,True,0.3104578955766744
SPY260807P00665000,2026-07-24 20:14:57+00:00,665.0,0.47,0.46,0.47,-0.15,-24.19355,572.0,3320,0.2876047802734374,False,REGULAR,USD,SPY,put,2026-08-07,738.93,2026-07-25T14:32:03.104776+00:00,0.46499999999999997,0.009999999999999953,0.021505376344085923,0.8999499275980134,-0.10541615320777341,0.03624038861060376,13.227741842870373,0.0,664.0367040360476,True,0.2987706354647134
SPY260807P00670000,2026-07-24 20:07:20+00:00,670.0,0.54,0.52,0.54,-0.26999998,-33.333332,430.0,2872,0.277228907470703,False,REGULAR,USD,SPY,put,2026-08-07,738.93,2026-07-25T14:32:03.104776+00:00,0.53,0.020000000000000018,0.03773584905660381,0.906716468407021,-0.09792548147861581,0.03624038861060376,13.227741842870373,0.0,669.0294612092509,True,0.28770716577524597
SPY260807P00675000,2026-07-24 20:08:47+00:00,675.0,0.62,0.6,0.61,-0.13,-17.333334,5470.0,8958,0.26563234375,False,REGULAR,USD,SPY,put,2026-08-07,738.93,2026-07-25T14:32:03.104776+00:00,0.605,0.010000000000000009,0.016528925619834725,0.9134830092160287,-0.09049050299109772,0.03624038861060376,13.227741842870373,0.0,674.0222183824543,True,0.2764471719278476
SPY260807P00680000,2026-07-24 20:07:20+00:00,680.0,0.71,0.7,0.71,-0.34999996,-33.018867,819.0,3035,0.2552564709472656,False,REGULAR,USD,SPY,put,2026-08-07,738.93,2026-07-25T14:32:03.104776+00:00,0.705,0.010000000000000009,0.014184397163120581,0.9202495500250363,-0.08311039569347514,0.03624038861060376,13.227741842870373,0.0,679.0149755556577,True,0.26596334797966603
SPY260807P00685000,2026-07-24 19:46:32+00:00,685.0,0.91,0.82,0.84,-0.23999995,-20.869562,218.0,1962,0.2454909436035156,False,REGULAR,USD,SPY,put,2026-08-07,738.93,2026-07-25T14:32:03.104776+00:00,0.83,0.020000000000000018,0.024096385542168697,0.9270160908340439,-0.07578435560140223,0.03624038861060376,13.227741842870373,0.0,684.007732728861,True,0.2557126212196056
SPY260807P00686000,2026-07-24 19:49:59+00:00,686.0,0.91,0.85,0.87,-0.37999994,-29.457361,79.0,245,0.2435378381347656,False,REGULAR,USD,SPY,put,2026-08-07,738.93,2026-07-25T14:32:03.104776+00:00,0.86,0.020000000000000018,0.023255813953488393,0.9283693989958454,-0.07432556613774237,0.03624038861060376,13.227741842870373,0.0,685.0062841635016,True,0.25377855100063507
SPY260807P00687000,2026-07-24 19:49:59+00:00,687.0,0.96,0.88,0.9,-0.39000005,-28.888893,49.0,198,0.2415847326660156,False,REGULAR,USD,SPY,put,2026-08-07,738.93,2026-07-25T14:32:03.104776+00:00,0.89,0.020000000000000018,0.02247191011235957,0.9297227071576469,-0.07286890164127821,0.03624038861060376,13.227741842870373,0.0,686.0048355981423,True,0.2517653684372332
SPY260807P00688000,2026-07-24 17:41:02+00:00,688.0,0.78,0.91,0.93,-0.65,-45.454548,75.0,956,0.2395095581054687,False,REGULAR,USD,SPY,put,2026-08-07,738.93,2026-07-25T14:32:03.104776+00:00,0.92,0.020000000000000018,0.021739130434782625,0.9310760153194485,-0.07141435593028383,0.03624038861060376,13.227741842870373,0.0,687.003387032783,True,0.2496759815835573
SPY260807P00689000,2026-07-24 19:51:45+00:00,689.0,1.04,0.95,0.96,-0.34000003,-24.637684,262.0,334,0.2373123144531249,False,REGULAR,USD,SPY,put,2026-08-07,738.93,2026-07-25T14:32:03.104776+00:00,0.955,0.010000000000000009,0.010471204188481685,0.93242932348125,-0.069961922849969,0.03624038861060376,13.227741842870373,0.0,688.0019384674237,True,0.2478038640940129
SPY260807P00690000,2026-07-24 20:11:10+00:00,690.0,1.0,0.98,1.0,-0.26999998,-21.259842,204.0,2126,0.2356033471679687,False,REGULAR,USD,SPY,put,2026-08-07,738.93,2026-07-25T14:32:03.104776+00:00,0.99,0.020000000000000018,0.02020202020202022,0.9337826316430515,-0.06851159627232245,0.03624038861060376,13.227741842870373,0.0,689.0004899020644,True,0.24584448169667994
SPY260807P00691000,2026-07-24 16:47:33+00:00,691.0,0.83,1.02,1.04,-0.65000004,-43.91892,145.0,582,0.2338943798828124,False,REGULAR,USD,SPY,put,2026-08-07,738.93,2026-07-25T14:32:03.104776+00:00,1.03,0.020000000000000018,0.019417475728155355,0.935135939804853,-0.06706337009595768,0.03624038861060376,13.227741842870373,0.0,689.999041336705,True,0.2440749941881023
SPY260807P00692000,2026-07-24 19:40:36+00:00,692.0,1.16,1.06,1.08,-0.48000002,-29.268295,192.0,761,0.2320023089599609,False,REGULAR,USD,SPY,put,2026-08-07,738.93,2026-07-25T14:32:03.104776+00:00,1.07,0.020000000000000018,0.018691588785046745,0.9364892479666546,-0.06561723824595797,0.03624038861060376,13.227741842870373,0.0,690.9975927713457,True,0.24220890759309893
SPY260807P00693000,2026-07-24 19:53:41+00:00,693.0,1.18,1.1,1.12,-0.48000002,-28.915665,5262.0,5470,0.2300492034912109,False,REGULAR,USD,SPY,put,2026-08-07,738.93,2026-07-25T14:32:03.104776+00:00,1.11,0.020000000000000018,0.018018018018018032,0.9378425561284561,-0.06417319467372426,0.03624038861060376,13.227741842870373,0.0,691.9961442059864,True,0.24025010028734078
SPY260807P00694000,2026-07-24 19:35:42+00:00,694.0,1.09,1.14,1.16,-0.55999994,-33.939392,203.0,1005,0.2280350634765625,False,REGULAR,USD,SPY,put,2026-08-07,738.93,2026-07-25T14:32:03.104776+00:00,1.15,0.020000000000000018,0.017391304347826105,0.9391958642902576,-0.06273123335682305,0.03624038861060376,13.227741842870373,0.0,692.994695640627,True,0.2382020344618066
SPY260807P00695000,2026-07-24 19:59:33+00:00,695.0,1.17,1.19,1.21,-0.2700001,-18.750006,614.0,2812,0.2263260961914062,False,REGULAR,USD,SPY,put,2026-08-07,738.93,2026-07-25T14:32:03.104776+00:00,1.2,0.020000000000000018,0.016666666666666684,0.9405491724520592,-0.061291348298835376,0.03624038861060376,13.227741842870373,0.0,693.9932470752677,True,0.23655419977605435
SPY260807P00696000,2026-07-24 19:52:59+00:00,696.0,1.35,1.24,1.26,-0.41999996,-23.728811,105.0,365,0.2246171289062499,False,REGULAR,USD,SPY,put,2026-08-07,738.93,2026-07-25T14:32:03.104776+00:00,1.25,0.020000000000000018,0.016000000000000014,0.9419024806138606,-0.059853533529207935,0.03624038861060376,13.227741842870373,0.0,694.9917985099083,True,0.23479517509243342
SPY260807P00697000,2026-07-24 19:53:20+00:00,697.0,1.4,1.29,1.31,-0.5,-26.31579,404.0,2010,0.2227250579833984,False,REGULAR,USD,SPY,put,2026-08-07,738.93,2026-07-25T14:32:03.104776+00:00,1.3,0.020000000000000018,0.015384615384615398,0.9432557887756622,-0.058417783103103645,0.03624038861060376,13.227741842870373,0.0,695.990349944549,True,0.23292963739556263
SPY260807P00698000,2026-07-24 19:59:33+00:00,698.0,1.32,1.34,1.36,-0.67999995,-33.999996,174.0,1666,0.2207719525146484,False,REGULAR,USD,SPY,put,2026-08-07,738.93,2026-07-25T14:32:03.104776+00:00,1.35,0.020000000000000018,0.014814814814814828,0.9446090969374636,-0.05698409110125513,0.03624038861060376,13.227741842870373,0.0,696.9889013791898,True,0.230961716518158
SPY260807P00699000,2026-07-24 19:29:29+00:00,699.0,1.45,1.4,1.42,-0.6099999,-29.611647,72.0,958,0.2191240197753906,False,REGULAR,USD,SPY,put,2026-08-07,738.93,2026-07-25T14:32:03.104776+00:00,1.41,0.020000000000000018,0.014184397163120581,0.9459624050992652,-0.0555524516298173,0.03624038861060376,13.227741842870373,0.0,697.9874528138304,True,0.22932585980247297
SPY260807P00700000,2026-07-24 20:14:32+00:00,700.0,1.47,1.46,1.48,-0.26999998,-15.517241,4496.0,5090,0.2173540179443359,False,REGULAR,USD,SPY,put,2026-08-07,738.93,2026-07-25T14:32:03.104776+00:00,1.47,0.020000000000000018,0.01360544217687076,0.9473157132610668,-0.05412285882022283,0.03624038861060376,13.227741842870373,0.0,698.9860042484711,True,0.22756991313934544
SPY260807P00701000,2026-07-24 19:57:00+00:00,701.0,1.57,1.52,1.54,-0.59000003,-27.314816,43.0,1240,0.2154619470214843,False,REGULAR,USD,SPY,put,2026-08-07,738.93,2026-07-25T14:32:03.104776+00:00,1.53,0.020000000000000018,0.013071895424836612,0.9486690214228682,-0.05269530682903748,0.03624038861060376,13.227741842870373,0.0,699.9845556831118,True,0.22569874909109605
SPY260807P00702000,2026-07-24 19:59:00+00:00,702.0,1.56,1.58,1.61,-0.69000006,-30.66667,967.0,960,0.213875048828125,False,REGULAR,USD,SPY,put,2026-08-07,738.93,2026-07-25T14:32:03.104776+00:00,1.5950000000000002,0.030000000000000027,0.0188087774294671,0.9500223295846698,-0.0512697898378164,0.03624038861060376,13.227741842870373,0.0,700.9831071177524,True,0.22391336623765518
SPY260807P00703000,2026-07-24 19:58:37+00:00,703.0,1.63,1.65,1.68,-0.39,-19.30693,244.0,4947,0.2121660815429687,False,REGULAR,USD,SPY,put,2026-08-07,738.93,2026-07-25T14:32:03.104776+00:00,1.665,0.030000000000000027,0.018018018018018035,0.9513756377464713,-0.049846302052962685,0.03624038861060376,13.227741842870373,0.0,701.9816585523931,True,0.22220062827673526
SPY260807P00704000,2026-07-24 20:00:19+00:00,704.0,1.7,1.73,1.75,-0.78,-31.451612,198.0,871,0.2102740106201172,False,REGULAR,USD,SPY,put,2026-08-07,738.93,2026-07-25T14:32:03.104776+00:00,1.74,0.020000000000000018,0.011494252873563229,0.9527289459082728,-0.048424837705585144,0.03624038861060376,13.227741842870373,0.0,702.9802099870337,True,0.22054818587346658
SPY260807P00705000,2026-07-24 20:03:02+00:00,705.0,1.81,1.8,1.83,-0.28999996,-13.809523,457.0,2311,0.2086260778808593,False,REGULAR,USD,SPY,put,2026-08-07,738.93,2026-07-25T14:32:03.104776+00:00,1.815,0.030000000000000027,0.016528925619834725,0.9540822540700744,-0.04700539105135884,0.03624038861060376,13.227741842870373,0.0,703.9787614216744,True,0.2187649351662186
SPY260807P00706000,2026-07-24 20:01:25+00:00,706.0,1.82,1.88,1.91,-0.7199999,-28.346453,501.0,340,0.206917110595703,False,REGULAR,USD,SPY,put,2026-08-07,738.93,2026-07-25T14:32:03.104776+00:00,1.895,0.030000000000000027,0.015831134564643815,0.9554355622318759,-0.045587956370385485,0.03624038861060376,13.227741842870373,0.0,704.9773128563152,True,0.21703027678665926
SPY260807P00707000,2026-07-24 19:59:49+00:00,707.0,1.9,1.97,1.99,-0.39999998,-17.391304,107.0,1143,0.2050250396728515,False,REGULAR,USD,SPY,put,2026-08-07,738.93,2026-07-25T14:32:03.104776+00:00,1.98,0.020000000000000018,0.01010101010101011,0.9567888703936774,-0.04417252796705476,0.03624038861060376,13.227741842870373,0.0,705.9758642909558,True,0.21533370716447758
SPY260807P00708000,2026-07-24 20:02:59+00:00,708.0,2.07,2.06,2.08,-0.98,-32.13115,128.0,891,0.2033160723876952,False,REGULAR,USD,SPY,put,2026-08-07,738.93,2026-07-25T14:32:03.104776+00:00,2.0700000000000003,0.020000000000000018,0.009661835748792277,0.9581421785554789,-0.042759100169907825,0.03624038861060376,13.227741842870373,0.0,706.9744157255965,True,0.2136654165645417
SPY260807P00709000,2026-07-24 20:03:12+00:00,709.0,2.16,2.15,2.18,-0.9499998,-30.546618,81.0,3944,0.2017902087402343,False,REGULAR,USD,SPY,put,2026-08-07,738.93,2026-07-25T14:32:03.104776+00:00,2.165,0.03000000000000025,0.01385681293302552,0.9594954867172805,-0.04134766733150004,0.03624038861060376,13.227741842870373,0.0,707.9729671602371,True,0.2120162576547684
SPY260807P00710000,2026-07-24 20:14:25+00:00,710.0,2.24,2.25,2.28,-0.32999992,-12.840465,1610.0,27310,0.2001422760009765,False,REGULAR,USD,SPY,put,2026-08-07,738.93,2026-07-25T14:32:03.104776+00:00,2.2649999999999997,0.029999999999999805,0.013245033112582696,0.960848794879082,-0.03993822382826639,0.03624038861060376,13.227741842870373,0.0,708.9715185948778,True,0.21037770825322805
SPY260807P00711000,2026-07-24 20:09:56+00:00,711.0,2.38,2.35,2.38,-0.31999993,-11.85185,152.0,799,0.1983112396240234,False,REGULAR,USD,SPY,put,2026-08-07,738.93,2026-07-25T14:32:03.104776+00:00,2.365,0.029999999999999805,0.012684989429175392,0.9622021030408835,-0.038530764060386684,0.03624038861060376,13.227741842870373,0.0,709.9700700295185,True,0.2085909615945647
SPY260807P00712000,2026-07-24 20:04:50+00:00,712.0,2.46,2.46,2.49,-0.39999986,-13.98601,510.0,689,0.1966022723388671,False,REGULAR,USD,SPY,put,2026-08-07,738.93,2026-07-25T14:32:03.104776+00:00,2.475,0.03000000000000025,0.012121212121212222,0.9635554112026851,-0.037125282451651746,0.03624038861060376,13.227741842870373,0.0,710.9686214641591,True,0.2069545350259932
SPY260807P00713000,2026-07-24 19:53:20+00:00,713.0,2.76,2.58,2.6,-0.70000005,-20.231216,159.0,1228,0.1948017532348632,False,REGULAR,USD,SPY,put,2026-08-07,738.93,2026-07-25T14:32:03.104776+00:00,2.59,0.020000000000000018,0.007722007722007729,0.9649087193644865,-0.03572177344933164,0.03624038861060376,13.227741842870373,0.0,711.9671728987998,True,0.20530626145456546
SPY260807P00714000,2026-07-24 20:01:15+00:00,714.0,2.59,2.7,2.73,-0.94000006,-26.628897,74.0,1572,0.19336744140625,False,REGULAR,USD,SPY,put,2026-08-07,738.93,2026-07-25T14:32:03.104776+00:00,2.715,0.029999999999999805,0.011049723756906006,0.9662620275262881,-0.03432023152404314,0.03624038861060376,13.227741842870373,0.0,712.9657243334404,True,0.20377846607560068
SPY260807P00715000,2026-07-24 20:03:37+00:00,715.0,2.82,2.83,2.86,-0.34000015,-10.759499,1539.0,6705,0.1917500259399414,False,REGULAR,USD,SPY,put,2026-08-07,738.93,2026-07-25T14:32:03.104776+00:00,2.8449999999999998,0.029999999999999805,0.010544815465729282,0.9676153356880896,-0.032920651169619945,0.03624038861060376,13.227741842870373,0.0,713.9642757680812,True,0.2022188165605719
SPY260807P00716000,2026-07-24 20:14:53+00:00,716.0,2.96,2.96,2.99,-1.0700002,-26.55087,94.0,534,0.1899800241088867,False,REGULAR,USD,SPY,put,2026-08-07,738.93,2026-07-25T14:32:03.104776+00:00,2.975,0.03000000000000025,0.010084033613445462,0.9689686438498911,-0.031523026902981935,0.03624038861060376,13.227741842870373,0.0,714.9628272027219,True,0.20049051678461907
SPY260807P00717000,2026-07-24 20:13:27+00:00,717.0,3.07,3.1,3.13,-0.4100001,-11.781611,250.0,1183,0.1883015740966797,False,REGULAR,USD,SPY,put,2026-08-07,738.93,2026-07-25T14:32:03.104776+00:00,3.115,0.029999999999999805,0.009630818619582602,0.9703219520116927,-0.030127353264007145,0.03624038861060376,13.227741842870373,0.0,715.9613786373625,True,0.19885501106105907
SPY260807P00718000,2026-07-24 20:00:20+00:00,718.0,3.2,3.24,3.28,-0.41999984,-11.602206,448.0,1097,0.1866536413574218,False,REGULAR,USD,SPY,put,2026-08-07,738.93,2026-07-25T14:32:03.104776+00:00,3.26,0.03999999999999959,0.012269938650306624,0.9716752601734941,-0.02873362481540339,0.03624038861060376,13.227741842870373,0.0,716.9599300720032,True,0.19717241709546757
SPY260807P00719000,2026-07-24 19:43:22+00:00,719.0,3.65,3.4,3.43,-0.17999983,-4.6997347,179.0,1030,0.1848836395263671,False,REGULAR,USD,SPY,put,2026-08-07,738.93,2026-07-25T14:32:03.104776+00:00,3.415,0.03000000000000025,0.008784773060029356,0.9730285683352957,-0.027341836142580837,0.03624038861060376,13.227741842870373,0.0,717.9584815066439,True,0.19556002970396885
SPY260807P00720000,2026-07-24 20:11:35+00:00,720.0,3.6,3.56,3.6,-0.4000001,-10.000002,1768.0,12588,0.1833577758789062,False,REGULAR,USD,SPY,put,2026-08-07,738.93,2026-07-25T14:32:03.104776+00:00,3.58,0.040000000000000036,0.011173184357541908,0.9743818764970972,-0.025951981853526596,0.03624038861060376,13.227741842870373,0.0,718.9570329412845,True,0.19400456648307574
SPY260807P00721000,2026-07-24 20:14:11+00:00,721.0,3.7,3.73,3.76,-0.35000014,-8.641978,595.0,1130,0.1814351876831054,False,REGULAR,USD,SPY,put,2026-08-07,738.93,2026-07-25T14:32:03.104776+00:00,3.745,0.029999999999999805,0.008010680907877116,0.9757351846588987,-0.024564056578678467,0.03624038861060376,13.227741842870373,0.0,719.9555843759252,True,0.19226129569973022
SPY260807P00722000,2026-07-24 20:13:52+00:00,722.0,3.87,3.9,3.94,-0.4300003,-10.000007,5315.0,5689,0.1797872549438476,False,REGULAR,USD,SPY,put,2026-08-07,738.93,2026-07-25T14:32:03.104776+00:00,3.92,0.040000000000000036,0.01020408163265307,0.9770884928207003,-0.02317805497080127,0.03624038861060376,13.227741842870373,0.0,720.9541358105658,True,0.19056168239956806
SPY260807P00723000,2026-07-24 20:09:56+00:00,723.0,4.13,4.09,4.13,-0.33999968,-7.606257,592.0,864,0.1781393222045898,False,REGULAR,USD,SPY,put,2026-08-07,738.93,2026-07-25T14:32:03.104776+00:00,4.109999999999999,0.040000000000000036,0.009732360097323612,0.9784418009825018,-0.02179397170486288,0.03624038861060376,13.227741842870373,0.0,721.9526872452066,True,0.1890052928039367
SPY260807P00724000,2026-07-24 20:13:27+00:00,724.0,4.23,4.28,4.32,-0.73,-14.717743,491.0,624,0.1762777685546875,False,REGULAR,USD,SPY,put,2026-08-07,738.93,2026-07-25T14:32:03.104776+00:00,4.300000000000001,0.040000000000000036,0.009302325581395356,0.9797951091443033,-0.020411801477911152,0.03624038861060376,13.227741842870373,0.0,722.9512386798473,True,0.1872480597517603
SPY260807P00725000,2026-07-24 20:13:49+00:00,725.0,4.44,4.48,4.52,-0.3699999,-7.6923056,6937.0,10524,0.1744467321777344,False,REGULAR,USD,SPY,put,2026-08-07,738.93,2026-07-25T14:32:03.104776+00:00,4.5,0.03999999999999915,0.0088888888888887,0.9811484173061048,-0.019031539008952807,0.03624038861060376,13.227741842870373,0.0,723.9497901144879,True,0.185506544802155
SPY260807P00726000,2026-07-24 19:57:38+00:00,726.0,4.52,4.69,4.74,-1.0300002,-18.558561,652.0,647,0.1728293167114258,False,REGULAR,USD,SPY,put,2026-08-07,738.93,2026-07-25T14:32:03.104776+00:00,4.715,0.04999999999999982,0.010604453870625625,0.9825017254679064,-0.01765317903883145,0.03624038861060376,13.227741842870373,0.0,724.9483415491286,True,0.18387515494147502
SPY260807P00727000,2026-07-24 20:01:05+00:00,727.0,4.8,4.91,4.96,-0.48999977,-9.262755,632.0,1589,0.1709982803344726,False,REGULAR,USD,SPY,put,2026-08-07,738.93,2026-07-25T14:32:03.104776+00:00,4.9350000000000005,0.04999999999999982,0.010131712259371798,0.9838550336297079,-0.016276716330108125,0.03624038861060376,13.227741842870373,0.0,725.9468929837692,True,0.18213355850116075
SPY260807P00728000,2026-07-24 20:13:15+00:00,728.0,5.1,5.14,5.19,-0.41000032,-7.4410224,364.0,1064,0.1691367266845703,False,REGULAR,USD,SPY,put,2026-08-07,738.93,2026-07-25T14:32:03.104776+00:00,5.165,0.05000000000000071,0.009680542110358318,0.9852083417915094,-0.014902145666941587,0.03624038861060376,13.227741842870373,0.0,726.9454444184099,True,0.1803791261100291
SPY260807P00729000,2026-07-24 20:09:12+00:00,729.0,5.46,5.39,5.43,-0.4000001,-6.82594,720.0,4595,0.1672141384887695,False,REGULAR,USD,SPY,put,2026-08-07,738.93,2026-07-25T14:32:03.104776+00:00,5.41,0.040000000000000036,0.0073937153419593405,0.986561649953311,-0.013529461854969362,0.03624038861060376,13.227741842870373,0.0,727.9439958530506,True,0.17870196320915294
SPY260807P00730000,2026-07-24 20:13:12+00:00,730.0,5.6,5.64,5.69,-0.3699999,-6.1976533,9558.0,12710,0.165474653930664,False,REGULAR,USD,SPY,put,2026-08-07,738.93,2026-07-25T14:32:03.104776+00:00,5.665,0.05000000000000071,0.008826125330979826,0.9879149581151124,-0.012158659721190764,0.03624038861060376,13.227741842870373,0.0,728.9425472876912,True,0.1769914138558455
SPY260807P00731000,2026-07-24 20:11:05+00:00,731.0,5.99,5.9,5.95,-0.99000025,-14.183384,767.0,1288,0.1634910311889648,False,REGULAR,USD,SPY,put,2026-08-07,738.93,2026-07-25T14:32:03.104776+00:00,5.925000000000001,0.04999999999999982,0.008438818565400814,0.989268266276914,-0.010789734113849028,0.03624038861060376,13.227741842870373,0.0,729.941098722332,True,0.17514352297200453
SPY260807P00732000,2026-07-24 19:58:26+00:00,732.0,6.2,6.18,6.23,-0.32000017,-4.907978,309.0,2376,0.1616294775390624,False,REGULAR,USD,SPY,put,2026-08-07,738.93,2026-07-25T14:32:03.104776+00:00,6.205,0.05000000000000071,0.008058017727639115,0.9906215744387155,-0.009422679902316038,0.03624038861060376,13.227741842870373,0.0,730.9396501569726,True,0.1734379844241848
SPY260807P00733000,2026-07-24 20:04:13+00:00,733.0,6.56,6.47,6.52,-0.23000002,-3.3873346,3474.0,5750,0.1597068893432617,False,REGULAR,USD,SPY,put,2026-08-07,738.93,2026-07-25T14:32:03.104776+00:00,6.494999999999999,0.04999999999999982,0.007698229407236309,0.991974882600517,-0.008057491976976059,0.03624038861060376,13.227741842870373,0.0,731.9382015916133,True,0.1716724340810039
SPY260807P00734000,2026-07-24 19:40:40+00:00,734.0,7.03,6.77,6.81,-0.089999676,-1.2640405,2807.0,1167,0.1575096456909179,False,REGULAR,USD,SPY,put,2026-08-07,738.93,2026-07-25T14:32:03.104776+00:00,6.789999999999999,0.040000000000000036,0.005891016200294557,0.9933281907623186,-0.006694165249111924,0.03624038861060376,13.227741842870373,0.0,732.936753026254,True,0.16974668901107054
SPY260807P00735000,2026-07-24 20:14:42+00:00,735.0,7.1,7.09,7.13,-0.41000032,-5.4593916,1767.0,3935,0.1556175747680664,False,REGULAR,USD,SPY,put,2026-08-07,738.93,2026-07-25T14:32:03.104776+00:00,7.109999999999999,0.040000000000000036,0.005625879043600568,0.9946814989241201,-0.005332694650790894,0.03624038861060376,13.227741842870373,0.0,733.9353044608946,True,0.16802115729987877
SPY260807P00736000,2026-07-24 20:02:04+00:00,736.0,7.28,7.42,7.46,-0.43999958,-5.6994767,988.0,848,0.1535729174804687,False,REGULAR,USD,SPY,put,2026-08-07,738.93,2026-07-25T14:32:03.104776+00:00,7.4399999999999995,0.040000000000000036,0.00537634408602151,0.9960348070859216,-0.003973075134751286,0.03624038861060376,13.227741842870373,0.0,734.9338558955353,True,0.16620793751128837
SPY260807P00737000,2026-07-24 20:11:58+00:00,737.0,7.75,7.77,7.8,-0.6300001,-7.517901,832.0,1457,0.1514672256469726,False,REGULAR,USD,SPY,put,2026-08-07,738.93,2026-07-25T14:32:03.104776+00:00,7.785,0.03000000000000025,0.0038535645472061977,0.9973881152477231,-0.0026153016742909863,0.03624038861060376,13.227741842870373,0.0,735.932407330176,True,0.1643888637794107
SPY260807P00738000,2026-07-24 20:14:47+00:00,738.0,8.16,8.13,8.17,-0.26000023,-3.0878887,1362.0,1092,0.1495446374511718,False,REGULAR,USD,SPY,put,2026-08-07,738.93,2026-07-25T14:32:03.104776+00:00,8.15,0.03999999999999915,0.004907975460122595,0.9987414234095247,-0.0012593692631550479,0.03624038861060376,13.227741842870373,0.0,736.9309587648166,True,0.1626431724309702
SPY260807P00739000,2026-07-24 20:11:20+00:00,739.0,8.57,8.51,8.55,-0.15999985,-1.832759,2833.0,5111,0.1474999801635742,True,REGULAR,USD,SPY,put,2026-08-07,738.93,2026-07-25T14:32:03.104776+00:00,8.530000000000001,0.040000000000000924,0.004689331770222851,1.0000947315713262,9.472708457427596e-05,0.03624038861060376,13.227741842870373,0.0,737.9295101994574,True,0.1608703868769848
SPY260807P00740000,2026-07-24 20:14:47+00:00,740.0,8.91,8.9,8.94,-0.27999973,-3.0467873,5821.0,25017,0.1453332537841797,True,REGULAR,USD,SPY,put,2026-08-07,738.93,2026-07-25T14:32:03.104776+00:00,8.92,0.03999999999999915,0.0044843049327353305,1.0014480397331278,0.0014469923345879852,0.03624038861060376,13.227741842870373,0.0,738.928061634098,True,0.15897154392735363
SPY260807P00741000,2026-07-24 20:03:56+00:00,741.0,9.33,9.32,9.36,-0.52000046,-5.2791924,2236.0,1017,0.1433191137695312,True,REGULAR,USD,SPY,put,2026-08-07,738.93,2026-07-25T14:32:03.104776+00:00,9.34,0.03999999999999915,0.004282655246252586,1.0028013478949291,0.002797431432459259,0.03624038861060376,13.227741842870373,0.9966130687387249,739.9266130687387,True,0.1572930370118557
SPY260807P00742000,2026-07-24 19:58:16+00:00,742.0,9.85,9.75,9.79,-0.29999924,-2.9556577,1003.0,1130,0.1411218701171875,True,REGULAR,USD,SPY,put,2026-08-07,738.93,2026-07-25T14:32:03.104776+00:00,9.77,0.03999999999999915,0.004094165813715368,1.0041546560567307,0.0041460493037528655,0.03624038861060376,13.227741842870373,1.995164503379442,740.9251645033794,True,0.1554684000838989
SPY260807P00743000,2026-07-24 20:07:44+00:00,743.0,10.3,9.92,10.7,-0.26000023,-2.4621234,516.0,597,0.1470422210693359,True,REGULAR,USD,SPY,put,2026-08-07,738.93,2026-07-25T14:32:03.104776+00:00,10.309999999999999,0.7799999999999994,0.07565470417070799,1.0055079642185323,0.005492850854131627,0.03624038861060376,13.227741842870373,2.9937159380200455,741.92371593802,True,0.15528196622196938
SPY260807P00744000,2026-07-24 20:03:30+00:00,744.0,11.0,10.06,11.16,0.06000042,0.5484499,215.0,1289,0.1447229083251953,True,REGULAR,USD,SPY,put,2026-08-07,738.93,2026-07-25T14:32:03.104776+00:00,10.61,1.0999999999999996,0.10367577756833174,1.0068612723803338,0.006837840969464374,0.03624038861060376,13.227741842870373,3.9922673726607627,742.9222673726607,True,0.15042986301702
SPY260807P00745000,2026-07-24 20:10:01+00:00,745.0,11.3,11.1,11.26,0.0,0.0,6019.0,29450,0.1355372091674805,True,REGULAR,USD,SPY,put,2026-08-07,738.93,2026-07-25T14:32:03.104776+00:00,11.18,0.16000000000000014,0.014311270125223626,1.0082145805421354,0.008181024515932068,0.03624038861060376,13.227741842870373,4.990818807301366,743.9208188073013,True,0.1500918648764954
SPY260807P00746000,2026-07-24 19:53:50+00:00,746.0,12.13,10.4,12.96,-1.0500002,-7.9666176,86.0,1419,0.1549461947631836,True,REGULAR,USD,SPY,put,2026-08-07,738.93,2026-07-25T14:32:03.104776+00:00,11.68,2.5600000000000005,0.21917808219178087,1.0095678887039368,0.00952240634013323,0.03624038861060376,13.227741842870373,5.989370241942083,744.919370241942,True,0.148117653498434
SPY260807P00747000,2026-07-24 19:33:07+00:00,747.0,12.62,10.93,13.46,-0.65999985,-4.9698787,55.0,1764,0.1524132611083984,True,REGULAR,USD,SPY,put,2026-08-07,738.93,2026-07-25T14:32:03.104776+00:00,12.195,2.530000000000001,0.20746207462074628,1.0109211968657383,0.010861991269189731,0.03624038861060376,13.227741842870373,6.9879216765828005,745.9179216765828,True,0.14603114268470863
SPY260807P00748000,2026-07-24 20:06:33+00:00,748.0,12.84,11.49,14.06,-0.19999981,-1.5337409,62.0,1109,0.151375673828125,True,REGULAR,USD,SPY,put,2026-08-07,738.93,2026-07-25T14:32:03.104776+00:00,12.775,2.5700000000000003,0.201174168297456,1.01227450502754,0.012199784110849713,0.03624038861060376,13.227741842870373,7.986473111223404,746.9164731112234,True,0.1447735736981447
SPY260807P00749000,2026-07-24 20:11:46+00:00,749.0,13.25,12.09,14.6,-1.1499996,-7.986109,28.0,1195,0.1488122229003906,True,REGULAR,USD,SPY,put,2026-08-07,738.93,2026-07-25T14:32:03.104776+00:00,13.344999999999999,2.51,0.1880854252529037,1.0136278131893415,0.013535789653591992,0.03624038861060376,13.227741842870373,8.985024545864121,747.9150245458641,True,0.14292400847127243
SPY260807P00750000,2026-07-24 19:59:31+00:00,750.0,14.21,13.94,14.12,0.22000027,1.5725539,462.0,13121,0.1253139227294922,True,REGULAR,USD,SPY,put,2026-08-07,738.93,2026-07-25T14:32:03.104776+00:00,14.03,0.17999999999999972,0.012829650748396274,1.014981121351143,0.014870012666728685,0.03624038861060376,13.227741842870373,9.983575980504725,748.9135759805047,True,0.14293986045143686
SPY260807P00751000,2026-07-24 20:04:29+00:00,751.0,14.19,13.33,15.86,-3.0600004,-17.739134,8.0,2362,0.1460046337890624,True,REGULAR,USD,SPY,put,2026-08-07,738.93,2026-07-25T14:32:03.104776+00:00,14.594999999999999,2.5299999999999994,0.17334703665638915,1.0163344295129444,0.01620245790050713,0.03624038861060376,13.227741842870373,10.982127415145442,749.9121274151454,True,0.140137678149804
SPY260807P00752000,2026-07-24 19:00:46+00:00,752.0,15.61,13.99,15.99,-0.67000103,-4.115485,64.0,719,0.1334315173339843,True,REGULAR,USD,SPY,put,2026-08-07,738.93,2026-07-25T14:32:03.104776+00:00,14.99,2.0,0.133422281521014,1.017687737674746,0.017533130086212254,0.03624038861060376,13.227741842870373,11.980678849786159,750.9106788497861,True,0.1331435017284786
SPY260807P00753000,2026-07-24 16:27:44+00:00,753.0,12.36,14.67,17.27,-5.9000006,-32.311066,238.0,2632,0.1447229083251953,True,REGULAR,USD,SPY,put,2026-08-07,738.93,2026-07-25T14:32:03.104776+00:00,15.969999999999999,2.5999999999999996,0.1628052598622417,1.0190410458365475,0.018862033936266055,0.03624038861060376,13.227741842870373,12.979230284426762,751.9092302844267,True,0.1382752094512411
SPY260807P00754000,2026-07-24 19:48:26+00:00,754.0,17.35,15.4,18.0,-1.289999,-6.9205956,45.0,1160,0.1441125628662109,True,REGULAR,USD,SPY,put,2026-08-07,738.93,2026-07-25T14:32:03.104776+00:00,16.7,2.5999999999999996,0.155688622754491,1.020394353998349,0.02018917414432859,0.03624038861060376,13.227741842870373,13.97778171906748,752.9077817190674,True,0.13766330881422606
SPY260807P00755000,2026-07-24 20:11:50+00:00,755.0,17.52,16.16,18.7,-2.3799992,-11.959795,100.0,1940,0.1424035955810547,True,REGULAR,USD,SPY,put,2026-08-07,738.93,2026-07-25T14:32:03.104776+00:00,17.43,2.539999999999999,0.14572576018359146,1.0217476621601504,0.021514555385397052,0.03624038861060376,13.227741842870373,14.976333153708197,753.9063331537081,True,0.13663771273503775
SPY260807P00756000,2026-07-24 18:59:18+00:00,756.0,18.33,16.91,19.51,-1.6700001,-8.35,16.0,1674,0.1428613546752929,True,REGULAR,USD,SPY,put,2026-08-07,738.93,2026-07-25T14:32:03.104776+00:00,18.21,2.6000000000000014,0.14277869302581006,1.023100970321952,0.02283818231590539,0.03624038861060376,13.227741842870373,15.9748845883488,754.9048845883488,True,0.13639496588282007
SPY260807P00757000,2026-07-24 18:34:59+00:00,757.0,19.5,18.87,19.33,-1.1599998,-5.6147137,67.0,591,0.1162808099365234,True,REGULAR,USD,SPY,put,2026-08-07,738.93,2026-07-25T14:32:03.104776+00:00,19.1,0.4599999999999973,0.02408376963350771,1.0244542784837536,0.024160059573821214,0.03624038861060376,13.227741842870373,16.973436022989517,755.9034360229895,True,0.13858971382036656
SPY260807P00758000,2026-07-24 20:11:50+00:00,758.0,19.96,19.7,20.14,-1.7000008,-7.8485727,12.0,490,0.1145108081054687,True,REGULAR,USD,SPY,put,2026-08-07,738.93,2026-07-25T14:32:03.104776+00:00,19.92,0.4400000000000013,0.02208835341365468,1.0258075866455552,0.025480191778744138,0.03624038861060376,13.227741842870373,17.97198745763012,756.9019874576301,True,0.1387370996628585
SPY260807P00759000,2026-07-24 19:11:27+00:00,759.0,22.0,19.39,22.46,-1.3899994,-5.942708,18.0,68,0.1559227474975585,True,REGULAR,USD,SPY,put,2026-08-07,738.93,2026-07-25T14:32:03.104776+00:00,20.925,3.0700000000000003,0.14671445639187575,1.0271608948073567,0.026798583532002453,0.03624038861060376,13.227741842870373,18.970538892270838,757.9005388922708,True,0.14361830989386448
SPY260807P00760000,2026-07-24 20:11:50+00:00,760.0,21.7,21.42,21.9,0.48000145,2.262024,221.0,320,0.1140835662841796,True,REGULAR,USD,SPY,put,2026-08-07,738.93,2026-07-25T14:32:03.104776+00:00,21.66,0.4799999999999969,0.022160664819944453,1.028514202969158,0.028115239416749118,0.03624038861060376,13.227741842870373,19.969090326911555,758.8990903269115,True,0.1408631072769973
SPY260807P00761000,2026-07-24 18:08:39+00:00,761.0,20.1,21.21,24.27,-2.9499989,-12.79826,58.0,31,0.1601951657104492,True,REGULAR,USD,SPY,put,2026-08-07,738.93,2026-07-25T14:32:03.104776+00:00,22.740000000000002,3.0599999999999987,0.13456464379947222,1.0298675111309596,0.029430163998058236,0.03624038861060376,13.227741842870373,20.96764176155216,759.8976417615521,True,0.14772024834002428
SPY260807P00762000,2026-07-24 17:52:15+00:00,762.0,21.12,21.78,25.22,-3.58,-14.493926,4.0,17,0.1633384448242187,True,REGULAR,USD,SPY,put,2026-08-07,738.93,2026-07-25T14:32:03.104776+00:00,23.5,3.4399999999999977,0.14638297872340417,1.0312208192927612,0.030743361823018716,0.03624038861060376,13.227741842870373,21.966193196192876,760.8961931961928,True,0.1450405945953
SPY260807P00763000,2026-07-24 20:11:50+00:00,763.0,24.54,22.76,26.2,-1.9599991,-7.3962226,14.0,13,0.1672141384887695,True,REGULAR,USD,SPY,put,2026-08-07,738.93,2026-07-25T14:32:03.104776+00:00,24.48,3.4399999999999977,0.14052287581699338,1.0325741274545628,0.03205483742082949,0.03624038861060376,13.227741842870373,22.96474463083348,761.8947446308334,True,0.14878623703534827
SPY260807P00764000,2026-07-24 17:51:44+00:00,764.0,22.75,23.76,27.19,5.25,30.000002,2.0,0,0.171333970336914,True,REGULAR,USD,SPY,put,2026-08-07,738.93,2026-07-25T14:32:03.104776+00:00,25.475,3.4299999999999997,0.13464180569185474,1.0339274356163644,0.03336459530289303,0.03624038861060376,13.227741842870373,23.963296065474196,762.8932960654741,True,0.152952256864668
SPY260807P00765000,2026-07-24 19:51:15+00:00,765.0,27.2,24.75,28.19,-0.6499996,-2.3339303,17.0,24,0.1756674230957031,True,REGULAR,USD,SPY,put,2026-08-07,738.93,2026-07-25T14:32:03.104776+00:00,26.47,3.4400000000000013,0.1299584435209672,1.0352807437781657,0.0346726399629082,0.03624038861060376,13.227741842870373,24.961847500114914,763.8918475001149,True,0.15707730200135916
SPY260807P00766000,2026-07-24 18:05:20+00:00,766.0,25.12,26.24,28.73,5.970001,31.174942,7.0,4,0.1662070684814453,True,REGULAR,USD,SPY,put,2026-08-07,738.93,2026-07-25T14:32:03.104776+00:00,27.485,2.490000000000002,0.09059486992905229,1.0366340519399673,0.035978975876963706,0.03624038861060376,13.227741842870373,25.960398934755517,764.8903989347555,True,0.16182141692018798
SPY260807P00767000,2026-07-24 14:39:22+00:00,767.0,28.8,27.24,29.73,-1.6000004,-5.2631593,5.0,10,0.1702963830566406,True,REGULAR,USD,SPY,put,2026-08-07,738.93,2026-07-25T14:32:03.104776+00:00,28.485,2.490000000000002,0.0874144286466562,1.0379873601017688,0.037283607503628635,0.03624038861060376,13.227741842870373,26.958950369396234,765.8889503693962,True,0.1660462055205186
SPY260807P00768000,2026-07-17 13:35:49+00:00,768.0,27.55,28.24,30.73,0.0,0.0,3.0,0,0.1743246630859375,True,REGULAR,USD,SPY,put,2026-08-07,738.93,2026-07-25T14:32:03.104776+00:00,29.485,2.490000000000002,0.08444972019671027,1.0393406682635704,0.03858653928404466,0.03624038861060376,13.227741842870373,27.95750180403695,766.8875018040369,True,0.17023953172226475
SPY260807P00769000,2026-07-23 20:00:05+00:00,769.0,30.73,28.76,32.19,0.0,0.0,7.0,0,0.1926350268554687,True,REGULAR,USD,SPY,put,2026-08-07,738.93,2026-07-25T14:32:03.104776+00:00,30.475,3.429999999999996,0.11255127153404416,1.040693976425372,0.03988777564201651,0.03624038861060376,13.227741842870373,28.956053238677555,767.8860532386775,True,0.1740605356058254
SPY260807P00770000,2026-07-24 20:12:38+00:00,770.0,31.73,30.24,32.73,-0.020000458,-0.06299357,22.0,16,0.1823812231445312,True,REGULAR,USD,SPY,put,2026-08-07,738.93,2026-07-25T14:32:03.104776+00:00,31.485,2.4899999999999984,0.07908527870414478,1.0420472845871733,0.041187320984101904,0.03624038861060376,13.227741842870373,29.954604673318272,768.8846046733182,True,0.17853690988991566
SPY260807P00771000,2026-07-20 20:11:09+00:00,771.0,29.23,30.75,34.19,0.0,0.0,2.0,0,0.2009967596435546,True,REGULAR,USD,SPY,put,2026-08-07,738.93,2026-07-25T14:32:03.104776+00:00,32.47,3.4399999999999977,0.10594394825993218,1.043400592748975,0.042485179699701905,0.03624038861060376,13.227741842870373,30.953156107958876,769.8831561079588,True,0.1821166832305221
SPY260807P00772000,2026-07-20 20:09:30+00:00,772.0,30.01,31.75,35.19,0.0,0.0,9.0,1,0.2050860742187499,True,REGULAR,USD,SPY,put,2026-08-07,738.93,2026-07-25T14:32:03.104776+00:00,33.47,3.4399999999999977,0.10277860770839552,1.0447539009107765,0.04378135616114863,0.03624038861060376,13.227741842870373,31.951707542599593,770.8817075425995,True,0.18618986127717657
SPY260807P00773000,2026-07-15 14:08:52+00:00,773.0,19.26,32.76,36.19,0.0,0.0,6.0,1,0.2091753887939452,True,REGULAR,USD,SPY,put,2026-08-07,738.93,2026-07-25T14:32:03.104776+00:00,34.474999999999994,3.4299999999999997,0.09949238578680204,1.046107209072578,0.04507585472379446,0.03624038861060376,13.227741842870373,32.95025897724031,771.8802589772403,True,0.19041726863964792
SPY260807P00774000,2026-07-10 20:03:42+00:00,774.0,20.22,33.76,37.19,0.0,0.0,200.0,0,0.2132036688232422,True,REGULAR,USD,SPY,put,2026-08-07,738.93,2026-07-25T14:32:03.104776+00:00,35.474999999999994,3.4299999999999997,0.0966878083157153,1.0474605172343796,0.04636867972609966,0.03624038861060376,13.227741842870373,33.94881041188091,772.8788104118809,True,0.19444187240298488
SPY260807P00775000,2026-07-21 15:54:06+00:00,775.0,27.2,34.77,38.19,0.0,0.0,1.0,0,0.217231948852539,True,REGULAR,USD,SPY,put,2026-08-07,738.93,2026-07-25T14:32:03.104776+00:00,36.480000000000004,3.4199999999999946,0.09374999999999985,1.048813825396181,0.047659835489719374,0.03624038861060376,13.227741842870373,34.94736184652163,773.8773618465216,True,0.19862627711832712
SPY260807P00776000,2026-07-10 20:08:20+00:00,776.0,22.01,35.75,39.19,0.0,0.0,176.0,0,0.2212602288818359,True,REGULAR,USD,SPY,put,2026-08-07,738.93,2026-07-25T14:32:03.104776+00:00,37.47,3.4399999999999977,0.09180677875633834,1.0501671335579825,0.04894932631959117,0.03624038861060376,13.227741842870373,35.945913281162234,774.8759132811622,True,0.20223349129102983
SPY260807P00777000,2026-07-14 13:59:34+00:00,777.0,25.76,36.75,40.19,0.0,0.0,1.0,0,0.2252274743652343,True,REGULAR,USD,SPY,put,2026-08-07,738.93,2026-07-25T14:32:03.104776+00:00,38.47,3.4399999999999977,0.0894203275279438,1.051520441719784,0.0502371565040199,0.03624038861060376,13.227741842870373,36.94446471580295,775.8744647158029,True,0.20618616902631454
SPY260807P00778000,2026-07-15 13:50:40+00:00,778.0,24.9,37.76,41.19,0.0,0.0,18.0,0,0.2291947198486328,True,REGULAR,USD,SPY,put,2026-08-07,738.93,2026-07-25T14:32:03.104776+00:00,39.474999999999994,3.4299999999999997,0.08689043698543382,1.0528737498815857,0.05152333031476411,0.03624038861060376,13.227741842870373,37.94301615044367,776.8730161504436,True,0.21030713264263884
SPY260807P00779000,2026-07-14 14:34:14+00:00,779.0,26.08,38.75,42.19,0.0,0.0,1.0,0,0.2331619653320312,True,REGULAR,USD,SPY,put,2026-08-07,738.93,2026-07-25T14:32:03.104776+00:00,40.47,3.4399999999999977,0.08500123548307383,1.0542270580433872,0.05280785200712081,0.03624038861060376,13.227741842870373,38.94156758508427,777.8715675850842,True,0.21402662122171623
SPY260807P00780000,2026-07-24 20:12:38+00:00,780.0,41.24,39.75,43.19,-1.0299988,-2.4367135,24.0,12,0.2370681762695312,True,REGULAR,USD,SPY,put,2026-08-07,738.93,2026-07-25T14:32:03.104776+00:00,41.47,3.4399999999999977,0.08295153122739324,1.0555803662051886,0.0540907258200098,0.03624038861060376,13.227741842870373,39.94011901972499,778.8701190197249,True,0.2179156506387515
SPY260807P00781000,2026-07-10 20:08:09+00:00,781.0,26.34,40.76,44.19,0.0,0.0,354.0,0,0.2409133526611327,True,REGULAR,USD,SPY,put,2026-08-07,738.93,2026-07-25T14:32:03.104776+00:00,42.474999999999994,3.4299999999999997,0.08075338434373161,1.0569336743669902,0.055371955976058394,0.03624038861060376,13.227741842870373,40.93867045436559,779.8686704543655,True,0.22198060045210488
SPY260807P00782000,2026-07-10 20:05:18+00:00,782.0,27.27,41.76,45.19,0.0,0.0,6.0,0,0.2448195635986328,True,REGULAR,USD,SPY,put,2026-08-07,738.93,2026-07-25T14:32:03.104776+00:00,43.474999999999994,3.4299999999999997,0.07889591719378954,1.0582869825287917,0.05665154668168355,0.03624038861060376,13.227741842870373,41.93722188900631,780.8672218890063,True,0.225832024817328
SPY260807P00783000,2026-07-10 20:03:21+00:00,783.0,27.98,42.75,46.19,0.0,0.0,,0,0.2486647399902344,True,REGULAR,USD,SPY,put,2026-08-07,738.93,2026-07-25T14:32:03.104776+00:00,44.47,3.4399999999999977,0.07735552057566894,1.0596402906905933,0.05792950212717561,0.03624038861060376,13.227741842870373,42.93577332364703,781.865773323647,True,0.22946476071593053
SPY260807P00785000,2026-07-10 20:02:54+00:00,785.0,29.85,44.75,48.19,0.0,0.0,2.0,0,0.256294058227539,True,REGULAR,USD,SPY,put,2026-08-07,738.93,2026-07-25T14:32:03.104776+00:00,46.47,3.4399999999999977,0.07402625349687966,1.0623469070141962,0.060480523918780824,0.03624038861060376,13.227741842870373,44.93287619292835,783.8628761929283,True,0.23707093585416
SPY260807P00790000,2026-07-10 20:02:54+00:00,790.0,34.8,49.75,53.19,0.0,0.0,2.0,0,0.2750316638183593,True,REGULAR,USD,SPY,put,2026-08-07,738.93,2026-07-25T14:32:03.104776+00:00,51.47,3.4399999999999977,0.06683504954342331,1.0691134478232038,0.06682975159743958,0.03624038861060376,13.227741842870373,49.925633366131706,788.8556333661317,True,0.25578582315932996
SPY260807P00795000,2026-07-24 19:15:27+00:00,795.0,57.32,54.75,58.19,12.25,27.179941,4.0,0,0.2934030621337889,True,REGULAR,USD,SPY,put,2026-08-07,738.93,2026-07-25T14:32:03.104776+00:00,56.47,3.4399999999999977,0.06091730122188769,1.0758799886322115,0.0731389207907043,0.03624038861060376,13.227741842870373,54.918390539335064,793.848390539335,True,0.274108260523273
SPY260807P00800000,2026-07-22 14:41:50+00:00,800.0,53.0,59.75,63.19,0.0,0.0,1.0,0,0.3112861840820312,True,REGULAR,USD,SPY,put,2026-08-07,738.93,2026-07-25T14:32:03.104776+00:00,61.47,3.4399999999999977,0.05596225801203836,1.082646529441219,0.0794085338042997,0.03624038861060376,13.227741842870373,59.91114771253842,798.8411477125384,True,0.29207651481877284
SPY260807P00805000,2026-07-10 20:02:55+00:00,805.0,49.79,64.75,68.19,0.0,0.0,2.0,0,0.3288641333007812,True,REGULAR,USD,SPY,put,2026-08-07,738.93,2026-07-25T14:32:03.104776+00:00,66.47,3.4399999999999977,0.05175267037761393,1.0894130702502267,0.08563908355493578,0.03624038861060376,13.227741842870373,64.90390488574178,803.8339048857417,True,0.3097217964052932
SPY260807P00810000,2026-07-10 20:02:55+00:00,810.0,54.79,69.76,73.19,0.0,0.0,,0,0.3461369097900389,True,REGULAR,USD,SPY,put,2026-08-07,738.93,2026-07-25T14:32:03.104776+00:00,71.475,3.4299999999999926,0.047988807275270974,1.0961796110592343,0.09183105380285687,0.03624038861060376,13.227741842870373,69.89666205894514,808.8266620589451,True,0.32731416956693116
SPY260807P00815000,2026-07-17 19:51:28+00:00,815.0,72.51,74.75,78.19,0.0,0.0,1.0,0,0.3631045135498046,True,REGULAR,USD,SPY,put,2026-08-07,738.93,2026-07-25T14:32:03.104776+00:00,76.47,3.4399999999999977,0.04498496142278015,1.102946151868242,0.09798491937723514,0.03624038861060376,13.227741842870373,74.8894192321485,813.8194192321484,True,0.3441430452166756
SPY260807P00820000,2026-07-17 19:51:28+00:00,820.0,77.49,79.76,83.19,0.0,0.0,2.0,0,0.3797669445800781,True,REGULAR,USD,SPY,put,2026-08-07,738.93,2026-07-25T14:32:03.104776+00:00,81.475,3.4299999999999926,0.04209880331389988,1.1097126926772496,0.10410114639467123,0.03624038861060376,13.227741842870373,79.88217640535186,818.8121764053518,True,0.3612178097675455
SPY260821C00595000,2026-07-17 19:40:17+00:00,595.0,150.74,144.74,147.24,0.0,0.0,5.0,555,0.5418746984863283,True,REGULAR,USD,SPY,call,2026-08-21,738.93,2026-07-25T14:32:03.104776+00:00,145.99,2.5,0.017124460579491744,0.8052183562719067,-0.21664178831799777,0.0745965529941654,27.22774184287037,145.7027518224578,738.93,True,0.3597638816417362
SPY260821C00600000,2026-07-24 19:51:36+00:00,600.0,140.34,139.79,142.28,-0.480011,-0.34086847,3.0,776,0.5267991656494142,True,REGULAR,USD,SPY,call,2026-08-21,738.93,2026-07-25T14:32:03.104776+00:00,141.035,2.490000000000009,0.017655191973623634,0.8119848970809144,-0.20827353864748116,0.0745965529941654,27.22774184287037,140.71764889659607,738.93,True,0.35245529893117444
SPY260821C00605000,2026-07-23 19:18:53+00:00,605.0,134.68,134.84,137.34,0.0,0.0,2.0,114,0.5124560473632812,True,REGULAR,USD,SPY,call,2026-08-21,738.93,2026-07-25T14:32:03.104776+00:00,136.09,2.5,0.01837019619369535,0.818751437889922,-0.19997473583278605,0.0745965529941654,27.22774184287037,135.73254597073435,738.93,True,0.34605273923628405
SPY260821C00610000,2026-07-23 16:21:03+00:00,610.0,130.96,129.79,132.38,0.0,0.0,1.0,455,0.4973194799804688,True,REGULAR,USD,SPY,call,2026-08-21,738.93,2026-07-25T14:32:03.104776+00:00,131.08499999999998,2.5900000000000034,0.019758172178357583,0.8255179786989296,-0.19174423669627058,0.0745965529941654,27.22774184287037,130.74744304487263,738.93,True,0.3310729774130917
SPY260821C00615000,2026-07-23 16:07:02+00:00,615.0,125.74,124.48,127.92,0.0,0.0,49.0,73,0.4989674127197265,True,REGULAR,USD,SPY,call,2026-08-21,738.93,2026-07-25T14:32:03.104776+00:00,126.2,3.4399999999999977,0.027258320126782865,0.8322845195079372,-0.18358092605710963,0.0745965529941654,27.22774184287037,125.76234011901101,738.93,True,0.3313555033728218
SPY260821C00620000,2026-07-24 15:15:08+00:00,620.0,125.21,120.01,121.95,4.419998,3.6592417,1.0,97,0.4492852923583984,True,REGULAR,USD,SPY,call,2026-08-21,738.93,2026-07-25T14:32:03.104776+00:00,120.98,1.9399999999999977,0.01603570838155065,0.8390510603169449,-0.17548371582449027,0.0745965529941654,27.22774184287037,120.77723719314929,738.93,True,0.2861399457733529
SPY260821C00625000,2026-07-16 16:39:20+00:00,625.0,130.38,115.08,117.58,0.0,0.0,4.0,136,0.4544732287597656,True,REGULAR,USD,SPY,call,2026-08-21,738.93,2026-07-25T14:32:03.104776+00:00,116.33,2.5,0.021490587122840195,0.8458176011259525,-0.167451544127226,0.0745965529941654,27.22774184287037,115.79213426728757,738.93,True,0.3166003508983344
SPY260821C00630000,2026-07-24 19:35:34+00:00,630.0,111.53,110.15,112.65,-1.2000046,-1.0644945,2.0,497,0.4401301104736328,True,REGULAR,USD,SPY,call,2026-08-21,738.93,2026-07-25T14:32:03.104776+00:00,111.4,2.5,0.02244165170556553,0.85258414193496,-0.15948337447804922,0.0745965529941654,27.22774184287037,110.80703134142584,738.93,True,0.30883037827090054
SPY260821C00635000,2026-07-23 19:19:50+00:00,635.0,105.3,105.22,107.73,0.0,0.0,1.0,102,0.4259700958251954,True,REGULAR,USD,SPY,call,2026-08-21,738.93,2026-07-25T14:32:03.104776+00:00,106.475,2.510000000000005,0.023573608828363516,0.8593506827439676,-0.15157819497093594,0.0745965529941654,27.22774184287037,105.82192841556412,738.93,True,0.3009223801730544
SPY260821C00640000,2026-07-23 17:06:19+00:00,640.0,101.98,100.28,102.81,0.0,0.0,2.0,2598,0.411688012084961,True,REGULAR,USD,SPY,call,2026-08-21,738.93,2026-07-25T14:32:03.104776+00:00,101.545,2.530000000000001,0.02491506228765573,0.8661172235529753,-0.14373501750991005,0.0745965529941654,27.22774184287037,100.8368254897025,738.93,True,0.2921160657523002
SPY260821C00645000,2026-07-23 18:25:22+00:00,645.0,96.17,95.4,97.91,0.0,0.0,8.0,244,0.3978331701660156,True,REGULAR,USD,SPY,call,2026-08-21,738.93,2026-07-25T14:32:03.104776+00:00,96.655,2.509999999999991,0.025968651388960644,0.8728837643619829,-0.13595287706785508,0.0745965529941654,27.22774184287037,95.85172256384078,738.93,True,0.2855307119197892
SPY260821C00650000,2026-07-23 14:42:08+00:00,650.0,93.22,90.51,93.03,0.0,0.0,4.0,818,0.3843445355224609,True,REGULAR,USD,SPY,call,2026-08-21,738.93,2026-07-25T14:32:03.104776+00:00,91.77000000000001,2.519999999999996,0.027459954233409564,0.8796503051709905,-0.12823083097394478,0.0745965529941654,27.22774184287037,90.86661963797906,738.93,True,0.2784088034687485
SPY260821C00651000,2026-06-11 17:29:25+00:00,651.0,89.64,105.85,108.65,0.0,0.0,1.0,15,0.6770662176513673,True,REGULAR,USD,SPY,call,2026-08-21,738.93,2026-07-25T14:32:03.104776+00:00,107.25,2.8000000000000114,0.026107226107226215,0.8810036133327921,-0.12669355165505827,0.0745965529941654,27.22774184287037,89.86959905280673,738.93,True,0.6627848105598763
SPY260821C00652000,2026-06-25 19:19:04+00:00,652.0,88.51,88.1,91.55,0.0,0.0,1.0,14,0.3911193701171874,True,REGULAR,USD,SPY,call,2026-08-21,738.93,2026-07-25T14:32:03.104776+00:00,89.82499999999999,3.450000000000003,0.03840801558586143,0.8823569214945935,-0.12515863193697466,0.0745965529941654,27.22774184287037,88.87257846763441,738.93,True,0.2758460009978613
SPY260821C00653000,2026-07-14 19:33:30+00:00,653.0,103.0,87.12,90.57,0.0,0.0,1.0,3,0.3881897119140625,True,REGULAR,USD,SPY,call,2026-08-21,738.93,2026-07-25T14:32:03.104776+00:00,88.845,3.4499999999999886,0.03883167313861206,0.8837102296563951,-0.12362606458719648,0.0745965529941654,27.22774184287037,87.87555788246209,738.93,True,0.27409111371395045
SPY260821C00655000,2026-07-24 19:10:01+00:00,655.0,86.54,85.63,88.15,0.09000397,0.104111016,8.0,347,0.3706117626953125,True,REGULAR,USD,SPY,call,2026-08-21,738.93,2026-07-25T14:32:03.104776+00:00,86.89,2.5200000000000102,0.029002186672804815,0.8864168459799981,-0.12056795822837565,0.0745965529941654,27.22774184287037,85.88151671211733,738.93,True,0.27078199139054615
SPY260821C00656000,2026-06-25 19:00:07+00:00,656.0,86.16,84.2,87.64,0.0,0.0,2.0,12,0.3795838409423828,True,REGULAR,USD,SPY,call,2026-08-21,738.93,2026-07-25T14:32:03.104776+00:00,85.92,3.4399999999999977,0.040037243947858445,0.8877701541417997,-0.11904240491953848,0.0745965529941654,27.22774184287037,84.88449612694501,738.93,True,0.2694805405303107
SPY260821C00657000,2026-07-24 16:22:10+00:00,657.0,89.34,83.23,86.67,4.079994,4.7853556,1.0,35,0.3768372863769531,True,REGULAR,USD,SPY,call,2026-08-21,738.93,2026-07-25T14:32:03.104776+00:00,84.95,3.4399999999999977,0.04049440847557384,0.8891234623036012,-0.11751917537901707,0.0745965529941654,27.22774184287037,83.88747554177269,738.93,True,0.26813847120826045
SPY260821C00658000,2026-07-10 20:04:45+00:00,658.0,101.17,82.26,85.7,0.0,0.0,2.0,36,0.3740907318115234,True,REGULAR,USD,SPY,call,2026-08-21,738.93,2026-07-25T14:32:03.104776+00:00,83.98,3.4399999999999977,0.04096213384139078,0.8904767704654027,-0.11599826253831033,0.0745965529941654,27.22774184287037,82.89045495660037,738.93,True,0.26675707563420903
SPY260821C00659000,2026-07-17 15:46:37+00:00,659.0,90.41,81.29,84.73,0.0,0.0,1.0,17,0.3713441772460937,True,REGULAR,USD,SPY,call,2026-08-21,738.93,2026-07-25T14:32:03.104776+00:00,83.01,3.4399999999999977,0.04144079026623296,0.8918300786272043,-0.11447965936112027,0.0745965529941654,27.22774184287037,81.89343437142804,738.93,True,0.26533755521403735
SPY260821C00660000,2026-07-24 19:28:54+00:00,660.0,81.78,80.77,83.28,0.9799957,1.212866,9.0,569,0.356878989868164,True,REGULAR,USD,SPY,call,2026-08-21,738.93,2026-07-25T14:32:03.104776+00:00,82.025,2.510000000000005,0.03060042669917714,0.8931833867890058,-0.11296335884315634,0.0745965529941654,27.22774184287037,80.89641378625572,738.93,True,0.2631578836397288
SPY260821C00661000,2026-07-21 18:28:32+00:00,661.0,90.75,79.35,82.79,0.0,0.0,3.0,5,0.3658510681152344,True,REGULAR,USD,SPY,call,2026-08-21,738.93,2026-07-25T14:32:03.104776+00:00,81.07,3.440000000000012,0.04243246577032209,0.8945366949508073,-0.11144935401194123,0.0745965529941654,27.22774184287037,79.89939320108329,738.93,True,0.2623885380053128
SPY260821C00662000,2026-07-16 18:07:43+00:00,662.0,92.86,78.38,81.82,0.0,0.0,1.0,34,0.3630434790039062,True,REGULAR,USD,SPY,call,2026-08-21,738.93,2026-07-25T14:32:03.104776+00:00,80.1,3.4399999999999977,0.04294631710362045,0.8958900031126088,-0.10993763792661937,0.0745965529941654,27.22774184287037,78.90237261591096,738.93,True,0.2608610540372718
SPY260821C00663000,2026-06-25 14:51:36+00:00,663.0,82.63,77.41,80.86,0.0,0.0,2.0,3,0.3604800280761718,True,REGULAR,USD,SPY,call,2026-08-21,738.93,2026-07-25T14:32:03.104776+00:00,79.13499999999999,3.450000000000003,0.04359638592279021,0.8972433112744104,-0.10842820367776503,0.0745965529941654,27.22774184287037,77.90535203073864,738.93,True,0.25952568557980565
SPY260821C00664000,2026-06-23 14:35:45+00:00,664.0,83.8,77.45,80.72,0.0,0.0,1.0,3,0.3763490100097656,True,REGULAR,USD,SPY,call,2026-08-21,738.93,2026-07-25T14:32:03.104776+00:00,79.08500000000001,3.269999999999996,0.041347916798381436,0.8985966194362118,-0.10692104438719376,0.0745965529941654,27.22774184287037,76.90833144556632,738.93,True,0.2930739442164785
SPY260821C00665000,2026-07-24 14:25:53+00:00,665.0,77.94,75.92,78.45,-6.739998,-7.959374,2.0,1676,0.3438481143188476,True,REGULAR,USD,SPY,call,2026-08-21,738.93,2026-07-25T14:32:03.104776+00:00,77.185,2.530000000000001,0.032778389583468306,0.8999499275980134,-0.10541615320777341,0.0745965529941654,27.22774184287037,75.911310860394,738.93,True,0.2558591636332598
SPY260821C00666000,2026-07-08 14:53:20+00:00,666.0,81.51,74.52,77.96,0.0,0.0,1.0,64,0.3522403643798828,True,REGULAR,USD,SPY,call,2026-08-21,738.93,2026-07-25T14:32:03.104776+00:00,76.24,3.4399999999999977,0.04512067156348371,0.901303235759815,-0.10391352332323836,0.0745965529941654,27.22774184287037,74.91429027522167,738.93,True,0.2552711720792213
SPY260821C00667000,2026-06-23 14:27:54+00:00,667.0,81.31,74.56,77.82,0.0,0.0,1.0,2,0.367621069946289,True,REGULAR,USD,SPY,call,2026-08-21,738.93,2026-07-25T14:32:03.104776+00:00,76.19,3.259999999999991,0.04278776742354628,0.9026565439216164,-0.10241314794800385,0.0745965529941654,27.22774184287037,73.91726969004924,738.93,True,0.2870063864233664
SPY260821C00668000,2026-07-20 19:50:06+00:00,668.0,78.97,72.59,76.04,0.0,0.0,2.0,9,0.3469913934326171,True,REGULAR,USD,SPY,call,2026-08-21,738.93,2026-07-25T14:32:03.104776+00:00,74.315,3.450000000000003,0.04642400592074283,0.904009852083418,-0.1009150203269818,0.0745965529941654,27.22774184287037,72.92024910487692,738.93,True,0.2524433286443687
SPY260821C00669000,2026-07-13 18:30:07+00:00,669.0,85.34,71.63,75.08,0.0,0.0,1.0,3,0.3443363906860351,True,REGULAR,USD,SPY,call,2026-08-21,738.93,2026-07-25T14:32:03.104776+00:00,73.35499999999999,3.450000000000003,0.047031558857610296,0.9053631602452195,-0.09941913373539915,0.0745965529941654,27.22774184287037,71.9232285197046,738.93,True,0.25106762985295156
SPY260821C00670000,2026-07-24 18:26:10+00:00,670.0,73.46,71.1,73.65,0.91999817,1.2682632,6.0,1761,0.3311529287719726,True,REGULAR,USD,SPY,call,2026-08-21,738.93,2026-07-25T14:32:03.104776+00:00,72.375,2.5500000000000114,0.035233160621761815,0.906716468407021,-0.09792548147861581,0.0745965529941654,27.22774184287037,70.92620793453227,738.93,True,0.2488641827822214
SPY260821C00671000,2026-07-13 15:49:32+00:00,671.0,85.26,69.71,73.16,0.0,0.0,1.0,4,0.3389958679199218,True,REGULAR,USD,SPY,call,2026-08-21,738.93,2026-07-25T14:32:03.104776+00:00,71.435,3.450000000000003,0.04829565339119483,0.9080697765688226,-0.0964340568919457,0.0745965529941654,27.22774184287037,69.92918734935995,738.93,True,0.24818676623452995
SPY260821C00672000,2026-07-24 16:53:12+00:00,672.0,73.31,68.75,72.2,-11.200005,-13.252875,1.0,4,0.3362798306274414,True,REGULAR,USD,SPY,call,2026-08-21,738.93,2026-07-25T14:32:03.104776+00:00,70.475,3.450000000000003,0.04895352962043282,0.909423084730624,-0.09494485334047802,0.0745965529941654,27.22774184287037,68.93216676418763,738.93,True,0.2466839669663921
SPY260821C00673000,2026-07-16 18:04:35+00:00,673.0,82.45,67.79,71.24,0.0,0.0,30.0,33,0.333563793334961,True,REGULAR,USD,SPY,call,2026-08-21,738.93,2026-07-25T14:32:03.104776+00:00,69.515,3.4499999999999886,0.0496295763504278,0.9107763928924256,-0.0934578642188997,0.0745965529941654,27.22774184287037,67.9351461790153,738.93,True,0.24514102188255132
SPY260821C00674000,2026-07-23 14:28:05+00:00,674.0,69.9,66.84,70.29,0.0,0.0,5.0,45,0.331061376953125,True,REGULAR,USD,SPY,call,2026-08-21,738.93,2026-07-25T14:32:03.104776+00:00,68.565,3.450000000000003,0.05031721723911621,0.9121297010542271,-0.09197308295132055,0.0745965529941654,27.22774184287037,66.93812559384287,738.93,True,0.24391932190465998
SPY260821C00675000,2026-07-24 19:46:32+00:00,675.0,66.95,65.88,69.33,-0.37000275,-0.5496179,6.0,4959,0.328284305114746,True,REGULAR,USD,SPY,call,2026-08-21,738.93,2026-07-25T14:32:03.104776+00:00,67.60499999999999,3.450000000000003,0.05103172842245401,0.9134830092160287,-0.09049050299109772,0.0745965529941654,27.22774184287037,65.94110500867055,738.93,True,0.24229216199385256
SPY260821C00676000,2026-07-20 17:51:54+00:00,676.0,73.04,64.93,68.38,0.0,0.0,2.0,6,0.3257513714599609,True,REGULAR,USD,SPY,call,2026-08-21,738.93,2026-07-25T14:32:03.104776+00:00,66.655,3.4499999999999886,0.051759057835120977,0.9148363173778302,-0.0890101178206634,0.0745965529941654,27.22774184287037,64.94408442349823,738.93,True,0.24097389261543656
SPY260821C00677000,2026-07-24 15:18:24+00:00,677.0,69.52,63.98,67.43,-0.6300049,-0.89808244,1.0,5,0.3231574032592772,True,REGULAR,USD,SPY,call,2026-08-21,738.93,2026-07-25T14:32:03.104776+00:00,65.705,3.45000000000001,0.0525074195266724,0.9161896255396317,-0.08753192095135257,0.0745965529941654,27.22774184287037,63.9470638383259,738.93,True,0.2396056542984266
SPY260821C00678000,2026-07-17 19:37:42+00:00,678.0,70.2,63.03,66.48,0.0,0.0,1.0,23,0.3205634350585937,True,REGULAR,USD,SPY,call,2026-08-21,738.93,2026-07-25T14:32:03.104776+00:00,64.755,3.450000000000003,0.053277739170720456,0.9175429337014332,-0.08605590592323194,0.0745965529941654,27.22774184287037,62.95004325315358,738.93,True,0.23818887604061223
SPY260821C00679000,2026-07-07 14:39:11+00:00,679.0,73.33,62.09,65.54,0.0,0.0,1.0,5,0.3181220532226562,True,REGULAR,USD,SPY,call,2026-08-21,738.93,2026-07-25T14:32:03.104776+00:00,63.815000000000005,3.450000000000003,0.05406252448483903,0.9188962418632347,-0.08458206630493145,0.0745965529941654,27.22774184287037,61.95302266798126,738.93,True,0.23704931113037897
SPY260821C00680000,2026-07-24 20:01:23+00:00,680.0,63.01,61.14,64.59,1.2099991,1.9579272,21.0,2388,0.3154975677490234,True,REGULAR,USD,SPY,call,2026-08-21,738.93,2026-07-25T14:32:03.104776+00:00,62.865,3.450000000000003,0.05487950369840138,0.9202495500250363,-0.08311039569347514,0.0745965529941654,27.22774184287037,60.95600208280882,738.93,True,0.23553291979405955
SPY260821C00681000,2026-07-20 14:31:57+00:00,681.0,69.68,60.2,63.65,0.0,0.0,1.0,65,0.3130256686401367,True,REGULAR,USD,SPY,call,2026-08-21,738.93,2026-07-25T14:32:03.104776+00:00,61.925,3.4499999999999957,0.05571255551069836,0.9216028581868377,-0.08164088771411523,0.0745965529941654,27.22774184287037,59.9589814976365,738.93,True,0.23428305138845604
SPY260821C00682000,2026-07-07 16:42:17+00:00,682.0,72.6,59.25,62.71,0.0,0.0,1.0,12,0.3105537695312499,True,REGULAR,USD,SPY,call,2026-08-21,738.93,2026-07-25T14:32:03.104776+00:00,60.980000000000004,3.460000000000001,0.05673991472613973,0.9229561663486393,-0.08017353602016546,0.0745965529941654,27.22774184287037,58.96196091246418,738.93,True,0.2328248403438134
SPY260821C00683000,2026-07-23 14:51:01+00:00,683.0,61.21,58.31,61.77,0.0,0.0,1.0,7,0.3080208358764648,True,REGULAR,USD,SPY,call,2026-08-21,738.93,2026-07-25T14:32:03.104776+00:00,60.040000000000006,3.460000000000001,0.057628247834776825,0.9243094745104409,-0.07870833429283744,0.0745965529941654,27.22774184287037,57.964940327291856,738.93,True,0.23146751828934786
SPY260821C00684000,2026-07-24 18:09:36+00:00,684.0,61.39,57.37,60.83,-5.8099976,-8.64583,8.0,19,0.3054879022216796,True,REGULAR,USD,SPY,call,2026-08-21,738.93,2026-07-25T14:32:03.104776+00:00,59.099999999999994,3.460000000000001,0.05854483925549917,0.9256627826722423,-0.07724527624107712,0.0745965529941654,27.22774184287037,56.967919742119534,738.93,True,0.23005709397852808
SPY260821C00685000,2026-07-24 19:31:02+00:00,685.0,57.66,56.94,59.56,0.65999985,1.1578945,1.0,1685,0.2965463412475585,True,REGULAR,USD,SPY,call,2026-08-21,738.93,2026-07-25T14:32:03.104776+00:00,58.25,2.6200000000000045,0.044978540772532265,0.9270160908340439,-0.07578435560140223,0.0745965529941654,27.22774184287037,55.97089915694721,738.93,True,0.23115050953611255
SPY260821C00686000,2026-07-23 13:35:09+00:00,686.0,60.2,55.5,58.96,0.0,0.0,1.0,3,0.300513586730957,True,REGULAR,USD,SPY,call,2026-08-21,738.93,2026-07-25T14:32:03.104776+00:00,57.230000000000004,3.460000000000001,0.06045780185217544,0.9283693989958454,-0.07432556613774237,0.0745965529941654,27.22774184287037,54.973878571774776,738.93,True,0.2273629669018124
SPY260821C00687000,2026-07-24 15:49:53+00:00,687.0,59.69,54.57,58.02,-4.5099983,-7.02492,2.0,11,0.2979196185302734,True,REGULAR,USD,SPY,call,2026-08-21,738.93,2026-07-25T14:32:03.104776+00:00,56.295,3.450000000000003,0.061284305888622485,0.9297227071576469,-0.07286890164127821,0.0745965529941654,27.22774184287037,53.976857986602454,738.93,True,0.2259331507126377
SPY260821C00688000,2026-07-16 13:40:01+00:00,688.0,68.78,53.64,57.09,0.0,0.0,1.0,3,0.2954477194213867,True,REGULAR,USD,SPY,call,2026-08-21,738.93,2026-07-25T14:32:03.104776+00:00,55.365,3.450000000000003,0.06231373611487407,0.9310760153194485,-0.07141435593028383,0.0745965529941654,27.22774184287037,52.97983740143013,738.93,True,0.22458463896796588
SPY260821C00689000,2026-07-14 19:35:14+00:00,689.0,68.3,52.91,56.17,0.0,0.0,1.0,34,0.2931589239501952,True,REGULAR,USD,SPY,call,2026-08-21,738.93,2026-07-25T14:32:03.104776+00:00,54.54,3.260000000000005,0.05977264393105987,0.93242932348125,-0.069961922849969,0.0745965529941654,27.22774184287037,51.98281681625781,738.93,True,0.2259238526227429
SPY260821C00690000,2026-07-24 19:52:41+00:00,690.0,52.86,53.45,53.63,-1.1399994,-2.11111,58.0,5596,0.260047682800293,True,REGULAR,USD,SPY,call,2026-08-21,738.93,2026-07-25T14:32:03.104776+00:00,53.540000000000006,0.17999999999999972,0.003361972357116169,0.9337826316430515,-0.06851159627232245,0.0745965529941654,27.22774184287037,50.98579623108549,738.93,True,0.22261934325554344
SPY260821C00691000,2026-07-22 17:55:33+00:00,691.0,62.2,51.05,54.32,0.0,0.0,1.0,4,0.2882761602783202,True,REGULAR,USD,SPY,call,2026-08-21,738.93,2026-07-25T14:32:03.104776+00:00,52.685,3.270000000000003,0.06206700199297718,0.935135939804853,-0.06706337009595768,0.0745965529941654,27.22774184287037,49.988775645913165,738.93,True,0.2229664651540531
SPY260821C00692000,2026-07-22 13:43:48+00:00,692.0,59.85,49.94,53.4,0.0,0.0,1.0,13,0.2858958129882812,True,REGULAR,USD,SPY,call,2026-08-21,738.93,2026-07-25T14:32:03.104776+00:00,51.67,3.460000000000001,0.06696342171472809,0.9364892479666546,-0.06561723824595797,0.0745965529941654,27.22774184287037,48.99175506074084,738.93,True,0.21925152724899577
SPY260821C00693000,2026-07-23 13:49:42+00:00,693.0,53.41,49.16,52.48,0.0,0.0,4.0,107,0.2834544311523437,True,REGULAR,USD,SPY,call,2026-08-21,738.93,2026-07-25T14:32:03.104776+00:00,50.81999999999999,3.3200000000000003,0.06532861078315626,0.9378425561284561,-0.06417319467372426,0.0745965529941654,27.22774184287037,47.99473447556841,738.93,True,0.2195532544570295
SPY260821C00694000,2026-07-23 14:14:36+00:00,694.0,51.58,48.11,51.57,0.0,0.0,1.0,9,0.2811656356811522,True,REGULAR,USD,SPY,call,2026-08-21,738.93,2026-07-25T14:32:03.104776+00:00,49.84,3.460000000000001,0.06942215088282505,0.9391958642902576,-0.06273123335682305,0.0745965529941654,27.22774184287037,46.997713890396085,738.93,True,0.21664838163847455
SPY260821C00695000,2026-07-24 19:47:14+00:00,695.0,48.5,47.4,50.65,0.069999695,0.14453788,3.0,3209,0.2786937365722656,True,REGULAR,USD,SPY,call,2026-08-21,738.93,2026-07-25T14:32:03.104776+00:00,49.025,3.25,0.06629270780214176,0.9405491724520592,-0.061291348298835376,0.0745965529941654,27.22774184287037,46.00069330522376,738.93,True,0.21756884160635664
SPY260821C00696000,2026-07-24 14:38:05+00:00,696.0,47.98,46.28,49.74,0.02999878,0.06256262,5.0,154,0.2763133892822265,True,REGULAR,USD,SPY,call,2026-08-21,738.93,2026-07-25T14:32:03.104776+00:00,48.010000000000005,3.460000000000001,0.07206831910018748,0.9419024806138606,-0.059853533529207935,0.0745965529941654,27.22774184287037,45.00367272005144,738.93,True,0.21379207233482195
SPY260821C00697000,2026-07-24 14:38:05+00:00,697.0,47.06,45.38,48.84,-12.809998,-21.396355,6.0,147,0.2741161456298828,True,REGULAR,USD,SPY,call,2026-08-21,738.93,2026-07-25T14:32:03.104776+00:00,47.11,3.460000000000001,0.07344512842284018,0.9432557887756622,-0.058417783103103645,0.0745965529941654,27.22774184287037,44.00665213487912,738.93,True,0.2126090332955004
SPY260821C00698000,2026-07-24 14:38:05+00:00,698.0,46.18,44.47,47.94,-0.9700012,-2.0572667,6.0,28,0.2718273501586914,True,REGULAR,USD,SPY,call,2026-08-21,738.93,2026-07-25T14:32:03.104776+00:00,46.205,3.469999999999999,0.07510009739205711,0.9446090969374636,-0.05698409110125513,0.0745965529941654,27.22774184287037,43.009631549706796,738.93,True,0.21124399989165943
SPY260821C00699000,2026-07-24 14:38:05+00:00,699.0,45.27,43.78,47.04,-0.7099991,-1.5441476,18.0,4,0.2695385546875,True,REGULAR,USD,SPY,call,2026-08-21,738.93,2026-07-25T14:32:03.104776+00:00,45.41,3.259999999999998,0.07179035454745647,0.9459624050992652,-0.0555524516298173,0.0745965529941654,27.22774184287037,42.01261096453436,738.93,True,0.21217049744796224
SPY260821C00700000,2026-07-24 19:59:45+00:00,700.0,44.65,44.32,44.52,-0.61999893,-1.3695581,462.0,7457,0.239692661743164,True,REGULAR,USD,SPY,call,2026-08-21,738.93,2026-07-25T14:32:03.104776+00:00,44.42,0.20000000000000284,0.004502476361999163,0.9473157132610668,-0.05412285882022283,0.0745965529941654,27.22774184287037,41.01559037936204,738.93,True,0.20884536190920494
SPY260821C00701000,2026-07-24 14:36:56+00:00,701.0,43.51,41.78,45.15,-2.3400002,-5.103599,5.0,119,0.2633435482788085,True,REGULAR,USD,SPY,call,2026-08-21,738.93,2026-07-25T14:32:03.104776+00:00,43.465,3.3699999999999974,0.07753364776256752,0.9486690214228682,-0.05269530682903748,0.0745965529941654,27.22774184287037,40.018569794189716,738.93,True,0.20623792261143514
SPY260821C00702000,2026-07-24 14:22:30+00:00,702.0,42.62,40.89,44.36,0.29999924,0.70888287,4.0,39,0.262702685546875,True,REGULAR,USD,SPY,call,2026-08-21,738.93,2026-07-25T14:32:03.104776+00:00,42.625,3.469999999999999,0.08140762463343106,0.9500223295846698,-0.0512697898378164,0.0745965529941654,27.22774184287037,39.021549209017394,738.93,True,0.20595092630424094
SPY260821C00703000,2026-07-24 14:38:05+00:00,703.0,41.7,40.01,43.47,-1.25,-2.9103608,6.0,23,0.2603833728027344,True,REGULAR,USD,SPY,call,2026-08-21,738.93,2026-07-25T14:32:03.104776+00:00,41.739999999999995,3.460000000000001,0.08289410637278394,0.9513756377464713,-0.049846302052962685,0.0745965529941654,27.22774184287037,38.02452862384507,738.93,True,0.2046530138870048
SPY260821C00704000,2026-07-24 14:38:05+00:00,704.0,43.01,39.28,42.59,2.0,4.8768597,13.0,80,0.2581861291503906,True,REGULAR,USD,SPY,call,2026-08-21,738.93,2026-07-25T14:32:03.104776+00:00,40.935,3.3100000000000023,0.08085989984121172,0.9527289459082728,-0.048424837705585144,0.0745965529941654,27.22774184287037,37.02750803867275,738.93,True,0.20484154089600226
SPY260821C00705000,2026-07-24 18:42:15+00:00,705.0,39.28,38.32,41.46,0.29999924,0.7696235,2.0,2097,0.2520216400146484,True,REGULAR,USD,SPY,call,2026-08-21,738.93,2026-07-25T14:32:03.104776+00:00,39.89,3.1400000000000006,0.07871647029330661,0.9540822540700744,-0.04700539105135884,0.0745965529941654,27.22774184287037,36.03048745350043,738.93,True,0.20029378278811266
SPY260821C00706000,2026-07-08 20:00:17+00:00,706.0,46.75,37.6,40.74,0.0,0.0,2.0,51,0.2522657781982421,True,REGULAR,USD,SPY,call,2026-08-21,738.93,2026-07-25T14:32:03.104776+00:00,39.17,3.1400000000000006,0.08016339034975747,0.9554355622318759,-0.045587956370385485,0.0745965529941654,27.22774184287037,35.03346686832799,738.93,True,0.20191963797446158
SPY260821C00707000,2026-07-17 14:45:44+00:00,707.0,46.05,36.5,39.84,0.0,0.0,2.0,21,0.2496412927246093,True,REGULAR,USD,SPY,call,2026-08-21,738.93,2026-07-25T14:32:03.104776+00:00,38.17,3.3400000000000034,0.08750327482315963,0.9567888703936774,-0.04417252796705476,0.0745965529941654,27.22774184287037,34.03644628315567,738.93,True,0.1981763328625698
SPY260821C00708000,2026-07-23 15:05:59+00:00,708.0,38.08,35.63,38.97,0.0,0.0,1.0,207,0.2474135317993164,True,REGULAR,USD,SPY,call,2026-08-21,738.93,2026-07-25T14:32:03.104776+00:00,37.3,3.3399999999999963,0.08954423592493288,0.9581421785554789,-0.042759100169907825,0.0745965529941654,27.22774184287037,33.03942569798335,738.93,True,0.19680414661174794
SPY260821C00709000,2026-07-23 16:08:51+00:00,709.0,37.76,34.77,38.13,0.0,0.0,2.0,537,0.2455824954223632,True,REGULAR,USD,SPY,call,2026-08-21,738.93,2026-07-25T14:32:03.104776+00:00,36.45,3.3599999999999994,0.09218106995884771,0.9594954867172805,-0.04134766733150004,0.0745965529941654,27.22774184287037,32.042405112811025,738.93,True,0.19571241645664816
SPY260821C00710000,2026-07-24 19:52:00+00:00,710.0,35.15,34.08,37.2,0.15000153,0.42857578,12.0,3997,0.2423781817626953,True,REGULAR,USD,SPY,call,2026-08-21,738.93,2026-07-25T14:32:03.104776+00:00,35.64,3.1200000000000045,0.08754208754208767,0.960848794879082,-0.03993822382826639,0.0745965529941654,27.22774184287037,31.045384527638703,738.93,True,0.19523407938269066
SPY260821C00711000,2026-07-23 13:33:59+00:00,711.0,36.72,33.06,36.53,0.0,0.0,3.0,119,0.2429274926757812,True,REGULAR,USD,SPY,call,2026-08-21,738.93,2026-07-25T14:32:03.104776+00:00,34.795,3.469999999999999,0.09972697226613016,0.9622021030408835,-0.038530764060386684,0.0745965529941654,27.22774184287037,30.04836394246638,738.93,True,0.19403924136182354
SPY260821C00712000,2026-07-24 17:55:54+00:00,712.0,36.0,32.42,35.68,-6.299999,-14.893616,2.0,84,0.2407912835693359,True,REGULAR,USD,SPY,call,2026-08-21,738.93,2026-07-25T14:32:03.104776+00:00,34.05,3.259999999999998,0.09574155653450803,0.9635554112026851,-0.037125282451651746,0.0745965529941654,27.22774184287037,29.051343357293945,738.93,True,0.19444631131831835
SPY260821C00713000,2026-07-24 19:35:34+00:00,713.0,33.59,31.36,34.84,-8.740002,-20.647297,2.0,107,0.238716109008789,True,REGULAR,USD,SPY,call,2026-08-21,738.93,2026-07-25T14:32:03.104776+00:00,33.1,3.480000000000004,0.10513595166163153,0.9649087193644865,-0.03572177344933164,0.0745965529941654,27.22774184287037,28.054322772121623,738.93,True,0.19130299901359188
SPY260821C00714000,2026-07-24 18:22:37+00:00,714.0,33.26,30.52,34.0,-5.2300034,-13.587954,5.0,7,0.2365646412658691,True,REGULAR,USD,SPY,call,2026-08-21,738.93,2026-07-25T14:32:03.104776+00:00,32.26,3.4800000000000004,0.10787352758834472,0.9662620275262881,-0.03432023152404314,0.0745965529941654,27.22774184287037,27.0573021869493,738.93,True,0.18993111165904897
SPY260821C00715000,2026-07-24 19:32:31+00:00,715.0,31.14,30.04,33.16,0.13999939,0.45161092,4.0,1741,0.2343521389770507,True,REGULAR,USD,SPY,call,2026-08-21,738.93,2026-07-25T14:32:03.104776+00:00,31.599999999999998,3.1199999999999974,0.0987341772151898,0.9676153356880896,-0.032920651169619945,0.0745965529941654,27.22774184287037,26.06028160177698,738.93,True,0.1913655119916422
SPY260821C00716000,2026-07-24 16:30:48+00:00,716.0,33.61,28.86,32.33,-1.1499977,-3.3083942,24.0,101,0.2322464471435547,True,REGULAR,USD,SPY,call,2026-08-21,738.93,2026-07-25T14:32:03.104776+00:00,30.595,3.469999999999999,0.11341722503677068,0.9689686438498911,-0.031523026902981935,0.0745965529941654,27.22774184287037,25.063261016604656,738.93,True,0.18716565576476246
SPY260821C00717000,2026-07-15 17:50:21+00:00,717.0,43.93,28.04,31.51,0.0,0.0,3.0,17,0.230201789855957,True,REGULAR,USD,SPY,call,2026-08-21,738.93,2026-07-25T14:32:03.104776+00:00,29.775,3.4700000000000024,0.11654072208228389,0.9703219520116927,-0.030127353264007145,0.0745965529941654,27.22774184287037,24.066240431432334,738.93,True,0.18584480604125425
SPY260821C00718000,2026-07-17 19:24:30+00:00,718.0,34.1,27.22,30.69,0.0,0.0,20.0,21,0.2280655807495117,True,REGULAR,USD,SPY,call,2026-08-21,738.93,2026-07-25T14:32:03.104776+00:00,28.955,3.4700000000000024,0.11984113279226395,0.9716752601734941,-0.02873362481540339,0.0745965529941654,27.22774184287037,23.06921984626001,738.93,True,0.18443028740438466
SPY260821C00719000,2026-07-23 13:31:44+00:00,719.0,29.81,26.4,29.47,0.0,0.0,5.0,36,0.2204057452392577,True,REGULAR,USD,SPY,call,2026-08-21,738.93,2026-07-25T14:32:03.104776+00:00,27.935,3.0700000000000003,0.10989797744764633,0.9730285683352957,-0.027341836142580837,0.0745965529941654,27.22774184287037,22.072199261087576,738.93,True,0.17988055605718467
SPY260821C00720000,2026-07-24 19:18:40+00:00,720.0,26.83,27.24,27.42,-1.0200005,-3.6624794,258.0,5231,0.201332449645996,True,REGULAR,USD,SPY,call,2026-08-21,738.93,2026-07-25T14:32:03.104776+00:00,27.33,0.18000000000000327,0.006586169045005609,0.9743818764970972,-0.025951981853526596,0.0745965529941654,27.22774184287037,21.075178675915254,738.93,True,0.1815481094572426
SPY260821C00721000,2026-07-24 18:20:38+00:00,721.0,27.52,24.8,27.86,1.7200012,6.6666713,2.0,44,0.2163164306640624,True,REGULAR,USD,SPY,call,2026-08-21,738.93,2026-07-25T14:32:03.104776+00:00,26.33,3.0599999999999987,0.11621724268894792,0.9757351846588987,-0.024564056578678467,0.0745965529941654,27.22774184287037,20.07815809074293,738.93,True,0.177194666526994
SPY260821C00722000,2026-07-24 19:48:24+00:00,722.0,25.38,24.88,26.69,0.049999237,0.19739138,3.0,120,0.2092821992492675,True,REGULAR,USD,SPY,call,2026-08-21,738.93,2026-07-25T14:32:03.104776+00:00,25.785,1.8100000000000023,0.07019585030056243,0.9770884928207003,-0.02317805497080127,0.0745965529941654,27.22774184287037,19.08113750557061,738.93,True,0.17944979878885692
SPY260821C00723000,2026-07-24 19:51:33+00:00,723.0,24.5,24.1,25.89,-0.45999908,-1.8429451,6.0,52,0.2071612487792968,True,REGULAR,USD,SPY,call,2026-08-21,738.93,2026-07-25T14:32:03.104776+00:00,24.995,1.7899999999999991,0.07161432286457288,0.9784418009825018,-0.02179397170486288,0.0745965529941654,27.22774184287037,18.084116920398287,738.93,True,0.17798596983294485
SPY260821C00724000,2026-07-24 18:34:49+00:00,724.0,24.01,23.32,25.1,-0.23999977,-0.98968977,3.0,122,0.2050860742187499,True,REGULAR,USD,SPY,call,2026-08-21,738.93,2026-07-25T14:32:03.104776+00:00,24.21,1.7800000000000011,0.07352333746385796,0.9797951091443033,-0.020411801477911152,0.0745965529941654,27.22774184287037,17.087096335225965,738.93,True,0.1764914229542825
SPY260821C00725000,2026-07-24 18:57:57+00:00,725.0,23.45,23.25,23.86,0.24000168,1.0340443,35.0,3331,0.1970295141601562,True,REGULAR,USD,SPY,call,2026-08-21,738.93,2026-07-25T14:32:03.104776+00:00,23.555,0.6099999999999994,0.025896837189556335,0.9811484173061048,-0.019031539008952807,0.0745965529941654,27.22774184287037,16.09007575005353,738.93,True,0.17670786140422046
SPY260821C00726000,2026-07-24 18:20:38+00:00,726.0,23.54,22.25,23.07,0.7400017,3.2456214,5.0,1792,0.1948170118713378,True,REGULAR,USD,SPY,call,2026-08-21,738.93,2026-07-25T14:32:03.104776+00:00,22.66,0.8200000000000003,0.036187113857016784,0.9825017254679064,-0.01765317903883145,0.0745965529941654,27.22774184287037,15.093055164881207,738.93,True,0.17346946952375242
SPY260821C00727000,2026-07-24 19:44:08+00:00,727.0,21.59,21.56,22.78,-1.5100002,-6.5367975,5.0,266,0.1989826196289062,True,REGULAR,USD,SPY,call,2026-08-21,738.93,2026-07-25T14:32:03.104776+00:00,22.17,1.2200000000000024,0.055029318899413725,0.9838550336297079,-0.016276716330108125,0.0745965529941654,27.22774184287037,14.096034579708885,738.93,True,0.17568105111346838
SPY260821C00728000,2026-07-24 15:18:27+00:00,728.0,22.57,20.76,22.01,1.0499992,4.8791785,6.0,119,0.1968158932495117,True,REGULAR,USD,SPY,call,2026-08-21,738.93,2026-07-25T14:32:03.104776+00:00,21.385,1.25,0.058452186111760576,0.9852083417915094,-0.014902145666941587,0.0745965529941654,27.22774184287037,13.099013994536563,738.93,True,0.1737286425745947
SPY260821C00729000,2026-07-24 20:07:56+00:00,729.0,20.27,19.69,20.85,-0.35000038,-1.6973829,21.0,181,0.1895832995605469,True,REGULAR,USD,SPY,call,2026-08-21,738.93,2026-07-25T14:32:03.104776+00:00,20.270000000000003,1.1600000000000001,0.05722742969906265,0.986561649953311,-0.013529461854969362,0.0745965529941654,27.22774184287037,12.10199340936424,738.93,True,0.1672684069573085
SPY260821C00730000,2026-07-24 19:54:59+00:00,730.0,19.62,19.55,19.71,-0.87999916,-4.292679,119.0,20486,0.1825795854187011,True,REGULAR,USD,SPY,call,2026-08-21,738.93,2026-07-25T14:32:03.104776+00:00,19.630000000000003,0.16000000000000014,0.008150789607743257,0.9879149581151124,-0.012158659721190764,0.0745965529941654,27.22774184287037,11.104972824191918,738.93,True,0.1670701802256364
SPY260821C00731000,2026-07-24 19:00:29+00:00,731.0,18.75,18.25,19.77,0.6100006,3.3627377,11.0,169,0.1906361454772949,True,REGULAR,USD,SPY,call,2026-08-21,738.93,2026-07-25T14:32:03.104776+00:00,19.009999999999998,1.5199999999999996,0.07995791688584954,0.989268266276914,-0.010789734113849028,0.0745965529941654,27.22774184287037,10.107952239019482,738.93,True,0.16698892714938385
SPY260821C00732000,2026-07-24 17:19:48+00:00,732.0,19.91,17.95,19.04,2.1800003,12.295547,11.0,327,0.1885762295532226,True,REGULAR,USD,SPY,call,2026-08-21,738.93,2026-07-25T14:32:03.104776+00:00,18.494999999999997,1.0899999999999999,0.05893484725601514,0.9906215744387155,-0.009422679902316038,0.0745965529941654,27.22774184287037,9.11093165384716,738.93,True,0.16812217289169296
SPY260821C00733000,2026-07-24 18:39:48+00:00,733.0,17.24,17.28,17.71,-1.1399994,-6.2023907,12.0,177,0.1789327713012695,True,REGULAR,USD,SPY,call,2026-08-21,738.93,2026-07-25T14:32:03.104776+00:00,17.495,0.4299999999999997,0.02457845098599598,0.991974882600517,-0.008057491976976059,0.0745965529941654,27.22774184287037,8.113911068674838,738.93,True,0.16284657935238922
SPY260821C00734000,2026-07-24 13:55:04+00:00,734.0,16.47,16.55,17.01,-1.210001,-6.843897,7.0,986,0.1770712176513671,True,REGULAR,USD,SPY,call,2026-08-21,738.93,2026-07-25T14:32:03.104776+00:00,16.78,0.46000000000000085,0.02741358760429087,0.9933281907623186,-0.006694165249111924,0.0745965529941654,27.22774184287037,7.116890483502516,738.93,True,0.16114210978804827
SPY260821C00735000,2026-07-24 19:59:25+00:00,735.0,15.9,16.0,16.15,-1.0599995,-6.249997,5215.0,11252,0.1731039721679687,True,REGULAR,USD,SPY,call,2026-08-21,738.93,2026-07-25T14:32:03.104776+00:00,16.075,0.14999999999999858,0.00933125972006212,0.9946814989241201,-0.005332694650790894,0.0745965529941654,27.22774184287037,6.119869898330194,738.93,True,0.15943578339969566
SPY260821C00736000,2026-07-24 20:11:37+00:00,736.0,15.3,15.21,15.65,-0.99999905,-6.134964,4586.0,511,0.1734701794433593,True,REGULAR,USD,SPY,call,2026-08-21,738.93,2026-07-25T14:32:03.104776+00:00,15.43,0.4399999999999995,0.02851587815942965,0.9960348070859216,-0.003973075134751286,0.0745965529941654,27.22774184287037,5.122849313157872,738.93,True,0.15835438393818857
SPY260821C00737000,2026-07-24 20:11:37+00:00,737.0,14.63,14.68,14.78,-1.0,-6.397953,469.0,765,0.1691367266845703,True,REGULAR,USD,SPY,call,2026-08-21,738.93,2026-07-25T14:32:03.104776+00:00,14.73,0.09999999999999964,0.006788866259334667,0.9973881152477231,-0.0026153016742909863,0.0745965529941654,27.22774184287037,4.1258287279855494,738.93,True,0.15643859121212766
SPY260821C00738000,2026-07-24 20:14:07+00:00,738.0,14.12,14.06,14.09,-0.9200001,-6.1170216,758.0,1693,0.1669089657592773,True,REGULAR,USD,SPY,call,2026-08-21,738.93,2026-07-25T14:32:03.104776+00:00,14.075,0.02999999999999936,0.002131438721136722,0.9987414234095247,-0.0012593692631550479,0.0745965529941654,27.22774184287037,3.1288081428131136,738.93,True,0.15494681472653243
SPY260821C00739000,2026-07-24 20:12:33+00:00,739.0,13.4,13.41,13.44,-1.0600004,-7.3305697,4699.0,632,0.1650168948364258,False,REGULAR,USD,SPY,call,2026-08-21,738.93,2026-07-25T14:32:03.104776+00:00,13.425,0.02999999999999936,0.002234636871508332,1.0000947315713262,9.472708457427596e-05,0.0745965529941654,27.22774184287037,2.1317875576407914,738.93,True,0.15337048915654453
SPY260821C00740000,2026-07-24 20:13:58+00:00,740.0,12.83,12.77,12.81,-0.96000004,-6.961567,8947.0,6736,0.1632163757324219,False,REGULAR,USD,SPY,call,2026-08-21,738.93,2026-07-25T14:32:03.104776+00:00,12.79,0.040000000000000924,0.0031274433150899864,1.0014480397331278,0.0014469923345879852,0.0745965529941654,27.22774184287037,1.1347669724684692,738.93,True,0.1518301696742434
SPY260821C00741000,2026-07-24 20:14:03+00:00,741.0,12.2,12.14,12.18,-0.9200001,-7.012196,1557.0,2029,0.1612937875366211,False,REGULAR,USD,SPY,call,2026-08-21,738.93,2026-07-25T14:32:03.104776+00:00,12.16,0.03999999999999915,0.0032894736842104563,1.0028013478949291,0.002797431432459259,0.0745965529941654,27.22774184287037,0.13774638729614708,738.93,True,0.15019673061327074
SPY260821C00742000,2026-07-24 19:09:42+00:00,742.0,11.46,11.53,11.57,-1.0299997,-8.246595,1043.0,1145,0.1594627511596679,False,REGULAR,USD,SPY,call,2026-08-21,738.93,2026-07-25T14:32:03.104776+00:00,11.55,0.040000000000000924,0.003463203463203543,1.0041546560567307,0.0041460493037528655,0.0745965529941654,27.22774184287037,0.0,738.93,True,0.14865189509050084
SPY260821C00743000,2026-07-24 20:04:52+00:00,743.0,10.9,10.93,10.97,-0.8500004,-7.234046,8220.0,1216,0.1575706802368164,False,REGULAR,USD,SPY,call,2026-08-21,738.93,2026-07-25T14:32:03.104776+00:00,10.95,0.040000000000000924,0.003652968036529765,1.0055079642185323,0.005492850854131627,0.0745965529941654,27.22774184287037,0.0,738.93,True,0.14706657411039448
SPY260821C00744000,2026-07-24 20:00:33+00:00,744.0,10.37,10.34,10.38,-0.9300003,-8.230091,3819.0,1057,0.1556786093139648,False,REGULAR,USD,SPY,call,2026-08-21,738.93,2026-07-25T14:32:03.104776+00:00,10.36,0.040000000000000924,0.0038610038610039504,1.0068612723803338,0.006837840969464374,0.0745965529941654,27.22774184287037,0.0,738.93,True,0.14543579397484063
SPY260821C00745000,2026-07-24 20:14:09+00:00,745.0,9.82,9.77,9.81,-0.8600006,-8.05244,2892.0,13555,0.1538323143005371,False,REGULAR,USD,SPY,call,2026-08-21,738.93,2026-07-25T14:32:03.104776+00:00,9.79,0.040000000000000924,0.004085801838610922,1.0082145805421354,0.008181024515932068,0.0745965529941654,27.22774184287037,0.0,738.93,True,0.14387920792839298
SPY260821C00746000,2026-07-24 19:53:48+00:00,746.0,9.09,9.22,9.25,-1.0299997,-10.177863,898.0,1371,0.1519555020141602,False,REGULAR,USD,SPY,call,2026-08-21,738.93,2026-07-25T14:32:03.104776+00:00,9.235,0.02999999999999936,0.0032485110990795193,1.0095678887039368,0.00952240634013323,0.0745965529941654,27.22774184287037,0.0,738.93,True,0.1423300174548236
SPY260821C00747000,2026-07-24 19:58:52+00:00,747.0,8.7,8.68,8.71,-0.7600002,-8.033829,859.0,2120,0.1501397242736816,False,REGULAR,USD,SPY,call,2026-08-21,738.93,2026-07-25T14:32:03.104776+00:00,8.695,0.030000000000001137,0.0034502587694078364,1.0109211968657383,0.010861991269189731,0.0745965529941654,27.22774184287037,0.0,738.93,True,0.14078361992978544
SPY260821C00748000,2026-07-24 20:11:08+00:00,748.0,8.04,8.15,8.19,-0.96000004,-10.666667,786.0,4920,0.1483849810791015,False,REGULAR,USD,SPY,call,2026-08-21,738.93,2026-07-25T14:32:03.104776+00:00,8.17,0.03999999999999915,0.004895960832313237,1.01227450502754,0.012199784110849713,0.0745965529941654,27.22774184287037,0.0,738.93,True,0.13923541825865798
SPY260821C00749000,2026-07-24 20:11:53+00:00,749.0,7.63,7.64,7.68,-0.7699995,-9.166661,897.0,3552,0.1465844619750976,False,REGULAR,USD,SPY,call,2026-08-21,738.93,2026-07-25T14:32:03.104776+00:00,7.66,0.040000000000000036,0.005221932114882511,1.0136278131893415,0.013535789653591992,0.0745965529941654,27.22774184287037,0.0,738.93,True,0.13768078100430797
SPY260821C00750000,2026-07-24 20:11:55+00:00,750.0,7.15,7.15,7.19,-0.8299999,-10.401002,3488.0,18953,0.1448449774169922,False,REGULAR,USD,SPY,call,2026-08-21,738.93,2026-07-25T14:32:03.104776+00:00,7.17,0.040000000000000036,0.005578800557880061,1.014981121351143,0.014870012666728685,0.0745965529941654,27.22774184287037,0.0,738.93,True,0.13617997767646361
SPY260821C00751000,2026-07-24 19:30:39+00:00,751.0,6.51,6.68,6.71,-0.95999956,-12.8514,742.0,3666,0.143013941040039,False,REGULAR,USD,SPY,call,2026-08-21,738.93,2026-07-25T14:32:03.104776+00:00,6.695,0.03000000000000025,0.004480955937266654,1.0163344295129444,0.01620245790050713,0.0745965529941654,27.22774184287037,0.0,738.93,True,0.1346648733112697
SPY260821C00752000,2026-07-24 20:14:22+00:00,752.0,6.24,6.23,6.26,-0.71000004,-10.215828,735.0,6893,0.1413965255737305,False,REGULAR,USD,SPY,call,2026-08-21,738.93,2026-07-25T14:32:03.104776+00:00,6.245,0.02999999999999936,0.004803843074459465,1.017687737674746,0.017533130086212254,0.0745965529941654,27.22774184287037,0.0,738.93,True,0.13326445140290072
SPY260821C00753000,2026-07-24 20:14:45+00:00,753.0,5.81,5.79,5.82,-0.74000025,-11.297713,670.0,3133,0.139657041015625,False,REGULAR,USD,SPY,call,2026-08-21,738.93,2026-07-25T14:32:03.104776+00:00,5.805,0.03000000000000025,0.005167958656330792,1.0190410458365475,0.018862033936266055,0.0745965529941654,27.22774184287037,0.0,738.93,True,0.1317769229115493
SPY260821C00754000,2026-07-24 19:59:48+00:00,754.0,5.47,5.37,5.4,-0.5300002,-8.833337,1618.0,3861,0.1380091082763672,False,REGULAR,USD,SPY,call,2026-08-21,738.93,2026-07-25T14:32:03.104776+00:00,5.385,0.03000000000000025,0.00557103064066857,1.020394353998349,0.02018917414432859,0.0745965529941654,27.22774184287037,0.0,738.93,True,0.13033277687223854
SPY260821C00755000,2026-07-24 20:14:55+00:00,755.0,5.01,4.97,5.0,-0.6999998,-12.2591915,2361.0,10007,0.1363916928100585,False,REGULAR,USD,SPY,call,2026-08-21,738.93,2026-07-25T14:32:03.104776+00:00,4.984999999999999,0.03000000000000025,0.006018054162487513,1.0217476621601504,0.021514555385397052,0.0745965529941654,27.22774184287037,0.0,738.93,True,0.12893164395743373
SPY260821C00756000,2026-07-24 19:33:49+00:00,756.0,4.58,4.6,4.62,-0.72000027,-13.58491,1016.0,3603,0.1348047946166992,False,REGULAR,USD,SPY,call,2026-08-21,738.93,2026-07-25T14:32:03.104776+00:00,4.609999999999999,0.020000000000000462,0.004338394793926348,1.023100970321952,0.02283818231590539,0.0745965529941654,27.22774184287037,0.0,738.93,True,0.12764636230905135
SPY260821C00757000,2026-07-24 20:00:39+00:00,757.0,4.3,4.24,4.26,-0.38999987,-8.315561,2008.0,4606,0.1333094482421875,False,REGULAR,USD,SPY,call,2026-08-21,738.93,2026-07-25T14:32:03.104776+00:00,4.25,0.019999999999999574,0.004705882352941076,1.0244542784837536,0.024160059573821214,0.0745965529941654,27.22774184287037,0.0,738.93,True,0.12633566574580563
SPY260821C00758000,2026-07-24 20:03:55+00:00,758.0,3.88,3.9,3.92,-0.15999985,-3.9603922,825.0,3511,0.131844619140625,False,REGULAR,USD,SPY,call,2026-08-21,738.93,2026-07-25T14:32:03.104776+00:00,3.91,0.020000000000000018,0.005115089514066501,1.0258075866455552,0.025480191778744138,0.0745965529941654,27.22774184287037,0.0,738.93,True,0.12507295644173447
SPY260821C00759000,2026-07-24 20:06:11+00:00,759.0,3.53,3.57,3.6,-0.64999986,-15.550237,1866.0,2547,0.1304408245849609,False,REGULAR,USD,SPY,call,2026-08-21,738.93,2026-07-25T14:32:03.104776+00:00,3.585,0.03000000000000025,0.008368200836820152,1.0271608948073567,0.026798583532002453,0.0745965529941654,27.22774184287037,0.0,738.93,True,0.12378372773265495
SPY260821C00760000,2026-07-24 20:14:58+00:00,760.0,3.3,3.27,3.3,-0.59000015,-15.167099,4871.0,22356,0.1290980645751953,False,REGULAR,USD,SPY,call,2026-08-21,738.93,2026-07-25T14:32:03.104776+00:00,3.285,0.029999999999999805,0.009132420091324141,1.028514202969158,0.028115239416749118,0.0745965529941654,27.22774184287037,0.0,738.93,True,0.1226284601448776
SPY260821C00761000,2026-07-24 20:13:50+00:00,761.0,3.0,2.99,3.01,-0.01999998,-0.66225106,742.0,2238,0.127663752746582,False,REGULAR,USD,SPY,call,2026-08-21,738.93,2026-07-25T14:32:03.104776+00:00,3.0,0.019999999999999574,0.006666666666666525,1.0298675111309596,0.029430163998058236,0.0745965529941654,27.22774184287037,0.0,738.93,True,0.12145444067184906
SPY260821C00762000,2026-07-24 20:06:20+00:00,762.0,2.68,2.72,2.75,-0.5899999,-18.04281,988.0,3770,0.1264735791015624,False,REGULAR,USD,SPY,call,2026-08-21,738.93,2026-07-25T14:32:03.104776+00:00,2.7350000000000003,0.029999999999999805,0.010968921389396636,1.0312208192927612,0.030743361823018716,0.0745965529941654,27.22774184287037,0.0,738.93,True,0.12034956169981698
SPY260821C00763000,2026-07-24 20:03:55+00:00,763.0,2.46,2.47,2.5,-0.5,-16.891891,569.0,3053,0.1251918536376953,False,REGULAR,USD,SPY,call,2026-08-21,738.93,2026-07-25T14:32:03.104776+00:00,2.4850000000000003,0.029999999999999805,0.012072434607645795,1.0325741274545628,0.03205483742082949,0.0745965529941654,27.22774184287037,0.0,738.93,True,0.11923470913812034
SPY260821C00764000,2026-07-24 20:06:20+00:00,764.0,2.21,2.24,2.26,-0.48000002,-17.843866,687.0,2551,0.1237880590820312,False,REGULAR,USD,SPY,call,2026-08-21,738.93,2026-07-25T14:32:03.104776+00:00,2.25,0.019999999999999574,0.0088888888888887,1.0339274356163644,0.03336459530289303,0.0745965529941654,27.22774184287037,0.0,738.93,True,0.11811308411643096
SPY260821C00765000,2026-07-24 20:14:20+00:00,765.0,2.05,2.03,2.05,-0.43000007,-17.338713,2709.0,16068,0.1227199545288086,False,REGULAR,USD,SPY,call,2026-08-21,738.93,2026-07-25T14:32:03.104776+00:00,2.04,0.020000000000000018,0.00980392156862746,1.0352807437781657,0.0346726399629082,0.0745965529941654,27.22774184287037,0.0,738.93,True,0.11718897831243673
SPY260821C00766000,2026-07-24 20:04:37+00:00,766.0,1.81,1.83,1.85,-0.07000005,-3.7234073,356.0,3860,0.1215908154296875,False,REGULAR,USD,SPY,call,2026-08-21,738.93,2026-07-25T14:32:03.104776+00:00,1.84,0.020000000000000018,0.010869565217391313,1.0366340519399673,0.035978975876963706,0.0745965529941654,27.22774184287037,0.0,738.93,True,0.11618451190097243
SPY260821C00767000,2026-07-24 20:13:08+00:00,767.0,1.65,1.65,1.67,-0.100000024,-5.7142873,335.0,3323,0.120553228149414,False,REGULAR,USD,SPY,call,2026-08-21,738.93,2026-07-25T14:32:03.104776+00:00,1.66,0.020000000000000018,0.012048192771084348,1.0379873601017688,0.037283607503628635,0.0745965529941654,27.22774184287037,0.0,738.93,True,0.11531597926804407
SPY260821C00768000,2026-07-24 19:59:56+00:00,768.0,1.53,1.48,1.5,-0.029999971,-1.9230751,540.0,3825,0.1195156408691406,False,REGULAR,USD,SPY,call,2026-08-21,738.93,2026-07-25T14:32:03.104776+00:00,1.49,0.020000000000000018,0.01342281879194632,1.0393406682635704,0.03858653928404466,0.0745965529941654,27.22774184287037,0.0,738.93,True,0.11438238590825675
SPY260821C00769000,2026-07-24 19:57:21+00:00,769.0,1.35,1.33,1.35,-0.17999995,-11.764703,405.0,2658,0.118600122680664,False,REGULAR,USD,SPY,call,2026-08-21,738.93,2026-07-25T14:32:03.104776+00:00,1.34,0.020000000000000018,0.01492537313432837,1.040693976425372,0.03988777564201651,0.0745965529941654,27.22774184287037,0.0,738.93,True,0.11363020861999351
SPY260821C00770000,2026-07-24 20:13:53+00:00,770.0,1.2,1.19,1.21,-0.30999994,-20.529799,2429.0,23066,0.1176846044921875,False,REGULAR,USD,SPY,call,2026-08-21,738.93,2026-07-25T14:32:03.104776+00:00,1.2,0.020000000000000018,0.016666666666666684,1.0420472845871733,0.041187320984101904,0.0745965529941654,27.22774184287037,0.0,738.93,True,0.11284277554064279
SPY260821C00771000,2026-07-24 20:11:07+00:00,771.0,1.04,1.06,1.08,-0.24000001,-18.750002,675.0,4878,0.1167690863037109,False,REGULAR,USD,SPY,call,2026-08-21,738.93,2026-07-25T14:32:03.104776+00:00,1.07,0.020000000000000018,0.018691588785046745,1.043400592748975,0.042485179699701905,0.0745965529941654,27.22774184287037,0.0,738.93,True,0.11202626541217472
SPY260821C00772000,2026-07-24 20:02:27+00:00,772.0,0.97,0.95,0.97,-0.17999995,-15.652169,1091.0,3453,0.1160977062988281,False,REGULAR,USD,SPY,call,2026-08-21,738.93,2026-07-25T14:32:03.104776+00:00,0.96,0.020000000000000018,0.020833333333333353,1.0447539009107765,0.04378135616114863,0.0745965529941654,27.22774184287037,0.0,738.93,True,0.11148847388109798
SPY260821C00773000,2026-07-24 19:57:29+00:00,773.0,0.86,0.85,0.86,-0.21000004,-19.626171,2017.0,3844,0.1151821881103515,False,REGULAR,USD,SPY,call,2026-08-21,738.93,2026-07-25T14:32:03.104776+00:00,0.855,0.010000000000000009,0.01169590643274855,1.046107209072578,0.04507585472379446,0.0745965529941654,27.22774184287037,0.0,738.93,True,0.11082474951874487
SPY260821C00774000,2026-07-24 20:09:01+00:00,774.0,0.75,0.75,0.77,-0.19,-20.212765,375.0,2680,0.1146328771972656,False,REGULAR,USD,SPY,call,2026-08-21,738.93,2026-07-25T14:32:03.104776+00:00,0.76,0.020000000000000018,0.026315789473684233,1.0474605172343796,0.04636867972609966,0.0745965529941654,27.22774184287037,0.0,738.93,True,0.11019508827274573
SPY260821C00775000,2026-07-24 20:01:59+00:00,775.0,0.7,0.67,0.69,-0.13999999,-16.666666,4759.0,31301,0.1141446008300781,False,REGULAR,USD,SPY,call,2026-08-21,738.93,2026-07-25T14:32:03.104776+00:00,0.6799999999999999,0.019999999999999907,0.029411764705882217,1.048813825396181,0.047659835489719374,0.0745965529941654,27.22774184287037,0.0,738.93,True,0.10981015002865704
SPY260821C00776000,2026-07-24 19:33:46+00:00,776.0,0.58,0.6,0.61,-0.13,-18.309858,237.0,3306,0.1134121862792968,False,REGULAR,USD,SPY,call,2026-08-21,738.93,2026-07-25T14:32:03.104776+00:00,0.605,0.010000000000000009,0.016528925619834725,1.0501671335579825,0.04894932631959117,0.0745965529941654,27.22774184287037,0.0,738.93,True,0.10934888933276651
SPY260821C00777000,2026-07-24 20:13:08+00:00,777.0,0.53,0.53,0.55,-0.030000031,-5.3571486,2442.0,5097,0.1132290826416015,False,REGULAR,USD,SPY,call,2026-08-21,738.93,2026-07-25T14:32:03.104776+00:00,0.54,0.020000000000000018,0.03703703703703707,1.051520441719784,0.0502371565040199,0.0745965529941654,27.22774184287037,0.0,738.93,True,0.1090255807656505
SPY260821C00778000,2026-07-24 19:52:49+00:00,778.0,0.48,0.47,0.49,-0.08000001,-14.285716,2308.0,3390,0.1128018408203125,False,REGULAR,USD,SPY,call,2026-08-21,738.93,2026-07-25T14:32:03.104776+00:00,0.48,0.020000000000000018,0.041666666666666706,1.0528737498815857,0.05152333031476411,0.0745965529941654,27.22774184287037,0.0,738.93,True,0.10866294536445685
SPY260821C00779000,2026-07-24 19:50:06+00:00,779.0,0.42,0.42,0.43,-0.030000001,-6.666667,626.0,2261,0.1120694262695312,False,REGULAR,USD,SPY,call,2026-08-21,738.93,2026-07-25T14:32:03.104776+00:00,0.425,0.010000000000000009,0.023529411764705903,1.0542270580433872,0.05280785200712081,0.0745965529941654,27.22774184287037,0.0,738.93,True,0.10827093198059917
SPY260821C00780000,2026-07-24 20:12:03+00:00,780.0,0.37,0.37,0.39,-0.099999994,-21.276594,2518.0,24562,0.1121914953613281,False,REGULAR,USD,SPY,call,2026-08-21,738.93,2026-07-25T14:32:03.104776+00:00,0.38,0.020000000000000018,0.05263157894736847,1.0555803662051886,0.0540907258200098,0.0745965529941654,27.22774184287037,0.0,738.93,True,0.10813474470775061
SPY260821C00781000,2026-07-24 19:40:52+00:00,781.0,0.31,0.33,0.34,-0.09,-22.5,1261.0,2469,0.1114590808105468,False,REGULAR,USD,SPY,call,2026-08-21,738.93,2026-07-25T14:32:03.104776+00:00,0.335,0.010000000000000009,0.02985074626865674,1.0569336743669902,0.055371955976058394,0.0745965529941654,27.22774184287037,0.0,738.93,True,0.10775450673134065
SPY260821C00782000,2026-07-24 19:58:26+00:00,782.0,0.3,0.3,0.31,-0.00999999,-3.2258034,524.0,1619,0.1117032189941406,False,REGULAR,USD,SPY,call,2026-08-21,738.93,2026-07-25T14:32:03.104776+00:00,0.305,0.010000000000000009,0.03278688524590167,1.0582869825287917,0.05665154668168355,0.0745965529941654,27.22774184287037,0.0,738.93,True,0.10804350188921089
SPY260821C00783000,2026-07-24 19:45:20+00:00,783.0,0.26,0.26,0.28,-0.060000002,-18.750002,1394.0,1746,0.1117032189941406,False,REGULAR,USD,SPY,call,2026-08-21,738.93,2026-07-25T14:32:03.104776+00:00,0.27,0.020000000000000018,0.07407407407407414,1.0596402906905933,0.05792950212717561,0.0745965529941654,27.22774184287037,0.0,738.93,True,0.10781746179648724
SPY260821C00784000,2026-07-24 19:43:48+00:00,784.0,0.21,0.24,0.25,-0.030000001,-12.500002,751.0,1300,0.1115811499023437,False,REGULAR,USD,SPY,call,2026-08-21,738.93,2026-07-25T14:32:03.104776+00:00,0.245,0.010000000000000009,0.04081632653061228,1.0609935988523949,0.059205826486780404,0.0745965529941654,27.22774184287037,0.0,738.93,True,0.10807724952010578
SPY260821C00785000,2026-07-24 20:07:28+00:00,785.0,0.21,0.21,0.22,-0.049999997,-19.230768,692.0,5489,0.1112149426269531,False,REGULAR,USD,SPY,call,2026-08-21,738.93,2026-07-25T14:32:03.104776+00:00,0.215,0.010000000000000009,0.046511627906976785,1.0623469070141962,0.060480523918780824,0.0745965529941654,27.22774184287037,0.0,738.93,True,0.10775854750635312
SPY260821C00786000,2026-07-24 19:44:56+00:00,786.0,0.19,0.19,0.2,-0.049999997,-20.833332,605.0,1738,0.1114590808105468,False,REGULAR,USD,SPY,call,2026-08-21,738.93,2026-07-25T14:32:03.104776+00:00,0.195,0.010000000000000009,0.05128205128205133,1.0637002151759978,0.06175359856557898,0.0745965529941654,27.22774184287037,0.0,738.93,True,0.10804384997095354
SPY260821C00787000,2026-07-24 19:49:52+00:00,787.0,0.17,0.17,0.18,-0.030000001,-15.000001,858.0,1460,0.1115811499023437,False,REGULAR,USD,SPY,call,2026-08-21,738.93,2026-07-25T14:32:03.104776+00:00,0.175,0.009999999999999981,0.05714285714285704,1.0650535233377993,0.0630250545537757,0.0745965529941654,27.22774184287037,0.0,738.93,True,0.10816121521833355
SPY260821C00788000,2026-07-24 20:09:01+00:00,788.0,0.15,0.16,0.17,-0.03999999,-21.052628,1108.0,1638,0.1125577026367187,False,REGULAR,USD,SPY,call,2026-08-21,738.93,2026-07-25T14:32:03.104776+00:00,0.165,0.010000000000000009,0.060606060606060656,1.066406831499601,0.06429489599425164,0.0745965529941654,27.22774184287037,0.0,738.93,True,0.10910228389547859
SPY260821C00789000,2026-07-24 19:52:22+00:00,789.0,0.15,0.14,0.15,0.010000005,7.1428614,29.0,957,0.1123135644531249,False,REGULAR,USD,SPY,call,2026-08-21,738.93,2026-07-25T14:32:03.104776+00:00,0.14500000000000002,0.009999999999999981,0.06896551724137917,1.0677601396614023,0.06556312698224659,0.0745965529941654,27.22774184287037,0.0,738.93,True,0.10889344183480879
SPY260821C00790000,2026-07-24 20:06:24+00:00,790.0,0.13,0.13,0.14,-0.02000001,-13.33334,274.0,18093,0.1130459790039062,False,REGULAR,USD,SPY,call,2026-08-21,738.93,2026-07-25T14:32:03.104776+00:00,0.135,0.010000000000000009,0.07407407407407414,1.0691134478232038,0.06682975159743958,0.0745965529941654,27.22774184287037,0.0,738.93,True,0.10962022021531219
SPY260821C00791000,2026-07-24 19:21:18+00:00,791.0,0.12,0.12,0.13,-0.04,-25.0,90.0,1293,0.1135342553710937,False,REGULAR,USD,SPY,call,2026-08-21,738.93,2026-07-25T14:32:03.104776+00:00,0.125,0.010000000000000009,0.08000000000000007,1.0704667559850054,0.06809477390402631,0.0745965529941654,27.22774184287037,0.0,738.93,True,0.11025367077927894
SPY260821C00792000,2026-07-24 19:17:38+00:00,792.0,0.1,0.11,0.12,-0.050000004,-33.333336,8.0,1294,0.1140225317382812,False,REGULAR,USD,SPY,call,2026-08-21,738.93,2026-07-25T14:32:03.104776+00:00,0.11499999999999999,0.009999999999999995,0.0869565217391304,1.071820064146807,0.06935819795079834,0.0745965529941654,27.22774184287037,0.0,738.93,True,0.1107833417612058
SPY260821C00793000,2026-07-24 19:51:04+00:00,793.0,0.06,0.1,0.11,-0.06999999,-53.84615,4.0,1088,0.1145108081054687,False,REGULAR,USD,SPY,call,2026-08-21,738.93,2026-07-25T14:32:03.104776+00:00,0.10500000000000001,0.009999999999999995,0.09523809523809518,1.0731733723086085,0.0706200277712205,0.0745965529941654,27.22774184287037,0.0,738.93,True,0.11119618999104389
SPY260821C00794000,2026-07-24 19:43:48+00:00,794.0,0.08,0.09,0.1,-0.020000003,-20.000004,21.0,851,0.1147549462890625,False,REGULAR,USD,SPY,call,2026-08-21,738.93,2026-07-25T14:32:03.104776+00:00,0.095,0.010000000000000009,0.10526315789473693,1.07452668047041,0.07188026738350808,0.0745965529941654,27.22774184287037,0.0,738.93,True,0.11147563560197457
SPY260821C00795000,2026-07-24 19:02:34+00:00,795.0,0.08,0.09,0.1,-0.010000005,-11.111116,203.0,3077,0.1164639135742187,False,REGULAR,USD,SPY,call,2026-08-21,738.93,2026-07-25T14:32:03.104776+00:00,0.095,0.010000000000000009,0.10526315789473693,1.0758799886322115,0.0731389207907043,0.0745965529941654,27.22774184287037,0.0,738.93,True,0.1132316602633521
SPY260821C00796000,2026-07-24 19:53:10+00:00,796.0,0.06,0.08,0.09,-0.040000003,-40.000004,9.0,1108,0.1167080517578125,False,REGULAR,USD,SPY,call,2026-08-21,738.93,2026-07-25T14:32:03.104776+00:00,0.08499999999999999,0.009999999999999995,0.11764705882352937,1.077233296794013,0.07439599198075546,0.0745965529941654,27.22774184287037,0.0,738.93,True,0.11333089732044282
SPY260821C00797000,2026-07-24 17:25:33+00:00,797.0,0.1,0.08,0.09,0.030000001,42.857143,15.0,1258,0.118172880859375,False,REGULAR,USD,SPY,call,2026-08-21,738.93,2026-07-25T14:32:03.104776+00:00,0.08499999999999999,0.009999999999999995,0.11764705882352937,1.0785866049558146,0.07565148492658752,0.0745965529941654,27.22774184287037,0.0,738.93,True,0.11505620696945257
SPY260821C00798000,2026-07-24 14:54:21+00:00,798.0,0.07,0.07,0.08,0.0,0.0,9.0,1308,0.118172880859375,False,REGULAR,USD,SPY,call,2026-08-21,738.93,2026-07-25T14:32:03.104776+00:00,0.07500000000000001,0.009999999999999995,0.13333333333333325,1.0799399131176162,0.0769054035861813,0.0745965529941654,27.22774184287037,0.0,738.93,True,0.11494359379455914
SPY260821C00799000,2026-07-24 16:47:40+00:00,799.0,0.07,0.07,0.08,0.0,0.0,16.0,1041,0.1198818481445312,False,REGULAR,USD,SPY,call,2026-08-21,738.93,2026-07-25T14:32:03.104776+00:00,0.07500000000000001,0.009999999999999995,0.13333333333333325,1.0812932212794175,0.07815775190264704,0.0745965529941654,27.22774184287037,0.0,738.93,True,0.11663718493132759
SPY260821C00800000,2026-07-24 20:12:13+00:00,800.0,0.07,0.06,0.07,0.0,0.0,499.0,20480,0.1196377099609374,False,REGULAR,USD,SPY,call,2026-08-21,738.93,2026-07-25T14:32:03.104776+00:00,0.065,0.010000000000000009,0.15384615384615397,1.082646529441219,0.0794085338042997,0.0745965529941654,27.22774184287037,0.0,738.93,True,0.11626861409613772
SPY260821C00805000,2026-07-24 20:06:20+00:00,805.0,0.06,0.05,0.06,0.009999998,19.999996,4.0,10446,0.1254970263671875,False,REGULAR,USD,SPY,call,2026-08-21,738.93,2026-07-25T14:32:03.104776+00:00,0.055,0.009999999999999995,0.18181818181818174,1.0894130702502267,0.08563908355493578,0.0745965529941654,27.22774184287037,0.0,738.93,True,0.12210200775491727
SPY260821C00810000,2026-07-24 18:17:28+00:00,810.0,0.04,0.04,0.05,-0.010000002,-20.000004,39.0,13666,0.1308680664062499,False,REGULAR,USD,SPY,call,2026-08-21,738.93,2026-07-25T14:32:03.104776+00:00,0.045,0.010000000000000002,0.22222222222222227,1.0961796110592343,0.09183105380285687,0.0745965529941654,27.22774184287037,0.0,738.93,True,0.12721412947681449
SPY260821C00815000,2026-07-23 19:53:07+00:00,815.0,0.03,0.03,0.04,0.0,0.0,43.0,2467,0.13477427734375,False,REGULAR,USD,SPY,call,2026-08-21,738.93,2026-07-25T14:32:03.104776+00:00,0.035,0.010000000000000002,0.28571428571428575,1.102946151868242,0.09798491937723514,0.0745965529941654,27.22774184287037,0.0,738.93,True,0.13140030719715357
SPY260821C00820000,2026-07-24 20:12:24+00:00,820.0,0.03,0.03,0.04,-0.01,-25.0,150.0,10343,0.14258669921875,False,REGULAR,USD,SPY,call,2026-08-21,738.93,2026-07-25T14:32:03.104776+00:00,0.035,0.010000000000000002,0.28571428571428575,1.1097126926772496,0.10410114639467123,0.0745965529941654,27.22774184287037,0.0,738.93,True,0.1389085072201285
SPY260821C00825000,2026-07-24 16:34:52+00:00,825.0,0.04,0.02,0.03,0.01,33.333336,121.0,19909,0.145516357421875,False,REGULAR,USD,SPY,call,2026-08-21,738.93,2026-07-25T14:32:03.104776+00:00,0.025,0.009999999999999998,0.3999999999999999,1.1164792334862572,0.11018019247105343,0.0745965529941654,27.22774184287037,0.0,738.93,True,0.1414811176799182
SPY260821C00830000,2026-07-23 19:47:43+00:00,830.0,0.03,0.02,0.03,0.0,0.0,4.0,12994,0.1523522265625,False,REGULAR,USD,SPY,call,2026-08-21,738.93,2026-07-25T14:32:03.104776+00:00,0.025,0.009999999999999998,0.3999999999999999,1.1232457742952648,0.11622250692701605,0.0745965529941654,27.22774184287037,0.0,738.93,True,0.1486186793320011
SPY260821C00835000,2026-07-23 20:03:22+00:00,835.0,0.02,0.02,0.03,0.0,0.0,86.0,2359,0.1601646484375,False,REGULAR,USD,SPY,call,2026-08-21,738.93,2026-07-25T14:32:03.104776+00:00,0.025,0.009999999999999998,0.3999999999999999,1.1300123151042725,0.12222853098722794,0.0745965529941654,27.22774184287037,0.0,738.93,True,0.15567943482671676
SPY260821P00595000,2026-07-24 16:15:17+00:00,595.0,0.39,0.47,0.48,-0.19,-32.75862,21.0,3417,0.37695935546875,False,REGULAR,USD,SPY,put,2026-08-21,738.93,2026-07-25T14:32:03.104776+00:00,0.475,0.010000000000000009,0.02105263157894739,0.8052183562719067,-0.21664178831799777,0.0745965529941654,27.22774184287037,0.0,593.2272481775422,True,0.38632480034549066
SPY260821P00600000,2026-07-24 19:56:12+00:00,600.0,0.52,0.51,0.52,-0.04000002,-7.1428614,253.0,120757,0.3689027954101562,False,REGULAR,USD,SPY,put,2026-08-21,738.93,2026-07-25T14:32:03.104776+00:00,0.515,0.010000000000000009,0.019417475728155355,0.8119848970809144,-0.20827353864748116,0.0745965529941654,27.22774184287037,0.0,598.2123511034039,True,0.37812652070072517
SPY260821P00605000,2026-07-24 19:01:21+00:00,605.0,0.56,0.54,0.55,-0.060000002,-9.67742,9.0,11936,0.35938140625,False,REGULAR,USD,SPY,put,2026-08-21,738.93,2026-07-25T14:32:03.104776+00:00,0.545,0.010000000000000009,0.018348623853211024,0.818751437889922,-0.19997473583278605,0.0745965529941654,27.22774184287037,0.0,603.1974540292656,True,0.3684833560705415
SPY260821P00610000,2026-07-24 19:48:39+00:00,610.0,0.61,0.58,0.59,-0.050000012,-7.5757594,36.0,4034,0.3503482934570311,False,REGULAR,USD,SPY,put,2026-08-21,738.93,2026-07-25T14:32:03.104776+00:00,0.585,0.010000000000000009,0.01709401709401711,0.8255179786989296,-0.19174423669627058,0.0745965529941654,27.22774184287037,0.0,608.1825569551273,True,0.35960105505612183
SPY260821P00615000,2026-07-24 15:02:12+00:00,615.0,0.66,0.62,0.63,-0.089999974,-11.999997,13.0,49546,0.3413151806640625,False,REGULAR,USD,SPY,put,2026-08-21,738.93,2026-07-25T14:32:03.104776+00:00,0.625,0.010000000000000009,0.016000000000000014,0.8322845195079372,-0.18358092605710963,0.0745965529941654,27.22774184287037,0.0,613.1676598809889,True,0.3503883383206101
SPY260821P00620000,2026-07-24 19:22:01+00:00,620.0,0.7,0.67,0.68,-0.110000014,-13.580249,68.0,13934,0.3326482751464844,False,REGULAR,USD,SPY,put,2026-08-21,738.93,2026-07-25T14:32:03.104776+00:00,0.675,0.010000000000000009,0.014814814814814828,0.8390510603169449,-0.17548371582449027,0.0745965529941654,27.22774184287037,0.0,618.1527628068507,True,0.341723931820475
SPY260821P00625000,2026-07-24 20:10:01+00:00,625.0,0.73,0.72,0.73,-0.060000002,-7.5949373,75.0,7230,0.3236151623535155,False,REGULAR,USD,SPY,put,2026-08-21,738.93,2026-07-25T14:32:03.104776+00:00,0.725,0.010000000000000009,0.013793103448275874,0.8458176011259525,-0.167451544127226,0.0745965529941654,27.22774184287037,0.0,623.1378657327124,True,0.3326682267264154
SPY260821P00630000,2026-07-24 20:12:54+00:00,630.0,0.77,0.78,0.79,-0.120000005,-13.483148,63.0,109027,0.3149482568359374,False,REGULAR,USD,SPY,put,2026-08-21,738.93,2026-07-25T14:32:03.104776+00:00,0.785,0.010000000000000009,0.012738853503184724,0.85258414193496,-0.15948337447804922,0.0745965529941654,27.22774184287037,0.0,628.1229686585741,True,0.3239866652678869
SPY260821P00635000,2026-07-24 19:57:37+00:00,635.0,0.84,0.84,0.85,-0.08000004,-8.695657,1204.0,14620,0.3057930749511719,False,REGULAR,USD,SPY,put,2026-08-21,738.93,2026-07-25T14:32:03.104776+00:00,0.845,0.010000000000000009,0.011834319526627229,0.8593506827439676,-0.15157819497093594,0.0745965529941654,27.22774184287037,0.0,633.1080715844358,True,0.3148765965577131
SPY260821P00640000,2026-07-24 19:31:27+00:00,640.0,0.91,0.91,0.92,-0.19999999,-18.018017,375.0,8702,0.2970041003417968,False,REGULAR,USD,SPY,put,2026-08-21,738.93,2026-07-25T14:32:03.104776+00:00,0.915,0.010000000000000009,0.010928961748633888,0.8661172235529753,-0.14373501750991005,0.0745965529941654,27.22774184287037,0.0,638.0931745102974,True,0.30600164018447873
SPY260821P00645000,2026-07-24 19:02:34+00:00,645.0,1.02,0.99,1.0,-0.22000003,-17.741938,47.0,4800,0.2882151257324218,False,REGULAR,USD,SPY,put,2026-08-21,738.93,2026-07-25T14:32:03.104776+00:00,0.995,0.010000000000000009,0.010050251256281416,0.8728837643619829,-0.13595287706785508,0.0745965529941654,27.22774184287037,0.0,643.0782774361592,True,0.2972550270212767
SPY260821P00650000,2026-07-24 20:07:22+00:00,650.0,1.11,1.09,1.1,-0.059999943,-5.1282005,558.0,24132,0.2800364965820311,False,REGULAR,USD,SPY,put,2026-08-21,738.93,2026-07-25T14:32:03.104776+00:00,1.0950000000000002,0.010000000000000009,0.009132420091324207,0.8796503051709905,-0.12823083097394478,0.0745965529941654,27.22774184287037,0.0,648.0633803620209,True,0.2890728313141582
SPY260821P00651000,2026-07-23 19:42:48+00:00,651.0,1.36,1.11,1.12,0.0,0.0,1415.0,1493,0.278327529296875,False,REGULAR,USD,SPY,put,2026-08-21,738.93,2026-07-25T14:32:03.104776+00:00,1.1150000000000002,0.010000000000000009,0.008968609865470859,0.8810036133327921,-0.12669355165505827,0.0745965529941654,27.22774184287037,0.0,649.0604009471932,True,0.2873602836922513
SPY260821P00652000,2026-07-24 20:02:00+00:00,652.0,1.12,1.13,1.14,-0.27999997,-19.999998,20.0,3485,0.2766185620117187,False,REGULAR,USD,SPY,put,2026-08-21,738.93,2026-07-25T14:32:03.104776+00:00,1.1349999999999998,0.010000000000000009,0.008810572687224679,0.8823569214945935,-0.12515863193697466,0.0745965529941654,27.22774184287037,0.0,650.0574215323655,True,0.2856236101638743
SPY260821P00653000,2026-07-24 19:39:19+00:00,653.0,1.2,1.15,1.16,-0.26,-17.808218,1.0,600,0.2747875256347656,False,REGULAR,USD,SPY,put,2026-08-21,738.93,2026-07-25T14:32:03.104776+00:00,1.1549999999999998,0.010000000000000009,0.008658008658008667,0.8837102296563951,-0.12362606458719648,0.0745965529941654,27.22774184287037,0.0,651.0544421175379,True,0.2838632839572155
SPY260821P00654000,2026-07-24 15:48:41+00:00,654.0,0.95,1.17,1.18,-0.46999997,-33.09859,2.0,563,0.2730785583496093,False,REGULAR,USD,SPY,put,2026-08-21,738.93,2026-07-25T14:32:03.104776+00:00,1.1749999999999998,0.010000000000000009,0.00851063829787235,0.8850635378181967,-0.12209584240642879,0.0745965529941654,27.22774184287037,0.0,652.0514627027103,True,0.282079753853251
SPY260821P00655000,2026-07-24 18:31:42+00:00,655.0,1.21,1.19,1.21,-0.20999992,-14.788728,20.0,10360,0.2717357983398437,False,REGULAR,USD,SPY,put,2026-08-21,738.93,2026-07-25T14:32:03.104776+00:00,1.2,0.020000000000000018,0.016666666666666684,0.8864168459799981,-0.12056795822837565,0.0745965529941654,27.22774184287037,0.0,653.0484832878826,True,0.28051634354200283
SPY260821P00656000,2026-07-24 19:42:23+00:00,656.0,1.29,1.22,1.23,-0.04000008,-3.0075247,4.0,1135,0.2699047619628906,False,REGULAR,USD,SPY,put,2026-08-21,738.93,2026-07-25T14:32:03.104776+00:00,1.225,0.010000000000000009,0.008163265306122455,0.8877701541417997,-0.11904240491953848,0.0745965529941654,27.22774184287037,0.0,654.0455038730549,True,0.27892232648461435
SPY260821P00657000,2026-07-24 19:06:10+00:00,657.0,1.27,1.24,1.26,-0.31000006,-19.620256,33.0,3805,0.268439932861328,False,REGULAR,USD,SPY,put,2026-08-21,738.93,2026-07-25T14:32:03.104776+00:00,1.25,0.020000000000000018,0.016000000000000014,0.8891234623036012,-0.11751917537901707,0.0745965529941654,27.22774184287037,0.0,655.0425244582273,True,0.2772984215455543
SPY260821P00658000,2026-07-23 17:09:26+00:00,658.0,1.61,1.27,1.28,0.0,0.0,66.0,519,0.266608896484375,False,REGULAR,USD,SPY,put,2026-08-21,738.93,2026-07-25T14:32:03.104776+00:00,1.275,0.010000000000000009,0.007843137254901968,0.8904767704654027,-0.11599826253831033,0.0745965529941654,27.22774184287037,0.0,656.0395450433996,True,0.2756453033514775
SPY260821P00659000,2026-07-24 18:31:39+00:00,659.0,1.31,1.29,1.31,-0.25,-16.025642,11.0,911,0.2651440673828125,False,REGULAR,USD,SPY,put,2026-08-21,738.93,2026-07-25T14:32:03.104776+00:00,1.3,0.020000000000000018,0.015384615384615398,0.8918300786272043,-0.11447965936112027,0.0745965529941654,27.22774184287037,0.0,657.0365656285719,True,0.2739636075299142
SPY260821P00660000,2026-07-24 20:07:30+00:00,660.0,1.33,1.32,1.33,-0.16999996,-11.333331,40.0,8475,0.2631909619140625,False,REGULAR,USD,SPY,put,2026-08-21,738.93,2026-07-25T14:32:03.104776+00:00,1.3250000000000002,0.010000000000000009,0.00754716981132076,0.8931833867890058,-0.11296335884315634,0.0745965529941654,27.22774184287037,0.0,658.0335862137442,True,0.272253930127193
SPY260821P00661000,2026-07-23 19:21:38+00:00,661.0,1.63,1.35,1.36,0.0,0.0,62.0,656,0.2616650982666015,False,REGULAR,USD,SPY,put,2026-08-21,738.93,2026-07-25T14:32:03.104776+00:00,1.355,0.010000000000000009,0.007380073800738014,0.8945366949508073,-0.11144935401194123,0.0745965529941654,27.22774184287037,0.0,659.0306067989167,True,0.2707349619382403
SPY260821P00662000,2026-07-24 14:05:56+00:00,662.0,1.47,1.38,1.39,-0.059999943,-3.921565,1.0,899,0.2600782000732422,False,REGULAR,USD,SPY,put,2026-08-21,738.93,2026-07-25T14:32:03.104776+00:00,1.3849999999999998,0.010000000000000009,0.007220216606498202,0.8958900031126088,-0.10993763792661937,0.0745965529941654,27.22774184287037,0.0,660.027627384089,True,0.2691814085103198
SPY260821P00663000,2026-07-24 16:17:04+00:00,663.0,1.12,1.41,1.42,-0.45000005,-28.662422,5.0,798,0.2584913018798829,False,REGULAR,USD,SPY,put,2026-08-21,738.93,2026-07-25T14:32:03.104776+00:00,1.415,0.010000000000000009,0.007067137809187285,0.8972433112744104,-0.10842820367776503,0.0745965529941654,27.22774184287037,0.0,661.0246479692613,True,0.26759410861565724
SPY260821P00664000,2026-07-24 20:04:25+00:00,664.0,1.46,1.44,1.45,-0.38,-20.652174,1156.0,659,0.256843369140625,False,REGULAR,USD,SPY,put,2026-08-21,738.93,2026-07-25T14:32:03.104776+00:00,1.4449999999999998,0.010000000000000009,0.006920415224913502,0.8985966194362118,-0.10692104438719376,0.0745965529941654,27.22774184287037,0.0,662.0216685544336,True,0.2659738451471356
SPY260821P00665000,2026-07-24 19:54:57+00:00,665.0,1.5,1.47,1.48,-0.16999996,-10.179638,72.0,5903,0.2551954364013672,False,REGULAR,USD,SPY,put,2026-08-21,738.93,2026-07-25T14:32:03.104776+00:00,1.475,0.010000000000000009,0.006779661016949158,0.8999499275980134,-0.10541615320777341,0.0745965529941654,27.22774184287037,0.0,663.018689139606,True,0.2643213515211357
SPY260821P00666000,2026-07-24 18:25:31+00:00,666.0,1.42,1.5,1.52,-0.42000008,-22.82609,13.0,850,0.2539137109375,False,REGULAR,USD,SPY,put,2026-08-21,738.93,2026-07-25T14:32:03.104776+00:00,1.51,0.020000000000000018,0.013245033112582794,0.901303235759815,-0.10391352332323836,0.0745965529941654,27.22774184287037,0.0,664.0157097247783,True,0.2628361315451544
SPY260821P00667000,2026-07-24 20:00:45+00:00,667.0,1.52,1.53,1.55,-0.21000004,-12.13873,7.0,916,0.2522047436523437,False,REGULAR,USD,SPY,put,2026-08-21,738.93,2026-07-25T14:32:03.104776+00:00,1.54,0.020000000000000018,0.012987012987012998,0.9026565439216164,-0.10241314794800385,0.0745965529941654,27.22774184287037,0.0,665.0127303099507,True,0.2611177480243315
SPY260821P00668000,2026-07-24 20:09:01+00:00,668.0,1.59,1.57,1.58,-0.13,-7.5581393,1.0,679,0.250434741821289,False,REGULAR,USD,SPY,put,2026-08-21,738.93,2026-07-25T14:32:03.104776+00:00,1.5750000000000002,0.010000000000000009,0.006349206349206354,0.904009852083418,-0.1009150203269818,0.0745965529941654,27.22774184287037,0.0,666.009750895123,True,0.25956089189439113
SPY260821P00669000,2026-07-24 13:50:03+00:00,669.0,1.73,1.6,1.61,-0.059999943,-3.351952,116.0,920,0.2486037054443359,False,REGULAR,USD,SPY,put,2026-08-21,738.93,2026-07-25T14:32:03.104776+00:00,1.605,0.010000000000000009,0.006230529595015582,0.9053631602452195,-0.09941913373539915,0.0745965529941654,27.22774184287037,0.0,667.0067714802954,True,0.2577794176845991
SPY260821P00670000,2026-07-24 20:14:15+00:00,670.0,1.64,1.64,1.66,-0.19000006,-10.382517,293.0,9572,0.247505083618164,False,REGULAR,USD,SPY,put,2026-08-21,738.93,2026-07-25T14:32:03.104776+00:00,1.65,0.020000000000000018,0.012121212121212133,0.906716468407021,-0.09792548147861581,0.0745965529941654,27.22774184287037,0.0,668.0037920654677,True,0.25652329370292815
SPY260821P00671000,2026-07-23 19:36:04+00:00,671.0,2.06,1.68,1.7,0.0,0.0,792.0,884,0.2460402545166015,False,REGULAR,USD,SPY,put,2026-08-21,738.93,2026-07-25T14:32:03.104776+00:00,1.69,0.020000000000000018,0.011834319526627229,0.9080697765688226,-0.0964340568919457,0.0745965529941654,27.22774184287037,0.0,669.00081265064,True,0.2550372937444467
SPY260821P00672000,2026-07-24 18:08:03+00:00,672.0,1.49,1.72,1.74,-0.55999994,-27.31707,6.0,1799,0.2444533563232422,False,REGULAR,USD,SPY,put,2026-08-21,738.93,2026-07-25T14:32:03.104776+00:00,1.73,0.020000000000000018,0.011560693641618507,0.909423084730624,-0.09494485334047802,0.0745965529941654,27.22774184287037,0.0,669.9978332358123,True,0.2535106770703798
SPY260821P00673000,2026-07-24 19:43:34+00:00,673.0,1.86,1.76,1.78,-0.029999971,-1.5873001,193.0,921,0.2428664581298827,False,REGULAR,USD,SPY,put,2026-08-21,738.93,2026-07-25T14:32:03.104776+00:00,1.77,0.020000000000000018,0.011299435028248598,0.9107763928924256,-0.0934578642188997,0.0745965529941654,27.22774184287037,0.0,670.9948538209846,True,0.2519444198230055
SPY260821P00674000,2026-07-23 19:59:07+00:00,674.0,1.87,1.8,1.82,-0.13999999,-6.9651737,5.0,1558,0.2412795599365234,False,REGULAR,USD,SPY,put,2026-08-21,738.93,2026-07-25T14:32:03.104776+00:00,1.81,0.020000000000000018,0.011049723756906087,0.9121297010542271,-0.09197308295132055,0.0745965529941654,27.22774184287037,0.0,671.9918744061571,True,0.25033942713127033
SPY260821P00675000,2026-07-24 20:12:38+00:00,675.0,1.84,1.84,1.86,-0.21999991,-10.679607,1289.0,25089,0.2396316271972655,False,REGULAR,USD,SPY,put,2026-08-21,738.93,2026-07-25T14:32:03.104776+00:00,1.85,0.020000000000000018,0.01081081081081082,0.9134830092160287,-0.09049050299109772,0.0745965529941654,27.22774184287037,0.0,672.9888949913294,True,0.24869653834947675
SPY260821P00676000,2026-07-24 18:40:03+00:00,676.0,1.99,1.89,1.91,-0.029999971,-1.4851471,84.0,2699,0.2382278326416015,False,REGULAR,USD,SPY,put,2026-08-21,738.93,2026-07-25T14:32:03.104776+00:00,1.9,0.020000000000000018,0.010526315789473694,0.9148363173778302,-0.0890101178206634,0.0745965529941654,27.22774184287037,0.0,673.9859155765017,True,0.24734580540090884
SPY260821P00677000,2026-07-24 18:54:00+00:00,677.0,2.01,1.93,1.95,-0.37000012,-15.546224,64.0,3398,0.2364578308105468,False,REGULAR,USD,SPY,put,2026-08-21,738.93,2026-07-25T14:32:03.104776+00:00,1.94,0.020000000000000018,0.010309278350515474,0.9161896255396317,-0.08753192095135257,0.0745965529941654,27.22774184287037,0.0,674.982936161674,True,0.2456236267413534
SPY260821P00678000,2026-07-24 19:09:41+00:00,678.0,2.15,1.98,2.0,-0.3399999,-13.654615,282.0,2432,0.2349930017089843,False,REGULAR,USD,SPY,put,2026-08-21,738.93,2026-07-25T14:32:03.104776+00:00,1.99,0.020000000000000018,0.010050251256281416,0.9175429337014332,-0.08605590592323194,0.0745965529941654,27.22774184287037,0.0,675.9799567468464,True,0.24418304446536931
SPY260821P00679000,2026-07-24 18:20:31+00:00,679.0,1.87,2.03,2.05,-0.7199999,-27.799225,146.0,1517,0.2335281726074218,False,REGULAR,USD,SPY,put,2026-08-21,738.93,2026-07-25T14:32:03.104776+00:00,2.04,0.020000000000000018,0.00980392156862746,0.9188962418632347,-0.08458206630493145,0.0745965529941654,27.22774184287037,0.0,676.9769773320187,True,0.24269600200788927
SPY260821P00680000,2026-07-24 20:12:24+00:00,680.0,2.1,2.08,2.1,-0.25,-10.638298,1185.0,19817,0.2319412744140624,False,REGULAR,USD,SPY,put,2026-08-21,738.93,2026-07-25T14:32:03.104776+00:00,2.09,0.020000000000000018,0.00956937799043063,0.9202495500250363,-0.08311039569347514,0.0745965529941654,27.22774184287037,0.0,677.9739979171911,True,0.2411636210303149
SPY260821P00681000,2026-07-24 18:47:09+00:00,681.0,2.19,2.14,2.16,-0.42999983,-16.412207,122.0,2139,0.2306595489501953,False,REGULAR,USD,SPY,put,2026-08-21,738.93,2026-07-25T14:32:03.104776+00:00,2.1500000000000004,0.020000000000000018,0.009302325581395356,0.9216028581868377,-0.08164088771411523,0.0745965529941654,27.22774184287037,0.0,678.9710185023634,True,0.2398857803567772
SPY260821P00682000,2026-07-24 19:42:48+00:00,682.0,2.31,2.19,2.21,-0.37000012,-13.805975,49.0,3228,0.2290116162109375,False,REGULAR,USD,SPY,put,2026-08-21,738.93,2026-07-25T14:32:03.104776+00:00,2.2,0.020000000000000018,0.009090909090909097,0.9229561663486393,-0.08017353602016546,0.0745965529941654,27.22774184287037,0.0,679.9680390875358,True,0.23826028402058608
SPY260821P00683000,2026-07-24 18:38:13+00:00,683.0,2.36,2.25,2.27,-0.34000015,-12.592597,296.0,1602,0.2275773043823242,False,REGULAR,USD,SPY,put,2026-08-21,738.93,2026-07-25T14:32:03.104776+00:00,2.26,0.020000000000000018,0.008849557522123902,0.9243094745104409,-0.07870833429283744,0.0745965529941654,27.22774184287037,0.0,680.9650596727081,True,0.23688004736083162
SPY260821P00684000,2026-07-24 19:42:48+00:00,684.0,2.43,2.31,2.33,-0.3399999,-12.274365,35.0,3282,0.2261124752807617,False,REGULAR,USD,SPY,put,2026-08-21,738.93,2026-07-25T14:32:03.104776+00:00,2.3200000000000003,0.020000000000000018,0.00862068965517242,0.9256627826722423,-0.07724527624107712,0.0745965529941654,27.22774184287037,0.0,681.9620802578804,True,0.23544762288689303
SPY260821P00685000,2026-07-24 19:57:53+00:00,685.0,2.39,2.37,2.39,-0.15999985,-6.274504,568.0,15196,0.2246171289062499,False,REGULAR,USD,SPY,put,2026-08-21,738.93,2026-07-25T14:32:03.104776+00:00,2.38,0.020000000000000018,0.008403361344537823,0.9270160908340439,-0.07578435560140223,0.0745965529941654,27.22774184287037,0.0,682.9591008430527,True,0.23396429465951307
SPY260821P00686000,2026-07-24 20:11:10+00:00,686.0,2.47,2.43,2.45,-0.22000003,-8.17844,157.0,3197,0.2230302307128906,False,REGULAR,USD,SPY,put,2026-08-21,738.93,2026-07-25T14:32:03.104776+00:00,2.4400000000000004,0.020000000000000018,0.008196721311475415,0.9283693989958454,-0.07432556613774237,0.0745965529941654,27.22774184287037,0.0,683.9561214282252,True,0.23243123789113065
SPY260821P00687000,2026-07-24 19:54:14+00:00,687.0,2.58,2.49,2.52,-0.11000013,-4.0892243,823.0,2870,0.2216874707031249,False,REGULAR,USD,SPY,put,2026-08-21,738.93,2026-07-25T14:32:03.104776+00:00,2.505,0.029999999999999805,0.01197604790419154,0.9297227071576469,-0.07286890164127821,0.0745965529941654,27.22774184287037,0.0,684.9531420133975,True,0.23098253972260857
SPY260821P00688000,2026-07-24 19:42:48+00:00,688.0,2.69,2.56,2.58,-0.39999986,-12.94498,321.0,1102,0.2200395379638671,False,REGULAR,USD,SPY,put,2026-08-21,738.93,2026-07-25T14:32:03.104776+00:00,2.5700000000000003,0.020000000000000018,0.007782101167315181,0.9310760153194485,-0.07141435593028383,0.0745965529941654,27.22774184287037,0.0,685.9501625985698,True,0.22948125152504578
SPY260821P00689000,2026-07-24 19:45:08+00:00,689.0,2.6,2.63,2.65,-0.5600002,-17.721525,157.0,1273,0.2185747088623046,False,REGULAR,USD,SPY,put,2026-08-21,738.93,2026-07-25T14:32:03.104776+00:00,2.6399999999999997,0.020000000000000018,0.007575757575757584,0.93242932348125,-0.069961922849969,0.0745965529941654,27.22774184287037,0.0,686.9471831837421,True,0.228056508132505
SPY260821P00690000,2026-07-24 20:11:24+00:00,690.0,2.72,2.7,2.72,-0.17000008,-5.882355,11236.0,37418,0.2170488452148437,False,REGULAR,USD,SPY,put,2026-08-21,738.93,2026-07-25T14:32:03.104776+00:00,2.71,0.020000000000000018,0.007380073800738014,0.9337826316430515,-0.06851159627232245,0.0745965529941654,27.22774184287037,0.0,687.9442037689145,True,0.22657663452910937
SPY260821P00691000,2026-07-24 19:40:16+00:00,691.0,2.9,2.78,2.8,-0.39999986,-12.121208,228.0,1925,0.2157060852050781,False,REGULAR,USD,SPY,put,2026-08-21,738.93,2026-07-25T14:32:03.104776+00:00,2.79,0.020000000000000018,0.007168458781362013,0.935135939804853,-0.06706337009595768,0.0745965529941654,27.22774184287037,0.0,688.9412243540868,True,0.2252890306865593
SPY260821P00692000,2026-07-24 19:33:20+00:00,692.0,2.98,2.85,2.88,-0.55999994,-15.819208,75.0,1427,0.214302290649414,False,REGULAR,USD,SPY,put,2026-08-21,738.93,2026-07-25T14:32:03.104776+00:00,2.865,0.029999999999999805,0.010471204188481607,0.9364892479666546,-0.06561723824595797,0.0745965529941654,27.22774184287037,0.0,689.9382449392591,True,0.22381868276496703
SPY260821P00693000,2026-07-24 20:01:59+00:00,693.0,2.89,2.93,2.96,-0.75,-20.604395,51.0,1211,0.2128679788208007,False,REGULAR,USD,SPY,put,2026-08-21,738.93,2026-07-25T14:32:03.104776+00:00,2.9450000000000003,0.029999999999999805,0.010186757215619627,0.9378425561284561,-0.06417319467372426,0.0745965529941654,27.22774184287037,0.0,690.9352655244315,True,0.22241071830940534
SPY260821P00694000,2026-07-24 20:04:37+00:00,694.0,3.04,3.01,3.04,-0.55999994,-15.555554,159.0,1353,0.211372632446289,False,REGULAR,USD,SPY,put,2026-08-21,738.93,2026-07-25T14:32:03.104776+00:00,3.025,0.03000000000000025,0.009917355371900909,0.9391958642902576,-0.06273123335682305,0.0745965529941654,27.22774184287037,0.0,691.9322861096039,True,0.2209434810045902
SPY260821P00695000,2026-07-24 20:11:10+00:00,695.0,3.14,3.1,3.12,-0.17999983,-5.421682,444.0,15501,0.2097857342529296,False,REGULAR,USD,SPY,put,2026-08-21,738.93,2026-07-25T14:32:03.104776+00:00,3.1100000000000003,0.020000000000000018,0.0064308681672025775,0.9405491724520592,-0.061291348298835376,0.0745965529941654,27.22774184287037,0.0,692.9293066947762,True,0.21953223130930372
SPY260821P00696000,2026-07-24 19:52:20+00:00,696.0,3.39,3.19,3.21,-0.01999998,-0.5865097,64.0,3990,0.2083819396972655,False,REGULAR,USD,SPY,put,2026-08-21,738.93,2026-07-25T14:32:03.104776+00:00,3.2,0.020000000000000018,0.0062500000000000056,0.9419024806138606,-0.059853533529207935,0.0745965529941654,27.22774184287037,0.0,693.9263272799485,True,0.21817176196724203
SPY260821P00697000,2026-07-24 19:54:14+00:00,697.0,3.37,3.28,3.3,-0.6200001,-15.538851,111.0,1755,0.206917110595703,False,REGULAR,USD,SPY,put,2026-08-21,738.93,2026-07-25T14:32:03.104776+00:00,3.29,0.020000000000000018,0.0060790273556231055,0.9432557887756622,-0.058417783103103645,0.0745965529941654,27.22774184287037,0.0,694.9233478651208,True,0.21674738266354743
SPY260821P00698000,2026-07-24 19:37:01+00:00,698.0,3.48,3.37,3.4,-0.27999997,-7.446808,150.0,1923,0.2055743505859374,False,REGULAR,USD,SPY,put,2026-08-21,738.93,2026-07-25T14:32:03.104776+00:00,3.385,0.029999999999999805,0.008862629246676457,0.9446090969374636,-0.05698409110125513,0.0745965529941654,27.22774184287037,0.0,695.9203684502932,True,0.21536812622060686
SPY260821P00699000,2026-07-24 20:04:37+00:00,699.0,3.48,3.47,3.5,-0.8699999,-19.999998,42.0,1263,0.2041705560302734,False,REGULAR,USD,SPY,put,2026-08-21,738.93,2026-07-25T14:32:03.104776+00:00,3.4850000000000003,0.029999999999999805,0.008608321377331363,0.9459624050992652,-0.0555524516298173,0.0745965529941654,27.22774184287037,0.0,696.9173890354656,True,0.2140292760725995
SPY260821P00700000,2026-07-24 20:11:33+00:00,700.0,3.6,3.57,3.59,-0.16000009,-4.2553215,6747.0,45958,0.2025226232910155,False,REGULAR,USD,SPY,put,2026-08-21,738.93,2026-07-25T14:32:03.104776+00:00,3.58,0.020000000000000018,0.005586592178770954,0.9473157132610668,-0.05412285882022283,0.0745965529941654,27.22774184287037,0.0,697.9144096206379,True,0.21251895870448162
SPY260821P00701000,2026-07-24 19:36:02+00:00,701.0,3.76,3.68,3.7,-0.60000014,-13.761471,426.0,2098,0.2011798632812499,False,REGULAR,USD,SPY,put,2026-08-21,738.93,2026-07-25T14:32:03.104776+00:00,3.6900000000000004,0.020000000000000018,0.00542005420054201,0.9486690214228682,-0.05269530682903748,0.0745965529941654,27.22774184287037,0.0,698.9114302058102,True,0.21125144465000129
SPY260821P00702000,2026-07-24 20:07:51+00:00,702.0,3.82,3.78,3.81,-0.17000008,-4.2606535,7185.0,12158,0.1997760687255859,False,REGULAR,USD,SPY,put,2026-08-21,738.93,2026-07-25T14:32:03.104776+00:00,3.795,0.03000000000000025,0.007905138339921014,0.9500223295846698,-0.0512697898378164,0.0745965529941654,27.22774184287037,0.0,699.9084507909826,True,0.20981146860668431
SPY260821P00703000,2026-07-24 19:42:23+00:00,703.0,4.08,3.9,3.92,-0.03000021,-0.72993207,416.0,2139,0.1983112396240234,False,REGULAR,USD,SPY,put,2026-08-21,738.93,2026-07-25T14:32:03.104776+00:00,3.91,0.020000000000000018,0.005115089514066501,0.9513756377464713,-0.049846302052962685,0.0745965529941654,27.22774184287037,0.0,700.9054713761549,True,0.20850029619590582
SPY260821P00704000,2026-07-24 19:19:17+00:00,704.0,4.04,4.01,4.04,-0.9000001,-18.218624,541.0,4922,0.1969684796142577,False,REGULAR,USD,SPY,put,2026-08-21,738.93,2026-07-25T14:32:03.104776+00:00,4.025,0.03000000000000025,0.007453416149068384,0.9527289459082728,-0.048424837705585144,0.0745965529941654,27.22774184287037,0.0,701.9024919613272,True,0.20711591340529373
SPY260821P00705000,2026-07-24 20:09:01+00:00,705.0,4.19,4.13,4.15,-0.119999886,-2.7842202,559.0,17479,0.1953510641479492,False,REGULAR,USD,SPY,put,2026-08-21,738.93,2026-07-25T14:32:03.104776+00:00,4.140000000000001,0.020000000000000462,0.004830917874396246,0.9540822540700744,-0.04700539105135884,0.0745965529941654,27.22774184287037,0.0,702.8995125464995,True,0.2056597332255342
SPY260821P00706000,2026-07-24 20:06:20+00:00,706.0,4.31,4.25,4.28,-0.19000006,-4.2222238,11240.0,31441,0.1940388214111328,False,REGULAR,USD,SPY,put,2026-08-21,738.93,2026-07-25T14:32:03.104776+00:00,4.265000000000001,0.03000000000000025,0.0070339976553341725,0.9554355622318759,-0.045587956370385485,0.0745965529941654,27.22774184287037,0.0,703.896533131672,True,0.2043189898737343
SPY260821P00707000,2026-07-24 20:03:14+00:00,707.0,4.38,4.38,4.41,-0.38999987,-8.176098,163.0,1013,0.1926350268554687,False,REGULAR,USD,SPY,put,2026-08-21,738.93,2026-07-25T14:32:03.104776+00:00,4.395,0.03000000000000025,0.006825938566552958,0.9567888703936774,-0.04417252796705476,0.0745965529941654,27.22774184287037,0.0,704.8935537168443,True,0.20299377486756898
SPY260821P00708000,2026-07-24 20:06:20+00:00,708.0,4.56,4.51,4.54,-0.17999983,-3.7974648,162.0,14903,0.1911701977539062,False,REGULAR,USD,SPY,put,2026-08-21,738.93,2026-07-25T14:32:03.104776+00:00,4.525,0.03000000000000025,0.006629834254143701,0.9581421785554789,-0.042759100169907825,0.0745965529941654,27.22774184287037,0.0,705.8905743020166,True,0.20159093530448752
SPY260821P00709000,2026-07-24 20:05:38+00:00,709.0,4.7,4.65,4.67,-0.75,-13.761468,213.0,7585,0.1896138168334961,False,REGULAR,USD,SPY,put,2026-08-21,738.93,2026-07-25T14:32:03.104776+00:00,4.66,0.019999999999999574,0.00429184549356214,0.9594954867172805,-0.04134766733150004,0.0745965529941654,27.22774184287037,0.0,706.8875948871889,True,0.20020002539912435
SPY260821P00710000,2026-07-24 20:14:59+00:00,710.0,4.8,4.79,4.8,-0.15999985,-3.2258034,6118.0,45902,0.1879964013671874,False,REGULAR,USD,SPY,put,2026-08-21,738.93,2026-07-25T14:32:03.104776+00:00,4.795,0.009999999999999787,0.002085505735140727,0.960848794879082,-0.03993822382826639,0.0745965529941654,27.22774184287037,0.0,707.8846154723612,True,0.19873102003696252
SPY260821P00711000,2026-07-24 19:37:01+00:00,711.0,5.06,4.94,4.96,-0.03999996,-0.784313,254.0,1623,0.1867757104492187,False,REGULAR,USD,SPY,put,2026-08-21,738.93,2026-07-25T14:32:03.104776+00:00,4.95,0.019999999999999574,0.0040404040404039545,0.9622021030408835,-0.038530764060386684,0.0745965529941654,27.22774184287037,0.0,708.8816360575336,True,0.19752633968467997
SPY260821P00712000,2026-07-24 20:05:38+00:00,712.0,5.14,5.08,5.11,-0.30999994,-5.688072,517.0,16627,0.1853108813476562,False,REGULAR,USD,SPY,put,2026-08-21,738.93,2026-07-25T14:32:03.104776+00:00,5.095000000000001,0.03000000000000025,0.005888125613346466,0.9635554112026851,-0.037125282451651746,0.0745965529941654,27.22774184287037,0.0,709.878656642706,True,0.19606680237874868
SPY260821P00713000,2026-07-24 20:06:57+00:00,713.0,5.27,5.24,5.26,-0.119999886,-2.226343,224.0,2874,0.183754500427246,False,REGULAR,USD,SPY,put,2026-08-21,738.93,2026-07-25T14:32:03.104776+00:00,5.25,0.019999999999999574,0.0038095238095237284,0.9649087193644865,-0.03572177344933164,0.0745965529941654,27.22774184287037,0.0,710.8756772278783,True,0.1946921152362759
SPY260821P00714000,2026-07-24 19:53:01+00:00,714.0,5.66,5.4,5.42,-0.34000015,-5.666669,349.0,26358,0.1822896713256835,False,REGULAR,USD,SPY,put,2026-08-21,738.93,2026-07-25T14:32:03.104776+00:00,5.41,0.019999999999999574,0.0036968576709795883,0.9662620275262881,-0.03432023152404314,0.0745965529941654,27.22774184287037,0.0,711.8726978130506,True,0.19331415536872276
SPY260821P00715000,2026-07-24 20:12:28+00:00,715.0,5.55,5.56,5.59,-0.28999996,-4.9657526,1993.0,27638,0.1808858767700195,False,REGULAR,USD,SPY,put,2026-08-21,738.93,2026-07-25T14:32:03.104776+00:00,5.574999999999999,0.03000000000000025,0.005381165919282557,0.9676153356880896,-0.032920651169619945,0.0745965529941654,27.22774184287037,0.0,712.869718398223,True,0.19193017799438783
SPY260821P00716000,2026-07-24 20:02:14+00:00,716.0,5.66,5.73,5.76,-1.2800002,-18.443806,503.0,10134,0.1793905303955077,False,REGULAR,USD,SPY,put,2026-08-21,738.93,2026-07-25T14:32:03.104776+00:00,5.745,0.02999999999999936,0.005221932114882395,0.9689686438498911,-0.031523026902981935,0.0745965529941654,27.22774184287037,0.0,713.8667389833953,True,0.19053751400151386
SPY260821P00717000,2026-07-24 20:08:38+00:00,717.0,5.99,5.91,5.93,-1.1600003,-16.223782,1423.0,2248,0.1778341494750976,False,REGULAR,USD,SPY,put,2026-08-21,738.93,2026-07-25T14:32:03.104776+00:00,5.92,0.019999999999999574,0.0033783783783783066,0.9703219520116927,-0.030127353264007145,0.0745965529941654,27.22774184287037,0.0,714.8637595685676,True,0.18913356238129303
SPY260821P00718000,2026-07-24 20:06:12+00:00,718.0,6.16,6.09,6.11,-0.74000025,-10.724642,1181.0,21133,0.1763082858276367,False,REGULAR,USD,SPY,put,2026-08-21,738.93,2026-07-25T14:32:03.104776+00:00,6.1,0.020000000000000462,0.00327868852459024,0.9716752601734941,-0.02873362481540339,0.0745965529941654,27.22774184287037,0.0,715.8607801537399,True,0.1877157762580316
SPY260821P00719000,2026-07-24 19:58:44+00:00,719.0,6.26,6.28,6.3,-0.26999998,-4.1347623,2836.0,3455,0.174812939453125,False,REGULAR,USD,SPY,put,2026-08-21,738.93,2026-07-25T14:32:03.104776+00:00,6.29,0.019999999999999574,0.0031796502384737,0.9730285683352957,-0.027341836142580837,0.0745965529941654,27.22774184287037,0.0,716.8578007389124,True,0.18635698009484822
SPY260821P00720000,2026-07-24 20:14:16+00:00,720.0,6.43,6.47,6.5,-0.20000029,-3.0165956,3680.0,53505,0.1734091448974609,False,REGULAR,USD,SPY,put,2026-08-21,738.93,2026-07-25T14:32:03.104776+00:00,6.484999999999999,0.03000000000000025,0.004626060138781843,0.9743818764970972,-0.025951981853526596,0.0745965529941654,27.22774184287037,0.0,717.8548213240847,True,0.1849772696322432
SPY260821P00721000,2026-07-24 20:13:55+00:00,721.0,6.65,6.67,6.7,-0.2999997,-4.3165426,230.0,1543,0.17188328125,False,REGULAR,USD,SPY,put,2026-08-21,738.93,2026-07-25T14:32:03.104776+00:00,6.6850000000000005,0.03000000000000025,0.004487658937920755,0.9757351846588987,-0.024564056578678467,0.0745965529941654,27.22774184287037,0.0,718.851841909257,True,0.183574331116158
SPY260821P00722000,2026-07-24 20:11:14+00:00,722.0,6.92,6.87,6.9,-0.23000002,-3.2167833,287.0,2880,0.1702353485107422,False,REGULAR,USD,SPY,put,2026-08-21,738.93,2026-07-25T14:32:03.104776+00:00,6.885,0.03000000000000025,0.00435729847494557,0.9770884928207003,-0.02317805497080127,0.0745965529941654,27.22774184287037,0.0,719.8488624944293,True,0.18207358395869522
SPY260821P00723000,2026-07-24 19:56:53+00:00,723.0,7.23,7.09,7.12,-0.63999987,-8.132146,653.0,2879,0.1688010366821289,False,REGULAR,USD,SPY,put,2026-08-21,738.93,2026-07-25T14:32:03.104776+00:00,7.105,0.03000000000000025,0.004222378606615095,0.9784418009825018,-0.02179397170486288,0.0745965529941654,27.22774184287037,0.0,720.8458830796017,True,0.18076088388816153
SPY260821P00724000,2026-07-24 19:56:16+00:00,724.0,7.49,7.31,7.34,-1.1900005,-13.709683,5677.0,5493,0.1672446557617187,False,REGULAR,USD,SPY,put,2026-08-21,738.93,2026-07-25T14:32:03.104776+00:00,7.324999999999999,0.03000000000000025,0.004095563139931775,0.9797951091443033,-0.020411801477911152,0.0745965529941654,27.22774184287037,0.0,721.842903664774,True,0.1793439641857594
SPY260821P00725000,2026-07-24 20:13:08+00:00,725.0,7.49,7.53,7.56,-0.24000025,-3.1047897,11919.0,46780,0.1655662057495117,False,REGULAR,USD,SPY,put,2026-08-21,738.93,2026-07-25T14:32:03.104776+00:00,7.545,0.02999999999999936,0.003976143141152997,0.9811484173061048,-0.019031539008952807,0.0745965529941654,27.22774184287037,0.0,722.8399242499464,True,0.1778232747966178
SPY260821P00726000,2026-07-24 19:45:42+00:00,726.0,8.0,7.76,7.8,-0.47999954,-5.6603723,162.0,2316,0.164070859375,False,REGULAR,USD,SPY,put,2026-08-21,738.93,2026-07-25T14:32:03.104776+00:00,7.779999999999999,0.040000000000000036,0.005141388174807203,0.9825017254679064,-0.01765317903883145,0.0745965529941654,27.22774184287037,0.0,723.8369448351187,True,0.17640534373630962
SPY260821P00727000,2026-07-24 20:04:55+00:00,727.0,8.01,8.0,8.04,-0.27999973,-3.3775601,640.0,4068,0.1624534439086914,False,REGULAR,USD,SPY,put,2026-08-21,738.93,2026-07-25T14:32:03.104776+00:00,8.02,0.03999999999999915,0.0049875311720697195,0.9838550336297079,-0.016276716330108125,0.0745965529941654,27.22774184287037,0.0,724.8339654202911,True,0.17494707011844404
SPY260821P00728000,2026-07-24 19:48:14+00:00,728.0,8.56,8.25,8.29,0.07000065,0.82450706,109.0,2249,0.1608360284423828,False,REGULAR,USD,SPY,put,2026-08-21,738.93,2026-07-25T14:32:03.104776+00:00,8.27,0.03999999999999915,0.004836759371221179,0.9852083417915094,-0.014902145666941587,0.0745965529941654,27.22774184287037,0.0,725.8309860054634,True,0.17351348032736696
SPY260821P00729000,2026-07-24 19:54:43+00:00,729.0,8.64,8.51,8.54,-0.14999962,-1.7064803,7244.0,6117,0.1591270611572265,False,REGULAR,USD,SPY,put,2026-08-21,738.93,2026-07-25T14:32:03.104776+00:00,8.524999999999999,0.02999999999999936,0.003519061583577638,0.986561649953311,-0.013529461854969362,0.0745965529941654,27.22774184287037,0.0,726.8280065906357,True,0.17203353862102166
SPY260821P00730000,2026-07-24 20:14:16+00:00,730.0,8.73,8.77,8.81,-0.1600008,-1.7997841,7598.0,54429,0.1575401629638672,False,REGULAR,USD,SPY,put,2026-08-21,738.93,2026-07-25T14:32:03.104776+00:00,8.79,0.040000000000000924,0.004550625711035373,0.9879149581151124,-0.012158659721190764,0.0745965529941654,27.22774184287037,0.0,727.825027175808,True,0.1705708755643245
SPY260821P00731000,2026-07-24 20:05:44+00:00,731.0,9.14,9.05,9.09,-0.35999966,-3.78947,1313.0,1986,0.1559532647705078,False,REGULAR,USD,SPY,put,2026-08-21,738.93,2026-07-25T14:32:03.104776+00:00,9.07,0.03999999999999915,0.004410143329658119,0.989268266276914,-0.010789734113849028,0.0745965529941654,27.22774184287037,0.0,728.8220477609805,True,0.1691866109352404
SPY260821P00732000,2026-07-24 19:56:30+00:00,732.0,9.5,9.33,9.37,-0.35999966,-3.6511123,1408.0,2365,0.1542442974853515,False,REGULAR,USD,SPY,put,2026-08-21,738.93,2026-07-25T14:32:03.104776+00:00,9.35,0.03999999999999915,0.0042780748663100695,0.9906215744387155,-0.009422679902316038,0.0745965529941654,27.22774184287037,0.0,729.8190683461528,True,0.16768041903426478
SPY260821P00733000,2026-07-24 19:59:01+00:00,733.0,9.68,9.62,9.66,-0.03999996,-0.41152224,5415.0,3445,0.1525353302001953,False,REGULAR,USD,SPY,put,2026-08-21,738.93,2026-07-25T14:32:03.104776+00:00,9.64,0.040000000000000924,0.004149377593361091,0.991974882600517,-0.008057491976976059,0.0745965529941654,27.22774184287037,0.0,730.8160889313251,True,0.16618006550603012
SPY260821P00734000,2026-07-24 20:11:14+00:00,734.0,10.0,9.92,9.96,-0.14999962,-1.4778289,6256.0,2437,0.1507958456420898,False,REGULAR,USD,SPY,put,2026-08-21,738.93,2026-07-25T14:32:03.104776+00:00,9.940000000000001,0.040000000000000924,0.004024144869215384,0.9933281907623186,-0.006694165249111924,0.0745965529941654,27.22774184287037,0.0,731.8131095164974,True,0.1646814203723016
SPY260821P00735000,2026-07-24 20:14:42+00:00,735.0,10.26,10.24,10.28,-0.25,-2.378687,6465.0,39949,0.1491784301757812,False,REGULAR,USD,SPY,put,2026-08-21,738.93,2026-07-25T14:32:03.104776+00:00,10.26,0.03999999999999915,0.003898635477582763,0.9946814989241201,-0.005332694650790894,0.0745965529941654,27.22774184287037,0.0,732.8101301016698,True,0.16330734208184022
SPY260821P00736000,2026-07-24 19:58:04+00:00,736.0,10.66,10.56,10.61,-0.06000042,-0.5597054,1835.0,1992,0.1475304974365234,False,REGULAR,USD,SPY,put,2026-08-21,738.93,2026-07-25T14:32:03.104776+00:00,10.585,0.049999999999998934,0.004723665564477934,0.9960348070859216,-0.003973075134751286,0.0745965529941654,27.22774184287037,0.0,733.8071506868421,True,0.16186228771216254
SPY260821P00737000,2026-07-24 19:56:02+00:00,737.0,11.16,10.9,10.94,0.03999996,0.3597119,4092.0,2990,0.1457299783325195,False,REGULAR,USD,SPY,put,2026-08-21,738.93,2026-07-25T14:32:03.104776+00:00,10.92,0.03999999999999915,0.003663003663003585,0.9973881152477231,-0.0026153016742909863,0.0745965529941654,27.22774184287037,0.0,734.8041712720144,True,0.16040623937272863
SPY260821P00738000,2026-07-24 20:14:47+00:00,738.0,11.27,11.26,11.29,-0.14999962,-1.3134818,12984.0,3195,0.1440362696838378,False,REGULAR,USD,SPY,put,2026-08-21,738.93,2026-07-25T14:32:03.104776+00:00,11.274999999999999,0.02999999999999936,0.002660753880266019,0.9987414234095247,-0.0012593692631550479,0.0745965529941654,27.22774184287037,0.0,735.8011918571868,True,0.1590603728746781
SPY260821P00739000,2026-07-24 20:14:46+00:00,739.0,11.63,11.6,11.65,-0.07999992,-0.6831761,3914.0,6005,0.1422815264892578,True,REGULAR,USD,SPY,put,2026-08-21,738.93,2026-07-25T14:32:03.104776+00:00,11.625,0.05000000000000071,0.004301075268817265,1.0000947315713262,9.472708457427596e-05,0.0745965529941654,27.22774184287037,0.0,736.7982124423592,True,0.15750780228291544
SPY260821P00740000,2026-07-24 20:14:50+00:00,740.0,12.0,11.98,12.02,-0.010000229,-0.08326585,8394.0,25962,0.1405115246582031,True,REGULAR,USD,SPY,put,2026-08-21,738.93,2026-07-25T14:32:03.104776+00:00,12.0,0.03999999999999915,0.0033333333333332624,1.0014480397331278,0.0014469923345879852,0.0745965529941654,27.22774184287037,0.0,737.7952330275315,True,0.15611933418843926
SPY260821P00741000,2026-07-24 20:08:33+00:00,741.0,12.47,12.36,12.41,-0.03999996,-0.3197439,6066.0,1070,0.1388025573730469,True,REGULAR,USD,SPY,put,2026-08-21,738.93,2026-07-25T14:32:03.104776+00:00,12.385,0.05000000000000071,0.004037141703673856,1.0028013478949291,0.002797431432459259,0.0745965529941654,27.22774184287037,0.0,738.7922536127038,True,0.15470354109508883
SPY260821P00742000,2026-07-24 19:45:12+00:00,742.0,12.96,12.76,12.81,0.10999966,0.8560284,3655.0,2021,0.1370325555419922,True,REGULAR,USD,SPY,put,2026-08-21,738.93,2026-07-25T14:32:03.104776+00:00,12.785,0.05000000000000071,0.003910833007430638,1.0041546560567307,0.0041460493037528655,0.0745965529941654,27.22774184287037,0.8592741978761751,739.7892741978761,True,0.15331860445869394
SPY260821P00743000,2026-07-24 19:46:11+00:00,743.0,13.6,13.17,13.22,0.2300005,1.7202729,1725.0,2413,0.135201519165039,True,REGULAR,USD,SPY,put,2026-08-21,738.93,2026-07-25T14:32:03.104776+00:00,13.195,0.05000000000000071,0.0037893141341417743,1.0055079642185323,0.005492850854131627,0.0745965529941654,27.22774184287037,1.8562947830484973,740.7862947830484,True,0.15189842571000917
SPY260821P00744000,2026-07-24 19:24:21+00:00,744.0,14.08,13.6,13.65,-0.5699997,-3.890783,527.0,3070,0.1334315173339843,True,REGULAR,USD,SPY,put,2026-08-21,738.93,2026-07-25T14:32:03.104776+00:00,13.625,0.05000000000000071,0.003669724770642254,1.0068612723803338,0.006837840969464374,0.0745965529941654,27.22774184287037,2.853315368220933,741.7833153682209,True,0.15056344258718113
SPY260821P00745000,2026-07-24 20:13:18+00:00,745.0,14.0,13.97,14.14,-0.22999954,-1.6163005,1347.0,8565,0.1322108264160156,True,REGULAR,USD,SPY,put,2026-08-21,738.93,2026-07-25T14:32:03.104776+00:00,14.055,0.16999999999999993,0.012095339736748483,1.0082145805421354,0.008181024515932068,0.0745965529941654,27.22774184287037,3.8503359533932553,742.7803359533932,True,0.14906061974494533
SPY260821P00746000,2026-07-24 20:02:25+00:00,746.0,14.35,14.04,14.82,-0.92999935,-6.0863833,77.0,4696,0.1331873791503906,True,REGULAR,USD,SPY,put,2026-08-21,738.93,2026-07-25T14:32:03.104776+00:00,14.43,0.7800000000000011,0.05405405405405413,1.0095678887039368,0.00952240634013323,0.0745965529941654,27.22774184287037,4.8473565385655775,743.7773565385655,True,0.14669403656942576
SPY260821P00747000,2026-07-24 19:22:22+00:00,747.0,15.5,13.7,16.26,0.39999962,2.649004,349.0,3697,0.1436548037719726,True,REGULAR,USD,SPY,put,2026-08-21,738.93,2026-07-25T14:32:03.104776+00:00,14.98,2.5600000000000023,0.17089452603471308,1.0109211968657383,0.010861991269189731,0.0745965529941654,27.22774184287037,5.8443771237379,744.7743771237378,True,0.14634696414741802
SPY260821P00748000,2026-07-24 18:29:58+00:00,748.0,15.25,14.19,15.72,-0.17000008,-1.1024648,366.0,4033,0.1287471159362793,True,REGULAR,USD,SPY,put,2026-08-21,738.93,2026-07-25T14:32:03.104776+00:00,14.955,1.5300000000000011,0.10230692076228694,1.01227450502754,0.012199784110849713,0.0745965529941654,27.22774184287037,6.841397708910222,745.7713977089102,True,0.1385171530378989
SPY260821P00749000,2026-07-24 18:15:30+00:00,749.0,14.69,14.7,17.28,-3.4300013,-18.929365,554.0,3261,0.1406030764770507,True,REGULAR,USD,SPY,put,2026-08-21,738.93,2026-07-25T14:32:03.104776+00:00,15.99,2.580000000000002,0.16135084427767366,1.0136278131893415,0.013535789653591992,0.0745965529941654,27.22774184287037,7.838418294082544,746.7684182940825,True,0.1439883362113245
SPY260821P00750000,2026-07-24 20:14:33+00:00,750.0,16.5,16.44,16.65,0.10000038,0.60975844,1932.0,35127,0.1236965072631836,True,REGULAR,USD,SPY,put,2026-08-21,738.93,2026-07-25T14:32:03.104776+00:00,16.545,0.2099999999999973,0.012692656391658947,1.014981121351143,0.014870012666728685,0.0745965529941654,27.22774184287037,8.835438879254866,747.7654388792548,True,0.14317450712718194
SPY260821P00751000,2026-07-24 18:17:51+00:00,751.0,15.66,15.8,18.41,-1.3999996,-8.206328,517.0,2480,0.1381922119140625,True,REGULAR,USD,SPY,put,2026-08-21,738.93,2026-07-25T14:32:03.104776+00:00,17.105,2.6099999999999994,0.1525869628763519,1.0163344295129444,0.01620245790050713,0.0745965529941654,27.22774184287037,9.832459464427302,748.7624594644273,True,0.14224139601776886
SPY260821P00752000,2026-07-24 20:02:24+00:00,752.0,17.53,16.36,18.94,0.040000916,0.22870736,23.0,2628,0.1362085891723632,True,REGULAR,USD,SPY,put,2026-08-21,738.93,2026-07-25T14:32:03.104776+00:00,17.65,2.580000000000002,0.14617563739376782,1.017687737674746,0.017533130086212254,0.0745965529941654,27.22774184287037,10.829480049599624,749.7594800495996,True,0.14091892390155622
SPY260821P00753000,2026-07-24 19:37:31+00:00,753.0,18.43,16.93,19.56,1.1800003,6.8405814,23.0,1763,0.1352320364379883,True,REGULAR,USD,SPY,put,2026-08-21,738.93,2026-07-25T14:32:03.104776+00:00,18.244999999999997,2.629999999999999,0.14414908194025758,1.0190410458365475,0.018862033936266055,0.0745965529941654,27.22774184287037,11.826500634771946,750.7565006347719,True,0.14006261269218817
SPY260821P00754000,2026-07-24 19:58:43+00:00,754.0,19.0,17.56,19.96,-0.9200001,-4.618474,42.0,1742,0.1309291009521484,True,REGULAR,USD,SPY,put,2026-08-21,738.93,2026-07-25T14:32:03.104776+00:00,18.759999999999998,2.400000000000002,0.12793176972281461,1.020394353998349,0.02018917414432859,0.0745965529941654,27.22774184287037,12.823521219944269,751.7535212199442,True,0.13791731171614088
SPY260821P00755000,2026-07-24 20:01:16+00:00,755.0,19.24,19.39,19.62,-0.14999962,-0.7735927,309.0,22625,0.1151821881103515,True,REGULAR,USD,SPY,put,2026-08-21,738.93,2026-07-25T14:32:03.104776+00:00,19.505000000000003,0.23000000000000043,0.01179184824404001,1.0217476621601504,0.021514555385397052,0.0745965529941654,27.22774184287037,13.82054180511659,752.7505418051165,True,0.13872245141688094
SPY260821P00756000,2026-07-24 18:48:52+00:00,756.0,20.36,18.82,21.48,-1.3400002,-6.1751156,94.0,2589,0.1318141018676757,True,REGULAR,USD,SPY,put,2026-08-21,738.93,2026-07-25T14:32:03.104776+00:00,20.15,2.66,0.13200992555831267,1.023100970321952,0.02283818231590539,0.0745965529941654,27.22774184287037,14.817562390288913,753.7475623902889,True,0.13797002063430522
SPY260821P00757000,2026-07-24 19:02:27+00:00,757.0,21.08,19.5,22.16,-1.0100002,-4.5722055,1452.0,2511,0.1308375491333007,True,REGULAR,USD,SPY,put,2026-08-21,738.93,2026-07-25T14:32:03.104776+00:00,20.83,2.66,0.12770043206913106,1.0244542784837536,0.024160059573821214,0.0745965529941654,27.22774184287037,15.814582975461349,754.7445829754613,True,0.13752016223483055
SPY260821P00758000,2026-07-24 19:12:46+00:00,758.0,22.0,20.2,22.86,-0.5100002,-2.2656608,69.0,1975,0.1299220309448241,True,REGULAR,USD,SPY,put,2026-08-21,738.93,2026-07-25T14:32:03.104776+00:00,21.53,2.66,0.12354853692522062,1.0258075866455552,0.025480191778744138,0.0745965529941654,27.22774184287037,16.81160356063367,755.7416035606336,True,0.13717279120758202
SPY260821P00759000,2026-07-24 19:24:25+00:00,759.0,23.33,20.92,23.58,-0.6499996,-2.7105906,38.0,1055,0.1290980645751953,True,REGULAR,USD,SPY,put,2026-08-21,738.93,2026-07-25T14:32:03.104776+00:00,22.25,2.6599999999999966,0.11955056179775266,1.0271608948073567,0.026798583532002453,0.0745965529941654,27.22774184287037,17.808624145805993,756.7386241458059,True,0.1369374323612481
SPY260821P00760000,2026-07-24 19:49:47+00:00,760.0,22.78,21.66,24.0,-1.8199997,-7.3983727,352.0,3787,0.1229946099853515,True,REGULAR,USD,SPY,put,2026-08-21,738.93,2026-07-25T14:32:03.104776+00:00,22.83,2.34,0.10249671484888305,1.028514202969158,0.028115239416749118,0.0745965529941654,27.22774184287037,18.805644730978315,757.7356447309783,True,0.1343542036620783
SPY260821P00761000,2026-07-24 18:48:42+00:00,761.0,23.92,22.41,25.51,1.1200008,4.9122844,17.0,1241,0.1349573809814453,True,REGULAR,USD,SPY,put,2026-08-21,738.93,2026-07-25T14:32:03.104776+00:00,23.96,3.1000000000000014,0.12938230383973295,1.0298675111309596,0.029430163998058236,0.0745965529941654,27.22774184287037,19.802665316150637,758.7326653161506,True,0.14013629106152187
SPY260821P00762000,2026-07-24 17:36:22+00:00,762.0,21.84,23.19,26.3,-4.5300007,-17.178614,74.0,346,0.1348658291625977,True,REGULAR,USD,SPY,put,2026-08-21,738.93,2026-07-25T14:32:03.104776+00:00,24.745,3.1099999999999994,0.1256819559506971,1.0312208192927612,0.030743361823018716,0.0745965529941654,27.22774184287037,20.79968590132296,759.7296859013229,True,0.1404680196561433
SPY260821P00763000,2026-07-24 19:43:21+00:00,763.0,26.0,25.07,25.63,0.8199997,3.2565515,262.0,136,0.1066068344116211,True,REGULAR,USD,SPY,put,2026-08-21,738.93,2026-07-25T14:32:03.104776+00:00,25.35,0.5599999999999987,0.022090729783037423,1.0325741274545628,0.03205483742082949,0.0745965529941654,27.22774184287037,21.79670648649528,760.7267064864952,True,0.13769488908330035
SPY260821P00764000,2026-07-24 17:36:18+00:00,764.0,23.32,25.9,26.45,-4.380001,-15.812278,50.0,3657,0.1054776953125,True,REGULAR,USD,SPY,put,2026-08-21,738.93,2026-07-25T14:32:03.104776+00:00,26.174999999999997,0.5500000000000007,0.021012416427889237,1.0339274356163644,0.03336459530289303,0.0745965529941654,27.22774184287037,22.793727071667718,761.7237270716677,True,0.1383138913445648
SPY260821P00765000,2026-07-24 18:31:21+00:00,765.0,26.8,26.76,27.28,-1.5400009,-5.4340186,574.0,2054,0.1042570043945312,True,REGULAR,USD,SPY,put,2026-08-21,738.93,2026-07-25T14:32:03.104776+00:00,27.020000000000003,0.5199999999999996,0.019245003700962233,1.0352807437781657,0.0346726399629082,0.0745965529941654,27.22774184287037,23.79074765684004,762.72074765684,True,0.13914184393272666
SPY260821P00766000,2026-07-24 16:55:07+00:00,766.0,25.78,27.62,28.15,1.7600002,7.327228,2.0,556,0.1036466589355468,True,REGULAR,USD,SPY,put,2026-08-21,738.93,2026-07-25T14:32:03.104776+00:00,27.884999999999998,0.5299999999999976,0.01900663439124969,1.0366340519399673,0.035978975876963706,0.0745965529941654,27.22774184287037,24.787768242012362,763.7177682420123,True,0.1401997021836004
SPY260821P00767000,2026-07-24 19:45:20+00:00,767.0,28.97,28.51,29.05,0.010000229,0.034531176,1024.0,1240,0.1036161416625976,True,REGULAR,USD,SPY,put,2026-08-21,738.93,2026-07-25T14:32:03.104776+00:00,28.78,0.5399999999999991,0.018763029881862375,1.0379873601017688,0.037283607503628635,0.0745965529941654,27.22774184287037,25.784788827184684,764.7147888271846,True,0.1416902501967578
SPY260821P00768000,2026-07-24 17:24:12+00:00,768.0,27.46,29.42,29.95,-0.3600006,-1.2940353,2.0,293,0.1033414862060546,True,REGULAR,USD,SPY,put,2026-08-21,738.93,2026-07-25T14:32:03.104776+00:00,29.685000000000002,0.5299999999999976,0.017854135085059713,1.0393406682635704,0.03858653928404466,0.0745965529941654,27.22774184287037,26.781809412357006,765.711809412357,True,0.14327755707633819
SPY260821P00769000,2026-07-23 20:00:05+00:00,769.0,30.83,30.34,30.87,0.049999237,0.16244067,1.0,1546,0.1034635552978515,True,REGULAR,USD,SPY,put,2026-08-21,738.93,2026-07-25T14:32:03.104776+00:00,30.605,0.5300000000000011,0.017317431792190856,1.040693976425372,0.03988777564201651,0.0745965529941654,27.22774184287037,27.77882999752933,766.7088299975293,True,0.14506655869933427
SPY260821P00770000,2026-07-24 19:46:01+00:00,770.0,31.91,31.27,31.78,-1.4300003,-4.289143,86.0,1073,0.102975278930664,True,REGULAR,USD,SPY,put,2026-08-21,738.93,2026-07-25T14:32:03.104776+00:00,31.525,0.5100000000000016,0.016177636796193547,1.0420472845871733,0.041187320984101904,0.0745965529941654,27.22774184287037,28.775850582701764,767.7058505827017,True,0.1467858543340212
SPY260821P00771000,2026-07-21 15:00:03+00:00,771.0,26.63,32.22,32.72,0.0,0.0,1.0,2,0.1033414862060546,True,REGULAR,USD,SPY,put,2026-08-21,738.93,2026-07-25T14:32:03.104776+00:00,32.47,0.5,0.015398829688943641,1.043400592748975,0.042485179699701905,0.0745965529941654,27.22774184287037,29.772871167874086,768.702871167874,True,0.14892407507713024
SPY260821P00772000,2026-07-23 15:37:34+00:00,772.0,35.64,33.18,33.71,0.0,0.0,2.0,10,0.1053556262207031,True,REGULAR,USD,SPY,put,2026-08-21,738.93,2026-07-25T14:32:03.104776+00:00,33.445,0.5300000000000011,0.015846912841979404,1.0447539009107765,0.04378135616114863,0.0745965529941654,27.22774184287037,30.76989175304641,769.6998917530464,True,0.1516051499616114
SPY260821P00773000,2026-07-23 14:05:51+00:00,773.0,32.32,32.76,36.19,0.0,0.0,10.0,10,0.1479577392578125,True,REGULAR,USD,SPY,put,2026-08-21,738.93,2026-07-25T14:32:03.104776+00:00,34.474999999999994,3.4299999999999997,0.09949238578680204,1.046107209072578,0.04507585472379446,0.0745965529941654,27.22774184287037,31.76691233821873,770.6969123382187,True,0.15535137767957308
SPY260821P00774000,2026-07-23 14:07:36+00:00,774.0,33.45,33.75,37.19,0.0,0.0,10.0,15,0.1508263629150391,True,REGULAR,USD,SPY,put,2026-08-21,738.93,2026-07-25T14:32:03.104776+00:00,35.47,3.4399999999999977,0.0969833662249788,1.0474605172343796,0.04636867972609966,0.0745965529941654,27.22774184287037,32.76393292339105,771.693932923391,True,0.15838403928030137
SPY260821P00775000,2026-07-24 20:01:54+00:00,775.0,36.03,35.79,36.68,-1.8700027,-4.934044,52.0,471,0.1113370117187499,True,REGULAR,USD,SPY,put,2026-08-21,738.93,2026-07-25T14:32:03.104776+00:00,36.235,0.8900000000000006,0.02456188767765974,1.048813825396181,0.047659835489719374,0.0745965529941654,27.22774184287037,33.760953508563375,772.6909535085633,True,0.1566516780656207
SPY260821P00776000,2026-07-21 17:57:27+00:00,776.0,37.86,35.75,39.19,10.150002,36.629383,2.0,7,0.1565025756835937,True,REGULAR,USD,SPY,put,2026-08-21,738.93,2026-07-25T14:32:03.104776+00:00,37.47,3.4399999999999977,0.09180677875633834,1.0501671335579825,0.04894932631959117,0.0745965529941654,27.22774184287037,34.7579740937357,773.6879740937356,True,0.1645885986712754
SPY260821P00777000,2026-07-23 19:40:01+00:00,777.0,40.03,36.75,40.19,0.0,0.0,1.0,3,0.1593101647949218,True,REGULAR,USD,SPY,put,2026-08-21,738.93,2026-07-25T14:32:03.104776+00:00,38.47,3.4399999999999977,0.0894203275279438,1.051520441719784,0.0502371565040199,0.0745965529941654,27.22774184287037,35.75499467890813,774.6849946789081,True,0.16766229637370217
SPY260821P00778000,2026-07-23 13:34:28+00:00,778.0,37.39,37.75,41.19,0.0,0.0,1.0,0,0.16211775390625,True,REGULAR,USD,SPY,put,2026-08-21,738.93,2026-07-25T14:32:03.104776+00:00,39.47,3.4399999999999977,0.08715480111477066,1.0528737498815857,0.05152333031476411,0.0745965529941654,27.22774184287037,36.752015264080455,775.6820152640804,True,0.1707177483063882
SPY260821P00779000,2026-07-06 19:47:06+00:00,779.0,28.28,38.75,42.19,0.0,0.0,4.0,0,0.1649253430175781,True,REGULAR,USD,SPY,put,2026-08-21,738.93,2026-07-25T14:32:03.104776+00:00,40.47,3.4399999999999977,0.08500123548307383,1.0542270580433872,0.05280785200712081,0.0745965529941654,27.22774184287037,37.74903584925278,776.6790358492527,True,0.17375551588211063
SPY260821P00780000,2026-07-24 20:12:38+00:00,780.0,41.73,40.24,42.72,-1.6899986,-3.8922126,500.0,541,0.1560753338623047,True,REGULAR,USD,SPY,put,2026-08-21,738.93,2026-07-25T14:32:03.104776+00:00,41.480000000000004,2.479999999999997,0.05978784956605585,1.0555803662051886,0.0540907258200098,0.0745965529941654,27.22774184287037,38.7460564344251,777.676056434425,True,0.17698804625229686
SPY260821P00781000,2026-07-23 18:20:03+00:00,781.0,44.7,40.75,44.19,0.0,0.0,10.0,0,0.1704184521484375,True,REGULAR,USD,SPY,put,2026-08-21,738.93,2026-07-25T14:32:03.104776+00:00,42.47,3.4399999999999977,0.08099835177772541,1.0569336743669902,0.055371955976058394,0.0745965529941654,27.22774184287037,39.74307701959742,778.6730770195974,True,0.17978008383377647
SPY260821P00782000,2026-07-24 20:12:38+00:00,782.0,43.67,41.75,45.19,-2.0300026,-4.4420185,17.0,15,0.1731650067138672,True,REGULAR,USD,SPY,put,2026-08-21,738.93,2026-07-25T14:32:03.104776+00:00,43.47,3.4399999999999977,0.07913503565677474,1.0582869825287917,0.05665154668168355,0.0745965529941654,27.22774184287037,40.740097604769744,779.6700976047697,True,0.18276785278500368
SPY260821P00783000,2026-07-23 18:20:03+00:00,783.0,45.27,42.77,46.19,0.0,0.0,20.0,2,0.1759115612792968,True,REGULAR,USD,SPY,put,2026-08-21,738.93,2026-07-25T14:32:03.104776+00:00,44.480000000000004,3.4199999999999946,0.07688848920863296,1.0596402906905933,0.05792950212717561,0.0745965529941654,27.22774184287037,41.73711818994218,780.6671181899421,True,0.18595703941123626
SPY260821P00784000,2026-07-16 19:55:54+00:00,784.0,34.09,43.75,47.19,0.0,0.0,2.0,0,0.1785970812988281,True,REGULAR,USD,SPY,put,2026-08-21,738.93,2026-07-25T14:32:03.104776+00:00,45.47,3.4399999999999977,0.07565427754563443,1.0609935988523949,0.059205826486780404,0.0745965529941654,27.22774184287037,42.7341387751145,781.6641387751145,True,0.18869659173744374
SPY260821P00785000,2026-07-14 19:58:23+00:00,785.0,32.74,44.75,48.19,0.0,0.0,1.0,1,0.1812826013183593,True,REGULAR,USD,SPY,put,2026-08-21,738.93,2026-07-25T14:32:03.104776+00:00,46.47,3.4399999999999977,0.07402625349687966,1.0623469070141962,0.060480523918780824,0.0745965529941654,27.22774184287037,43.731159360286824,782.6611593602868,True,0.1916383830485876
SPY260821P00786000,2026-07-21 19:27:41+00:00,786.0,38.48,45.75,49.19,0.0,0.0,2.0,0,0.1839681213378906,True,REGULAR,USD,SPY,put,2026-08-21,738.93,2026-07-25T14:32:03.104776+00:00,47.47,3.4399999999999977,0.07246682115020008,1.0637002151759978,0.06175359856557898,0.0745965529941654,27.22774184287037,44.728179945459146,783.6581799454591,True,0.19456563583517283
SPY260821P00787000,2026-07-14 13:32:15+00:00,787.0,36.99,46.75,50.19,0.0,0.0,6.0,1,0.1866536413574218,True,REGULAR,USD,SPY,put,2026-08-21,738.93,2026-07-25T14:32:03.104776+00:00,48.47,3.4399999999999977,0.07097173509387246,1.0650535233377993,0.0630250545537757,0.0745965529941654,27.22774184287037,45.72520053063147,784.6552005306314,True,0.19747871098462494
SPY260821P00788000,2026-07-23 13:51:39+00:00,788.0,48.0,47.75,51.19,0.0,0.0,4.0,0,0.1892781268310547,True,REGULAR,USD,SPY,put,2026-08-21,738.93,2026-07-25T14:32:03.104776+00:00,49.47,3.4399999999999977,0.06953709318779054,1.066406831499601,0.06429489599425164,0.0745965529941654,27.22774184287037,46.72222111580379,785.6522211158037,True,0.20037795250415105
SPY260821P00789000,2026-07-10 16:18:18+00:00,789.0,35.65,48.75,52.19,0.0,0.0,2.0,0,0.1919331295776367,True,REGULAR,USD,SPY,put,2026-08-21,738.93,2026-07-25T14:32:03.104776+00:00,50.47,3.4399999999999977,0.0681593025559738,1.0677601396614023,0.06556312698224659,0.0745965529941654,27.22774184287037,47.71924170097623,786.6492417009762,True,0.20326368722970184
SPY260821P00790000,2026-07-20 13:37:58+00:00,790.0,41.43,49.75,53.19,0.0,0.0,1.0,0,0.1945881323242187,True,REGULAR,USD,SPY,put,2026-08-21,738.93,2026-07-25T14:32:03.104776+00:00,51.47,3.4399999999999977,0.06683504954342331,1.0691134478232038,0.06682975159743958,0.0745965529941654,27.22774184287037,48.71626228614855,787.6462622861485,True,0.20613622802739223
SPY260821P00791000,2026-07-15 14:18:54+00:00,791.0,35.71,50.75,54.19,0.0,0.0,1.0,0,0.1971821005249023,True,REGULAR,USD,SPY,put,2026-08-21,738.93,2026-07-25T14:32:03.104776+00:00,52.47,3.4399999999999977,0.06556127310844288,1.0704667559850054,0.06809477390402631,0.0745965529941654,27.22774184287037,49.71328287132087,788.6432828713208,True,0.20899587262934816
SPY260821P00792000,2026-07-15 14:14:51+00:00,792.0,37.21,51.75,55.19,0.0,0.0,1.0,0,0.1997760687255859,True,REGULAR,USD,SPY,put,2026-08-21,738.93,2026-07-25T14:32:03.104776+00:00,53.47,3.4399999999999977,0.06433514120067324,1.071820064146807,0.06935819795079834,0.0745965529941654,27.22774184287037,50.71030345649319,789.6403034564931,True,0.21184290654408922
SPY260821P00793000,2026-07-06 16:11:40+00:00,793.0,41.96,52.75,56.19,0.0,0.0,2.0,0,0.2024005541992187,True,REGULAR,USD,SPY,put,2026-08-21,738.93,2026-07-25T14:32:03.104776+00:00,54.47,3.4399999999999977,0.06315402974114187,1.0731733723086085,0.0706200277712205,0.0745965529941654,27.22774184287037,51.707324041665515,790.6373240416655,True,0.21467760160133775
SPY260821P00794000,2026-07-10 16:15:41+00:00,794.0,40.74,53.75,57.19,0.0,0.0,2.0,0,0.2049640051269531,True,REGULAR,USD,SPY,put,2026-08-21,738.93,2026-07-25T14:32:03.104776+00:00,55.47,3.4399999999999977,0.06201550387596895,1.07452668047041,0.07188026738350808,0.0745965529941654,27.22774184287037,52.70434462683784,791.6343446268378,True,0.21750021915343876
SPY260821P00795000,2026-07-06 16:11:41+00:00,795.0,43.95,54.75,58.19,0.0,0.0,2.0,0,0.2075274560546874,True,REGULAR,USD,SPY,put,2026-08-21,738.93,2026-07-25T14:32:03.104776+00:00,56.47,3.4399999999999977,0.06091730122188769,1.0758799886322115,0.0731389207907043,0.0745965529941654,27.22774184287037,53.70136521201016,792.6313652120101,True,0.2203110089112077
SPY260821P00797000,2026-06-23 13:30:21+00:00,797.0,64.0,56.31,59.51,0.0,0.0,1.0,0,0.1927570959472656,True,REGULAR,USD,SPY,put,2026-08-21,738.93,2026-07-25T14:32:03.104776+00:00,57.91,3.1999999999999957,0.05525815921257116,1.0785866049558146,0.07565148492658752,0.0745965529941654,27.22774184287037,55.69540638235492,794.6254063823549,True,0.2118448547541103
SPY260821P00800000,2026-07-24 20:12:38+00:00,800.0,61.24,59.75,63.19,-0.97999954,-1.5750555,100.0,42,0.2202226416015624,True,REGULAR,USD,SPY,put,2026-08-21,738.93,2026-07-25T14:32:03.104776+00:00,61.47,3.4399999999999977,0.05596225801203836,1.082646529441219,0.0794085338042997,0.0745965529941654,27.22774184287037,58.686468137871884,797.6164681378718,True,0.23419560138034284
SPY260821P00805000,2026-07-22 19:58:06+00:00,805.0,56.94,64.75,68.19,0.0,0.0,1.0,0,0.2326736889648437,True,REGULAR,USD,SPY,put,2026-08-21,738.93,2026-07-25T14:32:03.104776+00:00,66.47,3.4399999999999977,0.05175267037761393,1.0894130702502267,0.08563908355493578,0.0745965529941654,27.22774184287037,63.67157106373361,802.6015710637336,True,0.24781672361892826
SPY260821P00810000,2026-07-22 13:49:18+00:00,810.0,62.28,69.75,73.19,0.0,0.0,4.0,0,0.2448195635986328,True,REGULAR,USD,SPY,put,2026-08-21,738.93,2026-07-25T14:32:03.104776+00:00,71.47,3.4399999999999977,0.04813208339163282,1.0961796110592343,0.09183105380285687,0.0745965529941654,27.22774184287037,68.65667398959533,807.5866739895953,True,0.26119648958603714
SPY260821P00815000,2026-07-20 16:24:47+00:00,815.0,67.59,74.75,78.19,0.0,0.0,4.0,0,0.256843369140625,True,REGULAR,USD,SPY,put,2026-08-21,738.93,2026-07-25T14:32:03.104776+00:00,76.47,3.4399999999999977,0.04498496142278015,1.102946151868242,0.09798491937723514,0.0745965529941654,27.22774184287037,73.64177691545706,812.571776915457,True,0.27435348702134965
SPY260821P00820000,2026-07-22 13:49:18+00:00,820.0,72.29,79.75,83.19,0.0,0.0,,0,0.2686230364990234,True,REGULAR,USD,SPY,put,2026-08-21,738.93,2026-07-25T14:32:03.104776+00:00,81.47,3.4399999999999977,0.042224131582177464,1.1097126926772496,0.10410114639467123,0.0745965529941654,27.22774184287037,78.62687984131867,817.5568798413186,True,0.287303547532353
SPY260821P00830000,2026-06-23 15:23:02+00:00,830.0,95.07,89.31,92.51,0.0,0.0,5.0,0,0.2673413110351562,True,REGULAR,USD,SPY,put,2026-08-21,738.93,2026-07-25T14:32:03.104776+00:00,90.91,3.200000000000003,0.03519964800352,1.1232457742952648,0.11622250692701605,0.0745965529941654,27.22774184287037,88.59708569304212,827.5270856930421,True,0.29599044779647277
SPY260821P00850000,2026-06-10 16:38:26+00:00,850.0,119.58,94.13,96.94,0.0,0.0,10.0,0,1.0000000000000004e-05,True,REGULAR,USD,SPY,put,2026-08-21,738.93,2026-07-25T14:32:03.104776+00:00,95.535,2.8100000000000023,0.02941330402470301,1.1503119375312953,0.1400331556207346,0.0745965529941654,27.22774184287037,108.5374973964889,847.4674973964889,False,
SPY260918C00595000,2026-07-17 13:39:02+00:00,595.0,152.01,146.84,150.28,0.0,0.0,1.0,428,0.4537408142089844,True,REGULAR,USD,SPY,call,2026-09-18,738.93,2026-07-25T14:32:03.104776+00:00,148.56,3.4399999999999977,0.02315562735595044,0.8052183562719067,-0.21664178831799777,0.1513088817612887,55.22774184287038,147.5202756145395,738.93,True,0.311621745882337
SPY260918C00600000,2026-07-24 19:01:09+00:00,600.0,143.58,141.96,145.4,1.8800049,1.3267502,5.0,5164,0.4429987341308594,True,REGULAR,USD,SPY,call,2026-09-18,738.93,2026-07-25T14:32:03.104776+00:00,143.68,3.4399999999999977,0.023942093541202657,0.8119848970809144,-0.20827353864748116,0.1513088817612887,55.22774184287038,142.55044599785492,738.93,True,0.3062367490289589
SPY260918C00601000,2026-06-12 13:40:45+00:00,601.0,144.38,157.67,160.46,0.0,0.0,,1,0.666537758483887,True,REGULAR,USD,SPY,call,2026-09-18,738.93,2026-07-25T14:32:03.104776+00:00,159.065,2.7900000000000205,0.017539999371326317,0.8133382052427158,-0.20660825932842003,0.1513088817612887,55.22774184287038,141.55648007451805,738.93,True,0.6335156741627086
SPY260918C00604000,2026-07-13 14:16:49+00:00,604.0,152.57,138.06,141.5,0.0,0.0,,17,0.4344538977050781,True,REGULAR,USD,SPY,call,2026-09-18,738.93,2026-07-25T14:32:03.104776+00:00,139.78,3.4399999999999977,0.024610101588210028,0.8173981297281204,-0.20162899592881262,0.1513088817612887,55.22774184287038,138.57458230450732,738.93,True,0.30184078744818477
SPY260918C00605000,2026-07-17 14:36:25+00:00,605.0,147.23,137.08,140.53,0.0,0.0,1.0,531,0.4323787231445312,True,REGULAR,USD,SPY,call,2026-09-18,738.93,2026-07-25T14:32:03.104776+00:00,138.805,3.4499999999999886,0.02485501242750613,0.818751437889922,-0.19997473583278605,0.1513088817612887,55.22774184287038,137.58061638117044,738.93,True,0.3007034158021761
SPY260918C00610000,2026-07-23 14:54:37+00:00,610.0,134.19,132.22,135.66,0.0,0.0,1.0,427,0.4216976776123047,True,REGULAR,USD,SPY,call,2026-09-18,738.93,2026-07-25T14:32:03.104776+00:00,133.94,3.4399999999999977,0.025683141705241136,0.8255179786989296,-0.19174423669627058,0.1513088817612887,55.22774184287038,132.61078676448585,738.93,True,0.29522843923624753
SPY260918C00611000,2026-06-24 19:53:07+00:00,611.0,131.8,131.24,134.69,0.0,0.0,6.0,1,0.4196225030517578,True,REGULAR,USD,SPY,call,2026-09-18,738.93,2026-07-25T14:32:03.104776+00:00,132.965,3.4499999999999886,0.025946677697138258,0.8268712868607311,-0.19010623469203225,0.1513088817612887,55.22774184287038,131.61682084114898,738.93,True,0.2940019039489311
SPY260918C00614000,2026-07-10 18:12:09+00:00,614.0,146.54,128.33,131.77,0.0,0.0,,3,0.4131833584594726,True,REGULAR,USD,SPY,call,2026-09-18,738.93,2026-07-25T14:32:03.104776+00:00,130.05,3.4399999999999977,0.026451364859669337,0.8309312113461357,-0.1852082657164851,0.1513088817612887,55.22774184287038,128.63492307113825,738.93,True,0.290648872103222
SPY260918C00615000,2026-07-23 18:35:07+00:00,615.0,129.52,127.36,130.8,0.0,0.0,24.0,184,0.4110776666259765,True,REGULAR,USD,SPY,call,2026-09-18,738.93,2026-07-25T14:32:03.104776+00:00,129.08,3.440000000000012,0.02665013944840418,0.8322845195079372,-0.18358092605710963,0.1513088817612887,55.22774184287038,127.64095714780126,738.93,True,0.2895655253048084
SPY260918C00617000,2026-07-15 20:09:55+00:00,617.0,143.54,125.42,128.86,0.0,0.0,1.0,1,0.4068968002319336,True,REGULAR,USD,SPY,call,2026-09-18,738.93,2026-07-25T14:32:03.104776+00:00,127.14000000000001,3.440000000000012,0.0270567877929842,0.8349911358315403,-0.1803341699582397,0.1513088817612887,55.22774184287038,125.65302530112751,738.93,True,0.28734775915235744
SPY260918C00618000,2026-07-23 15:11:34+00:00,618.0,125.32,124.45,127.89,0.0,0.0,46.0,46,0.4047911083984374,True,REGULAR,USD,SPY,call,2026-09-18,738.93,2026-07-25T14:32:03.104776+00:00,126.17,3.4399999999999977,0.02726480145834983,0.8363444439933417,-0.17871473640593682,0.1513088817612887,55.22774184287038,124.65905937779053,738.93,True,0.2862140813637716
SPY260918C00619000,2026-06-25 13:46:33+00:00,619.0,123.33,123.48,126.92,0.0,0.0,,2,0.4026854165649414,True,REGULAR,USD,SPY,call,2026-09-18,738.93,2026-07-25T14:32:03.104776+00:00,125.2,3.4399999999999977,0.027476038338658127,0.8376977521551433,-0.17709792117903145,0.1513088817612887,55.22774184287038,123.66509345445365,738.93,True,0.2850643394281396
SPY260918C00620000,2026-07-24 18:03:06+00:00,620.0,126.55,122.51,125.95,-5.529999,-4.186856,1.0,1168,0.4005797247314453,True,REGULAR,USD,SPY,call,2026-09-18,738.93,2026-07-25T14:32:03.104776+00:00,124.23,3.4399999999999977,0.027690573935442307,0.8390510603169449,-0.17548371582449027,0.1513088817612887,55.22774184287038,122.67112753111678,738.93,True,0.2838988628007565
SPY260918C00621000,2026-07-06 17:00:20+00:00,621.0,136.71,121.54,124.98,0.0,0.0,,1,0.3984740328979492,True,REGULAR,USD,SPY,call,2026-09-18,738.93,2026-07-25T14:32:03.104776+00:00,123.26,3.4399999999999977,0.027908486126886237,0.8404043684787463,-0.17387211193014881,0.1513088817612887,55.22774184287038,121.67716160777991,738.93,True,0.2827179669670812
SPY260918C00622000,2026-07-06 17:09:34+00:00,622.0,136.49,120.57,124.02,0.0,0.0,,1,0.3965209274291992,True,REGULAR,USD,SPY,call,2026-09-18,738.93,2026-07-25T14:32:03.104776+00:00,122.29499999999999,3.450000000000003,0.02821047467189994,0.8417576766405479,-0.17226310112444806,0.1513088817612887,55.22774184287038,120.68319568444292,738.93,True,0.2817015473238007
SPY260918C00623000,2026-07-06 17:12:10+00:00,623.0,135.54,119.61,123.05,0.0,0.0,,5,0.3943847183227539,True,REGULAR,USD,SPY,call,2026-09-18,738.93,2026-07-25T14:32:03.104776+00:00,121.33,3.4399999999999977,0.02835242726448527,0.8431109848023494,-0.17065667507617446,0.1513088817612887,55.22774184287038,119.68922976110605,738.93,True,0.28066525558905864
SPY260918C00624000,2026-07-06 19:58:55+00:00,624.0,134.52,118.64,122.08,0.0,0.0,,2,0.3922790264892578,True,REGULAR,USD,SPY,call,2026-09-18,738.93,2026-07-25T14:32:03.104776+00:00,120.36,3.4399999999999977,0.028580923894981704,0.8444642929641509,-0.16905282549419987,0.1513088817612887,55.22774184287038,118.69526383776918,738.93,True,0.279435223186174
SPY260918C00625000,2026-07-23 15:27:25+00:00,625.0,117.0,117.67,121.12,0.0,0.0,5.0,858,0.3902954037475585,True,REGULAR,USD,SPY,call,2026-09-18,738.93,2026-07-25T14:32:03.104776+00:00,119.39500000000001,3.450000000000003,0.028895682398760437,0.8458176011259525,-0.167451544127226,0.1513088817612887,55.22774184287038,117.70129791443219,738.93,True,0.27836308194232184
SPY260918C00626000,2026-07-14 18:57:28+00:00,626.0,132.57,116.71,120.15,0.0,0.0,,1,0.3881591946411132,True,REGULAR,USD,SPY,call,2026-09-18,738.93,2026-07-25T14:32:03.104776+00:00,118.43,3.440000000000012,0.029046694249767895,0.847170909287754,-0.16585282276352903,0.1513088817612887,55.22774184287038,116.70733199109532,738.93,True,0.2772723282205386
SPY260918C00628000,2026-06-17 17:57:19+00:00,628.0,130.66,115.64,118.99,0.0,0.0,,1,0.3968261001586914,True,REGULAR,USD,SPY,call,2026-09-18,738.93,2026-07-25T14:32:03.104776+00:00,117.315,3.3499999999999943,0.028555598175851293,0.849877525611357,-0.1626630273954289,0.1513088817612887,55.22774184287038,114.71940014442146,738.93,True,0.29928229699995557
SPY260918C00630000,2026-07-23 19:48:52+00:00,630.0,112.74,112.85,116.3,0.0,0.0,1.0,1203,0.3800721173095703,True,REGULAR,USD,SPY,call,2026-09-18,738.93,2026-07-25T14:32:03.104776+00:00,114.57499999999999,3.450000000000003,0.03011128082042333,0.85258414193496,-0.15948337447804922,0.1513088817612887,55.22774184287038,112.73146829774771,738.93,True,0.27289108910049487
SPY260918C00635000,2026-07-23 19:19:50+00:00,635.0,108.54,108.04,111.49,0.0,0.0,41.0,1089,0.369848830871582,True,REGULAR,USD,SPY,call,2026-09-18,738.93,2026-07-25T14:32:03.104776+00:00,109.765,3.4499999999999886,0.03143078394752415,0.8593506827439676,-0.15157819497093594,0.1513088817612887,55.22774184287038,107.76163868106312,738.93,True,0.2672765445614479
SPY260918C00640000,2026-07-22 18:02:14+00:00,640.0,114.82,103.25,106.7,0.0,0.0,1.0,2002,0.359808648071289,True,REGULAR,USD,SPY,call,2026-09-18,738.93,2026-07-25T14:32:03.104776+00:00,104.975,3.450000000000003,0.032864967849488,0.8661172235529753,-0.14373501750991005,0.1513088817612887,55.22774184287038,102.79180906437864,738.93,True,0.2617790253371092
SPY260918C00641000,2026-06-25 14:19:51+00:00,641.0,106.02,102.29,105.74,0.0,0.0,,1,0.3577639907836913,True,REGULAR,USD,SPY,call,2026-09-18,738.93,2026-07-25T14:32:03.104776+00:00,104.015,3.4499999999999886,0.033168293034658354,0.8674705317147768,-0.14217373694295748,0.1513088817612887,55.22774184287038,101.79784314104165,738.93,True,0.26056652507818523
SPY260918C00643000,2026-07-23 17:06:19+00:00,643.0,102.49,100.38,103.83,0.0,0.0,2.0,3,0.3537662280273437,True,REGULAR,USD,SPY,call,2026-09-18,738.93,2026-07-25T14:32:03.104776+00:00,102.10499999999999,3.450000000000003,0.033788746878213635,0.8701771480383799,-0.13905846962600818,0.1513088817612887,55.22774184287038,99.80991129436791,738.93,True,0.25835714839422375
SPY260918C00644000,2026-06-26 19:59:55+00:00,644.0,98.61,99.43,102.88,0.0,0.0,11.0,11,0.3518436398315429,True,REGULAR,USD,SPY,call,2026-09-18,738.93,2026-07-25T14:32:03.104776+00:00,101.155,3.4499999999999886,0.03410607483564815,0.8715304562001814,-0.13750446775927389,0.1513088817612887,55.22774184287038,98.81594537103092,738.93,True,0.25735341510810206
SPY260918C00645000,2026-07-23 18:33:19+00:00,645.0,99.71,98.47,101.92,0.0,0.0,7.0,1029,0.3497379479980468,True,REGULAR,USD,SPY,call,2026-09-18,738.93,2026-07-25T14:32:03.104776+00:00,100.195,3.450000000000003,0.03443285593093471,0.8728837643619829,-0.13595287706785508,0.1513088817612887,55.22774184287038,97.82197944769405,738.93,True,0.2560675574950301
SPY260918C00646000,2026-07-20 19:59:07+00:00,646.0,103.16,97.52,100.97,0.0,0.0,,16,0.3477848425292968,True,REGULAR,USD,SPY,call,2026-09-18,738.93,2026-07-25T14:32:03.104776+00:00,99.245,3.450000000000003,0.034762456546929346,0.8742370725237845,-0.13440369008102568,0.1513088817612887,55.22774184287038,96.82801352435717,738.93,True,0.25502129508100607
SPY260918C00647000,2026-07-17 16:05:26+00:00,647.0,105.87,96.57,100.02,0.0,0.0,1.0,3,0.3458317370605468,True,REGULAR,USD,SPY,call,2026-09-18,738.93,2026-07-25T14:32:03.104776+00:00,98.29499999999999,3.450000000000003,0.03509842820082408,0.8755903806855859,-0.13285689936272704,0.1513088817612887,55.22774184287038,95.83404760102019,738.93,True,0.2539525202765496
SPY260918C00648000,2026-07-24 18:30:47+00:00,648.0,98.16,95.62,99.07,2.1600037,2.2500038,1.0,2,0.3438786315917969,True,REGULAR,USD,SPY,call,2026-09-18,738.93,2026-07-25T14:32:03.104776+00:00,97.345,3.4499999999999886,0.03544095741948727,0.8769436888473875,-0.13131249751135285,0.1513088817612887,55.22774184287038,94.84008167768332,738.93,True,0.25286169321312824
SPY260918C00649000,2026-06-26 18:41:13+00:00,649.0,95.74,94.67,98.12,0.0,0.0,1.0,4,0.3418950088500976,True,REGULAR,USD,SPY,call,2026-09-18,738.93,2026-07-25T14:32:03.104776+00:00,96.39500000000001,3.450000000000003,0.03579023808288814,0.8782969970091891,-0.12977047715953752,0.1513088817612887,55.22774184287038,93.84611575434644,738.93,True,0.2517492484108438
SPY260918C00650000,2026-07-23 17:45:11+00:00,650.0,95.74,93.79,97.18,0.0,0.0,1.0,3338,0.3400639724731445,True,REGULAR,USD,SPY,call,2026-09-18,738.93,2026-07-25T14:32:03.104776+00:00,95.48500000000001,3.3900000000000006,0.03550295857988166,0.8796503051709905,-0.12823083097394478,0.1513088817612887,55.22774184287038,92.85214983100957,738.93,True,0.2515766263509716
SPY260918C00653000,2026-07-07 15:07:54+00:00,653.0,101.9,90.88,94.34,0.0,0.0,,3,0.3342046560668945,True,REGULAR,USD,SPY,call,2026-09-18,738.93,2026-07-25T14:32:03.104776+00:00,92.61,3.460000000000008,0.03736097613648642,0.8837102296563951,-0.12362606458719648,0.1513088817612887,55.22774184287038,89.87025206099884,738.93,True,0.2474379999145141
SPY260918C00654000,2026-06-18 16:00:55+00:00,654.0,104.15,90.85,94.22,0.0,0.0,2.0,11,0.3439091488647461,True,REGULAR,USD,SPY,call,2026-09-18,738.93,2026-07-25T14:32:03.104776+00:00,92.535,3.3700000000000045,0.03641865240179397,0.8850635378181967,-0.12209584240642879,0.1513088817612887,55.22774184287038,88.87628613766185,738.93,True,0.2649238728685852
SPY260918C00655000,2026-07-23 18:25:22+00:00,655.0,90.16,88.99,92.45,0.0,0.0,6.0,1127,0.3302984451293945,True,REGULAR,USD,SPY,call,2026-09-18,738.93,2026-07-25T14:32:03.104776+00:00,90.72,3.460000000000008,0.03813932980599656,0.8864168459799981,-0.12056795822837565,0.1513088817612887,55.22774184287038,87.88232021432498,738.93,True,0.2452046661262653
SPY260918C00656000,2026-06-23 16:57:26+00:00,656.0,94.04,88.97,92.34,0.0,0.0,,1,0.3399724206542969,True,REGULAR,USD,SPY,call,2026-09-18,738.93,2026-07-25T14:32:03.104776+00:00,90.655,3.3700000000000045,0.037173901053444425,0.8877701541417997,-0.11904240491953848,0.1513088817612887,55.22774184287038,86.8883542909881,738.93,True,0.26238576062732794
SPY260918C00660000,2026-07-24 19:10:01+00:00,660.0,85.69,84.33,87.75,1.25,1.4803411,6.0,4231,0.3207160214233397,True,REGULAR,USD,SPY,call,2026-09-18,738.93,2026-07-25T14:32:03.104776+00:00,86.03999999999999,3.4200000000000017,0.03974895397489542,0.8931833867890058,-0.11296335884315634,0.1513088817612887,55.22774184287038,82.91249059764039,738.93,True,0.2401842982860683
SPY260918C00661000,2026-07-17 15:46:37+00:00,661.0,92.22,83.4,86.81,0.0,0.0,1.0,1,0.3187629159545897,True,REGULAR,USD,SPY,call,2026-09-18,738.93,2026-07-25T14:32:03.104776+00:00,85.105,3.4099999999999966,0.04006815110745546,0.8945366949508073,-0.11144935401194123,0.1513088817612887,55.22774184287038,81.91852467430351,738.93,True,0.23912344001295116
SPY260918C00662000,2026-07-20 17:27:04+00:00,662.0,89.9,82.42,85.87,0.0,0.0,1.0,2,0.3167945518493651,True,REGULAR,USD,SPY,call,2026-09-18,738.93,2026-07-25T14:32:03.104776+00:00,84.14500000000001,3.450000000000003,0.04100065363360868,0.8958900031126088,-0.10993763792661937,0.1513088817612887,55.22774184287038,80.92455875096664,738.93,True,0.23752965578615975
SPY260918C00663000,2026-06-12 14:52:46+00:00,663.0,88.94,97.59,100.38,0.0,0.0,,1,0.4956105126953125,True,REGULAR,USD,SPY,call,2026-09-18,738.93,2026-07-25T14:32:03.104776+00:00,98.985,2.789999999999992,0.028186088801333456,0.8972433112744104,-0.10842820367776503,0.1513088817612887,55.22774184287038,79.93059282762965,738.93,True,0.4527731165089486
SPY260918C00665000,2026-07-24 19:28:54+00:00,665.0,79.98,79.67,83.08,-6.149994,-7.1403623,4.0,4602,0.3112404081726074,True,REGULAR,USD,SPY,call,2026-09-18,738.93,2026-07-25T14:32:03.104776+00:00,81.375,3.4099999999999966,0.04190476190476186,0.8999499275980134,-0.10541615320777341,0.1513088817612887,55.22774184287038,77.9426609809559,738.93,True,0.23482692329057575
SPY260918C00667000,2026-06-12 19:36:47+00:00,667.0,87.3,93.79,96.59,0.0,0.0,,1,0.4839834317016602,True,REGULAR,USD,SPY,call,2026-09-18,738.93,2026-07-25T14:32:03.104776+00:00,95.19,2.799999999999997,0.02941485450152324,0.9026565439216164,-0.10241314794800385,0.1513088817612887,55.22774184287038,75.95472913428205,738.93,True,0.4417303365828957
SPY260918C00668000,2026-07-20 15:59:42+00:00,668.0,85.54,76.83,80.29,0.0,0.0,1.0,3,0.3055794540405273,True,REGULAR,USD,SPY,call,2026-09-18,738.93,2026-07-25T14:32:03.104776+00:00,78.56,3.460000000000008,0.04404276985743391,0.904009852083418,-0.1009150203269818,0.1513088817612887,55.22774184287038,74.96076321094517,738.93,True,0.23101573176149115
SPY260918C00669000,2026-06-30 18:38:57+00:00,669.0,88.25,75.91,79.37,0.0,0.0,7.0,25,0.3037789349365234,True,REGULAR,USD,SPY,call,2026-09-18,738.93,2026-07-25T14:32:03.104776+00:00,77.64,3.460000000000008,0.044564657393096445,0.9053631602452195,-0.09941913373539915,0.1513088817612887,55.22774184287038,73.9667972876083,738.93,True,0.23004143553879747
SPY260918C00670000,2026-07-24 17:18:18+00:00,670.0,78.84,75.02,78.44,-7.6200027,-8.813328,4.0,3391,0.3018563467407227,True,REGULAR,USD,SPY,call,2026-09-18,738.93,2026-07-25T14:32:03.104776+00:00,76.72999999999999,3.4200000000000017,0.04457187540727228,0.906716468407021,-0.09792548147861581,0.1513088817612887,55.22774184287038,72.97283136427131,738.93,True,0.22921907117600387
SPY260918C00671000,2026-07-23 15:29:33+00:00,671.0,74.96,74.13,77.52,0.0,0.0,1.0,1,0.3000253103637695,True,REGULAR,USD,SPY,call,2026-09-18,738.93,2026-07-25T14:32:03.104776+00:00,75.82499999999999,3.3900000000000006,0.04470820969337291,0.9080697765688226,-0.0964340568919457,0.1513088817612887,55.22774184287038,71.97886544093444,738.93,True,0.22845169208701854
SPY260918C00672000,2026-07-24 16:53:12+00:00,672.0,77.46,73.2,76.6,-7.2300034,-8.537022,1.0,1,0.2981942739868163,True,REGULAR,USD,SPY,call,2026-09-18,738.93,2026-07-25T14:32:03.104776+00:00,74.9,3.3999999999999915,0.04539385847797051,0.909423084730624,-0.09494485334047802,0.1513088817612887,55.22774184287038,70.98489951759757,738.93,True,0.22729577635706655
SPY260918C00673000,2026-06-23 15:03:39+00:00,673.0,78.36,73.17,76.56,0.0,0.0,,1,0.3072884213256835,True,REGULAR,USD,SPY,call,2026-09-18,738.93,2026-07-25T14:32:03.104776+00:00,74.86500000000001,3.3900000000000006,0.04528150671208175,0.9107763928924256,-0.0934578642188997,0.1513088817612887,55.22774184287038,69.99093359426058,738.93,True,0.24099703277536638
SPY260918C00675000,2026-07-24 16:12:13+00:00,675.0,76.3,70.47,73.85,5.4100037,7.631547,4.0,5732,0.2927316821289061,True,REGULAR,USD,SPY,call,2026-09-18,738.93,2026-07-25T14:32:03.104776+00:00,72.16,3.3799999999999955,0.04684035476718398,0.9134830092160287,-0.09049050299109772,0.1513088817612887,55.22774184287038,68.00300174758684,738.93,True,0.22426867591514965
SPY260918C00676000,2026-07-23 19:58:03+00:00,676.0,71.43,69.53,72.93,0.0,0.0,2.0,1,0.2908396112060546,True,REGULAR,USD,SPY,call,2026-09-18,738.93,2026-07-25T14:32:03.104776+00:00,71.23,3.4000000000000057,0.04773269689737478,0.9148363173778302,-0.0890101178206634,0.1513088817612887,55.22774184287038,67.00903582424985,738.93,True,0.22292178030586002
SPY260918C00677000,2026-07-16 18:04:35+00:00,677.0,82.6,68.55,72.02,0.0,0.0,,30,0.2890696093749999,True,REGULAR,USD,SPY,call,2026-09-18,738.93,2026-07-25T14:32:03.104776+00:00,70.285,3.469999999999999,0.04937042043110193,0.9161896255396317,-0.08753192095135257,0.1513088817612887,55.22774184287038,66.01506990091298,738.93,True,0.22130530149869398
SPY260918C00679000,2026-07-20 17:26:11+00:00,679.0,73.22,66.73,70.2,0.0,0.0,2.0,2,0.2854380538940428,True,REGULAR,USD,SPY,call,2026-09-18,738.93,2026-07-25T14:32:03.104776+00:00,68.465,3.469999999999999,0.05068283064339442,0.9188962418632347,-0.08458206630493145,0.1513088817612887,55.22774184287038,64.02713805423912,738.93,True,0.21915209781562417
SPY260918C00680000,2026-07-24 19:28:18+00:00,680.0,66.8,65.83,69.29,-9.519997,-12.47379,2.0,5010,0.2836070175170897,True,REGULAR,USD,SPY,call,2026-09-18,738.93,2026-07-25T14:32:03.104776+00:00,67.56,3.460000000000008,0.05121373593842522,0.9202495500250363,-0.08311039569347514,0.1513088817612887,55.22774184287038,63.033172130902244,738.93,True,0.2181103820010848
SPY260918C00681000,2026-07-24 13:34:04+00:00,681.0,66.82,64.92,68.39,-8.93,-11.788779,1.0,1,0.2818675329589843,True,REGULAR,USD,SPY,call,2026-09-18,738.93,2026-07-25T14:32:03.104776+00:00,66.655,3.469999999999999,0.05205911034431024,0.9216028581868377,-0.08164088771411523,0.1513088817612887,55.22774184287038,62.03920620756537,738.93,True,0.21703755798150676
SPY260918C00682000,2026-07-21 17:43:40+00:00,682.0,75.48,64.02,67.48,0.0,0.0,3.0,4,0.280005979309082,True,REGULAR,USD,SPY,call,2026-09-18,738.93,2026-07-25T14:32:03.104776+00:00,65.75,3.460000000000008,0.05262357414448681,0.9229561663486393,-0.08017353602016546,0.1513088817612887,55.22774184287038,61.0452402842285,738.93,True,0.2159341120817997
SPY260918C00683000,2026-07-20 15:55:56+00:00,683.0,72.35,63.12,66.58,0.0,0.0,1.0,12,0.2782359774780273,True,REGULAR,USD,SPY,call,2026-09-18,738.93,2026-07-25T14:32:03.104776+00:00,64.85,3.460000000000001,0.05335389360061683,0.9243094745104409,-0.07870833429283744,0.1513088817612887,55.22774184287038,60.05127436089151,738.93,True,0.2148766502250175
SPY260918C00684000,2026-07-24 13:50:30+00:00,684.0,64.23,62.22,65.69,0.5700035,0.89538723,1.0,24,0.2765575274658203,True,REGULAR,USD,SPY,call,2026-09-18,738.93,2026-07-25T14:32:03.104776+00:00,63.955,3.469999999999999,0.05425689938237822,0.9256627826722423,-0.07724527624107712,0.1513088817612887,55.22774184287038,59.05730843755464,738.93,True,0.21386257751415555
SPY260918C00685000,2026-07-23 18:52:23+00:00,685.0,62.56,61.33,64.79,0.0,0.0,3.0,5195,0.2747417497253417,True,REGULAR,USD,SPY,call,2026-09-18,738.93,2026-07-25T14:32:03.104776+00:00,63.06,3.460000000000008,0.05486837932128144,0.9270160908340439,-0.07578435560140223,0.1513088817612887,55.22774184287038,58.063342514217766,738.93,True,0.21281526095960324
SPY260918C00686000,2026-07-02 17:40:27+00:00,686.0,67.59,60.5,63.9,0.0,0.0,1.0,1,0.2730175238037109,True,REGULAR,USD,SPY,call,2026-09-18,738.93,2026-07-25T14:32:03.104776+00:00,62.2,3.3999999999999986,0.05466237942122184,0.9283693989958454,-0.07432556613774237,0.1513088817612887,55.22774184287038,57.06937659088078,738.93,True,0.21224661238949444
SPY260918C00687000,2026-07-06 15:54:11+00:00,687.0,74.0,59.54,63.01,0.0,0.0,,14,0.2712780392456054,True,REGULAR,USD,SPY,call,2026-09-18,738.93,2026-07-25T14:32:03.104776+00:00,61.275,3.469999999999999,0.056629946960424296,0.9297227071576469,-0.07286890164127821,0.1513088817612887,55.22774184287038,56.075410667543906,738.93,True,0.2106950939009924
SPY260918C00688000,2026-06-29 19:02:55+00:00,688.0,65.94,58.68,62.03,0.0,0.0,1.0,6,0.2685162260437011,True,REGULAR,USD,SPY,call,2026-09-18,738.93,2026-07-25T14:32:03.104776+00:00,60.355000000000004,3.3500000000000014,0.055504929169082944,0.9310760153194485,-0.07141435593028383,0.1513088817612887,55.22774184287038,55.08144474420703,738.93,True,0.20919348206889965
SPY260918C00689000,2026-06-30 14:02:17+00:00,689.0,68.1,57.76,61.23,0.0,0.0,2.0,17,0.2677532942199707,True,REGULAR,USD,SPY,call,2026-09-18,738.93,2026-07-25T14:32:03.104776+00:00,59.495,3.469999999999999,0.05832422892680055,0.93242932348125,-0.069961922849969,0.1513088817612887,55.22774184287038,54.08747882087005,738.93,True,0.2085142968817852
SPY260918C00690000,2026-07-24 17:35:16+00:00,690.0,58.56,56.88,60.35,0.63000107,1.0875213,128.0,6215,0.266059585571289,True,REGULAR,USD,SPY,call,2026-09-18,738.93,2026-07-25T14:32:03.104776+00:00,58.615,3.469999999999999,0.05919986351616478,0.9337826316430515,-0.06851159627232245,0.1513088817612887,55.22774184287038,53.093512897533174,738.93,True,0.2075133726968173
SPY260918C00691000,2026-07-23 19:33:25+00:00,691.0,57.07,55.99,59.46,0.0,0.0,1.0,2,0.2642438078308105,True,REGULAR,USD,SPY,call,2026-09-18,738.93,2026-07-25T14:32:03.104776+00:00,57.725,3.469999999999999,0.06011260285838023,0.935135939804853,-0.06706337009595768,0.1513088817612887,55.22774184287038,52.0995469741963,738.93,True,0.2063395214438951
SPY260918C00692000,2026-07-13 13:35:29+00:00,692.0,71.2,55.19,58.58,0.0,0.0,,1,0.2625195819091797,True,REGULAR,USD,SPY,call,2026-09-18,738.93,2026-07-25T14:32:03.104776+00:00,56.885,3.3900000000000006,0.05959391755295773,0.9364892479666546,-0.06561723824595797,0.1513088817612887,55.22774184287038,51.105581050859314,738.93,True,0.2058098565737715
SPY260918C00693000,2026-07-20 16:01:02+00:00,693.0,63.0,54.23,57.7,0.0,0.0,,4,0.260749580078125,True,REGULAR,USD,SPY,call,2026-09-18,738.93,2026-07-25T14:32:03.104776+00:00,55.965,3.470000000000006,0.06200303761279381,0.9378425561284561,-0.06417319467372426,0.1513088817612887,55.22774184287038,50.11161512752244,738.93,True,0.20416369302962978
SPY260918C00694000,2026-07-02 13:41:49+00:00,694.0,67.36,53.36,56.83,0.0,0.0,2.0,5,0.2591016473388672,True,REGULAR,USD,SPY,call,2026-09-18,738.93,2026-07-25T14:32:03.104776+00:00,55.095,3.469999999999999,0.06298212178963607,0.9391958642902576,-0.06273123335682305,0.1513088817612887,55.22774184287038,49.11764920418557,738.93,True,0.20315573561440042
SPY260918C00695000,2026-07-24 19:52:41+00:00,695.0,53.8,52.49,55.96,-10.060001,-15.753213,7.0,8615,0.2573926800537109,True,REGULAR,USD,SPY,call,2026-09-18,738.93,2026-07-25T14:32:03.104776+00:00,54.225,3.469999999999999,0.0639926233287229,0.9405491724520592,-0.061291348298835376,0.1513088817612887,55.22774184287038,48.12368328084858,738.93,True,0.20211037716516955
SPY260918C00696000,2026-06-23 18:21:30+00:00,696.0,57.58,52.6,56.0,0.0,0.0,,7,0.2653424296569824,True,REGULAR,USD,SPY,call,2026-09-18,738.93,2026-07-25T14:32:03.104776+00:00,54.3,3.3999999999999986,0.06261510128913442,0.9419024806138606,-0.059853533529207935,0.1513088817612887,55.22774184287038,47.12971735751171,738.93,True,0.21294707989389303
SPY260918C00697000,2026-06-30 13:48:24+00:00,697.0,59.69,50.75,54.22,0.0,0.0,,3,0.2539442282104492,True,REGULAR,USD,SPY,call,2026-09-18,738.93,2026-07-25T14:32:03.104776+00:00,52.485,3.469999999999999,0.06611412784605124,0.9432557887756622,-0.058417783103103645,0.1513088817612887,55.22774184287038,46.135751434174836,738.93,True,0.1999093580810096
SPY260918C00698000,2026-07-22 16:24:58+00:00,698.0,61.43,49.89,53.32,0.0,0.0,2.0,20,0.2518537950134277,True,REGULAR,USD,SPY,call,2026-09-18,738.93,2026-07-25T14:32:03.104776+00:00,51.605000000000004,3.4299999999999997,0.06646642767173723,0.9446090969374636,-0.05698409110125513,0.1513088817612887,55.22774184287038,45.14178551083796,738.93,True,0.19862892614844546
SPY260918C00699000,2026-07-20 16:03:01+00:00,699.0,57.52,49.03,52.5,0.0,0.0,1.0,14,0.2505873281860351,True,REGULAR,USD,SPY,call,2026-09-18,738.93,2026-07-25T14:32:03.104776+00:00,50.765,3.469999999999999,0.06835418103023734,0.9459624050992652,-0.0555524516298173,0.1513088817612887,55.22774184287038,44.147819587500976,738.93,True,0.19781209616894468
SPY260918C00700000,2026-07-24 20:11:27+00:00,700.0,50.1,48.17,51.64,0.12999725,0.26015058,84.0,9966,0.2488783609008789,True,REGULAR,USD,SPY,call,2026-09-18,738.93,2026-07-25T14:32:03.104776+00:00,49.905,3.469999999999999,0.06953211101092073,0.9473157132610668,-0.05412285882022283,0.1513088817612887,55.22774184287038,43.1538536641641,738.93,True,0.1967058210864448
SPY260918C00701000,2026-07-23 14:48:11+00:00,701.0,50.09,47.31,50.79,0.0,0.0,1.0,43,0.2472304281616211,True,REGULAR,USD,SPY,call,2026-09-18,738.93,2026-07-25T14:32:03.104776+00:00,49.05,3.479999999999997,0.07094801223241584,0.9486690214228682,-0.05269530682903748,0.1513088817612887,55.22774184287038,42.15988774082723,738.93,True,0.19562219838377382
SPY260918C00702000,2026-07-17 14:24:30+00:00,702.0,56.56,46.46,49.94,0.0,0.0,2.0,11,0.2455672367858886,True,REGULAR,USD,SPY,call,2026-09-18,738.93,2026-07-25T14:32:03.104776+00:00,48.2,3.479999999999997,0.07219917012448127,0.9500223295846698,-0.0512697898378164,0.1513088817612887,55.22774184287038,41.16592181749024,738.93,True,0.19455945476489667
SPY260918C00703000,2026-07-16 15:06:48+00:00,703.0,61.2,45.61,49.09,0.0,0.0,2.0,6,0.243873528137207,True,REGULAR,USD,SPY,call,2026-09-18,738.93,2026-07-25T14:32:03.104776+00:00,47.35,3.480000000000004,0.07349524815205921,0.9513756377464713,-0.049846302052962685,0.1513088817612887,55.22774184287038,40.17195589415337,738.93,True,0.1934567443188382
SPY260918C00704000,2026-07-20 16:06:48+00:00,704.0,53.08,44.77,48.24,0.0,0.0,1.0,3,0.2421493022155761,True,REGULAR,USD,SPY,call,2026-09-18,738.93,2026-07-25T14:32:03.104776+00:00,46.505,3.469999999999999,0.07461563272766367,0.9527289459082728,-0.048424837705585144,0.1513088817612887,55.22774184287038,39.1779899708165,738.93,True,0.19237289024076132
SPY260918C00705000,2026-07-24 15:50:32+00:00,705.0,48.49,43.92,47.4,3.290001,7.278763,1.0,8832,0.2405013694763183,True,REGULAR,USD,SPY,call,2026-09-18,738.93,2026-07-25T14:32:03.104776+00:00,45.66,3.479999999999997,0.07621550591327195,0.9540822540700744,-0.04700539105135884,0.1513088817612887,55.22774184287038,38.18402404747951,738.93,True,0.19124845087922965
SPY260918C00706000,2026-07-24 19:36:27+00:00,706.0,44.68,43.16,46.56,-15.32,-25.533333,3.0,1,0.2388229194641113,True,REGULAR,USD,SPY,call,2026-09-18,738.93,2026-07-25T14:32:03.104776+00:00,44.86,3.4000000000000057,0.0757913508693715,0.9554355622318759,-0.045587956370385485,0.1513088817612887,55.22774184287038,37.19005812414264,738.93,True,0.19059769838255503
SPY260918C00707000,2026-07-22 14:00:24+00:00,707.0,52.37,42.25,45.73,0.0,0.0,3.0,22,0.2372207626342773,True,REGULAR,USD,SPY,call,2026-09-18,738.93,2026-07-25T14:32:03.104776+00:00,43.989999999999995,3.479999999999997,0.07910888838372351,0.9567888703936774,-0.04417252796705476,0.1513088817612887,55.22774184287038,36.196092200805765,738.93,True,0.18910510873609943
SPY260918C00708000,2026-07-20 16:07:54+00:00,708.0,50.08,41.42,44.89,0.0,0.0,1.0,17,0.2354660194396972,True,REGULAR,USD,SPY,call,2026-09-18,738.93,2026-07-25T14:32:03.104776+00:00,43.155,3.469999999999999,0.08040783223264972,0.9581421785554789,-0.042759100169907825,0.1513088817612887,55.22774184287038,35.20212627746878,738.93,True,0.18797004589649913
SPY260918C00709000,2026-07-13 14:04:08+00:00,709.0,55.67,40.67,44.07,0.0,0.0,1.0,3,0.2338943798828124,True,REGULAR,USD,SPY,call,2026-09-18,738.93,2026-07-25T14:32:03.104776+00:00,42.370000000000005,3.3999999999999986,0.08024545669105496,0.9594954867172805,-0.04134766733150004,0.1513088817612887,55.22774184287038,34.208160354131905,738.93,True,0.18734551288991994
SPY260918C00710000,2026-07-24 18:36:39+00:00,710.0,41.49,39.77,43.24,-0.4299965,-1.025755,5.0,6636,0.2321854125976562,True,REGULAR,USD,SPY,call,2026-09-18,738.93,2026-07-25T14:32:03.104776+00:00,41.505,3.469999999999999,0.08360438501385371,0.960848794879082,-0.03993822382826639,0.1513088817612887,55.22774184287038,33.21419443079503,738.93,True,0.18579330507733144
SPY260918C00711000,2026-07-23 19:33:25+00:00,711.0,40.22,38.95,42.42,0.0,0.0,1.0,21,0.2305374798583984,True,REGULAR,USD,SPY,call,2026-09-18,738.93,2026-07-25T14:32:03.104776+00:00,40.685,3.469999999999999,0.08528941870468228,0.9622021030408835,-0.038530764060386684,0.1513088817612887,55.22774184287038,32.22022850745816,738.93,True,0.18469336677056952
SPY260918C00712000,2026-07-23 19:57:20+00:00,712.0,40.0,38.13,41.61,0.0,0.0,7.0,7,0.2289658403015136,True,REGULAR,USD,SPY,call,2026-09-18,738.93,2026-07-25T14:32:03.104776+00:00,39.870000000000005,3.479999999999997,0.08728367193378471,0.9635554112026851,-0.037125282451651746,0.1513088817612887,55.22774184287038,31.226262584121173,738.93,True,0.18360239360594854
SPY260918C00713000,2026-06-29 13:57:39+00:00,713.0,42.55,37.32,40.8,0.0,0.0,1.0,2,0.227348424835205,True,REGULAR,USD,SPY,call,2026-09-18,738.93,2026-07-25T14:32:03.104776+00:00,39.06,3.479999999999997,0.08909370199692772,0.9649087193644865,-0.03572177344933164,0.1513088817612887,55.22774184287038,30.2322966607843,738.93,True,0.18251896997343803
SPY260918C00714000,2026-07-22 16:08:57+00:00,714.0,47.27,36.51,39.96,0.0,0.0,4.0,9,0.2254105780029296,True,REGULAR,USD,SPY,call,2026-09-18,738.93,2026-07-25T14:32:03.104776+00:00,38.235,3.450000000000003,0.09023146331894868,0.9662620275262881,-0.03432023152404314,0.1513088817612887,55.22774184287038,29.238330737447427,738.93,True,0.18123193598377435
SPY260918C00715000,2026-07-24 16:22:11+00:00,715.0,40.86,35.71,39.19,3.8300018,10.342971,3.0,12910,0.2241135939025878,True,REGULAR,USD,SPY,call,2026-09-18,738.93,2026-07-25T14:32:03.104776+00:00,37.45,3.479999999999997,0.09292389853137507,0.9676153356880896,-0.032920651169619945,0.1513088817612887,55.22774184287038,28.24436481411044,738.93,True,0.18031735673469812
SPY260918C00716000,2026-07-22 16:46:30+00:00,716.0,45.53,34.91,38.32,0.0,0.0,5.0,112,0.2218247984313964,True,REGULAR,USD,SPY,call,2026-09-18,738.93,2026-07-25T14:32:03.104776+00:00,36.614999999999995,3.4100000000000037,0.09313123037006703,0.9689686438498911,-0.031523026902981935,0.1513088817612887,55.22774184287038,27.250398890773567,738.93,True,0.17883753071605582
SPY260918C00717000,2026-07-23 18:10:25+00:00,717.0,35.61,34.12,37.54,0.0,0.0,1.0,28,0.2203447106933593,True,REGULAR,USD,SPY,call,2026-09-18,738.93,2026-07-25T14:32:03.104776+00:00,35.83,3.4200000000000017,0.09545073960368411,0.9703219520116927,-0.030127353264007145,0.1513088817612887,55.22774184287038,26.256432967436695,738.93,True,0.17782617790312527
SPY260918C00718000,2026-07-23 19:59:15+00:00,718.0,36.41,33.32,36.76,0.0,0.0,2.0,15,0.218834105682373,True,REGULAR,USD,SPY,call,2026-09-18,738.93,2026-07-25T14:32:03.104776+00:00,35.04,3.4399999999999977,0.0981735159817351,0.9716752601734941,-0.02873362481540339,0.1513088817612887,55.22774184287038,25.262467044099708,738.93,True,0.17671373251876427
SPY260918C00719000,2026-07-22 16:55:07+00:00,719.0,42.91,33.13,35.52,0.0,0.0,2.0,47,0.2130205651855468,True,REGULAR,USD,SPY,call,2026-09-18,738.93,2026-07-25T14:32:03.104776+00:00,34.325,2.3900000000000006,0.06962855061908231,0.9730285683352957,-0.027341836142580837,0.1513088817612887,55.22774184287038,24.268501120762835,738.93,True,0.1763013759980435
SPY260918C00720000,2026-07-24 18:48:17+00:00,720.0,33.51,33.28,34.16,-0.84000015,-2.4454155,21.0,17401,0.2060931442260741,True,REGULAR,USD,SPY,call,2026-09-18,738.93,2026-07-25T14:32:03.104776+00:00,33.72,0.8799999999999955,0.02609727164887294,0.9743818764970972,-0.025951981853526596,0.1513088817612887,55.22774184287038,23.274535197425962,738.93,True,0.17691307130757572
SPY260918C00721000,2026-07-24 19:37:10+00:00,721.0,32.65,31.57,33.95,-7.5999985,-18.881985,1.0,74,0.2097399583435058,True,REGULAR,USD,SPY,call,2026-09-18,738.93,2026-07-25T14:32:03.104776+00:00,32.760000000000005,2.3800000000000026,0.07264957264957271,0.9757351846588987,-0.024564056578678467,0.1513088817612887,55.22774184287038,22.280569274088975,738.93,True,0.17396332854050295
SPY260918C00722000,2026-07-20 18:43:07+00:00,722.0,36.14,30.81,33.18,0.0,0.0,1.0,55,0.208168318786621,True,REGULAR,USD,SPY,call,2026-09-18,738.93,2026-07-25T14:32:03.104776+00:00,31.994999999999997,2.370000000000001,0.07407407407407411,0.9770884928207003,-0.02317805497080127,0.1513088817612887,55.22774184287038,21.286603350752102,738.93,True,0.17288885273335772
SPY260918C00723000,2026-07-24 14:46:03+00:00,723.0,30.58,30.04,32.41,-7.949999,-20.63327,1.0,15,0.206566161956787,True,REGULAR,USD,SPY,call,2026-09-18,738.93,2026-07-25T14:32:03.104776+00:00,31.224999999999998,2.3699999999999974,0.07590072057646109,0.9784418009825018,-0.02179397170486288,0.1513088817612887,55.22774184287038,20.29263742741523,738.93,True,0.17171270489763354
SPY260918C00724000,2026-07-24 16:09:29+00:00,724.0,33.62,29.29,31.65,2.4799995,7.964032,2.0,7,0.2050097810363769,True,REGULAR,USD,SPY,call,2026-09-18,738.93,2026-07-25T14:32:03.104776+00:00,30.47,2.3599999999999994,0.07745323268788971,0.9797951091443033,-0.020411801477911152,0.1513088817612887,55.22774184287038,19.298671504078243,738.93,True,0.1706274995289789
SPY260918C00725000,2026-07-24 18:44:17+00:00,725.0,29.46,29.12,30.28,0.54999924,1.9024532,38.0,17634,0.1978992564392089,True,REGULAR,USD,SPY,call,2026-09-18,738.93,2026-07-25T14:32:03.104776+00:00,29.700000000000003,1.1600000000000001,0.03905723905723906,0.9811484173061048,-0.019031539008952807,0.1513088817612887,55.22774184287038,18.30470558074137,738.93,True,0.16934475762585333
SPY260918C00726000,2026-07-23 19:28:44+00:00,726.0,28.86,27.79,30.14,0.0,0.0,2.0,131,0.2018359846496581,True,REGULAR,USD,SPY,call,2026-09-18,738.93,2026-07-25T14:32:03.104776+00:00,28.965,2.3500000000000014,0.08113240117383054,0.9825017254679064,-0.01765317903883145,0.1513088817612887,55.22774184287038,17.310739657404497,738.93,True,0.16833898910927486
SPY260918C00727000,2026-07-21 15:02:56+00:00,727.0,33.99,27.06,29.39,0.0,0.0,14.0,29,0.2002185691833495,True,REGULAR,USD,SPY,call,2026-09-18,738.93,2026-07-25T14:32:03.104776+00:00,28.225,2.330000000000002,0.08255093002657225,0.9838550336297079,-0.016276716330108125,0.1513088817612887,55.22774184287038,16.316773734067624,738.93,True,0.16722829111854498
SPY260918C00728000,2026-07-24 16:31:56+00:00,728.0,30.02,26.32,28.65,0.75,2.5623505,1.0,52,0.1986469296264648,True,REGULAR,USD,SPY,call,2026-09-18,738.93,2026-07-25T14:32:03.104776+00:00,27.485,2.3299999999999983,0.08477351282517731,0.9852083417915094,-0.014902145666941587,0.1513088817612887,55.22774184287038,15.322807810730637,738.93,True,0.16606001150181116
SPY260918C00729000,2026-07-23 19:54:30+00:00,729.0,26.22,25.6,27.91,0.0,0.0,7.0,75,0.1970295141601562,True,REGULAR,USD,SPY,call,2026-09-18,738.93,2026-07-25T14:32:03.104776+00:00,26.755000000000003,2.3099999999999987,0.08633900205569046,0.986561649953311,-0.013529461854969362,0.1513088817612887,55.22774184287038,14.328841887393764,738.93,True,0.16492620507432038
SPY260918C00730000,2026-07-24 19:49:18+00:00,730.0,25.6,25.88,26.4,-1.3999996,-5.185184,170.0,30474,0.188560970916748,True,REGULAR,USD,SPY,call,2026-09-18,738.93,2026-07-25T14:32:03.104776+00:00,26.14,0.5199999999999996,0.019892884468247878,0.9879149581151124,-0.012158659721190764,0.1513088817612887,55.22774184287038,13.334875964056891,738.93,True,0.16478756464009325
SPY260918C00731000,2026-07-24 15:46:59+00:00,731.0,27.58,24.17,26.46,2.2000008,8.668246,2.0,297,0.1939167523193359,True,REGULAR,USD,SPY,call,2026-09-18,738.93,2026-07-25T14:32:03.104776+00:00,25.315,2.289999999999999,0.090460201461584,0.989268266276914,-0.010789734113849028,0.1513088817612887,55.22774184287038,12.340910040719905,738.93,True,0.16266237542550327
SPY260918C00732000,2026-07-24 15:14:38+00:00,732.0,26.5,23.46,25.74,1.8199997,7.374391,3.0,95,0.1923145954895019,True,REGULAR,USD,SPY,call,2026-09-18,738.93,2026-07-25T14:32:03.104776+00:00,24.6,2.2799999999999976,0.0926829268292682,0.9906215744387155,-0.009422679902316038,0.1513088817612887,55.22774184287038,11.346944117383032,738.93,True,0.16148404174702982
SPY260918C00733000,2026-07-24 19:32:27+00:00,733.0,23.62,22.76,25.03,-0.61999893,-2.5577514,10.0,688,0.1907429559326172,True,REGULAR,USD,SPY,call,2026-09-18,738.93,2026-07-25T14:32:03.104776+00:00,23.895000000000003,2.2699999999999996,0.09499895375601587,0.991974882600517,-0.008057491976976059,0.1513088817612887,55.22774184287038,10.352978194046159,738.93,True,0.16033353394425254
SPY260918C00734000,2026-07-24 15:37:15+00:00,734.0,25.1,22.56,23.77,1.7000008,7.264961,233.0,305,0.1843343286132812,True,REGULAR,USD,SPY,call,2026-09-18,738.93,2026-07-25T14:32:03.104776+00:00,23.165,1.2100000000000009,0.052233973667170336,0.9933281907623186,-0.006694165249111924,0.1513088817612887,55.22774184287038,9.359012270709172,738.93,True,0.15889494338850738
SPY260918C00735000,2026-07-24 20:02:40+00:00,735.0,22.5,22.35,22.78,-0.95000076,-4.0511756,579.0,12529,0.1802144967651367,True,REGULAR,USD,SPY,call,2026-09-18,738.93,2026-07-25T14:32:03.104776+00:00,22.565,0.4299999999999997,0.019056060270330143,0.9946814989241201,-0.005332694650790894,0.1513088817612887,55.22774184287038,8.3650463473723,738.93,True,0.15855439269704308
SPY260918C00736000,2026-07-24 20:07:01+00:00,736.0,21.73,20.72,22.94,-0.7200012,-3.2071323,25.0,428,0.1860738131713867,True,REGULAR,USD,SPY,call,2026-09-18,738.93,2026-07-25T14:32:03.104776+00:00,21.83,2.2200000000000024,0.1016949152542374,0.9960348070859216,-0.003973075134751286,0.1513088817612887,55.22774184287038,7.371080424035426,738.93,True,0.15694050354819325
SPY260918C00737000,2026-07-24 19:53:48+00:00,737.0,20.93,20.65,21.7,-0.5,-2.3331778,52.0,407,0.1796651858520507,True,REGULAR,USD,SPY,call,2026-09-18,738.93,2026-07-25T14:32:03.104776+00:00,21.174999999999997,1.0500000000000007,0.049586776859504175,0.9973881152477231,-0.0026153016742909863,0.1513088817612887,55.22774184287038,6.37711450069844,738.93,True,0.15597091123115633
SPY260918C00738000,2026-07-24 20:04:18+00:00,738.0,20.34,20.45,20.5,-0.52000046,-2.4928114,168.0,477,0.1735769898986816,True,REGULAR,USD,SPY,call,2026-09-18,738.93,2026-07-25T14:32:03.104776+00:00,20.475,0.05000000000000071,0.0024420024420024767,0.9987414234095247,-0.0012593692631550479,0.1513088817612887,55.22774184287038,5.383148577361567,738.93,True,0.15453398163068321
SPY260918C00739000,2026-07-24 20:00:23+00:00,739.0,19.9,19.79,19.85,-0.7900009,-3.818274,225.0,657,0.1721884539794922,False,REGULAR,USD,SPY,call,2026-09-18,738.93,2026-07-25T14:32:03.104776+00:00,19.82,0.060000000000002274,0.0030272452068618705,1.0000947315713262,9.472708457427596e-05,0.1513088817612887,55.22774184287038,4.389182654024694,738.93,True,0.15342412939709726
SPY260918C00740000,2026-07-24 20:13:14+00:00,740.0,19.18,19.15,19.2,-0.9599991,-4.766629,812.0,9964,0.1707388835144043,False,REGULAR,USD,SPY,call,2026-09-18,738.93,2026-07-25T14:32:03.104776+00:00,19.174999999999997,0.05000000000000071,0.0026075619295958656,1.0014480397331278,0.0014469923345879852,0.1513088817612887,55.22774184287038,3.3952167306877072,738.93,True,0.1523297545774528
SPY260918C00741000,2026-07-24 19:46:21+00:00,741.0,18.44,18.51,18.56,-1.0299988,-5.290184,294.0,483,0.1692893130493164,False,REGULAR,USD,SPY,call,2026-09-18,738.93,2026-07-25T14:32:03.104776+00:00,18.535,0.04999999999999716,0.002697599136768123,1.0028013478949291,0.002797431432459259,0.1513088817612887,55.22774184287038,2.4012508073508343,738.93,True,0.15120538797548272
SPY260918C00742000,2026-07-24 19:38:17+00:00,742.0,17.87,17.88,17.93,-0.8299999,-4.438502,324.0,831,0.1678855184936523,False,REGULAR,USD,SPY,call,2026-09-18,738.93,2026-07-25T14:32:03.104776+00:00,17.905,0.05000000000000071,0.002792516056967367,1.0041546560567307,0.0041460493037528655,0.1513088817612887,55.22774184287038,1.4072848840139613,738.93,True,0.1500932720464166
SPY260918C00743000,2026-07-24 20:08:38+00:00,743.0,17.14,17.26,17.31,-0.09000015,-0.5223456,291.0,334,0.1664664653015137,False,REGULAR,USD,SPY,call,2026-09-18,738.93,2026-07-25T14:32:03.104776+00:00,17.285,0.04999999999999716,0.0028926815157649497,1.0055079642185323,0.005492850854131627,0.1513088817612887,55.22774184287038,0.4133189606770884,738.93,True,0.14899171382077542
SPY260918C00744000,2026-07-24 19:38:18+00:00,744.0,16.62,16.64,16.7,-0.0099983215,-0.0601222,41.0,518,0.1650779293823242,False,REGULAR,USD,SPY,call,2026-09-18,738.93,2026-07-25T14:32:03.104776+00:00,16.67,0.05999999999999872,0.0035992801439711287,1.0068612723803338,0.006837840969464374,0.1513088817612887,55.22774184287038,0.0,738.93,True,0.14785544390004837
SPY260918C00745000,2026-07-24 20:09:35+00:00,745.0,15.96,16.04,16.09,-0.99999905,-5.896221,443.0,16917,0.1636131002807617,False,REGULAR,USD,SPY,call,2026-09-18,738.93,2026-07-25T14:32:03.104776+00:00,16.064999999999998,0.05000000000000071,0.0031123560535325687,1.0082145805421354,0.008181024515932068,0.1513088817612887,55.22774184287038,0.0,738.93,True,0.14672644629750212
SPY260918C00746000,2026-07-24 19:38:19+00:00,746.0,15.43,15.45,15.5,0.4800005,3.2107055,72.0,507,0.1622398229980468,False,REGULAR,USD,SPY,call,2026-09-18,738.93,2026-07-25T14:32:03.104776+00:00,15.475,0.05000000000000071,0.0032310177705977845,1.0095678887039368,0.00952240634013323,0.1513088817612887,55.22774184287038,0.0,738.93,True,0.1456466644265684
SPY260918C00747000,2026-07-24 20:05:34+00:00,747.0,14.76,14.87,14.92,-0.10999966,-0.73974216,100.0,1328,0.160866545715332,False,REGULAR,USD,SPY,call,2026-09-18,738.93,2026-07-25T14:32:03.104776+00:00,14.895,0.05000000000000071,0.0033568311513931326,1.0109211968657383,0.010861991269189731,0.1513088817612887,55.22774184287038,0.0,738.93,True,0.14457089902895354
SPY260918C00748000,2026-07-24 20:05:34+00:00,748.0,14.21,14.3,14.35,-0.9399996,-6.204618,81.0,1357,0.1595085270690918,False,REGULAR,USD,SPY,call,2026-09-18,738.93,2026-07-25T14:32:03.104776+00:00,14.325,0.049999999999998934,0.0034904013961604844,1.01227450502754,0.012199784110849713,0.1513088817612887,55.22774184287038,0.0,738.93,True,0.1434975729684005
SPY260918C00749000,2026-07-24 19:52:23+00:00,749.0,13.47,13.74,13.79,-0.30999947,-2.2496333,207.0,1396,0.1581505084228515,False,REGULAR,USD,SPY,call,2026-09-18,738.93,2026-07-25T14:32:03.104776+00:00,13.765,0.049999999999998934,0.0036324010170722073,1.0136278131893415,0.013535789653591992,0.1513088817612887,55.22774184287038,0.0,738.93,True,0.1424251176942806
SPY260918C00750000,2026-07-24 20:14:16+00:00,750.0,13.25,13.2,13.24,-0.78999996,-5.6267805,562.0,35820,0.1568077484130859,False,REGULAR,USD,SPY,call,2026-09-18,738.93,2026-07-25T14:32:03.104776+00:00,13.219999999999999,0.040000000000000924,0.0030257186081695106,1.014981121351143,0.014870012666728685,0.1513088817612887,55.22774184287038,0.0,738.93,True,0.14139595697865093
SPY260918C00752000,2026-07-24 19:03:55+00:00,752.0,12.04,12.13,12.18,0.029999733,0.24978961,98.0,1222,0.1541985215759277,False,REGULAR,USD,SPY,call,2026-09-18,738.93,2026-07-25T14:32:03.104776+00:00,12.155000000000001,0.049999999999998934,0.0041135335252981435,1.017687737674746,0.017533130086212254,0.1513088817612887,55.22774184287038,0.0,738.93,True,0.1392859948851104
SPY260918C00753000,2026-07-24 19:32:28+00:00,753.0,11.48,11.62,11.66,-0.7800007,-6.362159,58.0,690,0.1528405029296875,False,REGULAR,USD,SPY,call,2026-09-18,738.93,2026-07-25T14:32:03.104776+00:00,11.64,0.040000000000000924,0.0034364261168385673,1.0190410458365475,0.018862033936266055,0.1513088817612887,55.22774184287038,0.0,738.93,True,0.13824633845720224
SPY260918C00754000,2026-07-24 19:03:56+00:00,754.0,11.01,11.11,11.16,-0.3800001,-3.3362608,77.0,1019,0.1515892947387695,False,REGULAR,USD,SPY,call,2026-09-18,738.93,2026-07-25T14:32:03.104776+00:00,11.135,0.05000000000000071,0.004490345756623324,1.020394353998349,0.02018917414432859,0.1513088817612887,55.22774184287038,0.0,738.93,True,0.13720022098022494
SPY260918C00755000,2026-07-24 19:59:55+00:00,755.0,10.85,10.63,10.67,-0.5099993,-4.4894304,367.0,15328,0.1503228279113769,False,REGULAR,USD,SPY,call,2026-09-18,738.93,2026-07-25T14:32:03.104776+00:00,10.65,0.03999999999999915,0.0037558685446008586,1.0217476621601504,0.021514555385397052,0.1513088817612887,55.22774184287038,0.0,738.93,True,0.13623643342101158
SPY260918C00756000,2026-07-24 19:32:28+00:00,756.0,10.03,10.15,10.2,-0.28999996,-2.8100772,55.0,916,0.149147912902832,False,REGULAR,USD,SPY,call,2026-09-18,738.93,2026-07-25T14:32:03.104776+00:00,10.175,0.049999999999998934,0.004914004914004809,1.023100970321952,0.02283818231590539,0.1513088817612887,55.22774184287038,0.0,738.93,True,0.13526445895592826
SPY260918C00757000,2026-07-24 19:03:48+00:00,757.0,9.61,9.69,9.73,-0.25,-2.535497,304.0,1217,0.1478661874389648,False,REGULAR,USD,SPY,call,2026-09-18,738.93,2026-07-25T14:32:03.104776+00:00,9.71,0.040000000000000924,0.004119464469619044,1.0244542784837536,0.024160059573821214,0.1513088817612887,55.22774184287038,0.0,738.93,True,0.13428293305215677
SPY260918C00758000,2026-07-24 19:29:15+00:00,758.0,9.01,9.23,9.28,-0.3199997,-3.4297931,126.0,715,0.1466760137939453,False,REGULAR,USD,SPY,call,2026-09-18,738.93,2026-07-25T14:32:03.104776+00:00,9.254999999999999,0.049999999999998934,0.005402485143165742,1.0258075866455552,0.025480191778744138,0.1513088817612887,55.22774184287038,0.0,738.93,True,0.13329045727092328
SPY260918C00759000,2026-07-24 19:03:55+00:00,759.0,8.66,8.79,8.84,-0.39000034,-4.3093963,51.0,598,0.1454705815124511,False,REGULAR,USD,SPY,call,2026-09-18,738.93,2026-07-25T14:32:03.104776+00:00,8.815,0.05000000000000071,0.005672149744753343,1.0271608948073567,0.026798583532002453,0.1513088817612887,55.22774184287038,0.0,738.93,True,0.1323324113142343
SPY260918C00760000,2026-07-24 19:43:10+00:00,760.0,8.26,8.37,8.42,-0.8000002,-8.830024,1180.0,18658,0.1443567010498047,False,REGULAR,USD,SPY,call,2026-09-18,738.93,2026-07-25T14:32:03.104776+00:00,8.395,0.05000000000000071,0.005955926146515868,1.028514202969158,0.028115239416749118,0.1513088817612887,55.22774184287038,0.0,738.93,True,0.13145625144198353
SPY260918C00761000,2026-07-24 19:30:19+00:00,761.0,7.81,7.96,8.0,-0.5800004,-6.912996,167.0,760,0.1431512687683105,False,REGULAR,USD,SPY,call,2026-09-18,738.93,2026-07-25T14:32:03.104776+00:00,7.98,0.040000000000000036,0.005012531328320806,1.0298675111309596,0.029430163998058236,0.1513088817612887,55.22774184287038,0.0,738.93,True,0.13052029266884893
SPY260918C00762000,2026-07-24 19:04:25+00:00,762.0,7.49,7.56,7.6,-0.35000038,-4.4642906,147.0,799,0.1420221296691894,False,REGULAR,USD,SPY,call,2026-09-18,738.93,2026-07-25T14:32:03.104776+00:00,7.58,0.040000000000000036,0.0052770448548812715,1.0312208192927612,0.030743361823018716,0.1513088817612887,55.22774184287038,0.0,738.93,True,0.12961865720026053
SPY260918C00763000,2026-07-24 19:03:56+00:00,763.0,7.1,7.17,7.22,0.069999695,0.9957282,76.0,791,0.1409692837524414,False,REGULAR,USD,SPY,call,2026-09-18,738.93,2026-07-25T14:32:03.104776+00:00,7.195,0.04999999999999982,0.00694927032661568,1.0325741274545628,0.03205483742082949,0.1513088817612887,55.22774184287038,0.0,738.93,True,0.1287521241456038
SPY260918C00764000,2026-07-24 19:09:51+00:00,764.0,6.58,6.8,6.84,-0.7600002,-10.354226,49.0,922,0.1398248860168457,False,REGULAR,USD,SPY,call,2026-09-18,738.93,2026-07-25T14:32:03.104776+00:00,6.82,0.040000000000000036,0.005865102639296193,1.0339274356163644,0.03336459530289303,0.1513088817612887,55.22774184287038,0.0,738.93,True,0.127871770266704
SPY260918C00765000,2026-07-24 20:09:28+00:00,765.0,6.38,6.44,6.48,-0.7199998,-10.140842,649.0,16422,0.1387720401000977,False,REGULAR,USD,SPY,call,2026-09-18,738.93,2026-07-25T14:32:03.104776+00:00,6.460000000000001,0.040000000000000036,0.0061919504643962895,1.0352807437781657,0.0346726399629082,0.1513088817612887,55.22774184287038,0.0,738.93,True,0.12702743047904247
SPY260918C00766000,2026-07-24 19:37:33+00:00,766.0,6.14,6.1,6.14,-0.22000027,-3.4591236,52.0,771,0.1378107460021972,False,REGULAR,USD,SPY,call,2026-09-18,738.93,2026-07-25T14:32:03.104776+00:00,6.119999999999999,0.040000000000000036,0.006535947712418307,1.0366340519399673,0.035978975876963706,0.1513088817612887,55.22774184287038,0.0,738.93,True,0.12627248337978864
SPY260918C00767000,2026-07-24 19:38:23+00:00,767.0,5.76,5.77,5.81,-0.25,-4.159734,40.0,895,0.1368494519042969,False,REGULAR,USD,SPY,call,2026-09-18,738.93,2026-07-25T14:32:03.104776+00:00,5.789999999999999,0.040000000000000036,0.006908462867012097,1.0379873601017688,0.037283607503628635,0.1513088817612887,55.22774184287038,0.0,738.93,True,0.12550647158848477
SPY260918C00768000,2026-07-24 19:39:19+00:00,768.0,5.46,5.45,5.49,-0.46000004,-7.770271,59.0,809,0.1358576405334473,False,REGULAR,USD,SPY,call,2026-09-18,738.93,2026-07-25T14:32:03.104776+00:00,5.470000000000001,0.040000000000000036,0.007312614259597812,1.0393406682635704,0.03858653928404466,0.1513088817612887,55.22774184287038,0.0,738.93,True,0.12472903421770523
SPY260918C00769000,2026-07-24 19:41:18+00:00,769.0,5.05,5.14,5.18,-0.27999973,-5.2532783,485.0,1273,0.1348658291625977,False,REGULAR,USD,SPY,call,2026-09-18,738.93,2026-07-25T14:32:03.104776+00:00,5.16,0.040000000000000036,0.007751937984496131,1.040693976425372,0.03988777564201651,0.1513088817612887,55.22774184287038,0.0,738.93,True,0.12393984821499668
SPY260918C00770000,2026-07-24 19:56:32+00:00,770.0,4.85,4.85,4.88,0.089999676,1.8907495,577.0,11431,0.1338892764282226,False,REGULAR,USD,SPY,call,2026-09-18,738.93,2026-07-25T14:32:03.104776+00:00,4.865,0.03000000000000025,0.0061664953751285195,1.0420472845871733,0.041187320984101904,0.1513088817612887,55.22774184287038,0.0,738.93,True,0.12319471405229537
SPY260918C00771000,2026-07-24 19:12:05+00:00,771.0,4.68,4.57,4.6,-0.24000025,-4.8780537,103.0,718,0.1330042755126953,False,REGULAR,USD,SPY,call,2026-09-18,738.93,2026-07-25T14:32:03.104776+00:00,4.585,0.02999999999999936,0.006543075245365182,1.043400592748975,0.042485179699701905,0.1513088817612887,55.22774184287038,0.0,738.93,True,0.12249734799696904
SPY260918C00772000,2026-07-24 19:59:38+00:00,772.0,4.37,4.3,4.33,-0.3800001,-8.000002,58.0,543,0.132119274597168,False,REGULAR,USD,SPY,call,2026-09-18,738.93,2026-07-25T14:32:03.104776+00:00,4.3149999999999995,0.03000000000000025,0.006952491309385921,1.0447539009107765,0.04378135616114863,0.1513088817612887,55.22774184287038,0.0,738.93,True,0.12179337144443406
SPY260918C00773000,2026-07-24 19:57:16+00:00,773.0,4.07,4.04,4.08,-0.07999992,-1.927709,46.0,748,0.1313563427734375,False,REGULAR,USD,SPY,call,2026-09-18,738.93,2026-07-25T14:32:03.104776+00:00,4.0600000000000005,0.040000000000000036,0.00985221674876848,1.046107209072578,0.04507585472379446,0.1513088817612887,55.22774184287038,0.0,738.93,True,0.12114370553905227
SPY260918C00774000,2026-07-24 19:03:53+00:00,774.0,3.75,3.8,3.83,-0.099999905,-2.5974002,34.0,1024,0.1304560832214355,False,REGULAR,USD,SPY,call,2026-09-18,738.93,2026-07-25T14:32:03.104776+00:00,3.815,0.03000000000000025,0.007863695937090498,1.0474605172343796,0.04636867972609966,0.1513088817612887,55.22774184287038,0.0,738.93,True,0.12049214977681771
SPY260918C00775000,2026-07-24 20:06:47+00:00,775.0,3.57,3.56,3.6,-0.32000017,-8.226226,256.0,8872,0.1297084100341796,False,REGULAR,USD,SPY,call,2026-09-18,738.93,2026-07-25T14:32:03.104776+00:00,3.58,0.040000000000000036,0.011173184357541908,1.048813825396181,0.047659835489719374,0.1513088817612887,55.22774184287038,0.0,738.93,True,0.11984013504726868
SPY260918C00776000,2026-07-24 19:20:35+00:00,776.0,3.26,3.34,3.38,-0.52,-13.756614,63.0,1041,0.1289454782104492,False,REGULAR,USD,SPY,call,2026-09-18,738.93,2026-07-25T14:32:03.104776+00:00,3.36,0.040000000000000036,0.011904761904761916,1.0501671335579825,0.04894932631959117,0.1513088817612887,55.22774184287038,0.0,738.93,True,0.11925487255886638
SPY260918C00777000,2026-07-24 20:06:13+00:00,777.0,3.12,3.13,3.17,-0.03000021,-0.9523876,46.0,1769,0.1282130636596679,False,REGULAR,USD,SPY,call,2026-09-18,738.93,2026-07-25T14:32:03.104776+00:00,3.15,0.040000000000000036,0.01269841269841271,1.051520441719784,0.0502371565040199,0.1513088817612887,55.22774184287038,0.0,738.93,True,0.11867696751733212
SPY260918C00778000,2026-07-24 20:08:50+00:00,778.0,2.92,2.94,2.97,-0.089999914,-2.9900303,128.0,1516,0.1275111663818359,False,REGULAR,USD,SPY,call,2026-09-18,738.93,2026-07-25T14:32:03.104776+00:00,2.955,0.03000000000000025,0.010152284263959475,1.0528737498815857,0.05152333031476411,0.1513088817612887,55.22774184287038,0.0,738.93,True,0.11817892831824911
SPY260918C00779000,2026-07-24 19:05:01+00:00,779.0,2.72,2.75,2.78,-0.18000007,-6.2068987,41.0,966,0.1268092691040039,False,REGULAR,USD,SPY,call,2026-09-18,738.93,2026-07-25T14:32:03.104776+00:00,2.7649999999999997,0.029999999999999805,0.01084990958408673,1.0542270580433872,0.05280785200712081,0.1513088817612887,55.22774184287038,0.0,738.93,True,0.1176273968715617
SPY260918C00780000,2026-07-24 20:14:39+00:00,780.0,2.58,2.57,2.6,-0.35000014,-11.945397,739.0,19077,0.1261073718261718,False,REGULAR,USD,SPY,call,2026-09-18,738.93,2026-07-25T14:32:03.104776+00:00,2.585,0.03000000000000025,0.011605415860735106,1.0555803662051886,0.0540907258200098,0.1513088817612887,55.22774184287038,0.0,738.93,True,0.11709390135603945
SPY260918C00781000,2026-07-24 19:03:49+00:00,781.0,2.37,2.4,2.43,-0.17000008,-6.692916,36.0,1127,0.1254665090942383,False,REGULAR,USD,SPY,call,2026-09-18,738.93,2026-07-25T14:32:03.104776+00:00,2.415,0.03000000000000025,0.012422360248447308,1.0569336743669902,0.055371955976058394,0.1513088817612887,55.22774184287038,0.0,738.93,True,0.11658324652209151
SPY260918C00782000,2026-07-24 19:03:55+00:00,782.0,2.22,2.24,2.27,-0.16000009,-6.7226925,35.0,1992,0.1248256463623046,False,REGULAR,USD,SPY,call,2026-09-18,738.93,2026-07-25T14:32:03.104776+00:00,2.255,0.029999999999999805,0.01330376940133029,1.0582869825287917,0.05665154668168355,0.1513088817612887,55.22774184287038,0.0,738.93,True,0.11610105115410208
SPY260918C00783000,2026-07-24 19:17:32+00:00,783.0,2.04,2.1,2.13,-0.120000124,-5.555561,30.0,1124,0.1244289218139648,False,REGULAR,USD,SPY,call,2026-09-18,738.93,2026-07-25T14:32:03.104776+00:00,2.115,0.029999999999999805,0.014184397163120473,1.0596402906905933,0.05792950212717561,0.1513088817612887,55.22774184287038,0.0,738.93,True,0.11581896291589444
SPY260918C00784000,2026-07-24 20:07:05+00:00,784.0,1.96,1.96,1.98,-0.109999895,-5.314005,65.0,1288,0.1237270245361328,False,REGULAR,USD,SPY,call,2026-09-18,738.93,2026-07-25T14:32:03.104776+00:00,1.97,0.020000000000000018,0.0101522842639594,1.0609935988523949,0.059205826486780404,0.1513088817612887,55.22774184287038,0.0,738.93,True,0.11533503034061252
SPY260918C00785000,2026-07-24 20:06:48+00:00,785.0,1.84,1.82,1.85,-0.23999989,-11.538456,207.0,18111,0.1232387481689453,False,REGULAR,USD,SPY,call,2026-09-18,738.93,2026-07-25T14:32:03.104776+00:00,1.835,0.030000000000000027,0.01634877384196187,1.0623469070141962,0.060480523918780824,0.1513088817612887,55.22774184287038,0.0,738.93,True,0.1148961501948288
SPY260918C00786000,2026-07-24 19:03:58+00:00,786.0,1.68,1.7,1.73,-0.1500001,-8.196727,53.0,767,0.1228420236206054,False,REGULAR,USD,SPY,call,2026-09-18,738.93,2026-07-25T14:32:03.104776+00:00,1.7149999999999999,0.030000000000000027,0.01749271137026241,1.0637002151759978,0.06175359856557898,0.1513088817612887,55.22774184287038,0.0,738.93,True,0.11460451823044654
SPY260918C00787000,2026-07-24 19:26:55+00:00,787.0,1.52,1.59,1.61,-0.23000002,-13.1428585,55.0,776,0.1223232299804687,False,REGULAR,USD,SPY,call,2026-09-18,738.93,2026-07-25T14:32:03.104776+00:00,1.6,0.020000000000000018,0.012500000000000011,1.0650535233377993,0.0630250545537757,0.1513088817612887,55.22774184287038,0.0,738.93,True,0.11428963667575387
SPY260918C00788000,2026-07-24 20:10:19+00:00,788.0,1.47,1.48,1.5,-0.07999992,-5.1612854,45.0,1030,0.1218654708862304,False,REGULAR,USD,SPY,call,2026-09-18,738.93,2026-07-25T14:32:03.104776+00:00,1.49,0.020000000000000018,0.01342281879194632,1.066406831499601,0.06429489599425164,0.1513088817612887,55.22774184287038,0.0,738.93,True,0.11395276776362517
SPY260918C00789000,2026-07-24 19:03:55+00:00,789.0,1.35,1.38,1.4,-0.01999998,-1.4598526,24.0,2576,0.1214992636108398,False,REGULAR,USD,SPY,call,2026-09-18,738.93,2026-07-25T14:32:03.104776+00:00,1.39,0.020000000000000018,0.014388489208633108,1.0677601396614023,0.06556312698224659,0.1513088817612887,55.22774184287038,0.0,738.93,True,0.11370020273616657
SPY260918C00790000,2026-07-24 19:56:51+00:00,790.0,1.29,1.28,1.3,-0.16000009,-11.034489,151.0,11834,0.1210109872436523,False,REGULAR,USD,SPY,call,2026-09-18,738.93,2026-07-25T14:32:03.104776+00:00,1.29,0.020000000000000018,0.015503875968992262,1.0691134478232038,0.06682975159743958,0.1513088817612887,55.22774184287038,0.0,738.93,True,0.11332903933227807
SPY260918C00791000,2026-07-24 19:03:56+00:00,791.0,1.17,1.19,1.21,-0.00999999,-0.8474569,47.0,751,0.1206447799682617,False,REGULAR,USD,SPY,call,2026-09-18,738.93,2026-07-25T14:32:03.104776+00:00,1.2,0.020000000000000018,0.016666666666666684,1.0704667559850054,0.06809477390402631,0.1513088817612887,55.22774184287038,0.0,738.93,True,0.11305642671729543
SPY260918C00792000,2026-07-24 19:53:53+00:00,792.0,1.11,1.11,1.13,-0.01999998,-1.7699099,21.0,638,0.1203701245117187,False,REGULAR,USD,SPY,call,2026-09-18,738.93,2026-07-25T14:32:03.104776+00:00,1.12,0.019999999999999796,0.017857142857142672,1.071820064146807,0.06935819795079834,0.1513088817612887,55.22774184287038,0.0,738.93,True,0.11290114151472075
SPY260918C00793000,2026-07-24 20:10:36+00:00,793.0,1.03,1.03,1.05,0.00999999,0.98039126,1416.0,1511,0.1200039172363281,False,REGULAR,USD,SPY,call,2026-09-18,738.93,2026-07-25T14:32:03.104776+00:00,1.04,0.020000000000000018,0.019230769230769246,1.0731733723086085,0.0706200277712205,0.1513088817612887,55.22774184287038,0.0,738.93,True,0.11263448121395267
SPY260918C00794000,2026-07-24 19:04:10+00:00,794.0,0.94,0.96,0.98,-0.01999998,-2.0833313,26.0,1055,0.1198208135986328,False,REGULAR,USD,SPY,call,2026-09-18,738.93,2026-07-25T14:32:03.104776+00:00,0.97,0.020000000000000018,0.020618556701030948,1.07452668047041,0.07188026738350808,0.1513088817612887,55.22774184287038,0.0,738.93,True,0.11250731321635879
SPY260918C00795000,2026-07-24 20:10:36+00:00,795.0,0.9,0.9,0.91,-0.09000003,-9.090912,55.0,10055,0.1194546063232421,False,REGULAR,USD,SPY,call,2026-09-18,738.93,2026-07-25T14:32:03.104776+00:00,0.905,0.010000000000000009,0.011049723756906087,1.0758799886322115,0.0731389207907043,0.1513088817612887,55.22774184287038,0.0,738.93,True,0.1124078217918407
SPY260918C00796000,2026-07-24 19:04:43+00:00,796.0,0.81,0.83,0.85,-0.04000002,-4.7058845,15.0,1811,0.1193325372314453,False,REGULAR,USD,SPY,call,2026-09-18,738.93,2026-07-25T14:32:03.104776+00:00,0.84,0.020000000000000018,0.023809523809523832,1.077233296794013,0.07439599198075546,0.1513088817612887,55.22774184287038,0.0,738.93,True,0.11220150186861388
SPY260918C00797000,2026-07-24 19:04:16+00:00,797.0,0.76,0.77,0.79,0.0,0.0,16.0,793,0.1190883990478515,False,REGULAR,USD,SPY,call,2026-09-18,738.93,2026-07-25T14:32:03.104776+00:00,0.78,0.020000000000000018,0.025641025641025664,1.0785866049558146,0.07565148492658752,0.1513088817612887,55.22774184287038,0.0,738.93,True,0.11202815250416412
SPY260918C00798000,2026-07-24 19:56:51+00:00,798.0,0.73,0.72,0.74,0.02000004,2.8169072,21.0,916,0.1190273645019531,False,REGULAR,USD,SPY,call,2026-09-18,738.93,2026-07-25T14:32:03.104776+00:00,0.73,0.020000000000000018,0.02739726027397263,1.0799399131176162,0.0769054035861813,0.1513088817612887,55.22774184287038,0.0,738.93,True,0.11205647576422337
SPY260918C00799000,2026-07-24 19:04:43+00:00,799.0,0.65,0.67,0.69,-0.13,-16.666668,36.0,1532,0.1189052954101562,False,REGULAR,USD,SPY,call,2026-09-18,738.93,2026-07-25T14:32:03.104776+00:00,0.6799999999999999,0.019999999999999907,0.029411764705882217,1.0812932212794175,0.07815775190264704,0.1513088817612887,55.22774184287038,0.0,738.93,True,0.11199043394743591
SPY260918C00800000,2026-07-24 20:14:39+00:00,800.0,0.63,0.63,0.64,-0.07999998,-11.267604,1079.0,21983,0.1186611572265625,False,REGULAR,USD,SPY,call,2026-09-18,738.93,2026-07-25T14:32:03.104776+00:00,0.635,0.010000000000000009,0.015748031496063006,1.082646529441219,0.0794085338042997,0.1513088817612887,55.22774184287038,0.0,738.93,True,0.11199446249884205
SPY260918C00801000,2026-07-24 19:04:09+00:00,801.0,0.57,0.58,0.6,-0.07999998,-12.30769,83.0,1180,0.1186611572265625,False,REGULAR,USD,SPY,call,2026-09-18,738.93,2026-07-25T14:32:03.104776+00:00,0.59,0.020000000000000018,0.0338983050847458,1.0839998376030207,0.08065775320473167,0.1513088817612887,55.22774184287038,0.0,738.93,True,0.11190202060272733
SPY260918C00802000,2026-07-24 19:04:12+00:00,802.0,0.53,0.54,0.56,-0.04000002,-7.0175476,31.0,209,0.118600122680664,False,REGULAR,USD,SPY,call,2026-09-18,738.93,2026-07-25T14:32:03.104776+00:00,0.55,0.020000000000000018,0.03636363636363639,1.0853531457648222,0.08190541400288699,0.1513088817612887,55.22774184287038,0.0,738.93,True,0.1118950321923557
SPY260918C00803000,2026-07-24 19:04:55+00:00,803.0,0.49,0.51,0.52,-0.17000002,-25.757578,32.0,1248,0.1184170190429687,False,REGULAR,USD,SPY,call,2026-09-18,738.93,2026-07-25T14:32:03.104776+00:00,0.515,0.010000000000000009,0.019417475728155355,1.0867064539266238,0.08315152008313421,0.1513088817612887,55.22774184287038,0.0,738.93,True,0.11199214583440102
SPY260918C00804000,2026-07-24 19:04:55+00:00,804.0,0.46,0.47,0.49,-0.06999996,-13.207541,33.0,197,0.118600122680664,False,REGULAR,USD,SPY,call,2026-09-18,738.93,2026-07-25T14:32:03.104776+00:00,0.48,0.020000000000000018,0.041666666666666706,1.0880597620884251,0.08439607531533874,0.1513088817612887,55.22774184287038,0.0,738.93,True,0.11200306209694547
SPY260918C00805000,2026-07-24 19:51:25+00:00,805.0,0.44,0.44,0.46,-0.03999999,-8.333332,75.0,3768,0.1186611572265625,False,REGULAR,USD,SPY,call,2026-09-18,738.93,2026-07-25T14:32:03.104776+00:00,0.45,0.020000000000000018,0.04444444444444448,1.0894130702502267,0.08563908355493578,0.1513088817612887,55.22774184287038,0.0,738.93,True,0.11214108640320507
SPY260918C00806000,2026-07-24 16:23:28+00:00,806.0,0.55,0.41,0.43,0.110000014,25.000004,10.0,278,0.1186611572265625,False,REGULAR,USD,SPY,call,2026-09-18,738.93,2026-07-25T14:32:03.104776+00:00,0.42,0.020000000000000018,0.047619047619047665,1.0907663784120283,0.08688054864300075,0.1513088817612887,55.22774184287038,0.0,738.93,True,0.1121978935764355
SPY260918C00807000,2026-07-24 19:38:39+00:00,807.0,0.38,0.39,0.4,-0.06999999,-15.555554,1.0,108,0.118600122680664,False,REGULAR,USD,SPY,call,2026-09-18,738.93,2026-07-25T14:32:03.104776+00:00,0.395,0.010000000000000009,0.025316455696202552,1.0921196865738299,0.0881204744063213,0.1513088817612887,55.22774184287038,0.0,738.93,True,0.11240987070109507
SPY260918C00808000,2026-07-24 18:29:08+00:00,808.0,0.39,0.36,0.38,0.00999999,2.6315765,42.0,156,0.1189052954101562,False,REGULAR,USD,SPY,call,2026-09-18,738.93,2026-07-25T14:32:03.104776+00:00,0.37,0.020000000000000018,0.054054054054054106,1.0934729947356314,0.08935886465746792,0.1513088817612887,55.22774184287038,0.0,738.93,True,0.11254907196602296
SPY260918C00809000,2026-07-24 19:38:39+00:00,809.0,0.34,0.34,0.35,-0.29999998,-46.874996,11.0,53,0.1186611572265625,False,REGULAR,USD,SPY,call,2026-09-18,738.93,2026-07-25T14:32:03.104776+00:00,0.345,0.009999999999999953,0.02898550724637668,1.0948263028974328,0.09059572319486407,0.1513088817612887,55.22774184287038,0.0,738.93,True,0.11260858812325052
SPY260918C00810000,2026-07-24 20:11:36+00:00,810.0,0.32,0.32,0.33,0.0,0.0,139.0,5414,0.1189052954101562,False,REGULAR,USD,SPY,call,2026-09-18,738.93,2026-07-25T14:32:03.104776+00:00,0.325,0.010000000000000009,0.030769230769230795,1.0961796110592343,0.09183105380285687,0.1513088817612887,55.22774184287038,0.0,738.93,True,0.1128632873341697
SPY260918C00811000,2026-07-24 18:44:26+00:00,811.0,0.3,0.3,0.31,-0.030000001,-9.090909,62.0,247,0.1190273645019531,False,REGULAR,USD,SPY,call,2026-09-18,738.93,2026-07-25T14:32:03.104776+00:00,0.305,0.010000000000000009,0.03278688524590167,1.097532919221036,0.09306486025178538,0.1513088817612887,55.22774184287038,0.0,738.93,True,0.11305113156744118
SPY260918C00812000,2026-07-24 18:27:36+00:00,812.0,0.31,0.28,0.29,0.0,0.0,1.0,616,0.1191494335937499,False,REGULAR,USD,SPY,call,2026-09-18,738.93,2026-07-25T14:32:03.104776+00:00,0.28500000000000003,0.009999999999999953,0.035087719298245446,1.0988862273828375,0.09429714629805046,0.1513088817612887,55.22774184287038,0.0,738.93,True,0.11316591239519347
SPY260918C00813000,2026-07-24 17:19:30+00:00,813.0,0.31,0.27,0.28,0.02000001,6.8965554,1.0,48,0.1197597790527343,False,REGULAR,USD,SPY,call,2026-09-18,738.93,2026-07-25T14:32:03.104776+00:00,0.275,0.010000000000000009,0.03636363636363639,1.100239535544639,0.09552791568418313,0.1513088817612887,55.22774184287038,0.0,738.93,True,0.11384990931763501
SPY260918C00814000,2026-07-23 19:41:19+00:00,814.0,0.24,0.25,0.26,0.0,0.0,10.0,532,0.1196377099609374,False,REGULAR,USD,SPY,call,2026-09-18,738.93,2026-07-25T14:32:03.104776+00:00,0.255,0.010000000000000009,0.03921568627450984,1.1015928437064404,0.09675717213891269,0.1513088817612887,55.22774184287038,0.0,738.93,True,0.11383317229016336
SPY260918C00815000,2026-07-24 19:27:19+00:00,815.0,0.23,0.24,0.25,-0.029999986,-11.538456,7.0,10436,0.1202480554199218,False,REGULAR,USD,SPY,call,2026-09-18,738.93,2026-07-25T14:32:03.104776+00:00,0.245,0.010000000000000009,0.04081632653061228,1.102946151868242,0.09798491937723514,0.1513088817612887,55.22774184287038,0.0,738.93,True,0.11443384961928404
SPY260918C00816000,2026-07-24 19:18:51+00:00,816.0,0.21,0.22,0.24,-0.28000003,-57.14286,6.0,227,0.1208584008789062,False,REGULAR,USD,SPY,call,2026-09-18,738.93,2026-07-25T14:32:03.104776+00:00,0.22999999999999998,0.01999999999999999,0.0869565217391304,1.1042994600300435,0.09921116110047948,0.1513088817612887,55.22774184287038,0.0,738.93,True,0.1146340525006489
SPY260918C00817000,2026-07-24 19:27:21+00:00,817.0,0.21,0.21,0.22,-0.010000005,-4.545457,1.0,159,0.1204921936035156,False,REGULAR,USD,SPY,call,2026-09-18,738.93,2026-07-25T14:32:03.104776+00:00,0.215,0.010000000000000009,0.046511627906976785,1.105652768191845,0.1004359009963754,0.1513088817612887,55.22774184287038,0.0,738.93,True,0.11476547256702209
SPY260918C00818000,2026-07-23 14:43:31+00:00,818.0,0.23,0.2,0.21,0.0,0.0,15.0,170,0.1209804699707031,False,REGULAR,USD,SPY,call,2026-09-18,738.93,2026-07-25T14:32:03.104776+00:00,0.20500000000000002,0.009999999999999981,0.04878048780487795,1.1070060763536467,0.1016591427391196,0.1513088817612887,55.22774184287038,0.0,738.93,True,0.11522872745697664
SPY260918C00819000,2026-07-22 13:31:52+00:00,819.0,0.37,0.19,0.2,0.0,0.0,2.0,45,0.1213466772460937,False,REGULAR,USD,SPY,call,2026-09-18,738.93,2026-07-25T14:32:03.104776+00:00,0.195,0.010000000000000009,0.05128205128205133,1.108359384515448,0.10288088998944182,0.1513088817612887,55.22774184287038,0.0,738.93,True,0.1156494441968433
SPY260918C00820000,2026-07-24 19:57:05+00:00,820.0,0.18,0.18,0.19,-0.00999999,-5.263153,90.0,5226,0.1217128845214843,False,REGULAR,USD,SPY,call,2026-09-18,738.93,2026-07-25T14:32:03.104776+00:00,0.185,0.010000000000000009,0.054054054054054106,1.1097126926772496,0.10410114639467123,0.1513088817612887,55.22774184287038,0.0,738.93,True,0.11602464022667333
SPY260918C00821000,2026-07-23 19:27:45+00:00,821.0,0.18,0.18,0.19,0.0,0.0,1.0,122,0.1229335754394531,False,REGULAR,USD,SPY,call,2026-09-18,738.93,2026-07-25T14:32:03.104776+00:00,0.185,0.010000000000000009,0.054054054054054106,1.1110660008390512,0.1053199155888007,0.1513088817612887,55.22774184287038,0.0,738.93,True,0.11725385423000925
SPY260918C00822000,2026-07-22 17:55:07+00:00,822.0,0.31,0.17,0.18,0.0,0.0,200.0,362,0.1232997827148437,False,REGULAR,USD,SPY,call,2026-09-18,738.93,2026-07-25T14:32:03.104776+00:00,0.175,0.009999999999999981,0.05714285714285704,1.1124193090008527,0.10653720119255243,0.1513088817612887,55.22774184287038,0.0,738.93,True,0.11756964120468638
SPY260918C00823000,2026-07-23 14:43:31+00:00,823.0,0.18,0.16,0.17,0.0,0.0,60.0,215,0.1235439208984375,False,REGULAR,USD,SPY,call,2026-09-18,738.93,2026-07-25T14:32:03.104776+00:00,0.165,0.010000000000000009,0.060606060606060656,1.113772617162654,0.10775300681344217,0.1513088817612887,55.22774184287038,0.0,738.93,True,0.1178322624766715
SPY260918C00824000,2026-07-21 15:14:23+00:00,824.0,0.29,0.15,0.16,0.0,0.0,2.0,326,0.1235439208984375,False,REGULAR,USD,SPY,call,2026-09-18,738.93,2026-07-25T14:32:03.104776+00:00,0.155,0.010000000000000009,0.06451612903225812,1.1151259253244556,0.1089673360458441,0.1513088817612887,55.22774184287038,0.0,738.93,True,0.11803701370375044
SPY260918C00825000,2026-07-24 18:27:52+00:00,825.0,0.15,0.15,0.16,0.010000005,7.1428614,125.0,6124,0.1247646118164062,False,REGULAR,USD,SPY,call,2026-09-18,738.93,2026-07-25T14:32:03.104776+00:00,0.155,0.010000000000000009,0.06451612903225812,1.1164792334862572,0.11018019247105343,0.1513088817612887,55.22774184287038,0.0,738.93,True,0.11923113431534033
SPY260918C00830000,2026-07-24 19:49:32+00:00,830.0,0.13,0.12,0.13,0.009999998,8.333332,189.0,2326,0.1272059936523437,False,REGULAR,USD,SPY,call,2026-09-18,738.93,2026-07-25T14:32:03.104776+00:00,0.125,0.010000000000000009,0.08000000000000007,1.1232457742952648,0.11622250692701605,0.1513088817612887,55.22774184287038,0.0,738.93,True,0.12171336459395243
SPY260918C00835000,2026-07-23 17:40:33+00:00,835.0,0.11,0.1,0.11,0.0,0.0,116.0,4298,0.1301356518554687,False,REGULAR,USD,SPY,call,2026-09-18,738.93,2026-07-25T14:32:03.104776+00:00,0.10500000000000001,0.009999999999999995,0.09523809523809518,1.1300123151042725,0.12222853098722794,0.1513088817612887,55.22774184287038,0.0,738.93,True,0.12472028327971371
SPY260918C00840000,2026-07-24 19:34:46+00:00,840.0,0.09,0.09,0.1,0.0,0.0,22.0,4364,0.1342860009765625,False,REGULAR,USD,SPY,call,2026-09-18,738.93,2026-07-25T14:32:03.104776+00:00,0.095,0.010000000000000009,0.10526315789473693,1.13677885591328,0.12819869797373176,0.1513088817612887,55.22774184287038,0.0,738.93,True,0.12873692074417134
SPY260918C00845000,2026-07-24 13:37:45+00:00,845.0,0.08,0.08,0.09,0.0,0.0,1.0,5384,0.137703935546875,False,REGULAR,USD,SPY,call,2026-09-18,738.93,2026-07-25T14:32:03.104776+00:00,0.08499999999999999,0.009999999999999995,0.11764705882352937,1.1435453967222877,0.1341334334935463,0.1513088817612887,55.22774184287038,0.0,738.93,True,0.13246429180311314
SPY260918C00850000,2026-07-24 19:06:31+00:00,850.0,0.07,0.06,0.07,0.010000002,16.66667,313.0,6524,0.1391687646484375,False,REGULAR,USD,SPY,call,2026-09-18,738.93,2026-07-25T14:32:03.104776+00:00,0.065,0.010000000000000009,0.15384615384615397,1.1503119375312953,0.1400331556207346,0.1513088817612887,55.22774184287038,0.0,738.93,True,0.13373227792162912
SPY260918C00855000,2026-07-24 17:34:05+00:00,855.0,0.06,0.06,0.07,-0.010000002,-14.285716,2.0,2981,0.1445398046875,False,REGULAR,USD,SPY,call,2026-09-18,738.93,2026-07-25T14:32:03.104776+00:00,0.065,0.010000000000000009,0.15384615384615397,1.157078478340303,0.1458982750731327,0.1513088817612887,55.22774184287038,0.0,738.93,True,0.13889264214324304
SPY260918C00860000,2026-07-24 13:38:45+00:00,860.0,0.05,0.05,0.06,-0.02,-28.571426,6.0,4851,0.1469811865234375,False,REGULAR,USD,SPY,call,2026-09-18,738.93,2026-07-25T14:32:03.104776+00:00,0.055,0.009999999999999995,0.18181818181818174,1.1638450191493106,0.1517291953839259,0.1513088817612887,55.22774184287038,0.0,738.93,True,0.14146695692300326
SPY260918C00865000,2026-07-24 19:51:42+00:00,865.0,0.04,0.04,0.06,-0.010000002,-20.000004,10.0,1875,0.1518639501953125,False,REGULAR,USD,SPY,call,2026-09-18,738.93,2026-07-25T14:32:03.104776+00:00,0.05,0.019999999999999997,0.3999999999999999,1.1706115599583182,0.1575263130682518,0.1513088817612887,55.22774184287038,0.0,738.93,True,0.14501803331044222
SPY260918C00870000,2026-07-24 14:23:56+00:00,870.0,0.04,0.04,0.05,-0.02,-33.333336,246.0,908,0.1538170556640625,False,REGULAR,USD,SPY,call,2026-09-18,738.93,2026-07-25T14:32:03.104776+00:00,0.045,0.010000000000000002,0.22222222222222227,1.1773781007673259,0.1632900177850019,0.1513088817612887,55.22774184287038,0.0,738.93,True,0.14832975518746294
SPY260918C00880000,2026-07-24 14:32:01+00:00,880.0,0.04,0.03,0.04,0.0,0.0,4.0,6130,0.1601646484375,False,REGULAR,USD,SPY,call,2026-09-18,738.93,2026-07-25T14:32:03.104776+00:00,0.035,0.010000000000000002,0.28571428571428575,1.190911182385341,0.17471871360862465,0.1513088817612887,55.22774184287038,0.0,738.93,True,0.15409991205607354
SPY260918C00885000,2026-07-24 14:35:47+00:00,885.0,0.03,0.03,0.04,0.0,0.0,640.0,4638,0.1645591357421875,False,REGULAR,USD,SPY,call,2026-09-18,738.93,2026-07-25T14:32:03.104776+00:00,0.035,0.010000000000000002,0.28571428571428575,1.1976777231943487,0.18038445114430202,0.1513088817612887,55.22774184287038,0.0,738.93,True,0.15873390683362726
SPY260918P00595000,2026-07-24 16:17:22+00:00,595.0,1.22,1.42,1.44,-0.39999998,-24.691357,22.0,8140,0.3210517114257812,False,REGULAR,USD,SPY,put,2026-09-18,738.93,2026-07-25T14:32:03.104776+00:00,1.43,0.020000000000000018,0.013986013986014,0.8052183562719067,-0.21664178831799777,0.1513088817612887,55.22774184287038,0.0,591.4097243854604,True,0.3303252233240968
SPY260918P00600000,2026-07-24 20:14:32+00:00,600.0,1.52,1.52,1.53,-0.029999971,-1.935482,458.0,56026,0.3144599804687499,False,REGULAR,USD,SPY,put,2026-09-18,738.93,2026-07-25T14:32:03.104776+00:00,1.525,0.010000000000000009,0.006557377049180334,0.8119848970809144,-0.20827353864748116,0.1513088817612887,55.22774184287038,0.0,596.379554002145,True,0.32397552083135717
SPY260918P00601000,2026-07-23 13:33:23+00:00,601.0,1.63,1.54,1.55,0.0,0.0,8.0,138,0.3131172204589844,False,REGULAR,USD,SPY,put,2026-09-18,738.93,2026-07-25T14:32:03.104776+00:00,1.545,0.010000000000000009,0.00647249190938512,0.8133382052427158,-0.20660825932842003,0.1513088817612887,55.22774184287038,0.0,597.3735199254819,True,0.3227122448758203
SPY260918P00602000,2026-07-23 17:53:43+00:00,602.0,1.74,1.56,1.57,0.0,0.0,15.0,84,0.3118965295410155,False,REGULAR,USD,SPY,put,2026-09-18,738.93,2026-07-25T14:32:03.104776+00:00,1.565,0.010000000000000009,0.006389776357827482,0.8146915134045174,-0.20494574855480652,0.1513088817612887,55.22774184287038,0.0,598.3674858488189,True,0.3214370770975371
SPY260918P00603000,2026-07-24 16:54:59+00:00,603.0,1.44,1.58,1.59,-0.39,-21.311474,5.0,1539,0.3105537695312499,False,REGULAR,USD,SPY,put,2026-09-18,738.93,2026-07-25T14:32:03.104776+00:00,1.585,0.010000000000000009,0.006309148264984233,0.816044821566319,-0.20328599713644205,0.1513088817612887,55.22774184287038,0.0,599.3614517721558,True,0.3201502235515862
SPY260918P00604000,2026-07-24 19:20:18+00:00,604.0,1.66,1.6,1.61,-0.120000005,-6.741574,20.0,1008,0.3092720440673828,False,REGULAR,USD,SPY,put,2026-09-18,738.93,2026-07-25T14:32:03.104776+00:00,1.605,0.010000000000000009,0.006230529595015582,0.8173981297281204,-0.20162899592881262,0.1513088817612887,55.22774184287038,0.0,600.3554176954926,True,0.31885188330812797
SPY260918P00605000,2026-07-24 18:10:12+00:00,605.0,1.49,1.62,1.63,-0.17999995,-10.77844,120.0,2509,0.3079292840576171,False,REGULAR,USD,SPY,put,2026-09-18,738.93,2026-07-25T14:32:03.104776+00:00,1.625,0.009999999999999787,0.006153846153846023,0.818751437889922,-0.19997473583278605,0.1513088817612887,55.22774184287038,0.0,601.3493836188295,True,0.3175422478703285
SPY260918P00606000,2026-07-21 17:23:26+00:00,606.0,1.36,1.64,1.65,0.0,0.0,3.0,178,0.3065865240478516,False,REGULAR,USD,SPY,put,2026-09-18,738.93,2026-07-25T14:32:03.104776+00:00,1.645,0.010000000000000009,0.0060790273556231055,0.8201047460517235,-0.19832320779431314,0.1513088817612887,55.22774184287038,0.0,602.3433495421665,True,0.31622150117435943
SPY260918P00607000,2026-07-24 17:05:09+00:00,607.0,1.52,1.66,1.68,-0.32000005,-17.391306,7.0,78,0.3056099713134765,False,REGULAR,USD,SPY,put,2026-09-18,738.93,2026-07-25T14:32:03.104776+00:00,1.67,0.020000000000000018,0.011976047904191628,0.821458054213525,-0.1966744028041293,0.1513088817612887,55.22774184287038,0.0,603.3373154655034,True,0.31507985534066485
SPY260918P00608000,2026-07-24 17:09:36+00:00,608.0,1.58,1.68,1.7,-0.3399999,-17.70833,12.0,48,0.3042672113037109,False,REGULAR,USD,SPY,put,2026-09-18,738.93,2026-07-25T14:32:03.104776+00:00,1.69,0.020000000000000018,0.011834319526627229,0.8228113623753266,-0.19502831189746048,0.1513088817612887,55.22774184287038,0.0,604.3312813888402,True,0.3137352539858711
SPY260918P00609000,2026-07-23 17:46:23+00:00,609.0,1.91,1.7,1.72,0.0,0.0,34.0,72,0.3028634167480468,False,REGULAR,USD,SPY,put,2026-09-18,738.93,2026-07-25T14:32:03.104776+00:00,1.71,0.020000000000000018,0.01169590643274855,0.824164670537128,-0.19338492615373054,0.1513088817612887,55.22774184287038,0.0,605.3252473121772,True,0.3123800925993464
SPY260918P00610000,2026-07-24 19:37:30+00:00,610.0,1.76,1.73,1.74,-0.19000006,-9.743592,10094.0,38528,0.3015206567382812,False,REGULAR,USD,SPY,put,2026-09-18,738.93,2026-07-25T14:32:03.104776+00:00,1.7349999999999999,0.010000000000000009,0.005763688760806922,0.8255179786989296,-0.19174423669627058,0.1513088817612887,55.22774184287038,0.0,606.3192132355141,True,0.31119791968984634
SPY260918P00611000,2026-07-23 17:52:06+00:00,611.0,1.72,1.75,1.77,-0.24000001,-12.244898,5.0,28,0.3004830694580078,False,REGULAR,USD,SPY,put,2026-09-18,738.93,2026-07-25T14:32:03.104776+00:00,1.76,0.020000000000000018,0.011363636363636374,0.8268712868607311,-0.19010623469203225,0.1513088817612887,55.22774184287038,0.0,607.313179158851,True,0.3100011436452965
SPY260918P00612000,2026-07-24 19:22:34+00:00,612.0,1.84,1.77,1.79,-0.16999996,-8.457709,7.0,241,0.2990792749023437,False,REGULAR,USD,SPY,put,2026-09-18,738.93,2026-07-25T14:32:03.104776+00:00,1.78,0.020000000000000018,0.011235955056179785,0.8282245950225327,-0.18847091135130145,0.1513088817612887,55.22774184287038,0.0,608.307145082188,True,0.3086112270534682
SPY260918P00613000,2026-07-24 19:23:26+00:00,613.0,1.87,1.8,1.81,-0.13999999,-6.9651737,5.0,184,0.2976754803466795,False,REGULAR,USD,SPY,put,2026-09-18,738.93,2026-07-25T14:32:03.104776+00:00,1.8050000000000002,0.010000000000000009,0.005540166204986154,0.8295779031843341,-0.1868382579274162,0.1513088817612887,55.22774184287038,0.0,609.3011110055248,True,0.307388271536582
SPY260918P00614000,2026-07-24 17:03:21+00:00,614.0,1.66,1.82,1.84,-0.39,-19.02439,94.0,1421,0.2965768585205077,False,REGULAR,USD,SPY,put,2026-09-18,738.93,2026-07-25T14:32:03.104776+00:00,1.83,0.020000000000000018,0.010928961748633888,0.8309312113461357,-0.1852082657164851,0.1513088817612887,55.22774184287038,0.0,610.2950769288617,True,0.3061514544500983
SPY260918P00615000,2026-07-24 19:03:55+00:00,615.0,1.87,1.84,1.86,-0.24999988,-11.792448,57.0,104658,0.2951120294189453,False,REGULAR,USD,SPY,put,2026-09-18,738.93,2026-07-25T14:32:03.104776+00:00,1.85,0.020000000000000018,0.01081081081081082,0.8322845195079372,-0.18358092605710963,0.1513088817612887,55.22774184287038,0.0,611.2890428521987,True,0.30472846892856553
SPY260918P00616000,2026-07-24 19:30:10+00:00,616.0,1.95,1.87,1.89,-0.109999895,-5.339801,15.0,251,0.2940134075927734,False,REGULAR,USD,SPY,put,2026-09-18,738.93,2026-07-25T14:32:03.104776+00:00,1.88,0.019999999999999796,0.010638297872340318,0.8336378276697387,-0.1819562303301078,0.1513088817612887,55.22774184287038,0.0,612.2830087755356,True,0.3036372035615451
SPY260918P00617000,2026-07-24 19:04:56+00:00,617.0,1.92,1.89,1.91,-0.22000015,-10.28038,49.0,151,0.2925485784912108,False,REGULAR,USD,SPY,put,2026-09-18,738.93,2026-07-25T14:32:03.104776+00:00,1.9,0.020000000000000018,0.010526315789473694,0.8349911358315403,-0.1803341699582397,0.1513088817612887,55.22774184287038,0.0,613.2769746988724,True,0.30219180634881326
SPY260918P00618000,2026-07-24 19:03:59+00:00,618.0,1.95,1.92,1.94,-0.21000004,-9.722224,28.0,570,0.2913889221191405,False,REGULAR,USD,SPY,put,2026-09-18,738.93,2026-07-25T14:32:03.104776+00:00,1.93,0.020000000000000018,0.010362694300518144,0.8363444439933417,-0.17871473640593682,0.1513088817612887,55.22774184287038,0.0,614.2709406222094,True,0.3010703067646081
SPY260918P00619000,2026-07-24 19:03:57+00:00,619.0,1.98,1.95,1.97,-0.22000003,-10.000001,31.0,191,0.2902292657470703,False,REGULAR,USD,SPY,put,2026-09-18,738.93,2026-07-25T14:32:03.104776+00:00,1.96,0.020000000000000018,0.01020408163265307,0.8376977521551433,-0.17709792117903145,0.1513088817612887,55.22774184287038,0.0,615.2649065455463,True,0.299931882142224
SPY260918P00620000,2026-07-24 19:04:32+00:00,620.0,1.99,1.97,1.99,-0.089999914,-4.326919,57.0,126233,0.2887644366455077,False,REGULAR,USD,SPY,put,2026-09-18,738.93,2026-07-25T14:32:03.104776+00:00,1.98,0.020000000000000018,0.01010101010101011,0.8390510603169449,-0.17548371582449027,0.1513088817612887,55.22774184287038,0.0,616.2588724688832,True,0.2984524549914984
SPY260918P00621000,2026-07-24 19:03:59+00:00,621.0,2.03,2.0,2.02,-0.26999998,-11.73913,30.0,516,0.2875437457275389,False,REGULAR,USD,SPY,put,2026-09-18,738.93,2026-07-25T14:32:03.104776+00:00,2.01,0.020000000000000018,0.009950248756218916,0.8404043684787463,-0.17387211193014881,0.1513088817612887,55.22774184287038,0.0,617.25283839222,True,0.2972853421470941
SPY260918P00622000,2026-07-24 19:31:10+00:00,622.0,2.11,2.03,2.05,-0.19000006,-8.260872,32.0,1273,0.2863840893554687,False,REGULAR,USD,SPY,put,2026-09-18,738.93,2026-07-25T14:32:03.104776+00:00,2.04,0.020000000000000018,0.00980392156862746,0.8417576766405479,-0.17226310112444806,0.1513088817612887,55.22774184287038,0.0,618.246804315557,True,0.2961021663197969
SPY260918P00623000,2026-07-24 19:30:13+00:00,623.0,2.14,2.06,2.08,-0.17999983,-7.7586136,38.0,175,0.2851633984374999,False,REGULAR,USD,SPY,put,2026-09-18,738.93,2026-07-25T14:32:03.104776+00:00,2.0700000000000003,0.020000000000000018,0.009661835748792277,0.8431109848023494,-0.17065667507617446,0.1513088817612887,55.22774184287038,0.0,619.2407702388939,True,0.2949032243686177
SPY260918P00624000,2026-07-24 19:04:25+00:00,624.0,2.11,2.09,2.11,-0.2900002,-12.083342,34.0,513,0.2838816729736327,False,REGULAR,USD,SPY,put,2026-09-18,738.93,2026-07-25T14:32:03.104776+00:00,2.0999999999999996,0.020000000000000018,0.009523809523809533,0.8444642929641509,-0.16905282549419987,0.1513088817612887,55.22774184287038,0.0,620.2347361622308,True,0.2936887986006559
SPY260918P00625000,2026-07-24 19:54:50+00:00,625.0,2.15,2.12,2.13,-0.099999905,-4.44444,439.0,37570,0.2823558093261719,False,REGULAR,USD,SPY,put,2026-09-18,738.93,2026-07-25T14:32:03.104776+00:00,2.125,0.009999999999999787,0.004705882352941076,0.8458176011259525,-0.167451544127226,0.1513088817612887,55.22774184287038,0.0,621.2287020855678,True,0.2923066608790762
SPY260918P00626000,2026-07-24 19:05:02+00:00,626.0,2.17,2.15,2.17,-0.29999995,-12.145747,125.0,270,0.2813792565917968,False,REGULAR,USD,SPY,put,2026-09-18,738.93,2026-07-25T14:32:03.104776+00:00,2.16,0.020000000000000018,0.009259259259259267,0.847170909287754,-0.16585282276352903,0.1513088817612887,55.22774184287038,0.0,622.2226680089046,True,0.29121456721720673
SPY260918P00627000,2026-07-24 19:31:10+00:00,627.0,2.26,2.18,2.2,-0.21000004,-8.502026,30.0,319,0.2800975311279295,False,REGULAR,USD,SPY,put,2026-09-18,738.93,2026-07-25T14:32:03.104776+00:00,2.1900000000000004,0.020000000000000018,0.009132420091324207,0.8485242174495555,-0.16425665323070682,0.1513088817612887,55.22774184287038,0.0,623.2166339322415,True,0.2899552691724211
SPY260918P00628000,2026-07-24 19:03:55+00:00,628.0,2.24,2.21,2.23,-0.25,-10.04016,34.0,305,0.2788158056640625,False,REGULAR,USD,SPY,put,2026-09-18,738.93,2026-07-25T14:32:03.104776+00:00,2.2199999999999998,0.020000000000000018,0.009009009009009018,0.849877525611357,-0.1626630273954289,0.1513088817612887,55.22774184287038,0.0,624.2105998555785,True,0.288681502452256
SPY260918P00629000,2026-07-24 19:03:56+00:00,629.0,2.28,2.24,2.26,-0.29999995,-11.627906,32.0,159,0.2774730456542968,False,REGULAR,USD,SPY,put,2026-09-18,738.93,2026-07-25T14:32:03.104776+00:00,2.25,0.019999999999999574,0.0088888888888887,0.8512308337731586,-0.16107193716318702,0.1513088817612887,55.22774184287038,0.0,625.2045657789154,True,0.28739349406654346
SPY260918P00630000,2026-07-24 19:34:46+00:00,630.0,2.33,2.27,2.29,-0.1500001,-6.048391,283.0,11594,0.2761913201904296,False,REGULAR,USD,SPY,put,2026-09-18,738.93,2026-07-25T14:32:03.104776+00:00,2.2800000000000002,0.020000000000000018,0.00877192982456141,0.85258414193496,-0.15948337447804922,0.1513088817612887,55.22774184287038,0.0,626.1985317022522,True,0.2860914622939683
SPY260918P00631000,2026-07-24 19:03:56+00:00,631.0,2.34,2.31,2.33,-0.32000017,-12.030082,25.0,153,0.2750926983642577,False,REGULAR,USD,SPY,put,2026-09-18,738.93,2026-07-25T14:32:03.104776+00:00,2.3200000000000003,0.020000000000000018,0.00862068965517242,0.8539374500967616,-0.1578973313224144,0.1513088817612887,55.22774184287038,0.0,627.1924976255892,True,0.2850587672098749
SPY260918P00632000,2026-07-24 19:04:56+00:00,632.0,2.37,2.34,2.36,-0.2800002,-10.566046,26.0,444,0.2737499383544921,False,REGULAR,USD,SPY,put,2026-09-18,738.93,2026-07-25T14:32:03.104776+00:00,2.3499999999999996,0.020000000000000018,0.00851063829787235,0.8552907582585632,-0.1563137997167701,0.1513088817612887,55.22774184287038,0.0,628.1864635489261,True,0.2837259983060253
SPY260918P00633000,2026-07-24 19:03:56+00:00,633.0,2.41,2.37,2.39,-0.27999997,-10.408921,33.0,490,0.2724071783447265,False,REGULAR,USD,SPY,put,2026-09-18,738.93,2026-07-25T14:32:03.104776+00:00,2.38,0.020000000000000018,0.008403361344537823,0.8566440664203646,-0.15473277171945138,0.1513088817612887,55.22774184287038,0.0,629.180429472263,True,0.2823798672542086
SPY260918P00634000,2026-07-24 19:04:55+00:00,634.0,2.44,2.41,2.43,-0.28999996,-10.622709,32.0,684,0.2712780392456054,False,REGULAR,USD,SPY,put,2026-09-18,738.93,2026-07-25T14:32:03.104776+00:00,2.42,0.020000000000000018,0.008264462809917363,0.8579973745821662,-0.1531542394264016,0.1513088817612887,55.22774184287038,0.0,630.1743953956,True,0.28129341449563006
SPY260918P00635000,2026-07-24 19:49:50+00:00,635.0,2.42,2.44,2.46,-0.39999986,-14.184393,308.0,8033,0.2699047619628906,False,REGULAR,USD,SPY,put,2026-09-18,738.93,2026-07-25T14:32:03.104776+00:00,2.45,0.020000000000000018,0.008163265306122455,0.8593506827439676,-0.15157819497093594,0.1513088817612887,55.22774184287038,0.0,631.1683613189368,True,0.27991798462355255
SPY260918P00636000,2026-07-24 19:04:16+00:00,636.0,2.51,2.48,2.5,-0.3599999,-12.5435505,84.0,130,0.2687451055908203,False,REGULAR,USD,SPY,put,2026-09-18,738.93,2026-07-25T14:32:03.104776+00:00,2.49,0.020000000000000018,0.008032128514056231,0.8607039909057692,-0.1500046305235054,0.1513088817612887,55.22774184287038,0.0,632.1623272422737,True,0.27879594254405604
SPY260918P00637000,2026-07-24 19:04:44+00:00,637.0,2.55,2.52,2.54,-0.29999995,-10.526315,26.0,284,0.26758544921875,False,REGULAR,USD,SPY,put,2026-09-18,738.93,2026-07-25T14:32:03.104776+00:00,2.5300000000000002,0.020000000000000018,0.007905138339920955,0.8620572990675708,-0.14843353829146413,0.1513088817612887,55.22774184287038,0.0,633.1562931656106,True,0.2776547955499157
SPY260918P00638000,2026-07-24 19:04:44+00:00,638.0,2.59,2.56,2.58,-0.31000018,-10.689661,30.0,271,0.2663647583007812,False,REGULAR,USD,SPY,put,2026-09-18,738.93,2026-07-25T14:32:03.104776+00:00,2.5700000000000003,0.020000000000000018,0.007782101167315181,0.8634106072293722,-0.14686491051883768,0.1513088817612887,55.22774184287038,0.0,634.1502590889476,True,0.2764948940511798
SPY260918P00639000,2026-07-24 19:03:56+00:00,639.0,2.64,2.59,2.61,-0.109999895,-3.9999962,38.0,162,0.2648999291992187,False,REGULAR,USD,SPY,put,2026-09-18,738.93,2026-07-25T14:32:03.104776+00:00,2.5999999999999996,0.020000000000000018,0.0076923076923077005,0.8647639153911738,-0.1452987394860927,0.1513088817612887,55.22774184287038,0.0,635.1442250122844,True,0.2750606238126826
SPY260918P00640000,2026-07-24 19:36:19+00:00,640.0,2.67,2.63,2.65,-0.27999997,-9.491524,1273.0,13690,0.26367923828125,False,REGULAR,USD,SPY,put,2026-09-18,738.93,2026-07-25T14:32:03.104776+00:00,2.6399999999999997,0.020000000000000018,0.007575757575757584,0.8661172235529753,-0.14373501750991005,0.1513088817612887,55.22774184287038,0.0,636.1381909356213,True,0.273867451985776
SPY260918P00641000,2026-07-24 19:04:44+00:00,641.0,2.71,2.67,2.69,-0.37999988,-12.29773,26.0,361,0.2624585473632813,False,REGULAR,USD,SPY,put,2026-09-18,738.93,2026-07-25T14:32:03.104776+00:00,2.6799999999999997,0.020000000000000018,0.007462686567164187,0.8674705317147768,-0.14217373694295748,0.1513088817612887,55.22774184287038,0.0,637.1321568589583,True,0.2726564069180838
SPY260918P00642000,2026-07-24 19:03:56+00:00,642.0,2.76,2.71,2.74,-0.31999993,-10.389608,28.0,196,0.2614514773559571,False,REGULAR,USD,SPY,put,2026-09-18,738.93,2026-07-25T14:32:03.104776+00:00,2.725,0.03000000000000025,0.011009174311926696,0.8688238398765784,-0.14061489017366632,0.1513088817612887,55.22774184287038,0.0,638.1261227822952,True,0.271551040456989
SPY260918P00643000,2026-07-24 19:04:57+00:00,643.0,2.79,2.76,2.78,-0.4000001,-12.539187,26.0,261,0.2601697518920898,False,REGULAR,USD,SPY,put,2026-09-18,738.93,2026-07-25T14:32:03.104776+00:00,2.7699999999999996,0.020000000000000018,0.007220216606498202,0.8701771480383799,-0.13905846962600818,0.1513088817612887,55.22774184287038,0.0,639.120088705632,True,0.27042522361143734
SPY260918P00644000,2026-07-24 19:04:16+00:00,644.0,2.83,2.8,2.82,-0.34000015,-10.725556,26.0,136,0.2588575091552735,False,REGULAR,USD,SPY,put,2026-09-18,738.93,2026-07-25T14:32:03.104776+00:00,2.8099999999999996,0.020000000000000018,0.007117437722419936,0.8715304562001814,-0.13750446775927389,0.1513088817612887,55.22774184287038,0.0,640.114054628969,True,0.26915928116348725
SPY260918P00645000,2026-07-24 19:03:56+00:00,645.0,2.89,2.84,2.86,-0.059999943,-2.0338964,600.0,12608,0.2575757836914062,False,REGULAR,USD,SPY,put,2026-09-18,738.93,2026-07-25T14:32:03.104776+00:00,2.8499999999999996,0.020000000000000018,0.00701754385964913,0.8728837643619829,-0.13595287706785508,0.1513088817612887,55.22774184287038,0.0,641.1080205523059,True,0.2678766144937484
SPY260918P00646000,2026-07-24 19:04:25+00:00,646.0,2.92,2.89,2.91,-0.41999984,-12.574845,67.0,250,0.2564771618652344,False,REGULAR,USD,SPY,put,2026-09-18,738.93,2026-07-25T14:32:03.104776+00:00,2.9000000000000004,0.020000000000000018,0.006896551724137936,0.8742370725237845,-0.13440369008102568,0.1513088817612887,55.22774184287038,0.0,642.1019864756428,True,0.26681171806496307
SPY260918P00647000,2026-07-24 19:03:56+00:00,647.0,2.98,2.93,2.95,-0.3499999,-10.510508,35.0,194,0.2551344018554688,False,REGULAR,USD,SPY,put,2026-09-18,738.93,2026-07-25T14:32:03.104776+00:00,2.9400000000000004,0.020000000000000018,0.006802721088435379,0.8755903806855859,-0.13285689936272704,0.1513088817612887,55.22774184287038,0.0,643.0959523989798,True,0.26549352173714685
SPY260918P00648000,2026-07-24 19:04:55+00:00,648.0,3.02,2.98,3.0,-0.36000013,-10.650891,24.0,135,0.2539747454833985,False,REGULAR,USD,SPY,put,2026-09-18,738.93,2026-07-25T14:32:03.104776+00:00,2.99,0.020000000000000018,0.006688963210702346,0.8769436888473875,-0.13131249751135285,0.1513088817612887,55.22774184287038,0.0,644.0899183223166,True,0.26438773210644184
SPY260918P00649000,2026-07-24 19:04:16+00:00,649.0,3.06,3.02,3.05,-0.44000006,-12.57143,365.0,488,0.2528150891113281,False,REGULAR,USD,SPY,put,2026-09-18,738.93,2026-07-25T14:32:03.104776+00:00,3.035,0.029999999999999805,0.009884678747940627,0.8782969970091891,-0.12977047715953752,0.1513088817612887,55.22774184287038,0.0,645.0838842456535,True,0.26314783525323504
SPY260918P00650000,2026-07-24 20:03:07+00:00,650.0,3.06,3.07,3.1,-0.120000124,-3.7735887,3374.0,64285,0.2516554327392578,False,REGULAR,USD,SPY,put,2026-09-18,738.93,2026-07-25T14:32:03.104776+00:00,3.085,0.03000000000000025,0.009724473257698622,0.8796503051709905,-0.12823083097394478,0.1513088817612887,55.22774184287038,0.0,646.0778501689904,True,0.262000982745313
SPY260918P00651000,2026-07-24 19:04:16+00:00,651.0,3.16,3.12,3.14,-0.4499998,-12.465369,631.0,585,0.2502211209106445,False,REGULAR,USD,SPY,put,2026-09-18,738.93,2026-07-25T14:32:03.104776+00:00,3.13,0.020000000000000018,0.006389776357827482,0.8810036133327921,-0.12669355165505827,0.1513088817612887,55.22774184287038,0.0,647.0718160923274,True,0.2607235367196373
SPY260918P00652000,2026-07-24 19:04:56+00:00,652.0,3.22,3.17,3.19,-0.47000003,-12.737128,64.0,306,0.2490004299926758,False,REGULAR,USD,SPY,put,2026-09-18,738.93,2026-07-25T14:32:03.104776+00:00,3.1799999999999997,0.020000000000000018,0.006289308176100635,0.8823569214945935,-0.12515863193697466,0.1513088817612887,55.22774184287038,0.0,648.0657820156642,True,0.2595369234396124
SPY260918P00653000,2026-07-24 19:04:39+00:00,653.0,3.25,3.22,3.25,-0.4100001,-11.202188,24.0,253,0.2479628427124023,False,REGULAR,USD,SPY,put,2026-09-18,738.93,2026-07-25T14:32:03.104776+00:00,3.2350000000000003,0.029999999999999805,0.0092735703245749,0.8837102296563951,-0.12362606458719648,0.1513088817612887,55.22774184287038,0.0,649.0597479390011,True,0.25843727704421143
SPY260918P00654000,2026-07-24 19:04:55+00:00,654.0,3.32,3.27,3.3,-0.34000015,-9.289621,151.0,278,0.2467116345214844,False,REGULAR,USD,SPY,put,2026-09-18,738.93,2026-07-25T14:32:03.104776+00:00,3.285,0.029999999999999805,0.009132420091324141,0.8850635378181967,-0.12209584240642879,0.1513088817612887,55.22774184287038,0.0,650.0537138623381,True,0.2572094073465356
SPY260918P00655000,2026-07-24 19:54:15+00:00,655.0,3.3,3.33,3.35,-0.53999996,-14.0625,973.0,31277,0.2454299090576172,False,REGULAR,USD,SPY,put,2026-09-18,738.93,2026-07-25T14:32:03.104776+00:00,3.34,0.020000000000000018,0.005988023952095814,0.8864168459799981,-0.12056795822837565,0.1513088817612887,55.22774184287038,0.0,651.047679785675,True,0.25606642972182553
SPY260918P00656000,2026-07-24 19:04:55+00:00,656.0,3.43,3.38,3.41,-0.3599999,-9.498678,43.0,301,0.2443312872314453,False,REGULAR,USD,SPY,put,2026-09-18,738.93,2026-07-25T14:32:03.104776+00:00,3.395,0.03000000000000025,0.008836524300441899,0.8877701541417997,-0.11904240491953848,0.1513088817612887,55.22774184287038,0.0,652.0416457090118,True,0.25490163150459455
SPY260918P00657000,2026-07-24 19:04:19+00:00,657.0,3.48,3.44,3.46,-0.3699999,-9.610387,23.0,230,0.2429885272216796,False,REGULAR,USD,SPY,put,2026-09-18,738.93,2026-07-25T14:32:03.104776+00:00,3.45,0.020000000000000018,0.005797101449275368,0.8891234623036012,-0.11751917537901707,0.1513088817612887,55.22774184287038,0.0,653.0356116323488,True,0.2537153619407385
SPY260918P00658000,2026-07-24 19:04:29+00:00,658.0,3.53,3.49,3.52,-0.5200002,-12.839511,114.0,191,0.2418593881225585,False,REGULAR,USD,SPY,put,2026-09-18,738.93,2026-07-25T14:32:03.104776+00:00,3.505,0.029999999999999805,0.008559201141226764,0.8904767704654027,-0.11599826253831033,0.1513088817612887,55.22774184287038,0.0,654.0295775556857,True,0.2525079525228199
SPY260918P00659000,2026-07-24 19:04:54+00:00,659.0,3.6,3.55,3.58,-0.3800001,-9.547742,144.0,277,0.2406997317504882,False,REGULAR,USD,SPY,put,2026-09-18,738.93,2026-07-25T14:32:03.104776+00:00,3.565,0.03000000000000025,0.008415147265077208,0.8918300786272043,-0.11447965936112027,0.1513088817612887,55.22774184287038,0.0,655.0235434790226,True,0.25137886528049375
SPY260918P00660000,2026-07-24 20:10:04+00:00,660.0,3.65,3.61,3.64,-0.2099998,-5.4404097,20753.0,66646,0.2395095581054687,False,REGULAR,USD,SPY,put,2026-09-18,738.93,2026-07-25T14:32:03.104776+00:00,3.625,0.03000000000000025,0.008275862068965585,0.8931833867890058,-0.11296335884315634,0.1513088817612887,55.22774184287038,0.0,656.0175094023596,True,0.2502267554576894
SPY260918P00661000,2026-07-24 19:04:25+00:00,661.0,3.72,3.67,3.7,-0.3900001,-9.489054,86.0,405,0.2382888671874999,False,REGULAR,USD,SPY,put,2026-09-18,738.93,2026-07-25T14:32:03.104776+00:00,3.685,0.03000000000000025,0.008141112618724626,0.8945366949508073,-0.11144935401194123,0.1513088817612887,55.22774184287038,0.0,657.0114753256964,True,0.2490519891805208
SPY260918P00662000,2026-07-24 19:04:25+00:00,662.0,3.78,3.73,3.76,-0.3900001,-9.35252,38.0,752,0.237037658996582,False,REGULAR,USD,SPY,put,2026-09-18,738.93,2026-07-25T14:32:03.104776+00:00,3.745,0.029999999999999805,0.008010680907877116,0.8958900031126088,-0.10993763792661937,0.1513088817612887,55.22774184287038,0.0,658.0054412490333,True,0.2478549119113861
SPY260918P00663000,2026-07-24 19:04:55+00:00,663.0,3.85,3.8,3.82,-0.4000001,-9.411767,602.0,254,0.235786450805664,False,REGULAR,USD,SPY,put,2026-09-18,738.93,2026-07-25T14:32:03.104776+00:00,3.8099999999999996,0.020000000000000018,0.0052493438320210025,0.8972433112744104,-0.10842820367776503,0.1513088817612887,55.22774184287038,0.0,658.9994071723703,True,0.2467300307537964
SPY260918P00664000,2026-07-24 19:04:25+00:00,664.0,3.91,3.86,3.89,-0.39999986,-9.280739,45.0,276,0.2346878289794922,False,REGULAR,USD,SPY,put,2026-09-18,738.93,2026-07-25T14:32:03.104776+00:00,3.875,0.03000000000000025,0.007741935483871032,0.8985966194362118,-0.10692104438719376,0.1513088817612887,55.22774184287038,0.0,659.9933730957072,True,0.24558110954601925
SPY260918P00665000,2026-07-24 20:01:33+00:00,665.0,3.9,3.93,3.95,-0.13000011,-3.2258089,7741.0,102243,0.2333755862426758,False,REGULAR,USD,SPY,put,2026-09-18,738.93,2026-07-25T14:32:03.104776+00:00,3.9400000000000004,0.020000000000000018,0.005076142131979699,0.8999499275980134,-0.10541615320777341,0.1513088817612887,55.22774184287038,0.0,660.987339019044,True,0.2444085205259715
SPY260918P00666000,2026-07-24 19:14:50+00:00,666.0,4.17,3.99,4.02,-0.2999997,-6.7114034,41.0,290,0.2322159298706054,False,REGULAR,USD,SPY,put,2026-09-18,738.93,2026-07-25T14:32:03.104776+00:00,4.005,0.02999999999999936,0.007490636704119691,0.901303235759815,-0.10391352332323836,0.1513088817612887,55.22774184287038,0.0,661.9813049423809,True,0.2432126138126638
SPY260918P00667000,2026-07-24 19:04:54+00:00,667.0,4.12,4.06,4.09,-0.59000015,-12.526542,34.0,751,0.2310562734985352,False,REGULAR,USD,SPY,put,2026-09-18,738.93,2026-07-25T14:32:03.104776+00:00,4.074999999999999,0.03000000000000025,0.0073619631901841115,0.9026565439216164,-0.10241314794800385,0.1513088817612887,55.22774184287038,0.0,662.9752708657179,True,0.2420832075924197
SPY260918P00668000,2026-07-24 19:03:56+00:00,668.0,4.2,4.13,4.16,-0.42000008,-9.090911,44.0,229,0.2298660998535156,False,REGULAR,USD,SPY,put,2026-09-18,738.93,2026-07-25T14:32:03.104776+00:00,4.145,0.03000000000000025,0.007237635705669542,0.904009852083418,-0.1009150203269818,0.1513088817612887,55.22774184287038,0.0,663.9692367890548,True,0.24092889548320517
SPY260918P00669000,2026-07-24 19:04:22+00:00,669.0,4.25,4.2,4.23,-0.4499998,-9.574465,85.0,320,0.2286148916625976,False,REGULAR,USD,SPY,put,2026-09-18,738.93,2026-07-25T14:32:03.104776+00:00,4.215,0.03000000000000025,0.007117437722419988,0.9053631602452195,-0.09941913373539915,0.1513088817612887,55.22774184287038,0.0,664.9632027123916,True,0.23975004652151652
SPY260918P00670000,2026-07-24 20:13:14+00:00,670.0,4.26,4.28,4.3,-0.21999979,-4.91071,900.0,81200,0.2273636834716796,False,REGULAR,USD,SPY,put,2026-09-18,738.93,2026-07-25T14:32:03.104776+00:00,4.29,0.019999999999999574,0.004662004662004562,0.906716468407021,-0.09792548147861581,0.1513088817612887,55.22774184287038,0.0,665.9571686357286,True,0.23863313370007389
SPY260918P00671000,2026-07-24 19:04:21+00:00,671.0,4.4,4.35,4.38,-0.48999977,-10.020445,40.0,1186,0.2262650616455078,False,REGULAR,USD,SPY,put,2026-09-18,738.93,2026-07-25T14:32:03.104776+00:00,4.365,0.03000000000000025,0.006872852233677032,0.9080697765688226,-0.0964340568919457,0.1513088817612887,55.22774184287038,0.0,666.9511345590655,True,0.23749021195470715
SPY260918P00672000,2026-07-24 19:03:59+00:00,672.0,4.49,4.43,4.45,-0.44000006,-8.924951,36.0,930,0.2249833361816406,False,REGULAR,USD,SPY,put,2026-09-18,738.93,2026-07-25T14:32:03.104776+00:00,4.4399999999999995,0.020000000000000462,0.004504504504504609,0.909423084730624,-0.09494485334047802,0.1513088817612887,55.22774184287038,0.0,667.9451004824024,True,0.2363216628365572
SPY260918P00673000,2026-07-24 19:03:59+00:00,673.0,4.57,4.51,4.53,-0.4499998,-8.96414,34.0,643,0.2238236798095702,False,REGULAR,USD,SPY,put,2026-09-18,738.93,2026-07-25T14:32:03.104776+00:00,4.52,0.020000000000000462,0.004424778761062049,0.9107763928924256,-0.0934578642188997,0.1513088817612887,55.22774184287038,0.0,668.9390664057394,True,0.23521074249260715
SPY260918P00674000,2026-07-24 19:03:59+00:00,674.0,4.65,4.59,4.61,-0.4699998,-9.179684,33.0,912,0.2226335061645507,False,REGULAR,USD,SPY,put,2026-09-18,738.93,2026-07-25T14:32:03.104776+00:00,4.6,0.020000000000000462,0.004347826086956622,0.9121297010542271,-0.09197308295132055,0.1513088817612887,55.22774184287038,0.0,669.9330323290762,True,0.23407283038857496
SPY260918P00675000,2026-07-24 19:57:04+00:00,675.0,4.72,4.67,4.69,-0.23000002,-4.6464653,246.0,18778,0.221412815246582,False,REGULAR,USD,SPY,put,2026-09-18,738.93,2026-07-25T14:32:03.104776+00:00,4.68,0.020000000000000462,0.004273504273504373,0.9134830092160287,-0.09049050299109772,0.1513088817612887,55.22774184287038,0.0,670.9269982524131,True,0.23290831389636663
SPY260918P00676000,2026-07-24 19:44:15+00:00,676.0,4.88,4.75,4.78,-0.28999996,-5.6092834,86.0,527,0.2203141934204101,False,REGULAR,USD,SPY,put,2026-09-18,738.93,2026-07-25T14:32:03.104776+00:00,4.765000000000001,0.03000000000000025,0.006295907660021038,0.9148363173778302,-0.0890101178206634,0.1513088817612887,55.22774184287038,0.0,671.9209641757501,True,0.23179736619482139
SPY260918P00677000,2026-07-24 19:04:19+00:00,677.0,4.9,4.84,4.86,-0.48999977,-9.090905,37.0,492,0.2190324679565429,False,REGULAR,USD,SPY,put,2026-09-18,738.93,2026-07-25T14:32:03.104776+00:00,4.85,0.020000000000000462,0.004123711340206281,0.9161896255396317,-0.08753192095135257,0.1513088817612887,55.22774184287038,0.0,672.914930099087,True,0.23065854721561357
SPY260918P00678000,2026-07-24 19:14:50+00:00,678.0,5.12,4.92,4.95,-0.3699999,-6.739525,39.0,632,0.2179033288574218,False,REGULAR,USD,SPY,put,2026-09-18,738.93,2026-07-25T14:32:03.104776+00:00,4.9350000000000005,0.03000000000000025,0.00607902735562315,0.9175429337014332,-0.08605590592323194,0.1513088817612887,55.22774184287038,0.0,673.9088960224238,True,0.22949224316649602
SPY260918P00679000,2026-07-24 19:03:56+00:00,679.0,5.09,5.01,5.04,-0.48999977,-8.781358,35.0,444,0.2167131552124023,False,REGULAR,USD,SPY,put,2026-09-18,738.93,2026-07-25T14:32:03.104776+00:00,5.025,0.03000000000000025,0.005970149253731393,0.9188962418632347,-0.08458206630493145,0.1513088817612887,55.22774184287038,0.0,674.9028619457608,True,0.22837568075510212
SPY260918P00680000,2026-07-24 19:59:07+00:00,680.0,5.1,5.11,5.13,-0.1800003,-3.4090967,1079.0,22070,0.2155229815673828,False,REGULAR,USD,SPY,put,2026-09-18,738.93,2026-07-25T14:32:03.104776+00:00,5.12,0.019999999999999574,0.0039062499999999167,0.9202495500250363,-0.08311039569347514,0.1513088817612887,55.22774184287038,0.0,675.8968278690977,True,0.22730634570202135
SPY260918P00681000,2026-07-24 19:03:56+00:00,681.0,5.29,5.2,5.23,-0.3499999,-6.2056723,40.0,489,0.2144243597412109,False,REGULAR,USD,SPY,put,2026-09-18,738.93,2026-07-25T14:32:03.104776+00:00,5.215,0.03000000000000025,0.005752636625119894,0.9216028581868377,-0.08164088771411523,0.1513088817612887,55.22774184287038,0.0,676.8907937924346,True,0.22620685064650864
SPY260918P00682000,2026-07-24 19:59:41+00:00,682.0,5.26,5.3,5.32,-0.62999964,-10.696089,73.0,343,0.2131731515502929,False,REGULAR,USD,SPY,put,2026-09-18,738.93,2026-07-25T14:32:03.104776+00:00,5.3100000000000005,0.020000000000000462,0.0037664783427496158,0.9229561663486393,-0.08017353602016546,0.1513088817612887,55.22774184287038,0.0,677.8847597157715,True,0.22507761759402117
SPY260918P00683000,2026-07-24 19:48:13+00:00,683.0,5.54,5.39,5.42,-0.4499998,-7.512518,88.0,413,0.2120287538146972,False,REGULAR,USD,SPY,put,2026-09-18,738.93,2026-07-25T14:32:03.104776+00:00,5.404999999999999,0.03000000000000025,0.005550416281221138,0.9243094745104409,-0.07870833429283744,0.1513088817612887,55.22774184287038,0.0,678.8787256391084,True,0.2239190385730767
SPY260918P00684000,2026-07-24 20:13:25+00:00,684.0,5.47,5.49,5.52,-0.6300001,-10.327871,45.0,376,0.2108538388061523,False,REGULAR,USD,SPY,put,2026-09-18,738.93,2026-07-25T14:32:03.104776+00:00,5.505,0.02999999999999936,0.0054495912806538345,0.9256627826722423,-0.07724527624107712,0.1513088817612887,55.22774184287038,0.0,679.8726915624453,True,0.22280369823127927
SPY260918P00685000,2026-07-24 19:58:43+00:00,685.0,5.6,5.6,5.63,-0.26000023,-4.436864,1695.0,17172,0.2097857342529296,False,REGULAR,USD,SPY,put,2026-09-18,738.93,2026-07-25T14:32:03.104776+00:00,5.615,0.03000000000000025,0.005342831700801469,0.9270160908340439,-0.07578435560140223,0.1513088817612887,55.22774184287038,0.0,680.8666574857822,True,0.22180061337837037
SPY260918P00686000,2026-07-24 19:03:59+00:00,686.0,5.78,5.7,5.73,-0.73,-11.213518,72.0,476,0.2085345260620116,False,REGULAR,USD,SPY,put,2026-09-18,738.93,2026-07-25T14:32:03.104776+00:00,5.715,0.03000000000000025,0.005249343832021041,0.9283693989958454,-0.07432556613774237,0.1513088817612887,55.22774184287038,0.0,681.8606234091192,True,0.22062318468332398
SPY260918P00687000,2026-07-24 19:16:38+00:00,687.0,6.07,5.81,5.84,-0.37999964,-5.891467,73.0,429,0.2074053869628906,False,REGULAR,USD,SPY,put,2026-09-18,738.93,2026-07-25T14:32:03.104776+00:00,5.824999999999999,0.03000000000000025,0.005150214592274722,0.9297227071576469,-0.07286890164127821,0.1513088817612887,55.22774184287038,0.0,682.854589332456,True,0.21955533217907025
SPY260918P00688000,2026-07-24 19:11:02+00:00,688.0,6.18,5.92,5.95,-0.39000034,-5.936078,38.0,2230,0.206215213317871,False,REGULAR,USD,SPY,put,2026-09-18,738.93,2026-07-25T14:32:03.104776+00:00,5.9350000000000005,0.03000000000000025,0.005054759898904844,0.9310760153194485,-0.07141435593028383,0.1513088817612887,55.22774184287038,0.0,683.8485552557929,True,0.21845486709308243
SPY260918P00689000,2026-07-24 19:04:00+00:00,689.0,6.1,6.03,6.06,-0.5799999,-8.682634,120.0,836,0.2050250396728515,False,REGULAR,USD,SPY,put,2026-09-18,738.93,2026-07-25T14:32:03.104776+00:00,6.045,0.02999999999999936,0.004962779156327438,0.93242932348125,-0.069961922849969,0.1513088817612887,55.22774184287038,0.0,684.8425211791299,True,0.2173221986251349
SPY260918P00690000,2026-07-24 19:58:56+00:00,690.0,6.14,6.15,6.17,-0.13000011,-2.073367,837.0,18505,0.2037890901184081,False,REGULAR,USD,SPY,put,2026-09-18,738.93,2026-07-25T14:32:03.104776+00:00,6.16,0.019999999999999574,0.0032467532467531776,0.9337826316430515,-0.06851159627232245,0.1513088817612887,55.22774184287038,0.0,685.8364871024668,True,0.21622481621625256
SPY260918P00691000,2026-07-24 19:03:56+00:00,691.0,6.35,6.26,6.29,-0.6199999,-8.895264,38.0,357,0.2026446923828124,False,REGULAR,USD,SPY,put,2026-09-18,738.93,2026-07-25T14:32:03.104776+00:00,6.275,0.03000000000000025,0.004780876494023944,0.935135939804853,-0.06706337009595768,0.1513088817612887,55.22774184287038,0.0,686.8304530258036,True,0.2150943794295781
SPY260918P00692000,2026-07-24 19:03:56+00:00,692.0,6.47,6.38,6.41,-0.10000038,-1.5220758,57.0,1717,0.2014850360107422,False,REGULAR,USD,SPY,put,2026-09-18,738.93,2026-07-25T14:32:03.104776+00:00,6.395,0.03000000000000025,0.00469116497263491,0.9364892479666546,-0.06561723824595797,0.1513088817612887,55.22774184287038,0.0,687.8244189491406,True,0.21399679562222929
SPY260918P00693000,2026-07-24 20:04:07+00:00,693.0,6.56,6.5,6.53,-0.6199999,-8.635097,191.0,850,0.2002643450927734,False,REGULAR,USD,SPY,put,2026-09-18,738.93,2026-07-25T14:32:03.104776+00:00,6.515000000000001,0.03000000000000025,0.004604758250191902,0.9378425561284561,-0.06417319467372426,0.1513088817612887,55.22774184287038,0.0,688.8183848724775,True,0.21286535126114595
SPY260918P00694000,2026-07-24 19:24:10+00:00,694.0,6.9,6.63,6.66,-0.46000004,-6.250001,69.0,335,0.1991504646301269,False,REGULAR,USD,SPY,put,2026-09-18,738.93,2026-07-25T14:32:03.104776+00:00,6.645,0.03000000000000025,0.004514672686230286,0.9391958642902576,-0.06273123335682305,0.1513088817612887,55.22774184287038,0.0,689.8123507958144,True,0.2118284276823711
SPY260918P00695000,2026-07-24 20:09:42+00:00,695.0,6.8,6.76,6.79,-0.39999962,-5.5555506,240.0,7139,0.1979908082580566,False,REGULAR,USD,SPY,put,2026-09-18,738.93,2026-07-25T14:32:03.104776+00:00,6.775,0.03000000000000025,0.004428044280442841,0.9405491724520592,-0.061291348298835376,0.1513088817612887,55.22774184287038,0.0,690.8063167191514,True,0.21075539207798794
SPY260918P00696000,2026-07-24 19:59:50+00:00,696.0,6.81,6.89,6.92,-0.78999996,-10.394736,83.0,788,0.1968006346130371,False,REGULAR,USD,SPY,put,2026-09-18,738.93,2026-07-25T14:32:03.104776+00:00,6.904999999999999,0.03000000000000025,0.004344677769732115,0.9419024806138606,-0.059853533529207935,0.1513088817612887,55.22774184287038,0.0,691.8002826424882,True,0.20964665801334453
SPY260918P00697000,2026-07-24 19:57:37+00:00,697.0,7.07,7.02,7.05,-0.6699996,-8.656326,80.0,646,0.1955646850585937,False,REGULAR,USD,SPY,put,2026-09-18,738.93,2026-07-25T14:32:03.104776+00:00,7.035,0.03000000000000025,0.004264392324093852,0.9432557887756622,-0.058417783103103645,0.1513088817612887,55.22774184287038,0.0,692.7942485658251,True,0.20850259772635799
SPY260918P00698000,2026-07-24 20:08:18+00:00,698.0,7.2,7.16,7.19,-0.69000006,-8.745248,80.0,1762,0.1944355459594726,False,REGULAR,USD,SPY,put,2026-09-18,738.93,2026-07-25T14:32:03.104776+00:00,7.175000000000001,0.03000000000000025,0.004181184668989581,0.9446090969374636,-0.05698409110125513,0.1513088817612887,55.22774184287038,0.0,693.788214489162,True,0.20744577702683248
SPY260918P00699000,2026-07-24 19:20:17+00:00,699.0,7.43,7.3,7.33,-0.5999999,-7.4719796,122.0,742,0.1932453723144531,False,REGULAR,USD,SPY,put,2026-09-18,738.93,2026-07-25T14:32:03.104776+00:00,7.3149999999999995,0.03000000000000025,0.004101161995898872,0.9459624050992652,-0.0555524516298173,0.1513088817612887,55.22774184287038,0.0,694.782180412499,True,0.20635154394281402
SPY260918P00700000,2026-07-24 20:11:08+00:00,700.0,7.49,7.44,7.47,-0.0800004,-1.0568085,6043.0,38646,0.1920246813964844,False,REGULAR,USD,SPY,put,2026-09-18,738.93,2026-07-25T14:32:03.104776+00:00,7.455,0.02999999999999936,0.004024144869215206,0.9473157132610668,-0.05412285882022283,0.1513088817612887,55.22774184287038,0.0,695.7761463358358,True,0.2052202683839136
SPY260918P00701000,2026-07-24 19:54:03+00:00,701.0,7.76,7.59,7.62,-0.6999998,-8.27423,45.0,837,0.190865025024414,False,REGULAR,USD,SPY,put,2026-09-18,738.93,2026-07-25T14:32:03.104776+00:00,7.605,0.03000000000000025,0.003944773175542439,0.9486690214228682,-0.05269530682903748,0.1513088817612887,55.22774184287038,0.0,696.7701122591727,True,0.20417045704951348
SPY260918P00702000,2026-07-24 19:43:31+00:00,702.0,7.96,7.74,7.77,-0.01999998,-0.25062633,115.0,242,0.1896901100158691,False,REGULAR,USD,SPY,put,2026-09-18,738.93,2026-07-25T14:32:03.104776+00:00,7.755,0.02999999999999936,0.003868471953578254,0.9500223295846698,-0.0512697898378164,0.1513088817612887,55.22774184287038,0.0,697.7640781825097,True,0.20308165532124856
SPY260918P00703000,2026-07-24 19:11:56+00:00,703.0,8.07,7.89,7.92,-0.9000006,-10.033451,117.0,477,0.1884541604614257,False,REGULAR,USD,SPY,put,2026-09-18,738.93,2026-07-25T14:32:03.104776+00:00,7.904999999999999,0.03000000000000025,0.003795066413662271,0.9513756377464713,-0.049846302052962685,0.1513088817612887,55.22774184287038,0.0,698.7580441058466,True,0.2019542176837028
SPY260918P00704000,2026-07-24 20:05:25+00:00,704.0,8.1,8.05,8.08,-0.5699997,-6.574391,127.0,992,0.1873097627258301,False,REGULAR,USD,SPY,put,2026-09-18,738.93,2026-07-25T14:32:03.104776+00:00,8.065000000000001,0.02999999999999936,0.0037197768133911168,0.9527289459082728,-0.048424837705585144,0.1513088817612887,55.22774184287038,0.0,699.7520100291835,True,0.2009028187356688
SPY260918P00705000,2026-07-24 19:57:45+00:00,705.0,8.23,8.21,8.24,-0.06000042,-0.72376865,311.0,7920,0.1861043304443359,False,REGULAR,USD,SPY,put,2026-09-18,738.93,2026-07-25T14:32:03.104776+00:00,8.225000000000001,0.02999999999999936,0.003647416413373782,0.9540822540700744,-0.04700539105135884,0.1513088817612887,55.22774184287038,0.0,700.7459759525204,True,0.19981095179259312
SPY260918P00706000,2026-07-24 19:31:19+00:00,706.0,8.59,8.37,8.4,-0.6899996,-7.4353404,153.0,392,0.1848836395263671,False,REGULAR,USD,SPY,put,2026-09-18,738.93,2026-07-25T14:32:03.104776+00:00,8.385,0.030000000000001137,0.003577817531306039,0.9554355622318759,-0.045587956370385485,0.1513088817612887,55.22774184287038,0.0,701.7399418758573,True,0.19867894223523536
SPY260918P00707000,2026-07-24 19:44:07+00:00,707.0,8.72,8.54,8.57,0.07999992,0.925925,152.0,1030,0.1836934658813476,False,REGULAR,USD,SPY,put,2026-09-18,738.93,2026-07-25T14:32:03.104776+00:00,8.555,0.030000000000001137,0.003506721215663488,0.9567888703936774,-0.04417252796705476,0.1513088817612887,55.22774184287038,0.0,702.7339077991942,True,0.19761786364616563
SPY260918P00708000,2026-07-24 19:03:56+00:00,708.0,8.81,8.71,8.74,0.0,0.0,152.0,449,0.1824880335998535,False,REGULAR,USD,SPY,put,2026-09-18,738.93,2026-07-25T14:32:03.104776+00:00,8.725000000000001,0.02999999999999936,0.0034383954154727056,0.9581421785554789,-0.042759100169907825,0.1513088817612887,55.22774184287038,0.0,703.7278737225312,True,0.1965149014520241
SPY260918P00709000,2026-07-24 19:32:42+00:00,709.0,9.05,8.88,8.91,0.07000065,0.7795173,52.0,5345,0.1812215667724609,False,REGULAR,USD,SPY,put,2026-09-18,738.93,2026-07-25T14:32:03.104776+00:00,8.895,0.02999999999999936,0.0033726812816188153,0.9594954867172805,-0.04134766733150004,0.1513088817612887,55.22774184287038,0.0,704.721839645868,True,0.19537033752335217
SPY260918P00710000,2026-07-24 20:11:16+00:00,710.0,9.11,9.06,9.09,-0.07000065,-0.76253426,11301.0,55076,0.1800313931274414,False,REGULAR,USD,SPY,put,2026-09-18,738.93,2026-07-25T14:32:03.104776+00:00,9.075,0.02999999999999936,0.003305785123966872,0.960848794879082,-0.03993822382826639,0.1513088817612887,55.22774184287038,0.0,705.7158055692049,True,0.19429187682053783
SPY260918P00711000,2026-07-24 19:59:52+00:00,711.0,9.13,9.24,9.27,-0.21000004,-2.2483943,123.0,1838,0.1787801849365234,False,REGULAR,USD,SPY,put,2026-09-18,738.93,2026-07-25T14:32:03.104776+00:00,9.254999999999999,0.02999999999999936,0.003241491085899445,0.9622021030408835,-0.038530764060386684,0.1513088817612887,55.22774184287038,0.0,706.7097714925418,True,0.1931701375663367
SPY260918P00712000,2026-07-24 19:03:56+00:00,712.0,9.53,9.43,9.46,0.0,0.0,60.0,856,0.1776052699279785,False,REGULAR,USD,SPY,put,2026-09-18,738.93,2026-07-25T14:32:03.104776+00:00,9.445,0.030000000000001137,0.0031762837480149428,0.9635554112026851,-0.037125282451651746,0.1513088817612887,55.22774184287038,0.0,707.7037374158788,True,0.19211072677193775
SPY260918P00713000,2026-07-24 19:10:22+00:00,713.0,9.96,9.62,9.65,-0.6800003,-6.39098,118.0,531,0.1763693203735352,False,REGULAR,USD,SPY,put,2026-09-18,738.93,2026-07-25T14:32:03.104776+00:00,9.635,0.030000000000001137,0.0031136481577582913,0.9649087193644865,-0.03572177344933164,0.1513088817612887,55.22774184287038,0.0,708.6977033392156,True,0.19100644093585173
SPY260918P00714000,2026-07-24 19:03:56+00:00,714.0,9.93,9.81,9.85,-0.3199997,-3.1219482,211.0,1422,0.1751791467285156,False,REGULAR,USD,SPY,put,2026-09-18,738.93,2026-07-25T14:32:03.104776+00:00,9.83,0.03999999999999915,0.004069175991861561,0.9662620275262881,-0.03432023152404314,0.1513088817612887,55.22774184287038,0.0,709.6916692625525,True,0.18990918833002718
SPY260918P00715000,2026-07-24 20:11:55+00:00,715.0,10.0,10.01,10.05,-0.77000046,-7.1494927,313.0,30804,0.1739584558105469,False,REGULAR,USD,SPY,put,2026-09-18,738.93,2026-07-25T14:32:03.104776+00:00,10.030000000000001,0.040000000000000924,0.0039880358923231225,0.9676153356880896,-0.032920651169619945,0.1513088817612887,55.22774184287038,0.0,710.6856351858895,True,0.18881770119186314
SPY260918P00716000,2026-07-24 19:35:12+00:00,716.0,10.35,10.22,10.25,0.03999996,0.38797244,59.0,687,0.1726767303466797,False,REGULAR,USD,SPY,put,2026-09-18,738.93,2026-07-25T14:32:03.104776+00:00,10.235,0.02999999999999936,0.002931118710307705,0.9689686438498911,-0.031523026902981935,0.1513088817612887,55.22774184287038,0.0,711.6796011092264,True,0.18773073766116216
SPY260918P00717000,2026-07-24 19:26:54+00:00,717.0,10.88,10.42,10.46,0.26000023,2.448213,131.0,1090,0.1714560394287109,False,REGULAR,USD,SPY,put,2026-09-18,738.93,2026-07-25T14:32:03.104776+00:00,10.440000000000001,0.040000000000000924,0.0038314176245211606,0.9703219520116927,-0.030127353264007145,0.1513088817612887,55.22774184287038,0.0,712.6735670325633,True,0.18659677552820958
SPY260918P00718000,2026-07-24 19:03:56+00:00,718.0,10.87,10.64,10.67,-0.5600004,-4.899391,94.0,957,0.1701743139648437,False,REGULAR,USD,SPY,put,2026-09-18,738.93,2026-07-25T14:32:03.104776+00:00,10.655000000000001,0.02999999999999936,0.002815579540121948,0.9716752601734941,-0.02873362481540339,0.1513088817612887,55.22774184287038,0.0,713.6675329559002,True,0.1855156650676812
SPY260918P00719000,2026-07-24 19:45:57+00:00,719.0,11.1,10.85,10.89,-0.55999947,-4.80274,168.0,803,0.1689383644104004,False,REGULAR,USD,SPY,put,2026-09-18,738.93,2026-07-25T14:32:03.104776+00:00,10.870000000000001,0.040000000000000924,0.003679852805887849,0.9730285683352957,-0.027341836142580837,0.1513088817612887,55.22774184287038,0.0,714.6614988792371,True,0.18438603023689462
SPY260918P00720000,2026-07-24 20:13:02+00:00,720.0,11.03,11.08,11.11,-0.25,-2.2163122,1169.0,27421,0.1676413803100586,False,REGULAR,USD,SPY,put,2026-09-18,738.93,2026-07-25T14:32:03.104776+00:00,11.094999999999999,0.02999999999999936,0.0027039206849931827,0.9743818764970972,-0.025951981853526596,0.1513088817612887,55.22774184287038,0.0,715.655464802574,True,0.18330601277050035
SPY260918P00721000,2026-07-24 19:13:21+00:00,721.0,11.57,11.31,11.34,-0.82000065,-6.6182456,109.0,1633,0.1664054307556152,False,REGULAR,USD,SPY,put,2026-09-18,738.93,2026-07-25T14:32:03.104776+00:00,11.325,0.02999999999999936,0.0026490066225165,0.9757351846588987,-0.024564056578678467,0.1513088817612887,55.22774184287038,0.0,716.649430725911,True,0.18222460079434877
SPY260918P00722000,2026-07-24 20:14:23+00:00,722.0,11.51,11.54,11.58,-1.1799994,-9.2986555,156.0,671,0.1651999984741211,False,REGULAR,USD,SPY,put,2026-09-18,738.93,2026-07-25T14:32:03.104776+00:00,11.559999999999999,0.040000000000000924,0.0034602076124568277,0.9770884928207003,-0.02317805497080127,0.1513088817612887,55.22774184287038,0.0,717.6433966492478,True,0.1811406644979673
SPY260918P00723000,2026-07-24 19:03:56+00:00,723.0,11.89,11.78,11.82,-1.25,-9.512938,110.0,675,0.1639335316467285,False,REGULAR,USD,SPY,put,2026-09-18,738.93,2026-07-25T14:32:03.104776+00:00,11.8,0.040000000000000924,0.0033898305084746542,0.9784418009825018,-0.02179397170486288,0.1513088817612887,55.22774184287038,0.0,718.6373625725847,True,0.18005308585793273
SPY260918P00724000,2026-07-24 19:56:16+00:00,724.0,12.21,12.02,12.06,-1.3199997,-9.756096,381.0,899,0.1626060302734375,False,REGULAR,USD,SPY,put,2026-09-18,738.93,2026-07-25T14:32:03.104776+00:00,12.04,0.040000000000000924,0.0033222591362127014,0.9797951091443033,-0.020411801477911152,0.1513088817612887,55.22774184287038,0.0,719.6313284959217,True,0.17891322976393398
SPY260918P00725000,2026-07-24 20:03:26+00:00,725.0,12.25,12.27,12.31,-0.21000004,-1.6853936,799.0,18338,0.1613243048095703,False,REGULAR,USD,SPY,put,2026-09-18,738.93,2026-07-25T14:32:03.104776+00:00,12.29,0.040000000000000924,0.003254678600488277,0.9811484173061048,-0.019031539008952807,0.1513088817612887,55.22774184287038,0.0,720.6252944192586,True,0.17781538533183544
SPY260918P00726000,2026-07-24 20:13:53+00:00,726.0,12.49,12.53,12.57,-1.3400002,-9.689083,223.0,2905,0.1600730966186523,False,REGULAR,USD,SPY,put,2026-09-18,738.93,2026-07-25T14:32:03.104776+00:00,12.55,0.040000000000000924,0.0031872509960160097,0.9825017254679064,-0.01765317903883145,0.1513088817612887,55.22774184287038,0.0,721.6192603425955,True,0.17675742419894167
SPY260918P00727000,2026-07-24 19:32:26+00:00,727.0,13.04,12.79,12.83,-0.9499998,-6.7905636,465.0,1024,0.1587608538818359,False,REGULAR,USD,SPY,put,2026-09-18,738.93,2026-07-25T14:32:03.104776+00:00,12.809999999999999,0.040000000000000924,0.0031225604996097524,0.9838550336297079,-0.016276716330108125,0.1513088817612887,55.22774184287038,0.0,722.6132262659323,True,0.17564422284273573
SPY260918P00728000,2026-07-24 19:03:56+00:00,728.0,13.19,13.06,13.1,-1.1200008,-7.8267,214.0,937,0.1574791284179687,False,REGULAR,USD,SPY,put,2026-09-18,738.93,2026-07-25T14:32:03.104776+00:00,13.08,0.03999999999999915,0.003058103975535103,0.9852083417915094,-0.014902145666941587,0.1513088817612887,55.22774184287038,0.0,723.6071921892693,True,0.17456810019567348
SPY260918P00729000,2026-07-24 19:03:56+00:00,729.0,13.46,13.34,13.38,-0.010000229,-0.074240744,200.0,988,0.1562126615905761,False,REGULAR,USD,SPY,put,2026-09-18,738.93,2026-07-25T14:32:03.104776+00:00,13.36,0.040000000000000924,0.0029940119760479733,0.986561649953311,-0.013529461854969362,0.1513088817612887,55.22774184287038,0.0,724.6011581126062,True,0.17352708840265202
SPY260918P00730000,2026-07-24 20:12:58+00:00,730.0,13.59,13.62,13.66,-0.09999943,-0.73045605,2487.0,22989,0.1548851602172852,False,REGULAR,USD,SPY,put,2026-09-18,738.93,2026-07-25T14:32:03.104776+00:00,13.64,0.040000000000000924,0.0029325513196481615,0.9879149581151124,-0.012158659721190764,0.1513088817612887,55.22774184287038,0.0,725.5951240359431,True,0.17242793880953772
SPY260918P00731000,2026-07-24 19:03:56+00:00,731.0,14.04,13.91,13.95,-1.1599998,-7.6315784,564.0,494,0.1535881761169433,False,REGULAR,USD,SPY,put,2026-09-18,738.93,2026-07-25T14:32:03.104776+00:00,13.93,0.03999999999999915,0.002871500358937484,0.989268266276914,-0.010789734113849028,0.1513088817612887,55.22774184287038,0.0,726.58908995928,True,0.17136122775728624
SPY260918P00732000,2026-07-24 19:45:52+00:00,732.0,14.52,14.21,14.25,0.10000038,0.69348395,369.0,921,0.1523217092895508,False,REGULAR,USD,SPY,put,2026-09-18,738.93,2026-07-25T14:32:03.104776+00:00,14.23,0.03999999999999915,0.00281096275474344,0.9906215744387155,-0.009422679902316038,0.1513088817612887,55.22774184287038,0.0,727.5830558826169,True,0.17032513014505452
SPY260918P00733000,2026-07-24 19:03:56+00:00,733.0,14.65,14.52,14.56,-0.1800003,-1.213758,201.0,1039,0.1510552424621582,False,REGULAR,USD,SPY,put,2026-09-18,738.93,2026-07-25T14:32:03.104776+00:00,14.54,0.040000000000000924,0.0027510316368638877,0.991974882600517,-0.008057491976976059,0.1513088817612887,55.22774184287038,0.0,728.5770218059538,True,0.1693178933405231
SPY260918P00734000,2026-07-24 19:03:56+00:00,734.0,14.96,14.83,14.87,0.10999966,0.7407384,291.0,935,0.1497277410888672,False,REGULAR,USD,SPY,put,2026-09-18,738.93,2026-07-25T14:32:03.104776+00:00,14.85,0.03999999999999915,0.002693602693602636,0.9933281907623186,-0.006694165249111924,0.1513088817612887,55.22774184287038,0.0,729.5709877292908,True,0.16824834466536964
SPY260918P00735000,2026-07-24 20:08:30+00:00,735.0,15.26,15.15,15.19,0.09000015,0.5932772,1296.0,15051,0.1484154983520508,False,REGULAR,USD,SPY,put,2026-09-18,738.93,2026-07-25T14:32:03.104776+00:00,15.17,0.03999999999999915,0.0026367831245879465,0.9946814989241201,-0.005332694650790894,0.1513088817612887,55.22774184287038,0.0,730.5649536526277,True,0.16720514237298692
SPY260918P00736000,2026-07-24 19:28:14+00:00,736.0,16.03,15.48,15.52,-0.9399986,-5.539179,227.0,1110,0.1471032556152343,False,REGULAR,USD,SPY,put,2026-09-18,738.93,2026-07-25T14:32:03.104776+00:00,15.5,0.03999999999999915,0.0025806451612902675,0.9960348070859216,-0.003973075134751286,0.1513088817612887,55.22774184287038,0.0,731.5589195759645,True,0.16618664719045245
SPY260918P00737000,2026-07-24 20:11:34+00:00,737.0,15.9,15.81,15.86,-0.6499996,-3.9274905,262.0,1827,0.1458215301513671,False,REGULAR,USD,SPY,put,2026-09-18,738.93,2026-07-25T14:32:03.104776+00:00,15.835,0.049999999999998934,0.003157562361856579,0.9973881152477231,-0.0026153016742909863,0.1513088817612887,55.22774184287038,0.0,732.5528854993015,True,0.1651470691973517
SPY260918P00738000,2026-07-24 20:11:34+00:00,738.0,16.25,16.16,16.2,-0.12999916,-0.79364574,473.0,1608,0.1444482528686523,False,REGULAR,USD,SPY,put,2026-09-18,738.93,2026-07-25T14:32:03.104776+00:00,16.18,0.03999999999999915,0.0024721878862793045,0.9987414234095247,-0.0012593692631550479,0.1513088817612887,55.22774184287038,0.0,733.5468514226384,True,0.16412939925376482
SPY260918P00739000,2026-07-24 19:13:56+00:00,739.0,16.92,16.51,16.56,0.37999916,2.2974555,284.0,561,0.1431665274047852,True,REGULAR,USD,SPY,put,2026-09-18,738.93,2026-07-25T14:32:03.104776+00:00,16.535,0.04999999999999716,0.003023888720894899,1.0000947315713262,9.472708457427596e-05,0.1513088817612887,55.22774184287038,0.0,734.5408173459753,True,0.16313213574785948
SPY260918P00740000,2026-07-24 20:13:52+00:00,740.0,16.81,16.88,16.92,-0.09000015,-0.53254527,2055.0,12643,0.1418237673950195,True,REGULAR,USD,SPY,put,2026-09-18,738.93,2026-07-25T14:32:03.104776+00:00,16.9,0.0400000000000027,0.002366863905325604,1.0014480397331278,0.0014469923345879852,0.1513088817612887,55.22774184287038,0.0,735.5347832693122,True,0.16215383585752985
SPY260918P00741000,2026-07-24 19:56:46+00:00,741.0,17.42,17.25,17.29,-0.020000458,-0.11468153,268.0,1139,0.1404657487487793,True,REGULAR,USD,SPY,put,2026-09-18,738.93,2026-07-25T14:32:03.104776+00:00,17.27,0.03999999999999915,0.0023161551823971714,1.0028013478949291,0.002797431432459259,0.1513088817612887,55.22774184287038,0.0,736.5287491926491,True,0.1611493586776504
SPY260918P00742000,2026-07-24 19:59:28+00:00,742.0,17.85,17.63,17.68,-1.1000004,-5.804751,189.0,1319,0.1391992819213867,True,REGULAR,USD,SPY,put,2026-09-18,738.93,2026-07-25T14:32:03.104776+00:00,17.655,0.05000000000000071,0.002832058906825302,1.0041546560567307,0.0041460493037528655,0.1513088817612887,55.22774184287038,0.0,737.522715115986,True,0.16020495251941522
SPY260918P00743000,2026-07-24 19:38:56+00:00,743.0,18.08,18.02,18.07,0.10000038,0.55617565,341.0,919,0.1378412632751465,True,REGULAR,USD,SPY,put,2026-09-18,738.93,2026-07-25T14:32:03.104776+00:00,18.045,0.05000000000000071,0.002770850651149942,1.0055079642185323,0.005492850854131627,0.1513088817612887,55.22774184287038,0.0,738.5166810393229,True,0.15923185872123635
SPY260918P00744000,2026-07-24 20:10:36+00:00,744.0,18.55,18.43,18.47,-1.75,-8.620689,194.0,1255,0.1364832446289062,True,REGULAR,USD,SPY,put,2026-09-18,738.93,2026-07-25T14:32:03.104776+00:00,18.45,0.03999999999999915,0.002168021680216756,1.0068612723803338,0.006837840969464374,0.1513088817612887,55.22774184287038,0.5806469626598982,739.5106469626598,True,0.1583161572286822
SPY260918P00745000,2026-07-24 20:00:46+00:00,745.0,18.76,18.84,18.88,-0.19999886,-1.0548463,914.0,5185,0.135125225982666,True,REGULAR,USD,SPY,put,2026-09-18,738.93,2026-07-25T14:32:03.104776+00:00,18.86,0.03999999999999915,0.0021208907741250872,1.0082145805421354,0.008181024515932068,0.1513088817612887,55.22774184287038,1.5746128859967712,740.5046128859967,True,0.15736938114600693
SPY260918P00746000,2026-07-24 19:57:35+00:00,746.0,19.37,19.26,19.31,-1.5199986,-7.276202,55.0,1944,0.1338435005187988,True,REGULAR,USD,SPY,put,2026-09-18,738.93,2026-07-25T14:32:03.104776+00:00,19.285,0.04999999999999716,0.002592688618096819,1.0095678887039368,0.00952240634013323,0.1513088817612887,55.22774184287038,2.568578809333644,741.4985788093336,True,0.15647759659446217
SPY260918P00747000,2026-07-24 18:29:11+00:00,747.0,19.36,19.69,19.74,-0.29999924,-1.5259371,59.0,2474,0.1324549645996094,True,REGULAR,USD,SPY,put,2026-09-18,738.93,2026-07-25T14:32:03.104776+00:00,19.715,0.04999999999999716,0.002536139994927576,1.0109211968657383,0.010861991269189731,0.1513088817612887,55.22774184287038,3.5625447326706308,742.4925447326706,True,0.15555245440327273
SPY260918P00748000,2026-07-24 19:59:18+00:00,748.0,20.29,19.7,20.63,-1.7299995,-7.856492,102.0,1997,0.1350336741638184,True,REGULAR,USD,SPY,put,2026-09-18,738.93,2026-07-25T14:32:03.104776+00:00,20.165,0.9299999999999997,0.046119514009422255,1.01227450502754,0.012199784110849713,0.1513088817612887,55.22774184287038,4.556510656007504,743.4865106560075,True,0.15472388816096833
SPY260918P00749000,2026-07-24 17:08:13+00:00,749.0,19.58,20.25,21.62,-2.290001,-10.470968,8.0,1054,0.1384516087341308,True,REGULAR,USD,SPY,put,2026-09-18,738.93,2026-07-25T14:32:03.104776+00:00,20.935000000000002,1.370000000000001,0.06544064962980659,1.0136278131893415,0.013535789653591992,0.1513088817612887,55.22774184287038,5.550476579344377,744.4804765793443,True,0.15661907043153683
SPY260918P00750000,2026-07-24 20:12:37+00:00,750.0,21.15,20.6,21.58,0.17000008,0.8102959,595.0,22014,0.1326075509643555,True,REGULAR,USD,SPY,put,2026-09-18,738.93,2026-07-25T14:32:03.104776+00:00,21.09,0.9799999999999969,0.04646752015173053,1.014981121351143,0.014870012666728685,0.1513088817612887,55.22774184287038,6.544442502681363,745.4744425026813,True,0.15304720852910017
SPY260918P00752000,2026-07-24 16:58:01+00:00,752.0,20.28,21.28,22.87,-3.3099995,-14.031367,86.0,1350,0.1328364305114746,True,REGULAR,USD,SPY,put,2026-09-18,738.93,2026-07-25T14:32:03.104776+00:00,22.075000000000003,1.5899999999999999,0.07202718006795016,1.017687737674746,0.017533130086212254,0.1513088817612887,55.22774184287038,8.53237434935511,747.4623743493551,True,0.15157359879636173
SPY260918P00753000,2026-07-24 17:37:28+00:00,753.0,20.68,21.26,23.59,-2.5599995,-11.015489,17.0,1682,0.1335078105163574,True,REGULAR,USD,SPY,put,2026-09-18,738.93,2026-07-25T14:32:03.104776+00:00,22.425,2.3299999999999983,0.10390189520624295,1.0190410458365475,0.018862033936266055,0.1513088817612887,55.22774184287038,9.526340272692096,748.456340272692,True,0.14944713308802332
SPY260918P00754000,2026-07-24 19:32:50+00:00,754.0,23.32,21.8,24.36,-1.2900009,-5.241775,16.0,1092,0.1345759150695801,True,REGULAR,USD,SPY,put,2026-09-18,738.93,2026-07-25T14:32:03.104776+00:00,23.08,2.5599999999999987,0.1109185441941074,1.020394353998349,0.02018917414432859,0.1513088817612887,55.22774184287038,10.520306196028969,749.4503061960289,True,0.1499445357864615
SPY260918P00755000,2026-07-24 19:58:10+00:00,755.0,23.71,22.94,23.8,-0.960001,-3.89137,366.0,6442,0.1230861618041992,True,REGULAR,USD,SPY,put,2026-09-18,738.93,2026-07-25T14:32:03.104776+00:00,23.37,0.8599999999999994,0.036799315361574644,1.0217476621601504,0.021514555385397052,0.1513088817612887,55.22774184287038,11.514272119365842,750.4442721193658,True,0.14709398831249118
SPY260918P00756000,2026-07-24 17:01:32+00:00,756.0,22.55,22.86,25.45,-1.75,-7.2016463,14.0,839,0.1322566023254394,True,REGULAR,USD,SPY,put,2026-09-18,738.93,2026-07-25T14:32:03.104776+00:00,24.155,2.59,0.10722417718898777,1.023100970321952,0.02283818231590539,0.1513088817612887,55.22774184287038,12.508238042702828,751.4382380427028,True,0.14860055201482658
SPY260918P00757000,2026-07-24 14:27:46+00:00,757.0,24.5,23.41,25.98,-1.4899998,-5.732973,11.0,631,0.1307765145874023,True,REGULAR,USD,SPY,put,2026-09-18,738.93,2026-07-25T14:32:03.104776+00:00,24.695,2.5700000000000003,0.10406964972666533,1.0244542784837536,0.024160059573821214,0.1513088817612887,55.22774184287038,13.502203966039701,752.4322039660397,True,0.14782145936402094
SPY260918P00758000,2026-07-24 18:17:35+00:00,758.0,23.89,23.99,26.56,-2.6100006,-9.849059,18.0,233,0.1296778927612304,True,REGULAR,USD,SPY,put,2026-09-18,738.93,2026-07-25T14:32:03.104776+00:00,25.275,2.5700000000000003,0.10168150346191891,1.0258075866455552,0.025480191778744138,0.1513088817612887,55.22774184287038,14.496169889376574,753.4261698893765,True,0.14731913360812643
SPY260918P00759000,2026-07-24 15:37:56+00:00,759.0,23.2,24.57,27.17,-4.33,-15.728296,18.0,655,0.1287318572998047,True,REGULAR,USD,SPY,put,2026-09-18,738.93,2026-07-25T14:32:03.104776+00:00,25.87,2.6000000000000014,0.10050251256281412,1.0271608948073567,0.026798583532002453,0.1513088817612887,55.22774184287038,15.490135812713447,754.4201358127134,True,0.1468690316096396
SPY260918P00760000,2026-07-24 19:45:49+00:00,760.0,26.93,25.16,27.74,0.62000084,2.3565216,247.0,8192,0.1272822868347168,True,REGULAR,USD,SPY,put,2026-09-18,738.93,2026-07-25T14:32:03.104776+00:00,26.45,2.5799999999999983,0.09754253308128538,1.028514202969158,0.028115239416749118,0.1513088817612887,55.22774184287038,16.484101736050434,755.4141017360504,True,0.14619343317787326
SPY260918P00761000,2026-07-24 13:39:00+00:00,761.0,26.94,25.75,28.84,0.5799999,2.2003033,1.0,553,0.1310511700439453,True,REGULAR,USD,SPY,put,2026-09-18,738.93,2026-07-25T14:32:03.104776+00:00,27.295,3.09,0.11320754716981131,1.0298675111309596,0.029430163998058236,0.1513088817612887,55.22774184287038,17.478067659387307,756.4080676593873,True,0.14791222269704973
SPY260918P00762000,2026-07-24 15:39:02+00:00,762.0,24.54,26.38,29.47,-2.5,-9.245562,9.0,534,0.1300441000366211,True,REGULAR,USD,SPY,put,2026-09-18,738.93,2026-07-25T14:32:03.104776+00:00,27.924999999999997,3.09,0.11065353625783349,1.0312208192927612,0.030743361823018716,0.1513088817612887,55.22774184287038,18.47203358272418,757.4020335827241,True,0.1475500567405475
SPY260918P00763000,2026-07-24 15:01:14+00:00,763.0,25.95,27.02,30.12,1.6000004,6.5708437,2.0,208,0.1291133232116699,True,REGULAR,USD,SPY,put,2026-09-18,738.93,2026-07-25T14:32:03.104776+00:00,28.57,3.1000000000000014,0.10850542527126361,1.0325741274545628,0.03205483742082949,0.1513088817612887,55.22774184287038,19.465999506061166,758.3959995060611,True,0.1472463068167016
SPY260918P00764000,2026-07-23 19:44:33+00:00,764.0,30.92,27.29,30.78,0.0,0.0,81.0,237,0.1281672877502441,True,REGULAR,USD,SPY,put,2026-09-18,738.93,2026-07-25T14:32:03.104776+00:00,29.035,3.490000000000002,0.1201997589116584,1.0339274356163644,0.03336459530289303,0.1513088817612887,55.22774184287038,20.45996542939804,759.389965429398,True,0.14511952882432466
SPY260918P00765000,2026-07-24 18:32:58+00:00,765.0,29.75,27.97,31.46,0.23999977,0.81328285,8.0,3051,0.127312804107666,True,REGULAR,USD,SPY,put,2026-09-18,738.93,2026-07-25T14:32:03.104776+00:00,29.715,3.490000000000002,0.11744909978125533,1.0352807437781657,0.0346726399629082,0.1513088817612887,55.22774184287038,21.453931352734912,760.3839313527349,True,0.1449677957435468
SPY260918P00766000,2026-07-24 18:37:32+00:00,766.0,30.7,29.75,31.63,1.0300007,3.4715223,5.0,335,0.1206142626953125,True,REGULAR,USD,SPY,put,2026-09-18,738.93,2026-07-25T14:32:03.104776+00:00,30.689999999999998,1.879999999999999,0.061257738677093485,1.0366340519399673,0.035978975876963706,0.1513088817612887,55.22774184287038,22.4478972760719,761.3778972760718,True,0.14764584892343516
SPY260918P00767000,2026-07-23 20:10:33+00:00,767.0,30.86,29.55,32.86,0.0,0.0,38.0,645,0.1256801300048828,True,REGULAR,USD,SPY,put,2026-09-18,738.93,2026-07-25T14:32:03.104776+00:00,31.205,3.3099999999999987,0.10607274475244348,1.0379873601017688,0.037283607503628635,0.1513088817612887,55.22774184287038,23.441863199408772,762.3718631994087,True,0.14571673755962528
SPY260918P00768000,2026-07-23 13:46:00+00:00,768.0,30.0,30.11,33.59,0.0,0.0,8.0,188,0.1250392672729492,True,REGULAR,USD,SPY,put,2026-09-18,738.93,2026-07-25T14:32:03.104776+00:00,31.85,3.480000000000004,0.10926216640502366,1.0393406682635704,0.03858653928404466,0.1513088817612887,55.22774184287038,24.435829122745645,763.3658291227456,True,0.1449740897366626
SPY260918P00769000,2026-07-24 17:32:39+00:00,769.0,29.47,30.85,34.32,3.9099998,15.297339,5.0,537,0.1242458181762695,True,REGULAR,USD,SPY,put,2026-09-18,738.93,2026-07-25T14:32:03.104776+00:00,32.585,3.469999999999999,0.10649071658738679,1.040693976425372,0.03988777564201651,0.1513088817612887,55.22774184287038,25.42979504608263,764.3597950460826,True,0.145057747807464
SPY260918P00770000,2026-07-24 20:13:52+00:00,770.0,33.3,31.6,34.78,0.40999985,1.246579,845.0,3594,0.1200344345092773,True,REGULAR,USD,SPY,put,2026-09-18,738.93,2026-07-25T14:32:03.104776+00:00,33.19,3.1799999999999997,0.09581199156372401,1.0420472845871733,0.041187320984101904,0.1513088817612887,55.22774184287038,26.423760969419504,765.3537609694195,True,0.14371029631512372
SPY260918P00771000,2026-07-24 19:18:19+00:00,771.0,34.93,32.37,35.84,8.6,32.662365,2.0,677,0.12305564453125,True,REGULAR,USD,SPY,put,2026-09-18,738.93,2026-07-25T14:32:03.104776+00:00,34.105000000000004,3.470000000000006,0.10174461222694636,1.043400592748975,0.042485179699701905,0.1513088817612887,55.22774184287038,27.417726892756377,766.3477268927563,True,0.14552294595978954
SPY260918P00772000,2026-07-24 19:18:19+00:00,772.0,35.72,33.16,36.63,-0.52000046,-1.4348798,10.0,390,0.1226589199829101,True,REGULAR,USD,SPY,put,2026-09-18,738.93,2026-07-25T14:32:03.104776+00:00,34.894999999999996,3.470000000000006,0.09944118068491206,1.0447539009107765,0.04378135616114863,0.1513088817612887,55.22774184287038,28.41169281609325,767.3416928160932,True,0.1459687894866556
SPY260918P00773000,2026-07-24 17:21:49+00:00,773.0,33.47,33.96,37.43,5.0700016,17.85212,8.0,482,0.1222927127075195,True,REGULAR,USD,SPY,put,2026-09-18,738.93,2026-07-25T14:32:03.104776+00:00,35.695,3.469999999999999,0.09721249474716344,1.046107209072578,0.04507585472379446,0.1513088817612887,55.22774184287038,29.405658739430237,768.3356587394302,True,0.1464583382269775
SPY260918P00774000,2026-07-24 19:18:19+00:00,774.0,37.36,34.78,38.25,11.640001,45.256615,6.0,1620,0.122079091796875,True,REGULAR,USD,SPY,put,2026-09-18,738.93,2026-07-25T14:32:03.104776+00:00,36.515,3.469999999999999,0.09502943995618236,1.0474605172343796,0.04636867972609966,0.1513088817612887,55.22774184287038,30.39962466276711,769.3296246627671,True,0.14710461149952156
SPY260918P00775000,2026-07-24 19:51:04+00:00,775.0,38.04,35.61,39.0,-0.6899986,-1.7815613,2.0,4015,0.1207668490600586,True,REGULAR,USD,SPY,put,2026-09-18,738.93,2026-07-25T14:32:03.104776+00:00,37.305,3.3900000000000006,0.09087253719340573,1.048813825396181,0.047659835489719374,0.1513088817612887,55.22774184287038,31.393590586103983,770.3235905861039,True,0.14736004252611123
SPY260918P00776000,2026-07-24 19:51:49+00:00,776.0,38.73,36.46,39.92,-1.1399994,-2.8592913,41.0,1322,0.1217434017944336,True,REGULAR,USD,SPY,put,2026-09-18,738.93,2026-07-25T14:32:03.104776+00:00,38.19,3.460000000000001,0.09059963341188795,1.0501671335579825,0.04894932631959117,0.1513088817612887,55.22774184287038,32.38755650944097,771.3175565094409,True,0.1486180381747444
SPY260918P00777000,2026-07-24 19:32:18+00:00,777.0,39.36,37.33,40.78,-1.1499977,-2.8387997,39.0,281,0.121804436340332,True,REGULAR,USD,SPY,put,2026-09-18,738.93,2026-07-25T14:32:03.104776+00:00,39.055,3.450000000000003,0.08833696069645379,1.051520441719784,0.0502371565040199,0.1513088817612887,55.22774184287038,33.38152243277784,772.3115224327778,True,0.14960827427115297
SPY260918P00778000,2026-07-24 19:37:22+00:00,778.0,39.81,38.21,41.66,-1.8799973,-4.5094686,32.0,112,0.122079091796875,True,REGULAR,USD,SPY,put,2026-09-18,738.93,2026-07-25T14:32:03.104776+00:00,39.935,3.4499999999999957,0.08639038437460862,1.0528737498815857,0.05152333031476411,0.1513088817612887,55.22774184287038,34.375488356114715,773.3054883561147,True,0.15072584774941478
SPY260918P00779000,2026-07-24 19:18:22+00:00,779.0,41.67,39.11,42.56,1.7199974,4.305375,2.0,726,0.1225978854370117,True,REGULAR,USD,SPY,put,2026-09-18,738.93,2026-07-25T14:32:03.104776+00:00,40.835,3.450000000000003,0.08448634749602064,1.0542270580433872,0.05280785200712081,0.1513088817612887,55.22774184287038,35.3694542794517,774.2994542794517,True,0.1520351778880939
SPY260918P00780000,2026-07-24 19:59:19+00:00,780.0,42.0,40.02,43.48,-1.0,-2.3255813,7.0,1272,0.1233302999877929,True,REGULAR,USD,SPY,put,2026-09-18,738.93,2026-07-25T14:32:03.104776+00:00,41.75,3.4599999999999937,0.08287425149700584,1.0555803662051886,0.0540907258200098,0.1513088817612887,55.22774184287038,36.363420202788575,775.2934202027885,True,0.1534853554040222
SPY260918P00781000,2026-07-24 19:18:22+00:00,781.0,43.51,40.95,44.4,9.309998,27.222214,2.0,222,0.1240627145385742,True,REGULAR,USD,SPY,put,2026-09-18,738.93,2026-07-25T14:32:03.104776+00:00,42.675,3.4499999999999957,0.08084358523725825,1.0569336743669902,0.055371955976058394,0.1513088817612887,55.22774184287038,37.35738612612545,776.2873861261254,True,0.15502277687298527
SPY260918P00782000,2026-07-24 19:18:23+00:00,782.0,44.46,41.89,45.34,9.459999,27.02857,2.0,344,0.1250392672729492,True,REGULAR,USD,SPY,put,2026-09-18,738.93,2026-07-25T14:32:03.104776+00:00,43.615,3.450000000000003,0.07910122664221031,1.0582869825287917,0.05665154668168355,0.1513088817612887,55.22774184287038,38.351352049462434,777.2813520494624,True,0.15671140842699754
SPY260918P00783000,2026-07-24 19:18:23+00:00,783.0,45.38,42.85,46.3,1.8300018,4.2020707,2.0,511,0.1263209927368164,True,REGULAR,USD,SPY,put,2026-09-18,738.93,2026-07-25T14:32:03.104776+00:00,44.575,3.4499999999999957,0.07739764441951756,1.0596402906905933,0.05792950212717561,0.1513088817612887,55.22774184287038,39.34531797279931,778.2753179727993,True,0.158617220578476
SPY260918P00784000,2026-07-24 19:18:24+00:00,784.0,46.34,43.82,47.27,9.670002,26.370338,2.0,229,0.1277553045654297,True,REGULAR,USD,SPY,put,2026-09-18,738.93,2026-07-25T14:32:03.104776+00:00,45.545,3.450000000000003,0.07574925897464052,1.0609935988523949,0.059205826486780404,0.1513088817612887,55.22774184287038,40.33928389613618,779.2692838961361,True,0.16062467550918963
SPY260918P00785000,2026-07-22 19:29:43+00:00,785.0,37.51,44.8,48.24,0.0,0.0,125.0,119,0.1291590991210937,True,REGULAR,USD,SPY,put,2026-09-18,738.93,2026-07-25T14:32:03.104776+00:00,46.519999999999996,3.440000000000005,0.07394668959587285,1.0623469070141962,0.060480523918780824,0.1513088817612887,55.22774184287038,41.33324981947317,780.2632498194731,True,0.16267554781653343
SPY260918P00786000,2026-07-22 19:35:53+00:00,786.0,38.51,45.78,49.22,0.0,0.0,88.0,0,0.1307154800415039,True,REGULAR,USD,SPY,put,2026-09-18,738.93,2026-07-25T14:32:03.104776+00:00,47.5,3.4399999999999977,0.0724210526315789,1.0637002151759978,0.06175359856557898,0.1513088817612887,55.22774184287038,42.32721574281004,781.25721574281,True,0.16477157907337373
SPY260918P00787000,2026-07-23 19:52:09+00:00,787.0,50.3,46.76,50.19,0.0,0.0,4.0,71,0.1320582400512695,True,REGULAR,USD,SPY,put,2026-09-18,738.93,2026-07-25T14:32:03.104776+00:00,48.474999999999994,3.4299999999999997,0.07075812274368232,1.0650535233377993,0.0630250545537757,0.1513088817612887,55.22774184287038,43.32118166614691,782.2511816661469,True,0.16678977418849272
SPY260918P00788000,2026-07-22 19:36:03+00:00,788.0,40.65,47.76,51.19,0.0,0.0,4.0,1,0.133950310974121,True,REGULAR,USD,SPY,put,2026-09-18,738.93,2026-07-25T14:32:03.104776+00:00,49.474999999999994,3.4299999999999997,0.06932794340576048,1.066406831499601,0.06429489599425164,0.1513088817612887,55.22774184287038,44.315147589483786,783.2451475894837,True,0.16910571103389987
SPY260918P00789000,2026-07-20 20:00:16+00:00,789.0,46.55,48.75,52.19,0.0,0.0,2.0,0,0.1358118646240234,True,REGULAR,USD,SPY,put,2026-09-18,738.93,2026-07-25T14:32:03.104776+00:00,50.47,3.4399999999999977,0.0681593025559738,1.0677601396614023,0.06556312698224659,0.1513088817612887,55.22774184287038,45.30911351282077,784.2391135128207,True,0.17134690998523747
SPY260918P00790000,2026-07-21 17:07:30+00:00,790.0,41.57,49.75,53.19,0.0,0.0,12.0,57,0.1376734182739258,True,REGULAR,USD,SPY,put,2026-09-18,738.93,2026-07-25T14:32:03.104776+00:00,51.47,3.4399999999999977,0.06683504954342331,1.0691134478232038,0.06682975159743958,0.1513088817612887,55.22774184287038,46.303079436157645,785.2330794361576,True,0.17363945754197582
SPY260918P00791000,2026-07-15 13:35:55+00:00,791.0,37.14,50.75,54.19,0.0,0.0,4.0,0,0.1395349719238281,True,REGULAR,USD,SPY,put,2026-09-18,738.93,2026-07-25T14:32:03.104776+00:00,52.47,3.4399999999999977,0.06556127310844288,1.0704667559850054,0.06809477390402631,0.1513088817612887,55.22774184287038,47.29704535949452,786.2270453594945,True,0.17592090155305828
SPY260918P00792000,2026-07-15 18:14:50+00:00,792.0,38.26,51.75,55.19,0.0,0.0,15.0,0,0.1413660083007812,True,REGULAR,USD,SPY,put,2026-09-18,738.93,2026-07-25T14:32:03.104776+00:00,53.47,3.4399999999999977,0.06433514120067324,1.071820064146807,0.06935819795079834,0.1513088817612887,55.22774184287038,48.291011282831505,787.2210112828315,True,0.17819149871421802
SPY260918P00793000,2026-07-15 13:35:54+00:00,793.0,38.78,52.75,56.19,0.0,0.0,4.0,0,0.1431970446777344,True,REGULAR,USD,SPY,put,2026-09-18,738.93,2026-07-25T14:32:03.104776+00:00,54.47,3.4399999999999977,0.06315402974114187,1.0731733723086085,0.0706200277712205,0.1513088817612887,55.22774184287038,49.28497720616838,788.2149772061683,True,0.1804514945162159
SPY260918P00794000,2026-07-15 13:35:55+00:00,794.0,39.63,53.76,57.19,0.0,0.0,4.0,0,0.1450280810546875,True,REGULAR,USD,SPY,put,2026-09-18,738.93,2026-07-25T14:32:03.104776+00:00,55.474999999999994,3.4299999999999997,0.061829652996845424,1.07452668047041,0.07188026738350808,0.1513088817612887,55.22774184287038,50.27894312950525,789.2089431295052,True,0.18276594895831513
SPY260918P00795000,2026-07-15 13:35:56+00:00,795.0,40.45,54.75,58.19,0.0,0.0,4.0,4,0.1468591174316406,True,REGULAR,USD,SPY,put,2026-09-18,738.93,2026-07-25T14:32:03.104776+00:00,56.47,3.4399999999999977,0.06091730122188769,1.0758799886322115,0.0731389207907043,0.1513088817612887,55.22774184287038,51.27290905284224,790.2029090528422,True,0.18494061074577
SPY260918P00796000,2026-07-15 13:35:56+00:00,796.0,41.34,55.75,59.19,0.0,0.0,4.0,0,0.1486596365356445,True,REGULAR,USD,SPY,put,2026-09-18,738.93,2026-07-25T14:32:03.104776+00:00,57.47,3.4399999999999977,0.059857316860970906,1.077233296794013,0.07439599198075546,0.1513088817612887,55.22774184287038,52.26687497617911,791.1968749761791,True,0.1871701710776357
SPY260918P00797000,2026-07-15 13:35:56+00:00,797.0,42.25,56.77,60.19,0.0,0.0,4.0,0,0.1504601556396484,True,REGULAR,USD,SPY,put,2026-09-18,738.93,2026-07-25T14:32:03.104776+00:00,58.480000000000004,3.4199999999999946,0.058481532147742724,1.0785866049558146,0.07565148492658752,0.1513088817612887,55.22774184287038,53.26084089951598,792.1908408995159,True,0.18952165926346948
SPY260918P00798000,2026-07-20 17:19:22+00:00,798.0,53.0,57.77,61.19,0.0,0.0,1.0,0,0.1522606747436523,True,REGULAR,USD,SPY,put,2026-09-18,738.93,2026-07-25T14:32:03.104776+00:00,59.480000000000004,3.4199999999999946,0.057498318762609184,1.0799399131176162,0.0769054035861813,0.1513088817612887,55.22774184287038,54.25480682285297,793.1848068228529,True,0.19173263782193894
SPY260918P00799000,2026-07-17 13:30:31+00:00,799.0,57.0,58.78,62.19,0.0,0.0,3.0,0,0.1540611938476562,True,REGULAR,USD,SPY,put,2026-09-18,738.93,2026-07-25T14:32:03.104776+00:00,60.485,3.4099999999999966,0.0563776142845333,1.0812932212794175,0.07815775190264704,0.1513088817612887,55.22774184287038,55.24877274618984,794.1787727461898,True,0.19400072885275926
SPY260918P00800000,2026-07-24 20:12:38+00:00,800.0,61.24,59.75,63.18,-1.7799988,-2.8244982,15.0,12,0.1556480920410156,True,REGULAR,USD,SPY,put,2026-09-18,738.93,2026-07-25T14:32:03.104776+00:00,61.465,3.4299999999999997,0.05580411616367038,1.082646529441219,0.0794085338042997,0.1513088817612887,55.22774184287038,56.242738669526716,795.1727386695267,True,0.1959263164710014
SPY260918P00801000,2026-06-16 13:40:49+00:00,801.0,48.78,60.25,63.56,0.0,0.0,4.0,0,0.1442956665039062,True,REGULAR,USD,SPY,put,2026-09-18,738.93,2026-07-25T14:32:03.104776+00:00,61.905,3.3100000000000023,0.05346902511913419,1.0839998376030207,0.08065775320473167,0.1513088817612887,55.22774184287038,57.2367045928637,796.1667045928637,True,0.19044328091051185
SPY260918P00802000,2026-07-13 16:29:27+00:00,802.0,52.0,61.75,65.19,0.0,0.0,1.0,0,0.1593711993408203,True,REGULAR,USD,SPY,put,2026-09-18,738.93,2026-07-25T14:32:03.104776+00:00,63.47,3.4399999999999977,0.05419883409484792,1.0853531457648222,0.08190541400288699,0.1513088817612887,55.22774184287038,58.230670516200576,797.1606705162005,True,0.20035008006233546
SPY260918P00803000,2026-06-16 13:40:49+00:00,803.0,50.48,62.25,65.56,0.0,0.0,4.0,0,0.1476525665283203,True,REGULAR,USD,SPY,put,2026-09-18,738.93,2026-07-25T14:32:03.104776+00:00,63.905,3.3100000000000023,0.05179563414443318,1.0867064539266238,0.08315152008313421,0.1513088817612887,55.22774184287038,59.22463643953745,798.1546364395374,True,0.19470817472670993
SPY260918P00804000,2026-06-16 13:41:00+00:00,804.0,51.36,63.25,66.56,0.0,0.0,63.0,0,0.1493004992675781,True,REGULAR,USD,SPY,put,2026-09-18,738.93,2026-07-25T14:32:03.104776+00:00,64.905,3.3100000000000023,0.0509976118943071,1.0880597620884251,0.08439607531533874,0.1513088817612887,55.22774184287038,60.21860236287432,799.1486023628743,True,0.19682830831592252
SPY260918P00805000,2026-07-24 20:12:38+00:00,805.0,66.24,64.75,68.18,-1.7799988,-2.616876,15.0,10,0.1644370666503906,True,REGULAR,USD,SPY,put,2026-09-18,738.93,2026-07-25T14:32:03.104776+00:00,66.465,3.430000000000007,0.05160610847814649,1.0894130702502267,0.08563908355493578,0.1513088817612887,55.22774184287038,61.21256828621131,800.1425682862113,True,0.2067526263694665
SPY260918P00806000,2026-07-23 18:19:31+00:00,806.0,69.03,65.75,69.19,0.0,0.0,10.0,0,0.1663596548461914,True,REGULAR,USD,SPY,put,2026-09-18,738.93,2026-07-25T14:32:03.104776+00:00,67.47,3.4399999999999977,0.05098562323995847,1.0907663784120283,0.08688054864300075,0.1513088817612887,55.22774184287038,62.20653420954818,801.1365342095481,True,0.20896146579682529
SPY260918P00807000,2026-06-15 16:19:52+00:00,807.0,53.25,51.13,53.93,0.0,0.0,,0,1.0000000000000004e-05,True,REGULAR,USD,SPY,put,2026-09-18,738.93,2026-07-25T14:32:03.104776+00:00,52.53,2.799999999999997,0.05330287454787735,1.0921196865738299,0.0881204744063213,0.1513088817612887,55.22774184287038,63.200500132885054,802.130500132885,False,
SPY260918P00808000,2026-06-15 16:19:52+00:00,808.0,54.16,52.13,54.93,0.0,0.0,,0,1.0000000000000004e-05,True,REGULAR,USD,SPY,put,2026-09-18,738.93,2026-07-25T14:32:03.104776+00:00,53.53,2.799999999999997,0.05230711750420319,1.0934729947356314,0.08935886465746792,0.1513088817612887,55.22774184287038,64.19446605622204,803.124466056222,False,
SPY260918P00810000,2026-06-15 14:37:48+00:00,810.0,58.4,54.13,56.93,0.0,0.0,58.0,0,1.0000000000000004e-05,True,REGULAR,USD,SPY,put,2026-09-18,738.93,2026-07-25T14:32:03.104776+00:00,55.53,2.799999999999997,0.05042319466954794,1.0961796110592343,0.09183105380285687,0.1513088817612887,55.22774184287038,66.18239790289579,805.1123979028957,False,
SPY260918P00815000,2026-06-15 16:52:39+00:00,815.0,61.0,59.13,61.93,0.0,0.0,20.0,0,1.0000000000000004e-05,True,REGULAR,USD,SPY,put,2026-09-18,738.93,2026-07-25T14:32:03.104776+00:00,60.53,2.799999999999997,0.04625805385759123,1.102946151868242,0.09798491937723514,0.1513088817612887,55.22774184287038,71.15222751958038,810.0822275195803,False,
SPY260918P00820000,2026-07-09 18:25:05+00:00,820.0,68.67,79.75,83.19,0.0,0.0,2.0,0,0.1900715759277344,True,REGULAR,USD,SPY,put,2026-09-18,738.93,2026-07-25T14:32:03.104776+00:00,81.47,3.4399999999999977,0.042224131582177464,1.1097126926772496,0.10410114639467123,0.1513088817612887,55.22774184287038,76.12205713626486,815.0520571362648,True,0.23813909714999315
SPY260918P00840000,2025-09-10 17:48:44+00:00,840.0,190.24,184.15,188.03,0.0,0.0,,0,1.0572862077331542,True,REGULAR,USD,SPY,put,2026-09-18,738.93,2026-07-25T14:32:03.104776+00:00,186.09,3.8799999999999955,0.02085012628298133,1.13677885591328,0.12819869797373176,0.1513088817612887,55.22774184287038,96.00137560300311,834.9313756030031,True,1.095385923030233
SPY260918P00850000,2026-07-07 16:53:24+00:00,850.0,101.24,109.75,113.19,0.0,0.0,1.0,0,0.2374954180908202,True,REGULAR,USD,SPY,put,2026-09-18,738.93,2026-07-25T14:32:03.104776+00:00,111.47,3.4399999999999977,0.030860321162644637,1.1503119375312953,0.1400331556207346,0.1513088817612887,55.22774184287038,105.94103483637218,844.8710348363721,True,0.2966205336672733
SPY260918P00860000,2026-01-29 17:24:15+00:00,860.0,170.47,197.65,201.0,0.0,0.0,4.0,0,1.049321159667969,True,REGULAR,USD,SPY,put,2026-09-18,738.93,2026-07-25T14:32:03.104776+00:00,199.325,3.3499999999999943,0.016806722689075602,1.1638450191493106,0.1517291953839259,0.1513088817612887,55.22774184287038,115.88069406974125,854.8106940697412,True,1.0892203728050904
SPY260918P00870000,2026-06-10 15:47:34+00:00,870.0,139.9,114.14,116.94,0.0,0.0,,0,1.0000000000000004e-05,True,REGULAR,USD,SPY,put,2026-09-18,738.93,2026-07-25T14:32:03.104776+00:00,115.53999999999999,2.799999999999997,0.024234031504240933,1.1773781007673259,0.1632900177850019,0.1513088817612887,55.22774184287038,125.82035330311032,864.7503533031103,False,
SPY260918P00885000,2026-06-12 13:40:45+00:00,885.0,149.01,129.13,131.93,0.0,0.0,,0,1.0000000000000004e-05,True,REGULAR,USD,SPY,put,2026-09-18,738.93,2026-07-25T14:32:03.104776+00:00,130.53,2.8000000000000114,0.021451007431241946,1.1976777231943487,0.18038445114430202,0.1513088817612887,55.22774184287038,140.729842153164,879.6598421531639,False,
SPY261016C00595000,2026-06-12 15:05:03+00:00,595.0,156.53,164.51,167.88,0.0,0.0,1.0,3,0.5730633514404297,True,REGULAR,USD,SPY,call,2026-10-16,738.93,2026-07-25T14:32:03.104776+00:00,166.195,3.3700000000000045,0.020277384999548752,0.8052183562719067,-0.21664178831799777,0.22802121052841198,83.22774184287037,149.33223089515286,738.93,True,0.5290814306914284
SPY261016C00600000,2026-07-24 14:42:50+00:00,600.0,144.9,143.79,147.24,-9.9900055,-6.449742,178.0,32,0.3899291964721679,True,REGULAR,USD,SPY,call,2026-10-16,738.93,2026-07-25T14:32:03.104776+00:00,145.515,3.450000000000017,0.023708895990104232,0.8119848970809144,-0.20827353864748116,0.22802121052841198,83.22774184287037,144.37762779343154,738.93,True,0.25276930195766845
SPY261016C00605000,2026-07-13 14:16:50+00:00,605.0,152.95,139.0,142.45,0.0,0.0,1.0,11,0.3816895327758788,True,REGULAR,USD,SPY,call,2026-10-16,738.93,2026-07-25T14:32:03.104776+00:00,140.725,3.4499999999999886,0.024515899804583328,0.818751437889922,-0.19997473583278605,0.22802121052841198,83.22774184287037,139.4230246917101,738.93,True,0.25085470743606775
SPY261016C00610000,2026-07-17 14:50:43+00:00,610.0,143.5,134.23,137.68,0.0,0.0,1.0,37,0.3736024554443359,True,REGULAR,USD,SPY,call,2026-10-16,738.93,2026-07-25T14:32:03.104776+00:00,135.95499999999998,3.450000000000017,0.025376043543819775,0.8255179786989296,-0.19174423669627058,0.22802121052841198,83.22774184287037,134.46842158998868,738.93,True,0.24890654980182042
SPY261016C00615000,2026-06-12 15:11:30+00:00,615.0,138.34,145.24,148.63,0.0,0.0,2.0,2,0.5250596810913085,True,REGULAR,USD,SPY,call,2026-10-16,738.93,2026-07-25T14:32:03.104776+00:00,146.935,3.3899999999999864,0.02307142614081047,0.8322845195079372,-0.18358092605710963,0.22802121052841198,83.22774184287037,129.51381848826725,738.93,True,0.4832464418403198
SPY261016C00620000,2026-07-10 17:18:57+00:00,620.0,142.03,124.71,128.17,0.0,0.0,2.0,403,0.3574893353271484,True,REGULAR,USD,SPY,call,2026-10-16,738.93,2026-07-25T14:32:03.104776+00:00,126.44,3.4599999999999937,0.02736475798797844,0.8390510603169449,-0.17548371582449027,0.22802121052841198,83.22774184287037,124.55921538654593,738.93,True,0.24373595762311467
SPY261016C00625000,2026-07-21 19:31:34+00:00,625.0,131.01,119.98,123.44,0.0,0.0,2.0,238,0.3495548443603515,True,REGULAR,USD,SPY,call,2026-10-16,738.93,2026-07-25T14:32:03.104776+00:00,121.71000000000001,3.4599999999999937,0.028428231040999043,0.8458176011259525,-0.167451544127226,0.22802121052841198,83.22774184287037,119.6046122848245,738.93,True,0.24097620258599795
SPY261016C00630000,2026-06-23 16:52:09+00:00,630.0,120.47,116.2,119.44,0.0,0.0,3.0,40,0.3503482934570311,True,REGULAR,USD,SPY,call,2026-10-16,738.93,2026-07-25T14:32:03.104776+00:00,117.82,3.239999999999995,0.027499575623832925,0.85258414193496,-0.15948337447804922,0.22802121052841198,83.22774184287037,114.65000918310307,738.93,True,0.2557564317889067
SPY261016C00635000,2026-07-24 16:58:35+00:00,635.0,115.2,110.58,114.04,-4.7800064,-3.9840024,3.0,4340,0.3339300006103516,True,REGULAR,USD,SPY,call,2026-10-16,738.93,2026-07-25T14:32:03.104776+00:00,112.31,3.460000000000008,0.030807586145490232,0.8593506827439676,-0.15157819497093594,0.22802121052841198,83.22774184287037,109.69540608138163,738.93,True,0.23508588388349813
SPY261016C00640000,2026-07-20 18:44:46+00:00,640.0,112.03,105.91,109.37,0.0,0.0,3.0,423,0.3262243891906738,True,REGULAR,USD,SPY,call,2026-10-16,738.93,2026-07-25T14:32:03.104776+00:00,107.64,3.460000000000008,0.03214418431809744,0.8661172235529753,-0.14373501750991005,0.22802121052841198,83.22774184287037,104.74080297966032,738.93,True,0.2319055273576603
SPY261016C00645000,2026-07-13 19:24:03+00:00,645.0,113.83,101.26,104.72,0.0,0.0,1.0,230,0.3185492950439452,True,REGULAR,USD,SPY,call,2026-10-16,738.93,2026-07-25T14:32:03.104776+00:00,102.99000000000001,3.4599999999999937,0.03359549470822404,0.8728837643619829,-0.13595287706785508,0.22802121052841198,83.22774184287037,99.78619987793888,738.93,True,0.2285438892199681
SPY261016C00650000,2026-07-24 19:44:41+00:00,650.0,98.42,96.64,100.1,0.45999908,0.46957847,1.0,86,0.3109810113525389,True,REGULAR,USD,SPY,call,2026-10-16,738.93,2026-07-25T14:32:03.104776+00:00,98.37,3.4599999999999937,0.03517332520077253,0.8796503051709905,-0.12823083097394478,0.22802121052841198,83.22774184287037,94.83159677621745,738.93,True,0.22515932105195996
SPY261016C00655000,2026-07-17 13:49:14+00:00,655.0,98.71,92.14,95.51,0.0,0.0,1.0,10,0.303519538116455,True,REGULAR,USD,SPY,call,2026-10-16,738.93,2026-07-25T14:32:03.104776+00:00,93.825,3.3700000000000045,0.035917932320810066,0.8864168459799981,-0.12056795822837565,0.22802121052841198,83.22774184287037,89.87699367449602,738.93,True,0.22242716750005143
SPY261016C00660000,2026-07-23 17:35:43+00:00,660.0,89.09,87.48,90.95,0.0,0.0,1.0,267,0.2961190994262695,True,REGULAR,USD,SPY,call,2026-10-16,738.93,2026-07-25T14:32:03.104776+00:00,89.215,3.469999999999999,0.03889480468531075,0.8931833867890058,-0.11296335884315634,0.22802121052841198,83.22774184287037,84.9223905727747,738.93,True,0.2180692419987324
SPY261016C00665000,2026-07-21 19:58:42+00:00,665.0,93.53,82.95,86.42,0.0,0.0,64.0,374,0.2887491780090331,True,REGULAR,USD,SPY,call,2026-10-16,738.93,2026-07-25T14:32:03.104776+00:00,84.685,3.469999999999999,0.04097537934699178,0.8999499275980134,-0.10541615320777341,0.22802121052841198,83.22774184287037,79.96778747105327,738.93,True,0.21437314532766782
SPY261016C00670000,2026-07-23 15:29:18+00:00,670.0,81.32,78.46,81.93,1.8700027,2.3536851,10.0,452,0.2814708084106445,True,REGULAR,USD,SPY,call,2026-10-16,738.93,2026-07-25T14:32:03.104776+00:00,80.195,3.470000000000013,0.04326953051935923,0.906716468407021,-0.09792548147861581,0.22802121052841198,83.22774184287037,75.01318436933184,738.93,True,0.21064152365513794
SPY261016C00675000,2026-07-23 19:51:25+00:00,675.0,74.7,74.01,77.48,0.0,0.0,1.0,64,0.2742687319946288,True,REGULAR,USD,SPY,call,2026-10-16,738.93,2026-07-25T14:32:03.104776+00:00,75.745,3.469999999999999,0.04581160472638456,0.9134830092160287,-0.09049050299109772,0.22802121052841198,83.22774184287037,70.0585812676104,738.93,True,0.20682646655606518
SPY261016C00680000,2026-07-24 19:45:55+00:00,680.0,71.86,69.6,73.08,-0.12999725,-0.18057682,53.0,2437,0.2671887246704102,True,REGULAR,USD,SPY,call,2026-10-16,738.93,2026-07-25T14:32:03.104776+00:00,71.34,3.480000000000004,0.0487804878048781,0.9202495500250363,-0.08311039569347514,0.22802121052841198,83.22774184287037,65.10397816588909,738.93,True,0.20294502479715076
SPY261016C00685000,2026-07-23 14:41:34+00:00,685.0,69.2,65.26,68.72,0.0,0.0,1.0,1686,0.2600934587097168,True,REGULAR,USD,SPY,call,2026-10-16,738.93,2026-07-25T14:32:03.104776+00:00,66.99000000000001,3.4599999999999937,0.05164949992536189,0.9270160908340439,-0.07578435560140223,0.22802121052841198,83.22774184287037,60.14937506416766,738.93,True,0.1990612179159272
SPY261016C00690000,2026-07-24 15:36:27+00:00,690.0,66.0,61.01,64.42,3.5,5.6000004,2.0,989,0.2531202618408203,True,REGULAR,USD,SPY,call,2026-10-16,738.93,2026-07-25T14:32:03.104776+00:00,62.715,3.4100000000000037,0.05437295702782434,0.9337826316430515,-0.06851159627232245,0.22802121052841198,83.22774184287037,55.194771962446225,738.93,True,0.19532480138828853
SPY261016C00695000,2026-07-22 19:16:25+00:00,695.0,66.44,56.69,60.17,0.0,0.0,3.0,1002,0.2461318063354492,True,REGULAR,USD,SPY,call,2026-10-16,738.93,2026-07-25T14:32:03.104776+00:00,58.43,3.480000000000004,0.05955844600376526,0.9405491724520592,-0.061291348298835376,0.22802121052841198,83.22774184287037,50.24016886072479,738.93,True,0.1908075299732625
SPY261016C00700000,2026-07-24 15:35:44+00:00,700.0,57.06,52.51,55.99,3.4300003,6.3956747,25.0,699,0.2392501612854004,True,REGULAR,USD,SPY,call,2026-10-16,738.93,2026-07-25T14:32:03.104776+00:00,54.25,3.480000000000004,0.0641474654377881,0.9473157132610668,-0.05412285882022283,0.22802121052841198,83.22774184287037,45.285565759003475,738.93,True,0.18664458176159487
SPY261016C00705000,2026-07-24 20:11:27+00:00,705.0,50.1,48.4,51.88,-8.380001,-14.329687,2.0,405,0.2324142921447753,True,REGULAR,USD,SPY,call,2026-10-16,738.93,2026-07-25T14:32:03.104776+00:00,50.14,3.480000000000004,0.06940566414040694,0.9540822540700744,-0.04700539105135884,0.22802121052841198,83.22774184287037,40.33096265728204,738.93,True,0.1824035619582648
SPY261016C00710000,2026-07-23 16:04:37+00:00,710.0,46.43,44.37,47.81,0.0,0.0,10.0,961,0.2253495434570312,True,REGULAR,USD,SPY,call,2026-10-16,738.93,2026-07-25T14:32:03.104776+00:00,46.09,3.440000000000005,0.07463658060316782,0.960848794879082,-0.03993822382826639,0.22802121052841198,83.22774184287037,35.37635955556061,738.93,True,0.1779372750597934
SPY261016C00711000,2026-07-23 19:55:00+00:00,711.0,44.89,43.57,47.01,0.0,0.0,1.0,1,0.2239762661743163,True,REGULAR,USD,SPY,call,2026-10-16,738.93,2026-07-25T14:32:03.104776+00:00,45.29,3.4399999999999977,0.07595495694413773,0.9622021030408835,-0.038530764060386684,0.22802121052841198,83.22774184287037,34.38543893521637,738.93,True,0.1770366932951759
SPY261016C00712000,2026-07-23 14:42:16+00:00,712.0,45.9,42.78,46.23,0.0,0.0,1.0,11,0.2227250579833984,True,REGULAR,USD,SPY,call,2026-10-16,738.93,2026-07-25T14:32:03.104776+00:00,44.504999999999995,3.4499999999999957,0.07751937984496116,0.9635554112026851,-0.037125282451651746,0.22802121052841198,83.22774184287037,33.394518314872016,738.93,True,0.17623104049400748
SPY261016C00715000,2026-07-24 18:36:39+00:00,715.0,42.14,40.43,43.92,0.30999756,0.74108905,1.0,327,0.2190629852294922,True,REGULAR,USD,SPY,call,2026-10-16,738.93,2026-07-25T14:32:03.104776+00:00,42.175,3.490000000000002,0.08275044457617077,0.9676153356880896,-0.032920651169619945,0.22802121052841198,83.22774184287037,30.42175645383918,738.93,True,0.17381717888296241
SPY261016C00716000,2026-07-23 16:48:17+00:00,716.0,41.99,40.28,42.51,0.0,0.0,204.0,4,0.2129595306396484,True,REGULAR,USD,SPY,call,2026-10-16,738.93,2026-07-25T14:32:03.104776+00:00,41.394999999999996,2.229999999999997,0.05387124048798157,0.9689686438498911,-0.031523026902981935,0.22802121052841198,83.22774184287037,29.43083583349494,738.93,True,0.1729158146620196
SPY261016C00720000,2026-07-24 18:20:31+00:00,720.0,39.24,37.84,38.83,1.7400017,4.6400046,206.0,367,0.2031940032958984,True,REGULAR,USD,SPY,call,2026-10-16,738.93,2026-07-25T14:32:03.104776+00:00,38.335,0.9899999999999949,0.025824964131994126,0.9743818764970972,-0.025951981853526596,0.22802121052841198,83.22774184287037,25.46715335211786,738.93,True,0.1694470622260607
SPY261016C00721000,2026-07-24 16:49:58+00:00,721.0,39.27,37.04,38.09,1.8699989,4.999997,201.0,3,0.2020496055603027,True,REGULAR,USD,SPY,call,2026-10-16,738.93,2026-07-25T14:32:03.104776+00:00,37.565,1.0500000000000043,0.027951550645547833,0.9757351846588987,-0.024564056578678467,0.22802121052841198,83.22774184287037,24.476232731773507,738.93,True,0.16845121316603284
SPY261016C00722000,2026-07-23 13:58:23+00:00,722.0,38.26,35.73,37.92,0.0,0.0,1.0,3,0.2050555569458007,True,REGULAR,USD,SPY,call,2026-10-16,738.93,2026-07-25T14:32:03.104776+00:00,36.825,2.190000000000005,0.05947046843177202,0.9770884928207003,-0.02317805497080127,0.22802121052841198,83.22774184287037,23.485312111429266,738.93,True,0.16765542641589687
SPY261016C00725000,2026-07-24 18:34:03+00:00,725.0,34.51,34.1,35.08,0.34000015,0.9950254,23.0,256,0.196724341430664,True,REGULAR,USD,SPY,call,2026-10-16,738.93,2026-07-25T14:32:03.104776+00:00,34.59,0.9799999999999969,0.028331887828852178,0.9811484173061048,-0.019031539008952807,0.22802121052841198,83.22774184287037,20.51255025039643,738.93,True,0.1649230301380909
SPY261016C00726000,2026-07-23 19:31:38+00:00,726.0,33.57,32.79,34.96,0.0,0.0,20.0,15,0.1999133964538574,True,REGULAR,USD,SPY,call,2026-10-16,738.93,2026-07-25T14:32:03.104776+00:00,33.875,2.1700000000000017,0.06405904059040596,0.9825017254679064,-0.01765317903883145,0.22802121052841198,83.22774184287037,19.521629630052075,738.93,True,0.16416574920313948
SPY261016C00729000,2026-07-24 14:58:54+00:00,729.0,32.81,31.25,32.21,0.51000214,1.5789541,10.0,10,0.1918949829864502,True,REGULAR,USD,SPY,call,2026-10-16,738.93,2026-07-25T14:32:03.104776+00:00,31.73,0.9600000000000009,0.030255278915852533,0.986561649953311,-0.013529461854969362,0.22802121052841198,83.22774184287037,16.54886776901924,738.93,True,0.16164962344620334
SPY261016C00730000,2026-07-24 18:35:48+00:00,730.0,30.89,30.8,31.47,-1.1199989,-3.4989033,61.0,679,0.190437783203125,True,REGULAR,USD,SPY,call,2026-10-16,738.93,2026-07-25T14:32:03.104776+00:00,31.134999999999998,0.6699999999999982,0.021519190621487015,0.9879149581151124,-0.012158659721190764,0.22802121052841198,83.22774184287037,15.557947148674998,738.93,True,0.16162514189099603
SPY261016C00731000,2026-07-24 15:15:13+00:00,731.0,32.37,29.85,31.0,-5.6500015,-14.860603,25.0,23,0.1908802836608886,True,REGULAR,USD,SPY,call,2026-10-16,738.93,2026-07-25T14:32:03.104776+00:00,30.425,1.1499999999999986,0.03779786359901392,0.989268266276914,-0.010789734113849028,0.22802121052841198,83.22774184287037,14.567026528330757,738.93,True,0.16069643433576944
SPY261016C00733000,2026-07-24 18:20:11+00:00,733.0,29.75,28.47,29.37,-4.0999985,-12.112256,110.0,2,0.1867146759033203,True,REGULAR,USD,SPY,call,2026-10-16,738.93,2026-07-25T14:32:03.104776+00:00,28.92,0.9000000000000021,0.031120331950207542,0.991974882600517,-0.008057491976976059,0.22802121052841198,83.22774184287037,12.585185287642162,738.93,True,0.15808926977810425
SPY261016C00734000,2026-07-23 15:36:11+00:00,734.0,28.62,27.2,29.28,0.63000107,2.2508078,2.0,21,0.189735885925293,True,REGULAR,USD,SPY,call,2026-10-16,738.93,2026-07-25T14:32:03.104776+00:00,28.240000000000002,2.080000000000002,0.07365439093484426,0.9933281907623186,-0.006694165249111924,0.22802121052841198,83.22774184287037,11.59426466729792,738.93,True,0.15725813497775668
SPY261016C00735000,2026-07-24 19:46:24+00:00,735.0,27.27,27.36,28.02,-0.8199997,-2.9191873,8.0,829,0.1843953631591796,True,REGULAR,USD,SPY,call,2026-10-16,738.93,2026-07-25T14:32:03.104776+00:00,27.689999999999998,0.6600000000000001,0.023835319609967504,0.9946814989241201,-0.005332694650790894,0.22802121052841198,83.22774184287037,10.603344046953566,738.93,True,0.1573310711995621
SPY261016C00736000,2026-07-24 17:10:14+00:00,736.0,26.79,26.45,27.42,-1.0599995,-3.8061023,7.0,5,0.1837087245178222,True,REGULAR,USD,SPY,call,2026-10-16,738.93,2026-07-25T14:32:03.104776+00:00,26.935000000000002,0.9700000000000024,0.03601262298125125,0.9960348070859216,-0.003973075134751286,0.22802121052841198,83.22774184287037,9.612423426609325,738.93,True,0.15586245350034442
SPY261016C00737000,2026-07-24 19:43:00+00:00,737.0,26.08,25.79,26.72,-0.020000458,-0.07663011,15.0,25,0.1822744126892089,True,REGULAR,USD,SPY,call,2026-10-16,738.93,2026-07-25T14:32:03.104776+00:00,26.255,0.9299999999999997,0.03542182441439725,0.9973881152477231,-0.0026153016742909863,0.22802121052841198,83.22774184287037,8.621502806265084,738.93,True,0.15489616592259492
SPY261016C00738000,2026-07-24 19:55:47+00:00,738.0,25.42,25.14,26.08,-0.5799999,-2.230769,28.0,25,0.1812215667724609,True,REGULAR,USD,SPY,call,2026-10-16,738.93,2026-07-25T14:32:03.104776+00:00,25.61,0.9399999999999977,0.036704412338930015,0.9987414234095247,-0.0012593692631550479,0.22802121052841198,83.22774184287037,7.63058218592073,738.93,True,0.15413729839264353
SPY261016C00739000,2026-07-24 19:52:06+00:00,739.0,24.49,24.45,25.34,-0.72999954,-2.8945262,95.0,224,0.179421047668457,False,REGULAR,USD,SPY,call,2026-10-16,738.93,2026-07-25T14:32:03.104776+00:00,24.895,0.8900000000000006,0.035750150632657185,1.0000947315713262,9.472708457427596e-05,0.22802121052841198,83.22774184287037,6.639661565576489,738.93,True,0.15282754959544703
SPY261016C00740000,2026-07-24 20:01:20+00:00,740.0,24.43,24.24,24.3,-0.7399998,-2.9400072,354.0,1058,0.1754538021850585,False,REGULAR,USD,SPY,call,2026-10-16,738.93,2026-07-25T14:32:03.104776+00:00,24.27,0.060000000000002274,0.002472187886279451,1.0014480397331278,0.0014469923345879852,0.22802121052841198,83.22774184287037,5.648740945232248,738.93,True,0.15211884061550718
SPY261016C00741000,2026-07-24 18:31:20+00:00,741.0,23.81,23.61,23.66,-0.34000015,-1.4078681,29.0,187,0.1742788871765136,False,REGULAR,USD,SPY,call,2026-10-16,738.93,2026-07-25T14:32:03.104776+00:00,23.634999999999998,0.05000000000000071,0.002115506663846021,1.0028013478949291,0.002797431432459259,0.22802121052841198,83.22774184287037,4.6578203248878935,738.93,True,0.15128972984064384
SPY261016C00742000,2026-07-24 18:10:38+00:00,742.0,24.16,22.98,23.03,0.30999947,1.299788,38.0,51,0.1731192308044433,False,REGULAR,USD,SPY,call,2026-10-16,738.93,2026-07-25T14:32:03.104776+00:00,23.005000000000003,0.05000000000000071,0.002173440556400813,1.0041546560567307,0.0041460493037528655,0.22802121052841198,83.22774184287037,3.6668997045436527,738.93,True,0.15044744711130772
SPY261016C00743000,2026-07-24 17:14:39+00:00,743.0,23.7,22.35,22.4,0.44000053,1.8916618,23.0,64,0.1719290571594238,False,REGULAR,USD,SPY,call,2026-10-16,738.93,2026-07-25T14:32:03.104776+00:00,22.375,0.04999999999999716,0.002234636871508253,1.0055079642185323,0.005492850854131627,0.22802121052841198,83.22774184287037,2.6759790841994118,738.93,True,0.1495556138108567
SPY261016C00744000,2026-07-24 20:07:02+00:00,744.0,21.69,21.74,21.79,-0.19999886,-0.91365397,35.0,178,0.1708151766967773,False,REGULAR,USD,SPY,call,2026-10-16,738.93,2026-07-25T14:32:03.104776+00:00,21.765,0.05000000000000071,0.0022972662531587735,1.0068612723803338,0.006837840969464374,0.22802121052841198,83.22774184287037,1.6850584638550572,738.93,True,0.14875604007105903
SPY261016C00745000,2026-07-24 19:29:31+00:00,745.0,20.8,21.13,21.18,-1.2200012,-5.540423,185.0,1149,0.1696707789611816,False,REGULAR,USD,SPY,call,2026-10-16,738.93,2026-07-25T14:32:03.104776+00:00,21.155,0.05000000000000071,0.0023635074450484854,1.0082145805421354,0.008181024515932068,0.22802121052841198,83.22774184287037,0.6941378435108163,738.93,True,0.14790531097525614
SPY261016C00746000,2026-07-24 19:04:19+00:00,746.0,20.43,20.53,20.58,0.23999977,1.1887062,15.0,72,0.1685416398620606,False,REGULAR,USD,SPY,call,2026-10-16,738.93,2026-07-25T14:32:03.104776+00:00,20.555,0.04999999999999716,0.00243249817562623,1.0095678887039368,0.00952240634013323,0.22802121052841198,83.22774184287037,0.0,738.93,True,0.1470738451189033
SPY261016C00747000,2026-07-24 19:18:20+00:00,747.0,19.58,19.93,19.98,-0.44000053,-2.197805,119.0,99,0.167351466217041,False,REGULAR,USD,SPY,call,2026-10-16,738.93,2026-07-25T14:32:03.104776+00:00,19.955,0.05000000000000071,0.002505637684790815,1.0109211968657383,0.010861991269189731,0.22802121052841198,83.22774184287037,0.0,738.93,True,0.14618975721930264
SPY261016C00748000,2026-07-24 19:03:41+00:00,748.0,19.25,19.35,19.4,-0.020000458,-0.10379065,9.0,41,0.1662681030273438,False,REGULAR,USD,SPY,call,2026-10-16,738.93,2026-07-25T14:32:03.104776+00:00,19.375,0.04999999999999716,0.002580645161290176,1.01227450502754,0.012199784110849713,0.22802121052841198,83.22774184287037,0.0,738.93,True,0.14539433470353197
SPY261016C00749000,2026-07-24 19:23:26+00:00,749.0,18.53,18.77,18.82,-0.049999237,-0.26910245,26.0,262,0.1651389639282227,False,REGULAR,USD,SPY,call,2026-10-16,738.93,2026-07-25T14:32:03.104776+00:00,18.795,0.05000000000000071,0.002660281989890966,1.0136278131893415,0.013535789653591992,0.22802121052841198,83.22774184287037,0.0,738.93,True,0.1445446827402788
SPY261016C00750000,2026-07-24 19:59:33+00:00,750.0,18.24,18.2,18.25,-0.52000046,-2.7718573,651.0,3205,0.1640098248291016,False,REGULAR,USD,SPY,call,2026-10-16,738.93,2026-07-25T14:32:03.104776+00:00,18.225,0.05000000000000071,0.0027434842249657453,1.014981121351143,0.014870012666728685,0.22802121052841198,83.22774184287037,0.0,738.93,True,0.1437110485034714
SPY261016C00751000,2026-07-24 17:07:25+00:00,751.0,18.76,17.65,17.69,1.1100006,6.288955,14.0,181,0.1629112030029297,False,REGULAR,USD,SPY,call,2026-10-16,738.93,2026-07-25T14:32:03.104776+00:00,17.67,0.0400000000000027,0.002263723825693418,1.0163344295129444,0.01620245790050713,0.22802121052841198,83.22774184287037,0.0,738.93,True,0.14292828324103496
SPY261016C00752000,2026-07-24 18:19:10+00:00,752.0,17.94,17.09,17.14,0.44000053,2.5142887,18.0,380,0.1618278398132324,False,REGULAR,USD,SPY,call,2026-10-16,738.93,2026-07-25T14:32:03.104776+00:00,17.115000000000002,0.05000000000000071,0.0029214139643587906,1.017687737674746,0.017533130086212254,0.22802121052841198,83.22774184287037,0.0,738.93,True,0.14208885501481905
SPY261016C00753000,2026-07-24 19:29:34+00:00,753.0,16.35,16.55,16.6,-1.0299988,-5.9263453,9.0,144,0.1607597352600098,False,REGULAR,USD,SPY,call,2026-10-16,738.93,2026-07-25T14:32:03.104776+00:00,16.575000000000003,0.05000000000000071,0.0030165912518854117,1.0190410458365475,0.018862033936266055,0.22802121052841198,83.22774184287037,0.0,738.93,True,0.14129890838365364
SPY261016C00754000,2026-07-24 19:59:34+00:00,754.0,16.09,16.02,16.07,-0.25,-1.5299877,17.0,486,0.1597221479797363,False,REGULAR,USD,SPY,call,2026-10-16,738.93,2026-07-25T14:32:03.104776+00:00,16.045,0.05000000000000071,0.003116235587410452,1.020394353998349,0.02018917414432859,0.22802121052841198,83.22774184287037,0.0,738.93,True,0.1405222051568506
SPY261016C00755000,2026-07-24 19:18:20+00:00,755.0,15.2,15.5,15.55,-0.07000065,-0.4584194,60.0,3403,0.1586845606994629,False,REGULAR,USD,SPY,call,2026-10-16,738.93,2026-07-25T14:32:03.104776+00:00,15.525,0.05000000000000071,0.0032206119162641357,1.0217476621601504,0.021514555385397052,0.22802121052841198,83.22774184287037,0.0,738.93,True,0.13975815409021242
SPY261016C00756000,2026-07-24 19:50:00+00:00,756.0,15.01,14.98,15.03,0.010000229,0.06666819,29.0,484,0.157585938873291,False,REGULAR,USD,SPY,call,2026-10-16,738.93,2026-07-25T14:32:03.104776+00:00,15.004999999999999,0.049999999999998934,0.003332222592469106,1.023100970321952,0.02283818231590539,0.22802121052841198,83.22774184287037,0.0,738.93,True,0.13893408802679236
SPY261016C00757000,2026-07-24 19:03:41+00:00,757.0,14.4,14.48,14.53,-0.32000065,-2.1739173,49.0,79,0.1565941275024414,False,REGULAR,USD,SPY,call,2026-10-16,738.93,2026-07-25T14:32:03.104776+00:00,14.504999999999999,0.049999999999998934,0.0034470872113063727,1.0244542784837536,0.024160059573821214,0.22802121052841198,83.22774184287037,0.0,738.93,True,0.13819344967740166
SPY261016C00758000,2026-07-24 19:03:41+00:00,758.0,13.91,13.99,14.03,-0.28999996,-2.0422533,38.0,129,0.1555260229492187,False,REGULAR,USD,SPY,call,2026-10-16,738.93,2026-07-25T14:32:03.104776+00:00,14.01,0.03999999999999915,0.0028551034975017237,1.0258075866455552,0.025480191778744138,0.22802121052841198,83.22774184287037,0.0,738.93,True,0.13742754135019436
SPY261016C00759000,2026-07-24 19:56:31+00:00,759.0,13.48,13.5,13.55,-0.07000065,-0.51660997,46.0,146,0.1545494702148437,False,REGULAR,USD,SPY,call,2026-10-16,738.93,2026-07-25T14:32:03.104776+00:00,13.525,0.05000000000000071,0.0036968576709797197,1.0271608948073567,0.026798583532002453,0.22802121052841198,83.22774184287037,0.0,738.93,True,0.13667194130663482
SPY261016C00760000,2026-07-24 20:12:44+00:00,760.0,13.04,13.03,13.07,-0.71000004,-5.1636367,346.0,4245,0.1535118829345703,False,REGULAR,USD,SPY,call,2026-10-16,738.93,2026-07-25T14:32:03.104776+00:00,13.05,0.040000000000000924,0.003065134099616929,1.028514202969158,0.028115239416749118,0.22802121052841198,83.22774184287037,0.0,738.93,True,0.135926210078971
SPY261016C00761000,2026-07-24 18:37:17+00:00,761.0,12.61,12.56,12.61,-0.2300005,-1.7912811,34.0,110,0.1525658474731445,False,REGULAR,USD,SPY,call,2026-10-16,738.93,2026-07-25T14:32:03.104776+00:00,12.585,0.049999999999998934,0.003972983710766701,1.0298675111309596,0.029430163998058236,0.22802121052841198,83.22774184287037,0.0,738.93,True,0.1351899506910351
SPY261016C00762000,2026-07-24 19:14:11+00:00,762.0,11.89,12.11,12.15,-0.4699993,-3.8025835,34.0,114,0.1515587774658203,False,REGULAR,USD,SPY,call,2026-10-16,738.93,2026-07-25T14:32:03.104776+00:00,12.129999999999999,0.040000000000000924,0.0032976092333059297,1.0312208192927612,0.030743361823018716,0.22802121052841198,83.22774184287037,0.0,738.93,True,0.13446280982239583
SPY261016C00763000,2026-07-24 19:49:42+00:00,763.0,11.62,11.66,11.71,-0.6300001,-5.142858,20.0,153,0.1506432592773438,False,REGULAR,USD,SPY,call,2026-10-16,738.93,2026-07-25T14:32:03.104776+00:00,11.685,0.05000000000000071,0.004278990158322697,1.0325741274545628,0.03205483742082949,0.22802121052841198,83.22774184287037,0.0,738.93,True,0.1337444789725121
SPY261016C00764000,2026-07-24 19:51:26+00:00,764.0,11.07,11.23,11.27,-0.44000053,-3.8227673,13.0,130,0.1496514479064941,False,REGULAR,USD,SPY,call,2026-10-16,738.93,2026-07-25T14:32:03.104776+00:00,11.25,0.03999999999999915,0.00355555555555548,1.0339274356163644,0.03336459530289303,0.22802121052841198,83.22774184287037,0.0,738.93,True,0.1330346967890388
SPY261016C00765000,2026-07-24 20:06:24+00:00,765.0,10.75,10.81,10.85,-0.7399998,-6.440381,320.0,5410,0.1487511883544922,False,REGULAR,USD,SPY,call,2026-10-16,738.93,2026-07-25T14:32:03.104776+00:00,10.83,0.03999999999999915,0.0036934441366573544,1.0352807437781657,0.0346726399629082,0.22802121052841198,83.22774184287037,0.0,738.93,True,0.13237132516504024
SPY261016C00766000,2026-07-24 18:25:31+00:00,766.0,10.76,10.39,10.44,0.35000038,3.3621554,54.0,125,0.1478661874389648,False,REGULAR,USD,SPY,call,2026-10-16,738.93,2026-07-25T14:32:03.104776+00:00,10.415,0.049999999999998934,0.004800768122899562,1.0366340519399673,0.035978975876963706,0.22802121052841198,83.22774184287037,0.0,738.93,True,0.13167839322291638
SPY261016C00767000,2026-07-24 19:30:34+00:00,767.0,9.89,9.99,10.03,-0.60999966,-5.8095207,13.0,107,0.146920151977539,False,REGULAR,USD,SPY,call,2026-10-16,738.93,2026-07-25T14:32:03.104776+00:00,10.01,0.03999999999999915,0.003996003996003911,1.0379873601017688,0.037283607503628635,0.22802121052841198,83.22774184287037,0.0,738.93,True,0.13099355650961497
SPY261016C00768000,2026-07-24 19:33:00+00:00,768.0,9.55,9.6,9.64,-0.059999466,-0.62434405,12.0,170,0.1460504096984863,False,REGULAR,USD,SPY,call,2026-10-16,738.93,2026-07-25T14:32:03.104776+00:00,9.620000000000001,0.040000000000000924,0.004158004158004254,1.0393406682635704,0.03858653928404466,0.22802121052841198,83.22774184287037,0.0,738.93,True,0.13035593711380739
SPY261016C00769000,2026-07-24 16:39:34+00:00,769.0,10.47,9.22,9.26,1.21,13.066955,7.0,213,0.1452111846923828,False,REGULAR,USD,SPY,call,2026-10-16,738.93,2026-07-25T14:32:03.104776+00:00,9.24,0.03999999999999915,0.004329004329004236,1.040693976425372,0.03988777564201651,0.22802121052841198,83.22774184287037,0.0,738.93,True,0.129727220723475
SPY261016C00770000,2026-07-24 19:39:46+00:00,770.0,8.89,8.85,8.89,-0.35999966,-3.8918881,177.0,7428,0.1443719596862793,False,REGULAR,USD,SPY,call,2026-10-16,738.93,2026-07-25T14:32:03.104776+00:00,8.870000000000001,0.040000000000000924,0.004509582863585222,1.0420472845871733,0.041187320984101904,0.22802121052841198,83.22774184287037,0.0,738.93,True,0.1291075774504729
SPY261016C00771000,2026-07-24 17:44:04+00:00,771.0,9.37,8.49,8.53,0.6800003,7.82509,7.0,93,0.1435479933166504,False,REGULAR,USD,SPY,call,2026-10-16,738.93,2026-07-25T14:32:03.104776+00:00,8.51,0.03999999999999915,0.004700352526439383,1.043400592748975,0.042485179699701905,0.22802121052841198,83.22774184287037,0.0,738.93,True,0.12849725409523396
SPY261016C00772000,2026-07-24 19:11:22+00:00,772.0,7.96,8.14,8.18,-0.22999954,-2.8082974,16.0,64,0.142739285583496,False,REGULAR,USD,SPY,call,2026-10-16,738.93,2026-07-25T14:32:03.104776+00:00,8.16,0.03999999999999915,0.004901960784313621,1.0447539009107765,0.04378135616114863,0.22802121052841198,83.22774184287037,0.0,738.93,True,0.12789658054961053
SPY261016C00773000,2026-07-24 19:51:34+00:00,773.0,7.7,7.8,7.84,-0.3000002,-3.7500024,11.0,133,0.1419458364868164,False,REGULAR,USD,SPY,call,2026-10-16,738.93,2026-07-25T14:32:03.104776+00:00,7.82,0.040000000000000036,0.005115089514066501,1.046107209072578,0.04507585472379446,0.22802121052841198,83.22774184287037,0.0,738.93,True,0.1273059764907537
SPY261016C00774000,2026-07-24 16:57:35+00:00,774.0,8.31,7.47,7.51,0.7600002,10.066228,6.0,54,0.1411523873901367,False,REGULAR,USD,SPY,call,2026-10-16,738.93,2026-07-25T14:32:03.104776+00:00,7.49,0.040000000000000036,0.005340453938584784,1.0474605172343796,0.04636867972609966,0.22802121052841198,83.22774184287037,0.0,738.93,True,0.12672595894810826
SPY261016C00775000,2026-07-24 20:13:58+00:00,775.0,7.18,7.15,7.19,-0.5300002,-6.8741918,98.0,3010,0.1403894555664062,False,REGULAR,USD,SPY,call,2026-10-16,738.93,2026-07-25T14:32:03.104776+00:00,7.17,0.040000000000000036,0.005578800557880061,1.048813825396181,0.047659835489719374,0.22802121052841198,83.22774184287037,0.0,738.93,True,0.12615715219871249
SPY261016C00776000,2026-07-24 18:25:31+00:00,776.0,7.14,6.84,6.88,0.099999905,1.4204532,8.0,70,0.1396417823791504,False,REGULAR,USD,SPY,call,2026-10-16,738.93,2026-07-25T14:32:03.104776+00:00,6.859999999999999,0.040000000000000036,0.0058309037900874695,1.0501671335579825,0.04894932631959117,0.22802121052841198,83.22774184287037,0.0,738.93,True,0.12560029664386527
SPY261016C00777000,2026-07-24 18:15:51+00:00,777.0,7.08,6.54,6.58,0.34000015,5.0445127,12.0,157,0.1389093678283691,False,REGULAR,USD,SPY,call,2026-10-16,738.93,2026-07-25T14:32:03.104776+00:00,6.5600000000000005,0.040000000000000036,0.006097560975609761,1.051520441719784,0.0502371565040199,0.22802121052841198,83.22774184287037,0.0,738.93,True,0.1250562605961746
SPY261016C00778000,2026-07-24 19:56:04+00:00,778.0,6.24,6.25,6.29,-0.21000004,-3.2558148,1604.0,203,0.1381922119140625,False,REGULAR,USD,SPY,call,2026-10-16,738.93,2026-07-25T14:32:03.104776+00:00,6.27,0.040000000000000036,0.006379585326953754,1.0528737498815857,0.05152333031476411,0.22802121052841198,83.22774184287037,0.0,738.93,True,0.12452605192108765
SPY261016C00779000,2026-07-24 19:38:10+00:00,779.0,6.0,5.98,6.01,-0.17000008,-2.7552686,1097.0,109,0.1374903146362305,False,REGULAR,USD,SPY,call,2026-10-16,738.93,2026-07-25T14:32:03.104776+00:00,5.995,0.02999999999999936,0.005004170141784714,1.0542270580433872,0.05280785200712081,0.22802121052841198,83.22774184287037,0.0,738.93,True,0.12405646927758071
SPY261016C00780000,2026-07-24 20:07:29+00:00,780.0,5.71,5.71,5.75,-0.48000002,-7.7544427,217.0,2908,0.1369104864501953,False,REGULAR,USD,SPY,call,2026-10-16,738.93,2026-07-25T14:32:03.104776+00:00,5.73,0.040000000000000036,0.006980802792321122,1.0555803662051886,0.0540907258200098,0.22802121052841198,83.22774184287037,0.0,738.93,True,0.12360484427595067
SPY261016C00781000,2026-07-24 19:06:00+00:00,781.0,5.48,5.45,5.49,-0.15999985,-2.8368766,16.0,304,0.1362391064453125,False,REGULAR,USD,SPY,call,2026-10-16,738.93,2026-07-25T14:32:03.104776+00:00,5.470000000000001,0.040000000000000036,0.007312614259597812,1.0569336743669902,0.055371955976058394,0.22802121052841198,83.22774184287037,0.0,738.93,True,0.12312551883610859
SPY261016C00782000,2026-07-24 15:17:09+00:00,782.0,5.99,5.2,5.24,0.5999999,11.131724,2.0,71,0.1356135023498535,False,REGULAR,USD,SPY,call,2026-10-16,738.93,2026-07-25T14:32:03.104776+00:00,5.220000000000001,0.040000000000000036,0.007662835249042151,1.0582869825287917,0.05665154668168355,0.22802121052841198,83.22774184287037,0.0,738.93,True,0.12266584182483564
SPY261016C00783000,2026-07-24 19:03:13+00:00,783.0,5.0,4.96,4.99,-0.13999987,-2.723733,12.0,128,0.1348963464355469,False,REGULAR,USD,SPY,call,2026-10-16,738.93,2026-07-25T14:32:03.104776+00:00,4.975,0.03000000000000025,0.006030150753768894,1.0596402906905933,0.05792950212717561,0.22802121052841198,83.22774184287037,0.0,738.93,True,0.12217855648895568
SPY261016C00784000,2026-07-23 19:20:25+00:00,784.0,4.91,4.73,4.76,0.0,0.0,9.0,63,0.1343165182495117,False,REGULAR,USD,SPY,call,2026-10-16,738.93,2026-07-25T14:32:03.104776+00:00,4.745,0.02999999999999936,0.006322444678608927,1.0609935988523949,0.059205826486780404,0.22802121052841198,83.22774184287037,0.0,738.93,True,0.12176323719888688
SPY261016C00785000,2026-07-24 19:04:34+00:00,785.0,4.48,4.5,4.54,-0.19999981,-4.2735004,42.0,1751,0.1337672073364257,False,REGULAR,USD,SPY,call,2026-10-16,738.93,2026-07-25T14:32:03.104776+00:00,4.52,0.040000000000000036,0.008849557522123902,1.0623469070141962,0.060480523918780824,0.22802121052841198,83.22774184287037,0.0,738.93,True,0.12132280276334848
SPY261016C00786000,2026-07-24 15:17:38+00:00,786.0,4.98,4.29,4.32,0.52,11.659192,10.0,48,0.1331416032409668,False,REGULAR,USD,SPY,call,2026-10-16,738.93,2026-07-25T14:32:03.104776+00:00,4.305,0.03000000000000025,0.0069686411149826365,1.0637002151759978,0.06175359856557898,0.22802121052841198,83.22774184287037,0.0,738.93,True,0.12090903703543876
SPY261016C00787000,2026-07-24 17:22:21+00:00,787.0,4.62,4.08,4.12,0.3699999,8.70588,23.0,41,0.1326685855102539,False,REGULAR,USD,SPY,call,2026-10-16,738.93,2026-07-25T14:32:03.104776+00:00,4.1,0.040000000000000036,0.009756097560975618,1.0650535233377993,0.0630250545537757,0.22802121052841198,83.22774184287037,0.0,738.93,True,0.12052483395396041
SPY261016C00788000,2026-07-24 14:35:22+00:00,788.0,4.02,3.88,3.92,-0.03000021,-0.7407459,8.0,49,0.1321040159606933,False,REGULAR,USD,SPY,call,2026-10-16,738.93,2026-07-25T14:32:03.104776+00:00,3.9,0.040000000000000036,0.010256410256410265,1.066406831499601,0.06429489599425164,0.22802121052841198,83.22774184287037,0.0,738.93,True,0.12011853466674191
SPY261016C00789000,2026-07-24 15:30:59+00:00,789.0,4.39,3.7,3.73,0.53,13.730569,20.0,48,0.131569963684082,False,REGULAR,USD,SPY,call,2026-10-16,738.93,2026-07-25T14:32:03.104776+00:00,3.715,0.029999999999999805,0.0080753701211305,1.0677601396614023,0.06556312698224659,0.22802121052841198,83.22774184287037,0.0,738.93,True,0.11980221480103573
SPY261016C00790000,2026-07-24 19:23:59+00:00,790.0,3.55,3.51,3.55,-0.30999994,-8.031087,129.0,8177,0.1311122045898437,False,REGULAR,USD,SPY,call,2026-10-16,738.93,2026-07-25T14:32:03.104776+00:00,3.53,0.040000000000000036,0.01133144475920681,1.0691134478232038,0.06682975159743958,0.22802121052841198,83.22774184287037,0.0,738.93,True,0.119411043681863
SPY261016C00791000,2026-07-24 13:59:59+00:00,791.0,3.99,3.34,3.37,0.5,14.326647,12.0,35,0.1305476350402831,False,REGULAR,USD,SPY,call,2026-10-16,738.93,2026-07-25T14:32:03.104776+00:00,3.355,0.03000000000000025,0.008941877794336885,1.0704667559850054,0.06809477390402631,0.22802121052841198,83.22774184287037,0.0,738.93,True,0.11905884229283961
SPY261016C00792000,2026-07-24 19:13:09+00:00,792.0,3.13,3.17,3.21,-0.18999982,-5.722886,20.0,30,0.1301661691284179,False,REGULAR,USD,SPY,call,2026-10-16,738.93,2026-07-25T14:32:03.104776+00:00,3.19,0.040000000000000036,0.012539184952978068,1.071820064146807,0.06935819795079834,0.22802121052841198,83.22774184287037,0.0,738.93,True,0.11875012987585501
SPY261016C00793000,2026-07-24 14:31:35+00:00,793.0,3.12,3.02,3.05,-0.0400002,-1.2658291,3.0,34,0.1297084100341796,False,REGULAR,USD,SPY,call,2026-10-16,738.93,2026-07-25T14:32:03.104776+00:00,3.035,0.029999999999999805,0.009884678747940627,1.0731733723086085,0.0706200277712205,0.22802121052841198,83.22774184287037,0.0,738.93,True,0.11848990894180672
SPY261016C00794000,2026-07-24 19:41:49+00:00,794.0,2.83,2.86,2.9,-0.17000008,-5.666669,8.0,13,0.1293116854858398,False,REGULAR,USD,SPY,call,2026-10-16,738.93,2026-07-25T14:32:03.104776+00:00,2.88,0.040000000000000036,0.013888888888888902,1.07452668047041,0.07188026738350808,0.22802121052841198,83.22774184287037,0.0,738.93,True,0.11815591883449192
SPY261016C00795000,2026-07-24 19:03:21+00:00,795.0,2.7,2.72,2.75,-0.28999996,-9.698996,676.0,6341,0.1288234091186523,False,REGULAR,USD,SPY,call,2026-10-16,738.93,2026-07-25T14:32:03.104776+00:00,2.7350000000000003,0.029999999999999805,0.010968921389396636,1.0758799886322115,0.0731389207907043,0.22802121052841198,83.22774184287037,0.0,738.93,True,0.11787503433047125
SPY261016C00796000,2026-07-23 19:20:30+00:00,796.0,2.71,2.58,2.61,0.0,0.0,9.0,17,0.1283961672973632,False,REGULAR,USD,SPY,call,2026-10-16,738.93,2026-07-25T14:32:03.104776+00:00,2.5949999999999998,0.029999999999999805,0.011560693641618424,1.077233296794013,0.07439599198075546,0.22802121052841198,83.22774184287037,0.0,738.93,True,0.1175859763083398
SPY261016C00797000,2026-07-24 17:35:09+00:00,797.0,2.9,2.45,2.48,0.33000016,12.840473,2.0,882,0.1280604772949218,False,REGULAR,USD,SPY,call,2026-10-16,738.93,2026-07-25T14:32:03.104776+00:00,2.465,0.029999999999999805,0.012170385395537447,1.0785866049558146,0.07565148492658752,0.22802121052841198,83.22774184287037,0.0,738.93,True,0.11735938644436877
SPY261016C00798000,2026-07-23 19:20:30+00:00,798.0,2.44,2.32,2.35,0.0,0.0,6.0,144,0.1276332354736328,False,REGULAR,USD,SPY,call,2026-10-16,738.93,2026-07-25T14:32:03.104776+00:00,2.335,0.03000000000000025,0.012847965738758137,1.0799399131176162,0.0769054035861813,0.22802121052841198,83.22774184287037,0.0,738.93,True,0.11705946076307999
SPY261016C00799000,2026-07-24 13:32:09+00:00,799.0,2.43,2.2,2.23,0.17000008,7.522127,200.0,705,0.1272975454711914,False,REGULAR,USD,SPY,call,2026-10-16,738.93,2026-07-25T14:32:03.104776+00:00,2.215,0.029999999999999805,0.013544018058690658,1.0812932212794175,0.07815775190264704,0.22802121052841198,83.22774184287037,0.0,738.93,True,0.11682902220933908
SPY261016C00800000,2026-07-24 19:51:48+00:00,800.0,2.06,2.09,2.12,-0.25,-10.822511,352.0,4811,0.1270228900146484,False,REGULAR,USD,SPY,call,2026-10-16,738.93,2026-07-25T14:32:03.104776+00:00,2.105,0.03000000000000025,0.014251781472684204,1.082646529441219,0.0794085338042997,0.22802121052841198,83.22774184287037,0.0,738.93,True,0.11667652573524101
SPY261016C00805000,2026-07-24 20:07:40+00:00,805.0,1.6,1.6,1.62,-0.17999995,-10.112356,62.0,1509,0.1254970263671875,False,REGULAR,USD,SPY,call,2026-10-16,738.93,2026-07-25T14:32:03.104776+00:00,1.61,0.020000000000000018,0.012422360248447215,1.0894130702502267,0.08563908355493578,0.22802121052841198,83.22774184287037,0.0,738.93,True,0.11575196998611792
SPY261016C00810000,2026-07-24 19:55:01+00:00,810.0,1.22,1.22,1.24,-0.01999998,-1.6129017,22.0,5377,0.1244289218139648,False,REGULAR,USD,SPY,call,2026-10-16,738.93,2026-07-25T14:32:03.104776+00:00,1.23,0.020000000000000018,0.016260162601626032,1.0961796110592343,0.09183105380285687,0.22802121052841198,83.22774184287037,0.0,738.93,True,0.115174415063594
SPY261016C00815000,2026-07-24 20:06:24+00:00,815.0,0.93,0.93,0.95,-0.01999998,-2.105261,51.0,2614,0.1237270245361328,False,REGULAR,USD,SPY,call,2026-10-16,738.93,2026-07-25T14:32:03.104776+00:00,0.94,0.019999999999999907,0.021276595744680753,1.102946151868242,0.09798491937723514,0.22802121052841198,83.22774184287037,0.0,738.93,True,0.11489701079492329
SPY261016C00820000,2026-07-24 19:33:25+00:00,820.0,0.71,0.71,0.73,-0.04000002,-5.333336,22.0,6750,0.1234218518066406,False,REGULAR,USD,SPY,call,2026-10-16,738.93,2026-07-25T14:32:03.104776+00:00,0.72,0.020000000000000018,0.027777777777777804,1.1097126926772496,0.10410114639467123,0.22802121052841198,83.22774184287037,0.0,738.93,True,0.11489277036767384
SPY261016C00825000,2026-07-24 19:05:38+00:00,825.0,0.55,0.55,0.57,-0.06999999,-11.290321,19.0,2235,0.1236049554443359,False,REGULAR,USD,SPY,call,2026-10-16,738.93,2026-07-25T14:32:03.104776+00:00,0.56,0.019999999999999907,0.035714285714285546,1.1164792334862572,0.11018019247105343,0.22802121052841198,83.22774184287037,0.0,738.93,True,0.11536577503888147
SPY261016C00830000,2026-07-24 18:01:28+00:00,830.0,0.5,0.43,0.44,0.09,21.951221,30.0,1435,0.1236659899902343,False,REGULAR,USD,SPY,call,2026-10-16,738.93,2026-07-25T14:32:03.104776+00:00,0.435,0.010000000000000009,0.022988505747126457,1.1232457742952648,0.11622250692701605,0.22802121052841198,83.22774184287037,0.0,738.93,True,0.11590359858416532
SPY261016C00835000,2026-07-23 16:02:09+00:00,835.0,0.37,0.34,0.35,0.0,0.0,4.0,299,0.1243984045410156,False,REGULAR,USD,SPY,call,2026-10-16,738.93,2026-07-25T14:32:03.104776+00:00,0.345,0.009999999999999953,0.02898550724637668,1.1300123151042725,0.12222853098722794,0.22802121052841198,83.22774184287037,0.0,738.93,True,0.11688729970779013
SPY261016C00840000,2026-07-24 15:17:18+00:00,840.0,0.32,0.27,0.29,-0.120000005,-27.272728,42.0,961,0.125985302734375,False,REGULAR,USD,SPY,call,2026-10-16,738.93,2026-07-25T14:32:03.104776+00:00,0.28,0.019999999999999962,0.07142857142857129,1.13677885591328,0.12819869797373176,0.22802121052841198,83.22774184287037,0.0,738.93,True,0.11828442764528678
SPY261016C00845000,2026-07-22 14:05:26+00:00,845.0,0.39,0.22,0.24,0.0,0.0,1.0,479,0.1274501318359375,False,REGULAR,USD,SPY,call,2026-10-16,738.93,2026-07-25T14:32:03.104776+00:00,0.22999999999999998,0.01999999999999999,0.0869565217391304,1.1435453967222877,0.1341334334935463,0.22802121052841198,83.22774184287037,0.0,738.93,True,0.11985755921603997
SPY261016C00850000,2026-07-24 19:37:32+00:00,850.0,0.19,0.19,0.2,-0.010000005,-5.000003,27.0,8241,0.1289149609375,False,REGULAR,USD,SPY,call,2026-10-16,738.93,2026-07-25T14:32:03.104776+00:00,0.195,0.010000000000000009,0.05128205128205133,1.1503119375312953,0.1400331556207346,0.22802121052841198,83.22774184287037,0.0,738.93,True,0.12190356623701937
SPY261016C00855000,2026-07-24 15:20:58+00:00,855.0,0.18,0.16,0.17,0.0,0.0,15.0,530,0.1308680664062499,False,REGULAR,USD,SPY,call,2026-10-16,738.93,2026-07-25T14:32:03.104776+00:00,0.165,0.010000000000000009,0.060606060606060656,1.157078478340303,0.1458982750731327,0.22802121052841198,83.22774184287037,0.0,738.93,True,0.1238516004710502
SPY261016C00860000,2026-07-23 18:23:49+00:00,860.0,0.14,0.14,0.15,0.0,0.0,7.0,344,0.1333094482421875,False,REGULAR,USD,SPY,call,2026-10-16,738.93,2026-07-25T14:32:03.104776+00:00,0.14500000000000002,0.009999999999999981,0.06896551724137917,1.1638450191493106,0.1517291953839259,0.22802121052841198,83.22774184287037,0.0,738.93,True,0.12632914037728404
SPY261016C00865000,2026-07-24 19:10:03+00:00,865.0,0.13,0.12,0.14,-0.010000005,-7.1428614,100.0,725,0.1364832446289062,False,REGULAR,USD,SPY,call,2026-10-16,738.93,2026-07-25T14:32:03.104776+00:00,0.13,0.020000000000000018,0.15384615384615397,1.1706115599583182,0.1575263130682518,0.22802121052841198,83.22774184287037,0.0,738.93,True,0.12904020820824377
SPY261016C00870000,2026-07-24 15:05:52+00:00,870.0,0.1,0.11,0.12,-0.059999995,-37.499996,40.0,182,0.1381922119140625,False,REGULAR,USD,SPY,call,2026-10-16,738.93,2026-07-25T14:32:03.104776+00:00,0.11499999999999999,0.009999999999999995,0.0869565217391304,1.1773781007673259,0.1632900177850019,0.22802121052841198,83.22774184287037,0.0,738.93,True,0.13146518777133798
SPY261016C00875000,2026-07-17 20:14:09+00:00,875.0,0.12,0.09,0.11,0.0,0.0,2.0,594,0.1411218701171875,False,REGULAR,USD,SPY,call,2026-10-16,738.93,2026-07-25T14:32:03.104776+00:00,0.1,0.020000000000000004,0.20000000000000004,1.1841446415763335,0.16902069249398693,0.22802121052841198,83.22774184287037,0.0,738.93,True,0.13355743378474608
SPY261016C00880000,2026-07-23 19:27:25+00:00,880.0,0.09,0.08,0.1,0.0,0.0,1.0,533,0.143563251953125,False,REGULAR,USD,SPY,call,2026-10-16,738.93,2026-07-25T14:32:03.104776+00:00,0.09,0.020000000000000004,0.22222222222222227,1.190911182385341,0.17471871360862465,0.22802121052841198,83.22774184287037,0.0,738.93,True,0.13610672160362547
SPY261016C00885000,2026-07-23 13:30:36+00:00,885.0,0.08,0.08,0.09,0.0,0.0,10.0,71,0.1460046337890624,False,REGULAR,USD,SPY,call,2026-10-16,738.93,2026-07-25T14:32:03.104776+00:00,0.08499999999999999,0.009999999999999995,0.11764705882352937,1.1976777231943487,0.18038445114430202,0.22802121052841198,83.22774184287037,0.0,738.93,True,0.1393180376139581
SPY261016P00595000,2026-07-24 19:03:55+00:00,595.0,2.62,2.59,2.62,-0.23000002,-8.070176,226.0,1127,0.2965768585205077,False,REGULAR,USD,SPY,put,2026-10-16,738.93,2026-07-25T14:32:03.104776+00:00,2.605,0.03000000000000025,0.01151631477927073,0.8052183562719067,-0.21664178831799777,0.22802121052841198,83.22774184287037,0.0,589.5977691048471,True,0.3076024826708207
SPY261016P00600000,2026-07-24 20:00:38+00:00,600.0,2.75,2.74,2.77,-0.049999952,-1.7857127,1794.0,9653,0.2910227148437499,False,REGULAR,USD,SPY,put,2026-10-16,738.93,2026-07-25T14:32:03.104776+00:00,2.755,0.029999999999999805,0.01088929219600719,0.8119848970809144,-0.20827353864748116,0.22802121052841198,83.22774184287037,0.0,594.5523722065684,True,0.30215693269094307
SPY261016P00605000,2026-07-24 19:03:55+00:00,605.0,2.94,2.91,2.93,-0.26,-8.125,5.0,1935,0.2854685711669921,False,REGULAR,USD,SPY,put,2026-10-16,738.93,2026-07-25T14:32:03.104776+00:00,2.92,0.020000000000000018,0.006849315068493157,0.818751437889922,-0.19997473583278605,0.22802121052841198,83.22774184287037,0.0,599.5069753082898,True,0.29683812986735536
SPY261016P00610000,2026-07-24 19:03:55+00:00,610.0,3.12,3.09,3.11,-0.33000016,-9.565222,8.0,2915,0.2800975311279295,False,REGULAR,USD,SPY,put,2026-10-16,738.93,2026-07-25T14:32:03.104776+00:00,3.0999999999999996,0.020000000000000018,0.0064516129032258125,0.8255179786989296,-0.19174423669627058,0.22802121052841198,83.22774184287037,0.0,604.4615784100113,True,0.2916093361511809
SPY261016P00615000,2026-07-24 19:04:28+00:00,615.0,3.3,3.28,3.31,-0.31999993,-8.839777,23.0,349,0.2748790774536133,False,REGULAR,USD,SPY,put,2026-10-16,738.93,2026-07-25T14:32:03.104776+00:00,3.295,0.03000000000000025,0.009104704097116919,0.8322845195079372,-0.18358092605710963,0.22802121052841198,83.22774184287037,0.0,609.4161815117327,True,0.2864373708540289
SPY261016P00620000,2026-07-24 19:59:31+00:00,620.0,3.52,3.49,3.51,-0.3800001,-9.743592,43.0,1666,0.2693859683227538,False,REGULAR,USD,SPY,put,2026-10-16,738.93,2026-07-25T14:32:03.104776+00:00,3.5,0.019999999999999574,0.005714285714285593,0.8390510603169449,-0.17548371582449027,0.22802121052841198,83.22774184287037,0.0,614.370784613454,True,0.28119197602524393
SPY261016P00625000,2026-07-24 20:07:22+00:00,625.0,3.74,3.71,3.74,-0.16000009,-4.1025662,115.0,5576,0.2641675146484374,False,REGULAR,USD,SPY,put,2026-10-16,738.93,2026-07-25T14:32:03.104776+00:00,3.725,0.03000000000000025,0.008053691275167852,0.8458176011259525,-0.167451544127226,0.22802121052841198,83.22774184287037,0.0,619.3253877151755,True,0.2760523124809788
SPY261016P00630000,2026-07-24 19:07:08+00:00,630.0,4.02,3.95,3.98,-0.3499999,-8.009151,22.0,1322,0.2588269918823243,False,REGULAR,USD,SPY,put,2026-10-16,738.93,2026-07-25T14:32:03.104776+00:00,3.965,0.029999999999999805,0.007566204287515714,0.85258414193496,-0.15948337447804922,0.22802121052841198,83.22774184287037,0.0,624.2799908168969,True,0.2708885177915552
SPY261016P00635000,2026-07-24 19:04:36+00:00,635.0,4.25,4.22,4.25,-0.40999985,-8.798281,14.0,210,0.2537000900268554,False,REGULAR,USD,SPY,put,2026-10-16,738.93,2026-07-25T14:32:03.104776+00:00,4.234999999999999,0.03000000000000025,0.007083825265643507,0.8593506827439676,-0.15157819497093594,0.22802121052841198,83.22774184287037,0.0,629.2345939186183,True,0.2659367872472268
SPY261016P00640000,2026-07-24 20:06:28+00:00,640.0,4.54,4.5,4.53,-0.099999905,-2.1551704,30.0,3062,0.2483595672607422,False,REGULAR,USD,SPY,put,2026-10-16,738.93,2026-07-25T14:32:03.104776+00:00,4.515000000000001,0.03000000000000025,0.006644518272425303,0.8661172235529753,-0.14373501750991005,0.22802121052841198,83.22774184287037,0.0,634.1891970203396,True,0.2608121631043424
SPY261016P00645000,2026-07-24 19:25:20+00:00,645.0,5.05,4.81,4.84,-0.21000004,-3.9923959,165.0,9222,0.243171630859375,False,REGULAR,USD,SPY,put,2026-10-16,738.93,2026-07-25T14:32:03.104776+00:00,4.824999999999999,0.03000000000000025,0.0062176165803109334,0.8728837643619829,-0.13595287706785508,0.22802121052841198,83.22774184287037,0.0,639.1438001220611,True,0.2558212329096499
SPY261016P00650000,2026-07-24 19:54:41+00:00,650.0,5.2,5.15,5.18,-0.21000004,-3.8817015,865.0,16541,0.238014211730957,False,REGULAR,USD,SPY,put,2026-10-16,738.93,2026-07-25T14:32:03.104776+00:00,5.165,0.02999999999999936,0.005808325266214784,0.8796503051709905,-0.12823083097394478,0.22802121052841198,83.22774184287037,0.0,644.0984032237825,True,0.25091407341756017
SPY261016P00655000,2026-07-24 19:04:20+00:00,655.0,5.56,5.51,5.55,-0.4500003,-7.487525,7.0,8431,0.2329025685119629,False,REGULAR,USD,SPY,put,2026-10-16,738.93,2026-07-25T14:32:03.104776+00:00,5.529999999999999,0.040000000000000036,0.007233273056057874,0.8864168459799981,-0.12056795822837565,0.22802121052841198,83.22774184287037,0.0,649.0530063255039,True,0.2459759285385718
SPY261016P00660000,2026-07-24 19:54:41+00:00,660.0,5.98,5.91,5.95,-0.05000019,-0.82919055,89.0,3627,0.2277604080200195,False,REGULAR,USD,SPY,put,2026-10-16,738.93,2026-07-25T14:32:03.104776+00:00,5.93,0.040000000000000036,0.006745362563237781,0.8931833867890058,-0.11296335884315634,0.22802121052841198,83.22774184287037,0.0,654.0076094272252,True,0.24110951731135488
SPY261016P00665000,2026-07-24 19:51:10+00:00,665.0,6.5,6.34,6.38,-0.40999985,-5.933428,180.0,1616,0.2225724716186523,False,REGULAR,USD,SPY,put,2026-10-16,738.93,2026-07-25T14:32:03.104776+00:00,6.359999999999999,0.040000000000000036,0.006289308176100635,0.8999499275980134,-0.10541615320777341,0.22802121052841198,83.22774184287037,0.0,658.9622125289467,True,0.23620477576501592
SPY261016P00670000,2026-07-24 19:49:51+00:00,670.0,6.93,6.81,6.85,-0.22000027,-3.0769267,151.0,1492,0.2173997938537598,False,REGULAR,USD,SPY,put,2026-10-16,738.93,2026-07-25T14:32:03.104776+00:00,6.83,0.040000000000000036,0.00585651537335286,0.906716468407021,-0.09792548147861581,0.22802121052841198,83.22774184287037,0.0,663.9168156306681,True,0.23134847782582185
SPY261016P00675000,2026-07-24 20:07:22+00:00,675.0,7.34,7.32,7.36,-0.07999992,-1.078166,352.0,4269,0.2122118574523925,False,REGULAR,USD,SPY,put,2026-10-16,738.93,2026-07-25T14:32:03.104776+00:00,7.34,0.040000000000000036,0.005449591280653956,0.9134830092160287,-0.09049050299109772,0.22802121052841198,83.22774184287037,0.0,668.8714187323895,True,0.22649275468716423
SPY261016P00680000,2026-07-24 20:14:14+00:00,680.0,7.87,7.88,7.92,-0.23999977,-2.9593067,555.0,18074,0.2070391796874999,False,REGULAR,USD,SPY,put,2026-10-16,738.93,2026-07-25T14:32:03.104776+00:00,7.9,0.040000000000000036,0.005063291139240511,0.9202495500250363,-0.08311039569347514,0.22802121052841198,83.22774184287037,0.0,673.8260218341109,True,0.22170287283994244
SPY261016P00685000,2026-07-24 19:32:19+00:00,685.0,8.66,8.48,8.53,-0.52000046,-5.6644926,35.0,1124,0.2018665019226074,False,REGULAR,USD,SPY,put,2026-10-16,738.93,2026-07-25T14:32:03.104776+00:00,8.504999999999999,0.049999999999998934,0.005878894767783532,0.9270160908340439,-0.07578435560140223,0.22802121052841198,83.22774184287037,0.0,678.7806249358323,True,0.21687164900982508
SPY261016P00690000,2026-07-24 20:11:05+00:00,690.0,9.22,9.15,9.2,-0.009999275,-0.10833451,552.0,4787,0.1967090827941894,False,REGULAR,USD,SPY,put,2026-10-16,738.93,2026-07-25T14:32:03.104776+00:00,9.175,0.049999999999998934,0.0054495912806538345,0.9337826316430515,-0.06851159627232245,0.22802121052841198,83.22774184287037,0.0,683.7352280375537,True,0.21215392063704516
SPY261016P00695000,2026-07-24 19:51:26+00:00,695.0,10.12,9.88,9.92,-0.15999985,-1.5564189,324.0,1462,0.1913990773010254,False,REGULAR,USD,SPY,put,2026-10-16,738.93,2026-07-25T14:32:03.104776+00:00,9.9,0.03999999999999915,0.0040404040404039545,0.9405491724520592,-0.061291348298835376,0.22802121052841198,83.22774184287037,0.0,688.6898311392752,True,0.20738798148771748
SPY261016P00700000,2026-07-24 20:09:38+00:00,700.0,10.73,10.67,10.72,-0.12000084,-1.1059985,1007.0,6420,0.1861806236267089,False,REGULAR,USD,SPY,put,2026-10-16,738.93,2026-07-25T14:32:03.104776+00:00,10.695,0.05000000000000071,0.00467508181393181,0.9473157132610668,-0.05412285882022283,0.22802121052841198,83.22774184287037,0.0,693.6444342409965,True,0.20266091864526195
SPY261016P00701000,2026-07-24 19:03:56+00:00,701.0,10.95,10.84,10.89,-0.6199999,-5.3586855,89.0,35,0.1851430363464355,False,REGULAR,USD,SPY,put,2026-10-16,738.93,2026-07-25T14:32:03.104776+00:00,10.865,0.05000000000000071,0.0046019328117810135,0.9486690214228682,-0.05269530682903748,0.22802121052841198,83.22774184287037,0.0,694.6353548613408,True,0.2017379541477508
SPY261016P00702000,2026-07-24 19:03:55+00:00,702.0,11.13,11.01,11.06,-0.8999996,-7.481294,98.0,23,0.1840749317932128,False,REGULAR,USD,SPY,put,2026-10-16,738.93,2026-07-25T14:32:03.104776+00:00,11.035,0.05000000000000071,0.004531037607612208,0.9500223295846698,-0.0512697898378164,0.22802121052841198,83.22774184287037,0.0,695.6262754816851,True,0.20078810222736887
SPY261016P00703000,2026-07-24 19:03:55+00:00,703.0,11.31,11.18,11.23,-0.85999966,-7.0665545,75.0,83,0.1829915686035156,False,REGULAR,USD,SPY,put,2026-10-16,738.93,2026-07-25T14:32:03.104776+00:00,11.205,0.05000000000000071,0.0044622936189201885,0.9513756377464713,-0.049846302052962685,0.22802121052841198,83.22774184287037,0.0,696.6171961020293,True,0.19981150461974204
SPY261016P00704000,2026-07-24 19:03:55+00:00,704.0,11.48,11.36,11.41,-0.89000034,-7.194829,106.0,113,0.1819387226867675,False,REGULAR,USD,SPY,put,2026-10-16,738.93,2026-07-25T14:32:03.104776+00:00,11.385,0.05000000000000071,0.004391743522178367,0.9527289459082728,-0.048424837705585144,0.22802121052841198,83.22774184287037,0.0,697.6081167223737,True,0.19889623226308223
SPY261016P00705000,2026-07-24 19:56:51+00:00,705.0,11.45,11.54,11.59,-0.52000046,-4.3441973,41.0,3028,0.1808706181335448,False,REGULAR,USD,SPY,put,2026-10-16,738.93,2026-07-25T14:32:03.104776+00:00,11.565,0.05000000000000071,0.004323389537397381,0.9540822540700744,-0.04700539105135884,0.22802121052841198,83.22774184287037,0.0,698.5990373427179,True,0.19795304599165664
SPY261016P00706000,2026-07-24 19:03:55+00:00,706.0,11.85,11.72,11.77,-0.12999916,-1.085135,72.0,25,0.1797872549438476,False,REGULAR,USD,SPY,put,2026-10-16,738.93,2026-07-25T14:32:03.104776+00:00,11.745000000000001,0.049999999999998934,0.004257130693912212,0.9554355622318759,-0.045587956370385485,0.22802121052841198,83.22774184287037,0.0,699.5899579630623,True,0.1969820756085233
SPY261016P00707000,2026-07-24 19:53:44+00:00,707.0,12.12,11.91,11.96,-1.3599997,-10.089018,26.0,70,0.1787344090270995,False,REGULAR,USD,SPY,put,2026-10-16,738.93,2026-07-25T14:32:03.104776+00:00,11.935,0.05000000000000071,0.0041893590280687645,0.9567888703936774,-0.04417252796705476,0.22802121052841198,83.22774184287037,0.0,700.5808785834065,True,0.19606931578504422
SPY261016P00708000,2026-07-24 19:03:55+00:00,708.0,12.23,12.1,12.15,-0.8100004,-6.21166,48.0,73,0.1776663044738769,False,REGULAR,USD,SPY,put,2026-10-16,738.93,2026-07-25T14:32:03.104776+00:00,12.125,0.05000000000000071,0.004123711340206244,0.9581421785554789,-0.042759100169907825,0.22802121052841198,83.22774184287037,0.0,701.5717992037507,True,0.19512765280780012
SPY261016P00709000,2026-07-24 19:03:55+00:00,709.0,12.42,12.3,12.35,-0.9899998,-7.382549,59.0,654,0.1766287171936035,False,REGULAR,USD,SPY,put,2026-10-16,738.93,2026-07-25T14:32:03.104776+00:00,12.325,0.049999999999998934,0.004056795131845756,0.9594954867172805,-0.04134766733150004,0.22802121052841198,83.22774184287037,0.0,702.5627198240951,True,0.19424177254915925
SPY261016P00710000,2026-07-24 20:09:38+00:00,710.0,12.56,12.49,12.55,-0.25999928,-2.0280757,146.0,7075,0.1755758712768554,False,REGULAR,USD,SPY,put,2026-10-16,738.93,2026-07-25T14:32:03.104776+00:00,12.52,0.0600000000000005,0.004792332268370647,0.960848794879082,-0.03993822382826639,0.22802121052841198,83.22774184287037,0.0,703.5536404444393,True,0.1932839573857996
SPY261016P00711000,2026-07-24 19:03:55+00:00,711.0,12.82,12.7,12.75,-0.6300001,-4.6840158,116.0,229,0.1744925080871582,False,REGULAR,USD,SPY,put,2026-10-16,738.93,2026-07-25T14:32:03.104776+00:00,12.725,0.05000000000000071,0.003929273084479427,0.9622021030408835,-0.038530764060386684,0.22802121052841198,83.22774184287037,0.0,704.5445610647836,True,0.1923802245500887
SPY261016P00712000,2026-07-24 19:03:55+00:00,712.0,13.03,12.9,12.96,-1.0100002,-7.1937337,9.0,78,0.1734549208068848,False,REGULAR,USD,SPY,put,2026-10-16,738.93,2026-07-25T14:32:03.104776+00:00,12.93,0.0600000000000005,0.004640371229698415,0.9635554112026851,-0.037125282451651746,0.22802121052841198,83.22774184287037,0.0,705.5354816851279,True,0.19144611125047428
SPY261016P00713000,2026-07-24 19:32:21+00:00,713.0,13.37,13.11,13.17,-0.84000015,-5.911331,12.0,54,0.1723715576171875,False,REGULAR,USD,SPY,put,2026-10-16,738.93,2026-07-25T14:32:03.104776+00:00,13.14,0.0600000000000005,0.004566210045662138,0.9649087193644865,-0.03572177344933164,0.22802121052841198,83.22774184287037,0.0,706.5264023054722,True,0.19052276243695881
SPY261016P00714000,2026-07-24 19:56:31+00:00,714.0,13.43,13.33,13.38,-0.049999237,-0.37091422,35.0,76,0.1712729357910156,False,REGULAR,USD,SPY,put,2026-10-16,738.93,2026-07-25T14:32:03.104776+00:00,13.355,0.05000000000000071,0.0037439161362786003,0.9662620275262881,-0.03432023152404314,0.22802121052841198,83.22774184287037,0.0,707.5173229258164,True,0.1896093714970426
SPY261016P00715000,2026-07-24 20:13:54+00:00,715.0,13.52,13.54,13.6,-0.5,-3.5663338,67.0,4322,0.170204831237793,False,REGULAR,USD,SPY,put,2026-10-16,738.93,2026-07-25T14:32:03.104776+00:00,13.57,0.0600000000000005,0.0044215180545320925,0.9676153356880896,-0.032920651169619945,0.22802121052841198,83.22774184287037,0.0,708.5082435461608,True,0.1886646613493591
SPY261016P00716000,2026-07-24 19:57:48+00:00,716.0,13.83,13.77,13.82,-0.9200001,-6.2372885,15.0,349,0.1691062094116211,False,REGULAR,USD,SPY,put,2026-10-16,738.93,2026-07-25T14:32:03.104776+00:00,13.795,0.05000000000000071,0.0036245016310257855,0.9689686438498911,-0.031523026902981935,0.22802121052841198,83.22774184287037,0.0,709.499164166505,True,0.18776910872563868
SPY261016P00717000,2026-07-24 19:18:34+00:00,717.0,14.39,13.99,14.05,-1.1399994,-7.340627,49.0,44,0.1680533634948731,False,REGULAR,USD,SPY,put,2026-10-16,738.93,2026-07-25T14:32:03.104776+00:00,14.02,0.0600000000000005,0.004279600570613445,0.9703219520116927,-0.030127353264007145,0.22802121052841198,83.22774184287037,0.0,710.4900847868493,True,0.18684124227094417
SPY261016P00718000,2026-07-24 19:03:55+00:00,718.0,14.36,14.22,14.28,-1.0500002,-6.813759,9.0,51,0.1669547416687012,False,REGULAR,USD,SPY,put,2026-10-16,738.93,2026-07-25T14:32:03.104776+00:00,14.25,0.05999999999999872,0.004210526315789384,0.9716752601734941,-0.02873362481540339,0.22802121052841198,83.22774184287037,0.0,711.4810054071936,True,0.18592078477688723
SPY261016P00719000,2026-07-24 19:51:59+00:00,719.0,14.8,14.46,14.51,-0.40999985,-2.695594,3.0,61,0.1658256025695801,False,REGULAR,USD,SPY,put,2026-10-16,738.93,2026-07-25T14:32:03.104776+00:00,14.485,0.049999999999998934,0.003451846738004759,0.9730285683352957,-0.027341836142580837,0.22802121052841198,83.22774184287037,0.0,712.4719260275378,True,0.18500698609238775
SPY261016P00720000,2026-07-24 19:54:13+00:00,720.0,14.91,14.7,14.75,0.119999886,0.8113583,241.0,8993,0.1647422393798828,False,REGULAR,USD,SPY,put,2026-10-16,738.93,2026-07-25T14:32:03.104776+00:00,14.725,0.05000000000000071,0.0033955857385399467,0.9743818764970972,-0.025951981853526596,0.22802121052841198,83.22774184287037,0.0,713.4628466478821,True,0.1840991090175679
SPY261016P00721000,2026-07-24 19:03:55+00:00,721.0,15.08,14.94,15.0,-0.3000002,-1.9505864,12.0,47,0.1636893934631348,False,REGULAR,USD,SPY,put,2026-10-16,738.93,2026-07-25T14:32:03.104776+00:00,14.969999999999999,0.0600000000000005,0.004008016032064162,0.9757351846588987,-0.024564056578678467,0.22802121052841198,83.22774184287037,0.0,714.4537672682264,True,0.18319642901271327
SPY261016P00722000,2026-07-24 19:03:55+00:00,722.0,15.33,15.19,15.25,-0.72999954,-4.5454516,12.0,63,0.1626060302734375,False,REGULAR,USD,SPY,put,2026-10-16,738.93,2026-07-25T14:32:03.104776+00:00,15.219999999999999,0.0600000000000005,0.003942181340341688,0.9770884928207003,-0.02317805497080127,0.22802121052841198,83.22774184287037,0.0,715.4446878885707,True,0.18229823332515863
SPY261016P00723000,2026-07-24 19:03:55+00:00,723.0,15.59,15.45,15.51,-0.6399994,-3.943311,9.0,86,0.1615531843566894,False,REGULAR,USD,SPY,put,2026-10-16,738.93,2026-07-25T14:32:03.104776+00:00,15.48,0.0600000000000005,0.003875968992248094,0.9784418009825018,-0.02179397170486288,0.22802121052841198,83.22774184287037,0.0,716.4356085089149,True,0.18144230075654905
SPY261016P00724000,2026-07-24 19:03:56+00:00,724.0,15.84,15.71,15.77,-0.70000076,-4.232169,7.0,28,0.1604545625305176,False,REGULAR,USD,SPY,put,2026-10-16,738.93,2026-07-25T14:32:03.104776+00:00,15.74,0.05999999999999872,0.003811944091486577,0.9797951091443033,-0.020411801477911152,0.22802121052841198,83.22774184287037,0.0,717.4265291292593,True,0.1805507602405739
SPY261016P00725000,2026-07-24 20:12:51+00:00,725.0,15.93,15.97,16.03,-0.069999695,-0.4374981,106.0,5086,0.1593254234313965,False,REGULAR,USD,SPY,put,2026-10-16,738.93,2026-07-25T14:32:03.104776+00:00,16.0,0.0600000000000005,0.003750000000000031,0.9811484173061048,-0.019031539008952807,0.22802121052841198,83.22774184287037,0.0,718.4174497496035,True,0.17962358500171444
SPY261016P00726000,2026-07-24 19:03:55+00:00,726.0,16.38,16.24,16.3,-1.5500011,-8.644735,9.0,43,0.1582268016052246,False,REGULAR,USD,SPY,put,2026-10-16,738.93,2026-07-25T14:32:03.104776+00:00,16.27,0.060000000000002274,0.0036877688998157515,0.9825017254679064,-0.01765317903883145,0.22802121052841198,83.22774184287037,0.0,719.4083703699479,True,0.17873640744009042
SPY261016P00727000,2026-07-24 19:03:55+00:00,727.0,16.66,16.52,16.58,-0.77000046,-4.417673,8.0,43,0.1571586970520019,False,REGULAR,USD,SPY,put,2026-10-16,738.93,2026-07-25T14:32:03.104776+00:00,16.549999999999997,0.05999999999999872,0.003625377643504455,0.9838550336297079,-0.016276716330108125,0.22802121052841198,83.22774184287037,0.0,720.3992909902921,True,0.177887951935068
SPY261016P00728000,2026-07-24 19:06:38+00:00,728.0,16.9,16.8,16.86,-1.1000004,-6.1111135,21.0,471,0.1560448165893554,False,REGULAR,USD,SPY,put,2026-10-16,738.93,2026-07-25T14:32:03.104776+00:00,16.83,0.05999999999999872,0.0035650623885917247,0.9852083417915094,-0.014902145666941587,0.22802121052841198,83.22774184287037,0.0,721.3902116106364,True,0.177002066728777
SPY261016P00729000,2026-07-24 19:32:19+00:00,729.0,17.37,17.09,17.15,0.26000023,1.5195805,10.0,270,0.1549690827178955,False,REGULAR,USD,SPY,put,2026-10-16,738.93,2026-07-25T14:32:03.104776+00:00,17.119999999999997,0.05999999999999872,0.0035046728971961875,0.986561649953311,-0.013529461854969362,0.22802121052841198,83.22774184287037,0.0,722.3811322309807,True,0.17615323040020936
SPY261016P00730000,2026-07-24 20:12:39+00:00,730.0,17.37,17.39,17.45,-0.22999954,-1.3068155,2076.0,9669,0.1539162368011475,False,REGULAR,USD,SPY,put,2026-10-16,738.93,2026-07-25T14:32:03.104776+00:00,17.42,0.05999999999999872,0.003444316877152624,0.9879149581151124,-0.012158659721190764,0.22802121052841198,83.22774184287037,0.0,723.372052851325,True,0.17534027675911174
SPY261016P00731000,2026-07-24 19:23:26+00:00,731.0,18.07,17.69,17.75,-1.1800003,-6.129872,11.0,286,0.1528176149749756,False,REGULAR,USD,SPY,put,2026-10-16,738.93,2026-07-25T14:32:03.104776+00:00,17.72,0.05999999999999872,0.003386004514672614,0.989268266276914,-0.010789734113849028,0.22802121052841198,83.22774184287037,0.0,724.3629734716692,True,0.17448819942863258
SPY261016P00732000,2026-07-24 19:05:55+00:00,732.0,18.08,17.99,18.06,-0.9200001,-4.8421054,8.0,42,0.1517418811035156,False,REGULAR,USD,SPY,put,2026-10-16,738.93,2026-07-25T14:32:03.104776+00:00,18.025,0.07000000000000028,0.003883495145631084,0.9906215744387155,-0.009422679902316038,0.22802121052841198,83.22774184287037,0.0,725.3538940920135,True,0.17363366413464384
SPY261016P00733000,2026-07-24 19:03:55+00:00,733.0,18.45,18.31,18.37,-0.6399994,-3.3525374,8.0,57,0.1506280006408691,False,REGULAR,USD,SPY,put,2026-10-16,738.93,2026-07-25T14:32:03.104776+00:00,18.34,0.060000000000002274,0.003271537622682785,0.991974882600517,-0.008057491976976059,0.22802121052841198,83.22774184287037,0.0,726.3448147123578,True,0.17281269733750923
SPY261016P00734000,2026-07-24 19:05:55+00:00,734.0,18.7,18.63,18.69,-1.289999,-6.4532223,9.0,78,0.1495293788146973,False,REGULAR,USD,SPY,put,2026-10-16,738.93,2026-07-25T14:32:03.104776+00:00,18.66,0.060000000000002274,0.003215434083601408,0.9933281907623186,-0.006694165249111924,0.22802121052841198,83.22774184287037,0.0,727.335735332702,True,0.1719877633980386
SPY261016P00735000,2026-07-24 20:09:25+00:00,735.0,19.08,18.95,19.02,-0.040000916,-0.20920978,159.0,2716,0.1484612742614746,False,REGULAR,USD,SPY,put,2026-10-16,738.93,2026-07-25T14:32:03.104776+00:00,18.985,0.07000000000000028,0.003687121411640784,0.9946814989241201,-0.005332694650790894,0.22802121052841198,83.22774184287037,0.0,728.3266559530464,True,0.1711582722361873
SPY261016P00736000,2026-07-24 19:03:55+00:00,736.0,19.44,19.29,19.35,-0.7600002,-3.762377,3.0,47,0.1473321351623535,False,REGULAR,USD,SPY,put,2026-10-16,738.93,2026-07-25T14:32:03.104776+00:00,19.32,0.060000000000002274,0.003105590062111919,0.9960348070859216,-0.003973075134751286,0.22802121052841198,83.22774184287037,0.0,729.3175765733906,True,0.17035988229445673
SPY261016P00737000,2026-07-24 19:59:58+00:00,737.0,19.51,19.63,19.69,-0.59000015,-2.935324,80.0,53,0.1462335133361816,False,REGULAR,USD,SPY,put,2026-10-16,738.93,2026-07-25T14:32:03.104776+00:00,19.66,0.060000000000002274,0.0030518819938963517,0.9973881152477231,-0.0026153016742909863,0.22802121052841198,83.22774184287037,0.0,730.3084971937349,True,0.169555523885889
SPY261016P00738000,2026-07-24 19:59:02+00:00,738.0,20.03,19.97,20.04,-0.14999962,-0.7433083,610.0,49,0.1451501501464843,False,REGULAR,USD,SPY,put,2026-10-16,738.93,2026-07-25T14:32:03.104776+00:00,20.005,0.07000000000000028,0.0034991252186953405,0.9987414234095247,-0.0012593692631550479,0.22802121052841198,83.22774184287037,0.0,731.2994178140792,True,0.16874462657552108
SPY261016P00739000,2026-07-24 19:58:55+00:00,739.0,20.36,20.33,20.4,-1.3899994,-6.390802,121.0,42,0.1440820455932617,True,REGULAR,USD,SPY,put,2026-10-16,738.93,2026-07-25T14:32:03.104776+00:00,20.365,0.07000000000000028,0.0034372698256813303,1.0000947315713262,9.472708457427596e-05,0.22802121052841198,83.22774184287037,0.0,732.2903384344235,True,0.16799848643912116
SPY261016P00740000,2026-07-24 20:09:43+00:00,740.0,20.81,20.69,20.76,-1.7300014,-7.67525,1153.0,6302,0.1429681651306152,True,REGULAR,USD,SPY,put,2026-10-16,738.93,2026-07-25T14:32:03.104776+00:00,20.725,0.07000000000000028,0.003377563329312438,1.0014480397331278,0.0014469923345879852,0.22802121052841198,83.22774184287037,0.0,733.2812590547677,True,0.16720845671653642
SPY261016P00741000,2026-07-24 19:33:44+00:00,741.0,21.3,21.06,21.13,-1.6300011,-7.108596,47.0,49,0.1418695433044433,True,REGULAR,USD,SPY,put,2026-10-16,738.93,2026-07-25T14:32:03.104776+00:00,21.095,0.07000000000000028,0.0033183218772221044,1.0028013478949291,0.002797431432459259,0.22802121052841198,83.22774184287037,0.0,734.272179675112,True,0.16644578095113144
SPY261016P00742000,2026-07-24 19:20:51+00:00,742.0,21.94,21.44,21.51,0.5799999,2.7153554,56.0,342,0.140786180114746,True,REGULAR,USD,SPY,put,2026-10-16,738.93,2026-07-25T14:32:03.104776+00:00,21.475,0.07000000000000028,0.003259604190919687,1.0041546560567307,0.0041460493037528655,0.22802121052841198,83.22774184287037,0.0,735.2631002954563,True,0.16570968920122534
SPY261016P00743000,2026-07-24 19:28:09+00:00,743.0,22.45,21.82,21.89,-0.84000015,-3.6066988,87.0,416,0.1396417823791504,True,REGULAR,USD,SPY,put,2026-10-16,738.93,2026-07-25T14:32:03.104776+00:00,21.855,0.07000000000000028,0.0032029283916723992,1.0055079642185323,0.005492850854131627,0.22802121052841198,83.22774184287037,0.0,736.2540209158005,True,0.16492816143341238
SPY261016P00744000,2026-07-24 19:59:00+00:00,744.0,22.26,22.22,22.29,-1.4200001,-5.9966216,5.0,54,0.1385736778259277,True,REGULAR,USD,SPY,put,2026-10-16,738.93,2026-07-25T14:32:03.104776+00:00,22.255,0.07000000000000028,0.0031453605931251534,1.0068612723803338,0.006837840969464374,0.22802121052841198,83.22774184287037,0.0,737.2449415361449,True,0.16424321761803637
SPY261016P00745000,2026-07-24 19:34:41+00:00,745.0,22.87,22.62,22.69,-0.76999855,-3.2571852,350.0,5531,0.1374597973632813,True,REGULAR,USD,SPY,put,2026-10-16,738.93,2026-07-25T14:32:03.104776+00:00,22.655,0.07000000000000028,0.0030898256455528703,1.0082145805421354,0.008181024515932068,0.22802121052841198,83.22774184287037,0.0,738.2358621564891,True,0.16351169007542884
SPY261016P00746000,2026-07-24 17:15:48+00:00,746.0,21.99,23.03,23.1,-2.3500004,-9.654891,12.0,239,0.1363459169006348,True,REGULAR,USD,SPY,put,2026-10-16,738.93,2026-07-25T14:32:03.104776+00:00,23.065,0.07000000000000028,0.003034901365705627,1.0095678887039368,0.00952240634013323,0.22802121052841198,83.22774184287037,0.29678277683353826,739.2267827768335,True,0.16280424216421038
SPY261016P00747000,2026-07-24 19:01:32+00:00,747.0,23.29,23.45,23.52,-1.4599991,-5.8989863,10.0,184,0.1352320364379883,True,REGULAR,USD,SPY,put,2026-10-16,738.93,2026-07-25T14:32:03.104776+00:00,23.485,0.07000000000000028,0.0029806259314456157,1.0109211968657383,0.010861991269189731,0.22802121052841198,83.22774184287037,1.2877033971777792,740.2177033971777,True,0.16212028715127633
SPY261016P00748000,2026-07-24 14:04:29+00:00,748.0,24.55,23.87,23.94,-0.73000145,-2.8876638,15.0,116,0.1340723800659179,True,REGULAR,USD,SPY,put,2026-10-16,738.93,2026-07-25T14:32:03.104776+00:00,23.905,0.07000000000000028,0.0029282576866764393,1.01227450502754,0.012199784110849713,0.22802121052841198,83.22774184287037,2.27862401752202,741.208624017522,True,0.161388247090317
SPY261016P00749000,2026-07-24 18:08:20+00:00,749.0,22.87,24.31,24.38,-3.5899982,-13.567643,5.0,114,0.1329813875579834,True,REGULAR,USD,SPY,put,2026-10-16,738.93,2026-07-25T14:32:03.104776+00:00,24.345,0.07000000000000028,0.0028753337440953087,1.0136278131893415,0.013535789653591992,0.22802121052841198,83.22774184287037,3.2695446378663746,742.1995446378663,True,0.1607496989914652
SPY261016P00750000,2026-07-24 19:59:52+00:00,750.0,24.56,24.75,24.83,-1.5900002,-6.0803065,125.0,6274,0.1318903950500488,True,REGULAR,USD,SPY,put,2026-10-16,738.93,2026-07-25T14:32:03.104776+00:00,24.79,0.0799999999999983,0.0032271077047195764,1.014981121351143,0.014870012666728685,0.22802121052841198,83.22774184287037,4.2604652582106155,743.1904652582106,True,0.1600976106292399
SPY261016P00751000,2026-07-24 19:01:22+00:00,751.0,25.08,25.21,25.28,-1.7299995,-6.4528146,9.0,148,0.1307459973144531,True,REGULAR,USD,SPY,put,2026-10-16,738.93,2026-07-25T14:32:03.104776+00:00,25.245,0.07000000000000028,0.0027728263022380783,1.0163344295129444,0.01620245790050713,0.22802121052841198,83.22774184287037,5.251385878554856,744.1813858785548,True,0.15946707786921194
SPY261016P00752000,2026-07-24 18:24:04+00:00,752.0,24.93,25.67,25.74,-1.7799988,-6.6641665,41.0,531,0.1295863409423828,True,REGULAR,USD,SPY,put,2026-10-16,738.93,2026-07-25T14:32:03.104776+00:00,25.705,0.06999999999999673,0.002723205602022826,1.017687737674746,0.017533130086212254,0.22802121052841198,83.22774184287037,6.242306498899211,745.1723064988992,True,0.1588221122315088
SPY261016P00753000,2026-07-24 19:01:31+00:00,753.0,25.97,25.57,26.83,-0.31000137,-1.1796094,15.0,378,0.1329890168762207,True,REGULAR,USD,SPY,put,2026-10-16,738.93,2026-07-25T14:32:03.104776+00:00,26.2,1.259999999999998,0.04809160305343504,1.0190410458365475,0.018862033936266055,0.22802121052841198,83.22774184287037,7.233227119243452,746.1632271192434,True,0.1583762353807635
SPY261016P00754000,2026-07-24 19:01:28+00:00,754.0,26.43,26.05,27.46,-0.8199997,-3.0091734,7.0,623,0.1329737582397461,True,REGULAR,USD,SPY,put,2026-10-16,738.93,2026-07-25T14:32:03.104776+00:00,26.755000000000003,1.4100000000000001,0.05270042982620071,1.020394353998349,0.02018917414432859,0.22802121052841198,83.22774184287037,8.224147739587693,747.1541477395876,True,0.15830875772678762
SPY261016P00755000,2026-07-24 19:01:36+00:00,755.0,27.0,26.76,27.81,-0.11000061,-0.40575656,69.0,3910,0.1308222904968261,True,REGULAR,USD,SPY,put,2026-10-16,738.93,2026-07-25T14:32:03.104776+00:00,27.285,1.0499999999999972,0.03848268279274316,1.0217476621601504,0.021514555385397052,0.22802121052841198,83.22774184287037,9.215068359932047,748.145068359932,True,0.15801317084367558
SPY261016P00756000,2026-07-22 19:27:35+00:00,756.0,22.83,27.03,28.3,0.0,0.0,5.0,128,0.1296321168518066,True,REGULAR,USD,SPY,put,2026-10-16,738.93,2026-07-25T14:32:03.104776+00:00,27.665,1.2699999999999996,0.045906379902403746,1.023100970321952,0.02283818231590539,0.22802121052841198,83.22774184287037,10.205988980276288,749.1359889802762,True,0.15659054693716407
SPY261016P00757000,2026-07-22 17:23:10+00:00,757.0,22.69,26.79,29.54,0.0,0.0,,6,0.1339960868835449,True,REGULAR,USD,SPY,put,2026-10-16,738.93,2026-07-25T14:32:03.104776+00:00,28.165,2.75,0.09763891354518019,1.0244542784837536,0.024160059573821214,0.22802121052841198,83.22774184287037,11.196909600620529,750.1269096006205,True,0.15597517945255834
SPY261016P00758000,2026-07-22 19:34:03+00:00,758.0,23.73,27.31,30.07,0.0,0.0,3.0,35,0.1330042755126953,True,REGULAR,USD,SPY,put,2026-10-16,738.93,2026-07-25T14:32:03.104776+00:00,28.689999999999998,2.7600000000000016,0.09620076681770658,1.0258075866455552,0.025480191778744138,0.22802121052841198,83.22774184287037,12.187830220964884,751.1178302209648,True,0.15548749335701306
SPY261016P00759000,2026-07-22 19:50:11+00:00,759.0,23.91,27.85,30.61,0.0,0.0,10.0,136,0.1320124641418457,True,REGULAR,USD,SPY,put,2026-10-16,738.93,2026-07-25T14:32:03.104776+00:00,29.23,2.759999999999998,0.09442353746151208,1.0271608948073567,0.026798583532002453,0.22802121052841198,83.22774184287037,13.178750841309125,752.1087508413091,True,0.1550560348320307
SPY261016P00760000,2026-07-24 19:53:12+00:00,760.0,29.99,29.36,31.16,-1.5100002,-4.7936516,22.0,1684,0.1310053941345214,True,REGULAR,USD,SPY,put,2026-10-16,738.93,2026-07-25T14:32:03.104776+00:00,30.259999999999998,1.8000000000000007,0.059484467944481194,1.028514202969158,0.028115239416749118,0.22802121052841198,83.22774184287037,14.169671461653365,753.0996714616533,True,0.15813604151604282
SPY261016P00761000,2026-07-24 13:59:22+00:00,761.0,30.56,28.95,31.73,5.9399986,24.12672,1.0,5,0.1300898759460448,True,REGULAR,USD,SPY,put,2026-10-16,738.93,2026-07-25T14:32:03.104776+00:00,30.34,2.780000000000001,0.09162821357943313,1.0298675111309596,0.029430163998058236,0.22802121052841198,83.22774184287037,15.16059208199772,754.0905920819977,True,0.15425423333997634
SPY261016P00762000,2026-07-22 17:23:10+00:00,762.0,24.92,29.53,32.3,0.0,0.0,,1,0.1290980645751953,True,REGULAR,USD,SPY,put,2026-10-16,738.93,2026-07-25T14:32:03.104776+00:00,30.915,2.769999999999996,0.08960051754811567,1.0312208192927612,0.030743361823018716,0.22802121052841198,83.22774184287037,16.15151270234196,755.0815127023419,True,0.15392098377947938
SPY261016P00763000,2026-07-24 19:32:21+00:00,763.0,31.89,30.08,33.25,6.5,25.60063,1.0,1,0.1310511700439453,True,REGULAR,USD,SPY,put,2026-10-16,738.93,2026-07-25T14:32:03.104776+00:00,31.665,3.1700000000000017,0.10011053213327023,1.0325741274545628,0.03205483742082949,0.22802121052841198,83.22774184287037,17.142433322686202,756.0724333226862,True,0.15482626828560062
SPY261016P00764000,2026-07-22 17:18:19+00:00,764.0,25.7,30.68,33.85,0.0,0.0,,1,0.1301814277648925,True,REGULAR,USD,SPY,put,2026-10-16,738.93,2026-07-25T14:32:03.104776+00:00,32.265,3.1700000000000017,0.09824887649155437,1.0339274356163644,0.03336459530289303,0.22802121052841198,83.22774184287037,18.133353943030556,757.0633539430305,True,0.1545795579290249
SPY261016P00765000,2026-07-24 19:47:11+00:00,765.0,33.2,31.28,34.46,0.20999908,0.6365537,15.0,729,0.1293116854858398,True,REGULAR,USD,SPY,put,2026-10-16,738.93,2026-07-25T14:32:03.104776+00:00,32.870000000000005,3.1799999999999997,0.09674475205354424,1.0352807437781657,0.0346726399629082,0.22802121052841198,83.22774184287037,19.124274563374797,758.0542745633747,True,0.15431863413761163
SPY261016P00766000,2026-07-22 17:17:18+00:00,766.0,26.73,31.9,35.08,0.0,0.0,1.0,3,0.1284419432067871,True,REGULAR,USD,SPY,put,2026-10-16,738.93,2026-07-25T14:32:03.104776+00:00,33.489999999999995,3.1799999999999997,0.09495371752762019,1.0366340519399673,0.035978975876963706,0.22802121052841198,83.22774184287037,20.115195183719152,759.0451951837191,True,0.15411838454460824
SPY261016P00769000,2026-07-21 14:08:41+00:00,769.0,31.13,33.52,37.01,0.0,0.0,,10,0.1259242681884765,True,REGULAR,USD,SPY,put,2026-10-16,738.93,2026-07-25T14:32:03.104776+00:00,35.265,3.489999999999995,0.09896497944137232,1.040693976425372,0.03988777564201651,0.22802121052841198,83.22774184287037,23.087957044751988,762.0179570447519,True,0.15255713402818616
SPY261016P00770000,2026-07-24 19:36:23+00:00,770.0,35.98,34.19,37.68,-0.61999893,-1.6939862,20.0,800,0.1251460777282714,True,REGULAR,USD,SPY,put,2026-10-16,738.93,2026-07-25T14:32:03.104776+00:00,35.935,3.490000000000002,0.09711979963823575,1.0420472845871733,0.041187320984101904,0.22802121052841198,83.22774184287037,24.07887766509623,763.0088776650962,True,0.1525276936178183
SPY261016P00775000,2026-07-24 18:25:20+00:00,775.0,38.5,37.74,41.21,0.5,1.3157895,29.0,177,0.1216518499755859,True,REGULAR,USD,SPY,put,2026-10-16,738.93,2026-07-25T14:32:03.104776+00:00,39.475,3.469999999999999,0.08790373654211524,1.048813825396181,0.047659835489719374,0.22802121052841198,83.22774184287037,29.03348076681766,767.9634807668176,True,0.15315018470006103
SPY261016P00778000,2026-07-23 15:58:12+00:00,778.0,42.83,40.01,43.48,0.0,0.0,2.0,2,0.1200191758728027,True,REGULAR,USD,SPY,put,2026-10-16,738.93,2026-07-25T14:32:03.104776+00:00,41.745,3.469999999999999,0.08312372739250207,1.0528737498815857,0.05152333031476411,0.22802121052841198,83.22774184287037,32.0062426278505,770.9362426278504,True,0.15415811184731282
SPY261016P00780000,2026-07-24 18:43:49+00:00,780.0,43.5,41.58,45.05,-0.91999817,-2.071135,12.0,134,0.1191036576843261,True,REGULAR,USD,SPY,put,2026-10-16,738.93,2026-07-25T14:32:03.104776+00:00,43.315,3.469999999999999,0.08011081611450996,1.0555803662051886,0.0540907258200098,0.22802121052841198,83.22774184287037,33.98808386853898,772.9180838685389,True,0.15509437752027827
SPY261016P00785000,2026-07-22 14:29:13+00:00,785.0,40.25,45.74,49.2,0.0,0.0,2.0,98,0.1179897772216796,True,REGULAR,USD,SPY,put,2026-10-16,738.93,2026-07-25T14:32:03.104776+00:00,47.47,3.460000000000001,0.07288813987781759,1.0623469070141962,0.060480523918780824,0.22802121052841198,83.22774184287037,38.94268697026041,777.8726869702604,True,0.15876709610764653
SPY261016P00789000,2026-07-21 17:39:14+00:00,789.0,42.1,49.26,52.71,0.0,0.0,,10,0.1182186567687988,True,REGULAR,USD,SPY,put,2026-10-16,738.93,2026-07-25T14:32:03.104776+00:00,50.985,3.450000000000003,0.06766696087084442,1.0677601396614023,0.06556312698224659,0.22802121052841198,83.22774184287037,42.9063694516376,781.8363694516376,True,0.16285167019339453
SPY261016P00790000,2026-07-23 19:43:54+00:00,790.0,54.27,50.16,53.62,0.0,0.0,152.0,147,0.1185696054077148,True,REGULAR,USD,SPY,put,2026-10-16,738.93,2026-07-25T14:32:03.104776+00:00,51.89,3.460000000000001,0.06667951435729429,1.0691134478232038,0.06682975159743958,0.22802121052841198,83.22774184287037,43.89729007198184,782.8272900719818,True,0.16404906629492802
SPY261016P00792000,2026-07-20 19:56:21+00:00,792.0,50.58,52.01,55.46,0.0,0.0,,0,0.1194546063232421,True,REGULAR,USD,SPY,put,2026-10-16,738.93,2026-07-25T14:32:03.104776+00:00,53.735,3.450000000000003,0.06420396389690151,1.071820064146807,0.06935819795079834,0.22802121052841198,83.22774184287037,45.87913131267044,784.8091313126704,True,0.16670353198910198
SPY261016P00793000,2026-07-20 19:29:11+00:00,793.0,51.47,52.95,56.4,0.0,0.0,,2,0.1200954690551757,True,REGULAR,USD,SPY,put,2026-10-16,738.93,2026-07-25T14:32:03.104776+00:00,54.675,3.4499999999999957,0.06310013717421117,1.0731733723086085,0.0706200277712205,0.22802121052841198,83.22774184287037,46.87005193301468,785.8000519330146,True,0.16816541375362679
SPY261016P00795000,2026-06-24 17:49:51+00:00,795.0,62.54,54.85,58.29,0.0,0.0,8.0,1,0.1214992636108398,True,REGULAR,USD,SPY,put,2026-10-16,738.93,2026-07-25T14:32:03.104776+00:00,56.57,3.4399999999999977,0.06080961640445462,1.0758799886322115,0.0731389207907043,0.22802121052841198,83.22774184287037,48.851893173703274,787.7818931737032,True,0.1711827360380616
SPY261016P00800000,2026-07-23 14:19:31+00:00,800.0,60.45,59.76,63.19,0.0,0.0,2.0,14,0.1273280627441406,True,REGULAR,USD,SPY,put,2026-10-16,738.93,2026-07-25T14:32:03.104776+00:00,61.474999999999994,3.4299999999999997,0.05579503863359089,1.082646529441219,0.0794085338042997,0.22802121052841198,83.22774184287037,53.80649627542459,792.7364962754245,True,0.18008862206437057
SPY261016P00805000,2026-07-10 18:53:13+00:00,805.0,51.15,64.76,68.19,0.0,0.0,1.0,1,0.134499621887207,True,REGULAR,USD,SPY,put,2026-10-16,738.93,2026-07-25T14:32:03.104776+00:00,66.475,3.4299999999999926,0.051598345242572285,1.0894130702502267,0.08563908355493578,0.22802121052841198,83.22774184287037,58.761099377146024,797.691099377146,True,0.1896765474898761
SPY261016P00810000,2026-07-17 19:26:52+00:00,810.0,67.5,69.76,73.19,0.0,0.0,4.0,5,0.1415491119384765,True,REGULAR,USD,SPY,put,2026-10-16,738.93,2026-07-25T14:32:03.104776+00:00,71.475,3.4299999999999926,0.047988807275270974,1.0961796110592343,0.09183105380285687,0.22802121052841198,83.22774184287037,63.715702478867456,802.6457024788674,True,0.19907498708088167
SPY261016P00815000,2026-07-20 16:24:48+00:00,815.0,67.62,74.76,78.19,0.0,0.0,6.0,2,0.1484765328979492,True,REGULAR,USD,SPY,put,2026-10-16,738.93,2026-07-25T14:32:03.104776+00:00,76.475,3.4299999999999926,0.044851258581235606,1.102946151868242,0.09798491937723514,0.22802121052841198,83.22774184287037,68.67030558058889,807.6003055805888,True,0.20829968979001237
SPY261016P00820000,2026-06-10 20:12:30+00:00,820.0,95.71,63.79,67.3,0.0,0.0,1.0,0,1.0000000000000004e-05,True,REGULAR,USD,SPY,put,2026-10-16,738.93,2026-07-25T14:32:03.104776+00:00,65.545,3.509999999999998,0.05355099549927528,1.1097126926772496,0.10410114639467123,0.22802121052841198,83.22774184287037,73.6249086823102,812.5549086823102,False,
SPY261016P00835000,2026-06-11 17:33:33+00:00,835.0,102.5,78.8,82.3,0.0,0.0,,0,1.0000000000000004e-05,True,REGULAR,USD,SPY,put,2026-10-16,738.93,2026-07-25T14:32:03.104776+00:00,80.55,3.5,0.043451272501551834,1.1300123151042725,0.12222853098722794,0.22802121052841198,83.22774184287037,88.4887179874745,827.4187179874745,False,
SPY261016P00845000,2026-07-24 19:49:24+00:00,845.0,107.01,104.76,108.19,9.889999,10.183278,1.0,0,0.1878132977294921,True,REGULAR,USD,SPY,put,2026-10-16,738.93,2026-07-25T14:32:03.104776+00:00,106.475,3.4299999999999926,0.03221413477342092,1.1435453967222877,0.1341334334935463,0.22802121052841198,83.22774184287037,98.39792419091725,837.3279241909172,True,0.2606321600235044
SPY261016P00850000,2026-07-24 19:49:24+00:00,850.0,111.99,109.76,113.19,-1.4200058,-1.2520993,1.0,2,0.1940388214111328,True,REGULAR,USD,SPY,put,2026-10-16,738.93,2026-07-25T14:32:03.104776+00:00,111.475,3.4299999999999926,0.030769230769230705,1.1503119375312953,0.1400331556207346,0.22802121052841198,83.22774184287037,103.35252729263868,842.2825272926386,True,0.26892952072886045
SPY261016P00855000,2026-07-16 19:54:48+00:00,855.0,105.24,114.76,118.19,0.0,0.0,2.0,0,0.2001727932739258,True,REGULAR,USD,SPY,put,2026-10-16,738.93,2026-07-25T14:32:03.104776+00:00,116.475,3.4299999999999926,0.02944837948057517,1.157078478340303,0.1458982750731327,0.22802121052841198,83.22774184287037,108.30713039436012,847.2371303943601,True,0.27712241209153277
