strike,bid,ask,last_price,volume,open_interest,vendor_implied_volatility,option_type,expiration,ticker,spot,download_timestamp
720.0,41.78,44.64,43.48,199.0,4,0.33386896606445315,call,2026-09-16,SPY,762.3900146484375,2026-09-09T22:34:18.173642+00:00
750.0,14.99,15.21,15.34,1600.0,33,0.1660849993896485,call,2026-09-16,SPY,762.3900146484375,2026-09-09T22:34:18.173642+00:00
755.0,10.97,11.16,11.26,1190.0,98,0.1524437783813477,call,2026-09-16,SPY,762.3900146484375,2026-09-09T22:34:18.173642+00:00
760.0,7.38,7.53,7.3,3773.0,434,0.13916876464843753,call,2026-09-16,SPY,762.3900146484375,2026-09-09T22:34:18.173642+00:00
765.0,4.43,4.48,4.5,4587.0,618,0.12604633728027342,call,2026-09-16,SPY,762.3900146484375,2026-09-09T22:34:18.173642+00:00
770.0,2.27,2.31,2.28,4194.0,1589,0.116219775390625,call,2026-09-16,SPY,762.3900146484375,2026-09-09T22:34:18.173642+00:00
775.0,0.97,0.98,0.98,3760.0,1406,0.10816321533203124,call,2026-09-16,SPY,762.3900146484375,2026-09-09T22:34:18.173642+00:00
780.0,0.34,0.35,0.35,1115.0,589,0.10315838256835935,call,2026-09-16,SPY,762.3900146484375,2026-09-09T22:34:18.173642+00:00
785.0,0.11,0.12,0.11,1185.0,924,0.10230389892578123,call,2026-09-16,SPY,762.3900146484375,2026-09-09T22:34:18.173642+00:00
790.0,0.04,0.05,0.04,677.0,956,0.106454248046875,call,2026-09-16,SPY,762.3900146484375,2026-09-09T22:34:18.173642+00:00
795.0,0.02,0.03,0.02,14.0,1374,0.11524322265625,call,2026-09-16,SPY,762.3900146484375,2026-09-09T22:34:18.173642+00:00
800.0,0.01,0.02,0.02,86.0,269,0.124032197265625,call,2026-09-16,SPY,762.3900146484375,2026-09-09T22:34:18.173642+00:00
805.0,0.01,0.02,0.02,28.0,185,0.13868048828125001,call,2026-09-16,SPY,762.3900146484375,2026-09-09T22:34:18.173642+00:00
810.0,0.01,0.02,0.01,43.0,46,0.15235222656250003,call,2026-09-16,SPY,762.3900146484375,2026-09-09T22:34:18.173642+00:00
815.0,0.01,0.02,0.02,4.0,4,0.16602396484375004,call,2026-09-16,SPY,762.3900146484375,2026-09-09T22:34:18.173642+00:00
690.0,0.1,0.11,0.09,166.0,18,0.2910227148437499,put,2026-09-16,SPY,762.3900146484375,2026-09-09T22:34:18.173642+00:00
695.0,0.11,0.12,0.14,2.0,27,0.2758861474609374,put,2026-09-16,SPY,762.3900146484375,2026-09-09T22:34:18.173642+00:00
700.0,0.13,0.14,0.16,2012.0,88,0.26270268554687504,put,2026-09-16,SPY,762.3900146484375,2026-09-09T22:34:18.173642+00:00
705.0,0.15,0.16,0.15,176.0,99,0.24805439453125,put,2026-09-16,SPY,762.3900146484375,2026-09-09T22:34:18.173642+00:00
710.0,0.18,0.19,0.2,143.0,112,0.2348709326171875,put,2026-09-16,SPY,762.3900146484375,2026-09-09T22:34:18.173642+00:00
715.0,0.21,0.22,0.23,68.0,5,0.21973436523437498,put,2026-09-16,SPY,762.3900146484375,2026-09-09T22:34:18.173642+00:00
720.0,0.27,0.28,0.28,233.0,98,0.20777159423828123,put,2026-09-16,SPY,762.3900146484375,2026-09-09T22:34:18.173642+00:00
725.0,0.35,0.36,0.34,290.0,656,0.19556468505859376,put,2026-09-16,SPY,762.3900146484375,2026-09-09T22:34:18.173642+00:00
730.0,0.46,0.47,0.46,580.0,358,0.18335777587890623,put,2026-09-16,SPY,762.3900146484375,2026-09-09T22:34:18.173642+00:00
735.0,0.63,0.65,0.63,2495.0,571,0.17237155761718753,put,2026-09-16,SPY,762.3900146484375,2026-09-09T22:34:18.173642+00:00
740.0,0.9,0.91,0.89,1720.0,540,0.1613243048095703,put,2026-09-16,SPY,762.3900146484375,2026-09-09T22:34:18.173642+00:00
745.0,1.31,1.32,1.32,1449.0,739,0.15107050109863285,put,2026-09-16,SPY,762.3900146484375,2026-09-09T22:34:18.173642+00:00
750.0,1.93,1.95,1.94,2423.0,1450,0.14112187011718752,put,2026-09-16,SPY,762.3900146484375,2026-09-09T22:34:18.173642+00:00
755.0,2.85,2.89,2.89,1111.0,636,0.13083754913330076,put,2026-09-16,SPY,762.3900146484375,2026-09-09T22:34:18.173642+00:00
760.0,4.24,4.28,4.23,3111.0,1194,0.12000391723632811,put,2026-09-16,SPY,762.3900146484375,2026-09-09T22:34:18.173642+00:00
765.0,6.25,6.35,6.29,4424.0,1165,0.10956700988769531,put,2026-09-16,SPY,762.3900146484375,2026-09-09T22:34:18.173642+00:00
770.0,9.02,9.23,9.25,724.0,1695,0.0979704461669922,put,2026-09-16,SPY,762.3900146484375,2026-09-09T22:34:18.173642+00:00
775.0,12.71,13.16,13.1,473.0,551,0.09101250793457032,put,2026-09-16,SPY,762.3900146484375,2026-09-09T22:34:18.173642+00:00
780.0,16.12,19.09,17.64,40.0,54,0.1550377465820313,put,2026-09-16,SPY,762.3900146484375,2026-09-09T22:34:18.173642+00:00
785.0,21.11,24.08,22.61,55.0,1,0.18225915405273438,put,2026-09-16,SPY,762.3900146484375,2026-09-09T22:34:18.173642+00:00
790.0,25.68,29.08,24.08,8.0,1,0.20850400878906244,put,2026-09-16,SPY,762.3900146484375,2026-09-09T22:34:18.173642+00:00
500.0,261.27,264.75,271.28,,2,0.8950205810546874,call,2026-09-25,SPY,762.3900146484375,2026-09-09T22:34:18.173642+00:00
520.0,241.29,244.77,246.37,,4,0.8244646459960936,call,2026-09-25,SPY,762.3900146484375,2026-09-09T22:34:18.173642+00:00
550.0,211.32,214.8,213.25,1.0,1,0.7216824707031251,call,2026-09-25,SPY,762.3900146484375,2026-09-09T22:34:18.173642+00:00
555.0,206.33,209.81,210.83,,1,0.7058134887695313,call,2026-09-25,SPY,762.3900146484375,2026-09-09T22:34:18.173642+00:00
565.0,196.34,199.82,200.9,,2,0.6723665576171877,call,2026-09-25,SPY,762.3900146484375,2026-09-09T22:34:18.173642+00:00
570.0,191.34,194.83,195.81,,1,0.6560092993164064,call,2026-09-25,SPY,762.3900146484375,2026-09-09T22:34:18.173642+00:00
575.0,186.35,189.83,190.85,,1,0.6394079028320312,call,2026-09-25,SPY,762.3900146484375,2026-09-09T22:34:18.173642+00:00
580.0,181.36,184.84,185.89,,2,0.6237830590820312,call,2026-09-25,SPY,762.3900146484375,2026-09-09T22:34:18.173642+00:00
585.0,176.36,179.85,180.96,,2,0.6074258007812501,call,2026-09-25,SPY,762.3900146484375,2026-09-09T22:34:18.173642+00:00
590.0,171.37,174.85,175.9,2.0,2,0.5910685424804689,call,2026-09-25,SPY,762.3900146484375,2026-09-09T22:34:18.173642+00:00
595.0,166.38,169.86,170.9,,3,0.5756878369140624,call,2026-09-25,SPY,762.3900146484375,2026-09-09T22:34:18.173642+00:00
600.0,161.38,164.87,163.32,1.0,261,0.5593305786132813,call,2026-09-25,SPY,762.3900146484375,2026-09-09T22:34:18.173642+00:00
605.0,156.39,159.88,160.95,,2,0.543949873046875,call,2026-09-25,SPY,762.3900146484375,2026-09-09T22:34:18.173642+00:00
610.0,151.4,154.88,155.97,,2,0.5278367529296876,call,2026-09-25,SPY,762.3900146484375,2026-09-09T22:34:18.173642+00:00
615.0,146.41,149.89,152.49,1.0,5,0.5124560473632812,call,2026-09-25,SPY,762.3900146484375,2026-09-09T22:34:18.173642+00:00
620.0,141.42,144.9,146.02,,22,0.6239051281738281,call,2026-09-25,SPY,762.3900146484375,2026-09-09T22:34:18.173642+00:00
625.0,136.43,139.91,141.04,2.0,4,0.6049844189453126,call,2026-09-25,SPY,762.3900146484375,2026-09-09T22:34:18.173642+00:00
630.0,131.43,134.92,136.04,,2,0.5860637097167969,call,2026-09-25,SPY,762.3900146484375,2026-09-09T22:34:18.173642+00:00
640.0,121.45,124.94,127.25,3.0,768,0.5482222912597658,call,2026-09-25,SPY,762.3900146484375,2026-09-09T22:34:18.173642+00:00
645.0,116.47,119.95,122.24,1.0,0,0.529423651123047,call,2026-09-25,SPY,762.3900146484375,2026-09-09T22:34:18.173642+00:00
650.0,111.48,114.96,118.11,1.0,4,0.5106250109863282,call,2026-09-25,SPY,762.3900146484375,2026-09-09T22:34:18.173642+00:00
655.0,106.49,109.98,116.43,,1,0.49219257812500006,call,2026-09-25,SPY,762.3900146484375,2026-09-09T22:34:18.173642+00:00
660.0,101.51,104.99,106.16,1.0,2,0.4733939379882813,call,2026-09-25,SPY,762.3900146484375,2026-09-09T22:34:18.173642+00:00
665.0,96.53,100.01,102.33,,1,0.4549615051269531,call,2026-09-25,SPY,762.3900146484375,2026-09-09T22:34:18.173642+00:00
670.0,91.55,95.03,97.66,1.0,124,0.436529072265625,call,2026-09-25,SPY,762.3900146484375,2026-09-09T22:34:18.173642+00:00
675.0,86.57,90.05,92.45,1.0,4,0.4180356048583984,call,2026-09-25,SPY,762.3900146484375,2026-09-09T22:34:18.173642+00:00
680.0,81.59,85.08,83.92,1.0,18,0.3998473101806641,call,2026-09-25,SPY,762.3900146484375,2026-09-09T22:34:18.173642+00:00
685.0,76.63,80.11,78.95,1.0,11,0.3815369464111328,call,2026-09-25,SPY,762.3900146484375,2026-09-09T22:34:18.173642+00:00
690.0,71.66,75.14,82.12,1.0,25,0.36310451354980466,call,2026-09-25,SPY,762.3900146484375,2026-09-09T22:34:18.173642+00:00
695.0,66.89,70.19,69.44,2.0,33,0.3452213916015625,call,2026-09-25,SPY,762.3900146484375,2026-09-09T22:34:18.173642+00:00
700.0,61.77,65.25,63.45,3.0,119,0.3275213732910156,call,2026-09-25,SPY,762.3900146484375,2026-09-09T22:34:18.173642+00:00
705.0,56.84,60.32,59.43,2.0,120,0.30976032043457036,call,2026-09-25,SPY,762.3900146484375,2026-09-09T22:34:18.173642+00:00
710.0,51.93,55.41,54.52,2.0,494,0.29230444030761704,call,2026-09-25,SPY,762.3900146484375,2026-09-09T22:34:18.173642+00:00
715.0,47.05,50.53,49.72,4.0,1068,0.2752758020019531,call,2026-09-25,SPY,762.3900146484375,2026-09-09T22:34:18.173642+00:00
720.0,42.21,45.69,44.07,2.0,67,0.2587354400634766,call,2026-09-25,SPY,762.3900146484375,2026-09-09T22:34:18.173642+00:00
721.0,41.25,44.72,44.06,11.0,3,0.2553175054931641,call,2026-09-25,SPY,762.3900146484375,2026-09-09T22:34:18.173642+00:00
722.0,40.29,43.76,42.78,2.0,3,0.2520826745605469,call,2026-09-25,SPY,762.3900146484375,2026-09-09T22:34:18.173642+00:00
723.0,39.33,42.81,40.76,41.0,87,0.24909198181152342,call,2026-09-25,SPY,762.3900146484375,2026-09-09T22:34:18.173642+00:00
724.0,38.37,41.85,43.99,44.0,25,0.2457961163330078,call,2026-09-25,SPY,762.3900146484375,2026-09-09T22:34:18.173642+00:00
725.0,37.42,40.9,40.18,2.0,54,0.24274438903808593,call,2026-09-25,SPY,762.3900146484375,2026-09-09T22:34:18.173642+00:00
726.0,36.47,39.95,39.28,2.0,83,0.23960110992431638,call,2026-09-25,SPY,762.3900146484375,2026-09-09T22:34:18.173642+00:00
727.0,35.52,39.0,40.85,1.0,0,0.23642731353759766,call,2026-09-25,SPY,762.3900146484375,2026-09-09T22:34:18.173642+00:00
728.0,34.58,38.06,41.35,3.0,23,0.23346713806152342,call,2026-09-25,SPY,762.3900146484375,2026-09-09T22:34:18.173642+00:00
730.0,32.7,36.18,35.49,2.0,83,0.22736368347167968,call,2026-09-25,SPY,762.3900146484375,2026-09-09T22:34:18.173642+00:00
731.0,31.77,35.25,38.43,,2,0.22443402526855466,call,2026-09-25,SPY,762.3900146484375,2026-09-09T22:34:18.173642+00:00
732.0,30.84,34.32,37.43,2.0,2,0.22150436706542967,call,2026-09-25,SPY,762.3900146484375,2026-09-09T22:34:18.173642+00:00
733.0,29.92,33.39,37.07,2.0,2,0.21845263977050777,call,2026-09-25,SPY,762.3900146484375,2026-09-09T22:34:18.173642+00:00
735.0,28.08,31.56,29.05,3.0,74,0.21286797882080077,call,2026-09-25,SPY,762.3900146484375,2026-09-09T22:34:18.173642+00:00
737.0,26.27,29.75,27.72,1.0,22,0.2074053869628906,call,2026-09-25,SPY,762.3900146484375,2026-09-09T22:34:18.173642+00:00
738.0,25.37,28.85,28.86,1.0,11,0.2046588323974609,call,2026-09-25,SPY,762.3900146484375,2026-09-09T22:34:18.173642+00:00
740.0,23.59,26.65,25.02,10.0,49,0.1909260595703125,call,2026-09-25,SPY,762.3900146484375,2026-09-09T22:34:18.173642+00:00
741.0,22.71,25.77,24.15,17.0,6,0.18845416046142577,call,2026-09-25,SPY,762.3900146484375,2026-09-09T22:34:18.173642+00:00
742.0,23.24,23.86,23.07,4.0,10,0.16529155029296877,call,2026-09-25,SPY,762.3900146484375,2026-09-09T22:34:18.173642+00:00
743.0,22.41,22.99,25.56,28.0,11,0.1632163757324219,call,2026-09-25,SPY,762.3900146484375,2026-09-09T22:34:18.173642+00:00
744.0,21.53,22.15,25.08,19.0,181,0.16156844299316403,call,2026-09-25,SPY,762.3900146484375,2026-09-09T22:34:18.173642+00:00
745.0,20.68,21.3,20.82,1.0,28,0.1595543029785156,call,2026-09-25,SPY,762.3900146484375,2026-09-09T22:34:18.173642+00:00
746.0,19.87,20.45,24.91,3.0,176,0.1574486111450195,call,2026-09-25,SPY,762.3900146484375,2026-09-09T22:34:18.173642+00:00
747.0,19.04,19.61,18.84,110.0,2,0.15534291931152344,call,2026-09-25,SPY,762.3900146484375,2026-09-09T22:34:18.173642+00:00
748.0,18.19,18.81,17.99,110.0,59,0.1538170556640625,call,2026-09-25,SPY,762.3900146484375,2026-09-09T22:34:18.173642+00:00
749.0,17.4,18.0,17.95,2.0,17,0.1519555020141602,call,2026-09-25,SPY,762.3900146484375,2026-09-09T22:34:18.173642+00:00
750.0,16.6,17.2,16.69,111.0,162,0.15009394836425782,call,2026-09-25,SPY,762.3900146484375,2026-09-09T22:34:18.173642+00:00
751.0,15.82,16.39,16.51,8.0,3,0.14786618743896485,call,2026-09-25,SPY,762.3900146484375,2026-09-09T22:34:18.173642+00:00
752.0,15.04,15.61,15.32,3.0,127,0.14600463378906248,call,2026-09-25,SPY,762.3900146484375,2026-09-09T22:34:18.173642+00:00
753.0,14.47,14.7,14.48,22.0,45,0.1417627328491211,call,2026-09-25,SPY,762.3900146484375,2026-09-09T22:34:18.173642+00:00
754.0,13.59,14.09,13.16,12.0,37,0.14231204376220702,call,2026-09-25,SPY,762.3900146484375,2026-09-09T22:34:18.173642+00:00
755.0,13.01,13.2,13.05,61.0,289,0.13807014282226562,call,2026-09-25,SPY,762.3900146484375,2026-09-09T22:34:18.173642+00:00
756.0,12.12,12.6,11.82,18.0,107,0.13831428100585938,call,2026-09-25,SPY,762.3900146484375,2026-09-09T22:34:18.173642+00:00
757.0,11.59,11.78,11.82,31.0,53,0.13480479461669925,call,2026-09-25,SPY,762.3900146484375,2026-09-09T22:34:18.173642+00:00
758.0,10.9,11.08,11.01,10.0,165,0.13294324096679688,call,2026-09-25,SPY,762.3900146484375,2026-09-09T22:34:18.173642+00:00
759.0,10.21,10.41,9.93,236.0,201,0.13132582550048827,call,2026-09-25,SPY,762.3900146484375,2026-09-09T22:34:18.173642+00:00
760.0,9.6,9.67,9.52,347.0,370,0.12839616729736325,call,2026-09-25,SPY,762.3900146484375,2026-09-09T22:34:18.173642+00:00
761.0,8.96,9.04,9.0,107.0,358,0.12687030364990232,call,2026-09-25,SPY,762.3900146484375,2026-09-09T22:34:18.173642+00:00
762.0,8.36,8.43,8.4,359.0,799,0.12537495727539064,call,2026-09-25,SPY,762.3900146484375,2026-09-09T22:34:18.173642+00:00
763.0,7.76,7.84,7.82,149.0,428,0.1238796109008789,call,2026-09-25,SPY,762.3900146484375,2026-09-09T22:34:18.173642+00:00
764.0,7.2,7.27,6.99,229.0,304,0.12241478179931642,call,2026-09-25,SPY,762.3900146484375,2026-09-09T22:34:18.173642+00:00
765.0,6.65,6.72,6.72,503.0,1566,0.1209194354248047,call,2026-09-25,SPY,762.3900146484375,2026-09-09T22:34:18.173642+00:00
766.0,6.13,6.2,5.93,236.0,1948,0.11957667541503905,call,2026-09-25,SPY,762.3900146484375,2026-09-09T22:34:18.173642+00:00
767.0,5.63,5.7,5.44,185.0,2063,0.11823391540527343,call,2026-09-25,SPY,762.3900146484375,2026-09-09T22:34:18.173642+00:00
768.0,5.15,5.22,5.14,379.0,1972,0.11683012084960936,call,2026-09-25,SPY,762.3900146484375,2026-09-09T22:34:18.173642+00:00
769.0,4.7,4.77,4.58,161.0,646,0.1155483953857422,call,2026-09-25,SPY,762.3900146484375,2026-09-09T22:34:18.173642+00:00
770.0,4.27,4.34,4.3,2401.0,2790,0.11426666992187501,call,2026-09-25,SPY,762.3900146484375,2026-09-09T22:34:18.173642+00:00
771.0,3.87,3.93,3.94,66.0,746,0.11289339263916015,call,2026-09-25,SPY,762.3900146484375,2026-09-09T22:34:18.173642+00:00
772.0,3.5,3.55,3.54,283.0,1742,0.1116727017211914,call,2026-09-25,SPY,762.3900146484375,2026-09-09T22:34:18.173642+00:00
773.0,3.14,3.2,3.09,132.0,921,0.11057407989501952,call,2026-09-25,SPY,762.3900146484375,2026-09-09T22:34:18.173642+00:00
774.0,2.82,2.87,2.85,177.0,1766,0.10944494079589843,call,2026-09-25,SPY,762.3900146484375,2026-09-09T22:34:18.173642+00:00
775.0,2.52,2.54,2.5,848.0,1497,0.10785804260253906,call,2026-09-25,SPY,762.3900146484375,2026-09-09T22:34:18.173642+00:00
776.0,2.24,2.26,2.19,245.0,615,0.10682045532226564,call,2026-09-25,SPY,762.3900146484375,2026-09-09T22:34:18.173642+00:00
777.0,1.98,2.01,1.99,120.0,635,0.10599648895263672,call,2026-09-25,SPY,762.3900146484375,2026-09-09T22:34:18.173642+00:00
778.0,1.75,1.77,1.72,234.0,987,0.10492838439941406,call,2026-09-25,SPY,762.3900146484375,2026-09-09T22:34:18.173642+00:00
779.0,1.54,1.56,1.55,69.0,846,0.10410441802978514,call,2026-09-25,SPY,762.3900146484375,2026-09-09T22:34:18.173642+00:00
780.0,1.35,1.37,1.31,919.0,3707,0.10334148620605467,call,2026-09-25,SPY,762.3900146484375,2026-09-09T22:34:18.173642+00:00
781.0,1.18,1.2,1.17,226.0,975,0.10260907165527343,call,2026-09-25,SPY,762.3900146484375,2026-09-09T22:34:18.173642+00:00
782.0,1.03,1.05,1.09,205.0,744,0.10199872619628905,call,2026-09-25,SPY,762.3900146484375,2026-09-09T22:34:18.173642+00:00
783.0,0.89,0.9,0.9,968.0,580,0.10096113891601563,call,2026-09-25,SPY,762.3900146484375,2026-09-09T22:34:18.173642+00:00
784.0,0.78,0.79,0.82,130.0,885,0.10071700073242187,call,2026-09-25,SPY,762.3900146484375,2026-09-09T22:34:18.173642+00:00
785.0,0.67,0.69,0.67,710.0,4157,0.10047286254882812,call,2026-09-25,SPY,762.3900146484375,2026-09-09T22:34:18.173642+00:00
786.0,0.58,0.6,0.59,184.0,487,0.10016768981933594,call,2026-09-25,SPY,762.3900146484375,2026-09-09T22:34:18.173642+00:00
787.0,0.5,0.52,0.53,189.0,813,0.09986251708984376,call,2026-09-25,SPY,762.3900146484375,2026-09-09T22:34:18.173642+00:00
788.0,0.43,0.45,0.43,412.0,863,0.09961837890625,call,2026-09-25,SPY,762.3900146484375,2026-09-09T22:34:18.173642+00:00
789.0,0.37,0.39,0.4,133.0,484,0.09949630981445312,call,2026-09-25,SPY,762.3900146484375,2026-09-09T22:34:18.173642+00:00
790.0,0.32,0.34,0.31,478.0,1304,0.09949630981445312,call,2026-09-25,SPY,762.3900146484375,2026-09-09T22:34:18.173642+00:00
791.0,0.28,0.29,0.33,213.0,1606,0.09925217163085936,call,2026-09-25,SPY,762.3900146484375,2026-09-09T22:34:18.173642+00:00
792.0,0.24,0.26,0.24,79.0,931,0.09986251708984376,call,2026-09-25,SPY,762.3900146484375,2026-09-09T22:34:18.173642+00:00
793.0,0.21,0.22,0.23,131.0,868,0.09949630981445312,call,2026-09-25,SPY,762.3900146484375,2026-09-09T22:34:18.173642+00:00
794.0,0.19,0.2,0.19,189.0,879,0.10047286254882812,call,2026-09-25,SPY,762.3900146484375,2026-09-09T22:34:18.173642+00:00
795.0,0.16,0.17,0.19,231.0,1016,0.10035079345703124,call,2026-09-25,SPY,762.3900146484375,2026-09-09T22:34:18.173642+00:00
796.0,0.14,0.15,0.16,321.0,645,0.10071700073242187,call,2026-09-25,SPY,762.3900146484375,2026-09-09T22:34:18.173642+00:00
797.0,0.13,0.14,0.13,318.0,455,0.10205976074218749,call,2026-09-25,SPY,762.3900146484375,2026-09-09T22:34:18.173642+00:00
798.0,0.11,0.12,0.13,200.0,504,0.10205976074218749,call,2026-09-25,SPY,762.3900146484375,2026-09-09T22:34:18.173642+00:00
799.0,0.1,0.11,0.1,60.0,398,0.10303631347656249,call,2026-09-25,SPY,762.3900146484375,2026-09-09T22:34:18.173642+00:00
800.0,0.09,0.1,0.1,1235.0,3105,0.10401286621093749,call,2026-09-25,SPY,762.3900146484375,2026-09-09T22:34:18.173642+00:00
801.0,0.08,0.09,0.1,10.0,529,0.10474528076171874,call,2026-09-25,SPY,762.3900146484375,2026-09-09T22:34:18.173642+00:00
802.0,0.08,0.09,0.1,10.0,186,0.1069425244140625,call,2026-09-25,SPY,762.3900146484375,2026-09-09T22:34:18.173642+00:00
803.0,0.07,0.08,0.08,5.0,746,0.10743080078125,call,2026-09-25,SPY,762.3900146484375,2026-09-09T22:34:18.173642+00:00
804.0,0.06,0.07,0.1,164.0,599,0.1079190771484375,call,2026-09-25,SPY,762.3900146484375,2026-09-09T22:34:18.173642+00:00
805.0,0.06,0.07,0.07,166.0,1697,0.1098721826171875,call,2026-09-25,SPY,762.3900146484375,2026-09-09T22:34:18.173642+00:00
806.0,0.05,0.06,0.06,2.0,307,0.1098721826171875,call,2026-09-25,SPY,762.3900146484375,2026-09-09T22:34:18.173642+00:00
807.0,0.05,0.06,0.06,7.0,141,0.11231356445312499,call,2026-09-25,SPY,762.3900146484375,2026-09-09T22:34:18.173642+00:00
808.0,0.05,0.06,0.08,46.0,479,0.11426666992187501,call,2026-09-25,SPY,762.3900146484375,2026-09-09T22:34:18.173642+00:00
809.0,0.04,0.05,0.05,227.0,922,0.1137783935546875,call,2026-09-25,SPY,762.3900146484375,2026-09-09T22:34:18.173642+00:00
810.0,0.04,0.05,0.04,4.0,489,0.1157314990234375,call,2026-09-25,SPY,762.3900146484375,2026-09-09T22:34:18.173642+00:00
811.0,0.04,0.05,0.05,1.0,104,0.118172880859375,call,2026-09-25,SPY,762.3900146484375,2026-09-09T22:34:18.173642+00:00
812.0,0.04,0.05,0.04,1.0,103,0.12012598632812499,call,2026-09-25,SPY,762.3900146484375,2026-09-09T22:34:18.173642+00:00
813.0,0.04,0.05,0.09,31.0,487,0.12207909179687501,call,2026-09-25,SPY,762.3900146484375,2026-09-09T22:34:18.173642+00:00
814.0,0.03,0.04,0.04,2.0,177,0.1211025390625,call,2026-09-25,SPY,762.3900146484375,2026-09-09T22:34:18.173642+00:00
815.0,0.03,0.04,0.04,2.0,885,0.12305564453125001,call,2026-09-25,SPY,762.3900146484375,2026-09-09T22:34:18.173642+00:00
816.0,0.03,0.04,0.05,20.0,387,0.12500875,call,2026-09-25,SPY,762.3900146484375,2026-09-09T22:34:18.173642+00:00
817.0,0.03,0.04,0.05,20.0,110,0.12696185546875,call,2026-09-25,SPY,762.3900146484375,2026-09-09T22:34:18.173642+00:00
818.0,0.03,0.04,0.05,1.0,193,0.1289149609375,call,2026-09-25,SPY,762.3900146484375,2026-09-09T22:34:18.173642+00:00
819.0,0.03,0.04,0.04,25.0,394,0.13086806640624998,call,2026-09-25,SPY,762.3900146484375,2026-09-09T22:34:18.173642+00:00
820.0,0.03,0.04,0.03,106.0,286,0.132821171875,call,2026-09-25,SPY,762.3900146484375,2026-09-09T22:34:18.173642+00:00
821.0,0.02,0.04,0.03,1.0,435,0.13477427734375003,call,2026-09-25,SPY,762.3900146484375,2026-09-09T22:34:18.173642+00:00
822.0,0.02,0.03,0.04,1.0,108,0.132821171875,call,2026-09-25,SPY,762.3900146484375,2026-09-09T22:34:18.173642+00:00
823.0,0.02,0.03,0.02,1.0,318,0.13477427734375003,call,2026-09-25,SPY,762.3900146484375,2026-09-09T22:34:18.173642+00:00
824.0,0.02,0.03,0.06,1.0,24,0.13672738281250002,call,2026-09-25,SPY,762.3900146484375,2026-09-09T22:34:18.173642+00:00
825.0,0.02,0.03,0.02,7.0,2113,0.13868048828125001,call,2026-09-25,SPY,762.3900146484375,2026-09-09T22:34:18.173642+00:00
830.0,0.02,0.03,0.03,1.0,286,0.147469462890625,call,2026-09-25,SPY,762.3900146484375,2026-09-09T22:34:18.173642+00:00
835.0,0.02,0.03,0.03,4.0,273,0.157234990234375,call,2026-09-25,SPY,762.3900146484375,2026-09-09T22:34:18.173642+00:00
840.0,0.01,0.02,0.03,2.0,62,0.1601646484375,call,2026-09-25,SPY,762.3900146484375,2026-09-09T22:34:18.173642+00:00
845.0,0.01,0.02,0.02,7.0,394,0.16797707031250003,call,2026-09-25,SPY,762.3900146484375,2026-09-09T22:34:18.173642+00:00
850.0,0.01,0.02,0.02,1.0,130,0.17774259765625,call,2026-09-25,SPY,762.3900146484375,2026-09-09T22:34:18.173642+00:00
855.0,0.01,0.02,0.02,1.0,203,0.18555501953124998,call,2026-09-25,SPY,762.3900146484375,2026-09-09T22:34:18.173642+00:00
860.0,0.01,0.02,0.02,25.0,94,0.19336744140625,call,2026-09-25,SPY,762.3900146484375,2026-09-09T22:34:18.173642+00:00
865.0,0.01,0.02,0.02,3.0,59,0.20313296874999998,call,2026-09-25,SPY,762.3900146484375,2026-09-09T22:34:18.173642+00:00
870.0,0.01,0.02,0.01,2.0,53,0.21094539062499998,call,2026-09-25,SPY,762.3900146484375,2026-09-09T22:34:18.173642+00:00
875.0,0.01,0.02,0.02,1.0,12,0.21875781249999998,call,2026-09-25,SPY,762.3900146484375,2026-09-09T22:34:18.173642+00:00
880.0,0.0,0.01,0.03,14.0,29,0.2148516015625,call,2026-09-25,SPY,762.3900146484375,2026-09-09T22:34:18.173642+00:00
885.0,0.0,0.01,0.03,1.0,3,0.22266402343749997,call,2026-09-25,SPY,762.3900146484375,2026-09-09T22:34:18.173642+00:00
890.0,0.0,0.01,0.01,3.0,6,0.2304764453125,call,2026-09-25,SPY,762.3900146484375,2026-09-09T22:34:18.173642+00:00
895.0,0.0,0.01,0.02,1520.0,2755,0.23828886718749998,call,2026-09-25,SPY,762.3900146484375,2026-09-09T22:34:18.173642+00:00
900.0,0.0,0.01,0.01,1480.0,2688,0.2461012890625,call,2026-09-25,SPY,762.3900146484375,2026-09-09T22:34:18.173642+00:00
910.0,0.0,0.01,0.04,,10,0.257819921875,call,2026-09-25,SPY,762.3900146484375,2026-09-09T22:34:18.173642+00:00
915.0,0.0,0.01,0.01,40.0,32,0.26563234375,call,2026-09-25,SPY,762.3900146484375,2026-09-09T22:34:18.173642+00:00
920.0,0.0,0.01,0.03,,30,0.273444765625,call,2026-09-25,SPY,762.3900146484375,2026-09-09T22:34:18.173642+00:00
925.0,0.0,0.01,0.01,1.0,2,0.28125718749999995,call,2026-09-25,SPY,762.3900146484375,2026-09-09T22:34:18.173642+00:00
930.0,0.0,0.01,0.01,1.0,1,0.2890696093749999,call,2026-09-25,SPY,762.3900146484375,2026-09-09T22:34:18.173642+00:00
500.0,0.02,0.03,0.03,710.0,1318,0.6367223828125,put,2026-09-25,SPY,762.3900146484375,2026-09-09T22:34:18.173642+00:00
505.0,0.02,0.03,0.03,750.0,271,0.6210975390625001,put,2026-09-25,SPY,762.3900146484375,2026-09-09T22:34:18.173642+00:00
510.0,0.03,0.04,0.03,48.0,180,0.6250037500000001,put,2026-09-25,SPY,762.3900146484375,2026-09-09T22:34:18.173642+00:00
515.0,0.03,0.04,0.04,20.0,10,0.6132851171875001,put,2026-09-25,SPY,762.3900146484375,2026-09-09T22:34:18.173642+00:00
520.0,0.03,0.04,0.08,14.0,89,0.5976602734375001,put,2026-09-25,SPY,762.3900146484375,2026-09-09T22:34:18.173642+00:00
525.0,0.03,0.04,0.03,12.0,101,0.5839885351562499,put,2026-09-25,SPY,762.3900146484375,2026-09-09T22:34:18.173642+00:00
530.0,0.04,0.05,0.04,27.0,30,0.5839885351562499,put,2026-09-25,SPY,762.3900146484375,2026-09-09T22:34:18.173642+00:00
535.0,0.04,0.05,0.04,2.0,12,0.570316796875,put,2026-09-25,SPY,762.3900146484375,2026-09-09T22:34:18.173642+00:00
540.0,0.04,0.05,0.04,15.0,39,0.5546919531250001,put,2026-09-25,SPY,762.3900146484375,2026-09-09T22:34:18.173642+00:00
545.0,0.04,0.05,0.05,4.0,68,0.5410202148437502,put,2026-09-25,SPY,762.3900146484375,2026-09-09T22:34:18.173642+00:00
550.0,0.05,0.06,0.06,30.0,233,0.5390671093750001,put,2026-09-25,SPY,762.3900146484375,2026-09-09T22:34:18.173642+00:00
555.0,0.05,0.06,0.06,4.0,127,0.524418818359375,put,2026-09-25,SPY,762.3900146484375,2026-09-09T22:34:18.173642+00:00
560.0,0.06,0.07,0.08,1.0,33,0.5195360546875,put,2026-09-25,SPY,762.3900146484375,2026-09-09T22:34:18.173642+00:00
565.0,0.06,0.07,0.08,4.0,6,0.50586431640625,put,2026-09-25,SPY,762.3900146484375,2026-09-09T22:34:18.173642+00:00
570.0,0.06,0.07,0.08,65.0,87,0.49609878906250005,put,2026-09-25,SPY,762.3900146484375,2026-09-09T22:34:18.173642+00:00
575.0,0.07,0.08,0.08,117.0,122,0.48828636718750007,put,2026-09-25,SPY,762.3900146484375,2026-09-09T22:34:18.173642+00:00
580.0,0.07,0.08,0.07,49.0,136,0.47461462890625,put,2026-09-25,SPY,762.3900146484375,2026-09-09T22:34:18.173642+00:00
585.0,0.08,0.09,0.09,1.0,43,0.46680220703125,put,2026-09-25,SPY,762.3900146484375,2026-09-09T22:34:18.173642+00:00
590.0,0.09,0.1,0.09,1.0,308,0.45898978515625005,put,2026-09-25,SPY,762.3900146484375,2026-09-09T22:34:18.173642+00:00
595.0,0.09,0.1,0.09,1.0,13,0.445318046875,put,2026-09-25,SPY,762.3900146484375,2026-09-09T22:34:18.173642+00:00
600.0,0.1,0.11,0.1,2.0,611,0.43555251953125,put,2026-09-25,SPY,762.3900146484375,2026-09-09T22:34:18.173642+00:00
605.0,0.11,0.12,0.1,6.0,67,0.42627526855468756,put,2026-09-25,SPY,762.3900146484375,2026-09-09T22:34:18.173642+00:00
610.0,0.12,0.13,0.12,82.0,28,0.4165097412109374,put,2026-09-25,SPY,762.3900146484375,2026-09-09T22:34:18.173642+00:00
615.0,0.12,0.13,0.13,376.0,231,0.4028380029296875,put,2026-09-25,SPY,762.3900146484375,2026-09-09T22:34:18.173642+00:00
620.0,0.13,0.14,0.12,17.0,475,0.39258419921875,put,2026-09-25,SPY,762.3900146484375,2026-09-09T22:34:18.173642+00:00
625.0,0.14,0.15,0.15,52.0,426,0.38184211914062494,put,2026-09-25,SPY,762.3900146484375,2026-09-09T22:34:18.173642+00:00
630.0,0.15,0.16,0.16,27.0,167,0.3711000390625,put,2026-09-25,SPY,762.3900146484375,2026-09-09T22:34:18.173642+00:00
635.0,0.17,0.18,0.15,10.0,43,0.3627993408203125,put,2026-09-25,SPY,762.3900146484375,2026-09-09T22:34:18.173642+00:00
640.0,0.18,0.19,0.15,8.0,135,0.35156898437499995,put,2026-09-25,SPY,762.3900146484375,2026-09-09T22:34:18.173642+00:00
645.0,0.2,0.21,0.21,1.0,202,0.34229173339843744,put,2026-09-25,SPY,762.3900146484375,2026-09-09T22:34:18.173642+00:00
650.0,0.21,0.22,0.22,11.0,300,0.33008482421874996,put,2026-09-25,SPY,762.3900146484375,2026-09-09T22:34:18.173642+00:00
655.0,0.23,0.24,0.24,39.0,148,0.3200751586914062,put,2026-09-25,SPY,762.3900146484375,2026-09-09T22:34:18.173642+00:00
660.0,0.25,0.26,0.25,100.0,351,0.309577216796875,put,2026-09-25,SPY,762.3900146484375,2026-09-09T22:34:18.173642+00:00
665.0,0.28,0.29,0.29,15.0,900,0.3002999658203125,put,2026-09-25,SPY,762.3900146484375,2026-09-09T22:34:18.173642+00:00
670.0,0.31,0.32,0.31,6.0,1089,0.29004616210937495,put,2026-09-25,SPY,762.3900146484375,2026-09-09T22:34:18.173642+00:00
675.0,0.34,0.35,0.33,3.0,1271,0.2795482202148437,put,2026-09-25,SPY,762.3900146484375,2026-09-09T22:34:18.173642+00:00
680.0,0.38,0.39,0.36,504.0,680,0.2696606237792969,put,2026-09-25,SPY,762.3900146484375,2026-09-09T22:34:18.173642+00:00
685.0,0.42,0.43,0.42,831.0,1287,0.2590406127929688,put,2026-09-25,SPY,762.3900146484375,2026-09-09T22:34:18.173642+00:00
690.0,0.48,0.49,0.45,797.0,526,0.24976336181640624,put,2026-09-25,SPY,762.3900146484375,2026-09-09T22:34:18.173642+00:00
695.0,0.54,0.55,0.52,66.0,3142,0.2395095581054687,put,2026-09-25,SPY,762.3900146484375,2026-09-09T22:34:18.173642+00:00
700.0,0.62,0.63,0.62,596.0,1444,0.2299881689453125,put,2026-09-25,SPY,762.3900146484375,2026-09-09T22:34:18.173642+00:00
705.0,0.72,0.73,0.73,27.0,1835,0.2205888488769531,put,2026-09-25,SPY,762.3900146484375,2026-09-09T22:34:18.173642+00:00
710.0,0.84,0.86,0.87,85.0,2282,0.21167780517578122,put,2026-09-25,SPY,762.3900146484375,2026-09-09T22:34:18.173642+00:00
715.0,1.0,1.02,1.02,297.0,3303,0.20276676147460934,put,2026-09-25,SPY,762.3900146484375,2026-09-09T22:34:18.173642+00:00
720.0,1.21,1.22,1.22,660.0,2399,0.19385571777343752,put,2026-09-25,SPY,762.3900146484375,2026-09-09T22:34:18.173642+00:00
721.0,1.26,1.27,1.23,210.0,246,0.19226881958007813,put,2026-09-25,SPY,762.3900146484375,2026-09-09T22:34:18.173642+00:00
722.0,1.31,1.32,1.28,49.0,363,0.1905598522949219,put,2026-09-25,SPY,762.3900146484375,2026-09-09T22:34:18.173642+00:00
723.0,1.36,1.38,1.34,99.0,309,0.1891560577392578,put,2026-09-25,SPY,762.3900146484375,2026-09-09T22:34:18.173642+00:00
724.0,1.42,1.43,1.39,118.0,734,0.18726398681640627,put,2026-09-25,SPY,762.3900146484375,2026-09-09T22:34:18.173642+00:00
725.0,1.47,1.49,1.4,426.0,1784,0.18567708862304685,put,2026-09-25,SPY,762.3900146484375,2026-09-09T22:34:18.173642+00:00
726.0,1.54,1.55,1.56,90.0,437,0.18396812133789062,put,2026-09-25,SPY,762.3900146484375,2026-09-09T22:34:18.173642+00:00
727.0,1.6,1.62,1.51,54.0,1485,0.1825032922363281,put,2026-09-25,SPY,762.3900146484375,2026-09-09T22:34:18.173642+00:00
728.0,1.67,1.69,1.66,100.0,418,0.18091639404296872,put,2026-09-25,SPY,762.3900146484375,2026-09-09T22:34:18.173642+00:00
729.0,1.74,1.76,1.59,129.0,900,0.17920742675781248,put,2026-09-25,SPY,762.3900146484375,2026-09-09T22:34:18.173642+00:00
730.0,1.82,1.84,1.85,271.0,2213,0.17768156311035155,put,2026-09-25,SPY,762.3900146484375,2026-09-09T22:34:18.173642+00:00
731.0,1.9,1.92,1.82,12.0,292,0.17609466491699222,put,2026-09-25,SPY,762.3900146484375,2026-09-09T22:34:18.173642+00:00
732.0,1.98,2.0,2.1,76.0,653,0.17432466308593753,put,2026-09-25,SPY,762.3900146484375,2026-09-09T22:34:18.173642+00:00
733.0,2.07,2.09,2.08,94.0,299,0.1727987994384766,put,2026-09-25,SPY,762.3900146484375,2026-09-09T22:34:18.173642+00:00
734.0,2.17,2.19,2.23,49.0,339,0.17133397033691405,put,2026-09-25,SPY,762.3900146484375,2026-09-09T22:34:18.173642+00:00
735.0,2.27,2.29,2.33,313.0,1447,0.16980810668945315,put,2026-09-25,SPY,762.3900146484375,2026-09-09T22:34:18.173642+00:00
736.0,2.37,2.39,2.4,323.0,496,0.1680991394042969,put,2026-09-25,SPY,762.3900146484375,2026-09-09T22:34:18.173642+00:00
737.0,2.48,2.5,2.44,143.0,346,0.166573275756836,put,2026-09-25,SPY,762.3900146484375,2026-09-09T22:34:18.173642+00:00
738.0,2.6,2.62,2.65,149.0,583,0.16510844665527347,put,2026-09-25,SPY,762.3900146484375,2026-09-09T22:34:18.173642+00:00
739.0,2.72,2.74,2.75,238.0,1118,0.16349103118896485,put,2026-09-25,SPY,762.3900146484375,2026-09-09T22:34:18.173642+00:00
740.0,2.85,2.87,2.89,557.0,2715,0.16196516754150392,put,2026-09-25,SPY,762.3900146484375,2026-09-09T22:34:18.173642+00:00
741.0,2.99,3.01,3.03,314.0,680,0.16053085571289064,put,2026-09-25,SPY,762.3900146484375,2026-09-09T22:34:18.173642+00:00
742.0,3.13,3.15,3.18,388.0,1139,0.15891344024658205,put,2026-09-25,SPY,762.3900146484375,2026-09-09T22:34:18.173642+00:00
743.0,3.28,3.31,3.35,248.0,744,0.15757068023681642,put,2026-09-25,SPY,762.3900146484375,2026-09-09T22:34:18.173642+00:00
744.0,3.44,3.47,3.51,304.0,506,0.1560753338623047,put,2026-09-25,SPY,762.3900146484375,2026-09-09T22:34:18.173642+00:00
745.0,3.61,3.63,3.7,687.0,2485,0.1543968838500977,put,2026-09-25,SPY,762.3900146484375,2026-09-09T22:34:18.173642+00:00
746.0,3.78,3.83,3.73,668.0,1891,0.15332877929687502,put,2026-09-25,SPY,762.3900146484375,2026-09-09T22:34:18.173642+00:00
747.0,3.96,4.01,4.06,266.0,442,0.1516808465576172,put,2026-09-25,SPY,762.3900146484375,2026-09-09T22:34:18.173642+00:00
748.0,4.16,4.21,4.25,133.0,883,0.15024653472900396,put,2026-09-25,SPY,762.3900146484375,2026-09-09T22:34:18.173642+00:00
749.0,4.36,4.42,4.4,33.0,747,0.14881222290039062,put,2026-09-25,SPY,762.3900146484375,2026-09-09T22:34:18.173642+00:00
750.0,4.58,4.62,4.59,4849.0,9257,0.14701170379638673,put,2026-09-25,SPY,762.3900146484375,2026-09-09T22:34:18.173642+00:00
751.0,4.81,4.87,4.84,116.0,1121,0.1458825646972656,put,2026-09-25,SPY,762.3900146484375,2026-09-09T22:34:18.173642+00:00
752.0,5.05,5.11,5.08,69.0,1849,0.1443567010498047,put,2026-09-25,SPY,762.3900146484375,2026-09-09T22:34:18.173642+00:00
753.0,5.3,5.36,5.39,180.0,465,0.14283083740234376,put,2026-09-25,SPY,762.3900146484375,2026-09-09T22:34:18.173642+00:00
754.0,5.57,5.63,5.36,65.0,584,0.1413965255737305,put,2026-09-25,SPY,762.3900146484375,2026-09-09T22:34:18.173642+00:00
755.0,5.85,5.91,5.88,5359.0,5397,0.13990117919921874,put,2026-09-25,SPY,762.3900146484375,2026-09-09T22:34:18.173642+00:00
756.0,6.15,6.21,6.25,288.0,510,0.13852790191650394,put,2026-09-25,SPY,762.3900146484375,2026-09-09T22:34:18.173642+00:00
757.0,6.46,6.52,6.59,590.0,597,0.13706307281494146,put,2026-09-25,SPY,762.3900146484375,2026-09-09T22:34:18.173642+00:00
758.0,6.78,6.85,6.88,393.0,729,0.13565927825927737,put,2026-09-25,SPY,762.3900146484375,2026-09-09T22:34:18.173642+00:00
759.0,7.13,7.19,7.19,108.0,1732,0.13416393188476564,put,2026-09-25,SPY,762.3900146484375,2026-09-09T22:34:18.173642+00:00
760.0,7.49,7.55,7.68,592.0,2166,0.13272962005615235,put,2026-09-25,SPY,762.3900146484375,2026-09-09T22:34:18.173642+00:00
761.0,7.87,7.94,7.73,241.0,720,0.13150892913818357,put,2026-09-25,SPY,762.3900146484375,2026-09-09T22:34:18.173642+00:00
762.0,8.27,8.34,8.33,623.0,2533,0.13013565185546871,put,2026-09-25,SPY,762.3900146484375,2026-09-09T22:34:18.173642+00:00
763.0,8.7,8.77,8.75,801.0,633,0.12897599548339844,put,2026-09-25,SPY,762.3900146484375,2026-09-09T22:34:18.173642+00:00
764.0,9.14,9.22,9.24,404.0,865,0.12781633911132811,put,2026-09-25,SPY,762.3900146484375,2026-09-09T22:34:18.173642+00:00
765.0,9.57,9.74,9.7,815.0,2897,0.12741961456298828,put,2026-09-25,SPY,762.3900146484375,2026-09-09T22:34:18.173642+00:00
766.0,10.05,10.24,10.16,395.0,2369,0.12644306182861326,put,2026-09-25,SPY,762.3900146484375,2026-09-09T22:34:18.173642+00:00
767.0,10.56,10.76,10.69,139.0,2385,0.12543599182128906,put,2026-09-25,SPY,762.3900146484375,2026-09-09T22:34:18.173642+00:00
768.0,11.09,11.3,11.2,43.0,2532,0.12445943908691406,put,2026-09-25,SPY,762.3900146484375,2026-09-09T22:34:18.173642+00:00
769.0,11.64,11.92,11.59,37.0,851,0.12442892181396485,put,2026-09-25,SPY,762.3900146484375,2026-09-09T22:34:18.173642+00:00
770.0,12.14,12.76,12.3,366.0,1777,0.12769427001953126,put,2026-09-25,SPY,762.3900146484375,2026-09-09T22:34:18.173642+00:00
771.0,12.76,13.1,12.67,62.0,848,0.12247581634521486,put,2026-09-25,SPY,762.3900146484375,2026-09-09T22:34:18.173642+00:00
772.0,13.42,13.78,13.75,47.0,698,0.1225368508911133,put,2026-09-25,SPY,762.3900146484375,2026-09-09T22:34:18.173642+00:00
773.0,14.06,14.44,14.32,67.0,813,0.1218959881591797,put,2026-09-25,SPY,762.3900146484375,2026-09-09T22:34:18.173642+00:00
774.0,13.64,16.7,15.02,18.0,384,0.14869015380859374,put,2026-09-25,SPY,762.3900146484375,2026-09-09T22:34:18.173642+00:00
775.0,14.37,16.56,15.32,44.0,619,0.13413341461181644,put,2026-09-25,SPY,762.3900146484375,2026-09-09T22:34:18.173642+00:00
776.0,15.09,18.1,16.98,5.0,288,0.1486596365356445,put,2026-09-25,SPY,762.3900146484375,2026-09-09T22:34:18.173642+00:00
777.0,15.85,18.39,11.2,12.0,315,0.1408166973876953,put,2026-09-25,SPY,762.3900146484375,2026-09-09T22:34:18.173642+00:00
778.0,16.63,19.7,11.48,1.0,74,0.15128412200927738,put,2026-09-25,SPY,762.3900146484375,2026-09-09T22:34:18.173642+00:00
779.0,17.43,20.5,17.51,1.0,91,0.15235222656250003,put,2026-09-25,SPY,762.3900146484375,2026-09-09T22:34:18.173642+00:00
780.0,19.33,19.82,20.79,17.0,493,0.12323874816894533,put,2026-09-25,SPY,762.3900146484375,2026-09-09T22:34:18.173642+00:00
781.0,20.16,20.68,20.19,4.0,16,0.12427633544921876,put,2026-09-25,SPY,762.3900146484375,2026-09-09T22:34:18.173642+00:00
782.0,19.96,23.03,21.0,10.0,7,0.15692981750488283,put,2026-09-25,SPY,762.3900146484375,2026-09-09T22:34:18.173642+00:00
783.0,20.84,23.91,14.28,10.0,29,0.15888292297363282,put,2026-09-25,SPY,762.3900146484375,2026-09-09T22:34:18.173642+00:00
784.0,21.73,24.8,22.75,10.0,13,0.1609580975341797,put,2026-09-25,SPY,762.3900146484375,2026-09-09T22:34:18.173642+00:00
785.0,22.64,25.71,16.51,2.0,115,0.16327741027832032,put,2026-09-25,SPY,762.3900146484375,2026-09-09T22:34:18.173642+00:00
786.0,23.17,26.63,22.6,32.0,11,0.16574930938720706,put,2026-09-25,SPY,762.3900146484375,2026-09-09T22:34:18.173642+00:00
787.0,24.1,27.56,21.88,2.0,3,0.16834327758789067,put,2026-09-25,SPY,762.3900146484375,2026-09-09T22:34:18.173642+00:00
788.0,25.04,28.51,18.17,3.0,29,0.17130345306396483,put,2026-09-25,SPY,762.3900146484375,2026-09-09T22:34:18.173642+00:00
789.0,25.99,29.46,23.12,10.0,11,0.17420259399414065,put,2026-09-25,SPY,762.3900146484375,2026-09-09T22:34:18.173642+00:00
790.0,26.95,30.41,27.18,1.0,40,0.17701018310546873,put,2026-09-25,SPY,762.3900146484375,2026-09-09T22:34:18.173642+00:00
791.0,27.93,31.38,20.21,3.0,53,0.18024501403808596,put,2026-09-25,SPY,762.3900146484375,2026-09-09T22:34:18.173642+00:00
793.0,29.86,33.32,22.6,28.0,20,0.18659260681152345,put,2026-09-25,SPY,762.3900146484375,2026-09-09T22:34:18.173642+00:00
794.0,30.83,34.3,22.42,20.0,20,0.1899189895629883,put,2026-09-25,SPY,762.3900146484375,2026-09-09T22:34:18.173642+00:00
795.0,31.82,35.28,31.25,2.0,4,0.19321485504150393,put,2026-09-25,SPY,762.3900146484375,2026-09-09T22:34:18.173642+00:00
798.0,34.77,38.24,33.1,1.0,1,0.20337710693359373,put,2026-09-25,SPY,762.3900146484375,2026-09-09T22:34:18.173642+00:00
800.0,36.75,40.22,33.74,10.0,16,0.21021297607421874,put,2026-09-25,SPY,762.3900146484375,2026-09-09T22:34:18.173642+00:00
805.0,41.73,45.19,43.64,,1,0.22730264892578123,put,2026-09-25,SPY,762.3900146484375,2026-09-09T22:34:18.173642+00:00
807.0,43.72,47.18,42.55,2.0,0,0.23401644897460935,put,2026-09-25,SPY,762.3900146484375,2026-09-09T22:34:18.173642+00:00
810.0,46.71,50.17,35.4,19.0,0,0.24414818359375,put,2026-09-25,SPY,762.3900146484375,2026-09-09T22:34:18.173642+00:00
811.0,47.71,51.17,50.2,2.0,2,0.2475661181640625,put,2026-09-25,SPY,762.3900146484375,2026-09-09T22:34:18.173642+00:00
823.0,59.68,63.14,46.77,,0,0.2864451239013671,put,2026-09-25,SPY,762.3900146484375,2026-09-09T22:34:18.173642+00:00
824.0,60.68,64.14,51.8,2.0,0,0.28967995483398434,put,2026-09-25,SPY,762.3900146484375,2026-09-09T22:34:18.173642+00:00
855.0,91.63,95.1,78.1,,0,0.38245246459960935,put,2026-09-25,SPY,762.3900146484375,2026-09-09T22:34:18.173642+00:00
865.0,101.62,105.08,94.35,,0,0.41010111389160153,put,2026-09-25,SPY,762.3900146484375,2026-09-09T22:34:18.173642+00:00
870.0,106.61,110.08,99.33,,0,0.42401699035644536,put,2026-09-25,SPY,762.3900146484375,2026-09-09T22:34:18.173642+00:00
550.0,211.42,214.89,220.46,2.0,0,0.5451705639648439,call,2026-10-09,SPY,762.3900146484375,2026-09-09T22:34:18.173642+00:00
555.0,206.44,209.91,211.28,,1,0.534184345703125,call,2026-10-09,SPY,762.3900146484375,2026-09-09T22:34:18.173642+00:00
560.0,201.43,204.92,206.28,,21,0.5210008837890624,call,2026-10-09,SPY,762.3900146484375,2026-09-09T22:34:18.173642+00:00
565.0,196.45,199.94,197.19,,28,0.509892596435547,call,2026-10-09,SPY,762.3900146484375,2026-09-09T22:34:18.173642+00:00
575.0,186.51,189.98,193.63,2.0,24,0.5988199298095704,call,2026-10-09,SPY,762.3900146484375,2026-09-09T22:34:18.173642+00:00
580.0,181.51,185.0,190.44,40.0,54,0.5845988806152342,call,2026-10-09,SPY,762.3900146484375,2026-09-09T22:34:18.173642+00:00
585.0,176.56,180.02,185.53,20.0,11,0.5704388659667969,call,2026-10-09,SPY,762.3900146484375,2026-09-09T22:34:18.173642+00:00
590.0,171.58,175.05,174.53,2.0,104,0.556767127685547,call,2026-10-09,SPY,762.3900146484375,2026-09-09T22:34:18.173642+00:00
595.0,166.61,170.07,168.45,246.0,83,0.542668147583008,call,2026-10-09,SPY,762.3900146484375,2026-09-09T22:34:18.173642+00:00
605.0,156.65,160.13,158.46,287.0,44,0.5153857055664062,call,2026-10-09,SPY,762.3900146484375,2026-09-09T22:34:18.173642+00:00
610.0,151.7,155.17,157.52,1.0,7,0.5022022436523439,call,2026-10-09,SPY,762.3900146484375,2026-09-09T22:34:18.173642+00:00
615.0,146.74,150.2,156.68,395.0,253,0.4885915399169922,call,2026-10-09,SPY,762.3900146484375,2026-09-09T22:34:18.173642+00:00
620.0,141.78,145.24,152.08,3.0,5,0.4753470434570312,call,2026-10-09,SPY,762.3900146484375,2026-09-09T22:34:18.173642+00:00
635.0,126.92,130.38,133.8,22.0,21,0.43622389953613283,call,2026-10-09,SPY,762.3900146484375,2026-09-09T22:34:18.173642+00:00
650.0,112.1,115.56,118.73,2.0,3,0.39789420471191406,call,2026-10-09,SPY,762.3900146484375,2026-09-09T22:34:18.173642+00:00
655.0,107.16,110.63,115.63,2.0,1,0.3852600537109374,call,2026-10-09,SPY,762.3900146484375,2026-09-09T22:34:18.173642+00:00
665.0,97.32,100.79,98.88,4.0,0,0.3602053726196288,call,2026-10-09,SPY,762.3900146484375,2026-09-09T22:34:18.173642+00:00
670.0,92.4,95.88,94.58,8.0,22,0.3477238079833984,call,2026-10-09,SPY,762.3900146484375,2026-09-09T22:34:18.173642+00:00
675.0,87.53,90.98,93.94,,1,0.3353643124389648,call,2026-10-09,SPY,762.3900146484375,2026-09-09T22:34:18.173642+00:00
680.0,82.65,86.1,87.85,,2,0.32330998962402335,call,2026-10-09,SPY,762.3900146484375,2026-09-09T22:34:18.173642+00:00
690.0,72.91,76.38,78.21,2.0,4,0.29932341308593746,call,2026-10-09,SPY,762.3900146484375,2026-09-09T22:34:18.173642+00:00
695.0,68.06,71.55,74.34,1.0,4,0.28754374572753894,call,2026-10-09,SPY,762.3900146484375,2026-09-09T22:34:18.173642+00:00
700.0,63.28,66.75,64.37,2.0,19,0.27600821655273433,call,2026-10-09,SPY,762.3900146484375,2026-09-09T22:34:18.173642+00:00
705.0,58.51,61.98,69.32,1.0,11,0.2645947564697265,call,2026-10-09,SPY,762.3900146484375,2026-09-09T22:34:18.173642+00:00
710.0,53.78,57.25,55.01,5.0,13,0.25345595184326175,call,2026-10-09,SPY,762.3900146484375,2026-09-09T22:34:18.173642+00:00
715.0,49.39,52.56,51.03,1.0,11,0.24243921630859372,call,2026-10-09,SPY,762.3900146484375,2026-09-09T22:34:18.173642+00:00
720.0,44.49,47.94,46.49,4.0,9,0.2318497225952148,call,2026-10-09,SPY,762.3900146484375,2026-09-09T22:34:18.173642+00:00
721.0,45.05,47.03,48.5,,7,0.2298660998535156,call,2026-10-09,SPY,762.3900146484375,2026-09-09T22:34:18.173642+00:00
724.0,41.11,44.29,42.66,2.0,5,0.22354902435302731,call,2026-10-09,SPY,762.3900146484375,2026-09-09T22:34:18.173642+00:00
725.0,40.21,43.39,41.03,4.0,11,0.2215654016113281,call,2026-10-09,SPY,762.3900146484375,2026-09-09T22:34:18.173642+00:00
726.0,39.06,42.49,40.93,9.0,2,0.21955126159667968,call,2026-10-09,SPY,762.3900146484375,2026-09-09T22:34:18.173642+00:00
727.0,38.44,41.59,49.34,,1,0.2174760870361328,call,2026-10-09,SPY,762.3900146484375,2026-09-09T22:34:18.173642+00:00
728.0,37.53,40.7,42.23,2.0,5,0.2155229815673828,call,2026-10-09,SPY,762.3900146484375,2026-09-09T22:34:18.173642+00:00
730.0,36.96,38.93,36.93,1.0,33,0.21161677062988277,call,2026-10-09,SPY,762.3900146484375,2026-09-09T22:34:18.173642+00:00
731.0,34.6,38.05,40.37,2.0,1,0.20966366516113277,call,2026-10-09,SPY,762.3900146484375,2026-09-09T22:34:18.173642+00:00
732.0,35.22,37.17,39.23,2.0,1,0.20764952514648435,call,2026-10-09,SPY,762.3900146484375,2026-09-09T22:34:18.173642+00:00
733.0,32.86,36.3,34.28,10.0,4,0.20575745422363279,call,2026-10-09,SPY,762.3900146484375,2026-09-09T22:34:18.173642+00:00
734.0,33.5,33.88,33.6,98.0,16,0.18134363586425778,call,2026-10-09,SPY,762.3900146484375,2026-09-09T22:34:18.173642+00:00
735.0,32.65,33.01,33.28,153.0,298,0.17963466857910154,call,2026-10-09,SPY,762.3900146484375,2026-09-09T22:34:18.173642+00:00
738.0,28.61,31.77,33.47,13.0,15,0.19294019958496095,call,2026-10-09,SPY,762.3900146484375,2026-09-09T22:34:18.173642+00:00
739.0,29.14,29.63,29.79,18.0,17,0.17343966217041018,call,2026-10-09,SPY,762.3900146484375,2026-09-09T22:34:18.173642+00:00
740.0,28.45,28.77,28.95,181.0,268,0.1714865567016602,call,2026-10-09,SPY,762.3900146484375,2026-09-09T22:34:18.173642+00:00
741.0,27.49,27.98,27.36,1.0,8,0.17044896942138676,call,2026-10-09,SPY,762.3900146484375,2026-09-09T22:34:18.173642+00:00
743.0,25.94,26.29,26.57,10.0,8,0.16660379302978523,call,2026-10-09,SPY,762.3900146484375,2026-09-09T22:34:18.173642+00:00
744.0,25.06,25.53,29.27,2.0,5,0.1656882748413086,call,2026-10-09,SPY,762.3900146484375,2026-09-09T22:34:18.173642+00:00
745.0,24.32,24.68,24.42,494.0,434,0.16352154846191408,call,2026-10-09,SPY,762.3900146484375,2026-09-09T22:34:18.173642+00:00
746.0,23.46,23.94,23.92,2.0,6,0.16266706481933596,call,2026-10-09,SPY,762.3900146484375,2026-09-09T22:34:18.173642+00:00
747.0,22.76,23.09,23.48,233.0,9,0.16031723480224608,call,2026-10-09,SPY,762.3900146484375,2026-09-09T22:34:18.173642+00:00
748.0,21.89,22.4,25.34,5.0,15,0.15988999298095702,call,2026-10-09,SPY,762.3900146484375,2026-09-09T22:34:18.173642+00:00
749.0,21.14,21.61,24.16,1.0,17,0.15810473251342771,call,2026-10-09,SPY,762.3900146484375,2026-09-09T22:34:18.173642+00:00
750.0,20.54,20.78,20.52,151.0,495,0.15573964385986327,call,2026-10-09,SPY,762.3900146484375,2026-09-09T22:34:18.173642+00:00
751.0,19.7,20.03,23.36,13.0,15,0.1542748147583008,call,2026-10-09,SPY,762.3900146484375,2026-09-09T22:34:18.173642+00:00
752.0,18.89,19.38,19.63,1.0,6,0.15387809020996096,call,2026-10-09,SPY,762.3900146484375,2026-09-09T22:34:18.173642+00:00
753.0,18.16,18.63,19.05,2.0,2,0.15218438156127934,call,2026-10-09,SPY,762.3900146484375,2026-09-09T22:34:18.173642+00:00
754.0,17.44,17.9,20.74,4.0,10,0.15061274200439456,call,2026-10-09,SPY,762.3900146484375,2026-09-09T22:34:18.173642+00:00
755.0,16.95,17.1,16.84,208.0,66,0.1481103256225586,call,2026-10-09,SPY,762.3900146484375,2026-09-09T22:34:18.173642+00:00
756.0,16.12,16.5,15.63,6.0,3,0.14783567016601565,call,2026-10-09,SPY,762.3900146484375,2026-09-09T22:34:18.173642+00:00
757.0,15.44,15.73,18.09,3.0,7,0.14545532287597657,call,2026-10-09,SPY,762.3900146484375,2026-09-09T22:34:18.173642+00:00
758.0,14.89,15.04,14.43,8.0,653,0.14386842468261718,call,2026-10-09,SPY,762.3900146484375,2026-09-09T22:34:18.173642+00:00
759.0,14.18,14.39,18.92,1.0,6,0.14263247512817384,call,2026-10-09,SPY,762.3900146484375,2026-09-09T22:34:18.173642+00:00
760.0,13.58,13.71,13.61,85.0,174,0.140908249206543,call,2026-10-09,SPY,762.3900146484375,2026-09-09T22:34:18.173642+00:00
761.0,12.96,13.04,13.35,44.0,47,0.13916876464843753,call,2026-10-09,SPY,762.3900146484375,2026-09-09T22:34:18.173642+00:00
762.0,12.34,12.42,12.4,332.0,120,0.13785652191162112,call,2026-10-09,SPY,762.3900146484375,2026-09-09T22:34:18.173642+00:00
763.0,11.73,11.81,11.77,370.0,648,0.1365137619018555,call,2026-10-09,SPY,762.3900146484375,2026-09-09T22:34:18.173642+00:00
764.0,11.14,11.22,11.23,939.0,61,0.13524729507446293,call,2026-10-09,SPY,762.3900146484375,2026-09-09T22:34:18.173642+00:00
765.0,10.56,10.64,10.4,215.0,236,0.13395031097412108,call,2026-10-09,SPY,762.3900146484375,2026-09-09T22:34:18.173642+00:00
766.0,10.0,10.08,10.02,331.0,145,0.13269910278320313,call,2026-10-09,SPY,762.3900146484375,2026-09-09T22:34:18.173642+00:00
767.0,9.45,9.53,9.33,37.0,205,0.13141737731933595,call,2026-10-09,SPY,762.3900146484375,2026-09-09T22:34:18.173642+00:00
768.0,8.92,9.0,8.84,129.0,1205,0.13019668640136717,call,2026-10-09,SPY,762.3900146484375,2026-09-09T22:34:18.173642+00:00
769.0,8.41,8.49,8.37,204.0,452,0.12903703002929687,call,2026-10-09,SPY,762.3900146484375,2026-09-09T22:34:18.173642+00:00
770.0,7.92,7.99,7.81,264.0,1681,0.12781633911132811,call,2026-10-09,SPY,762.3900146484375,2026-09-09T22:34:18.173642+00:00
771.0,7.44,7.51,7.45,194.0,459,0.1266566827392578,call,2026-10-09,SPY,762.3900146484375,2026-09-09T22:34:18.173642+00:00
772.0,6.98,7.05,6.99,101.0,335,0.12555806091308597,call,2026-10-09,SPY,762.3900146484375,2026-09-09T22:34:18.173642+00:00
773.0,6.53,6.6,6.6,60.0,558,0.12439840454101564,call,2026-10-09,SPY,762.3900146484375,2026-09-09T22:34:18.173642+00:00
774.0,6.11,6.18,6.02,224.0,707,0.12339133453369142,call,2026-10-09,SPY,762.3900146484375,2026-09-09T22:34:18.173642+00:00
775.0,5.7,5.77,5.7,268.0,652,0.12232322998046877,call,2026-10-09,SPY,762.3900146484375,2026-09-09T22:34:18.173642+00:00
776.0,5.31,5.38,5.35,63.0,293,0.12131615997314452,call,2026-10-09,SPY,762.3900146484375,2026-09-09T22:34:18.173642+00:00
777.0,4.94,5.01,5.13,121.0,561,0.12037012451171875,call,2026-10-09,SPY,762.3900146484375,2026-09-09T22:34:18.173642+00:00
778.0,4.59,4.66,4.5,477.0,525,0.11946986495971679,call,2026-10-09,SPY,762.3900146484375,2026-09-09T22:34:18.173642+00:00
779.0,4.26,4.32,4.42,114.0,292,0.1185085708618164,call,2026-10-09,SPY,762.3900146484375,2026-09-09T22:34:18.173642+00:00
780.0,3.94,4.0,3.88,174.0,522,0.11759305267333985,call,2026-10-09,SPY,762.3900146484375,2026-09-09T22:34:18.173642+00:00
781.0,3.64,3.7,3.76,113.0,578,0.11676908630371094,call,2026-10-09,SPY,762.3900146484375,2026-09-09T22:34:18.173642+00:00
782.0,3.37,3.39,3.34,343.0,473,0.1155483953857422,call,2026-10-09,SPY,762.3900146484375,2026-09-09T22:34:18.173642+00:00
783.0,3.1,3.13,3.19,146.0,208,0.11487701538085937,call,2026-10-09,SPY,762.3900146484375,2026-09-09T22:34:18.173642+00:00
784.0,2.85,2.88,2.82,444.0,379,0.1141140835571289,call,2026-10-09,SPY,762.3900146484375,2026-09-09T22:34:18.173642+00:00
785.0,2.62,2.64,2.65,910.0,785,0.11332063446044921,call,2026-10-09,SPY,762.3900146484375,2026-09-09T22:34:18.173642+00:00
786.0,2.4,2.43,2.36,324.0,531,0.11277132354736327,call,2026-10-09,SPY,762.3900146484375,2026-09-09T22:34:18.173642+00:00
787.0,2.2,2.22,2.17,104.0,272,0.112038908996582,call,2026-10-09,SPY,762.3900146484375,2026-09-09T22:34:18.173642+00:00
788.0,2.01,2.03,1.99,97.0,333,0.11139804626464843,call,2026-10-09,SPY,762.3900146484375,2026-09-09T22:34:18.173642+00:00
789.0,1.84,1.86,1.86,348.0,445,0.11097080444335936,call,2026-10-09,SPY,762.3900146484375,2026-09-09T22:34:18.173642+00:00
790.0,1.68,1.7,1.7,633.0,752,0.11048252807617187,call,2026-10-09,SPY,762.3900146484375,2026-09-09T22:34:18.173642+00:00
791.0,1.53,1.55,1.55,134.0,74,0.10999425170898436,call,2026-10-09,SPY,762.3900146484375,2026-09-09T22:34:18.173642+00:00
792.0,1.39,1.41,1.37,243.0,370,0.10950597534179687,call,2026-10-09,SPY,762.3900146484375,2026-09-09T22:34:18.173642+00:00
793.0,1.27,1.28,1.27,63.0,829,0.10901769897460936,call,2026-10-09,SPY,762.3900146484375,2026-09-09T22:34:18.173642+00:00
794.0,1.15,1.17,1.17,146.0,116,0.10877356079101563,call,2026-10-09,SPY,762.3900146484375,2026-09-09T22:34:18.173642+00:00
795.0,1.05,1.06,1.03,499.0,689,0.10834631896972656,call,2026-10-09,SPY,762.3900146484375,2026-09-09T22:34:18.173642+00:00
796.0,0.95,0.97,0.99,119.0,471,0.10828528442382812,call,2026-10-09,SPY,762.3900146484375,2026-09-09T22:34:18.173642+00:00
797.0,0.86,0.88,0.86,50.0,998,0.10798011169433594,call,2026-10-09,SPY,762.3900146484375,2026-09-09T22:34:18.173642+00:00
798.0,0.78,0.8,0.8,314.0,159,0.10779700805664064,call,2026-10-09,SPY,762.3900146484375,2026-09-09T22:34:18.173642+00:00
799.0,0.71,0.73,0.72,25.0,288,0.1077359735107422,call,2026-10-09,SPY,762.3900146484375,2026-09-09T22:34:18.173642+00:00
800.0,0.65,0.66,0.64,277.0,1968,0.10749183532714844,call,2026-10-09,SPY,762.3900146484375,2026-09-09T22:34:18.173642+00:00
801.0,0.58,0.6,0.62,307.0,503,0.10743080078125,call,2026-10-09,SPY,762.3900146484375,2026-09-09T22:34:18.173642+00:00
802.0,0.53,0.55,0.56,62.0,432,0.10755286987304688,call,2026-10-09,SPY,762.3900146484375,2026-09-09T22:34:18.173642+00:00
803.0,0.48,0.5,0.48,27.0,171,0.10755286987304688,call,2026-10-09,SPY,762.3900146484375,2026-09-09T22:34:18.173642+00:00
804.0,0.44,0.46,0.48,19.0,93,0.10779700805664064,call,2026-10-09,SPY,762.3900146484375,2026-09-09T22:34:18.173642+00:00
805.0,0.41,0.42,0.41,112.0,409,0.1079190771484375,call,2026-10-09,SPY,762.3900146484375,2026-09-09T22:34:18.173642+00:00
806.0,0.37,0.39,0.4,3.0,46,0.108407353515625,call,2026-10-09,SPY,762.3900146484375,2026-09-09T22:34:18.173642+00:00
807.0,0.34,0.35,0.38,622.0,160,0.10816321533203124,call,2026-10-09,SPY,762.3900146484375,2026-09-09T22:34:18.173642+00:00
808.0,0.31,0.32,0.35,117.0,217,0.10828528442382812,call,2026-10-09,SPY,762.3900146484375,2026-09-09T22:34:18.173642+00:00
809.0,0.29,0.3,0.27,24.0,39,0.10901769897460936,call,2026-10-09,SPY,762.3900146484375,2026-09-09T22:34:18.173642+00:00
810.0,0.26,0.27,0.28,123.0,283,0.1088956298828125,call,2026-10-09,SPY,762.3900146484375,2026-09-09T22:34:18.173642+00:00
811.0,0.24,0.25,0.24,31.0,11,0.10938390625,call,2026-10-09,SPY,762.3900146484375,2026-09-09T22:34:18.173642+00:00
812.0,0.22,0.24,0.23,117.0,55,0.11036045898437499,call,2026-10-09,SPY,762.3900146484375,2026-09-09T22:34:18.173642+00:00
813.0,0.21,0.22,0.22,42.0,49,0.11060459716796875,call,2026-10-09,SPY,762.3900146484375,2026-09-09T22:34:18.173642+00:00
814.0,0.19,0.2,0.19,1290.0,99,0.11084873535156249,call,2026-10-09,SPY,762.3900146484375,2026-09-09T22:34:18.173642+00:00
815.0,0.18,0.19,0.18,26.0,198,0.11158114990234375,call,2026-10-09,SPY,762.3900146484375,2026-09-09T22:34:18.173642+00:00
816.0,0.17,0.18,0.2,42.0,94,0.11243563354492186,call,2026-10-09,SPY,762.3900146484375,2026-09-09T22:34:18.173642+00:00
817.0,0.16,0.17,0.15,28.0,53,0.11316804809570313,call,2026-10-09,SPY,762.3900146484375,2026-09-09T22:34:18.173642+00:00
818.0,0.15,0.16,0.28,38.0,47,0.1137783935546875,call,2026-10-09,SPY,762.3900146484375,2026-09-09T22:34:18.173642+00:00
819.0,0.14,0.15,0.16,8.0,18,0.11451080810546876,call,2026-10-09,SPY,762.3900146484375,2026-09-09T22:34:18.173642+00:00
820.0,0.13,0.14,0.13,201.0,712,0.11499908447265625,call,2026-10-09,SPY,762.3900146484375,2026-09-09T22:34:18.173642+00:00
821.0,0.12,0.13,0.22,154.0,130,0.11548736083984376,call,2026-10-09,SPY,762.3900146484375,2026-09-09T22:34:18.173642+00:00
822.0,0.11,0.12,0.16,66.0,13,0.1157314990234375,call,2026-10-09,SPY,762.3900146484375,2026-09-09T22:34:18.173642+00:00
823.0,0.11,0.12,0.2,74.0,127,0.11744046630859376,call,2026-10-09,SPY,762.3900146484375,2026-09-09T22:34:18.173642+00:00
824.0,0.1,0.11,0.18,140.0,138,0.1176846044921875,call,2026-10-09,SPY,762.3900146484375,2026-09-09T22:34:18.173642+00:00
825.0,0.1,0.11,0.09,44.0,224,0.11914943359374999,call,2026-10-09,SPY,762.3900146484375,2026-09-09T22:34:18.173642+00:00
830.0,0.08,0.09,0.08,41.0,174,0.124032197265625,call,2026-10-09,SPY,762.3900146484375,2026-09-09T22:34:18.173642+00:00
835.0,0.06,0.07,0.06,2.0,177,0.1274501318359375,call,2026-10-09,SPY,762.3900146484375,2026-09-09T22:34:18.173642+00:00
840.0,0.05,0.06,0.06,10.0,96,0.13233289550781252,call,2026-10-09,SPY,762.3900146484375,2026-09-09T22:34:18.173642+00:00
845.0,0.04,0.05,0.05,17.0,28,0.13672738281250002,call,2026-10-09,SPY,762.3900146484375,2026-09-09T22:34:18.173642+00:00
850.0,0.03,0.04,0.04,37.0,122,0.14063359375,call,2026-10-09,SPY,762.3900146484375,2026-09-09T22:34:18.173642+00:00
855.0,0.03,0.04,0.03,2.0,68,0.147469462890625,call,2026-10-09,SPY,762.3900146484375,2026-09-09T22:34:18.173642+00:00
860.0,0.02,0.03,0.03,1.0,34,0.149422568359375,call,2026-10-09,SPY,762.3900146484375,2026-09-09T22:34:18.173642+00:00
865.0,0.02,0.03,0.03,2.0,90,0.1562584375,call,2026-10-09,SPY,762.3900146484375,2026-09-09T22:34:18.173642+00:00
870.0,0.02,0.03,0.03,,24,0.16211775390625,call,2026-10-09,SPY,762.3900146484375,2026-09-09T22:34:18.173642+00:00
875.0,0.02,0.03,0.02,,1,0.16797707031250003,call,2026-10-09,SPY,762.3900146484375,2026-09-09T22:34:18.173642+00:00
500.0,0.09,0.1,0.1,8.0,133,0.532231240234375,put,2026-10-09,SPY,762.3900146484375,2026-09-09T22:34:18.173642+00:00
505.0,0.1,0.11,0.1,3.0,183,0.526371923828125,put,2026-10-09,SPY,762.3900146484375,2026-09-09T22:34:18.173642+00:00
510.0,0.11,0.12,0.1,1.0,381,0.5195360546875,put,2026-10-09,SPY,762.3900146484375,2026-09-09T22:34:18.173642+00:00
515.0,0.11,0.12,0.12,2.0,182,0.507817421875,put,2026-10-09,SPY,762.3900146484375,2026-09-09T22:34:18.173642+00:00
525.0,0.13,0.14,0.14,,4,0.495122236328125,put,2026-10-09,SPY,762.3900146484375,2026-09-09T22:34:18.173642+00:00
530.0,0.14,0.15,0.14,32.0,44,0.48730981445312505,put,2026-10-09,SPY,762.3900146484375,2026-09-09T22:34:18.173642+00:00
535.0,0.15,0.16,0.11,22.0,21,0.47949739257812496,put,2026-10-09,SPY,762.3900146484375,2026-09-09T22:34:18.173642+00:00
540.0,0.16,0.17,0.15,6.0,8,0.47119669433593747,put,2026-10-09,SPY,762.3900146484375,2026-09-09T22:34:18.173642+00:00
545.0,0.17,0.18,0.23,,1,0.46289599609375004,put,2026-10-09,SPY,762.3900146484375,2026-09-09T22:34:18.173642+00:00
550.0,0.18,0.19,0.15,3.0,33,0.454107021484375,put,2026-10-09,SPY,762.3900146484375,2026-09-09T22:34:18.173642+00:00
555.0,0.19,0.2,0.15,2.0,25,0.445318046875,put,2026-10-09,SPY,762.3900146484375,2026-09-09T22:34:18.173642+00:00
560.0,0.21,0.22,0.19,,63,0.43897045410156255,put,2026-10-09,SPY,762.3900146484375,2026-09-09T22:34:18.173642+00:00
565.0,0.22,0.23,0.22,1.0,3,0.43018147949218755,put,2026-10-09,SPY,762.3900146484375,2026-09-09T22:34:18.173642+00:00
570.0,0.23,0.24,0.22,10.0,3,0.42090422851562503,put,2026-10-09,SPY,762.3900146484375,2026-09-09T22:34:18.173642+00:00
575.0,0.25,0.26,0.24,7.0,6,0.4138242211914062,put,2026-10-09,SPY,762.3900146484375,2026-09-09T22:34:18.173642+00:00
580.0,0.27,0.28,0.26,9.0,40,0.4062559375,put,2026-10-09,SPY,762.3900146484375,2026-09-09T22:34:18.173642+00:00
585.0,0.28,0.29,0.23,,2,0.3967345483398438,put,2026-10-09,SPY,762.3900146484375,2026-09-09T22:34:18.173642+00:00
590.0,0.3,0.31,0.25,21.0,28,0.38867798828125,put,2026-10-09,SPY,762.3900146484375,2026-09-09T22:34:18.173642+00:00
595.0,0.32,0.33,0.26,1.0,8,0.3806214282226562,put,2026-10-09,SPY,762.3900146484375,2026-09-09T22:34:18.173642+00:00
600.0,0.35,0.36,0.33,9.0,143,0.3737855590820312,put,2026-10-09,SPY,762.3900146484375,2026-09-09T22:34:18.173642+00:00
605.0,0.37,0.38,0.36,52.0,15,0.36499658447265626,put,2026-10-09,SPY,762.3900146484375,2026-09-09T22:34:18.173642+00:00
610.0,0.39,0.4,0.38,87.0,27,0.3562076098632812,put,2026-10-09,SPY,762.3900146484375,2026-09-09T22:34:18.173642+00:00
615.0,0.42,0.43,0.33,2.0,25,0.34839518798828123,put,2026-10-09,SPY,762.3900146484375,2026-09-09T22:34:18.173642+00:00
620.0,0.45,0.46,0.43,53.0,139,0.3403386279296875,put,2026-10-09,SPY,762.3900146484375,2026-09-09T22:34:18.173642+00:00
625.0,0.48,0.49,0.49,27.0,95,0.3320379296875,put,2026-10-09,SPY,762.3900146484375,2026-09-09T22:34:18.173642+00:00
630.0,0.52,0.53,0.51,101.0,71,0.3244696459960937,put,2026-10-09,SPY,762.3900146484375,2026-09-09T22:34:18.173642+00:00
635.0,0.55,0.56,0.43,3.0,39,0.31555860229492183,put,2026-10-09,SPY,762.3900146484375,2026-09-09T22:34:18.173642+00:00
640.0,0.59,0.6,0.6,13.0,47,0.3073799731445312,put,2026-10-09,SPY,762.3900146484375,2026-09-09T22:34:18.173642+00:00
645.0,0.63,0.65,0.61,2.0,19,0.2995675512695312,put,2026-10-09,SPY,762.3900146484375,2026-09-09T22:34:18.173642+00:00
650.0,0.68,0.69,0.67,111.0,50,0.29077857666015616,put,2026-10-09,SPY,762.3900146484375,2026-09-09T22:34:18.173642+00:00
655.0,0.73,0.75,0.75,22.0,42,0.2830882238769531,put,2026-10-09,SPY,762.3900146484375,2026-09-09T22:34:18.173642+00:00
660.0,0.79,0.81,0.74,7.0,114,0.2749095947265625,put,2026-10-09,SPY,762.3900146484375,2026-09-09T22:34:18.173642+00:00
665.0,0.86,0.87,0.85,23.0,66,0.26636475830078127,put,2026-10-09,SPY,762.3900146484375,2026-09-09T22:34:18.173642+00:00
670.0,0.93,0.95,0.94,35.0,119,0.2585523364257813,put,2026-10-09,SPY,762.3900146484375,2026-09-09T22:34:18.173642+00:00
675.0,1.02,1.03,0.98,88.0,993,0.25025163818359375,put,2026-10-09,SPY,762.3900146484375,2026-09-09T22:34:18.173642+00:00
680.0,1.12,1.13,1.05,146.0,857,0.24243921630859372,put,2026-10-09,SPY,762.3900146484375,2026-09-09T22:34:18.173642+00:00
685.0,1.23,1.25,1.15,19.0,169,0.2348709326171875,put,2026-10-09,SPY,762.3900146484375,2026-09-09T22:34:18.173642+00:00
690.0,1.36,1.38,1.29,20.0,248,0.22705851074218747,put,2026-10-09,SPY,762.3900146484375,2026-09-09T22:34:18.173642+00:00
695.0,1.52,1.53,1.55,428.0,1034,0.2192460888671875,put,2026-10-09,SPY,762.3900146484375,2026-09-09T22:34:18.173642+00:00
700.0,1.69,1.72,1.7,308.0,1076,0.21198297790527343,put,2026-10-09,SPY,762.3900146484375,2026-09-09T22:34:18.173642+00:00
705.0,1.91,1.93,1.89,434.0,643,0.20441469421386715,put,2026-10-09,SPY,762.3900146484375,2026-09-09T22:34:18.173642+00:00
710.0,2.17,2.18,2.19,769.0,761,0.19702951416015624,put,2026-10-09,SPY,762.3900146484375,2026-09-09T22:34:18.173642+00:00
715.0,2.47,2.49,2.5,221.0,801,0.18998002410888676,put,2026-10-09,SPY,762.3900146484375,2026-09-09T22:34:18.173642+00:00
720.0,2.84,2.86,2.86,335.0,967,0.18305260314941402,put,2026-10-09,SPY,762.3900146484375,2026-09-09T22:34:18.173642+00:00
721.0,2.92,2.94,2.76,71.0,245,0.18161829132080076,put,2026-10-09,SPY,762.3900146484375,2026-09-09T22:34:18.173642+00:00
722.0,3.0,3.02,2.97,330.0,135,0.18012294494628905,put,2026-10-09,SPY,762.3900146484375,2026-09-09T22:34:18.173642+00:00
723.0,3.09,3.11,2.95,123.0,194,0.17878018493652342,put,2026-10-09,SPY,762.3900146484375,2026-09-09T22:34:18.173642+00:00
724.0,3.18,3.2,3.22,81.0,253,0.17737639038085937,put,2026-10-09,SPY,762.3900146484375,2026-09-09T22:34:18.173642+00:00
725.0,3.28,3.3,3.3,203.0,925,0.17609466491699222,put,2026-10-09,SPY,762.3900146484375,2026-09-09T22:34:18.173642+00:00
726.0,3.37,3.4,3.33,19.0,248,0.17475190490722659,put,2026-10-09,SPY,762.3900146484375,2026-09-09T22:34:18.173642+00:00
727.0,3.48,3.5,3.33,139.0,87,0.1733481103515625,put,2026-10-09,SPY,762.3900146484375,2026-09-09T22:34:18.173642+00:00
728.0,3.58,3.61,3.47,54.0,264,0.17206638488769532,put,2026-10-09,SPY,762.3900146484375,2026-09-09T22:34:18.173642+00:00
729.0,3.69,3.72,3.71,134.0,448,0.17072362487792972,put,2026-10-09,SPY,762.3900146484375,2026-09-09T22:34:18.173642+00:00
730.0,3.81,3.83,3.83,292.0,984,0.16928931304931644,put,2026-10-09,SPY,762.3900146484375,2026-09-09T22:34:18.173642+00:00
731.0,3.93,3.95,3.78,201.0,248,0.1679465530395508,put,2026-10-09,SPY,762.3900146484375,2026-09-09T22:34:18.173642+00:00
732.0,4.05,4.07,4.07,113.0,272,0.16654275848388678,put,2026-10-09,SPY,762.3900146484375,2026-09-09T22:34:18.173642+00:00
733.0,4.18,4.2,4.24,164.0,191,0.16523051574707032,put,2026-10-09,SPY,762.3900146484375,2026-09-09T22:34:18.173642+00:00
734.0,4.31,4.34,4.37,57.0,93,0.1640098248291016,put,2026-10-09,SPY,762.3900146484375,2026-09-09T22:34:18.173642+00:00
735.0,4.45,4.47,4.43,187.0,873,0.16254499572753905,put,2026-10-09,SPY,762.3900146484375,2026-09-09T22:34:18.173642+00:00
736.0,4.59,4.62,4.54,207.0,198,0.1613243048095703,put,2026-10-09,SPY,762.3900146484375,2026-09-09T22:34:18.173642+00:00
737.0,4.74,4.77,4.79,99.0,138,0.16001206207275392,put,2026-10-09,SPY,762.3900146484375,2026-09-09T22:34:18.173642+00:00
738.0,4.89,4.92,4.91,91.0,342,0.15860826751708984,put,2026-10-09,SPY,762.3900146484375,2026-09-09T22:34:18.173642+00:00
739.0,5.06,5.08,5.1,177.0,94,0.1572655075073242,put,2026-10-09,SPY,762.3900146484375,2026-09-09T22:34:18.173642+00:00
740.0,5.22,5.25,5.16,331.0,568,0.15598378204345703,put,2026-10-09,SPY,762.3900146484375,2026-09-09T22:34:18.173642+00:00
741.0,5.38,5.45,5.34,84.0,73,0.1550377465820313,put,2026-10-09,SPY,762.3900146484375,2026-09-09T22:34:18.173642+00:00
742.0,5.56,5.63,5.4,107.0,131,0.15369498657226563,put,2026-10-09,SPY,762.3900146484375,2026-09-09T22:34:18.173642+00:00
743.0,5.74,5.81,5.83,85.0,174,0.15229119201660157,put,2026-10-09,SPY,762.3900146484375,2026-09-09T22:34:18.173642+00:00
744.0,5.94,6.01,5.99,66.0,189,0.15103998382568362,put,2026-10-09,SPY,762.3900146484375,2026-09-09T22:34:18.173642+00:00
745.0,6.14,6.21,6.2,283.0,480,0.149697223815918,put,2026-10-09,SPY,762.3900146484375,2026-09-09T22:34:18.173642+00:00
746.0,6.35,6.42,6.13,156.0,151,0.14838498107910159,put,2026-10-09,SPY,762.3900146484375,2026-09-09T22:34:18.173642+00:00
747.0,6.56,6.63,6.27,139.0,228,0.1469811865234375,put,2026-10-09,SPY,762.3900146484375,2026-09-09T22:34:18.173642+00:00
748.0,6.79,6.87,6.89,215.0,148,0.1458520474243164,put,2026-10-09,SPY,762.3900146484375,2026-09-09T22:34:18.173642+00:00
749.0,7.02,7.1,7.1,2338.0,150,0.14447877014160154,put,2026-10-09,SPY,762.3900146484375,2026-09-09T22:34:18.173642+00:00
750.0,7.26,7.35,7.43,342.0,606,0.14325807922363282,put,2026-10-09,SPY,762.3900146484375,2026-09-09T22:34:18.173642+00:00
751.0,7.52,7.61,7.91,15.0,177,0.14202212966918942,put,2026-10-09,SPY,762.3900146484375,2026-09-09T22:34:18.173642+00:00
752.0,7.78,7.87,7.82,58.0,332,0.14067936965942385,put,2026-10-09,SPY,762.3900146484375,2026-09-09T22:34:18.173642+00:00
753.0,8.05,8.15,8.09,23.0,137,0.13945867874145512,put,2026-10-09,SPY,762.3900146484375,2026-09-09T22:34:18.173642+00:00
754.0,8.34,8.43,8.23,188.0,148,0.13811591873168944,put,2026-10-09,SPY,762.3900146484375,2026-09-09T22:34:18.173642+00:00
755.0,8.63,8.73,8.8,251.0,270,0.1368799691772461,put,2026-10-09,SPY,762.3900146484375,2026-09-09T22:34:18.173642+00:00
756.0,8.94,9.04,9.07,139.0,296,0.13562876098632815,put,2026-10-09,SPY,762.3900146484375,2026-09-09T22:34:18.173642+00:00
757.0,9.26,9.36,9.36,74.0,444,0.1343775527954102,put,2026-10-09,SPY,762.3900146484375,2026-09-09T22:34:18.173642+00:00
758.0,9.59,9.69,9.7,65.0,68,0.13309582733154296,put,2026-10-09,SPY,762.3900146484375,2026-09-09T22:34:18.173642+00:00
759.0,9.93,10.03,9.7,165.0,103,0.13178358459472655,put,2026-10-09,SPY,762.3900146484375,2026-09-09T22:34:18.173642+00:00
760.0,10.29,10.39,10.37,582.0,446,0.13056289367675777,put,2026-10-09,SPY,762.3900146484375,2026-09-09T22:34:18.173642+00:00
761.0,10.68,10.77,10.75,351.0,202,0.1294032373046875,put,2026-10-09,SPY,762.3900146484375,2026-09-09T22:34:18.173642+00:00
762.0,11.06,11.17,11.17,889.0,582,0.1283351327514648,put,2026-10-09,SPY,762.3900146484375,2026-09-09T22:34:18.173642+00:00
763.0,11.46,11.57,11.7,922.0,230,0.12711444183349607,put,2026-10-09,SPY,762.3900146484375,2026-09-09T22:34:18.173642+00:00
764.0,11.88,12.0,11.8,121.0,227,0.12606159591674804,put,2026-10-09,SPY,762.3900146484375,2026-09-09T22:34:18.173642+00:00
765.0,12.32,12.43,12.55,175.0,319,0.1248561636352539,put,2026-10-09,SPY,762.3900146484375,2026-09-09T22:34:18.173642+00:00
766.0,12.77,12.89,12.59,45.0,170,0.12381857635498048,put,2026-10-09,SPY,762.3900146484375,2026-09-09T22:34:18.173642+00:00
767.0,13.24,13.36,13.39,85.0,791,0.1227199545288086,put,2026-10-09,SPY,762.3900146484375,2026-09-09T22:34:18.173642+00:00
768.0,13.67,14.06,13.88,54.0,518,0.12409323181152344,put,2026-10-09,SPY,762.3900146484375,2026-09-09T22:34:18.173642+00:00
769.0,14.03,14.6,12.5,88.0,219,0.12345236907958985,put,2026-10-09,SPY,762.3900146484375,2026-09-09T22:34:18.173642+00:00
770.0,14.71,15.14,14.4,28.0,360,0.12265891998291016,put,2026-10-09,SPY,762.3900146484375,2026-09-09T22:34:18.173642+00:00
771.0,15.21,15.66,15.39,4.0,509,0.1214382290649414,put,2026-10-09,SPY,762.3900146484375,2026-09-09T22:34:18.173642+00:00
772.0,15.78,16.24,15.94,23.0,128,0.1207668490600586,put,2026-10-09,SPY,762.3900146484375,2026-09-09T22:34:18.173642+00:00
773.0,16.22,16.82,16.43,5.0,224,0.11988184814453123,put,2026-10-09,SPY,762.3900146484375,2026-09-09T22:34:18.173642+00:00
774.0,15.8,17.44,16.97,4.0,54,0.1193020199584961,put,2026-10-09,SPY,762.3900146484375,2026-09-09T22:34:18.173642+00:00
775.0,17.58,18.06,17.9,11.0,173,0.11853908813476563,put,2026-10-09,SPY,762.3900146484375,2026-09-09T22:34:18.173642+00:00
776.0,17.06,20.06,15.49,2.0,24,0.1349268637084961,put,2026-10-09,SPY,762.3900146484375,2026-09-09T22:34:18.173642+00:00
777.0,17.73,20.86,15.26,4.0,31,0.1363459169006348,put,2026-10-09,SPY,762.3900146484375,2026-09-09T22:34:18.173642+00:00
778.0,18.41,21.54,19.6,1.0,16,0.13614755462646483,put,2026-10-09,SPY,762.3900146484375,2026-09-09T22:34:18.173642+00:00
779.0,19.12,22.24,20.96,1.0,0,0.1360407441711426,put,2026-10-09,SPY,762.3900146484375,2026-09-09T22:34:18.173642+00:00
780.0,20.91,22.96,21.8,2.0,44,0.1360560028076172,put,2026-10-09,SPY,762.3900146484375,2026-09-09T22:34:18.173642+00:00
781.0,20.58,23.7,22.09,1.0,1,0.13620858917236328,put,2026-10-09,SPY,762.3900146484375,2026-09-09T22:34:18.173642+00:00
783.0,23.15,25.23,16.76,1.0,1,0.13675790008544925,put,2026-10-09,SPY,762.3900146484375,2026-09-09T22:34:18.173642+00:00
785.0,24.7,26.84,22.32,18.0,4,0.13793281509399413,put,2026-10-09,SPY,762.3900146484375,2026-09-09T22:34:18.173642+00:00
786.0,25.57,27.66,19.96,3.0,3,0.13855841918945314,put,2026-10-09,SPY,762.3900146484375,2026-09-09T22:34:18.173642+00:00
787.0,26.4,28.5,25.66,1.0,3,0.13938238555908206,put,2026-10-09,SPY,762.3900146484375,2026-09-09T22:34:18.173642+00:00
788.0,25.86,29.35,23.27,1.0,3,0.14026738647460937,put,2026-10-09,SPY,762.3900146484375,2026-09-09T22:34:18.173642+00:00
790.0,27.61,31.1,28.34,1.0,20,0.14252566467285155,put,2026-10-09,SPY,762.3900146484375,2026-09-09T22:34:18.173642+00:00
792.0,29.41,32.89,28.38,,3,0.1451196328735352,put,2026-10-09,SPY,762.3900146484375,2026-09-09T22:34:18.173642+00:00
793.0,30.32,33.8,25.5,2.0,1,0.14655394470214844,put,2026-10-09,SPY,762.3900146484375,2026-09-09T22:34:18.173642+00:00
794.0,31.25,34.72,26.2,4.0,2,0.1480798083496094,put,2026-10-09,SPY,762.3900146484375,2026-09-09T22:34:18.173642+00:00
795.0,32.18,35.65,34.2,15.0,5,0.14975825836181644,put,2026-10-09,SPY,762.3900146484375,2026-09-09T22:34:18.173642+00:00
803.0,39.85,43.32,41.74,,0,0.1656882748413086,put,2026-10-09,SPY,762.3900146484375,2026-09-09T22:34:18.173642+00:00
804.0,40.83,44.3,40.58,1.0,2,0.16797707031250003,put,2026-10-09,SPY,762.3900146484375,2026-09-09T22:34:18.173642+00:00
806.0,42.8,46.26,44.71,,1,0.17240207489013676,put,2026-10-09,SPY,762.3900146484375,2026-09-09T22:34:18.173642+00:00
810.0,46.75,50.21,48.2,,4,0.18170984313964844,put,2026-10-09,SPY,762.3900146484375,2026-09-09T22:34:18.173642+00:00
814.0,50.71,54.18,47.81,,1,0.1911091632080078,put,2026-10-09,SPY,762.3900146484375,2026-09-09T22:34:18.173642+00:00
824.0,60.68,64.14,55.47,1.0,1,0.21460746337890624,put,2026-10-09,SPY,762.3900146484375,2026-09-09T22:34:18.173642+00:00
470.0,292.05,295.56,299.18,3.0,5,0.6547886083984377,call,2026-10-30,SPY,762.3900146484375,2026-09-09T22:34:18.173642+00:00
475.0,287.09,290.6,294.23,3.0,15,0.6451451501464844,call,2026-10-30,SPY,762.3900146484375,2026-09-09T22:34:18.173642+00:00
480.0,284.59,287.77,276.16,,1,0.7555566436767578,call,2026-10-30,SPY,762.3900146484375,2026-09-09T22:34:18.173642+00:00
490.0,272.2,275.73,274.4,1.0,70,0.6160927062988282,call,2026-10-30,SPY,762.3900146484375,2026-09-09T22:34:18.173642+00:00
500.0,262.36,265.37,263.62,2.0,0,0.584965087890625,call,2026-10-30,SPY,762.3900146484375,2026-09-09T22:34:18.173642+00:00
520.0,249.82,253.1,227.68,2.0,8,0.7963887548828125,call,2026-10-30,SPY,762.3900146484375,2026-09-09T22:34:18.173642+00:00
530.0,229.04,232.46,212.98,,2,0.33789724609375,call,2026-10-30,SPY,762.3900146484375,2026-09-09T22:34:18.173642+00:00
540.0,222.75,225.76,231.36,1.0,3,0.5127612200927734,call,2026-10-30,SPY,762.3900146484375,2026-09-09T22:34:18.173642+00:00
545.0,218.03,220.81,219.34,1.0,2,0.5091601818847658,call,2026-10-30,SPY,762.3900146484375,2026-09-09T22:34:18.173642+00:00
550.0,212.8,216.33,224.58,1.0,4,0.5040332800292968,call,2026-10-30,SPY,762.3900146484375,2026-09-09T22:34:18.173642+00:00
555.0,210.56,213.78,195.88,1.0,2,0.5833171551513672,call,2026-10-30,SPY,762.3900146484375,2026-09-09T22:34:18.173642+00:00
560.0,203.2,206.44,217.1,4.0,4,0.5483443603515626,call,2026-10-30,SPY,762.3900146484375,2026-09-09T22:34:18.173642+00:00
565.0,205.3,208.57,183.92,3.0,6,0.6694979339599609,call,2026-10-30,SPY,762.3900146484375,2026-09-09T22:34:18.173642+00:00
570.0,193.5,196.57,206.62,1283.0,1285,0.5267076138305665,call,2026-10-30,SPY,762.3900146484375,2026-09-09T22:34:18.173642+00:00
575.0,188.17,191.17,188.94,1.0,12,0.502080174560547,call,2026-10-30,SPY,762.3900146484375,2026-09-09T22:34:18.173642+00:00
580.0,183.17,186.7,197.46,176.0,178,0.5050098327636718,call,2026-10-30,SPY,762.3900146484375,2026-09-09T22:34:18.173642+00:00
585.0,178.31,181.31,181.53,1.0,6,0.48138946350097656,call,2026-10-30,SPY,762.3900146484375,2026-09-09T22:34:18.173642+00:00
590.0,173.34,176.84,181.52,2.0,33,0.4835867071533204,call,2026-10-30,SPY,762.3900146484375,2026-09-09T22:34:18.173642+00:00
595.0,168.46,171.92,170.56,2.0,320,0.47308876525878907,call,2026-10-30,SPY,762.3900146484375,2026-09-09T22:34:18.173642+00:00
600.0,163.54,166.54,174.2,1.0,24,0.4506890869140625,call,2026-10-30,SPY,762.3900146484375,2026-09-09T22:34:18.173642+00:00
605.0,158.55,162.08,162.11,2.0,9,0.45203184692382814,call,2026-10-30,SPY,762.3900146484375,2026-09-09T22:34:18.173642+00:00
610.0,153.64,157.17,166.29,3.0,40,0.44165597412109375,call,2026-10-30,SPY,762.3900146484375,2026-09-09T22:34:18.173642+00:00
615.0,148.75,152.26,154.66,2.0,4,0.43124958404541025,call,2026-10-30,SPY,762.3900146484375,2026-09-09T22:34:18.173642+00:00
620.0,143.82,147.35,145.1,3.0,24,0.42078215942382813,call,2026-10-30,SPY,762.3900146484375,2026-09-09T22:34:18.173642+00:00
625.0,141.99,145.22,138.49,2.0,0,0.4656425506591797,call,2026-10-30,SPY,762.3900146484375,2026-09-09T22:34:18.173642+00:00
630.0,134.03,137.55,144.39,1.0,12,0.40012196563720703,call,2026-10-30,SPY,762.3900146484375,2026-09-09T22:34:18.173642+00:00
635.0,129.14,132.67,133.02,1.0,132,0.3900817828369141,call,2026-10-30,SPY,762.3900146484375,2026-09-09T22:34:18.173642+00:00
640.0,124.28,127.79,129.78,3.0,87,0.3799805654907227,call,2026-10-30,SPY,762.3900146484375,2026-09-09T22:34:18.173642+00:00
641.0,126.46,129.71,117.69,3.0,3238,0.43066975585937506,call,2026-10-30,SPY,762.3900146484375,2026-09-09T22:34:18.173642+00:00
642.0,122.31,125.84,136.47,50.0,53,0.37592176818847656,call,2026-10-30,SPY,762.3900146484375,2026-09-09T22:34:18.173642+00:00
645.0,119.39,122.91,122.76,4.0,30,0.36975727905273437,call,2026-10-30,SPY,762.3900146484375,2026-09-09T22:34:18.173642+00:00
646.0,121.63,124.88,118.61,8.0,9,0.4198056066894531,call,2026-10-30,SPY,762.3900146484375,2026-09-09T22:34:18.173642+00:00
649.0,122.68,125.95,124.55,1.0,0,0.4731192825317383,call,2026-10-30,SPY,762.3900146484375,2026-09-09T22:34:18.173642+00:00
650.0,114.52,118.05,118.02,1.0,98,0.359808648071289,call,2026-10-30,SPY,762.3900146484375,2026-09-09T22:34:18.173642+00:00
651.0,0.0,0.0,120.1,1.0,0,1.0000000000000003e-05,call,2026-10-30,SPY,762.3900146484375,2026-09-09T22:34:18.173642+00:00
652.0,102.54,106.06,91.89,,2,1.0000000000000003e-05,call,2026-10-30,SPY,762.3900146484375,2026-09-09T22:34:18.173642+00:00
654.0,110.64,114.16,121.7,,4,0.3517215707397461,call,2026-10-30,SPY,762.3900146484375,2026-09-09T22:34:18.173642+00:00
655.0,110.02,112.76,121.5,1.0,67,0.3417424224853516,call,2026-10-30,SPY,762.3900146484375,2026-09-09T22:34:18.173642+00:00
656.0,108.7,112.23,111.52,153.0,23,0.3479069116210937,call,2026-10-30,SPY,762.3900146484375,2026-09-09T22:34:18.173642+00:00
658.0,0.0,0.0,99.65,2.0,0,1.0000000000000003e-05,call,2026-10-30,SPY,762.3900146484375,2026-09-09T22:34:18.173642+00:00
659.0,0.0,0.0,109.99,,0,1.0000000000000003e-05,call,2026-10-30,SPY,762.3900146484375,2026-09-09T22:34:18.173642+00:00
660.0,104.83,108.35,107.75,4.0,75,0.3398808688354492,call,2026-10-30,SPY,762.3900146484375,2026-09-09T22:34:18.173642+00:00
661.0,103.88,107.39,105.9,25.0,28,0.33801931518554684,call,2026-10-30,SPY,762.3900146484375,2026-09-09T22:34:18.173642+00:00
662.0,104.82,106.83,99.34,6.0,7,0.3430546652221679,call,2026-10-30,SPY,762.3900146484375,2026-09-09T22:34:18.173642+00:00
664.0,100.96,104.49,108.77,1.0,1,0.33209896423339846,call,2026-10-30,SPY,762.3900146484375,2026-09-09T22:34:18.173642+00:00
665.0,100.0,103.53,104.88,5.0,54,0.33020689331054687,call,2026-10-30,SPY,762.3900146484375,2026-09-09T22:34:18.173642+00:00
666.0,99.26,102.74,93.89,1.0,2,0.3311834460449219,call,2026-10-30,SPY,762.3900146484375,2026-09-09T22:34:18.173642+00:00
668.0,97.11,100.64,111.57,3.0,4,0.32434757690429683,call,2026-10-30,SPY,762.3900146484375,2026-09-09T22:34:18.173642+00:00
669.0,96.53,99.9,78.44,,1,0.32605654418945307,call,2026-10-30,SPY,762.3900146484375,2026-09-09T22:34:18.173642+00:00
670.0,95.19,98.71,96.12,1.0,25,0.32034981414794916,call,2026-10-30,SPY,762.3900146484375,2026-09-09T22:34:18.173642+00:00
671.0,97.69,100.96,81.23,1.0,0,0.36713279357910156,call,2026-10-30,SPY,762.3900146484375,2026-09-09T22:34:18.173642+00:00
672.0,93.27,96.79,108.72,1.0,4,0.31650463775634763,call,2026-10-30,SPY,762.3900146484375,2026-09-09T22:34:18.173642+00:00
673.0,92.31,95.83,97.57,2.0,29,0.3145515322875976,call,2026-10-30,SPY,762.3900146484375,2026-09-09T22:34:18.173642+00:00
674.0,98.41,101.67,98.38,1.0,3,0.408285336151123,call,2026-10-30,SPY,762.3900146484375,2026-09-09T22:34:18.173642+00:00
675.0,90.73,93.92,92.2,6.0,6,0.3107979077148437,call,2026-10-30,SPY,762.3900146484375,2026-09-09T22:34:18.173642+00:00
677.0,88.48,92.0,104.03,1.0,3,0.3068306622314453,call,2026-10-30,SPY,762.3900146484375,2026-09-09T22:34:18.173642+00:00
678.0,87.52,91.05,94.03,2.0,2,0.30499962585449214,call,2026-10-30,SPY,762.3900146484375,2026-09-09T22:34:18.173642+00:00
679.0,86.63,89.7,92.51,1.0,3,0.29694306579589835,call,2026-10-30,SPY,762.3900146484375,2026-09-09T22:34:18.173642+00:00
680.0,85.68,88.75,91.26,2.0,68,0.2951120294189453,call,2026-10-30,SPY,762.3900146484375,2026-09-09T22:34:18.173642+00:00
681.0,84.66,88.19,91.2,3.0,18,0.29929289581298824,call,2026-10-30,SPY,762.3900146484375,2026-09-09T22:34:18.173642+00:00
682.0,83.71,87.24,86.1,1.0,2,0.29743134216308587,call,2026-10-30,SPY,762.3900146484375,2026-09-09T22:34:18.173642+00:00
683.0,82.76,86.29,89.74,1.0,1,0.2955392712402344,call,2026-10-30,SPY,762.3900146484375,2026-09-09T22:34:18.173642+00:00
684.0,81.83,85.34,88.42,2.0,2,0.2936472003173828,call,2026-10-30,SPY,762.3900146484375,2026-09-09T22:34:18.173642+00:00
685.0,80.86,84.39,82.57,1.0,16,0.29172461212158196,call,2026-10-30,SPY,762.3900146484375,2026-09-09T22:34:18.173642+00:00
686.0,80.69,83.06,84.09,1.0,19,0.2841868457031249,call,2026-10-30,SPY,762.3900146484375,2026-09-09T22:34:18.173642+00:00
687.0,79.35,82.12,85.64,18.0,9,0.28244736114501956,call,2026-10-30,SPY,762.3900146484375,2026-09-09T22:34:18.173642+00:00
688.0,78.03,81.56,83.3,51.0,3096,0.28623150299072264,call,2026-10-30,SPY,762.3900146484375,2026-09-09T22:34:18.173642+00:00
689.0,77.08,80.61,82.99,50.0,3064,0.2842783975219726,call,2026-10-30,SPY,762.3900146484375,2026-09-09T22:34:18.173642+00:00
690.0,76.14,79.67,78.15,4.0,658,0.28247787841796873,call,2026-10-30,SPY,762.3900146484375,2026-09-09T22:34:18.173642+00:00
691.0,75.2,78.73,83.32,10.0,2,0.2806163247680663,call,2026-10-30,SPY,762.3900146484375,2026-09-09T22:34:18.173642+00:00
692.0,74.63,77.79,75.04,1.0,142,0.2787852883911133,call,2026-10-30,SPY,762.3900146484375,2026-09-09T22:34:18.173642+00:00
693.0,73.32,76.85,79.16,50.0,2003,0.2769237347412109,call,2026-10-30,SPY,762.3900146484375,2026-09-09T22:34:18.173642+00:00
694.0,72.38,75.91,81.76,1.0,29,0.27503166381835936,call,2026-10-30,SPY,762.3900146484375,2026-09-09T22:34:18.173642+00:00
695.0,71.45,74.97,73.31,1.0,1966,0.2731395928955078,call,2026-10-30,SPY,762.3900146484375,2026-09-09T22:34:18.173642+00:00
696.0,70.51,74.04,72.36,1.0,22,0.27138484970092774,call,2026-10-30,SPY,762.3900146484375,2026-09-09T22:34:18.173642+00:00
697.0,69.58,73.11,73.18,4.0,7,0.26959958923339844,call,2026-10-30,SPY,762.3900146484375,2026-09-09T22:34:18.173642+00:00
698.0,68.67,71.83,74.44,50.0,1238,0.26309941009521487,call,2026-10-30,SPY,762.3900146484375,2026-09-09T22:34:18.173642+00:00
699.0,67.72,71.25,80.03,15.0,47,0.2659985510253906,call,2026-10-30,SPY,762.3900146484375,2026-09-09T22:34:18.173642+00:00
700.0,66.81,70.32,69.0,1.0,1441,0.26416751464843746,call,2026-10-30,SPY,762.3900146484375,2026-09-09T22:34:18.173642+00:00
701.0,65.86,69.39,78.14,10.0,1,0.2623059609985352,call,2026-10-30,SPY,762.3900146484375,2026-09-09T22:34:18.173642+00:00
702.0,64.96,68.47,77.19,10.0,2,0.26058173507690424,call,2026-10-30,SPY,762.3900146484375,2026-09-09T22:34:18.173642+00:00
703.0,70.77,74.04,65.99,3.0,4,0.33570000244140624,call,2026-10-30,SPY,762.3900146484375,2026-09-09T22:34:18.173642+00:00
704.0,63.09,66.62,73.25,1.0,31,0.2569349209594727,call,2026-10-30,SPY,762.3900146484375,2026-09-09T22:34:18.173642+00:00
705.0,62.18,65.7,67.08,1.0,54,0.25514966049194343,call,2026-10-30,SPY,762.3900146484375,2026-09-09T22:34:18.173642+00:00
706.0,61.26,64.79,66.86,2.0,90,0.25347121047973636,call,2026-10-30,SPY,762.3900146484375,2026-09-09T22:34:18.173642+00:00
707.0,60.34,63.87,61.96,1.0,3,0.25165543273925783,call,2026-10-30,SPY,762.3900146484375,2026-09-09T22:34:18.173642+00:00
708.0,59.43,62.96,75.43,2.0,15,0.24993120681762693,call,2026-10-30,SPY,762.3900146484375,2026-09-09T22:34:18.173642+00:00
709.0,58.52,62.04,63.94,7.0,9,0.2480696531677246,call,2026-10-30,SPY,762.3900146484375,2026-09-09T22:34:18.173642+00:00
710.0,57.61,61.13,66.17,13.0,802,0.24631490997314454,call,2026-10-30,SPY,762.3900146484375,2026-09-09T22:34:18.173642+00:00
711.0,56.7,60.23,59.18,5.0,97,0.24465171859741214,call,2026-10-30,SPY,762.3900146484375,2026-09-09T22:34:18.173642+00:00
712.0,55.79,59.32,64.73,1.0,36,0.24285119949340817,call,2026-10-30,SPY,762.3900146484375,2026-09-09T22:34:18.173642+00:00
713.0,54.89,58.42,66.14,3.0,25,0.24115749084472654,call,2026-10-30,SPY,762.3900146484375,2026-09-09T22:34:18.173642+00:00
714.0,53.99,57.52,63.07,2.0,27,0.23941800628662108,call,2026-10-30,SPY,762.3900146484375,2026-09-09T22:34:18.173642+00:00
715.0,53.09,56.62,65.29,1.0,993,0.23767852172851558,call,2026-10-30,SPY,762.3900146484375,2026-09-09T22:34:18.173642+00:00
716.0,52.2,55.73,61.53,1.0,13,0.23603058898925777,call,2026-10-30,SPY,762.3900146484375,2026-09-09T22:34:18.173642+00:00
717.0,51.33,54.84,57.16,19.0,21,0.23435213897705076,call,2026-10-30,SPY,762.3900146484375,2026-09-09T22:34:18.173642+00:00
718.0,50.6,53.95,52.35,1.0,19,0.23264317169189452,call,2026-10-30,SPY,762.3900146484375,2026-09-09T22:34:18.173642+00:00
719.0,49.55,53.06,58.32,7.0,104,0.23090368713378906,call,2026-10-30,SPY,762.3900146484375,2026-09-09T22:34:18.173642+00:00
720.0,48.65,52.18,51.31,2.0,963,0.2292710130310059,call,2026-10-30,SPY,762.3900146484375,2026-09-09T22:34:18.173642+00:00
721.0,47.77,51.3,50.22,2.0,7,0.22760782165527343,call,2026-10-30,SPY,762.3900146484375,2026-09-09T22:34:18.173642+00:00
722.0,46.95,50.42,50.14,6.0,50,0.2258988543701172,call,2026-10-30,SPY,762.3900146484375,2026-09-09T22:34:18.173642+00:00
723.0,46.08,49.54,48.5,3.0,33,0.2241898870849609,call,2026-10-30,SPY,762.3900146484375,2026-09-09T22:34:18.173642+00:00
724.0,45.14,48.67,52.39,1.0,54,0.2225419543457031,call,2026-10-30,SPY,762.3900146484375,2026-09-09T22:34:18.173642+00:00
725.0,44.28,47.81,46.53,13.0,506,0.22098557342529296,call,2026-10-30,SPY,762.3900146484375,2026-09-09T22:34:18.173642+00:00
726.0,43.41,46.94,45.51,1.0,79,0.21927660614013672,call,2026-10-30,SPY,762.3900146484375,2026-09-09T22:34:18.173642+00:00
727.0,42.55,46.08,44.61,1.0,49,0.2176591906738281,call,2026-10-30,SPY,762.3900146484375,2026-09-09T22:34:18.173642+00:00
728.0,43.15,43.69,44.11,1.0,279,0.19976081008911134,call,2026-10-30,SPY,762.3900146484375,2026-09-09T22:34:18.173642+00:00
729.0,42.32,42.82,49.58,1.0,95,0.1980976187133789,call,2026-10-30,SPY,762.3900146484375,2026-09-09T22:34:18.173642+00:00
730.0,41.45,41.87,42.25,48.0,889,0.19556468505859376,call,2026-10-30,SPY,762.3900146484375,2026-09-09T22:34:18.173642+00:00
731.0,40.62,41.12,44.63,6.0,88,0.19510692596435547,call,2026-10-30,SPY,762.3900146484375,2026-09-09T22:34:18.173642+00:00
732.0,39.76,40.3,40.56,1.0,66,0.19385571777343752,call,2026-10-30,SPY,762.3900146484375,2026-09-09T22:34:18.173642+00:00
733.0,38.95,39.45,44.53,3.0,72,0.19226881958007813,call,2026-10-30,SPY,762.3900146484375,2026-09-09T22:34:18.173642+00:00
734.0,38.12,38.61,44.48,15.0,42,0.1907429559326172,call,2026-10-30,SPY,762.3900146484375,2026-09-09T22:34:18.173642+00:00
735.0,37.29,37.79,43.51,1.0,212,0.18936967864990234,call,2026-10-30,SPY,762.3900146484375,2026-09-09T22:34:18.173642+00:00
736.0,36.47,36.98,37.41,24.0,56,0.18807269454956055,call,2026-10-30,SPY,762.3900146484375,2026-09-09T22:34:18.173642+00:00
737.0,35.62,37.19,36.21,4.0,100,0.1968158932495117,call,2026-10-30,SPY,762.3900146484375,2026-09-09T22:34:18.173642+00:00
738.0,34.83,35.35,38.86,1.0,142,0.18521932952880854,call,2026-10-30,SPY,762.3900146484375,2026-09-09T22:34:18.173642+00:00
739.0,34.02,34.54,34.55,4.0,203,0.18378501770019529,call,2026-10-30,SPY,762.3900146484375,2026-09-09T22:34:18.173642+00:00
740.0,33.28,33.63,33.69,8.0,1829,0.18134363586425778,call,2026-10-30,SPY,762.3900146484375,2026-09-09T22:34:18.173642+00:00
741.0,32.42,32.96,33.8,1.0,166,0.18116053222656248,call,2026-10-30,SPY,762.3900146484375,2026-09-09T22:34:18.173642+00:00
742.0,31.62,32.17,32.12,1.0,370,0.17978725494384767,call,2026-10-30,SPY,762.3900146484375,2026-09-09T22:34:18.173642+00:00
743.0,30.85,31.39,30.8,3.0,1064,0.17844449493408204,call,2026-10-30,SPY,762.3900146484375,2026-09-09T22:34:18.173642+00:00
744.0,30.06,30.59,29.8,30.0,249,0.17685759674072266,call,2026-10-30,SPY,762.3900146484375,2026-09-09T22:34:18.173642+00:00
745.0,29.29,29.84,30.11,7.0,990,0.17571319900512694,call,2026-10-30,SPY,762.3900146484375,2026-09-09T22:34:18.173642+00:00
746.0,28.54,29.06,37.08,1.0,287,0.17421785263061523,call,2026-10-30,SPY,762.3900146484375,2026-09-09T22:34:18.173642+00:00
747.0,27.78,28.29,28.1,2.0,176,0.17276828216552736,call,2026-10-30,SPY,762.3900146484375,2026-09-09T22:34:18.173642+00:00
748.0,27.02,27.56,26.82,13.0,35,0.17163914306640626,call,2026-10-30,SPY,762.3900146484375,2026-09-09T22:34:18.173642+00:00
749.0,26.27,26.82,29.81,79.0,374,0.17035741760253909,call,2026-10-30,SPY,762.3900146484375,2026-09-09T22:34:18.173642+00:00
750.0,25.61,26.07,25.9,48.0,2691,0.16892310577392583,call,2026-10-30,SPY,762.3900146484375,2026-09-09T22:34:18.173642+00:00
751.0,24.81,25.35,25.27,20.0,112,0.16770241485595705,call,2026-10-30,SPY,762.3900146484375,2026-09-09T22:34:18.173642+00:00
752.0,24.1,24.63,24.13,6.0,181,0.16642068939208987,call,2026-10-30,SPY,762.3900146484375,2026-09-09T22:34:18.173642+00:00
753.0,23.38,23.9,22.73,1.0,14,0.16498637756347656,call,2026-10-30,SPY,762.3900146484375,2026-09-09T22:34:18.173642+00:00
754.0,22.68,23.07,22.91,1.0,150,0.1626060302734375,call,2026-10-30,SPY,762.3900146484375,2026-09-09T22:34:18.173642+00:00
755.0,22.04,22.37,22.07,60.0,660,0.1613243048095703,call,2026-10-30,SPY,762.3900146484375,2026-09-09T22:34:18.173642+00:00
756.0,21.29,21.68,21.37,2.0,40,0.16007309661865232,call,2026-10-30,SPY,762.3900146484375,2026-09-09T22:34:18.173642+00:00
757.0,20.63,21.15,21.0,3.0,166,0.1601493898010254,call,2026-10-30,SPY,762.3900146484375,2026-09-09T22:34:18.173642+00:00
758.0,19.95,20.46,20.26,2.0,49,0.15874559524536136,call,2026-10-30,SPY,762.3900146484375,2026-09-09T22:34:18.173642+00:00
759.0,19.29,19.8,18.77,3.0,86,0.1575401629638672,call,2026-10-30,SPY,762.3900146484375,2026-09-09T22:34:18.173642+00:00
760.0,18.86,19.01,18.63,78.0,3530,0.1551292984008789,call,2026-10-30,SPY,762.3900146484375,2026-09-09T22:34:18.173642+00:00
761.0,18.0,18.51,18.23,15.0,239,0.15517507431030275,call,2026-10-30,SPY,762.3900146484375,2026-09-09T22:34:18.173642+00:00
762.0,17.59,17.68,17.48,31.0,182,0.15227593338012696,call,2026-10-30,SPY,762.3900146484375,2026-09-09T22:34:18.173642+00:00
763.0,16.97,17.06,16.87,147.0,21,0.1511162770080567,call,2026-10-30,SPY,762.3900146484375,2026-09-09T22:34:18.173642+00:00
764.0,16.35,16.45,16.22,30.0,174,0.14997187927246097,call,2026-10-30,SPY,762.3900146484375,2026-09-09T22:34:18.173642+00:00
765.0,15.76,15.85,15.66,69.0,1089,0.14884274017333982,call,2026-10-30,SPY,762.3900146484375,2026-09-09T22:34:18.173642+00:00
766.0,15.17,15.26,15.26,41.0,452,0.14769834243774416,call,2026-10-30,SPY,762.3900146484375,2026-09-09T22:34:18.173642+00:00
767.0,14.59,14.69,14.65,17.0,1183,0.14666075515747068,call,2026-10-30,SPY,762.3900146484375,2026-09-09T22:34:18.173642+00:00
768.0,14.03,14.12,13.52,21.0,665,0.14553161605834958,call,2026-10-30,SPY,762.3900146484375,2026-09-09T22:34:18.173642+00:00
769.0,13.48,13.57,13.53,22.0,280,0.14449402877807616,call,2026-10-30,SPY,762.3900146484375,2026-09-09T22:34:18.173642+00:00
770.0,12.94,13.03,12.87,280.0,3861,0.14345644149780273,call,2026-10-30,SPY,762.3900146484375,2026-09-09T22:34:18.173642+00:00
771.0,12.4,12.5,12.63,1.0,253,0.1424035955810547,call,2026-10-30,SPY,762.3900146484375,2026-09-09T22:34:18.173642+00:00
772.0,11.89,11.98,12.12,5.0,196,0.14136600830078128,call,2026-10-30,SPY,762.3900146484375,2026-09-09T22:34:18.173642+00:00
773.0,11.39,11.48,11.37,21.0,319,0.14038945556640625,call,2026-10-30,SPY,762.3900146484375,2026-09-09T22:34:18.173642+00:00
774.0,10.9,10.99,10.95,15.0,460,0.1394281614685059,call,2026-10-30,SPY,762.3900146484375,2026-09-09T22:34:18.173642+00:00
775.0,10.42,10.51,10.5,545.0,5308,0.13845160873413087,call,2026-10-30,SPY,762.3900146484375,2026-09-09T22:34:18.173642+00:00
776.0,9.96,10.04,9.96,810.0,264,0.1374750559997559,call,2026-10-30,SPY,762.3900146484375,2026-09-09T22:34:18.173642+00:00
777.0,9.5,9.59,9.74,448.0,340,0.13657479644775394,call,2026-10-30,SPY,762.3900146484375,2026-09-09T22:34:18.173642+00:00
778.0,9.07,9.15,9.0,6.0,899,0.13565927825927737,call,2026-10-30,SPY,762.3900146484375,2026-09-09T22:34:18.173642+00:00
779.0,8.64,8.73,8.66,23.0,336,0.13483531188964848,call,2026-10-30,SPY,762.3900146484375,2026-09-09T22:34:18.173642+00:00
780.0,8.23,8.32,8.3,133.0,6907,0.13399608688354492,call,2026-10-30,SPY,762.3900146484375,2026-09-09T22:34:18.173642+00:00
781.0,7.83,7.92,7.86,5.0,645,0.1331568618774414,call,2026-10-30,SPY,762.3900146484375,2026-09-09T22:34:18.173642+00:00
782.0,7.45,7.53,7.6,12.0,410,0.1323023782348633,call,2026-10-30,SPY,762.3900146484375,2026-09-09T22:34:18.173642+00:00
783.0,7.08,7.16,7.04,14.0,21180,0.1315394464111328,call,2026-10-30,SPY,762.3900146484375,2026-09-09T22:34:18.173642+00:00
784.0,6.72,6.8,6.75,30.0,97,0.1307459973144531,call,2026-10-30,SPY,762.3900146484375,2026-09-09T22:34:18.173642+00:00
785.0,6.38,6.46,6.43,39.0,7002,0.1300746173095703,call,2026-10-30,SPY,762.3900146484375,2026-09-09T22:34:18.173642+00:00
786.0,6.05,6.13,6.28,23.0,217,0.12937272003173828,call,2026-10-30,SPY,762.3900146484375,2026-09-09T22:34:18.173642+00:00
787.0,5.73,5.81,5.82,11.0,125,0.12867082275390623,call,2026-10-30,SPY,762.3900146484375,2026-09-09T22:34:18.173642+00:00
788.0,5.43,5.5,5.49,19.0,264,0.1279689254760742,call,2026-10-30,SPY,762.3900146484375,2026-09-09T22:34:18.173642+00:00
789.0,5.13,5.21,5.11,10.0,288,0.12737383865356444,call,2026-10-30,SPY,762.3900146484375,2026-09-09T22:34:18.173642+00:00
790.0,4.86,4.89,4.93,40.0,6156,0.1263209927368164,call,2026-10-30,SPY,762.3900146484375,2026-09-09T22:34:18.173642+00:00
791.0,4.6,4.62,4.63,17.0,47,0.12571064727783204,call,2026-10-30,SPY,762.3900146484375,2026-09-09T22:34:18.173642+00:00
792.0,4.34,4.37,4.41,19.0,54,0.12522237091064453,call,2026-10-30,SPY,762.3900146484375,2026-09-09T22:34:18.173642+00:00
793.0,4.09,4.12,4.27,12.0,292,0.12461202545166015,call,2026-10-30,SPY,762.3900146484375,2026-09-09T22:34:18.173642+00:00
794.0,3.86,3.89,3.97,4.0,185,0.12412374908447266,call,2026-10-30,SPY,762.3900146484375,2026-09-09T22:34:18.173642+00:00
795.0,3.64,3.67,3.68,19.0,836,0.12366598999023437,call,2026-10-30,SPY,762.3900146484375,2026-09-09T22:34:18.173642+00:00
796.0,3.43,3.45,3.52,13.0,144,0.12305564453125001,call,2026-10-30,SPY,762.3900146484375,2026-09-09T22:34:18.173642+00:00
797.0,3.22,3.25,3.32,18.0,1728,0.12262840270996095,call,2026-10-30,SPY,762.3900146484375,2026-09-09T22:34:18.173642+00:00
798.0,3.03,3.06,3.08,5.0,205,0.12220116088867189,call,2026-10-30,SPY,762.3900146484375,2026-09-09T22:34:18.173642+00:00
799.0,2.85,2.88,2.85,43.0,528,0.12180443634033203,call,2026-10-30,SPY,762.3900146484375,2026-09-09T22:34:18.173642+00:00
800.0,2.68,2.7,2.71,501.0,15951,0.12131615997314452,call,2026-10-30,SPY,762.3900146484375,2026-09-09T22:34:18.173642+00:00
801.0,2.51,2.54,2.53,8.0,820,0.12098046997070314,call,2026-10-30,SPY,762.3900146484375,2026-09-09T22:34:18.173642+00:00
802.0,2.36,2.38,2.44,35.0,558,0.12052271087646485,call,2026-10-30,SPY,762.3900146484375,2026-09-09T22:34:18.173642+00:00
803.0,2.21,2.24,2.28,5.0,2300,0.1203090899658203,call,2026-10-30,SPY,762.3900146484375,2026-09-09T22:34:18.173642+00:00
804.0,2.07,2.1,2.14,37.0,780,0.11994288269042967,call,2026-10-30,SPY,762.3900146484375,2026-09-09T22:34:18.173642+00:00
805.0,1.94,1.97,1.97,40.0,972,0.11963770996093749,call,2026-10-30,SPY,762.3900146484375,2026-09-09T22:34:18.173642+00:00
806.0,1.82,1.84,1.88,2.0,371,0.11924098541259764,call,2026-10-30,SPY,762.3900146484375,2026-09-09T22:34:18.173642+00:00
807.0,1.7,1.73,1.79,2.0,699,0.11908839904785155,call,2026-10-30,SPY,762.3900146484375,2026-09-09T22:34:18.173642+00:00
808.0,1.59,1.62,1.62,9.0,973,0.1188442608642578,call,2026-10-30,SPY,762.3900146484375,2026-09-09T22:34:18.173642+00:00
809.0,1.49,1.51,1.58,5.0,542,0.11844753631591798,call,2026-10-30,SPY,762.3900146484375,2026-09-09T22:34:18.173642+00:00
810.0,1.4,1.42,1.4,96.0,3106,0.11838650177001953,call,2026-10-30,SPY,762.3900146484375,2026-09-09T22:34:18.173642+00:00
811.0,1.31,1.33,1.36,27.0,449,0.11820339813232422,call,2026-10-30,SPY,762.3900146484375,2026-09-09T22:34:18.173642+00:00
812.0,1.22,1.24,1.3,12.0,114,0.11792874267578124,call,2026-10-30,SPY,762.3900146484375,2026-09-09T22:34:18.173642+00:00
813.0,1.14,1.16,1.16,12.0,55,0.11774563903808594,call,2026-10-30,SPY,762.3900146484375,2026-09-09T22:34:18.173642+00:00
814.0,1.06,1.09,1.12,30.0,198,0.11774563903808594,call,2026-10-30,SPY,762.3900146484375,2026-09-09T22:34:18.173642+00:00
815.0,0.99,1.02,1.0,28.0,2478,0.11762356994628906,call,2026-10-30,SPY,762.3900146484375,2026-09-09T22:34:18.173642+00:00
816.0,0.93,0.95,0.95,635.0,353,0.11740994903564453,call,2026-10-30,SPY,762.3900146484375,2026-09-09T22:34:18.173642+00:00
817.0,0.87,0.89,0.87,7.0,1259,0.11737943176269532,call,2026-10-30,SPY,762.3900146484375,2026-09-09T22:34:18.173642+00:00
818.0,0.81,0.84,1.11,2.0,626,0.1175015008544922,call,2026-10-30,SPY,762.3900146484375,2026-09-09T22:34:18.173642+00:00
819.0,0.76,0.79,0.81,2.0,153,0.11756253540039063,call,2026-10-30,SPY,762.3900146484375,2026-09-09T22:34:18.173642+00:00
820.0,0.71,0.74,0.72,125.0,1237,0.11756253540039063,call,2026-10-30,SPY,762.3900146484375,2026-09-09T22:34:18.173642+00:00
821.0,0.67,0.69,0.69,4.0,1995,0.11744046630859376,call,2026-10-30,SPY,762.3900146484375,2026-09-09T22:34:18.173642+00:00
822.0,0.63,0.65,0.63,10.0,805,0.11762356994628906,call,2026-10-30,SPY,762.3900146484375,2026-09-09T22:34:18.173642+00:00
823.0,0.59,0.61,0.6,4.0,52,0.1176846044921875,call,2026-10-30,SPY,762.3900146484375,2026-09-09T22:34:18.173642+00:00
824.0,0.55,0.57,0.59,1.0,786,0.1176846044921875,call,2026-10-30,SPY,762.3900146484375,2026-09-09T22:34:18.173642+00:00
825.0,0.52,0.54,0.54,14.0,863,0.11792874267578124,call,2026-10-30,SPY,762.3900146484375,2026-09-09T22:34:18.173642+00:00
826.0,0.49,0.51,0.66,3.0,32,0.118172880859375,call,2026-10-30,SPY,762.3900146484375,2026-09-09T22:34:18.173642+00:00
827.0,0.46,0.48,0.5,162.0,571,0.11829494995117187,call,2026-10-30,SPY,762.3900146484375,2026-09-09T22:34:18.173642+00:00
828.0,0.43,0.45,0.57,10.0,36,0.11841701904296875,call,2026-10-30,SPY,762.3900146484375,2026-09-09T22:34:18.173642+00:00
829.0,0.41,0.43,1.02,1.0,66,0.11890529541015624,call,2026-10-30,SPY,762.3900146484375,2026-09-09T22:34:18.173642+00:00
830.0,0.39,0.4,0.41,70.0,9977,0.11878322631835936,call,2026-10-30,SPY,762.3900146484375,2026-09-09T22:34:18.173642+00:00
831.0,0.37,0.38,0.48,10.0,32,0.11914943359374999,call,2026-10-30,SPY,762.3900146484375,2026-09-09T22:34:18.173642+00:00
832.0,0.35,0.36,0.45,12.0,392,0.11945460632324219,call,2026-10-30,SPY,762.3900146484375,2026-09-09T22:34:18.173642+00:00
833.0,0.33,0.34,0.34,5.0,101,0.11963770996093749,call,2026-10-30,SPY,762.3900146484375,2026-09-09T22:34:18.173642+00:00
834.0,0.31,0.32,0.33,21.0,111,0.11988184814453123,call,2026-10-30,SPY,762.3900146484375,2026-09-09T22:34:18.173642+00:00
835.0,0.29,0.31,0.3,44.0,416,0.1206142626953125,call,2026-10-30,SPY,762.3900146484375,2026-09-09T22:34:18.173642+00:00
840.0,0.23,0.24,0.24,6.0,809,0.12232322998046877,call,2026-10-30,SPY,762.3900146484375,2026-09-09T22:34:18.173642+00:00
845.0,0.18,0.19,0.19,4.0,494,0.1245204736328125,call,2026-10-30,SPY,762.3900146484375,2026-09-09T22:34:18.173642+00:00
850.0,0.15,0.16,0.15,32.0,2070,0.12757220092773439,call,2026-10-30,SPY,762.3900146484375,2026-09-09T22:34:18.173642+00:00
855.0,0.12,0.13,0.13,1.0,960,0.129891513671875,call,2026-10-30,SPY,762.3900146484375,2026-09-09T22:34:18.173642+00:00
860.0,0.1,0.11,0.1,1.0,1598,0.132821171875,call,2026-10-30,SPY,762.3900146484375,2026-09-09T22:34:18.173642+00:00
865.0,0.08,0.09,0.11,6.0,848,0.13526255371093754,call,2026-10-30,SPY,762.3900146484375,2026-09-09T22:34:18.173642+00:00
870.0,0.07,0.08,0.1,22.0,519,0.13868048828125001,call,2026-10-30,SPY,762.3900146484375,2026-09-09T22:34:18.173642+00:00
875.0,0.06,0.07,0.07,10.0,376,0.1420984228515625,call,2026-10-30,SPY,762.3900146484375,2026-09-09T22:34:18.173642+00:00
880.0,0.05,0.06,0.08,1.0,511,0.1445398046875,call,2026-10-30,SPY,762.3900146484375,2026-09-09T22:34:18.173642+00:00
885.0,0.04,0.06,0.05,24.0,270,0.14991084472656252,call,2026-10-30,SPY,762.3900146484375,2026-09-09T22:34:18.173642+00:00
890.0,0.04,0.05,0.05,24.0,265,0.1518639501953125,call,2026-10-30,SPY,762.3900146484375,2026-09-09T22:34:18.173642+00:00
895.0,0.03,0.04,0.04,48.0,87,0.15332877929687502,call,2026-10-30,SPY,762.3900146484375,2026-09-09T22:34:18.173642+00:00
900.0,0.03,0.04,0.03,7.0,1512,0.15821154296875,call,2026-10-30,SPY,762.3900146484375,2026-09-09T22:34:18.173642+00:00
470.0,0.18,0.19,0.18,3.0,76187,0.500005,put,2026-10-30,SPY,762.3900146484375,2026-09-09T22:34:18.173642+00:00
475.0,0.2,0.21,0.22,3.0,124,0.49707534179687507,put,2026-10-30,SPY,762.3900146484375,2026-09-09T22:34:18.173642+00:00
480.0,0.21,0.22,0.21,1.0,421,0.4892629199218751,put,2026-10-30,SPY,762.3900146484375,2026-09-09T22:34:18.173642+00:00
485.0,0.22,0.23,0.3,6.0,45,0.4819387744140625,put,2026-10-30,SPY,762.3900146484375,2026-09-09T22:34:18.173642+00:00
490.0,0.24,0.25,0.21,30.0,234,0.476567734375,put,2026-10-30,SPY,762.3900146484375,2026-09-09T22:34:18.173642+00:00
495.0,0.25,0.26,0.24,1.0,206,0.4687553125,put,2026-10-30,SPY,762.3900146484375,2026-09-09T22:34:18.173642+00:00
500.0,0.27,0.28,0.26,7.0,1109,0.46289599609375004,put,2026-10-30,SPY,762.3900146484375,2026-09-09T22:34:18.173642+00:00
505.0,0.28,0.29,0.26,18.0,194,0.45508357421875,put,2026-10-30,SPY,762.3900146484375,2026-09-09T22:34:18.173642+00:00
510.0,0.3,0.31,0.3,2.0,633,0.44873598144531246,put,2026-10-30,SPY,762.3900146484375,2026-09-09T22:34:18.173642+00:00
515.0,0.32,0.33,0.31,6.0,410,0.442388388671875,put,2026-10-30,SPY,762.3900146484375,2026-09-09T22:34:18.173642+00:00
520.0,0.33,0.35,0.33,10.0,427,0.43579665771484377,put,2026-10-30,SPY,762.3900146484375,2026-09-09T22:34:18.173642+00:00
525.0,0.35,0.36,0.34,206.0,509,0.4274959594726563,put,2026-10-30,SPY,762.3900146484375,2026-09-09T22:34:18.173642+00:00
530.0,0.37,0.39,0.38,3.0,598,0.42212491943359376,put,2026-10-30,SPY,762.3900146484375,2026-09-09T22:34:18.173642+00:00
535.0,0.4,0.41,0.4,2.0,320,0.415044912109375,put,2026-10-30,SPY,762.3900146484375,2026-09-09T22:34:18.173642+00:00
540.0,0.42,0.43,0.4,6.0,844,0.40796490478515623,put,2026-10-30,SPY,762.3900146484375,2026-09-09T22:34:18.173642+00:00
545.0,0.44,0.45,0.43,1.0,387,0.4008848974609375,put,2026-10-30,SPY,762.3900146484375,2026-09-09T22:34:18.173642+00:00
550.0,0.47,0.48,0.46,22.0,721,0.39453730468750003,put,2026-10-30,SPY,762.3900146484375,2026-09-09T22:34:18.173642+00:00
555.0,0.5,0.51,0.51,1.0,448,0.3881897119140625,put,2026-10-30,SPY,762.3900146484375,2026-09-09T22:34:18.173642+00:00
560.0,0.52,0.54,0.46,2.0,328,0.3815979809570312,put,2026-10-30,SPY,762.3900146484375,2026-09-09T22:34:18.173642+00:00
565.0,0.56,0.57,0.5,4.0,210,0.37476211181640623,put,2026-10-30,SPY,762.3900146484375,2026-09-09T22:34:18.173642+00:00
570.0,0.59,0.6,0.51,15.0,150723,0.3679262426757813,put,2026-10-30,SPY,762.3900146484375,2026-09-09T22:34:18.173642+00:00
575.0,0.62,0.63,0.56,3.0,1042,0.36084623535156246,put,2026-10-30,SPY,762.3900146484375,2026-09-09T22:34:18.173642+00:00
580.0,0.66,0.67,0.66,1.0,3666,0.3544986425781249,put,2026-10-30,SPY,762.3900146484375,2026-09-09T22:34:18.173642+00:00
585.0,0.7,0.71,0.62,1.0,291,0.3479069116210937,put,2026-10-30,SPY,762.3900146484375,2026-09-09T22:34:18.173642+00:00
590.0,0.74,0.75,0.69,3.0,621,0.3411931115722656,put,2026-10-30,SPY,762.3900146484375,2026-09-09T22:34:18.173642+00:00
595.0,0.79,0.8,0.68,19.0,21046,0.33484551879882807,put,2026-10-30,SPY,762.3900146484375,2026-09-09T22:34:18.173642+00:00
600.0,0.83,0.85,0.84,112.0,20906,0.3283758569335937,put,2026-10-30,SPY,762.3900146484375,2026-09-09T22:34:18.173642+00:00
605.0,0.88,0.9,0.89,7.0,647,0.32166205688476557,put,2026-10-30,SPY,762.3900146484375,2026-09-09T22:34:18.173642+00:00
610.0,0.94,0.95,0.9,71.0,645,0.31482618774414056,put,2026-10-30,SPY,762.3900146484375,2026-09-09T22:34:18.173642+00:00
615.0,1.0,1.01,1.0,7.0,631,0.3083565258789062,put,2026-10-30,SPY,762.3900146484375,2026-09-09T22:34:18.173642+00:00
620.0,1.06,1.08,1.05,66.0,1886,0.3020089331054688,put,2026-10-30,SPY,762.3900146484375,2026-09-09T22:34:18.173642+00:00
625.0,1.13,1.15,1.08,10.0,813,0.2955392712402344,put,2026-10-30,SPY,762.3900146484375,2026-09-09T22:34:18.173642+00:00
630.0,1.2,1.22,1.16,12.0,1670,0.28882547119140617,put,2026-10-30,SPY,762.3900146484375,2026-09-09T22:34:18.173642+00:00
635.0,1.29,1.3,1.29,6.0,667,0.282233740234375,put,2026-10-30,SPY,762.3900146484375,2026-09-09T22:34:18.173642+00:00
640.0,1.37,1.39,1.35,7.0,394,0.2757640783691406,put,2026-10-30,SPY,762.3900146484375,2026-09-09T22:34:18.173642+00:00
641.0,1.39,1.41,1.14,3.0,268,0.2745433874511719,put,2026-10-30,SPY,762.3900146484375,2026-09-09T22:34:18.173642+00:00
642.0,1.41,1.43,1.2,1.0,130,0.2732616619873046,put,2026-10-30,SPY,762.3900146484375,2026-09-09T22:34:18.173642+00:00
643.0,1.43,1.45,1.15,1.0,356,0.27197993652343744,put,2026-10-30,SPY,762.3900146484375,2026-09-09T22:34:18.173642+00:00
644.0,1.45,1.47,1.21,1.0,391,0.27075924560546877,put,2026-10-30,SPY,762.3900146484375,2026-09-09T22:34:18.173642+00:00
645.0,1.47,1.49,1.24,7.0,320,0.2694164855957031,put,2026-10-30,SPY,762.3900146484375,2026-09-09T22:34:18.173642+00:00
646.0,1.49,1.51,1.21,2.0,141,0.2681347601318359,put,2026-10-30,SPY,762.3900146484375,2026-09-09T22:34:18.173642+00:00
647.0,1.51,1.53,1.28,2.0,49,0.2667920001220704,put,2026-10-30,SPY,762.3900146484375,2026-09-09T22:34:18.173642+00:00
648.0,1.53,1.55,1.45,27.0,402,0.26544924011230464,put,2026-10-30,SPY,762.3900146484375,2026-09-09T22:34:18.173642+00:00
649.0,1.55,1.58,1.63,139.0,155,0.2644726873779296,put,2026-10-30,SPY,762.3900146484375,2026-09-09T22:34:18.173642+00:00
650.0,1.58,1.6,1.51,16.0,15107,0.2631299273681641,put,2026-10-30,SPY,762.3900146484375,2026-09-09T22:34:18.173642+00:00
651.0,1.6,1.62,2.06,4.0,58,0.2617261328125,put,2026-10-30,SPY,762.3900146484375,2026-09-09T22:34:18.173642+00:00
652.0,1.62,1.64,1.42,1.0,315,0.2603833728027344,put,2026-10-30,SPY,762.3900146484375,2026-09-09T22:34:18.173642+00:00
653.0,1.64,1.67,1.59,3.0,430,0.25928475097656256,put,2026-10-30,SPY,762.3900146484375,2026-09-09T22:34:18.173642+00:00
654.0,1.67,1.69,1.62,1.0,98,0.2578809564208985,put,2026-10-30,SPY,762.3900146484375,2026-09-09T22:34:18.173642+00:00
655.0,1.7,1.71,1.63,19.0,150,0.2564771618652344,put,2026-10-30,SPY,762.3900146484375,2026-09-09T22:34:18.173642+00:00
656.0,1.72,1.74,1.71,1.0,183,0.2553785400390626,put,2026-10-30,SPY,762.3900146484375,2026-09-09T22:34:18.173642+00:00
657.0,1.74,1.77,1.8,10.0,417,0.2542188836669922,put,2026-10-30,SPY,762.3900146484375,2026-09-09T22:34:18.173642+00:00
658.0,1.77,1.79,1.7,1.0,79,0.25275405456542965,put,2026-10-30,SPY,762.3900146484375,2026-09-09T22:34:18.173642+00:00
659.0,1.79,1.82,1.58,8.0,59,0.2515943981933594,put,2026-10-30,SPY,762.3900146484375,2026-09-09T22:34:18.173642+00:00
660.0,1.82,1.84,1.73,33.0,623,0.25012956909179684,put,2026-10-30,SPY,762.3900146484375,2026-09-09T22:34:18.173642+00:00
661.0,1.85,1.87,1.57,5.0,69,0.24893939544677735,put,2026-10-30,SPY,762.3900146484375,2026-09-09T22:34:18.173642+00:00
662.0,1.88,1.9,1.58,10.0,824,0.2477492218017578,put,2026-10-30,SPY,762.3900146484375,2026-09-09T22:34:18.173642+00:00
663.0,1.91,1.93,1.93,1.0,43,0.24652853088378907,put,2026-10-30,SPY,762.3900146484375,2026-09-09T22:34:18.173642+00:00
664.0,1.93,1.96,1.53,26.0,831,0.2452468054199219,put,2026-10-30,SPY,762.3900146484375,2026-09-09T22:34:18.173642+00:00
665.0,1.96,1.99,1.96,2.0,228,0.24399559722900394,put,2026-10-30,SPY,762.3900146484375,2026-09-09T22:34:18.173642+00:00
666.0,1.99,2.02,1.97,13.0,42,0.24274438903808593,put,2026-10-30,SPY,762.3900146484375,2026-09-09T22:34:18.173642+00:00
667.0,2.03,2.05,1.58,2.0,47,0.2414016290283203,put,2026-10-30,SPY,762.3900146484375,2026-09-09T22:34:18.173642+00:00
668.0,2.06,2.08,2.24,1.0,51,0.2401199035644531,put,2026-10-30,SPY,762.3900146484375,2026-09-09T22:34:18.173642+00:00
669.0,2.09,2.11,2.69,1.0,48,0.2387771435546875,put,2026-10-30,SPY,762.3900146484375,2026-09-09T22:34:18.173642+00:00
670.0,2.12,2.15,2.05,2.0,75855,0.237739556274414,put,2026-10-30,SPY,762.3900146484375,2026-09-09T22:34:18.173642+00:00
671.0,2.16,2.18,2.09,6.0,72,0.23633576171874998,put,2026-10-30,SPY,762.3900146484375,2026-09-09T22:34:18.173642+00:00
672.0,2.19,2.21,1.84,1.0,37,0.23499300170898438,put,2026-10-30,SPY,762.3900146484375,2026-09-09T22:34:18.173642+00:00
673.0,2.23,2.25,2.13,1.0,319,0.23383334533691402,put,2026-10-30,SPY,762.3900146484375,2026-09-09T22:34:18.173642+00:00
674.0,2.26,2.29,1.88,3.0,185,0.23267368896484375,put,2026-10-30,SPY,762.3900146484375,2026-09-09T22:34:18.173642+00:00
675.0,2.3,2.32,2.24,3.0,851,0.2312698944091797,put,2026-10-30,SPY,762.3900146484375,2026-09-09T22:34:18.173642+00:00
676.0,2.33,2.36,1.98,1.0,79,0.23007972076416017,put,2026-10-30,SPY,762.3900146484375,2026-09-09T22:34:18.173642+00:00
677.0,2.37,2.4,1.97,2.0,165,0.22885902984619144,put,2026-10-30,SPY,762.3900146484375,2026-09-09T22:34:18.173642+00:00
678.0,2.41,2.44,2.39,1.0,285,0.22760782165527343,put,2026-10-30,SPY,762.3900146484375,2026-09-09T22:34:18.173642+00:00
679.0,2.46,2.48,2.06,1.0,219,0.22638713073730468,put,2026-10-30,SPY,762.3900146484375,2026-09-09T22:34:18.173642+00:00
680.0,2.5,2.52,2.5,48.0,1265,0.22510540527343748,put,2026-10-30,SPY,762.3900146484375,2026-09-09T22:34:18.173642+00:00
681.0,2.54,2.56,2.17,1.0,274,0.22382367980957027,put,2026-10-30,SPY,762.3900146484375,2026-09-09T22:34:18.173642+00:00
682.0,2.58,2.6,2.55,3.0,172,0.22248091979980467,put,2026-10-30,SPY,762.3900146484375,2026-09-09T22:34:18.173642+00:00
683.0,2.63,2.65,2.65,1.0,1706,0.2213822979736328,put,2026-10-30,SPY,762.3900146484375,2026-09-09T22:34:18.173642+00:00
684.0,2.67,2.69,2.7,25.0,513,0.22003953796386716,put,2026-10-30,SPY,762.3900146484375,2026-09-09T22:34:18.173642+00:00
685.0,2.72,2.74,2.71,125.0,1313,0.21887988159179686,put,2026-10-30,SPY,762.3900146484375,2026-09-09T22:34:18.173642+00:00
686.0,2.76,2.79,2.49,2.0,302,0.21772022521972656,put,2026-10-30,SPY,762.3900146484375,2026-09-09T22:34:18.173642+00:00
687.0,2.81,2.83,2.7,2.0,131,0.21628591339111325,put,2026-10-30,SPY,762.3900146484375,2026-09-09T22:34:18.173642+00:00
688.0,2.86,2.88,2.88,3.0,3084,0.21506522247314452,put,2026-10-30,SPY,762.3900146484375,2026-09-09T22:34:18.173642+00:00
689.0,2.91,2.93,2.99,1.0,2886,0.21381401428222657,put,2026-10-30,SPY,762.3900146484375,2026-09-09T22:34:18.173642+00:00
690.0,2.96,2.99,3.01,56.0,3473,0.21277642700195312,put,2026-10-30,SPY,762.3900146484375,2026-09-09T22:34:18.173642+00:00
691.0,3.02,3.04,2.93,7.0,144,0.2114641842651367,put,2026-10-30,SPY,762.3900146484375,2026-09-09T22:34:18.173642+00:00
692.0,3.07,3.09,2.98,16.0,80,0.21015194152832029,put,2026-10-30,SPY,762.3900146484375,2026-09-09T22:34:18.173642+00:00
693.0,3.13,3.15,2.99,3.0,1554,0.20899228515624996,put,2026-10-30,SPY,762.3900146484375,2026-09-09T22:34:18.173642+00:00
694.0,3.18,3.21,3.23,32.0,153,0.20783262878417966,put,2026-10-30,SPY,762.3900146484375,2026-09-09T22:34:18.173642+00:00
695.0,3.25,3.26,3.25,123.0,1950,0.20645935150146477,put,2026-10-30,SPY,762.3900146484375,2026-09-09T22:34:18.173642+00:00
696.0,3.3,3.33,3.22,1.0,270,0.2054217642211914,put,2026-10-30,SPY,762.3900146484375,2026-09-09T22:34:18.173642+00:00
697.0,3.36,3.39,2.96,1.0,273,0.2041705560302734,put,2026-10-30,SPY,762.3900146484375,2026-09-09T22:34:18.173642+00:00
698.0,3.43,3.45,3.54,1.0,959,0.20288883056640622,put,2026-10-30,SPY,762.3900146484375,2026-09-09T22:34:18.173642+00:00
699.0,3.49,3.52,3.54,3.0,371,0.20179020874023437,put,2026-10-30,SPY,762.3900146484375,2026-09-09T22:34:18.173642+00:00
700.0,3.56,3.58,3.58,1539.0,4928,0.2004474487304687,put,2026-10-30,SPY,762.3900146484375,2026-09-09T22:34:18.173642+00:00
701.0,3.63,3.65,3.54,12.0,213,0.19928779235839844,put,2026-10-30,SPY,762.3900146484375,2026-09-09T22:34:18.173642+00:00
702.0,3.7,3.72,2.94,4.0,304,0.1980671014404297,put,2026-10-30,SPY,762.3900146484375,2026-09-09T22:34:18.173642+00:00
703.0,3.77,3.79,3.57,2.0,97,0.19684641052246094,put,2026-10-30,SPY,762.3900146484375,2026-09-09T22:34:18.173642+00:00
704.0,3.85,3.87,3.75,9.0,103,0.19574778869628906,put,2026-10-30,SPY,762.3900146484375,2026-09-09T22:34:18.173642+00:00
705.0,3.92,3.94,3.77,50.0,528,0.19443554595947266,put,2026-10-30,SPY,762.3900146484375,2026-09-09T22:34:18.173642+00:00
706.0,3.99,4.02,3.95,66.0,195,0.19327588958740233,put,2026-10-30,SPY,762.3900146484375,2026-09-09T22:34:18.173642+00:00
707.0,4.07,4.1,3.99,95.0,20997,0.19208571594238283,put,2026-10-30,SPY,762.3900146484375,2026-09-09T22:34:18.173642+00:00
708.0,4.15,4.18,4.28,4.0,139,0.19086502502441405,put,2026-10-30,SPY,762.3900146484375,2026-09-09T22:34:18.173642+00:00
709.0,4.24,4.26,4.39,2.0,439,0.1896138168334961,put,2026-10-30,SPY,762.3900146484375,2026-09-09T22:34:18.173642+00:00
710.0,4.32,4.35,4.22,45.0,2162,0.188484677734375,put,2026-10-30,SPY,762.3900146484375,2026-09-09T22:34:18.173642+00:00
711.0,4.41,4.44,4.39,7.0,126,0.1873250213623047,put,2026-10-30,SPY,762.3900146484375,2026-09-09T22:34:18.173642+00:00
712.0,4.5,4.53,4.63,8.0,332,0.18610433044433594,put,2026-10-30,SPY,762.3900146484375,2026-09-09T22:34:18.173642+00:00
713.0,4.6,4.62,4.61,3.0,755,0.18488363952636716,put,2026-10-30,SPY,762.3900146484375,2026-09-09T22:34:18.173642+00:00
714.0,4.69,4.72,4.76,140.0,128,0.18375450042724606,put,2026-10-30,SPY,762.3900146484375,2026-09-09T22:34:18.173642+00:00
715.0,4.79,4.82,4.78,55.0,987,0.1825948440551758,put,2026-10-30,SPY,762.3900146484375,2026-09-09T22:34:18.173642+00:00
716.0,4.89,4.92,4.96,141.0,344,0.18140467041015623,put,2026-10-30,SPY,762.3900146484375,2026-09-09T22:34:18.173642+00:00
717.0,4.99,5.02,5.05,1.0,680,0.1801839794921875,put,2026-10-30,SPY,762.3900146484375,2026-09-09T22:34:18.173642+00:00
718.0,5.1,5.13,5.17,7.0,156,0.1790395817565918,put,2026-10-30,SPY,762.3900146484375,2026-09-09T22:34:18.173642+00:00
719.0,5.21,5.24,5.08,107.0,239,0.17786466674804688,put,2026-10-30,SPY,762.3900146484375,2026-09-09T22:34:18.173642+00:00
720.0,5.32,5.35,5.25,1112.0,3964,0.17665923446655274,put,2026-10-30,SPY,762.3900146484375,2026-09-09T22:34:18.173642+00:00
721.0,5.44,5.47,5.39,36.0,162,0.17554535400390625,put,2026-10-30,SPY,762.3900146484375,2026-09-09T22:34:18.173642+00:00
722.0,5.55,5.58,5.71,10.0,143,0.17426362854003907,put,2026-10-30,SPY,762.3900146484375,2026-09-09T22:34:18.173642+00:00
723.0,5.68,5.71,5.36,2.0,74,0.17319552398681642,put,2026-10-30,SPY,762.3900146484375,2026-09-09T22:34:18.173642+00:00
724.0,5.8,5.83,5.67,25.0,121,0.17194431579589847,put,2026-10-30,SPY,762.3900146484375,2026-09-09T22:34:18.173642+00:00
725.0,5.93,5.96,5.97,1017.0,4839,0.17078465942382814,put,2026-10-30,SPY,762.3900146484375,2026-09-09T22:34:18.173642+00:00
726.0,6.06,6.09,5.93,165.0,111,0.1695944857788086,put,2026-10-30,SPY,762.3900146484375,2026-09-09T22:34:18.173642+00:00
727.0,6.2,6.23,6.07,12.0,681,0.16846534667968754,put,2026-10-30,SPY,762.3900146484375,2026-09-09T22:34:18.173642+00:00
728.0,6.34,6.37,6.25,12.0,187,0.16730569030761722,put,2026-10-30,SPY,762.3900146484375,2026-09-09T22:34:18.173642+00:00
729.0,6.48,6.51,6.39,14.0,134,0.1660849993896485,put,2026-10-30,SPY,762.3900146484375,2026-09-09T22:34:18.173642+00:00
730.0,6.65,6.66,6.73,155.0,11894,0.16495586029052733,put,2026-10-30,SPY,762.3900146484375,2026-09-09T22:34:18.173642+00:00
731.0,6.78,6.82,6.63,105.0,202,0.16387249710083013,put,2026-10-30,SPY,762.3900146484375,2026-09-09T22:34:18.173642+00:00
732.0,6.94,6.97,6.74,10.0,578,0.16263654754638673,put,2026-10-30,SPY,762.3900146484375,2026-09-09T22:34:18.173642+00:00
733.0,7.1,7.14,6.93,11.0,219,0.16156844299316403,put,2026-10-30,SPY,762.3900146484375,2026-09-09T22:34:18.173642+00:00
734.0,7.27,7.3,7.12,6.0,306,0.1603477520751953,put,2026-10-30,SPY,762.3900146484375,2026-09-09T22:34:18.173642+00:00
735.0,7.42,7.51,7.38,32.0,3869,0.15961533752441404,put,2026-10-30,SPY,762.3900146484375,2026-09-09T22:34:18.173642+00:00
736.0,7.6,7.69,7.55,7.0,158,0.15851671569824222,put,2026-10-30,SPY,762.3900146484375,2026-09-09T22:34:18.173642+00:00
737.0,7.77,7.87,7.79,2.0,179,0.15734180068969728,put,2026-10-30,SPY,762.3900146484375,2026-09-09T22:34:18.173642+00:00
738.0,7.96,8.06,7.85,27.0,1141,0.1562279202270508,put,2026-10-30,SPY,762.3900146484375,2026-09-09T22:34:18.173642+00:00
739.0,8.16,8.25,8.17,4.0,681,0.15506826385498051,put,2026-10-30,SPY,762.3900146484375,2026-09-09T22:34:18.173642+00:00
740.0,8.37,8.45,8.44,163.0,2058,0.15393912475585939,put,2026-10-30,SPY,762.3900146484375,2026-09-09T22:34:18.173642+00:00
741.0,8.56,8.65,8.49,3.0,664,0.15274895111083986,put,2026-10-30,SPY,762.3900146484375,2026-09-09T22:34:18.173642+00:00
742.0,8.77,8.86,8.75,5.0,381,0.15161981201171876,put,2026-10-30,SPY,762.3900146484375,2026-09-09T22:34:18.173642+00:00
743.0,8.98,9.08,9.1,22.0,387,0.1505211901855469,put,2026-10-30,SPY,762.3900146484375,2026-09-09T22:34:18.173642+00:00
744.0,9.2,9.3,9.22,4.0,172,0.14936153381347655,put,2026-10-30,SPY,762.3900146484375,2026-09-09T22:34:18.173642+00:00
745.0,9.43,9.53,9.48,67.0,2070,0.14824765335083012,put,2026-10-30,SPY,762.3900146484375,2026-09-09T22:34:18.173642+00:00
746.0,9.67,9.77,9.64,53.0,682,0.1471490315246582,put,2026-10-30,SPY,762.3900146484375,2026-09-09T22:34:18.173642+00:00
747.0,9.9,10.01,9.91,1.0,198,0.14600463378906248,put,2026-10-30,SPY,762.3900146484375,2026-09-09T22:34:18.173642+00:00
748.0,10.16,10.26,9.96,5.0,405,0.14487549468994143,put,2026-10-30,SPY,762.3900146484375,2026-09-09T22:34:18.173642+00:00
749.0,10.41,10.51,10.42,13.0,322,0.14368532104492188,put,2026-10-30,SPY,762.3900146484375,2026-09-09T22:34:18.173642+00:00
750.0,10.68,10.78,10.72,1324.0,7818,0.14261721649169923,put,2026-10-30,SPY,762.3900146484375,2026-09-09T22:34:18.173642+00:00
751.0,10.95,11.05,10.88,16.0,795,0.1414575601196289,put,2026-10-30,SPY,762.3900146484375,2026-09-09T22:34:18.173642+00:00
752.0,11.23,11.33,11.4,6.0,398,0.1403436796569824,put,2026-10-30,SPY,762.3900146484375,2026-09-09T22:34:18.173642+00:00
753.0,11.51,11.63,11.48,8.0,122,0.1393213510131836,put,2026-10-30,SPY,762.3900146484375,2026-09-09T22:34:18.173642+00:00
754.0,11.82,11.92,11.92,13.0,387,0.13814643600463866,put,2026-10-30,SPY,762.3900146484375,2026-09-09T22:34:18.173642+00:00
755.0,12.13,12.23,12.33,559.0,1107,0.13706307281494146,put,2026-10-30,SPY,762.3900146484375,2026-09-09T22:34:18.173642+00:00
756.0,12.44,12.55,12.37,20.0,333,0.13599496826171875,put,2026-10-30,SPY,762.3900146484375,2026-09-09T22:34:18.173642+00:00
757.0,12.77,12.88,12.69,57.0,572,0.13494212234497072,put,2026-10-30,SPY,762.3900146484375,2026-09-09T22:34:18.173642+00:00
758.0,13.11,13.22,13.06,123.0,843,0.13388927642822268,put,2026-10-30,SPY,762.3900146484375,2026-09-09T22:34:18.173642+00:00
759.0,13.45,13.57,13.28,41.0,481,0.1328364305114746,put,2026-10-30,SPY,762.3900146484375,2026-09-09T22:34:18.173642+00:00
760.0,13.81,13.92,13.81,389.0,4502,0.13170729141235354,put,2026-10-30,SPY,762.3900146484375,2026-09-09T22:34:18.173642+00:00
761.0,14.18,14.29,14.35,31.0,263,0.13065444549560545,put,2026-10-30,SPY,762.3900146484375,2026-09-09T22:34:18.173642+00:00
762.0,14.55,14.67,14.75,148.0,461,0.12961685821533203,put,2026-10-30,SPY,762.3900146484375,2026-09-09T22:34:18.173642+00:00
763.0,14.94,15.07,15.08,298.0,196,0.12865556411743162,put,2026-10-30,SPY,762.3900146484375,2026-09-09T22:34:18.173642+00:00
764.0,15.34,15.47,15.48,128.0,428,0.12758745956420897,put,2026-10-30,SPY,762.3900146484375,2026-09-09T22:34:18.173642+00:00
765.0,15.76,15.89,15.91,221.0,1394,0.12661090682983395,put,2026-10-30,SPY,762.3900146484375,2026-09-09T22:34:18.173642+00:00
766.0,16.19,16.32,15.96,20.0,741,0.1256190954589844,put,2026-10-30,SPY,762.3900146484375,2026-09-09T22:34:18.173642+00:00
767.0,16.63,16.76,16.72,29.0,393,0.12462728408813475,put,2026-10-30,SPY,762.3900146484375,2026-09-09T22:34:18.173642+00:00
768.0,17.08,17.21,17.19,43.0,294,0.12360495544433595,put,2026-10-30,SPY,762.3900146484375,2026-09-09T22:34:18.173642+00:00
769.0,17.53,17.67,17.19,19.0,272,0.12258262680053711,put,2026-10-30,SPY,762.3900146484375,2026-09-09T22:34:18.173642+00:00
770.0,18.01,18.16,18.22,113.0,3524,0.12171288452148438,put,2026-10-30,SPY,762.3900146484375,2026-09-09T22:34:18.173642+00:00
771.0,18.08,18.97,18.68,6.0,138,0.12357443817138672,put,2026-10-30,SPY,762.3900146484375,2026-09-09T22:34:18.173642+00:00
772.0,18.58,19.47,19.23,14.0,276,0.12259788543701172,put,2026-10-30,SPY,762.3900146484375,2026-09-09T22:34:18.173642+00:00
773.0,19.1,19.99,19.21,22.0,295,0.12168236724853515,put,2026-10-30,SPY,762.3900146484375,2026-09-09T22:34:18.173642+00:00
774.0,19.73,20.53,20.0,23.0,326,0.12085840087890626,put,2026-10-30,SPY,762.3900146484375,2026-09-09T22:34:18.173642+00:00
775.0,20.58,21.08,20.61,64.0,553,0.1199886585998535,put,2026-10-30,SPY,762.3900146484375,2026-09-09T22:34:18.173642+00:00
776.0,20.6,21.64,21.8,16.0,409,0.11910365768432615,put,2026-10-30,SPY,762.3900146484375,2026-09-09T22:34:18.173642+00:00
777.0,21.16,22.52,21.77,22.0,770,0.1211177976989746,put,2026-10-30,SPY,762.3900146484375,2026-09-09T22:34:18.173642+00:00
778.0,21.26,23.77,20.0,2.0,69,0.12656513092041016,put,2026-10-30,SPY,762.3900146484375,2026-09-09T22:34:18.173642+00:00
779.0,22.54,23.43,22.6,7.0,302,0.11678434494018555,put,2026-10-30,SPY,762.3900146484375,2026-09-09T22:34:18.173642+00:00
780.0,21.95,24.4,23.14,167.0,645,0.11942408905029298,put,2026-10-30,SPY,762.3900146484375,2026-09-09T22:34:18.173642+00:00
781.0,22.53,26.06,22.8,17.0,331,0.1287928918457031,put,2026-10-30,SPY,762.3900146484375,2026-09-09T22:34:18.173642+00:00
782.0,23.19,26.72,19.93,1.0,315,0.12838090866088864,put,2026-10-30,SPY,762.3900146484375,2026-09-09T22:34:18.173642+00:00
783.0,23.86,27.39,23.27,31.0,84,0.12795366683959958,put,2026-10-30,SPY,762.3900146484375,2026-09-09T22:34:18.173642+00:00
784.0,24.55,28.08,25.4,5.0,310,0.1276332354736328,put,2026-10-30,SPY,762.3900146484375,2026-09-09T22:34:18.173642+00:00
785.0,25.37,28.78,27.14,2.0,183,0.12729754547119143,put,2026-10-30,SPY,762.3900146484375,2026-09-09T22:34:18.173642+00:00
786.0,26.91,29.5,23.8,2.0,21,0.12708392456054687,put,2026-10-30,SPY,762.3900146484375,2026-09-09T22:34:18.173642+00:00
787.0,26.7,30.23,25.0,400.0,511,0.12688556228637693,put,2026-10-30,SPY,762.3900146484375,2026-09-09T22:34:18.173642+00:00
788.0,27.45,30.98,26.06,1.0,525,0.1267940104675293,put,2026-10-30,SPY,762.3900146484375,2026-09-09T22:34:18.173642+00:00
789.0,28.22,31.75,29.08,1.0,216,0.12683978637695312,put,2026-10-30,SPY,762.3900146484375,2026-09-09T22:34:18.173642+00:00
790.0,29.0,32.48,31.01,94.0,398,0.12633625137329102,put,2026-10-30,SPY,762.3900146484375,2026-09-09T22:34:18.173642+00:00
791.0,29.79,33.32,24.12,1.0,89,0.12699237274169922,put,2026-10-30,SPY,762.3900146484375,2026-09-09T22:34:18.173642+00:00
792.0,30.7,34.12,30.0,,1,0.12711444183349607,put,2026-10-30,SPY,762.3900146484375,2026-09-09T22:34:18.173642+00:00
793.0,31.77,34.94,27.8,15.0,85,0.12738909729003906,put,2026-10-30,SPY,762.3900146484375,2026-09-09T22:34:18.173642+00:00
794.0,32.64,35.77,26.26,3.0,4,0.12769427001953126,put,2026-10-30,SPY,762.3900146484375,2026-09-09T22:34:18.173642+00:00
795.0,33.09,36.61,27.6,2.0,2,0.12807573593139648,put,2026-10-30,SPY,762.3900146484375,2026-09-09T22:34:18.173642+00:00
797.0,35.2,38.34,27.91,1.0,1,0.1292353923034668,put,2026-10-30,SPY,762.3900146484375,2026-09-09T22:34:18.173642+00:00
798.0,36.09,38.93,33.37,1.0,2,0.12604633728027342,put,2026-10-30,SPY,762.3900146484375,2026-09-09T22:34:18.173642+00:00
799.0,36.98,40.1,32.02,1.0,2,0.13053237640380855,put,2026-10-30,SPY,762.3900146484375,2026-09-09T22:34:18.173642+00:00
800.0,37.47,41.0,38.7,25.0,69,0.13138686004638672,put,2026-10-30,SPY,762.3900146484375,2026-09-09T22:34:18.173642+00:00
802.0,39.3,42.83,35.92,7.0,8,0.13333996551513672,put,2026-10-30,SPY,762.3900146484375,2026-09-09T22:34:18.173642+00:00
804.0,41.15,44.68,37.14,,1,0.13541514007568362,put,2026-10-30,SPY,762.3900146484375,2026-09-09T22:34:18.173642+00:00
805.0,42.09,45.62,40.76,2.0,6,0.13660531372070314,put,2026-10-30,SPY,762.3900146484375,2026-09-09T22:34:18.173642+00:00
808.0,44.95,48.47,43.09,1.0,1,0.14048100738525393,put,2026-10-30,SPY,762.3900146484375,2026-09-09T22:34:18.173642+00:00
809.0,45.91,49.43,42.93,1.0,1,0.14185428466796873,put,2026-10-30,SPY,762.3900146484375,2026-09-09T22:34:18.173642+00:00
810.0,46.87,50.4,45.25,4.0,6,0.1433801483154297,put,2026-10-30,SPY,762.3900146484375,2026-09-09T22:34:18.173642+00:00
815.0,51.75,55.28,44.9,1.0,1,0.15125360473632815,put,2026-10-30,SPY,762.3900146484375,2026-09-09T22:34:18.173642+00:00
818.0,54.71,58.23,53.12,3.0,3,0.15613636840820314,put,2026-10-30,SPY,762.3900146484375,2026-09-09T22:34:18.173642+00:00
819.0,55.76,59.2,56.1,2.0,2,0.15750964569091797,put,2026-10-30,SPY,762.3900146484375,2026-09-09T22:34:18.173642+00:00
820.0,57.12,59.88,47.7,28.0,0,0.1536339520263672,put,2026-10-30,SPY,762.3900146484375,2026-09-09T22:34:18.173642+00:00
825.0,61.65,65.17,58.9,4.0,4,0.16816017395019534,put,2026-10-30,SPY,762.3900146484375,2026-09-09T22:34:18.173642+00:00
835.0,71.61,75.13,65.38,1.0,1,0.18537191589355467,put,2026-10-30,SPY,762.3900146484375,2026-09-09T22:34:18.173642+00:00
840.0,76.6,80.12,80.0,10.0,17,0.19391675231933597,put,2026-10-30,SPY,762.3900146484375,2026-09-09T22:34:18.173642+00:00
845.0,79.61,82.81,105.93,1.0,0,0.12720599365234375,put,2026-10-30,SPY,762.3900146484375,2026-09-09T22:34:18.173642+00:00
850.0,86.58,90.1,83.5,1.0,0,0.21054866607666017,put,2026-10-30,SPY,762.3900146484375,2026-09-09T22:34:18.173642+00:00
855.0,114.71,118.08,131.84,1.0,0,0.5015613809204101,put,2026-10-30,SPY,762.3900146484375,2026-09-09T22:34:18.173642+00:00
860.0,97.02,99.81,94.34,10.0,10,0.22046677978515622,put,2026-10-30,SPY,762.3900146484375,2026-09-09T22:34:18.173642+00:00
865.0,0.0,0.0,124.27,,0,1.0000000000000003e-05,put,2026-10-30,SPY,762.3900146484375,2026-09-09T22:34:18.173642+00:00
875.0,109.61,112.82,145.54,1.0,0,0.16431499755859375,put,2026-10-30,SPY,762.3900146484375,2026-09-09T22:34:18.173642+00:00
900.0,143.85,147.3,145.02,,0,0.41620456848144527,put,2026-10-30,SPY,762.3900146484375,2026-09-09T22:34:18.173642+00:00
475.0,289.08,292.47,292.06,2.0,1,0.5954630297851562,call,2026-11-30,SPY,762.3900146484375,2026-09-09T22:34:18.173642+00:00
480.0,284.01,287.54,287.22,,0,0.5842326733398437,call,2026-11-30,SPY,762.3900146484375,2026-09-09T22:34:18.173642+00:00
485.0,279.1,282.61,282.21,,25,0.5758099060058592,call,2026-11-30,SPY,762.3900146484375,2026-09-09T22:34:18.173642+00:00
500.0,266.95,270.07,262.32,1.0,1,0.6162147753906251,call,2026-11-30,SPY,762.3900146484375,2026-09-09T22:34:18.173642+00:00
520.0,244.64,248.17,256.0,,2,0.5164232928466796,call,2026-11-30,SPY,762.3900146484375,2026-09-09T22:34:18.173642+00:00
545.0,220.09,223.62,237.06,1.0,4,0.5150194982910157,call,2026-11-30,SPY,762.3900146484375,2026-09-09T22:34:18.173642+00:00
550.0,215.21,218.72,220.7,2.0,2,0.5059253509521484,call,2026-11-30,SPY,762.3900146484375,2026-09-09T22:34:18.173642+00:00
555.0,217.29,220.82,190.19,1.0,1,0.5877726770019531,call,2026-11-30,SPY,762.3900146484375,2026-09-09T22:34:18.173642+00:00
560.0,212.43,215.92,192.07,1.0,3,0.5771831832885742,call,2026-11-30,SPY,762.3900146484375,2026-09-09T22:34:18.173642+00:00
570.0,198.5,201.64,187.96,2.0,1,0.5133105310058592,call,2026-11-30,SPY,762.3900146484375,2026-09-09T22:34:18.173642+00:00
575.0,197.7,201.22,205.76,1.0,2,0.5444991839599609,call,2026-11-30,SPY,762.3900146484375,2026-09-09T22:34:18.173642+00:00
580.0,185.84,189.37,192.14,1.0,11,0.4522454678344727,call,2026-11-30,SPY,762.3900146484375,2026-09-09T22:34:18.173642+00:00
585.0,180.96,184.49,186.51,5.0,16,0.4434259759521484,call,2026-11-30,SPY,762.3900146484375,2026-09-09T22:34:18.173642+00:00
590.0,0.0,0.0,178.49,,0,1.0000000000000003e-05,call,2026-11-30,SPY,762.3900146484375,2026-09-09T22:34:18.173642+00:00
595.0,174.22,177.37,165.59,1.0,2,0.4666191033935547,call,2026-11-30,SPY,762.3900146484375,2026-09-09T22:34:18.173642+00:00
600.0,166.35,169.88,181.24,10.0,20,0.4173031903076171,call,2026-11-30,SPY,762.3900146484375,2026-09-09T22:34:18.173642+00:00
605.0,168.41,171.94,162.67,6.0,7,0.5038501763916017,call,2026-11-30,SPY,762.3900146484375,2026-09-09T22:34:18.173642+00:00
610.0,156.65,160.18,171.85,,2,0.4003050692749024,call,2026-11-30,SPY,762.3900146484375,2026-09-09T22:34:18.173642+00:00
615.0,151.81,155.33,153.85,,2,0.39172971557617187,call,2026-11-30,SPY,762.3900146484375,2026-09-09T22:34:18.173642+00:00
620.0,146.97,150.5,148.74,1.0,12,0.3833679827880859,call,2026-11-30,SPY,762.3900146484375,2026-09-09T22:34:18.173642+00:00
622.0,145.04,148.56,154.99,,1,0.379889013671875,call,2026-11-30,SPY,762.3900146484375,2026-09-09T22:34:18.173642+00:00
625.0,149.0,152.52,133.89,2.0,0,0.46140064971923833,call,2026-11-30,SPY,762.3900146484375,2026-09-09T22:34:18.173642+00:00
630.0,137.34,140.85,149.59,1.0,3,0.3665834826660156,call,2026-11-30,SPY,762.3900146484375,2026-09-09T22:34:18.173642+00:00
635.0,132.54,136.04,144.8,1.0,2,0.3582827844238281,call,2026-11-30,SPY,762.3900146484375,2026-09-09T22:34:18.173642+00:00
640.0,127.72,131.25,136.2,1.0,164,0.35013467254638664,call,2026-11-30,SPY,762.3900146484375,2026-09-09T22:34:18.173642+00:00
645.0,129.7,133.22,114.62,1.0,16,0.41986664123535156,call,2026-11-30,SPY,762.3900146484375,2026-09-09T22:34:18.173642+00:00
650.0,124.9,128.43,126.37,4000.0,14,0.4097349066162109,call,2026-11-30,SPY,762.3900146484375,2026-09-09T22:34:18.173642+00:00
655.0,113.41,116.94,122.29,51.0,796,0.3257513714599609,call,2026-11-30,SPY,762.3900146484375,2026-09-09T22:34:18.173642+00:00
660.0,108.68,112.21,117.46,51.0,644,0.31784739776611326,call,2026-11-30,SPY,762.3900146484375,2026-09-09T22:34:18.173642+00:00
665.0,103.96,107.49,108.74,1.0,1284,0.3099129067993164,call,2026-11-30,SPY,762.3900146484375,2026-09-09T22:34:18.173642+00:00
670.0,99.26,102.79,102.22,1.0,1292,0.3020241917419434,call,2026-11-30,SPY,762.3900146484375,2026-09-09T22:34:18.173642+00:00
672.0,100.95,104.14,95.99,2.0,1,0.33264827514648443,call,2026-11-30,SPY,762.3900146484375,2026-09-09T22:34:18.173642+00:00
673.0,96.45,99.98,101.18,1.0,258,0.29730927307128896,call,2026-11-30,SPY,762.3900146484375,2026-09-09T22:34:18.173642+00:00
674.0,95.52,99.05,103.84,8.0,108,0.2957986680603027,call,2026-11-30,SPY,762.3900146484375,2026-09-09T22:34:18.173642+00:00
675.0,94.59,98.12,102.87,20.0,205,0.2942880630493163,call,2026-11-30,SPY,762.3900146484375,2026-09-09T22:34:18.173642+00:00
676.0,93.65,97.18,102.32,16.0,30,0.29264013031005853,call,2026-11-30,SPY,762.3900146484375,2026-09-09T22:34:18.173642+00:00
677.0,93.89,97.25,76.73,,1,0.30155117401123044,call,2026-11-30,SPY,762.3900146484375,2026-09-09T22:34:18.173642+00:00
678.0,91.79,95.32,99.25,1.0,127,0.28955788574218744,call,2026-11-30,SPY,762.3900146484375,2026-09-09T22:34:18.173642+00:00
679.0,90.86,94.39,99.09,19.0,105,0.2880015048217772,call,2026-11-30,SPY,762.3900146484375,2026-09-09T22:34:18.173642+00:00
680.0,89.94,93.46,98.15,24.0,95,0.2864451239013671,call,2026-11-30,SPY,762.3900146484375,2026-09-09T22:34:18.173642+00:00
681.0,89.01,92.54,97.37,20.0,33,0.2849802947998046,call,2026-11-30,SPY,762.3900146484375,2026-09-09T22:34:18.173642+00:00
682.0,88.08,91.61,94.15,8.0,58,0.28339339660644525,call,2026-11-30,SPY,762.3900146484375,2026-09-09T22:34:18.173642+00:00
683.0,87.16,90.69,92.5,4.0,40,0.2818980502319336,call,2026-11-30,SPY,762.3900146484375,2026-09-09T22:34:18.173642+00:00
684.0,86.24,89.77,94.14,56.0,109,0.28040270385742183,call,2026-11-30,SPY,762.3900146484375,2026-09-09T22:34:18.173642+00:00
685.0,85.34,88.85,87.08,3.0,22,0.27889209884643557,call,2026-11-30,SPY,762.3900146484375,2026-09-09T22:34:18.173642+00:00
686.0,84.4,87.93,92.47,4.0,54,0.2773814938354492,call,2026-11-30,SPY,762.3900146484375,2026-09-09T22:34:18.173642+00:00
687.0,83.48,87.01,93.54,19.0,39,0.2758556301879882,call,2026-11-30,SPY,762.3900146484375,2026-09-09T22:34:18.173642+00:00
688.0,82.56,86.09,89.27,9.0,31,0.2743145079040527,call,2026-11-30,SPY,762.3900146484375,2026-09-09T22:34:18.173642+00:00
689.0,81.64,85.17,89.79,14.0,296,0.2727733856201171,call,2026-11-30,SPY,762.3900146484375,2026-09-09T22:34:18.173642+00:00
690.0,80.73,84.26,82.67,2.0,83,0.2713085565185547,call,2026-11-30,SPY,762.3900146484375,2026-09-09T22:34:18.173642+00:00
691.0,79.81,83.34,84.08,1.0,51,0.26973691696166996,call,2026-11-30,SPY,762.3900146484375,2026-09-09T22:34:18.173642+00:00
692.0,78.9,82.43,90.51,4.0,5,0.2682568292236328,call,2026-11-30,SPY,762.3900146484375,2026-09-09T22:34:18.173642+00:00
693.0,77.99,81.52,83.68,124.0,196,0.26676148284912116,call,2026-11-30,SPY,762.3900146484375,2026-09-09T22:34:18.173642+00:00
694.0,77.08,80.61,83.53,4.0,14,0.2652508778381348,call,2026-11-30,SPY,762.3900146484375,2026-09-09T22:34:18.173642+00:00
695.0,76.17,79.7,82.08,6.0,16,0.2637402728271484,call,2026-11-30,SPY,762.3900146484375,2026-09-09T22:34:18.173642+00:00
696.0,75.26,78.79,80.14,3.0,102,0.2622144091796875,call,2026-11-30,SPY,762.3900146484375,2026-09-09T22:34:18.173642+00:00
697.0,74.36,77.89,90.26,10.0,20,0.2607648387145996,call,2026-11-30,SPY,762.3900146484375,2026-09-09T22:34:18.173642+00:00
698.0,73.46,76.99,81.58,13.0,13,0.2593152682495118,call,2026-11-30,SPY,762.3900146484375,2026-09-09T22:34:18.173642+00:00
699.0,72.55,76.08,90.15,125.0,126,0.25774362869262696,call,2026-11-30,SPY,762.3900146484375,2026-09-09T22:34:18.173642+00:00
700.0,71.65,75.18,82.85,7.0,323,0.2562635409545898,call,2026-11-30,SPY,762.3900146484375,2026-09-09T22:34:18.173642+00:00
701.0,70.77,74.29,79.72,3.0,18,0.25485974639892583,call,2026-11-30,SPY,762.3900146484375,2026-09-09T22:34:18.173642+00:00
702.0,69.86,73.39,84.69,24.0,24,0.25334914138793946,call,2026-11-30,SPY,762.3900146484375,2026-09-09T22:34:18.173642+00:00
703.0,68.97,72.5,75.95,13.0,23,0.25191482955932615,call,2026-11-30,SPY,762.3900146484375,2026-09-09T22:34:18.173642+00:00
704.0,68.08,71.61,78.88,1.0,11,0.2504652590942382,call,2026-11-30,SPY,762.3900146484375,2026-09-09T22:34:18.173642+00:00
705.0,67.19,70.72,79.14,1.0,278,0.2490156886291504,call,2026-11-30,SPY,762.3900146484375,2026-09-09T22:34:18.173642+00:00
706.0,66.3,69.83,82.53,34.0,40,0.24753560089111326,call,2026-11-30,SPY,762.3900146484375,2026-09-09T22:34:18.173642+00:00
707.0,65.41,68.94,78.02,43.0,42,0.24605551315307617,call,2026-11-30,SPY,762.3900146484375,2026-09-09T22:34:18.173642+00:00
708.0,64.53,68.06,69.75,4.0,12,0.24463645996093752,call,2026-11-30,SPY,762.3900146484375,2026-09-09T22:34:18.173642+00:00
709.0,63.65,67.18,69.81,1.0,21,0.24320214813232421,call,2026-11-30,SPY,762.3900146484375,2026-09-09T22:34:18.173642+00:00
710.0,62.77,66.3,67.62,1.0,158,0.24176783630371096,call,2026-11-30,SPY,762.3900146484375,2026-09-09T22:34:18.173642+00:00
711.0,61.89,65.42,62.88,1.0,9,0.24030300720214842,call,2026-11-30,SPY,762.3900146484375,2026-09-09T22:34:18.173642+00:00
712.0,61.01,64.54,77.86,4.0,30,0.23882291946411133,call,2026-11-30,SPY,762.3900146484375,2026-09-09T22:34:18.173642+00:00
713.0,60.14,63.67,68.6,1.0,26,0.23741912490844724,call,2026-11-30,SPY,762.3900146484375,2026-09-09T22:34:18.173642+00:00
714.0,59.27,62.8,73.26,10.0,10,0.23600007171630855,call,2026-11-30,SPY,762.3900146484375,2026-09-09T22:34:18.173642+00:00
715.0,58.55,61.93,64.27,1.0,151,0.2345657598876953,call,2026-11-30,SPY,762.3900146484375,2026-09-09T22:34:18.173642+00:00
716.0,57.53,61.07,65.58,1.0,155,0.2331924826049805,call,2026-11-30,SPY,762.3900146484375,2026-09-09T22:34:18.173642+00:00
717.0,56.67,60.2,62.36,2.0,84,0.23171239486694334,call,2026-11-30,SPY,762.3900146484375,2026-09-09T22:34:18.173642+00:00
718.0,55.81,59.34,61.19,1.0,59,0.2303086003112793,call,2026-11-30,SPY,762.3900146484375,2026-09-09T22:34:18.173642+00:00
719.0,54.96,58.49,60.65,2.0,12,0.22896584030151368,call,2026-11-30,SPY,762.3900146484375,2026-09-09T22:34:18.173642+00:00
720.0,54.1,57.63,55.7,1.0,388,0.22751626983642576,call,2026-11-30,SPY,762.3900146484375,2026-09-09T22:34:18.173642+00:00
721.0,53.27,56.58,61.98,1.0,22,0.22451031845092767,call,2026-11-30,SPY,762.3900146484375,2026-09-09T22:34:18.173642+00:00
722.0,53.89,54.44,58.07,2.0,25,0.21262384063720702,call,2026-11-30,SPY,762.3900146484375,2026-09-09T22:34:18.173642+00:00
723.0,53.05,53.6,62.78,1.0,1,0.21134211517333978,call,2026-11-30,SPY,762.3900146484375,2026-09-09T22:34:18.173642+00:00
724.0,52.2,52.76,51.68,1.0,170,0.21006038970947266,call,2026-11-30,SPY,762.3900146484375,2026-09-09T22:34:18.173642+00:00
725.0,51.36,51.92,51.95,1.0,234,0.2087481469726562,call,2026-11-30,SPY,762.3900146484375,2026-09-09T22:34:18.173642+00:00
726.0,50.53,51.08,57.55,1.0,213,0.20742064559936518,call,2026-11-30,SPY,762.3900146484375,2026-09-09T22:34:18.173642+00:00
727.0,49.7,50.25,53.86,6.0,9,0.206138920135498,call,2026-11-30,SPY,762.3900146484375,2026-09-09T22:34:18.173642+00:00
728.0,48.87,49.42,53.01,2.0,212,0.2048419360351562,call,2026-11-30,SPY,762.3900146484375,2026-09-09T22:34:18.173642+00:00
729.0,48.04,48.59,50.63,2.0,29,0.2035296932983398,call,2026-11-30,SPY,762.3900146484375,2026-09-09T22:34:18.173642+00:00
730.0,47.21,47.79,47.68,6.0,668,0.20241581283569332,call,2026-11-30,SPY,762.3900146484375,2026-09-09T22:34:18.173642+00:00
731.0,46.39,46.97,51.85,1.0,18,0.20111882873535153,call,2026-11-30,SPY,762.3900146484375,2026-09-09T22:34:18.173642+00:00
732.0,45.57,46.16,45.5,1.0,381,0.1998828791809082,call,2026-11-30,SPY,762.3900146484375,2026-09-09T22:34:18.173642+00:00
733.0,44.77,45.35,48.35,3.0,205,0.1986164123535156,call,2026-11-30,SPY,762.3900146484375,2026-09-09T22:34:18.173642+00:00
734.0,43.98,44.52,43.98,1.0,45,0.19718210052490232,call,2026-11-30,SPY,762.3900146484375,2026-09-09T22:34:18.173642+00:00
735.0,43.16,43.73,43.44,1.0,822,0.19600718551635743,call,2026-11-30,SPY,762.3900146484375,2026-09-09T22:34:18.173642+00:00
736.0,42.38,42.92,47.0,20.0,276,0.1946644255065918,call,2026-11-30,SPY,762.3900146484375,2026-09-09T22:34:18.173642+00:00
737.0,41.57,43.49,46.1,403.0,350,0.2036365037536621,call,2026-11-30,SPY,762.3900146484375,2026-09-09T22:34:18.173642+00:00
738.0,40.78,41.35,45.14,100.0,84,0.19228407821655275,call,2026-11-30,SPY,762.3900146484375,2026-09-09T22:34:18.173642+00:00
739.0,40.03,41.81,44.65,164.0,97,0.20027960372924802,call,2026-11-30,SPY,762.3900146484375,2026-09-09T22:34:18.173642+00:00
740.0,39.25,39.77,39.51,4.0,617,0.18970536865234378,call,2026-11-30,SPY,762.3900146484375,2026-09-09T22:34:18.173642+00:00
741.0,38.44,39.01,42.74,46.0,164,0.1885914881896973,call,2026-11-30,SPY,762.3900146484375,2026-09-09T22:34:18.173642+00:00
742.0,37.68,38.22,38.11,1.0,103,0.18723346954345704,call,2026-11-30,SPY,762.3900146484375,2026-09-09T22:34:18.173642+00:00
743.0,36.92,37.46,41.62,280.0,255,0.1860585545349121,call,2026-11-30,SPY,762.3900146484375,2026-09-09T22:34:18.173642+00:00
744.0,36.16,36.69,39.26,1.0,506,0.18479208770751948,call,2026-11-30,SPY,762.3900146484375,2026-09-09T22:34:18.173642+00:00
745.0,35.39,35.95,35.68,1.0,489,0.18370872451782227,call,2026-11-30,SPY,762.3900146484375,2026-09-09T22:34:18.173642+00:00
746.0,34.65,35.19,35.35,2.0,504,0.18244225769042968,call,2026-11-30,SPY,762.3900146484375,2026-09-09T22:34:18.173642+00:00
747.0,33.91,34.44,37.07,2.0,706,0.18120630813598632,call,2026-11-30,SPY,762.3900146484375,2026-09-09T22:34:18.173642+00:00
748.0,33.14,33.73,33.65,1.0,91,0.18022975540161135,call,2026-11-30,SPY,762.3900146484375,2026-09-09T22:34:18.173642+00:00
749.0,32.42,32.98,35.98,1.0,151,0.1789404006195068,call,2026-11-30,SPY,762.3900146484375,2026-09-09T22:34:18.173642+00:00
750.0,31.91,32.1,32.59,1.0,632,0.17668975173950197,call,2026-11-30,SPY,762.3900146484375,2026-09-09T22:34:18.173642+00:00
751.0,30.98,31.54,36.4,3.0,149,0.17667449310302735,call,2026-11-30,SPY,762.3900146484375,2026-09-09T22:34:18.173642+00:00
752.0,30.26,30.84,31.24,2.0,107,0.17562164718627932,call,2026-11-30,SPY,762.3900146484375,2026-09-09T22:34:18.173642+00:00
753.0,29.54,29.97,33.39,1.0,225,0.1733481103515625,call,2026-11-30,SPY,762.3900146484375,2026-09-09T22:34:18.173642+00:00
754.0,28.84,29.43,34.14,2.0,126,0.1733481103515625,call,2026-11-30,SPY,762.3900146484375,2026-09-09T22:34:18.173642+00:00
755.0,28.37,28.56,28.7,1.0,315,0.17099828033447267,call,2026-11-30,SPY,762.3900146484375,2026-09-09T22:34:18.173642+00:00
756.0,27.46,28.04,32.65,3.0,351,0.17105931488037113,call,2026-11-30,SPY,762.3900146484375,2026-09-09T22:34:18.173642+00:00
757.0,26.78,27.36,33.37,1.0,184,0.16996069305419925,call,2026-11-30,SPY,762.3900146484375,2026-09-09T22:34:18.173642+00:00
758.0,26.11,26.69,26.9,1.0,595,0.1688925885009766,call,2026-11-30,SPY,762.3900146484375,2026-09-09T22:34:18.173642+00:00
759.0,25.5,25.87,30.51,4.0,113,0.1667411207580567,call,2026-11-30,SPY,762.3900146484375,2026-09-09T22:34:18.173642+00:00
760.0,25.01,25.2,25.01,29.0,603,0.16558146438598637,call,2026-11-30,SPY,762.3900146484375,2026-09-09T22:34:18.173642+00:00
761.0,24.14,24.71,24.25,9.0,123,0.1656272402954102,call,2026-11-30,SPY,762.3900146484375,2026-09-09T22:34:18.173642+00:00
762.0,23.52,23.98,23.74,58.0,576,0.16397930755615236,call,2026-11-30,SPY,762.3900146484375,2026-09-09T22:34:18.173642+00:00
763.0,22.86,23.42,22.94,69.0,749,0.16345288459777835,call,2026-11-30,SPY,762.3900146484375,2026-09-09T22:34:18.173642+00:00
764.0,22.47,22.58,22.36,69.0,293,0.1609504682159424,call,2026-11-30,SPY,762.3900146484375,2026-09-09T22:34:18.173642+00:00
765.0,21.86,21.96,21.8,30.0,413,0.15992051025390625,call,2026-11-30,SPY,762.3900146484375,2026-09-09T22:34:18.173642+00:00
766.0,21.24,21.35,21.33,68.0,152,0.15891344024658205,call,2026-11-30,SPY,762.3900146484375,2026-09-09T22:34:18.173642+00:00
767.0,20.63,20.75,20.53,27.0,95,0.1579216288757324,call,2026-11-30,SPY,762.3900146484375,2026-09-09T22:34:18.173642+00:00
768.0,20.05,20.15,20.19,1.0,405,0.156884041595459,call,2026-11-30,SPY,762.3900146484375,2026-09-09T22:34:18.173642+00:00
769.0,19.47,19.57,19.37,34.0,184,0.1559380061340332,call,2026-11-30,SPY,762.3900146484375,2026-09-09T22:34:18.173642+00:00
770.0,18.89,18.99,18.65,136.0,1221,0.1549461947631836,call,2026-11-30,SPY,762.3900146484375,2026-09-09T22:34:18.173642+00:00
771.0,18.32,18.43,18.8,3.0,460,0.15403067657470704,call,2026-11-30,SPY,762.3900146484375,2026-09-09T22:34:18.173642+00:00
772.0,17.77,17.87,18.16,1.0,609,0.15306938247680668,call,2026-11-30,SPY,762.3900146484375,2026-09-09T22:34:18.173642+00:00
773.0,17.22,17.32,19.05,2.0,881,0.15212334701538088,call,2026-11-30,SPY,762.3900146484375,2026-09-09T22:34:18.173642+00:00
774.0,16.68,16.79,17.17,1.0,318,0.15125360473632815,call,2026-11-30,SPY,762.3900146484375,2026-09-09T22:34:18.173642+00:00
775.0,16.15,16.26,16.21,14.0,617,0.15033808654785158,call,2026-11-30,SPY,762.3900146484375,2026-09-09T22:34:18.173642+00:00
776.0,15.64,15.74,15.77,2.0,135,0.14943782699584962,call,2026-11-30,SPY,762.3900146484375,2026-09-09T22:34:18.173642+00:00
777.0,15.13,15.23,15.43,14.0,353,0.14855282608032228,call,2026-11-30,SPY,762.3900146484375,2026-09-09T22:34:18.173642+00:00
778.0,14.62,14.73,14.53,5.0,523,0.14768308380126954,call,2026-11-30,SPY,762.3900146484375,2026-09-09T22:34:18.173642+00:00
779.0,14.15,14.25,15.99,4.0,873,0.14690489334106444,call,2026-11-30,SPY,762.3900146484375,2026-09-09T22:34:18.173642+00:00
780.0,13.67,13.77,13.54,159.0,3742,0.14605040969848632,call,2026-11-30,SPY,762.3900146484375,2026-09-09T22:34:18.173642+00:00
781.0,13.2,13.3,13.63,1.0,651,0.14522644332885742,call,2026-11-30,SPY,762.3900146484375,2026-09-09T22:34:18.173642+00:00
782.0,12.73,12.84,14.09,2.0,329,0.14440247695922853,call,2026-11-30,SPY,762.3900146484375,2026-09-09T22:34:18.173642+00:00
783.0,12.3,12.39,12.17,4.0,246,0.1435937692260742,call,2026-11-30,SPY,762.3900146484375,2026-09-09T22:34:18.173642+00:00
784.0,11.85,11.96,12.24,1.0,55,0.1428766133117676,call,2026-11-30,SPY,762.3900146484375,2026-09-09T22:34:18.173642+00:00
785.0,11.42,11.53,11.54,10.0,811,0.1420984228515625,call,2026-11-30,SPY,762.3900146484375,2026-09-09T22:34:18.173642+00:00
786.0,11.01,11.11,10.69,4.0,32,0.14133549102783205,call,2026-11-30,SPY,762.3900146484375,2026-09-09T22:34:18.173642+00:00
787.0,10.6,10.65,12.42,3.0,18,0.14019109329223634,call,2026-11-30,SPY,762.3900146484375,2026-09-09T22:34:18.173642+00:00
788.0,10.21,10.31,10.4,9.0,48,0.13990117919921874,call,2026-11-30,SPY,762.3900146484375,2026-09-09T22:34:18.173642+00:00
789.0,9.82,9.92,9.72,2.0,947,0.13916876464843753,call,2026-11-30,SPY,762.3900146484375,2026-09-09T22:34:18.173642+00:00
790.0,9.47,9.55,9.39,9.0,1413,0.13852790191650394,call,2026-11-30,SPY,762.3900146484375,2026-09-09T22:34:18.173642+00:00
791.0,9.09,9.18,10.57,1.0,12,0.1378260046386719,call,2026-11-30,SPY,762.3900146484375,2026-09-09T22:34:18.173642+00:00
792.0,8.74,8.83,8.66,2.0,14,0.13721565917968753,call,2026-11-30,SPY,762.3900146484375,2026-09-09T22:34:18.173642+00:00
793.0,8.4,8.45,8.62,1.0,459,0.13628488235473635,call,2026-11-30,SPY,762.3900146484375,2026-09-09T22:34:18.173642+00:00
794.0,8.05,8.1,9.0,4.0,31,0.13553720916748052,call,2026-11-30,SPY,762.3900146484375,2026-09-09T22:34:18.173642+00:00
795.0,7.74,7.8,7.83,6.0,561,0.13514048461914066,call,2026-11-30,SPY,762.3900146484375,2026-09-09T22:34:18.173642+00:00
796.0,7.43,7.52,7.51,13.0,153,0.13483531188964848,call,2026-11-30,SPY,762.3900146484375,2026-09-09T22:34:18.173642+00:00
797.0,7.12,7.21,7.99,4.0,211,0.13422496643066406,call,2026-11-30,SPY,762.3900146484375,2026-09-09T22:34:18.173642+00:00
798.0,6.83,6.9,10.67,2.0,2,0.13353832778930663,call,2026-11-30,SPY,762.3900146484375,2026-09-09T22:34:18.173642+00:00
799.0,6.55,6.63,7.71,1.0,11,0.13312634460449219,call,2026-11-30,SPY,762.3900146484375,2026-09-09T22:34:18.173642+00:00
800.0,6.29,6.32,6.45,36.0,2260,0.1323023782348633,call,2026-11-30,SPY,762.3900146484375,2026-09-09T22:34:18.173642+00:00
801.0,6.02,6.05,6.12,69.0,44,0.13175306732177733,call,2026-11-30,SPY,762.3900146484375,2026-09-09T22:34:18.173642+00:00
802.0,5.77,5.8,7.16,3.0,21,0.13132582550048827,call,2026-11-30,SPY,762.3900146484375,2026-09-09T22:34:18.173642+00:00
803.0,5.52,5.55,5.5,1.0,7,0.13083754913330076,call,2026-11-30,SPY,762.3900146484375,2026-09-09T22:34:18.173642+00:00
804.0,5.28,5.31,7.16,2.0,6,0.13036453140258786,call,2026-11-30,SPY,762.3900146484375,2026-09-09T22:34:18.173642+00:00
805.0,5.05,5.08,5.2,5.0,204,0.12992203094482419,call,2026-11-30,SPY,762.3900146484375,2026-09-09T22:34:18.173642+00:00
806.0,4.83,4.86,4.8,9.0,20404,0.1295100477600098,call,2026-11-30,SPY,762.3900146484375,2026-09-09T22:34:18.173642+00:00
807.0,4.61,4.64,4.39,203.0,19,0.12903703002929687,call,2026-11-30,SPY,762.3900146484375,2026-09-09T22:34:18.173642+00:00
808.0,4.41,4.44,4.54,320.0,283,0.12870134002685546,call,2026-11-30,SPY,762.3900146484375,2026-09-09T22:34:18.173642+00:00
809.0,4.21,4.24,4.31,4.0,116,0.128289356842041,call,2026-11-30,SPY,762.3900146484375,2026-09-09T22:34:18.173642+00:00
810.0,4.02,4.05,4.07,16.0,656,0.1279078909301758,call,2026-11-30,SPY,762.3900146484375,2026-09-09T22:34:18.173642+00:00
811.0,3.83,3.86,3.77,15.0,167,0.12748064910888673,call,2026-11-30,SPY,762.3900146484375,2026-09-09T22:34:18.173642+00:00
812.0,3.66,3.69,5.44,1.0,5,0.12720599365234375,call,2026-11-30,SPY,762.3900146484375,2026-09-09T22:34:18.173642+00:00
813.0,3.49,3.52,3.58,10.0,2,0.12683978637695312,call,2026-11-30,SPY,762.3900146484375,2026-09-09T22:34:18.173642+00:00
815.0,3.17,3.2,3.18,2.0,343,0.1261836650085449,call,2026-11-30,SPY,762.3900146484375,2026-09-09T22:34:18.173642+00:00
816.0,3.02,3.05,3.03,1.0,3,0.12586323364257812,call,2026-11-30,SPY,762.3900146484375,2026-09-09T22:34:18.173642+00:00
817.0,2.88,2.9,3.01,43.0,4,0.12549702636718751,call,2026-11-30,SPY,762.3900146484375,2026-09-09T22:34:18.173642+00:00
819.0,2.61,2.63,2.62,5.0,8,0.12491719818115235,call,2026-11-30,SPY,762.3900146484375,2026-09-09T22:34:18.173642+00:00
820.0,2.49,2.51,2.51,24.0,2607,0.12473409454345702,call,2026-11-30,SPY,762.3900146484375,2026-09-09T22:34:18.173642+00:00
825.0,1.93,1.95,1.99,100.0,157,0.12345236907958985,call,2026-11-30,SPY,762.3900146484375,2026-09-09T22:34:18.173642+00:00
830.0,1.5,1.52,1.57,63.0,1683,0.12268943725585937,call,2026-11-30,SPY,762.3900146484375,2026-09-09T22:34:18.173642+00:00
835.0,1.15,1.18,1.18,52.0,671,0.12207909179687501,call,2026-11-30,SPY,762.3900146484375,2026-09-09T22:34:18.173642+00:00
840.0,0.89,0.92,0.92,9.0,330,0.1218959881591797,call,2026-11-30,SPY,762.3900146484375,2026-09-09T22:34:18.173642+00:00
845.0,0.7,0.72,0.71,14.0,414,0.1218959881591797,call,2026-11-30,SPY,762.3900146484375,2026-09-09T22:34:18.173642+00:00
850.0,0.55,0.57,0.55,420.0,4989,0.12232322998046877,call,2026-11-30,SPY,762.3900146484375,2026-09-09T22:34:18.173642+00:00
855.0,0.43,0.45,0.45,4.0,122,0.12281150634765625,call,2026-11-30,SPY,762.3900146484375,2026-09-09T22:34:18.173642+00:00
860.0,0.35,0.36,0.37,9.0,657,0.1235439208984375,call,2026-11-30,SPY,762.3900146484375,2026-09-09T22:34:18.173642+00:00
865.0,0.28,0.3,0.29,8.0,802,0.12513081909179688,call,2026-11-30,SPY,762.3900146484375,2026-09-09T22:34:18.173642+00:00
870.0,0.23,0.25,0.35,2.0,1174,0.12659564819335936,call,2026-11-30,SPY,762.3900146484375,2026-09-09T22:34:18.173642+00:00
875.0,0.2,0.21,0.21,7.0,60,0.12818254638671872,call,2026-11-30,SPY,762.3900146484375,2026-09-09T22:34:18.173642+00:00
880.0,0.17,0.18,0.2,5.0,1102,0.13013565185546871,call,2026-11-30,SPY,762.3900146484375,2026-09-09T22:34:18.173642+00:00
885.0,0.14,0.15,0.15,1.0,236,0.13160048095703125,call,2026-11-30,SPY,762.3900146484375,2026-09-09T22:34:18.173642+00:00
890.0,0.12,0.13,0.2,1.0,259,0.13355358642578125,call,2026-11-30,SPY,762.3900146484375,2026-09-09T22:34:18.173642+00:00
895.0,0.1,0.12,0.13,2501.0,3260,0.13648324462890626,call,2026-11-30,SPY,762.3900146484375,2026-09-09T22:34:18.173642+00:00
900.0,0.09,0.1,0.09,20.0,3966,0.13770393554687502,call,2026-11-30,SPY,762.3900146484375,2026-09-09T22:34:18.173642+00:00
905.0,0.08,0.09,0.13,20.0,140,0.1401453173828125,call,2026-11-30,SPY,762.3900146484375,2026-09-09T22:34:18.173642+00:00
910.0,0.07,0.08,0.07,1.0,35,0.1420984228515625,call,2026-11-30,SPY,762.3900146484375,2026-09-09T22:34:18.173642+00:00
915.0,0.06,0.08,0.08,20.0,37,0.14600463378906248,call,2026-11-30,SPY,762.3900146484375,2026-09-09T22:34:18.173642+00:00
920.0,0.06,0.07,0.07,5.0,257,0.14795773925781253,call,2026-11-30,SPY,762.3900146484375,2026-09-09T22:34:18.173642+00:00
475.0,0.46,0.47,0.45,16.0,951,0.4335994140625,put,2026-11-30,SPY,762.3900146484375,2026-09-09T22:34:18.173642+00:00
480.0,0.48,0.5,0.5,1.0,54,0.42847251220703125,put,2026-11-30,SPY,762.3900146484375,2026-09-09T22:34:18.173642+00:00
485.0,0.51,0.52,0.47,1.0,160,0.42212491943359376,put,2026-11-30,SPY,762.3900146484375,2026-09-09T22:34:18.173642+00:00
490.0,0.54,0.55,0.51,1.0,74,0.41663181030273433,put,2026-11-30,SPY,762.3900146484375,2026-09-09T22:34:18.173642+00:00
495.0,0.56,0.58,0.49,1.0,15,0.4110166320800781,put,2026-11-30,SPY,762.3900146484375,2026-09-09T22:34:18.173642+00:00
500.0,0.59,0.6,0.58,22.0,360,0.40430283203125,put,2026-11-30,SPY,762.3900146484375,2026-09-09T22:34:18.173642+00:00
505.0,0.62,0.64,0.57,1.0,128,0.39942006835937505,put,2026-11-30,SPY,762.3900146484375,2026-09-09T22:34:18.173642+00:00
510.0,0.66,0.67,0.62,7.0,73,0.393560751953125,put,2026-11-30,SPY,762.3900146484375,2026-09-09T22:34:18.173642+00:00
515.0,0.69,0.7,0.59,1.0,39,0.3874572973632812,put,2026-11-30,SPY,762.3900146484375,2026-09-09T22:34:18.173642+00:00
520.0,0.73,0.74,0.69,3.0,22,0.3820862573242187,put,2026-11-30,SPY,762.3900146484375,2026-09-09T22:34:18.173642+00:00
525.0,0.76,0.78,0.74,200.0,163,0.3767152172851562,put,2026-11-30,SPY,762.3900146484375,2026-09-09T22:34:18.173642+00:00
530.0,0.8,0.82,0.72,5.0,540,0.3709779699707031,put,2026-11-30,SPY,762.3900146484375,2026-09-09T22:34:18.173642+00:00
535.0,0.85,0.86,0.81,20.0,151,0.36524072265625,put,2026-11-30,SPY,762.3900146484375,2026-09-09T22:34:18.173642+00:00
540.0,0.89,0.9,0.79,1.0,190,0.35938140625,put,2026-11-30,SPY,762.3900146484375,2026-09-09T22:34:18.173642+00:00
545.0,0.94,0.95,0.84,5.0,59,0.3540103662109374,put,2026-11-30,SPY,762.3900146484375,2026-09-09T22:34:18.173642+00:00
550.0,0.99,1.0,0.88,28.0,746,0.3485172570800781,put,2026-11-30,SPY,762.3900146484375,2026-09-09T22:34:18.173642+00:00
555.0,1.04,1.05,0.99,2.0,115,0.3428410443115234,put,2026-11-30,SPY,762.3900146484375,2026-09-09T22:34:18.173642+00:00
560.0,1.09,1.11,1.0,3.0,953,0.3375310388183594,put,2026-11-30,SPY,762.3900146484375,2026-09-09T22:34:18.173642+00:00
565.0,1.15,1.17,1.17,1.0,593,0.3321599987792969,put,2026-11-30,SPY,762.3900146484375,2026-09-09T22:34:18.173642+00:00
570.0,1.22,1.23,1.16,1.0,674,0.3265448205566406,put,2026-11-30,SPY,762.3900146484375,2026-09-09T22:34:18.173642+00:00
575.0,1.28,1.3,1.26,6.0,730,0.3212348150634765,put,2026-11-30,SPY,762.3900146484375,2026-09-09T22:34:18.173642+00:00
580.0,1.35,1.37,1.16,1.0,420,0.31580274047851553,put,2026-11-30,SPY,762.3900146484375,2026-09-09T22:34:18.173642+00:00
581.0,1.37,1.38,1.35,,18,0.31452101501464835,put,2026-11-30,SPY,762.3900146484375,2026-09-09T22:34:18.173642+00:00
585.0,1.43,1.44,1.2,2.0,1091,0.31018756225585936,put,2026-11-30,SPY,762.3900146484375,2026-09-09T22:34:18.173642+00:00
586.0,1.44,1.46,1.22,2.0,2,0.30927204406738285,put,2026-11-30,SPY,762.3900146484375,2026-09-09T22:34:18.173642+00:00
587.0,1.46,1.48,1.23,1.0,1,0.3083565258789062,put,2026-11-30,SPY,762.3900146484375,2026-09-09T22:34:18.173642+00:00
588.0,1.47,1.49,1.24,1.0,1,0.3070137658691406,put,2026-11-30,SPY,762.3900146484375,2026-09-09T22:34:18.173642+00:00
589.0,1.49,1.51,1.31,2.0,2,0.30609824768066407,put,2026-11-30,SPY,762.3900146484375,2026-09-09T22:34:18.173642+00:00
590.0,1.5,1.52,1.47,1.0,476,0.3048165222167969,put,2026-11-30,SPY,762.3900146484375,2026-09-09T22:34:18.173642+00:00
593.0,1.55,1.57,1.81,,10,0.30152065673828127,put,2026-11-30,SPY,762.3900146484375,2026-09-09T22:34:18.173642+00:00
595.0,1.59,1.61,1.57,2.0,226,0.2995675512695312,put,2026-11-30,SPY,762.3900146484375,2026-09-09T22:34:18.173642+00:00
596.0,1.61,1.63,1.34,1.0,5,0.2985909985351562,put,2026-11-30,SPY,762.3900146484375,2026-09-09T22:34:18.173642+00:00
598.0,1.64,1.66,1.67,,7,0.29621065124511714,put,2026-11-30,SPY,762.3900146484375,2026-09-09T22:34:18.173642+00:00
599.0,1.66,1.68,1.47,2.0,9,0.2952340985107421,put,2026-11-30,SPY,762.3900146484375,2026-09-09T22:34:18.173642+00:00
600.0,1.68,1.7,1.63,1.0,434,0.2941965112304687,put,2026-11-30,SPY,762.3900146484375,2026-09-09T22:34:18.173642+00:00
601.0,1.7,1.72,1.49,1.0,2,0.29315892395019527,put,2026-11-30,SPY,762.3900146484375,2026-09-09T22:34:18.173642+00:00
603.0,1.73,1.76,1.98,,3,0.2910837493896483,put,2026-11-30,SPY,762.3900146484375,2026-09-09T22:34:18.173642+00:00
605.0,1.77,1.79,1.99,50.0,809,0.28864236755371087,put,2026-11-30,SPY,762.3900146484375,2026-09-09T22:34:18.173642+00:00
606.0,1.79,1.82,2.08,,9,0.28784891845703114,put,2026-11-30,SPY,762.3900146484375,2026-09-09T22:34:18.173642+00:00
608.0,1.83,1.86,1.97,,2,0.2857127093505859,put,2026-11-30,SPY,762.3900146484375,2026-09-09T22:34:18.173642+00:00
609.0,1.85,1.88,1.8,3.0,5,0.284614087524414,put,2026-11-30,SPY,762.3900146484375,2026-09-09T22:34:18.173642+00:00
610.0,1.88,1.9,1.82,1.0,818,0.28351546569824215,put,2026-11-30,SPY,762.3900146484375,2026-09-09T22:34:18.173642+00:00
611.0,1.9,1.92,2.16,,6,0.2823558093261719,put,2026-11-30,SPY,762.3900146484375,2026-09-09T22:34:18.173642+00:00
612.0,1.92,1.94,1.93,20022.0,20400,0.28125718749999995,put,2026-11-30,SPY,762.3900146484375,2026-09-09T22:34:18.173642+00:00
615.0,1.98,2.01,1.73,5.0,633,0.27814442565917963,put,2026-11-30,SPY,762.3900146484375,2026-09-09T22:34:18.173642+00:00
616.0,2.01,2.03,2.12,1.0,4,0.27698476928710936,put,2026-11-30,SPY,762.3900146484375,2026-09-09T22:34:18.173642+00:00
617.0,2.03,2.05,2.11,,1,0.275825112915039,put,2026-11-30,SPY,762.3900146484375,2026-09-09T22:34:18.173642+00:00
618.0,2.05,2.08,2.03,2.0,1,0.27497062927246096,put,2026-11-30,SPY,762.3900146484375,2026-09-09T22:34:18.173642+00:00
619.0,2.08,2.1,2.39,,9,0.27378045562744135,put,2026-11-30,SPY,762.3900146484375,2026-09-09T22:34:18.173642+00:00
620.0,2.1,2.12,2.03,9.0,489,0.27259028198242186,put,2026-11-30,SPY,762.3900146484375,2026-09-09T22:34:18.173642+00:00
624.0,2.2,2.23,2.29,,1,0.2686230364990234,put,2026-11-30,SPY,762.3900146484375,2026-09-09T22:34:18.173642+00:00
625.0,2.23,2.25,2.15,1.0,414,0.2674023455810547,put,2026-11-30,SPY,762.3900146484375,2026-09-09T22:34:18.173642+00:00
627.0,2.28,2.31,2.31,,3,0.26544924011230464,put,2026-11-30,SPY,762.3900146484375,2026-09-09T22:34:18.173642+00:00
630.0,2.36,2.39,2.27,1.0,222,0.2621838919067383,put,2026-11-30,SPY,762.3900146484375,2026-09-09T22:34:18.173642+00:00
631.0,2.39,2.42,2.16,3.0,7,0.26117682189941405,put,2026-11-30,SPY,762.3900146484375,2026-09-09T22:34:18.173642+00:00
633.0,2.45,2.47,2.02,1.0,1,0.2588575091552735,put,2026-11-30,SPY,762.3900146484375,2026-09-09T22:34:18.173642+00:00
635.0,2.51,2.53,2.17,16.0,66,0.2567518173217773,put,2026-11-30,SPY,762.3900146484375,2026-09-09T22:34:18.173642+00:00
636.0,2.54,2.57,2.45,1.0,6,0.25592785095214843,put,2026-11-30,SPY,762.3900146484375,2026-09-09T22:34:18.173642+00:00
638.0,2.6,2.63,2.52,21.0,2,0.2537306072998047,put,2026-11-30,SPY,762.3900146484375,2026-09-09T22:34:18.173642+00:00
639.0,2.63,2.66,2.56,2.0,1,0.25263198547363286,put,2026-11-30,SPY,762.3900146484375,2026-09-09T22:34:18.173642+00:00
640.0,2.67,2.69,2.34,20.0,585,0.25153336364746093,put,2026-11-30,SPY,762.3900146484375,2026-09-09T22:34:18.173642+00:00
643.0,2.77,2.79,2.55,,1,0.2483595672607422,put,2026-11-30,SPY,762.3900146484375,2026-09-09T22:34:18.173642+00:00
645.0,2.84,2.86,2.46,3.0,48,0.2462843927001953,put,2026-11-30,SPY,762.3900146484375,2026-09-09T22:34:18.173642+00:00
646.0,2.87,2.9,2.92,,2,0.2453078399658203,put,2026-11-30,SPY,762.3900146484375,2026-09-09T22:34:18.173642+00:00
647.0,2.91,2.94,2.68,,6,0.24433128723144532,put,2026-11-30,SPY,762.3900146484375,2026-09-09T22:34:18.173642+00:00
648.0,2.95,2.97,2.52,,2,0.243171630859375,put,2026-11-30,SPY,762.3900146484375,2026-09-09T22:34:18.173642+00:00
649.0,2.98,3.01,2.99,1.0,60,0.2421645608520508,put,2026-11-30,SPY,762.3900146484375,2026-09-09T22:34:18.173642+00:00
650.0,3.02,3.05,2.93,73.0,446,0.24115749084472654,put,2026-11-30,SPY,762.3900146484375,2026-09-09T22:34:18.173642+00:00
651.0,3.06,3.09,2.55,3.0,5,0.2401504208374023,put,2026-11-30,SPY,762.3900146484375,2026-09-09T22:34:18.173642+00:00
652.0,3.1,3.13,2.85,1.0,154,0.23911283355712887,put,2026-11-30,SPY,762.3900146484375,2026-09-09T22:34:18.173642+00:00
653.0,3.14,3.17,2.88,,1,0.23807524627685545,put,2026-11-30,SPY,762.3900146484375,2026-09-09T22:34:18.173642+00:00
655.0,3.23,3.25,3.14,62.0,766,0.23593903717041015,put,2026-11-30,SPY,762.3900146484375,2026-09-09T22:34:18.173642+00:00
656.0,3.26,3.29,3.0,,2,0.2348709326171875,put,2026-11-30,SPY,762.3900146484375,2026-09-09T22:34:18.173642+00:00
657.0,3.31,3.34,2.68,2.0,1,0.23395541442871093,put,2026-11-30,SPY,762.3900146484375,2026-09-09T22:34:18.173642+00:00
658.0,3.36,3.38,3.64,,1,0.23285679260253905,put,2026-11-30,SPY,762.3900146484375,2026-09-09T22:34:18.173642+00:00
659.0,3.4,3.42,3.31,1.0,13,0.23172765350341795,put,2026-11-30,SPY,762.3900146484375,2026-09-09T22:34:18.173642+00:00
660.0,3.44,3.47,3.37,10.0,769,0.2307816180419922,put,2026-11-30,SPY,762.3900146484375,2026-09-09T22:34:18.173642+00:00
661.0,3.49,3.51,3.19,1.0,4,0.2296524789428711,put,2026-11-30,SPY,762.3900146484375,2026-09-09T22:34:18.173642+00:00
662.0,3.54,3.56,2.85,2.0,0,0.22867592620849608,put,2026-11-30,SPY,762.3900146484375,2026-09-09T22:34:18.173642+00:00
663.0,3.58,3.61,3.5,2.0,2,0.22766885620117186,put,2026-11-30,SPY,762.3900146484375,2026-09-09T22:34:18.173642+00:00
664.0,3.63,3.65,3.53,2.0,9,0.22650919982910156,put,2026-11-30,SPY,762.3900146484375,2026-09-09T22:34:18.173642+00:00
665.0,3.68,3.7,3.6,192.0,291,0.2255021298217773,put,2026-11-30,SPY,762.3900146484375,2026-09-09T22:34:18.173642+00:00
666.0,3.73,3.75,3.75,8.0,4,0.2244645425415039,put,2026-11-30,SPY,762.3900146484375,2026-09-09T22:34:18.173642+00:00
668.0,3.83,3.86,3.74,35.0,5,0.2225114370727539,put,2026-11-30,SPY,762.3900146484375,2026-09-09T22:34:18.173642+00:00
670.0,3.94,3.96,3.86,11.0,557,0.22037522796630854,put,2026-11-30,SPY,762.3900146484375,2026-09-09T22:34:18.173642+00:00
671.0,3.99,4.02,3.89,2.0,2,0.2194291925048828,put,2026-11-30,SPY,762.3900146484375,2026-09-09T22:34:18.173642+00:00
672.0,4.05,4.07,4.05,5.0,8,0.2183000534057617,put,2026-11-30,SPY,762.3900146484375,2026-09-09T22:34:18.173642+00:00
673.0,4.1,4.13,4.01,4.0,149,0.21735401794433595,put,2026-11-30,SPY,762.3900146484375,2026-09-09T22:34:18.173642+00:00
674.0,4.16,4.18,4.18,265.0,105,0.2161943615722656,put,2026-11-30,SPY,762.3900146484375,2026-09-09T22:34:18.173642+00:00
675.0,4.22,4.24,4.14,30.0,305,0.21518729156494143,put,2026-11-30,SPY,762.3900146484375,2026-09-09T22:34:18.173642+00:00
676.0,4.28,4.3,4.2,3.0,154,0.21418022155761718,put,2026-11-30,SPY,762.3900146484375,2026-09-09T22:34:18.173642+00:00
677.0,4.34,4.36,3.68,34.0,272,0.21314263427734376,put,2026-11-30,SPY,762.3900146484375,2026-09-09T22:34:18.173642+00:00
678.0,4.4,4.42,4.51,1.0,184,0.21210504699707028,put,2026-11-30,SPY,762.3900146484375,2026-09-09T22:34:18.173642+00:00
679.0,4.46,4.49,4.39,1.0,395,0.2111895288085937,put,2026-11-30,SPY,762.3900146484375,2026-09-09T22:34:18.173642+00:00
680.0,4.53,4.55,4.47,20.0,363,0.21009090698242186,put,2026-11-30,SPY,762.3900146484375,2026-09-09T22:34:18.173642+00:00
681.0,4.59,4.61,3.88,255.0,273,0.20899228515624996,put,2026-11-30,SPY,762.3900146484375,2026-09-09T22:34:18.173642+00:00
682.0,4.66,4.68,3.72,1.0,17,0.20804624969482416,put,2026-11-30,SPY,762.3900146484375,2026-09-09T22:34:18.173642+00:00
683.0,4.72,4.75,4.53,3.0,279,0.20703917968749996,put,2026-11-30,SPY,762.3900146484375,2026-09-09T22:34:18.173642+00:00
684.0,4.79,4.82,4.72,11.0,18837,0.20603210968017577,put,2026-11-30,SPY,762.3900146484375,2026-09-09T22:34:18.173642+00:00
685.0,4.86,4.89,4.8,51.0,4281,0.20502503967285152,put,2026-11-30,SPY,762.3900146484375,2026-09-09T22:34:18.173642+00:00
686.0,4.93,4.96,4.16,221.0,249,0.2039874523925781,put,2026-11-30,SPY,762.3900146484375,2026-09-09T22:34:18.173642+00:00
687.0,5.0,5.03,4.21,2.0,5,0.20291934783935545,put,2026-11-30,SPY,762.3900146484375,2026-09-09T22:34:18.173642+00:00
688.0,5.08,5.1,4.99,1.0,130,0.2018512432861328,put,2026-11-30,SPY,762.3900146484375,2026-09-09T22:34:18.173642+00:00
689.0,5.15,5.18,4.34,27.0,223,0.2008899491882324,put,2026-11-30,SPY,762.3900146484375,2026-09-09T22:34:18.173642+00:00
690.0,5.23,5.26,5.25,56.0,408,0.1998981378173828,put,2026-11-30,SPY,762.3900146484375,2026-09-09T22:34:18.173642+00:00
691.0,5.31,5.33,5.2,1.0,31,0.19878425735473632,put,2026-11-30,SPY,762.3900146484375,2026-09-09T22:34:18.173642+00:00
692.0,5.39,5.41,5.41,2.0,1112,0.1977619287109375,put,2026-11-30,SPY,762.3900146484375,2026-09-09T22:34:18.173642+00:00
693.0,5.47,5.49,4.6,1.0,51,0.19672434143066403,put,2026-11-30,SPY,762.3900146484375,2026-09-09T22:34:18.173642+00:00
694.0,5.55,5.58,4.66,4.0,72,0.1958088232421875,put,2026-11-30,SPY,762.3900146484375,2026-09-09T22:34:18.173642+00:00
695.0,5.63,5.66,5.49,64.0,486,0.1947407186889648,put,2026-11-30,SPY,762.3900146484375,2026-09-09T22:34:18.173642+00:00
696.0,5.72,5.75,4.99,2.0,14,0.19376416595458984,put,2026-11-30,SPY,762.3900146484375,2026-09-09T22:34:18.173642+00:00
697.0,5.81,5.83,6.0,3.0,174,0.19265028549194335,put,2026-11-30,SPY,762.3900146484375,2026-09-09T22:34:18.173642+00:00
698.0,5.9,5.92,5.8,3.0,255,0.19164321548461916,put,2026-11-30,SPY,762.3900146484375,2026-09-09T22:34:18.173642+00:00
699.0,5.99,6.02,6.09,4.0,71,0.19072769729614258,put,2026-11-30,SPY,762.3900146484375,2026-09-09T22:34:18.173642+00:00
700.0,6.08,6.11,5.97,165.0,1407,0.18967485137939455,put,2026-11-30,SPY,762.3900146484375,2026-09-09T22:34:18.173642+00:00
701.0,6.18,6.2,6.04,2.0,21,0.18860674682617187,put,2026-11-30,SPY,762.3900146484375,2026-09-09T22:34:18.173642+00:00
702.0,6.27,6.3,5.12,5.0,105,0.18763019409179688,put,2026-11-30,SPY,762.3900146484375,2026-09-09T22:34:18.173642+00:00
703.0,6.37,6.4,6.13,1.0,11,0.18662312408447268,put,2026-11-30,SPY,762.3900146484375,2026-09-09T22:34:18.173642+00:00
704.0,6.47,6.5,6.37,1.0,186,0.18560079544067382,put,2026-11-30,SPY,762.3900146484375,2026-09-09T22:34:18.173642+00:00
705.0,6.57,6.6,6.62,6.0,470,0.18454794952392578,put,2026-11-30,SPY,762.3900146484375,2026-09-09T22:34:18.173642+00:00
706.0,6.68,6.71,6.57,3.0,254,0.18360191406249998,put,2026-11-30,SPY,762.3900146484375,2026-09-09T22:34:18.173642+00:00
707.0,6.79,6.81,6.7,46.0,187,0.1825032922363281,put,2026-11-30,SPY,762.3900146484375,2026-09-09T22:34:18.173642+00:00
708.0,6.89,6.92,6.85,1.0,37,0.18151148086547853,put,2026-11-30,SPY,762.3900146484375,2026-09-09T22:34:18.173642+00:00
709.0,7.0,7.03,6.9,38.0,438,0.1804891522216797,put,2026-11-30,SPY,762.3900146484375,2026-09-09T22:34:18.173642+00:00
710.0,7.12,7.15,7.15,18.0,457,0.17954311676025392,put,2026-11-30,SPY,762.3900146484375,2026-09-09T22:34:18.173642+00:00
711.0,7.23,7.26,7.12,1.0,214,0.17845975357055666,put,2026-11-30,SPY,762.3900146484375,2026-09-09T22:34:18.173642+00:00
712.0,7.35,7.38,6.28,1.0,1254,0.17746794219970702,put,2026-11-30,SPY,762.3900146484375,2026-09-09T22:34:18.173642+00:00
713.0,7.47,7.5,6.23,5.0,17,0.1764456135559082,put,2026-11-30,SPY,762.3900146484375,2026-09-09T22:34:18.173642+00:00
714.0,7.59,7.63,7.5,3.0,240,0.1754995780944824,put,2026-11-30,SPY,762.3900146484375,2026-09-09T22:34:18.173642+00:00
715.0,7.72,7.75,7.52,1.0,237,0.17443147354125982,put,2026-11-30,SPY,762.3900146484375,2026-09-09T22:34:18.173642+00:00
716.0,7.85,7.88,6.86,1.0,89,0.17343966217041018,put,2026-11-30,SPY,762.3900146484375,2026-09-09T22:34:18.173642+00:00
717.0,7.98,8.01,8.04,1.0,65,0.17240207489013676,put,2026-11-30,SPY,762.3900146484375,2026-09-09T22:34:18.173642+00:00
718.0,8.12,8.15,8.02,29.0,358,0.17145603942871096,put,2026-11-30,SPY,762.3900146484375,2026-09-09T22:34:18.173642+00:00
719.0,8.25,8.29,7.11,1.0,24,0.170479486694336,put,2026-11-30,SPY,762.3900146484375,2026-09-09T22:34:18.173642+00:00
720.0,8.39,8.43,8.23,42.0,888,0.16945715805053713,put,2026-11-30,SPY,762.3900146484375,2026-09-09T22:34:18.173642+00:00
721.0,8.54,8.57,8.79,2.0,190,0.16843482940673832,put,2026-11-30,SPY,762.3900146484375,2026-09-09T22:34:18.173642+00:00
722.0,8.68,8.72,7.02,8.0,64,0.1674582766723633,put,2026-11-30,SPY,762.3900146484375,2026-09-09T22:34:18.173642+00:00
723.0,8.83,8.87,8.86,37.0,248,0.1664512066650391,put,2026-11-30,SPY,762.3900146484375,2026-09-09T22:34:18.173642+00:00
724.0,8.98,9.02,8.79,2.0,393,0.16541361938476565,put,2026-11-30,SPY,762.3900146484375,2026-09-09T22:34:18.173642+00:00
725.0,9.14,9.17,9.16,80.0,885,0.16436077346801758,put,2026-11-30,SPY,762.3900146484375,2026-09-09T22:34:18.173642+00:00
726.0,9.3,9.33,9.01,1.0,96,0.163368962097168,put,2026-11-30,SPY,762.3900146484375,2026-09-09T22:34:18.173642+00:00
727.0,9.46,9.5,9.31,6.0,20439,0.1624229266357422,put,2026-11-30,SPY,762.3900146484375,2026-09-09T22:34:18.173642+00:00
728.0,9.63,9.67,8.51,1.0,312,0.16144637390136718,put,2026-11-30,SPY,762.3900146484375,2026-09-09T22:34:18.173642+00:00
729.0,9.77,9.88,8.45,22.0,91,0.1607749938964844,put,2026-11-30,SPY,762.3900146484375,2026-09-09T22:34:18.173642+00:00
730.0,9.94,10.06,10.06,84.0,804,0.15981369979858395,put,2026-11-30,SPY,762.3900146484375,2026-09-09T22:34:18.173642+00:00
731.0,10.12,10.24,9.89,1.0,63,0.1588218884277344,put,2026-11-30,SPY,762.3900146484375,2026-09-09T22:34:18.173642+00:00
732.0,10.3,10.42,8.11,3.0,31,0.15779955978393556,put,2026-11-30,SPY,762.3900146484375,2026-09-09T22:34:18.173642+00:00
733.0,10.49,10.61,10.19,2.0,47,0.1568382656860352,put,2026-11-30,SPY,762.3900146484375,2026-09-09T22:34:18.173642+00:00
734.0,10.68,10.79,10.99,1.0,100,0.15573964385986327,put,2026-11-30,SPY,762.3900146484375,2026-09-09T22:34:18.173642+00:00
735.0,10.86,11.0,10.76,2.0,481,0.1548699015808106,put,2026-11-30,SPY,762.3900146484375,2026-09-09T22:34:18.173642+00:00
736.0,11.06,11.2,9.94,2.0,184,0.15386283157348635,put,2026-11-30,SPY,762.3900146484375,2026-09-09T22:34:18.173642+00:00
737.0,11.27,11.4,10.94,2.0,184,0.15284050292968754,put,2026-11-30,SPY,762.3900146484375,2026-09-09T22:34:18.173642+00:00
738.0,11.48,11.61,11.91,1.0,391,0.1518486915588379,put,2026-11-30,SPY,762.3900146484375,2026-09-09T22:34:18.173642+00:00
739.0,11.69,11.83,10.24,13.0,174,0.15090265609741216,put,2026-11-30,SPY,762.3900146484375,2026-09-09T22:34:18.173642+00:00
740.0,11.92,12.04,12.06,42.0,1771,0.14983455154418945,put,2026-11-30,SPY,762.3900146484375,2026-09-09T22:34:18.173642+00:00
741.0,12.14,12.27,11.97,3.0,115,0.14888851608276366,put,2026-11-30,SPY,762.3900146484375,2026-09-09T22:34:18.173642+00:00
742.0,12.37,12.5,12.13,18.0,254,0.1479119633483887,put,2026-11-30,SPY,762.3900146484375,2026-09-09T22:34:18.173642+00:00
743.0,12.6,12.72,12.6,4.0,97,0.1468133415222168,put,2026-11-30,SPY,762.3900146484375,2026-09-09T22:34:18.173642+00:00
744.0,12.84,12.98,13.23,4.0,49,0.14597411651611325,put,2026-11-30,SPY,762.3900146484375,2026-09-09T22:34:18.173642+00:00
745.0,13.09,13.23,12.9,26.0,281,0.1450128224182129,put,2026-11-30,SPY,762.3900146484375,2026-09-09T22:34:18.173642+00:00
746.0,13.34,13.48,13.56,5.0,508,0.14402101104736326,put,2026-11-30,SPY,762.3900146484375,2026-09-09T22:34:18.173642+00:00
747.0,13.59,13.74,12.49,1.0,61,0.1430597169494629,put,2026-11-30,SPY,762.3900146484375,2026-09-09T22:34:18.173642+00:00
748.0,13.85,14.0,12.51,1.0,364,0.14205264694213865,put,2026-11-30,SPY,762.3900146484375,2026-09-09T22:34:18.173642+00:00
749.0,14.12,14.27,13.06,7.0,455,0.14106846488952637,put,2026-11-30,SPY,762.3900146484375,2026-09-09T22:34:18.173642+00:00
750.0,14.41,14.55,14.58,146.0,2331,0.14011480010986327,put,2026-11-30,SPY,762.3900146484375,2026-09-09T22:34:18.173642+00:00
751.0,14.69,14.83,15.0,2.0,63,0.1391229887390137,put,2026-11-30,SPY,762.3900146484375,2026-09-09T22:34:18.173642+00:00
752.0,14.98,15.13,15.01,10.0,213,0.13822272918701173,put,2026-11-30,SPY,762.3900146484375,2026-09-09T22:34:18.173642+00:00
753.0,15.27,15.43,14.24,5.0,73,0.13727669372558599,put,2026-11-30,SPY,762.3900146484375,2026-09-09T22:34:18.173642+00:00
754.0,15.59,15.73,15.62,5.0,91,0.13626962371826173,put,2026-11-30,SPY,762.3900146484375,2026-09-09T22:34:18.173642+00:00
755.0,15.9,16.02,16.04,18.0,213,0.13515574325561525,put,2026-11-30,SPY,762.3900146484375,2026-09-09T22:34:18.173642+00:00
756.0,16.22,16.34,16.28,7.0,47,0.13420970779418945,put,2026-11-30,SPY,762.3900146484375,2026-09-09T22:34:18.173642+00:00
757.0,16.53,16.7,17.13,1.0,298,0.13347729324340818,put,2026-11-30,SPY,762.3900146484375,2026-09-09T22:34:18.173642+00:00
758.0,16.88,17.03,16.6,6.0,154,0.1324854818725586,put,2026-11-30,SPY,762.3900146484375,2026-09-09T22:34:18.173642+00:00
759.0,17.22,17.37,17.38,2.0,198,0.13152418777465819,put,2026-11-30,SPY,762.3900146484375,2026-09-09T22:34:18.173642+00:00
760.0,17.58,17.72,17.32,70.0,2247,0.13056289367675777,put,2026-11-30,SPY,762.3900146484375,2026-09-09T22:34:18.173642+00:00
761.0,17.93,18.08,18.12,8.0,868,0.12962448753356934,put,2026-11-30,SPY,762.3900146484375,2026-09-09T22:34:18.173642+00:00
762.0,18.29,18.42,18.37,56.0,133,0.12848771911621093,put,2026-11-30,SPY,762.3900146484375,2026-09-09T22:34:18.173642+00:00
763.0,18.68,18.83,18.48,111.0,121,0.12777819252014158,put,2026-11-30,SPY,762.3900146484375,2026-09-09T22:34:18.173642+00:00
764.0,19.06,19.22,19.06,3.0,71,0.12687030364990232,put,2026-11-30,SPY,762.3900146484375,2026-09-09T22:34:18.173642+00:00
765.0,19.45,19.61,19.45,14.0,455,0.12590900955200196,put,2026-11-30,SPY,762.3900146484375,2026-09-09T22:34:18.173642+00:00
766.0,19.86,20.03,17.3,3.0,571,0.12508504318237307,put,2026-11-30,SPY,762.3900146484375,2026-09-09T22:34:18.173642+00:00
767.0,20.28,20.43,20.02,71.0,264,0.12406271453857423,put,2026-11-30,SPY,762.3900146484375,2026-09-09T22:34:18.173642+00:00
768.0,20.7,20.86,20.37,6.0,250,0.1231929722595215,put,2026-11-30,SPY,762.3900146484375,2026-09-09T22:34:18.173642+00:00
769.0,21.14,21.29,20.85,32.0,631,0.12224693679809573,put,2026-11-30,SPY,762.3900146484375,2026-09-09T22:34:18.173642+00:00
770.0,21.59,21.73,21.6,101.0,738,0.12131615997314452,put,2026-11-30,SPY,762.3900146484375,2026-09-09T22:34:18.173642+00:00
771.0,22.04,22.19,22.39,3.0,289,0.12044641769409178,put,2026-11-30,SPY,762.3900146484375,2026-09-09T22:34:18.173642+00:00
772.0,22.49,22.67,22.56,6.0,143,0.1196605979156494,put,2026-11-30,SPY,762.3900146484375,2026-09-09T22:34:18.173642+00:00
773.0,22.99,23.14,22.38,1.0,351,0.11872982109069824,put,2026-11-30,SPY,762.3900146484375,2026-09-09T22:34:18.173642+00:00
774.0,23.46,23.63,23.11,13.0,456,0.1178677081298828,put,2026-11-30,SPY,762.3900146484375,2026-09-09T22:34:18.173642+00:00
775.0,23.98,24.13,24.04,13.0,1306,0.11699796585083008,put,2026-11-30,SPY,762.3900146484375,2026-09-09T22:34:18.173642+00:00
776.0,23.85,25.28,24.72,3.0,101,0.12073633178710938,put,2026-11-30,SPY,762.3900146484375,2026-09-09T22:34:18.173642+00:00
777.0,24.35,25.49,25.53,1.0,182,0.11765408721923828,put,2026-11-30,SPY,762.3900146484375,2026-09-09T22:34:18.173642+00:00
778.0,24.87,26.37,19.97,145.0,150,0.11936305450439452,put,2026-11-30,SPY,762.3900146484375,2026-09-09T22:34:18.173642+00:00
779.0,25.38,26.93,21.26,3.0,762,0.1186764158630371,put,2026-11-30,SPY,762.3900146484375,2026-09-09T22:34:18.173642+00:00
780.0,26.61,27.5,26.8,16.0,167,0.11798977722167968,put,2026-11-30,SPY,762.3900146484375,2026-09-09T22:34:18.173642+00:00
781.0,26.47,28.09,22.68,1.0,126,0.11737943176269532,put,2026-11-30,SPY,762.3900146484375,2026-09-09T22:34:18.173642+00:00
782.0,27.04,28.68,24.33,2.0,2,0.1166927931213379,put,2026-11-30,SPY,762.3900146484375,2026-09-09T22:34:18.173642+00:00
783.0,28.09,30.0,28.3,1.0,3,0.12148400497436523,put,2026-11-30,SPY,762.3900146484375,2026-09-09T22:34:18.173642+00:00
785.0,28.81,30.54,27.48,1.0,150,0.11486175674438476,put,2026-11-30,SPY,762.3900146484375,2026-09-09T22:34:18.173642+00:00
786.0,29.44,31.19,25.63,,65,0.11434296310424805,put,2026-11-30,SPY,762.3900146484375,2026-09-09T22:34:18.173642+00:00
789.0,30.53,34.05,28.59,31.0,32,0.11975977905273436,put,2026-11-30,SPY,762.3900146484375,2026-09-09T22:34:18.173642+00:00
790.0,31.57,34.31,33.0,16.0,290,0.11579253356933594,put,2026-11-30,SPY,762.3900146484375,2026-09-09T22:34:18.173642+00:00
794.0,34.38,37.59,34.05,1.0,17,0.11780667358398436,put,2026-11-30,SPY,762.3900146484375,2026-09-09T22:34:18.173642+00:00
795.0,34.82,38.34,37.15,1.0,19,0.11756253540039063,put,2026-11-30,SPY,762.3900146484375,2026-09-09T22:34:18.173642+00:00
800.0,38.74,42.27,32.03,1.0,45,0.1170437417602539,put,2026-11-30,SPY,762.3900146484375,2026-09-09T22:34:18.173642+00:00
805.0,42.95,46.48,40.82,3.0,7,0.11780667358398436,put,2026-11-30,SPY,762.3900146484375,2026-09-09T22:34:18.173642+00:00
810.0,47.41,50.93,48.35,1.0,85,0.11997339996337889,put,2026-11-30,SPY,762.3900146484375,2026-09-09T22:34:18.173642+00:00
813.0,50.19,53.71,49.03,,2,0.12214012634277345,put,2026-11-30,SPY,762.3900146484375,2026-09-09T22:34:18.173642+00:00
815.0,52.07,55.59,47.5,1.0,12,0.12378805908203125,put,2026-11-30,SPY,762.3900146484375,2026-09-09T22:34:18.173642+00:00
820.0,56.87,60.39,54.82,2.0,4,0.12883866775512692,put,2026-11-30,SPY,762.3900146484375,2026-09-09T22:34:18.173642+00:00
825.0,61.75,65.27,56.18,1.0,19,0.13459117370605472,put,2026-11-30,SPY,762.3900146484375,2026-09-09T22:34:18.173642+00:00
830.0,66.68,70.2,61.0,15.0,4,0.1408166973876953,put,2026-11-30,SPY,762.3900146484375,2026-09-09T22:34:18.173642+00:00
835.0,64.54,68.06,98.95,,1,1.0000000000000003e-05,put,2026-11-30,SPY,762.3900146484375,2026-09-09T22:34:18.173642+00:00
840.0,76.61,80.13,61.99,26.0,0,0.15375602111816405,put,2026-11-30,SPY,762.3900146484375,2026-09-09T22:34:18.173642+00:00
845.0,74.45,77.97,110.81,1.0,0,1.0000000000000003e-05,put,2026-11-30,SPY,762.3900146484375,2026-09-09T22:34:18.173642+00:00
850.0,84.61,87.82,110.88,1.0,0,0.10669838623046876,put,2026-11-30,SPY,762.3900146484375,2026-09-09T22:34:18.173642+00:00
860.0,96.56,99.86,93.82,2.0,2,0.17554535400390625,put,2026-11-30,SPY,762.3900146484375,2026-09-09T22:34:18.173642+00:00
870.0,106.55,110.07,100.21,,0,0.1919941641235352,put,2026-11-30,SPY,762.3900146484375,2026-09-09T22:34:18.173642+00:00
885.0,121.53,125.05,112.05,,0,0.2099993551635742,put,2026-11-30,SPY,762.3900146484375,2026-09-09T22:34:18.173642+00:00
900.0,136.51,140.03,133.42,1.0,0,0.22730264892578123,put,2026-11-30,SPY,762.3900146484375,2026-09-09T22:34:18.173642+00:00
920.0,156.49,160.01,146.99,,1,0.24951922363281248,put,2026-11-30,SPY,762.3900146484375,2026-09-09T22:34:18.173642+00:00
