strike,bid,ask,last_price,volume,open_interest,vendor_implied_volatility,option_type,expiration,ticker,spot,download_timestamp
610.0,149.61,152.44,149.57,6.0,6.0,0.6093789062500001,call,2026-09-21,SPY,760.77001953125,2026-09-14T23:08:43.714525+00:00
630.0,129.63,132.45,130.51,,1.0,0.5361374511718751,call,2026-09-21,SPY,760.77001953125,2026-09-14T23:08:43.714525+00:00
695.0,64.73,67.55,69.19,,10.0,0.4334773449707031,call,2026-09-21,SPY,760.77001953125,2026-09-14T23:08:43.714525+00:00
705.0,54.77,57.59,54.03,9.0,112.0,0.3825745336914062,call,2026-09-21,SPY,760.77001953125,2026-09-14T23:08:43.714525+00:00
710.0,49.8,52.63,52.86,,101.0,0.35785554260253905,call,2026-09-21,SPY,760.77001953125,2026-09-14T23:08:43.714525+00:00
715.0,44.84,47.65,50.88,,61.0,0.3316717224121094,call,2026-09-21,SPY,760.77001953125,2026-09-14T23:08:43.714525+00:00
718.0,41.86,44.68,44.46,4.0,30.0,0.3166572241210937,call,2026-09-21,SPY,760.77001953125,2026-09-14T23:08:43.714525+00:00
720.0,39.89,42.72,45.94,,80.0,0.3074410076904296,call,2026-09-21,SPY,760.77001953125,2026-09-14T23:08:43.714525+00:00
725.0,34.97,37.78,35.96,2322.0,27.0,0.2819896020507812,call,2026-09-21,SPY,760.77001953125,2026-09-14T23:08:43.714525+00:00
730.0,30.08,32.89,29.63,1.0,3.0,0.257819921875,call,2026-09-21,SPY,760.77001953125,2026-09-14T23:08:43.714525+00:00
735.0,25.25,28.08,28.08,7.0,5.0,0.23535920898437498,call,2026-09-21,SPY,760.77001953125,2026-09-14T23:08:43.714525+00:00
738.0,22.39,25.15,27.72,,1.0,0.21936815795898437,call,2026-09-21,SPY,760.77001953125,2026-09-14T23:08:43.714525+00:00
740.0,20.51,23.26,22.66,67.0,306.0,0.2104571142578125,call,2026-09-21,SPY,760.77001953125,2026-09-14T23:08:43.714525+00:00
741.0,19.58,22.33,20.2,24.0,1.0,0.20636779968261715,call,2026-09-21,SPY,760.77001953125,2026-09-14T23:08:43.714525+00:00
742.0,18.67,21.4,20.96,29.0,1.0,0.20215641601562498,call,2026-09-21,SPY,760.77001953125,2026-09-14T23:08:43.714525+00:00
744.0,16.83,19.58,17.49,24.0,15.0,0.19440502868652343,call,2026-09-21,SPY,760.77001953125,2026-09-14T23:08:43.714525+00:00
745.0,15.93,18.67,15.75,2.0,423.0,0.19031571411132814,call,2026-09-21,SPY,760.77001953125,2026-09-14T23:08:43.714525+00:00
746.0,15.04,17.78,16.22,3.0,33.0,0.18659260681152345,call,2026-09-21,SPY,760.77001953125,2026-09-14T23:08:43.714525+00:00
747.0,14.31,16.9,16.65,27.0,37.0,0.18293053405761717,call,2026-09-21,SPY,760.77001953125,2026-09-14T23:08:43.714525+00:00
749.0,12.59,15.17,14.44,80.0,80.0,0.1757894921875,call,2026-09-21,SPY,760.77001953125,2026-09-14T23:08:43.714525+00:00
750.0,11.75,14.32,14.93,186.0,237.0,0.17224948852539065,call,2026-09-21,SPY,760.77001953125,2026-09-14T23:08:43.714525+00:00
751.0,10.93,13.49,13.57,98.0,,0.16892310577392583,call,2026-09-21,SPY,760.77001953125,2026-09-14T23:08:43.714525+00:00
752.0,10.11,12.68,12.04,183.0,3.0,0.1658103439331055,call,2026-09-21,SPY,760.77001953125,2026-09-14T23:08:43.714525+00:00
753.0,10.34,10.73,11.32,372.0,10.0,0.133797724609375,call,2026-09-21,SPY,760.77001953125,2026-09-14T23:08:43.714525+00:00
754.0,9.57,9.95,9.96,499.0,41.0,0.13141737731933595,call,2026-09-21,SPY,760.77001953125,2026-09-14T23:08:43.714525+00:00
755.0,8.89,9.13,9.5,637.0,929.0,0.1276332354736328,call,2026-09-21,SPY,760.77001953125,2026-09-14T23:08:43.714525+00:00
756.0,8.16,8.4,8.57,399.0,276.0,0.1255885781860352,call,2026-09-21,SPY,760.77001953125,2026-09-14T23:08:43.714525+00:00
757.0,7.46,7.68,8.54,603.0,721.0,0.12323874816894533,call,2026-09-21,SPY,760.77001953125,2026-09-14T23:08:43.714525+00:00
758.0,6.88,6.95,7.45,824.0,360.0,0.12009546905517576,call,2026-09-21,SPY,760.77001953125,2026-09-14T23:08:43.714525+00:00
759.0,6.22,6.3,6.42,886.0,260.0,0.11823391540527343,call,2026-09-21,SPY,760.77001953125,2026-09-14T23:08:43.714525+00:00
760.0,5.6,5.66,5.67,1464.0,4004.0,0.11594511993408202,call,2026-09-21,SPY,760.77001953125,2026-09-14T23:08:43.714525+00:00
761.0,5.01,5.07,5.04,1093.0,204.0,0.11414460083007813,call,2026-09-21,SPY,760.77001953125,2026-09-14T23:08:43.714525+00:00
762.0,4.45,4.51,4.47,1990.0,543.0,0.11228304718017576,call,2026-09-21,SPY,760.77001953125,2026-09-14T23:08:43.714525+00:00
763.0,3.92,3.96,3.94,636.0,103.0,0.10993321716308593,call,2026-09-21,SPY,760.77001953125,2026-09-14T23:08:43.714525+00:00
764.0,3.43,3.49,3.42,527.0,77.0,0.10865149169921876,call,2026-09-21,SPY,760.77001953125,2026-09-14T23:08:43.714525+00:00
765.0,2.98,3.03,3.02,1503.0,1563.0,0.1067594207763672,call,2026-09-21,SPY,760.77001953125,2026-09-14T23:08:43.714525+00:00
766.0,2.57,2.62,2.54,444.0,326.0,0.10529459167480469,call,2026-09-21,SPY,760.77001953125,2026-09-14T23:08:43.714525+00:00
767.0,2.19,2.24,2.24,392.0,407.0,0.10364665893554686,call,2026-09-21,SPY,760.77001953125,2026-09-14T23:08:43.714525+00:00
768.0,1.86,1.89,1.89,802.0,175.0,0.10187665710449219,call,2026-09-21,SPY,760.77001953125,2026-09-14T23:08:43.714525+00:00
769.0,1.56,1.59,1.61,421.0,146.0,0.10053389709472656,call,2026-09-21,SPY,760.77001953125,2026-09-14T23:08:43.714525+00:00
770.0,1.29,1.32,1.31,1183.0,808.0,0.09906906799316406,call,2026-09-21,SPY,760.77001953125,2026-09-14T23:08:43.714525+00:00
771.0,1.06,1.09,1.1,669.0,177.0,0.09784837707519532,call,2026-09-21,SPY,760.77001953125,2026-09-14T23:08:43.714525+00:00
772.0,0.87,0.89,0.88,278.0,72.0,0.09668872070312501,call,2026-09-21,SPY,760.77001953125,2026-09-14T23:08:43.714525+00:00
773.0,0.7,0.72,0.69,803.0,82.0,0.09559009887695313,call,2026-09-21,SPY,760.77001953125,2026-09-14T23:08:43.714525+00:00
774.0,0.56,0.58,0.55,305.0,158.0,0.09473561523437501,call,2026-09-21,SPY,760.77001953125,2026-09-14T23:08:43.714525+00:00
775.0,0.44,0.45,0.45,2013.0,685.0,0.09314871704101563,call,2026-09-21,SPY,760.77001953125,2026-09-14T23:08:43.714525+00:00
776.0,0.35,0.36,0.35,795.0,122.0,0.092782509765625,call,2026-09-21,SPY,760.77001953125,2026-09-14T23:08:43.714525+00:00
777.0,0.27,0.28,0.28,788.0,210.0,0.09192802612304687,call,2026-09-21,SPY,760.77001953125,2026-09-14T23:08:43.714525+00:00
778.0,0.21,0.22,0.2,1129.0,194.0,0.09156181884765624,call,2026-09-21,SPY,760.77001953125,2026-09-14T23:08:43.714525+00:00
779.0,0.16,0.17,0.16,253.0,231.0,0.09107354248046876,call,2026-09-21,SPY,760.77001953125,2026-09-14T23:08:43.714525+00:00
780.0,0.12,0.13,0.13,696.0,851.0,0.09058526611328124,call,2026-09-21,SPY,760.77001953125,2026-09-14T23:08:43.714525+00:00
781.0,0.09,0.1,0.09,60.0,664.0,0.0903411279296875,call,2026-09-21,SPY,760.77001953125,2026-09-14T23:08:43.714525+00:00
782.0,0.07,0.08,0.08,239.0,536.0,0.090829404296875,call,2026-09-21,SPY,760.77001953125,2026-09-14T23:08:43.714525+00:00
783.0,0.05,0.06,0.06,171.0,2007.0,0.0903411279296875,call,2026-09-21,SPY,760.77001953125,2026-09-14T23:08:43.714525+00:00
784.0,0.04,0.05,0.05,137.0,120.0,0.09180595703125,call,2026-09-21,SPY,760.77001953125,2026-09-14T23:08:43.714525+00:00
785.0,0.03,0.04,0.05,381.0,436.0,0.0922942333984375,call,2026-09-21,SPY,760.77001953125,2026-09-14T23:08:43.714525+00:00
786.0,0.03,0.04,0.04,309.0,1441.0,0.09522389160156251,call,2026-09-21,SPY,760.77001953125,2026-09-14T23:08:43.714525+00:00
787.0,0.02,0.03,0.03,237.0,1019.0,0.09522389160156251,call,2026-09-21,SPY,760.77001953125,2026-09-14T23:08:43.714525+00:00
788.0,0.02,0.03,0.02,3.0,1004.0,0.098641826171875,call,2026-09-21,SPY,760.77001953125,2026-09-14T23:08:43.714525+00:00
789.0,0.01,0.02,0.02,169.0,50.0,0.09668872070312501,call,2026-09-21,SPY,760.77001953125,2026-09-14T23:08:43.714525+00:00
790.0,0.01,0.02,0.01,359.0,264.0,0.09961837890625,call,2026-09-21,SPY,760.77001953125,2026-09-14T23:08:43.714525+00:00
791.0,0.01,0.02,0.03,10.0,46.0,0.10254803710937499,call,2026-09-21,SPY,760.77001953125,2026-09-14T23:08:43.714525+00:00
792.0,0.01,0.02,0.04,11.0,10.0,0.1054776953125,call,2026-09-21,SPY,760.77001953125,2026-09-14T23:08:43.714525+00:00
793.0,0.01,0.02,0.04,,15.0,0.108407353515625,call,2026-09-21,SPY,760.77001953125,2026-09-14T23:08:43.714525+00:00
794.0,0.01,0.02,0.03,2.0,169.0,0.11133701171874999,call,2026-09-21,SPY,760.77001953125,2026-09-14T23:08:43.714525+00:00
795.0,0.01,0.02,0.01,152.0,342.0,0.11426666992187501,call,2026-09-21,SPY,760.77001953125,2026-09-14T23:08:43.714525+00:00
797.0,0.01,0.02,0.02,50.0,110.0,0.12012598632812499,call,2026-09-21,SPY,760.77001953125,2026-09-14T23:08:43.714525+00:00
798.0,0.01,0.02,0.02,1.0,116.0,0.12305564453125001,call,2026-09-21,SPY,760.77001953125,2026-09-14T23:08:43.714525+00:00
800.0,0.01,0.02,0.02,51.0,149.0,0.1289149609375,call,2026-09-21,SPY,760.77001953125,2026-09-14T23:08:43.714525+00:00
801.0,0.01,0.02,0.03,,24.0,0.131844619140625,call,2026-09-21,SPY,760.77001953125,2026-09-14T23:08:43.714525+00:00
806.0,0.01,0.02,0.02,,3.0,0.14649291015625,call,2026-09-21,SPY,760.77001953125,2026-09-14T23:08:43.714525+00:00
808.0,0.0,0.01,0.01,2.0,113.0,0.14063359375,call,2026-09-21,SPY,760.77001953125,2026-09-14T23:08:43.714525+00:00
809.0,0.0,0.01,0.01,255.0,155.0,0.1445398046875,call,2026-09-21,SPY,760.77001953125,2026-09-14T23:08:43.714525+00:00
810.0,0.0,0.01,0.01,257.0,970.0,0.14649291015625,call,2026-09-21,SPY,760.77001953125,2026-09-14T23:08:43.714525+00:00
815.0,0.0,0.01,0.02,,17.0,0.1601646484375,call,2026-09-21,SPY,760.77001953125,2026-09-14T23:08:43.714525+00:00
830.0,0.0,0.01,0.02,,5.0,0.1992267578125,call,2026-09-21,SPY,760.77001953125,2026-09-14T23:08:43.714525+00:00
835.0,0.0,0.01,0.02,,12.0,0.21094539062499998,call,2026-09-21,SPY,760.77001953125,2026-09-14T23:08:43.714525+00:00
845.0,,0.01,0.01,,87.0,0.23438265625,call,2026-09-21,SPY,760.77001953125,2026-09-14T23:08:43.714525+00:00
865.0,,0.01,0.01,,100.0,0.28125718749999995,call,2026-09-21,SPY,760.77001953125,2026-09-14T23:08:43.714525+00:00
870.0,,0.01,0.01,,902.0,0.2929758203124999,call,2026-09-21,SPY,760.77001953125,2026-09-14T23:08:43.714525+00:00
875.0,,0.01,0.01,,374.0,0.304694453125,call,2026-09-21,SPY,760.77001953125,2026-09-14T23:08:43.714525+00:00
880.0,,0.01,0.01,,32.0,0.31641308593749995,call,2026-09-21,SPY,760.77001953125,2026-09-14T23:08:43.714525+00:00
555.0,0.02,0.03,0.03,81.0,2.0,0.7070341796875,put,2026-09-21,SPY,760.77001953125,2026-09-14T23:08:43.714525+00:00
560.0,0.02,0.03,0.03,,24.0,0.6875031250000001,put,2026-09-21,SPY,760.77001953125,2026-09-14T23:08:43.714525+00:00
570.0,0.02,0.03,0.03,,2.0,0.6523472265625001,put,2026-09-21,SPY,760.77001953125,2026-09-14T23:08:43.714525+00:00
580.0,0.03,0.04,0.04,,25.0,0.6347692773437501,put,2026-09-21,SPY,760.77001953125,2026-09-14T23:08:43.714525+00:00
585.0,0.03,0.04,0.03,24.0,9.0,0.6171913281250001,put,2026-09-21,SPY,760.77001953125,2026-09-14T23:08:43.714525+00:00
600.0,0.04,0.05,0.04,1.0,1.0,0.5742230078125,put,2026-09-21,SPY,760.77001953125,2026-09-14T23:08:43.714525+00:00
605.0,0.05,0.06,0.05,,1.0,0.56836369140625,put,2026-09-21,SPY,760.77001953125,2026-09-14T23:08:43.714525+00:00
615.0,0.06,0.07,0.05,30.0,3.0,0.5390671093750001,put,2026-09-21,SPY,760.77001953125,2026-09-14T23:08:43.714525+00:00
630.0,0.07,0.08,0.07,2.0,122.0,0.495122236328125,put,2026-09-21,SPY,760.77001953125,2026-09-14T23:08:43.714525+00:00
650.0,0.1,0.11,0.1,1.0,2.0,0.436529072265625,put,2026-09-21,SPY,760.77001953125,2026-09-14T23:08:43.714525+00:00
655.0,0.11,0.12,0.1,,1.0,0.42188078125,put,2026-09-21,SPY,760.77001953125,2026-09-14T23:08:43.714525+00:00
660.0,0.12,0.13,0.1,3.0,1.0,0.4067442138671875,put,2026-09-21,SPY,760.77001953125,2026-09-14T23:08:43.714525+00:00
665.0,0.13,0.14,0.11,,1.0,0.39160764648437496,put,2026-09-21,SPY,760.77001953125,2026-09-14T23:08:43.714525+00:00
670.0,0.14,0.15,0.14,,27.0,0.3754945263671875,put,2026-09-21,SPY,760.77001953125,2026-09-14T23:08:43.714525+00:00
675.0,0.16,0.17,0.16,10.0,2.0,0.362311064453125,put,2026-09-21,SPY,760.77001953125,2026-09-14T23:08:43.714525+00:00
680.0,0.17,0.18,0.17,10.0,18.0,0.3452213916015625,put,2026-09-21,SPY,760.77001953125,2026-09-14T23:08:43.714525+00:00
685.0,0.19,0.2,0.21,1503.0,183.0,0.3305731005859375,put,2026-09-21,SPY,760.77001953125,2026-09-14T23:08:43.714525+00:00
690.0,0.21,0.22,0.21,14.0,8.0,0.3149482568359374,put,2026-09-21,SPY,760.77001953125,2026-09-14T23:08:43.714525+00:00
695.0,0.23,0.24,0.24,22.0,39.0,0.29883513671874995,put,2026-09-21,SPY,760.77001953125,2026-09-14T23:08:43.714525+00:00
700.0,0.27,0.28,0.28,108.0,350.0,0.28516339843749994,put,2026-09-21,SPY,760.77001953125,2026-09-14T23:08:43.714525+00:00
705.0,0.3,0.31,0.3,130.0,570.0,0.2690502783203125,put,2026-09-21,SPY,760.77001953125,2026-09-14T23:08:43.714525+00:00
710.0,0.35,0.36,0.35,92.0,2121.0,0.25440198730468755,put,2026-09-21,SPY,760.77001953125,2026-09-14T23:08:43.714525+00:00
715.0,0.42,0.43,0.42,599.0,317.0,0.24073024902343748,put,2026-09-21,SPY,760.77001953125,2026-09-14T23:08:43.714525+00:00
718.0,0.47,0.48,0.41,21.0,116.0,0.23230748168945312,put,2026-09-21,SPY,760.77001953125,2026-09-14T23:08:43.714525+00:00
719.0,0.49,0.5,0.37,127.0,28.0,0.22962196166992188,put,2026-09-21,SPY,760.77001953125,2026-09-14T23:08:43.714525+00:00
720.0,0.51,0.52,0.51,1755.0,267.0,0.2268143725585937,put,2026-09-21,SPY,760.77001953125,2026-09-14T23:08:43.714525+00:00
721.0,0.53,0.54,0.52,457.0,185.0,0.22400678344726557,put,2026-09-21,SPY,760.77001953125,2026-09-14T23:08:43.714525+00:00
722.0,0.55,0.56,0.56,1536.0,23.0,0.2210771252441406,put,2026-09-21,SPY,760.77001953125,2026-09-14T23:08:43.714525+00:00
723.0,0.58,0.59,0.43,1030.0,217.0,0.21875781249999998,put,2026-09-21,SPY,760.77001953125,2026-09-14T23:08:43.714525+00:00
724.0,0.6,0.61,0.52,746.0,197.0,0.21558401611328126,put,2026-09-21,SPY,760.77001953125,2026-09-14T23:08:43.714525+00:00
725.0,0.63,0.64,0.64,671.0,1552.0,0.21314263427734376,put,2026-09-21,SPY,760.77001953125,2026-09-14T23:08:43.714525+00:00
726.0,0.66,0.67,0.6,461.0,1409.0,0.2104571142578125,put,2026-09-21,SPY,760.77001953125,2026-09-14T23:08:43.714525+00:00
727.0,0.7,0.71,0.6,1474.0,133.0,0.20850400878906244,put,2026-09-21,SPY,760.77001953125,2026-09-14T23:08:43.714525+00:00
728.0,0.73,0.74,0.58,559.0,151.0,0.20557435058593748,put,2026-09-21,SPY,760.77001953125,2026-09-14T23:08:43.714525+00:00
729.0,0.77,0.78,0.58,187.0,114.0,0.20313296874999998,put,2026-09-21,SPY,760.77001953125,2026-09-14T23:08:43.714525+00:00
730.0,0.81,0.82,0.82,845.0,509.0,0.2005695178222656,put,2026-09-21,SPY,760.77001953125,2026-09-14T23:08:43.714525+00:00
731.0,0.85,0.87,0.74,189.0,369.0,0.19849434326171872,put,2026-09-21,SPY,760.77001953125,2026-09-14T23:08:43.714525+00:00
732.0,0.9,0.91,0.89,666.0,299.0,0.19556468505859376,put,2026-09-21,SPY,760.77001953125,2026-09-14T23:08:43.714525+00:00
733.0,0.95,0.96,0.84,228.0,387.0,0.19312330322265625,put,2026-09-21,SPY,760.77001953125,2026-09-14T23:08:43.714525+00:00
734.0,1.0,1.02,0.97,448.0,68.0,0.1909260595703125,put,2026-09-21,SPY,760.77001953125,2026-09-14T23:08:43.714525+00:00
735.0,1.06,1.08,0.97,205.0,661.0,0.18860674682617187,put,2026-09-21,SPY,760.77001953125,2026-09-14T23:08:43.714525+00:00
736.0,1.12,1.14,1.02,193.0,494.0,0.1860432958984375,put,2026-09-21,SPY,760.77001953125,2026-09-14T23:08:43.714525+00:00
737.0,1.19,1.21,1.18,117.0,144.0,0.18378501770019529,put,2026-09-21,SPY,760.77001953125,2026-09-14T23:08:43.714525+00:00
738.0,1.26,1.29,1.28,197.0,194.0,0.18170984313964844,put,2026-09-21,SPY,760.77001953125,2026-09-14T23:08:43.714525+00:00
739.0,1.35,1.37,1.36,234.0,78.0,0.17939053039550779,put,2026-09-21,SPY,760.77001953125,2026-09-14T23:08:43.714525+00:00
740.0,1.43,1.45,1.44,374.0,625.0,0.17688811401367188,put,2026-09-21,SPY,760.77001953125,2026-09-14T23:08:43.714525+00:00
741.0,1.53,1.55,1.42,376.0,33.0,0.174812939453125,put,2026-09-21,SPY,760.77001953125,2026-09-14T23:08:43.714525+00:00
742.0,1.63,1.65,1.61,143.0,332.0,0.17255466125488284,put,2026-09-21,SPY,760.77001953125,2026-09-14T23:08:43.714525+00:00
743.0,1.74,1.76,1.72,285.0,65.0,0.17041845214843754,put,2026-09-21,SPY,760.77001953125,2026-09-14T23:08:43.714525+00:00
744.0,1.86,1.88,1.86,356.0,237.0,0.16828224304199224,put,2026-09-21,SPY,760.77001953125,2026-09-14T23:08:43.714525+00:00
745.0,1.99,2.01,1.99,564.0,540.0,0.16620706848144534,put,2026-09-21,SPY,760.77001953125,2026-09-14T23:08:43.714525+00:00
746.0,2.13,2.15,2.11,137.0,857.0,0.16407085937500002,put,2026-09-21,SPY,760.77001953125,2026-09-14T23:08:43.714525+00:00
747.0,2.28,2.3,2.27,196.0,199.0,0.16199568481445312,put,2026-09-21,SPY,760.77001953125,2026-09-14T23:08:43.714525+00:00
748.0,2.44,2.47,2.49,222.0,853.0,0.1601646484375,put,2026-09-21,SPY,760.77001953125,2026-09-14T23:08:43.714525+00:00
749.0,2.61,2.65,2.6,449.0,86.0,0.15827257751464846,put,2026-09-21,SPY,760.77001953125,2026-09-14T23:08:43.714525+00:00
750.0,2.81,2.84,2.8,2627.0,1123.0,0.1562584375,put,2026-09-21,SPY,760.77001953125,2026-09-14T23:08:43.714525+00:00
751.0,3.01,3.05,2.68,457.0,368.0,0.1543968838500977,put,2026-09-21,SPY,760.77001953125,2026-09-14T23:08:43.714525+00:00
752.0,3.23,3.27,3.21,327.0,252.0,0.15241326110839848,put,2026-09-21,SPY,760.77001953125,2026-09-14T23:08:43.714525+00:00
753.0,3.48,3.52,3.46,166.0,148.0,0.15076532836914067,put,2026-09-21,SPY,760.77001953125,2026-09-14T23:08:43.714525+00:00
754.0,3.74,3.78,3.8,345.0,142.0,0.1489342919921875,put,2026-09-21,SPY,760.77001953125,2026-09-14T23:08:43.714525+00:00
755.0,4.02,4.06,4.05,894.0,3751.0,0.1471642901611328,put,2026-09-21,SPY,760.77001953125,2026-09-14T23:08:43.714525+00:00
756.0,4.32,4.37,4.35,556.0,123.0,0.14560790924072264,put,2026-09-21,SPY,760.77001953125,2026-09-14T23:08:43.714525+00:00
757.0,4.65,4.7,4.56,864.0,170.0,0.14405152832031248,put,2026-09-21,SPY,760.77001953125,2026-09-14T23:08:43.714525+00:00
758.0,5.0,5.05,5.0,889.0,266.0,0.1424035955810547,put,2026-09-21,SPY,760.77001953125,2026-09-14T23:08:43.714525+00:00
759.0,5.38,5.43,5.41,1334.0,161.0,0.14093876647949222,put,2026-09-21,SPY,760.77001953125,2026-09-14T23:08:43.714525+00:00
760.0,5.79,5.84,5.82,3364.0,725.0,0.1396265237426758,put,2026-09-21,SPY,760.77001953125,2026-09-14T23:08:43.714525+00:00
761.0,6.23,6.28,6.31,2218.0,71.0,0.13843635009765626,put,2026-09-21,SPY,760.77001953125,2026-09-14T23:08:43.714525+00:00
762.0,6.65,6.85,6.71,859.0,140.0,0.13953497192382813,put,2026-09-21,SPY,760.77001953125,2026-09-14T23:08:43.714525+00:00
763.0,7.14,7.37,7.32,533.0,104.0,0.13898566101074222,put,2026-09-21,SPY,760.77001953125,2026-09-14T23:08:43.714525+00:00
764.0,7.68,7.92,7.77,406.0,550.0,0.1384973846435547,put,2026-09-21,SPY,760.77001953125,2026-09-14T23:08:43.714525+00:00
765.0,8.25,8.51,8.37,642.0,571.0,0.1383753155517578,put,2026-09-21,SPY,760.77001953125,2026-09-14T23:08:43.714525+00:00
766.0,8.85,9.14,8.98,433.0,88.0,0.13861945373535156,put,2026-09-21,SPY,760.77001953125,2026-09-14T23:08:43.714525+00:00
767.0,9.48,9.81,9.52,129.0,83.0,0.13922979919433598,put,2026-09-21,SPY,760.77001953125,2026-09-14T23:08:43.714525+00:00
768.0,10.14,10.52,9.96,281.0,118.0,0.1403284210205078,put,2026-09-21,SPY,760.77001953125,2026-09-14T23:08:43.714525+00:00
769.0,10.84,11.26,10.87,76.0,81.0,0.141610146484375,put,2026-09-21,SPY,760.77001953125,2026-09-14T23:08:43.714525+00:00
770.0,11.56,12.03,11.91,37.0,215.0,0.1432275619506836,put,2026-09-21,SPY,760.77001953125,2026-09-14T23:08:43.714525+00:00
771.0,12.36,12.84,12.45,2.0,7.0,0.14545532287597657,put,2026-09-21,SPY,760.77001953125,2026-09-14T23:08:43.714525+00:00
772.0,13.18,13.69,13.28,7.0,6.0,0.14838498107910159,put,2026-09-21,SPY,760.77001953125,2026-09-14T23:08:43.714525+00:00
773.0,12.93,15.59,13.0,10.0,15.0,0.17960415130615232,put,2026-09-21,SPY,760.77001953125,2026-09-14T23:08:43.714525+00:00
774.0,13.79,16.55,12.7,,5.0,0.18561605407714843,put,2026-09-21,SPY,760.77001953125,2026-09-14T23:08:43.714525+00:00
775.0,14.68,17.44,15.09,2.0,39.0,0.1896138168334961,put,2026-09-21,SPY,760.77001953125,2026-09-14T23:08:43.714525+00:00
777.0,16.52,19.28,17.09,3.0,4.0,0.19867744689941402,put,2026-09-21,SPY,760.77001953125,2026-09-14T23:08:43.714525+00:00
778.0,17.46,20.22,15.09,,3.0,0.2034991760253906,put,2026-09-21,SPY,760.77001953125,2026-09-14T23:08:43.714525+00:00
785.0,24.23,27.06,22.64,,1.0,0.24231714721679687,put,2026-09-21,SPY,760.77001953125,2026-09-14T23:08:43.714525+00:00
803.0,42.2,45.03,39.31,,,0.34192552612304683,put,2026-09-21,SPY,760.77001953125,2026-09-14T23:08:43.714525+00:00
830.0,69.17,72.0,64.9,,1.0,0.4738822143554688,put,2026-09-21,SPY,760.77001953125,2026-09-14T23:08:43.714525+00:00
375.0,384.29,388.08,386.82,1.0,19.0,1.3125034374999998,call,2026-09-30,SPY,760.77001953125,2026-09-14T23:08:43.714525+00:00
380.0,379.29,383.08,392.65,5.0,8.0,1.2900426123046875,call,2026-09-30,SPY,760.77001953125,2026-09-14T23:08:43.714525+00:00
410.0,353.35,356.12,347.15,3.0,1.0,1.7016616479492188,call,2026-09-30,SPY,760.77001953125,2026-09-14T23:08:43.714525+00:00
415.0,348.35,351.14,340.0,41.0,73.0,1.6734635467529297,call,2026-09-30,SPY,760.77001953125,2026-09-14T23:08:43.714525+00:00
420.0,339.31,343.09,342.88,16.0,50.0,1.1240278173828124,call,2026-09-30,SPY,760.77001953125,2026-09-14T23:08:43.714525+00:00
425.0,334.32,338.09,341.62,44.0,22.0,1.1054732226562503,call,2026-09-30,SPY,760.77001953125,2026-09-14T23:08:43.714525+00:00
440.0,0.0,0.0,303.01,2.0,0.0,1.0000000000000003e-05,call,2026-09-30,SPY,760.77001953125,2026-09-14T23:08:43.714525+00:00
450.0,0.0,0.0,303.49,,0.0,1.0000000000000003e-05,call,2026-09-30,SPY,760.77001953125,2026-09-14T23:08:43.714525+00:00
460.0,282.14,285.65,229.77,,0.0,1.0000000000000003e-05,call,2026-09-30,SPY,760.77001953125,2026-09-14T23:08:43.714525+00:00
470.0,286.58,289.97,275.35,1.0,0.0,1.0000000000000003e-05,call,2026-09-30,SPY,760.77001953125,2026-09-14T23:08:43.714525+00:00
475.0,284.34,288.1,283.8,20.0,70.0,0.9160164648437501,call,2026-09-30,SPY,760.77001953125,2026-09-14T23:08:43.714525+00:00
480.0,288.36,291.88,271.0,2.0,3.0,1.6234149688720703,call,2026-09-30,SPY,760.77001953125,2026-09-14T23:08:43.714525+00:00
485.0,274.34,278.11,284.98,13.0,29.0,0.8808605664062499,call,2026-09-30,SPY,760.77001953125,2026-09-14T23:08:43.714525+00:00
490.0,278.37,281.89,273.0,1.0,16.0,1.5654318603515622,call,2026-09-30,SPY,760.77001953125,2026-09-14T23:08:43.714525+00:00
495.0,248.12,251.5,212.11,1.0,12.0,1.0000000000000003e-05,call,2026-09-30,SPY,760.77001953125,2026-09-14T23:08:43.714525+00:00
500.0,259.47,263.11,263.61,15.0,59.0,0.8452163916015624,call,2026-09-30,SPY,760.77001953125,2026-09-14T23:08:43.714525+00:00
505.0,254.45,258.11,257.46,2.0,0.0,0.8242205078124999,call,2026-09-30,SPY,760.77001953125,2026-09-14T23:08:43.714525+00:00
510.0,249.49,253.12,256.14,1.0,8.0,0.8129901513671874,call,2026-09-30,SPY,760.77001953125,2026-09-14T23:08:43.714525+00:00
515.0,244.49,248.12,247.46,4.0,205.0,0.7954122021484374,call,2026-09-30,SPY,760.77001953125,2026-09-14T23:08:43.714525+00:00
520.0,239.44,243.12,242.69,2.0,30.0,0.77148666015625,call,2026-09-30,SPY,760.77001953125,2026-09-14T23:08:43.714525+00:00
525.0,234.36,238.12,241.48,1.0,2.0,0.7436549072265625,call,2026-09-30,SPY,760.77001953125,2026-09-14T23:08:43.714525+00:00
530.0,229.49,233.13,236.98,6.0,46.0,0.7436549072265625,call,2026-09-30,SPY,760.77001953125,2026-09-14T23:08:43.714525+00:00
535.0,224.37,228.13,234.99,1.0,45.0,0.7124052197265626,call,2026-09-30,SPY,760.77001953125,2026-09-14T23:08:43.714525+00:00
540.0,219.37,223.13,227.85,1.0,49.0,0.6953155468750001,call,2026-09-30,SPY,760.77001953125,2026-09-14T23:08:43.714525+00:00
545.0,214.37,218.13,221.56,1.0,4.0,0.6787141503906251,call,2026-09-30,SPY,760.77001953125,2026-09-14T23:08:43.714525+00:00
550.0,209.51,213.14,220.64,10.0,17.0,0.6787141503906251,call,2026-09-30,SPY,760.77001953125,2026-09-14T23:08:43.714525+00:00
555.0,202.88,206.24,190.9,2.0,6.0,0.6435582519531251,call,2026-09-30,SPY,760.77001953125,2026-09-14T23:08:43.714525+00:00
560.0,0.0,0.0,197.36,1.0,0.0,1.0000000000000003e-05,call,2026-09-30,SPY,760.77001953125,2026-09-14T23:08:43.714525+00:00
565.0,203.49,207.01,172.61,1.0,6.0,1.1599163098144532,call,2026-09-30,SPY,760.77001953125,2026-09-14T23:08:43.714525+00:00
570.0,189.51,193.15,191.62,2.0,68.0,0.6132851171875001,call,2026-09-30,SPY,760.77001953125,2026-09-14T23:08:43.714525+00:00
575.0,184.53,188.15,183.72,6.0,351.0,0.5988809643554689,call,2026-09-30,SPY,760.77001953125,2026-09-14T23:08:43.714525+00:00
580.0,179.39,183.16,179.64,3.0,13.0,0.570316796875,call,2026-09-30,SPY,760.77001953125,2026-09-14T23:08:43.714525+00:00
585.0,174.4,178.16,173.76,1.0,730.0,0.5551802294921876,call,2026-09-30,SPY,760.77001953125,2026-09-14T23:08:43.714525+00:00
590.0,169.41,173.17,172.05,3.0,58.0,0.541264353027344,call,2026-09-30,SPY,760.77001953125,2026-09-14T23:08:43.714525+00:00
594.0,165.56,169.17,165.27,7.0,2033.0,0.5415084912109377,call,2026-09-30,SPY,760.77001953125,2026-09-14T23:08:43.714525+00:00
595.0,164.54,168.17,177.17,21.0,403.0,0.5366257275390626,call,2026-09-30,SPY,760.77001953125,2026-09-14T23:08:43.714525+00:00
596.0,150.23,153.74,136.88,1.0,2.0,1.0000000000000003e-05,call,2026-09-30,SPY,760.77001953125,2026-09-14T23:08:43.714525+00:00
597.0,162.51,166.17,167.96,2.0,8.0,0.5278367529296876,call,2026-09-30,SPY,760.77001953125,2026-09-14T23:08:43.714525+00:00
598.0,161.55,165.17,166.84,6.0,1275.0,0.5278367529296876,call,2026-09-30,SPY,760.77001953125,2026-09-14T23:08:43.714525+00:00
599.0,160.39,164.17,167.84,164.0,1699.0,0.5112353564453125,call,2026-09-30,SPY,760.77001953125,2026-09-14T23:08:43.714525+00:00
600.0,159.53,163.18,162.43,1.0,2433.0,0.5207567456054687,call,2026-09-30,SPY,760.77001953125,2026-09-14T23:08:43.714525+00:00
601.0,158.53,162.18,165.95,30.0,729.0,0.51758294921875,call,2026-09-30,SPY,760.77001953125,2026-09-14T23:08:43.714525+00:00
602.0,157.5,161.18,164.73,31.0,53.0,0.5119677709960937,call,2026-09-30,SPY,760.77001953125,2026-09-14T23:08:43.714525+00:00
603.0,156.51,160.18,163.88,82.0,62.0,0.5095263891601562,call,2026-09-30,SPY,760.77001953125,2026-09-14T23:08:43.714525+00:00
604.0,155.56,159.18,165.86,1.0,33.0,0.5102588037109376,call,2026-09-30,SPY,760.77001953125,2026-09-14T23:08:43.714525+00:00
605.0,154.42,158.18,153.45,4.0,4879.0,0.6665072412109377,call,2026-09-30,SPY,760.77001953125,2026-09-14T23:08:43.714525+00:00
606.0,153.56,157.18,158.98,122.0,1672.0,0.5039112109375,call,2026-09-30,SPY,760.77001953125,2026-09-14T23:08:43.714525+00:00
607.0,152.56,156.18,157.98,18.0,12.0,0.5007374145507812,call,2026-09-30,SPY,760.77001953125,2026-09-14T23:08:43.714525+00:00
608.0,151.54,155.18,159.03,254.0,158.0,0.6547886083984377,call,2026-09-30,SPY,760.77001953125,2026-09-14T23:08:43.714525+00:00
609.0,150.5,154.19,157.27,82.0,62.0,0.651492742919922,call,2026-09-30,SPY,760.77001953125,2026-09-14T23:08:43.714525+00:00
610.0,149.55,153.19,149.0,4.0,951.0,0.6475865319824219,call,2026-09-30,SPY,760.77001953125,2026-09-14T23:08:43.714525+00:00
611.0,148.57,152.19,153.65,142.0,891.0,0.643680321044922,call,2026-09-30,SPY,760.77001953125,2026-09-14T23:08:43.714525+00:00
612.0,147.55,151.19,155.1,109.0,86.0,0.6397741101074219,call,2026-09-30,SPY,760.77001953125,2026-09-14T23:08:43.714525+00:00
613.0,146.5,150.19,157.6,2.0,54.0,0.635867899169922,call,2026-09-30,SPY,760.77001953125,2026-09-14T23:08:43.714525+00:00
614.0,145.55,149.19,150.76,12.0,9.0,0.6319616882324219,call,2026-09-30,SPY,760.77001953125,2026-09-14T23:08:43.714525+00:00
615.0,144.42,148.19,144.5,2.0,670.0,0.6281775463867189,call,2026-09-30,SPY,760.77001953125,2026-09-14T23:08:43.714525+00:00
616.0,143.52,147.19,150.29,350.0,198.0,0.6242713354492189,call,2026-09-30,SPY,760.77001953125,2026-09-14T23:08:43.714525+00:00
617.0,142.43,146.2,150.09,146.0,89.0,0.6209754699707033,call,2026-09-30,SPY,760.77001953125,2026-09-14T23:08:43.714525+00:00
618.0,141.58,145.2,149.96,2.0,214.0,0.6170692590332032,call,2026-09-30,SPY,760.77001953125,2026-09-14T23:08:43.714525+00:00
619.0,140.56,144.2,147.9,130.0,66.0,0.6131630480957033,call,2026-09-30,SPY,760.77001953125,2026-09-14T23:08:43.714525+00:00
620.0,139.43,143.2,139.55,2.0,1267.0,0.6093178717041017,call,2026-09-30,SPY,760.77001953125,2026-09-14T23:08:43.714525+00:00
621.0,138.51,142.2,145.99,16.0,32.0,0.6054726953125001,call,2026-09-30,SPY,760.77001953125,2026-09-14T23:08:43.714525+00:00
622.0,137.44,141.2,145.05,6.0,8.0,0.6015664843750002,call,2026-09-30,SPY,760.77001953125,2026-09-14T23:08:43.714525+00:00
623.0,136.58,140.21,145.0,2.0,34.0,0.5982706188964844,call,2026-09-30,SPY,760.77001953125,2026-09-14T23:08:43.714525+00:00
624.0,135.58,139.21,141.12,3.0,3.0,0.5943644079589845,call,2026-09-30,SPY,760.77001953125,2026-09-14T23:08:43.714525+00:00
625.0,134.58,138.21,142.49,9.0,261.0,0.5905802661132813,call,2026-09-30,SPY,760.77001953125,2026-09-14T23:08:43.714525+00:00
626.0,133.58,137.21,141.08,8.0,240.0,0.5866740551757812,call,2026-09-30,SPY,760.77001953125,2026-09-14T23:08:43.714525+00:00
627.0,132.57,136.21,138.75,150.0,122.0,0.582889913330078,call,2026-09-30,SPY,760.77001953125,2026-09-14T23:08:43.714525+00:00
628.0,131.52,135.21,139.11,19.0,16.0,0.5789837023925781,call,2026-09-30,SPY,760.77001953125,2026-09-14T23:08:43.714525+00:00
629.0,131.61,134.71,125.32,1.0,215.0,0.5086719055175781,call,2026-09-30,SPY,760.77001953125,2026-09-14T23:08:43.714525+00:00
630.0,129.58,133.22,133.44,1.0,821.0,0.5718426605224609,call,2026-09-30,SPY,760.77001953125,2026-09-14T23:08:43.714525+00:00
631.0,128.59,132.22,134.68,58.0,794.0,0.5679974841308593,call,2026-09-30,SPY,760.77001953125,2026-09-14T23:08:43.714525+00:00
632.0,127.57,131.22,136.2,20.0,149.0,0.5641523077392578,call,2026-09-30,SPY,760.77001953125,2026-09-14T23:08:43.714525+00:00
633.0,126.6,130.22,135.22,80.0,342.0,0.5603071313476562,call,2026-09-30,SPY,760.77001953125,2026-09-14T23:08:43.714525+00:00
634.0,125.59,129.23,131.35,46.0,129.0,0.5570112658691408,call,2026-09-30,SPY,760.77001953125,2026-09-14T23:08:43.714525+00:00
635.0,124.6,128.23,130.52,1.0,901.0,0.5531050549316407,call,2026-09-30,SPY,760.77001953125,2026-09-14T23:08:43.714525+00:00
636.0,123.45,127.23,129.91,14.0,124.0,0.5493209130859377,call,2026-09-30,SPY,760.77001953125,2026-09-14T23:08:43.714525+00:00
637.0,122.6,126.23,130.47,138.0,221.0,0.5454757366943359,call,2026-09-30,SPY,760.77001953125,2026-09-14T23:08:43.714525+00:00
638.0,121.46,125.23,130.27,203.0,284.0,0.5416305603027345,call,2026-09-30,SPY,760.77001953125,2026-09-14T23:08:43.714525+00:00
639.0,120.59,124.24,120.12,2.0,565.0,0.5383346948242189,call,2026-09-30,SPY,760.77001953125,2026-09-14T23:08:43.714525+00:00
640.0,119.54,123.24,118.5,1.0,1014.0,0.5345505529785157,call,2026-09-30,SPY,760.77001953125,2026-09-14T23:08:43.714525+00:00
641.0,118.6,122.24,126.48,198.0,341.0,0.5306443420410156,call,2026-09-30,SPY,760.77001953125,2026-09-14T23:08:43.714525+00:00
642.0,117.48,121.24,124.05,2.0,299.0,0.5268602001953125,call,2026-09-30,SPY,760.77001953125,2026-09-14T23:08:43.714525+00:00
643.0,116.55,120.24,125.23,24.0,144.0,0.5230150238037108,call,2026-09-30,SPY,760.77001953125,2026-09-14T23:08:43.714525+00:00
644.0,115.53,119.25,123.06,1.0,214.0,0.5196581237792968,call,2026-09-30,SPY,760.77001953125,2026-09-14T23:08:43.714525+00:00
645.0,114.55,118.25,121.5,2.0,559.0,0.5158739819335938,call,2026-09-30,SPY,760.77001953125,2026-09-14T23:08:43.714525+00:00
646.0,113.55,117.25,125.0,1.0,26.0,0.5120898400878906,call,2026-09-30,SPY,760.77001953125,2026-09-14T23:08:43.714525+00:00
647.0,112.62,116.26,123.67,1.0,204.0,0.5086719055175781,call,2026-09-30,SPY,760.77001953125,2026-09-14T23:08:43.714525+00:00
648.0,112.11,115.54,105.32,1.0,4.0,0.5182543292236328,call,2026-09-30,SPY,760.77001953125,2026-09-14T23:08:43.714525+00:00
649.0,0.0,0.0,116.07,1.0,0.0,1.0000000000000003e-05,call,2026-09-30,SPY,760.77001953125,2026-09-14T23:08:43.714525+00:00
650.0,109.63,113.26,111.37,14.0,1406.0,0.497197410888672,call,2026-09-30,SPY,760.77001953125,2026-09-14T23:08:43.714525+00:00
651.0,108.62,112.27,116.52,204.0,109.0,0.4939015454101563,call,2026-09-30,SPY,760.77001953125,2026-09-14T23:08:43.714525+00:00
652.0,107.49,111.27,109.32,1.0,18.0,0.4901174035644532,call,2026-09-30,SPY,760.77001953125,2026-09-14T23:08:43.714525+00:00
653.0,106.62,110.27,107.49,1.0,27.0,0.48627222717285157,call,2026-09-30,SPY,760.77001953125,2026-09-14T23:08:43.714525+00:00
654.0,105.5,109.28,114.42,4.0,17.0,0.48291532714843755,call,2026-09-30,SPY,760.77001953125,2026-09-14T23:08:43.714525+00:00
655.0,104.63,108.28,105.13,4.0,227.0,0.47913118530273435,call,2026-09-30,SPY,760.77001953125,2026-09-14T23:08:43.714525+00:00
656.0,103.63,107.28,118.0,1.0,53.0,0.4752860089111328,call,2026-09-30,SPY,760.77001953125,2026-09-14T23:08:43.714525+00:00
657.0,107.77,110.55,100.74,1.0,10.0,0.5811199114990235,call,2026-09-30,SPY,760.77001953125,2026-09-14T23:08:43.714525+00:00
658.0,101.5,105.29,102.56,1.0,22.0,0.4681449670410156,call,2026-09-30,SPY,760.77001953125,2026-09-14T23:08:43.714525+00:00
659.0,105.79,108.58,99.6,1.0,49.0,0.5731854205322267,call,2026-09-30,SPY,760.77001953125,2026-09-14T23:08:43.714525+00:00
660.0,99.66,103.3,105.95,1.0,512.0,0.46094289062500005,call,2026-09-30,SPY,760.77001953125,2026-09-14T23:08:43.714525+00:00
661.0,98.53,102.3,99.14,2.0,13.0,0.4570977142333985,call,2026-09-30,SPY,760.77001953125,2026-09-14T23:08:43.714525+00:00
662.0,102.84,105.63,97.74,1.0,15.0,0.5616498913574219,call,2026-09-30,SPY,760.77001953125,2026-09-14T23:08:43.714525+00:00
663.0,96.61,100.31,100.24,1.0,109.0,0.44989563781738284,call,2026-09-30,SPY,760.77001953125,2026-09-14T23:08:43.714525+00:00
664.0,95.53,99.31,101.6,256.0,241.0,0.44605046142578125,call,2026-09-30,SPY,760.77001953125,2026-09-14T23:08:43.714525+00:00
665.0,94.64,98.32,94.47,5.0,150.0,0.4426935614013672,call,2026-09-30,SPY,760.77001953125,2026-09-14T23:08:43.714525+00:00
666.0,93.64,97.32,104.89,1.0,66.0,0.43884838500976564,call,2026-09-30,SPY,760.77001953125,2026-09-14T23:08:43.714525+00:00
667.0,92.54,96.33,98.61,2.0,97.0,0.4354914849853516,call,2026-09-30,SPY,760.77001953125,2026-09-14T23:08:43.714525+00:00
668.0,91.64,95.33,106.0,1.0,125.0,0.43164630859375,call,2026-09-30,SPY,760.77001953125,2026-09-14T23:08:43.714525+00:00
669.0,90.57,94.33,94.63,28.0,282.0,0.4278621667480469,call,2026-09-30,SPY,760.77001953125,2026-09-14T23:08:43.714525+00:00
670.0,89.55,93.34,92.34,8.0,2713.0,0.4244442321777344,call,2026-09-30,SPY,760.77001953125,2026-09-14T23:08:43.714525+00:00
671.0,88.55,92.34,93.03,161.0,144.0,0.4205990557861329,call,2026-09-30,SPY,760.77001953125,2026-09-14T23:08:43.714525+00:00
672.0,87.64,91.35,100.87,2.0,36.0,0.4172421557617187,call,2026-09-30,SPY,760.77001953125,2026-09-14T23:08:43.714525+00:00
673.0,86.66,90.35,95.19,1.0,34.0,0.4133359448242187,call,2026-09-30,SPY,760.77001953125,2026-09-14T23:08:43.714525+00:00
674.0,85.67,89.36,92.35,1.0,80.0,0.40991801025390623,call,2026-09-30,SPY,760.77001953125,2026-09-14T23:08:43.714525+00:00
675.0,84.66,88.37,86.85,3.0,427.0,0.40650007568359375,call,2026-09-30,SPY,760.77001953125,2026-09-14T23:08:43.714525+00:00
676.0,83.63,87.37,94.56,4.0,42.0,0.4027159338378906,call,2026-09-30,SPY,760.77001953125,2026-09-14T23:08:43.714525+00:00
677.0,82.68,86.38,93.57,4.0,274.0,0.39929799926757814,call,2026-09-30,SPY,760.77001953125,2026-09-14T23:08:43.714525+00:00
678.0,81.69,85.38,92.57,4.0,29.0,0.39539178833007815,call,2026-09-30,SPY,760.77001953125,2026-09-14T23:08:43.714525+00:00
679.0,80.58,84.39,91.58,4.0,89.0,0.39197385375976557,call,2026-09-30,SPY,760.77001953125,2026-09-14T23:08:43.714525+00:00
680.0,79.68,83.39,80.19,4.0,1383.0,0.38812867736816403,call,2026-09-30,SPY,760.77001953125,2026-09-14T23:08:43.714525+00:00
681.0,78.67,82.4,91.92,2.0,40.0,0.3846497082519531,call,2026-09-30,SPY,760.77001953125,2026-09-14T23:08:43.714525+00:00
682.0,77.71,81.41,76.64,1.0,139.0,0.3812317736816406,call,2026-09-30,SPY,760.77001953125,2026-09-14T23:08:43.714525+00:00
683.0,76.67,80.41,79.55,1.0,155.0,0.3773255627441406,call,2026-09-30,SPY,760.77001953125,2026-09-14T23:08:43.714525+00:00
684.0,75.62,79.42,86.6,2.0,60.0,0.37390762817382805,call,2026-09-30,SPY,760.77001953125,2026-09-14T23:08:43.714525+00:00
685.0,74.74,78.43,77.52,2.0,576.0,0.37036762451171873,call,2026-09-30,SPY,760.77001953125,2026-09-14T23:08:43.714525+00:00
686.0,73.7,77.44,80.6,1.0,105.0,0.36688865539550786,call,2026-09-30,SPY,760.77001953125,2026-09-14T23:08:43.714525+00:00
687.0,72.76,76.45,83.62,4.0,194.0,0.36340968627929693,call,2026-09-30,SPY,760.77001953125,2026-09-14T23:08:43.714525+00:00
688.0,71.73,75.46,74.62,1.0,84.0,0.35986968261718744,call,2026-09-30,SPY,760.77001953125,2026-09-14T23:08:43.714525+00:00
689.0,70.75,74.47,71.08,1.0,168.0,0.3563907135009765,call,2026-09-30,SPY,760.77001953125,2026-09-14T23:08:43.714525+00:00
690.0,69.76,73.48,72.58,1.0,699.0,0.3528507098388671,call,2026-09-30,SPY,760.77001953125,2026-09-14T23:08:43.714525+00:00
691.0,68.71,72.49,70.6,5.0,307.0,0.34931070617675775,call,2026-09-30,SPY,760.77001953125,2026-09-14T23:08:43.714525+00:00
692.0,67.73,71.5,76.96,1.0,10.0,0.34577070251464836,call,2026-09-30,SPY,760.77001953125,2026-09-14T23:08:43.714525+00:00
693.0,66.97,70.51,74.04,1.0,2.0,0.342230698852539,call,2026-09-30,SPY,760.77001953125,2026-09-14T23:08:43.714525+00:00
694.0,65.76,69.52,76.66,4.0,6.0,0.3386906951904296,call,2026-09-30,SPY,760.77001953125,2026-09-14T23:08:43.714525+00:00
695.0,64.82,68.53,64.61,2.0,744.0,0.3350896569824219,call,2026-09-30,SPY,760.77001953125,2026-09-14T23:08:43.714525+00:00
696.0,63.76,67.54,74.69,4.0,7.0,0.3315496533203125,call,2026-09-30,SPY,760.77001953125,2026-09-14T23:08:43.714525+00:00
697.0,62.82,66.56,67.56,2.0,0.0,0.32831482238769527,call,2026-09-30,SPY,760.77001953125,2026-09-14T23:08:43.714525+00:00
698.0,61.83,65.57,72.72,4.0,22.0,0.32471378417968744,call,2026-09-30,SPY,760.77001953125,2026-09-14T23:08:43.714525+00:00
699.0,61.05,64.58,63.64,1705.0,9.0,0.3211127459716796,call,2026-09-30,SPY,760.77001953125,2026-09-14T23:08:43.714525+00:00
700.0,60.07,63.6,59.75,1000.0,1952.0,0.31781688049316403,call,2026-09-30,SPY,760.77001953125,2026-09-14T23:08:43.714525+00:00
701.0,58.84,62.61,63.06,4.0,10.0,0.3142158422851562,call,2026-09-30,SPY,760.77001953125,2026-09-14T23:08:43.714525+00:00
702.0,58.1,61.63,56.67,4.0,45.0,0.3108589422607422,call,2026-09-30,SPY,760.77001953125,2026-09-14T23:08:43.714525+00:00
703.0,57.12,60.65,57.48,153.0,10.0,0.3075630767822265,call,2026-09-30,SPY,760.77001953125,2026-09-14T23:08:43.714525+00:00
704.0,56.13,59.31,54.76,42.0,37.0,0.2923654748535155,call,2026-09-30,SPY,760.77001953125,2026-09-14T23:08:43.714525+00:00
705.0,55.15,58.33,56.32,11.0,1042.0,0.2891306439208984,call,2026-09-30,SPY,760.77001953125,2026-09-14T23:08:43.714525+00:00
706.0,54.17,57.35,58.97,2.0,11.0,0.2858958129882812,call,2026-09-30,SPY,760.77001953125,2026-09-14T23:08:43.714525+00:00
707.0,53.18,56.37,52.56,4.0,16.0,0.2825999475097656,call,2026-09-30,SPY,760.77001953125,2026-09-14T23:08:43.714525+00:00
708.0,52.21,55.39,51.88,2514.0,14.0,0.27930408203124996,call,2026-09-30,SPY,760.77001953125,2026-09-14T23:08:43.714525+00:00
709.0,51.24,54.42,53.37,1.0,7.0,0.2763133892822265,call,2026-09-30,SPY,760.77001953125,2026-09-14T23:08:43.714525+00:00
710.0,50.25,53.44,52.45,5.0,928.0,0.2730175238037109,call,2026-09-30,SPY,760.77001953125,2026-09-14T23:08:43.714525+00:00
711.0,49.27,52.47,49.48,198.0,118.0,0.26996579650878905,call,2026-09-30,SPY,760.77001953125,2026-09-14T23:08:43.714525+00:00
712.0,48.3,51.5,53.16,2.0,8.0,0.2668530346679688,call,2026-09-30,SPY,760.77001953125,2026-09-14T23:08:43.714525+00:00
713.0,47.33,50.53,49.68,201.0,74.0,0.26380130737304686,call,2026-09-30,SPY,760.77001953125,2026-09-14T23:08:43.714525+00:00
714.0,46.35,49.56,48.13,2.0,10.0,0.2606275109863281,call,2026-09-30,SPY,760.77001953125,2026-09-14T23:08:43.714525+00:00
715.0,45.37,48.6,48.11,4.0,2047.0,0.257819921875,call,2026-09-30,SPY,760.77001953125,2026-09-14T23:08:43.714525+00:00
716.0,44.41,47.63,45.67,198.0,224.0,0.2545850909423829,call,2026-09-30,SPY,760.77001953125,2026-09-14T23:08:43.714525+00:00
717.0,43.44,46.67,45.46,1.0,174.0,0.25165543273925783,call,2026-09-30,SPY,760.77001953125,2026-09-14T23:08:43.714525+00:00
718.0,42.46,45.71,45.17,200.0,554.0,0.24872577453613282,call,2026-09-30,SPY,760.77001953125,2026-09-14T23:08:43.714525+00:00
719.0,41.56,44.75,47.21,2.0,151.0,0.24570456451416017,call,2026-09-30,SPY,760.77001953125,2026-09-14T23:08:43.714525+00:00
720.0,40.57,43.8,43.15,13.0,1956.0,0.24292749267578123,call,2026-09-30,SPY,760.77001953125,2026-09-14T23:08:43.714525+00:00
721.0,39.66,42.85,39.34,2.0,1264.0,0.2401199035644531,call,2026-09-30,SPY,760.77001953125,2026-09-14T23:08:43.714525+00:00
722.0,38.71,41.9,42.4,2.0,484.0,0.23725127990722655,call,2026-09-30,SPY,760.77001953125,2026-09-14T23:08:43.714525+00:00
723.0,37.77,40.95,42.42,2.0,557.0,0.23432162170410153,call,2026-09-30,SPY,760.77001953125,2026-09-14T23:08:43.714525+00:00
724.0,36.8,40.01,43.17,200.0,677.0,0.2316361016845703,call,2026-09-30,SPY,760.77001953125,2026-09-14T23:08:43.714525+00:00
725.0,35.87,39.07,38.21,15.0,1948.0,0.22888954711914064,call,2026-09-30,SPY,760.77001953125,2026-09-14T23:08:43.714525+00:00
726.0,34.94,38.13,35.91,2.0,743.0,0.2260819580078125,call,2026-09-30,SPY,760.77001953125,2026-09-14T23:08:43.714525+00:00
727.0,33.46,37.2,34.03,1.0,796.0,0.22345747253417966,call,2026-09-30,SPY,760.77001953125,2026-09-14T23:08:43.714525+00:00
728.0,32.48,36.27,35.94,204.0,572.0,0.22077195251464843,call,2026-09-30,SPY,760.77001953125,2026-09-14T23:08:43.714525+00:00
729.0,32.15,35.34,34.76,60.0,534.0,0.2180253979492187,call,2026-09-30,SPY,760.77001953125,2026-09-14T23:08:43.714525+00:00
730.0,30.76,34.42,33.42,467.0,6050.0,0.21546194702148438,call,2026-09-30,SPY,760.77001953125,2026-09-14T23:08:43.714525+00:00
731.0,30.3,33.5,31.95,749.0,725.0,0.21280694427490232,call,2026-09-30,SPY,760.77001953125,2026-09-14T23:08:43.714525+00:00
732.0,28.8,32.59,32.59,32.0,988.0,0.21030452789306642,call,2026-09-30,SPY,760.77001953125,2026-09-14T23:08:43.714525+00:00
733.0,27.89,31.68,30.24,36.0,930.0,0.20771055969238278,call,2026-09-30,SPY,760.77001953125,2026-09-14T23:08:43.714525+00:00
734.0,26.98,30.78,29.65,57.0,708.0,0.2052996951293945,call,2026-09-30,SPY,760.77001953125,2026-09-14T23:08:43.714525+00:00
735.0,26.1,29.88,28.89,1672.0,1310.0,0.20276676147460934,call,2026-09-30,SPY,760.77001953125,2026-09-14T23:08:43.714525+00:00
736.0,25.25,28.99,28.57,12.0,773.0,0.2003558969116211,call,2026-09-30,SPY,760.77001953125,2026-09-14T23:08:43.714525+00:00
737.0,24.37,28.1,27.36,32.0,571.0,0.19788399780273438,call,2026-09-30,SPY,760.77001953125,2026-09-14T23:08:43.714525+00:00
738.0,23.52,27.22,26.48,5.0,366.0,0.19547313323974608,call,2026-09-30,SPY,760.77001953125,2026-09-14T23:08:43.714525+00:00
739.0,22.55,26.35,25.64,42.0,220.0,0.1931843377685547,call,2026-09-30,SPY,760.77001953125,2026-09-14T23:08:43.714525+00:00
740.0,21.74,25.49,24.4,23.0,2429.0,0.19098709411621095,call,2026-09-30,SPY,760.77001953125,2026-09-14T23:08:43.714525+00:00
741.0,20.82,24.63,24.26,13.0,609.0,0.1886677813720703,call,2026-09-30,SPY,760.77001953125,2026-09-14T23:08:43.714525+00:00
742.0,21.7,23.77,23.38,25.0,1573.0,0.1862263995361328,call,2026-09-30,SPY,760.77001953125,2026-09-14T23:08:43.714525+00:00
743.0,19.13,22.93,22.24,444.0,701.0,0.18402915588378904,call,2026-09-30,SPY,760.77001953125,2026-09-14T23:08:43.714525+00:00
744.0,19.93,20.42,21.66,23.0,695.0,0.15033808654785158,call,2026-09-30,SPY,760.77001953125,2026-09-14T23:08:43.714525+00:00
745.0,19.11,19.59,20.83,31.0,4708.0,0.14869015380859374,call,2026-09-30,SPY,760.77001953125,2026-09-14T23:08:43.714525+00:00
746.0,18.29,18.76,20.13,15.0,786.0,0.14685911743164062,call,2026-09-30,SPY,760.77001953125,2026-09-14T23:08:43.714525+00:00
747.0,17.49,17.95,18.8,259.0,1210.0,0.1452111846923828,call,2026-09-30,SPY,760.77001953125,2026-09-14T23:08:43.714525+00:00
748.0,16.69,17.15,18.35,84.0,287.0,0.1435937692260742,call,2026-09-30,SPY,760.77001953125,2026-09-14T23:08:43.714525+00:00
749.0,15.91,16.36,17.53,124.0,269.0,0.1419458364868164,call,2026-09-30,SPY,760.77001953125,2026-09-14T23:08:43.714525+00:00
750.0,15.13,15.59,15.37,491.0,5182.0,0.1404504901123047,call,2026-09-30,SPY,760.77001953125,2026-09-14T23:08:43.714525+00:00
751.0,14.46,14.82,15.94,386.0,514.0,0.1387720401000977,call,2026-09-30,SPY,760.77001953125,2026-09-14T23:08:43.714525+00:00
752.0,13.63,14.07,15.15,338.0,534.0,0.1371851419067383,call,2026-09-30,SPY,760.77001953125,2026-09-14T23:08:43.714525+00:00
753.0,13.03,13.23,13.48,323.0,395.0,0.13391979370117188,call,2026-09-30,SPY,760.77001953125,2026-09-14T23:08:43.714525+00:00
754.0,12.17,12.6,13.76,99.0,505.0,0.13385875915527345,call,2026-09-30,SPY,760.77001953125,2026-09-14T23:08:43.714525+00:00
755.0,11.47,11.89,12.65,179.0,3291.0,0.13227186096191407,call,2026-09-30,SPY,760.77001953125,2026-09-14T23:08:43.714525+00:00
756.0,10.78,11.19,11.08,68.0,1045.0,0.130593410949707,call,2026-09-30,SPY,760.77001953125,2026-09-14T23:08:43.714525+00:00
757.0,10.11,10.52,11.4,363.0,756.0,0.12912858184814452,call,2026-09-30,SPY,760.77001953125,2026-09-14T23:08:43.714525+00:00
758.0,9.46,9.86,9.75,719.0,558.0,0.1275416836547852,call,2026-09-30,SPY,760.77001953125,2026-09-14T23:08:43.714525+00:00
759.0,9.07,9.11,9.07,1334.0,1072.0,0.12430685272216799,call,2026-09-30,SPY,760.77001953125,2026-09-14T23:08:43.714525+00:00
760.0,8.45,8.49,8.43,1286.0,4289.0,0.12281150634765625,call,2026-09-30,SPY,760.77001953125,2026-09-14T23:08:43.714525+00:00
761.0,7.84,7.89,7.82,3523.0,2138.0,0.12131615997314452,call,2026-09-30,SPY,760.77001953125,2026-09-14T23:08:43.714525+00:00
762.0,7.26,7.31,7.23,904.0,1683.0,0.1198208135986328,call,2026-09-30,SPY,760.77001953125,2026-09-14T23:08:43.714525+00:00
763.0,6.7,6.75,6.72,766.0,934.0,0.1183254672241211,call,2026-09-30,SPY,760.77001953125,2026-09-14T23:08:43.714525+00:00
764.0,6.17,6.22,6.38,954.0,880.0,0.11695218994140624,call,2026-09-30,SPY,760.77001953125,2026-09-14T23:08:43.714525+00:00
765.0,5.65,5.7,5.67,1851.0,4333.0,0.11542632629394532,call,2026-09-30,SPY,760.77001953125,2026-09-14T23:08:43.714525+00:00
766.0,5.16,5.21,5.17,282.0,1126.0,0.11399201446533203,call,2026-09-30,SPY,760.77001953125,2026-09-14T23:08:43.714525+00:00
767.0,4.7,4.75,4.69,314.0,1436.0,0.11267977172851562,call,2026-09-30,SPY,760.77001953125,2026-09-14T23:08:43.714525+00:00
768.0,4.26,4.31,4.3,440.0,1420.0,0.11130649444580076,call,2026-09-30,SPY,760.77001953125,2026-09-14T23:08:43.714525+00:00
769.0,3.85,3.89,3.99,386.0,2145.0,0.1098721826171875,call,2026-09-30,SPY,760.77001953125,2026-09-14T23:08:43.714525+00:00
770.0,3.46,3.51,3.47,2274.0,4519.0,0.1087125262451172,call,2026-09-30,SPY,760.77001953125,2026-09-14T23:08:43.714525+00:00
771.0,3.1,3.14,3.35,400.0,1176.0,0.10733924896240235,call,2026-09-30,SPY,760.77001953125,2026-09-14T23:08:43.714525+00:00
772.0,2.77,2.81,2.76,135.0,1771.0,0.10624062713623048,call,2026-09-30,SPY,760.77001953125,2026-09-14T23:08:43.714525+00:00
773.0,2.46,2.48,2.52,470.0,2524.0,0.10471476348876951,call,2026-09-30,SPY,760.77001953125,2026-09-14T23:08:43.714525+00:00
774.0,2.18,2.21,2.51,106.0,1223.0,0.10389079711914062,call,2026-09-30,SPY,760.77001953125,2026-09-14T23:08:43.714525+00:00
775.0,1.92,1.95,1.94,1340.0,16039.0,0.10285320983886719,call,2026-09-30,SPY,760.77001953125,2026-09-14T23:08:43.714525+00:00
776.0,1.68,1.71,1.8,271.0,938.0,0.10181562255859375,call,2026-09-30,SPY,760.77001953125,2026-09-14T23:08:43.714525+00:00
777.0,1.47,1.5,1.58,2742.0,1801.0,0.10096113891601563,call,2026-09-30,SPY,760.77001953125,2026-09-14T23:08:43.714525+00:00
778.0,1.28,1.3,1.43,577.0,1864.0,0.09989303436279298,call,2026-09-30,SPY,760.77001953125,2026-09-14T23:08:43.714525+00:00
779.0,1.11,1.13,1.11,128.0,1130.0,0.0991301025390625,call,2026-09-30,SPY,760.77001953125,2026-09-14T23:08:43.714525+00:00
780.0,0.96,0.98,0.97,2973.0,10476.0,0.09845872253417969,call,2026-09-30,SPY,760.77001953125,2026-09-14T23:08:43.714525+00:00
781.0,0.82,0.84,0.92,337.0,2205.0,0.09760423889160157,call,2026-09-30,SPY,760.77001953125,2026-09-14T23:08:43.714525+00:00
782.0,0.71,0.72,0.77,144.0,1430.0,0.09687182434082033,call,2026-09-30,SPY,760.77001953125,2026-09-14T23:08:43.714525+00:00
783.0,0.6,0.62,0.69,282.0,1088.0,0.09644458251953125,call,2026-09-30,SPY,760.77001953125,2026-09-14T23:08:43.714525+00:00
784.0,0.52,0.53,0.54,1884.0,1077.0,0.09595630615234377,call,2026-09-30,SPY,760.77001953125,2026-09-14T23:08:43.714525+00:00
785.0,0.45,0.46,0.44,1938.0,5050.0,0.09583423706054689,call,2026-09-30,SPY,760.77001953125,2026-09-14T23:08:43.714525+00:00
786.0,0.38,0.39,0.42,1212.0,21842.0,0.09534596069335938,call,2026-09-30,SPY,760.77001953125,2026-09-14T23:08:43.714525+00:00
787.0,0.33,0.34,0.34,392.0,2184.0,0.09559009887695313,call,2026-09-30,SPY,760.77001953125,2026-09-14T23:08:43.714525+00:00
788.0,0.28,0.29,0.31,1777.0,945.0,0.09534596069335938,call,2026-09-30,SPY,760.77001953125,2026-09-14T23:08:43.714525+00:00
789.0,0.25,0.26,0.26,56.0,1833.0,0.09607837524414065,call,2026-09-30,SPY,760.77001953125,2026-09-14T23:08:43.714525+00:00
790.0,0.21,0.22,0.22,5254.0,9951.0,0.09583423706054689,call,2026-09-30,SPY,760.77001953125,2026-09-14T23:08:43.714525+00:00
791.0,0.18,0.19,0.19,247.0,1643.0,0.09595630615234377,call,2026-09-30,SPY,760.77001953125,2026-09-14T23:08:43.714525+00:00
792.0,0.16,0.17,0.16,752.0,1457.0,0.09668872070312501,call,2026-09-30,SPY,760.77001953125,2026-09-14T23:08:43.714525+00:00
793.0,0.14,0.15,0.17,129.0,1930.0,0.0971769970703125,call,2026-09-30,SPY,760.77001953125,2026-09-14T23:08:43.714525+00:00
794.0,0.13,0.14,0.15,884.0,2338.0,0.098641826171875,call,2026-09-30,SPY,760.77001953125,2026-09-14T23:08:43.714525+00:00
795.0,0.11,0.12,0.13,340.0,4899.0,0.098641826171875,call,2026-09-30,SPY,760.77001953125,2026-09-14T23:08:43.714525+00:00
796.0,0.1,0.11,0.11,117.0,751.0,0.09986251708984376,call,2026-09-30,SPY,760.77001953125,2026-09-14T23:08:43.714525+00:00
797.0,0.09,0.1,0.1,32.0,904.0,0.10083906982421875,call,2026-09-30,SPY,760.77001953125,2026-09-14T23:08:43.714525+00:00
798.0,0.08,0.09,0.1,328.0,981.0,0.10157148437499999,call,2026-09-30,SPY,760.77001953125,2026-09-14T23:08:43.714525+00:00
799.0,0.08,0.09,0.07,342.0,943.0,0.10376872802734374,call,2026-09-30,SPY,760.77001953125,2026-09-14T23:08:43.714525+00:00
800.0,0.07,0.08,0.07,5951.0,57081.0,0.10450114257812498,call,2026-09-30,SPY,760.77001953125,2026-09-14T23:08:43.714525+00:00
801.0,0.06,0.07,0.08,450.0,1424.0,0.10474528076171874,call,2026-09-30,SPY,760.77001953125,2026-09-14T23:08:43.714525+00:00
802.0,0.06,0.07,0.08,77.0,752.0,0.1069425244140625,call,2026-09-30,SPY,760.77001953125,2026-09-14T23:08:43.714525+00:00
803.0,0.06,0.07,0.06,3.0,3060.0,0.10913976806640624,call,2026-09-30,SPY,760.77001953125,2026-09-14T23:08:43.714525+00:00
804.0,0.05,0.06,0.06,2.0,749.0,0.10938390625,call,2026-09-30,SPY,760.77001953125,2026-09-14T23:08:43.714525+00:00
805.0,0.05,0.06,0.05,80.0,4543.0,0.11133701171874999,call,2026-09-30,SPY,760.77001953125,2026-09-14T23:08:43.714525+00:00
806.0,0.05,0.06,0.05,25.0,1242.0,0.1132901171875,call,2026-09-30,SPY,760.77001953125,2026-09-14T23:08:43.714525+00:00
807.0,0.04,0.05,0.05,2.0,2417.0,0.1128018408203125,call,2026-09-30,SPY,760.77001953125,2026-09-14T23:08:43.714525+00:00
808.0,0.04,0.05,0.06,1.0,619.0,0.11524322265625,call,2026-09-30,SPY,760.77001953125,2026-09-14T23:08:43.714525+00:00
809.0,0.04,0.05,0.05,7.0,1141.0,0.117196328125,call,2026-09-30,SPY,760.77001953125,2026-09-14T23:08:43.714525+00:00
810.0,0.04,0.05,0.04,213.0,7303.0,0.11914943359374999,call,2026-09-30,SPY,760.77001953125,2026-09-14T23:08:43.714525+00:00
811.0,0.03,0.04,0.04,26.0,1817.0,0.118172880859375,call,2026-09-30,SPY,760.77001953125,2026-09-14T23:08:43.714525+00:00
812.0,0.03,0.04,0.05,2.0,762.0,0.12012598632812499,call,2026-09-30,SPY,760.77001953125,2026-09-14T23:08:43.714525+00:00
813.0,0.03,0.04,0.06,6.0,393.0,0.12207909179687501,call,2026-09-30,SPY,760.77001953125,2026-09-14T23:08:43.714525+00:00
814.0,0.03,0.04,0.04,1.0,1072.0,0.124032197265625,call,2026-09-30,SPY,760.77001953125,2026-09-14T23:08:43.714525+00:00
815.0,0.03,0.04,0.05,3.0,1693.0,0.125985302734375,call,2026-09-30,SPY,760.77001953125,2026-09-14T23:08:43.714525+00:00
816.0,0.03,0.04,0.03,29.0,1769.0,0.127938408203125,call,2026-09-30,SPY,760.77001953125,2026-09-14T23:08:43.714525+00:00
817.0,0.02,0.03,0.04,1.0,774.0,0.125985302734375,call,2026-09-30,SPY,760.77001953125,2026-09-14T23:08:43.714525+00:00
818.0,0.02,0.03,0.05,1.0,315.0,0.127938408203125,call,2026-09-30,SPY,760.77001953125,2026-09-14T23:08:43.714525+00:00
819.0,0.02,0.03,0.05,20.0,2015.0,0.129891513671875,call,2026-09-30,SPY,760.77001953125,2026-09-14T23:08:43.714525+00:00
820.0,0.02,0.03,0.02,512.0,2911.0,0.131844619140625,call,2026-09-30,SPY,760.77001953125,2026-09-14T23:08:43.714525+00:00
821.0,0.02,0.03,0.05,16.0,713.0,0.133797724609375,call,2026-09-30,SPY,760.77001953125,2026-09-14T23:08:43.714525+00:00
822.0,0.02,0.03,0.06,31.0,201.0,0.13575083007812502,call,2026-09-30,SPY,760.77001953125,2026-09-14T23:08:43.714525+00:00
823.0,0.02,0.03,0.04,1.0,122.0,0.13770393554687502,call,2026-09-30,SPY,760.77001953125,2026-09-14T23:08:43.714525+00:00
824.0,0.02,0.03,0.03,1850.0,3731.0,0.139657041015625,call,2026-09-30,SPY,760.77001953125,2026-09-14T23:08:43.714525+00:00
825.0,0.02,0.03,0.02,41.0,42327.0,0.141610146484375,call,2026-09-30,SPY,760.77001953125,2026-09-14T23:08:43.714525+00:00
826.0,0.02,0.03,0.04,6.0,13922.0,0.143563251953125,call,2026-09-30,SPY,760.77001953125,2026-09-14T23:08:43.714525+00:00
827.0,0.02,0.03,0.04,51.0,215.0,0.145516357421875,call,2026-09-30,SPY,760.77001953125,2026-09-14T23:08:43.714525+00:00
828.0,0.02,0.03,0.04,1.0,1453.0,0.147469462890625,call,2026-09-30,SPY,760.77001953125,2026-09-14T23:08:43.714525+00:00
829.0,0.01,0.02,0.03,1026.0,1298.0,0.14258669921875,call,2026-09-30,SPY,760.77001953125,2026-09-14T23:08:43.714525+00:00
830.0,0.01,0.02,0.03,4.0,2217.0,0.1445398046875,call,2026-09-30,SPY,760.77001953125,2026-09-14T23:08:43.714525+00:00
831.0,0.01,0.02,0.03,6.0,190.0,0.14649291015625,call,2026-09-30,SPY,760.77001953125,2026-09-14T23:08:43.714525+00:00
832.0,0.01,0.02,0.11,2.0,401.0,0.148446015625,call,2026-09-30,SPY,760.77001953125,2026-09-14T23:08:43.714525+00:00
833.0,0.01,0.02,0.11,3.0,198.0,0.15039912109375003,call,2026-09-30,SPY,760.77001953125,2026-09-14T23:08:43.714525+00:00
834.0,0.01,0.02,0.03,30.0,431.0,0.15235222656250003,call,2026-09-30,SPY,760.77001953125,2026-09-14T23:08:43.714525+00:00
835.0,0.01,0.02,0.02,16.0,1058.0,0.15430533203125002,call,2026-09-30,SPY,760.77001953125,2026-09-14T23:08:43.714525+00:00
836.0,0.01,0.02,0.03,87.0,136.0,0.15528188476562502,call,2026-09-30,SPY,760.77001953125,2026-09-14T23:08:43.714525+00:00
837.0,0.01,0.02,0.06,4.0,372.0,0.157234990234375,call,2026-09-30,SPY,760.77001953125,2026-09-14T23:08:43.714525+00:00
838.0,0.01,0.02,0.04,1.0,727.0,0.159188095703125,call,2026-09-30,SPY,760.77001953125,2026-09-14T23:08:43.714525+00:00
839.0,0.01,0.02,0.02,96.0,738.0,0.1601646484375,call,2026-09-30,SPY,760.77001953125,2026-09-14T23:08:43.714525+00:00
840.0,0.01,0.02,0.03,2.0,638.0,0.16211775390625,call,2026-09-30,SPY,760.77001953125,2026-09-14T23:08:43.714525+00:00
841.0,0.01,0.02,0.05,1.0,107.0,0.16407085937500002,call,2026-09-30,SPY,760.77001953125,2026-09-14T23:08:43.714525+00:00
842.0,0.01,0.02,0.02,69.0,1546.0,0.16602396484375004,call,2026-09-30,SPY,760.77001953125,2026-09-14T23:08:43.714525+00:00
843.0,0.01,0.02,0.02,17.0,973.0,0.16797707031250003,call,2026-09-30,SPY,760.77001953125,2026-09-14T23:08:43.714525+00:00
844.0,0.01,0.02,0.02,243.0,227.0,0.16993017578125003,call,2026-09-30,SPY,760.77001953125,2026-09-14T23:08:43.714525+00:00
845.0,0.01,0.02,0.02,2636.0,2255.0,0.17188328125000002,call,2026-09-30,SPY,760.77001953125,2026-09-14T23:08:43.714525+00:00
846.0,0.01,0.02,0.02,1418.0,1007.0,0.17383638671875,call,2026-09-30,SPY,760.77001953125,2026-09-14T23:08:43.714525+00:00
847.0,0.01,0.02,0.02,208.0,868.0,0.174812939453125,call,2026-09-30,SPY,760.77001953125,2026-09-14T23:08:43.714525+00:00
848.0,0.01,0.02,0.01,1.0,935.0,0.1757894921875,call,2026-09-30,SPY,760.77001953125,2026-09-14T23:08:43.714525+00:00
849.0,0.01,0.02,0.02,331.0,866.0,0.17774259765625,call,2026-09-30,SPY,760.77001953125,2026-09-14T23:08:43.714525+00:00
850.0,0.0,0.01,0.01,10.0,5978.0,0.16797707031250003,call,2026-09-30,SPY,760.77001953125,2026-09-14T23:08:43.714525+00:00
851.0,0.0,0.01,0.03,15.0,56.0,0.17188328125000002,call,2026-09-30,SPY,760.77001953125,2026-09-14T23:08:43.714525+00:00
852.0,0.0,0.01,0.02,6.0,653.0,0.17188328125000002,call,2026-09-30,SPY,760.77001953125,2026-09-14T23:08:43.714525+00:00
853.0,0.0,0.01,0.02,1147.0,1443.0,0.17383638671875,call,2026-09-30,SPY,760.77001953125,2026-09-14T23:08:43.714525+00:00
854.0,0.0,0.01,0.03,2.0,1275.0,0.1757894921875,call,2026-09-30,SPY,760.77001953125,2026-09-14T23:08:43.714525+00:00
855.0,0.0,0.01,0.05,30.0,347.0,0.17774259765625,call,2026-09-30,SPY,760.77001953125,2026-09-14T23:08:43.714525+00:00
856.0,0.0,0.01,0.02,453.0,474.0,0.179695703125,call,2026-09-30,SPY,760.77001953125,2026-09-14T23:08:43.714525+00:00
857.0,0.0,0.01,0.02,600.0,1273.0,0.179695703125,call,2026-09-30,SPY,760.77001953125,2026-09-14T23:08:43.714525+00:00
858.0,0.0,0.01,0.02,20.0,1124.0,0.18360191406249998,call,2026-09-30,SPY,760.77001953125,2026-09-14T23:08:43.714525+00:00
859.0,0.0,0.01,0.04,24.0,860.0,0.18360191406249998,call,2026-09-30,SPY,760.77001953125,2026-09-14T23:08:43.714525+00:00
860.0,0.0,0.01,0.01,3.0,801.0,0.18555501953124998,call,2026-09-30,SPY,760.77001953125,2026-09-14T23:08:43.714525+00:00
865.0,0.0,0.01,0.02,10.0,3582.0,0.19336744140625,call,2026-09-30,SPY,760.77001953125,2026-09-14T23:08:43.714525+00:00
870.0,0.0,0.01,0.02,59.0,1404.0,0.20117986328124998,call,2026-09-30,SPY,760.77001953125,2026-09-14T23:08:43.714525+00:00
875.0,0.0,0.01,0.03,30.0,726.0,0.20899228515624996,call,2026-09-30,SPY,760.77001953125,2026-09-14T23:08:43.714525+00:00
880.0,0.0,0.01,0.01,8.0,995.0,0.21680470703125,call,2026-09-30,SPY,760.77001953125,2026-09-14T23:08:43.714525+00:00
885.0,0.0,0.01,0.01,63.0,624.0,0.22461712890624996,call,2026-09-30,SPY,760.77001953125,2026-09-14T23:08:43.714525+00:00
890.0,0.0,0.01,0.01,83.0,625.0,0.2304764453125,call,2026-09-30,SPY,760.77001953125,2026-09-14T23:08:43.714525+00:00
895.0,0.0,0.01,0.02,1.0,4431.0,0.23828886718749998,call,2026-09-30,SPY,760.77001953125,2026-09-14T23:08:43.714525+00:00
900.0,0.0,0.01,0.01,2.0,6856.0,0.2461012890625,call,2026-09-30,SPY,760.77001953125,2026-09-14T23:08:43.714525+00:00
375.0,0.0,0.01,0.01,50.0,15561.0,0.92187578125,put,2026-09-30,SPY,760.77001953125,2026-09-14T23:08:43.714525+00:00
380.0,0.0,0.01,0.02,120.0,11609.0,0.9062509375,put,2026-09-30,SPY,760.77001953125,2026-09-14T23:08:43.714525+00:00
385.0,0.0,0.01,0.01,340.0,9275.0,0.8906260937499999,put,2026-09-30,SPY,760.77001953125,2026-09-14T23:08:43.714525+00:00
390.0,0.0,0.01,0.01,50.0,1739.0,0.87500125,put,2026-09-30,SPY,760.77001953125,2026-09-14T23:08:43.714525+00:00
395.0,0.0,0.01,0.01,52.0,3683.0,0.85937640625,put,2026-09-30,SPY,760.77001953125,2026-09-14T23:08:43.714525+00:00
400.0,0.0,0.01,0.01,32.0,9977.0,0.8437515624999999,put,2026-09-30,SPY,760.77001953125,2026-09-14T23:08:43.714525+00:00
405.0,0.0,0.01,0.01,18.0,9864.0,0.8281267187499999,put,2026-09-30,SPY,760.77001953125,2026-09-14T23:08:43.714525+00:00
410.0,0.0,0.01,0.01,2409.0,1043.0,0.8125018749999999,put,2026-09-30,SPY,760.77001953125,2026-09-14T23:08:43.714525+00:00
415.0,0.0,0.01,0.01,1842.0,1459.0,0.79687703125,put,2026-09-30,SPY,760.77001953125,2026-09-14T23:08:43.714525+00:00
420.0,0.01,0.02,0.01,450.0,479.0,0.8437515624999999,put,2026-09-30,SPY,760.77001953125,2026-09-14T23:08:43.714525+00:00
425.0,0.01,0.02,0.02,15.0,3338.0,0.8281267187499999,put,2026-09-30,SPY,760.77001953125,2026-09-14T23:08:43.714525+00:00
430.0,0.01,0.02,0.03,5.0,456.0,0.8125018749999999,put,2026-09-30,SPY,760.77001953125,2026-09-14T23:08:43.714525+00:00
435.0,0.01,0.02,0.02,5.0,150704.0,0.79687703125,put,2026-09-30,SPY,760.77001953125,2026-09-14T23:08:43.714525+00:00
440.0,0.01,0.02,0.03,24.0,1015.0,0.7812521875,put,2026-09-30,SPY,760.77001953125,2026-09-14T23:08:43.714525+00:00
445.0,0.01,0.02,0.01,12.0,592.0,0.7656273437500001,put,2026-09-30,SPY,760.77001953125,2026-09-14T23:08:43.714525+00:00
450.0,0.01,0.02,0.02,60.0,11297.0,0.7500025,put,2026-09-30,SPY,760.77001953125,2026-09-14T23:08:43.714525+00:00
455.0,0.01,0.02,0.02,1113.0,157.0,0.73437765625,put,2026-09-30,SPY,760.77001953125,2026-09-14T23:08:43.714525+00:00
460.0,0.02,0.03,0.03,1027.0,368.0,0.7500025,put,2026-09-30,SPY,760.77001953125,2026-09-14T23:08:43.714525+00:00
465.0,0.02,0.03,0.03,10.0,251.0,0.73437765625,put,2026-09-30,SPY,760.77001953125,2026-09-14T23:08:43.714525+00:00
470.0,0.02,0.03,0.03,2.0,1839.0,0.7187528125,put,2026-09-30,SPY,760.77001953125,2026-09-14T23:08:43.714525+00:00
475.0,0.02,0.03,0.03,48.0,1721.0,0.7070341796875,put,2026-09-30,SPY,760.77001953125,2026-09-14T23:08:43.714525+00:00
480.0,0.02,0.03,0.04,1.0,1473.0,0.6914093359375001,put,2026-09-30,SPY,760.77001953125,2026-09-14T23:08:43.714525+00:00
485.0,0.02,0.03,0.03,7.0,678.0,0.6757844921875001,put,2026-09-30,SPY,760.77001953125,2026-09-14T23:08:43.714525+00:00
490.0,0.03,0.04,0.04,8.0,1306.0,0.6796907031250001,put,2026-09-30,SPY,760.77001953125,2026-09-14T23:08:43.714525+00:00
495.0,0.03,0.04,0.03,48.0,930.0,0.6679720703125002,put,2026-09-30,SPY,760.77001953125,2026-09-14T23:08:43.714525+00:00
500.0,0.03,0.04,0.03,18.0,3194.0,0.6523472265625001,put,2026-09-30,SPY,760.77001953125,2026-09-14T23:08:43.714525+00:00
505.0,0.04,0.05,0.05,101.0,736.0,0.6523472265625001,put,2026-09-30,SPY,760.77001953125,2026-09-14T23:08:43.714525+00:00
510.0,0.04,0.05,0.03,5.0,617.0,0.6367223828125,put,2026-09-30,SPY,760.77001953125,2026-09-14T23:08:43.714525+00:00
515.0,0.04,0.05,0.04,26.0,1111.0,0.62305064453125,put,2026-09-30,SPY,760.77001953125,2026-09-14T23:08:43.714525+00:00
520.0,0.05,0.06,0.05,9.0,1375.0,0.6210975390625001,put,2026-09-30,SPY,760.77001953125,2026-09-14T23:08:43.714525+00:00
525.0,0.05,0.06,0.05,13.0,911.0,0.6054726953125001,put,2026-09-30,SPY,760.77001953125,2026-09-14T23:08:43.714525+00:00
530.0,0.05,0.06,0.07,3.0,982.0,0.5918009570312501,put,2026-09-30,SPY,760.77001953125,2026-09-14T23:08:43.714525+00:00
535.0,0.06,0.07,0.05,102.0,301010.0,0.585941640625,put,2026-09-30,SPY,760.77001953125,2026-09-14T23:08:43.714525+00:00
540.0,0.06,0.07,0.05,2.0,1847.0,0.5722699023437501,put,2026-09-30,SPY,760.77001953125,2026-09-14T23:08:43.714525+00:00
545.0,0.07,0.08,0.08,1.0,784.0,0.5664105859375,put,2026-09-30,SPY,760.77001953125,2026-09-14T23:08:43.714525+00:00
550.0,0.07,0.08,0.09,15.0,1354.0,0.551762294921875,put,2026-09-30,SPY,760.77001953125,2026-09-14T23:08:43.714525+00:00
555.0,0.08,0.09,0.12,1.0,1078.0,0.5449264257812501,put,2026-09-30,SPY,760.77001953125,2026-09-14T23:08:43.714525+00:00
560.0,0.09,0.1,0.07,1.0,1279.0,0.5371140039062501,put,2026-09-30,SPY,760.77001953125,2026-09-14T23:08:43.714525+00:00
565.0,0.09,0.1,0.1,2.0,516.0,0.5224657128906249,put,2026-09-30,SPY,760.77001953125,2026-09-14T23:08:43.714525+00:00
570.0,0.1,0.11,0.1,3.0,1842.0,0.5136767382812499,put,2026-09-30,SPY,760.77001953125,2026-09-14T23:08:43.714525+00:00
575.0,0.11,0.12,0.08,4.0,1244.0,0.5048877636718749,put,2026-09-30,SPY,760.77001953125,2026-09-14T23:08:43.714525+00:00
580.0,0.11,0.12,0.1,118.0,2517.0,0.4931691308593751,put,2026-09-30,SPY,760.77001953125,2026-09-14T23:08:43.714525+00:00
585.0,0.12,0.13,0.09,6.0,715.0,0.48291532714843755,put,2026-09-30,SPY,760.77001953125,2026-09-14T23:08:43.714525+00:00
590.0,0.13,0.14,0.12,930.0,7610.0,0.4726615234375,put,2026-09-30,SPY,760.77001953125,2026-09-14T23:08:43.714525+00:00
594.0,0.14,0.15,0.1,2.0,224.0,0.46533737792968755,put,2026-09-30,SPY,760.77001953125,2026-09-14T23:08:43.714525+00:00
595.0,0.14,0.15,0.15,1.0,529.0,0.4624077197265626,put,2026-09-30,SPY,760.77001953125,2026-09-14T23:08:43.714525+00:00
596.0,0.14,0.15,0.13,245.0,92.0,0.4594780615234375,put,2026-09-30,SPY,760.77001953125,2026-09-14T23:08:43.714525+00:00
597.0,0.14,0.15,0.13,112.0,20492.0,0.45703667968750006,put,2026-09-30,SPY,760.77001953125,2026-09-14T23:08:43.714525+00:00
598.0,0.15,0.16,0.14,411.0,6995.0,0.45703667968750006,put,2026-09-30,SPY,760.77001953125,2026-09-14T23:08:43.714525+00:00
599.0,0.15,0.16,0.1,648.0,789.0,0.4545952978515625,put,2026-09-30,SPY,760.77001953125,2026-09-14T23:08:43.714525+00:00
600.0,0.15,0.16,0.15,1019.0,34646.0,0.45166563964843753,put,2026-09-30,SPY,760.77001953125,2026-09-14T23:08:43.714525+00:00
601.0,0.15,0.16,0.14,381.0,469.0,0.44873598144531246,put,2026-09-30,SPY,760.77001953125,2026-09-14T23:08:43.714525+00:00
602.0,0.15,0.16,0.16,1.0,155.0,0.446294599609375,put,2026-09-30,SPY,760.77001953125,2026-09-14T23:08:43.714525+00:00
603.0,0.16,0.17,0.15,133.0,389.0,0.446294599609375,put,2026-09-30,SPY,760.77001953125,2026-09-14T23:08:43.714525+00:00
604.0,0.16,0.17,0.16,2.0,156.0,0.44336494140625,put,2026-09-30,SPY,760.77001953125,2026-09-14T23:08:43.714525+00:00
605.0,0.16,0.17,0.12,1.0,634.0,0.44043528320312497,put,2026-09-30,SPY,760.77001953125,2026-09-14T23:08:43.714525+00:00
606.0,0.16,0.17,0.15,45.0,826.0,0.4379939013671875,put,2026-09-30,SPY,760.77001953125,2026-09-14T23:08:43.714525+00:00
607.0,0.17,0.18,0.18,2.0,54.0,0.4379939013671875,put,2026-09-30,SPY,760.77001953125,2026-09-14T23:08:43.714525+00:00
608.0,0.17,0.18,0.24,299.0,475.0,0.43506424316406256,put,2026-09-30,SPY,760.77001953125,2026-09-14T23:08:43.714525+00:00
609.0,0.17,0.18,0.19,1.0,137.0,0.432622861328125,put,2026-09-30,SPY,760.77001953125,2026-09-14T23:08:43.714525+00:00
610.0,0.17,0.18,0.16,700.0,556.0,0.42969320312500003,put,2026-09-30,SPY,760.77001953125,2026-09-14T23:08:43.714525+00:00
611.0,0.18,0.19,0.25,49.0,469.0,0.42969320312500003,put,2026-09-30,SPY,760.77001953125,2026-09-14T23:08:43.714525+00:00
612.0,0.18,0.19,0.19,1.0,311.0,0.42676354492187507,put,2026-09-30,SPY,760.77001953125,2026-09-14T23:08:43.714525+00:00
613.0,0.18,0.19,0.13,100.0,394.0,0.42383388671875,put,2026-09-30,SPY,760.77001953125,2026-09-14T23:08:43.714525+00:00
614.0,0.18,0.19,0.2,1.0,100.0,0.42090422851562503,put,2026-09-30,SPY,760.77001953125,2026-09-14T23:08:43.714525+00:00
615.0,0.19,0.2,0.17,17.0,811.0,0.42090422851562503,put,2026-09-30,SPY,760.77001953125,2026-09-14T23:08:43.714525+00:00
616.0,0.19,0.2,0.21,7.0,209.0,0.41797457031249996,put,2026-09-30,SPY,760.77001953125,2026-09-14T23:08:43.714525+00:00
617.0,0.19,0.2,0.2,1.0,347.0,0.415044912109375,put,2026-09-30,SPY,760.77001953125,2026-09-14T23:08:43.714525+00:00
618.0,0.19,0.2,0.15,101.0,186.0,0.41211525390625,put,2026-09-30,SPY,760.77001953125,2026-09-14T23:08:43.714525+00:00
619.0,0.2,0.21,0.15,1.0,997.0,0.41211525390625,put,2026-09-30,SPY,760.77001953125,2026-09-14T23:08:43.714525+00:00
620.0,0.2,0.21,0.17,9.0,3385.0,0.40918559570312496,put,2026-09-30,SPY,760.77001953125,2026-09-14T23:08:43.714525+00:00
621.0,0.2,0.21,0.22,1.0,255.0,0.4062559375,put,2026-09-30,SPY,760.77001953125,2026-09-14T23:08:43.714525+00:00
622.0,0.2,0.21,0.18,205.0,364.0,0.40332627929687503,put,2026-09-30,SPY,760.77001953125,2026-09-14T23:08:43.714525+00:00
623.0,0.21,0.22,0.2,200.0,166.0,0.4028380029296875,put,2026-09-30,SPY,760.77001953125,2026-09-14T23:08:43.714525+00:00
624.0,0.21,0.22,0.22,20.0,241.0,0.40039662109375,put,2026-09-30,SPY,760.77001953125,2026-09-14T23:08:43.714525+00:00
625.0,0.21,0.22,0.21,50.0,2887.0,0.397466962890625,put,2026-09-30,SPY,760.77001953125,2026-09-14T23:08:43.714525+00:00
626.0,0.22,0.23,0.21,1.0,512.0,0.3969786865234375,put,2026-09-30,SPY,760.77001953125,2026-09-14T23:08:43.714525+00:00
627.0,0.22,0.23,0.2,208.0,525.0,0.3940490283203125,put,2026-09-30,SPY,760.77001953125,2026-09-14T23:08:43.714525+00:00
628.0,0.22,0.23,0.2,12.0,168.0,0.39111937011718745,put,2026-09-30,SPY,760.77001953125,2026-09-14T23:08:43.714525+00:00
629.0,0.23,0.24,0.23,1.0,330.0,0.39038695556640624,put,2026-09-30,SPY,760.77001953125,2026-09-14T23:08:43.714525+00:00
630.0,0.23,0.24,0.21,711.0,3814.0,0.387701435546875,put,2026-09-30,SPY,760.77001953125,2026-09-14T23:08:43.714525+00:00
631.0,0.23,0.24,0.21,1.0,148.0,0.38477177734374995,put,2026-09-30,SPY,760.77001953125,2026-09-14T23:08:43.714525+00:00
632.0,0.24,0.25,0.22,92.0,229.0,0.383795224609375,put,2026-09-30,SPY,760.77001953125,2026-09-14T23:08:43.714525+00:00
633.0,0.24,0.25,0.22,6.0,477.0,0.38086556640624997,put,2026-09-30,SPY,760.77001953125,2026-09-14T23:08:43.714525+00:00
634.0,0.24,0.25,0.28,10.0,235.0,0.37793590820312495,put,2026-09-30,SPY,760.77001953125,2026-09-14T23:08:43.714525+00:00
635.0,0.25,0.26,0.22,107.0,150708.0,0.37720349365234374,put,2026-09-30,SPY,760.77001953125,2026-09-14T23:08:43.714525+00:00
636.0,0.25,0.26,0.23,63.0,120.0,0.3745179736328125,put,2026-09-30,SPY,760.77001953125,2026-09-14T23:08:43.714525+00:00
637.0,0.25,0.26,0.25,5.0,521.0,0.3715883154296875,put,2026-09-30,SPY,760.77001953125,2026-09-14T23:08:43.714525+00:00
638.0,0.26,0.27,0.23,89.0,59.0,0.3706117626953125,put,2026-09-30,SPY,760.77001953125,2026-09-14T23:08:43.714525+00:00
639.0,0.26,0.27,0.24,20.0,125.0,0.3676821044921875,put,2026-09-30,SPY,760.77001953125,2026-09-14T23:08:43.714525+00:00
640.0,0.26,0.27,0.24,126.0,3622.0,0.36475244628906256,put,2026-09-30,SPY,760.77001953125,2026-09-14T23:08:43.714525+00:00
641.0,0.27,0.28,0.24,285.0,216.0,0.36377589355468753,put,2026-09-30,SPY,760.77001953125,2026-09-14T23:08:43.714525+00:00
642.0,0.27,0.28,0.24,2.0,84.0,0.36084623535156246,put,2026-09-30,SPY,760.77001953125,2026-09-14T23:08:43.714525+00:00
643.0,0.28,0.29,0.25,45.0,233.0,0.35986968261718744,put,2026-09-30,SPY,760.77001953125,2026-09-14T23:08:43.714525+00:00
644.0,0.28,0.29,0.26,185.0,164.0,0.3569400244140625,put,2026-09-30,SPY,760.77001953125,2026-09-14T23:08:43.714525+00:00
645.0,0.29,0.3,0.26,223.0,566.0,0.35547519531249994,put,2026-09-30,SPY,760.77001953125,2026-09-14T23:08:43.714525+00:00
646.0,0.29,0.3,0.32,1.0,454.0,0.35278967529296873,put,2026-09-30,SPY,760.77001953125,2026-09-14T23:08:43.714525+00:00
647.0,0.29,0.3,0.3,3.0,302.0,0.3498600170898437,put,2026-09-30,SPY,760.77001953125,2026-09-14T23:08:43.714525+00:00
648.0,0.3,0.31,0.27,49.0,675.0,0.348639326171875,put,2026-09-30,SPY,760.77001953125,2026-09-14T23:08:43.714525+00:00
649.0,0.3,0.31,0.23,1.0,684.0,0.34570966796874997,put,2026-09-30,SPY,760.77001953125,2026-09-14T23:08:43.714525+00:00
650.0,0.31,0.32,0.3,814.0,3770.0,0.3442448388671875,put,2026-09-30,SPY,760.77001953125,2026-09-14T23:08:43.714525+00:00
651.0,0.31,0.32,0.25,57.0,430.0,0.3413151806640625,put,2026-09-30,SPY,760.77001953125,2026-09-14T23:08:43.714525+00:00
652.0,0.32,0.33,0.29,7.0,220.0,0.34009448974609374,put,2026-09-30,SPY,760.77001953125,2026-09-14T23:08:43.714525+00:00
653.0,0.32,0.33,0.29,5.0,131.0,0.3371648315429688,put,2026-09-30,SPY,760.77001953125,2026-09-14T23:08:43.714525+00:00
654.0,0.33,0.34,0.27,6.0,29.0,0.33570000244140624,put,2026-09-30,SPY,760.77001953125,2026-09-14T23:08:43.714525+00:00
655.0,0.33,0.34,0.3,299.0,565.0,0.3327703442382813,put,2026-09-30,SPY,760.77001953125,2026-09-14T23:08:43.714525+00:00
656.0,0.34,0.35,0.37,2.0,196.0,0.33130551513671874,put,2026-09-30,SPY,760.77001953125,2026-09-14T23:08:43.714525+00:00
657.0,0.34,0.35,0.28,2.0,883.0,0.3283758569335937,put,2026-09-30,SPY,760.77001953125,2026-09-14T23:08:43.714525+00:00
658.0,0.35,0.36,0.32,194.0,1215.0,0.3266668896484375,put,2026-09-30,SPY,760.77001953125,2026-09-14T23:08:43.714525+00:00
659.0,0.36,0.37,0.38,161.0,737.0,0.32520206054687495,put,2026-09-30,SPY,760.77001953125,2026-09-14T23:08:43.714525+00:00
660.0,0.36,0.37,0.35,32.0,7866.0,0.32227240234374993,put,2026-09-30,SPY,760.77001953125,2026-09-14T23:08:43.714525+00:00
661.0,0.37,0.38,0.34,29.0,442.0,0.3205634350585937,put,2026-09-30,SPY,760.77001953125,2026-09-14T23:08:43.714525+00:00
662.0,0.37,0.38,0.34,113.0,206.0,0.31763377685546873,put,2026-09-30,SPY,760.77001953125,2026-09-14T23:08:43.714525+00:00
663.0,0.38,0.39,0.35,128.0,299.0,0.31592480957031244,put,2026-09-30,SPY,760.77001953125,2026-09-14T23:08:43.714525+00:00
664.0,0.39,0.4,0.31,1.0,1014.0,0.3142158422851562,put,2026-09-30,SPY,760.77001953125,2026-09-14T23:08:43.714525+00:00
665.0,0.39,0.4,0.36,1544.0,993.0,0.3112861840820312,put,2026-09-30,SPY,760.77001953125,2026-09-14T23:08:43.714525+00:00
666.0,0.4,0.41,0.38,85.0,251.0,0.309577216796875,put,2026-09-30,SPY,760.77001953125,2026-09-14T23:08:43.714525+00:00
667.0,0.41,0.42,0.39,80.0,304.0,0.30762411132812495,put,2026-09-30,SPY,760.77001953125,2026-09-14T23:08:43.714525+00:00
668.0,0.42,0.43,0.42,1.0,409.0,0.30591514404296877,put,2026-09-30,SPY,760.77001953125,2026-09-14T23:08:43.714525+00:00
669.0,0.42,0.43,0.47,17.0,500.0,0.30286341674804684,put,2026-09-30,SPY,760.77001953125,2026-09-14T23:08:43.714525+00:00
670.0,0.43,0.44,0.44,35.0,3379.0,0.30103238037109376,put,2026-09-30,SPY,760.77001953125,2026-09-14T23:08:43.714525+00:00
671.0,0.44,0.45,0.69,3.0,345.0,0.2990792749023437,put,2026-09-30,SPY,760.77001953125,2026-09-14T23:08:43.714525+00:00
672.0,0.45,0.46,0.43,10.0,671.0,0.2971261694335937,put,2026-09-30,SPY,760.77001953125,2026-09-14T23:08:43.714525+00:00
673.0,0.46,0.47,0.42,75.0,1712.0,0.2951730639648437,put,2026-09-30,SPY,760.77001953125,2026-09-14T23:08:43.714525+00:00
674.0,0.46,0.47,0.48,3.0,902.0,0.29224340576171864,put,2026-09-30,SPY,760.77001953125,2026-09-14T23:08:43.714525+00:00
675.0,0.47,0.48,0.45,36.0,9854.0,0.29016823120117186,put,2026-09-30,SPY,760.77001953125,2026-09-14T23:08:43.714525+00:00
676.0,0.48,0.49,0.44,117.0,1312.0,0.2880930566406249,put,2026-09-30,SPY,760.77001953125,2026-09-14T23:08:43.714525+00:00
677.0,0.49,0.5,0.45,25.0,1191.0,0.28613995117187496,put,2026-09-30,SPY,760.77001953125,2026-09-14T23:08:43.714525+00:00
678.0,0.5,0.51,0.67,1009.0,1524.0,0.28394270751953116,put,2026-09-30,SPY,760.77001953125,2026-09-14T23:08:43.714525+00:00
679.0,0.51,0.52,0.78,11.0,773.0,0.28186753295898437,put,2026-09-30,SPY,760.77001953125,2026-09-14T23:08:43.714525+00:00
680.0,0.52,0.53,0.51,195.0,15623.0,0.2797923583984374,put,2026-09-30,SPY,760.77001953125,2026-09-14T23:08:43.714525+00:00
681.0,0.53,0.54,0.44,1.0,660.0,0.2775951147460937,put,2026-09-30,SPY,760.77001953125,2026-09-14T23:08:43.714525+00:00
682.0,0.54,0.55,0.49,21.0,671.0,0.27539787109374997,put,2026-09-30,SPY,760.77001953125,2026-09-14T23:08:43.714525+00:00
683.0,0.55,0.56,0.48,4.0,306.0,0.2732006274414062,put,2026-09-30,SPY,760.77001953125,2026-09-14T23:08:43.714525+00:00
684.0,0.57,0.58,0.57,7.0,441.0,0.27173579833984374,put,2026-09-30,SPY,760.77001953125,2026-09-14T23:08:43.714525+00:00
685.0,0.58,0.59,0.58,118.0,2184.0,0.2695385546875,put,2026-09-30,SPY,760.77001953125,2026-09-14T23:08:43.714525+00:00
686.0,0.59,0.6,0.66,2.0,226.0,0.2672192419433594,put,2026-09-30,SPY,760.77001953125,2026-09-14T23:08:43.714525+00:00
687.0,0.6,0.61,0.53,1.0,1670.0,0.26489992919921873,put,2026-09-30,SPY,760.77001953125,2026-09-14T23:08:43.714525+00:00
688.0,0.62,0.63,0.49,7.0,874.0,0.2633130310058594,put,2026-09-30,SPY,760.77001953125,2026-09-14T23:08:43.714525+00:00
689.0,0.63,0.64,0.63,90.0,690.0,0.26099371826171874,put,2026-09-30,SPY,760.77001953125,2026-09-14T23:08:43.714525+00:00
690.0,0.65,0.66,0.66,76.0,7072.0,0.25928475097656256,put,2026-09-30,SPY,760.77001953125,2026-09-14T23:08:43.714525+00:00
691.0,0.66,0.67,0.59,1.0,2054.0,0.256843369140625,put,2026-09-30,SPY,760.77001953125,2026-09-14T23:08:43.714525+00:00
692.0,0.68,0.69,0.6,312.0,532.0,0.2551344018554688,put,2026-09-30,SPY,760.77001953125,2026-09-14T23:08:43.714525+00:00
693.0,0.69,0.7,0.69,1.0,448.0,0.25269302001953126,put,2026-09-30,SPY,760.77001953125,2026-09-14T23:08:43.714525+00:00
694.0,0.71,0.72,0.64,19.0,301.0,0.25086198364257806,put,2026-09-30,SPY,760.77001953125,2026-09-14T23:08:43.714525+00:00
695.0,0.73,0.74,0.73,3.0,4229.0,0.249030947265625,put,2026-09-30,SPY,760.77001953125,2026-09-14T23:08:43.714525+00:00
696.0,0.75,0.76,0.71,48.0,317.0,0.247077841796875,put,2026-09-30,SPY,760.77001953125,2026-09-14T23:08:43.714525+00:00
697.0,0.77,0.78,0.69,72.0,3708.0,0.245124736328125,put,2026-09-30,SPY,760.77001953125,2026-09-14T23:08:43.714525+00:00
698.0,0.79,0.8,0.87,1.0,318.0,0.2430495617675781,put,2026-09-30,SPY,760.77001953125,2026-09-14T23:08:43.714525+00:00
699.0,0.81,0.82,0.82,23.0,4374.0,0.24109645629882812,put,2026-09-30,SPY,760.77001953125,2026-09-14T23:08:43.714525+00:00
700.0,0.83,0.84,0.83,1954.0,20908.0,0.23902128173828124,put,2026-09-30,SPY,760.77001953125,2026-09-14T23:08:43.714525+00:00
701.0,0.85,0.86,0.7,1414.0,658.0,0.2368240380859375,put,2026-09-30,SPY,760.77001953125,2026-09-14T23:08:43.714525+00:00
702.0,0.87,0.88,0.81,41.0,1200.0,0.2346878289794922,put,2026-09-30,SPY,760.77001953125,2026-09-14T23:08:43.714525+00:00
703.0,0.9,0.91,0.8,439.0,1932.0,0.23303989624023438,put,2026-09-30,SPY,760.77001953125,2026-09-14T23:08:43.714525+00:00
704.0,0.93,0.94,1.0,367.0,450.0,0.23133092895507812,put,2026-09-30,SPY,760.77001953125,2026-09-14T23:08:43.714525+00:00
705.0,0.95,0.96,0.88,1106.0,7897.0,0.22901161621093752,put,2026-09-30,SPY,760.77001953125,2026-09-14T23:08:43.714525+00:00
706.0,0.98,0.99,0.87,1786.0,412.0,0.22718057983398435,put,2026-09-30,SPY,760.77001953125,2026-09-14T23:08:43.714525+00:00
707.0,1.01,1.02,1.08,1141.0,21232.0,0.22534954345703123,put,2026-09-30,SPY,760.77001953125,2026-09-14T23:08:43.714525+00:00
708.0,1.04,1.05,1.08,30.0,1241.0,0.22339643798828124,put,2026-09-30,SPY,760.77001953125,2026-09-14T23:08:43.714525+00:00
709.0,1.07,1.08,1.1,2.0,1324.0,0.22132126342773437,put,2026-09-30,SPY,760.77001953125,2026-09-14T23:08:43.714525+00:00
710.0,1.1,1.11,1.12,1671.0,13710.0,0.21930712341308595,put,2026-09-30,SPY,760.77001953125,2026-09-14T23:08:43.714525+00:00
711.0,1.14,1.15,0.98,345.0,677.0,0.2176591906738281,put,2026-09-30,SPY,760.77001953125,2026-09-14T23:08:43.714525+00:00
712.0,1.18,1.19,1.0,71.0,971.0,0.21595022338867187,put,2026-09-30,SPY,760.77001953125,2026-09-14T23:08:43.714525+00:00
713.0,1.21,1.23,1.07,342.0,740.0,0.21411918701171873,put,2026-09-30,SPY,760.77001953125,2026-09-14T23:08:43.714525+00:00
714.0,1.25,1.27,1.1,587.0,619.0,0.2122881506347656,put,2026-09-30,SPY,760.77001953125,2026-09-14T23:08:43.714525+00:00
715.0,1.3,1.31,1.23,2007.0,6380.0,0.21033504516601562,put,2026-09-30,SPY,760.77001953125,2026-09-14T23:08:43.714525+00:00
716.0,1.34,1.36,1.27,1000.0,871.0,0.2087481469726562,put,2026-09-30,SPY,760.77001953125,2026-09-14T23:08:43.714525+00:00
717.0,1.38,1.4,1.23,4.0,786.0,0.20667297241210933,put,2026-09-30,SPY,760.77001953125,2026-09-14T23:08:43.714525+00:00
718.0,1.43,1.45,1.31,419.0,517.0,0.2048419360351562,put,2026-09-30,SPY,760.77001953125,2026-09-14T23:08:43.714525+00:00
719.0,1.48,1.5,1.41,589.0,667.0,0.2030108996582031,put,2026-09-30,SPY,760.77001953125,2026-09-14T23:08:43.714525+00:00
720.0,1.53,1.55,1.54,1396.0,14603.0,0.20111882873535153,put,2026-09-30,SPY,760.77001953125,2026-09-14T23:08:43.714525+00:00
721.0,1.59,1.61,1.55,601.0,1953.0,0.19947089599609374,put,2026-09-30,SPY,760.77001953125,2026-09-14T23:08:43.714525+00:00
722.0,1.65,1.67,1.46,257.0,1868.0,0.19770089416503905,put,2026-09-30,SPY,760.77001953125,2026-09-14T23:08:43.714525+00:00
723.0,1.71,1.73,1.62,135.0,604.0,0.19586985778808597,put,2026-09-30,SPY,760.77001953125,2026-09-14T23:08:43.714525+00:00
724.0,1.77,1.79,1.58,33.0,1081.0,0.1939777868652344,put,2026-09-30,SPY,760.77001953125,2026-09-14T23:08:43.714525+00:00
725.0,1.84,1.86,1.85,361.0,18644.0,0.19226881958007813,put,2026-09-30,SPY,760.77001953125,2026-09-14T23:08:43.714525+00:00
726.0,1.91,1.93,1.73,203.0,849.0,0.19049881774902344,put,2026-09-30,SPY,760.77001953125,2026-09-14T23:08:43.714525+00:00
727.0,1.98,2.0,1.68,402.0,1600.0,0.18860674682617187,put,2026-09-30,SPY,760.77001953125,2026-09-14T23:08:43.714525+00:00
728.0,2.06,2.08,1.88,369.0,673.0,0.18695881408691406,put,2026-09-30,SPY,760.77001953125,2026-09-14T23:08:43.714525+00:00
729.0,2.14,2.16,1.94,31.0,1839.0,0.18512777770996092,put,2026-09-30,SPY,760.77001953125,2026-09-14T23:08:43.714525+00:00
730.0,2.22,2.25,2.23,10423.0,28739.0,0.18354087951660153,put,2026-09-30,SPY,760.77001953125,2026-09-14T23:08:43.714525+00:00
731.0,2.31,2.34,2.08,69.0,1240.0,0.18177087768554687,put,2026-09-30,SPY,760.77001953125,2026-09-14T23:08:43.714525+00:00
732.0,2.4,2.43,2.15,109.0,1566.0,0.17993984130859375,put,2026-09-30,SPY,760.77001953125,2026-09-14T23:08:43.714525+00:00
733.0,2.5,2.53,2.47,127.0,1099.0,0.1782308740234375,put,2026-09-30,SPY,760.77001953125,2026-09-14T23:08:43.714525+00:00
734.0,2.6,2.63,2.33,396.0,1520.0,0.1763998376464844,put,2026-09-30,SPY,760.77001953125,2026-09-14T23:08:43.714525+00:00
735.0,2.72,2.74,2.73,14299.0,10517.0,0.17472138763427736,put,2026-09-30,SPY,760.77001953125,2026-09-14T23:08:43.714525+00:00
736.0,2.83,2.85,2.84,204.0,654.0,0.17289035125732422,put,2026-09-30,SPY,760.77001953125,2026-09-14T23:08:43.714525+00:00
737.0,2.94,2.97,2.96,21933.0,1236.0,0.17118138397216798,put,2026-09-30,SPY,760.77001953125,2026-09-14T23:08:43.714525+00:00
738.0,3.07,3.1,3.09,340.0,1281.0,0.1695639685058594,put,2026-09-30,SPY,760.77001953125,2026-09-14T23:08:43.714525+00:00
739.0,3.2,3.23,3.25,766.0,1401.0,0.16779396667480473,put,2026-09-30,SPY,760.77001953125,2026-09-14T23:08:43.714525+00:00
740.0,3.34,3.37,3.36,2766.0,22472.0,0.1660849993896485,put,2026-09-30,SPY,760.77001953125,2026-09-14T23:08:43.714525+00:00
741.0,3.48,3.51,3.51,249.0,1251.0,0.16425396301269532,put,2026-09-30,SPY,760.77001953125,2026-09-14T23:08:43.714525+00:00
742.0,3.63,3.67,3.28,130.0,945.0,0.1626975820922852,put,2026-09-30,SPY,760.77001953125,2026-09-14T23:08:43.714525+00:00
743.0,3.79,3.83,3.46,204.0,1783.0,0.1609580975341797,put,2026-09-30,SPY,760.77001953125,2026-09-14T23:08:43.714525+00:00
744.0,3.96,4.0,3.61,278.0,960.0,0.15927964752197266,put,2026-09-30,SPY,760.77001953125,2026-09-14T23:08:43.714525+00:00
745.0,4.13,4.18,4.15,7298.0,11941.0,0.15763171478271482,put,2026-09-30,SPY,760.77001953125,2026-09-14T23:08:43.714525+00:00
746.0,4.32,4.36,4.01,120.0,1693.0,0.15580067840576173,put,2026-09-30,SPY,760.77001953125,2026-09-14T23:08:43.714525+00:00
747.0,4.52,4.56,4.19,198.0,2236.0,0.15418326293945314,put,2026-09-30,SPY,760.77001953125,2026-09-14T23:08:43.714525+00:00
748.0,4.72,4.77,4.53,613.0,1519.0,0.15253533020019533,put,2026-09-30,SPY,760.77001953125,2026-09-14T23:08:43.714525+00:00
749.0,4.94,4.99,4.4,82.0,715.0,0.15088739746093754,put,2026-09-30,SPY,760.77001953125,2026-09-14T23:08:43.714525+00:00
750.0,5.17,5.22,5.17,4185.0,18639.0,0.1492394647216797,put,2026-09-30,SPY,760.77001953125,2026-09-14T23:08:43.714525+00:00
751.0,5.41,5.46,5.11,347.0,1230.0,0.1475610147094727,put,2026-09-30,SPY,760.77001953125,2026-09-14T23:08:43.714525+00:00
752.0,5.66,5.71,5.28,309.0,4929.0,0.1458520474243164,put,2026-09-30,SPY,760.77001953125,2026-09-14T23:08:43.714525+00:00
753.0,5.93,5.98,6.01,76.0,974.0,0.144265149230957,put,2026-09-30,SPY,760.77001953125,2026-09-14T23:08:43.714525+00:00
754.0,6.21,6.26,6.26,456.0,6414.0,0.14261721649169923,put,2026-09-30,SPY,760.77001953125,2026-09-14T23:08:43.714525+00:00
755.0,6.51,6.56,6.53,3333.0,13871.0,0.14106083557128907,put,2026-09-30,SPY,760.77001953125,2026-09-14T23:08:43.714525+00:00
756.0,6.82,6.87,6.87,305.0,2043.0,0.13941290283203128,put,2026-09-30,SPY,760.77001953125,2026-09-14T23:08:43.714525+00:00
757.0,7.15,7.21,7.03,119.0,7529.0,0.13803962554931642,put,2026-09-30,SPY,760.77001953125,2026-09-14T23:08:43.714525+00:00
758.0,7.5,7.55,7.55,1083.0,906.0,0.13639169281005858,put,2026-09-30,SPY,760.77001953125,2026-09-14T23:08:43.714525+00:00
759.0,7.86,7.92,7.9,337.0,1103.0,0.13495738098144533,put,2026-09-30,SPY,760.77001953125,2026-09-14T23:08:43.714525+00:00
760.0,8.28,8.31,8.28,4467.0,11155.0,0.13358410369873047,put,2026-09-30,SPY,760.77001953125,2026-09-14T23:08:43.714525+00:00
761.0,8.66,8.72,8.75,5651.0,26279.0,0.13221082641601564,put,2026-09-30,SPY,760.77001953125,2026-09-14T23:08:43.714525+00:00
762.0,9.08,9.15,9.09,551.0,1508.0,0.1308985836791992,put,2026-09-30,SPY,760.77001953125,2026-09-14T23:08:43.714525+00:00
763.0,9.38,9.78,9.15,165.0,1519.0,0.13233289550781252,put,2026-09-30,SPY,760.77001953125,2026-09-14T23:08:43.714525+00:00
764.0,9.87,10.26,10.01,183.0,1309.0,0.13120375640869142,put,2026-09-30,SPY,760.77001953125,2026-09-14T23:08:43.714525+00:00
765.0,10.35,10.76,10.53,674.0,2473.0,0.1300746173095703,put,2026-09-30,SPY,760.77001953125,2026-09-14T23:08:43.714525+00:00
766.0,10.87,11.29,10.2,55.0,2225.0,0.12912858184814452,put,2026-09-30,SPY,760.77001953125,2026-09-14T23:08:43.714525+00:00
767.0,11.42,11.85,10.97,28.0,1760.0,0.1283351327514648,put,2026-09-30,SPY,760.77001953125,2026-09-14T23:08:43.714525+00:00
768.0,12.02,12.43,11.54,39.0,634.0,0.12757220092773439,put,2026-09-30,SPY,760.77001953125,2026-09-14T23:08:43.714525+00:00
769.0,12.64,13.04,12.23,21.0,1566.0,0.12699237274169922,put,2026-09-30,SPY,760.77001953125,2026-09-14T23:08:43.714525+00:00
770.0,13.23,13.68,13.37,90.0,6035.0,0.12656513092041016,put,2026-09-30,SPY,760.77001953125,2026-09-14T23:08:43.714525+00:00
771.0,13.88,14.35,12.94,8.0,1086.0,0.1263820272827148,put,2026-09-30,SPY,760.77001953125,2026-09-14T23:08:43.714525+00:00
772.0,14.57,15.04,13.5,20.0,1301.0,0.12622944091796873,put,2026-09-30,SPY,760.77001953125,2026-09-14T23:08:43.714525+00:00
773.0,15.31,15.77,15.21,5.0,802.0,0.12647357910156248,put,2026-09-30,SPY,760.77001953125,2026-09-14T23:08:43.714525+00:00
774.0,14.72,17.69,13.06,3.0,445.0,0.147744118347168,put,2026-09-30,SPY,760.77001953125,2026-09-14T23:08:43.714525+00:00
775.0,15.54,18.42,16.25,21.0,11799.0,0.14798825653076175,put,2026-09-30,SPY,760.77001953125,2026-09-14T23:08:43.714525+00:00
776.0,17.54,19.25,16.25,2.0,364.0,0.14981929290771484,put,2026-09-30,SPY,760.77001953125,2026-09-14T23:08:43.714525+00:00
777.0,16.74,20.13,20.3,12.0,328.0,0.15241326110839848,put,2026-09-30,SPY,760.77001953125,2026-09-14T23:08:43.714525+00:00
778.0,17.58,20.95,20.6,2.0,290.0,0.15375602111816405,put,2026-09-30,SPY,760.77001953125,2026-09-14T23:08:43.714525+00:00
779.0,18.44,21.83,22.88,4.0,128.0,0.1560753338623047,put,2026-09-30,SPY,760.77001953125,2026-09-14T23:08:43.714525+00:00
780.0,19.31,22.71,19.75,29.0,371.0,0.15827257751464846,put,2026-09-30,SPY,760.77001953125,2026-09-14T23:08:43.714525+00:00
781.0,20.21,23.59,24.0,1.0,26.0,0.1603477520751953,put,2026-09-30,SPY,760.77001953125,2026-09-14T23:08:43.714525+00:00
782.0,21.11,24.46,23.6,15.0,83.0,0.16208723663330077,put,2026-09-30,SPY,760.77001953125,2026-09-14T23:08:43.714525+00:00
783.0,22.04,25.37,22.25,1.0,14.0,0.16452861846923827,put,2026-09-30,SPY,760.77001953125,2026-09-14T23:08:43.714525+00:00
784.0,22.97,26.3,16.74,8.0,40.0,0.16730569030761722,put,2026-09-30,SPY,760.77001953125,2026-09-14T23:08:43.714525+00:00
785.0,23.92,27.5,25.41,12.0,104.0,0.17572845764160155,put,2026-09-30,SPY,760.77001953125,2026-09-14T23:08:43.714525+00:00
786.0,24.88,28.18,22.65,16.0,21.0,0.17301242034912112,put,2026-09-30,SPY,760.77001953125,2026-09-14T23:08:43.714525+00:00
787.0,25.84,29.41,29.71,1.0,7.0,0.1821370849609375,put,2026-09-30,SPY,760.77001953125,2026-09-14T23:08:43.714525+00:00
788.0,26.81,30.31,22.2,1.0,10.0,0.18402915588378904,put,2026-09-30,SPY,760.77001953125,2026-09-14T23:08:43.714525+00:00
789.0,27.79,31.35,26.5,3.0,29.0,0.1889729541015625,put,2026-09-30,SPY,760.77001953125,2026-09-14T23:08:43.714525+00:00
790.0,28.77,32.39,30.63,4.0,37.0,0.19391675231933597,put,2026-09-30,SPY,760.77001953125,2026-09-14T23:08:43.714525+00:00
791.0,29.75,33.37,20.8,1.0,2.0,0.1974567559814453,put,2026-09-30,SPY,760.77001953125,2026-09-14T23:08:43.714525+00:00
792.0,30.74,34.36,23.5,6.0,3.0,0.20117986328124998,put,2026-09-30,SPY,760.77001953125,2026-09-14T23:08:43.714525+00:00
793.0,31.73,35.26,24.5,1.0,4.0,0.20279727874755854,put,2026-09-30,SPY,760.77001953125,2026-09-14T23:08:43.714525+00:00
794.0,32.73,36.34,37.3,6.0,13.0,0.2085650433349609,put,2026-09-30,SPY,760.77001953125,2026-09-14T23:08:43.714525+00:00
795.0,33.72,37.34,26.85,2.0,20.0,0.21244073699951171,put,2026-09-30,SPY,760.77001953125,2026-09-14T23:08:43.714525+00:00
796.0,26.05,29.57,28.6,,1.0,1.0000000000000003e-05,put,2026-09-30,SPY,760.77001953125,2026-09-14T23:08:43.714525+00:00
797.0,35.71,39.33,36.0,,0.0,0.21985643432617186,put,2026-09-30,SPY,760.77001953125,2026-09-14T23:08:43.714525+00:00
798.0,36.71,40.33,26.99,2.0,3.0,0.22367109344482416,put,2026-09-30,SPY,760.77001953125,2026-09-14T23:08:43.714525+00:00
799.0,37.7,41.25,41.07,,2.0,0.2254716125488281,put,2026-09-30,SPY,760.77001953125,2026-09-14T23:08:43.714525+00:00
800.0,38.7,42.19,39.0,1.0,280.0,0.22772989074707028,put,2026-09-30,SPY,760.77001953125,2026-09-14T23:08:43.714525+00:00
802.0,40.7,44.32,40.65,1.0,3.0,0.23838041900634765,put,2026-09-30,SPY,760.77001953125,2026-09-14T23:08:43.714525+00:00
804.0,39.11,41.86,61.59,1.0,0.0,1.0000000000000003e-05,put,2026-09-30,SPY,760.77001953125,2026-09-14T23:08:43.714525+00:00
805.0,43.69,47.18,47.52,1.0,2.0,0.24573508178710937,put,2026-09-30,SPY,760.77001953125,2026-09-14T23:08:43.714525+00:00
806.0,44.69,48.32,50.11,1.0,3.0,0.25299819274902346,put,2026-09-30,SPY,760.77001953125,2026-09-14T23:08:43.714525+00:00
808.0,46.69,50.31,38.01,2.0,0.0,0.25989509643554687,put,2026-09-30,SPY,760.77001953125,2026-09-14T23:08:43.714525+00:00
809.0,38.58,42.1,78.07,,0.0,1.0000000000000003e-05,put,2026-09-30,SPY,760.77001953125,2026-09-14T23:08:43.714525+00:00
810.0,48.68,52.17,42.41,2.0,13.0,0.263251996459961,put,2026-09-30,SPY,760.77001953125,2026-09-14T23:08:43.714525+00:00
812.0,50.68,54.31,46.78,,1.0,0.2740551110839844,put,2026-09-30,SPY,760.77001953125,2026-09-14T23:08:43.714525+00:00
815.0,53.68,57.16,51.5,1.0,2.0,0.2803416693115234,put,2026-09-30,SPY,760.77001953125,2026-09-14T23:08:43.714525+00:00
820.0,58.67,62.16,57.23,1.0,0.0,0.29724823852539056,put,2026-09-30,SPY,760.77001953125,2026-09-14T23:08:43.714525+00:00
823.0,61.55,65.3,49.71,,0.0,0.3113472186279296,put,2026-09-30,SPY,760.77001953125,2026-09-14T23:08:43.714525+00:00
825.0,63.55,67.3,47.21,2.0,4.0,0.31799998413085934,put,2026-09-30,SPY,760.77001953125,2026-09-14T23:08:43.714525+00:00
828.0,66.44,70.31,71.4,,4.0,0.32813171874999997,put,2026-09-30,SPY,760.77001953125,2026-09-14T23:08:43.714525+00:00
845.0,104.72,108.09,137.07,1.0,0.0,0.7870504693603515,put,2026-09-30,SPY,760.77001953125,2026-09-14T23:08:43.714525+00:00
850.0,88.42,92.15,81.0,1.0,1.0,0.39197385375976557,put,2026-09-30,SPY,760.77001953125,2026-09-14T23:08:43.714525+00:00
855.0,115.66,118.93,181.01,1.0,0.0,0.844606046142578,put,2026-09-30,SPY,760.77001953125,2026-09-14T23:08:43.714525+00:00
870.0,108.51,112.27,101.19,,0.0,0.4547173669433594,put,2026-09-30,SPY,760.77001953125,2026-09-14T23:08:43.714525+00:00
885.0,191.05,194.7,207.9,,0.0,1.7181105403137207,put,2026-09-30,SPY,760.77001953125,2026-09-14T23:08:43.714525+00:00
895.0,133.61,137.13,138.32,4.0,4.0,0.5181932946777343,put,2026-09-30,SPY,760.77001953125,2026-09-14T23:08:43.714525+00:00
900.0,146.5,149.69,160.4,1.0,0.0,0.715701085205078,put,2026-09-30,SPY,760.77001953125,2026-09-14T23:08:43.714525+00:00
300.0,459.48,462.31,465.48,141.0,123.0,0.914063359375,call,2026-10-16,SPY,760.77001953125,2026-09-14T23:08:43.714525+00:00
305.0,454.49,457.32,458.88,2.0,74.0,0.9414068359375,call,2026-10-16,SPY,760.77001953125,2026-09-14T23:08:43.714525+00:00
310.0,449.49,452.33,457.48,,10.0,0.937500625,call,2026-10-16,SPY,760.77001953125,2026-09-14T23:08:43.714525+00:00
315.0,444.49,447.33,452.64,,30.0,0.92187578125,call,2026-10-16,SPY,760.77001953125,2026-09-14T23:08:43.714525+00:00
320.0,439.49,442.32,447.65,,95.0,0.8906260937499999,call,2026-10-16,SPY,760.77001953125,2026-09-14T23:08:43.714525+00:00
325.0,434.49,437.32,442.67,,15.0,0.87500125,call,2026-10-16,SPY,760.77001953125,2026-09-14T23:08:43.714525+00:00
330.0,429.49,432.32,437.51,15.0,20.0,0.85937640625,call,2026-10-16,SPY,760.77001953125,2026-09-14T23:08:43.714525+00:00
335.0,424.5,427.33,432.71,15.0,10.0,0.8710950390625,call,2026-10-16,SPY,760.77001953125,2026-09-14T23:08:43.714525+00:00
340.0,0.0,0.0,415.74,,0.0,1.0000000000000003e-05,call,2026-10-16,SPY,760.77001953125,2026-09-14T23:08:43.714525+00:00
350.0,409.5,412.33,409.44,3.0,3.0,0.8281267187499999,call,2026-10-16,SPY,760.77001953125,2026-09-14T23:08:43.714525+00:00
360.0,399.55,402.33,411.77,3.0,4.0,0.8398453515625,call,2026-10-16,SPY,760.77001953125,2026-09-14T23:08:43.714525+00:00
365.0,398.31,400.99,388.48,,1.0,1.4141874993896486,call,2026-10-16,SPY,760.77001953125,2026-09-14T23:08:43.714525+00:00
390.0,369.51,372.34,369.2,,1.0,0.73437765625,call,2026-10-16,SPY,760.77001953125,2026-09-14T23:08:43.714525+00:00
400.0,359.52,362.36,375.11,2.0,1.0,0.726565234375,call,2026-10-16,SPY,760.77001953125,2026-09-14T23:08:43.714525+00:00
405.0,351.06,354.54,335.63,,1.0,1.0000000000000003e-05,call,2026-10-16,SPY,760.77001953125,2026-09-14T23:08:43.714525+00:00
410.0,346.11,349.62,330.56,,1.0,1.0000000000000003e-05,call,2026-10-16,SPY,760.77001953125,2026-09-14T23:08:43.714525+00:00
420.0,339.53,342.35,352.54,4.0,4.0,0.6757844921875001,call,2026-10-16,SPY,760.77001953125,2026-09-14T23:08:43.714525+00:00
440.0,323.5,326.28,298.33,,1.0,1.1086470349121096,call,2026-10-16,SPY,760.77001953125,2026-09-14T23:08:43.714525+00:00
445.0,314.54,317.37,314.16,36.0,36.0,0.6269568554687501,call,2026-10-16,SPY,760.77001953125,2026-09-14T23:08:43.714525+00:00
450.0,309.55,312.37,313.0,6.0,2.0,0.6191444335937502,call,2026-10-16,SPY,760.77001953125,2026-09-14T23:08:43.714525+00:00
465.0,294.57,297.41,298.0,9.0,2.0,0.6015664843750002,call,2026-10-16,SPY,760.77001953125,2026-09-14T23:08:43.714525+00:00
480.0,279.6,282.43,283.04,8.0,94.0,0.57812921875,call,2026-10-16,SPY,760.77001953125,2026-09-14T23:08:43.714525+00:00
485.0,274.61,277.44,278.24,11.0,2.0,0.570316796875,call,2026-10-16,SPY,760.77001953125,2026-09-14T23:08:43.714525+00:00
495.0,264.65,267.48,273.4,,74.0,0.5620160986328125,call,2026-10-16,SPY,760.77001953125,2026-09-14T23:08:43.714525+00:00
500.0,259.67,262.5,262.78,115.0,54.0,0.5566450585937501,call,2026-10-16,SPY,760.77001953125,2026-09-14T23:08:43.714525+00:00
505.0,254.7,257.53,263.54,36.0,22.0,0.5532271240234375,call,2026-10-16,SPY,760.77001953125,2026-09-14T23:08:43.714525+00:00
510.0,249.73,252.56,255.89,1.0,80.0,0.5493209130859377,call,2026-10-16,SPY,760.77001953125,2026-09-14T23:08:43.714525+00:00
515.0,244.76,247.59,248.17,43.0,116.0,0.5441940112304688,call,2026-10-16,SPY,760.77001953125,2026-09-14T23:08:43.714525+00:00
520.0,239.79,242.62,241.91,1.0,73.0,0.5385788330078126,call,2026-10-16,SPY,760.77001953125,2026-09-14T23:08:43.714525+00:00
525.0,234.82,237.65,238.21,43.0,48.0,0.532231240234375,call,2026-10-16,SPY,760.77001953125,2026-09-14T23:08:43.714525+00:00
530.0,229.85,232.68,237.82,166.0,84.0,0.5258836474609375,call,2026-10-16,SPY,760.77001953125,2026-09-14T23:08:43.714525+00:00
535.0,207.66,210.9,211.7,,1.0,1.0000000000000003e-05,call,2026-10-16,SPY,760.77001953125,2026-09-14T23:08:43.714525+00:00
540.0,224.3,227.04,213.41,1.0,2.0,0.780275634765625,call,2026-10-16,SPY,760.77001953125,2026-09-14T23:08:43.714525+00:00
545.0,0.0,0.0,203.0,,0.0,1.0000000000000003e-05,call,2026-10-16,SPY,760.77001953125,2026-09-14T23:08:43.714525+00:00
550.0,209.99,212.82,217.85,1.0,2.0,0.6168251208496094,call,2026-10-16,SPY,760.77001953125,2026-09-14T23:08:43.714525+00:00
555.0,205.03,207.86,210.49,1.0,3.0,0.6046182116699221,call,2026-10-16,SPY,760.77001953125,2026-09-14T23:08:43.714525+00:00
560.0,200.06,202.91,207.78,4.0,30.0,0.5930216479492189,call,2026-10-16,SPY,760.77001953125,2026-09-14T23:08:43.714525+00:00
565.0,195.1,197.94,194.39,7.0,12.0,0.580204393310547,call,2026-10-16,SPY,760.77001953125,2026-09-14T23:08:43.714525+00:00
570.0,190.14,192.98,189.83,10.0,23.0,0.5679974841308593,call,2026-10-16,SPY,760.77001953125,2026-09-14T23:08:43.714525+00:00
575.0,185.18,188.01,184.77,1.0,14.0,0.5551802294921876,call,2026-10-16,SPY,760.77001953125,2026-09-14T23:08:43.714525+00:00
580.0,180.23,183.07,179.04,8.0,22.0,0.543949873046875,call,2026-10-16,SPY,760.77001953125,2026-09-14T23:08:43.714525+00:00
585.0,175.27,178.1,172.95,1.0,33.0,0.5311326184082032,call,2026-10-16,SPY,760.77001953125,2026-09-14T23:08:43.714525+00:00
590.0,170.31,173.15,176.6,4.0,287.0,0.5192919165039063,call,2026-10-16,SPY,760.77001953125,2026-09-14T23:08:43.714525+00:00
595.0,165.36,168.19,166.46,2.0,55.0,0.5069629382324219,call,2026-10-16,SPY,760.77001953125,2026-09-14T23:08:43.714525+00:00
600.0,160.41,163.24,163.08,18.0,447.0,0.4950001672363281,call,2026-10-16,SPY,760.77001953125,2026-09-14T23:08:43.714525+00:00
605.0,155.46,158.29,161.29,18.0,38.0,0.48303739624023445,call,2026-10-16,SPY,760.77001953125,2026-09-14T23:08:43.714525+00:00
610.0,150.51,153.34,149.22,20.0,104.0,0.4710135906982422,call,2026-10-16,SPY,760.77001953125,2026-09-14T23:08:43.714525+00:00
615.0,145.57,148.4,150.71,10.0,198.0,0.45935599243164066,call,2026-10-16,SPY,760.77001953125,2026-09-14T23:08:43.714525+00:00
620.0,140.62,143.45,143.02,5.0,194.0,0.44714908325195313,call,2026-10-16,SPY,760.77001953125,2026-09-14T23:08:43.714525+00:00
625.0,135.68,138.51,135.58,3.0,234.0,0.4353694158935547,call,2026-10-16,SPY,760.77001953125,2026-09-14T23:08:43.714525+00:00
630.0,130.75,133.59,133.03,22.0,51.0,0.4242000939941406,call,2026-10-16,SPY,760.77001953125,2026-09-14T23:08:43.714525+00:00
635.0,125.81,128.64,131.0,5.0,4347.0,0.41181008117675777,call,2026-10-16,SPY,760.77001953125,2026-09-14T23:08:43.714525+00:00
640.0,120.88,123.71,135.3,2.0,422.0,0.4000914483642578,call,2026-10-16,SPY,760.77001953125,2026-09-14T23:08:43.714525+00:00
645.0,115.96,118.79,118.57,2.0,236.0,0.3885559191894531,call,2026-10-16,SPY,760.77001953125,2026-09-14T23:08:43.714525+00:00
650.0,111.04,113.87,111.9,1.0,327.0,0.3768983209228516,call,2026-10-16,SPY,760.77001953125,2026-09-14T23:08:43.714525+00:00
655.0,106.12,108.95,109.19,2.0,35.0,0.3650576190185547,call,2026-10-16,SPY,760.77001953125,2026-09-14T23:08:43.714525+00:00
660.0,101.22,104.05,103.79,8.0,282.0,0.35370519348144525,call,2026-10-16,SPY,760.77001953125,2026-09-14T23:08:43.714525+00:00
665.0,96.33,99.15,98.86,4.0,471.0,0.3421696643066406,call,2026-10-16,SPY,760.77001953125,2026-09-14T23:08:43.714525+00:00
670.0,91.46,94.27,93.59,10.0,491.0,0.3309393078613281,call,2026-10-16,SPY,760.77001953125,2026-09-14T23:08:43.714525+00:00
675.0,86.6,89.41,89.13,14.0,114.0,0.3200141241455078,call,2026-10-16,SPY,760.77001953125,2026-09-14T23:08:43.714525+00:00
680.0,81.73,84.54,84.32,6.0,2428.0,0.3085396295166015,call,2026-10-16,SPY,760.77001953125,2026-09-14T23:08:43.714525+00:00
685.0,76.88,79.7,79.4,4.0,1699.0,0.2974923767089843,call,2026-10-16,SPY,760.77001953125,2026-09-14T23:08:43.714525+00:00
690.0,72.07,74.88,73.56,1.0,1197.0,0.286567192993164,call,2026-10-16,SPY,760.77001953125,2026-09-14T23:08:43.714525+00:00
695.0,67.26,70.09,69.15,55.0,1056.0,0.2758861474609374,call,2026-10-16,SPY,760.77001953125,2026-09-14T23:08:43.714525+00:00
700.0,62.54,65.33,63.86,27.0,890.0,0.26532717102050785,call,2026-10-16,SPY,760.77001953125,2026-09-14T23:08:43.714525+00:00
701.0,62.64,64.38,64.6,4.0,35.0,0.26319096191406255,call,2026-10-16,SPY,760.77001953125,2026-09-14T23:08:43.714525+00:00
702.0,61.7,63.43,68.45,2.0,75.0,0.26105475280761714,call,2026-10-16,SPY,760.77001953125,2026-09-14T23:08:43.714525+00:00
703.0,60.76,62.49,67.66,1.0,4.0,0.259071130065918,call,2026-10-16,SPY,760.77001953125,2026-09-14T23:08:43.714525+00:00
704.0,59.88,61.54,61.02,1.0,72.0,0.2568738864135742,call,2026-10-16,SPY,760.77001953125,2026-09-14T23:08:43.714525+00:00
705.0,58.88,60.6,63.9,3.0,281.0,0.25485974639892583,call,2026-10-16,SPY,760.77001953125,2026-09-14T23:08:43.714525+00:00
706.0,57.94,59.66,62.3,2.0,24.0,0.2527845718383789,call,2026-10-16,SPY,760.77001953125,2026-09-14T23:08:43.714525+00:00
707.0,57.0,58.72,55.97,1.0,42.0,0.25070939727783204,call,2026-10-16,SPY,760.77001953125,2026-09-14T23:08:43.714525+00:00
708.0,56.06,57.8,55.2,4.0,16.0,0.24896991271972657,call,2026-10-16,SPY,760.77001953125,2026-09-14T23:08:43.714525+00:00
709.0,55.14,56.85,66.69,4.0,6.0,0.24665059997558597,call,2026-10-16,SPY,760.77001953125,2026-09-14T23:08:43.714525+00:00
710.0,54.26,55.92,56.0,30.0,1111.0,0.24466697723388675,call,2026-10-16,SPY,760.77001953125,2026-09-14T23:08:43.714525+00:00
711.0,53.28,54.99,57.83,1.0,6.0,0.24265283721923825,call,2026-10-16,SPY,760.77001953125,2026-09-14T23:08:43.714525+00:00
712.0,52.36,54.06,54.52,612.0,327.0,0.2406081799316406,call,2026-10-16,SPY,760.77001953125,2026-09-14T23:08:43.714525+00:00
713.0,51.44,53.13,50.69,1.0,9.0,0.23856352264404296,call,2026-10-16,SPY,760.77001953125,2026-09-14T23:08:43.714525+00:00
714.0,50.52,52.21,49.17,51.0,105.0,0.23661041717529296,call,2026-10-16,SPY,760.77001953125,2026-09-14T23:08:43.714525+00:00
715.0,49.6,51.29,50.12,19.0,348.0,0.23465731170654297,call,2026-10-16,SPY,760.77001953125,2026-09-14T23:08:43.714525+00:00
716.0,48.68,50.37,53.15,1.0,19.0,0.23267368896484375,call,2026-10-16,SPY,760.77001953125,2026-09-14T23:08:43.714525+00:00
717.0,47.77,49.45,47.65,4.0,6.0,0.23062903167724608,call,2026-10-16,SPY,760.77001953125,2026-09-14T23:08:43.714525+00:00
718.0,46.86,48.54,46.01,1.0,30.0,0.22873696075439454,call,2026-10-16,SPY,760.77001953125,2026-09-14T23:08:43.714525+00:00
719.0,44.85,47.63,50.85,1.0,12.0,0.2267838552856445,call,2026-10-16,SPY,760.77001953125,2026-09-14T23:08:43.714525+00:00
720.0,45.05,46.72,46.6,8.0,491.0,0.2248307498168945,call,2026-10-16,SPY,760.77001953125,2026-09-14T23:08:43.714525+00:00
721.0,44.12,45.81,42.89,2.0,54.0,0.22281660980224605,call,2026-10-16,SPY,760.77001953125,2026-09-14T23:08:43.714525+00:00
722.0,42.14,44.91,42.2,1.0,76.0,0.22089402160644528,call,2026-10-16,SPY,760.77001953125,2026-09-14T23:08:43.714525+00:00
723.0,41.18,44.03,40.57,3.0,19.0,0.21927660614013672,call,2026-10-16,SPY,760.77001953125,2026-09-14T23:08:43.714525+00:00
724.0,40.29,43.12,42.64,10.0,12.0,0.21714039703369142,call,2026-10-16,SPY,760.77001953125,2026-09-14T23:08:43.714525+00:00
725.0,39.4,42.23,42.8,6.0,837.0,0.21527884338378905,call,2026-10-16,SPY,760.77001953125,2026-09-14T23:08:43.714525+00:00
726.0,38.51,41.34,38.06,1.0,21.0,0.2133562551879883,call,2026-10-16,SPY,760.77001953125,2026-09-14T23:08:43.714525+00:00
727.0,37.62,40.46,37.59,2.0,92.0,0.21155573608398434,call,2026-10-16,SPY,760.77001953125,2026-09-14T23:08:43.714525+00:00
728.0,36.74,39.58,38.58,353.0,15.0,0.20967892379760739,call,2026-10-16,SPY,760.77001953125,2026-09-14T23:08:43.714525+00:00
729.0,35.86,38.7,38.87,18.0,40.0,0.20777159423828123,call,2026-10-16,SPY,760.77001953125,2026-09-14T23:08:43.714525+00:00
730.0,34.99,37.82,37.2,24.0,899.0,0.20581848876953124,call,2026-10-16,SPY,760.77001953125,2026-09-14T23:08:43.714525+00:00
731.0,34.12,36.95,39.85,1.0,284.0,0.20395693511962887,call,2026-10-16,SPY,760.77001953125,2026-09-14T23:08:43.714525+00:00
732.0,33.25,36.09,34.75,3.0,112.0,0.20215641601562498,call,2026-10-16,SPY,760.77001953125,2026-09-14T23:08:43.714525+00:00
733.0,32.4,35.23,34.67,6.0,158.0,0.20032537963867186,call,2026-10-16,SPY,760.77001953125,2026-09-14T23:08:43.714525+00:00
734.0,31.55,34.38,33.78,2.0,225.0,0.19857063644409179,call,2026-10-16,SPY,760.77001953125,2026-09-14T23:08:43.714525+00:00
735.0,30.69,33.53,32.83,175.0,2314.0,0.19675485870361326,call,2026-10-16,SPY,760.77001953125,2026-09-14T23:08:43.714525+00:00
736.0,29.85,32.68,30.31,1.0,158.0,0.19489330505371094,call,2026-10-16,SPY,760.77001953125,2026-09-14T23:08:43.714525+00:00
737.0,30.11,30.63,32.59,11.0,177.0,0.17719328674316404,call,2026-10-16,SPY,760.77001953125,2026-09-14T23:08:43.714525+00:00
738.0,29.28,29.8,28.05,4.0,407.0,0.17563690582275393,call,2026-10-16,SPY,760.77001953125,2026-09-14T23:08:43.714525+00:00
739.0,28.46,28.91,27.37,1.0,652.0,0.17325655853271482,call,2026-10-16,SPY,760.77001953125,2026-09-14T23:08:43.714525+00:00
740.0,27.63,28.15,28.58,154.0,3039.0,0.1724631094360352,call,2026-10-16,SPY,760.77001953125,2026-09-14T23:08:43.714525+00:00
741.0,26.82,27.33,27.95,11.0,454.0,0.17081517669677737,call,2026-10-16,SPY,760.77001953125,2026-09-14T23:08:43.714525+00:00
742.0,26.02,26.49,27.0,3.0,182.0,0.16886207122802738,call,2026-10-16,SPY,760.77001953125,2026-09-14T23:08:43.714525+00:00
743.0,25.21,25.69,25.86,11.0,458.0,0.16733620758056644,call,2026-10-16,SPY,760.77001953125,2026-09-14T23:08:43.714525+00:00
744.0,24.42,24.9,23.55,1.0,183.0,0.16584086120605473,call,2026-10-16,SPY,760.77001953125,2026-09-14T23:08:43.714525+00:00
745.0,23.64,24.1,24.74,675.0,2084.0,0.16413189392089844,call,2026-10-16,SPY,760.77001953125,2026-09-14T23:08:43.714525+00:00
746.0,22.85,23.33,24.21,3.0,256.0,0.1626975820922852,call,2026-10-16,SPY,760.77001953125,2026-09-14T23:08:43.714525+00:00
747.0,22.2,22.55,23.38,13.0,231.0,0.16108016662597657,call,2026-10-16,SPY,760.77001953125,2026-09-14T23:08:43.714525+00:00
748.0,21.32,21.79,22.15,18.0,159.0,0.1595848202514648,call,2026-10-16,SPY,760.77001953125,2026-09-14T23:08:43.714525+00:00
749.0,20.56,21.06,20.47,4.0,354.0,0.15836412933349608,call,2026-10-16,SPY,760.77001953125,2026-09-14T23:08:43.714525+00:00
750.0,20.0,20.2,19.88,165.0,7500.0,0.15552602294921875,call,2026-10-16,SPY,760.77001953125,2026-09-14T23:08:43.714525+00:00
751.0,19.18,19.46,19.88,2.0,276.0,0.1540001593017578,call,2026-10-16,SPY,760.77001953125,2026-09-14T23:08:43.714525+00:00
752.0,18.48,18.73,18.25,12.0,436.0,0.1524742956542969,call,2026-10-16,SPY,760.77001953125,2026-09-14T23:08:43.714525+00:00
753.0,17.64,18.03,20.9,4.0,296.0,0.15119257019042973,call,2026-10-16,SPY,760.77001953125,2026-09-14T23:08:43.714525+00:00
754.0,17.08,17.3,17.69,2.0,598.0,0.14946834426879885,call,2026-10-16,SPY,760.77001953125,2026-09-14T23:08:43.714525+00:00
755.0,16.34,16.61,16.51,411.0,3879.0,0.1480798083496094,call,2026-10-16,SPY,760.77001953125,2026-09-14T23:08:43.714525+00:00
756.0,15.7,15.92,16.04,15.0,900.0,0.14658446197509767,call,2026-10-16,SPY,760.77001953125,2026-09-14T23:08:43.714525+00:00
757.0,15.04,15.24,15.14,138.0,580.0,0.14505859832763673,call,2026-10-16,SPY,760.77001953125,2026-09-14T23:08:43.714525+00:00
758.0,14.38,14.58,14.51,1015.0,455.0,0.14365480377197265,call,2026-10-16,SPY,760.77001953125,2026-09-14T23:08:43.714525+00:00
759.0,13.83,13.89,14.75,446.0,783.0,0.1417932501220703,call,2026-10-16,SPY,760.77001953125,2026-09-14T23:08:43.714525+00:00
760.0,13.2,13.25,13.19,5556.0,8513.0,0.14035893829345703,call,2026-10-16,SPY,760.77001953125,2026-09-14T23:08:43.714525+00:00
761.0,12.58,12.63,12.61,324.0,661.0,0.13898566101074222,call,2026-10-16,SPY,760.77001953125,2026-09-14T23:08:43.714525+00:00
762.0,11.97,12.02,11.97,992.0,980.0,0.13761238372802737,call,2026-10-16,SPY,760.77001953125,2026-09-14T23:08:43.714525+00:00
763.0,11.37,11.43,11.54,462.0,1188.0,0.13631539962768557,call,2026-10-16,SPY,760.77001953125,2026-09-14T23:08:43.714525+00:00
764.0,10.79,10.85,10.75,870.0,1501.0,0.13498789825439456,call,2026-10-16,SPY,760.77001953125,2026-09-14T23:08:43.714525+00:00
765.0,10.22,10.28,10.25,869.0,6848.0,0.1336146209716797,call,2026-10-16,SPY,760.77001953125,2026-09-14T23:08:43.714525+00:00
766.0,9.68,9.73,9.85,743.0,5829.0,0.1323023782348633,call,2026-10-16,SPY,760.77001953125,2026-09-14T23:08:43.714525+00:00
767.0,9.14,9.2,9.19,503.0,7775.0,0.1310664286804199,call,2026-10-16,SPY,760.77001953125,2026-09-14T23:08:43.714525+00:00
768.0,8.63,8.69,8.79,212.0,4096.0,0.129891513671875,call,2026-10-16,SPY,760.77001953125,2026-09-14T23:08:43.714525+00:00
769.0,8.13,8.19,8.33,757.0,1978.0,0.12867082275390623,call,2026-10-16,SPY,760.77001953125,2026-09-14T23:08:43.714525+00:00
770.0,7.65,7.7,7.68,3669.0,11954.0,0.12738909729003906,call,2026-10-16,SPY,760.77001953125,2026-09-14T23:08:43.714525+00:00
771.0,7.18,7.24,7.32,957.0,2175.0,0.12629047546386718,call,2026-10-16,SPY,760.77001953125,2026-09-14T23:08:43.714525+00:00
772.0,6.74,6.79,6.87,496.0,2268.0,0.12513081909179688,call,2026-10-16,SPY,760.77001953125,2026-09-14T23:08:43.714525+00:00
773.0,6.31,6.36,6.31,544.0,1985.0,0.12400167999267578,call,2026-10-16,SPY,760.77001953125,2026-09-14T23:08:43.714525+00:00
774.0,5.9,5.95,6.01,157.0,1525.0,0.12296409271240236,call,2026-10-16,SPY,760.77001953125,2026-09-14T23:08:43.714525+00:00
775.0,5.5,5.55,5.5,1135.0,16463.0,0.12183495361328125,call,2026-10-16,SPY,760.77001953125,2026-09-14T23:08:43.714525+00:00
776.0,5.13,5.18,5.13,393.0,1597.0,0.1209194354248047,call,2026-10-16,SPY,760.77001953125,2026-09-14T23:08:43.714525+00:00
777.0,4.77,4.82,4.87,131.0,901.0,0.11991236541748046,call,2026-10-16,SPY,760.77001953125,2026-09-14T23:08:43.714525+00:00
778.0,4.43,4.48,4.57,310.0,3133.0,0.11896632995605468,call,2026-10-16,SPY,760.77001953125,2026-09-14T23:08:43.714525+00:00
779.0,4.11,4.16,4.13,382.0,1602.0,0.11811184631347656,call,2026-10-16,SPY,760.77001953125,2026-09-14T23:08:43.714525+00:00
780.0,3.81,3.85,3.83,3626.0,12802.0,0.11716581085205077,call,2026-10-16,SPY,760.77001953125,2026-09-14T23:08:43.714525+00:00
781.0,3.53,3.56,3.59,790.0,1835.0,0.11631132720947265,call,2026-10-16,SPY,760.77001953125,2026-09-14T23:08:43.714525+00:00
782.0,3.26,3.29,3.29,645.0,2574.0,0.11551787811279299,call,2026-10-16,SPY,760.77001953125,2026-09-14T23:08:43.714525+00:00
783.0,3.0,3.04,3.02,702.0,1472.0,0.11484649810791016,call,2026-10-16,SPY,760.77001953125,2026-09-14T23:08:43.714525+00:00
784.0,2.77,2.8,2.86,1364.0,2020.0,0.1141140835571289,call,2026-10-16,SPY,760.77001953125,2026-09-14T23:08:43.714525+00:00
785.0,2.54,2.57,2.57,1550.0,16236.0,0.11332063446044921,call,2026-10-16,SPY,760.77001953125,2026-09-14T23:08:43.714525+00:00
786.0,2.34,2.37,2.43,503.0,975.0,0.11283235809326173,call,2026-10-16,SPY,760.77001953125,2026-09-14T23:08:43.714525+00:00
787.0,2.14,2.17,2.18,698.0,1390.0,0.11213046081542967,call,2026-10-16,SPY,760.77001953125,2026-09-14T23:08:43.714525+00:00
788.0,1.96,1.99,2.08,191.0,1873.0,0.11158114990234375,call,2026-10-16,SPY,760.77001953125,2026-09-14T23:08:43.714525+00:00
789.0,1.8,1.82,1.83,350.0,1913.0,0.11100132171630858,call,2026-10-16,SPY,760.77001953125,2026-09-14T23:08:43.714525+00:00
790.0,1.64,1.67,1.65,5418.0,16290.0,0.11060459716796875,call,2026-10-16,SPY,760.77001953125,2026-09-14T23:08:43.714525+00:00
791.0,1.5,1.52,1.59,807.0,1549.0,0.10999425170898436,call,2026-10-16,SPY,760.77001953125,2026-09-14T23:08:43.714525+00:00
792.0,1.37,1.39,1.4,302.0,1795.0,0.10962804443359375,call,2026-10-16,SPY,760.77001953125,2026-09-14T23:08:43.714525+00:00
793.0,1.25,1.27,1.34,194.0,1994.0,0.10929235443115234,call,2026-10-16,SPY,760.77001953125,2026-09-14T23:08:43.714525+00:00
794.0,1.13,1.16,1.22,109.0,3810.0,0.10898718170166015,call,2026-10-16,SPY,760.77001953125,2026-09-14T23:08:43.714525+00:00
795.0,1.03,1.04,1.03,1860.0,10100.0,0.10822424987792968,call,2026-10-16,SPY,760.77001953125,2026-09-14T23:08:43.714525+00:00
796.0,0.94,0.96,1.01,748.0,1517.0,0.10831580169677735,call,2026-10-16,SPY,760.77001953125,2026-09-14T23:08:43.714525+00:00
797.0,0.86,0.87,0.89,550.0,11765.0,0.10798011169433594,call,2026-10-16,SPY,760.77001953125,2026-09-14T23:08:43.714525+00:00
798.0,0.78,0.79,0.95,1252.0,2059.0,0.10767493896484376,call,2026-10-16,SPY,760.77001953125,2026-09-14T23:08:43.714525+00:00
799.0,0.71,0.72,0.76,1085.0,2660.0,0.10755286987304688,call,2026-10-16,SPY,760.77001953125,2026-09-14T23:08:43.714525+00:00
800.0,0.65,0.66,0.66,3681.0,17175.0,0.10755286987304688,call,2026-10-16,SPY,760.77001953125,2026-09-14T23:08:43.714525+00:00
805.0,0.42,0.43,0.43,2030.0,9693.0,0.10816321533203124,call,2026-10-16,SPY,760.77001953125,2026-09-14T23:08:43.714525+00:00
810.0,0.28,0.29,0.28,4036.0,14653.0,0.10975011352539063,call,2026-10-16,SPY,760.77001953125,2026-09-14T23:08:43.714525+00:00
815.0,0.19,0.2,0.19,1291.0,16467.0,0.11182528808593749,call,2026-10-16,SPY,760.77001953125,2026-09-14T23:08:43.714525+00:00
820.0,0.14,0.15,0.14,428.0,14239.0,0.11524322265625,call,2026-10-16,SPY,760.77001953125,2026-09-14T23:08:43.714525+00:00
825.0,0.11,0.12,0.11,35.0,16135.0,0.11939357177734375,call,2026-10-16,SPY,760.77001953125,2026-09-14T23:08:43.714525+00:00
830.0,0.08,0.09,0.08,12.0,18440.0,0.12256736816406251,call,2026-10-16,SPY,760.77001953125,2026-09-14T23:08:43.714525+00:00
835.0,0.07,0.08,0.07,26.0,3439.0,0.127938408203125,call,2026-10-16,SPY,760.77001953125,2026-09-14T23:08:43.714525+00:00
840.0,0.06,0.07,0.06,3.0,3097.0,0.1333094482421875,call,2026-10-16,SPY,760.77001953125,2026-09-14T23:08:43.714525+00:00
845.0,0.04,0.05,0.05,36.0,1876.0,0.13477427734375003,call,2026-10-16,SPY,760.77001953125,2026-09-14T23:08:43.714525+00:00
850.0,0.03,0.04,0.04,8.0,10084.0,0.1381922119140625,call,2026-10-16,SPY,760.77001953125,2026-09-14T23:08:43.714525+00:00
855.0,0.03,0.04,0.04,48.0,622.0,0.1445398046875,call,2026-10-16,SPY,760.77001953125,2026-09-14T23:08:43.714525+00:00
860.0,0.02,0.03,0.02,1.0,2030.0,0.1469811865234375,call,2026-10-16,SPY,760.77001953125,2026-09-14T23:08:43.714525+00:00
865.0,0.02,0.03,0.03,1.0,510.0,0.15332877929687502,call,2026-10-16,SPY,760.77001953125,2026-09-14T23:08:43.714525+00:00
870.0,0.02,0.03,0.03,2.0,2234.0,0.159188095703125,call,2026-10-16,SPY,760.77001953125,2026-09-14T23:08:43.714525+00:00
875.0,0.01,0.02,0.04,551.0,1431.0,0.159188095703125,call,2026-10-16,SPY,760.77001953125,2026-09-14T23:08:43.714525+00:00
880.0,0.01,0.02,0.02,10.0,433.0,0.165047412109375,call,2026-10-16,SPY,760.77001953125,2026-09-14T23:08:43.714525+00:00
885.0,0.01,0.02,0.02,15.0,2382.0,0.17090672851562502,call,2026-10-16,SPY,760.77001953125,2026-09-14T23:08:43.714525+00:00
890.0,0.01,0.02,0.03,2.0,2596.0,0.176766044921875,call,2026-10-16,SPY,760.77001953125,2026-09-14T23:08:43.714525+00:00
895.0,0.01,0.02,0.01,8.0,462.0,0.18262536132812499,call,2026-10-16,SPY,760.77001953125,2026-09-14T23:08:43.714525+00:00
900.0,0.01,0.02,0.02,10.0,3061.0,0.187508125,call,2026-10-16,SPY,760.77001953125,2026-09-14T23:08:43.714525+00:00
905.0,0.0,0.01,0.02,1.0,87.0,0.18360191406249998,call,2026-10-16,SPY,760.77001953125,2026-09-14T23:08:43.714525+00:00
910.0,0.0,0.01,0.02,4.0,3599.0,0.187508125,call,2026-10-16,SPY,760.77001953125,2026-09-14T23:08:43.714525+00:00
915.0,0.0,0.01,0.02,2.0,3962.0,0.19336744140625,call,2026-10-16,SPY,760.77001953125,2026-09-14T23:08:43.714525+00:00
920.0,0.0,0.01,0.01,280.0,115.0,0.1992267578125,call,2026-10-16,SPY,760.77001953125,2026-09-14T23:08:43.714525+00:00
925.0,0.0,0.01,0.01,280.0,135.0,0.20313296874999998,call,2026-10-16,SPY,760.77001953125,2026-09-14T23:08:43.714525+00:00
930.0,0.0,0.01,0.01,1.0,371.0,0.20899228515624996,call,2026-10-16,SPY,760.77001953125,2026-09-14T23:08:43.714525+00:00
935.0,0.0,0.01,0.01,1.0,598.0,0.2148516015625,call,2026-10-16,SPY,760.77001953125,2026-09-14T23:08:43.714525+00:00
940.0,0.0,0.01,0.01,28.0,1022.0,0.21875781249999998,call,2026-10-16,SPY,760.77001953125,2026-09-14T23:08:43.714525+00:00
945.0,0.0,0.01,0.02,1101.0,1136.0,0.22266402343749997,call,2026-10-16,SPY,760.77001953125,2026-09-14T23:08:43.714525+00:00
950.0,0.0,0.01,0.01,200.0,1177.0,0.2304764453125,call,2026-10-16,SPY,760.77001953125,2026-09-14T23:08:43.714525+00:00
955.0,0.0,0.01,0.01,1.0,18.0,0.23438265625,call,2026-10-16,SPY,760.77001953125,2026-09-14T23:08:43.714525+00:00
960.0,0.0,0.01,0.01,596.0,1188.0,0.23828886718749998,call,2026-10-16,SPY,760.77001953125,2026-09-14T23:08:43.714525+00:00
965.0,0.0,0.01,0.01,206.0,785.0,0.242195078125,call,2026-10-16,SPY,760.77001953125,2026-09-14T23:08:43.714525+00:00
970.0,0.0,0.01,0.01,10.0,782.0,0.2500075,call,2026-10-16,SPY,760.77001953125,2026-09-14T23:08:43.714525+00:00
975.0,0.0,0.01,0.01,745.0,1299.0,0.25391371093750004,call,2026-10-16,SPY,760.77001953125,2026-09-14T23:08:43.714525+00:00
980.0,0.0,0.01,0.05,532.0,290.0,0.257819921875,call,2026-10-16,SPY,760.77001953125,2026-09-14T23:08:43.714525+00:00
985.0,0.0,0.01,0.01,407.0,595.0,0.2617261328125,call,2026-10-16,SPY,760.77001953125,2026-09-14T23:08:43.714525+00:00
990.0,0.0,0.01,0.01,407.0,628.0,0.2695385546875,call,2026-10-16,SPY,760.77001953125,2026-09-14T23:08:43.714525+00:00
995.0,0.0,0.01,0.01,1.0,72.0,0.273444765625,call,2026-10-16,SPY,760.77001953125,2026-09-14T23:08:43.714525+00:00
1000.0,0.0,0.01,0.01,1.0,1252.0,0.27735097656249996,call,2026-10-16,SPY,760.77001953125,2026-09-14T23:08:43.714525+00:00
300.0,0.0,0.01,0.01,777.0,5205.0,0.85937640625,put,2026-10-16,SPY,760.77001953125,2026-09-14T23:08:43.714525+00:00
305.0,0.0,0.01,0.01,7.0,1690.0,0.8437515624999999,put,2026-10-16,SPY,760.77001953125,2026-09-14T23:08:43.714525+00:00
310.0,0.01,0.02,0.01,907.0,4289.0,0.8984385156249999,put,2026-10-16,SPY,760.77001953125,2026-09-14T23:08:43.714525+00:00
315.0,0.01,0.02,0.01,749.0,2089.0,0.8828136718749999,put,2026-10-16,SPY,760.77001953125,2026-09-14T23:08:43.714525+00:00
320.0,0.01,0.02,0.02,1641.0,2456.0,0.867188828125,put,2026-10-16,SPY,760.77001953125,2026-09-14T23:08:43.714525+00:00
325.0,0.01,0.02,0.02,106.0,434.0,0.851563984375,put,2026-10-16,SPY,760.77001953125,2026-09-14T23:08:43.714525+00:00
330.0,0.01,0.02,0.02,1.0,4618.0,0.8359391406249999,put,2026-10-16,SPY,760.77001953125,2026-09-14T23:08:43.714525+00:00
335.0,0.01,0.02,0.02,10.0,1092.0,0.8203142968749999,put,2026-10-16,SPY,760.77001953125,2026-09-14T23:08:43.714525+00:00
340.0,0.01,0.02,0.03,400.0,673.0,0.8125018749999999,put,2026-10-16,SPY,760.77001953125,2026-09-14T23:08:43.714525+00:00
345.0,0.01,0.02,0.02,200.0,1045.0,0.79687703125,put,2026-10-16,SPY,760.77001953125,2026-09-14T23:08:43.714525+00:00
350.0,0.01,0.02,0.02,50.0,6248.0,0.7812521875,put,2026-10-16,SPY,760.77001953125,2026-09-14T23:08:43.714525+00:00
355.0,0.02,0.03,0.02,11.0,11181.0,0.79687703125,put,2026-10-16,SPY,760.77001953125,2026-09-14T23:08:43.714525+00:00
360.0,0.02,0.03,0.03,2.0,5253.0,0.7851583984375,put,2026-10-16,SPY,760.77001953125,2026-09-14T23:08:43.714525+00:00
365.0,0.02,0.03,0.03,11.0,1817.0,0.7695335546875001,put,2026-10-16,SPY,760.77001953125,2026-09-14T23:08:43.714525+00:00
370.0,0.02,0.03,0.04,85.0,10612.0,0.7578149218750001,put,2026-10-16,SPY,760.77001953125,2026-09-14T23:08:43.714525+00:00
375.0,0.02,0.03,0.03,2238.0,6887.0,0.7421900781249999,put,2026-10-16,SPY,760.77001953125,2026-09-14T23:08:43.714525+00:00
380.0,0.02,0.03,0.04,1.0,1913.0,0.7304714453125,put,2026-10-16,SPY,760.77001953125,2026-09-14T23:08:43.714525+00:00
385.0,0.03,0.04,0.03,42.0,3710.0,0.7382838671874999,put,2026-10-16,SPY,760.77001953125,2026-09-14T23:08:43.714525+00:00
390.0,0.03,0.04,0.03,100.0,4633.0,0.7226590234375,put,2026-10-16,SPY,760.77001953125,2026-09-14T23:08:43.714525+00:00
395.0,0.03,0.04,0.04,1000.0,2501.0,0.710940390625,put,2026-10-16,SPY,760.77001953125,2026-09-14T23:08:43.714525+00:00
400.0,0.03,0.04,0.04,15.0,21303.0,0.6992217578125001,put,2026-10-16,SPY,760.77001953125,2026-09-14T23:08:43.714525+00:00
405.0,0.04,0.05,0.04,101.0,3280.0,0.6992217578125001,put,2026-10-16,SPY,760.77001953125,2026-09-14T23:08:43.714525+00:00
410.0,0.04,0.05,0.04,47.0,12376.0,0.6875031250000001,put,2026-10-16,SPY,760.77001953125,2026-09-14T23:08:43.714525+00:00
415.0,0.04,0.05,0.06,187.0,884.0,0.6738313867187502,put,2026-10-16,SPY,760.77001953125,2026-09-14T23:08:43.714525+00:00
420.0,0.04,0.05,0.04,204.0,1320.0,0.6621127539062501,put,2026-10-16,SPY,760.77001953125,2026-09-14T23:08:43.714525+00:00
425.0,0.05,0.06,0.06,117.0,154923.0,0.6601596484375001,put,2026-10-16,SPY,760.77001953125,2026-09-14T23:08:43.714525+00:00
430.0,0.05,0.06,0.06,28.0,15682.0,0.648441015625,put,2026-10-16,SPY,760.77001953125,2026-09-14T23:08:43.714525+00:00
435.0,0.06,0.07,0.06,28.0,1166.0,0.64648791015625,put,2026-10-16,SPY,760.77001953125,2026-09-14T23:08:43.714525+00:00
440.0,0.06,0.07,0.06,83.0,471.0,0.6337927246093751,put,2026-10-16,SPY,760.77001953125,2026-09-14T23:08:43.714525+00:00
445.0,0.06,0.07,0.07,56.0,4447.0,0.6210975390625001,put,2026-10-16,SPY,760.77001953125,2026-09-14T23:08:43.714525+00:00
450.0,0.07,0.08,0.06,10.0,1653.0,0.6171913281250001,put,2026-10-16,SPY,760.77001953125,2026-09-14T23:08:43.714525+00:00
455.0,0.08,0.09,0.12,265.0,2981.0,0.6132851171875001,put,2026-10-16,SPY,760.77001953125,2026-09-14T23:08:43.714525+00:00
460.0,0.08,0.09,0.09,27.0,1793.0,0.6005899316406251,put,2026-10-16,SPY,760.77001953125,2026-09-14T23:08:43.714525+00:00
465.0,0.09,0.1,0.1,12.0,2908.0,0.59570716796875,put,2026-10-16,SPY,760.77001953125,2026-09-14T23:08:43.714525+00:00
470.0,0.09,0.1,0.1,10.0,4157.0,0.5830119824218749,put,2026-10-16,SPY,760.77001953125,2026-09-14T23:08:43.714525+00:00
475.0,0.1,0.11,0.09,50.0,233.0,0.577152666015625,put,2026-10-16,SPY,760.77001953125,2026-09-14T23:08:43.714525+00:00
480.0,0.11,0.12,0.12,6020.0,6127.0,0.570316796875,put,2026-10-16,SPY,760.77001953125,2026-09-14T23:08:43.714525+00:00
485.0,0.11,0.12,0.12,1.0,173.0,0.5585981640625001,put,2026-10-16,SPY,760.77001953125,2026-09-14T23:08:43.714525+00:00
490.0,0.12,0.13,0.13,20.0,109.0,0.551762294921875,put,2026-10-16,SPY,760.77001953125,2026-09-14T23:08:43.714525+00:00
495.0,0.13,0.14,0.14,40.0,189.0,0.5449264257812501,put,2026-10-16,SPY,760.77001953125,2026-09-14T23:08:43.714525+00:00
500.0,0.14,0.15,0.14,321.0,3888.0,0.5371140039062501,put,2026-10-16,SPY,760.77001953125,2026-09-14T23:08:43.714525+00:00
505.0,0.15,0.16,0.15,17.0,444.0,0.5293015820312501,put,2026-10-16,SPY,760.77001953125,2026-09-14T23:08:43.714525+00:00
510.0,0.16,0.17,0.15,3.0,1514.0,0.5210008837890624,put,2026-10-16,SPY,760.77001953125,2026-09-14T23:08:43.714525+00:00
515.0,0.17,0.18,0.16,7.0,331.0,0.5127001855468749,put,2026-10-16,SPY,760.77001953125,2026-09-14T23:08:43.714525+00:00
520.0,0.18,0.19,0.18,179.0,857.0,0.5043994873046875,put,2026-10-16,SPY,760.77001953125,2026-09-14T23:08:43.714525+00:00
525.0,0.19,0.2,0.19,41.0,301524.0,0.49707534179687507,put,2026-10-16,SPY,760.77001953125,2026-09-14T23:08:43.714525+00:00
530.0,0.2,0.21,0.19,2.0,822.0,0.4887746435546876,put,2026-10-16,SPY,760.77001953125,2026-09-14T23:08:43.714525+00:00
535.0,0.21,0.22,0.23,1.0,633.0,0.47949739257812496,put,2026-10-16,SPY,760.77001953125,2026-09-14T23:08:43.714525+00:00
540.0,0.23,0.24,0.21,3.0,5179.0,0.4731497998046875,put,2026-10-16,SPY,760.77001953125,2026-09-14T23:08:43.714525+00:00
545.0,0.24,0.25,0.24,119.0,736.0,0.463872548828125,put,2026-10-16,SPY,760.77001953125,2026-09-14T23:08:43.714525+00:00
550.0,0.26,0.27,0.27,6305.0,17268.0,0.45703667968750006,put,2026-10-16,SPY,760.77001953125,2026-09-14T23:08:43.714525+00:00
555.0,0.27,0.28,0.28,259.0,300.0,0.44751529052734373,put,2026-10-16,SPY,760.77001953125,2026-09-14T23:08:43.714525+00:00
560.0,0.29,0.3,0.28,82.0,385.0,0.43994700683593746,put,2026-10-16,SPY,760.77001953125,2026-09-14T23:08:43.714525+00:00
565.0,0.31,0.32,0.3,100.0,851.0,0.4321345849609375,put,2026-10-16,SPY,760.77001953125,2026-09-14T23:08:43.714525+00:00
570.0,0.33,0.34,0.35,25.0,905.0,0.42407802490234375,put,2026-10-16,SPY,760.77001953125,2026-09-14T23:08:43.714525+00:00
575.0,0.35,0.36,0.32,40.0,952.0,0.41602146484374997,put,2026-10-16,SPY,760.77001953125,2026-09-14T23:08:43.714525+00:00
580.0,0.37,0.38,0.35,45.0,1720.0,0.4074766284179688,put,2026-10-16,SPY,760.77001953125,2026-09-14T23:08:43.714525+00:00
585.0,0.39,0.4,0.45,26.0,1784.0,0.39893179199218753,put,2026-10-16,SPY,760.77001953125,2026-09-14T23:08:43.714525+00:00
590.0,0.42,0.43,0.43,20.0,3199.0,0.39160764648437496,put,2026-10-16,SPY,760.77001953125,2026-09-14T23:08:43.714525+00:00
595.0,0.44,0.45,0.47,1.0,1690.0,0.3825745336914062,put,2026-10-16,SPY,760.77001953125,2026-09-14T23:08:43.714525+00:00
600.0,0.47,0.48,0.49,150.0,11877.0,0.37476211181640623,put,2026-10-16,SPY,760.77001953125,2026-09-14T23:08:43.714525+00:00
605.0,0.5,0.51,0.46,4.0,2514.0,0.36646141357421874,put,2026-10-16,SPY,760.77001953125,2026-09-14T23:08:43.714525+00:00
610.0,0.53,0.54,0.52,65.0,3686.0,0.35816071533203125,put,2026-10-16,SPY,760.77001953125,2026-09-14T23:08:43.714525+00:00
615.0,0.57,0.58,0.55,103.0,1129.0,0.3505924316406249,put,2026-10-16,SPY,760.77001953125,2026-09-14T23:08:43.714525+00:00
620.0,0.61,0.62,0.59,757.0,4305.0,0.3425358715820312,put,2026-10-16,SPY,760.77001953125,2026-09-14T23:08:43.714525+00:00
625.0,0.64,0.65,0.62,442.0,156889.0,0.33350275878906255,put,2026-10-16,SPY,760.77001953125,2026-09-14T23:08:43.714525+00:00
630.0,0.69,0.7,0.7,407.0,33126.0,0.3259344750976562,put,2026-10-16,SPY,760.77001953125,2026-09-14T23:08:43.714525+00:00
635.0,0.73,0.74,0.74,122.0,1794.0,0.31726756958007807,put,2026-10-16,SPY,760.77001953125,2026-09-14T23:08:43.714525+00:00
640.0,0.78,0.79,0.73,148.0,4825.0,0.3090889404296875,put,2026-10-16,SPY,760.77001953125,2026-09-14T23:08:43.714525+00:00
645.0,0.84,0.85,0.79,65.0,5067.0,0.3011544494628906,put,2026-10-16,SPY,760.77001953125,2026-09-14T23:08:43.714525+00:00
650.0,0.9,0.91,0.9,315.0,22210.0,0.2929758203124999,put,2026-10-16,SPY,760.77001953125,2026-09-14T23:08:43.714525+00:00
655.0,0.97,0.98,1.03,299.0,9860.0,0.2849192602539062,put,2026-10-16,SPY,760.77001953125,2026-09-14T23:08:43.714525+00:00
660.0,1.04,1.05,1.06,316.0,7727.0,0.2766185620117187,put,2026-10-16,SPY,760.77001953125,2026-09-14T23:08:43.714525+00:00
665.0,1.13,1.14,1.08,203.0,4153.0,0.2688061401367187,put,2026-10-16,SPY,760.77001953125,2026-09-14T23:08:43.714525+00:00
670.0,1.22,1.23,1.25,1217.0,12690.0,0.2606275109863281,put,2026-10-16,SPY,760.77001953125,2026-09-14T23:08:43.714525+00:00
675.0,1.33,1.34,1.28,410.0,14116.0,0.2528150891113281,put,2026-10-16,SPY,760.77001953125,2026-09-14T23:08:43.714525+00:00
680.0,1.45,1.46,1.44,1986.0,27332.0,0.24488059814453128,put,2026-10-16,SPY,760.77001953125,2026-09-14T23:08:43.714525+00:00
685.0,1.59,1.6,1.63,1154.0,16623.0,0.23706817626953125,put,2026-10-16,SPY,760.77001953125,2026-09-14T23:08:43.714525+00:00
690.0,1.76,1.77,1.76,2576.0,11389.0,0.2296829962158203,put,2026-10-16,SPY,760.77001953125,2026-09-14T23:08:43.714525+00:00
695.0,1.95,1.96,1.96,561.0,7424.0,0.222114712524414,put,2026-10-16,SPY,760.77001953125,2026-09-14T23:08:43.714525+00:00
700.0,2.16,2.18,2.19,5118.0,25372.0,0.2146684979248047,put,2026-10-16,SPY,760.77001953125,2026-09-14T23:08:43.714525+00:00
701.0,2.21,2.23,2.05,459.0,2391.0,0.21323418609619144,put,2026-10-16,SPY,760.77001953125,2026-09-14T23:08:43.714525+00:00
702.0,2.26,2.28,2.14,60.0,1110.0,0.21173883972167967,put,2026-10-16,SPY,760.77001953125,2026-09-14T23:08:43.714525+00:00
703.0,2.31,2.33,2.19,91.0,1140.0,0.21024349334716796,put,2026-10-16,SPY,760.77001953125,2026-09-14T23:08:43.714525+00:00
704.0,2.37,2.39,2.28,202.0,1615.0,0.2089312506103515,put,2026-10-16,SPY,760.77001953125,2026-09-14T23:08:43.714525+00:00
705.0,2.42,2.44,2.39,903.0,6747.0,0.20734435241699217,put,2026-10-16,SPY,760.77001953125,2026-09-14T23:08:43.714525+00:00
706.0,2.48,2.5,2.37,509.0,1272.0,0.20600159240722654,put,2026-10-16,SPY,760.77001953125,2026-09-14T23:08:43.714525+00:00
707.0,2.54,2.56,2.43,924.0,1247.0,0.204536763305664,put,2026-10-16,SPY,760.77001953125,2026-09-14T23:08:43.714525+00:00
708.0,2.6,2.62,2.62,299.0,1882.0,0.20307193420410152,put,2026-10-16,SPY,760.77001953125,2026-09-14T23:08:43.714525+00:00
709.0,2.66,2.68,2.69,233.0,1685.0,0.20157658782958982,put,2026-10-16,SPY,760.77001953125,2026-09-14T23:08:43.714525+00:00
710.0,2.72,2.74,2.75,1045.0,12157.0,0.20002020690917968,put,2026-10-16,SPY,760.77001953125,2026-09-14T23:08:43.714525+00:00
711.0,2.79,2.81,2.67,899.0,3151.0,0.19867744689941402,put,2026-10-16,SPY,760.77001953125,2026-09-14T23:08:43.714525+00:00
712.0,2.86,2.88,2.88,332.0,706.0,0.19724313507080077,put,2026-10-16,SPY,760.77001953125,2026-09-14T23:08:43.714525+00:00
713.0,2.93,2.95,2.95,53.0,1333.0,0.1957783059692383,put,2026-10-16,SPY,760.77001953125,2026-09-14T23:08:43.714525+00:00
714.0,3.0,3.02,2.95,153.0,1251.0,0.19428295959472658,put,2026-10-16,SPY,760.77001953125,2026-09-14T23:08:43.714525+00:00
715.0,3.08,3.1,3.09,376.0,9307.0,0.19294019958496095,put,2026-10-16,SPY,760.77001953125,2026-09-14T23:08:43.714525+00:00
716.0,3.15,3.17,3.15,106.0,1173.0,0.19135330139160156,put,2026-10-16,SPY,760.77001953125,2026-09-14T23:08:43.714525+00:00
717.0,3.24,3.26,3.15,27.0,1404.0,0.1900715759277344,put,2026-10-16,SPY,760.77001953125,2026-09-14T23:08:43.714525+00:00
718.0,3.32,3.34,3.18,23.0,1627.0,0.18857622955322267,put,2026-10-16,SPY,760.77001953125,2026-09-14T23:08:43.714525+00:00
719.0,3.41,3.43,3.42,139.0,1405.0,0.18723346954345704,put,2026-10-16,SPY,760.77001953125,2026-09-14T23:08:43.714525+00:00
720.0,3.49,3.51,3.5,1963.0,26144.0,0.18561605407714843,put,2026-10-16,SPY,760.77001953125,2026-09-14T23:08:43.714525+00:00
721.0,3.58,3.61,3.4,59.0,1110.0,0.18433432861328125,put,2026-10-16,SPY,760.77001953125,2026-09-14T23:08:43.714525+00:00
722.0,3.68,3.7,3.7,35425.0,9946.0,0.1828389822387695,put,2026-10-16,SPY,760.77001953125,2026-09-14T23:08:43.714525+00:00
723.0,3.78,3.8,3.8,533.0,4843.0,0.18143518768310546,put,2026-10-16,SPY,760.77001953125,2026-09-14T23:08:43.714525+00:00
724.0,3.88,3.91,3.9,17972.0,1313.0,0.18015346221923828,put,2026-10-16,SPY,760.77001953125,2026-09-14T23:08:43.714525+00:00
725.0,3.99,4.01,4.02,17887.0,37931.0,0.17865811584472657,put,2026-10-16,SPY,760.77001953125,2026-09-14T23:08:43.714525+00:00
726.0,4.1,4.12,4.12,574.0,10274.0,0.1772543212890625,put,2026-10-16,SPY,760.77001953125,2026-09-14T23:08:43.714525+00:00
727.0,4.21,4.23,4.11,518.0,12095.0,0.1757894921875,put,2026-10-16,SPY,760.77001953125,2026-09-14T23:08:43.714525+00:00
728.0,4.33,4.35,4.36,528.0,24018.0,0.1744162149047852,put,2026-10-16,SPY,760.77001953125,2026-09-14T23:08:43.714525+00:00
729.0,4.44,4.47,4.44,213.0,1606.0,0.1729819030761719,put,2026-10-16,SPY,760.77001953125,2026-09-14T23:08:43.714525+00:00
730.0,4.57,4.6,4.6,2131.0,35837.0,0.1716696603393555,put,2026-10-16,SPY,760.77001953125,2026-09-14T23:08:43.714525+00:00
731.0,4.71,4.73,4.74,321.0,1395.0,0.17026586578369146,put,2026-10-16,SPY,760.77001953125,2026-09-14T23:08:43.714525+00:00
732.0,4.83,4.87,4.81,130.0,36552.0,0.16895362304687503,put,2026-10-16,SPY,760.77001953125,2026-09-14T23:08:43.714525+00:00
733.0,4.98,5.01,5.02,62.0,3488.0,0.16754982849121097,put,2026-10-16,SPY,760.77001953125,2026-09-14T23:08:43.714525+00:00
734.0,5.12,5.15,5.15,257.0,2806.0,0.1660849993896485,put,2026-10-16,SPY,760.77001953125,2026-09-14T23:08:43.714525+00:00
735.0,5.27,5.3,5.28,3243.0,23987.0,0.16471172210693358,put,2026-10-16,SPY,760.77001953125,2026-09-14T23:08:43.714525+00:00
736.0,5.42,5.46,5.47,145.0,26584.0,0.163368962097168,put,2026-10-16,SPY,760.77001953125,2026-09-14T23:08:43.714525+00:00
737.0,5.58,5.62,5.63,615.0,2311.0,0.16198042617797853,put,2026-10-16,SPY,760.77001953125,2026-09-14T23:08:43.714525+00:00
738.0,5.74,5.79,5.69,233.0,6540.0,0.1606529248046875,put,2026-10-16,SPY,760.77001953125,2026-09-14T23:08:43.714525+00:00
739.0,5.93,5.97,5.84,222.0,2465.0,0.15935594070434572,put,2026-10-16,SPY,760.77001953125,2026-09-14T23:08:43.714525+00:00
740.0,6.09,6.15,6.15,2190.0,26003.0,0.15799792205810548,put,2026-10-16,SPY,760.77001953125,2026-09-14T23:08:43.714525+00:00
741.0,6.28,6.33,6.3,289.0,3397.0,0.156533092956543,put,2026-10-16,SPY,760.77001953125,2026-09-14T23:08:43.714525+00:00
742.0,6.47,6.52,6.54,80.0,5863.0,0.1551292984008789,put,2026-10-16,SPY,760.77001953125,2026-09-14T23:08:43.714525+00:00
743.0,6.67,6.72,6.58,111.0,2083.0,0.15375602111816405,put,2026-10-16,SPY,760.77001953125,2026-09-14T23:08:43.714525+00:00
744.0,6.88,6.93,6.75,385.0,2133.0,0.15241326110839848,put,2026-10-16,SPY,760.77001953125,2026-09-14T23:08:43.714525+00:00
745.0,7.09,7.15,7.15,1944.0,43130.0,0.1511315356445313,put,2026-10-16,SPY,760.77001953125,2026-09-14T23:08:43.714525+00:00
746.0,7.31,7.37,7.35,465.0,1916.0,0.14972774108886722,put,2026-10-16,SPY,760.77001953125,2026-09-14T23:08:43.714525+00:00
747.0,7.54,7.6,7.61,700.0,3005.0,0.14835446380615236,put,2026-10-16,SPY,760.77001953125,2026-09-14T23:08:43.714525+00:00
748.0,7.78,7.84,7.86,221.0,2277.0,0.14701170379638673,put,2026-10-16,SPY,760.77001953125,2026-09-14T23:08:43.714525+00:00
749.0,8.03,8.08,7.92,265.0,1727.0,0.1455468746948242,put,2026-10-16,SPY,760.77001953125,2026-09-14T23:08:43.714525+00:00
750.0,8.28,8.34,8.31,5100.0,28512.0,0.1442346319580078,put,2026-10-16,SPY,760.77001953125,2026-09-14T23:08:43.714525+00:00
751.0,8.55,8.61,8.22,50.0,2172.0,0.14290713058471682,put,2026-10-16,SPY,760.77001953125,2026-09-14T23:08:43.714525+00:00
752.0,8.82,8.89,8.47,250.0,5401.0,0.14159488784790042,put,2026-10-16,SPY,760.77001953125,2026-09-14T23:08:43.714525+00:00
753.0,9.12,9.18,9.19,1055.0,27406.0,0.14028264511108396,put,2026-10-16,SPY,760.77001953125,2026-09-14T23:08:43.714525+00:00
754.0,9.41,9.48,9.47,223.0,2031.0,0.1389704023742676,put,2026-10-16,SPY,760.77001953125,2026-09-14T23:08:43.714525+00:00
755.0,9.72,9.77,9.74,2311.0,24890.0,0.13742928009033206,put,2026-10-16,SPY,760.77001953125,2026-09-14T23:08:43.714525+00:00
756.0,10.05,10.1,10.1,664.0,1471.0,0.13620858917236328,put,2026-10-16,SPY,760.77001953125,2026-09-14T23:08:43.714525+00:00
757.0,10.38,10.45,10.3,451.0,25266.0,0.13507945007324224,put,2026-10-16,SPY,760.77001953125,2026-09-14T23:08:43.714525+00:00
758.0,10.73,10.79,10.77,608.0,2427.0,0.13370617279052732,put,2026-10-16,SPY,760.77001953125,2026-09-14T23:08:43.714525+00:00
759.0,11.08,11.16,10.66,451.0,1733.0,0.13251599914550782,put,2026-10-16,SPY,760.77001953125,2026-09-14T23:08:43.714525+00:00
760.0,11.47,11.53,11.5,12970.0,19134.0,0.13120375640869142,put,2026-10-16,SPY,760.77001953125,2026-09-14T23:08:43.714525+00:00
761.0,11.85,11.92,11.92,870.0,1017.0,0.12998306549072264,put,2026-10-16,SPY,760.77001953125,2026-09-14T23:08:43.714525+00:00
762.0,12.26,12.33,12.22,1226.0,1677.0,0.1288234091186523,put,2026-10-16,SPY,760.77001953125,2026-09-14T23:08:43.714525+00:00
763.0,12.68,12.75,12.77,683.0,1981.0,0.1276179768371582,put,2026-10-16,SPY,760.77001953125,2026-09-14T23:08:43.714525+00:00
764.0,13.12,13.19,13.18,795.0,1538.0,0.12647357910156248,put,2026-10-16,SPY,760.77001953125,2026-09-14T23:08:43.714525+00:00
765.0,13.56,13.64,13.6,3246.0,13158.0,0.1252986640930176,put,2026-10-16,SPY,760.77001953125,2026-09-14T23:08:43.714525+00:00
766.0,14.03,14.11,14.0,229.0,4452.0,0.12418478363037111,put,2026-10-16,SPY,760.77001953125,2026-09-14T23:08:43.714525+00:00
767.0,14.44,14.69,14.62,248.0,6080.0,0.12412374908447266,put,2026-10-16,SPY,760.77001953125,2026-09-14T23:08:43.714525+00:00
768.0,14.91,15.43,15.16,42.0,3459.0,0.12571064727783204,put,2026-10-16,SPY,760.77001953125,2026-09-14T23:08:43.714525+00:00
769.0,15.47,15.71,15.28,6.0,3112.0,0.12194176406860352,put,2026-10-16,SPY,760.77001953125,2026-09-14T23:08:43.714525+00:00
770.0,15.77,16.42,16.2,3234.0,8024.0,0.12288779953002929,put,2026-10-16,SPY,760.77001953125,2026-09-14T23:08:43.714525+00:00
771.0,16.44,17.0,15.76,3.0,1468.0,0.12220116088867189,put,2026-10-16,SPY,760.77001953125,2026-09-14T23:08:43.714525+00:00
772.0,17.15,17.42,16.03,13.0,2280.0,0.11943934768676759,put,2026-10-16,SPY,760.77001953125,2026-09-14T23:08:43.714525+00:00
773.0,17.51,18.2,16.97,3.0,1173.0,0.1207668490600586,put,2026-10-16,SPY,760.77001953125,2026-09-14T23:08:43.714525+00:00
774.0,18.24,18.84,18.17,3.0,1088.0,0.12024805541992187,put,2026-10-16,SPY,760.77001953125,2026-09-14T23:08:43.714525+00:00
775.0,18.76,19.54,18.86,687.0,6831.0,0.1203243486022949,put,2026-10-16,SPY,760.77001953125,2026-09-14T23:08:43.714525+00:00
776.0,19.44,20.2,19.52,4.0,848.0,0.11972926177978514,put,2026-10-16,SPY,760.77001953125,2026-09-14T23:08:43.714525+00:00
777.0,20.12,20.85,21.82,4.0,1232.0,0.1188442608642578,put,2026-10-16,SPY,760.77001953125,2026-09-14T23:08:43.714525+00:00
778.0,20.82,21.59,23.66,6.0,590.0,0.11893581268310546,put,2026-10-16,SPY,760.77001953125,2026-09-14T23:08:43.714525+00:00
779.0,21.54,22.31,24.92,11.0,633.0,0.11860012268066406,put,2026-10-16,SPY,760.77001953125,2026-09-14T23:08:43.714525+00:00
780.0,22.3,23.02,22.8,86.0,2770.0,0.11795925994873047,put,2026-10-16,SPY,760.77001953125,2026-09-14T23:08:43.714525+00:00
781.0,23.06,23.82,22.14,2.0,347.0,0.11838650177001953,put,2026-10-16,SPY,760.77001953125,2026-09-14T23:08:43.714525+00:00
782.0,23.85,24.6,24.2,2.0,204.0,0.11841701904296875,put,2026-10-16,SPY,760.77001953125,2026-09-14T23:08:43.714525+00:00
783.0,24.66,25.39,21.73,16.0,145.0,0.11841701904296875,put,2026-10-16,SPY,760.77001953125,2026-09-14T23:08:43.714525+00:00
784.0,25.6,27.27,27.55,4.0,223.0,0.13434703552246097,put,2026-10-16,SPY,760.77001953125,2026-09-14T23:08:43.714525+00:00
785.0,26.46,26.95,26.21,7.0,402.0,0.11765408721923828,put,2026-10-16,SPY,760.77001953125,2026-09-14T23:08:43.714525+00:00
786.0,26.22,28.95,19.14,31.0,114.0,0.13593393371582033,put,2026-10-16,SPY,760.77001953125,2026-09-14T23:08:43.714525+00:00
787.0,27.07,29.87,31.0,1.0,71.0,0.13779548736572267,put,2026-10-16,SPY,760.77001953125,2026-09-14T23:08:43.714525+00:00
788.0,27.96,30.78,30.62,2.0,1.0,0.1394434201049805,put,2026-10-16,SPY,760.77001953125,2026-09-14T23:08:43.714525+00:00
789.0,28.85,31.68,31.52,2.0,16.0,0.14087773193359376,put,2026-10-16,SPY,760.77001953125,2026-09-14T23:08:43.714525+00:00
790.0,29.75,32.57,30.79,23.0,122.0,0.1420984228515625,put,2026-10-16,SPY,760.77001953125,2026-09-14T23:08:43.714525+00:00
791.0,30.68,33.48,31.15,2.0,142.0,0.143563251953125,put,2026-10-16,SPY,760.77001953125,2026-09-14T23:08:43.714525+00:00
792.0,31.61,34.39,32.0,4.0,0.0,0.14493652923583983,put,2026-10-16,SPY,760.77001953125,2026-09-14T23:08:43.714525+00:00
793.0,32.55,35.32,25.31,2.0,2.0,0.14661497924804687,put,2026-10-16,SPY,760.77001953125,2026-09-14T23:08:43.714525+00:00
794.0,33.49,36.26,29.48,1.0,1.0,0.14838498107910159,put,2026-10-16,SPY,760.77001953125,2026-09-14T23:08:43.714525+00:00
795.0,34.45,37.27,37.33,1.0,25.0,0.15134515655517583,put,2026-10-16,SPY,760.77001953125,2026-09-14T23:08:43.714525+00:00
796.0,35.39,38.16,33.76,,,0.15219964019775395,put,2026-10-16,SPY,760.77001953125,2026-09-14T23:08:43.714525+00:00
797.0,36.37,39.12,35.9,80.0,40.0,0.15421378021240234,put,2026-10-16,SPY,760.77001953125,2026-09-14T23:08:43.714525+00:00
798.0,37.34,40.17,27.23,2.0,28.0,0.15778430114746095,put,2026-10-16,SPY,760.77001953125,2026-09-14T23:08:43.714525+00:00
799.0,38.31,41.14,30.8,,100.0,0.15992051025390625,put,2026-10-16,SPY,760.77001953125,2026-09-14T23:08:43.714525+00:00
800.0,39.29,42.12,40.11,32.0,491.0,0.16223982299804687,put,2026-10-16,SPY,760.77001953125,2026-09-14T23:08:43.714525+00:00
805.0,44.23,47.06,44.09,5.0,19.0,0.17417207672119145,put,2026-10-16,SPY,760.77001953125,2026-09-14T23:08:43.714525+00:00
810.0,49.2,52.03,48.61,1.0,83.0,0.18625691680908202,put,2026-10-16,SPY,760.77001953125,2026-09-14T23:08:43.714525+00:00
815.0,54.19,57.02,53.62,4.0,5.0,0.1984027914428711,put,2026-10-16,SPY,760.77001953125,2026-09-14T23:08:43.714525+00:00
820.0,59.17,62.01,58.51,8.0,1.0,0.2102740106201172,put,2026-10-16,SPY,760.77001953125,2026-09-14T23:08:43.714525+00:00
825.0,64.18,67.01,63.65,,1.0,0.22205367797851558,put,2026-10-16,SPY,760.77001953125,2026-09-14T23:08:43.714525+00:00
830.0,69.16,72.0,73.05,1.0,50.0,0.233406103515625,put,2026-10-16,SPY,760.77001953125,2026-09-14T23:08:43.714525+00:00
835.0,74.17,77.0,73.56,4.0,0.0,0.2447585290527344,put,2026-10-16,SPY,760.77001953125,2026-09-14T23:08:43.714525+00:00
840.0,79.17,82.0,71.36,1.0,1.0,0.25592785095214843,put,2026-10-16,SPY,760.77001953125,2026-09-14T23:08:43.714525+00:00
845.0,84.15,86.99,83.59,1.0,1.0,0.2666699310302735,put,2026-10-16,SPY,760.77001953125,2026-09-14T23:08:43.714525+00:00
850.0,89.16,91.99,88.55,4.0,7.0,0.27744252838134764,put,2026-10-16,SPY,760.77001953125,2026-09-14T23:08:43.714525+00:00
855.0,94.15,96.98,93.54,1.0,1.0,0.28778788391113275,put,2026-10-16,SPY,760.77001953125,2026-09-14T23:08:43.714525+00:00
865.0,104.15,106.98,99.46,1.0,0.0,0.30857014678955075,put,2026-10-16,SPY,760.77001953125,2026-09-14T23:08:43.714525+00:00
880.0,119.14,121.97,115.9,,91.0,0.33838552246093745,put,2026-10-16,SPY,760.77001953125,2026-09-14T23:08:43.714525+00:00
895.0,134.13,136.91,133.43,4.0,0.0,0.3655458953857422,put,2026-10-16,SPY,760.77001953125,2026-09-14T23:08:43.714525+00:00
930.0,169.09,171.93,164.9,,1.0,0.4298763067626954,put,2026-10-16,SPY,760.77001953125,2026-09-14T23:08:43.714525+00:00
1000.0,253.4,262.51,250.79,,0.0,0.8944407528686523,put,2026-10-16,SPY,760.77001953125,2026-09-14T23:08:43.714525+00:00
300.0,459.95,462.69,466.69,246.0,89.0,0.8842785009765625,call,2026-11-20,SPY,760.77001953125,2026-09-14T23:08:43.714525+00:00
325.0,431.32,434.78,419.74,,1.0,1.0000000000000003e-05,call,2026-11-20,SPY,760.77001953125,2026-09-14T23:08:43.714525+00:00
340.0,416.6,420.11,400.8,,1.0,1.0000000000000003e-05,call,2026-11-20,SPY,760.77001953125,2026-09-14T23:08:43.714525+00:00
345.0,415.4,418.1,417.85,,0.0,0.8295915478515624,call,2026-11-20,SPY,760.77001953125,2026-09-14T23:08:43.714525+00:00
350.0,414.25,416.95,404.55,,1.0,1.0814254913330077,call,2026-11-20,SPY,760.77001953125,2026-09-14T23:08:43.714525+00:00
380.0,377.36,380.87,349.59,,1.0,1.0000000000000003e-05,call,2026-11-20,SPY,760.77001953125,2026-09-14T23:08:43.714525+00:00
395.0,365.87,368.59,383.68,,1.0,0.7457300817871093,call,2026-11-20,SPY,760.77001953125,2026-09-14T23:08:43.714525+00:00
400.0,360.91,363.66,362.83,10.0,0.0,0.7374293835449219,call,2026-11-20,SPY,760.77001953125,2026-09-14T23:08:43.714525+00:00
410.0,355.02,357.71,345.76,,1.0,0.9149788775634766,call,2026-11-20,SPY,760.77001953125,2026-09-14T23:08:43.714525+00:00
415.0,327.7,330.89,329.02,,0.0,1.0000000000000003e-05,call,2026-11-20,SPY,760.77001953125,2026-09-14T23:08:43.714525+00:00
425.0,336.15,338.91,343.99,3.0,8.0,0.6926300268554688,call,2026-11-20,SPY,760.77001953125,2026-09-14T23:08:43.714525+00:00
430.0,340.02,343.54,311.32,,1.0,1.0085193617248536,call,2026-11-20,SPY,760.77001953125,2026-09-14T23:08:43.714525+00:00
435.0,323.5,326.96,308.45,1.0,21.0,0.6247596118164063,call,2026-11-20,SPY,760.77001953125,2026-09-14T23:08:43.714525+00:00
440.0,0.0,0.0,325.14,1.0,0.0,1.0000000000000003e-05,call,2026-11-20,SPY,760.77001953125,2026-09-14T23:08:43.714525+00:00
445.0,316.3,319.15,323.45,,4.0,0.6562534375000001,call,2026-11-20,SPY,760.77001953125,2026-09-14T23:08:43.714525+00:00
450.0,311.45,314.19,318.28,5.0,16.0,0.6497837756347657,call,2026-11-20,SPY,760.77001953125,2026-09-14T23:08:43.714525+00:00
460.0,301.49,304.31,306.12,14.0,16.0,0.6303747900390625,call,2026-11-20,SPY,760.77001953125,2026-09-14T23:08:43.714525+00:00
465.0,296.55,299.37,302.88,1.0,3.0,0.621768919067383,call,2026-11-20,SPY,760.77001953125,2026-09-14T23:08:43.714525+00:00
470.0,291.67,294.43,292.39,1.0,5.0,0.6146278771972657,call,2026-11-20,SPY,760.77001953125,2026-09-14T23:08:43.714525+00:00
480.0,281.72,284.56,288.93,1.0,8.0,0.59570716796875,call,2026-11-20,SPY,760.77001953125,2026-09-14T23:08:43.714525+00:00
485.0,276.87,279.62,277.52,1.0,2.0,0.5891154370117189,call,2026-11-20,SPY,760.77001953125,2026-09-14T23:08:43.714525+00:00
490.0,280.74,284.26,254.08,20.0,33.0,0.8333451724243163,call,2026-11-20,SPY,760.77001953125,2026-09-14T23:08:43.714525+00:00
495.0,267.0,269.75,273.3,,1.0,0.5719036950683594,call,2026-11-20,SPY,760.77001953125,2026-09-14T23:08:43.714525+00:00
500.0,262.06,264.82,272.1,1.0,24.0,0.5632367895507813,call,2026-11-20,SPY,760.77001953125,2026-09-14T23:08:43.714525+00:00
505.0,257.05,259.89,259.88,2.0,1.0,0.5531050549316407,call,2026-11-20,SPY,760.77001953125,2026-09-14T23:08:43.714525+00:00
510.0,252.12,254.96,262.45,4.0,1.0,0.5445602185058593,call,2026-11-20,SPY,760.77001953125,2026-09-14T23:08:43.714525+00:00
515.0,247.19,250.03,245.68,4.0,97.0,0.5360764166259766,call,2026-11-20,SPY,760.77001953125,2026-09-14T23:08:43.714525+00:00
520.0,242.33,245.1,240.76,8.0,52.0,0.5288133056640626,call,2026-11-20,SPY,760.77001953125,2026-09-14T23:08:43.714525+00:00
525.0,237.38,240.18,235.84,4.0,6.0,0.5200243310546875,call,2026-11-20,SPY,760.77001953125,2026-09-14T23:08:43.714525+00:00
530.0,232.42,235.25,231.1,2.0,85.0,0.5108081146240235,call,2026-11-20,SPY,760.77001953125,2026-09-14T23:08:43.714525+00:00
535.0,227.5,230.33,226.03,4.0,10.0,0.5024463818359376,call,2026-11-20,SPY,760.77001953125,2026-09-14T23:08:43.714525+00:00
540.0,222.6,225.41,221.08,4.0,8.0,0.5364426239013673,call,2026-11-20,SPY,760.77001953125,2026-09-14T23:08:43.714525+00:00
545.0,217.66,220.5,220.49,1.0,4.0,0.5271653729248047,call,2026-11-20,SPY,760.77001953125,2026-09-14T23:08:43.714525+00:00
550.0,212.75,215.58,215.42,1.0,23.0,0.51758294921875,call,2026-11-20,SPY,760.77001953125,2026-09-14T23:08:43.714525+00:00
555.0,207.85,210.67,209.61,4.0,9.0,0.50821414642334,call,2026-11-20,SPY,760.77001953125,2026-09-14T23:08:43.714525+00:00
560.0,202.97,205.76,204.65,1.0,16.0,0.49884534362792965,call,2026-11-20,SPY,760.77001953125,2026-09-14T23:08:43.714525+00:00
565.0,198.02,200.85,201.39,2.0,12.0,0.48944602355957045,call,2026-11-20,SPY,760.77001953125,2026-09-14T23:08:43.714525+00:00
570.0,193.16,195.96,191.65,4.0,5.0,0.4805044625854492,call,2026-11-20,SPY,760.77001953125,2026-09-14T23:08:43.714525+00:00
575.0,188.21,191.06,187.94,5.0,5.0,0.47128824615478515,call,2026-11-20,SPY,760.77001953125,2026-09-14T23:08:43.714525+00:00
580.0,183.33,186.15,181.86,8.0,52.0,0.46179737426757816,call,2026-11-20,SPY,760.77001953125,2026-09-14T23:08:43.714525+00:00
585.0,178.42,181.25,176.98,4.0,5.0,0.45252012329101565,call,2026-11-20,SPY,760.77001953125,2026-09-14T23:08:43.714525+00:00
590.0,173.53,176.36,179.21,,4.0,0.4434259759521484,call,2026-11-20,SPY,760.77001953125,2026-09-14T23:08:43.714525+00:00
595.0,168.64,171.48,174.45,6.0,12.0,0.43445389770507814,call,2026-11-20,SPY,760.77001953125,2026-09-14T23:08:43.714525+00:00
600.0,163.76,166.61,166.69,3.0,1551.0,0.42566492309570314,call,2026-11-20,SPY,760.77001953125,2026-09-14T23:08:43.714525+00:00
605.0,167.69,171.22,177.37,1.0,0.0,0.5404403866577151,call,2026-11-20,SPY,760.77001953125,2026-09-14T23:08:43.714525+00:00
610.0,154.03,156.85,161.77,1.0,9.0,0.4074461111450196,call,2026-11-20,SPY,760.77001953125,2026-09-14T23:08:43.714525+00:00
615.0,149.35,151.99,148.9,1.0,20.0,0.3986266192626954,call,2026-11-20,SPY,760.77001953125,2026-09-14T23:08:43.714525+00:00
620.0,144.3,147.13,152.44,4.0,14.0,0.3897155755615235,call,2026-11-20,SPY,760.77001953125,2026-09-14T23:08:43.714525+00:00
625.0,139.65,142.28,142.63,1.0,4.0,0.38086556640624997,call,2026-11-20,SPY,760.77001953125,2026-09-14T23:08:43.714525+00:00
630.0,134.81,137.44,137.41,6.0,781.0,0.3721376263427735,call,2026-11-20,SPY,760.77001953125,2026-09-14T23:08:43.714525+00:00
635.0,129.98,132.61,134.7,1.0,139.0,0.36344020355224615,call,2026-11-20,SPY,760.77001953125,2026-09-14T23:08:43.714525+00:00
640.0,125.16,127.79,127.1,50.0,377.0,0.35480381530761707,call,2026-11-20,SPY,760.77001953125,2026-09-14T23:08:43.714525+00:00
645.0,120.35,122.98,122.76,1.0,69.0,0.3461979443359374,call,2026-11-20,SPY,760.77001953125,2026-09-14T23:08:43.714525+00:00
650.0,115.55,118.19,121.06,1.0,2045.0,0.3377446597290039,call,2026-11-20,SPY,760.77001953125,2026-09-14T23:08:43.714525+00:00
655.0,110.76,113.41,110.73,86.0,81.0,0.3292913751220703,call,2026-11-20,SPY,760.77001953125,2026-09-14T23:08:43.714525+00:00
660.0,105.99,108.64,108.01,21.0,236.0,0.32082283187866206,call,2026-11-20,SPY,760.77001953125,2026-09-14T23:08:43.714525+00:00
665.0,101.26,103.9,103.05,14.0,89.0,0.3125679095458984,call,2026-11-20,SPY,760.77001953125,2026-09-14T23:08:43.714525+00:00
670.0,96.54,99.17,104.92,7.0,457.0,0.3042672113037109,call,2026-11-20,SPY,760.77001953125,2026-09-14T23:08:43.714525+00:00
675.0,91.63,94.47,94.9,4.0,77.0,0.29611909942626957,call,2026-11-20,SPY,760.77001953125,2026-09-14T23:08:43.714525+00:00
680.0,86.95,89.79,89.56,4.0,649.0,0.287970987548828,call,2026-11-20,SPY,760.77001953125,2026-09-14T23:08:43.714525+00:00
685.0,82.3,85.14,82.45,1.0,302.0,0.2799144274902343,call,2026-11-20,SPY,760.77001953125,2026-09-14T23:08:43.714525+00:00
690.0,77.69,80.52,79.63,4.0,1385.0,0.2719341606140136,call,2026-11-20,SPY,760.77001953125,2026-09-14T23:08:43.714525+00:00
695.0,73.1,75.94,73.1,1.0,119.0,0.2640759628295898,call,2026-11-20,SPY,760.77001953125,2026-09-14T23:08:43.714525+00:00
700.0,68.64,71.38,71.37,2.0,6116.0,0.25608043731689456,call,2026-11-20,SPY,760.77001953125,2026-09-14T23:08:43.714525+00:00
705.0,64.06,66.89,66.6,2.0,251.0,0.24845111907958983,call,2026-11-20,SPY,760.77001953125,2026-09-14T23:08:43.714525+00:00
710.0,59.6,62.44,62.22,2.0,448.0,0.24079128356933593,call,2026-11-20,SPY,760.77001953125,2026-09-14T23:08:43.714525+00:00
715.0,55.21,58.05,57.54,7.0,119.0,0.2332535171508789,call,2026-11-20,SPY,760.77001953125,2026-09-14T23:08:43.714525+00:00
720.0,50.89,53.72,52.33,5.0,1878.0,0.2257767852783203,call,2026-11-20,SPY,760.77001953125,2026-09-14T23:08:43.714525+00:00
725.0,47.32,49.48,50.1,10.0,1608.0,0.21854419158935545,call,2026-11-20,SPY,760.77001953125,2026-09-14T23:08:43.714525+00:00
730.0,43.62,44.17,43.95,64.0,1808.0,0.2013934841918945,call,2026-11-20,SPY,760.77001953125,2026-09-14T23:08:43.714525+00:00
735.0,39.55,40.1,40.47,12.0,1889.0,0.19460339096069335,call,2026-11-20,SPY,760.77001953125,2026-09-14T23:08:43.714525+00:00
740.0,35.59,36.14,36.42,58.0,2831.0,0.18793536682128903,call,2026-11-20,SPY,760.77001953125,2026-09-14T23:08:43.714525+00:00
745.0,31.84,32.28,32.67,22.0,2797.0,0.1811757908630371,call,2026-11-20,SPY,760.77001953125,2026-09-14T23:08:43.714525+00:00
750.0,28.2,28.52,28.39,59.0,6550.0,0.17421785263061523,call,2026-11-20,SPY,760.77001953125,2026-09-14T23:08:43.714525+00:00
755.0,24.7,25.01,24.84,29.0,1750.0,0.1681296566772461,call,2026-11-20,SPY,760.77001953125,2026-09-14T23:08:43.714525+00:00
760.0,21.55,21.66,21.54,255.0,5181.0,0.1620109434509277,call,2026-11-20,SPY,760.77001953125,2026-09-14T23:08:43.714525+00:00
765.0,18.44,18.51,18.45,561.0,5747.0,0.1560600752258301,call,2026-11-20,SPY,760.77001953125,2026-09-14T23:08:43.714525+00:00
770.0,15.56,15.63,15.58,795.0,6046.0,0.1506432592773438,call,2026-11-20,SPY,760.77001953125,2026-09-14T23:08:43.714525+00:00
775.0,12.95,13.01,12.98,470.0,8410.0,0.14557739196777342,call,2026-11-20,SPY,760.77001953125,2026-09-14T23:08:43.714525+00:00
780.0,10.61,10.67,10.83,983.0,8988.0,0.140908249206543,call,2026-11-20,SPY,760.77001953125,2026-09-14T23:08:43.714525+00:00
785.0,8.57,8.63,8.6,638.0,6616.0,0.13677315872192386,call,2026-11-20,SPY,760.77001953125,2026-09-14T23:08:43.714525+00:00
790.0,6.82,6.88,6.84,244.0,6586.0,0.13309582733154296,call,2026-11-20,SPY,760.77001953125,2026-09-14T23:08:43.714525+00:00
795.0,5.37,5.41,5.42,199.0,4389.0,0.12992203094482419,call,2026-11-20,SPY,760.77001953125,2026-09-14T23:08:43.714525+00:00
800.0,4.16,4.2,4.22,1943.0,5035.0,0.12719073501586914,call,2026-11-20,SPY,760.77001953125,2026-09-14T23:08:43.714525+00:00
805.0,3.19,3.22,3.2,274.0,3539.0,0.12488668090820312,call,2026-11-20,SPY,760.77001953125,2026-09-14T23:08:43.714525+00:00
810.0,2.42,2.45,2.42,114.0,8128.0,0.12308616180419923,call,2026-11-20,SPY,760.77001953125,2026-09-14T23:08:43.714525+00:00
815.0,1.81,1.84,1.79,36.0,3278.0,0.12149926361083985,call,2026-11-20,SPY,760.77001953125,2026-09-14T23:08:43.714525+00:00
820.0,1.35,1.37,1.39,468.0,3237.0,0.12021753814697264,call,2026-11-20,SPY,760.77001953125,2026-09-14T23:08:43.714525+00:00
825.0,1.01,1.02,1.05,172.0,4660.0,0.11942408905029298,call,2026-11-20,SPY,760.77001953125,2026-09-14T23:08:43.714525+00:00
830.0,0.75,0.76,0.78,634.0,3533.0,0.11902736450195311,call,2026-11-20,SPY,760.77001953125,2026-09-14T23:08:43.714525+00:00
835.0,0.57,0.58,0.6,18.0,2009.0,0.11933253723144531,call,2026-11-20,SPY,760.77001953125,2026-09-14T23:08:43.714525+00:00
840.0,0.43,0.44,0.45,57.0,1034.0,0.11969874450683593,call,2026-11-20,SPY,760.77001953125,2026-09-14T23:08:43.714525+00:00
845.0,0.33,0.34,0.35,3.0,1222.0,0.12049219360351562,call,2026-11-20,SPY,760.77001953125,2026-09-14T23:08:43.714525+00:00
850.0,0.26,0.27,0.26,336.0,4031.0,0.12183495361328125,call,2026-11-20,SPY,760.77001953125,2026-09-14T23:08:43.714525+00:00
855.0,0.21,0.22,0.24,3.0,990.0,0.12366598999023437,call,2026-11-20,SPY,760.77001953125,2026-09-14T23:08:43.714525+00:00
860.0,0.17,0.18,0.19,69.0,658.0,0.12549702636718751,call,2026-11-20,SPY,760.77001953125,2026-09-14T23:08:43.714525+00:00
865.0,0.14,0.15,0.14,25.0,710.0,0.1274501318359375,call,2026-11-20,SPY,760.77001953125,2026-09-14T23:08:43.714525+00:00
870.0,0.12,0.13,0.12,4.0,258.0,0.13013565185546871,call,2026-11-20,SPY,760.77001953125,2026-09-14T23:08:43.714525+00:00
875.0,0.1,0.11,0.12,16.0,23262.0,0.13233289550781252,call,2026-11-20,SPY,760.77001953125,2026-09-14T23:08:43.714525+00:00
880.0,0.08,0.09,0.1,5.0,1103.0,0.133797724609375,call,2026-11-20,SPY,760.77001953125,2026-09-14T23:08:43.714525+00:00
885.0,0.07,0.08,0.08,1.0,757.0,0.13672738281250002,call,2026-11-20,SPY,760.77001953125,2026-09-14T23:08:43.714525+00:00
890.0,0.06,0.07,0.09,1.0,778.0,0.13916876464843753,call,2026-11-20,SPY,760.77001953125,2026-09-14T23:08:43.714525+00:00
895.0,0.05,0.06,0.06,1.0,994.0,0.14112187011718752,call,2026-11-20,SPY,760.77001953125,2026-09-14T23:08:43.714525+00:00
900.0,0.05,0.06,0.04,1.0,1934.0,0.145516357421875,call,2026-11-20,SPY,760.77001953125,2026-09-14T23:08:43.714525+00:00
905.0,0.04,0.05,0.04,3.0,1202.0,0.1469811865234375,call,2026-11-20,SPY,760.77001953125,2026-09-14T23:08:43.714525+00:00
910.0,0.03,0.04,0.04,28.0,242.0,0.14795773925781253,call,2026-11-20,SPY,760.77001953125,2026-09-14T23:08:43.714525+00:00
915.0,0.03,0.04,0.05,4.0,241.0,0.1518639501953125,call,2026-11-20,SPY,760.77001953125,2026-09-14T23:08:43.714525+00:00
920.0,0.03,0.04,0.04,20.0,137.0,0.1562584375,call,2026-11-20,SPY,760.77001953125,2026-09-14T23:08:43.714525+00:00
925.0,0.02,0.03,0.03,25.0,87.0,0.15528188476562502,call,2026-11-20,SPY,760.77001953125,2026-09-14T23:08:43.714525+00:00
930.0,0.02,0.03,0.03,6.0,65.0,0.159188095703125,call,2026-11-20,SPY,760.77001953125,2026-09-14T23:08:43.714525+00:00
935.0,0.02,0.03,0.03,4.0,13.0,0.16309430664062502,call,2026-11-20,SPY,760.77001953125,2026-09-14T23:08:43.714525+00:00
940.0,0.02,0.03,0.03,262.0,356.0,0.16700051757812504,call,2026-11-20,SPY,760.77001953125,2026-09-14T23:08:43.714525+00:00
945.0,0.01,0.02,0.02,1.0,273.0,0.165047412109375,call,2026-11-20,SPY,760.77001953125,2026-09-14T23:08:43.714525+00:00
950.0,0.01,0.02,0.02,4.0,2395.0,0.16895362304687503,call,2026-11-20,SPY,760.77001953125,2026-09-14T23:08:43.714525+00:00
955.0,0.01,0.02,0.03,7.0,28.0,0.17188328125000002,call,2026-11-20,SPY,760.77001953125,2026-09-14T23:08:43.714525+00:00
960.0,0.01,0.02,0.03,2.0,30.0,0.1757894921875,call,2026-11-20,SPY,760.77001953125,2026-09-14T23:08:43.714525+00:00
965.0,0.01,0.02,0.04,1.0,51.0,0.179695703125,call,2026-11-20,SPY,760.77001953125,2026-09-14T23:08:43.714525+00:00
970.0,0.01,0.02,0.01,1.0,35.0,0.18360191406249998,call,2026-11-20,SPY,760.77001953125,2026-09-14T23:08:43.714525+00:00
975.0,0.01,0.02,0.03,40.0,49.0,0.186531572265625,call,2026-11-20,SPY,760.77001953125,2026-09-14T23:08:43.714525+00:00
980.0,0.01,0.02,0.01,297.0,403.0,0.18946123046875002,call,2026-11-20,SPY,760.77001953125,2026-09-14T23:08:43.714525+00:00
985.0,0.01,0.02,0.02,1.0,851.0,0.19336744140625,call,2026-11-20,SPY,760.77001953125,2026-09-14T23:08:43.714525+00:00
990.0,0.01,0.02,0.02,90.0,526.0,0.19727365234375,call,2026-11-20,SPY,760.77001953125,2026-09-14T23:08:43.714525+00:00
995.0,0.01,0.02,0.02,50.0,405.0,0.20117986328124998,call,2026-11-20,SPY,760.77001953125,2026-09-14T23:08:43.714525+00:00
1000.0,0.01,0.02,0.03,1.0,771.0,0.20313296874999998,call,2026-11-20,SPY,760.77001953125,2026-09-14T23:08:43.714525+00:00
300.0,0.04,0.05,0.04,281.0,3980.0,0.7050810742187501,put,2026-11-20,SPY,760.77001953125,2026-09-14T23:08:43.714525+00:00
305.0,0.05,0.06,0.05,5.0,1405.0,0.7050810742187501,put,2026-11-20,SPY,760.77001953125,2026-09-14T23:08:43.714525+00:00
310.0,0.05,0.06,0.07,2.0,126.0,0.69336244140625,put,2026-11-20,SPY,760.77001953125,2026-09-14T23:08:43.714525+00:00
315.0,0.05,0.06,0.07,12.0,506.0,0.6816438085937502,put,2026-11-20,SPY,760.77001953125,2026-09-14T23:08:43.714525+00:00
320.0,0.06,0.07,0.08,305.0,391.0,0.6796907031250001,put,2026-11-20,SPY,760.77001953125,2026-09-14T23:08:43.714525+00:00
325.0,0.06,0.07,0.08,4.0,242.0,0.6679720703125002,put,2026-11-20,SPY,760.77001953125,2026-09-14T23:08:43.714525+00:00
330.0,0.06,0.07,0.09,10.0,148.0,0.6562534375000001,put,2026-11-20,SPY,760.77001953125,2026-09-14T23:08:43.714525+00:00
335.0,0.07,0.08,0.08,1.0,77.0,0.6543003320312502,put,2026-11-20,SPY,760.77001953125,2026-09-14T23:08:43.714525+00:00
340.0,0.07,0.08,0.1,1.0,2066.0,0.6425816992187501,put,2026-11-20,SPY,760.77001953125,2026-09-14T23:08:43.714525+00:00
345.0,0.08,0.09,0.09,2.0,368.0,0.63867548828125,put,2026-11-20,SPY,760.77001953125,2026-09-14T23:08:43.714525+00:00
350.0,0.08,0.09,0.09,15.0,841.0,0.6279334082031252,put,2026-11-20,SPY,760.77001953125,2026-09-14T23:08:43.714525+00:00
355.0,0.09,0.1,0.09,727.0,2685.0,0.624027197265625,put,2026-11-20,SPY,760.77001953125,2026-09-14T23:08:43.714525+00:00
360.0,0.09,0.1,0.1,15.0,2183.0,0.6132851171875001,put,2026-11-20,SPY,760.77001953125,2026-09-14T23:08:43.714525+00:00
365.0,0.1,0.11,0.11,7.0,14793.0,0.6084023535156251,put,2026-11-20,SPY,760.77001953125,2026-09-14T23:08:43.714525+00:00
370.0,0.11,0.12,0.11,15.0,10556.0,0.6025430371093752,put,2026-11-20,SPY,760.77001953125,2026-09-14T23:08:43.714525+00:00
375.0,0.12,0.13,0.12,5.0,1393.0,0.5976602734375001,put,2026-11-20,SPY,760.77001953125,2026-09-14T23:08:43.714525+00:00
380.0,0.12,0.13,0.12,17.0,150499.0,0.586918193359375,put,2026-11-20,SPY,760.77001953125,2026-09-14T23:08:43.714525+00:00
385.0,0.13,0.14,0.14,7.0,189.0,0.5810588769531251,put,2026-11-20,SPY,760.77001953125,2026-09-14T23:08:43.714525+00:00
390.0,0.14,0.15,0.15,5.0,104236.0,0.5747112841796875,put,2026-11-20,SPY,760.77001953125,2026-09-14T23:08:43.714525+00:00
395.0,0.15,0.16,0.15,27.0,235.0,0.56836369140625,put,2026-11-20,SPY,760.77001953125,2026-09-14T23:08:43.714525+00:00
400.0,0.16,0.17,0.17,25.0,75333.0,0.561527822265625,put,2026-11-20,SPY,760.77001953125,2026-09-14T23:08:43.714525+00:00
405.0,0.17,0.18,0.18,5.0,305.0,0.5551802294921876,put,2026-11-20,SPY,760.77001953125,2026-09-14T23:08:43.714525+00:00
410.0,0.18,0.19,0.17,16.0,1449.0,0.5483443603515626,put,2026-11-20,SPY,760.77001953125,2026-09-14T23:08:43.714525+00:00
415.0,0.19,0.2,0.21,14.0,343.0,0.5415084912109377,put,2026-11-20,SPY,760.77001953125,2026-09-14T23:08:43.714525+00:00
420.0,0.2,0.21,0.19,2.0,772.0,0.5346726220703125,put,2026-11-20,SPY,760.77001953125,2026-09-14T23:08:43.714525+00:00
425.0,0.22,0.23,0.21,1.0,231.0,0.5302781347656251,put,2026-11-20,SPY,760.77001953125,2026-09-14T23:08:43.714525+00:00
430.0,0.23,0.24,0.21,20.0,2752.0,0.5229539892578124,put,2026-11-20,SPY,760.77001953125,2026-09-14T23:08:43.714525+00:00
435.0,0.25,0.26,0.23,10.0,146.0,0.5178270874023438,put,2026-11-20,SPY,760.77001953125,2026-09-14T23:08:43.714525+00:00
440.0,0.26,0.27,0.24,2.0,63.0,0.5102588037109376,put,2026-11-20,SPY,760.77001953125,2026-09-14T23:08:43.714525+00:00
445.0,0.28,0.29,0.27,1.0,90.0,0.5048877636718749,put,2026-11-20,SPY,760.77001953125,2026-09-14T23:08:43.714525+00:00
450.0,0.29,0.3,0.3,7.0,1160.0,0.4982960327148438,put,2026-11-20,SPY,760.77001953125,2026-09-14T23:08:43.714525+00:00
455.0,0.31,0.32,0.31,9.0,168.0,0.49268085449218757,put,2026-11-20,SPY,760.77001953125,2026-09-14T23:08:43.714525+00:00
460.0,0.33,0.34,0.3,78.0,796.0,0.4865773999023438,put,2026-11-20,SPY,760.77001953125,2026-09-14T23:08:43.714525+00:00
465.0,0.34,0.35,0.32,2.0,3046.0,0.47876497802734375,put,2026-11-20,SPY,760.77001953125,2026-09-14T23:08:43.714525+00:00
470.0,0.36,0.37,0.36,3.0,5927.0,0.4726615234375,put,2026-11-20,SPY,760.77001953125,2026-09-14T23:08:43.714525+00:00
475.0,0.38,0.39,0.35,2.0,3205.0,0.4660697924804688,put,2026-11-20,SPY,760.77001953125,2026-09-14T23:08:43.714525+00:00
480.0,0.4,0.41,0.39,30.0,5290.0,0.45972219970703126,put,2026-11-20,SPY,760.77001953125,2026-09-14T23:08:43.714525+00:00
485.0,0.43,0.44,0.45,1.0,203.0,0.4545952978515625,put,2026-11-20,SPY,760.77001953125,2026-09-14T23:08:43.714525+00:00
490.0,0.45,0.46,0.47,3.0,146.0,0.44775942871093743,put,2026-11-20,SPY,760.77001953125,2026-09-14T23:08:43.714525+00:00
495.0,0.47,0.48,0.48,2.0,205.0,0.4409235595703125,put,2026-11-20,SPY,760.77001953125,2026-09-14T23:08:43.714525+00:00
500.0,0.5,0.51,0.46,110.0,303758.0,0.43530838134765626,put,2026-11-20,SPY,760.77001953125,2026-09-14T23:08:43.714525+00:00
505.0,0.53,0.54,0.49,3.0,194.0,0.4292049267578125,put,2026-11-20,SPY,760.77001953125,2026-09-14T23:08:43.714525+00:00
510.0,0.55,0.56,0.54,4.0,200281.0,0.42212491943359376,put,2026-11-20,SPY,760.77001953125,2026-09-14T23:08:43.714525+00:00
515.0,0.58,0.59,0.55,6.0,8055.0,0.41602146484374997,put,2026-11-20,SPY,760.77001953125,2026-09-14T23:08:43.714525+00:00
520.0,0.62,0.63,0.62,12.0,152702.0,0.4106504248046875,put,2026-11-20,SPY,760.77001953125,2026-09-14T23:08:43.714525+00:00
525.0,0.65,0.66,0.71,3.0,461.0,0.40430283203125,put,2026-11-20,SPY,760.77001953125,2026-09-14T23:08:43.714525+00:00
530.0,0.68,0.69,0.64,5.0,624.0,0.39771110107421875,put,2026-11-20,SPY,760.77001953125,2026-09-14T23:08:43.714525+00:00
535.0,0.72,0.73,0.68,22.0,268.0,0.3918517846679687,put,2026-11-20,SPY,760.77001953125,2026-09-14T23:08:43.714525+00:00
540.0,0.76,0.77,0.72,7.0,730.0,0.3857483300781249,put,2026-11-20,SPY,760.77001953125,2026-09-14T23:08:43.714525+00:00
545.0,0.8,0.81,0.79,9.0,856.0,0.37964487548828124,put,2026-11-20,SPY,760.77001953125,2026-09-14T23:08:43.714525+00:00
550.0,0.84,0.85,0.81,105.0,4360.0,0.37329728271484375,put,2026-11-20,SPY,760.77001953125,2026-09-14T23:08:43.714525+00:00
555.0,0.89,0.9,0.86,184.0,685.0,0.3675600354003906,put,2026-11-20,SPY,760.77001953125,2026-09-14T23:08:43.714525+00:00
560.0,0.94,0.95,0.89,38.0,4817.0,0.36157864990234373,put,2026-11-20,SPY,760.77001953125,2026-09-14T23:08:43.714525+00:00
565.0,0.99,1.0,0.96,2.0,2024.0,0.35547519531249994,put,2026-11-20,SPY,760.77001953125,2026-09-14T23:08:43.714525+00:00
570.0,1.04,1.05,1.04,28.0,1097.0,0.34924967163085935,put,2026-11-20,SPY,760.77001953125,2026-09-14T23:08:43.714525+00:00
575.0,1.1,1.11,1.11,66.0,906.0,0.34339035522460937,put,2026-11-20,SPY,760.77001953125,2026-09-14T23:08:43.714525+00:00
580.0,1.16,1.17,1.16,32.0,17439.0,0.3373479351806641,put,2026-11-20,SPY,760.77001953125,2026-09-14T23:08:43.714525+00:00
585.0,1.22,1.23,1.25,32.0,515.0,0.3311834460449219,put,2026-11-20,SPY,760.77001953125,2026-09-14T23:08:43.714525+00:00
590.0,1.29,1.3,1.25,24.0,1597.0,0.32520206054687495,put,2026-11-20,SPY,760.77001953125,2026-09-14T23:08:43.714525+00:00
595.0,1.36,1.37,1.33,1.0,624.0,0.31909860595703116,put,2026-11-20,SPY,760.77001953125,2026-09-14T23:08:43.714525+00:00
600.0,1.44,1.45,1.44,448.0,4518.0,0.31323928955078123,put,2026-11-20,SPY,760.77001953125,2026-09-14T23:08:43.714525+00:00
605.0,1.52,1.53,1.48,12.0,711.0,0.3071968695068359,put,2026-11-20,SPY,760.77001953125,2026-09-14T23:08:43.714525+00:00
610.0,1.61,1.62,1.57,6.0,2108.0,0.30133755310058596,put,2026-11-20,SPY,760.77001953125,2026-09-14T23:08:43.714525+00:00
615.0,1.71,1.72,1.66,25.0,3392.0,0.29560030578613283,put,2026-11-20,SPY,760.77001953125,2026-09-14T23:08:43.714525+00:00
620.0,1.81,1.82,1.83,151.0,161283.0,0.2896189202880859,put,2026-11-20,SPY,760.77001953125,2026-09-14T23:08:43.714525+00:00
625.0,1.92,1.93,1.86,306.0,1967.0,0.2836985693359374,put,2026-11-20,SPY,760.77001953125,2026-09-14T23:08:43.714525+00:00
630.0,2.04,2.05,1.98,568.0,101617.0,0.2779002874755859,put,2026-11-20,SPY,760.77001953125,2026-09-14T23:08:43.714525+00:00
635.0,2.17,2.18,2.11,207.0,1171.0,0.27210200561523434,put,2026-11-20,SPY,760.77001953125,2026-09-14T23:08:43.714525+00:00
640.0,2.31,2.32,2.24,366.0,78682.0,0.26630372375488287,put,2026-11-20,SPY,760.77001953125,2026-09-14T23:08:43.714525+00:00
645.0,2.46,2.47,2.45,256.0,1590.0,0.26050544189453123,put,2026-11-20,SPY,760.77001953125,2026-09-14T23:08:43.714525+00:00
650.0,2.62,2.63,2.61,1186.0,14710.0,0.2546461254882813,put,2026-11-20,SPY,760.77001953125,2026-09-14T23:08:43.714525+00:00
655.0,2.8,2.81,2.79,19.0,11909.0,0.24890887817382812,put,2026-11-20,SPY,760.77001953125,2026-09-14T23:08:43.714525+00:00
660.0,3.0,3.01,3.01,76.0,12749.0,0.24329369995117187,put,2026-11-20,SPY,760.77001953125,2026-09-14T23:08:43.714525+00:00
665.0,3.21,3.23,3.21,68.0,1587.0,0.23770903900146478,put,2026-11-20,SPY,760.77001953125,2026-09-14T23:08:43.714525+00:00
670.0,3.44,3.47,3.45,333.0,4291.0,0.23212437805175778,put,2026-11-20,SPY,760.77001953125,2026-09-14T23:08:43.714525+00:00
675.0,3.7,3.72,3.6,236.0,4327.0,0.22635661346435548,put,2026-11-20,SPY,760.77001953125,2026-09-14T23:08:43.714525+00:00
680.0,3.98,4.0,3.87,1368.0,46363.0,0.22068040069580075,put,2026-11-20,SPY,760.77001953125,2026-09-14T23:08:43.714525+00:00
685.0,4.29,4.32,4.17,382.0,7219.0,0.21518729156494143,put,2026-11-20,SPY,760.77001953125,2026-09-14T23:08:43.714525+00:00
690.0,4.63,4.66,4.51,175.0,20120.0,0.2095110787963867,put,2026-11-20,SPY,760.77001953125,2026-09-14T23:08:43.714525+00:00
695.0,5.01,5.04,4.88,86.0,5007.0,0.20392641784667967,put,2026-11-20,SPY,760.77001953125,2026-09-14T23:08:43.714525+00:00
700.0,5.43,5.45,5.45,4433.0,35845.0,0.19818917053222657,put,2026-11-20,SPY,760.77001953125,2026-09-14T23:08:43.714525+00:00
705.0,5.9,5.93,5.9,59.0,7286.0,0.19278761322021482,put,2026-11-20,SPY,760.77001953125,2026-09-14T23:08:43.714525+00:00
710.0,6.41,6.44,6.27,278.0,7664.0,0.1871114004516602,put,2026-11-20,SPY,760.77001953125,2026-09-14T23:08:43.714525+00:00
715.0,6.99,7.03,6.81,61.0,23211.0,0.1816640672302246,put,2026-11-20,SPY,760.77001953125,2026-09-14T23:08:43.714525+00:00
720.0,7.64,7.68,7.58,404.0,24443.0,0.17612518218994144,put,2026-11-20,SPY,760.77001953125,2026-09-14T23:08:43.714525+00:00
725.0,8.36,8.4,8.14,620.0,15340.0,0.17054052124023442,put,2026-11-20,SPY,760.77001953125,2026-09-14T23:08:43.714525+00:00
730.0,9.17,9.23,9.24,443.0,29565.0,0.1651389639282227,put,2026-11-20,SPY,760.77001953125,2026-09-14T23:08:43.714525+00:00
735.0,10.09,10.15,9.9,241.0,5864.0,0.15964585479736326,put,2026-11-20,SPY,760.77001953125,2026-09-14T23:08:43.714525+00:00
740.0,11.12,11.19,11.21,449.0,13567.0,0.15418326293945314,put,2026-11-20,SPY,760.77001953125,2026-09-14T23:08:43.714525+00:00
745.0,12.29,12.37,12.18,967.0,25341.0,0.1487664469909668,put,2026-11-20,SPY,760.77001953125,2026-09-14T23:08:43.714525+00:00
750.0,13.62,13.71,13.68,1906.0,31623.0,0.1434259242248535,put,2026-11-20,SPY,760.77001953125,2026-09-14T23:08:43.714525+00:00
755.0,15.14,15.22,15.28,714.0,8652.0,0.13803962554931642,put,2026-11-20,SPY,760.77001953125,2026-09-14T23:08:43.714525+00:00
760.0,16.86,16.95,16.92,2544.0,5916.0,0.1328516891479492,put,2026-11-20,SPY,760.77001953125,2026-09-14T23:08:43.714525+00:00
765.0,18.82,18.92,18.88,630.0,5700.0,0.1278010804748535,put,2026-11-20,SPY,760.77001953125,2026-09-14T23:08:43.714525+00:00
770.0,21.05,21.15,21.12,373.0,12331.0,0.12285728225708009,put,2026-11-20,SPY,760.77001953125,2026-09-14T23:08:43.714525+00:00
775.0,22.83,24.0,23.23,95.0,3533.0,0.120751590423584,put,2026-11-20,SPY,760.77001953125,2026-09-14T23:08:43.714525+00:00
780.0,25.98,26.88,26.07,364.0,2989.0,0.11676908630371094,put,2026-11-20,SPY,760.77001953125,2026-09-14T23:08:43.714525+00:00
785.0,28.75,30.56,29.0,6.0,677.0,0.1175320181274414,put,2026-11-20,SPY,760.77001953125,2026-09-14T23:08:43.714525+00:00
790.0,32.3,34.15,32.3,34.0,1409.0,0.11551787811279299,put,2026-11-20,SPY,760.77001953125,2026-09-14T23:08:43.714525+00:00
795.0,35.73,38.07,38.93,1.0,162.0,0.11466339447021485,put,2026-11-20,SPY,760.77001953125,2026-09-14T23:08:43.714525+00:00
800.0,40.01,42.84,39.9,2.0,489.0,0.12183495361328125,put,2026-11-20,SPY,760.77001953125,2026-09-14T23:08:43.714525+00:00
805.0,44.59,47.42,47.79,1.0,24.0,0.12607685455322265,put,2026-11-20,SPY,760.77001953125,2026-09-14T23:08:43.714525+00:00
810.0,49.37,52.1,45.57,3.0,9.0,0.13080703186035153,put,2026-11-20,SPY,760.77001953125,2026-09-14T23:08:43.714525+00:00
815.0,54.27,57.1,52.71,3.0,44.0,0.1394434201049805,put,2026-11-20,SPY,760.77001953125,2026-09-14T23:08:43.714525+00:00
820.0,59.22,62.05,53.5,1.0,6.0,0.1471642901611328,put,2026-11-20,SPY,760.77001953125,2026-09-14T23:08:43.714525+00:00
825.0,64.19,67.03,64.05,5.0,135.0,0.1551292984008789,put,2026-11-20,SPY,760.77001953125,2026-09-14T23:08:43.714525+00:00
830.0,69.18,72.02,61.79,1.0,1.0,0.16303327209472657,put,2026-11-20,SPY,760.77001953125,2026-09-14T23:08:43.714525+00:00
835.0,74.17,77.01,72.34,1.0,0.0,0.17078465942382814,put,2026-11-20,SPY,760.77001953125,2026-09-14T23:08:43.714525+00:00
840.0,69.47,72.99,68.45,,0.0,1.0000000000000003e-05,put,2026-11-20,SPY,760.77001953125,2026-09-14T23:08:43.714525+00:00
850.0,109.23,112.51,100.49,19.0,0.0,0.4138852557373046,put,2026-11-20,SPY,760.77001953125,2026-09-14T23:08:43.714525+00:00
865.0,0.0,0.0,118.14,1.0,0.0,1.0000000000000003e-05,put,2026-11-20,SPY,760.77001953125,2026-09-14T23:08:43.714525+00:00
900.0,143.85,147.3,145.67,,0.0,0.3477238079833984,put,2026-11-20,SPY,760.77001953125,2026-09-14T23:08:43.714525+00:00
950.0,189.09,191.93,177.32,1.0,1.0,0.3236151623535155,put,2026-11-20,SPY,760.77001953125,2026-09-14T23:08:43.714525+00:00
960.0,189.24,192.76,195.82,,0.0,1.0000000000000003e-05,put,2026-11-20,SPY,760.77001953125,2026-09-14T23:08:43.714525+00:00
150.0,612.55,615.8,596.0,2.0,6.0,1.6961685113525393,call,2026-12-18,SPY,760.77001953125,2026-09-14T23:08:43.714525+00:00
200.0,559.66,563.15,566.9,1.0,753.0,1.0732468212890627,call,2026-12-18,SPY,760.77001953125,2026-09-14T23:08:43.714525+00:00
210.0,549.93,553.27,557.33,2.0,382.0,1.076664772949219,call,2026-12-18,SPY,760.77001953125,2026-09-14T23:08:43.714525+00:00
220.0,519.23,522.72,515.9,71.0,82.0,1.0000000000000003e-05,call,2026-12-18,SPY,760.77001953125,2026-09-14T23:08:43.714525+00:00
230.0,530.12,533.51,536.7,2.0,14.0,1.0388231652832034,call,2026-12-18,SPY,760.77001953125,2026-09-14T23:08:43.714525+00:00
240.0,523.79,526.89,511.4,1.0,27.0,1.290164682006836,call,2026-12-18,SPY,760.77001953125,2026-09-14T23:08:43.714525+00:00
245.0,424.91,428.79,422.0,4.0,21.0,1.0000000000000003e-05,call,2026-12-18,SPY,760.77001953125,2026-09-14T23:08:43.714525+00:00
250.0,510.36,513.75,512.19,2.0,145.0,1.0012256970214843,call,2026-12-18,SPY,760.77001953125,2026-09-14T23:08:43.714525+00:00
255.0,505.33,508.82,512.73,2.0,4.0,0.9868165380859376,call,2026-12-18,SPY,760.77001953125,2026-09-14T23:08:43.714525+00:00
260.0,500.53,503.88,504.85,1.0,15.0,0.9848634326171876,call,2026-12-18,SPY,760.77001953125,2026-09-14T23:08:43.714525+00:00
265.0,430.6,434.44,427.58,2.0,120.0,1.0000000000000003e-05,call,2026-12-18,SPY,760.77001953125,2026-09-14T23:08:43.714525+00:00
270.0,476.35,489.87,486.29,2.0,65.0,1.0000000000000003e-05,call,2026-12-18,SPY,760.77001953125,2026-09-14T23:08:43.714525+00:00
275.0,485.6,489.06,490.09,2.0,124.0,0.9492192578124999,call,2026-12-18,SPY,760.77001953125,2026-09-14T23:08:43.714525+00:00
280.0,480.63,484.13,488.33,2.0,56.0,0.9382330395507812,call,2026-12-18,SPY,760.77001953125,2026-09-14T23:08:43.714525+00:00
285.0,385.58,389.46,353.65,2.0,103.0,1.0000000000000003e-05,call,2026-12-18,SPY,760.77001953125,2026-09-14T23:08:43.714525+00:00
290.0,470.85,474.25,478.48,2.0,16.0,0.9226081958007812,call,2026-12-18,SPY,760.77001953125,2026-09-14T23:08:43.714525+00:00
295.0,393.0,397.73,404.0,1.0,78.0,1.0000000000000003e-05,call,2026-12-18,SPY,760.77001953125,2026-09-14T23:08:43.714525+00:00
300.0,461.02,464.38,480.12,1.0,240.0,0.9045419702148438,call,2026-12-18,SPY,760.77001953125,2026-09-14T23:08:43.714525+00:00
305.0,456.04,459.45,454.68,1.0,6.0,0.8931895446777343,call,2026-12-18,SPY,760.77001953125,2026-09-14T23:08:43.714525+00:00
310.0,0.0,0.0,446.05,1.0,0.0,1.0000000000000003e-05,call,2026-12-18,SPY,760.77001953125,2026-09-14T23:08:43.714525+00:00
315.0,446.07,449.58,449.87,1.0,147.0,0.870118486328125,call,2026-12-18,SPY,760.77001953125,2026-09-14T23:08:43.714525+00:00
320.0,441.23,444.64,445.4,18.0,29.0,0.8635267553710937,call,2026-12-18,SPY,760.77001953125,2026-09-14T23:08:43.714525+00:00
325.0,432.54,436.05,411.16,1.0,58.0,0.6132851171875001,call,2026-12-18,SPY,760.77001953125,2026-09-14T23:08:43.714525+00:00
330.0,0.0,0.0,415.5,1.0,0.0,1.0000000000000003e-05,call,2026-12-18,SPY,760.77001953125,2026-09-14T23:08:43.714525+00:00
335.0,422.77,426.28,414.01,1.0,11.0,0.6530796411132813,call,2026-12-18,SPY,760.77001953125,2026-09-14T23:08:43.714525+00:00
340.0,0.0,0.0,308.13,11.0,0.0,1.0000000000000003e-05,call,2026-12-18,SPY,760.77001953125,2026-09-14T23:08:43.714525+00:00
345.0,0.0,0.0,416.84,2.0,0.0,1.0000000000000003e-05,call,2026-12-18,SPY,760.77001953125,2026-09-14T23:08:43.714525+00:00
350.0,411.53,415.05,417.89,2.0,72.0,0.8031025549316406,call,2026-12-18,SPY,760.77001953125,2026-09-14T23:08:43.714525+00:00
355.0,410.56,413.66,394.98,1.0,13.0,0.9489140850830078,call,2026-12-18,SPY,760.77001953125,2026-09-14T23:08:43.714525+00:00
360.0,405.64,408.74,396.38,10.0,21.0,0.9362799340820311,call,2026-12-18,SPY,760.77001953125,2026-09-14T23:08:43.714525+00:00
365.0,396.82,400.26,414.5,1.0,75.0,0.7773459765625,call,2026-12-18,SPY,760.77001953125,2026-09-14T23:08:43.714525+00:00
370.0,391.87,395.33,405.46,3.0,109.0,0.7674583801269532,call,2026-12-18,SPY,760.77001953125,2026-09-14T23:08:43.714525+00:00
375.0,395.67,399.16,405.25,1.0,15.0,1.0300951815795898,call,2026-12-18,SPY,760.77001953125,2026-09-14T23:08:43.714525+00:00
380.0,381.94,385.47,396.6,2.0,37.0,0.747194910888672,call,2026-12-18,SPY,760.77001953125,2026-09-14T23:08:43.714525+00:00
385.0,377.01,380.54,375.75,7.0,26.0,0.7380397290039062,call,2026-12-18,SPY,760.77001953125,2026-09-14T23:08:43.714525+00:00
390.0,372.08,375.62,372.09,4.0,143.0,0.7290066162109375,call,2026-12-18,SPY,760.77001953125,2026-09-14T23:08:43.714525+00:00
395.0,367.16,370.69,375.82,100.0,93.0,0.7200955725097657,call,2026-12-18,SPY,760.77001953125,2026-09-14T23:08:43.714525+00:00
400.0,362.32,365.77,366.93,18.0,13716.0,0.713015565185547,call,2026-12-18,SPY,760.77001953125,2026-09-14T23:08:43.714525+00:00
405.0,357.3,360.84,362.09,4.0,254.0,0.7019683123779297,call,2026-12-18,SPY,760.77001953125,2026-09-14T23:08:43.714525+00:00
410.0,352.37,355.92,357.69,2.0,183.0,0.6930572686767578,call,2026-12-18,SPY,760.77001953125,2026-09-14T23:08:43.714525+00:00
415.0,347.54,350.99,354.91,4.0,329.0,0.6859162268066408,call,2026-12-18,SPY,760.77001953125,2026-09-14T23:08:43.714525+00:00
420.0,342.66,346.07,348.95,1.0,173.0,0.677859666748047,call,2026-12-18,SPY,760.77001953125,2026-09-14T23:08:43.714525+00:00
425.0,337.63,341.15,338.75,1.0,283.0,0.6671175866699222,call,2026-12-18,SPY,760.77001953125,2026-09-14T23:08:43.714525+00:00
430.0,332.7,336.23,340.18,54.0,216.0,0.65820654296875,call,2026-12-18,SPY,760.77001953125,2026-09-14T23:08:43.714525+00:00
435.0,327.89,331.31,325.92,7.0,145.0,0.6514317083740235,call,2026-12-18,SPY,760.77001953125,2026-09-14T23:08:43.714525+00:00
440.0,322.86,326.39,329.36,1.0,336.0,0.6408727319335938,call,2026-12-18,SPY,760.77001953125,2026-09-14T23:08:43.714525+00:00
445.0,318.0,321.47,320.58,1.0,123.0,0.6331823791503908,call,2026-12-18,SPY,760.77001953125,2026-09-14T23:08:43.714525+00:00
450.0,313.07,316.56,315.7,8.0,463.0,0.6245154736328126,call,2026-12-18,SPY,760.77001953125,2026-09-14T23:08:43.714525+00:00
455.0,308.21,311.64,314.78,2.0,86.0,0.6167640863037109,call,2026-12-18,SPY,760.77001953125,2026-09-14T23:08:43.714525+00:00
460.0,303.23,306.73,310.16,2.0,224.0,0.6073037316894532,call,2026-12-18,SPY,760.77001953125,2026-09-14T23:08:43.714525+00:00
465.0,298.34,301.82,297.1,2.0,92.0,0.5992471716308594,call,2026-12-18,SPY,760.77001953125,2026-09-14T23:08:43.714525+00:00
470.0,293.42,296.9,292.17,2.0,246.0,0.5905802661132813,call,2026-12-18,SPY,760.77001953125,2026-09-14T23:08:43.714525+00:00
475.0,288.44,291.99,294.03,2.0,1083.0,0.5812419805908204,call,2026-12-18,SPY,760.77001953125,2026-09-14T23:08:43.714525+00:00
480.0,283.61,287.08,292.27,1.0,204.0,0.5739788696289063,call,2026-12-18,SPY,760.77001953125,2026-09-14T23:08:43.714525+00:00
485.0,278.64,282.18,282.66,7.0,868.0,0.5649457568359376,call,2026-12-18,SPY,760.77001953125,2026-09-14T23:08:43.714525+00:00
490.0,273.7,277.27,281.28,2.0,821.0,0.556217816772461,call,2026-12-18,SPY,760.77001953125,2026-09-14T23:08:43.714525+00:00
495.0,268.93,272.37,267.79,1.0,1977.0,0.5498091894531252,call,2026-12-18,SPY,760.77001953125,2026-09-14T23:08:43.714525+00:00
500.0,263.97,267.47,269.72,13.0,3728.0,0.5408981457519533,call,2026-12-18,SPY,760.77001953125,2026-09-14T23:08:43.714525+00:00
505.0,259.07,262.57,261.16,9.0,1457.0,0.5327805511474608,call,2026-12-18,SPY,760.77001953125,2026-09-14T23:08:43.714525+00:00
510.0,254.17,257.68,253.0,10.0,1957.0,0.5247545083618165,call,2026-12-18,SPY,760.77001953125,2026-09-14T23:08:43.714525+00:00
515.0,249.25,252.78,255.56,49.0,2075.0,0.5163622583007812,call,2026-12-18,SPY,760.77001953125,2026-09-14T23:08:43.714525+00:00
520.0,244.3,247.89,244.85,1.0,3031.0,0.5077563873291016,call,2026-12-18,SPY,760.77001953125,2026-09-14T23:08:43.714525+00:00
525.0,239.49,243.0,240.5,39.0,827.0,0.5006763800048828,call,2026-12-18,SPY,760.77001953125,2026-09-14T23:08:43.714525+00:00
530.0,234.58,238.11,237.0,1.0,2113.0,0.5281114083862305,call,2026-12-18,SPY,760.77001953125,2026-09-14T23:08:43.714525+00:00
535.0,229.74,233.22,229.5,1.0,2369.0,0.5192919165039063,call,2026-12-18,SPY,760.77001953125,2026-09-14T23:08:43.714525+00:00
540.0,224.81,228.34,227.13,1.0,3482.0,0.5106555282592774,call,2026-12-18,SPY,760.77001953125,2026-09-14T23:08:43.714525+00:00
545.0,219.92,223.47,222.09,5.0,1699.0,0.5022022436523439,call,2026-12-18,SPY,760.77001953125,2026-09-14T23:08:43.714525+00:00
550.0,215.04,218.59,217.81,9.0,3972.0,0.4935353381347657,call,2026-12-18,SPY,760.77001953125,2026-09-14T23:08:43.714525+00:00
555.0,210.17,213.72,212.84,6.0,1678.0,0.48505153625488284,call,2026-12-18,SPY,760.77001953125,2026-09-14T23:08:43.714525+00:00
560.0,205.3,208.85,207.6,7.0,1923.0,0.47653721710205077,call,2026-12-18,SPY,760.77001953125,2026-09-14T23:08:43.714525+00:00
565.0,200.44,203.98,203.26,63.0,1623.0,0.46802289794921875,call,2026-12-18,SPY,760.77001953125,2026-09-14T23:08:43.714525+00:00
570.0,195.79,199.12,195.77,1.0,5220.0,0.45963064788818364,call,2026-12-18,SPY,760.77001953125,2026-09-14T23:08:43.714525+00:00
575.0,190.71,194.27,198.9,12.0,848.0,0.4513604669189454,call,2026-12-18,SPY,760.77001953125,2026-09-14T23:08:43.714525+00:00
580.0,186.07,189.42,188.85,1.0,1994.0,0.443090285949707,call,2026-12-18,SPY,760.77001953125,2026-09-14T23:08:43.714525+00:00
585.0,181.01,184.57,184.16,9.0,967.0,0.4347590704345704,call,2026-12-18,SPY,760.77001953125,2026-09-14T23:08:43.714525+00:00
590.0,176.14,179.73,177.2,11.0,2450.0,0.4265499240112305,call,2026-12-18,SPY,760.77001953125,2026-09-14T23:08:43.714525+00:00
595.0,171.33,174.84,173.9,2.0,1513.0,0.41760836303710935,call,2026-12-18,SPY,760.77001953125,2026-09-14T23:08:43.714525+00:00
600.0,166.72,170.01,168.82,2.0,4511.0,0.4094602511596679,call,2026-12-18,SPY,760.77001953125,2026-09-14T23:08:43.714525+00:00
605.0,161.9,165.19,167.61,5.0,2756.0,0.4014036911010742,call,2026-12-18,SPY,760.77001953125,2026-09-14T23:08:43.714525+00:00
610.0,157.09,160.38,159.46,8.0,1356.0,0.3934234242248535,call,2026-12-18,SPY,760.77001953125,2026-09-14T23:08:43.714525+00:00
615.0,152.29,155.58,157.3,4.0,1457.0,0.38550419189453117,call,2026-12-18,SPY,760.77001953125,2026-09-14T23:08:43.714525+00:00
620.0,147.49,150.78,149.09,1.0,2741.0,0.3775086663818359,call,2026-12-18,SPY,760.77001953125,2026-09-14T23:08:43.714525+00:00
625.0,142.7,145.99,148.38,46.0,1615.0,0.369574175415039,call,2026-12-18,SPY,760.77001953125,2026-09-14T23:08:43.714525+00:00
630.0,137.93,141.22,140.97,6.0,905.0,0.36179227081298826,call,2026-12-18,SPY,760.77001953125,2026-09-14T23:08:43.714525+00:00
635.0,133.18,136.46,135.32,1.0,1767.0,0.3540408834838866,call,2026-12-18,SPY,760.77001953125,2026-09-14T23:08:43.714525+00:00
640.0,128.41,131.71,129.2,1.0,2238.0,0.3462894961547851,call,2026-12-18,SPY,760.77001953125,2026-09-14T23:08:43.714525+00:00
645.0,123.65,126.97,123.26,10.0,984.0,0.3385533674621582,call,2026-12-18,SPY,760.77001953125,2026-09-14T23:08:43.714525+00:00
650.0,118.94,122.25,121.25,7.0,3495.0,0.33090879058837885,call,2026-12-18,SPY,760.77001953125,2026-09-14T23:08:43.714525+00:00
655.0,114.21,117.55,116.41,15.0,1087.0,0.3233557655334472,call,2026-12-18,SPY,760.77001953125,2026-09-14T23:08:43.714525+00:00
660.0,109.61,112.87,112.96,17.0,1378.0,0.315863775024414,call,2026-12-18,SPY,760.77001953125,2026-09-14T23:08:43.714525+00:00
665.0,104.71,108.21,107.35,1.0,1660.0,0.3084175604248046,call,2026-12-18,SPY,760.77001953125,2026-09-14T23:08:43.714525+00:00
670.0,99.76,103.56,102.24,7.0,2367.0,0.3009103112792969,call,2026-12-18,SPY,760.77001953125,2026-09-14T23:08:43.714525+00:00
675.0,95.67,98.95,97.89,7.0,4304.0,0.29361668304443356,call,2026-12-18,SPY,760.77001953125,2026-09-14T23:08:43.714525+00:00
680.0,91.11,94.36,93.39,41.0,4744.0,0.2862925375366211,call,2026-12-18,SPY,760.77001953125,2026-09-14T23:08:43.714525+00:00
685.0,86.21,89.81,88.94,29.0,2836.0,0.27912097839355465,call,2026-12-18,SPY,760.77001953125,2026-09-14T23:08:43.714525+00:00
690.0,81.48,85.28,81.32,3.0,3426.0,0.27190364334106437,call,2026-12-18,SPY,760.77001953125,2026-09-14T23:08:43.714525+00:00
695.0,76.99,80.79,82.54,15.0,2175.0,0.2647778601074219,call,2026-12-18,SPY,760.77001953125,2026-09-14T23:08:43.714525+00:00
700.0,72.54,76.35,75.15,13.0,9975.0,0.2577894046020508,call,2026-12-18,SPY,760.77001953125,2026-09-14T23:08:43.714525+00:00
705.0,68.14,71.95,73.72,2.0,3574.0,0.25083146636962883,call,2026-12-18,SPY,760.77001953125,2026-09-14T23:08:43.714525+00:00
710.0,63.79,67.6,66.54,6.0,7658.0,0.2439498213195801,call,2026-12-18,SPY,760.77001953125,2026-09-14T23:08:43.714525+00:00
715.0,59.5,63.31,62.15,1.0,2518.0,0.2371749867248535,call,2026-12-18,SPY,760.77001953125,2026-09-14T23:08:43.714525+00:00
720.0,55.26,59.08,58.63,178.0,4397.0,0.2304611866760254,call,2026-12-18,SPY,760.77001953125,2026-09-14T23:08:43.714525+00:00
725.0,51.1,54.92,56.61,11.0,4843.0,0.22383893844604486,call,2026-12-18,SPY,760.77001953125,2026-09-14T23:08:43.714525+00:00
730.0,47.02,50.84,47.27,3.0,8463.0,0.21732350067138673,call,2026-12-18,SPY,760.77001953125,2026-09-14T23:08:43.714525+00:00
735.0,44.65,46.85,45.56,14.0,4567.0,0.21093776130676267,call,2026-12-18,SPY,760.77001953125,2026-09-14T23:08:43.714525+00:00
740.0,39.26,42.95,41.72,28.0,6864.0,0.20461305648803707,call,2026-12-18,SPY,760.77001953125,2026-09-14T23:08:43.714525+00:00
745.0,36.73,37.81,37.84,6.0,8257.0,0.18946123046875002,call,2026-12-18,SPY,760.77001953125,2026-09-14T23:08:43.714525+00:00
750.0,33.11,34.15,34.7,19.0,29717.0,0.1836095433807373,call,2026-12-18,SPY,760.77001953125,2026-09-14T23:08:43.714525+00:00
755.0,29.78,30.62,30.07,37.0,6719.0,0.1778494081115723,call,2026-12-18,SPY,760.77001953125,2026-09-14T23:08:43.714525+00:00
760.0,26.26,27.26,26.74,220.0,13102.0,0.17235629898071292,call,2026-12-18,SPY,760.77001953125,2026-09-14T23:08:43.714525+00:00
765.0,23.57,23.65,23.92,604.0,10583.0,0.16436077346801758,call,2026-12-18,SPY,760.77001953125,2026-09-14T23:08:43.714525+00:00
770.0,20.59,20.68,20.91,1137.0,11279.0,0.15947038047790527,call,2026-12-18,SPY,760.77001953125,2026-09-14T23:08:43.714525+00:00
775.0,17.83,17.91,18.22,367.0,10073.0,0.15477834976196292,call,2026-12-18,SPY,760.77001953125,2026-09-14T23:08:43.714525+00:00
780.0,15.29,15.36,15.65,193.0,28643.0,0.1503686038208008,call,2026-12-18,SPY,760.77001953125,2026-09-14T23:08:43.714525+00:00
785.0,12.98,13.05,13.3,76.0,15352.0,0.14630980651855469,call,2026-12-18,SPY,760.77001953125,2026-09-14T23:08:43.714525+00:00
790.0,10.92,10.99,11.2,284.0,13893.0,0.14266299240112307,call,2026-12-18,SPY,760.77001953125,2026-09-14T23:08:43.714525+00:00
795.0,9.1,9.17,9.36,61.0,9808.0,0.13936712692260744,call,2026-12-18,SPY,760.77001953125,2026-09-14T23:08:43.714525+00:00
800.0,7.53,7.59,7.56,683.0,22758.0,0.13646798599243165,call,2026-12-18,SPY,760.77001953125,2026-09-14T23:08:43.714525+00:00
805.0,6.19,6.23,6.25,145.0,12498.0,0.13391979370117188,call,2026-12-18,SPY,760.77001953125,2026-09-14T23:08:43.714525+00:00
810.0,5.04,5.08,5.07,67.0,22411.0,0.13173780868530272,call,2026-12-18,SPY,760.77001953125,2026-09-14T23:08:43.714525+00:00
815.0,4.08,4.12,4.09,43.0,14688.0,0.12992203094482419,call,2026-12-18,SPY,760.77001953125,2026-09-14T23:08:43.714525+00:00
820.0,3.27,3.31,3.38,165.0,14201.0,0.1282740982055664,call,2026-12-18,SPY,760.77001953125,2026-09-14T23:08:43.714525+00:00
825.0,2.61,2.64,2.7,104.0,13997.0,0.12680926910400392,call,2026-12-18,SPY,760.77001953125,2026-09-14T23:08:43.714525+00:00
830.0,2.07,2.1,2.1,79.0,12097.0,0.12568013000488282,call,2026-12-18,SPY,760.77001953125,2026-09-14T23:08:43.714525+00:00
835.0,1.64,1.66,1.7,16.0,11204.0,0.1247035772705078,call,2026-12-18,SPY,760.77001953125,2026-09-14T23:08:43.714525+00:00
840.0,1.3,1.31,1.33,619.0,8002.0,0.12397116271972657,call,2026-12-18,SPY,760.77001953125,2026-09-14T23:08:43.714525+00:00
845.0,1.03,1.04,1.06,80.0,5013.0,0.12360495544433595,call,2026-12-18,SPY,760.77001953125,2026-09-14T23:08:43.714525+00:00
850.0,0.81,0.83,0.82,307.0,11811.0,0.12360495544433595,call,2026-12-18,SPY,760.77001953125,2026-09-14T23:08:43.714525+00:00
855.0,0.65,0.66,0.7,97.0,4026.0,0.12360495544433595,call,2026-12-18,SPY,760.77001953125,2026-09-14T23:08:43.714525+00:00
860.0,0.52,0.53,0.58,82.0,5141.0,0.12391012817382813,call,2026-12-18,SPY,760.77001953125,2026-09-14T23:08:43.714525+00:00
865.0,0.42,0.43,0.45,1046.0,1718.0,0.1245204736328125,call,2026-12-18,SPY,760.77001953125,2026-09-14T23:08:43.714525+00:00
870.0,0.35,0.36,0.38,44.0,2579.0,0.12574116455078127,call,2026-12-18,SPY,760.77001953125,2026-09-14T23:08:43.714525+00:00
875.0,0.29,0.3,0.29,23.0,3426.0,0.12683978637695312,call,2026-12-18,SPY,760.77001953125,2026-09-14T23:08:43.714525+00:00
880.0,0.24,0.25,0.26,115.0,5505.0,0.127938408203125,call,2026-12-18,SPY,760.77001953125,2026-09-14T23:08:43.714525+00:00
885.0,0.21,0.22,0.22,51.0,3947.0,0.129891513671875,call,2026-12-18,SPY,760.77001953125,2026-09-14T23:08:43.714525+00:00
890.0,0.18,0.19,0.18,1.0,2336.0,0.13160048095703125,call,2026-12-18,SPY,760.77001953125,2026-09-14T23:08:43.714525+00:00
895.0,0.16,0.17,0.16,5.0,1395.0,0.133797724609375,call,2026-12-18,SPY,760.77001953125,2026-09-14T23:08:43.714525+00:00
900.0,0.14,0.15,0.14,44.0,8394.0,0.1355066918945313,call,2026-12-18,SPY,760.77001953125,2026-09-14T23:08:43.714525+00:00
905.0,0.12,0.13,0.22,2.0,2621.0,0.13721565917968753,call,2026-12-18,SPY,760.77001953125,2026-09-14T23:08:43.714525+00:00
910.0,0.11,0.12,0.12,4.0,3931.0,0.139657041015625,call,2026-12-18,SPY,760.77001953125,2026-09-14T23:08:43.714525+00:00
915.0,0.1,0.11,0.1,1.0,2367.0,0.1420984228515625,call,2026-12-18,SPY,760.77001953125,2026-09-14T23:08:43.714525+00:00
920.0,0.09,0.1,0.12,16.0,718.0,0.14405152832031248,call,2026-12-18,SPY,760.77001953125,2026-09-14T23:08:43.714525+00:00
925.0,0.08,0.09,0.15,5.0,1231.0,0.14600463378906248,call,2026-12-18,SPY,760.77001953125,2026-09-14T23:08:43.714525+00:00
930.0,0.07,0.08,0.1,4.0,1713.0,0.14795773925781253,call,2026-12-18,SPY,760.77001953125,2026-09-14T23:08:43.714525+00:00
935.0,0.06,0.07,0.06,1.0,1991.0,0.14917843017578125,call,2026-12-18,SPY,760.77001953125,2026-09-14T23:08:43.714525+00:00
940.0,0.06,0.07,0.07,6.0,433.0,0.15284050292968754,call,2026-12-18,SPY,760.77001953125,2026-09-14T23:08:43.714525+00:00
945.0,0.05,0.06,0.12,3.0,56.0,0.1538170556640625,call,2026-12-18,SPY,760.77001953125,2026-09-14T23:08:43.714525+00:00
950.0,0.05,0.06,0.05,681.0,11410.0,0.15674671386718753,call,2026-12-18,SPY,760.77001953125,2026-09-14T23:08:43.714525+00:00
955.0,0.04,0.05,0.07,1.0,77.0,0.157234990234375,call,2026-12-18,SPY,760.77001953125,2026-09-14T23:08:43.714525+00:00
960.0,0.04,0.05,0.06,1.0,941.0,0.1606529248046875,call,2026-12-18,SPY,760.77001953125,2026-09-14T23:08:43.714525+00:00
965.0,0.03,0.04,0.04,1.0,570.0,0.1601646484375,call,2026-12-18,SPY,760.77001953125,2026-09-14T23:08:43.714525+00:00
970.0,0.03,0.04,0.07,2.0,1019.0,0.16358258300781253,call,2026-12-18,SPY,760.77001953125,2026-09-14T23:08:43.714525+00:00
975.0,0.03,0.04,0.1,5.0,1070.0,0.16700051757812504,call,2026-12-18,SPY,760.77001953125,2026-09-14T23:08:43.714525+00:00
980.0,0.03,0.04,0.04,1.0,1297.0,0.16993017578125003,call,2026-12-18,SPY,760.77001953125,2026-09-14T23:08:43.714525+00:00
985.0,0.02,0.03,0.03,247.0,650.0,0.16895362304687503,call,2026-12-18,SPY,760.77001953125,2026-09-14T23:08:43.714525+00:00
990.0,0.02,0.03,0.05,3.0,868.0,0.17188328125000002,call,2026-12-18,SPY,760.77001953125,2026-09-14T23:08:43.714525+00:00
995.0,0.02,0.03,0.05,6.0,2272.0,0.174812939453125,call,2026-12-18,SPY,760.77001953125,2026-09-14T23:08:43.714525+00:00
1000.0,0.02,0.03,0.02,26.0,2900.0,0.17774259765625,call,2026-12-18,SPY,760.77001953125,2026-09-14T23:08:43.714525+00:00
150.0,0.01,0.02,0.02,548.0,32671.0,0.937500625,put,2026-12-18,SPY,760.77001953125,2026-09-14T23:08:43.714525+00:00
200.0,0.03,0.04,0.04,1061.0,33006.0,0.8242205078124999,put,2026-12-18,SPY,760.77001953125,2026-09-14T23:08:43.714525+00:00
210.0,0.03,0.04,0.05,600.0,4816.0,0.79687703125,put,2026-12-18,SPY,760.77001953125,2026-09-14T23:08:43.714525+00:00
220.0,0.04,0.05,0.05,3.0,2482.0,0.7832052929687501,put,2026-12-18,SPY,760.77001953125,2026-09-14T23:08:43.714525+00:00
230.0,0.05,0.06,0.05,1.0,8359.0,0.7695335546875001,put,2026-12-18,SPY,760.77001953125,2026-09-14T23:08:43.714525+00:00
240.0,0.05,0.06,0.06,2.0,48970.0,0.7421900781249999,put,2026-12-18,SPY,760.77001953125,2026-09-14T23:08:43.714525+00:00
245.0,0.06,0.07,0.05,2.0,521.0,0.7402369726562499,put,2026-12-18,SPY,760.77001953125,2026-09-14T23:08:43.714525+00:00
250.0,0.06,0.07,0.08,7.0,5023.0,0.72851833984375,put,2026-12-18,SPY,760.77001953125,2026-09-14T23:08:43.714525+00:00
255.0,0.07,0.08,0.08,2.0,1440.0,0.7246121289062499,put,2026-12-18,SPY,760.77001953125,2026-09-14T23:08:43.714525+00:00
260.0,0.07,0.08,0.09,1.0,5248.0,0.710940390625,put,2026-12-18,SPY,760.77001953125,2026-09-14T23:08:43.714525+00:00
265.0,0.08,0.09,0.08,12.0,256.0,0.7070341796875,put,2026-12-18,SPY,760.77001953125,2026-09-14T23:08:43.714525+00:00
270.0,0.08,0.09,0.09,1.0,690.0,0.6953155468750001,put,2026-12-18,SPY,760.77001953125,2026-09-14T23:08:43.714525+00:00
275.0,0.09,0.1,0.09,6.0,6351.0,0.6914093359375001,put,2026-12-18,SPY,760.77001953125,2026-09-14T23:08:43.714525+00:00
280.0,0.09,0.1,0.1,250.0,5237.0,0.6796907031250001,put,2026-12-18,SPY,760.77001953125,2026-09-14T23:08:43.714525+00:00
285.0,0.1,0.11,0.11,5.0,1897.0,0.6738313867187502,put,2026-12-18,SPY,760.77001953125,2026-09-14T23:08:43.714525+00:00
290.0,0.1,0.11,0.11,7.0,15179.0,0.6621127539062501,put,2026-12-18,SPY,760.77001953125,2026-09-14T23:08:43.714525+00:00
295.0,0.11,0.12,0.12,33.0,2518.0,0.657229990234375,put,2026-12-18,SPY,760.77001953125,2026-09-14T23:08:43.714525+00:00
300.0,0.12,0.13,0.13,15.0,9212.0,0.6513706738281251,put,2026-12-18,SPY,760.77001953125,2026-09-14T23:08:43.714525+00:00
305.0,0.12,0.13,0.12,6.0,428.0,0.639652041015625,put,2026-12-18,SPY,760.77001953125,2026-09-14T23:08:43.714525+00:00
310.0,0.13,0.14,0.14,136.0,2092.0,0.6337927246093751,put,2026-12-18,SPY,760.77001953125,2026-09-14T23:08:43.714525+00:00
315.0,0.14,0.15,0.15,2.0,928.0,0.6279334082031252,put,2026-12-18,SPY,760.77001953125,2026-09-14T23:08:43.714525+00:00
320.0,0.15,0.16,0.15,26.0,1495.0,0.6210975390625001,put,2026-12-18,SPY,760.77001953125,2026-09-14T23:08:43.714525+00:00
325.0,0.16,0.17,0.16,3.0,3202.0,0.614261669921875,put,2026-12-18,SPY,760.77001953125,2026-09-14T23:08:43.714525+00:00
330.0,0.17,0.18,0.15,12.0,1021.0,0.6079140771484376,put,2026-12-18,SPY,760.77001953125,2026-09-14T23:08:43.714525+00:00
335.0,0.18,0.19,0.17,6.0,263.0,0.6010782080078126,put,2026-12-18,SPY,760.77001953125,2026-09-14T23:08:43.714525+00:00
340.0,0.19,0.2,0.18,5.0,2209.0,0.5937540625000001,put,2026-12-18,SPY,760.77001953125,2026-09-14T23:08:43.714525+00:00
345.0,0.2,0.21,0.19,5.0,1464.0,0.586918193359375,put,2026-12-18,SPY,760.77001953125,2026-09-14T23:08:43.714525+00:00
350.0,0.21,0.22,0.22,10.0,157117.0,0.5800823242187501,put,2026-12-18,SPY,760.77001953125,2026-09-14T23:08:43.714525+00:00
355.0,0.22,0.23,0.22,15.0,1311.0,0.5727581787109376,put,2026-12-18,SPY,760.77001953125,2026-09-14T23:08:43.714525+00:00
360.0,0.23,0.24,0.22,2.0,3440.0,0.5659223095703125,put,2026-12-18,SPY,760.77001953125,2026-09-14T23:08:43.714525+00:00
365.0,0.25,0.26,0.24,2.0,1899.0,0.5610395458984375,put,2026-12-18,SPY,760.77001953125,2026-09-14T23:08:43.714525+00:00
370.0,0.26,0.27,0.25,1.0,2827.0,0.5537154003906251,put,2026-12-18,SPY,760.77001953125,2026-09-14T23:08:43.714525+00:00
375.0,0.28,0.29,0.3,5.0,7728.0,0.5485884985351563,put,2026-12-18,SPY,760.77001953125,2026-09-14T23:08:43.714525+00:00
380.0,0.29,0.3,0.28,6.0,2439.0,0.5410202148437502,put,2026-12-18,SPY,760.77001953125,2026-09-14T23:08:43.714525+00:00
385.0,0.31,0.32,0.29,6.0,3407.0,0.5356491748046875,put,2026-12-18,SPY,760.77001953125,2026-09-14T23:08:43.714525+00:00
390.0,0.32,0.33,0.31,99.0,4335.0,0.5283250292968751,put,2026-12-18,SPY,760.77001953125,2026-09-14T23:08:43.714525+00:00
395.0,0.34,0.35,0.4,1.0,7583.0,0.5224657128906249,put,2026-12-18,SPY,760.77001953125,2026-09-14T23:08:43.714525+00:00
400.0,0.36,0.37,0.35,55.0,28656.0,0.5168505346679688,put,2026-12-18,SPY,760.77001953125,2026-09-14T23:08:43.714525+00:00
405.0,0.38,0.39,0.36,1.0,1247.0,0.5109912182617188,put,2026-12-18,SPY,760.77001953125,2026-09-14T23:08:43.714525+00:00
410.0,0.39,0.4,0.37,1.0,16334.0,0.5034229345703125,put,2026-12-18,SPY,760.77001953125,2026-09-14T23:08:43.714525+00:00
415.0,0.41,0.42,0.4,2.0,5037.0,0.49805189453125004,put,2026-12-18,SPY,760.77001953125,2026-09-14T23:08:43.714525+00:00
420.0,0.43,0.44,0.45,2.0,4664.0,0.4919484399414063,put,2026-12-18,SPY,760.77001953125,2026-09-14T23:08:43.714525+00:00
425.0,0.46,0.47,0.48,130.0,8568.0,0.48682153808593753,put,2026-12-18,SPY,760.77001953125,2026-09-14T23:08:43.714525+00:00
430.0,0.48,0.49,0.47,1.0,2391.0,0.4804739453125,put,2026-12-18,SPY,760.77001953125,2026-09-14T23:08:43.714525+00:00
435.0,0.5,0.51,0.55,1.0,1116.0,0.47412635253906255,put,2026-12-18,SPY,760.77001953125,2026-09-14T23:08:43.714525+00:00
440.0,0.53,0.54,0.5,70.0,645.0,0.4687553125,put,2026-12-18,SPY,760.77001953125,2026-09-14T23:08:43.714525+00:00
445.0,0.55,0.56,0.53,1.0,1850.0,0.4622856506347657,put,2026-12-18,SPY,760.77001953125,2026-09-14T23:08:43.714525+00:00
450.0,0.58,0.59,0.56,84.0,27721.0,0.4567925415039063,put,2026-12-18,SPY,760.77001953125,2026-09-14T23:08:43.714525+00:00
455.0,0.61,0.62,0.59,15.0,851.0,0.45117736328125,put,2026-12-18,SPY,760.77001953125,2026-09-14T23:08:43.714525+00:00
460.0,0.64,0.65,0.58,615.0,2787.0,0.445318046875,put,2026-12-18,SPY,760.77001953125,2026-09-14T23:08:43.714525+00:00
465.0,0.67,0.68,0.62,3.0,1235.0,0.43945873046875,put,2026-12-18,SPY,760.77001953125,2026-09-14T23:08:43.714525+00:00
470.0,0.7,0.71,0.65,62.0,6934.0,0.4335994140625,put,2026-12-18,SPY,760.77001953125,2026-09-14T23:08:43.714525+00:00
475.0,0.73,0.74,0.71,128.0,4562.0,0.4274959594726563,put,2026-12-18,SPY,760.77001953125,2026-09-14T23:08:43.714525+00:00
480.0,0.77,0.78,0.75,21.0,311392.0,0.42212491943359376,put,2026-12-18,SPY,760.77001953125,2026-09-14T23:08:43.714525+00:00
485.0,0.8,0.81,0.74,25.0,3693.0,0.41602146484374997,put,2026-12-18,SPY,760.77001953125,2026-09-14T23:08:43.714525+00:00
490.0,0.84,0.85,0.83,8.0,10975.0,0.4105283557128906,put,2026-12-18,SPY,760.77001953125,2026-09-14T23:08:43.714525+00:00
495.0,0.88,0.89,0.89,6.0,1787.0,0.40491317749023437,put,2026-12-18,SPY,760.77001953125,2026-09-14T23:08:43.714525+00:00
500.0,0.93,0.94,0.89,32.0,18829.0,0.39978627563476565,put,2026-12-18,SPY,760.77001953125,2026-09-14T23:08:43.714525+00:00
505.0,0.97,0.98,1.0,2.0,1847.0,0.3939269592285156,put,2026-12-18,SPY,760.77001953125,2026-09-14T23:08:43.714525+00:00
510.0,1.02,1.03,0.99,10.0,3900.0,0.38867798828125,put,2026-12-18,SPY,760.77001953125,2026-09-14T23:08:43.714525+00:00
515.0,1.06,1.07,1.03,3.0,4587.0,0.38269660278320305,put,2026-12-18,SPY,760.77001953125,2026-09-14T23:08:43.714525+00:00
520.0,1.12,1.13,1.09,13.0,12167.0,0.3776917700195312,put,2026-12-18,SPY,760.77001953125,2026-09-14T23:08:43.714525+00:00
525.0,1.17,1.18,1.17,22.0,5113.0,0.3719545227050781,put,2026-12-18,SPY,760.77001953125,2026-09-14T23:08:43.714525+00:00
530.0,1.22,1.23,1.28,13.0,6062.0,0.366217275390625,put,2026-12-18,SPY,760.77001953125,2026-09-14T23:08:43.714525+00:00
535.0,1.28,1.29,1.27,27.0,3296.0,0.36084623535156246,put,2026-12-18,SPY,760.77001953125,2026-09-14T23:08:43.714525+00:00
540.0,1.35,1.36,1.31,872.0,4662.0,0.35584140258789054,put,2026-12-18,SPY,760.77001953125,2026-09-14T23:08:43.714525+00:00
545.0,1.41,1.42,1.39,3.0,5201.0,0.3502262243652343,put,2026-12-18,SPY,760.77001953125,2026-09-14T23:08:43.714525+00:00
550.0,1.48,1.49,1.57,182.0,14880.0,0.3448551843261719,put,2026-12-18,SPY,760.77001953125,2026-09-14T23:08:43.714525+00:00
555.0,1.55,1.56,1.57,874.0,6015.0,0.3394231097412109,put,2026-12-18,SPY,760.77001953125,2026-09-14T23:08:43.714525+00:00
560.0,1.63,1.64,1.64,174.0,11262.0,0.33423517333984376,put,2026-12-18,SPY,760.77001953125,2026-09-14T23:08:43.714525+00:00
565.0,1.71,1.72,1.66,42.0,2723.0,0.3289251678466796,put,2026-12-18,SPY,760.77001953125,2026-09-14T23:08:43.714525+00:00
570.0,1.79,1.8,1.79,10.0,5038.0,0.32343205871582026,put,2026-12-18,SPY,760.77001953125,2026-09-14T23:08:43.714525+00:00
575.0,1.88,1.89,1.9,128.0,7334.0,0.31818308776855464,put,2026-12-18,SPY,760.77001953125,2026-09-14T23:08:43.714525+00:00
580.0,1.98,1.99,1.96,251.0,10044.0,0.3130561859130859,put,2026-12-18,SPY,760.77001953125,2026-09-14T23:08:43.714525+00:00
585.0,2.08,2.09,2.01,42.0,5760.0,0.3078072149658203,put,2026-12-18,SPY,760.77001953125,2026-09-14T23:08:43.714525+00:00
590.0,2.18,2.2,2.2,385.0,11231.0,0.3026803131103516,put,2026-12-18,SPY,760.77001953125,2026-09-14T23:08:43.714525+00:00
595.0,2.3,2.31,2.32,22.0,4157.0,0.2973703076171874,put,2026-12-18,SPY,760.77001953125,2026-09-14T23:08:43.714525+00:00
600.0,2.42,2.43,2.42,261.0,25451.0,0.29218237121582025,put,2026-12-18,SPY,760.77001953125,2026-09-14T23:08:43.714525+00:00
605.0,2.55,2.56,2.49,315.0,8660.0,0.28705546936035153,put,2026-12-18,SPY,760.77001953125,2026-09-14T23:08:43.714525+00:00
610.0,2.68,2.7,2.69,991.0,158275.0,0.2819896020507812,put,2026-12-18,SPY,760.77001953125,2026-09-14T23:08:43.714525+00:00
615.0,2.83,2.84,2.76,97.0,6011.0,0.27674063110351554,put,2026-12-18,SPY,760.77001953125,2026-09-14T23:08:43.714525+00:00
620.0,2.99,3.0,2.92,37.0,18661.0,0.2717052810668945,put,2026-12-18,SPY,760.77001953125,2026-09-14T23:08:43.714525+00:00
625.0,3.15,3.17,3.08,22.0,24092.0,0.2667004483032227,put,2026-12-18,SPY,760.77001953125,2026-09-14T23:08:43.714525+00:00
630.0,3.33,3.35,3.26,407.0,40268.0,0.26166509826660156,put,2026-12-18,SPY,760.77001953125,2026-09-14T23:08:43.714525+00:00
635.0,3.53,3.54,3.45,634.0,5457.0,0.2565687136840821,put,2026-12-18,SPY,760.77001953125,2026-09-14T23:08:43.714525+00:00
640.0,3.73,3.75,3.65,93.0,10773.0,0.2516249154663086,put,2026-12-18,SPY,760.77001953125,2026-09-14T23:08:43.714525+00:00
645.0,3.95,3.97,3.87,43.0,8052.0,0.24658956542968752,put,2026-12-18,SPY,760.77001953125,2026-09-14T23:08:43.714525+00:00
650.0,4.19,4.21,4.1,13079.0,21190.0,0.24161524993896483,put,2026-12-18,SPY,760.77001953125,2026-09-14T23:08:43.714525+00:00
655.0,4.44,4.47,4.47,83.0,5753.0,0.23667145172119142,put,2026-12-18,SPY,760.77001953125,2026-09-14T23:08:43.714525+00:00
660.0,4.72,4.74,4.62,517.0,135098.0,0.2316361016845703,put,2026-12-18,SPY,760.77001953125,2026-09-14T23:08:43.714525+00:00
665.0,5.01,5.04,4.91,22.0,16905.0,0.22669230346679686,put,2026-12-18,SPY,760.77001953125,2026-09-14T23:08:43.714525+00:00
670.0,5.34,5.36,5.22,1746.0,33433.0,0.22171798797607417,put,2026-12-18,SPY,760.77001953125,2026-09-14T23:08:43.714525+00:00
675.0,5.68,5.71,5.56,168.0,9922.0,0.21678944839477537,put,2026-12-18,SPY,760.77001953125,2026-09-14T23:08:43.714525+00:00
680.0,6.06,6.09,6.04,27.0,12578.0,0.21189142608642575,put,2026-12-18,SPY,760.77001953125,2026-09-14T23:08:43.714525+00:00
685.0,6.47,6.5,6.5,113.0,6478.0,0.20694762786865228,put,2026-12-18,SPY,760.77001953125,2026-09-14T23:08:43.714525+00:00
690.0,6.92,6.95,6.86,665.0,12131.0,0.20209538146972655,put,2026-12-18,SPY,760.77001953125,2026-09-14T23:08:43.714525+00:00
695.0,7.4,7.43,7.24,35.0,11989.0,0.19712106597900392,put,2026-12-18,SPY,760.77001953125,2026-09-14T23:08:43.714525+00:00
700.0,7.93,7.96,7.9,1029.0,37968.0,0.1922230436706543,put,2026-12-18,SPY,760.77001953125,2026-09-14T23:08:43.714525+00:00
705.0,8.5,8.53,8.35,468.0,3807.0,0.18724872817993166,put,2026-12-18,SPY,760.77001953125,2026-09-14T23:08:43.714525+00:00
710.0,9.13,9.16,8.94,382.0,17643.0,0.18233544723510742,put,2026-12-18,SPY,760.77001953125,2026-09-14T23:08:43.714525+00:00
715.0,9.82,9.85,9.61,372.0,4507.0,0.1774374249267578,put,2026-12-18,SPY,760.77001953125,2026-09-14T23:08:43.714525+00:00
720.0,10.57,10.61,10.47,915.0,5942.0,0.17253940261840822,put,2026-12-18,SPY,760.77001953125,2026-09-14T23:08:43.714525+00:00
725.0,11.39,11.45,11.25,300.0,6297.0,0.16768715621948244,put,2026-12-18,SPY,760.77001953125,2026-09-14T23:08:43.714525+00:00
730.0,12.3,12.36,12.24,132.0,16003.0,0.1627357286834717,put,2026-12-18,SPY,760.77001953125,2026-09-14T23:08:43.714525+00:00
735.0,13.31,13.37,13.27,318.0,33542.0,0.15782244773864748,put,2026-12-18,SPY,760.77001953125,2026-09-14T23:08:43.714525+00:00
740.0,14.42,14.49,14.49,251.0,16661.0,0.15294731338500983,put,2026-12-18,SPY,760.77001953125,2026-09-14T23:08:43.714525+00:00
745.0,15.65,15.72,15.32,94.0,5950.0,0.14800351516723637,put,2026-12-18,SPY,760.77001953125,2026-09-14T23:08:43.714525+00:00
750.0,17.02,17.1,17.11,373.0,19546.0,0.1431817860412598,put,2026-12-18,SPY,760.77001953125,2026-09-14T23:08:43.714525+00:00
755.0,18.56,18.63,18.15,1106.0,5766.0,0.1383600569152832,put,2026-12-18,SPY,760.77001953125,2026-09-14T23:08:43.714525+00:00
760.0,20.27,20.34,20.34,3887.0,17943.0,0.1336298796081543,put,2026-12-18,SPY,760.77001953125,2026-09-14T23:08:43.714525+00:00
765.0,22.17,22.24,22.28,692.0,6142.0,0.12894547821044922,put,2026-12-18,SPY,760.77001953125,2026-09-14T23:08:43.714525+00:00
770.0,24.28,24.37,23.85,51.0,7312.0,0.12442892181396485,put,2026-12-18,SPY,760.77001953125,2026-09-14T23:08:43.714525+00:00
775.0,26.05,27.24,26.07,22.0,3364.0,0.1233760758972168,put,2026-12-18,SPY,760.77001953125,2026-09-14T23:08:43.714525+00:00
780.0,27.4,30.71,30.5,480.0,11854.0,0.12503926727294923,put,2026-12-18,SPY,760.77001953125,2026-09-14T23:08:43.714525+00:00
785.0,30.31,33.6,31.5,17.0,1020.0,0.12139245315551758,put,2026-12-18,SPY,760.77001953125,2026-09-14T23:08:43.714525+00:00
790.0,33.7,36.97,34.87,10.0,1206.0,0.11963770996093749,put,2026-12-18,SPY,760.77001953125,2026-09-14T23:08:43.714525+00:00
795.0,37.05,40.54,37.73,1.0,748.0,0.11792874267578124,put,2026-12-18,SPY,760.77001953125,2026-09-14T23:08:43.714525+00:00
800.0,40.94,44.31,43.12,32.0,1998.0,0.11634184448242188,put,2026-12-18,SPY,760.77001953125,2026-09-14T23:08:43.714525+00:00
805.0,45.04,48.51,43.0,20.0,51.0,0.11722684539794923,put,2026-12-18,SPY,760.77001953125,2026-09-14T23:08:43.714525+00:00
810.0,49.46,52.78,42.8,2.0,112.0,0.1176693458557129,put,2026-12-18,SPY,760.77001953125,2026-09-14T23:08:43.714525+00:00
815.0,54.08,57.54,54.75,1.0,37.0,0.1225368508911133,put,2026-12-18,SPY,760.77001953125,2026-09-14T23:08:43.714525+00:00
820.0,58.87,62.27,49.23,6.0,645.0,0.12662616546630856,put,2026-12-18,SPY,760.77001953125,2026-09-14T23:08:43.714525+00:00
825.0,63.77,67.12,53.25,88.0,198.0,0.13176832595825194,put,2026-12-18,SPY,760.77001953125,2026-09-14T23:08:43.714525+00:00
830.0,68.71,72.02,67.95,1.0,626.0,0.1372919523620606,put,2026-12-18,SPY,760.77001953125,2026-09-14T23:08:43.714525+00:00
835.0,73.45,77.01,62.26,52.0,39.0,0.14383790740966795,put,2026-12-18,SPY,760.77001953125,2026-09-14T23:08:43.714525+00:00
840.0,78.44,82.01,70.12,1.0,1.0,0.1503686038208008,put,2026-12-18,SPY,760.77001953125,2026-09-14T23:08:43.714525+00:00
845.0,83.43,87.03,71.74,2.0,0.0,0.15711292114257813,put,2026-12-18,SPY,760.77001953125,2026-09-14T23:08:43.714525+00:00
850.0,88.42,92.08,92.89,12.0,14.0,0.16416241119384767,put,2026-12-18,SPY,760.77001953125,2026-09-14T23:08:43.714525+00:00
855.0,93.42,97.24,89.72,2.0,0.0,0.17276828216552736,put,2026-12-18,SPY,760.77001953125,2026-09-14T23:08:43.714525+00:00
860.0,98.42,102.26,94.7,2.0,0.0,0.17926846130371094,put,2026-12-18,SPY,760.77001953125,2026-09-14T23:08:43.714525+00:00
865.0,103.41,107.26,99.71,2.0,0.0,0.1854024331665039,put,2026-12-18,SPY,760.77001953125,2026-09-14T23:08:43.714525+00:00
870.0,108.41,112.26,104.69,2.0,0.0,0.19147537048339847,put,2026-12-18,SPY,760.77001953125,2026-09-14T23:08:43.714525+00:00
875.0,113.41,117.26,109.71,2.0,0.0,0.19742623870849607,put,2026-12-18,SPY,760.77001953125,2026-09-14T23:08:43.714525+00:00
880.0,118.4,122.25,114.71,2.0,0.0,0.2031634860229492,put,2026-12-18,SPY,760.77001953125,2026-09-14T23:08:43.714525+00:00
885.0,123.4,127.25,119.69,,0.0,0.20899228515624996,put,2026-12-18,SPY,760.77001953125,2026-09-14T23:08:43.714525+00:00
900.0,138.39,142.25,129.64,5.0,22.0,0.22599040618896482,put,2026-12-18,SPY,760.77001953125,2026-09-14T23:08:43.714525+00:00
905.0,143.39,147.24,127.09,1.0,0.0,0.23136144622802735,put,2026-12-18,SPY,760.77001953125,2026-09-14T23:08:43.714525+00:00
910.0,242.52,247.5,252.32,8.0,0.0,0.9447866239166259,put,2026-12-18,SPY,760.77001953125,2026-09-14T23:08:43.714525+00:00
925.0,230.21,235.46,253.05,,0.0,0.792116336669922,put,2026-12-18,SPY,760.77001953125,2026-09-14T23:08:43.714525+00:00
930.0,176.39,179.69,191.5,1.0,0.0,0.3567264035034179,put,2026-12-18,SPY,760.77001953125,2026-09-14T23:08:43.714525+00:00
935.0,241.5,246.39,247.55,1.0,0.0,0.8158435163879394,put,2026-12-18,SPY,760.77001953125,2026-09-14T23:08:43.714525+00:00
965.0,203.56,207.22,198.43,5.0,0.0,0.2930978894042968,put,2026-12-18,SPY,760.77001953125,2026-09-14T23:08:43.714525+00:00
970.0,208.56,212.12,203.41,10.0,0.0,0.2959359957885742,put,2026-12-18,SPY,760.77001953125,2026-09-14T23:08:43.714525+00:00
980.0,218.55,222.21,213.07,,0.0,0.307349455871582,put,2026-12-18,SPY,760.77001953125,2026-09-14T23:08:43.714525+00:00
1000.0,259.33,262.51,251.57,5.0,0.0,0.5519301399230958,put,2026-12-18,SPY,760.77001953125,2026-09-14T23:08:43.714525+00:00
