strike,bid,ask,last_price,volume,open_interest,vendor_implied_volatility,option_type,expiration,ticker,spot,download_timestamp
665.0,104.59,107.74,91.96,3.0,4,0.6049844189453126,call,2026-08-12,SPY,769.739990234375,2026-08-05T21:33:25.711913+00:00
685.0,84.61,87.76,54.97,,4,0.50586431640625,call,2026-08-12,SPY,769.739990234375,2026-08-05T21:33:25.711913+00:00
701.0,68.64,71.79,36.49,,4,0.516606396484375,call,2026-08-12,SPY,769.739990234375,2026-08-05T21:33:25.711913+00:00
705.0,64.64,67.64,67.28,21.0,203,0.48633326171875,call,2026-08-12,SPY,769.739990234375,2026-08-05T21:33:25.711913+00:00
707.0,62.65,66.09,39.48,1.0,1,0.49573258178710944,call,2026-08-12,SPY,769.739990234375,2026-08-05T21:33:25.711913+00:00
710.0,59.66,63.06,67.08,1.0,273,0.47675083801269535,call,2026-08-12,SPY,769.739990234375,2026-08-05T21:33:25.711913+00:00
720.0,49.69,53.18,57.14,6.0,242,0.4222469885253906,call,2026-08-12,SPY,769.739990234375,2026-08-05T21:33:25.711913+00:00
725.0,44.72,48.15,52.15,1.0,183,0.39075316284179684,call,2026-08-12,SPY,769.739990234375,2026-08-05T21:33:25.711913+00:00
726.0,43.72,47.15,15.97,,1,0.3846497082519531,call,2026-08-12,SPY,769.739990234375,2026-08-05T21:33:25.711913+00:00
730.0,39.75,43.27,47.15,1.0,249,0.3645693426513672,call,2026-08-12,SPY,769.739990234375,2026-08-05T21:33:25.711913+00:00
734.0,35.8,38.96,25.57,3.0,7,0.3284979260253906,call,2026-08-12,SPY,769.739990234375,2026-08-05T21:33:25.711913+00:00
735.0,34.84,37.65,32.82,2.0,439,0.3109199768066406,call,2026-08-12,SPY,769.739990234375,2026-08-05T21:33:25.711913+00:00
736.0,33.85,36.69,12.45,25.0,251,0.3062813513183594,call,2026-08-12,SPY,769.739990234375,2026-08-05T21:33:25.711913+00:00
737.0,32.84,36.36,37.64,2.0,46,0.32367619689941396,call,2026-08-12,SPY,769.739990234375,2026-08-05T21:33:25.711913+00:00
738.0,31.86,35.26,34.34,4.0,43,0.31391066955566405,call,2026-08-12,SPY,769.739990234375,2026-08-05T21:33:25.711913+00:00
739.0,30.88,34.28,33.22,7.0,96,0.3081734222412109,call,2026-08-12,SPY,769.739990234375,2026-08-05T21:33:25.711913+00:00
740.0,29.99,32.74,32.42,2.0,1009,0.2833323620605468,call,2026-08-12,SPY,769.739990234375,2026-08-05T21:33:25.711913+00:00
741.0,29.0,31.86,31.55,9.0,246,0.2811961529541015,call,2026-08-12,SPY,769.739990234375,2026-08-05T21:33:25.711913+00:00
742.0,28.02,30.84,26.0,2.0,322,0.27417718017578124,call,2026-08-12,SPY,769.739990234375,2026-08-05T21:33:25.711913+00:00
743.0,27.01,29.88,33.28,1.0,311,0.2691723474121094,call,2026-08-12,SPY,769.739990234375,2026-08-05T21:33:25.711913+00:00
744.0,26.11,28.96,28.67,1.0,137,0.26538820556640624,call,2026-08-12,SPY,769.739990234375,2026-08-05T21:33:25.711913+00:00
745.0,25.11,27.94,27.14,18.0,981,0.2582471636962891,call,2026-08-12,SPY,769.739990234375,2026-08-05T21:33:25.711913+00:00
746.0,24.12,27.01,30.59,1.0,128,0.2539747454833985,call,2026-08-12,SPY,769.739990234375,2026-08-05T21:33:25.711913+00:00
747.0,23.19,26.1,25.88,32.0,165,0.2501906036376953,call,2026-08-12,SPY,769.739990234375,2026-08-05T21:33:25.711913+00:00
748.0,22.21,25.08,25.23,16.0,368,0.24292749267578123,call,2026-08-12,SPY,769.739990234375,2026-08-05T21:33:25.711913+00:00
749.0,21.27,24.12,23.68,4.0,315,0.23743438354492186,call,2026-08-12,SPY,769.739990234375,2026-08-05T21:33:25.711913+00:00
750.0,20.32,23.22,22.03,14.0,280,0.2335892071533203,call,2026-08-12,SPY,769.739990234375,2026-08-05T21:33:25.711913+00:00
751.0,19.41,22.38,22.61,19.0,191,0.23139196350097657,call,2026-08-12,SPY,769.739990234375,2026-08-05T21:33:25.711913+00:00
752.0,18.46,21.46,20.11,7.0,360,0.22669230346679686,call,2026-08-12,SPY,769.739990234375,2026-08-05T21:33:25.711913+00:00
753.0,17.67,19.99,20.22,4.0,182,0.20624573059082027,call,2026-08-12,SPY,769.739990234375,2026-08-05T21:33:25.711913+00:00
754.0,17.14,19.08,18.93,9.0,304,0.2018512432861328,call,2026-08-12,SPY,769.739990234375,2026-08-05T21:33:25.711913+00:00
755.0,16.27,18.18,17.77,62.0,1201,0.1975788250732422,call,2026-08-12,SPY,769.739990234375,2026-08-05T21:33:25.711913+00:00
756.0,15.34,17.3,16.9,52.0,204,0.193642096862793,call,2026-08-12,SPY,769.739990234375,2026-08-05T21:33:25.711913+00:00
757.0,14.53,16.29,14.8,33.0,359,0.1860432958984375,call,2026-08-12,SPY,769.739990234375,2026-08-05T21:33:25.711913+00:00
758.0,13.67,15.57,15.14,26.0,385,0.1859212268066406,call,2026-08-12,SPY,769.739990234375,2026-08-05T21:33:25.711913+00:00
759.0,12.85,14.11,14.25,274.0,559,0.1664512066650391,call,2026-08-12,SPY,769.739990234375,2026-08-05T21:33:25.711913+00:00
760.0,12.42,13.25,12.45,618.0,688,0.1624229266357422,call,2026-08-12,SPY,769.739990234375,2026-08-05T21:33:25.711913+00:00
761.0,11.08,13.09,13.06,6.0,289,0.17545380218505857,call,2026-08-12,SPY,769.739990234375,2026-08-05T21:33:25.711913+00:00
762.0,10.28,12.3,13.02,13.0,233,0.17224948852539065,call,2026-08-12,SPY,769.739990234375,2026-08-05T21:33:25.711913+00:00
763.0,9.49,11.68,10.41,75.0,238,0.17273776489257814,call,2026-08-12,SPY,769.739990234375,2026-08-05T21:33:25.711913+00:00
764.0,8.73,10.56,10.01,112.0,379,0.16120223571777342,call,2026-08-12,SPY,769.739990234375,2026-08-05T21:33:25.711913+00:00
765.0,8.63,10.07,8.63,1567.0,396,0.16394879028320314,call,2026-08-12,SPY,769.739990234375,2026-08-05T21:33:25.711913+00:00
766.0,7.59,9.37,8.28,1603.0,299,0.16138533935546873,call,2026-08-12,SPY,769.739990234375,2026-08-05T21:33:25.711913+00:00
767.0,6.61,8.52,7.92,395.0,228,0.1550377465820313,call,2026-08-12,SPY,769.739990234375,2026-08-05T21:33:25.711913+00:00
768.0,6.0,7.31,7.16,246.0,598,0.14035893829345703,call,2026-08-12,SPY,769.739990234375,2026-08-05T21:33:25.711913+00:00
769.0,5.53,7.23,6.24,306.0,193,0.15021601745605473,call,2026-08-12,SPY,769.739990234375,2026-08-05T21:33:25.711913+00:00
770.0,5.88,5.93,5.71,1171.0,720,0.13269910278320313,call,2026-08-12,SPY,769.739990234375,2026-08-05T21:33:25.711913+00:00
771.0,5.32,5.37,5.37,1121.0,151,0.13086806640624998,call,2026-08-12,SPY,769.739990234375,2026-08-05T21:33:25.711913+00:00
772.0,4.79,4.84,4.8,3116.0,415,0.1290980645751953,call,2026-08-12,SPY,769.739990234375,2026-08-05T21:33:25.711913+00:00
773.0,4.3,4.35,4.28,964.0,197,0.12760271820068358,call,2026-08-12,SPY,769.739990234375,2026-08-05T21:33:25.711913+00:00
774.0,3.84,3.89,3.77,726.0,159,0.1261378890991211,call,2026-08-12,SPY,769.739990234375,2026-08-05T21:33:25.711913+00:00
775.0,3.42,3.46,3.31,2232.0,331,0.1247035772705078,call,2026-08-12,SPY,769.739990234375,2026-08-05T21:33:25.711913+00:00
777.0,2.67,2.71,2.61,1838.0,267,0.1223842645263672,call,2026-08-12,SPY,769.739990234375,2026-08-05T21:33:25.711913+00:00
780.0,1.78,1.81,1.81,1467.0,762,0.11936305450439452,call,2026-08-12,SPY,769.739990234375,2026-08-05T21:33:25.711913+00:00
782.0,1.33,1.36,1.21,308.0,323,0.11798977722167968,call,2026-08-12,SPY,769.739990234375,2026-08-05T21:33:25.711913+00:00
783.0,1.14,1.17,1.1,568.0,418,0.11737943176269532,call,2026-08-12,SPY,769.739990234375,2026-08-05T21:33:25.711913+00:00
784.0,0.97,1.0,0.99,455.0,1423,0.1167080517578125,call,2026-08-12,SPY,769.739990234375,2026-08-05T21:33:25.711913+00:00
785.0,0.83,0.85,0.82,3738.0,3229,0.11609770629882812,call,2026-08-12,SPY,769.739990234375,2026-08-05T21:33:25.711913+00:00
786.0,0.69,0.72,0.7,1084.0,314,0.11560942993164064,call,2026-08-12,SPY,769.739990234375,2026-08-05T21:33:25.711913+00:00
789.0,0.41,0.42,0.44,2214.0,408,0.11390046264648437,call,2026-08-12,SPY,769.739990234375,2026-08-05T21:33:25.711913+00:00
790.0,0.34,0.35,0.34,2702.0,402,0.11353425537109374,call,2026-08-12,SPY,769.739990234375,2026-08-05T21:33:25.711913+00:00
795.0,0.13,0.14,0.11,989.0,86,0.1137783935546875,call,2026-08-12,SPY,769.739990234375,2026-08-05T21:33:25.711913+00:00
810.0,0.03,0.04,0.03,120.0,314,0.14112187011718752,call,2026-08-12,SPY,769.739990234375,2026-08-05T21:33:25.711913+00:00
820.0,0.02,0.03,0.03,392.0,686,0.165047412109375,call,2026-08-12,SPY,769.739990234375,2026-08-05T21:33:25.711913+00:00
825.0,0.02,0.03,0.04,341.0,538,0.179695703125,call,2026-08-12,SPY,769.739990234375,2026-08-05T21:33:25.711913+00:00
830.0,0.02,0.03,0.02,19.0,480,0.19336744140625,call,2026-08-12,SPY,769.739990234375,2026-08-05T21:33:25.711913+00:00
835.0,0.02,0.03,0.03,52.0,70,0.20703917968749996,call,2026-08-12,SPY,769.739990234375,2026-08-05T21:33:25.711913+00:00
840.0,0.02,0.03,0.02,12.0,499,0.22071091796874998,call,2026-08-12,SPY,769.739990234375,2026-08-05T21:33:25.711913+00:00
860.0,0.01,0.02,0.04,503.0,543,0.2617261328125,call,2026-08-12,SPY,769.739990234375,2026-08-05T21:33:25.711913+00:00
865.0,0.01,0.02,0.02,96.0,879,0.273444765625,call,2026-08-12,SPY,769.739990234375,2026-08-05T21:33:25.711913+00:00
870.0,0.01,0.02,0.03,34.0,32,0.28711650390624993,call,2026-08-12,SPY,769.739990234375,2026-08-05T21:33:25.711913+00:00
875.0,0.01,0.02,0.02,116.0,999,0.29883513671874995,call,2026-08-12,SPY,769.739990234375,2026-08-05T21:33:25.711913+00:00
505.0,0.0,0.01,0.02,,99,0.8125018749999999,put,2026-08-12,SPY,769.739990234375,2026-08-05T21:33:25.711913+00:00
510.0,0.0,0.01,0.02,,1780,0.8125018749999999,put,2026-08-12,SPY,769.739990234375,2026-08-05T21:33:25.711913+00:00
515.0,0.0,0.01,0.02,,1681,0.7812521875,put,2026-08-12,SPY,769.739990234375,2026-08-05T21:33:25.711913+00:00
525.0,0.0,0.01,0.02,100.0,100,0.7500025,put,2026-08-12,SPY,769.739990234375,2026-08-05T21:33:25.711913+00:00
530.0,0.0,0.01,0.02,100.0,100,0.73437765625,put,2026-08-12,SPY,769.739990234375,2026-08-05T21:33:25.711913+00:00
540.0,0.0,0.01,0.03,1.0,1,0.6875031250000001,put,2026-08-12,SPY,769.739990234375,2026-08-05T21:33:25.711913+00:00
550.0,0.0,0.01,0.02,373.0,368,0.6562534375000001,put,2026-08-12,SPY,769.739990234375,2026-08-05T21:33:25.711913+00:00
555.0,0.0,0.01,0.01,68.0,363,0.64062859375,put,2026-08-12,SPY,769.739990234375,2026-08-05T21:33:25.711913+00:00
580.0,0.0,0.01,0.01,353.0,7,0.5625043750000001,put,2026-08-12,SPY,769.739990234375,2026-08-05T21:33:25.711913+00:00
605.0,0.0,0.01,0.01,10.0,1,0.507817421875,put,2026-08-12,SPY,769.739990234375,2026-08-05T21:33:25.711913+00:00
625.0,0.01,0.02,0.16,,1,0.4726615234375,put,2026-08-12,SPY,769.739990234375,2026-08-05T21:33:25.711913+00:00
630.0,0.01,0.02,0.02,2.0,125,0.45703667968750006,put,2026-08-12,SPY,769.739990234375,2026-08-05T21:33:25.711913+00:00
635.0,0.01,0.02,0.01,2.0,15,0.437505625,put,2026-08-12,SPY,769.739990234375,2026-08-05T21:33:25.711913+00:00
640.0,0.01,0.02,0.02,2.0,17,0.42188078125,put,2026-08-12,SPY,769.739990234375,2026-08-05T21:33:25.711913+00:00
645.0,0.01,0.02,0.02,31.0,2,0.4062559375,put,2026-08-12,SPY,769.739990234375,2026-08-05T21:33:25.711913+00:00
650.0,0.01,0.02,0.02,1.0,13,0.39063109375,put,2026-08-12,SPY,769.739990234375,2026-08-05T21:33:25.711913+00:00
655.0,0.01,0.02,0.02,9.0,1,0.37500625,put,2026-08-12,SPY,769.739990234375,2026-08-05T21:33:25.711913+00:00
665.0,0.01,0.02,0.06,1.0,11,0.34180345703125,put,2026-08-12,SPY,769.739990234375,2026-08-05T21:33:25.711913+00:00
670.0,0.02,0.03,0.02,113.0,198,0.33789724609375,put,2026-08-12,SPY,769.739990234375,2026-08-05T21:33:25.711913+00:00
675.0,0.02,0.03,0.03,70.0,44,0.32227240234374993,put,2026-08-12,SPY,769.739990234375,2026-08-05T21:33:25.711913+00:00
680.0,0.02,0.03,0.03,193.0,95,0.304694453125,put,2026-08-12,SPY,769.739990234375,2026-08-05T21:33:25.711913+00:00
685.0,0.03,0.04,0.04,3.0,167,0.29688203124999996,put,2026-08-12,SPY,769.739990234375,2026-08-05T21:33:25.711913+00:00
690.0,0.03,0.04,0.04,5.0,280,0.28125718749999995,put,2026-08-12,SPY,769.739990234375,2026-08-05T21:33:25.711913+00:00
695.0,0.03,0.04,0.05,67.0,300,0.26367923828125,put,2026-08-12,SPY,769.739990234375,2026-08-05T21:33:25.711913+00:00
700.0,0.04,0.05,0.07,66.0,574,0.25391371093750004,put,2026-08-12,SPY,769.739990234375,2026-08-05T21:33:25.711913+00:00
701.0,0.04,0.05,0.09,28.0,256,0.2500075,put,2026-08-12,SPY,769.739990234375,2026-08-05T21:33:25.711913+00:00
702.0,0.04,0.05,0.07,21.0,142,0.247077841796875,put,2026-08-12,SPY,769.739990234375,2026-08-05T21:33:25.711913+00:00
703.0,0.04,0.05,0.1,53.0,12,0.243171630859375,put,2026-08-12,SPY,769.739990234375,2026-08-05T21:33:25.711913+00:00
704.0,0.04,0.05,0.05,2.0,76,0.24024197265624997,put,2026-08-12,SPY,769.739990234375,2026-08-05T21:33:25.711913+00:00
705.0,0.04,0.05,0.05,12.0,353,0.23633576171874998,put,2026-08-12,SPY,769.739990234375,2026-08-05T21:33:25.711913+00:00
706.0,0.04,0.05,0.06,7.0,49,0.233406103515625,put,2026-08-12,SPY,769.739990234375,2026-08-05T21:33:25.711913+00:00
707.0,0.04,0.05,0.06,1.0,46,0.229499892578125,put,2026-08-12,SPY,769.739990234375,2026-08-05T21:33:25.711913+00:00
708.0,0.05,0.06,0.11,66.0,65,0.231452998046875,put,2026-08-12,SPY,769.739990234375,2026-08-05T21:33:25.711913+00:00
709.0,0.05,0.06,0.1,1.0,78,0.22754678710937498,put,2026-08-12,SPY,769.739990234375,2026-08-05T21:33:25.711913+00:00
710.0,0.05,0.06,0.06,230.0,462,0.22461712890624996,put,2026-08-12,SPY,769.739990234375,2026-08-05T21:33:25.711913+00:00
711.0,0.05,0.06,0.06,14.0,86,0.22071091796874998,put,2026-08-12,SPY,769.739990234375,2026-08-05T21:33:25.711913+00:00
712.0,0.05,0.06,0.11,1.0,79,0.2172929833984375,put,2026-08-12,SPY,769.739990234375,2026-08-05T21:33:25.711913+00:00
713.0,0.06,0.07,0.12,19.0,119,0.21778125976562498,put,2026-08-12,SPY,769.739990234375,2026-08-05T21:33:25.711913+00:00
714.0,0.06,0.07,0.11,122.0,65,0.21436332519531248,put,2026-08-12,SPY,769.739990234375,2026-08-05T21:33:25.711913+00:00
715.0,0.06,0.07,0.07,218.0,425,0.21094539062499998,put,2026-08-12,SPY,769.739990234375,2026-08-05T21:33:25.711913+00:00
716.0,0.06,0.07,0.16,6.0,31,0.20703917968749996,put,2026-08-12,SPY,769.739990234375,2026-08-05T21:33:25.711913+00:00
717.0,0.07,0.08,0.12,20.0,31,0.20703917968749996,put,2026-08-12,SPY,769.739990234375,2026-08-05T21:33:25.711913+00:00
718.0,0.07,0.08,0.08,86.0,122,0.2036212451171875,put,2026-08-12,SPY,769.739990234375,2026-08-05T21:33:25.711913+00:00
719.0,0.07,0.08,0.16,23.0,59,0.20020331054687499,put,2026-08-12,SPY,769.739990234375,2026-08-05T21:33:25.711913+00:00
720.0,0.08,0.09,0.09,213.0,982,0.1997150341796875,put,2026-08-12,SPY,769.739990234375,2026-08-05T21:33:25.711913+00:00
721.0,0.08,0.09,0.1,81.0,192,0.196297099609375,put,2026-08-12,SPY,769.739990234375,2026-08-05T21:33:25.711913+00:00
722.0,0.08,0.09,0.08,99.0,287,0.192390888671875,put,2026-08-12,SPY,769.739990234375,2026-08-05T21:33:25.711913+00:00
723.0,0.09,0.1,0.1,82.0,138,0.1914143359375,put,2026-08-12,SPY,769.739990234375,2026-08-05T21:33:25.711913+00:00
724.0,0.09,0.1,0.15,121.0,95,0.18799640136718748,put,2026-08-12,SPY,769.739990234375,2026-08-05T21:33:25.711913+00:00
725.0,0.1,0.11,0.11,11.0,570,0.186531572265625,put,2026-08-12,SPY,769.739990234375,2026-08-05T21:33:25.711913+00:00
726.0,0.1,0.11,0.13,8.0,119,0.18311363769531247,put,2026-08-12,SPY,769.739990234375,2026-08-05T21:33:25.711913+00:00
727.0,0.11,0.12,0.17,21.0,59,0.18164880859375,put,2026-08-12,SPY,769.739990234375,2026-08-05T21:33:25.711913+00:00
728.0,0.12,0.13,0.13,7.0,233,0.179695703125,put,2026-08-12,SPY,769.739990234375,2026-08-05T21:33:25.711913+00:00
729.0,0.12,0.13,0.13,2.0,108,0.17603363037109376,put,2026-08-12,SPY,769.739990234375,2026-08-05T21:33:25.711913+00:00
730.0,0.13,0.14,0.12,218.0,833,0.17432466308593753,put,2026-08-12,SPY,769.739990234375,2026-08-05T21:33:25.711913+00:00
731.0,0.14,0.15,0.16,66.0,182,0.17212741943359378,put,2026-08-12,SPY,769.739990234375,2026-08-05T21:33:25.711913+00:00
732.0,0.15,0.16,0.14,25.0,135,0.16993017578125003,put,2026-08-12,SPY,769.739990234375,2026-08-05T21:33:25.711913+00:00
733.0,0.16,0.17,0.17,52.0,56,0.16748879394531252,put,2026-08-12,SPY,769.739990234375,2026-08-05T21:33:25.711913+00:00
734.0,0.17,0.18,0.16,211.0,113,0.16529155029296877,put,2026-08-12,SPY,769.739990234375,2026-08-05T21:33:25.711913+00:00
735.0,0.19,0.2,0.19,252.0,2502,0.16407085937500002,put,2026-08-12,SPY,769.739990234375,2026-08-05T21:33:25.711913+00:00
736.0,0.2,0.21,0.21,90.0,126,0.16138533935546873,put,2026-08-12,SPY,769.739990234375,2026-08-05T21:33:25.711913+00:00
737.0,0.22,0.23,0.22,56.0,2414,0.15992051025390625,put,2026-08-12,SPY,769.739990234375,2026-08-05T21:33:25.711913+00:00
738.0,0.23,0.25,0.25,97.0,260,0.15796740478515625,put,2026-08-12,SPY,769.739990234375,2026-08-05T21:33:25.711913+00:00
739.0,0.25,0.27,0.27,79.0,140,0.15601429931640626,put,2026-08-12,SPY,769.739990234375,2026-08-05T21:33:25.711913+00:00
740.0,0.27,0.29,0.3,592.0,738,0.1538170556640625,put,2026-08-12,SPY,769.739990234375,2026-08-05T21:33:25.711913+00:00
741.0,0.3,0.31,0.31,122.0,88,0.1514977429199219,put,2026-08-12,SPY,769.739990234375,2026-08-05T21:33:25.711913+00:00
742.0,0.32,0.34,0.35,222.0,255,0.14991084472656252,put,2026-08-12,SPY,769.739990234375,2026-08-05T21:33:25.711913+00:00
743.0,0.35,0.37,0.32,98.0,193,0.14795773925781253,put,2026-08-12,SPY,769.739990234375,2026-08-05T21:33:25.711913+00:00
744.0,0.38,0.4,0.4,76.0,197,0.1458825646972656,put,2026-08-12,SPY,769.739990234375,2026-08-05T21:33:25.711913+00:00
745.0,0.42,0.44,0.43,520.0,412,0.14429566650390624,put,2026-08-12,SPY,769.739990234375,2026-08-05T21:33:25.711913+00:00
746.0,0.46,0.47,0.49,693.0,329,0.14173221557617188,put,2026-08-12,SPY,769.739990234375,2026-08-05T21:33:25.711913+00:00
747.0,0.5,0.52,0.52,199.0,490,0.14026738647460937,put,2026-08-12,SPY,769.739990234375,2026-08-05T21:33:25.711913+00:00
748.0,0.55,0.56,0.58,214.0,152,0.13794807373046875,put,2026-08-12,SPY,769.739990234375,2026-08-05T21:33:25.711913+00:00
749.0,0.6,0.62,0.64,802.0,219,0.13648324462890626,put,2026-08-12,SPY,769.739990234375,2026-08-05T21:33:25.711913+00:00
750.0,0.66,0.67,0.65,1519.0,835,0.13416393188476564,put,2026-08-12,SPY,769.739990234375,2026-08-05T21:33:25.711913+00:00
751.0,0.72,0.74,0.75,228.0,160,0.13257703369140628,put,2026-08-12,SPY,769.739990234375,2026-08-05T21:33:25.711913+00:00
752.0,0.79,0.81,0.83,534.0,430,0.13062392822265623,put,2026-08-12,SPY,769.739990234375,2026-08-05T21:33:25.711913+00:00
753.0,0.87,0.89,0.89,994.0,281,0.1287928918457031,put,2026-08-12,SPY,769.739990234375,2026-08-05T21:33:25.711913+00:00
754.0,0.95,0.98,0.98,901.0,966,0.12708392456054687,put,2026-08-12,SPY,769.739990234375,2026-08-05T21:33:25.711913+00:00
755.0,1.05,1.07,1.06,936.0,909,0.12494771545410156,put,2026-08-12,SPY,769.739990234375,2026-08-05T21:33:25.711913+00:00
756.0,1.16,1.18,1.21,1475.0,950,0.12323874816894533,put,2026-08-12,SPY,769.739990234375,2026-08-05T21:33:25.711913+00:00
757.0,1.28,1.3,1.33,2128.0,343,0.12146874633789062,put,2026-08-12,SPY,769.739990234375,2026-08-05T21:33:25.711913+00:00
758.0,1.41,1.43,1.52,1130.0,226,0.11957667541503905,put,2026-08-12,SPY,769.739990234375,2026-08-05T21:33:25.711913+00:00
759.0,1.55,1.58,1.66,754.0,406,0.11792874267578124,put,2026-08-12,SPY,769.739990234375,2026-08-05T21:33:25.711913+00:00
760.0,1.71,1.74,1.71,4693.0,872,0.11609770629882812,put,2026-08-12,SPY,769.739990234375,2026-08-05T21:33:25.711913+00:00
761.0,1.89,1.92,1.99,237.0,248,0.11438873901367189,put,2026-08-12,SPY,769.739990234375,2026-08-05T21:33:25.711913+00:00
762.0,2.09,2.12,2.17,828.0,695,0.11267977172851562,put,2026-08-12,SPY,769.739990234375,2026-08-05T21:33:25.711913+00:00
763.0,2.31,2.34,2.42,2693.0,576,0.11097080444335936,put,2026-08-12,SPY,769.739990234375,2026-08-05T21:33:25.711913+00:00
764.0,2.55,2.58,2.64,331.0,211,0.10920080261230468,put,2026-08-12,SPY,769.739990234375,2026-08-05T21:33:25.711913+00:00
765.0,2.81,2.84,2.97,1655.0,431,0.10733924896240235,put,2026-08-12,SPY,769.739990234375,2026-08-05T21:33:25.711913+00:00
766.0,3.1,3.13,3.23,414.0,163,0.10559976440429686,put,2026-08-12,SPY,769.739990234375,2026-08-05T21:33:25.711913+00:00
805.0,32.43,35.83,34.07,124.0,70,0.19690744506835936,put,2026-08-12,SPY,769.739990234375,2026-08-05T21:33:25.711913+00:00
810.0,37.43,40.83,34.03,87.0,43,0.21778125976562498,put,2026-08-12,SPY,769.739990234375,2026-08-05T21:33:25.711913+00:00
940.0,167.72,170.83,198.72,,0,0.6594272338867189,put,2026-08-12,SPY,769.739990234375,2026-08-05T21:33:25.711913+00:00
360.0,409.8,412.6,395.08,16.0,219,1.7143568969726561,call,2026-08-21,SPY,769.739990234375,2026-08-05T21:33:25.711913+00:00
365.0,404.81,407.6,402.08,12.0,156,1.6867691442871093,call,2026-08-21,SPY,769.739990234375,2026-08-05T21:33:25.711913+00:00
370.0,399.77,402.89,397.11,12.0,6,1.6806656591796876,call,2026-08-21,SPY,769.739990234375,2026-08-05T21:33:25.711913+00:00
375.0,363.8,367.0,288.49,,0,1.0000000000000003e-05,call,2026-08-21,SPY,769.739990234375,2026-08-05T21:33:25.711913+00:00
380.0,389.79,392.91,372.6,,0,1.628419826660156,call,2026-08-21,SPY,769.739990234375,2026-08-05T21:33:25.711913+00:00
395.0,374.82,377.94,354.43,42.0,42,1.5527366113281247,call,2026-08-21,SPY,769.739990234375,2026-08-05T21:33:25.711913+00:00
400.0,369.83,373.35,337.2,1.0,23,1.5571311206054683,call,2026-08-21,SPY,769.739990234375,2026-08-05T21:33:25.711913+00:00
420.0,349.87,352.97,330.08,5.0,8,1.4299344909667968,call,2026-08-21,SPY,769.739990234375,2026-08-05T21:33:25.711913+00:00
425.0,314.12,317.33,327.11,,5,1.0000000000000003e-05,call,2026-08-21,SPY,769.739990234375,2026-08-05T21:33:25.711913+00:00
435.0,304.16,307.38,317.81,3.0,20,1.0000000000000003e-05,call,2026-08-21,SPY,769.739990234375,2026-08-05T21:33:25.711913+00:00
440.0,315.11,317.91,300.25,5.0,9,1.0000000000000003e-05,call,2026-08-21,SPY,769.739990234375,2026-08-05T21:33:25.711913+00:00
445.0,324.92,328.02,294.07,4.0,8,1.3147006921386715,call,2026-08-21,SPY,769.739990234375,2026-08-05T21:33:25.711913+00:00
450.0,319.99,322.77,298.65,3.0,930,1.2795446179199215,call,2026-08-21,SPY,769.739990234375,2026-08-05T21:33:25.711913+00:00
455.0,0.0,0.0,303.47,,0,1.0000000000000003e-05,call,2026-08-21,SPY,769.739990234375,2026-08-05T21:33:25.711913+00:00
460.0,309.96,313.47,295.48,14.0,16,1.2734411328124997,call,2026-08-21,SPY,769.739990234375,2026-08-05T21:33:25.711913+00:00
465.0,0.0,0.0,293.58,2.0,0,1.0000000000000003e-05,call,2026-08-21,SPY,769.739990234375,2026-08-05T21:33:25.711913+00:00
470.0,299.98,303.07,278.18,2.0,13,1.2053262390136719,call,2026-08-21,SPY,769.739990234375,2026-08-05T21:33:25.711913+00:00
475.0,294.99,298.08,265.0,20.0,29,1.1838419714355468,call,2026-08-21,SPY,769.739990234375,2026-08-05T21:33:25.711913+00:00
480.0,290.0,293.51,259.8,3.0,12,1.185550947265625,call,2026-08-21,SPY,769.739990234375,2026-08-05T21:33:25.711913+00:00
485.0,269.13,272.47,260.19,1.0,3,1.0000000000000003e-05,call,2026-08-21,SPY,769.739990234375,2026-08-05T21:33:25.711913+00:00
490.0,280.02,283.54,254.46,1.0,32,1.1430706909179689,call,2026-08-21,SPY,769.739990234375,2026-08-05T21:33:25.711913+00:00
495.0,275.03,278.12,248.28,1.0,1,1.0996138769531252,call,2026-08-21,SPY,769.739990234375,2026-08-05T21:33:25.711913+00:00
500.0,270.07,272.88,277.24,7.0,411,1.067143336181641,call,2026-08-21,SPY,769.739990234375,2026-08-05T21:33:25.711913+00:00
505.0,265.05,268.15,265.02,16.0,6,1.0589646661376955,call,2026-08-21,SPY,769.739990234375,2026-08-05T21:33:25.711913+00:00
510.0,260.06,263.58,244.62,1.0,11,1.059086735839844,call,2026-08-21,SPY,769.739990234375,2026-08-05T21:33:25.711913+00:00
515.0,255.08,258.17,221.4,1.0,37,1.0188037341308593,call,2026-08-21,SPY,769.739990234375,2026-08-05T21:33:25.711913+00:00
520.0,250.09,253.6,223.55,1.0,19,1.018437525024414,call,2026-08-21,SPY,769.739990234375,2026-08-05T21:33:25.711913+00:00
525.0,245.1,248.19,247.8,7.0,24,0.9787599780273439,call,2026-08-21,SPY,769.739990234375,2026-08-05T21:33:25.711913+00:00
530.0,240.11,243.2,214.6,6.0,14,0.9589847851562499,call,2026-08-21,SPY,769.739990234375,2026-08-05T21:33:25.711913+00:00
535.0,235.12,238.21,217.13,1.0,8,0.9392095922851562,call,2026-08-21,SPY,769.739990234375,2026-08-05T21:33:25.711913+00:00
540.0,230.13,233.22,228.71,2.0,6,0.9196785375976562,call,2026-08-21,SPY,769.739990234375,2026-08-05T21:33:25.711913+00:00
545.0,225.19,227.98,195.09,4.0,236,0.8912364392089842,call,2026-08-21,SPY,769.739990234375,2026-08-05T21:33:25.711913+00:00
550.0,220.21,223.0,226.6,1.0,339,0.872926075439453,call,2026-08-21,SPY,769.739990234375,2026-08-05T21:33:25.711913+00:00
555.0,215.22,218.01,217.8,4.0,124,0.8537612280273439,call,2026-08-21,SPY,769.739990234375,2026-08-05T21:33:25.711913+00:00
560.0,210.18,213.27,212.81,9.0,35,0.8431412170410155,call,2026-08-21,SPY,769.739990234375,2026-08-05T21:33:25.711913+00:00
565.0,205.19,208.28,207.01,5.0,37,0.8239763696289062,call,2026-08-21,SPY,769.739990234375,2026-08-05T21:33:25.711913+00:00
570.0,200.2,203.72,203.23,30.0,32,0.8214129187011718,call,2026-08-21,SPY,769.739990234375,2026-08-05T21:33:25.711913+00:00
575.0,195.21,198.73,198.25,30.0,48,0.8022480712890624,call,2026-08-21,SPY,769.739990234375,2026-08-05T21:33:25.711913+00:00
580.0,190.28,193.08,192.82,4.0,359,0.7608666491699221,call,2026-08-21,SPY,769.739990234375,2026-08-05T21:33:25.711913+00:00
585.0,185.24,188.33,187.83,7.0,45,0.7493921545410156,call,2026-08-21,SPY,769.739990234375,2026-08-05T21:33:25.711913+00:00
590.0,180.25,183.76,166.66,1.0,46,0.7453638745117188,call,2026-08-21,SPY,769.739990234375,2026-08-05T21:33:25.711913+00:00
595.0,175.31,178.1,150.74,5.0,555,0.7049590051269532,call,2026-08-21,SPY,769.739990234375,2026-08-05T21:33:25.711913+00:00
600.0,170.3,173.11,173.67,83.0,752,0.6859162268066408,call,2026-08-21,SPY,769.739990234375,2026-08-05T21:33:25.711913+00:00
605.0,165.31,168.12,167.88,2.0,113,0.6677279321289065,call,2026-08-21,SPY,769.739990234375,2026-08-05T21:33:25.711913+00:00
610.0,160.35,163.16,162.93,15.0,454,0.651492742919922,call,2026-08-21,SPY,769.739990234375,2026-08-05T21:33:25.711913+00:00
615.0,155.31,158.4,157.96,12.0,70,0.6391637646484375,call,2026-08-21,SPY,769.739990234375,2026-08-05T21:33:25.711913+00:00
620.0,150.33,153.41,154.69,1.0,74,0.6210975390625001,call,2026-08-21,SPY,769.739990234375,2026-08-05T21:33:25.711913+00:00
625.0,145.36,148.18,151.58,25.0,136,0.5961954443359375,call,2026-08-21,SPY,769.739990234375,2026-08-05T21:33:25.711913+00:00
630.0,140.38,143.19,143.1,21.0,493,0.5783733569335938,call,2026-08-21,SPY,769.739990234375,2026-08-05T21:33:25.711913+00:00
635.0,135.37,138.88,139.62,2.0,99,0.579105771484375,call,2026-08-21,SPY,769.739990234375,2026-08-05T21:33:25.711913+00:00
640.0,130.43,133.22,133.54,5.0,2590,0.5435836657714845,call,2026-08-21,SPY,769.739990234375,2026-08-05T21:33:25.711913+00:00
645.0,125.47,128.25,128.37,2.0,236,0.5269822692871093,call,2026-08-21,SPY,769.739990234375,2026-08-05T21:33:25.711913+00:00
650.0,120.46,123.25,123.05,1.0,792,0.5082446636962892,call,2026-08-21,SPY,769.739990234375,2026-08-05T21:33:25.711913+00:00
651.0,105.85,108.65,89.64,1.0,15,1.0000000000000003e-05,call,2026-08-21,SPY,769.739990234375,2026-08-05T21:33:25.711913+00:00
652.0,118.42,121.54,88.51,1.0,14,0.5074512145996093,call,2026-08-21,SPY,769.739990234375,2026-08-05T21:33:25.711913+00:00
653.0,117.42,120.54,120.2,2.0,3,0.5036670727539063,call,2026-08-21,SPY,769.739990234375,2026-08-05T21:33:25.711913+00:00
654.0,116.42,119.9,119.21,2.0,0,0.5090381127929688,call,2026-08-21,SPY,769.739990234375,2026-08-05T21:33:25.711913+00:00
655.0,115.48,118.26,117.82,4.0,337,0.5542036767578126,call,2026-08-21,SPY,769.739990234375,2026-08-05T21:33:25.711913+00:00
656.0,114.43,117.72,86.16,2.0,12,0.5683026568603515,call,2026-08-21,SPY,769.739990234375,2026-08-05T21:33:25.711913+00:00
657.0,113.43,116.55,89.34,1.0,36,0.5576216113281252,call,2026-08-21,SPY,769.739990234375,2026-08-05T21:33:25.711913+00:00
658.0,112.44,115.95,101.17,2.0,36,0.5687298986816407,call,2026-08-21,SPY,769.739990234375,2026-08-05T21:33:25.711913+00:00
659.0,111.44,114.56,90.41,1.0,17,0.5499312585449221,call,2026-08-21,SPY,769.739990234375,2026-08-05T21:33:25.711913+00:00
660.0,110.5,113.28,113.13,2.0,614,0.5349167602539062,call,2026-08-21,SPY,769.739990234375,2026-08-05T21:33:25.711913+00:00
661.0,109.45,112.74,82.47,3.0,7,0.5485884985351563,call,2026-08-21,SPY,769.739990234375,2026-08-05T21:33:25.711913+00:00
662.0,108.45,111.57,94.49,1.0,29,0.5380905566406251,call,2026-08-21,SPY,769.739990234375,2026-08-05T21:33:25.711913+00:00
663.0,107.46,110.62,82.63,2.0,3,0.5358933129882812,call,2026-08-21,SPY,769.739990234375,2026-08-05T21:33:25.711913+00:00
664.0,106.46,109.75,83.53,1.0,2,0.5366257275390626,call,2026-08-21,SPY,769.739990234375,2026-08-05T21:33:25.711913+00:00
665.0,105.52,108.29,111.29,3.0,1667,0.5152636364746093,call,2026-08-21,SPY,769.739990234375,2026-08-05T21:33:25.711913+00:00
666.0,104.47,107.58,81.51,1.0,64,0.5222215747070311,call,2026-08-21,SPY,769.739990234375,2026-08-05T21:33:25.711913+00:00
667.0,103.47,106.99,76.18,1.0,2,0.5329026202392577,call,2026-08-21,SPY,769.739990234375,2026-08-05T21:33:25.711913+00:00
668.0,102.48,105.59,78.97,2.0,9,0.5144091528320311,call,2026-08-21,SPY,769.739990234375,2026-08-05T21:33:25.711913+00:00
669.0,101.48,104.77,85.34,1.0,3,0.5168505346679688,call,2026-08-21,SPY,769.739990234375,2026-08-05T21:33:25.711913+00:00
670.0,100.51,103.32,105.18,4.0,1750,0.4963429272460938,call,2026-08-21,SPY,769.739990234375,2026-08-05T21:33:25.711913+00:00
671.0,99.49,102.6,85.26,1.0,4,0.5025684509277344,call,2026-08-21,SPY,769.739990234375,2026-08-05T21:33:25.711913+00:00
672.0,98.49,101.61,72.48,3.0,6,0.4989063781738281,call,2026-08-21,SPY,769.739990234375,2026-08-05T21:33:25.711913+00:00
673.0,97.5,100.61,67.42,2.0,35,0.49481706359863287,call,2026-08-21,SPY,769.739990234375,2026-08-05T21:33:25.711913+00:00
674.0,96.5,99.62,70.71,5.0,44,0.4910939562988281,call,2026-08-21,SPY,769.739990234375,2026-08-05T21:33:25.711913+00:00
675.0,95.53,98.33,98.13,9.0,4767,0.47662876892089845,call,2026-08-21,SPY,769.739990234375,2026-08-05T21:33:25.711913+00:00
676.0,94.51,97.62,56.97,1.0,6,0.48291532714843755,call,2026-08-21,SPY,769.739990234375,2026-08-05T21:33:25.711913+00:00
677.0,93.52,96.8,59.39,1.0,5,0.48511257080078124,call,2026-08-21,SPY,769.739990234375,2026-08-05T21:33:25.711913+00:00
678.0,92.52,95.63,55.06,7.0,22,0.4751639398193359,call,2026-08-21,SPY,769.739990234375,2026-08-05T21:33:25.711913+00:00
679.0,91.53,94.81,63.65,4.0,5,0.47723911437988287,call,2026-08-21,SPY,769.739990234375,2026-08-05T21:33:25.711913+00:00
680.0,90.56,93.36,92.86,14.0,2336,0.457585990600586,call,2026-08-21,SPY,769.739990234375,2026-08-05T21:33:25.711913+00:00
681.0,89.54,92.65,58.09,2.0,66,0.46362841064453125,call,2026-08-21,SPY,769.739990234375,2026-08-05T21:33:25.711913+00:00
682.0,88.54,91.66,80.13,1.0,12,0.4598442687988281,call,2026-08-21,SPY,769.739990234375,2026-08-05T21:33:25.711913+00:00
683.0,87.55,90.62,57.38,1.0,18,0.45441219421386714,call,2026-08-21,SPY,769.739990234375,2026-08-05T21:33:25.711913+00:00
684.0,86.55,89.67,60.17,2.0,9,0.45203184692382814,call,2026-08-21,SPY,769.739990234375,2026-08-05T21:33:25.711913+00:00
685.0,85.61,88.38,88.24,9.0,1665,0.4381159704589844,call,2026-08-21,SPY,769.739990234375,2026-08-05T21:33:25.711913+00:00
686.0,84.56,87.68,85.02,1.0,86,0.4441583905029296,call,2026-08-21,SPY,769.739990234375,2026-08-05T21:33:25.711913+00:00
687.0,83.62,86.41,54.73,3.0,102,0.4310969976806641,call,2026-08-21,SPY,769.739990234375,2026-08-05T21:33:25.711913+00:00
688.0,82.6,85.43,53.7,17.0,217,0.42774009765625004,call,2026-08-21,SPY,769.739990234375,2026-08-05T21:33:25.711913+00:00
689.0,81.63,84.41,52.83,8.0,224,0.4229794030761719,call,2026-08-21,SPY,769.739990234375,2026-08-05T21:33:25.711913+00:00
690.0,82.22,82.39,82.9,3.0,5583,0.38269660278320305,call,2026-08-21,SPY,769.739990234375,2026-08-05T21:33:25.711913+00:00
691.0,79.6,82.67,51.38,1.0,15,0.4233456103515625,call,2026-08-21,SPY,769.739990234375,2026-08-05T21:33:25.711913+00:00
692.0,78.6,81.72,78.34,2.0,12,0.4208431939697266,call,2026-08-21,SPY,769.739990234375,2026-08-05T21:33:25.711913+00:00
693.0,77.64,80.48,77.35,2.0,105,0.40906352661132805,call,2026-08-21,SPY,769.739990234375,2026-08-05T21:33:25.711913+00:00
694.0,76.67,79.46,48.47,7.0,288,0.4043638665771484,call,2026-08-21,SPY,769.739990234375,2026-08-05T21:33:25.711913+00:00
695.0,75.68,78.5,77.94,42.0,3173,0.40155627746582034,call,2026-08-21,SPY,769.739990234375,2026-08-05T21:33:25.711913+00:00
696.0,74.71,77.49,46.5,3.0,150,0.39716179016113284,call,2026-08-21,SPY,769.739990234375,2026-08-05T21:33:25.711913+00:00
697.0,73.7,76.49,79.85,7.0,241,0.3930724755859375,call,2026-08-21,SPY,769.739990234375,2026-08-05T21:33:25.711913+00:00
698.0,72.67,75.49,44.44,4.0,494,0.38898316101074215,call,2026-08-21,SPY,769.739990234375,2026-08-05T21:33:25.711913+00:00
699.0,71.68,74.49,73.96,1.0,469,0.3848938464355468,call,2026-08-21,SPY,769.739990234375,2026-08-05T21:33:25.711913+00:00
700.0,72.29,72.47,71.63,1042.0,7186,0.3472355316162109,call,2026-08-21,SPY,769.739990234375,2026-08-05T21:33:25.711913+00:00
701.0,69.73,72.54,72.39,3.0,123,0.3782410809326171,call,2026-08-21,SPY,769.739990234375,2026-08-05T21:33:25.711913+00:00
702.0,68.69,71.76,48.0,6.0,45,0.3807434973144531,call,2026-08-21,SPY,769.739990234375,2026-08-05T21:33:25.711913+00:00
703.0,67.69,70.77,43.96,1.0,24,0.3768983209228516,call,2026-08-21,SPY,769.739990234375,2026-08-05T21:33:25.711913+00:00
704.0,66.71,69.78,40.03,1.0,81,0.37305314453125,call,2026-08-21,SPY,769.739990234375,2026-08-05T21:33:25.711913+00:00
705.0,65.74,68.58,72.36,1.0,3027,0.36298244445800787,call,2026-08-21,SPY,769.739990234375,2026-08-05T21:33:25.711913+00:00
706.0,64.73,67.8,44.59,1.0,51,0.3653017572021484,call,2026-08-21,SPY,769.739990234375,2026-08-05T21:33:25.711913+00:00
707.0,63.74,66.81,52.2,2.0,22,0.3613955462646484,call,2026-08-21,SPY,769.739990234375,2026-08-05T21:33:25.711913+00:00
708.0,62.78,65.63,65.42,100.0,205,0.35205726074218746,call,2026-08-21,SPY,769.739990234375,2026-08-05T21:33:25.711913+00:00
709.0,61.87,64.63,64.84,2.0,531,0.3479069116210937,call,2026-08-21,SPY,769.739990234375,2026-08-05T21:33:25.711913+00:00
710.0,60.8,63.66,61.91,19.0,3939,0.3446110461425781,call,2026-08-21,SPY,769.739990234375,2026-08-05T21:33:25.711913+00:00
711.0,59.84,62.67,47.38,2.0,120,0.3407048352050781,call,2026-08-21,SPY,769.739990234375,2026-08-05T21:33:25.711913+00:00
712.0,58.8,61.88,60.0,1.0,83,0.3423527679443359,call,2026-08-21,SPY,769.739990234375,2026-08-05T21:33:25.711913+00:00
713.0,57.84,60.68,60.49,100.0,110,0.332587240600586,call,2026-08-21,SPY,769.739990234375,2026-08-05T21:33:25.711913+00:00
714.0,56.83,59.91,59.31,1.0,12,0.3346624151611328,call,2026-08-21,SPY,769.739990234375,2026-08-05T21:33:25.711913+00:00
715.0,55.88,58.73,58.71,5.0,1573,0.32556826782226556,call,2026-08-21,SPY,769.739990234375,2026-08-05T21:33:25.711913+00:00
716.0,54.87,57.95,42.54,2.0,89,0.3272467178344727,call,2026-08-21,SPY,769.739990234375,2026-08-05T21:33:25.711913+00:00
717.0,53.89,56.96,57.01,1.0,15,0.3232489550781249,call,2026-08-21,SPY,769.739990234375,2026-08-05T21:33:25.711913+00:00
718.0,52.9,55.98,28.02,1.0,23,0.3194648132324218,call,2026-08-21,SPY,769.739990234375,2026-08-05T21:33:25.711913+00:00
719.0,51.92,55.0,40.93,4.0,37,0.31571118865966785,call,2026-08-21,SPY,769.739990234375,2026-08-05T21:33:25.711913+00:00
720.0,52.57,52.75,53.22,20.0,5318,0.2774120111083984,call,2026-08-21,SPY,769.739990234375,2026-08-05T21:33:25.711913+00:00
721.0,49.97,53.05,52.33,22.0,44,0.3083565258789062,call,2026-08-21,SPY,769.739990234375,2026-08-05T21:33:25.711913+00:00
722.0,49.02,51.89,54.37,1.0,131,0.29999479309082033,call,2026-08-21,SPY,769.739990234375,2026-08-05T21:33:25.711913+00:00
723.0,48.01,51.06,49.89,36.0,52,0.2999337585449219,call,2026-08-21,SPY,769.739990234375,2026-08-05T21:33:25.711913+00:00
724.0,47.06,49.94,49.87,7.0,119,0.2926096130371093,call,2026-08-21,SPY,769.739990234375,2026-08-05T21:33:25.711913+00:00
725.0,46.12,49.01,48.75,5.0,3169,0.2899851275634765,call,2026-08-21,SPY,769.739990234375,2026-08-05T21:33:25.711913+00:00
726.0,45.12,48.02,47.5,3.0,1817,0.2858958129882812,call,2026-08-21,SPY,769.739990234375,2026-08-05T21:33:25.711913+00:00
727.0,44.17,47.01,46.16,7.0,264,0.28125718749999995,call,2026-08-21,SPY,769.739990234375,2026-08-05T21:33:25.711913+00:00
728.0,43.18,46.09,49.26,1.0,134,0.2787852883911133,call,2026-08-21,SPY,769.739990234375,2026-08-05T21:33:25.711913+00:00
729.0,42.24,45.07,43.56,9.0,203,0.27390252471923826,call,2026-08-21,SPY,769.739990234375,2026-08-05T21:33:25.711913+00:00
730.0,42.86,43.03,41.65,37.0,20378,0.2439650799560547,call,2026-08-21,SPY,769.739990234375,2026-08-05T21:33:25.711913+00:00
731.0,40.29,43.17,43.53,16.0,187,0.26734131103515624,call,2026-08-21,SPY,769.739990234375,2026-08-05T21:33:25.711913+00:00
732.0,39.33,42.24,40.89,3.0,317,0.2644726873779296,call,2026-08-21,SPY,769.739990234375,2026-08-05T21:33:25.711913+00:00
733.0,38.39,41.31,40.65,13.0,275,0.2615735464477539,call,2026-08-21,SPY,769.739990234375,2026-08-05T21:33:25.711913+00:00
734.0,37.42,40.34,39.56,22.0,1011,0.2576978527832031,call,2026-08-21,SPY,769.739990234375,2026-08-05T21:33:25.711913+00:00
735.0,38.07,38.25,38.67,138.0,11661,0.22809609802246095,call,2026-08-21,SPY,769.739990234375,2026-08-05T21:33:25.711913+00:00
736.0,35.54,38.41,40.27,5.0,796,0.25012956909179684,call,2026-08-21,SPY,769.739990234375,2026-08-05T21:33:25.711913+00:00
737.0,34.64,37.55,35.24,15.0,2276,0.2485426708984375,call,2026-08-21,SPY,769.739990234375,2026-08-05T21:33:25.711913+00:00
738.0,33.65,36.54,34.25,17.0,2381,0.2436599072265625,call,2026-08-21,SPY,769.739990234375,2026-08-05T21:33:25.711913+00:00
739.0,32.69,35.6,33.32,18.0,1576,0.2402724899291992,call,2026-08-21,SPY,769.739990234375,2026-08-05T21:33:25.711913+00:00
740.0,33.37,33.54,32.71,85.0,9254,0.21280694427490232,call,2026-08-21,SPY,769.739990234375,2026-08-05T21:33:25.711913+00:00
741.0,32.44,32.61,31.5,22.0,5279,0.2098467687988281,call,2026-08-21,SPY,769.739990234375,2026-08-05T21:33:25.711913+00:00
742.0,29.89,32.82,30.56,43.0,2154,0.23056799713134768,call,2026-08-21,SPY,769.739990234375,2026-08-05T21:33:25.711913+00:00
743.0,29.0,31.91,29.64,3.0,2570,0.22754678710937498,call,2026-08-21,SPY,769.739990234375,2026-08-05T21:33:25.711913+00:00
744.0,29.67,29.84,29.79,28.0,5333,0.20099675964355468,call,2026-08-21,SPY,769.739990234375,2026-08-05T21:33:25.711913+00:00
745.0,28.76,28.93,28.96,98.0,12703,0.19818917053222657,call,2026-08-21,SPY,769.739990234375,2026-08-05T21:33:25.711913+00:00
746.0,26.22,29.27,26.94,20.0,2695,0.21982591705322263,call,2026-08-21,SPY,769.739990234375,2026-08-05T21:33:25.711913+00:00
747.0,25.32,28.46,27.36,25.0,2474,0.21839160522460935,call,2026-08-21,SPY,769.739990234375,2026-08-05T21:33:25.711913+00:00
748.0,24.43,27.43,26.85,164.0,3989,0.21277642700195312,call,2026-08-21,SPY,769.739990234375,2026-08-05T21:33:25.711913+00:00
749.0,23.54,26.62,26.08,79.0,3621,0.21112849426269528,call,2026-08-21,SPY,769.739990234375,2026-08-05T21:33:25.711913+00:00
750.0,24.31,24.48,23.7,3556.0,32308,0.18485312225341793,call,2026-08-21,SPY,769.739990234375,2026-08-05T21:33:25.711913+00:00
751.0,21.82,24.91,22.81,51.0,4429,0.2059405578613281,call,2026-08-21,SPY,769.739990234375,2026-08-05T21:33:25.711913+00:00
752.0,22.58,22.75,22.2,160.0,7057,0.17978725494384767,call,2026-08-21,SPY,769.739990234375,2026-08-05T21:33:25.711913+00:00
753.0,20.08,23.22,22.67,22.0,3247,0.20066106964111324,call,2026-08-21,SPY,769.739990234375,2026-08-05T21:33:25.711913+00:00
754.0,20.89,21.06,20.37,101.0,5022,0.17496552581787111,call,2026-08-21,SPY,769.739990234375,2026-08-05T21:33:25.711913+00:00
755.0,20.06,20.22,19.17,183.0,10869,0.17243259216308598,call,2026-08-21,SPY,769.739990234375,2026-08-05T21:33:25.711913+00:00
756.0,19.24,19.41,19.29,36.0,13093,0.17032690032958986,call,2026-08-21,SPY,769.739990234375,2026-08-05T21:33:25.711913+00:00
757.0,18.43,18.6,18.73,41.0,4613,0.16803810485839848,call,2026-08-21,SPY,769.739990234375,2026-08-05T21:33:25.711913+00:00
758.0,16.46,18.65,16.89,30.0,2874,0.1798788067626953,call,2026-08-21,SPY,769.739990234375,2026-08-05T21:33:25.711913+00:00
759.0,15.67,17.96,16.93,34.0,3086,0.1790853576660156,call,2026-08-21,SPY,769.739990234375,2026-08-05T21:33:25.711913+00:00
760.0,16.07,16.24,15.84,709.0,17980,0.1614768911743164,call,2026-08-21,SPY,769.739990234375,2026-08-05T21:33:25.711913+00:00
761.0,14.14,16.5,15.69,17.0,2514,0.17566742309570313,call,2026-08-21,SPY,769.739990234375,2026-08-05T21:33:25.711913+00:00
762.0,13.4,15.94,14.37,67.0,3806,0.1763693203735352,call,2026-08-21,SPY,769.739990234375,2026-08-05T21:33:25.711913+00:00
763.0,12.68,14.8,14.09,128.0,3710,0.16782448394775396,call,2026-08-21,SPY,769.739990234375,2026-08-05T21:33:25.711913+00:00
764.0,12.12,14.33,13.36,138.0,3014,0.1695639685058594,call,2026-08-21,SPY,769.739990234375,2026-08-05T21:33:25.711913+00:00
765.0,12.45,12.59,12.47,762.0,12957,0.15152826019287113,call,2026-08-21,SPY,769.739990234375,2026-08-05T21:33:25.711913+00:00
766.0,10.75,12.66,11.75,55.0,3658,0.1611717184448242,call,2026-08-21,SPY,769.739990234375,2026-08-05T21:33:25.711913+00:00
767.0,10.11,11.88,10.61,123.0,4424,0.15757068023681642,call,2026-08-21,SPY,769.739990234375,2026-08-05T21:33:25.711913+00:00
768.0,9.93,10.97,10.97,163.0,3091,0.15177239837646483,call,2026-08-21,SPY,769.739990234375,2026-08-05T21:33:25.711913+00:00
769.0,9.32,10.54,9.79,323.0,3399,0.15305412384033207,call,2026-08-21,SPY,769.739990234375,2026-08-05T21:33:25.711913+00:00
770.0,9.26,9.37,9.15,7930.0,28968,0.14292238922119144,call,2026-08-21,SPY,769.739990234375,2026-08-05T21:33:25.711913+00:00
771.0,8.66,8.78,8.5,557.0,5151,0.1412744564819336,call,2026-08-21,SPY,769.739990234375,2026-08-05T21:33:25.711913+00:00
772.0,8.09,8.22,7.87,1327.0,4563,0.13984014465332031,call,2026-08-21,SPY,769.739990234375,2026-08-05T21:33:25.711913+00:00
773.0,7.56,7.68,7.55,347.0,7465,0.13843635009765626,call,2026-08-21,SPY,769.739990234375,2026-08-05T21:33:25.711913+00:00
774.0,7.01,7.16,6.64,858.0,3062,0.13706307281494146,call,2026-08-21,SPY,769.739990234375,2026-08-05T21:33:25.711913+00:00
775.0,6.57,6.67,6.6,22513.0,56680,0.1358728991699219,call,2026-08-21,SPY,769.739990234375,2026-08-05T21:33:25.711913+00:00
776.0,6.09,6.19,5.89,3048.0,5160,0.1345606564331055,call,2026-08-21,SPY,769.739990234375,2026-08-05T21:33:25.711913+00:00
777.0,5.65,5.74,5.67,2183.0,5313,0.13340100006103517,call,2026-08-21,SPY,769.739990234375,2026-08-05T21:33:25.711913+00:00
778.0,5.22,5.31,4.77,1645.0,4599,0.13227186096191407,call,2026-08-21,SPY,769.739990234375,2026-08-05T21:33:25.711913+00:00
779.0,4.81,4.9,4.84,3480.0,3815,0.13114272186279297,call,2026-08-21,SPY,769.739990234375,2026-08-05T21:33:25.711913+00:00
780.0,4.43,4.51,4.47,3695.0,25372,0.1300441000366211,call,2026-08-21,SPY,769.739990234375,2026-08-05T21:33:25.711913+00:00
781.0,4.06,4.15,4.0,360.0,1470,0.1290980645751953,call,2026-08-21,SPY,769.739990234375,2026-08-05T21:33:25.711913+00:00
782.0,3.72,3.8,3.43,2594.0,4153,0.12806047729492187,call,2026-08-21,SPY,769.739990234375,2026-08-05T21:33:25.711913+00:00
783.0,3.4,3.46,3.28,3872.0,2221,0.12680926910400392,call,2026-08-21,SPY,769.739990234375,2026-08-05T21:33:25.711913+00:00
784.0,3.1,3.16,3.11,850.0,1909,0.125985302734375,call,2026-08-21,SPY,769.739990234375,2026-08-05T21:33:25.711913+00:00
785.0,2.85,2.88,2.85,10492.0,79505,0.1251918536376953,call,2026-08-21,SPY,769.739990234375,2026-08-05T21:33:25.711913+00:00
786.0,2.57,2.62,2.32,402.0,2932,0.12445943908691406,call,2026-08-21,SPY,769.739990234375,2026-08-05T21:33:25.711913+00:00
787.0,2.32,2.37,2.2,512.0,1224,0.1235439208984375,call,2026-08-21,SPY,769.739990234375,2026-08-05T21:33:25.711913+00:00
788.0,2.1,2.15,2.05,415.0,2041,0.12299460998535157,call,2026-08-21,SPY,769.739990234375,2026-08-05T21:33:25.711913+00:00
789.0,1.89,1.93,1.72,493.0,1139,0.12201805725097657,call,2026-08-21,SPY,769.739990234375,2026-08-05T21:33:25.711913+00:00
790.0,1.71,1.74,1.65,2655.0,17119,0.1214382290649414,call,2026-08-21,SPY,769.739990234375,2026-08-05T21:33:25.711913+00:00
791.0,1.52,1.56,1.5,172.0,1112,0.12073633178710938,call,2026-08-21,SPY,769.739990234375,2026-08-05T21:33:25.711913+00:00
792.0,1.37,1.4,1.23,232.0,2049,0.12018702087402343,call,2026-08-21,SPY,769.739990234375,2026-08-05T21:33:25.711913+00:00
793.0,1.22,1.25,1.11,509.0,1529,0.11957667541503905,call,2026-08-21,SPY,769.739990234375,2026-08-05T21:33:25.711913+00:00
794.0,1.09,1.12,1.0,78.0,1332,0.11921046813964843,call,2026-08-21,SPY,769.739990234375,2026-08-05T21:33:25.711913+00:00
795.0,0.97,1.0,0.94,20793.0,21607,0.11878322631835936,call,2026-08-21,SPY,769.739990234375,2026-08-05T21:33:25.711913+00:00
796.0,0.86,0.89,0.98,354.0,1113,0.11835598449707031,call,2026-08-21,SPY,769.739990234375,2026-08-05T21:33:25.711913+00:00
797.0,0.76,0.78,0.71,744.0,1057,0.11756253540039063,call,2026-08-21,SPY,769.739990234375,2026-08-05T21:33:25.711913+00:00
798.0,0.67,0.7,0.64,953.0,1363,0.11756253540039063,call,2026-08-21,SPY,769.739990234375,2026-08-05T21:33:25.711913+00:00
799.0,0.6,0.62,0.54,812.0,1426,0.11725736267089844,call,2026-08-21,SPY,769.739990234375,2026-08-05T21:33:25.711913+00:00
800.0,0.53,0.54,0.54,6587.0,21001,0.11658598266601564,call,2026-08-21,SPY,769.739990234375,2026-08-05T21:33:25.711913+00:00
805.0,0.29,0.31,0.29,1168.0,10681,0.11731839721679688,call,2026-08-21,SPY,769.739990234375,2026-08-05T21:33:25.711913+00:00
810.0,0.17,0.18,0.17,3136.0,14849,0.11890529541015624,call,2026-08-21,SPY,769.739990234375,2026-08-05T21:33:25.711913+00:00
815.0,0.11,0.12,0.12,2912.0,3430,0.12329978271484376,call,2026-08-21,SPY,769.739990234375,2026-08-05T21:33:25.711913+00:00
820.0,0.08,0.09,0.08,626.0,11517,0.1294032373046875,call,2026-08-21,SPY,769.739990234375,2026-08-05T21:33:25.711913+00:00
825.0,0.07,0.08,0.06,533.0,20986,0.13770393554687502,call,2026-08-21,SPY,769.739990234375,2026-08-05T21:33:25.711913+00:00
830.0,0.06,0.07,0.06,899.0,13869,0.14600463378906248,call,2026-08-21,SPY,769.739990234375,2026-08-05T21:33:25.711913+00:00
835.0,0.05,0.06,0.04,280.0,2224,0.15332877929687502,call,2026-08-21,SPY,769.739990234375,2026-08-05T21:33:25.711913+00:00
840.0,0.04,0.05,0.04,532.0,4917,0.1596763720703125,call,2026-08-21,SPY,769.739990234375,2026-08-05T21:33:25.711913+00:00
845.0,0.04,0.05,0.05,292.0,5471,0.16895362304687503,call,2026-08-21,SPY,769.739990234375,2026-08-05T21:33:25.711913+00:00
850.0,0.03,0.04,0.04,365.0,11394,0.174812939453125,call,2026-08-21,SPY,769.739990234375,2026-08-05T21:33:25.711913+00:00
855.0,0.03,0.04,0.05,364.0,1682,0.18360191406249998,call,2026-08-21,SPY,769.739990234375,2026-08-05T21:33:25.711913+00:00
860.0,0.03,0.04,0.07,120.0,7077,0.192390888671875,call,2026-08-21,SPY,769.739990234375,2026-08-05T21:33:25.711913+00:00
870.0,0.02,0.03,0.02,16.0,5620,0.20508607421874997,call,2026-08-21,SPY,769.739990234375,2026-08-05T21:33:25.711913+00:00
880.0,0.02,0.03,0.02,14.0,4523,0.22168747070312497,call,2026-08-21,SPY,769.739990234375,2026-08-05T21:33:25.711913+00:00
890.0,0.01,0.02,0.02,476.0,7099,0.22852333984375,call,2026-08-21,SPY,769.739990234375,2026-08-05T21:33:25.711913+00:00
900.0,0.01,0.02,0.02,4226.0,9170,0.2461012890625,call,2026-08-21,SPY,769.739990234375,2026-08-05T21:33:25.711913+00:00
905.0,0.01,0.02,0.04,16.0,5464,0.25391371093750004,call,2026-08-21,SPY,769.739990234375,2026-08-05T21:33:25.711913+00:00
910.0,0.01,0.02,0.03,2107.0,17527,0.2617261328125,call,2026-08-21,SPY,769.739990234375,2026-08-05T21:33:25.711913+00:00
915.0,0.01,0.02,0.01,862.0,3822,0.2695385546875,call,2026-08-21,SPY,769.739990234375,2026-08-05T21:33:25.711913+00:00
920.0,0.01,0.02,0.02,686.0,6254,0.27735097656249996,call,2026-08-21,SPY,769.739990234375,2026-08-05T21:33:25.711913+00:00
925.0,0.01,0.02,0.02,315.0,2859,0.28516339843749994,call,2026-08-21,SPY,769.739990234375,2026-08-05T21:33:25.711913+00:00
930.0,0.01,0.02,0.02,3425.0,5710,0.2910227148437499,call,2026-08-21,SPY,769.739990234375,2026-08-05T21:33:25.711913+00:00
935.0,0.01,0.02,0.01,3165.0,2833,0.29883513671874995,call,2026-08-21,SPY,769.739990234375,2026-08-05T21:33:25.711913+00:00
940.0,0.01,0.02,0.01,275.0,6057,0.30664755859375,call,2026-08-21,SPY,769.739990234375,2026-08-05T21:33:25.711913+00:00
945.0,0.0,0.01,0.01,444.0,4060,0.29688203124999996,call,2026-08-21,SPY,769.739990234375,2026-08-05T21:33:25.711913+00:00
950.0,0.0,0.01,0.01,2085.0,5319,0.304694453125,call,2026-08-21,SPY,769.739990234375,2026-08-05T21:33:25.711913+00:00
955.0,0.0,0.01,0.01,42.0,32793,0.31250687499999996,call,2026-08-21,SPY,769.739990234375,2026-08-05T21:33:25.711913+00:00
960.0,0.0,0.01,0.01,590.0,1188,0.31641308593749995,call,2026-08-21,SPY,769.739990234375,2026-08-05T21:33:25.711913+00:00
965.0,0.0,0.01,0.01,482.0,4107,0.3242255078124999,call,2026-08-21,SPY,769.739990234375,2026-08-05T21:33:25.711913+00:00
970.0,0.0,0.01,0.01,379.0,4010,0.3320379296875,call,2026-08-21,SPY,769.739990234375,2026-08-05T21:33:25.711913+00:00
975.0,0.0,0.01,0.01,379.0,4256,0.335944140625,call,2026-08-21,SPY,769.739990234375,2026-08-05T21:33:25.711913+00:00
980.0,0.0,0.01,0.01,242.0,5932,0.3437565625,call,2026-08-21,SPY,769.739990234375,2026-08-05T21:33:25.711913+00:00
985.0,0.0,0.01,0.01,44.0,4155,0.35156898437499995,call,2026-08-21,SPY,769.739990234375,2026-08-05T21:33:25.711913+00:00
990.0,0.0,0.01,0.01,651.0,4480,0.35938140625,call,2026-08-21,SPY,769.739990234375,2026-08-05T21:33:25.711913+00:00
995.0,0.0,0.01,0.01,40.0,4034,0.3632876171875,call,2026-08-21,SPY,769.739990234375,2026-08-05T21:33:25.711913+00:00
1000.0,0.0,0.01,0.01,3.0,3928,0.3711000390625,call,2026-08-21,SPY,769.739990234375,2026-08-05T21:33:25.711913+00:00
360.0,0.0,0.01,0.01,3.0,26722,0.98437515625,put,2026-08-21,SPY,769.739990234375,2026-08-05T21:33:25.711913+00:00
365.0,0.0,0.01,0.01,607.0,9189,0.9687503125,put,2026-08-21,SPY,769.739990234375,2026-08-05T21:33:25.711913+00:00
370.0,0.0,0.01,0.01,8.0,15599,0.9531254687499999,put,2026-08-21,SPY,769.739990234375,2026-08-05T21:33:25.711913+00:00
375.0,0.0,0.01,0.01,1208.0,6782,0.937500625,put,2026-08-21,SPY,769.739990234375,2026-08-05T21:33:25.711913+00:00
380.0,0.0,0.01,0.01,6.0,11597,0.92187578125,put,2026-08-21,SPY,769.739990234375,2026-08-05T21:33:25.711913+00:00
385.0,0.0,0.01,0.01,12.0,5429,0.9062509375,put,2026-08-21,SPY,769.739990234375,2026-08-05T21:33:25.711913+00:00
390.0,0.0,0.01,0.01,4.0,5900,0.87500125,put,2026-08-21,SPY,769.739990234375,2026-08-05T21:33:25.711913+00:00
395.0,0.0,0.01,0.01,3628.0,9015,0.87500125,put,2026-08-21,SPY,769.739990234375,2026-08-05T21:33:25.711913+00:00
400.0,0.0,0.01,0.01,3540.0,21288,0.8437515624999999,put,2026-08-21,SPY,769.739990234375,2026-08-05T21:33:25.711913+00:00
405.0,0.0,0.01,0.01,81.0,6535,0.8437515624999999,put,2026-08-21,SPY,769.739990234375,2026-08-05T21:33:25.711913+00:00
410.0,0.0,0.01,0.01,300.0,10409,0.8281267187499999,put,2026-08-21,SPY,769.739990234375,2026-08-05T21:33:25.711913+00:00
415.0,0.0,0.01,0.01,500.0,1773,0.8125018749999999,put,2026-08-21,SPY,769.739990234375,2026-08-05T21:33:25.711913+00:00
420.0,0.0,0.01,0.01,990.0,1635,0.79687703125,put,2026-08-21,SPY,769.739990234375,2026-08-05T21:33:25.711913+00:00
425.0,0.0,0.01,0.01,301.0,4667,0.7812521875,put,2026-08-21,SPY,769.739990234375,2026-08-05T21:33:25.711913+00:00
430.0,0.0,0.01,0.01,1741.0,11124,0.7656273437500001,put,2026-08-21,SPY,769.739990234375,2026-08-05T21:33:25.711913+00:00
435.0,0.0,0.01,0.01,25.0,3951,0.7500025,put,2026-08-21,SPY,769.739990234375,2026-08-05T21:33:25.711913+00:00
440.0,0.0,0.01,0.01,6.0,101612,0.73437765625,put,2026-08-21,SPY,769.739990234375,2026-08-05T21:33:25.711913+00:00
445.0,0.01,0.02,0.01,2.0,1831,0.7812521875,put,2026-08-21,SPY,769.739990234375,2026-08-05T21:33:25.711913+00:00
450.0,0.01,0.02,0.01,4.0,11731,0.7656273437500001,put,2026-08-21,SPY,769.739990234375,2026-08-05T21:33:25.711913+00:00
455.0,0.01,0.02,0.02,1.0,816,0.7500025,put,2026-08-21,SPY,769.739990234375,2026-08-05T21:33:25.711913+00:00
460.0,0.01,0.02,0.01,1.0,1205,0.73437765625,put,2026-08-21,SPY,769.739990234375,2026-08-05T21:33:25.711913+00:00
465.0,0.01,0.02,0.02,1.0,2110,0.7187528125,put,2026-08-21,SPY,769.739990234375,2026-08-05T21:33:25.711913+00:00
470.0,0.01,0.02,0.01,1.0,102861,0.7070341796875,put,2026-08-21,SPY,769.739990234375,2026-08-05T21:33:25.711913+00:00
475.0,0.01,0.02,0.02,10.0,1624,0.6953155468750001,put,2026-08-21,SPY,769.739990234375,2026-08-05T21:33:25.711913+00:00
480.0,0.01,0.02,0.01,1.0,6834,0.6796907031250001,put,2026-08-21,SPY,769.739990234375,2026-08-05T21:33:25.711913+00:00
485.0,0.01,0.02,0.02,480.0,1809,0.6640658593750002,put,2026-08-21,SPY,769.739990234375,2026-08-05T21:33:25.711913+00:00
490.0,0.01,0.02,0.02,119.0,1560,0.648441015625,put,2026-08-21,SPY,769.739990234375,2026-08-05T21:33:25.711913+00:00
495.0,0.01,0.02,0.02,36.0,2572,0.6367223828125,put,2026-08-21,SPY,769.739990234375,2026-08-05T21:33:25.711913+00:00
500.0,0.01,0.02,0.01,378.0,10667,0.6250037500000001,put,2026-08-21,SPY,769.739990234375,2026-08-05T21:33:25.711913+00:00
505.0,0.01,0.02,0.02,4.0,1537,0.6093789062500001,put,2026-08-21,SPY,769.739990234375,2026-08-05T21:33:25.711913+00:00
510.0,0.01,0.02,0.02,1.0,3982,0.5937540625000001,put,2026-08-21,SPY,769.739990234375,2026-08-05T21:33:25.711913+00:00
515.0,0.01,0.02,0.03,5.0,5499,0.585941640625,put,2026-08-21,SPY,769.739990234375,2026-08-05T21:33:25.711913+00:00
520.0,0.01,0.02,0.02,1532.0,206399,0.570316796875,put,2026-08-21,SPY,769.739990234375,2026-08-05T21:33:25.711913+00:00
525.0,0.02,0.03,0.02,1617.0,7973,0.5820354296875,put,2026-08-21,SPY,769.739990234375,2026-08-05T21:33:25.711913+00:00
530.0,0.02,0.03,0.02,128.0,7377,0.5664105859375,put,2026-08-21,SPY,769.739990234375,2026-08-05T21:33:25.711913+00:00
535.0,0.02,0.03,0.03,170.0,5267,0.5546919531250001,put,2026-08-21,SPY,769.739990234375,2026-08-05T21:33:25.711913+00:00
540.0,0.02,0.03,0.03,2.0,14166,0.5390671093750001,put,2026-08-21,SPY,769.739990234375,2026-08-05T21:33:25.711913+00:00
545.0,0.02,0.03,0.03,45.0,1578,0.5273484765625001,put,2026-08-21,SPY,769.739990234375,2026-08-05T21:33:25.711913+00:00
550.0,0.02,0.03,0.03,183.0,216823,0.51562984375,put,2026-08-21,SPY,769.739990234375,2026-08-05T21:33:25.711913+00:00
555.0,0.02,0.03,0.02,8.0,4613,0.500005,put,2026-08-21,SPY,769.739990234375,2026-08-05T21:33:25.711913+00:00
560.0,0.02,0.03,0.03,3.0,7657,0.49609878906250005,put,2026-08-21,SPY,769.739990234375,2026-08-05T21:33:25.711913+00:00
565.0,0.03,0.04,0.02,40.0,4680,0.49609878906250005,put,2026-08-21,SPY,769.739990234375,2026-08-05T21:33:25.711913+00:00
570.0,0.03,0.04,0.04,24.0,2981,0.48438015625,put,2026-08-21,SPY,769.739990234375,2026-08-05T21:33:25.711913+00:00
575.0,0.03,0.04,0.03,1.0,3105,0.47070841796875,put,2026-08-21,SPY,769.739990234375,2026-08-05T21:33:25.711913+00:00
580.0,0.03,0.04,0.05,43.0,2772,0.45703667968750006,put,2026-08-21,SPY,769.739990234375,2026-08-05T21:33:25.711913+00:00
585.0,0.03,0.04,0.04,11.0,3405,0.445318046875,put,2026-08-21,SPY,769.739990234375,2026-08-05T21:33:25.711913+00:00
590.0,0.03,0.04,0.03,11.0,3197,0.43164630859375,put,2026-08-21,SPY,769.739990234375,2026-08-05T21:33:25.711913+00:00
595.0,0.04,0.05,0.04,57.0,4014,0.42774009765625004,put,2026-08-21,SPY,769.739990234375,2026-08-05T21:33:25.711913+00:00
600.0,0.04,0.05,0.05,364.0,120100,0.41602146484374997,put,2026-08-21,SPY,769.739990234375,2026-08-05T21:33:25.711913+00:00
605.0,0.04,0.05,0.04,93.0,11897,0.4023497265625,put,2026-08-21,SPY,769.739990234375,2026-08-05T21:33:25.711913+00:00
610.0,0.04,0.05,0.05,19.0,3999,0.39063109375,put,2026-08-21,SPY,769.739990234375,2026-08-05T21:33:25.711913+00:00
615.0,0.05,0.06,0.05,91.0,49332,0.38477177734374995,put,2026-08-21,SPY,769.739990234375,2026-08-05T21:33:25.711913+00:00
620.0,0.05,0.06,0.06,198.0,13299,0.372076591796875,put,2026-08-21,SPY,769.739990234375,2026-08-05T21:33:25.711913+00:00
625.0,0.05,0.06,0.06,159.0,7017,0.35938140625,put,2026-08-21,SPY,769.739990234375,2026-08-05T21:33:25.711913+00:00
630.0,0.06,0.07,0.07,200.0,109153,0.352545537109375,put,2026-08-21,SPY,769.739990234375,2026-08-05T21:33:25.711913+00:00
635.0,0.06,0.07,0.07,705.0,15549,0.3398503515625,put,2026-08-21,SPY,769.739990234375,2026-08-05T21:33:25.711913+00:00
640.0,0.06,0.07,0.07,192.0,8609,0.32813171874999997,put,2026-08-21,SPY,769.739990234375,2026-08-05T21:33:25.711913+00:00
645.0,0.07,0.08,0.08,74.0,4379,0.3193427441406249,put,2026-08-21,SPY,769.739990234375,2026-08-05T21:33:25.711913+00:00
650.0,0.07,0.08,0.08,308.0,24292,0.30713583496093744,put,2026-08-21,SPY,769.739990234375,2026-08-05T21:33:25.711913+00:00
651.0,0.08,0.09,0.08,44.0,1033,0.3086006640625,put,2026-08-21,SPY,769.739990234375,2026-08-05T21:33:25.711913+00:00
652.0,0.08,0.09,0.08,42.0,3761,0.3061592822265625,put,2026-08-21,SPY,769.739990234375,2026-08-05T21:33:25.711913+00:00
653.0,0.08,0.09,0.09,3.0,754,0.30371790039062496,put,2026-08-21,SPY,769.739990234375,2026-08-05T21:33:25.711913+00:00
654.0,0.08,0.09,0.12,10.0,456,0.3007882421875,put,2026-08-21,SPY,769.739990234375,2026-08-05T21:33:25.711913+00:00
655.0,0.08,0.09,0.08,16.0,10284,0.29883513671874995,put,2026-08-21,SPY,769.739990234375,2026-08-05T21:33:25.711913+00:00
656.0,0.08,0.09,0.09,109.0,1377,0.295905478515625,put,2026-08-21,SPY,769.739990234375,2026-08-05T21:33:25.711913+00:00
657.0,0.08,0.09,0.1,1.0,4055,0.2934640966796874,put,2026-08-21,SPY,769.739990234375,2026-08-05T21:33:25.711913+00:00
658.0,0.08,0.09,0.14,266.0,797,0.2910227148437499,put,2026-08-21,SPY,769.739990234375,2026-08-05T21:33:25.711913+00:00
659.0,0.09,0.1,0.1,2.0,1087,0.2919992675781249,put,2026-08-21,SPY,769.739990234375,2026-08-05T21:33:25.711913+00:00
660.0,0.09,0.1,0.09,23.0,10322,0.28955788574218744,put,2026-08-21,SPY,769.739990234375,2026-08-05T21:33:25.711913+00:00
661.0,0.09,0.1,0.11,1.0,684,0.28711650390624993,put,2026-08-21,SPY,769.739990234375,2026-08-05T21:33:25.711913+00:00
662.0,0.09,0.1,0.11,100.0,1182,0.2841868457031249,put,2026-08-21,SPY,769.739990234375,2026-08-05T21:33:25.711913+00:00
663.0,0.09,0.1,0.12,3.0,842,0.28174546386718746,put,2026-08-21,SPY,769.739990234375,2026-08-05T21:33:25.711913+00:00
664.0,0.09,0.1,0.12,5.0,1503,0.27930408203124996,put,2026-08-21,SPY,769.739990234375,2026-08-05T21:33:25.711913+00:00
665.0,0.1,0.11,0.09,32.0,5009,0.2797923583984374,put,2026-08-21,SPY,769.739990234375,2026-08-05T21:33:25.711913+00:00
666.0,0.1,0.11,0.11,312.0,789,0.27735097656249996,put,2026-08-21,SPY,769.739990234375,2026-08-05T21:33:25.711913+00:00
667.0,0.1,0.11,0.12,495.0,874,0.2749095947265625,put,2026-08-21,SPY,769.739990234375,2026-08-05T21:33:25.711913+00:00
668.0,0.1,0.11,0.12,103.0,742,0.27246821289062495,put,2026-08-21,SPY,769.739990234375,2026-08-05T21:33:25.711913+00:00
669.0,0.1,0.11,0.13,4.0,734,0.2695385546875,put,2026-08-21,SPY,769.739990234375,2026-08-05T21:33:25.711913+00:00
670.0,0.11,0.12,0.11,119.0,8123,0.2700268310546875,put,2026-08-21,SPY,769.739990234375,2026-08-05T21:33:25.711913+00:00
671.0,0.11,0.12,0.11,16.0,833,0.26758544921875,put,2026-08-21,SPY,769.739990234375,2026-08-05T21:33:25.711913+00:00
672.0,0.11,0.12,0.12,1.0,2035,0.264655791015625,put,2026-08-21,SPY,769.739990234375,2026-08-05T21:33:25.711913+00:00
673.0,0.11,0.12,0.21,7.0,988,0.2622144091796875,put,2026-08-21,SPY,769.739990234375,2026-08-05T21:33:25.711913+00:00
674.0,0.11,0.12,0.14,16.0,1874,0.25977302734375,put,2026-08-21,SPY,769.739990234375,2026-08-05T21:33:25.711913+00:00
675.0,0.12,0.13,0.12,150.0,22380,0.25977302734375,put,2026-08-21,SPY,769.739990234375,2026-08-05T21:33:25.711913+00:00
676.0,0.12,0.13,0.14,23.0,2577,0.2573316455078125,put,2026-08-21,SPY,769.739990234375,2026-08-05T21:33:25.711913+00:00
677.0,0.12,0.13,0.21,1834.0,2592,0.25440198730468755,put,2026-08-21,SPY,769.739990234375,2026-08-05T21:33:25.711913+00:00
678.0,0.13,0.14,0.14,8.0,2249,0.25440198730468755,put,2026-08-21,SPY,769.739990234375,2026-08-05T21:33:25.711913+00:00
679.0,0.13,0.14,0.19,18.0,1606,0.25196060546875,put,2026-08-21,SPY,769.739990234375,2026-08-05T21:33:25.711913+00:00
680.0,0.13,0.14,0.13,300.0,20615,0.249030947265625,put,2026-08-21,SPY,769.739990234375,2026-08-05T21:33:25.711913+00:00
681.0,0.13,0.14,0.18,12.0,2498,0.24658956542968752,put,2026-08-21,SPY,769.739990234375,2026-08-05T21:33:25.711913+00:00
682.0,0.14,0.15,0.14,5.0,2649,0.2461012890625,put,2026-08-21,SPY,769.739990234375,2026-08-05T21:33:25.711913+00:00
683.0,0.14,0.15,0.16,23.0,1899,0.2436599072265625,put,2026-08-21,SPY,769.739990234375,2026-08-05T21:33:25.711913+00:00
684.0,0.14,0.15,0.17,8.0,2272,0.241218525390625,put,2026-08-21,SPY,769.739990234375,2026-08-05T21:33:25.711913+00:00
685.0,0.15,0.16,0.16,4378.0,17319,0.24048611083984373,put,2026-08-21,SPY,769.739990234375,2026-08-05T21:33:25.711913+00:00
686.0,0.15,0.16,0.16,19.0,2829,0.23780059082031246,put,2026-08-21,SPY,769.739990234375,2026-08-05T21:33:25.711913+00:00
687.0,0.16,0.17,0.15,14.0,3613,0.23706817626953125,put,2026-08-21,SPY,769.739990234375,2026-08-05T21:33:25.711913+00:00
688.0,0.16,0.17,0.15,24.0,1462,0.23438265625,put,2026-08-21,SPY,769.739990234375,2026-08-05T21:33:25.711913+00:00
689.0,0.16,0.17,0.16,5.0,2127,0.23194127441406248,put,2026-08-21,SPY,769.739990234375,2026-08-05T21:33:25.711913+00:00
690.0,0.17,0.18,0.17,492.0,26797,0.2309647216796875,put,2026-08-21,SPY,769.739990234375,2026-08-05T21:33:25.711913+00:00
691.0,0.17,0.18,0.16,89.0,1980,0.22827920166015625,put,2026-08-21,SPY,769.739990234375,2026-08-05T21:33:25.711913+00:00
692.0,0.18,0.19,0.2,13.0,1487,0.22754678710937498,put,2026-08-21,SPY,769.739990234375,2026-08-05T21:33:25.711913+00:00
693.0,0.18,0.19,0.17,379.0,1626,0.22461712890624996,put,2026-08-21,SPY,769.739990234375,2026-08-05T21:33:25.711913+00:00
694.0,0.19,0.2,0.18,25.0,1439,0.22364057617187497,put,2026-08-21,SPY,769.739990234375,2026-08-05T21:33:25.711913+00:00
695.0,0.2,0.21,0.19,482.0,32969,0.22266402343749997,put,2026-08-21,SPY,769.739990234375,2026-08-05T21:33:25.711913+00:00
696.0,0.2,0.21,0.21,26.0,4296,0.21973436523437498,put,2026-08-21,SPY,769.739990234375,2026-08-05T21:33:25.711913+00:00
697.0,0.21,0.22,0.19,419.0,7395,0.21851367431640623,put,2026-08-21,SPY,769.739990234375,2026-08-05T21:33:25.711913+00:00
698.0,0.21,0.22,0.23,8.0,1901,0.215828154296875,put,2026-08-21,SPY,769.739990234375,2026-08-05T21:33:25.711913+00:00
699.0,0.22,0.23,0.2,524.0,1998,0.21460746337890624,put,2026-08-21,SPY,769.739990234375,2026-08-05T21:33:25.711913+00:00
700.0,0.23,0.24,0.24,3200.0,51069,0.21314263427734376,put,2026-08-21,SPY,769.739990234375,2026-08-05T21:33:25.711913+00:00
701.0,0.23,0.24,0.26,29.0,2116,0.2104571142578125,put,2026-08-21,SPY,769.739990234375,2026-08-05T21:33:25.711913+00:00
702.0,0.24,0.25,0.23,284.0,12207,0.20899228515624996,put,2026-08-21,SPY,769.739990234375,2026-08-05T21:33:25.711913+00:00
703.0,0.25,0.26,0.23,94.0,2430,0.20752745605468748,put,2026-08-21,SPY,769.739990234375,2026-08-05T21:33:25.711913+00:00
704.0,0.26,0.27,0.26,571.0,28551,0.20581848876953124,put,2026-08-21,SPY,769.739990234375,2026-08-05T21:33:25.711913+00:00
705.0,0.27,0.28,0.25,811.0,21849,0.2043536596679687,put,2026-08-21,SPY,769.739990234375,2026-08-05T21:33:25.711913+00:00
706.0,0.27,0.28,0.25,6212.0,37833,0.20142400146484374,put,2026-08-21,SPY,769.739990234375,2026-08-05T21:33:25.711913+00:00
707.0,0.28,0.29,0.25,50.0,1053,0.1997150341796875,put,2026-08-21,SPY,769.739990234375,2026-08-05T21:33:25.711913+00:00
708.0,0.29,0.3,0.27,503.0,28250,0.19800606689453126,put,2026-08-21,SPY,769.739990234375,2026-08-05T21:33:25.711913+00:00
709.0,0.3,0.32,0.32,128.0,7633,0.19727365234375,put,2026-08-21,SPY,769.739990234375,2026-08-05T21:33:25.711913+00:00
710.0,0.32,0.33,0.33,1819.0,55716,0.19556468505859376,put,2026-08-21,SPY,769.739990234375,2026-08-05T21:33:25.711913+00:00
711.0,0.33,0.34,0.3,139.0,2445,0.19361157958984376,put,2026-08-21,SPY,769.739990234375,2026-08-05T21:33:25.711913+00:00
712.0,0.34,0.35,0.31,217.0,17106,0.19165847412109377,put,2026-08-21,SPY,769.739990234375,2026-08-05T21:33:25.711913+00:00
713.0,0.35,0.36,0.37,141.0,8436,0.18970536865234378,put,2026-08-21,SPY,769.739990234375,2026-08-05T21:33:25.711913+00:00
714.0,0.37,0.38,0.38,831.0,23973,0.188484677734375,put,2026-08-21,SPY,769.739990234375,2026-08-05T21:33:25.711913+00:00
715.0,0.38,0.39,0.37,475.0,54745,0.186531572265625,put,2026-08-21,SPY,769.739990234375,2026-08-05T21:33:25.711913+00:00
716.0,0.4,0.41,0.35,632.0,10042,0.18518881225585934,put,2026-08-21,SPY,769.739990234375,2026-08-05T21:33:25.711913+00:00
717.0,0.41,0.42,0.36,369.0,2837,0.1829915686035156,put,2026-08-21,SPY,769.739990234375,2026-08-05T21:33:25.711913+00:00
718.0,0.43,0.44,0.43,304.0,25734,0.18164880859375,put,2026-08-21,SPY,769.739990234375,2026-08-05T21:33:25.711913+00:00
719.0,0.45,0.46,0.45,219.0,2547,0.18006191040039063,put,2026-08-21,SPY,769.739990234375,2026-08-05T21:33:25.711913+00:00
720.0,0.46,0.48,0.48,1009.0,68621,0.17847501220703127,put,2026-08-21,SPY,769.739990234375,2026-08-05T21:33:25.711913+00:00
721.0,0.48,0.5,0.44,109.0,1898,0.176766044921875,put,2026-08-21,SPY,769.739990234375,2026-08-05T21:33:25.711913+00:00
722.0,0.51,0.52,0.53,526.0,12176,0.17505707763671874,put,2026-08-21,SPY,769.739990234375,2026-08-05T21:33:25.711913+00:00
723.0,0.53,0.54,0.47,5906.0,9675,0.1733481103515625,put,2026-08-21,SPY,769.739990234375,2026-08-05T21:33:25.711913+00:00
724.0,0.55,0.57,0.69,377.0,5455,0.17212741943359378,put,2026-08-21,SPY,769.739990234375,2026-08-05T21:33:25.711913+00:00
725.0,0.58,0.59,0.6,2102.0,43061,0.17017431396484378,put,2026-08-21,SPY,769.739990234375,2026-08-05T21:33:25.711913+00:00
726.0,0.6,0.62,0.64,2231.0,8053,0.1687094848632813,put,2026-08-21,SPY,769.739990234375,2026-08-05T21:33:25.711913+00:00
727.0,0.63,0.65,0.66,235.0,15060,0.16724465576171876,put,2026-08-21,SPY,769.739990234375,2026-08-05T21:33:25.711913+00:00
728.0,0.66,0.68,0.62,8037.0,8838,0.1656577575683594,put,2026-08-21,SPY,769.739990234375,2026-08-05T21:33:25.711913+00:00
729.0,0.69,0.71,0.62,1498.0,9686,0.16394879028320314,put,2026-08-21,SPY,769.739990234375,2026-08-05T21:33:25.711913+00:00
730.0,0.73,0.75,0.75,7361.0,59048,0.1626060302734375,put,2026-08-21,SPY,769.739990234375,2026-08-05T21:33:25.711913+00:00
731.0,0.76,0.78,0.8,617.0,2603,0.1607749938964844,put,2026-08-21,SPY,769.739990234375,2026-08-05T21:33:25.711913+00:00
732.0,0.8,0.82,0.72,885.0,5427,0.15931016479492188,put,2026-08-21,SPY,769.739990234375,2026-08-05T21:33:25.711913+00:00
733.0,0.84,0.86,0.87,4879.0,3987,0.1577232666015625,put,2026-08-21,SPY,769.739990234375,2026-08-05T21:33:25.711913+00:00
734.0,0.89,0.91,0.92,5682.0,9930,0.15644154113769532,put,2026-08-21,SPY,769.739990234375,2026-08-05T21:33:25.711913+00:00
735.0,0.93,0.95,0.98,7285.0,58333,0.15467153930664065,put,2026-08-21,SPY,769.739990234375,2026-08-05T21:33:25.711913+00:00
736.0,0.98,1.0,1.01,2159.0,2237,0.15320671020507814,put,2026-08-21,SPY,769.739990234375,2026-08-05T21:33:25.711913+00:00
737.0,1.04,1.06,1.04,3385.0,26927,0.15192498474121097,put,2026-08-21,SPY,769.739990234375,2026-08-05T21:33:25.711913+00:00
738.0,1.09,1.11,1.1,501.0,3343,0.15021601745605473,put,2026-08-21,SPY,769.739990234375,2026-08-05T21:33:25.711913+00:00
739.0,1.15,1.17,1.18,810.0,5892,0.1487511883544922,put,2026-08-21,SPY,769.739990234375,2026-08-05T21:33:25.711913+00:00
740.0,1.21,1.24,1.23,6741.0,33255,0.147469462890625,put,2026-08-21,SPY,769.739990234375,2026-08-05T21:33:25.711913+00:00
741.0,1.28,1.31,1.34,161.0,3812,0.14606566833496093,put,2026-08-21,SPY,769.739990234375,2026-08-05T21:33:25.711913+00:00
742.0,1.35,1.38,1.43,2505.0,3972,0.1445398046875,put,2026-08-21,SPY,769.739990234375,2026-08-05T21:33:25.711913+00:00
743.0,1.42,1.46,1.47,109.0,7086,0.14313601013183597,put,2026-08-21,SPY,769.739990234375,2026-08-05T21:33:25.711913+00:00
744.0,1.51,1.54,1.44,104.0,4299,0.141610146484375,put,2026-08-21,SPY,769.739990234375,2026-08-05T21:33:25.711913+00:00
745.0,1.59,1.63,1.67,2594.0,10011,0.14020635192871095,put,2026-08-21,SPY,769.739990234375,2026-08-05T21:33:25.711913+00:00
746.0,1.69,1.73,1.76,378.0,6218,0.138955143737793,put,2026-08-21,SPY,769.739990234375,2026-08-05T21:33:25.711913+00:00
747.0,1.79,1.83,1.86,991.0,7437,0.1375208319091797,put,2026-08-21,SPY,769.739990234375,2026-08-05T21:33:25.711913+00:00
748.0,1.9,1.93,1.94,528.0,3190,0.13593393371582033,put,2026-08-21,SPY,769.739990234375,2026-08-05T21:33:25.711913+00:00
749.0,2.01,2.05,2.09,1408.0,3168,0.13465220825195315,put,2026-08-21,SPY,769.739990234375,2026-08-05T21:33:25.711913+00:00
750.0,2.13,2.17,2.14,14410.0,59645,0.13324841369628904,put,2026-08-21,SPY,769.739990234375,2026-08-05T21:33:25.711913+00:00
751.0,2.26,2.3,2.39,2308.0,3398,0.131844619140625,put,2026-08-21,SPY,769.739990234375,2026-08-05T21:33:25.711913+00:00
752.0,2.4,2.44,2.49,325.0,2640,0.13050185913085935,put,2026-08-21,SPY,769.739990234375,2026-08-05T21:33:25.711913+00:00
753.0,2.55,2.59,2.68,174.0,2004,0.12915909912109375,put,2026-08-21,SPY,769.739990234375,2026-08-05T21:33:25.711913+00:00
754.0,2.72,2.76,2.86,897.0,2642,0.12802996002197264,put,2026-08-21,SPY,769.739990234375,2026-08-05T21:33:25.711913+00:00
755.0,2.87,2.92,2.9,3641.0,37857,0.1265040963745117,put,2026-08-21,SPY,769.739990234375,2026-08-05T21:33:25.711913+00:00
756.0,3.05,3.11,3.1,1453.0,3022,0.12537495727539064,put,2026-08-21,SPY,769.739990234375,2026-08-05T21:33:25.711913+00:00
757.0,3.24,3.3,3.38,2496.0,13137,0.12397116271972657,put,2026-08-21,SPY,769.739990234375,2026-08-05T21:33:25.711913+00:00
758.0,3.44,3.5,3.5,1086.0,3895,0.12256736816406251,put,2026-08-21,SPY,769.739990234375,2026-08-05T21:33:25.711913+00:00
759.0,3.66,3.72,3.91,2599.0,1195,0.1212856427001953,put,2026-08-21,SPY,769.739990234375,2026-08-05T21:33:25.711913+00:00
760.0,3.89,3.95,3.94,13074.0,27473,0.11997339996337889,put,2026-08-21,SPY,769.739990234375,2026-08-05T21:33:25.711913+00:00
761.0,4.13,4.19,4.34,2909.0,955,0.11853908813476563,put,2026-08-21,SPY,769.739990234375,2026-08-05T21:33:25.711913+00:00
762.0,4.37,4.47,4.58,1377.0,990,0.11756253540039063,put,2026-08-21,SPY,769.739990234375,2026-08-05T21:33:25.711913+00:00
763.0,4.64,4.75,4.76,456.0,660,0.11628080993652344,put,2026-08-21,SPY,769.739990234375,2026-08-05T21:33:25.711913+00:00
764.0,4.93,5.04,5.0,5293.0,5013,0.1149075326538086,put,2026-08-21,SPY,769.739990234375,2026-08-05T21:33:25.711913+00:00
765.0,5.24,5.34,5.35,5071.0,2317,0.11344270355224609,put,2026-08-21,SPY,769.739990234375,2026-08-05T21:33:25.711913+00:00
766.0,5.57,5.67,5.61,1592.0,5513,0.11213046081542967,put,2026-08-21,SPY,769.739990234375,2026-08-05T21:33:25.711913+00:00
767.0,5.91,6.02,6.05,707.0,1150,0.11084873535156249,put,2026-08-21,SPY,769.739990234375,2026-08-05T21:33:25.711913+00:00
768.0,6.27,6.39,6.61,909.0,1242,0.1095364926147461,put,2026-08-21,SPY,769.739990234375,2026-08-05T21:33:25.711913+00:00
769.0,6.66,6.77,6.73,638.0,303,0.1080869221496582,put,2026-08-21,SPY,769.739990234375,2026-08-05T21:33:25.711913+00:00
770.0,7.06,7.16,7.1,7474.0,2312,0.106454248046875,put,2026-08-21,SPY,769.739990234375,2026-08-05T21:33:25.711913+00:00
771.0,7.48,7.61,7.81,1274.0,860,0.10538614349365234,put,2026-08-21,SPY,769.739990234375,2026-08-05T21:33:25.711913+00:00
772.0,7.93,8.04,7.99,1263.0,920,0.10367717620849609,put,2026-08-21,SPY,769.739990234375,2026-08-05T21:33:25.711913+00:00
773.0,8.4,8.52,8.7,981.0,510,0.10233441619873046,put,2026-08-21,SPY,769.739990234375,2026-08-05T21:33:25.711913+00:00
774.0,8.9,9.02,9.01,1361.0,838,0.1009306216430664,put,2026-08-21,SPY,769.739990234375,2026-08-05T21:33:25.711913+00:00
775.0,9.05,9.88,9.87,2197.0,1441,0.10480631530761718,put,2026-08-21,SPY,769.739990234375,2026-08-05T21:33:25.711913+00:00
776.0,9.55,10.41,10.5,639.0,229,0.10315838256835935,put,2026-08-21,SPY,769.739990234375,2026-08-05T21:33:25.711913+00:00
777.0,10.04,11.66,10.37,430.0,557,0.11283235809326173,put,2026-08-21,SPY,769.739990234375,2026-08-05T21:33:25.711913+00:00
778.0,10.44,11.86,10.64,197.0,252,0.1051420053100586,put,2026-08-21,SPY,769.739990234375,2026-08-05T21:33:25.711913+00:00
779.0,11.17,12.73,11.22,207.0,347,0.10816321533203124,put,2026-08-21,SPY,769.739990234375,2026-08-05T21:33:25.711913+00:00
780.0,12.0,13.14,12.75,525.0,977,0.1028837271118164,put,2026-08-21,SPY,769.739990234375,2026-08-05T21:33:25.711913+00:00
781.0,12.34,14.14,12.48,220.0,343,0.10770545623779298,put,2026-08-21,SPY,769.739990234375,2026-08-05T21:33:25.711913+00:00
782.0,12.41,15.01,13.12,32.0,270,0.11002476898193359,put,2026-08-21,SPY,769.739990234375,2026-08-05T21:33:25.711913+00:00
783.0,13.12,15.71,13.83,3229.0,364,0.1088956298828125,put,2026-08-21,SPY,769.739990234375,2026-08-05T21:33:25.711913+00:00
784.0,14.28,16.43,14.54,4.0,306,0.1077359735107422,put,2026-08-21,SPY,769.739990234375,2026-08-05T21:33:25.711913+00:00
785.0,15.14,17.13,15.29,66.0,685,0.10569131622314451,put,2026-08-21,SPY,769.739990234375,2026-08-05T21:33:25.711913+00:00
786.0,15.76,17.93,16.05,4.0,135,0.10535562622070313,put,2026-08-21,SPY,769.739990234375,2026-08-05T21:33:25.711913+00:00
787.0,16.11,18.71,16.84,6.0,168,0.10413493530273435,put,2026-08-21,SPY,769.739990234375,2026-08-05T21:33:25.711913+00:00
788.0,16.9,19.5,17.05,3.0,316,0.10267010620117187,put,2026-08-21,SPY,769.739990234375,2026-08-05T21:33:25.711913+00:00
789.0,17.72,20.33,18.41,2.0,389,0.10175458801269531,put,2026-08-21,SPY,769.739990234375,2026-08-05T21:33:25.711913+00:00
790.0,18.64,21.18,20.05,119.0,919,0.10096113891601563,put,2026-08-21,SPY,769.739990234375,2026-08-05T21:33:25.711913+00:00
791.0,19.35,22.5,20.1,32.0,265,0.11365632446289062,put,2026-08-21,SPY,769.739990234375,2026-08-05T21:33:25.711913+00:00
792.0,20.23,23.37,20.01,6.0,528,0.11353425537109374,put,2026-08-21,SPY,769.739990234375,2026-08-05T21:33:25.711913+00:00
793.0,21.14,24.26,21.99,10.0,344,0.11371735900878906,put,2026-08-21,SPY,769.739990234375,2026-08-05T21:33:25.711913+00:00
794.0,22.05,25.17,21.48,44.0,267,0.11426666992187501,put,2026-08-21,SPY,769.739990234375,2026-08-05T21:33:25.711913+00:00
795.0,22.98,26.09,24.0,141.0,387,0.11487701538085937,put,2026-08-21,SPY,769.739990234375,2026-08-05T21:33:25.711913+00:00
797.0,24.87,27.96,24.58,166.0,193,0.11658598266601564,put,2026-08-21,SPY,769.739990234375,2026-08-05T21:33:25.711913+00:00
799.0,26.81,29.89,25.15,238.0,584,0.11994288269042967,put,2026-08-21,SPY,769.739990234375,2026-08-05T21:33:25.711913+00:00
800.0,27.77,30.87,28.7,210.0,617,0.12214012634277345,put,2026-08-21,SPY,769.739990234375,2026-08-05T21:33:25.711913+00:00
805.0,32.77,35.84,31.56,16.0,409,0.13562876098632815,put,2026-08-21,SPY,769.739990234375,2026-08-05T21:33:25.711913+00:00
810.0,37.32,40.83,34.95,210.0,7,0.14954463745117189,put,2026-08-21,SPY,769.739990234375,2026-08-05T21:33:25.711913+00:00
815.0,42.77,45.83,43.03,20.0,3,0.16346051391601565,put,2026-08-21,SPY,769.739990234375,2026-08-05T21:33:25.711913+00:00
820.0,47.32,50.83,44.76,91.0,5,0.1772543212890625,put,2026-08-21,SPY,769.739990234375,2026-08-05T21:33:25.711913+00:00
830.0,57.32,60.83,56.66,7.0,1,0.20374331420898437,put,2026-08-21,SPY,769.739990234375,2026-08-05T21:33:25.711913+00:00
840.0,67.77,70.83,63.69,2.0,0,0.229499892578125,put,2026-08-21,SPY,769.739990234375,2026-08-05T21:33:25.711913+00:00
850.0,77.77,80.83,78.61,2.0,0,0.25427991821289064,put,2026-08-21,SPY,769.739990234375,2026-08-05T21:33:25.711913+00:00
530.0,241.06,244.22,211.87,,1,0.7696556237792969,call,2026-09-04,SPY,769.739990234375,2026-08-05T21:33:25.711913+00:00
550.0,221.16,224.67,193.2,5.0,10,0.7188748815917969,call,2026-09-04,SPY,769.739990234375,2026-08-05T21:33:25.711913+00:00
560.0,211.21,214.73,182.16,,1,0.6894562304687502,call,2026-09-04,SPY,769.739990234375,2026-08-05T21:33:25.711913+00:00
570.0,201.26,204.48,173.45,,2,0.6533237792968751,call,2026-09-04,SPY,769.739990234375,2026-08-05T21:33:25.711913+00:00
580.0,191.32,194.83,190.94,1.0,1,0.6310461700439454,call,2026-09-04,SPY,769.739990234375,2026-08-05T21:33:25.711913+00:00
585.0,186.35,189.86,188.2,1.0,1,0.6167030517578126,call,2026-09-04,SPY,769.739990234375,2026-08-05T21:33:25.711913+00:00
600.0,171.44,174.52,144.57,,3,0.5654950677490236,call,2026-09-04,SPY,769.739990234375,2026-08-05T21:33:25.711913+00:00
640.0,131.74,134.87,102.17,,5,0.5025684509277344,call,2026-09-04,SPY,769.739990234375,2026-08-05T21:33:25.711913+00:00
645.0,126.79,130.31,102.65,1.0,2,0.49811292907714844,call,2026-09-04,SPY,769.739990234375,2026-08-05T21:33:25.711913+00:00
650.0,121.84,125.36,96.17,,2,0.4831594653320313,call,2026-09-04,SPY,769.739990234375,2026-08-05T21:33:25.711913+00:00
665.0,107.02,110.14,81.9,,0,0.4295100994873047,call,2026-09-04,SPY,769.739990234375,2026-08-05T21:33:25.711913+00:00
670.0,102.09,105.21,74.67,,1,0.41510594665527345,call,2026-09-04,SPY,769.739990234375,2026-08-05T21:33:25.711913+00:00
675.0,97.17,100.28,70.1,2.0,7,0.40064075927734377,call,2026-09-04,SPY,769.739990234375,2026-08-05T21:33:25.711913+00:00
680.0,92.25,95.33,80.1,1.0,13,0.385626260986328,call,2026-09-04,SPY,769.739990234375,2026-08-05T21:33:25.711913+00:00
685.0,87.35,90.42,77.14,4.0,9,0.37140521179199215,call,2026-09-04,SPY,769.739990234375,2026-08-05T21:33:25.711913+00:00
690.0,82.45,85.53,86.16,6.0,60,0.35742830078125,call,2026-09-04,SPY,769.739990234375,2026-08-05T21:33:25.711913+00:00
692.0,80.5,83.58,84.19,16.0,9,0.35193519165039056,call,2026-09-04,SPY,769.739990234375,2026-08-05T21:33:25.711913+00:00
693.0,79.53,82.61,49.2,,1,0.34924967163085935,call,2026-09-04,SPY,769.739990234375,2026-08-05T21:33:25.711913+00:00
695.0,77.58,80.66,81.46,1.0,10,0.3436955279541015,call,2026-09-04,SPY,769.739990234375,2026-08-05T21:33:25.711913+00:00
696.0,76.6,79.68,42.81,,7,0.34076586975097656,call,2026-09-04,SPY,769.739990234375,2026-08-05T21:33:25.711913+00:00
697.0,75.63,78.71,71.15,2.0,4,0.3380803497314453,call,2026-09-04,SPY,769.739990234375,2026-08-05T21:33:25.711913+00:00
700.0,72.72,75.8,73.73,5.0,49,0.3299017205810546,call,2026-09-04,SPY,769.739990234375,2026-08-05T21:33:25.711913+00:00
702.0,70.78,73.86,38.73,2.0,5,0.32437809417724606,call,2026-09-04,SPY,769.739990234375,2026-08-05T21:33:25.711913+00:00
703.0,69.81,72.9,45.7,,10,0.3217841259765625,call,2026-09-04,SPY,769.739990234375,2026-08-05T21:33:25.711913+00:00
704.0,68.85,71.92,57.56,6.0,6,0.3188239505004882,call,2026-09-04,SPY,769.739990234375,2026-08-05T21:33:25.711913+00:00
705.0,67.88,70.96,71.48,2.0,29,0.3162299822998046,call,2026-09-04,SPY,769.739990234375,2026-08-05T21:33:25.711913+00:00
706.0,66.92,69.99,39.29,,12,0.31342239318847653,call,2026-09-04,SPY,769.739990234375,2026-08-05T21:33:25.711913+00:00
708.0,64.99,68.08,59.78,102.0,51,0.30832600860595705,call,2026-09-04,SPY,769.739990234375,2026-08-05T21:33:25.711913+00:00
710.0,63.09,66.08,66.48,5.0,180,0.30155117401123044,call,2026-09-04,SPY,769.739990234375,2026-08-05T21:33:25.711913+00:00
711.0,62.11,65.19,61.52,100.0,38,0.30011686218261713,call,2026-09-04,SPY,769.739990234375,2026-08-05T21:33:25.711913+00:00
712.0,61.15,64.24,61.17,4.0,14,0.29755341125488277,call,2026-09-04,SPY,769.739990234375,2026-08-05T21:33:25.711913+00:00
713.0,60.2,63.28,59.92,2.0,33,0.2948373739624023,call,2026-09-04,SPY,769.739990234375,2026-08-05T21:33:25.711913+00:00
714.0,59.24,62.32,49.28,9.0,2,0.29209081939697257,call,2026-09-04,SPY,769.739990234375,2026-08-05T21:33:25.711913+00:00
715.0,58.29,61.36,62.56,2.0,68,0.28934426483154285,call,2026-09-04,SPY,769.739990234375,2026-08-05T21:33:25.711913+00:00
716.0,57.34,60.41,32.07,,7,0.2867502966308593,call,2026-09-04,SPY,769.739990234375,2026-08-05T21:33:25.711913+00:00
717.0,56.39,59.46,31.23,,75,0.28412581115722646,call,2026-09-04,SPY,769.739990234375,2026-08-05T21:33:25.711913+00:00
719.0,54.5,57.59,31.17,,1,0.27930408203124996,call,2026-09-04,SPY,769.739990234375,2026-08-05T21:33:25.711913+00:00
720.0,53.58,56.44,56.43,101.0,234,0.2733532138061523,call,2026-09-04,SPY,769.739990234375,2026-08-05T21:33:25.711913+00:00
721.0,52.61,55.69,43.22,2.0,7,0.2739330419921875,call,2026-09-04,SPY,769.739990234375,2026-08-05T21:33:25.711913+00:00
722.0,51.67,54.76,54.07,16.0,26,0.2715526947021484,call,2026-09-04,SPY,769.739990234375,2026-08-05T21:33:25.711913+00:00
723.0,50.73,53.82,49.08,1.0,4,0.2689587265014648,call,2026-09-04,SPY,769.739990234375,2026-08-05T21:33:25.711913+00:00
724.0,49.8,52.87,40.27,2.0,42,0.26618165466308596,call,2026-09-04,SPY,769.739990234375,2026-08-05T21:33:25.711913+00:00
725.0,48.86,51.93,48.68,2.0,78,0.26355716918945316,call,2026-09-04,SPY,769.739990234375,2026-08-05T21:33:25.711913+00:00
726.0,47.93,51.0,38.58,2.0,12,0.26105475280761714,call,2026-09-04,SPY,769.739990234375,2026-08-05T21:33:25.711913+00:00
728.0,46.08,49.16,34.71,2.0,22,0.25629405822753903,call,2026-09-04,SPY,769.739990234375,2026-08-05T21:33:25.711913+00:00
729.0,45.18,48.15,36.03,219.0,125,0.25250991638183595,call,2026-09-04,SPY,769.739990234375,2026-08-05T21:33:25.711913+00:00
730.0,44.23,47.3,46.54,1.0,82,0.25110612182617187,call,2026-09-04,SPY,769.739990234375,2026-08-05T21:33:25.711913+00:00
731.0,43.31,46.38,26.01,3.0,39,0.24860370544433597,call,2026-09-04,SPY,769.739990234375,2026-08-05T21:33:25.711913+00:00
732.0,42.52,45.31,24.5,5.0,119,0.24390404541015626,call,2026-09-04,SPY,769.739990234375,2026-08-05T21:33:25.711913+00:00
733.0,41.49,44.55,38.67,4.0,62,0.24369042449951173,call,2026-09-04,SPY,769.739990234375,2026-08-05T21:33:25.711913+00:00
734.0,40.58,43.65,41.19,3.0,290,0.2414016290283203,call,2026-09-04,SPY,769.739990234375,2026-08-05T21:33:25.711913+00:00
735.0,39.67,42.73,42.28,29.0,699,0.2387771435546875,call,2026-09-04,SPY,769.739990234375,2026-08-05T21:33:25.711913+00:00
736.0,38.77,41.85,41.58,1.0,303,0.23670196899414062,call,2026-09-04,SPY,769.739990234375,2026-08-05T21:33:25.711913+00:00
737.0,37.87,40.97,40.76,8.0,309,0.2345810185241699,call,2026-09-04,SPY,769.739990234375,2026-08-05T21:33:25.711913+00:00
738.0,36.98,40.09,38.79,4.0,168,0.23239903350830077,call,2026-09-04,SPY,769.739990234375,2026-08-05T21:33:25.711913+00:00
739.0,36.09,39.19,38.3,3.0,507,0.22992713439941403,call,2026-09-04,SPY,769.739990234375,2026-08-05T21:33:25.711913+00:00
740.0,35.2,38.3,36.5,3.0,1507,0.22754678710937498,call,2026-09-04,SPY,769.739990234375,2026-08-05T21:33:25.711913+00:00
741.0,34.32,37.43,34.27,5.0,533,0.22538006072998046,call,2026-09-04,SPY,769.739990234375,2026-08-05T21:33:25.711913+00:00
742.0,33.44,36.54,35.26,9.0,918,0.22290816162109373,call,2026-09-04,SPY,769.739990234375,2026-08-05T21:33:25.711913+00:00
743.0,32.57,35.68,35.48,11.0,622,0.22077195251464843,call,2026-09-04,SPY,769.739990234375,2026-08-05T21:33:25.711913+00:00
744.0,31.71,34.82,34.66,2.0,259,0.2186052261352539,call,2026-09-04,SPY,769.739990234375,2026-08-05T21:33:25.711913+00:00
745.0,30.84,34.0,34.58,126.0,418,0.21689625885009767,call,2026-09-04,SPY,769.739990234375,2026-08-05T21:33:25.711913+00:00
746.0,29.99,33.15,31.36,4.0,727,0.21476004974365231,call,2026-09-04,SPY,769.739990234375,2026-08-05T21:33:25.711913+00:00
747.0,29.14,32.3,30.46,13.0,494,0.21256280609130856,call,2026-09-04,SPY,769.739990234375,2026-08-05T21:33:25.711913+00:00
748.0,28.3,31.46,30.58,111.0,823,0.21042659698486327,call,2026-09-04,SPY,769.739990234375,2026-08-05T21:33:25.711913+00:00
749.0,27.46,30.62,28.56,10.0,803,0.20822935333251946,call,2026-09-04,SPY,769.739990234375,2026-08-05T21:33:25.711913+00:00
750.0,26.63,29.8,29.14,61.0,1144,0.20623047195434568,call,2026-09-04,SPY,769.739990234375,2026-08-05T21:33:25.711913+00:00
751.0,25.8,28.97,27.87,14.0,330,0.20404848693847655,call,2026-09-04,SPY,769.739990234375,2026-08-05T21:33:25.711913+00:00
752.0,24.99,28.15,26.42,12.0,343,0.20191227783203125,call,2026-09-04,SPY,769.739990234375,2026-08-05T21:33:25.711913+00:00
753.0,24.18,27.34,26.69,113.0,154,0.19983710327148438,call,2026-09-04,SPY,769.739990234375,2026-08-05T21:33:25.711913+00:00
754.0,23.38,26.52,26.0,4.0,294,0.1975788250732422,call,2026-09-04,SPY,769.739990234375,2026-08-05T21:33:25.711913+00:00
755.0,22.59,25.74,24.0,103.0,731,0.19574778869628906,call,2026-09-04,SPY,769.739990234375,2026-08-05T21:33:25.711913+00:00
756.0,23.43,23.64,26.31,18.0,10150,0.17807828765869144,call,2026-09-04,SPY,769.739990234375,2026-08-05T21:33:25.711913+00:00
757.0,21.03,24.17,23.3,16.0,322,0.191688991394043,call,2026-09-04,SPY,769.739990234375,2026-08-05T21:33:25.711913+00:00
758.0,20.27,23.4,20.95,9.0,495,0.189735885925293,call,2026-09-04,SPY,769.739990234375,2026-08-05T21:33:25.711913+00:00
759.0,19.51,22.64,20.3,245.0,571,0.18781329772949218,call,2026-09-04,SPY,769.739990234375,2026-08-05T21:33:25.711913+00:00
760.0,19.24,21.31,20.13,594.0,674,0.17920742675781248,call,2026-09-04,SPY,769.739990234375,2026-08-05T21:33:25.711913+00:00
761.0,18.03,21.27,19.14,14.0,239,0.18544820907592768,call,2026-09-04,SPY,769.739990234375,2026-08-05T21:33:25.711913+00:00
762.0,17.31,20.49,18.7,30.0,371,0.1830220858764648,call,2026-09-04,SPY,769.739990234375,2026-08-05T21:33:25.711913+00:00
763.0,18.24,18.44,18.0,11.0,9519,0.16605448211669926,call,2026-09-04,SPY,769.739990234375,2026-08-05T21:33:25.711913+00:00
764.0,16.04,19.15,18.18,26.0,580,0.18042811767578126,call,2026-09-04,SPY,769.739990234375,2026-08-05T21:33:25.711913+00:00
765.0,15.94,16.99,16.7,639.0,518,0.16214827117919922,call,2026-09-04,SPY,769.739990234375,2026-08-05T21:33:25.711913+00:00
766.0,14.54,17.8,16.47,42.0,360,0.17731535583496094,call,2026-09-04,SPY,769.739990234375,2026-08-05T21:33:25.711913+00:00
767.0,13.95,17.15,15.86,40.0,323,0.1758963026428223,call,2026-09-04,SPY,769.739990234375,2026-08-05T21:33:25.711913+00:00
768.0,13.23,16.05,15.4,51.0,363,0.16931983032226564,call,2026-09-04,SPY,769.739990234375,2026-08-05T21:33:25.711913+00:00
769.0,13.56,15.13,14.59,53.0,185,0.1646659461975098,call,2026-09-04,SPY,769.739990234375,2026-08-05T21:33:25.711913+00:00
770.0,13.06,13.85,13.02,516.0,1109,0.1558769715881348,call,2026-09-04,SPY,769.739990234375,2026-08-05T21:33:25.711913+00:00
771.0,13.05,13.17,13.0,275.0,1242,0.15366446929931643,call,2026-09-04,SPY,769.739990234375,2026-08-05T21:33:25.711913+00:00
772.0,12.46,12.57,12.3,362.0,379,0.15223015747070315,call,2026-09-04,SPY,769.739990234375,2026-08-05T21:33:25.711913+00:00
773.0,11.88,12.0,11.61,59.0,259,0.15100946655273442,call,2026-09-04,SPY,769.739990234375,2026-08-05T21:33:25.711913+00:00
774.0,11.32,11.44,11.63,643.0,528,0.14974299972534183,call,2026-09-04,SPY,769.739990234375,2026-08-05T21:33:25.711913+00:00
775.0,10.78,10.89,10.36,972.0,1153,0.148446015625,call,2026-09-04,SPY,769.739990234375,2026-08-05T21:33:25.711913+00:00
776.0,10.25,10.36,10.5,144.0,617,0.14725584197998048,call,2026-09-04,SPY,769.739990234375,2026-08-05T21:33:25.711913+00:00
777.0,9.74,9.85,10.0,359.0,455,0.14612670288085935,call,2026-09-04,SPY,769.739990234375,2026-08-05T21:33:25.711913+00:00
778.0,9.24,9.35,9.02,400.0,581,0.14496704650878905,call,2026-09-04,SPY,769.739990234375,2026-08-05T21:33:25.711913+00:00
779.0,8.76,8.87,8.44,178.0,372,0.1438989419555664,call,2026-09-04,SPY,769.739990234375,2026-08-05T21:33:25.711913+00:00
780.0,8.3,8.41,7.94,465.0,1049,0.14290713058471682,call,2026-09-04,SPY,769.739990234375,2026-08-05T21:33:25.711913+00:00
781.0,7.85,7.96,7.93,898.0,547,0.14186954330444335,call,2026-09-04,SPY,769.739990234375,2026-08-05T21:33:25.711913+00:00
782.0,7.42,7.52,7.49,842.0,338,0.14078618011474608,call,2026-09-04,SPY,769.739990234375,2026-08-05T21:33:25.711913+00:00
783.0,7.02,7.11,6.7,98.0,303,0.13991643783569335,call,2026-09-04,SPY,769.739990234375,2026-08-05T21:33:25.711913+00:00
784.0,6.6,6.71,7.04,20.0,435,0.13900091964721684,call,2026-09-04,SPY,769.739990234375,2026-08-05T21:33:25.711913+00:00
785.0,6.22,6.32,5.8,430.0,1400,0.13803962554931642,call,2026-09-04,SPY,769.739990234375,2026-08-05T21:33:25.711913+00:00
786.0,5.86,5.96,6.05,17.0,252,0.1373072109985352,call,2026-09-04,SPY,769.739990234375,2026-08-05T21:33:25.711913+00:00
787.0,5.51,5.6,5.69,42.0,1205,0.13639169281005858,call,2026-09-04,SPY,769.739990234375,2026-08-05T21:33:25.711913+00:00
788.0,5.17,5.27,5.4,53.0,480,0.1356897955322266,call,2026-09-04,SPY,769.739990234375,2026-08-05T21:33:25.711913+00:00
789.0,4.87,4.93,4.52,205.0,125,0.13468272552490235,call,2026-09-04,SPY,769.739990234375,2026-08-05T21:33:25.711913+00:00
790.0,4.57,4.62,4.6,341.0,1521,0.13391979370117188,call,2026-09-04,SPY,769.739990234375,2026-08-05T21:33:25.711913+00:00
791.0,4.28,4.33,4.32,65.0,512,0.13323315505981442,call,2026-09-04,SPY,769.739990234375,2026-08-05T21:33:25.711913+00:00
792.0,4.0,4.05,4.19,54.0,367,0.13251599914550782,call,2026-09-04,SPY,769.739990234375,2026-08-05T21:33:25.711913+00:00
793.0,3.74,3.79,3.84,138.0,582,0.1319361709594727,call,2026-09-04,SPY,769.739990234375,2026-08-05T21:33:25.711913+00:00
794.0,3.49,3.54,3.6,73.0,560,0.13132582550048827,call,2026-09-04,SPY,769.739990234375,2026-08-05T21:33:25.711913+00:00
795.0,3.26,3.31,3.34,103.0,829,0.13083754913330076,call,2026-09-04,SPY,769.739990234375,2026-08-05T21:33:25.711913+00:00
796.0,3.04,3.09,3.21,133.0,372,0.13034927276611324,call,2026-09-04,SPY,769.739990234375,2026-08-05T21:33:25.711913+00:00
797.0,2.83,2.87,2.91,57.0,156,0.12967789276123048,call,2026-09-04,SPY,769.739990234375,2026-08-05T21:33:25.711913+00:00
798.0,2.63,2.67,2.66,302.0,208,0.12915909912109375,call,2026-09-04,SPY,769.739990234375,2026-08-05T21:33:25.711913+00:00
799.0,2.45,2.49,2.48,221.0,242,0.1287928918457031,call,2026-09-04,SPY,769.739990234375,2026-08-05T21:33:25.711913+00:00
800.0,2.28,2.31,2.19,1181.0,661,0.1282740982055664,call,2026-09-04,SPY,769.739990234375,2026-08-05T21:33:25.711913+00:00
801.0,2.11,2.15,2.18,58.0,365,0.1279689254760742,call,2026-09-04,SPY,769.739990234375,2026-08-05T21:33:25.711913+00:00
802.0,1.96,1.99,1.99,208.0,98,0.1274501318359375,call,2026-09-04,SPY,769.739990234375,2026-08-05T21:33:25.711913+00:00
803.0,1.81,1.85,2.06,8.0,788,0.12720599365234375,call,2026-09-04,SPY,769.739990234375,2026-08-05T21:33:25.711913+00:00
804.0,1.68,1.71,1.88,272.0,243,0.1267787518310547,call,2026-09-04,SPY,769.739990234375,2026-08-05T21:33:25.711913+00:00
805.0,1.55,1.59,1.39,48.0,488,0.12659564819335936,call,2026-09-04,SPY,769.739990234375,2026-08-05T21:33:25.711913+00:00
806.0,1.43,1.47,1.51,183.0,471,0.12629047546386718,call,2026-09-04,SPY,769.739990234375,2026-08-05T21:33:25.711913+00:00
807.0,1.33,1.36,1.39,47.0,63,0.1260158200073242,call,2026-09-04,SPY,769.739990234375,2026-08-05T21:33:25.711913+00:00
808.0,1.22,1.26,1.4,32.0,37,0.12586323364257812,call,2026-09-04,SPY,769.739990234375,2026-08-05T21:33:25.711913+00:00
809.0,1.13,1.16,1.05,32.0,154,0.12549702636718751,call,2026-09-04,SPY,769.739990234375,2026-08-05T21:33:25.711913+00:00
810.0,1.05,1.07,1.04,286.0,550,0.12525288818359376,call,2026-09-04,SPY,769.739990234375,2026-08-05T21:33:25.711913+00:00
811.0,0.96,0.99,0.99,13.0,366,0.1251918536376953,call,2026-09-04,SPY,769.739990234375,2026-08-05T21:33:25.711913+00:00
812.0,0.89,0.92,0.9,6.0,7,0.1251918536376953,call,2026-09-04,SPY,769.739990234375,2026-08-05T21:33:25.711913+00:00
813.0,0.82,0.85,0.82,17.0,255,0.12513081909179688,call,2026-09-04,SPY,769.739990234375,2026-08-05T21:33:25.711913+00:00
814.0,0.76,0.78,0.78,41.0,9,0.12488668090820312,call,2026-09-04,SPY,769.739990234375,2026-08-05T21:33:25.711913+00:00
815.0,0.7,0.73,0.67,125.0,72,0.12513081909179688,call,2026-09-04,SPY,769.739990234375,2026-08-05T21:33:25.711913+00:00
816.0,0.65,0.67,1.24,440.0,241,0.12494771545410156,call,2026-09-04,SPY,769.739990234375,2026-08-05T21:33:25.711913+00:00
817.0,0.6,0.62,0.6,14.0,49,0.12500875,call,2026-09-04,SPY,769.739990234375,2026-08-05T21:33:25.711913+00:00
819.0,0.51,0.54,0.65,5.0,12,0.12555806091308597,call,2026-09-04,SPY,769.739990234375,2026-08-05T21:33:25.711913+00:00
820.0,0.48,0.5,0.48,344.0,308,0.1256190954589844,call,2026-09-04,SPY,769.739990234375,2026-08-05T21:33:25.711913+00:00
821.0,0.44,0.46,1.26,33.0,159,0.1256190954589844,call,2026-09-04,SPY,769.739990234375,2026-08-05T21:33:25.711913+00:00
822.0,0.41,0.43,1.04,3.0,21,0.125985302734375,call,2026-09-04,SPY,769.739990234375,2026-08-05T21:33:25.711913+00:00
823.0,0.38,0.4,0.38,3.0,8,0.12622944091796873,call,2026-09-04,SPY,769.739990234375,2026-08-05T21:33:25.711913+00:00
826.0,0.31,0.33,0.45,1.0,9,0.1274501318359375,call,2026-09-04,SPY,769.739990234375,2026-08-05T21:33:25.711913+00:00
827.0,0.29,0.31,1.04,13.0,45,0.127938408203125,call,2026-09-04,SPY,769.739990234375,2026-08-05T21:33:25.711913+00:00
829.0,0.26,0.27,0.68,17.0,578,0.12854875366210936,call,2026-09-04,SPY,769.739990234375,2026-08-05T21:33:25.711913+00:00
830.0,0.24,0.25,0.23,279.0,507,0.12867082275390623,call,2026-09-04,SPY,769.739990234375,2026-08-05T21:33:25.711913+00:00
831.0,0.23,0.24,0.34,38.0,234,0.12964737548828126,call,2026-09-04,SPY,769.739990234375,2026-08-05T21:33:25.711913+00:00
832.0,0.21,0.23,0.88,2.0,95,0.13050185913085935,call,2026-09-04,SPY,769.739990234375,2026-08-05T21:33:25.711913+00:00
833.0,0.2,0.21,0.2,2.0,101,0.13037979003906247,call,2026-09-04,SPY,769.739990234375,2026-08-05T21:33:25.711913+00:00
835.0,0.18,0.19,0.22,1.0,32,0.131844619140625,call,2026-09-04,SPY,769.739990234375,2026-08-05T21:33:25.711913+00:00
836.0,0.17,0.18,0.17,15021.0,116,0.13233289550781252,call,2026-09-04,SPY,769.739990234375,2026-08-05T21:33:25.711913+00:00
837.0,0.16,0.17,0.35,1.0,251,0.13294324096679688,call,2026-09-04,SPY,769.739990234375,2026-08-05T21:33:25.711913+00:00
838.0,0.15,0.17,0.34,87.0,253,0.13453013916015627,call,2026-09-04,SPY,769.739990234375,2026-08-05T21:33:25.711913+00:00
839.0,0.15,0.16,0.41,256.0,197,0.13501841552734378,call,2026-09-04,SPY,769.739990234375,2026-08-05T21:33:25.711913+00:00
840.0,0.14,0.15,0.17,13.0,91,0.1355066918945313,call,2026-09-04,SPY,769.739990234375,2026-08-05T21:33:25.711913+00:00
841.0,0.13,0.15,0.52,1.0,43,0.13697152099609378,call,2026-09-04,SPY,769.739990234375,2026-08-05T21:33:25.711913+00:00
843.0,0.12,0.13,0.48,34.0,307,0.1374597973632813,call,2026-09-04,SPY,769.739990234375,2026-08-05T21:33:25.711913+00:00
845.0,0.11,0.12,0.11,3.0,61,0.13916876464843753,call,2026-09-04,SPY,769.739990234375,2026-08-05T21:33:25.711913+00:00
846.0,0.11,0.12,0.35,60.0,102,0.14063359375,call,2026-09-04,SPY,769.739990234375,2026-08-05T21:33:25.711913+00:00
847.0,0.1,0.12,0.28,8.0,27,0.1420984228515625,call,2026-09-04,SPY,769.739990234375,2026-08-05T21:33:25.711913+00:00
849.0,0.09,0.11,0.22,20.0,119,0.143563251953125,call,2026-09-04,SPY,769.739990234375,2026-08-05T21:33:25.711913+00:00
850.0,0.09,0.1,0.1,15137.0,149,0.14331911376953127,call,2026-09-04,SPY,769.739990234375,2026-08-05T21:33:25.711913+00:00
851.0,0.09,0.1,0.06,240.0,195,0.1450280810546875,call,2026-09-04,SPY,769.739990234375,2026-08-05T21:33:25.711913+00:00
852.0,0.08,0.1,0.19,3.0,121,0.14649291015625,call,2026-09-04,SPY,769.739990234375,2026-08-05T21:33:25.711913+00:00
853.0,0.08,0.09,0.1,10.0,727,0.14600463378906248,call,2026-09-04,SPY,769.739990234375,2026-08-05T21:33:25.711913+00:00
854.0,0.08,0.09,0.23,4.0,600,0.147469462890625,call,2026-09-04,SPY,769.739990234375,2026-08-05T21:33:25.711913+00:00
855.0,0.08,0.09,0.14,2.0,1252,0.1489342919921875,call,2026-09-04,SPY,769.739990234375,2026-08-05T21:33:25.711913+00:00
856.0,0.07,0.09,0.06,440.0,454,0.15039912109375003,call,2026-09-04,SPY,769.739990234375,2026-08-05T21:33:25.711913+00:00
857.0,0.07,0.08,0.2,1.0,279,0.149422568359375,call,2026-09-04,SPY,769.739990234375,2026-08-05T21:33:25.711913+00:00
858.0,0.07,0.08,0.2,13.0,2051,0.15088739746093754,call,2026-09-04,SPY,769.739990234375,2026-08-05T21:33:25.711913+00:00
859.0,0.07,0.08,0.19,8.0,346,0.15235222656250003,call,2026-09-04,SPY,769.739990234375,2026-08-05T21:33:25.711913+00:00
860.0,0.06,0.08,0.19,3.0,729,0.1538170556640625,call,2026-09-04,SPY,769.739990234375,2026-08-05T21:33:25.711913+00:00
861.0,0.06,0.08,0.17,9.0,793,0.15528188476562502,call,2026-09-04,SPY,769.739990234375,2026-08-05T21:33:25.711913+00:00
862.0,0.06,0.07,0.16,1.0,21,0.15430533203125002,call,2026-09-04,SPY,769.739990234375,2026-08-05T21:33:25.711913+00:00
864.0,0.06,0.07,0.16,8.0,870,0.157234990234375,call,2026-09-04,SPY,769.739990234375,2026-08-05T21:33:25.711913+00:00
865.0,0.06,0.07,0.05,50.0,706,0.15869981933593752,call,2026-09-04,SPY,769.739990234375,2026-08-05T21:33:25.711913+00:00
869.0,0.05,0.06,0.14,7.0,3921,0.161141201171875,call,2026-09-04,SPY,769.739990234375,2026-08-05T21:33:25.711913+00:00
870.0,0.05,0.06,0.2,5.0,2600,0.1626060302734375,call,2026-09-04,SPY,769.739990234375,2026-08-05T21:33:25.711913+00:00
875.0,0.04,0.06,0.02,,34,0.1694418994140625,call,2026-09-04,SPY,769.739990234375,2026-08-05T21:33:25.711913+00:00
880.0,0.04,0.05,0.12,1.0,2,0.17285983398437502,call,2026-09-04,SPY,769.739990234375,2026-08-05T21:33:25.711913+00:00
890.0,0.03,0.04,0.06,1.0,34,0.18164880859375,call,2026-09-04,SPY,769.739990234375,2026-08-05T21:33:25.711913+00:00
1000.0,0.0,0.01,0.01,6.0,4,0.273444765625,call,2026-09-04,SPY,769.739990234375,2026-08-05T21:33:25.711913+00:00
500.0,0.05,0.07,0.06,1.0,300,0.5195360546875,put,2026-09-04,SPY,769.739990234375,2026-08-05T21:33:25.711913+00:00
510.0,0.06,0.07,0.08,1.0,11,0.5009815527343751,put,2026-09-04,SPY,769.739990234375,2026-08-05T21:33:25.711913+00:00
515.0,0.06,0.08,0.09,5.0,9,0.500005,put,2026-09-04,SPY,769.739990234375,2026-08-05T21:33:25.711913+00:00
520.0,0.07,0.08,0.22,,1,0.4892629199218751,put,2026-09-04,SPY,769.739990234375,2026-08-05T21:33:25.711913+00:00
525.0,0.07,0.09,0.11,1.0,61,0.48340360351562506,put,2026-09-04,SPY,769.739990234375,2026-08-05T21:33:25.711913+00:00
535.0,0.08,0.1,0.15,5.0,19,0.46680220703125,put,2026-09-04,SPY,769.739990234375,2026-08-05T21:33:25.711913+00:00
540.0,0.09,0.1,0.1,1.0,18,0.45606012695312503,put,2026-09-04,SPY,769.739990234375,2026-08-05T21:33:25.711913+00:00
545.0,0.09,0.11,0.11,202.0,222,0.44922425781249997,put,2026-09-04,SPY,769.739990234375,2026-08-05T21:33:25.711913+00:00
550.0,0.1,0.11,0.12,2.0,124,0.43848217773437503,put,2026-09-04,SPY,769.739990234375,2026-08-05T21:33:25.711913+00:00
555.0,0.11,0.12,0.2,1.0,15,0.43164630859375,put,2026-09-04,SPY,769.739990234375,2026-08-05T21:33:25.711913+00:00
560.0,0.11,0.13,0.13,1.0,18,0.424810439453125,put,2026-09-04,SPY,769.739990234375,2026-08-05T21:33:25.711913+00:00
565.0,0.12,0.13,0.14,1.0,74,0.414068359375,put,2026-09-04,SPY,769.739990234375,2026-08-05T21:33:25.711913+00:00
570.0,0.13,0.14,0.14,2.0,114,0.4062559375,put,2026-09-04,SPY,769.739990234375,2026-08-05T21:33:25.711913+00:00
575.0,0.14,0.15,0.15,1.0,40,0.39893179199218753,put,2026-09-04,SPY,769.739990234375,2026-08-05T21:33:25.711913+00:00
580.0,0.15,0.16,0.2,1.0,648,0.39111937011718745,put,2026-09-04,SPY,769.739990234375,2026-08-05T21:33:25.711913+00:00
585.0,0.16,0.17,0.47,20.0,81,0.38281867187499996,put,2026-09-04,SPY,769.739990234375,2026-08-05T21:33:25.711913+00:00
590.0,0.17,0.18,0.18,60.0,272,0.37500625,put,2026-09-04,SPY,769.739990234375,2026-08-05T21:33:25.711913+00:00
595.0,0.18,0.19,0.19,2.0,87,0.3667055517578125,put,2026-09-04,SPY,769.739990234375,2026-08-05T21:33:25.711913+00:00
600.0,0.2,0.21,0.21,52.0,268,0.36035795898437495,put,2026-09-04,SPY,769.739990234375,2026-08-05T21:33:25.711913+00:00
605.0,0.21,0.22,0.24,2.0,73,0.35156898437499995,put,2026-09-04,SPY,769.739990234375,2026-08-05T21:33:25.711913+00:00
610.0,0.22,0.24,0.22,5.0,301,0.344733115234375,put,2026-09-04,SPY,769.739990234375,2026-08-05T21:33:25.711913+00:00
615.0,0.24,0.25,0.23,1.0,64,0.33570000244140624,put,2026-09-04,SPY,769.739990234375,2026-08-05T21:33:25.711913+00:00
620.0,0.26,0.27,0.25,54.0,42,0.32813171874999997,put,2026-09-04,SPY,769.739990234375,2026-08-05T21:33:25.711913+00:00
625.0,0.28,0.29,0.28,4.0,86,0.3205634350585937,put,2026-09-04,SPY,769.739990234375,2026-08-05T21:33:25.711913+00:00
630.0,0.3,0.31,0.29,99.0,1059,0.31250687499999996,put,2026-09-04,SPY,769.739990234375,2026-08-05T21:33:25.711913+00:00
635.0,0.32,0.34,0.36,5.0,53,0.305671005859375,put,2026-09-04,SPY,769.739990234375,2026-08-05T21:33:25.711913+00:00
640.0,0.35,0.36,0.35,1.0,132,0.2973703076171874,put,2026-09-04,SPY,769.739990234375,2026-08-05T21:33:25.711913+00:00
645.0,0.38,0.39,0.39,169.0,601,0.2898020239257812,put,2026-09-04,SPY,769.739990234375,2026-08-05T21:33:25.711913+00:00
650.0,0.41,0.43,0.44,63.0,600,0.28284408569335934,put,2026-09-04,SPY,769.739990234375,2026-08-05T21:33:25.711913+00:00
655.0,0.45,0.46,0.42,19.0,717,0.27466545654296876,put,2026-09-04,SPY,769.739990234375,2026-08-05T21:33:25.711913+00:00
660.0,0.49,0.5,0.51,104.0,316,0.26709717285156254,put,2026-09-04,SPY,769.739990234375,2026-08-05T21:33:25.711913+00:00
665.0,0.54,0.55,0.53,2.0,305,0.25977302734375,put,2026-09-04,SPY,769.739990234375,2026-08-05T21:33:25.711913+00:00
670.0,0.59,0.6,0.57,174.0,818,0.25220474365234374,put,2026-09-04,SPY,769.739990234375,2026-08-05T21:33:25.711913+00:00
675.0,0.64,0.66,0.66,165.0,2367,0.24488059814453128,put,2026-09-04,SPY,769.739990234375,2026-08-05T21:33:25.711913+00:00
680.0,0.71,0.73,0.72,176.0,1324,0.2375564526367187,put,2026-09-04,SPY,769.739990234375,2026-08-05T21:33:25.711913+00:00
685.0,0.79,0.81,0.75,112.0,413,0.23035437622070312,put,2026-09-04,SPY,769.739990234375,2026-08-05T21:33:25.711913+00:00
690.0,0.88,0.9,0.84,109.0,802,0.22296919616699218,put,2026-09-04,SPY,769.739990234375,2026-08-05T21:33:25.711913+00:00
691.0,0.9,0.92,0.9,57.0,199,0.2215654016113281,put,2026-09-04,SPY,769.739990234375,2026-08-05T21:33:25.711913+00:00
692.0,0.92,0.94,0.91,81.0,198,0.22010057250976559,put,2026-09-04,SPY,769.739990234375,2026-08-05T21:33:25.711913+00:00
693.0,0.94,0.96,0.88,77.0,157,0.21857470886230468,put,2026-09-04,SPY,769.739990234375,2026-08-05T21:33:25.711913+00:00
694.0,0.96,0.98,0.9,20.0,85,0.21704884521484374,put,2026-09-04,SPY,769.739990234375,2026-08-05T21:33:25.711913+00:00
695.0,0.98,1.0,1.0,78.0,658,0.21546194702148438,put,2026-09-04,SPY,769.739990234375,2026-08-05T21:33:25.711913+00:00
696.0,1.0,1.02,0.97,5.0,116,0.21393608337402342,put,2026-09-04,SPY,769.739990234375,2026-08-05T21:33:25.711913+00:00
697.0,1.03,1.05,1.02,13.0,98,0.21277642700195312,put,2026-09-04,SPY,769.739990234375,2026-08-05T21:33:25.711913+00:00
698.0,1.05,1.07,1.08,5.0,414,0.21112849426269528,put,2026-09-04,SPY,769.739990234375,2026-08-05T21:33:25.711913+00:00
699.0,1.08,1.1,1.1,25.0,67,0.20990780334472653,put,2026-09-04,SPY,769.739990234375,2026-08-05T21:33:25.711913+00:00
700.0,1.1,1.13,1.08,171.0,2850,0.20862607788085932,put,2026-09-04,SPY,769.739990234375,2026-08-05T21:33:25.711913+00:00
701.0,1.13,1.15,1.05,9.0,495,0.20691711059570309,put,2026-09-04,SPY,769.739990234375,2026-08-05T21:33:25.711913+00:00
702.0,1.16,1.18,1.18,15.0,272,0.20557435058593748,put,2026-09-04,SPY,769.739990234375,2026-08-05T21:33:25.711913+00:00
703.0,1.19,1.21,1.15,35.0,125,0.2041705560302734,put,2026-09-04,SPY,769.739990234375,2026-08-05T21:33:25.711913+00:00
704.0,1.22,1.24,1.24,86.0,231,0.20276676147460934,put,2026-09-04,SPY,769.739990234375,2026-08-05T21:33:25.711913+00:00
705.0,1.25,1.27,1.22,79.0,1028,0.20130193237304686,put,2026-09-04,SPY,769.739990234375,2026-08-05T21:33:25.711913+00:00
706.0,1.28,1.31,1.37,92.0,288,0.20020331054687499,put,2026-09-04,SPY,769.739990234375,2026-08-05T21:33:25.711913+00:00
707.0,1.31,1.34,1.26,7.0,140,0.19867744689941402,put,2026-09-04,SPY,769.739990234375,2026-08-05T21:33:25.711913+00:00
708.0,1.35,1.37,1.27,77.0,302,0.1970905487060547,put,2026-09-04,SPY,769.739990234375,2026-08-05T21:33:25.711913+00:00
709.0,1.38,1.41,1.38,1.0,406,0.19586985778808597,put,2026-09-04,SPY,769.739990234375,2026-08-05T21:33:25.711913+00:00
710.0,1.42,1.45,1.42,228.0,1083,0.1945270977783203,put,2026-09-04,SPY,769.739990234375,2026-08-05T21:33:25.711913+00:00
711.0,1.46,1.49,1.47,1.0,160,0.1931843377685547,put,2026-09-04,SPY,769.739990234375,2026-08-05T21:33:25.711913+00:00
712.0,1.5,1.53,1.4,19.0,316,0.19184157775878907,put,2026-09-04,SPY,769.739990234375,2026-08-05T21:33:25.711913+00:00
713.0,1.54,1.57,1.44,30.0,658,0.1903767486572266,put,2026-09-04,SPY,769.739990234375,2026-08-05T21:33:25.711913+00:00
714.0,1.58,1.61,1.58,101.0,386,0.18891191955566405,put,2026-09-04,SPY,769.739990234375,2026-08-05T21:33:25.711913+00:00
715.0,1.63,1.65,1.64,469.0,1349,0.18744709045410157,put,2026-09-04,SPY,769.739990234375,2026-08-05T21:33:25.711913+00:00
716.0,1.67,1.7,1.71,44.0,393,0.18616536499023437,put,2026-09-04,SPY,769.739990234375,2026-08-05T21:33:25.711913+00:00
717.0,1.72,1.75,1.59,207.0,285,0.18488363952636716,put,2026-09-04,SPY,769.739990234375,2026-08-05T21:33:25.711913+00:00
718.0,1.77,1.8,1.64,151.0,195,0.1834798449707031,put,2026-09-04,SPY,769.739990234375,2026-08-05T21:33:25.711913+00:00
719.0,1.82,1.85,1.71,176.0,144,0.18207605041503905,put,2026-09-04,SPY,769.739990234375,2026-08-05T21:33:25.711913+00:00
720.0,1.87,1.9,1.87,2170.0,1341,0.180672255859375,put,2026-09-04,SPY,769.739990234375,2026-08-05T21:33:25.711913+00:00
721.0,1.92,1.96,1.81,21.0,101,0.17939053039550779,put,2026-09-04,SPY,769.739990234375,2026-08-05T21:33:25.711913+00:00
722.0,1.98,2.01,1.96,124.0,241,0.17786466674804688,put,2026-09-04,SPY,769.739990234375,2026-08-05T21:33:25.711913+00:00
723.0,2.04,2.07,2.12,128.0,282,0.17652190673828128,put,2026-09-04,SPY,769.739990234375,2026-08-05T21:33:25.711913+00:00
724.0,2.1,2.13,2.12,13.0,368,0.1751181121826172,put,2026-09-04,SPY,769.739990234375,2026-08-05T21:33:25.711913+00:00
725.0,2.16,2.2,2.21,479.0,748,0.1739279385375977,put,2026-09-04,SPY,769.739990234375,2026-08-05T21:33:25.711913+00:00
726.0,2.23,2.26,2.06,30.0,170,0.17243259216308598,put,2026-09-04,SPY,769.739990234375,2026-08-05T21:33:25.711913+00:00
727.0,2.3,2.33,2.27,36.0,492,0.17108983215332033,put,2026-09-04,SPY,769.739990234375,2026-08-05T21:33:25.711913+00:00
728.0,2.37,2.4,2.27,7.0,169,0.16974707214355472,put,2026-09-04,SPY,769.739990234375,2026-08-05T21:33:25.711913+00:00
729.0,2.44,2.48,2.5,26.0,229,0.168526381225586,put,2026-09-04,SPY,769.739990234375,2026-08-05T21:33:25.711913+00:00
730.0,2.52,2.56,2.56,406.0,1511,0.16721413848876954,put,2026-09-04,SPY,769.739990234375,2026-08-05T21:33:25.711913+00:00
731.0,2.6,2.63,2.4,29.0,324,0.1656577575683594,put,2026-09-04,SPY,769.739990234375,2026-08-05T21:33:25.711913+00:00
732.0,2.68,2.72,2.62,52.0,546,0.16446758392333982,put,2026-09-04,SPY,769.739990234375,2026-08-05T21:33:25.711913+00:00
733.0,2.77,2.8,2.59,111.0,250,0.16297223754882814,put,2026-09-04,SPY,769.739990234375,2026-08-05T21:33:25.711913+00:00
734.0,2.86,2.89,2.79,92.0,193,0.1616599948120117,put,2026-09-04,SPY,769.739990234375,2026-08-05T21:33:25.711913+00:00
735.0,2.95,2.99,3.0,449.0,386,0.16043930389404298,put,2026-09-04,SPY,769.739990234375,2026-08-05T21:33:25.711913+00:00
736.0,3.05,3.08,3.18,80.0,587,0.1589744747924805,put,2026-09-04,SPY,769.739990234375,2026-08-05T21:33:25.711913+00:00
737.0,3.15,3.18,3.2,109.0,418,0.15760119750976562,put,2026-09-04,SPY,769.739990234375,2026-08-05T21:33:25.711913+00:00
738.0,3.25,3.29,3.05,333.0,533,0.1563805065917969,put,2026-09-04,SPY,769.739990234375,2026-08-05T21:33:25.711913+00:00
739.0,3.36,3.4,3.42,59.0,401,0.1550377465820313,put,2026-09-04,SPY,769.739990234375,2026-08-05T21:33:25.711913+00:00
740.0,3.47,3.51,3.49,431.0,1284,0.15366446929931643,put,2026-09-04,SPY,769.739990234375,2026-08-05T21:33:25.711913+00:00
741.0,3.59,3.63,3.36,15.0,366,0.15235222656250003,put,2026-09-04,SPY,769.739990234375,2026-08-05T21:33:25.711913+00:00
742.0,3.71,3.75,3.46,45.0,547,0.15097894927978522,put,2026-09-04,SPY,769.739990234375,2026-08-05T21:33:25.711913+00:00
743.0,3.84,3.88,3.9,98.0,676,0.14966670654296876,put,2026-09-04,SPY,769.739990234375,2026-08-05T21:33:25.711913+00:00
744.0,3.97,4.01,4.13,36.0,230,0.1482934292602539,put,2026-09-04,SPY,769.739990234375,2026-08-05T21:33:25.711913+00:00
745.0,4.11,4.16,4.21,217.0,938,0.14713377288818358,put,2026-09-04,SPY,769.739990234375,2026-08-05T21:33:25.711913+00:00
746.0,4.25,4.3,4.3,106.0,767,0.1457299783325195,put,2026-09-04,SPY,769.739990234375,2026-08-05T21:33:25.711913+00:00
747.0,4.4,4.45,4.17,126.0,177,0.14441773559570312,put,2026-09-04,SPY,769.739990234375,2026-08-05T21:33:25.711913+00:00
748.0,4.55,4.61,4.27,73.0,148,0.14313601013183597,put,2026-09-04,SPY,769.739990234375,2026-08-05T21:33:25.711913+00:00
749.0,4.72,4.77,4.71,27.0,76,0.1417627328491211,put,2026-09-04,SPY,769.739990234375,2026-08-05T21:33:25.711913+00:00
750.0,4.89,4.94,4.97,711.0,1984,0.1404504901123047,put,2026-09-04,SPY,769.739990234375,2026-08-05T21:33:25.711913+00:00
751.0,5.06,5.12,4.88,68.0,596,0.13916876464843753,put,2026-09-04,SPY,769.739990234375,2026-08-05T21:33:25.711913+00:00
752.0,5.25,5.3,4.96,64.0,134,0.13776497009277344,put,2026-09-04,SPY,769.739990234375,2026-08-05T21:33:25.711913+00:00
753.0,5.44,5.5,5.57,65.0,136,0.13654427917480472,put,2026-09-04,SPY,769.739990234375,2026-08-05T21:33:25.711913+00:00
754.0,5.64,5.7,5.32,161.0,349,0.1352320364379883,put,2026-09-04,SPY,769.739990234375,2026-08-05T21:33:25.711913+00:00
755.0,5.85,5.91,5.97,264.0,340,0.13391979370117188,put,2026-09-04,SPY,769.739990234375,2026-08-05T21:33:25.711913+00:00
756.0,6.07,6.13,5.79,31.0,81,0.1326380682373047,put,2026-09-04,SPY,769.739990234375,2026-08-05T21:33:25.711913+00:00
757.0,6.3,6.36,6.48,129.0,411,0.1313563427734375,put,2026-09-04,SPY,769.739990234375,2026-08-05T21:33:25.711913+00:00
758.0,6.51,6.6,6.19,158.0,800,0.13008987594604488,put,2026-09-04,SPY,769.739990234375,2026-08-05T21:33:25.711913+00:00
759.0,6.76,6.85,6.42,195.0,179,0.1288234091186523,put,2026-09-04,SPY,769.739990234375,2026-08-05T21:33:25.711913+00:00
760.0,7.02,7.11,7.25,231.0,697,0.1275416836547852,put,2026-09-04,SPY,769.739990234375,2026-08-05T21:33:25.711913+00:00
763.0,7.86,7.96,8.21,56.0,95,0.12375754180908202,put,2026-09-04,SPY,769.739990234375,2026-08-05T21:33:25.711913+00:00
765.0,8.48,8.59,8.66,401.0,488,0.1212856427001953,put,2026-09-04,SPY,769.739990234375,2026-08-05T21:33:25.711913+00:00
767.0,9.16,9.27,9.22,181.0,235,0.11876796768188475,put,2026-09-04,SPY,769.739990234375,2026-08-05T21:33:25.711913+00:00
770.0,10.28,10.39,10.5,3756.0,235,0.11493804992675781,put,2026-09-04,SPY,769.739990234375,2026-08-05T21:33:25.711913+00:00
774.0,11.99,12.11,12.41,291.0,4,0.10993321716308593,put,2026-09-04,SPY,769.739990234375,2026-08-05T21:33:25.711913+00:00
776.0,12.94,13.06,13.23,146.0,37,0.10730873168945312,put,2026-09-04,SPY,769.739990234375,2026-08-05T21:33:25.711913+00:00
777.0,13.44,13.56,13.03,70.0,7,0.10596597167968749,put,2026-09-04,SPY,769.739990234375,2026-08-05T21:33:25.711913+00:00
778.0,12.6,15.7,14.35,35.0,21,0.12360495544433595,put,2026-09-04,SPY,769.739990234375,2026-08-05T21:33:25.711913+00:00
779.0,13.87,15.21,14.39,890.0,25,0.11039097625732422,put,2026-09-04,SPY,769.739990234375,2026-08-05T21:33:25.711913+00:00
780.0,14.62,15.8,14.94,1046.0,39,0.10956700988769531,put,2026-09-04,SPY,769.739990234375,2026-08-05T21:33:25.711913+00:00
794.0,23.25,26.43,29.2,8.0,7,0.10999425170898436,put,2026-09-04,SPY,769.739990234375,2026-08-05T21:33:25.711913+00:00
799.0,27.46,30.6,33.67,2.0,0,0.10718666259765625,put,2026-09-04,SPY,769.739990234375,2026-08-05T21:33:25.711913+00:00
375.0,395.73,399.49,396.97,3.0,14,0.9984131018066407,call,2026-09-30,SPY,769.739990234375,2026-08-05T21:33:25.711913+00:00
380.0,390.81,394.52,393.24,3.0,3,0.985473778076172,call,2026-09-30,SPY,769.739990234375,2026-08-05T21:33:25.711913+00:00
410.0,360.98,364.68,347.15,3.0,1,0.900269552001953,call,2026-09-30,SPY,769.739990234375,2026-08-05T21:33:25.711913+00:00
415.0,356.01,359.25,340.0,41.0,73,0.8740246972656249,call,2026-09-30,SPY,769.739990234375,2026-08-05T21:33:25.711913+00:00
420.0,350.98,354.74,358.89,2.0,79,0.8716443499755859,call,2026-09-30,SPY,769.739990234375,2026-08-05T21:33:25.711913+00:00
425.0,0.0,0.0,327.0,2.0,0,1.0000000000000003e-05,call,2026-09-30,SPY,769.739990234375,2026-08-05T21:33:25.711913+00:00
440.0,0.0,0.0,303.01,2.0,0,1.0000000000000003e-05,call,2026-09-30,SPY,769.739990234375,2026-08-05T21:33:25.711913+00:00
450.0,0.0,0.0,303.49,,0,1.0000000000000003e-05,call,2026-09-30,SPY,769.739990234375,2026-08-05T21:33:25.711913+00:00
460.0,282.14,285.65,229.77,,0,1.0000000000000003e-05,call,2026-09-30,SPY,769.739990234375,2026-08-05T21:33:25.711913+00:00
470.0,286.58,289.97,275.35,1.0,0,1.0000000000000003e-05,call,2026-09-30,SPY,769.739990234375,2026-08-05T21:33:25.711913+00:00
475.0,281.64,285.03,266.91,1.0,80,1.0000000000000003e-05,call,2026-09-30,SPY,769.739990234375,2026-08-05T21:33:25.711913+00:00
480.0,291.46,294.98,271.0,2.0,3,0.7185086743164062,call,2026-09-30,SPY,769.739990234375,2026-08-05T21:33:25.711913+00:00
485.0,0.0,0.0,276.5,16.0,0,1.0000000000000003e-05,call,2026-09-30,SPY,769.739990234375,2026-08-05T21:33:25.711913+00:00
490.0,281.53,285.05,273.0,1.0,16,0.6947052014160158,call,2026-09-30,SPY,769.739990234375,2026-08-05T21:33:25.711913+00:00
495.0,248.12,251.5,212.11,1.0,12,1.0000000000000003e-05,call,2026-09-30,SPY,769.739990234375,2026-08-05T21:33:25.711913+00:00
500.0,271.6,275.12,241.09,28.0,60,0.6710848321533205,call,2026-09-30,SPY,769.739990234375,2026-08-05T21:33:25.711913+00:00
505.0,0.0,0.0,259.46,2.0,0,1.0000000000000003e-05,call,2026-09-30,SPY,769.739990234375,2026-08-05T21:33:25.711913+00:00
510.0,261.67,265.19,266.99,3.0,0,0.6477696356201172,call,2026-09-30,SPY,769.739990234375,2026-08-05T21:33:25.711913+00:00
515.0,226.45,229.9,228.41,1.0,205,1.0000000000000003e-05,call,2026-09-30,SPY,769.739990234375,2026-08-05T21:33:25.711913+00:00
520.0,251.75,254.92,241.02,28.0,30,0.6186561572265626,call,2026-09-30,SPY,769.739990234375,2026-08-05T21:33:25.711913+00:00
525.0,232.25,235.64,206.18,1.0,2,1.0000000000000003e-05,call,2026-09-30,SPY,769.739990234375,2026-08-05T21:33:25.711913+00:00
530.0,241.82,245.35,244.52,6.0,52,0.6022988989257814,call,2026-09-30,SPY,769.739990234375,2026-08-05T21:33:25.711913+00:00
535.0,206.75,210.19,218.8,3.0,5,1.0000000000000003e-05,call,2026-09-30,SPY,769.739990234375,2026-08-05T21:33:25.711913+00:00
540.0,231.91,235.43,235.06,28.0,42,0.5800823242187501,call,2026-09-30,SPY,769.739990234375,2026-08-05T21:33:25.711913+00:00
545.0,199.18,202.61,176.69,2.0,4,1.0000000000000003e-05,call,2026-09-30,SPY,769.739990234375,2026-08-05T21:33:25.711913+00:00
550.0,222.0,225.52,189.59,16.0,27,0.558170922241211,call,2026-09-30,SPY,769.739990234375,2026-08-05T21:33:25.711913+00:00
555.0,202.88,206.24,190.9,2.0,6,1.0000000000000003e-05,call,2026-09-30,SPY,769.739990234375,2026-08-05T21:33:25.711913+00:00
560.0,0.0,0.0,197.36,1.0,0,1.0000000000000003e-05,call,2026-09-30,SPY,769.739990234375,2026-08-05T21:33:25.711913+00:00
565.0,207.14,210.66,172.61,1.0,6,0.5257005438232423,call,2026-09-30,SPY,769.739990234375,2026-08-05T21:33:25.711913+00:00
570.0,202.19,205.71,187.75,1.0,70,0.5149584637451172,call,2026-09-30,SPY,769.739990234375,2026-08-05T21:33:25.711913+00:00
575.0,167.49,170.96,171.75,7.0,358,1.0000000000000003e-05,call,2026-09-30,SPY,769.739990234375,2026-08-05T21:33:25.711913+00:00
580.0,192.29,195.81,198.85,1.0,17,0.5377548666381836,call,2026-09-30,SPY,769.739990234375,2026-08-05T21:33:25.711913+00:00
585.0,187.35,190.87,190.01,9.0,745,0.526371923828125,call,2026-09-30,SPY,769.739990234375,2026-08-05T21:33:25.711913+00:00
590.0,152.85,156.32,169.49,2.0,60,1.0000000000000003e-05,call,2026-09-30,SPY,769.739990234375,2026-08-05T21:33:25.711913+00:00
594.0,178.46,181.98,157.94,1.0,2034,0.5060169027709961,call,2026-09-30,SPY,769.739990234375,2026-08-05T21:33:25.711913+00:00
595.0,177.47,180.99,146.3,1.0,424,0.5036975900268555,call,2026-09-30,SPY,769.739990234375,2026-08-05T21:33:25.711913+00:00
596.0,150.23,153.74,136.88,1.0,2,1.0000000000000003e-05,call,2026-09-30,SPY,769.739990234375,2026-08-05T21:33:25.711913+00:00
597.0,0.0,0.0,159.56,1.0,0,1.0000000000000003e-05,call,2026-09-30,SPY,769.739990234375,2026-08-05T21:33:25.711913+00:00
598.0,0.0,0.0,168.06,4.0,0,1.0000000000000003e-05,call,2026-09-30,SPY,769.739990234375,2026-08-05T21:33:25.711913+00:00
599.0,144.1,147.57,157.83,2.0,1617,1.0000000000000003e-05,call,2026-09-30,SPY,769.739990234375,2026-08-05T21:33:25.711913+00:00
600.0,172.53,176.05,175.5,1.0,1646,0.4923756817626954,call,2026-09-30,SPY,769.739990234375,2026-08-05T21:33:25.711913+00:00
601.0,158.28,161.67,153.42,2.0,729,1.0000000000000003e-05,call,2026-09-30,SPY,769.739990234375,2026-08-05T21:33:25.711913+00:00
602.0,170.56,174.08,154.75,40.0,37,0.4879811944580079,call,2026-09-30,SPY,769.739990234375,2026-08-05T21:33:25.711913+00:00
603.0,169.57,173.09,156.5,1.0,22,0.48566188171386715,call,2026-09-30,SPY,769.739990234375,2026-08-05T21:33:25.711913+00:00
604.0,139.25,142.73,155.99,1.0,5,1.0000000000000003e-05,call,2026-09-30,SPY,769.739990234375,2026-08-05T21:33:25.711913+00:00
605.0,167.6,171.12,155.52,1.0,4787,0.48126739440917965,call,2026-09-30,SPY,769.739990234375,2026-08-05T21:33:25.711913+00:00
606.0,166.61,169.83,147.9,2.0,1612,0.4726615234375,call,2026-09-30,SPY,769.739990234375,2026-08-05T21:33:25.711913+00:00
607.0,0.0,0.0,152.5,2.0,0,1.0000000000000003e-05,call,2026-09-30,SPY,769.739990234375,2026-08-05T21:33:25.711913+00:00
608.0,140.44,143.88,93.35,1.0,6,1.0000000000000003e-05,call,2026-09-30,SPY,769.739990234375,2026-08-05T21:33:25.711913+00:00
609.0,137.98,141.49,135.06,1.0,21,1.0000000000000003e-05,call,2026-09-30,SPY,769.739990234375,2026-08-05T21:33:25.711913+00:00
610.0,162.67,166.19,144.0,4.0,949,0.4701591070556641,call,2026-09-30,SPY,769.739990234375,2026-08-05T21:33:25.711913+00:00
611.0,0.0,0.0,157.18,2.0,0,1.0000000000000003e-05,call,2026-09-30,SPY,769.739990234375,2026-08-05T21:33:25.711913+00:00
612.0,136.74,140.19,86.8,1.0,26,1.0000000000000003e-05,call,2026-09-30,SPY,769.739990234375,2026-08-05T21:33:25.711913+00:00
613.0,130.54,134.04,148.43,2.0,3,1.0000000000000003e-05,call,2026-09-30,SPY,769.739990234375,2026-08-05T21:33:25.711913+00:00
614.0,0.0,0.0,134.74,1.0,0,1.0000000000000003e-05,call,2026-09-30,SPY,769.739990234375,2026-08-05T21:33:25.711913+00:00
615.0,157.75,161.27,128.78,3.0,581,0.4592339233398438,call,2026-09-30,SPY,769.739990234375,2026-08-05T21:33:25.711913+00:00
616.0,142.97,146.38,124.7,1.0,4,1.0000000000000003e-05,call,2026-09-30,SPY,769.739990234375,2026-08-05T21:33:25.711913+00:00
617.0,0.0,0.0,145.85,1.0,0,1.0000000000000003e-05,call,2026-09-30,SPY,769.739990234375,2026-08-05T21:33:25.711913+00:00
618.0,141.03,144.44,122.79,1.0,5,1.0000000000000003e-05,call,2026-09-30,SPY,769.739990234375,2026-08-05T21:33:25.711913+00:00
619.0,128.63,132.14,104.58,1.0,1,1.0000000000000003e-05,call,2026-09-30,SPY,769.739990234375,2026-08-05T21:33:25.711913+00:00
620.0,152.83,156.35,156.95,6.0,1233,0.4483087396240234,call,2026-09-30,SPY,769.739990234375,2026-08-05T21:33:25.711913+00:00
621.0,126.77,130.28,108.48,26.0,24,1.0000000000000003e-05,call,2026-09-30,SPY,769.739990234375,2026-08-05T21:33:25.711913+00:00
622.0,138.25,141.35,128.03,1.0,5,1.0000000000000003e-05,call,2026-09-30,SPY,769.739990234375,2026-08-05T21:33:25.711913+00:00
623.0,126.65,130.0,65.3,14.0,22,1.0000000000000003e-05,call,2026-09-30,SPY,769.739990234375,2026-08-05T21:33:25.711913+00:00
624.0,148.89,152.41,134.43,2.0,4,0.43945873046875,call,2026-09-30,SPY,769.739990234375,2026-08-05T21:33:25.711913+00:00
625.0,147.91,151.43,152.38,1.0,251,0.4373530386352539,call,2026-09-30,SPY,769.739990234375,2026-08-05T21:33:25.711913+00:00
626.0,122.13,125.65,102.28,1.0,236,1.0000000000000003e-05,call,2026-09-30,SPY,769.739990234375,2026-08-05T21:33:25.711913+00:00
627.0,145.94,149.46,124.42,2.0,22,0.43292803405761715,call,2026-09-30,SPY,769.739990234375,2026-08-05T21:33:25.711913+00:00
628.0,0.0,0.0,118.54,1.0,0,1.0000000000000003e-05,call,2026-09-30,SPY,769.739990234375,2026-08-05T21:33:25.711913+00:00
629.0,131.61,134.71,125.32,1.0,215,1.0000000000000003e-05,call,2026-09-30,SPY,769.739990234375,2026-08-05T21:33:25.711913+00:00
630.0,143.0,146.52,118.99,16.0,806,0.4265499240112305,call,2026-09-30,SPY,769.739990234375,2026-08-05T21:33:25.711913+00:00
631.0,128.44,131.86,107.6,2.0,766,1.0000000000000003e-05,call,2026-09-30,SPY,769.739990234375,2026-08-05T21:33:25.711913+00:00
632.0,141.03,144.55,109.34,1.0,53,0.42212491943359376,call,2026-09-30,SPY,769.739990234375,2026-08-05T21:33:25.711913+00:00
633.0,126.51,129.93,110.55,1.0,199,1.0000000000000003e-05,call,2026-09-30,SPY,769.739990234375,2026-08-05T21:33:25.711913+00:00
634.0,114.76,118.28,91.63,3.0,106,1.0000000000000003e-05,call,2026-09-30,SPY,769.739990234375,2026-08-05T21:33:25.711913+00:00
635.0,138.09,141.61,112.41,2.0,790,0.41571629211425776,call,2026-09-30,SPY,769.739990234375,2026-08-05T21:33:25.711913+00:00
636.0,137.11,140.63,109.91,1.0,117,0.41358008300781246,call,2026-09-30,SPY,769.739990234375,2026-08-05T21:33:25.711913+00:00
637.0,112.02,115.53,93.04,2.0,131,1.0000000000000003e-05,call,2026-09-30,SPY,769.739990234375,2026-08-05T21:33:25.711913+00:00
638.0,106.61,110.12,121.69,2.0,125,1.0000000000000003e-05,call,2026-09-30,SPY,769.739990234375,2026-08-05T21:33:25.711913+00:00
639.0,120.74,124.16,109.8,1.0,556,1.0000000000000003e-05,call,2026-09-30,SPY,769.739990234375,2026-08-05T21:33:25.711913+00:00
640.0,133.19,136.71,135.75,9.0,983,0.4050352465820312,call,2026-09-30,SPY,769.739990234375,2026-08-05T21:33:25.711913+00:00
641.0,132.21,135.29,137.05,5.0,245,0.3950560983276368,call,2026-09-30,SPY,769.739990234375,2026-08-05T21:33:25.711913+00:00
642.0,102.82,106.34,119.98,2.0,174,1.0000000000000003e-05,call,2026-09-30,SPY,769.739990234375,2026-08-05T21:33:25.711913+00:00
643.0,130.25,133.77,115.75,1.0,132,0.39859610198974615,call,2026-09-30,SPY,769.739990234375,2026-08-05T21:33:25.711913+00:00
644.0,0.0,0.0,109.33,1.0,0,1.0000000000000003e-05,call,2026-09-30,SPY,769.739990234375,2026-08-05T21:33:25.711913+00:00
645.0,128.3,131.82,130.5,1.0,503,0.3944762701416016,call,2026-09-30,SPY,769.739990234375,2026-08-05T21:33:25.711913+00:00
646.0,127.32,130.4,103.7,2.0,24,0.38468022552490233,call,2026-09-30,SPY,769.739990234375,2026-08-05T21:33:25.711913+00:00
647.0,113.07,116.49,106.4,1.0,202,1.0000000000000003e-05,call,2026-09-30,SPY,769.739990234375,2026-08-05T21:33:25.711913+00:00
648.0,112.11,115.54,105.32,1.0,4,1.0000000000000003e-05,call,2026-09-30,SPY,769.739990234375,2026-08-05T21:33:25.711913+00:00
649.0,0.0,0.0,116.07,1.0,0,1.0000000000000003e-05,call,2026-09-30,SPY,769.739990234375,2026-08-05T21:33:25.711913+00:00
650.0,123.41,126.93,125.89,1.0,1402,0.3838257418823242,call,2026-09-30,SPY,769.739990234375,2026-08-05T21:33:25.711913+00:00
651.0,109.25,112.67,113.99,1.0,7,1.0000000000000003e-05,call,2026-09-30,SPY,769.739990234375,2026-08-05T21:33:25.711913+00:00
652.0,93.42,96.93,111.15,3.0,17,1.0000000000000003e-05,call,2026-09-30,SPY,769.739990234375,2026-08-05T21:33:25.711913+00:00
653.0,107.34,110.77,98.59,2.0,25,1.0000000000000003e-05,call,2026-09-30,SPY,769.739990234375,2026-08-05T21:33:25.711913+00:00
654.0,119.51,123.03,95.91,1.0,34,0.3754945263671875,call,2026-09-30,SPY,769.739990234375,2026-08-05T21:33:25.711913+00:00
655.0,118.54,122.06,121.03,1.0,229,0.373480386352539,call,2026-09-30,SPY,769.739990234375,2026-08-05T21:33:25.711913+00:00
656.0,106.28,109.47,107.73,2.0,53,1.0000000000000003e-05,call,2026-09-30,SPY,769.739990234375,2026-08-05T21:33:25.711913+00:00
657.0,116.59,119.67,100.74,1.0,10,0.36206692626953124,call,2026-09-30,SPY,769.739990234375,2026-08-05T21:33:25.711913+00:00
658.0,0.0,0.0,106.92,1.0,0,1.0000000000000003e-05,call,2026-09-30,SPY,769.739990234375,2026-08-05T21:33:25.711913+00:00
659.0,114.64,118.16,99.6,1.0,49,0.3650576190185547,call,2026-09-30,SPY,769.739990234375,2026-08-05T21:33:25.711913+00:00
660.0,113.67,116.75,116.19,2.0,556,0.35596347167968745,call,2026-09-30,SPY,769.739990234375,2026-08-05T21:33:25.711913+00:00
661.0,112.7,115.78,91.95,1.0,15,0.35394933166503895,call,2026-09-30,SPY,769.739990234375,2026-08-05T21:33:25.711913+00:00
662.0,111.73,114.81,97.74,1.0,15,0.35193519165039056,call,2026-09-30,SPY,769.739990234375,2026-08-05T21:33:25.711913+00:00
663.0,83.21,86.72,100.65,3.0,69,1.0000000000000003e-05,call,2026-09-30,SPY,769.739990234375,2026-08-05T21:33:25.711913+00:00
664.0,109.78,113.3,116.81,1.0,113,0.35468174621582027,call,2026-09-30,SPY,769.739990234375,2026-08-05T21:33:25.711913+00:00
665.0,108.81,111.9,111.4,4.0,107,0.3459232888793945,call,2026-09-30,SPY,769.739990234375,2026-08-05T21:33:25.711913+00:00
666.0,107.85,110.93,93.21,8.0,40,0.3438786315917969,call,2026-09-30,SPY,769.739990234375,2026-08-05T21:33:25.711913+00:00
667.0,106.88,109.96,102.0,1.0,103,0.3418644915771484,call,2026-09-30,SPY,769.739990234375,2026-08-05T21:33:25.711913+00:00
668.0,105.91,108.99,80.87,1.0,126,0.33981983428955076,call,2026-09-30,SPY,769.739990234375,2026-08-05T21:33:25.711913+00:00
669.0,85.78,88.84,54.79,1.0,275,1.0000000000000003e-05,call,2026-09-30,SPY,769.739990234375,2026-08-05T21:33:25.711913+00:00
670.0,103.97,107.06,110.16,1.0,2863,0.33591362335205077,call,2026-09-30,SPY,769.739990234375,2026-08-05T21:33:25.711913+00:00
671.0,103.01,106.09,90.99,1.0,67,0.33386896606445315,call,2026-09-30,SPY,769.739990234375,2026-08-05T21:33:25.711913+00:00
672.0,102.04,105.13,97.0,1.0,34,0.33194637786865233,call,2026-09-30,SPY,769.739990234375,2026-08-05T21:33:25.711913+00:00
673.0,101.08,104.16,81.45,1.0,34,0.3299017205810546,call,2026-09-30,SPY,769.739990234375,2026-08-05T21:33:25.711913+00:00
674.0,100.11,103.2,80.49,3.0,53,0.3279791323852539,call,2026-09-30,SPY,769.739990234375,2026-08-05T21:33:25.711913+00:00
675.0,99.15,102.23,100.65,1.0,433,0.32590395782470705,call,2026-09-30,SPY,769.739990234375,2026-08-05T21:33:25.711913+00:00
676.0,98.19,101.27,86.13,1.0,45,0.32398136962890617,call,2026-09-30,SPY,769.739990234375,2026-08-05T21:33:25.711913+00:00
677.0,97.22,100.31,79.4,9.0,274,0.3220587814331054,call,2026-09-30,SPY,769.739990234375,2026-08-05T21:33:25.711913+00:00
678.0,96.26,99.35,80.0,10.0,30,0.32010567596435535,call,2026-09-30,SPY,769.739990234375,2026-08-05T21:33:25.711913+00:00
679.0,95.3,98.39,72.5,1.0,89,0.31818308776855464,call,2026-09-30,SPY,769.739990234375,2026-08-05T21:33:25.711913+00:00
680.0,94.34,97.43,98.48,1.0,1511,0.3162299822998046,call,2026-09-30,SPY,769.739990234375,2026-08-05T21:33:25.711913+00:00
681.0,93.38,96.47,68.0,1.0,41,0.3142463595581054,call,2026-09-30,SPY,769.739990234375,2026-08-05T21:33:25.711913+00:00
682.0,92.42,95.51,81.77,2.0,140,0.3122932540893554,call,2026-09-30,SPY,769.739990234375,2026-08-05T21:33:25.711913+00:00
683.0,91.46,94.55,81.55,1.0,155,0.3103096313476562,call,2026-09-30,SPY,769.739990234375,2026-08-05T21:33:25.711913+00:00
684.0,90.5,93.59,61.43,4.0,59,0.30832600860595705,call,2026-09-30,SPY,769.739990234375,2026-08-05T21:33:25.711913+00:00
685.0,89.55,92.64,85.15,3.0,613,0.3064797135925293,call,2026-09-30,SPY,769.739990234375,2026-08-05T21:33:25.711913+00:00
686.0,88.59,91.68,62.93,3.0,104,0.3044808322143554,call,2026-09-30,SPY,769.739990234375,2026-08-05T21:33:25.711913+00:00
687.0,87.64,90.73,91.19,1.0,196,0.30261927856445314,call,2026-09-30,SPY,769.739990234375,2026-08-05T21:33:25.711913+00:00
688.0,86.68,89.78,70.97,18.0,84,0.30072720764160155,call,2026-09-30,SPY,769.739990234375,2026-08-05T21:33:25.711913+00:00
689.0,85.73,88.82,89.26,1.0,170,0.29871306762695304,call,2026-09-30,SPY,769.739990234375,2026-08-05T21:33:25.711913+00:00
690.0,84.78,87.87,89.82,1.0,807,0.29682099670410156,call,2026-09-30,SPY,769.739990234375,2026-08-05T21:33:25.711913+00:00
691.0,83.83,86.92,86.61,1.0,309,0.29492892578124996,call,2026-09-30,SPY,769.739990234375,2026-08-05T21:33:25.711913+00:00
692.0,82.88,85.98,66.35,10.0,10,0.29312840667724605,call,2026-09-30,SPY,769.739990234375,2026-08-05T21:33:25.711913+00:00
693.0,81.93,85.03,52.56,1.0,0,0.2912058184814452,call,2026-09-30,SPY,769.739990234375,2026-08-05T21:33:25.711913+00:00
694.0,80.99,84.08,52.19,1.0,1,0.2892832302856445,call,2026-09-30,SPY,769.739990234375,2026-08-05T21:33:25.711913+00:00
695.0,80.04,83.13,82.28,1.0,754,0.28733012481689446,call,2026-09-30,SPY,769.739990234375,2026-08-05T21:33:25.711913+00:00
696.0,79.09,82.19,54.78,3.0,6,0.28551434707641593,call,2026-09-30,SPY,769.739990234375,2026-08-05T21:33:25.711913+00:00
698.0,77.21,80.3,65.61,1.0,16,0.28171494659423824,call,2026-09-30,SPY,769.739990234375,2026-08-05T21:33:25.711913+00:00
699.0,76.26,79.36,64.09,2.0,2,0.27985339294433587,call,2026-09-30,SPY,769.739990234375,2026-08-05T21:33:25.711913+00:00
700.0,75.32,78.42,77.56,11.0,2584,0.2779918392944336,call,2026-09-30,SPY,769.739990234375,2026-08-05T21:33:25.711913+00:00
701.0,74.38,77.48,76.58,2.0,2,0.276099768371582,call,2026-09-30,SPY,769.739990234375,2026-08-05T21:33:25.711913+00:00
702.0,73.44,76.54,50.59,45.0,43,0.2742076974487304,call,2026-09-30,SPY,769.739990234375,2026-08-05T21:33:25.711913+00:00
704.0,71.57,74.67,58.5,1.0,0,0.270515107421875,call,2026-09-30,SPY,769.739990234375,2026-08-05T21:33:25.711913+00:00
705.0,70.64,73.74,71.95,17.0,939,0.2687145883178711,call,2026-09-30,SPY,769.739990234375,2026-08-05T21:33:25.711913+00:00
706.0,69.7,72.81,65.67,1.0,8,0.26688355194091795,call,2026-09-30,SPY,769.739990234375,2026-08-05T21:33:25.711913+00:00
707.0,68.77,71.88,43.67,2.0,2,0.2650525155639648,call,2026-09-30,SPY,769.739990234375,2026-08-05T21:33:25.711913+00:00
708.0,67.85,70.95,47.61,1.0,1,0.2632214791870118,call,2026-09-30,SPY,769.739990234375,2026-08-05T21:33:25.711913+00:00
709.0,66.92,70.02,49.91,2.0,5,0.2613599255371094,call,2026-09-30,SPY,769.739990234375,2026-08-05T21:33:25.711913+00:00
710.0,65.99,69.1,67.32,4.0,968,0.2595899237060547,call,2026-09-30,SPY,769.739990234375,2026-08-05T21:33:25.711913+00:00
711.0,65.07,68.17,65.19,1.0,16,0.2576978527832031,call,2026-09-30,SPY,769.739990234375,2026-08-05T21:33:25.711913+00:00
712.0,64.14,67.25,56.42,1.0,3,0.25592785095214843,call,2026-09-30,SPY,769.739990234375,2026-08-05T21:33:25.711913+00:00
713.0,63.22,66.33,39.62,3.0,3,0.25411207321167,call,2026-09-30,SPY,769.739990234375,2026-08-05T21:33:25.711913+00:00
715.0,61.38,64.49,65.52,2.0,1952,0.2504652590942382,call,2026-09-30,SPY,769.739990234375,2026-08-05T21:33:25.711913+00:00
716.0,60.47,63.58,33.69,82.0,44,0.24872577453613282,call,2026-09-30,SPY,769.739990234375,2026-08-05T21:33:25.711913+00:00
717.0,59.55,62.67,36.89,1.0,2,0.24695577270507812,call,2026-09-30,SPY,769.739990234375,2026-08-05T21:33:25.711913+00:00
718.0,58.64,61.76,60.0,2.0,33,0.24518577087402343,call,2026-09-30,SPY,769.739990234375,2026-08-05T21:33:25.711913+00:00
719.0,57.73,60.85,37.47,1.0,1,0.24340051040649413,call,2026-09-30,SPY,769.739990234375,2026-08-05T21:33:25.711913+00:00
720.0,56.83,59.94,58.16,1.0,1681,0.24158473266601563,call,2026-09-30,SPY,769.739990234375,2026-08-05T21:33:25.711913+00:00
721.0,55.92,59.04,46.68,1.0,26,0.23986050674438475,call,2026-09-30,SPY,769.739990234375,2026-08-05T21:33:25.711913+00:00
722.0,55.02,58.14,41.71,1.0,38,0.23812102218627929,call,2026-09-30,SPY,769.739990234375,2026-08-05T21:33:25.711913+00:00
723.0,54.12,57.24,34.88,2.0,2,0.2363662789916992,call,2026-09-30,SPY,769.739990234375,2026-08-05T21:33:25.711913+00:00
724.0,53.23,56.35,56.02,1.0,22,0.2346878289794922,call,2026-09-30,SPY,769.739990234375,2026-08-05T21:33:25.711913+00:00
725.0,52.33,55.46,59.15,1.0,2024,0.23299412033081057,call,2026-09-30,SPY,769.739990234375,2026-08-05T21:33:25.711913+00:00
726.0,51.44,54.57,41.29,1.0,51,0.2312698944091797,call,2026-09-30,SPY,769.739990234375,2026-08-05T21:33:25.711913+00:00
727.0,50.55,53.68,48.0,1.0,27,0.2295304098510742,call,2026-09-30,SPY,769.739990234375,2026-08-05T21:33:25.711913+00:00
728.0,49.66,52.79,32.96,2.0,23,0.2277604080200195,call,2026-09-30,SPY,769.739990234375,2026-08-05T21:33:25.711913+00:00
729.0,48.78,51.91,30.81,2.0,8,0.2260819580078125,call,2026-09-30,SPY,769.739990234375,2026-08-05T21:33:25.711913+00:00
730.0,47.9,51.03,50.0,25.0,5146,0.2243729907226562,call,2026-09-30,SPY,769.739990234375,2026-08-05T21:33:25.711913+00:00
731.0,47.02,50.16,47.56,2.0,78,0.22275557525634765,call,2026-09-30,SPY,769.739990234375,2026-08-05T21:33:25.711913+00:00
732.0,46.15,49.29,36.83,15.0,340,0.2210923838806152,call,2026-09-30,SPY,769.739990234375,2026-08-05T21:33:25.711913+00:00
733.0,45.28,48.42,41.81,3.0,138,0.21939867523193357,call,2026-09-30,SPY,769.739990234375,2026-08-05T21:33:25.711913+00:00
734.0,44.41,47.56,25.1,2.0,55,0.21779651840209957,call,2026-09-30,SPY,769.739990234375,2026-08-05T21:33:25.711913+00:00
735.0,43.55,46.7,46.9,78.0,775,0.2161638442993164,call,2026-09-30,SPY,769.739990234375,2026-08-05T21:33:25.711913+00:00
736.0,42.69,45.84,31.8,71.0,232,0.21450065292358395,call,2026-09-30,SPY,769.739990234375,2026-08-05T21:33:25.711913+00:00
737.0,41.83,44.9,39.5,1.0,100,0.21202875381469727,call,2026-09-30,SPY,769.739990234375,2026-08-05T21:33:25.711913+00:00
738.0,40.98,44.14,42.35,1.0,162,0.2112810806274414,call,2026-09-30,SPY,769.739990234375,2026-08-05T21:33:25.711913+00:00
739.0,40.13,43.3,42.31,19.0,136,0.2097094410705566,call,2026-09-30,SPY,769.739990234375,2026-08-05T21:33:25.711913+00:00
740.0,39.29,42.46,41.07,24.0,1501,0.20812254287719723,call,2026-09-30,SPY,769.739990234375,2026-08-05T21:33:25.711913+00:00
741.0,38.46,41.62,35.25,2.0,35,0.206489868774414,call,2026-09-30,SPY,769.739990234375,2026-08-05T21:33:25.711913+00:00
742.0,37.62,40.79,44.09,1.0,219,0.2049334878540039,call,2026-09-30,SPY,769.739990234375,2026-08-05T21:33:25.711913+00:00
743.0,36.8,39.97,38.58,7.0,248,0.20343814147949218,call,2026-09-30,SPY,769.739990234375,2026-08-05T21:33:25.711913+00:00
744.0,35.97,39.15,42.69,4.0,224,0.20189701919555664,call,2026-09-30,SPY,769.739990234375,2026-08-05T21:33:25.711913+00:00
745.0,35.16,38.34,37.6,11.0,3489,0.2004169314575195,call,2026-09-30,SPY,769.739990234375,2026-08-05T21:33:25.711913+00:00
746.0,34.34,37.53,37.41,3.0,118,0.19889106781005855,call,2026-09-30,SPY,769.739990234375,2026-08-05T21:33:25.711913+00:00
747.0,33.54,36.72,35.28,7.0,200,0.19733468688964845,call,2026-09-30,SPY,769.739990234375,2026-08-05T21:33:25.711913+00:00
748.0,32.73,35.92,34.37,10.0,236,0.19583934051513674,call,2026-09-30,SPY,769.739990234375,2026-08-05T21:33:25.711913+00:00
749.0,31.94,35.13,29.09,4.0,203,0.19438977005004882,call,2026-09-30,SPY,769.739990234375,2026-08-05T21:33:25.711913+00:00
750.0,31.41,33.79,32.49,86.0,3607,0.1880116600036621,call,2026-09-30,SPY,769.739990234375,2026-08-05T21:33:25.711913+00:00
751.0,30.37,33.57,37.38,2.0,515,0.1915364050292969,call,2026-09-30,SPY,769.739990234375,2026-08-05T21:33:25.711913+00:00
752.0,29.59,32.8,31.91,2.0,489,0.19013261047363283,call,2026-09-30,SPY,769.739990234375,2026-08-05T21:33:25.711913+00:00
753.0,28.82,32.03,35.86,10.0,346,0.18869829864501952,call,2026-09-30,SPY,769.739990234375,2026-08-05T21:33:25.711913+00:00
754.0,28.06,31.27,29.97,26.0,381,0.1872945040893555,call,2026-09-30,SPY,769.739990234375,2026-08-05T21:33:25.711913+00:00
755.0,27.3,30.52,29.0,61.0,3229,0.1859517440795898,call,2026-09-30,SPY,769.739990234375,2026-08-05T21:33:25.711913+00:00
756.0,26.55,29.78,33.17,1.0,1027,0.1846242427062988,call,2026-09-30,SPY,769.739990234375,2026-08-05T21:33:25.711913+00:00
757.0,25.82,29.04,27.73,6.0,283,0.18326622406005855,call,2026-09-30,SPY,769.739990234375,2026-08-05T21:33:25.711913+00:00
758.0,25.08,28.32,30.48,4.0,145,0.18201501586914062,call,2026-09-30,SPY,769.739990234375,2026-08-05T21:33:25.711913+00:00
759.0,24.36,27.31,26.47,65.0,734,0.17827664993286135,call,2026-09-30,SPY,769.739990234375,2026-08-05T21:33:25.711913+00:00
760.0,24.2,26.21,24.84,219.0,1810,0.17372957626342772,call,2026-09-30,SPY,769.739990234375,2026-08-05T21:33:25.711913+00:00
761.0,22.94,26.18,23.8,12.0,1550,0.17815458084106445,call,2026-09-30,SPY,769.739990234375,2026-08-05T21:33:25.711913+00:00
762.0,22.24,25.49,24.33,1.0,957,0.1769644071960449,call,2026-09-30,SPY,769.739990234375,2026-08-05T21:33:25.711913+00:00
763.0,21.55,24.8,27.88,3.0,152,0.17571319900512694,call,2026-09-30,SPY,769.739990234375,2026-08-05T21:33:25.711913+00:00
764.0,20.86,24.13,23.68,3.0,304,0.17456880126953128,call,2026-09-30,SPY,769.739990234375,2026-08-05T21:33:25.711913+00:00
765.0,21.26,22.46,22.4,38.0,2157,0.16507792938232424,call,2026-09-30,SPY,769.739990234375,2026-08-05T21:33:25.711913+00:00
766.0,19.53,22.79,25.86,12.0,523,0.17212741943359378,call,2026-09-30,SPY,769.739990234375,2026-08-05T21:33:25.711913+00:00
767.0,18.88,22.15,19.66,64.0,279,0.17105931488037113,call,2026-09-30,SPY,769.739990234375,2026-08-05T21:33:25.711913+00:00
768.0,18.23,21.52,20.64,20.0,196,0.1700217276000977,call,2026-09-30,SPY,769.739990234375,2026-08-05T21:33:25.711913+00:00
769.0,17.6,20.9,23.67,3.0,489,0.16901465759277345,call,2026-09-30,SPY,769.739990234375,2026-08-05T21:33:25.711913+00:00
770.0,18.68,18.77,18.11,224.0,1420,0.1554802470397949,call,2026-09-30,SPY,769.739990234375,2026-08-05T21:33:25.711913+00:00
771.0,18.07,18.17,18.27,55.0,165,0.15450369430541994,call,2026-09-30,SPY,769.739990234375,2026-08-05T21:33:25.711913+00:00
772.0,17.47,17.57,17.49,306.0,553,0.15346610702514651,call,2026-09-30,SPY,769.739990234375,2026-08-05T21:33:25.711913+00:00
773.0,16.89,16.98,17.17,137.0,323,0.1524437783813477,call,2026-09-30,SPY,769.739990234375,2026-08-05T21:33:25.711913+00:00
774.0,16.31,16.41,16.75,97.0,245,0.1514977429199219,call,2026-09-30,SPY,769.739990234375,2026-08-05T21:33:25.711913+00:00
775.0,15.75,15.85,15.88,1600.0,3622,0.15056696609497072,call,2026-09-30,SPY,769.739990234375,2026-08-05T21:33:25.711913+00:00
776.0,15.2,15.29,14.93,27.0,574,0.14955989608764647,call,2026-09-30,SPY,769.739990234375,2026-08-05T21:33:25.711913+00:00
777.0,14.66,14.75,17.17,11.0,195,0.1486596365356445,call,2026-09-30,SPY,769.739990234375,2026-08-05T21:33:25.711913+00:00
778.0,14.14,14.23,13.9,21.0,198,0.14783567016601565,call,2026-09-30,SPY,769.739990234375,2026-08-05T21:33:25.711913+00:00
779.0,13.62,13.71,16.3,6.0,433,0.14692015197753905,call,2026-09-30,SPY,769.739990234375,2026-08-05T21:33:25.711913+00:00
780.0,13.12,13.21,13.09,77.0,2971,0.14611144424438477,call,2026-09-30,SPY,769.739990234375,2026-08-05T21:33:25.711913+00:00
781.0,12.63,12.71,13.01,8.0,441,0.14522644332885742,call,2026-09-30,SPY,769.739990234375,2026-08-05T21:33:25.711913+00:00
782.0,12.15,12.23,12.3,6.0,203,0.14441773559570312,call,2026-09-30,SPY,769.739990234375,2026-08-05T21:33:25.711913+00:00
783.0,11.68,11.77,12.13,8.0,314,0.1437005796813965,call,2026-09-30,SPY,769.739990234375,2026-08-05T21:33:25.711913+00:00
784.0,11.23,11.31,11.62,1.0,317,0.14290713058471682,call,2026-09-30,SPY,769.739990234375,2026-08-05T21:33:25.711913+00:00
785.0,10.78,10.87,10.97,181.0,706,0.14218997467041017,call,2026-09-30,SPY,769.739990234375,2026-08-05T21:33:25.711913+00:00
786.0,10.35,10.43,10.87,7.0,20455,0.1413965255737305,call,2026-09-30,SPY,769.739990234375,2026-08-05T21:33:25.711913+00:00
787.0,9.93,10.01,10.45,25.0,215,0.14069462829589846,call,2026-09-30,SPY,769.739990234375,2026-08-05T21:33:25.711913+00:00
788.0,9.53,9.61,10.01,17.0,565,0.14008428283691404,call,2026-09-30,SPY,769.739990234375,2026-08-05T21:33:25.711913+00:00
789.0,9.13,9.21,10.33,7.0,878,0.13938238555908206,call,2026-09-30,SPY,769.739990234375,2026-08-05T21:33:25.711913+00:00
790.0,8.75,8.82,8.83,162.0,5881,0.13869574691772463,call,2026-09-30,SPY,769.739990234375,2026-08-05T21:33:25.711913+00:00
791.0,8.37,8.45,9.38,13.0,503,0.1380854014587402,call,2026-09-30,SPY,769.739990234375,2026-08-05T21:33:25.711913+00:00
792.0,8.01,8.09,8.48,6.0,305,0.13749031463623052,call,2026-09-30,SPY,769.739990234375,2026-08-05T21:33:25.711913+00:00
793.0,7.67,7.74,7.53,10.0,275,0.1368952278137207,call,2026-09-30,SPY,769.739990234375,2026-08-05T21:33:25.711913+00:00
794.0,7.33,7.4,7.41,10.0,2045,0.13630014099121096,call,2026-09-30,SPY,769.739990234375,2026-08-05T21:33:25.711913+00:00
795.0,7.01,7.07,6.79,181.0,1973,0.13572031280517582,call,2026-09-30,SPY,769.739990234375,2026-08-05T21:33:25.711913+00:00
796.0,6.7,6.75,6.57,98.0,202,0.13514048461914066,call,2026-09-30,SPY,769.739990234375,2026-08-05T21:33:25.711913+00:00
797.0,6.39,6.45,8.23,3.0,299,0.13468272552490235,call,2026-09-30,SPY,769.739990234375,2026-08-05T21:33:25.711913+00:00
798.0,6.1,6.15,6.49,2.0,206,0.13411815597534182,call,2026-09-30,SPY,769.739990234375,2026-08-05T21:33:25.711913+00:00
799.0,5.82,5.87,5.96,153.0,244,0.13367565551757812,call,2026-09-30,SPY,769.739990234375,2026-08-05T21:33:25.711913+00:00
800.0,5.54,5.6,5.49,1303.0,93110,0.13323315505981442,call,2026-09-30,SPY,769.739990234375,2026-08-05T21:33:25.711913+00:00
801.0,5.28,5.33,5.41,100.0,435,0.13269910278320313,call,2026-09-30,SPY,769.739990234375,2026-08-05T21:33:25.711913+00:00
802.0,5.03,5.08,5.39,185.0,103,0.1323023782348633,call,2026-09-30,SPY,769.739990234375,2026-08-05T21:33:25.711913+00:00
803.0,4.79,4.84,4.9,2.0,2330,0.13190565368652346,call,2026-09-30,SPY,769.739990234375,2026-08-05T21:33:25.711913+00:00
804.0,4.55,4.6,7.57,1.0,243,0.13144789459228517,call,2026-09-30,SPY,769.739990234375,2026-08-05T21:33:25.711913+00:00
805.0,4.33,4.38,4.36,402.0,2896,0.13109694595336913,call,2026-09-30,SPY,769.739990234375,2026-08-05T21:33:25.711913+00:00
806.0,4.11,4.16,4.48,59.0,674,0.13065444549560545,call,2026-09-30,SPY,769.739990234375,2026-08-05T21:33:25.711913+00:00
807.0,3.91,3.95,4.3,117.0,278,0.1302577209472656,call,2026-09-30,SPY,769.739990234375,2026-08-05T21:33:25.711913+00:00
808.0,3.71,3.76,4.03,264.0,85,0.13001358276367186,call,2026-09-30,SPY,769.739990234375,2026-08-05T21:33:25.711913+00:00
809.0,3.52,3.57,4.0,12.0,130,0.12966263412475587,call,2026-09-30,SPY,769.739990234375,2026-08-05T21:33:25.711913+00:00
810.0,3.34,3.39,3.38,52.0,1997,0.12937272003173828,call,2026-09-30,SPY,769.739990234375,2026-08-05T21:33:25.711913+00:00
811.0,3.17,3.21,5.57,21.0,96,0.12897599548339844,call,2026-09-30,SPY,769.739990234375,2026-08-05T21:33:25.711913+00:00
812.0,3.0,3.05,4.27,6.0,36,0.1287623745727539,call,2026-09-30,SPY,769.739990234375,2026-08-05T21:33:25.711913+00:00
813.0,2.84,2.89,3.11,44.0,32,0.1284572018432617,call,2026-09-30,SPY,769.739990234375,2026-08-05T21:33:25.711913+00:00
814.0,2.69,2.74,3.59,27.0,196,0.12818254638671872,call,2026-09-30,SPY,769.739990234375,2026-08-05T21:33:25.711913+00:00
815.0,2.55,2.59,2.51,84.0,780,0.12784685638427734,call,2026-09-30,SPY,769.739990234375,2026-08-05T21:33:25.711913+00:00
816.0,2.41,2.45,2.56,24.0,52,0.12757220092773439,call,2026-09-30,SPY,769.739990234375,2026-08-05T21:33:25.711913+00:00
817.0,2.28,2.32,2.43,25.0,64,0.12732806274414063,call,2026-09-30,SPY,769.739990234375,2026-08-05T21:33:25.711913+00:00
818.0,2.16,2.2,2.12,1.0,33,0.12720599365234375,call,2026-09-30,SPY,769.739990234375,2026-08-05T21:33:25.711913+00:00
819.0,2.04,2.08,2.13,7.0,90,0.12696185546875,call,2026-09-30,SPY,769.739990234375,2026-08-05T21:33:25.711913+00:00
820.0,1.93,1.97,1.91,463.0,1687,0.12680926910400392,call,2026-09-30,SPY,769.739990234375,2026-08-05T21:33:25.711913+00:00
821.0,1.82,1.86,1.9,61.0,35,0.12659564819335936,call,2026-09-30,SPY,769.739990234375,2026-08-05T21:33:25.711913+00:00
822.0,1.72,1.76,1.76,127.0,18,0.12644306182861326,call,2026-09-30,SPY,769.739990234375,2026-08-05T21:33:25.711913+00:00
823.0,1.63,1.66,1.96,251.0,29,0.12622944091796873,call,2026-09-30,SPY,769.739990234375,2026-08-05T21:33:25.711913+00:00
824.0,1.54,1.57,1.85,202.0,315,0.12610737182617188,call,2026-09-30,SPY,769.739990234375,2026-08-05T21:33:25.711913+00:00
825.0,1.45,1.48,1.45,3500.0,70601,0.12592426818847657,call,2026-09-30,SPY,769.739990234375,2026-08-05T21:33:25.711913+00:00
826.0,1.37,1.4,1.4,16.0,15,0.1258327163696289,call,2026-09-30,SPY,769.739990234375,2026-08-05T21:33:25.711913+00:00
827.0,1.29,1.33,1.31,5.0,15,0.12589375091552735,call,2026-09-30,SPY,769.739990234375,2026-08-05T21:33:25.711913+00:00
828.0,1.22,1.25,2.05,1003.0,1022,0.12568013000488282,call,2026-09-30,SPY,769.739990234375,2026-08-05T21:33:25.711913+00:00
829.0,1.15,1.18,1.16,147.0,32,0.12555806091308597,call,2026-09-30,SPY,769.739990234375,2026-08-05T21:33:25.711913+00:00
830.0,1.09,1.12,1.19,334.0,1015,0.1256190954589844,call,2026-09-30,SPY,769.739990234375,2026-08-05T21:33:25.711913+00:00
831.0,1.03,1.06,1.2,7.0,5,0.1256496127319336,call,2026-09-30,SPY,769.739990234375,2026-08-05T21:33:25.711913+00:00
832.0,0.97,1.0,1.07,119.0,37,0.12555806091308597,call,2026-09-30,SPY,769.739990234375,2026-08-05T21:33:25.711913+00:00
833.0,0.92,0.95,0.95,32.0,35,0.12568013000488282,call,2026-09-30,SPY,769.739990234375,2026-08-05T21:33:25.711913+00:00
834.0,0.87,0.9,1.84,8.0,17,0.12574116455078127,call,2026-09-30,SPY,769.739990234375,2026-08-05T21:33:25.711913+00:00
835.0,0.82,0.85,0.92,102.0,566,0.12574116455078127,call,2026-09-30,SPY,769.739990234375,2026-08-05T21:33:25.711913+00:00
836.0,0.78,0.8,0.95,30.0,5,0.12568013000488282,call,2026-09-30,SPY,769.739990234375,2026-08-05T21:33:25.711913+00:00
837.0,0.73,0.76,1.0,425.0,363,0.1258021990966797,call,2026-09-30,SPY,769.739990234375,2026-08-05T21:33:25.711913+00:00
838.0,0.69,0.72,1.6,5.0,767,0.12592426818847657,call,2026-09-30,SPY,769.739990234375,2026-08-05T21:33:25.711913+00:00
839.0,0.66,0.68,1.13,14.0,974,0.12592426818847657,call,2026-09-30,SPY,769.739990234375,2026-08-05T21:33:25.711913+00:00
840.0,0.62,0.65,0.63,5.0,709,0.12622944091796873,call,2026-09-30,SPY,769.739990234375,2026-08-05T21:33:25.711913+00:00
841.0,0.59,0.61,0.64,5.0,115,0.12610737182617188,call,2026-09-30,SPY,769.739990234375,2026-08-05T21:33:25.711913+00:00
842.0,0.56,0.58,0.56,2.0,9,0.1263515100097656,call,2026-09-30,SPY,769.739990234375,2026-08-05T21:33:25.711913+00:00
843.0,0.53,0.55,0.58,1.0,215,0.12647357910156248,call,2026-09-30,SPY,769.739990234375,2026-08-05T21:33:25.711913+00:00
844.0,0.5,0.53,1.2,5.0,1,0.12696185546875,call,2026-09-30,SPY,769.739990234375,2026-08-05T21:33:25.711913+00:00
845.0,0.48,0.5,0.48,19.0,438,0.12702289001464845,call,2026-09-30,SPY,769.739990234375,2026-08-05T21:33:25.711913+00:00
846.0,0.46,0.47,0.18,36.0,29,0.12696185546875,call,2026-09-30,SPY,769.739990234375,2026-08-05T21:33:25.711913+00:00
847.0,0.43,0.45,0.44,24.0,1,0.12732806274414063,call,2026-09-30,SPY,769.739990234375,2026-08-05T21:33:25.711913+00:00
848.0,0.41,0.43,0.17,36.0,18,0.12769427001953126,call,2026-09-30,SPY,769.739990234375,2026-08-05T21:33:25.711913+00:00
849.0,0.39,0.41,1.05,14.0,95,0.127938408203125,call,2026-09-30,SPY,769.739990234375,2026-08-05T21:33:25.711913+00:00
850.0,0.37,0.39,0.38,531.0,5447,0.12818254638671872,call,2026-09-30,SPY,769.739990234375,2026-08-05T21:33:25.711913+00:00
851.0,0.36,0.37,0.98,1.0,34,0.1283046154785156,call,2026-09-30,SPY,769.739990234375,2026-08-05T21:33:25.711913+00:00
852.0,0.34,0.36,0.36,7.0,68,0.12903703002929687,call,2026-09-30,SPY,769.739990234375,2026-08-05T21:33:25.711913+00:00
853.0,0.32,0.34,0.89,15.0,11,0.12903703002929687,call,2026-09-30,SPY,769.739990234375,2026-08-05T21:33:25.711913+00:00
854.0,0.31,0.33,0.36,103.0,85,0.1297694445800781,call,2026-09-30,SPY,769.739990234375,2026-08-05T21:33:25.711913+00:00
855.0,0.3,0.31,0.82,5.0,332,0.12964737548828126,call,2026-09-30,SPY,769.739990234375,2026-08-05T21:33:25.711913+00:00
856.0,0.28,0.3,0.14,68.0,39,0.1302577209472656,call,2026-09-30,SPY,769.739990234375,2026-08-05T21:33:25.711913+00:00
857.0,0.27,0.29,0.28,30.0,170,0.1307459973144531,call,2026-09-30,SPY,769.739990234375,2026-08-05T21:33:25.711913+00:00
858.0,0.26,0.27,0.3,4.0,815,0.13062392822265623,call,2026-09-30,SPY,769.739990234375,2026-08-05T21:33:25.711913+00:00
859.0,0.25,0.26,0.29,4.0,842,0.13111220458984374,call,2026-09-30,SPY,769.739990234375,2026-08-05T21:33:25.711913+00:00
860.0,0.24,0.25,0.29,43.0,742,0.13147841186523437,call,2026-09-30,SPY,769.739990234375,2026-08-05T21:33:25.711913+00:00
865.0,0.19,0.21,0.21,11.0,3552,0.13404186279296876,call,2026-09-30,SPY,769.739990234375,2026-08-05T21:33:25.711913+00:00
870.0,0.16,0.17,0.19,152.0,1541,0.13575083007812502,call,2026-09-30,SPY,769.739990234375,2026-08-05T21:33:25.711913+00:00
875.0,0.13,0.15,0.14,3.0,752,0.13892462646484377,call,2026-09-30,SPY,769.739990234375,2026-08-05T21:33:25.711913+00:00
880.0,0.11,0.13,0.12,10.0,940,0.14185428466796873,call,2026-09-30,SPY,769.739990234375,2026-08-05T21:33:25.711913+00:00
885.0,0.1,0.11,0.14,21.0,569,0.14405152832031248,call,2026-09-30,SPY,769.739990234375,2026-08-05T21:33:25.711913+00:00
890.0,0.08,0.1,0.1,11.0,555,0.147469462890625,call,2026-09-30,SPY,769.739990234375,2026-08-05T21:33:25.711913+00:00
895.0,0.07,0.09,0.15,12.0,4440,0.1506432592773438,call,2026-09-30,SPY,769.739990234375,2026-08-05T21:33:25.711913+00:00
900.0,0.07,0.08,0.07,203.0,3936,0.15357291748046875,call,2026-09-30,SPY,769.739990234375,2026-08-05T21:33:25.711913+00:00
375.0,0.05,0.07,0.06,5.0,1868,0.6171913281250001,put,2026-09-30,SPY,769.739990234375,2026-08-05T21:33:25.711913+00:00
380.0,0.06,0.07,0.07,779.0,566,0.6113320117187502,put,2026-09-30,SPY,769.739990234375,2026-08-05T21:33:25.711913+00:00
385.0,0.06,0.07,0.09,661.0,878,0.6005899316406251,put,2026-09-30,SPY,769.739990234375,2026-08-05T21:33:25.711913+00:00
390.0,0.07,0.08,0.08,2.0,974,0.5976602734375001,put,2026-09-30,SPY,769.739990234375,2026-08-05T21:33:25.711913+00:00
395.0,0.07,0.08,0.1,11.0,132,0.58789474609375,put,2026-09-30,SPY,769.739990234375,2026-08-05T21:33:25.711913+00:00
400.0,0.08,0.09,0.07,7.0,428,0.5839885351562499,put,2026-09-30,SPY,769.739990234375,2026-08-05T21:33:25.711913+00:00
405.0,0.08,0.09,0.1,5.0,478,0.5732464550781251,put,2026-09-30,SPY,769.739990234375,2026-08-05T21:33:25.711913+00:00
410.0,0.08,0.1,0.09,12.0,1211,0.5664105859375,put,2026-09-30,SPY,769.739990234375,2026-08-05T21:33:25.711913+00:00
415.0,0.09,0.1,0.1,632.0,170,0.5585981640625001,put,2026-09-30,SPY,769.739990234375,2026-08-05T21:33:25.711913+00:00
420.0,0.09,0.11,0.1,10.0,399,0.551762294921875,put,2026-09-30,SPY,769.739990234375,2026-08-05T21:33:25.711913+00:00
425.0,0.1,0.11,0.11,5.0,588,0.543949873046875,put,2026-09-30,SPY,769.739990234375,2026-08-05T21:33:25.711913+00:00
430.0,0.11,0.12,0.13,6.0,173,0.5390671093750001,put,2026-09-30,SPY,769.739990234375,2026-08-05T21:33:25.711913+00:00
435.0,0.11,0.12,0.11,13.0,150468,0.5283250292968751,put,2026-09-30,SPY,769.739990234375,2026-08-05T21:33:25.711913+00:00
440.0,0.12,0.13,0.14,5.0,656,0.523442265625,put,2026-09-30,SPY,769.739990234375,2026-08-05T21:33:25.711913+00:00
445.0,0.13,0.14,0.13,2.0,158,0.51758294921875,put,2026-09-30,SPY,769.739990234375,2026-08-05T21:33:25.711913+00:00
450.0,0.13,0.15,0.14,5.0,11194,0.5097705273437501,put,2026-09-30,SPY,769.739990234375,2026-08-05T21:33:25.711913+00:00
455.0,0.14,0.16,0.15,5.0,44,0.5039112109375,put,2026-09-30,SPY,769.739990234375,2026-08-05T21:33:25.711913+00:00
460.0,0.15,0.16,0.17,5.0,278,0.49707534179687507,put,2026-09-30,SPY,769.739990234375,2026-08-05T21:33:25.711913+00:00
465.0,0.16,0.17,0.17,5.0,149,0.4907277490234375,put,2026-09-30,SPY,769.739990234375,2026-08-05T21:33:25.711913+00:00
470.0,0.17,0.18,0.19,1.0,1801,0.48438015625,put,2026-09-30,SPY,769.739990234375,2026-08-05T21:33:25.711913+00:00
475.0,0.18,0.19,0.21,10.0,1736,0.477544287109375,put,2026-09-30,SPY,769.739990234375,2026-08-05T21:33:25.711913+00:00
480.0,0.19,0.2,0.22,3.0,1506,0.47070841796875,put,2026-09-30,SPY,769.739990234375,2026-08-05T21:33:25.711913+00:00
485.0,0.2,0.21,0.24,9.0,736,0.463872548828125,put,2026-09-30,SPY,769.739990234375,2026-08-05T21:33:25.711913+00:00
490.0,0.21,0.23,0.23,5.0,1233,0.45898978515625005,put,2026-09-30,SPY,769.739990234375,2026-08-05T21:33:25.711913+00:00
495.0,0.23,0.24,0.22,2.0,830,0.45215391601562505,put,2026-09-30,SPY,769.739990234375,2026-08-05T21:33:25.711913+00:00
500.0,0.24,0.25,0.23,256.0,2993,0.44482977050781247,put,2026-09-30,SPY,769.739990234375,2026-08-05T21:33:25.711913+00:00
505.0,0.25,0.26,0.25,25.0,825,0.437505625,put,2026-09-30,SPY,769.739990234375,2026-08-05T21:33:25.711913+00:00
510.0,0.27,0.28,0.29,1.0,741,0.4321345849609375,put,2026-09-30,SPY,769.739990234375,2026-08-05T21:33:25.711913+00:00
515.0,0.28,0.29,0.29,2.0,810,0.42456630126953127,put,2026-09-30,SPY,769.739990234375,2026-08-05T21:33:25.711913+00:00
520.0,0.3,0.31,0.29,10.0,1450,0.41870698486328123,put,2026-09-30,SPY,769.739990234375,2026-08-05T21:33:25.711913+00:00
525.0,0.31,0.33,0.31,9.0,1243,0.41260353027343744,put,2026-09-30,SPY,769.739990234375,2026-08-05T21:33:25.711913+00:00
530.0,0.33,0.35,0.38,216.0,768,0.40650007568359375,put,2026-09-30,SPY,769.739990234375,2026-08-05T21:33:25.711913+00:00
535.0,0.35,0.36,0.34,3.0,300910,0.39893179199218753,put,2026-09-30,SPY,769.739990234375,2026-08-05T21:33:25.711913+00:00
540.0,0.37,0.38,0.36,37.0,2000,0.39234006103515623,put,2026-09-30,SPY,769.739990234375,2026-08-05T21:33:25.711913+00:00
545.0,0.39,0.41,0.44,7.0,591,0.38721315917968746,put,2026-09-30,SPY,769.739990234375,2026-08-05T21:33:25.711913+00:00
550.0,0.42,0.43,0.43,6.0,1236,0.3803772900390625,put,2026-09-30,SPY,769.739990234375,2026-08-05T21:33:25.711913+00:00
555.0,0.44,0.45,0.43,1.0,1046,0.37354142089843745,put,2026-09-30,SPY,769.739990234375,2026-08-05T21:33:25.711913+00:00
560.0,0.47,0.48,0.54,15.0,1212,0.3679262426757813,put,2026-09-30,SPY,769.739990234375,2026-08-05T21:33:25.711913+00:00
565.0,0.5,0.51,0.5,8.0,517,0.3618227880859375,put,2026-09-30,SPY,769.739990234375,2026-08-05T21:33:25.711913+00:00
570.0,0.53,0.54,0.53,6.0,1847,0.35559726440429684,put,2026-09-30,SPY,769.739990234375,2026-08-05T21:33:25.711913+00:00
575.0,0.56,0.57,0.53,1.0,1266,0.34924967163085935,put,2026-09-30,SPY,769.739990234375,2026-08-05T21:33:25.711913+00:00
580.0,0.59,0.61,0.58,1.0,2432,0.3435124243164062,put,2026-09-30,SPY,769.739990234375,2026-08-05T21:33:25.711913+00:00
585.0,0.63,0.64,0.68,3.0,692,0.336920693359375,put,2026-09-30,SPY,769.739990234375,2026-08-05T21:33:25.711913+00:00
590.0,0.67,0.68,0.65,286.0,1508,0.33081723876953123,put,2026-09-30,SPY,769.739990234375,2026-08-05T21:33:25.711913+00:00
594.0,0.7,0.72,0.67,2.0,226,0.32642275146484373,put,2026-09-30,SPY,769.739990234375,2026-08-05T21:33:25.711913+00:00
595.0,0.71,0.73,0.69,24.0,514,0.32532412963867186,put,2026-09-30,SPY,769.739990234375,2026-08-05T21:33:25.711913+00:00
596.0,0.72,0.73,0.7,2.0,93,0.32349309326171866,put,2026-09-30,SPY,769.739990234375,2026-08-05T21:33:25.711913+00:00
597.0,0.73,0.74,0.75,50.0,20132,0.32227240234374993,put,2026-09-30,SPY,769.739990234375,2026-08-05T21:33:25.711913+00:00
598.0,0.74,0.75,0.71,194.0,7033,0.32117378051757806,put,2026-09-30,SPY,769.739990234375,2026-08-05T21:33:25.711913+00:00
599.0,0.75,0.76,0.75,59.0,210,0.31995308959960933,put,2026-09-30,SPY,769.739990234375,2026-08-05T21:33:25.711913+00:00
600.0,0.76,0.77,0.73,150.0,28857,0.3188544677734374,put,2026-09-30,SPY,769.739990234375,2026-08-05T21:33:25.711913+00:00
601.0,0.77,0.78,0.84,1.0,79,0.31763377685546873,put,2026-09-30,SPY,769.739990234375,2026-08-05T21:33:25.711913+00:00
602.0,0.78,0.79,1.04,1.0,98,0.31641308593749995,put,2026-09-30,SPY,769.739990234375,2026-08-05T21:33:25.711913+00:00
603.0,0.78,0.8,0.79,71.0,211,0.315314464111328,put,2026-09-30,SPY,769.739990234375,2026-08-05T21:33:25.711913+00:00
604.0,0.79,0.81,0.77,1.0,88,0.31409377319335935,put,2026-09-30,SPY,769.739990234375,2026-08-05T21:33:25.711913+00:00
605.0,0.8,0.82,0.77,6.0,531,0.31287308227539057,put,2026-09-30,SPY,769.739990234375,2026-08-05T21:33:25.711913+00:00
606.0,0.81,0.83,0.91,1.0,43,0.31165239135742184,put,2026-09-30,SPY,769.739990234375,2026-08-05T21:33:25.711913+00:00
607.0,0.82,0.84,1.88,1.0,52,0.3104317004394531,put,2026-09-30,SPY,769.739990234375,2026-08-05T21:33:25.711913+00:00
608.0,0.84,0.85,0.89,1.0,167,0.3092110095214844,put,2026-09-30,SPY,769.739990234375,2026-08-05T21:33:25.711913+00:00
609.0,0.85,0.86,0.8,2.0,138,0.3078682495117187,put,2026-09-30,SPY,769.739990234375,2026-08-05T21:33:25.711913+00:00
610.0,0.86,0.87,0.83,9.0,567,0.30664755859375,put,2026-09-30,SPY,769.739990234375,2026-08-05T21:33:25.711913+00:00
611.0,0.87,0.88,0.98,28.0,96,0.30542686767578126,put,2026-09-30,SPY,769.739990234375,2026-08-05T21:33:25.711913+00:00
612.0,0.88,0.9,1.11,1.0,302,0.304694453125,put,2026-09-30,SPY,769.739990234375,2026-08-05T21:33:25.711913+00:00
613.0,0.89,0.91,2.35,1.0,48,0.30335169311523436,put,2026-09-30,SPY,769.739990234375,2026-08-05T21:33:25.711913+00:00
614.0,0.9,0.92,2.36,1.0,149,0.30213100219726563,put,2026-09-30,SPY,769.739990234375,2026-08-05T21:33:25.711913+00:00
615.0,0.91,0.93,0.88,71.0,462,0.3007882421875,put,2026-09-30,SPY,769.739990234375,2026-08-05T21:33:25.711913+00:00
616.0,0.92,0.94,0.89,1.0,147,0.2995065167236328,put,2026-09-30,SPY,769.739990234375,2026-08-05T21:33:25.711913+00:00
617.0,0.94,0.95,1.67,1.0,318,0.29822479125976553,put,2026-09-30,SPY,769.739990234375,2026-08-05T21:33:25.711913+00:00
618.0,0.95,0.97,1.68,1.0,35,0.2973703076171874,put,2026-09-30,SPY,769.739990234375,2026-08-05T21:33:25.711913+00:00
619.0,0.96,0.98,0.92,1.0,790,0.29608858215332035,put,2026-09-30,SPY,769.739990234375,2026-08-05T21:33:25.711913+00:00
620.0,0.97,0.99,0.98,20.0,3109,0.2947458221435546,put,2026-09-30,SPY,769.739990234375,2026-08-05T21:33:25.711913+00:00
621.0,0.99,1.0,1.71,2.0,198,0.29340306213378897,put,2026-09-30,SPY,769.739990234375,2026-08-05T21:33:25.711913+00:00
622.0,1.0,1.02,1.71,3.0,237,0.29254857849121085,put,2026-09-30,SPY,769.739990234375,2026-08-05T21:33:25.711913+00:00
623.0,1.01,1.03,0.99,2.0,171,0.29114478393554677,put,2026-09-30,SPY,769.739990234375,2026-08-05T21:33:25.711913+00:00
624.0,1.03,1.04,1.29,2.0,147,0.2898020239257812,put,2026-09-30,SPY,769.739990234375,2026-08-05T21:33:25.711913+00:00
625.0,1.04,1.06,0.99,19.0,7817,0.288947540283203,put,2026-09-30,SPY,769.739990234375,2026-08-05T21:33:25.711913+00:00
626.0,1.05,1.07,1.02,2.0,448,0.28754374572753894,put,2026-09-30,SPY,769.739990234375,2026-08-05T21:33:25.711913+00:00
627.0,1.07,1.09,1.11,149.0,527,0.2866282275390625,put,2026-09-30,SPY,769.739990234375,2026-08-05T21:33:25.711913+00:00
628.0,1.08,1.1,1.55,1.0,104,0.2852244329833984,put,2026-09-30,SPY,769.739990234375,2026-08-05T21:33:25.711913+00:00
629.0,1.1,1.11,1.04,85.0,287,0.2838206384277343,put,2026-09-30,SPY,769.739990234375,2026-08-05T21:33:25.711913+00:00
630.0,1.11,1.13,1.12,30.0,3682,0.28284408569335934,put,2026-09-30,SPY,769.739990234375,2026-08-05T21:33:25.711913+00:00
631.0,1.12,1.14,1.2,29.0,142,0.2814402911376953,put,2026-09-30,SPY,769.739990234375,2026-08-05T21:33:25.711913+00:00
632.0,1.14,1.16,1.13,30.0,179,0.2804637384033203,put,2026-09-30,SPY,769.739990234375,2026-08-05T21:33:25.711913+00:00
633.0,1.15,1.17,1.24,1.0,480,0.2790599438476562,put,2026-09-30,SPY,769.739990234375,2026-08-05T21:33:25.711913+00:00
634.0,1.17,1.19,1.32,2.0,239,0.27802235656738283,put,2026-09-30,SPY,769.739990234375,2026-08-05T21:33:25.711913+00:00
635.0,1.19,1.21,1.2,56.0,150817,0.27698476928710936,put,2026-09-30,SPY,769.739990234375,2026-08-05T21:33:25.711913+00:00
636.0,1.2,1.22,1.19,4.0,108,0.2755199401855468,put,2026-09-30,SPY,769.739990234375,2026-08-05T21:33:25.711913+00:00
637.0,1.22,1.24,1.26,646.0,474,0.27448235290527345,put,2026-09-30,SPY,769.739990234375,2026-08-05T21:33:25.711913+00:00
638.0,1.24,1.26,1.3,10.0,23,0.273444765625,put,2026-09-30,SPY,769.739990234375,2026-08-05T21:33:25.711913+00:00
639.0,1.25,1.27,1.28,10.0,111,0.271918901977539,put,2026-09-30,SPY,769.739990234375,2026-08-05T21:33:25.711913+00:00
640.0,1.27,1.29,1.24,3.0,3040,0.2708813146972656,put,2026-09-30,SPY,769.739990234375,2026-08-05T21:33:25.711913+00:00
641.0,1.29,1.31,1.81,4.0,211,0.26978269287109374,put,2026-09-30,SPY,769.739990234375,2026-08-05T21:33:25.711913+00:00
642.0,1.3,1.33,1.25,2.0,87,0.2686230364990234,put,2026-09-30,SPY,769.739990234375,2026-08-05T21:33:25.711913+00:00
643.0,1.32,1.34,1.73,4.0,81,0.26709717285156254,put,2026-09-30,SPY,769.739990234375,2026-08-05T21:33:25.711913+00:00
644.0,1.34,1.36,1.74,5.0,87,0.2659985510253906,put,2026-09-30,SPY,769.739990234375,2026-08-05T21:33:25.711913+00:00
645.0,1.36,1.38,1.38,18.0,513,0.26483889465332033,put,2026-09-30,SPY,769.739990234375,2026-08-05T21:33:25.711913+00:00
646.0,1.38,1.4,1.76,24.0,461,0.26367923828125,put,2026-09-30,SPY,769.739990234375,2026-08-05T21:33:25.711913+00:00
647.0,1.4,1.42,1.49,1.0,290,0.2625195819091797,put,2026-09-30,SPY,769.739990234375,2026-08-05T21:33:25.711913+00:00
648.0,1.42,1.44,1.47,4.0,495,0.26129889099121095,put,2026-09-30,SPY,769.739990234375,2026-08-05T21:33:25.711913+00:00
649.0,1.44,1.46,1.37,95.0,244,0.2601392346191406,put,2026-09-30,SPY,769.739990234375,2026-08-05T21:33:25.711913+00:00
650.0,1.46,1.48,1.48,452.0,3338,0.25891854370117195,put,2026-09-30,SPY,769.739990234375,2026-08-05T21:33:25.711913+00:00
651.0,1.48,1.5,1.53,3.0,419,0.2576978527832031,put,2026-09-30,SPY,769.739990234375,2026-08-05T21:33:25.711913+00:00
652.0,1.5,1.53,1.55,1.0,187,0.25678233459472655,put,2026-09-30,SPY,769.739990234375,2026-08-05T21:33:25.711913+00:00
653.0,1.52,1.55,1.48,5.0,132,0.2555616436767578,put,2026-09-30,SPY,769.739990234375,2026-08-05T21:33:25.711913+00:00
654.0,1.55,1.57,1.61,5.0,33,0.25427991821289064,put,2026-09-30,SPY,769.739990234375,2026-08-05T21:33:25.711913+00:00
655.0,1.57,1.59,1.5,87.0,355,0.25299819274902346,put,2026-09-30,SPY,769.739990234375,2026-08-05T21:33:25.711913+00:00
656.0,1.59,1.61,1.68,1.0,196,0.25171646728515623,put,2026-09-30,SPY,769.739990234375,2026-08-05T21:33:25.711913+00:00
657.0,1.61,1.64,1.53,1.0,501,0.2507399145507812,put,2026-09-30,SPY,769.739990234375,2026-08-05T21:33:25.711913+00:00
658.0,1.64,1.66,1.58,10.0,1219,0.24945818908691403,put,2026-09-30,SPY,769.739990234375,2026-08-05T21:33:25.711913+00:00
659.0,1.66,1.69,1.62,1.0,642,0.24842060180664063,put,2026-09-30,SPY,769.739990234375,2026-08-05T21:33:25.711913+00:00
660.0,1.69,1.71,1.59,64.0,2999,0.247077841796875,put,2026-09-30,SPY,769.739990234375,2026-08-05T21:33:25.711913+00:00
661.0,1.71,1.74,1.73,24.0,357,0.24604025451660155,put,2026-09-30,SPY,769.739990234375,2026-08-05T21:33:25.711913+00:00
662.0,1.74,1.76,1.8,5.0,135,0.24469749450683598,put,2026-09-30,SPY,769.739990234375,2026-08-05T21:33:25.711913+00:00
663.0,1.76,1.79,1.72,96.0,153,0.2436599072265625,put,2026-09-30,SPY,769.739990234375,2026-08-05T21:33:25.711913+00:00
664.0,1.79,1.82,1.88,1.0,941,0.2425612854003906,put,2026-09-30,SPY,769.739990234375,2026-08-05T21:33:25.711913+00:00
665.0,1.82,1.84,1.73,274.0,837,0.24115749084472654,put,2026-09-30,SPY,769.739990234375,2026-08-05T21:33:25.711913+00:00
666.0,1.85,1.87,2.69,5.0,177,0.24005886901855467,put,2026-09-30,SPY,769.739990234375,2026-08-05T21:33:25.711913+00:00
667.0,1.88,1.9,1.81,1.0,223,0.23889921264648437,put,2026-09-30,SPY,769.739990234375,2026-08-05T21:33:25.711913+00:00
668.0,1.9,1.93,1.82,11.0,218,0.237739556274414,put,2026-09-30,SPY,769.739990234375,2026-08-05T21:33:25.711913+00:00
669.0,1.93,1.96,1.95,1.0,861,0.23657989990234374,put,2026-09-30,SPY,769.739990234375,2026-08-05T21:33:25.711913+00:00
670.0,1.96,1.99,1.89,517.0,3457,0.2354202435302734,put,2026-09-30,SPY,769.739990234375,2026-08-05T21:33:25.711913+00:00
671.0,2.0,2.02,1.98,104.0,228,0.23419955261230468,put,2026-09-30,SPY,769.739990234375,2026-08-05T21:33:25.711913+00:00
672.0,2.03,2.05,2.0,2.0,401,0.23303989624023438,put,2026-09-30,SPY,769.739990234375,2026-08-05T21:33:25.711913+00:00
673.0,2.06,2.09,2.06,2.0,1640,0.23206334350585936,put,2026-09-30,SPY,769.739990234375,2026-08-05T21:33:25.711913+00:00
674.0,2.09,2.12,2.19,7.0,610,0.2307816180419922,put,2026-09-30,SPY,769.739990234375,2026-08-05T21:33:25.711913+00:00
675.0,2.13,2.15,2.02,9.0,11569,0.22956092712402343,put,2026-09-30,SPY,769.739990234375,2026-08-05T21:33:25.711913+00:00
676.0,2.16,2.19,2.24,3.0,1143,0.22852333984375,put,2026-09-30,SPY,769.739990234375,2026-08-05T21:33:25.711913+00:00
677.0,2.19,2.22,2.24,6.0,1287,0.22724161437988277,put,2026-09-30,SPY,769.739990234375,2026-08-05T21:33:25.711913+00:00
678.0,2.23,2.26,2.2,1.0,310,0.22617350982666018,put,2026-09-30,SPY,769.739990234375,2026-08-05T21:33:25.711913+00:00
679.0,2.27,2.29,2.24,1.0,738,0.22486126708984372,put,2026-09-30,SPY,769.739990234375,2026-08-05T21:33:25.711913+00:00
680.0,2.3,2.33,2.2,43.0,10047,0.22376264526367184,put,2026-09-30,SPY,769.739990234375,2026-08-05T21:33:25.711913+00:00
681.0,2.34,2.37,2.26,6.0,638,0.22266402343749997,put,2026-09-30,SPY,769.739990234375,2026-08-05T21:33:25.711913+00:00
682.0,2.38,2.41,2.38,4.0,577,0.22150436706542967,put,2026-09-30,SPY,769.739990234375,2026-08-05T21:33:25.711913+00:00
683.0,2.42,2.45,2.29,3.0,289,0.22034471069335934,put,2026-09-30,SPY,769.739990234375,2026-08-05T21:33:25.711913+00:00
684.0,2.46,2.49,2.35,6.0,435,0.21918505432128904,put,2026-09-30,SPY,769.739990234375,2026-08-05T21:33:25.711913+00:00
685.0,2.5,2.53,2.57,50.0,1842,0.2179948806762695,put,2026-09-30,SPY,769.739990234375,2026-08-05T21:33:25.711913+00:00
686.0,2.54,2.58,2.34,3.0,225,0.2169878106689453,put,2026-09-30,SPY,769.739990234375,2026-08-05T21:33:25.711913+00:00
687.0,2.59,2.62,2.56,1.0,1658,0.21576711975097657,put,2026-09-30,SPY,769.739990234375,2026-08-05T21:33:25.711913+00:00
688.0,2.63,2.66,2.71,7.0,480,0.21454642883300779,put,2026-09-30,SPY,769.739990234375,2026-08-05T21:33:25.711913+00:00
689.0,2.68,2.71,2.65,2.0,609,0.2134783242797852,put,2026-09-30,SPY,769.739990234375,2026-08-05T21:33:25.711913+00:00
690.0,2.72,2.76,2.6,293.0,7322,0.2124102197265625,put,2026-09-30,SPY,769.739990234375,2026-08-05T21:33:25.711913+00:00
691.0,2.77,2.8,2.71,1.0,2159,0.21109797698974608,put,2026-09-30,SPY,769.739990234375,2026-08-05T21:33:25.711913+00:00
692.0,2.82,2.85,2.79,1.0,176,0.20996883789062498,put,2026-09-30,SPY,769.739990234375,2026-08-05T21:33:25.711913+00:00
693.0,2.87,2.9,2.75,6.0,91,0.20880918151855465,put,2026-09-30,SPY,769.739990234375,2026-08-05T21:33:25.711913+00:00
694.0,2.92,2.95,2.7,8.0,243,0.20764952514648435,put,2026-09-30,SPY,769.739990234375,2026-08-05T21:33:25.711913+00:00
695.0,2.97,3.0,2.8,145.0,1855,0.206489868774414,put,2026-09-30,SPY,769.739990234375,2026-08-05T21:33:25.711913+00:00
696.0,3.02,3.06,3.12,4.0,24,0.2054522814941406,put,2026-09-30,SPY,769.739990234375,2026-08-05T21:33:25.711913+00:00
697.0,3.08,3.11,3.01,2.0,3586,0.20423159057617185,put,2026-09-30,SPY,769.739990234375,2026-08-05T21:33:25.711913+00:00
698.0,3.13,3.17,3.25,6.0,143,0.2031634860229492,put,2026-09-30,SPY,769.739990234375,2026-08-05T21:33:25.711913+00:00
699.0,3.19,3.22,3.16,6.0,3833,0.20191227783203125,put,2026-09-30,SPY,769.739990234375,2026-08-05T21:33:25.711913+00:00
700.0,3.25,3.28,3.28,393.0,7289,0.20078313873291015,put,2026-09-30,SPY,769.739990234375,2026-08-05T21:33:25.711913+00:00
701.0,3.3,3.34,3.16,12.0,82,0.19965399963378905,put,2026-09-30,SPY,769.739990234375,2026-08-05T21:33:25.711913+00:00
702.0,3.36,3.4,3.47,4.0,483,0.19849434326171872,put,2026-09-30,SPY,769.739990234375,2026-08-05T21:33:25.711913+00:00
703.0,3.43,3.46,3.29,3.0,153,0.19730416961669922,put,2026-09-30,SPY,769.739990234375,2026-08-05T21:33:25.711913+00:00
704.0,3.49,3.53,3.52,35.0,72,0.1962665823364258,put,2026-09-30,SPY,769.739990234375,2026-08-05T21:33:25.711913+00:00
705.0,3.55,3.59,3.59,59.0,5750,0.19504589141845702,put,2026-09-30,SPY,769.739990234375,2026-08-05T21:33:25.711913+00:00
706.0,3.62,3.66,3.59,1.0,43,0.1939472695922852,put,2026-09-30,SPY,769.739990234375,2026-08-05T21:33:25.711913+00:00
707.0,3.69,3.73,3.53,10.0,20133,0.19284864776611327,put,2026-09-30,SPY,769.739990234375,2026-08-05T21:33:25.711913+00:00
708.0,3.76,3.8,3.88,8.0,53,0.191688991394043,put,2026-09-30,SPY,769.739990234375,2026-08-05T21:33:25.711913+00:00
709.0,3.83,3.87,3.66,6.0,262,0.19052933502197267,put,2026-09-30,SPY,769.739990234375,2026-08-05T21:33:25.711913+00:00
710.0,3.9,3.94,3.92,233.0,2562,0.18933916137695314,put,2026-09-30,SPY,769.739990234375,2026-08-05T21:33:25.711913+00:00
711.0,3.98,4.02,3.95,9.0,88,0.18827105682373046,put,2026-09-30,SPY,769.739990234375,2026-08-05T21:33:25.711913+00:00
712.0,4.05,4.09,4.1,1.0,147,0.1870198486328125,put,2026-09-30,SPY,769.739990234375,2026-08-05T21:33:25.711913+00:00
713.0,4.13,4.17,3.99,25.0,44,0.1858907095336914,put,2026-09-30,SPY,769.739990234375,2026-08-05T21:33:25.711913+00:00
714.0,4.21,4.25,4.04,5.0,41,0.18476157043457028,put,2026-09-30,SPY,769.739990234375,2026-08-05T21:33:25.711913+00:00
715.0,4.29,4.33,4.36,179.0,1391,0.18357139678955076,put,2026-09-30,SPY,769.739990234375,2026-08-05T21:33:25.711913+00:00
716.0,4.38,4.42,4.24,6.0,103,0.1825032922363281,put,2026-09-30,SPY,769.739990234375,2026-08-05T21:33:25.711913+00:00
717.0,4.46,4.51,4.29,4.0,28,0.18140467041015623,put,2026-09-30,SPY,769.739990234375,2026-08-05T21:33:25.711913+00:00
718.0,4.55,4.59,4.39,29.0,89,0.18013820358276367,put,2026-09-30,SPY,769.739990234375,2026-08-05T21:33:25.711913+00:00
719.0,4.64,4.68,4.79,20.0,219,0.17899380584716795,put,2026-09-30,SPY,769.739990234375,2026-08-05T21:33:25.711913+00:00
720.0,4.74,4.78,4.63,1291.0,6494,0.1779257012939453,put,2026-09-30,SPY,769.739990234375,2026-08-05T21:33:25.711913+00:00
721.0,4.83,4.87,4.88,31.0,189,0.17670501037597658,put,2026-09-30,SPY,769.739990234375,2026-08-05T21:33:25.711913+00:00
722.0,4.93,4.97,4.78,18.0,66,0.1755911299133301,put,2026-09-30,SPY,769.739990234375,2026-08-05T21:33:25.711913+00:00
723.0,5.03,5.07,4.99,7.0,35,0.1744467321777344,put,2026-09-30,SPY,769.739990234375,2026-08-05T21:33:25.711913+00:00
724.0,5.13,5.18,4.95,4.0,86,0.17337862762451173,put,2026-09-30,SPY,769.739990234375,2026-08-05T21:33:25.711913+00:00
725.0,5.24,5.28,5.33,245.0,9284,0.172157936706543,put,2026-09-30,SPY,769.739990234375,2026-08-05T21:33:25.711913+00:00
726.0,5.35,5.39,5.18,3.0,52,0.17104405624389651,put,2026-09-30,SPY,769.739990234375,2026-08-05T21:33:25.711913+00:00
727.0,5.46,5.5,5.66,13.0,50,0.16988439987182619,put,2026-09-30,SPY,769.739990234375,2026-08-05T21:33:25.711913+00:00
728.0,5.57,5.62,5.42,9.0,173,0.16880103668212892,put,2026-09-30,SPY,769.739990234375,2026-08-05T21:33:25.711913+00:00
729.0,5.69,5.73,5.46,34.0,925,0.1675803457641602,put,2026-09-30,SPY,769.739990234375,2026-08-05T21:33:25.711913+00:00
730.0,5.81,5.85,5.92,341.0,3374,0.16643594802856448,put,2026-09-30,SPY,769.739990234375,2026-08-05T21:33:25.711913+00:00
731.0,5.93,5.98,5.99,4.0,99,0.16536784347534184,put,2026-09-30,SPY,769.739990234375,2026-08-05T21:33:25.711913+00:00
732.0,6.06,6.11,5.76,15.0,635,0.16425396301269532,put,2026-09-30,SPY,769.739990234375,2026-08-05T21:33:25.711913+00:00
733.0,6.19,6.24,6.29,18.0,282,0.16310956527709963,put,2026-09-30,SPY,769.739990234375,2026-08-05T21:33:25.711913+00:00
734.0,6.33,6.37,6.08,31.0,785,0.1619346502685547,put,2026-09-30,SPY,769.739990234375,2026-08-05T21:33:25.711913+00:00
735.0,6.47,6.51,6.6,594.0,2000,0.1608055111694336,put,2026-09-30,SPY,769.739990234375,2026-08-05T21:33:25.711913+00:00
736.0,6.61,6.66,6.36,3.0,302,0.15976792388916017,put,2026-09-30,SPY,769.739990234375,2026-08-05T21:33:25.711913+00:00
737.0,6.76,6.8,6.54,4.0,423,0.15857775024414064,put,2026-09-30,SPY,769.739990234375,2026-08-05T21:33:25.711913+00:00
738.0,6.91,6.95,6.66,26.0,498,0.1574333525085449,put,2026-09-30,SPY,769.739990234375,2026-08-05T21:33:25.711913+00:00
739.0,7.06,7.11,6.8,7.0,529,0.1563652479553223,put,2026-09-30,SPY,769.739990234375,2026-08-05T21:33:25.711913+00:00
740.0,7.22,7.26,7.35,351.0,4224,0.15514455703735353,put,2026-09-30,SPY,769.739990234375,2026-08-05T21:33:25.711913+00:00
741.0,7.39,7.44,7.09,19.0,112,0.15419852157592773,put,2026-09-30,SPY,769.739990234375,2026-08-05T21:33:25.711913+00:00
742.0,7.56,7.61,7.17,34.0,176,0.1530846411132813,put,2026-09-30,SPY,769.739990234375,2026-08-05T21:33:25.711913+00:00
743.0,7.73,7.78,7.45,2.0,355,0.15194024337768558,put,2026-09-30,SPY,769.739990234375,2026-08-05T21:33:25.711913+00:00
744.0,7.91,7.96,7.72,4.0,149,0.1508416215515137,put,2026-09-30,SPY,769.739990234375,2026-08-05T21:33:25.711913+00:00
745.0,8.1,8.15,7.8,137.0,1538,0.14978877563476564,put,2026-09-30,SPY,769.739990234375,2026-08-05T21:33:25.711913+00:00
746.0,8.29,8.34,8.03,24.0,347,0.14869015380859374,put,2026-09-30,SPY,769.739990234375,2026-08-05T21:33:25.711913+00:00
747.0,8.48,8.53,8.15,7.0,218,0.14753049743652347,put,2026-09-30,SPY,769.739990234375,2026-08-05T21:33:25.711913+00:00
748.0,8.69,8.74,8.58,6.0,698,0.14652342742919922,put,2026-09-30,SPY,769.739990234375,2026-08-05T21:33:25.711913+00:00
749.0,8.89,8.95,8.79,3.0,298,0.14545532287597657,put,2026-09-30,SPY,769.739990234375,2026-08-05T21:33:25.711913+00:00
750.0,9.11,9.16,9.05,502.0,2719,0.14432618377685547,put,2026-09-30,SPY,769.739990234375,2026-08-05T21:33:25.711913+00:00
751.0,9.32,9.39,9.29,18.0,328,0.14333437240600588,put,2026-09-30,SPY,769.739990234375,2026-08-05T21:33:25.711913+00:00
752.0,9.55,9.62,9.7,77.0,197,0.1422815264892578,put,2026-09-30,SPY,769.739990234375,2026-08-05T21:33:25.711913+00:00
753.0,9.78,9.86,9.66,22.0,503,0.14125919784545898,put,2026-09-30,SPY,769.739990234375,2026-08-05T21:33:25.711913+00:00
754.0,10.02,10.1,9.73,4.0,428,0.14017583465576172,put,2026-09-30,SPY,769.739990234375,2026-08-05T21:33:25.711913+00:00
755.0,10.27,10.35,10.5,139.0,1167,0.1391229887390137,put,2026-09-30,SPY,769.739990234375,2026-08-05T21:33:25.711913+00:00
756.0,10.53,10.61,10.5,30.0,204,0.13810066009521482,put,2026-09-30,SPY,769.739990234375,2026-08-05T21:33:25.711913+00:00
757.0,10.79,10.87,11.0,14.0,691,0.137002038269043,put,2026-09-30,SPY,769.739990234375,2026-08-05T21:33:25.711913+00:00
758.0,11.06,11.14,11.03,14.0,121,0.13593393371582033,put,2026-09-30,SPY,769.739990234375,2026-08-05T21:33:25.711913+00:00
759.0,11.34,11.43,11.28,7.0,170,0.13497263961791994,put,2026-09-30,SPY,769.739990234375,2026-08-05T21:33:25.711913+00:00
760.0,11.63,11.71,11.75,505.0,1026,0.13385875915527345,put,2026-09-30,SPY,769.739990234375,2026-08-05T21:33:25.711913+00:00
761.0,11.93,12.01,11.6,12.0,47,0.1328516891479492,put,2026-09-30,SPY,769.739990234375,2026-08-05T21:33:25.711913+00:00
762.0,12.24,12.32,12.06,19.0,88,0.131844619140625,put,2026-09-30,SPY,769.739990234375,2026-08-05T21:33:25.711913+00:00
763.0,12.55,12.64,12.25,129.0,133,0.13085280776977537,put,2026-09-30,SPY,769.739990234375,2026-08-05T21:33:25.711913+00:00
764.0,12.88,12.96,12.58,12.0,31,0.12979996185302733,put,2026-09-30,SPY,769.739990234375,2026-08-05T21:33:25.711913+00:00
765.0,13.21,13.3,12.84,88.0,882,0.1288234091186523,put,2026-09-30,SPY,769.739990234375,2026-08-05T21:33:25.711913+00:00
766.0,13.56,13.64,13.63,11.0,78,0.12777056320190427,put,2026-09-30,SPY,769.739990234375,2026-08-05T21:33:25.711913+00:00
767.0,13.91,14.0,13.63,8.0,20,0.12680926910400392,put,2026-09-30,SPY,769.739990234375,2026-08-05T21:33:25.711913+00:00
768.0,14.27,14.36,14.16,24.0,81,0.1257716818237305,put,2026-09-30,SPY,769.739990234375,2026-08-05T21:33:25.711913+00:00
769.0,14.65,14.74,14.85,38.0,94,0.12481038772583009,put,2026-09-30,SPY,769.739990234375,2026-08-05T21:33:25.711913+00:00
770.0,15.04,15.13,15.24,365.0,655,0.12384909362792969,put,2026-09-30,SPY,769.739990234375,2026-08-05T21:33:25.711913+00:00
771.0,15.43,15.53,14.95,82.0,36,0.12288779953002929,put,2026-09-30,SPY,769.739990234375,2026-08-05T21:33:25.711913+00:00
772.0,15.84,15.94,16.05,100.0,153,0.1219112467956543,put,2026-09-30,SPY,769.739990234375,2026-08-05T21:33:25.711913+00:00
774.0,16.69,16.79,16.97,55.0,19,0.11994288269042967,put,2026-09-30,SPY,769.739990234375,2026-08-05T21:33:25.711913+00:00
775.0,17.13,17.23,17.6,380.0,81,0.11895107131958008,put,2026-09-30,SPY,769.739990234375,2026-08-05T21:33:25.711913+00:00
776.0,17.59,17.69,17.7,376.0,66,0.11802029449462889,put,2026-09-30,SPY,769.739990234375,2026-08-05T21:33:25.711913+00:00
777.0,18.05,18.15,17.46,121.0,207,0.11699796585083008,put,2026-09-30,SPY,769.739990234375,2026-08-05T21:33:25.711913+00:00
779.0,19.02,19.12,18.63,13.0,30,0.11504486038208009,put,2026-09-30,SPY,769.739990234375,2026-08-05T21:33:25.711913+00:00
780.0,18.01,21.32,20.13,30.0,56,0.12850297775268554,put,2026-09-30,SPY,769.739990234375,2026-08-05T21:33:25.711913+00:00
781.0,18.53,21.83,18.94,1.0,20,0.12760271820068358,put,2026-09-30,SPY,769.739990234375,2026-08-05T21:33:25.711913+00:00
782.0,19.07,22.36,37.1,,0,0.12676349319458008,put,2026-09-30,SPY,769.739990234375,2026-08-05T21:33:25.711913+00:00
783.0,19.62,22.9,37.9,,0,0.12592426818847657,put,2026-09-30,SPY,769.739990234375,2026-08-05T21:33:25.711913+00:00
785.0,21.82,23.18,22.5,5.0,2,0.11683012084960936,put,2026-09-30,SPY,769.739990234375,2026-08-05T21:33:25.711913+00:00
786.0,21.33,24.59,22.57,7.0,7,0.12340659317016603,put,2026-09-30,SPY,769.739990234375,2026-08-05T21:33:25.711913+00:00
787.0,21.93,25.18,41.33,,0,0.12259788543701172,put,2026-09-30,SPY,769.739990234375,2026-08-05T21:33:25.711913+00:00
788.0,22.54,25.79,49.12,2.0,0,0.1218807295227051,put,2026-09-30,SPY,769.739990234375,2026-08-05T21:33:25.711913+00:00
789.0,23.16,26.4,42.03,,0,0.12104150451660156,put,2026-09-30,SPY,769.739990234375,2026-08-05T21:33:25.711913+00:00
790.0,24.77,26.38,23.99,4.0,10,0.1141140835571289,put,2026-09-30,SPY,769.739990234375,2026-08-05T21:33:25.711913+00:00
791.0,24.44,27.67,40.12,1.0,1,0.11953089950561524,put,2026-09-30,SPY,769.739990234375,2026-08-05T21:33:25.711913+00:00
792.0,25.1,28.32,32.94,1.0,1,0.11875270904541015,put,2026-09-30,SPY,769.739990234375,2026-08-05T21:33:25.711913+00:00
795.0,27.14,30.35,33.33,2.0,1,0.1165402067565918,put,2026-09-30,SPY,769.739990234375,2026-08-05T21:33:25.711913+00:00
800.0,31.41,33.73,32.18,31.0,16,0.11014683807373046,put,2026-09-30,SPY,769.739990234375,2026-08-05T21:33:25.711913+00:00
804.0,33.89,37.05,61.59,1.0,0,0.1100552862548828,put,2026-09-30,SPY,769.739990234375,2026-08-05T21:33:25.711913+00:00
805.0,34.69,37.85,34.0,2.0,0,0.10935338897705077,put,2026-09-30,SPY,769.739990234375,2026-08-05T21:33:25.711913+00:00
808.0,37.17,40.32,38.05,2.0,1,0.10749183532714844,put,2026-09-30,SPY,769.739990234375,2026-08-05T21:33:25.711913+00:00
809.0,38.01,41.16,78.07,,0,0.10685097259521485,put,2026-09-30,SPY,769.739990234375,2026-08-05T21:33:25.711913+00:00
810.0,38.87,42.01,39.83,31.0,14,0.10624062713623048,put,2026-09-30,SPY,769.739990234375,2026-08-05T21:33:25.711913+00:00
815.0,0.0,0.0,72.0,1.0,0,1.0000000000000003e-05,put,2026-09-30,SPY,769.739990234375,2026-08-05T21:33:25.711913+00:00
825.0,52.71,55.87,50.3,1.0,1,0.1056607989501953,put,2026-09-30,SPY,769.739990234375,2026-08-05T21:33:25.711913+00:00
845.0,104.72,108.09,137.07,1.0,0,0.5003406900024415,put,2026-09-30,SPY,769.739990234375,2026-08-05T21:33:25.711913+00:00
850.0,93.89,97.3,97.51,1.0,0,0.3658968440246582,put,2026-09-30,SPY,769.739990234375,2026-08-05T21:33:25.711913+00:00
855.0,115.66,118.93,181.01,1.0,0,0.5178881219482423,put,2026-09-30,SPY,769.739990234375,2026-08-05T21:33:25.711913+00:00
885.0,191.05,194.7,207.9,,0,0.9817506707763672,put,2026-09-30,SPY,769.739990234375,2026-08-05T21:33:25.711913+00:00
895.0,154.64,158.02,179.83,1.0,0,0.5993997579956055,put,2026-09-30,SPY,769.739990234375,2026-08-05T21:33:25.711913+00:00
900.0,146.5,149.69,160.4,1.0,0,0.49432878723144535,put,2026-09-30,SPY,769.739990234375,2026-08-05T21:33:25.711913+00:00
470.0,0.0,0.0,269.45,,0,1.0000000000000003e-05,call,2026-10-30,SPY,769.739990234375,2026-08-05T21:33:25.711913+00:00
475.0,297.67,301.19,280.94,,15,0.63086306640625,call,2026-10-30,SPY,769.739990234375,2026-08-05T21:33:25.711913+00:00
480.0,292.75,296.27,276.16,,1,0.6216468499755861,call,2026-10-30,SPY,769.739990234375,2026-08-05T21:33:25.711913+00:00
490.0,282.9,286.42,269.8,20.0,60,0.6030313134765627,call,2026-10-30,SPY,769.739990234375,2026-08-05T21:33:25.711913+00:00
500.0,273.06,276.58,257.14,15.0,0,0.5847514669799804,call,2026-10-30,SPY,769.739990234375,2026-08-05T21:33:25.711913+00:00
520.0,253.4,256.92,227.68,2.0,8,0.5488936712646486,call,2026-10-30,SPY,769.739990234375,2026-08-05T21:33:25.711913+00:00
530.0,229.04,232.46,212.98,,2,1.0000000000000003e-05,call,2026-10-30,SPY,769.739990234375,2026-08-05T21:33:25.711913+00:00
555.0,219.07,222.58,195.88,1.0,2,0.5214891601562499,call,2026-10-30,SPY,769.739990234375,2026-08-05T21:33:25.711913+00:00
560.0,214.17,217.69,191.59,1.0,7,0.5123034609985352,call,2026-10-30,SPY,769.739990234375,2026-08-05T21:33:25.711913+00:00
565.0,209.28,212.79,183.92,3.0,6,0.5029651754760743,call,2026-10-30,SPY,769.739990234375,2026-08-05T21:33:25.711913+00:00
570.0,204.39,207.91,185.19,1.0,3,0.49396257995605475,call,2026-10-30,SPY,769.739990234375,2026-08-05T21:33:25.711913+00:00
575.0,170.15,173.5,171.19,1.0,2,1.0000000000000003e-05,call,2026-10-30,SPY,769.739990234375,2026-08-05T21:33:25.711913+00:00
585.0,189.75,193.27,151.08,1.0,3,0.4668632415771484,call,2026-10-30,SPY,769.739990234375,2026-08-05T21:33:25.711913+00:00
590.0,184.87,188.39,157.18,27.0,31,0.4577996115112305,call,2026-10-30,SPY,769.739990234375,2026-08-05T21:33:25.711913+00:00
595.0,180.01,183.52,182.4,47.0,45,0.4488885678100586,call,2026-10-30,SPY,769.739990234375,2026-08-05T21:33:25.711913+00:00
600.0,175.14,178.66,177.95,15.0,19,0.4400995932006836,call,2026-10-30,SPY,769.739990234375,2026-08-05T21:33:25.711913+00:00
605.0,170.29,173.81,143.04,5.0,9,0.4314326876831055,call,2026-10-30,SPY,769.739990234375,2026-08-05T21:33:25.711913+00:00
610.0,165.44,168.96,159.45,7.0,37,0.42270474761962884,call,2026-10-30,SPY,769.739990234375,2026-08-05T21:33:25.711913+00:00
615.0,132.07,135.47,145.68,2.0,1,1.0000000000000003e-05,call,2026-10-30,SPY,769.739990234375,2026-08-05T21:33:25.711913+00:00
620.0,155.76,159.28,139.17,1.0,4,0.4054167124938965,call,2026-10-30,SPY,769.739990234375,2026-08-05T21:33:25.711913+00:00
625.0,150.93,154.45,138.49,2.0,0,0.39682610015869146,call,2026-10-30,SPY,769.739990234375,2026-08-05T21:33:25.711913+00:00
630.0,146.12,149.63,153.11,1.0,6,0.3883117810058594,call,2026-10-30,SPY,769.739990234375,2026-08-05T21:33:25.711913+00:00
635.0,141.31,144.83,148.27,2.0,5,0.3799958241271973,call,2026-10-30,SPY,769.739990234375,2026-08-05T21:33:25.711913+00:00
640.0,136.52,140.03,143.46,2.0,84,0.3715883154296875,call,2026-10-30,SPY,769.739990234375,2026-08-05T21:33:25.711913+00:00
641.0,135.56,139.08,117.69,3.0,3238,0.3700319345092773,call,2026-10-30,SPY,769.739990234375,2026-08-05T21:33:25.711913+00:00
642.0,134.6,138.12,105.71,3.0,3,0.36832296722412117,call,2026-10-30,SPY,769.739990234375,2026-08-05T21:33:25.711913+00:00
646.0,130.78,134.3,118.61,8.0,9,0.36176175354003903,call,2026-10-30,SPY,769.739990234375,2026-08-05T21:33:25.711913+00:00
649.0,127.92,131.43,124.55,1.0,0,0.3567416621398925,call,2026-10-30,SPY,769.739990234375,2026-08-05T21:33:25.711913+00:00
650.0,126.96,130.48,129.61,1.0,124,0.35513950531005856,call,2026-10-30,SPY,769.739990234375,2026-08-05T21:33:25.711913+00:00
651.0,0.0,0.0,120.1,1.0,0,1.0000000000000003e-05,call,2026-10-30,SPY,769.739990234375,2026-08-05T21:33:25.711913+00:00
652.0,102.54,106.06,91.89,,2,1.0000000000000003e-05,call,2026-10-30,SPY,769.739990234375,2026-08-05T21:33:25.711913+00:00
655.0,122.2,125.28,112.06,5.0,11,0.3418644915771484,call,2026-10-30,SPY,769.739990234375,2026-08-05T21:33:25.711913+00:00
658.0,0.0,0.0,99.65,2.0,0,1.0000000000000003e-05,call,2026-10-30,SPY,769.739990234375,2026-08-05T21:33:25.711913+00:00
659.0,0.0,0.0,109.99,,0,1.0000000000000003e-05,call,2026-10-30,SPY,769.739990234375,2026-08-05T21:33:25.711913+00:00
660.0,117.46,120.54,123.75,1.0,24,0.3338994833374024,call,2026-10-30,SPY,769.739990234375,2026-08-05T21:33:25.711913+00:00
661.0,94.72,98.24,94.52,,1,1.0000000000000003e-05,call,2026-10-30,SPY,769.739990234375,2026-08-05T21:33:25.711913+00:00
662.0,104.82,106.83,99.34,6.0,7,1.0000000000000003e-05,call,2026-10-30,SPY,769.739990234375,2026-08-05T21:33:25.711913+00:00
664.0,101.09,104.53,86.5,,1,1.0000000000000003e-05,call,2026-10-30,SPY,769.739990234375,2026-08-05T21:33:25.711913+00:00
665.0,112.74,115.82,88.65,,1,0.32602602691650384,call,2026-10-30,SPY,769.739990234375,2026-08-05T21:33:25.711913+00:00
666.0,99.26,102.74,93.89,1.0,2,1.0000000000000003e-05,call,2026-10-30,SPY,769.739990234375,2026-08-05T21:33:25.711913+00:00
668.0,88.71,92.23,88.65,,1,1.0000000000000003e-05,call,2026-10-30,SPY,769.739990234375,2026-08-05T21:33:25.711913+00:00
669.0,96.53,99.9,78.44,,1,1.0000000000000003e-05,call,2026-10-30,SPY,769.739990234375,2026-08-05T21:33:25.711913+00:00
670.0,108.04,111.12,110.22,4.0,21,0.3182441223144531,call,2026-10-30,SPY,769.739990234375,2026-08-05T21:33:25.711913+00:00
671.0,107.1,110.18,81.23,1.0,0,0.3166572241210937,call,2026-10-30,SPY,769.739990234375,2026-08-05T21:33:25.711913+00:00
672.0,106.16,109.24,83.59,2.0,4,0.3150703259277343,call,2026-10-30,SPY,769.739990234375,2026-08-05T21:33:25.711913+00:00
673.0,105.22,108.31,77.92,29.0,29,0.3136054968261719,call,2026-10-30,SPY,769.739990234375,2026-08-05T21:33:25.711913+00:00
674.0,104.29,107.37,98.38,1.0,3,0.31200333999633784,call,2026-10-30,SPY,769.739990234375,2026-08-05T21:33:25.711913+00:00
675.0,103.35,106.44,92.88,4.0,13,0.31049273498535157,call,2026-10-30,SPY,769.739990234375,2026-08-05T21:33:25.711913+00:00
677.0,101.48,104.57,75.62,1.0,2,0.3073799731445312,call,2026-10-30,SPY,769.739990234375,2026-08-05T21:33:25.711913+00:00
678.0,0.0,0.0,90.57,1.0,0,1.0000000000000003e-05,call,2026-10-30,SPY,769.739990234375,2026-08-05T21:33:25.711913+00:00
680.0,98.69,101.77,100.35,10.0,34,0.3026955717468262,call,2026-10-30,SPY,769.739990234375,2026-08-05T21:33:25.711913+00:00
681.0,97.76,100.85,100.65,32.0,16,0.3012460012817383,call,2026-10-30,SPY,769.739990234375,2026-08-05T21:33:25.711913+00:00
682.0,0.0,0.0,78.91,1.0,0,1.0000000000000003e-05,call,2026-10-30,SPY,769.739990234375,2026-08-05T21:33:25.711913+00:00
683.0,70.37,73.76,74.02,3.0,0,1.0000000000000003e-05,call,2026-10-30,SPY,769.739990234375,2026-08-05T21:33:25.711913+00:00
684.0,85.46,87.5,87.19,,1,0.16181258117675779,call,2026-10-30,SPY,769.739990234375,2026-08-05T21:33:25.711913+00:00
685.0,94.05,97.14,97.0,2.0,12,0.2951120294189453,call,2026-10-30,SPY,769.739990234375,2026-08-05T21:33:25.711913+00:00
686.0,93.12,96.22,69.87,1.0,17,0.29361668304443356,call,2026-10-30,SPY,769.739990234375,2026-08-05T21:33:25.711913+00:00
687.0,92.2,95.29,95.62,1.0,0,0.2920297848510741,call,2026-10-30,SPY,769.739990234375,2026-08-05T21:33:25.711913+00:00
688.0,91.28,94.37,94.99,1.0,69,0.29053443847656246,call,2026-10-30,SPY,769.739990234375,2026-08-05T21:33:25.711913+00:00
689.0,90.36,93.45,94.08,1.0,35,0.2890238334655761,call,2026-10-30,SPY,769.739990234375,2026-08-05T21:33:25.711913+00:00
690.0,89.44,92.53,91.1,50.0,649,0.2875132284545897,call,2026-10-30,SPY,769.739990234375,2026-08-05T21:33:25.711913+00:00
691.0,63.62,67.03,78.3,1.0,1,1.0000000000000003e-05,call,2026-10-30,SPY,769.739990234375,2026-08-05T21:33:25.711913+00:00
692.0,87.6,90.7,89.47,2.0,141,0.2845377943420409,call,2026-10-30,SPY,769.739990234375,2026-08-05T21:33:25.711913+00:00
693.0,86.68,89.78,90.4,1.0,83,0.2829966720581054,call,2026-10-30,SPY,769.739990234375,2026-08-05T21:33:25.711913+00:00
694.0,77.0,80.21,76.0,1.0,26,0.18886614364624021,call,2026-10-30,SPY,769.739990234375,2026-08-05T21:33:25.711913+00:00
695.0,84.85,87.96,88.57,1.0,208,0.28006701385498034,call,2026-10-30,SPY,769.739990234375,2026-08-05T21:33:25.711913+00:00
696.0,83.94,87.04,86.68,15.0,22,0.27849537429809573,call,2026-10-30,SPY,769.739990234375,2026-08-05T21:33:25.711913+00:00
697.0,83.03,86.13,63.91,1.0,4,0.27700002792358397,call,2026-10-30,SPY,769.739990234375,2026-08-05T21:33:25.711913+00:00
698.0,82.12,85.22,85.81,1.0,90,0.2755046815490722,call,2026-10-30,SPY,769.739990234375,2026-08-05T21:33:25.711913+00:00
699.0,81.21,84.31,85.5,1.0,45,0.27399407653808594,call,2026-10-30,SPY,769.739990234375,2026-08-05T21:33:25.711913+00:00
700.0,80.3,83.41,82.64,10.0,675,0.27255976470947263,call,2026-10-30,SPY,769.739990234375,2026-08-05T21:33:25.711913+00:00
701.0,79.39,82.5,68.69,1.0,1,0.27103390106201175,call,2026-10-30,SPY,769.739990234375,2026-08-05T21:33:25.711913+00:00
702.0,0.0,0.0,60.07,1.0,0,1.0000000000000003e-05,call,2026-10-30,SPY,769.739990234375,2026-08-05T21:33:25.711913+00:00
703.0,77.58,80.69,65.99,3.0,4,0.2680279496765136,call,2026-10-30,SPY,769.739990234375,2026-08-05T21:33:25.711913+00:00
704.0,76.68,79.79,61.5,24.0,30,0.2665631205749512,call,2026-10-30,SPY,769.739990234375,2026-08-05T21:33:25.711913+00:00
705.0,75.78,78.89,67.54,3.0,48,0.26508303283691403,call,2026-10-30,SPY,769.739990234375,2026-08-05T21:33:25.711913+00:00
706.0,0.0,0.0,73.77,,0,1.0000000000000003e-05,call,2026-10-30,SPY,769.739990234375,2026-08-05T21:33:25.711913+00:00
707.0,0.0,0.0,65.13,5.0,0,1.0000000000000003e-05,call,2026-10-30,SPY,769.739990234375,2026-08-05T21:33:25.711913+00:00
708.0,73.09,76.21,55.0,4.0,15,0.2607343214416504,call,2026-10-30,SPY,769.739990234375,2026-08-05T21:33:25.711913+00:00
709.0,72.2,75.32,60.9,2.0,2,0.25928475097656256,call,2026-10-30,SPY,769.739990234375,2026-08-05T21:33:25.711913+00:00
710.0,71.31,74.43,73.87,20.0,803,0.257819921875,call,2026-10-30,SPY,769.739990234375,2026-08-05T21:33:25.711913+00:00
711.0,70.42,73.54,46.0,2.0,96,0.2563550927734375,call,2026-10-30,SPY,769.739990234375,2026-08-05T21:33:25.711913+00:00
712.0,69.53,72.65,58.38,4.0,24,0.25487500503540045,call,2026-10-30,SPY,769.739990234375,2026-08-05T21:33:25.711913+00:00
713.0,68.65,71.77,75.27,1.0,11,0.25345595184326175,call,2026-10-30,SPY,769.739990234375,2026-08-05T21:33:25.711913+00:00
714.0,44.88,48.39,56.7,28.0,24,1.0000000000000003e-05,call,2026-10-30,SPY,769.739990234375,2026-08-05T21:33:25.711913+00:00
715.0,66.88,70.0,70.55,6.0,987,0.25051103500366206,call,2026-10-30,SPY,769.739990234375,2026-08-05T21:33:25.711913+00:00
716.0,66.0,69.13,40.36,36.0,13,0.24915301635742187,call,2026-10-30,SPY,769.739990234375,2026-08-05T21:33:25.711913+00:00
717.0,65.12,68.25,49.93,13.0,21,0.24768818725585937,call,2026-10-30,SPY,769.739990234375,2026-08-05T21:33:25.711913+00:00
718.0,64.24,67.38,51.41,1.0,19,0.2462843927001953,call,2026-10-30,SPY,769.739990234375,2026-08-05T21:33:25.711913+00:00
719.0,63.37,66.5,40.39,1.0,104,0.2447890463256836,call,2026-10-30,SPY,769.739990234375,2026-08-05T21:33:25.711913+00:00
720.0,62.5,65.63,64.87,10.0,940,0.2433547344970703,call,2026-10-30,SPY,769.739990234375,2026-08-05T21:33:25.711913+00:00
721.0,61.63,64.77,38.92,1.0,3,0.2419967158508301,call,2026-10-30,SPY,769.739990234375,2026-08-05T21:33:25.711913+00:00
722.0,60.76,63.9,62.97,2.0,38,0.24053188674926756,call,2026-10-30,SPY,769.739990234375,2026-08-05T21:33:25.711913+00:00
723.0,59.9,63.04,66.17,2.0,20,0.2391433508300781,call,2026-10-30,SPY,769.739990234375,2026-08-05T21:33:25.711913+00:00
724.0,59.04,62.18,61.23,1.0,46,0.237739556274414,call,2026-10-30,SPY,769.739990234375,2026-08-05T21:33:25.711913+00:00
725.0,58.18,61.33,60.59,1.0,519,0.23638153762817382,call,2026-10-30,SPY,769.739990234375,2026-08-05T21:33:25.711913+00:00
726.0,57.33,60.47,61.12,13.0,61,0.23494722579956057,call,2026-10-30,SPY,769.739990234375,2026-08-05T21:33:25.711913+00:00
727.0,56.48,59.63,36.68,2.0,51,0.2336349830627441,call,2026-10-30,SPY,769.739990234375,2026-08-05T21:33:25.711913+00:00
728.0,55.65,58.78,57.55,3.0,264,0.2322464471435547,call,2026-10-30,SPY,769.739990234375,2026-08-05T21:33:25.711913+00:00
729.0,54.78,57.93,33.51,1.0,87,0.23082739395141605,call,2026-10-30,SPY,769.739990234375,2026-08-05T21:33:25.711913+00:00
730.0,53.94,57.09,56.34,64.0,872,0.2294693753051758,call,2026-10-30,SPY,769.739990234375,2026-08-05T21:33:25.711913+00:00
731.0,53.1,56.25,43.02,42.0,87,0.22809609802246095,call,2026-10-30,SPY,769.739990234375,2026-08-05T21:33:25.711913+00:00
732.0,52.26,55.42,42.83,14.0,73,0.22676859664916987,call,2026-10-30,SPY,769.739990234375,2026-08-05T21:33:25.711913+00:00
733.0,51.43,54.59,58.21,2.0,66,0.2254410952758789,call,2026-10-30,SPY,769.739990234375,2026-08-05T21:33:25.711913+00:00
734.0,50.6,53.76,27.85,3.0,38,0.2240830766296386,call,2026-10-30,SPY,769.739990234375,2026-08-05T21:33:25.711913+00:00
735.0,49.77,52.93,56.0,4.0,262,0.2227097993469238,call,2026-10-30,SPY,769.739990234375,2026-08-05T21:33:25.711913+00:00
736.0,48.95,52.11,55.35,1.0,50,0.2213822979736328,call,2026-10-30,SPY,769.739990234375,2026-08-05T21:33:25.711913+00:00
737.0,48.13,51.29,39.1,2.0,97,0.22003953796386716,call,2026-10-30,SPY,769.739990234375,2026-08-05T21:33:25.711913+00:00
738.0,47.31,50.48,53.23,1.0,143,0.21875781249999998,call,2026-10-30,SPY,769.739990234375,2026-08-05T21:33:25.711913+00:00
739.0,46.5,49.67,48.9,5.0,196,0.21744556976318358,call,2026-10-30,SPY,769.739990234375,2026-08-05T21:33:25.711913+00:00
740.0,45.69,48.86,48.07,14.0,1749,0.21610280975341795,call,2026-10-30,SPY,769.739990234375,2026-08-05T21:33:25.711913+00:00
741.0,44.89,48.06,48.0,7.0,163,0.21482108428955077,call,2026-10-30,SPY,769.739990234375,2026-08-05T21:33:25.711913+00:00
742.0,44.09,47.27,48.92,4.0,326,0.21359276405334474,call,2026-10-30,SPY,769.739990234375,2026-08-05T21:33:25.711913+00:00
743.0,43.29,46.47,46.5,2.0,1065,0.21226526268005372,call,2026-10-30,SPY,769.739990234375,2026-08-05T21:33:25.711913+00:00
744.0,42.5,45.68,45.02,5.0,253,0.2109911665344238,call,2026-10-30,SPY,769.739990234375,2026-08-05T21:33:25.711913+00:00
745.0,41.71,44.9,46.0,3.0,983,0.20975521697998045,call,2026-10-30,SPY,769.739990234375,2026-08-05T21:33:25.711913+00:00
746.0,40.93,44.12,42.94,2.0,276,0.20850400878906244,call,2026-10-30,SPY,769.739990234375,2026-08-05T21:33:25.711913+00:00
747.0,40.15,43.34,38.37,2.0,12,0.20722228332519527,call,2026-10-30,SPY,769.739990234375,2026-08-05T21:33:25.711913+00:00
748.0,39.38,42.57,29.94,4.0,25,0.20598633377075193,call,2026-10-30,SPY,769.739990234375,2026-08-05T21:33:25.711913+00:00
749.0,38.61,41.81,43.46,17.0,359,0.20479616012573237,call,2026-10-30,SPY,769.739990234375,2026-08-05T21:33:25.711913+00:00
750.0,37.85,40.36,40.13,50.0,2507,0.19873848144531248,call,2026-10-30,SPY,769.739990234375,2026-08-05T21:33:25.711913+00:00
751.0,37.09,40.29,43.82,1.0,63,0.2023242610168457,call,2026-10-30,SPY,769.739990234375,2026-08-05T21:33:25.711913+00:00
752.0,36.34,39.54,39.94,4.0,181,0.20111882873535153,call,2026-10-30,SPY,769.739990234375,2026-08-05T21:33:25.711913+00:00
753.0,35.59,38.8,37.45,4.0,8,0.19995917236328126,call,2026-10-30,SPY,769.739990234375,2026-08-05T21:33:25.711913+00:00
754.0,34.85,38.06,31.14,2.0,119,0.1987689987182617,call,2026-10-30,SPY,769.739990234375,2026-08-05T21:33:25.711913+00:00
755.0,34.11,37.33,36.62,22.0,612,0.19762460098266604,call,2026-10-30,SPY,769.739990234375,2026-08-05T21:33:25.711913+00:00
756.0,33.38,36.6,34.02,6.0,28,0.1964496859741211,call,2026-10-30,SPY,769.739990234375,2026-08-05T21:33:25.711913+00:00
757.0,32.65,35.88,33.6,125.0,261,0.1953052882385254,call,2026-10-30,SPY,769.739990234375,2026-08-05T21:33:25.711913+00:00
758.0,31.93,35.16,35.63,16.0,13,0.1941303732299805,call,2026-10-30,SPY,769.739990234375,2026-08-05T21:33:25.711913+00:00
759.0,31.22,34.45,34.12,1.0,68,0.19300123413085937,call,2026-10-30,SPY,769.739990234375,2026-08-05T21:33:25.711913+00:00
760.0,31.99,33.28,31.94,55.0,3522,0.18871355728149414,call,2026-10-30,SPY,769.739990234375,2026-08-05T21:33:25.711913+00:00
761.0,29.81,33.05,32.1,5.0,187,0.19077347320556642,call,2026-10-30,SPY,769.739990234375,2026-08-05T21:33:25.711913+00:00
762.0,29.12,32.36,35.18,4.0,79,0.18967485137939455,call,2026-10-30,SPY,769.739990234375,2026-08-05T21:33:25.711913+00:00
763.0,28.43,31.68,31.16,29.0,13,0.18862200546264646,call,2026-10-30,SPY,769.739990234375,2026-08-05T21:33:25.711913+00:00
764.0,27.75,31.0,29.37,21.0,10,0.18752338363647458,call,2026-10-30,SPY,769.739990234375,2026-08-05T21:33:25.711913+00:00
765.0,27.11,29.42,29.25,23.0,820,0.1803518244934082,call,2026-10-30,SPY,769.739990234375,2026-08-05T21:33:25.711913+00:00
767.0,25.75,29.02,25.48,24.0,18,0.1844411390686035,call,2026-10-30,SPY,769.739990234375,2026-08-05T21:33:25.711913+00:00
768.0,25.1,28.37,28.32,21.0,80,0.18340355178833007,call,2026-10-30,SPY,769.739990234375,2026-08-05T21:33:25.711913+00:00
769.0,24.58,27.73,26.12,15.0,147,0.18239648178100587,call,2026-10-30,SPY,769.739990234375,2026-08-05T21:33:25.711913+00:00
770.0,24.66,26.8,25.68,92.0,3373,0.179421047668457,call,2026-10-30,SPY,769.739990234375,2026-08-05T21:33:25.711913+00:00
771.0,23.2,26.48,24.84,37.0,181,0.1804738935852051,call,2026-10-30,SPY,769.739990234375,2026-08-05T21:33:25.711913+00:00
772.0,24.28,24.36,24.9,24.0,7,0.16948767532348635,call,2026-10-30,SPY,769.739990234375,2026-08-05T21:33:25.711913+00:00
773.0,23.67,23.75,28.92,3.0,11,0.168526381225586,call,2026-10-30,SPY,769.739990234375,2026-08-05T21:33:25.711913+00:00
774.0,23.07,23.15,23.52,22.0,9,0.1675956044006348,call,2026-10-30,SPY,769.739990234375,2026-08-05T21:33:25.711913+00:00
775.0,22.48,22.56,21.87,105.0,4902,0.16669534484863285,call,2026-10-30,SPY,769.739990234375,2026-08-05T21:33:25.711913+00:00
776.0,21.9,21.98,22.51,8.0,12,0.1658103439331055,call,2026-10-30,SPY,769.739990234375,2026-08-05T21:33:25.711913+00:00
777.0,21.32,21.4,23.12,4.0,162,0.16487956710815432,call,2026-10-30,SPY,769.739990234375,2026-08-05T21:33:25.711913+00:00
778.0,20.76,20.83,20.45,151.0,640,0.16397930755615236,call,2026-10-30,SPY,769.739990234375,2026-08-05T21:33:25.711913+00:00
779.0,20.2,20.28,20.49,21.0,18,0.16317059982299809,call,2026-10-30,SPY,769.739990234375,2026-08-05T21:33:25.711913+00:00
780.0,19.65,19.73,19.68,577.0,5431,0.1623008575439453,call,2026-10-30,SPY,769.739990234375,2026-08-05T21:33:25.711913+00:00
781.0,19.11,19.19,19.21,3.0,258,0.1614616325378418,call,2026-10-30,SPY,769.739990234375,2026-08-05T21:33:25.711913+00:00
782.0,18.58,18.66,18.67,67.0,43,0.1606452954864502,call,2026-10-30,SPY,769.739990234375,2026-08-05T21:33:25.711913+00:00
783.0,18.06,18.13,18.76,20525.0,20647,0.15978318252563478,call,2026-10-30,SPY,769.739990234375,2026-08-05T21:33:25.711913+00:00
784.0,17.55,17.62,19.25,3.0,5,0.1590049920654297,call,2026-10-30,SPY,769.739990234375,2026-08-05T21:33:25.711913+00:00
785.0,17.05,17.12,17.27,134.0,5273,0.15824206024169923,call,2026-10-30,SPY,769.739990234375,2026-08-05T21:33:25.711913+00:00
786.0,16.55,16.62,16.81,1.0,48,0.1574333525085449,call,2026-10-30,SPY,769.739990234375,2026-08-05T21:33:25.711913+00:00
787.0,16.07,16.14,17.57,9.0,15,0.1567161965942383,call,2026-10-30,SPY,769.739990234375,2026-08-05T21:33:25.711913+00:00
789.0,15.13,15.2,16.53,5.0,229,0.15526662612915043,call,2026-10-30,SPY,769.739990234375,2026-08-05T21:33:25.711913+00:00
790.0,14.67,14.74,14.88,242.0,5941,0.15453421157836916,call,2026-10-30,SPY,769.739990234375,2026-08-05T21:33:25.711913+00:00
791.0,14.22,14.29,15.25,2.0,18,0.1538170556640625,call,2026-10-30,SPY,769.739990234375,2026-08-05T21:33:25.711913+00:00
792.0,13.79,13.86,17.29,1.0,17,0.15319145156860353,call,2026-10-30,SPY,769.739990234375,2026-08-05T21:33:25.711913+00:00
793.0,13.36,13.43,14.0,4.0,155,0.15252007156372072,call,2026-10-30,SPY,769.739990234375,2026-08-05T21:33:25.711913+00:00
794.0,12.94,13.01,14.04,1.0,85,0.1518639501953125,call,2026-10-30,SPY,769.739990234375,2026-08-05T21:33:25.711913+00:00
795.0,12.53,12.6,13.8,235.0,274,0.15122308746337892,call,2026-10-30,SPY,769.739990234375,2026-08-05T21:33:25.711913+00:00
796.0,12.13,12.19,13.52,9.0,110,0.1505364488220215,call,2026-10-30,SPY,769.739990234375,2026-08-05T21:33:25.711913+00:00
797.0,11.73,11.8,12.33,76.0,1662,0.14994136199951175,call,2026-10-30,SPY,769.739990234375,2026-08-05T21:33:25.711913+00:00
798.0,11.35,11.42,12.4,1.0,50,0.14936153381347655,call,2026-10-30,SPY,769.739990234375,2026-08-05T21:33:25.711913+00:00
799.0,10.98,11.04,12.4,26.0,47,0.14872067108154297,call,2026-10-30,SPY,769.739990234375,2026-08-05T21:33:25.711913+00:00
800.0,10.61,10.68,10.86,216.0,5728,0.14818661880493167,call,2026-10-30,SPY,769.739990234375,2026-08-05T21:33:25.711913+00:00
801.0,10.26,10.32,9.86,15.0,263,0.1475915319824219,call,2026-10-30,SPY,769.739990234375,2026-08-05T21:33:25.711913+00:00
802.0,9.91,9.97,10.35,25.0,359,0.14702696243286134,call,2026-10-30,SPY,769.739990234375,2026-08-05T21:33:25.711913+00:00
803.0,9.57,9.63,9.6,1959.0,857,0.14647765151977538,call,2026-10-30,SPY,769.739990234375,2026-08-05T21:33:25.711913+00:00
804.0,9.24,9.3,9.78,41.0,746,0.14594359924316402,call,2026-10-30,SPY,769.739990234375,2026-08-05T21:33:25.711913+00:00
805.0,8.92,8.98,9.17,154.0,840,0.14544006423950195,call,2026-10-30,SPY,769.739990234375,2026-08-05T21:33:25.711913+00:00
806.0,8.61,8.67,8.92,2.0,291,0.14495178787231444,call,2026-10-30,SPY,769.739990234375,2026-08-05T21:33:25.711913+00:00
807.0,8.3,8.36,9.31,3.0,547,0.14441773559570312,call,2026-10-30,SPY,769.739990234375,2026-08-05T21:33:25.711913+00:00
808.0,8.01,8.07,8.62,1.0,1030,0.14399049377441403,call,2026-10-30,SPY,769.739990234375,2026-08-05T21:33:25.711913+00:00
809.0,7.72,7.78,4.27,16.0,215,0.14350221740722657,call,2026-10-30,SPY,769.739990234375,2026-08-05T21:33:25.711913+00:00
810.0,7.44,7.5,7.31,114.0,2688,0.1430444583129883,call,2026-10-30,SPY,769.739990234375,2026-08-05T21:33:25.711913+00:00
812.0,6.9,6.96,7.08,9.0,7,0.14212894012451172,call,2026-10-30,SPY,769.739990234375,2026-08-05T21:33:25.711913+00:00
815.0,6.16,6.21,5.93,33.0,456,0.14084721466064454,call,2026-10-30,SPY,769.739990234375,2026-08-05T21:33:25.711913+00:00
816.0,5.93,5.98,6.38,24.0,1,0.14048100738525393,call,2026-10-30,SPY,769.739990234375,2026-08-05T21:33:25.711913+00:00
817.0,5.7,5.75,6.93,5.0,7,0.14006902420043943,call,2026-10-30,SPY,769.739990234375,2026-08-05T21:33:25.711913+00:00
818.0,5.48,5.53,5.85,50.0,5,0.1396875582885742,call,2026-10-30,SPY,769.739990234375,2026-08-05T21:33:25.711913+00:00
819.0,5.27,5.32,5.29,395.0,5,0.13935186828613283,call,2026-10-30,SPY,769.739990234375,2026-08-05T21:33:25.711913+00:00
820.0,5.06,5.11,5.08,224.0,378,0.138955143737793,call,2026-10-30,SPY,769.739990234375,2026-08-05T21:33:25.711913+00:00
821.0,4.86,4.91,5.58,44.0,3,0.13860419509887695,call,2026-10-30,SPY,769.739990234375,2026-08-05T21:33:25.711913+00:00
822.0,4.67,4.72,4.98,5.0,25,0.13828376373291018,call,2026-10-30,SPY,769.739990234375,2026-08-05T21:33:25.711913+00:00
823.0,4.49,4.54,5.05,3.0,28,0.1380243669128418,call,2026-10-30,SPY,769.739990234375,2026-08-05T21:33:25.711913+00:00
824.0,4.31,4.36,4.29,1.0,24,0.13770393554687502,call,2026-10-30,SPY,769.739990234375,2026-08-05T21:33:25.711913+00:00
825.0,4.13,4.18,4.61,22.0,161,0.1373377282714844,call,2026-10-30,SPY,769.739990234375,2026-08-05T21:33:25.711913+00:00
826.0,3.97,4.01,4.0,3.0,6,0.13701729690551762,call,2026-10-30,SPY,769.739990234375,2026-08-05T21:33:25.711913+00:00
827.0,3.8,3.85,4.14,66.0,5,0.13674264144897463,call,2026-10-30,SPY,769.739990234375,2026-08-05T21:33:25.711913+00:00
829.0,3.5,3.55,3.82,15.0,2,0.13626962371826173,call,2026-10-30,SPY,769.739990234375,2026-08-05T21:33:25.711913+00:00
830.0,3.35,3.4,3.41,350.0,385,0.13596445098876953,call,2026-10-30,SPY,769.739990234375,2026-08-05T21:33:25.711913+00:00
834.0,2.83,2.87,2.89,4.0,10,0.13498789825439456,call,2026-10-30,SPY,769.739990234375,2026-08-05T21:33:25.711913+00:00
835.0,2.71,2.75,2.78,135.0,240,0.13477427734375003,call,2026-10-30,SPY,769.739990234375,2026-08-05T21:33:25.711913+00:00
840.0,2.18,2.22,2.35,25.0,299,0.13388927642822268,call,2026-10-30,SPY,769.739990234375,2026-08-05T21:33:25.711913+00:00
845.0,1.75,1.78,1.77,87.0,288,0.13309582733154296,call,2026-10-30,SPY,769.739990234375,2026-08-05T21:33:25.711913+00:00
850.0,1.4,1.43,1.45,1584.0,1771,0.1326075509643555,call,2026-10-30,SPY,769.739990234375,2026-08-05T21:33:25.711913+00:00
855.0,1.12,1.15,1.12,58.0,253,0.13236341278076175,call,2026-10-30,SPY,769.739990234375,2026-08-05T21:33:25.711913+00:00
860.0,0.9,0.93,0.94,44.0,1366,0.1324244473266602,call,2026-10-30,SPY,769.739990234375,2026-08-05T21:33:25.711913+00:00
865.0,0.73,0.76,0.73,11.0,761,0.132821171875,call,2026-10-30,SPY,769.739990234375,2026-08-05T21:33:25.711913+00:00
870.0,0.59,0.62,0.68,83.0,531,0.1333094482421875,call,2026-10-30,SPY,769.739990234375,2026-08-05T21:33:25.711913+00:00
875.0,0.49,0.51,0.51,198.0,396,0.13404186279296876,call,2026-10-30,SPY,769.739990234375,2026-08-05T21:33:25.711913+00:00
880.0,0.4,0.42,0.43,303.0,864,0.13477427734375003,call,2026-10-30,SPY,769.739990234375,2026-08-05T21:33:25.711913+00:00
885.0,0.34,0.35,0.35,54.0,228,0.13575083007812502,call,2026-10-30,SPY,769.739990234375,2026-08-05T21:33:25.711913+00:00
890.0,0.28,0.3,0.3,3.0,218,0.1373377282714844,call,2026-10-30,SPY,769.739990234375,2026-08-05T21:33:25.711913+00:00
895.0,0.24,0.26,0.31,1.0,62,0.13904669555664065,call,2026-10-30,SPY,769.739990234375,2026-08-05T21:33:25.711913+00:00
900.0,0.21,0.22,0.25,56.0,1501,0.14026738647460937,call,2026-10-30,SPY,769.739990234375,2026-08-05T21:33:25.711913+00:00
470.0,0.47,0.49,0.46,62.0,622,0.44165597412109375,put,2026-10-30,SPY,769.739990234375,2026-08-05T21:33:25.711913+00:00
475.0,0.49,0.51,0.75,2.0,199,0.43555251953125,put,2026-10-30,SPY,769.739990234375,2026-08-05T21:33:25.711913+00:00
480.0,0.52,0.53,0.56,17.0,463,0.4292049267578125,put,2026-10-30,SPY,769.739990234375,2026-08-05T21:33:25.711913+00:00
485.0,0.54,0.56,0.6,7.0,30,0.42383388671875,put,2026-10-30,SPY,769.739990234375,2026-08-05T21:33:25.711913+00:00
490.0,0.57,0.58,0.59,37.0,211,0.4172421557617187,put,2026-10-30,SPY,769.739990234375,2026-08-05T21:33:25.711913+00:00
495.0,0.6,0.61,0.67,105.0,160,0.4118711157226562,put,2026-10-30,SPY,769.739990234375,2026-08-05T21:33:25.711913+00:00
500.0,0.63,0.64,0.64,1.0,597,0.4061338684082031,put,2026-10-30,SPY,769.739990234375,2026-08-05T21:33:25.711913+00:00
505.0,0.66,0.67,0.63,12.0,90,0.40039662109375,put,2026-10-30,SPY,769.739990234375,2026-08-05T21:33:25.711913+00:00
510.0,0.69,0.7,0.74,1.0,737,0.39453730468750003,put,2026-10-30,SPY,769.739990234375,2026-08-05T21:33:25.711913+00:00
515.0,0.72,0.74,0.77,8.0,216,0.3892883337402344,put,2026-10-30,SPY,769.739990234375,2026-08-05T21:33:25.711913+00:00
520.0,0.76,0.78,0.78,4.0,416,0.38403936279296874,put,2026-10-30,SPY,769.739990234375,2026-08-05T21:33:25.711913+00:00
525.0,0.8,0.81,0.79,236.0,414,0.37781383911132804,put,2026-10-30,SPY,769.739990234375,2026-08-05T21:33:25.711913+00:00
530.0,0.84,0.85,0.83,1.0,407,0.3723207299804688,put,2026-10-30,SPY,769.739990234375,2026-08-05T21:33:25.711913+00:00
535.0,0.88,0.9,0.93,21.0,137,0.3673158972167969,put,2026-10-30,SPY,769.739990234375,2026-08-05T21:33:25.711913+00:00
540.0,0.92,0.94,0.9,25.0,574,0.3614565808105469,put,2026-10-30,SPY,769.739990234375,2026-08-05T21:33:25.711913+00:00
545.0,0.97,0.99,1.0,12.0,173,0.3562076098632812,put,2026-10-30,SPY,769.739990234375,2026-08-05T21:33:25.711913+00:00
550.0,1.02,1.04,1.0,156.0,704,0.35071450073242183,put,2026-10-30,SPY,769.739990234375,2026-08-05T21:33:25.711913+00:00
555.0,1.07,1.09,1.06,14.0,399,0.3452213916015625,put,2026-10-30,SPY,769.739990234375,2026-08-05T21:33:25.711913+00:00
560.0,1.12,1.14,1.14,120.0,294,0.3394841442871094,put,2026-10-30,SPY,769.739990234375,2026-08-05T21:33:25.711913+00:00
565.0,1.18,1.2,1.25,2.0,189,0.33423517333984376,put,2026-10-30,SPY,769.739990234375,2026-08-05T21:33:25.711913+00:00
570.0,1.24,1.26,1.3,12.0,563,0.32874206420898433,put,2026-10-30,SPY,769.739990234375,2026-08-05T21:33:25.711913+00:00
575.0,1.31,1.33,1.3,198.0,916,0.3236151623535155,put,2026-10-30,SPY,769.739990234375,2026-08-05T21:33:25.711913+00:00
580.0,1.38,1.4,1.37,134.0,673,0.31830515686035155,put,2026-10-30,SPY,769.739990234375,2026-08-05T21:33:25.711913+00:00
585.0,1.45,1.47,1.49,211.0,350,0.31287308227539057,put,2026-10-30,SPY,769.739990234375,2026-08-05T21:33:25.711913+00:00
590.0,1.53,1.55,1.55,1.0,527,0.30762411132812495,put,2026-10-30,SPY,769.739990234375,2026-08-05T21:33:25.711913+00:00
595.0,1.61,1.63,1.56,20.0,20858,0.30225307128906254,put,2026-10-30,SPY,769.739990234375,2026-08-05T21:33:25.711913+00:00
600.0,1.7,1.72,1.64,171.0,20486,0.29706513488769526,put,2026-10-30,SPY,769.739990234375,2026-08-05T21:33:25.711913+00:00
605.0,1.79,1.81,1.84,7.0,533,0.29169409484863273,put,2026-10-30,SPY,769.739990234375,2026-08-05T21:33:25.711913+00:00
610.0,1.89,1.91,1.83,1.0,661,0.2864451239013671,put,2026-10-30,SPY,769.739990234375,2026-08-05T21:33:25.711913+00:00
615.0,2.0,2.02,2.0,5.0,349,0.2813182220458984,put,2026-10-30,SPY,769.739990234375,2026-08-05T21:33:25.711913+00:00
620.0,2.11,2.14,2.05,9.0,1622,0.2763133892822265,put,2026-10-30,SPY,769.739990234375,2026-08-05T21:33:25.711913+00:00
625.0,2.23,2.26,2.17,70.0,1025,0.271064418334961,put,2026-10-30,SPY,769.739990234375,2026-08-05T21:33:25.711913+00:00
630.0,2.37,2.4,2.34,383.0,570,0.2661206201171875,put,2026-10-30,SPY,769.739990234375,2026-08-05T21:33:25.711913+00:00
635.0,2.51,2.54,2.42,1.0,392,0.26093268371582035,put,2026-10-30,SPY,769.739990234375,2026-08-05T21:33:25.711913+00:00
640.0,2.67,2.7,2.57,2.0,413,0.2559888854980469,put,2026-10-30,SPY,769.739990234375,2026-08-05T21:33:25.711913+00:00
641.0,2.7,2.73,2.79,1.0,218,0.25489026367187506,put,2026-10-30,SPY,769.739990234375,2026-08-05T21:33:25.711913+00:00
642.0,2.73,2.77,2.87,1.0,122,0.25403578002929694,put,2026-10-30,SPY,769.739990234375,2026-08-05T21:33:25.711913+00:00
643.0,2.77,2.8,3.3,3.0,352,0.25296767547607424,put,2026-10-30,SPY,769.739990234375,2026-08-05T21:33:25.711913+00:00
644.0,2.8,2.83,2.7,3.0,368,0.2518690536499023,put,2026-10-30,SPY,769.739990234375,2026-08-05T21:33:25.711913+00:00
645.0,2.84,2.87,2.74,2.0,324,0.25098405273437496,put,2026-10-30,SPY,769.739990234375,2026-08-05T21:33:25.711913+00:00
646.0,2.87,2.9,2.9,3.0,155,0.24988543090820312,put,2026-10-30,SPY,769.739990234375,2026-08-05T21:33:25.711913+00:00
647.0,2.91,2.94,2.99,1.0,40,0.24896991271972657,put,2026-10-30,SPY,769.739990234375,2026-08-05T21:33:25.711913+00:00
648.0,2.94,2.98,2.97,2.0,401,0.24802387725830077,put,2026-10-30,SPY,769.739990234375,2026-08-05T21:33:25.711913+00:00
649.0,2.98,3.01,3.07,3.0,32,0.2468947381591797,put,2026-10-30,SPY,769.739990234375,2026-08-05T21:33:25.711913+00:00
650.0,3.02,3.05,3.06,318.0,1718,0.24594870269775393,put,2026-10-30,SPY,769.739990234375,2026-08-05T21:33:25.711913+00:00
651.0,3.06,3.09,2.95,1.0,52,0.2449721499633789,put,2026-10-30,SPY,769.739990234375,2026-08-05T21:33:25.711913+00:00
652.0,3.09,3.13,3.01,30.0,295,0.24402611450195313,put,2026-10-30,SPY,769.739990234375,2026-08-05T21:33:25.711913+00:00
653.0,3.13,3.17,3.16,2.0,262,0.2430190444946289,put,2026-10-30,SPY,769.739990234375,2026-08-05T21:33:25.711913+00:00
654.0,3.17,3.21,3.19,2.0,60,0.2420119744873047,put,2026-10-30,SPY,769.739990234375,2026-08-05T21:33:25.711913+00:00
655.0,3.21,3.25,3.21,15.0,121,0.2410354217529297,put,2026-10-30,SPY,769.739990234375,2026-08-05T21:33:25.711913+00:00
656.0,3.25,3.29,3.24,4.0,22,0.2399978344726562,put,2026-10-30,SPY,769.739990234375,2026-08-05T21:33:25.711913+00:00
657.0,3.3,3.33,3.21,1.0,60,0.2389602471923828,put,2026-10-30,SPY,769.739990234375,2026-08-05T21:33:25.711913+00:00
658.0,3.34,3.37,3.4,1.0,59,0.23792265991210934,put,2026-10-30,SPY,769.739990234375,2026-08-05T21:33:25.711913+00:00
659.0,3.38,3.42,3.52,1.0,63,0.23706817626953125,put,2026-10-30,SPY,769.739990234375,2026-08-05T21:33:25.711913+00:00
660.0,3.42,3.46,3.31,10.0,382,0.23600007171630855,put,2026-10-30,SPY,769.739990234375,2026-08-05T21:33:25.711913+00:00
661.0,3.47,3.5,3.49,1.0,58,0.23493196716308595,put,2026-10-30,SPY,769.739990234375,2026-08-05T21:33:25.711913+00:00
662.0,3.51,3.55,3.53,6.0,96,0.23401644897460935,put,2026-10-30,SPY,769.739990234375,2026-08-05T21:33:25.711913+00:00
663.0,3.56,3.6,3.65,1.0,44,0.2331009307861328,put,2026-10-30,SPY,769.739990234375,2026-08-05T21:33:25.711913+00:00
664.0,3.61,3.64,5.58,2.0,59,0.23200230895996093,put,2026-10-30,SPY,769.739990234375,2026-08-05T21:33:25.711913+00:00
665.0,3.65,3.69,3.52,2.0,329,0.2310562734985352,put,2026-10-30,SPY,769.739990234375,2026-08-05T21:33:25.711913+00:00
666.0,3.7,3.74,3.72,2.0,43,0.23007972076416017,put,2026-10-30,SPY,769.739990234375,2026-08-05T21:33:25.711913+00:00
667.0,3.75,3.79,3.82,2.0,34,0.2291031680297852,put,2026-10-30,SPY,769.739990234375,2026-08-05T21:33:25.711913+00:00
668.0,3.8,3.84,3.66,3.0,52,0.22812661529541017,put,2026-10-30,SPY,769.739990234375,2026-08-05T21:33:25.711913+00:00
669.0,3.85,3.89,3.72,1.0,51,0.22711954528808592,put,2026-10-30,SPY,769.739990234375,2026-08-05T21:33:25.711913+00:00
670.0,3.9,3.94,3.75,6.0,309,0.22611247528076173,put,2026-10-30,SPY,769.739990234375,2026-08-05T21:33:25.711913+00:00
671.0,3.95,3.99,3.93,50.0,100,0.22507488800048825,put,2026-10-30,SPY,769.739990234375,2026-08-05T21:33:25.711913+00:00
672.0,4.0,4.04,4.0,2.0,30,0.22403730072021477,put,2026-10-30,SPY,769.739990234375,2026-08-05T21:33:25.711913+00:00
673.0,4.06,4.1,3.92,2.0,215,0.22315229980468748,put,2026-10-30,SPY,769.739990234375,2026-08-05T21:33:25.711913+00:00
674.0,4.11,4.15,4.98,51.0,180,0.22208419525146478,put,2026-10-30,SPY,769.739990234375,2026-08-05T21:33:25.711913+00:00
675.0,4.17,4.21,4.07,4.0,394,0.22116867706298826,put,2026-10-30,SPY,769.739990234375,2026-08-05T21:33:25.711913+00:00
676.0,4.22,4.26,4.1,1.0,66,0.2200700552368164,put,2026-10-30,SPY,769.739990234375,2026-08-05T21:33:25.711913+00:00
677.0,4.28,4.32,4.21,2.0,164,0.21912401977539062,put,2026-10-30,SPY,769.739990234375,2026-08-05T21:33:25.711913+00:00
678.0,4.34,4.38,5.77,1.0,282,0.2181474670410156,put,2026-10-30,SPY,769.739990234375,2026-08-05T21:33:25.711913+00:00
679.0,4.4,4.44,4.28,1.0,277,0.21717091430664062,put,2026-10-30,SPY,769.739990234375,2026-08-05T21:33:25.711913+00:00
680.0,4.46,4.5,4.35,20.0,1081,0.2161638442993164,put,2026-10-30,SPY,769.739990234375,2026-08-05T21:33:25.711913+00:00
681.0,4.52,4.56,4.37,10.0,267,0.2151567742919922,put,2026-10-30,SPY,769.739990234375,2026-08-05T21:33:25.711913+00:00
682.0,4.58,4.63,5.06,1.0,131,0.2142717733764648,put,2026-10-30,SPY,769.739990234375,2026-08-05T21:33:25.711913+00:00
683.0,4.65,4.69,4.78,5917.0,5950,0.21323418609619144,put,2026-10-30,SPY,769.739990234375,2026-08-05T21:33:25.711913+00:00
684.0,4.71,4.75,4.71,3.0,481,0.21216608154296873,put,2026-10-30,SPY,769.739990234375,2026-08-05T21:33:25.711913+00:00
685.0,4.78,4.82,4.8,7.0,1313,0.21125056335449216,put,2026-10-30,SPY,769.739990234375,2026-08-05T21:33:25.711913+00:00
686.0,4.84,4.89,4.99,2.0,299,0.21030452789306642,put,2026-10-30,SPY,769.739990234375,2026-08-05T21:33:25.711913+00:00
687.0,4.91,4.96,4.93,5.0,149,0.2093279751586914,put,2026-10-30,SPY,769.739990234375,2026-08-05T21:33:25.711913+00:00
688.0,4.98,5.02,5.1,1.0,144,0.20822935333251946,put,2026-10-30,SPY,769.739990234375,2026-08-05T21:33:25.711913+00:00
689.0,5.05,5.1,5.16,2.0,92,0.20734435241699217,put,2026-10-30,SPY,769.739990234375,2026-08-05T21:33:25.711913+00:00
690.0,5.12,5.17,5.1,62.0,1058,0.20633728240966792,put,2026-10-30,SPY,769.739990234375,2026-08-05T21:33:25.711913+00:00
691.0,5.2,5.24,6.42,75.0,153,0.2053149537658691,put,2026-10-30,SPY,769.739990234375,2026-08-05T21:33:25.711913+00:00
692.0,5.27,5.31,5.17,21.0,84,0.20426210784912108,put,2026-10-30,SPY,769.739990234375,2026-08-05T21:33:25.711913+00:00
693.0,5.34,5.39,5.36,10.0,103,0.2033465896606445,put,2026-10-30,SPY,769.739990234375,2026-08-05T21:33:25.711913+00:00
694.0,5.42,5.47,5.54,1.0,40,0.2024005541992187,put,2026-10-30,SPY,769.739990234375,2026-08-05T21:33:25.711913+00:00
695.0,5.5,5.54,5.33,27.0,390,0.20130193237304686,put,2026-10-30,SPY,769.739990234375,2026-08-05T21:33:25.711913+00:00
696.0,5.58,5.62,5.42,1.0,38,0.20032537963867186,put,2026-10-30,SPY,769.739990234375,2026-08-05T21:33:25.711913+00:00
697.0,5.66,5.7,5.95,2.0,56,0.19931830963134767,put,2026-10-30,SPY,769.739990234375,2026-08-05T21:33:25.711913+00:00
698.0,5.74,5.78,5.77,1.0,92,0.1982959809875488,put,2026-10-30,SPY,769.739990234375,2026-08-05T21:33:25.711913+00:00
699.0,5.82,5.87,5.62,1.0,64,0.1973804627990723,put,2026-10-30,SPY,769.739990234375,2026-08-05T21:33:25.711913+00:00
700.0,5.91,5.95,5.98,271.0,2276,0.1963276168823242,put,2026-10-30,SPY,769.739990234375,2026-08-05T21:33:25.711913+00:00
701.0,5.99,6.04,5.95,2.0,52,0.19536632278442384,put,2026-10-30,SPY,769.739990234375,2026-08-05T21:33:25.711913+00:00
702.0,6.08,6.13,6.07,4.0,64,0.19440502868652343,put,2026-10-30,SPY,769.739990234375,2026-08-05T21:33:25.711913+00:00
703.0,6.17,6.22,5.98,2.0,71,0.19339795867919923,put,2026-10-30,SPY,769.739990234375,2026-08-05T21:33:25.711913+00:00
704.0,6.26,6.31,6.24,7.0,58,0.192390888671875,put,2026-10-30,SPY,769.739990234375,2026-08-05T21:33:25.711913+00:00
705.0,6.35,6.4,6.21,34.0,172,0.19135330139160156,put,2026-10-30,SPY,769.739990234375,2026-08-05T21:33:25.711913+00:00
706.0,6.45,6.5,6.3,3.0,170,0.19042252456665043,put,2026-10-30,SPY,769.739990234375,2026-08-05T21:33:25.711913+00:00
707.0,6.54,6.59,6.42,20506.0,20593,0.18936967864990234,put,2026-10-30,SPY,769.739990234375,2026-08-05T21:33:25.711913+00:00
708.0,6.64,6.69,6.62,20.0,96,0.1883778672790527,put,2026-10-30,SPY,769.739990234375,2026-08-05T21:33:25.711913+00:00
709.0,6.74,6.79,7.33,3.0,349,0.18738605590820312,put,2026-10-30,SPY,769.739990234375,2026-08-05T21:33:25.711913+00:00
710.0,6.84,6.89,6.66,111.0,1653,0.1863637272644043,put,2026-10-30,SPY,769.739990234375,2026-08-05T21:33:25.711913+00:00
711.0,6.94,6.99,8.77,3.0,97,0.18532613998413083,put,2026-10-30,SPY,769.739990234375,2026-08-05T21:33:25.711913+00:00
712.0,7.05,7.1,7.04,4.0,263,0.1843801045227051,put,2026-10-30,SPY,769.739990234375,2026-08-05T21:33:25.711913+00:00
713.0,7.15,7.21,7.07,2.0,648,0.18340355178833007,put,2026-10-30,SPY,769.739990234375,2026-08-05T21:33:25.711913+00:00
714.0,7.26,7.32,7.08,3.0,106,0.18241174041748048,put,2026-10-30,SPY,769.739990234375,2026-08-05T21:33:25.711913+00:00
715.0,7.38,7.43,7.17,14.0,781,0.18138941177368162,put,2026-10-30,SPY,769.739990234375,2026-08-05T21:33:25.711913+00:00
716.0,7.49,7.54,7.44,7.0,58,0.18033656585693358,put,2026-10-30,SPY,769.739990234375,2026-08-05T21:33:25.711913+00:00
717.0,7.61,7.66,7.97,22.0,177,0.17939053039550779,put,2026-10-30,SPY,769.739990234375,2026-08-05T21:33:25.711913+00:00
718.0,7.72,7.78,8.07,2.0,89,0.1783987190246582,put,2026-10-30,SPY,769.739990234375,2026-08-05T21:33:25.711913+00:00
719.0,7.84,7.9,7.58,23.0,169,0.17739164901733395,put,2026-10-30,SPY,769.739990234375,2026-08-05T21:33:25.711913+00:00
720.0,7.97,8.02,7.76,115.0,1118,0.17635406173706059,put,2026-10-30,SPY,769.739990234375,2026-08-05T21:33:25.711913+00:00
721.0,8.09,8.15,7.99,20.0,15,0.17539276763916017,put,2026-10-30,SPY,769.739990234375,2026-08-05T21:33:25.711913+00:00
722.0,8.22,8.28,8.09,31.0,88,0.1744162149047852,put,2026-10-30,SPY,769.739990234375,2026-08-05T21:33:25.711913+00:00
723.0,8.35,8.41,8.13,3.0,49,0.17340914489746095,put,2026-10-30,SPY,769.739990234375,2026-08-05T21:33:25.711913+00:00
724.0,8.48,8.54,8.2,51.0,68,0.17237155761718753,put,2026-10-30,SPY,769.739990234375,2026-08-05T21:33:25.711913+00:00
725.0,8.62,8.68,8.41,30.0,1101,0.17141026351928712,put,2026-10-30,SPY,769.739990234375,2026-08-05T21:33:25.711913+00:00
726.0,8.76,8.82,8.8,20.0,64,0.17041845214843754,put,2026-10-30,SPY,769.739990234375,2026-08-05T21:33:25.711913+00:00
727.0,8.9,8.96,8.88,6.0,54,0.1694113821411133,put,2026-10-30,SPY,769.739990234375,2026-08-05T21:33:25.711913+00:00
728.0,9.05,9.11,8.86,1.0,35,0.16846534667968754,put,2026-10-30,SPY,769.739990234375,2026-08-05T21:33:25.711913+00:00
729.0,9.2,9.26,9.18,11.0,68,0.1674735353088379,put,2026-10-30,SPY,769.739990234375,2026-08-05T21:33:25.711913+00:00
730.0,9.35,9.41,9.11,141.0,1420,0.1664664653015137,put,2026-10-30,SPY,769.739990234375,2026-08-05T21:33:25.711913+00:00
731.0,9.51,9.57,9.25,2.0,44,0.1655204298400879,put,2026-10-30,SPY,769.739990234375,2026-08-05T21:33:25.711913+00:00
732.0,9.66,9.73,9.65,12.0,320,0.1645438771057129,put,2026-10-30,SPY,769.739990234375,2026-08-05T21:33:25.711913+00:00
733.0,9.83,9.89,9.69,7.0,145,0.1635520657348633,put,2026-10-30,SPY,769.739990234375,2026-08-05T21:33:25.711913+00:00
734.0,9.99,10.05,9.82,30.0,298,0.16251447845458983,put,2026-10-30,SPY,769.739990234375,2026-08-05T21:33:25.711913+00:00
735.0,10.16,10.22,9.92,25.0,979,0.1615379257202148,put,2026-10-30,SPY,769.739990234375,2026-08-05T21:33:25.711913+00:00
736.0,10.33,10.4,10.23,12.0,125,0.1606224075317383,put,2026-10-30,SPY,769.739990234375,2026-08-05T21:33:25.711913+00:00
737.0,10.51,10.58,10.52,2.0,173,0.15966111343383788,put,2026-10-30,SPY,769.739990234375,2026-08-05T21:33:25.711913+00:00
738.0,10.69,10.76,10.8,13.0,1132,0.1586693020629883,put,2026-10-30,SPY,769.739990234375,2026-08-05T21:33:25.711913+00:00
739.0,10.88,10.94,11.65,2.0,226,0.15766223205566404,put,2026-10-30,SPY,769.739990234375,2026-08-05T21:33:25.711913+00:00
740.0,11.07,11.13,10.85,74.0,1623,0.1567009379577637,put,2026-10-30,SPY,769.739990234375,2026-08-05T21:33:25.711913+00:00
741.0,11.26,11.33,11.33,21.0,141,0.1557701611328125,put,2026-10-30,SPY,769.739990234375,2026-08-05T21:33:25.711913+00:00
742.0,11.46,11.53,11.4,6.0,266,0.15482412567138676,put,2026-10-30,SPY,769.739990234375,2026-08-05T21:33:25.711913+00:00
743.0,11.66,11.73,13.27,1.0,404,0.15383231430053712,put,2026-10-30,SPY,769.739990234375,2026-08-05T21:33:25.711913+00:00
744.0,11.87,11.94,12.08,31.0,104,0.15288627883911138,put,2026-10-30,SPY,769.739990234375,2026-08-05T21:33:25.711913+00:00
745.0,12.08,12.15,11.74,33.0,1247,0.15190972610473635,put,2026-10-30,SPY,769.739990234375,2026-08-05T21:33:25.711913+00:00
746.0,12.3,12.37,12.18,5.0,562,0.15097894927978522,put,2026-10-30,SPY,769.739990234375,2026-08-05T21:33:25.711913+00:00
747.0,12.52,12.59,12.26,1.0,13,0.1500023965454102,put,2026-10-30,SPY,769.739990234375,2026-08-05T21:33:25.711913+00:00
748.0,12.75,12.82,12.22,1.0,196,0.14907161972045896,put,2026-10-30,SPY,769.739990234375,2026-08-05T21:33:25.711913+00:00
749.0,12.98,13.05,12.76,128.0,63,0.1481026963043213,put,2026-10-30,SPY,769.739990234375,2026-08-05T21:33:25.711913+00:00
750.0,13.22,13.29,13.38,307.0,3146,0.1471642901611328,put,2026-10-30,SPY,769.739990234375,2026-08-05T21:33:25.711913+00:00
751.0,13.46,13.53,13.18,2.0,10,0.1462029960632324,put,2026-10-30,SPY,769.739990234375,2026-08-05T21:33:25.711913+00:00
752.0,13.71,13.78,13.39,120.0,74,0.14525696060180665,put,2026-10-30,SPY,769.739990234375,2026-08-05T21:33:25.711913+00:00
753.0,13.96,14.04,15.54,2.0,4,0.1443567010498047,put,2026-10-30,SPY,769.739990234375,2026-08-05T21:33:25.711913+00:00
754.0,14.22,14.3,14.15,30.0,59,0.1434106655883789,put,2026-10-30,SPY,769.739990234375,2026-08-05T21:33:25.711913+00:00
755.0,14.49,14.56,14.19,81.0,937,0.14242648353576662,put,2026-10-30,SPY,769.739990234375,2026-08-05T21:33:25.711913+00:00
756.0,14.76,14.84,15.19,4.0,19,0.14154148262023927,put,2026-10-30,SPY,769.739990234375,2026-08-05T21:33:25.711913+00:00
757.0,15.04,15.12,14.86,1.0,8,0.1406183351135254,put,2026-10-30,SPY,769.739990234375,2026-08-05T21:33:25.711913+00:00
758.0,15.32,15.41,14.98,41.0,37,0.13971807556152344,put,2026-10-30,SPY,769.739990234375,2026-08-05T21:33:25.711913+00:00
760.0,15.91,16.0,16.2,112.0,678,0.13785652191162112,put,2026-10-30,SPY,769.739990234375,2026-08-05T21:33:25.711913+00:00
761.0,16.22,16.3,16.05,1.0,43,0.1368799691772461,put,2026-10-30,SPY,769.739990234375,2026-08-05T21:33:25.711913+00:00
762.0,16.53,16.62,16.4,25.0,27,0.13601022689819336,put,2026-10-30,SPY,769.739990234375,2026-08-05T21:33:25.711913+00:00
763.0,16.85,16.94,16.44,6.0,14,0.13509470870971685,put,2026-10-30,SPY,769.739990234375,2026-08-05T21:33:25.711913+00:00
764.0,17.18,17.27,17.25,26.0,40,0.13419444915771483,put,2026-10-30,SPY,769.739990234375,2026-08-05T21:33:25.711913+00:00
765.0,17.52,17.61,17.93,135.0,687,0.1333094482421875,put,2026-10-30,SPY,769.739990234375,2026-08-05T21:33:25.711913+00:00
766.0,17.86,17.95,18.12,4.0,6,0.13237867141723636,put,2026-10-30,SPY,769.739990234375,2026-08-05T21:33:25.711913+00:00
768.0,18.57,18.66,18.06,5.0,43,0.1305781523132324,put,2026-10-30,SPY,769.739990234375,2026-08-05T21:33:25.711913+00:00
769.0,18.94,19.03,19.08,7.0,27,0.1296931513977051,put,2026-10-30,SPY,769.739990234375,2026-08-05T21:33:25.711913+00:00
770.0,19.32,19.41,18.92,140.0,482,0.1288234091186523,put,2026-10-30,SPY,769.739990234375,2026-08-05T21:33:25.711913+00:00
775.0,21.33,21.42,21.21,35.0,103,0.12438314590454103,put,2026-10-30,SPY,769.739990234375,2026-08-05T21:33:25.711913+00:00
780.0,23.57,23.67,24.16,86.0,142,0.12008021041870115,put,2026-10-30,SPY,769.739990234375,2026-08-05T21:33:25.711913+00:00
781.0,24.05,24.15,46.5,1.0,1,0.11922572677612303,put,2026-10-30,SPY,769.739990234375,2026-08-05T21:33:25.711913+00:00
782.0,24.53,24.63,24.55,60.0,1,0.11831020858764649,put,2026-10-30,SPY,769.739990234375,2026-08-05T21:33:25.711913+00:00
785.0,24.53,27.84,25.96,1.0,12,0.12749590774536135,put,2026-10-30,SPY,769.739990234375,2026-08-05T21:33:25.711913+00:00
790.0,28.25,29.8,28.46,22.0,20,0.11802029449462889,put,2026-10-30,SPY,769.739990234375,2026-08-05T21:33:25.711913+00:00
791.0,27.89,31.16,31.9,35.0,31,0.12294883407592774,put,2026-10-30,SPY,769.739990234375,2026-08-05T21:33:25.711913+00:00
795.0,31.16,32.89,31.72,1.0,1,0.1147549462890625,put,2026-10-30,SPY,769.739990234375,2026-08-05T21:33:25.711913+00:00
797.0,31.6,34.83,56.13,10.0,0,0.11847805358886719,put,2026-10-30,SPY,769.739990234375,2026-08-05T21:33:25.711913+00:00
800.0,34.16,36.45,34.0,33.0,40,0.11338166900634765,put,2026-10-30,SPY,769.739990234375,2026-08-05T21:33:25.711913+00:00
805.0,37.1,40.3,55.85,,0,0.11284761672973634,put,2026-10-30,SPY,769.739990234375,2026-08-05T21:33:25.711913+00:00
810.0,40.84,44.02,63.0,4.0,1,0.10929235443115234,put,2026-10-30,SPY,769.739990234375,2026-08-05T21:33:25.711913+00:00
820.0,0.0,0.0,78.0,154.0,0,1.0000000000000003e-05,put,2026-10-30,SPY,769.739990234375,2026-08-05T21:33:25.711913+00:00
825.0,68.79,72.3,102.0,,0,0.2487105158996582,put,2026-10-30,SPY,769.739990234375,2026-08-05T21:33:25.711913+00:00
835.0,62.75,65.91,63.77,1.0,0,0.09845872253417969,put,2026-10-30,SPY,769.739990234375,2026-08-05T21:33:25.711913+00:00
840.0,67.71,70.85,70.05,37.0,23,0.10248700256347655,put,2026-10-30,SPY,769.739990234375,2026-08-05T21:33:25.711913+00:00
845.0,72.71,75.83,105.93,1.0,0,0.10743080078125,put,2026-10-30,SPY,769.739990234375,2026-08-05T21:33:25.711913+00:00
855.0,114.71,118.08,131.84,1.0,0,0.4249172499084473,put,2026-10-30,SPY,769.739990234375,2026-08-05T21:33:25.711913+00:00
860.0,119.7,123.07,136.74,1.0,0,0.43456070816040043,put,2026-10-30,SPY,769.739990234375,2026-08-05T21:33:25.711913+00:00
865.0,0.0,0.0,124.27,,0,1.0000000000000003e-05,put,2026-10-30,SPY,769.739990234375,2026-08-05T21:33:25.711913+00:00
875.0,102.32,105.83,145.54,1.0,0,0.13916876464843753,put,2026-10-30,SPY,769.739990234375,2026-08-05T21:33:25.711913+00:00
900.0,143.85,147.3,145.02,,0,0.3794312545776367,put,2026-10-30,SPY,769.739990234375,2026-08-05T21:33:25.711913+00:00
