strike,bid,ask,last_price,volume,open_interest,vendor_implied_volatility,option_type,expiration,ticker,spot,download_timestamp
685.0,56.59,61.02,54.9,1.0,1.0,0.5215501947021484,call,2026-08-06,SPY,741.72998046875,2026-07-30T21:33:36.534402+00:00
710.0,32.07,36.0,35.51,1.0,1.0,0.3540103662109374,call,2026-08-06,SPY,741.72998046875,2026-07-30T21:33:36.534402+00:00
720.0,22.71,26.5,23.37,2.0,6.0,0.29761444580078117,call,2026-08-06,SPY,741.72998046875,2026-07-30T21:33:36.534402+00:00
725.0,19.65,20.23,18.66,15.0,20.0,0.2235185070800781,call,2026-08-06,SPY,741.72998046875,2026-07-30T21:33:36.534402+00:00
730.0,15.35,16.93,14.52,532.0,118.0,0.23053747985839845,call,2026-08-06,SPY,741.72998046875,2026-07-30T21:33:36.534402+00:00
735.0,11.22,12.87,9.97,885.0,228.0,0.20954159606933592,call,2026-08-06,SPY,741.72998046875,2026-07-30T21:33:36.534402+00:00
736.0,10.44,12.1,9.51,1129.0,256.0,0.20551331604003903,call,2026-08-06,SPY,741.72998046875,2026-07-30T21:33:36.534402+00:00
737.0,9.64,10.09,8.83,1011.0,172.0,0.1720358676147461,call,2026-08-06,SPY,741.72998046875,2026-07-30T21:33:36.534402+00:00
738.0,8.95,9.34,8.17,803.0,551.0,0.16816017395019534,call,2026-08-06,SPY,741.72998046875,2026-07-30T21:33:36.534402+00:00
739.0,8.23,8.59,8.58,1624.0,1171.0,0.1638267211914063,call,2026-08-06,SPY,741.72998046875,2026-07-30T21:33:36.534402+00:00
740.0,7.49,7.9,7.47,2949.0,2071.0,0.1604698211669922,call,2026-08-06,SPY,741.72998046875,2026-07-30T21:33:36.534402+00:00
741.0,6.83,7.21,6.8,1821.0,1746.0,0.15662464477539065,call,2026-08-06,SPY,741.72998046875,2026-07-30T21:33:36.534402+00:00
742.0,6.2,6.55,6.42,1114.0,555.0,0.15299308929443362,call,2026-08-06,SPY,741.72998046875,2026-07-30T21:33:36.534402+00:00
743.0,5.66,5.74,5.71,629.0,290.0,0.1453332537841797,call,2026-08-06,SPY,741.72998046875,2026-07-30T21:33:36.534402+00:00
744.0,5.07,5.14,5.18,990.0,548.0,0.14191531921386719,call,2026-08-06,SPY,741.72998046875,2026-07-30T21:33:36.534402+00:00
745.0,4.5,4.57,4.62,1409.0,723.0,0.13852790191650394,call,2026-08-06,SPY,741.72998046875,2026-07-30T21:33:36.534402+00:00
746.0,3.96,4.03,3.98,1077.0,617.0,0.13514048461914066,call,2026-08-06,SPY,741.72998046875,2026-07-30T21:33:36.534402+00:00
747.0,3.45,3.52,3.55,1341.0,243.0,0.13172255004882813,call,2026-08-06,SPY,741.72998046875,2026-07-30T21:33:36.534402+00:00
748.0,2.98,3.04,2.9,1036.0,204.0,0.12824358093261717,call,2026-08-06,SPY,741.72998046875,2026-07-30T21:33:36.534402+00:00
749.0,2.54,2.6,2.49,1453.0,360.0,0.12491719818115235,call,2026-08-06,SPY,741.72998046875,2026-07-30T21:33:36.534402+00:00
750.0,2.14,2.2,2.21,2728.0,1038.0,0.12171288452148438,call,2026-08-06,SPY,741.72998046875,2026-07-30T21:33:36.534402+00:00
751.0,1.78,1.83,1.83,679.0,510.0,0.11829494995117187,call,2026-08-06,SPY,741.72998046875,2026-07-30T21:33:36.534402+00:00
752.0,1.46,1.51,1.51,1401.0,1241.0,0.11530425720214844,call,2026-08-06,SPY,741.72998046875,2026-07-30T21:33:36.534402+00:00
753.0,1.18,1.22,1.11,429.0,596.0,0.11213046081542967,call,2026-08-06,SPY,741.72998046875,2026-07-30T21:33:36.534402+00:00
754.0,0.93,0.97,0.97,276.0,352.0,0.1090787335205078,call,2026-08-06,SPY,741.72998046875,2026-07-30T21:33:36.534402+00:00
755.0,0.73,0.76,0.76,465.0,1203.0,0.10621010986328125,call,2026-08-06,SPY,741.72998046875,2026-07-30T21:33:36.534402+00:00
756.0,0.56,0.59,0.54,758.0,621.0,0.10376872802734374,call,2026-08-06,SPY,741.72998046875,2026-07-30T21:33:36.534402+00:00
757.0,0.42,0.44,0.43,834.0,1052.0,0.10083906982421875,call,2026-08-06,SPY,741.72998046875,2026-07-30T21:33:36.534402+00:00
758.0,0.3,0.33,0.28,814.0,186.0,0.09876389526367188,call,2026-08-06,SPY,741.72998046875,2026-07-30T21:33:36.534402+00:00
759.0,0.22,0.24,0.2,545.0,222.0,0.09644458251953125,call,2026-08-06,SPY,741.72998046875,2026-07-30T21:33:36.534402+00:00
760.0,0.15,0.17,0.16,410.0,727.0,0.0942473388671875,call,2026-08-06,SPY,741.72998046875,2026-07-30T21:33:36.534402+00:00
761.0,0.1,0.11,0.1,1192.0,126.0,0.09107354248046876,call,2026-08-06,SPY,741.72998046875,2026-07-30T21:33:36.534402+00:00
762.0,0.07,0.08,0.05,41.0,779.0,0.0903411279296875,call,2026-08-06,SPY,741.72998046875,2026-07-30T21:33:36.534402+00:00
763.0,0.05,0.06,0.04,172.0,637.0,0.0898528515625,call,2026-08-06,SPY,741.72998046875,2026-07-30T21:33:36.534402+00:00
764.0,0.03,0.04,0.03,195.0,307.0,0.08838802246093751,call,2026-08-06,SPY,741.72998046875,2026-07-30T21:33:36.534402+00:00
765.0,0.02,0.03,0.03,115.0,557.0,0.08838802246093751,call,2026-08-06,SPY,741.72998046875,2026-07-30T21:33:36.534402+00:00
766.0,0.02,0.03,0.02,62.0,441.0,0.09180595703125,call,2026-08-06,SPY,741.72998046875,2026-07-30T21:33:36.534402+00:00
767.0,0.01,0.02,0.02,151.0,411.0,0.090829404296875,call,2026-08-06,SPY,741.72998046875,2026-07-30T21:33:36.534402+00:00
768.0,0.01,0.02,0.02,14.0,368.0,0.0937590625,call,2026-08-06,SPY,741.72998046875,2026-07-30T21:33:36.534402+00:00
769.0,0.01,0.02,0.01,40.0,129.0,0.09668872070312501,call,2026-08-06,SPY,741.72998046875,2026-07-30T21:33:36.534402+00:00
770.0,0.01,0.02,0.01,40.0,826.0,0.09961837890625,call,2026-08-06,SPY,741.72998046875,2026-07-30T21:33:36.534402+00:00
772.0,0.01,0.02,0.01,60.0,7.0,0.1054776953125,call,2026-08-06,SPY,741.72998046875,2026-07-30T21:33:36.534402+00:00
773.0,0.01,0.02,0.02,1.0,10.0,0.10938390625,call,2026-08-06,SPY,741.72998046875,2026-07-30T21:33:36.534402+00:00
774.0,0.0,0.01,0.02,1.0,4.0,0.10352458984374999,call,2026-08-06,SPY,741.72998046875,2026-07-30T21:33:36.534402+00:00
775.0,0.0,0.01,0.01,340.0,473.0,0.10743080078125,call,2026-08-06,SPY,741.72998046875,2026-07-30T21:33:36.534402+00:00
777.0,0.0,0.01,0.01,130.0,522.0,0.1132901171875,call,2026-08-06,SPY,741.72998046875,2026-07-30T21:33:36.534402+00:00
778.0,0.0,0.01,0.02,30.0,106.0,0.11524322265625,call,2026-08-06,SPY,741.72998046875,2026-07-30T21:33:36.534402+00:00
781.0,0.0,0.01,0.01,570.0,539.0,0.12305564453125001,call,2026-08-06,SPY,741.72998046875,2026-07-30T21:33:36.534402+00:00
785.0,0.0,0.01,0.01,180.0,200.0,0.13477427734375003,call,2026-08-06,SPY,741.72998046875,2026-07-30T21:33:36.534402+00:00
789.0,0.0,0.01,0.01,481.0,1096.0,0.1445398046875,call,2026-08-06,SPY,741.72998046875,2026-07-30T21:33:36.534402+00:00
790.0,0.0,0.01,0.01,420.0,544.0,0.148446015625,call,2026-08-06,SPY,741.72998046875,2026-07-30T21:33:36.534402+00:00
820.0,0.0,0.01,0.01,1.0,283.0,0.22657023437499998,call,2026-08-06,SPY,741.72998046875,2026-07-30T21:33:36.534402+00:00
535.0,0.0,0.01,0.01,540.0,547.0,0.64062859375,put,2026-08-06,SPY,741.72998046875,2026-07-30T21:33:36.534402+00:00
605.0,0.01,0.02,0.03,40.0,75.0,0.46484910156250003,put,2026-08-06,SPY,741.72998046875,2026-07-30T21:33:36.534402+00:00
630.0,0.02,0.03,0.04,10.0,5.0,0.39453730468750003,put,2026-08-06,SPY,741.72998046875,2026-07-30T21:33:36.534402+00:00
635.0,0.02,0.03,0.04,38.0,88.0,0.37500625,put,2026-08-06,SPY,741.72998046875,2026-07-30T21:33:36.534402+00:00
650.0,0.03,0.04,0.05,7.0,61.0,0.33399103515625,put,2026-08-06,SPY,741.72998046875,2026-07-30T21:33:36.534402+00:00
655.0,0.04,0.05,0.08,1.0,4.0,0.3242255078124999,put,2026-08-06,SPY,741.72998046875,2026-07-30T21:33:36.534402+00:00
660.0,0.04,0.05,0.09,80.0,18.0,0.305671005859375,put,2026-08-06,SPY,741.72998046875,2026-07-30T21:33:36.534402+00:00
665.0,0.05,0.06,0.11,1.0,162.0,0.29395237304687494,put,2026-08-06,SPY,741.72998046875,2026-07-30T21:33:36.534402+00:00
670.0,0.05,0.07,0.07,172.0,73.0,0.28125718749999995,put,2026-08-06,SPY,741.72998046875,2026-07-30T21:33:36.534402+00:00
675.0,0.06,0.07,0.1,1556.0,346.0,0.26270268554687504,put,2026-08-06,SPY,741.72998046875,2026-07-30T21:33:36.534402+00:00
680.0,0.07,0.08,0.08,327.0,369.0,0.2485426708984375,put,2026-08-06,SPY,741.72998046875,2026-07-30T21:33:36.534402+00:00
685.0,0.09,0.1,0.09,514.0,153.0,0.2368240380859375,put,2026-08-06,SPY,741.72998046875,2026-07-30T21:33:36.534402+00:00
690.0,0.11,0.12,0.15,653.0,528.0,0.22315229980468748,put,2026-08-06,SPY,741.72998046875,2026-07-30T21:33:36.534402+00:00
695.0,0.13,0.15,0.2,200.0,464.0,0.2104571142578125,put,2026-08-06,SPY,741.72998046875,2026-07-30T21:33:36.534402+00:00
700.0,0.17,0.19,0.22,527.0,439.0,0.1977619287109375,put,2026-08-06,SPY,741.72998046875,2026-07-30T21:33:36.534402+00:00
701.0,0.18,0.2,0.29,141.0,360.0,0.19507640869140624,put,2026-08-06,SPY,741.72998046875,2026-07-30T21:33:36.534402+00:00
702.0,0.2,0.21,0.2,64.0,150.0,0.192390888671875,put,2026-08-06,SPY,741.72998046875,2026-07-30T21:33:36.534402+00:00
703.0,0.21,0.23,0.34,286.0,285.0,0.19117019775390626,put,2026-08-06,SPY,741.72998046875,2026-07-30T21:33:36.534402+00:00
704.0,0.22,0.24,0.32,215.0,206.0,0.18824053955078124,put,2026-08-06,SPY,741.72998046875,2026-07-30T21:33:36.534402+00:00
705.0,0.24,0.26,0.25,164.0,664.0,0.186531572265625,put,2026-08-06,SPY,741.72998046875,2026-07-30T21:33:36.534402+00:00
706.0,0.26,0.28,0.31,174.0,176.0,0.1848226049804687,put,2026-08-06,SPY,741.72998046875,2026-07-30T21:33:36.534402+00:00
707.0,0.27,0.3,0.36,175.0,172.0,0.18262536132812499,put,2026-08-06,SPY,741.72998046875,2026-07-30T21:33:36.534402+00:00
708.0,0.29,0.32,0.3,94.0,1290.0,0.18042811767578126,put,2026-08-06,SPY,741.72998046875,2026-07-30T21:33:36.534402+00:00
709.0,0.32,0.34,0.44,564.0,288.0,0.17798673583984376,put,2026-08-06,SPY,741.72998046875,2026-07-30T21:33:36.534402+00:00
710.0,0.34,0.36,0.34,954.0,545.0,0.1753012158203125,put,2026-08-06,SPY,741.72998046875,2026-07-30T21:33:36.534402+00:00
711.0,0.37,0.39,0.39,647.0,1220.0,0.17359224853515626,put,2026-08-06,SPY,741.72998046875,2026-07-30T21:33:36.534402+00:00
712.0,0.4,0.42,0.49,1221.0,138.0,0.17151707397460939,put,2026-08-06,SPY,741.72998046875,2026-07-30T21:33:36.534402+00:00
713.0,0.43,0.46,0.42,1429.0,439.0,0.1700522448730469,put,2026-08-06,SPY,741.72998046875,2026-07-30T21:33:36.534402+00:00
714.0,0.46,0.49,0.51,461.0,1318.0,0.1676108630371094,put,2026-08-06,SPY,741.72998046875,2026-07-30T21:33:36.534402+00:00
715.0,0.5,0.53,0.49,1302.0,540.0,0.1656577575683594,put,2026-08-06,SPY,741.72998046875,2026-07-30T21:33:36.534402+00:00
716.0,0.54,0.57,0.71,1224.0,103.0,0.16346051391601565,put,2026-08-06,SPY,741.72998046875,2026-07-30T21:33:36.534402+00:00
717.0,0.59,0.62,0.59,1561.0,70.0,0.16162947753906248,put,2026-08-06,SPY,741.72998046875,2026-07-30T21:33:36.534402+00:00
718.0,0.64,0.67,0.66,137.0,1620.0,0.1596763720703125,put,2026-08-06,SPY,741.72998046875,2026-07-30T21:33:36.534402+00:00
719.0,0.69,0.73,0.87,191.0,259.0,0.15784533569335937,put,2026-08-06,SPY,741.72998046875,2026-07-30T21:33:36.534402+00:00
720.0,0.75,0.79,0.82,776.0,1142.0,0.15589223022460938,put,2026-08-06,SPY,741.72998046875,2026-07-30T21:33:36.534402+00:00
721.0,0.81,0.85,1.05,255.0,81.0,0.15357291748046875,put,2026-08-06,SPY,741.72998046875,2026-07-30T21:33:36.534402+00:00
722.0,0.88,0.92,0.92,386.0,163.0,0.15143670837402345,put,2026-08-06,SPY,741.72998046875,2026-07-30T21:33:36.534402+00:00
723.0,0.95,1.0,1.07,653.0,280.0,0.14954463745117189,put,2026-08-06,SPY,741.72998046875,2026-07-30T21:33:36.534402+00:00
724.0,1.04,1.08,2.9,559.0,361.0,0.14722532470703126,put,2026-08-06,SPY,741.72998046875,2026-07-30T21:33:36.534402+00:00
725.0,1.13,1.18,1.17,5232.0,2968.0,0.145516357421875,put,2026-08-06,SPY,741.72998046875,2026-07-30T21:33:36.534402+00:00
726.0,1.22,1.27,1.58,589.0,183.0,0.14301394104003906,put,2026-08-06,SPY,741.72998046875,2026-07-30T21:33:36.534402+00:00
727.0,1.33,1.38,1.33,610.0,222.0,0.14093876647949222,put,2026-08-06,SPY,741.72998046875,2026-07-30T21:33:36.534402+00:00
728.0,1.44,1.5,1.51,386.0,774.0,0.13886359191894532,put,2026-08-06,SPY,741.72998046875,2026-07-30T21:33:36.534402+00:00
729.0,1.57,1.63,1.53,499.0,231.0,0.13678841735839847,put,2026-08-06,SPY,741.72998046875,2026-07-30T21:33:36.534402+00:00
730.0,1.7,1.77,1.72,1775.0,519.0,0.13459117370605472,put,2026-08-06,SPY,741.72998046875,2026-07-30T21:33:36.534402+00:00
731.0,1.85,1.92,1.95,370.0,606.0,0.13227186096191407,put,2026-08-06,SPY,741.72998046875,2026-07-30T21:33:36.534402+00:00
732.0,2.01,2.08,2.56,373.0,451.0,0.129891513671875,put,2026-08-06,SPY,741.72998046875,2026-07-30T21:33:36.534402+00:00
733.0,2.18,2.26,2.2,531.0,137.0,0.1276332354736328,put,2026-08-06,SPY,741.72998046875,2026-07-30T21:33:36.534402+00:00
734.0,2.37,2.45,2.55,797.0,571.0,0.1251918536376953,put,2026-08-06,SPY,741.72998046875,2026-07-30T21:33:36.534402+00:00
735.0,2.57,2.63,2.6,3043.0,862.0,0.12198753997802736,put,2026-08-06,SPY,741.72998046875,2026-07-30T21:33:36.534402+00:00
736.0,2.79,2.85,2.77,1142.0,698.0,0.11936305450439452,put,2026-08-06,SPY,741.72998046875,2026-07-30T21:33:36.534402+00:00
737.0,3.03,3.09,3.05,3398.0,301.0,0.1167080517578125,put,2026-08-06,SPY,741.72998046875,2026-07-30T21:33:36.534402+00:00
738.0,3.28,3.35,3.34,4254.0,525.0,0.11396149719238281,put,2026-08-06,SPY,741.72998046875,2026-07-30T21:33:36.534402+00:00
739.0,3.56,3.63,3.59,1249.0,476.0,0.11109287353515623,put,2026-08-06,SPY,741.72998046875,2026-07-30T21:33:36.534402+00:00
740.0,3.86,3.93,3.9,3265.0,800.0,0.10804114624023436,put,2026-08-06,SPY,741.72998046875,2026-07-30T21:33:36.534402+00:00
741.0,4.18,4.25,4.26,1148.0,754.0,0.10477579803466797,put,2026-08-06,SPY,741.72998046875,2026-07-30T21:33:36.534402+00:00
742.0,4.52,4.6,4.88,598.0,929.0,0.10144941528320311,put,2026-08-06,SPY,741.72998046875,2026-07-30T21:33:36.534402+00:00
743.0,4.9,4.98,5.11,415.0,905.0,0.09793992889404299,put,2026-08-06,SPY,741.72998046875,2026-07-30T21:33:36.534402+00:00
744.0,5.3,5.38,5.3,269.0,233.0,0.09400320068359375,put,2026-08-06,SPY,741.72998046875,2026-07-30T21:33:36.534402+00:00
745.0,5.73,5.82,5.63,128.0,95.0,0.08991388610839844,put,2026-08-06,SPY,741.72998046875,2026-07-30T21:33:36.534402+00:00
746.0,6.0,6.37,6.3,165.0,82.0,0.08735043518066407,put,2026-08-06,SPY,741.72998046875,2026-07-30T21:33:36.534402+00:00
747.0,6.45,6.87,7.86,66.0,44.0,0.08216249877929688,put,2026-08-06,SPY,741.72998046875,2026-07-30T21:33:36.534402+00:00
748.0,7.01,7.42,8.44,23.0,27.0,0.07654732055664065,put,2026-08-06,SPY,741.72998046875,2026-07-30T21:33:36.534402+00:00
749.0,7.54,7.99,9.03,79.0,55.0,0.06891800231933595,put,2026-08-06,SPY,741.72998046875,2026-07-30T21:33:36.534402+00:00
750.0,6.97,8.6,8.21,334.0,92.0,0.05787074951171876,put,2026-08-06,SPY,741.72998046875,2026-07-30T21:33:36.534402+00:00
751.0,7.64,9.25,10.35,7.0,19.0,1.0000000000000003e-05,put,2026-08-06,SPY,741.72998046875,2026-07-30T21:33:36.534402+00:00
752.0,8.35,9.94,13.81,22.0,163.0,1.0000000000000003e-05,put,2026-08-06,SPY,741.72998046875,2026-07-30T21:33:36.534402+00:00
753.0,10.1,10.67,10.6,167.0,147.0,1.0000000000000003e-05,put,2026-08-06,SPY,741.72998046875,2026-07-30T21:33:36.534402+00:00
754.0,10.84,11.44,15.16,40.0,1.0,1.0000000000000003e-05,put,2026-08-06,SPY,741.72998046875,2026-07-30T21:33:36.534402+00:00
755.0,11.67,12.23,13.74,32.0,5.0,1.0000000000000003e-05,put,2026-08-06,SPY,741.72998046875,2026-07-30T21:33:36.534402+00:00
756.0,10.95,14.81,17.03,2.0,0.0,0.0993132061767578,put,2026-08-06,SPY,741.72998046875,2026-07-30T21:33:36.534402+00:00
757.0,11.85,15.72,18.01,2.0,0.0,0.09925217163085936,put,2026-08-06,SPY,741.72998046875,2026-07-30T21:33:36.534402+00:00
759.0,13.66,18.0,19.99,2.0,0.0,0.12421530090332032,put,2026-08-06,SPY,741.72998046875,2026-07-30T21:33:36.534402+00:00
760.0,14.66,19.0,20.13,5.0,0.0,0.12928116821289062,put,2026-08-06,SPY,741.72998046875,2026-07-30T21:33:36.534402+00:00
770.0,24.66,29.0,32.12,2.0,,0.17774259765625,put,2026-08-06,SPY,741.72998046875,2026-07-30T21:33:36.534402+00:00
500.0,242.0,246.32,239.68,2.0,4.0,1.0991255981445316,call,2026-08-14,SPY,741.72998046875,2026-07-30T21:33:36.534402+00:00
520.0,222.0,226.36,232.96,,1.0,1.0078174609375,call,2026-08-14,SPY,741.72998046875,2026-07-30T21:33:36.534402+00:00
580.0,162.08,166.61,167.02,,1.0,0.7541528491210938,call,2026-08-14,SPY,741.72998046875,2026-07-30T21:33:36.534402+00:00
590.0,152.11,156.61,166.22,,2.0,0.7122831506347658,call,2026-08-14,SPY,741.72998046875,2026-07-30T21:33:36.534402+00:00
600.0,142.3,146.58,143.23,20.0,1.0,0.6744417321777345,call,2026-08-14,SPY,741.72998046875,2026-07-30T21:33:36.534402+00:00
615.0,127.13,131.64,141.44,,1.0,0.6084023535156251,call,2026-08-14,SPY,741.72998046875,2026-07-30T21:33:36.534402+00:00
630.0,112.28,116.77,111.8,20.0,20.0,0.55273884765625,call,2026-08-14,SPY,741.72998046875,2026-07-30T21:33:36.534402+00:00
640.0,102.26,106.83,100.44,,2.0,0.5119677709960937,call,2026-08-14,SPY,741.72998046875,2026-07-30T21:33:36.534402+00:00
645.0,97.42,101.95,85.96,1.0,0.0,0.5816692224121094,call,2026-08-14,SPY,741.72998046875,2026-07-30T21:33:36.534402+00:00
650.0,92.5,96.59,102.13,1.0,2.0,0.5465743585205078,call,2026-08-14,SPY,741.72998046875,2026-07-30T21:33:36.534402+00:00
660.0,82.5,86.66,79.07,1.0,7.0,0.5028736236572267,call,2026-08-14,SPY,741.72998046875,2026-07-30T21:33:36.534402+00:00
665.0,77.65,82.04,75.37,3.0,2.0,0.49133809448242194,call,2026-08-14,SPY,741.72998046875,2026-07-30T21:33:36.534402+00:00
670.0,72.55,76.76,73.47,1.0,5.0,0.45966116516113287,call,2026-08-14,SPY,741.72998046875,2026-07-30T21:33:36.534402+00:00
675.0,67.77,72.32,68.78,1.0,4.0,0.45215391601562505,call,2026-08-14,SPY,741.72998046875,2026-07-30T21:33:36.534402+00:00
680.0,62.82,66.89,57.91,1.0,11.0,0.4165097412109374,call,2026-08-14,SPY,741.72998046875,2026-07-30T21:33:36.534402+00:00
685.0,57.93,61.99,55.36,4.0,15.0,0.3954528228759766,call,2026-08-14,SPY,741.72998046875,2026-07-30T21:33:36.534402+00:00
690.0,53.14,57.1,48.67,1.0,24.0,0.3743348699951171,call,2026-08-14,SPY,741.72998046875,2026-07-30T21:33:36.534402+00:00
691.0,52.36,56.1,52.58,1.0,3.0,0.3695131408691406,call,2026-08-14,SPY,741.72998046875,2026-07-30T21:33:36.534402+00:00
692.0,51.35,55.13,43.78,1.0,5.0,0.3654238262939453,call,2026-08-14,SPY,741.72998046875,2026-07-30T21:33:36.534402+00:00
693.0,50.37,54.22,51.31,2.0,7.0,0.3627993408203125,call,2026-08-14,SPY,741.72998046875,2026-07-30T21:33:36.534402+00:00
694.0,49.41,53.25,48.72,1.0,1.0,0.35864899169921877,call,2026-08-14,SPY,741.72998046875,2026-07-30T21:33:36.534402+00:00
695.0,48.44,52.23,49.48,5.0,9.0,0.35324743438720696,call,2026-08-14,SPY,741.72998046875,2026-07-30T21:33:36.534402+00:00
696.0,47.48,51.29,59.87,1.0,2.0,0.34979898254394526,call,2026-08-14,SPY,741.72998046875,2026-07-30T21:33:36.534402+00:00
697.0,46.51,50.31,45.31,1.0,10.0,0.34534346069335936,call,2026-08-14,SPY,741.72998046875,2026-07-30T21:33:36.534402+00:00
698.0,45.55,49.34,44.58,5.0,5.0,0.34110155975341794,call,2026-08-14,SPY,741.72998046875,2026-07-30T21:33:36.534402+00:00
699.0,44.59,48.39,43.72,3.0,3.0,0.33731741790771486,call,2026-08-14,SPY,741.72998046875,2026-07-30T21:33:36.534402+00:00
700.0,43.63,47.42,44.91,7.0,34.0,0.33301448242187504,call,2026-08-14,SPY,741.72998046875,2026-07-30T21:33:36.534402+00:00
702.0,41.72,45.53,42.6,1.0,1.0,0.3255072332763671,call,2026-08-14,SPY,741.72998046875,2026-07-30T21:33:36.534402+00:00
703.0,40.76,44.57,41.59,1.0,4.0,0.3213568841552734,call,2026-08-14,SPY,741.72998046875,2026-07-30T21:33:36.534402+00:00
704.0,39.81,43.63,35.05,1.0,4.0,0.31763377685546873,call,2026-08-14,SPY,741.72998046875,2026-07-30T21:33:36.534402+00:00
705.0,38.87,42.69,36.84,1.0,15.0,0.3138801522827148,call,2026-08-14,SPY,741.72998046875,2026-07-30T21:33:36.534402+00:00
706.0,37.92,41.75,33.95,3.0,5.0,0.3100654931640625,call,2026-08-14,SPY,741.72998046875,2026-07-30T21:33:36.534402+00:00
707.0,36.98,40.84,37.4,1.0,4.0,0.3068611795043945,call,2026-08-14,SPY,741.72998046875,2026-07-30T21:33:36.534402+00:00
708.0,36.04,39.9,37.0,8.0,26.0,0.3029549685668945,call,2026-08-14,SPY,741.72998046875,2026-07-30T21:33:36.534402+00:00
710.0,34.18,38.03,31.6,2.0,162.0,0.2952340985107421,call,2026-08-14,SPY,741.72998046875,2026-07-30T21:33:36.534402+00:00
712.0,32.32,36.18,44.09,6.0,14.0,0.2877268493652343,call,2026-08-14,SPY,741.72998046875,2026-07-30T21:33:36.534402+00:00
713.0,31.4,35.26,23.96,2.0,10.0,0.28400374206542955,call,2026-08-14,SPY,741.72998046875,2026-07-30T21:33:36.534402+00:00
714.0,30.49,34.34,30.76,14.0,28.0,0.2802196002197265,call,2026-08-14,SPY,741.72998046875,2026-07-30T21:33:36.534402+00:00
715.0,29.58,33.43,25.34,67.0,53.0,0.2765575274658203,call,2026-08-14,SPY,741.72998046875,2026-07-30T21:33:36.534402+00:00
716.0,28.67,32.53,21.59,49.0,26.0,0.27304804107666014,call,2026-08-14,SPY,741.72998046875,2026-07-30T21:33:36.534402+00:00
717.0,27.77,31.32,23.73,1.0,12.0,0.2633740655517578,call,2026-08-14,SPY,741.72998046875,2026-07-30T21:33:36.534402+00:00
718.0,26.87,30.48,26.85,18.0,17.0,0.26093268371582035,call,2026-08-14,SPY,741.72998046875,2026-07-30T21:33:36.534402+00:00
719.0,25.98,29.84,21.88,12.0,23.0,0.2623059609985352,call,2026-08-14,SPY,741.72998046875,2026-07-30T21:33:36.534402+00:00
720.0,25.1,28.65,25.47,19.0,204.0,0.25296767547607424,call,2026-08-14,SPY,741.72998046875,2026-07-30T21:33:36.534402+00:00
721.0,24.22,27.83,17.87,5.0,8.0,0.2506788800048828,call,2026-08-14,SPY,741.72998046875,2026-07-30T21:33:36.534402+00:00
722.0,23.35,27.06,24.24,6.0,56.0,0.2492140509033203,call,2026-08-14,SPY,741.72998046875,2026-07-30T21:33:36.534402+00:00
723.0,22.48,26.3,22.09,3.0,25.0,0.24777973907470702,call,2026-08-14,SPY,741.72998046875,2026-07-30T21:33:36.534402+00:00
724.0,21.62,25.48,21.26,5.0,5.0,0.245124736328125,call,2026-08-14,SPY,741.72998046875,2026-07-30T21:33:36.534402+00:00
725.0,20.77,24.63,20.67,37.0,218.0,0.24182887084960938,call,2026-08-14,SPY,741.72998046875,2026-07-30T21:33:36.534402+00:00
726.0,19.93,23.78,14.2,8.0,26.0,0.23841093627929685,call,2026-08-14,SPY,741.72998046875,2026-07-30T21:33:36.534402+00:00
727.0,19.09,22.95,19.95,2.0,21.0,0.23526765716552733,call,2026-08-14,SPY,741.72998046875,2026-07-30T21:33:36.534402+00:00
728.0,18.26,21.84,18.04,14.0,25.0,0.2270890280151367,call,2026-08-14,SPY,741.72998046875,2026-07-30T21:33:36.534402+00:00
729.0,17.44,21.13,16.7,19.0,50.0,0.22583781982421874,call,2026-08-14,SPY,741.72998046875,2026-07-30T21:33:36.534402+00:00
730.0,16.8,18.57,17.3,244.0,445.0,0.1922383023071289,call,2026-08-14,SPY,741.72998046875,2026-07-30T21:33:36.534402+00:00
731.0,15.84,19.31,17.07,2219.0,266.0,0.2160112579345703,call,2026-08-14,SPY,741.72998046875,2026-07-30T21:33:36.534402+00:00
732.0,16.1,18.58,15.76,2168.0,396.0,0.21399711791992188,call,2026-08-14,SPY,741.72998046875,2026-07-30T21:33:36.534402+00:00
733.0,14.27,17.84,15.27,2142.0,289.0,0.21167780517578122,call,2026-08-14,SPY,741.72998046875,2026-07-30T21:33:36.534402+00:00
734.0,13.53,17.34,14.53,2827.0,534.0,0.21317315155029298,call,2026-08-14,SPY,741.72998046875,2026-07-30T21:33:36.534402+00:00
735.0,14.1,15.26,14.46,1582.0,1329.0,0.18824053955078124,call,2026-08-14,SPY,741.72998046875,2026-07-30T21:33:36.534402+00:00
736.0,13.13,14.64,14.04,1518.0,635.0,0.187508125,call,2026-08-14,SPY,741.72998046875,2026-07-30T21:33:36.534402+00:00
737.0,12.45,13.9,12.0,424.0,585.0,0.18460898406982418,call,2026-08-14,SPY,741.72998046875,2026-07-30T21:33:36.534402+00:00
738.0,11.71,13.16,11.34,401.0,659.0,0.1815267395019531,call,2026-08-14,SPY,741.72998046875,2026-07-30T21:33:36.534402+00:00
739.0,11.02,12.44,11.08,724.0,750.0,0.1785665640258789,call,2026-08-14,SPY,741.72998046875,2026-07-30T21:33:36.534402+00:00
740.0,10.49,11.29,11.1,1421.0,2770.0,0.16843482940673832,call,2026-08-14,SPY,741.72998046875,2026-07-30T21:33:36.534402+00:00
741.0,10.17,10.55,10.25,287.0,738.0,0.16471172210693358,call,2026-08-14,SPY,741.72998046875,2026-07-30T21:33:36.534402+00:00
742.0,9.53,9.91,9.5,608.0,643.0,0.16239240936279298,call,2026-08-14,SPY,741.72998046875,2026-07-30T21:33:36.534402+00:00
743.0,9.01,9.11,8.92,232.0,1096.0,0.157234990234375,call,2026-08-14,SPY,741.72998046875,2026-07-30T21:33:36.534402+00:00
744.0,8.39,8.49,8.35,338.0,2181.0,0.15473257385253908,call,2026-08-14,SPY,741.72998046875,2026-07-30T21:33:36.534402+00:00
745.0,7.8,7.89,7.67,2214.0,2010.0,0.15223015747070315,call,2026-08-14,SPY,741.72998046875,2026-07-30T21:33:36.534402+00:00
746.0,7.22,7.31,7.08,448.0,1780.0,0.14978877563476564,call,2026-08-14,SPY,741.72998046875,2026-07-30T21:33:36.534402+00:00
747.0,6.66,6.75,6.55,227.0,1378.0,0.14734739379882814,call,2026-08-14,SPY,741.72998046875,2026-07-30T21:33:36.534402+00:00
748.0,6.12,6.21,6.15,225.0,827.0,0.14490601196289063,call,2026-08-14,SPY,741.72998046875,2026-07-30T21:33:36.534402+00:00
749.0,5.61,5.69,5.05,705.0,1308.0,0.14246463012695312,call,2026-08-14,SPY,741.72998046875,2026-07-30T21:33:36.534402+00:00
750.0,5.12,5.2,5.2,2248.0,25531.0,0.14017583465576172,call,2026-08-14,SPY,741.72998046875,2026-07-30T21:33:36.534402+00:00
751.0,4.65,4.73,4.64,320.0,845.0,0.13785652191162112,call,2026-08-14,SPY,741.72998046875,2026-07-30T21:33:36.534402+00:00
752.0,4.21,4.28,4.21,577.0,1551.0,0.1355066918945313,call,2026-08-14,SPY,741.72998046875,2026-07-30T21:33:36.534402+00:00
753.0,3.8,3.87,3.33,1360.0,1533.0,0.13346203460693357,call,2026-08-14,SPY,741.72998046875,2026-07-30T21:33:36.534402+00:00
754.0,3.41,3.47,3.41,486.0,2272.0,0.13120375640869142,call,2026-08-14,SPY,741.72998046875,2026-07-30T21:33:36.534402+00:00
755.0,3.05,3.11,3.02,1207.0,2350.0,0.12928116821289062,call,2026-08-14,SPY,741.72998046875,2026-07-30T21:33:36.534402+00:00
756.0,2.72,2.77,2.38,711.0,2469.0,0.1272670281982422,call,2026-08-14,SPY,741.72998046875,2026-07-30T21:33:36.534402+00:00
757.0,2.4,2.46,2.44,601.0,682.0,0.12543599182128906,call,2026-08-14,SPY,741.72998046875,2026-07-30T21:33:36.534402+00:00
758.0,2.12,2.17,1.82,234.0,797.0,0.12357443817138672,call,2026-08-14,SPY,741.72998046875,2026-07-30T21:33:36.534402+00:00
759.0,1.86,1.9,1.79,89.0,1111.0,0.12165184997558594,call,2026-08-14,SPY,741.72998046875,2026-07-30T21:33:36.534402+00:00
760.0,1.62,1.66,1.59,2597.0,21035.0,0.11994288269042967,call,2026-08-14,SPY,741.72998046875,2026-07-30T21:33:36.534402+00:00
761.0,1.4,1.44,1.39,929.0,898.0,0.11823391540527343,call,2026-08-14,SPY,741.72998046875,2026-07-30T21:33:36.534402+00:00
762.0,1.21,1.25,1.06,229.0,1251.0,0.11676908630371094,call,2026-08-14,SPY,741.72998046875,2026-07-30T21:33:36.534402+00:00
763.0,1.04,1.07,0.88,839.0,1227.0,0.11512115356445313,call,2026-08-14,SPY,741.72998046875,2026-07-30T21:33:36.534402+00:00
764.0,0.89,0.92,0.86,360.0,782.0,0.11383942810058593,call,2026-08-14,SPY,741.72998046875,2026-07-30T21:33:36.534402+00:00
765.0,0.75,0.78,0.75,1997.0,1620.0,0.11231356445312499,call,2026-08-14,SPY,741.72998046875,2026-07-30T21:33:36.534402+00:00
766.0,0.64,0.66,0.63,760.0,1362.0,0.11097080444335936,call,2026-08-14,SPY,741.72998046875,2026-07-30T21:33:36.534402+00:00
767.0,0.54,0.56,0.52,432.0,1627.0,0.10993321716308593,call,2026-08-14,SPY,741.72998046875,2026-07-30T21:33:36.534402+00:00
768.0,0.45,0.47,0.36,506.0,1460.0,0.10877356079101563,call,2026-08-14,SPY,741.72998046875,2026-07-30T21:33:36.534402+00:00
769.0,0.38,0.4,0.34,267.0,1378.0,0.10816321533203124,call,2026-08-14,SPY,741.72998046875,2026-07-30T21:33:36.534402+00:00
770.0,0.32,0.34,0.32,1476.0,4980.0,0.10755286987304688,call,2026-08-14,SPY,741.72998046875,2026-07-30T21:33:36.534402+00:00
771.0,0.27,0.29,0.26,35.0,1611.0,0.10718666259765625,call,2026-08-14,SPY,741.72998046875,2026-07-30T21:33:36.534402+00:00
772.0,0.23,0.24,0.18,67.0,2035.0,0.10621010986328125,call,2026-08-14,SPY,741.72998046875,2026-07-30T21:33:36.534402+00:00
773.0,0.19,0.21,0.16,62.0,628.0,0.106454248046875,call,2026-08-14,SPY,741.72998046875,2026-07-30T21:33:36.534402+00:00
774.0,0.16,0.18,0.13,410.0,765.0,0.106454248046875,call,2026-08-14,SPY,741.72998046875,2026-07-30T21:33:36.534402+00:00
775.0,0.14,0.15,0.11,68.0,2757.0,0.10596597167968749,call,2026-08-14,SPY,741.72998046875,2026-07-30T21:33:36.534402+00:00
776.0,0.12,0.13,0.09,154.0,1934.0,0.10621010986328125,call,2026-08-14,SPY,741.72998046875,2026-07-30T21:33:36.534402+00:00
777.0,0.11,0.12,0.09,23.0,803.0,0.10743080078125,call,2026-08-14,SPY,741.72998046875,2026-07-30T21:33:36.534402+00:00
778.0,0.09,0.1,0.1,25.0,995.0,0.1069425244140625,call,2026-08-14,SPY,741.72998046875,2026-07-30T21:33:36.534402+00:00
779.0,0.08,0.09,0.07,44.0,2006.0,0.1079190771484375,call,2026-08-14,SPY,741.72998046875,2026-07-30T21:33:36.534402+00:00
780.0,0.07,0.08,0.07,162.0,2955.0,0.108407353515625,call,2026-08-14,SPY,741.72998046875,2026-07-30T21:33:36.534402+00:00
781.0,0.06,0.07,0.05,170.0,629.0,0.1088956298828125,call,2026-08-14,SPY,741.72998046875,2026-07-30T21:33:36.534402+00:00
782.0,0.06,0.07,0.06,7.0,802.0,0.11133701171874999,call,2026-08-14,SPY,741.72998046875,2026-07-30T21:33:36.534402+00:00
783.0,0.05,0.06,0.05,5.0,589.0,0.11133701171874999,call,2026-08-14,SPY,741.72998046875,2026-07-30T21:33:36.534402+00:00
784.0,0.05,0.06,0.04,7.0,2059.0,0.1132901171875,call,2026-08-14,SPY,741.72998046875,2026-07-30T21:33:36.534402+00:00
785.0,0.04,0.05,0.07,214.0,2012.0,0.1132901171875,call,2026-08-14,SPY,741.72998046875,2026-07-30T21:33:36.534402+00:00
790.0,0.03,0.04,0.15,51.0,1599.0,0.1211025390625,call,2026-08-14,SPY,741.72998046875,2026-07-30T21:33:36.534402+00:00
795.0,0.02,0.03,0.03,26.0,602.0,0.127938408203125,call,2026-08-14,SPY,741.72998046875,2026-07-30T21:33:36.534402+00:00
800.0,0.02,0.03,0.03,34.0,2170.0,0.13770393554687502,call,2026-08-14,SPY,741.72998046875,2026-07-30T21:33:36.534402+00:00
805.0,0.02,0.03,0.02,472.0,215.0,0.147469462890625,call,2026-08-14,SPY,741.72998046875,2026-07-30T21:33:36.534402+00:00
810.0,0.01,0.03,0.02,2.0,138.0,0.157234990234375,call,2026-08-14,SPY,741.72998046875,2026-07-30T21:33:36.534402+00:00
815.0,0.01,0.02,0.02,5.0,120.0,0.1601646484375,call,2026-08-14,SPY,741.72998046875,2026-07-30T21:33:36.534402+00:00
820.0,0.01,0.02,0.02,10.0,217.0,0.16993017578125003,call,2026-08-14,SPY,741.72998046875,2026-07-30T21:33:36.534402+00:00
825.0,0.01,0.02,0.02,26.0,89.0,0.179695703125,call,2026-08-14,SPY,741.72998046875,2026-07-30T21:33:36.534402+00:00
830.0,0.01,0.02,0.01,54.0,514.0,0.18946123046875002,call,2026-08-14,SPY,741.72998046875,2026-07-30T21:33:36.534402+00:00
835.0,0.01,0.02,0.03,3.0,720.0,0.19727365234375,call,2026-08-14,SPY,741.72998046875,2026-07-30T21:33:36.534402+00:00
840.0,0.01,0.02,0.02,16.0,664.0,0.20703917968749996,call,2026-08-14,SPY,741.72998046875,2026-07-30T21:33:36.534402+00:00
845.0,0.01,0.02,0.02,100.0,613.0,0.2148516015625,call,2026-08-14,SPY,741.72998046875,2026-07-30T21:33:36.534402+00:00
850.0,0.01,0.02,0.02,602.0,878.0,0.22461712890624996,call,2026-08-14,SPY,741.72998046875,2026-07-30T21:33:36.534402+00:00
855.0,0.01,0.02,0.02,394.0,368.0,0.23242955078125,call,2026-08-14,SPY,741.72998046875,2026-07-30T21:33:36.534402+00:00
860.0,0.0,0.01,0.01,338.0,327.0,0.22657023437499998,call,2026-08-14,SPY,741.72998046875,2026-07-30T21:33:36.534402+00:00
865.0,0.0,0.01,0.01,640.0,2228.0,0.23438265625,call,2026-08-14,SPY,741.72998046875,2026-07-30T21:33:36.534402+00:00
870.0,0.0,0.01,0.01,24.0,981.0,0.242195078125,call,2026-08-14,SPY,741.72998046875,2026-07-30T21:33:36.534402+00:00
875.0,0.0,0.01,0.01,15.0,2867.0,0.2500075,call,2026-08-14,SPY,741.72998046875,2026-07-30T21:33:36.534402+00:00
880.0,0.0,0.01,0.01,69.0,1425.0,0.257819921875,call,2026-08-14,SPY,741.72998046875,2026-07-30T21:33:36.534402+00:00
885.0,0.0,0.01,0.01,463.0,496.0,0.26563234375,call,2026-08-14,SPY,741.72998046875,2026-07-30T21:33:36.534402+00:00
890.0,0.0,0.01,0.01,602.0,427.0,0.273444765625,call,2026-08-14,SPY,741.72998046875,2026-07-30T21:33:36.534402+00:00
895.0,0.0,0.01,0.01,,31.0,0.28125718749999995,call,2026-08-14,SPY,741.72998046875,2026-07-30T21:33:36.534402+00:00
900.0,0.0,0.01,0.01,2000.0,5000.0,0.2890696093749999,call,2026-08-14,SPY,741.72998046875,2026-07-30T21:33:36.534402+00:00
500.0,0.01,0.02,0.03,134.0,2328.0,0.5937540625000001,put,2026-08-14,SPY,741.72998046875,2026-07-30T21:33:36.534402+00:00
505.0,0.01,0.02,0.03,25.0,211.0,0.57812921875,put,2026-08-14,SPY,741.72998046875,2026-07-30T21:33:36.534402+00:00
510.0,0.01,0.02,0.04,370.0,68.0,0.5625043750000001,put,2026-08-14,SPY,741.72998046875,2026-07-30T21:33:36.534402+00:00
515.0,0.02,0.03,0.05,36.0,107.0,0.5742230078125,put,2026-08-14,SPY,741.72998046875,2026-07-30T21:33:36.534402+00:00
520.0,0.02,0.03,0.03,74.0,52.0,0.5585981640625001,put,2026-08-14,SPY,741.72998046875,2026-07-30T21:33:36.534402+00:00
525.0,0.02,0.03,0.03,85.0,299.0,0.5468795312500001,put,2026-08-14,SPY,741.72998046875,2026-07-30T21:33:36.534402+00:00
530.0,0.02,0.03,0.04,21.0,7.0,0.5312546875,put,2026-08-14,SPY,741.72998046875,2026-07-30T21:33:36.534402+00:00
535.0,0.02,0.03,0.05,495.0,42.0,0.5195360546875,put,2026-08-14,SPY,741.72998046875,2026-07-30T21:33:36.534402+00:00
540.0,0.03,0.04,0.03,533.0,16.0,0.5195360546875,put,2026-08-14,SPY,741.72998046875,2026-07-30T21:33:36.534402+00:00
545.0,0.03,0.04,0.08,50.0,101.0,0.50586431640625,put,2026-08-14,SPY,741.72998046875,2026-07-30T21:33:36.534402+00:00
550.0,0.03,0.04,0.05,4.0,96.0,0.49805189453125004,put,2026-08-14,SPY,741.72998046875,2026-07-30T21:33:36.534402+00:00
555.0,0.04,0.05,0.04,18.0,12.0,0.49414568359375005,put,2026-08-14,SPY,741.72998046875,2026-07-30T21:33:36.534402+00:00
560.0,0.04,0.05,0.18,3.0,328.0,0.4804739453125,put,2026-08-14,SPY,741.72998046875,2026-07-30T21:33:36.534402+00:00
565.0,0.04,0.05,0.05,38.0,361.0,0.46680220703125,put,2026-08-14,SPY,741.72998046875,2026-07-30T21:33:36.534402+00:00
570.0,0.05,0.06,0.07,16.0,93.0,0.46094289062500005,put,2026-08-14,SPY,741.72998046875,2026-07-30T21:33:36.534402+00:00
575.0,0.05,0.06,0.11,1.0,398.0,0.44727115234375,put,2026-08-14,SPY,741.72998046875,2026-07-30T21:33:36.534402+00:00
580.0,0.06,0.07,0.1,1.0,125.0,0.43945873046875,put,2026-08-14,SPY,741.72998046875,2026-07-30T21:33:36.534402+00:00
585.0,0.06,0.07,0.09,3.0,538.0,0.42578699218750005,put,2026-08-14,SPY,741.72998046875,2026-07-30T21:33:36.534402+00:00
590.0,0.07,0.08,0.14,12.0,372.0,0.41797457031249996,put,2026-08-14,SPY,741.72998046875,2026-07-30T21:33:36.534402+00:00
595.0,0.08,0.09,0.11,1.0,1206.0,0.40918559570312496,put,2026-08-14,SPY,741.72998046875,2026-07-30T21:33:36.534402+00:00
600.0,0.08,0.09,0.09,24.0,1558.0,0.39453730468750003,put,2026-08-14,SPY,741.72998046875,2026-07-30T21:33:36.534402+00:00
605.0,0.09,0.1,0.15,4.0,1641.0,0.3852600537109374,put,2026-08-14,SPY,741.72998046875,2026-07-30T21:33:36.534402+00:00
610.0,0.1,0.11,0.1,47.0,807.0,0.37500625,put,2026-08-14,SPY,741.72998046875,2026-07-30T21:33:36.534402+00:00
615.0,0.11,0.12,0.13,4.0,970.0,0.36524072265625,put,2026-08-14,SPY,741.72998046875,2026-07-30T21:33:36.534402+00:00
620.0,0.12,0.13,0.18,1.0,551.0,0.3544986425781249,put,2026-08-14,SPY,741.72998046875,2026-07-30T21:33:36.534402+00:00
625.0,0.13,0.14,0.14,164.0,313.0,0.34326828613281246,put,2026-08-14,SPY,741.72998046875,2026-07-30T21:33:36.534402+00:00
630.0,0.14,0.15,0.17,114.0,231.0,0.3315496533203125,put,2026-08-14,SPY,741.72998046875,2026-07-30T21:33:36.534402+00:00
635.0,0.15,0.16,0.23,20.0,544.0,0.32031929687499994,put,2026-08-14,SPY,741.72998046875,2026-07-30T21:33:36.534402+00:00
640.0,0.17,0.18,0.25,3.0,412.0,0.31055376953124997,put,2026-08-14,SPY,741.72998046875,2026-07-30T21:33:36.534402+00:00
645.0,0.18,0.2,0.21,1057.0,2503.0,0.3002999658203125,put,2026-08-14,SPY,741.72998046875,2026-07-30T21:33:36.534402+00:00
650.0,0.2,0.22,0.25,121.0,2291.0,0.28955788574218744,put,2026-08-14,SPY,741.72998046875,2026-07-30T21:33:36.534402+00:00
655.0,0.23,0.24,0.27,145.0,582.0,0.278327529296875,put,2026-08-14,SPY,741.72998046875,2026-07-30T21:33:36.534402+00:00
660.0,0.25,0.27,0.45,636.0,3351.0,0.2683178637695312,put,2026-08-14,SPY,741.72998046875,2026-07-30T21:33:36.534402+00:00
665.0,0.29,0.3,0.3,1036.0,912.0,0.2573316455078125,put,2026-08-14,SPY,741.72998046875,2026-07-30T21:33:36.534402+00:00
670.0,0.32,0.34,0.35,452.0,2246.0,0.247077841796875,put,2026-08-14,SPY,741.72998046875,2026-07-30T21:33:36.534402+00:00
675.0,0.37,0.39,0.38,545.0,1504.0,0.23706817626953125,put,2026-08-14,SPY,741.72998046875,2026-07-30T21:33:36.534402+00:00
680.0,0.43,0.45,0.44,226.0,3359.0,0.22705851074218747,put,2026-08-14,SPY,741.72998046875,2026-07-30T21:33:36.534402+00:00
685.0,0.51,0.53,0.6,45.0,2585.0,0.21753712158203126,put,2026-08-14,SPY,741.72998046875,2026-07-30T21:33:36.534402+00:00
690.0,0.61,0.63,0.62,3007.0,6844.0,0.20801573242187496,put,2026-08-14,SPY,741.72998046875,2026-07-30T21:33:36.534402+00:00
691.0,0.63,0.65,0.75,106.0,1359.0,0.2059405578613281,put,2026-08-14,SPY,741.72998046875,2026-07-30T21:33:36.534402+00:00
692.0,0.66,0.68,0.78,14.0,697.0,0.20447572875976558,put,2026-08-14,SPY,741.72998046875,2026-07-30T21:33:36.534402+00:00
693.0,0.68,0.71,0.69,3694.0,6153.0,0.20288883056640622,put,2026-08-14,SPY,741.72998046875,2026-07-30T21:33:36.534402+00:00
694.0,0.71,0.73,0.85,2.0,591.0,0.2005695178222656,put,2026-08-14,SPY,741.72998046875,2026-07-30T21:33:36.534402+00:00
695.0,0.74,0.76,0.74,997.0,1961.0,0.19886055053710935,put,2026-08-14,SPY,741.72998046875,2026-07-30T21:33:36.534402+00:00
696.0,0.77,0.79,0.79,67.0,663.0,0.19702951416015624,put,2026-08-14,SPY,741.72998046875,2026-07-30T21:33:36.534402+00:00
697.0,0.8,0.83,0.97,181.0,1197.0,0.19568675415039063,put,2026-08-14,SPY,741.72998046875,2026-07-30T21:33:36.534402+00:00
698.0,0.84,0.86,1.0,158.0,5206.0,0.19367261413574222,put,2026-08-14,SPY,741.72998046875,2026-07-30T21:33:36.534402+00:00
699.0,0.87,0.9,1.02,46.0,938.0,0.19208571594238283,put,2026-08-14,SPY,741.72998046875,2026-07-30T21:33:36.534402+00:00
700.0,0.91,0.94,0.95,2325.0,6160.0,0.19043778320312502,put,2026-08-14,SPY,741.72998046875,2026-07-30T21:33:36.534402+00:00
701.0,0.95,0.98,1.0,162.0,761.0,0.18860674682617187,put,2026-08-14,SPY,741.72998046875,2026-07-30T21:33:36.534402+00:00
702.0,1.0,1.02,1.17,719.0,918.0,0.18677571044921876,put,2026-08-14,SPY,741.72998046875,2026-07-30T21:33:36.534402+00:00
703.0,1.04,1.07,1.05,216.0,509.0,0.18524984680175777,put,2026-08-14,SPY,741.72998046875,2026-07-30T21:33:36.534402+00:00
704.0,1.09,1.12,1.49,337.0,584.0,0.18360191406249998,put,2026-08-14,SPY,741.72998046875,2026-07-30T21:33:36.534402+00:00
705.0,1.14,1.17,1.15,1081.0,1813.0,0.18189294677734374,put,2026-08-14,SPY,741.72998046875,2026-07-30T21:33:36.534402+00:00
706.0,1.19,1.23,1.41,184.0,510.0,0.18042811767578126,put,2026-08-14,SPY,741.72998046875,2026-07-30T21:33:36.534402+00:00
707.0,1.26,1.28,1.5,68.0,465.0,0.17847501220703127,put,2026-08-14,SPY,741.72998046875,2026-07-30T21:33:36.534402+00:00
708.0,1.31,1.34,1.96,356.0,652.0,0.176766044921875,put,2026-08-14,SPY,741.72998046875,2026-07-30T21:33:36.534402+00:00
709.0,1.37,1.41,1.39,291.0,729.0,0.17536225036621095,put,2026-08-14,SPY,741.72998046875,2026-07-30T21:33:36.534402+00:00
710.0,1.44,1.48,1.49,933.0,3068.0,0.17377535217285156,put,2026-08-14,SPY,741.72998046875,2026-07-30T21:33:36.534402+00:00
711.0,1.51,1.55,1.54,111.0,1055.0,0.17206638488769532,put,2026-08-14,SPY,741.72998046875,2026-07-30T21:33:36.534402+00:00
712.0,1.58,1.62,1.58,122.0,639.0,0.17023534851074223,put,2026-08-14,SPY,741.72998046875,2026-07-30T21:33:36.534402+00:00
713.0,1.66,1.7,1.69,1049.0,749.0,0.16858741577148442,put,2026-08-14,SPY,741.72998046875,2026-07-30T21:33:36.534402+00:00
714.0,1.75,1.79,1.77,723.0,3795.0,0.1671225866699219,put,2026-08-14,SPY,741.72998046875,2026-07-30T21:33:36.534402+00:00
715.0,1.83,1.88,1.87,1512.0,2231.0,0.16547465393066407,put,2026-08-14,SPY,741.72998046875,2026-07-30T21:33:36.534402+00:00
716.0,1.93,1.97,2.23,277.0,782.0,0.1637046520996094,put,2026-08-14,SPY,741.72998046875,2026-07-30T21:33:36.534402+00:00
717.0,2.02,2.07,2.05,529.0,589.0,0.16205671936035154,put,2026-08-14,SPY,741.72998046875,2026-07-30T21:33:36.534402+00:00
718.0,2.13,2.17,2.08,265.0,1289.0,0.16028671752929688,put,2026-08-14,SPY,741.72998046875,2026-07-30T21:33:36.534402+00:00
719.0,2.23,2.28,2.25,849.0,358.0,0.15863878479003907,put,2026-08-14,SPY,741.72998046875,2026-07-30T21:33:36.534402+00:00
720.0,2.35,2.4,2.39,8841.0,6640.0,0.1570518865966797,put,2026-08-14,SPY,741.72998046875,2026-07-30T21:33:36.534402+00:00
721.0,2.47,2.52,2.85,514.0,460.0,0.15528188476562502,put,2026-08-14,SPY,741.72998046875,2026-07-30T21:33:36.534402+00:00
722.0,2.6,2.65,2.63,624.0,649.0,0.15360343475341798,put,2026-08-14,SPY,741.72998046875,2026-07-30T21:33:36.534402+00:00
723.0,2.73,2.78,2.68,3895.0,6436.0,0.15174188110351564,put,2026-08-14,SPY,741.72998046875,2026-07-30T21:33:36.534402+00:00
724.0,2.87,2.92,2.87,1031.0,4421.0,0.14997187927246097,put,2026-08-14,SPY,741.72998046875,2026-07-30T21:33:36.534402+00:00
725.0,3.02,3.07,3.07,1758.0,1763.0,0.14820187744140628,put,2026-08-14,SPY,741.72998046875,2026-07-30T21:33:36.534402+00:00
726.0,3.17,3.23,4.48,255.0,745.0,0.14649291015625,put,2026-08-14,SPY,741.72998046875,2026-07-30T21:33:36.534402+00:00
727.0,3.34,3.4,3.37,127.0,644.0,0.14478394287109375,put,2026-08-14,SPY,741.72998046875,2026-07-30T21:33:36.534402+00:00
728.0,3.51,3.57,3.67,187.0,1367.0,0.14286135467529298,put,2026-08-14,SPY,741.72998046875,2026-07-30T21:33:36.534402+00:00
729.0,3.69,3.75,3.82,2742.0,1175.0,0.14093876647949222,put,2026-08-14,SPY,741.72998046875,2026-07-30T21:33:36.534402+00:00
730.0,3.88,3.95,3.88,5373.0,4074.0,0.13919928192138675,put,2026-08-14,SPY,741.72998046875,2026-07-30T21:33:36.534402+00:00
731.0,4.08,4.15,5.09,2272.0,395.0,0.13724617645263676,put,2026-08-14,SPY,741.72998046875,2026-07-30T21:33:36.534402+00:00
732.0,4.3,4.36,4.33,2190.0,573.0,0.13526255371093754,put,2026-08-14,SPY,741.72998046875,2026-07-30T21:33:36.534402+00:00
733.0,4.52,4.58,4.52,1265.0,1259.0,0.1332178964233398,put,2026-08-14,SPY,741.72998046875,2026-07-30T21:33:36.534402+00:00
734.0,4.75,4.82,4.71,1292.0,947.0,0.13129530822753904,put,2026-08-14,SPY,741.72998046875,2026-07-30T21:33:36.534402+00:00
735.0,4.99,5.07,5.1,1280.0,2198.0,0.12928116821289062,put,2026-08-14,SPY,741.72998046875,2026-07-30T21:33:36.534402+00:00
736.0,5.25,5.33,5.95,903.0,1292.0,0.12720599365234375,put,2026-08-14,SPY,741.72998046875,2026-07-30T21:33:36.534402+00:00
737.0,5.52,5.6,5.7,1133.0,1395.0,0.12503926727294923,put,2026-08-14,SPY,741.72998046875,2026-07-30T21:33:36.534402+00:00
738.0,5.8,5.88,5.79,784.0,1422.0,0.1227199545288086,put,2026-08-14,SPY,741.72998046875,2026-07-30T21:33:36.534402+00:00
739.0,6.1,6.19,6.18,583.0,676.0,0.12064477996826173,put,2026-08-14,SPY,741.72998046875,2026-07-30T21:33:36.534402+00:00
740.0,6.42,6.5,6.48,2437.0,5426.0,0.11823391540527343,put,2026-08-14,SPY,741.72998046875,2026-07-30T21:33:36.534402+00:00
741.0,6.75,6.84,6.94,548.0,1400.0,0.11597563720703125,put,2026-08-14,SPY,741.72998046875,2026-07-30T21:33:36.534402+00:00
742.0,7.1,7.19,7.13,876.0,1362.0,0.11353425537109374,put,2026-08-14,SPY,741.72998046875,2026-07-30T21:33:36.534402+00:00
743.0,7.47,7.56,7.44,475.0,946.0,0.11106235626220701,put,2026-08-14,SPY,741.72998046875,2026-07-30T21:33:36.534402+00:00
744.0,7.85,7.95,7.86,140.0,1199.0,0.10852942260742188,put,2026-08-14,SPY,741.72998046875,2026-07-30T21:33:36.534402+00:00
745.0,8.26,8.36,8.27,347.0,1597.0,0.10590493713378905,put,2026-08-14,SPY,741.72998046875,2026-07-30T21:33:36.534402+00:00
746.0,8.69,8.79,8.54,19.0,1638.0,0.10312786529541014,put,2026-08-14,SPY,741.72998046875,2026-07-30T21:33:36.534402+00:00
747.0,9.14,9.24,9.19,39.0,1748.0,0.10022872436523436,put,2026-08-14,SPY,741.72998046875,2026-07-30T21:33:36.534402+00:00
748.0,8.85,10.46,9.75,6.0,1038.0,0.11011632080078124,put,2026-08-14,SPY,741.72998046875,2026-07-30T21:33:36.534402+00:00
749.0,9.33,10.98,11.26,11.0,505.0,0.10767493896484376,put,2026-08-14,SPY,741.72998046875,2026-07-30T21:33:36.534402+00:00
750.0,9.23,12.57,10.6,398.0,2613.0,0.12384909362792969,put,2026-08-14,SPY,741.72998046875,2026-07-30T21:33:36.534402+00:00
751.0,9.47,13.11,12.13,6.0,625.0,0.12131615997314452,put,2026-08-14,SPY,741.72998046875,2026-07-30T21:33:36.534402+00:00
752.0,10.13,13.24,13.54,7.0,822.0,0.11054356262207031,put,2026-08-14,SPY,741.72998046875,2026-07-30T21:33:36.534402+00:00
753.0,11.08,14.29,14.71,51.0,853.0,0.11667753448486329,put,2026-08-14,SPY,741.72998046875,2026-07-30T21:33:36.534402+00:00
754.0,11.06,14.92,16.84,10.0,1650.0,0.11435822174072266,put,2026-08-14,SPY,741.72998046875,2026-07-30T21:33:36.534402+00:00
755.0,11.72,15.58,12.93,529.0,1042.0,0.11209994354248046,put,2026-08-14,SPY,741.72998046875,2026-07-30T21:33:36.534402+00:00
756.0,12.83,16.27,15.5,8.0,841.0,0.10993321716308593,put,2026-08-14,SPY,741.72998046875,2026-07-30T21:33:36.534402+00:00
757.0,13.52,16.98,18.15,24.0,603.0,0.10755286987304688,put,2026-08-14,SPY,741.72998046875,2026-07-30T21:33:36.534402+00:00
758.0,14.21,17.72,20.93,85.0,67.0,0.10529459167480469,put,2026-08-14,SPY,741.72998046875,2026-07-30T21:33:36.534402+00:00
759.0,14.83,18.49,22.12,29.0,192.0,0.10315838256835935,put,2026-08-14,SPY,741.72998046875,2026-07-30T21:33:36.534402+00:00
760.0,15.53,19.29,17.91,42.0,540.0,0.1010832080078125,put,2026-08-14,SPY,741.72998046875,2026-07-30T21:33:36.534402+00:00
761.0,17.93,18.49,21.51,2.0,51.0,1.0000000000000003e-05,put,2026-08-14,SPY,741.72998046875,2026-07-30T21:33:36.534402+00:00
762.0,17.1,20.97,26.39,24.0,25.0,0.09742113525390625,put,2026-08-14,SPY,741.72998046875,2026-07-30T21:33:36.534402+00:00
763.0,17.98,21.84,24.92,9.0,1.0,0.09559009887695313,put,2026-08-14,SPY,741.72998046875,2026-07-30T21:33:36.534402+00:00
764.0,18.89,22.75,29.0,16.0,0.0,0.09473561523437501,put,2026-08-14,SPY,741.72998046875,2026-07-30T21:33:36.534402+00:00
765.0,19.83,23.69,29.52,2.0,20.0,0.09485768432617189,put,2026-08-14,SPY,741.72998046875,2026-07-30T21:33:36.534402+00:00
766.0,20.81,24.67,27.98,10.0,0.0,0.09681078979492189,put,2026-08-14,SPY,741.72998046875,2026-07-30T21:33:36.534402+00:00
767.0,21.68,26.0,25.5,8.0,12.0,0.1157314990234375,put,2026-08-14,SPY,741.72998046875,2026-07-30T21:33:36.534402+00:00
768.0,22.7,27.0,29.95,10.0,10.0,0.11908839904785155,put,2026-08-14,SPY,741.72998046875,2026-07-30T21:33:36.534402+00:00
769.0,23.7,28.0,30.95,10.0,0.0,0.12244529907226565,put,2026-08-14,SPY,741.72998046875,2026-07-30T21:33:36.534402+00:00
770.0,24.7,29.0,31.52,11.0,0.0,0.12574116455078127,put,2026-08-14,SPY,741.72998046875,2026-07-30T21:33:36.534402+00:00
771.0,25.7,30.0,29.35,1.0,0.0,0.12903703002929687,put,2026-08-14,SPY,741.72998046875,2026-07-30T21:33:36.534402+00:00
772.0,26.7,31.0,29.29,2.0,0.0,0.13227186096191407,put,2026-08-14,SPY,741.72998046875,2026-07-30T21:33:36.534402+00:00
773.0,27.66,32.0,34.69,4.0,0.0,0.1355066918945313,put,2026-08-14,SPY,741.72998046875,2026-07-30T21:33:36.534402+00:00
774.0,28.68,33.0,37.02,1.0,0.0,0.13868048828125001,put,2026-08-14,SPY,741.72998046875,2026-07-30T21:33:36.534402+00:00
775.0,29.7,34.0,32.81,30.0,11.0,0.14191531921386719,put,2026-08-14,SPY,741.72998046875,2026-07-30T21:33:36.534402+00:00
776.0,30.7,35.0,34.89,20.0,0.0,0.14508911560058596,put,2026-08-14,SPY,741.72998046875,2026-07-30T21:33:36.534402+00:00
777.0,31.7,36.0,27.42,1.0,0.0,0.1482629119873047,put,2026-08-14,SPY,741.72998046875,2026-07-30T21:33:36.534402+00:00
778.0,32.66,37.0,28.59,1.0,0.0,0.15137567382812503,put,2026-08-14,SPY,741.72998046875,2026-07-30T21:33:36.534402+00:00
779.0,33.7,38.0,27.07,2.0,0.0,0.15454947021484378,put,2026-08-14,SPY,741.72998046875,2026-07-30T21:33:36.534402+00:00
780.0,34.63,39.0,29.1,12.0,0.0,0.15760119750976562,put,2026-08-14,SPY,741.72998046875,2026-07-30T21:33:36.534402+00:00
781.0,35.68,40.0,26.64,2.0,0.0,0.1607749938964844,put,2026-08-14,SPY,741.72998046875,2026-07-30T21:33:36.534402+00:00
782.0,36.65,41.0,33.28,,0.0,0.1638267211914063,put,2026-08-14,SPY,741.72998046875,2026-07-30T21:33:36.534402+00:00
783.0,37.69,42.0,31.63,2.0,0.0,0.16687844848632816,put,2026-08-14,SPY,741.72998046875,2026-07-30T21:33:36.534402+00:00
784.0,38.7,43.0,35.21,,0.0,0.16993017578125003,put,2026-08-14,SPY,741.72998046875,2026-07-30T21:33:36.534402+00:00
785.0,39.7,44.0,38.88,2.0,0.0,0.1729819030761719,put,2026-08-14,SPY,741.72998046875,2026-07-30T21:33:36.534402+00:00
790.0,44.7,49.0,47.0,2.0,0.0,0.1878743322753906,put,2026-08-14,SPY,741.72998046875,2026-07-30T21:33:36.534402+00:00
795.0,49.7,54.0,43.84,1.0,0.0,0.20252262329101559,put,2026-08-14,SPY,741.72998046875,2026-07-30T21:33:36.534402+00:00
800.0,54.7,59.0,47.87,,0.0,0.21692677612304687,put,2026-08-14,SPY,741.72998046875,2026-07-30T21:33:36.534402+00:00
805.0,59.66,64.0,52.58,,0.0,0.2309647216796875,put,2026-08-14,SPY,741.72998046875,2026-07-30T21:33:36.534402+00:00
895.0,149.8,153.66,164.11,2.0,0.0,0.4101621484375,put,2026-08-14,SPY,741.72998046875,2026-07-30T21:33:36.534402+00:00
900.0,154.8,158.66,161.08,1.0,0.0,0.4204159521484375,put,2026-08-14,SPY,741.72998046875,2026-07-30T21:33:36.534402+00:00
530.0,213.0,217.38,224.06,,1.0,0.7543969873046875,call,2026-08-28,SPY,741.72998046875,2026-07-30T21:33:36.534402+00:00
550.0,193.0,196.5,193.36,4.0,5.0,0.6658358612060549,call,2026-08-28,SPY,741.72998046875,2026-07-30T21:33:36.534402+00:00
575.0,168.16,172.64,180.26,,1.0,0.610599597167969,call,2026-08-28,SPY,741.72998046875,2026-07-30T21:33:36.534402+00:00
580.0,163.14,167.74,173.59,,1.0,0.5955240643310546,call,2026-08-28,SPY,741.72998046875,2026-07-30T21:33:36.534402+00:00
590.0,153.17,157.81,166.51,10.0,10.0,0.5643964459228517,call,2026-08-28,SPY,741.72998046875,2026-07-30T21:33:36.534402+00:00
615.0,128.5,133.04,127.78,2.0,4.0,0.5560957476806643,call,2026-08-28,SPY,741.72998046875,2026-07-30T21:33:36.534402+00:00
635.0,108.9,113.28,102.78,2.0,1.0,0.49124654266357426,call,2026-08-28,SPY,741.72998046875,2026-07-30T21:33:36.534402+00:00
640.0,103.97,108.5,100.81,1.0,2.0,0.4785818743896484,call,2026-08-28,SPY,741.72998046875,2026-07-30T21:33:36.534402+00:00
645.0,99.05,103.5,96.11,1.0,2.0,0.4607597869873047,call,2026-08-28,SPY,741.72998046875,2026-07-30T21:33:36.534402+00:00
650.0,94.14,98.73,95.1,2.0,4.0,0.44788149780273434,call,2026-08-28,SPY,741.72998046875,2026-07-30T21:33:36.534402+00:00
655.0,89.23,92.51,88.01,1.0,2.0,0.40360093475341796,call,2026-08-28,SPY,741.72998046875,2026-07-30T21:33:36.534402+00:00
665.0,79.72,83.55,77.51,1.0,1.0,0.390356438293457,call,2026-08-28,SPY,741.72998046875,2026-07-30T21:33:36.534402+00:00
670.0,74.84,78.69,75.42,1.0,12.0,0.37509780181884766,call,2026-08-28,SPY,741.72998046875,2026-07-30T21:33:36.534402+00:00
675.0,70.0,73.85,64.48,2.0,10.0,0.35999175170898434,call,2026-08-28,SPY,741.72998046875,2026-07-30T21:33:36.534402+00:00
680.0,65.19,68.5,56.46,1.0,6.0,0.3352422433471679,call,2026-08-28,SPY,741.72998046875,2026-07-30T21:33:36.534402+00:00
685.0,60.42,64.04,53.31,2.0,41.0,0.32660585510253903,call,2026-08-28,SPY,741.72998046875,2026-07-30T21:33:36.534402+00:00
690.0,55.68,59.54,51.06,2.0,11.0,0.31641308593749995,call,2026-08-28,SPY,741.72998046875,2026-07-30T21:33:36.534402+00:00
693.0,52.86,56.72,66.03,,0.0,0.3079292840576171,call,2026-08-28,SPY,741.72998046875,2026-07-30T21:33:36.534402+00:00
694.0,51.93,55.78,44.77,5.0,5.0,0.3050606604003906,call,2026-08-28,SPY,741.72998046875,2026-07-30T21:33:36.534402+00:00
696.0,50.06,53.92,51.52,1.0,0.0,0.2995675512695312,call,2026-08-28,SPY,741.72998046875,2026-07-30T21:33:36.534402+00:00
698.0,48.21,52.06,47.4,1.0,15.0,0.29398289031982416,call,2026-08-28,SPY,741.72998046875,2026-07-30T21:33:36.534402+00:00
700.0,46.45,50.22,41.5,21.0,246.0,0.28861185028076164,call,2026-08-28,SPY,741.72998046875,2026-07-30T21:33:36.534402+00:00
701.0,45.45,49.31,41.23,1.0,1.0,0.28601788208007806,call,2026-08-28,SPY,741.72998046875,2026-07-30T21:33:36.534402+00:00
703.0,43.63,47.48,40.49,48.0,1.0,0.2806163247680663,call,2026-08-28,SPY,741.72998046875,2026-07-30T21:33:36.534402+00:00
705.0,41.81,45.67,40.31,24.0,10.0,0.27539787109374997,call,2026-08-28,SPY,741.72998046875,2026-07-30T21:33:36.534402+00:00
707.0,40.01,43.59,39.84,1.0,1.0,0.26605958557128906,call,2026-08-28,SPY,741.72998046875,2026-07-30T21:33:36.534402+00:00
708.0,39.11,42.7,35.49,37.0,12.0,0.26355716918945316,call,2026-08-28,SPY,741.72998046875,2026-07-30T21:33:36.534402+00:00
710.0,37.34,41.11,35.5,2.0,41.0,0.26119208053588866,call,2026-08-28,SPY,741.72998046875,2026-07-30T21:33:36.534402+00:00
711.0,36.45,40.09,36.31,2.0,6.0,0.2567213000488281,call,2026-08-28,SPY,741.72998046875,2026-07-30T21:33:36.534402+00:00
712.0,35.65,39.22,34.11,6.0,10.0,0.2543409527587891,call,2026-08-28,SPY,741.72998046875,2026-07-30T21:33:36.534402+00:00
714.0,33.9,37.45,34.56,1.0,1.0,0.249030947265625,call,2026-08-28,SPY,741.72998046875,2026-07-30T21:33:36.534402+00:00
715.0,34.66,36.63,30.24,10.0,167.0,0.2472151695251465,call,2026-08-28,SPY,741.72998046875,2026-07-30T21:33:36.534402+00:00
716.0,32.1,35.81,32.19,12.0,15.0,0.2453383572387695,call,2026-08-28,SPY,741.72998046875,2026-07-30T21:33:36.534402+00:00
717.0,31.25,34.98,29.15,1.0,11.0,0.24326318267822267,call,2026-08-28,SPY,741.72998046875,2026-07-30T21:33:36.534402+00:00
718.0,30.4,34.23,35.19,,85.0,0.242195078125,call,2026-08-28,SPY,741.72998046875,2026-07-30T21:33:36.534402+00:00
719.0,29.62,33.41,23.81,32.0,57.0,0.2401199035644531,call,2026-08-28,SPY,741.72998046875,2026-07-30T21:33:36.534402+00:00
720.0,29.88,32.57,30.0,15.0,276.0,0.2377242976379394,call,2026-08-28,SPY,741.72998046875,2026-07-30T21:33:36.534402+00:00
721.0,27.88,31.74,22.51,1.0,9.0,0.2354049848937988,call,2026-08-28,SPY,741.72998046875,2026-07-30T21:33:36.534402+00:00
722.0,27.05,30.91,26.03,1.0,3.0,0.2330246376037598,call,2026-08-28,SPY,741.72998046875,2026-07-30T21:33:36.534402+00:00
723.0,26.23,30.08,27.13,1.0,26.0,0.2305832557678223,call,2026-08-28,SPY,741.72998046875,2026-07-30T21:33:36.534402+00:00
724.0,25.41,29.26,22.78,1.0,34.0,0.2282181671142578,call,2026-08-28,SPY,741.72998046875,2026-07-30T21:33:36.534402+00:00
725.0,26.31,28.45,25.37,21.0,182.0,0.2258988543701172,call,2026-08-28,SPY,741.72998046875,2026-07-30T21:33:36.534402+00:00
726.0,23.79,26.72,24.85,1.0,4.0,0.21189142608642575,call,2026-08-28,SPY,741.72998046875,2026-07-30T21:33:36.534402+00:00
727.0,22.99,26.85,23.2,2.0,32.0,0.22132126342773437,call,2026-08-28,SPY,741.72998046875,2026-07-30T21:33:36.534402+00:00
728.0,22.2,26.06,16.3,7.0,25.0,0.2190629852294922,call,2026-08-28,SPY,741.72998046875,2026-07-30T21:33:36.534402+00:00
729.0,23.16,25.24,21.47,23.0,20.0,0.2163469479370117,call,2026-08-28,SPY,741.72998046875,2026-07-30T21:33:36.534402+00:00
730.0,20.93,23.95,21.24,100.0,233.0,0.20777159423828123,call,2026-08-28,SPY,741.72998046875,2026-07-30T21:33:36.534402+00:00
731.0,21.27,22.19,20.76,1867.0,49.0,0.19339795867919923,call,2026-08-28,SPY,741.72998046875,2026-07-30T21:33:36.534402+00:00
732.0,20.6,21.43,20.02,1903.0,112.0,0.19130752548217772,call,2026-08-28,SPY,741.72998046875,2026-07-30T21:33:36.534402+00:00
733.0,19.77,20.7,19.39,3100.0,135.0,0.18947648910522463,call,2026-08-28,SPY,741.72998046875,2026-07-30T21:33:36.534402+00:00
734.0,18.94,19.93,17.7,3348.0,133.0,0.18706562454223635,call,2026-08-28,SPY,741.72998046875,2026-07-30T21:33:36.534402+00:00
735.0,18.33,19.49,18.4,2475.0,387.0,0.18851519500732422,call,2026-08-28,SPY,741.72998046875,2026-07-30T21:33:36.534402+00:00
736.0,17.7,18.64,17.11,2649.0,643.0,0.18494467407226559,call,2026-08-28,SPY,741.72998046875,2026-07-30T21:33:36.534402+00:00
737.0,16.55,17.75,16.29,1748.0,247.0,0.18079432495117187,call,2026-08-28,SPY,741.72998046875,2026-07-30T21:33:36.534402+00:00
738.0,16.11,17.47,16.65,1768.0,576.0,0.1838155349731445,call,2026-08-28,SPY,741.72998046875,2026-07-30T21:33:36.534402+00:00
739.0,15.35,16.35,15.94,2103.0,633.0,0.1767355276489258,call,2026-08-28,SPY,741.72998046875,2026-07-30T21:33:36.534402+00:00
740.0,14.9,15.66,14.37,2086.0,1958.0,0.1746450944519043,call,2026-08-28,SPY,741.72998046875,2026-07-30T21:33:36.534402+00:00
741.0,14.12,14.99,13.98,2790.0,433.0,0.1726767303466797,call,2026-08-28,SPY,741.72998046875,2026-07-30T21:33:36.534402+00:00
742.0,13.61,14.2,13.95,2695.0,898.0,0.16916724395751953,call,2026-08-28,SPY,741.72998046875,2026-07-30T21:33:36.534402+00:00
743.0,13.27,13.38,13.26,512.0,414.0,0.1651694812011719,call,2026-08-28,SPY,741.72998046875,2026-07-30T21:33:36.534402+00:00
744.0,12.64,12.75,12.7,53.0,720.0,0.16327741027832032,call,2026-08-28,SPY,741.72998046875,2026-07-30T21:33:36.534402+00:00
745.0,12.03,12.13,12.0,165.0,915.0,0.16138533935546873,call,2026-08-28,SPY,741.72998046875,2026-07-30T21:33:36.534402+00:00
746.0,11.42,11.53,11.3,275.0,462.0,0.1595543029785156,call,2026-08-28,SPY,741.72998046875,2026-07-30T21:33:36.534402+00:00
747.0,10.84,10.94,10.71,432.0,305.0,0.1577232666015625,call,2026-08-28,SPY,741.72998046875,2026-07-30T21:33:36.534402+00:00
748.0,10.26,10.36,10.23,157.0,273.0,0.15583119567871095,call,2026-08-28,SPY,741.72998046875,2026-07-30T21:33:36.534402+00:00
749.0,9.7,9.8,9.17,76.0,208.0,0.15403067657470704,call,2026-08-28,SPY,741.72998046875,2026-07-30T21:33:36.534402+00:00
750.0,9.16,9.26,9.18,681.0,801.0,0.1523217092895508,call,2026-08-28,SPY,741.72998046875,2026-07-30T21:33:36.534402+00:00
751.0,8.64,8.73,8.04,171.0,412.0,0.1505517074584961,call,2026-08-28,SPY,741.72998046875,2026-07-30T21:33:36.534402+00:00
752.0,8.13,8.22,7.75,114.0,231.0,0.14884274017333982,call,2026-08-28,SPY,741.72998046875,2026-07-30T21:33:36.534402+00:00
753.0,7.64,7.73,7.35,189.0,549.0,0.14722532470703126,call,2026-08-28,SPY,741.72998046875,2026-07-30T21:33:36.534402+00:00
754.0,7.16,7.25,7.12,173.0,457.0,0.145516357421875,call,2026-08-28,SPY,741.72998046875,2026-07-30T21:33:36.534402+00:00
755.0,6.71,6.79,6.77,476.0,1211.0,0.1438989419555664,call,2026-08-28,SPY,741.72998046875,2026-07-30T21:33:36.534402+00:00
756.0,6.27,6.35,5.77,436.0,1003.0,0.14234256103515625,call,2026-08-28,SPY,741.72998046875,2026-07-30T21:33:36.534402+00:00
757.0,5.85,5.92,5.25,312.0,671.0,0.1407251455688477,call,2026-08-28,SPY,741.72998046875,2026-07-30T21:33:36.534402+00:00
758.0,5.44,5.52,5.49,170.0,824.0,0.13927557510375982,call,2026-08-28,SPY,741.72998046875,2026-07-30T21:33:36.534402+00:00
759.0,5.06,5.13,4.62,168.0,398.0,0.13776497009277344,call,2026-08-28,SPY,741.72998046875,2026-07-30T21:33:36.534402+00:00
760.0,4.7,4.76,4.6,1219.0,1192.0,0.1363306582641602,call,2026-08-28,SPY,741.72998046875,2026-07-30T21:33:36.534402+00:00
761.0,4.35,4.41,3.96,384.0,539.0,0.1349268637084961,call,2026-08-28,SPY,741.72998046875,2026-07-30T21:33:36.534402+00:00
762.0,4.02,4.08,3.65,248.0,415.0,0.1336146209716797,call,2026-08-28,SPY,741.72998046875,2026-07-30T21:33:36.534402+00:00
763.0,3.71,3.77,3.43,398.0,463.0,0.13239393005371097,call,2026-08-28,SPY,741.72998046875,2026-07-30T21:33:36.534402+00:00
764.0,3.41,3.47,3.02,164.0,1194.0,0.1310816873168945,call,2026-08-28,SPY,741.72998046875,2026-07-30T21:33:36.534402+00:00
765.0,3.14,3.19,3.18,704.0,1057.0,0.1298609963989258,call,2026-08-28,SPY,741.72998046875,2026-07-30T21:33:36.534402+00:00
766.0,2.88,2.93,2.66,331.0,285.0,0.12870134002685546,call,2026-08-28,SPY,741.72998046875,2026-07-30T21:33:36.534402+00:00
767.0,2.64,2.69,2.63,188.0,825.0,0.12769427001953126,call,2026-08-28,SPY,741.72998046875,2026-07-30T21:33:36.534402+00:00
768.0,2.41,2.46,2.45,343.0,5384.0,0.12659564819335936,call,2026-08-28,SPY,741.72998046875,2026-07-30T21:33:36.534402+00:00
769.0,2.2,2.25,2.04,14.0,712.0,0.1256190954589844,call,2026-08-28,SPY,741.72998046875,2026-07-30T21:33:36.534402+00:00
770.0,2.01,2.06,2.02,431.0,1501.0,0.12482564636230468,call,2026-08-28,SPY,741.72998046875,2026-07-30T21:33:36.534402+00:00
771.0,1.83,1.87,1.66,492.0,250.0,0.12375754180908202,call,2026-08-28,SPY,741.72998046875,2026-07-30T21:33:36.534402+00:00
772.0,1.66,1.71,2.0,201.0,854.0,0.12311667907714845,call,2026-08-28,SPY,741.72998046875,2026-07-30T21:33:36.534402+00:00
773.0,1.51,1.55,1.35,61.0,314.0,0.12220116088867189,call,2026-08-28,SPY,741.72998046875,2026-07-30T21:33:36.534402+00:00
774.0,1.37,1.41,1.22,155.0,5382.0,0.12152978088378906,call,2026-08-28,SPY,741.72998046875,2026-07-30T21:33:36.534402+00:00
775.0,1.24,1.28,1.23,825.0,786.0,0.12085840087890626,call,2026-08-28,SPY,741.72998046875,2026-07-30T21:33:36.534402+00:00
776.0,1.13,1.16,1.5,409.0,5420.0,0.12018702087402343,call,2026-08-28,SPY,741.72998046875,2026-07-30T21:33:36.534402+00:00
777.0,1.02,1.05,1.04,220.0,459.0,0.11957667541503905,call,2026-08-28,SPY,741.72998046875,2026-07-30T21:33:36.534402+00:00
778.0,0.92,0.96,0.83,261.0,392.0,0.11933253723144531,call,2026-08-28,SPY,741.72998046875,2026-07-30T21:33:36.534402+00:00
779.0,0.84,0.87,0.75,233.0,268.0,0.11890529541015624,call,2026-08-28,SPY,741.72998046875,2026-07-30T21:33:36.534402+00:00
780.0,0.76,0.79,0.69,1555.0,966.0,0.11853908813476563,call,2026-08-28,SPY,741.72998046875,2026-07-30T21:33:36.534402+00:00
781.0,0.69,0.71,0.7,89.0,234.0,0.11798977722167968,call,2026-08-28,SPY,741.72998046875,2026-07-30T21:33:36.534402+00:00
782.0,0.62,0.65,0.56,365.0,241.0,0.11792874267578124,call,2026-08-28,SPY,741.72998046875,2026-07-30T21:33:36.534402+00:00
783.0,0.56,0.59,0.51,23.0,504.0,0.11774563903808594,call,2026-08-28,SPY,741.72998046875,2026-07-30T21:33:36.534402+00:00
784.0,0.51,0.54,0.39,40.0,301.0,0.11774563903808594,call,2026-08-28,SPY,741.72998046875,2026-07-30T21:33:36.534402+00:00
785.0,0.47,0.49,0.45,889.0,1020.0,0.11756253540039063,call,2026-08-28,SPY,741.72998046875,2026-07-30T21:33:36.534402+00:00
790.0,0.3,0.32,0.31,150.0,833.0,0.11841701904296875,call,2026-08-28,SPY,741.72998046875,2026-07-30T21:33:36.534402+00:00
795.0,0.2,0.22,0.2,442.0,742.0,0.12049219360351562,call,2026-08-28,SPY,741.72998046875,2026-07-30T21:33:36.534402+00:00
800.0,0.14,0.16,0.15,173.0,593.0,0.1235439208984375,call,2026-08-28,SPY,741.72998046875,2026-07-30T21:33:36.534402+00:00
805.0,0.1,0.12,0.1,152.0,585.0,0.12696185546875,call,2026-08-28,SPY,741.72998046875,2026-07-30T21:33:36.534402+00:00
810.0,0.08,0.09,0.08,1.0,324.0,0.13037979003906247,call,2026-08-28,SPY,741.72998046875,2026-07-30T21:33:36.534402+00:00
815.0,0.06,0.08,0.05,16.0,105.0,0.1362391064453125,call,2026-08-28,SPY,741.72998046875,2026-07-30T21:33:36.534402+00:00
820.0,0.05,0.06,0.05,210.0,383.0,0.13916876464843753,call,2026-08-28,SPY,741.72998046875,2026-07-30T21:33:36.534402+00:00
825.0,0.04,0.06,0.03,3.0,138.0,0.14649291015625,call,2026-08-28,SPY,741.72998046875,2026-07-30T21:33:36.534402+00:00
830.0,0.03,0.05,0.03,2.0,184.0,0.15088739746093754,call,2026-08-28,SPY,741.72998046875,2026-07-30T21:33:36.534402+00:00
835.0,0.03,0.04,0.03,60.0,367.0,0.15430533203125002,call,2026-08-28,SPY,741.72998046875,2026-07-30T21:33:36.534402+00:00
840.0,0.02,0.04,0.02,1.0,252.0,0.161141201171875,call,2026-08-28,SPY,741.72998046875,2026-07-30T21:33:36.534402+00:00
845.0,0.02,0.03,0.03,9.0,705.0,0.16309430664062502,call,2026-08-28,SPY,741.72998046875,2026-07-30T21:33:36.534402+00:00
850.0,0.02,0.03,0.03,134.0,255.0,0.16993017578125003,call,2026-08-28,SPY,741.72998046875,2026-07-30T21:33:36.534402+00:00
855.0,0.02,0.03,0.01,2.0,516.0,0.176766044921875,call,2026-08-28,SPY,741.72998046875,2026-07-30T21:33:36.534402+00:00
860.0,0.01,0.03,0.02,161.0,1510.0,0.18360191406249998,call,2026-08-28,SPY,741.72998046875,2026-07-30T21:33:36.534402+00:00
865.0,0.01,0.02,0.02,108.0,293.0,0.18262536132812499,call,2026-08-28,SPY,741.72998046875,2026-07-30T21:33:36.534402+00:00
870.0,0.01,0.02,0.01,11.0,377.0,0.18946123046875002,call,2026-08-28,SPY,741.72998046875,2026-07-30T21:33:36.534402+00:00
875.0,0.01,0.02,0.02,19.0,952.0,0.195320546875,call,2026-08-28,SPY,741.72998046875,2026-07-30T21:33:36.534402+00:00
880.0,0.01,0.02,0.02,65.0,751.0,0.20117986328124998,call,2026-08-28,SPY,741.72998046875,2026-07-30T21:33:36.534402+00:00
885.0,0.01,0.02,0.03,20.0,980.0,0.20703917968749996,call,2026-08-28,SPY,741.72998046875,2026-07-30T21:33:36.534402+00:00
890.0,0.0,0.02,0.02,6.0,0.0,0.21289849609375,call,2026-08-28,SPY,741.72998046875,2026-07-30T21:33:36.534402+00:00
895.0,0.0,0.02,0.01,25.0,1167.0,0.21875781249999998,call,2026-08-28,SPY,741.72998046875,2026-07-30T21:33:36.534402+00:00
900.0,0.01,0.02,0.01,323.0,878.0,0.22461712890624996,call,2026-08-28,SPY,741.72998046875,2026-07-30T21:33:36.534402+00:00
500.0,0.09,0.1,0.11,3.0,292.0,0.5097705273437501,put,2026-08-28,SPY,741.72998046875,2026-07-30T21:33:36.534402+00:00
510.0,0.11,0.12,0.2,1.0,6.0,0.49805189453125004,put,2026-08-28,SPY,741.72998046875,2026-07-30T21:33:36.534402+00:00
515.0,0.12,0.13,0.21,1.0,79.0,0.4907277490234375,put,2026-08-28,SPY,741.72998046875,2026-07-30T21:33:36.534402+00:00
520.0,0.13,0.14,0.15,1.0,75.0,0.48242705078125003,put,2026-08-28,SPY,741.72998046875,2026-07-30T21:33:36.534402+00:00
525.0,0.14,0.15,0.2,1.0,3.0,0.47461462890625,put,2026-08-28,SPY,741.72998046875,2026-07-30T21:33:36.534402+00:00
530.0,0.15,0.16,0.26,1.0,613.0,0.46582565429687506,put,2026-08-28,SPY,741.72998046875,2026-07-30T21:33:36.534402+00:00
535.0,0.16,0.17,0.18,7.0,178.0,0.45752495605468757,put,2026-08-28,SPY,741.72998046875,2026-07-30T21:33:36.534402+00:00
540.0,0.17,0.18,0.19,4.0,79.0,0.44873598144531246,put,2026-08-28,SPY,741.72998046875,2026-07-30T21:33:36.534402+00:00
545.0,0.18,0.19,0.32,1.0,514.0,0.43945873046875,put,2026-08-28,SPY,741.72998046875,2026-07-30T21:33:36.534402+00:00
550.0,0.19,0.21,0.23,40.0,102.0,0.4331111376953125,put,2026-08-28,SPY,741.72998046875,2026-07-30T21:33:36.534402+00:00
555.0,0.21,0.22,0.3,390.0,63.0,0.42383388671875,put,2026-08-28,SPY,741.72998046875,2026-07-30T21:33:36.534402+00:00
560.0,0.22,0.23,0.29,1.0,563.0,0.414068359375,put,2026-08-28,SPY,741.72998046875,2026-07-30T21:33:36.534402+00:00
565.0,0.24,0.25,0.31,8.0,51.0,0.4067442138671875,put,2026-08-28,SPY,741.72998046875,2026-07-30T21:33:36.534402+00:00
570.0,0.25,0.26,0.32,22.0,398.0,0.3969786865234375,put,2026-08-28,SPY,741.72998046875,2026-07-30T21:33:36.534402+00:00
575.0,0.27,0.28,0.3,1.0,43.0,0.38892212646484375,put,2026-08-28,SPY,741.72998046875,2026-07-30T21:33:36.534402+00:00
580.0,0.29,0.3,0.33,125.0,84.0,0.3806214282226562,put,2026-08-28,SPY,741.72998046875,2026-07-30T21:33:36.534402+00:00
585.0,0.31,0.32,0.54,6.0,143.0,0.372076591796875,put,2026-08-28,SPY,741.72998046875,2026-07-30T21:33:36.534402+00:00
590.0,0.33,0.34,0.4,7.0,239.0,0.3632876171875,put,2026-08-28,SPY,741.72998046875,2026-07-30T21:33:36.534402+00:00
595.0,0.35,0.36,0.53,5.0,136.0,0.3544986425781249,put,2026-08-28,SPY,741.72998046875,2026-07-30T21:33:36.534402+00:00
600.0,0.38,0.39,0.4,46.0,160.0,0.34668622070312494,put,2026-08-28,SPY,741.72998046875,2026-07-30T21:33:36.534402+00:00
605.0,0.4,0.42,0.51,14.0,302.0,0.33838552246093745,put,2026-08-28,SPY,741.72998046875,2026-07-30T21:33:36.534402+00:00
610.0,0.43,0.45,0.9,10.0,138.0,0.3298406860351562,put,2026-08-28,SPY,741.72998046875,2026-07-30T21:33:36.534402+00:00
615.0,0.46,0.48,0.67,2.0,285.0,0.3210517114257812,put,2026-08-28,SPY,741.72998046875,2026-07-30T21:33:36.534402+00:00
620.0,0.5,0.51,0.59,305.0,655.0,0.31201859863281245,put,2026-08-28,SPY,741.72998046875,2026-07-30T21:33:36.534402+00:00
625.0,0.54,0.55,0.69,3.0,153.0,0.30371790039062496,put,2026-08-28,SPY,741.72998046875,2026-07-30T21:33:36.534402+00:00
630.0,0.58,0.6,0.73,38.0,292.0,0.2957834094238281,put,2026-08-28,SPY,741.72998046875,2026-07-30T21:33:36.534402+00:00
635.0,0.63,0.65,0.64,36.0,179.0,0.28748271118164054,put,2026-08-28,SPY,741.72998046875,2026-07-30T21:33:36.534402+00:00
640.0,0.68,0.7,0.71,37.0,250.0,0.2786937365722656,put,2026-08-28,SPY,741.72998046875,2026-07-30T21:33:36.534402+00:00
645.0,0.74,0.76,0.85,7.0,656.0,0.27027096923828126,put,2026-08-28,SPY,741.72998046875,2026-07-30T21:33:36.534402+00:00
650.0,0.81,0.83,0.84,317.0,1612.0,0.2620923400878906,put,2026-08-28,SPY,741.72998046875,2026-07-30T21:33:36.534402+00:00
655.0,0.89,0.91,0.98,23.0,438.0,0.25391371093750004,put,2026-08-28,SPY,741.72998046875,2026-07-30T21:33:36.534402+00:00
660.0,0.98,1.0,1.02,43.0,628.0,0.24567404724121095,put,2026-08-28,SPY,741.72998046875,2026-07-30T21:33:36.534402+00:00
665.0,1.09,1.11,1.17,352.0,773.0,0.23780059082031246,put,2026-08-28,SPY,741.72998046875,2026-07-30T21:33:36.534402+00:00
670.0,1.21,1.24,1.36,377.0,2129.0,0.23011023803710937,put,2026-08-28,SPY,741.72998046875,2026-07-30T21:33:36.534402+00:00
675.0,1.36,1.39,1.42,365.0,1623.0,0.2224198852539062,put,2026-08-28,SPY,741.72998046875,2026-07-30T21:33:36.534402+00:00
680.0,1.54,1.57,1.54,1651.0,1618.0,0.21491263610839845,put,2026-08-28,SPY,741.72998046875,2026-07-30T21:33:36.534402+00:00
685.0,1.74,1.78,1.98,429.0,1781.0,0.2074053869628906,put,2026-08-28,SPY,741.72998046875,2026-07-30T21:33:36.534402+00:00
690.0,1.99,2.03,2.0,400.0,988.0,0.19995917236328126,put,2026-08-28,SPY,741.72998046875,2026-07-30T21:33:36.534402+00:00
691.0,2.05,2.09,2.29,144.0,504.0,0.1986164123535156,put,2026-08-28,SPY,741.72998046875,2026-07-30T21:33:36.534402+00:00
692.0,2.11,2.15,2.36,16.0,160.0,0.19721261779785154,put,2026-08-28,SPY,741.72998046875,2026-07-30T21:33:36.534402+00:00
693.0,2.17,2.21,2.53,30.0,456.0,0.19574778869628906,put,2026-08-28,SPY,741.72998046875,2026-07-30T21:33:36.534402+00:00
694.0,2.23,2.27,1.13,19.0,381.0,0.19422192504882813,put,2026-08-28,SPY,741.72998046875,2026-07-30T21:33:36.534402+00:00
695.0,2.29,2.33,2.41,101.0,537.0,0.19266554412841796,put,2026-08-28,SPY,741.72998046875,2026-07-30T21:33:36.534402+00:00
696.0,2.36,2.4,2.98,17.0,305.0,0.19129226684570313,put,2026-08-28,SPY,741.72998046875,2026-07-30T21:33:36.534402+00:00
697.0,2.43,2.47,3.47,14.0,151.0,0.18985795501708985,put,2026-08-28,SPY,741.72998046875,2026-07-30T21:33:36.534402+00:00
698.0,2.5,2.54,2.63,5.0,271.0,0.18836260864257812,put,2026-08-28,SPY,741.72998046875,2026-07-30T21:33:36.534402+00:00
699.0,2.57,2.62,2.66,19.0,299.0,0.18705036590576174,put,2026-08-28,SPY,741.72998046875,2026-07-30T21:33:36.534402+00:00
700.0,2.65,2.69,2.72,605.0,2600.0,0.1854634677124023,put,2026-08-28,SPY,741.72998046875,2026-07-30T21:33:36.534402+00:00
701.0,2.73,2.77,2.71,21.0,199.0,0.18402915588378904,put,2026-08-28,SPY,741.72998046875,2026-07-30T21:33:36.534402+00:00
702.0,2.81,2.86,3.0,209.0,186.0,0.18274743041992186,put,2026-08-28,SPY,741.72998046875,2026-07-30T21:33:36.534402+00:00
703.0,2.89,2.94,2.96,73.0,268.0,0.18116053222656248,put,2026-08-28,SPY,741.72998046875,2026-07-30T21:33:36.534402+00:00
704.0,2.98,3.03,3.06,181.0,870.0,0.17975673767089845,put,2026-08-28,SPY,741.72998046875,2026-07-30T21:33:36.534402+00:00
705.0,3.07,3.12,3.39,204.0,721.0,0.17826139129638674,put,2026-08-28,SPY,741.72998046875,2026-07-30T21:33:36.534402+00:00
706.0,3.17,3.22,3.56,78.0,224.0,0.17688811401367188,put,2026-08-28,SPY,741.72998046875,2026-07-30T21:33:36.534402+00:00
707.0,3.27,3.32,3.67,122.0,260.0,0.1754843194580078,put,2026-08-28,SPY,741.72998046875,2026-07-30T21:33:36.534402+00:00
708.0,3.37,3.42,3.45,144.0,193.0,0.1739584558105469,put,2026-08-28,SPY,741.72998046875,2026-07-30T21:33:36.534402+00:00
709.0,3.48,3.53,3.45,54.0,160.0,0.17258517852783206,put,2026-08-28,SPY,741.72998046875,2026-07-30T21:33:36.534402+00:00
710.0,3.59,3.64,3.7,787.0,1114.0,0.17115086669921875,put,2026-08-28,SPY,741.72998046875,2026-07-30T21:33:36.534402+00:00
711.0,3.7,3.76,4.13,122.0,621.0,0.16977758941650395,put,2026-08-28,SPY,741.72998046875,2026-07-30T21:33:36.534402+00:00
712.0,3.82,3.88,4.19,33.0,112.0,0.16834327758789067,put,2026-08-28,SPY,741.72998046875,2026-07-30T21:33:36.534402+00:00
713.0,3.94,4.0,4.32,175.0,147.0,0.16684793121337893,put,2026-08-28,SPY,741.72998046875,2026-07-30T21:33:36.534402+00:00
714.0,4.07,4.13,4.58,110.0,212.0,0.16541361938476565,put,2026-08-28,SPY,741.72998046875,2026-07-30T21:33:36.534402+00:00
715.0,4.2,4.26,4.52,258.0,663.0,0.1639182730102539,put,2026-08-28,SPY,741.72998046875,2026-07-30T21:33:36.534402+00:00
716.0,4.34,4.4,4.85,222.0,317.0,0.16251447845458983,put,2026-08-28,SPY,741.72998046875,2026-07-30T21:33:36.534402+00:00
717.0,4.48,4.55,4.89,68.0,409.0,0.161141201171875,put,2026-08-28,SPY,741.72998046875,2026-07-30T21:33:36.534402+00:00
718.0,4.63,4.69,4.66,59.0,308.0,0.1595543029785156,put,2026-08-28,SPY,741.72998046875,2026-07-30T21:33:36.534402+00:00
719.0,4.79,4.85,4.79,135.0,195.0,0.15818102569580078,put,2026-08-28,SPY,741.72998046875,2026-07-30T21:33:36.534402+00:00
720.0,4.94,5.01,5.05,217.0,1227.0,0.1567161965942383,put,2026-08-28,SPY,741.72998046875,2026-07-30T21:33:36.534402+00:00
721.0,5.11,5.17,5.64,43.0,467.0,0.15515981567382814,put,2026-08-28,SPY,741.72998046875,2026-07-30T21:33:36.534402+00:00
722.0,5.28,5.34,5.33,44.0,420.0,0.15366446929931643,put,2026-08-28,SPY,741.72998046875,2026-07-30T21:33:36.534402+00:00
723.0,5.45,5.52,5.93,42.0,145.0,0.15219964019775395,put,2026-08-28,SPY,741.72998046875,2026-07-30T21:33:36.534402+00:00
724.0,5.64,5.7,5.65,16.0,97.0,0.1506432592773438,put,2026-08-28,SPY,741.72998046875,2026-07-30T21:33:36.534402+00:00
725.0,5.82,5.9,6.0,315.0,5990.0,0.1492394647216797,put,2026-08-28,SPY,741.72998046875,2026-07-30T21:33:36.534402+00:00
726.0,6.02,6.09,6.1,118.0,126.0,0.1476220492553711,put,2026-08-28,SPY,741.72998046875,2026-07-30T21:33:36.534402+00:00
727.0,6.22,6.3,6.64,27.0,252.0,0.14615722015380855,put,2026-08-28,SPY,741.72998046875,2026-07-30T21:33:36.534402+00:00
728.0,6.43,6.51,6.47,80.0,376.0,0.14457032196044922,put,2026-08-28,SPY,741.72998046875,2026-07-30T21:33:36.534402+00:00
729.0,6.65,6.72,7.25,1898.0,298.0,0.1428918719482422,put,2026-08-28,SPY,741.72998046875,2026-07-30T21:33:36.534402+00:00
730.0,6.87,6.95,6.94,2394.0,2456.0,0.14133549102783205,put,2026-08-28,SPY,741.72998046875,2026-07-30T21:33:36.534402+00:00
731.0,7.11,7.19,7.72,3180.0,194.0,0.13980962738037112,put,2026-08-28,SPY,741.72998046875,2026-07-30T21:33:36.534402+00:00
732.0,7.35,7.43,7.97,3616.0,465.0,0.13814643600463866,put,2026-08-28,SPY,741.72998046875,2026-07-30T21:33:36.534402+00:00
733.0,7.6,7.68,7.78,2569.0,301.0,0.13648324462890626,put,2026-08-28,SPY,741.72998046875,2026-07-30T21:33:36.534402+00:00
734.0,7.86,7.94,8.14,2502.0,256.0,0.13480479461669925,put,2026-08-28,SPY,741.72998046875,2026-07-30T21:33:36.534402+00:00
735.0,8.12,8.21,8.18,2281.0,10569.0,0.13312634460449219,put,2026-08-28,SPY,741.72998046875,2026-07-30T21:33:36.534402+00:00
736.0,8.41,8.49,8.38,1987.0,596.0,0.13144789459228517,put,2026-08-28,SPY,741.72998046875,2026-07-30T21:33:36.534402+00:00
737.0,8.7,8.78,8.91,1739.0,1008.0,0.12970841003417968,put,2026-08-28,SPY,741.72998046875,2026-07-30T21:33:36.534402+00:00
738.0,9.0,9.08,9.06,1844.0,856.0,0.1279689254760742,put,2026-08-28,SPY,741.72998046875,2026-07-30T21:33:36.534402+00:00
739.0,9.31,9.4,9.38,3824.0,839.0,0.12629047546386718,put,2026-08-28,SPY,741.72998046875,2026-07-30T21:33:36.534402+00:00
740.0,9.63,9.72,9.61,3420.0,1627.0,0.12447469772338868,put,2026-08-28,SPY,741.72998046875,2026-07-30T21:33:36.534402+00:00
741.0,9.97,10.06,9.86,55.0,672.0,0.1227199545288086,put,2026-08-28,SPY,741.72998046875,2026-07-30T21:33:36.534402+00:00
742.0,10.32,10.42,10.6,894.0,377.0,0.12101098724365235,put,2026-08-28,SPY,741.72998046875,2026-07-30T21:33:36.534402+00:00
743.0,10.68,10.78,10.71,454.0,1146.0,0.11913417495727538,put,2026-08-28,SPY,741.72998046875,2026-07-30T21:33:36.534402+00:00
744.0,11.05,11.15,13.0,95.0,639.0,0.117196328125,put,2026-08-28,SPY,741.72998046875,2026-07-30T21:33:36.534402+00:00
745.0,11.44,11.55,11.52,98.0,893.0,0.11539580902099611,put,2026-08-28,SPY,741.72998046875,2026-07-30T21:33:36.534402+00:00
746.0,11.85,11.95,13.44,78.0,933.0,0.11338166900634765,put,2026-08-28,SPY,741.72998046875,2026-07-30T21:33:36.534402+00:00
747.0,12.27,12.38,12.47,33.0,422.0,0.1115201153564453,put,2026-08-28,SPY,741.72998046875,2026-07-30T21:33:36.534402+00:00
748.0,12.7,12.82,13.46,45.0,560.0,0.1095364926147461,put,2026-08-28,SPY,741.72998046875,2026-07-30T21:33:36.534402+00:00
749.0,13.15,13.27,16.38,1.0,198.0,0.10743080078125,put,2026-08-28,SPY,741.72998046875,2026-07-30T21:33:36.534402+00:00
750.0,12.79,14.01,13.86,132.0,1276.0,0.1087125262451172,put,2026-08-28,SPY,741.72998046875,2026-07-30T21:33:36.534402+00:00
751.0,13.23,15.09,15.45,6.0,176.0,0.11409882492065429,put,2026-08-28,SPY,741.72998046875,2026-07-30T21:33:36.534402+00:00
752.0,13.72,15.61,17.67,3.0,264.0,0.11228304718017576,put,2026-08-28,SPY,741.72998046875,2026-07-30T21:33:36.534402+00:00
753.0,13.53,17.08,21.01,37.0,74.0,0.12252159225463868,put,2026-08-28,SPY,741.72998046875,2026-07-30T21:33:36.534402+00:00
754.0,14.16,17.62,22.0,3.0,52.0,0.12070581451416015,put,2026-08-28,SPY,741.72998046875,2026-07-30T21:33:36.534402+00:00
755.0,14.67,18.18,17.26,541.0,140.0,0.11887477813720701,put,2026-08-28,SPY,741.72998046875,2026-07-30T21:33:36.534402+00:00
756.0,15.42,18.76,23.43,1.0,182.0,0.11707425903320312,put,2026-08-28,SPY,741.72998046875,2026-07-30T21:33:36.534402+00:00
757.0,16.03,19.36,21.09,1.0,139.0,0.11527373992919923,put,2026-08-28,SPY,741.72998046875,2026-07-30T21:33:36.534402+00:00
758.0,16.66,19.98,22.4,1.0,96.0,0.1134732208251953,put,2026-08-28,SPY,741.72998046875,2026-07-30T21:33:36.534402+00:00
759.0,16.76,20.62,22.5,7.0,18.0,0.11170321899414062,put,2026-08-28,SPY,741.72998046875,2026-07-30T21:33:36.534402+00:00
760.0,17.84,21.28,22.74,6.0,977.0,0.1098721826171875,put,2026-08-28,SPY,741.72998046875,2026-07-30T21:33:36.534402+00:00
761.0,18.15,21.96,25.44,2.0,3.0,0.10807166351318359,put,2026-08-28,SPY,741.72998046875,2026-07-30T21:33:36.534402+00:00
762.0,18.84,22.66,22.32,3.0,24.0,0.10624062713623048,put,2026-08-28,SPY,741.72998046875,2026-07-30T21:33:36.534402+00:00
763.0,19.61,23.39,23.16,1000.0,466.0,0.10459269439697264,put,2026-08-28,SPY,741.72998046875,2026-07-30T21:33:36.534402+00:00
764.0,20.61,24.14,25.12,5.0,3.0,0.10291424438476562,put,2026-08-28,SPY,741.72998046875,2026-07-30T21:33:36.534402+00:00
765.0,21.36,24.9,29.8,2.0,13.0,0.1010832080078125,put,2026-08-28,SPY,741.72998046875,2026-07-30T21:33:36.534402+00:00
766.0,22.17,25.69,24.7,22.0,16.0,0.09943527526855468,put,2026-08-28,SPY,741.72998046875,2026-07-30T21:33:36.534402+00:00
767.0,23.0,26.5,28.62,4.0,11.0,0.09784837707519532,put,2026-08-28,SPY,741.72998046875,2026-07-30T21:33:36.534402+00:00
768.0,23.79,27.33,29.71,6.0,1.0,0.09626147888183595,put,2026-08-28,SPY,741.72998046875,2026-07-30T21:33:36.534402+00:00
769.0,24.4,28.17,31.9,2.0,0.0,0.0945525115966797,put,2026-08-28,SPY,741.72998046875,2026-07-30T21:33:36.534402+00:00
770.0,25.17,29.04,39.07,28.0,18.0,0.09314871704101563,put,2026-08-28,SPY,741.72998046875,2026-07-30T21:33:36.534402+00:00
771.0,26.06,29.92,33.68,4.0,0.0,0.09162285339355468,put,2026-08-28,SPY,741.72998046875,2026-07-30T21:33:36.534402+00:00
772.0,26.96,30.83,27.85,1.0,0.0,0.09070733520507812,put,2026-08-28,SPY,741.72998046875,2026-07-30T21:33:36.534402+00:00
773.0,27.88,31.75,37.0,2.0,0.0,0.08979181701660156,put,2026-08-28,SPY,741.72998046875,2026-07-30T21:33:36.534402+00:00
774.0,28.84,32.7,33.99,1.0,0.0,0.08979181701660156,put,2026-08-28,SPY,741.72998046875,2026-07-30T21:33:36.534402+00:00
775.0,29.81,33.68,44.02,29.0,0.0,0.09095147338867188,put,2026-08-28,SPY,741.72998046875,2026-07-30T21:33:36.534402+00:00
776.0,30.7,35.0,39.2,1.0,0.0,0.10608804077148437,put,2026-08-28,SPY,741.72998046875,2026-07-30T21:33:36.534402+00:00
778.0,32.66,37.0,41.38,1.0,0.0,0.11066563171386719,put,2026-08-28,SPY,741.72998046875,2026-07-30T21:33:36.534402+00:00
780.0,34.65,39.0,38.13,6.0,0.0,0.11524322265625,put,2026-08-28,SPY,741.72998046875,2026-07-30T21:33:36.534402+00:00
783.0,37.65,42.0,31.77,1.0,0.0,0.12195702270507813,put,2026-08-28,SPY,741.72998046875,2026-07-30T21:33:36.534402+00:00
784.0,38.65,43.0,41.17,1.0,0.0,0.12421530090332032,put,2026-08-28,SPY,741.72998046875,2026-07-30T21:33:36.534402+00:00
790.0,44.65,49.0,48.5,1.0,0.0,0.1373377282714844,put,2026-08-28,SPY,741.72998046875,2026-07-30T21:33:36.534402+00:00
800.0,54.65,59.0,51.91,1.0,0.0,0.15851671569824222,put,2026-08-28,SPY,741.72998046875,2026-07-30T21:33:36.534402+00:00
815.0,69.63,74.0,75.5,2.0,0.0,0.18885088500976563,put,2026-08-28,SPY,741.72998046875,2026-07-30T21:33:36.534402+00:00
830.0,84.65,89.0,78.05,2.0,0.0,0.21778125976562498,put,2026-08-28,SPY,741.72998046875,2026-07-30T21:33:36.534402+00:00
375.0,367.94,372.8,376.15,1.0,14.0,0.958740646972656,call,2026-09-30,SPY,741.72998046875,2026-07-30T21:33:36.534402+00:00
380.0,362.99,367.85,375.8,1.0,0.0,0.9448858050537108,call,2026-09-30,SPY,741.72998046875,2026-07-30T21:33:36.534402+00:00
410.0,333.18,337.96,347.15,3.0,1.0,0.85742330078125,call,2026-09-30,SPY,741.72998046875,2026-07-30T21:33:36.534402+00:00
415.0,328.22,332.93,340.0,41.0,73.0,0.8425308715820312,call,2026-09-30,SPY,741.72998046875,2026-07-30T21:33:36.534402+00:00
420.0,335.24,338.62,325.97,35.0,79.0,1.1558880096435546,call,2026-09-30,SPY,741.72998046875,2026-07-30T21:33:36.534402+00:00
425.0,0.0,0.0,327.0,2.0,0.0,1.0000000000000003e-05,call,2026-09-30,SPY,741.72998046875,2026-07-30T21:33:36.534402+00:00
440.0,0.0,0.0,303.01,2.0,0.0,1.0000000000000003e-05,call,2026-09-30,SPY,741.72998046875,2026-07-30T21:33:36.534402+00:00
450.0,0.0,0.0,303.49,,0.0,1.0000000000000003e-05,call,2026-09-30,SPY,741.72998046875,2026-07-30T21:33:36.534402+00:00
460.0,282.14,285.65,229.77,,0.0,0.6387975573730469,call,2026-09-30,SPY,741.72998046875,2026-07-30T21:33:36.534402+00:00
470.0,286.58,289.97,275.35,1.0,0.0,0.9984436190795899,call,2026-09-30,SPY,741.72998046875,2026-07-30T21:33:36.534402+00:00
475.0,281.64,285.03,266.91,1.0,80.0,0.9818727398681641,call,2026-09-30,SPY,741.72998046875,2026-07-30T21:33:36.534402+00:00
480.0,261.01,264.44,263.5,2.0,3.0,0.5183153637695312,call,2026-09-30,SPY,741.72998046875,2026-07-30T21:33:36.534402+00:00
485.0,0.0,0.0,276.5,16.0,0.0,1.0000000000000003e-05,call,2026-09-30,SPY,741.72998046875,2026-07-30T21:33:36.534402+00:00
490.0,0.0,0.0,271.0,1.0,0.0,1.0000000000000003e-05,call,2026-09-30,SPY,741.72998046875,2026-07-30T21:33:36.534402+00:00
495.0,248.12,251.5,212.11,1.0,12.0,0.5924113024902344,call,2026-09-30,SPY,741.72998046875,2026-07-30T21:33:36.534402+00:00
500.0,244.12,248.61,241.09,28.0,60.0,0.6328772064208985,call,2026-09-30,SPY,741.72998046875,2026-07-30T21:33:36.534402+00:00
505.0,0.0,0.0,259.46,2.0,0.0,1.0000000000000003e-05,call,2026-09-30,SPY,741.72998046875,2026-07-30T21:33:36.534402+00:00
510.0,0.0,0.0,243.64,3.0,0.0,1.0000000000000003e-05,call,2026-09-30,SPY,741.72998046875,2026-07-30T21:33:36.534402+00:00
515.0,226.45,229.9,228.41,1.0,205.0,0.5466964276123047,call,2026-09-30,SPY,741.72998046875,2026-07-30T21:33:36.534402+00:00
520.0,224.33,228.83,221.35,28.0,20.0,0.5871623315429688,call,2026-09-30,SPY,741.72998046875,2026-07-30T21:33:36.534402+00:00
525.0,232.25,235.64,206.18,1.0,2.0,0.8228167132568358,call,2026-09-30,SPY,741.72998046875,2026-07-30T21:33:36.534402+00:00
530.0,211.67,215.13,223.0,1.0,52.0,0.5184984674072266,call,2026-09-30,SPY,741.72998046875,2026-07-30T21:33:36.534402+00:00
535.0,206.75,210.19,218.8,3.0,5.0,0.5084888018798828,call,2026-09-30,SPY,741.72998046875,2026-07-30T21:33:36.534402+00:00
540.0,204.55,209.1,203.19,1.0,28.0,0.5427902166748049,call,2026-09-30,SPY,741.72998046875,2026-07-30T21:33:36.534402+00:00
545.0,199.18,202.61,176.69,2.0,4.0,0.5054370745849608,call,2026-09-30,SPY,741.72998046875,2026-07-30T21:33:36.534402+00:00
550.0,194.62,199.37,189.59,16.0,27.0,0.5219164019775391,call,2026-09-30,SPY,741.72998046875,2026-07-30T21:33:36.534402+00:00
555.0,202.88,206.24,190.9,2.0,6.0,0.735628864440918,call,2026-09-30,SPY,741.72998046875,2026-07-30T21:33:36.534402+00:00
560.0,0.0,0.0,197.36,1.0,0.0,1.0000000000000003e-05,call,2026-09-30,SPY,741.72998046875,2026-07-30T21:33:36.534402+00:00
565.0,179.97,184.44,172.61,1.0,6.0,0.5368698657226563,call,2026-09-30,SPY,741.72998046875,2026-07-30T21:33:36.534402+00:00
570.0,174.97,179.5,187.75,1.0,70.0,0.5248460601806642,call,2026-09-30,SPY,741.72998046875,2026-07-30T21:33:36.534402+00:00
575.0,167.49,170.96,171.75,7.0,358.0,0.43567458862304687,call,2026-09-30,SPY,741.72998046875,2026-07-30T21:33:36.534402+00:00
580.0,162.6,166.08,167.78,5.0,17.0,0.426885614013672,call,2026-09-30,SPY,741.72998046875,2026-07-30T21:33:36.534402+00:00
585.0,160.35,164.77,158.63,1.0,745.0,0.49060567993164067,call,2026-09-30,SPY,741.72998046875,2026-07-30T21:33:36.534402+00:00
590.0,152.85,156.32,169.49,2.0,60.0,0.40903300933837883,call,2026-09-30,SPY,741.72998046875,2026-07-30T21:33:36.534402+00:00
594.0,151.48,155.95,157.94,1.0,2034.0,0.47031169342041024,call,2026-09-30,SPY,741.72998046875,2026-07-30T21:33:36.534402+00:00
595.0,150.5,155.0,146.3,1.0,424.0,0.46857220886230466,call,2026-09-30,SPY,741.72998046875,2026-07-30T21:33:36.534402+00:00
596.0,150.23,153.74,136.88,1.0,2.0,0.4614616842651368,call,2026-09-30,SPY,741.72998046875,2026-07-30T21:33:36.534402+00:00
597.0,0.0,0.0,159.56,1.0,0.0,1.0000000000000003e-05,call,2026-09-30,SPY,741.72998046875,2026-07-30T21:33:36.534402+00:00
598.0,0.0,0.0,168.06,4.0,0.0,1.0000000000000003e-05,call,2026-09-30,SPY,741.72998046875,2026-07-30T21:33:36.534402+00:00
599.0,144.1,147.57,157.83,2.0,1617.0,0.39337764831542965,call,2026-09-30,SPY,741.72998046875,2026-07-30T21:33:36.534402+00:00
600.0,145.64,150.0,152.75,1.0,1646.0,0.4555718505859375,call,2026-09-30,SPY,741.72998046875,2026-07-30T21:33:36.534402+00:00
601.0,158.28,161.67,153.42,2.0,729.0,0.6110573562622071,call,2026-09-30,SPY,741.72998046875,2026-07-30T21:33:36.534402+00:00
602.0,143.73,148.27,154.75,40.0,37.0,0.4549309878540039,call,2026-09-30,SPY,741.72998046875,2026-07-30T21:33:36.534402+00:00
603.0,142.71,147.29,156.5,1.0,22.0,0.45264219238281256,call,2026-09-30,SPY,741.72998046875,2026-07-30T21:33:36.534402+00:00
604.0,139.25,142.73,155.99,1.0,5.0,0.38495488098144526,call,2026-09-30,SPY,741.72998046875,2026-07-30T21:33:36.534402+00:00
605.0,140.8,145.34,155.52,1.0,4787.0,0.44824770507812495,call,2026-09-30,SPY,741.72998046875,2026-07-30T21:33:36.534402+00:00
606.0,0.0,0.0,140.01,1806.0,0.0,1.0000000000000003e-05,call,2026-09-30,SPY,741.72998046875,2026-07-30T21:33:36.534402+00:00
607.0,0.0,0.0,152.5,2.0,0.0,1.0000000000000003e-05,call,2026-09-30,SPY,741.72998046875,2026-07-30T21:33:36.534402+00:00
608.0,140.44,143.88,93.35,1.0,6.0,0.46475754974365235,call,2026-09-30,SPY,741.72998046875,2026-07-30T21:33:36.534402+00:00
609.0,137.98,141.49,135.06,1.0,21.0,0.44028269683837884,call,2026-09-30,SPY,741.72998046875,2026-07-30T21:33:36.534402+00:00
610.0,135.91,140.5,144.0,4.0,949.0,0.43781079772949216,call,2026-09-30,SPY,741.72998046875,2026-07-30T21:33:36.534402+00:00
611.0,0.0,0.0,157.18,2.0,0.0,1.0000000000000003e-05,call,2026-09-30,SPY,741.72998046875,2026-07-30T21:33:36.534402+00:00
612.0,136.74,140.19,86.8,1.0,26.0,0.4586540951538086,call,2026-09-30,SPY,741.72998046875,2026-07-30T21:33:36.534402+00:00
613.0,130.54,134.04,148.43,2.0,3.0,0.3698793481445312,call,2026-09-30,SPY,741.72998046875,2026-07-30T21:33:36.534402+00:00
614.0,0.0,0.0,134.74,1.0,0.0,1.0000000000000003e-05,call,2026-09-30,SPY,741.72998046875,2026-07-30T21:33:36.534402+00:00
615.0,131.04,135.5,128.78,3.0,581.0,0.4247799221801758,call,2026-09-30,SPY,741.72998046875,2026-07-30T21:33:36.534402+00:00
616.0,142.97,146.38,124.7,1.0,4.0,0.5610700631713867,call,2026-09-30,SPY,741.72998046875,2026-07-30T21:33:36.534402+00:00
617.0,0.0,0.0,145.85,1.0,0.0,1.0000000000000003e-05,call,2026-09-30,SPY,741.72998046875,2026-07-30T21:33:36.534402+00:00
618.0,141.03,144.44,122.79,1.0,5.0,0.5556685058593751,call,2026-09-30,SPY,741.72998046875,2026-07-30T21:33:36.534402+00:00
619.0,128.63,132.14,104.58,1.0,1.0,0.4242000939941406,call,2026-09-30,SPY,741.72998046875,2026-07-30T21:33:36.534402+00:00
620.0,126.17,130.5,115.45,1.0,1233.0,0.41177956390380854,call,2026-09-30,SPY,741.72998046875,2026-07-30T21:33:36.534402+00:00
621.0,126.77,130.28,108.48,26.0,24.0,0.42102629760742194,call,2026-09-30,SPY,741.72998046875,2026-07-30T21:33:36.534402+00:00
622.0,138.25,141.35,128.03,1.0,5.0,0.5562483340454102,call,2026-09-30,SPY,741.72998046875,2026-07-30T21:33:36.534402+00:00
623.0,126.65,130.0,65.3,14.0,22.0,0.44052683502197265,call,2026-09-30,SPY,741.72998046875,2026-07-30T21:33:36.534402+00:00
624.0,122.56,126.38,134.43,2.0,4.0,0.3995726547241212,call,2026-09-30,SPY,741.72998046875,2026-07-30T21:33:36.534402+00:00
625.0,121.55,125.41,116.17,1.0,251.0,0.39743644561767577,call,2026-09-30,SPY,741.72998046875,2026-07-30T21:33:36.534402+00:00
626.0,122.13,125.65,102.28,1.0,236.0,0.41321387573242185,call,2026-09-30,SPY,741.72998046875,2026-07-30T21:33:36.534402+00:00
627.0,119.61,123.47,124.42,2.0,22.0,0.3931640274047852,call,2026-09-30,SPY,741.72998046875,2026-07-30T21:33:36.534402+00:00
628.0,0.0,0.0,118.54,1.0,0.0,1.0000000000000003e-05,call,2026-09-30,SPY,741.72998046875,2026-07-30T21:33:36.534402+00:00
629.0,131.61,134.71,125.32,1.0,215.0,0.5387924539184571,call,2026-09-30,SPY,741.72998046875,2026-07-30T21:33:36.534402+00:00
630.0,116.71,120.55,118.99,16.0,806.0,0.38660281372070304,call,2026-09-30,SPY,741.72998046875,2026-07-30T21:33:36.534402+00:00
631.0,128.44,131.86,107.6,2.0,766.0,0.5208177801513671,call,2026-09-30,SPY,741.72998046875,2026-07-30T21:33:36.534402+00:00
632.0,114.77,118.61,109.34,1.0,53.0,0.3822998782348632,call,2026-09-30,SPY,741.72998046875,2026-07-30T21:33:36.534402+00:00
633.0,126.51,129.93,110.55,1.0,199.0,0.5155077746582031,call,2026-09-30,SPY,741.72998046875,2026-07-30T21:33:36.534402+00:00
634.0,114.76,118.28,91.63,3.0,106.0,0.40073231109619145,call,2026-09-30,SPY,741.72998046875,2026-07-30T21:33:36.534402+00:00
635.0,111.87,115.73,112.41,2.0,790.0,0.37625745819091794,call,2026-09-30,SPY,741.72998046875,2026-07-30T21:33:36.534402+00:00
636.0,110.91,114.76,109.91,1.0,117.0,0.3740907318115234,call,2026-09-30,SPY,741.72998046875,2026-07-30T21:33:36.534402+00:00
637.0,112.02,115.53,93.04,2.0,131.0,0.396063168334961,call,2026-09-30,SPY,741.72998046875,2026-07-30T21:33:36.534402+00:00
638.0,106.61,110.12,121.69,2.0,125.0,0.32901671966552726,call,2026-09-30,SPY,741.72998046875,2026-07-30T21:33:36.534402+00:00
639.0,120.74,124.16,109.8,1.0,556.0,0.5190477783203125,call,2026-09-30,SPY,741.72998046875,2026-07-30T21:33:36.534402+00:00
640.0,107.05,110.9,107.25,1.0,984.0,0.365667964477539,call,2026-09-30,SPY,741.72998046875,2026-07-30T21:33:36.534402+00:00
641.0,106.09,109.95,104.71,1.0,245.0,0.3637453762817383,call,2026-09-30,SPY,741.72998046875,2026-07-30T21:33:36.534402+00:00
642.0,102.82,106.34,119.98,2.0,174.0,0.3227606787109374,call,2026-09-30,SPY,741.72998046875,2026-07-30T21:33:36.534402+00:00
643.0,104.17,108.02,115.75,1.0,132.0,0.35950347534179683,call,2026-09-30,SPY,741.72998046875,2026-07-30T21:33:36.534402+00:00
644.0,0.0,0.0,109.33,1.0,0.0,1.0000000000000003e-05,call,2026-09-30,SPY,741.72998046875,2026-07-30T21:33:36.534402+00:00
645.0,102.25,106.1,102.55,5.0,502.0,0.35535312622070303,call,2026-09-30,SPY,741.72998046875,2026-07-30T21:33:36.534402+00:00
646.0,101.29,105.14,103.7,2.0,24.0,0.3532779516601562,call,2026-09-30,SPY,741.72998046875,2026-07-30T21:33:36.534402+00:00
647.0,113.07,116.49,106.4,1.0,202.0,0.4975788768005372,call,2026-09-30,SPY,741.72998046875,2026-07-30T21:33:36.534402+00:00
648.0,112.11,115.54,105.32,1.0,4.0,0.4949696499633789,call,2026-09-30,SPY,741.72998046875,2026-07-30T21:33:36.534402+00:00
649.0,0.0,0.0,116.07,1.0,0.0,1.0000000000000003e-05,call,2026-09-30,SPY,741.72998046875,2026-07-30T21:33:36.534402+00:00
650.0,97.46,101.32,101.01,1.0,1406.0,0.3451908743286133,call,2026-09-30,SPY,741.72998046875,2026-07-30T21:33:36.534402+00:00
651.0,109.25,112.67,113.99,1.0,7.0,0.48694360717773444,call,2026-09-30,SPY,741.72998046875,2026-07-30T21:33:36.534402+00:00
652.0,93.42,96.93,111.15,3.0,17.0,0.3069527313232422,call,2026-09-30,SPY,741.72998046875,2026-07-30T21:33:36.534402+00:00
653.0,107.34,110.77,98.59,2.0,25.0,0.48169463623046876,call,2026-09-30,SPY,741.72998046875,2026-07-30T21:33:36.534402+00:00
654.0,93.65,97.51,95.91,1.0,34.0,0.337119055633545,call,2026-09-30,SPY,741.72998046875,2026-07-30T21:33:36.534402+00:00
655.0,92.7,96.43,90.39,1.0,228.0,0.3334417242431641,call,2026-09-30,SPY,741.72998046875,2026-07-30T21:33:36.534402+00:00
656.0,106.28,109.47,107.73,2.0,53.0,0.4900716276550294,call,2026-09-30,SPY,741.72998046875,2026-07-30T21:33:36.534402+00:00
657.0,90.8,94.65,100.74,1.0,10.0,0.3309698251342773,call,2026-09-30,SPY,741.72998046875,2026-07-30T21:33:36.534402+00:00
658.0,0.0,0.0,106.92,1.0,0.0,1.0000000000000003e-05,call,2026-09-30,SPY,741.72998046875,2026-07-30T21:33:36.534402+00:00
659.0,88.9,92.5,99.6,1.0,49.0,0.3237372314453124,call,2026-09-30,SPY,741.72998046875,2026-07-30T21:33:36.534402+00:00
660.0,87.95,91.58,81.0,1.0,555.0,0.3220892987060546,call,2026-09-30,SPY,741.72998046875,2026-07-30T21:33:36.534402+00:00
661.0,87.01,90.62,91.95,1.0,15.0,0.3199378309631347,call,2026-09-30,SPY,741.72998046875,2026-07-30T21:33:36.534402+00:00
662.0,86.06,89.66,97.74,1.0,15.0,0.3177711045837402,call,2026-09-30,SPY,741.72998046875,2026-07-30T21:33:36.534402+00:00
663.0,83.21,86.72,100.65,3.0,69.0,0.2901987484741211,call,2026-09-30,SPY,741.72998046875,2026-07-30T21:33:36.534402+00:00
664.0,84.18,87.93,88.68,3.0,113.0,0.3157722232055663,call,2026-09-30,SPY,741.72998046875,2026-07-30T21:33:36.534402+00:00
665.0,83.24,86.87,89.36,1.0,110.0,0.31235428863525383,call,2026-09-30,SPY,741.72998046875,2026-07-30T21:33:36.534402+00:00
666.0,82.3,86.11,88.22,1.0,40.0,0.31258316818237303,call,2026-09-30,SPY,741.72998046875,2026-07-30T21:33:36.534402+00:00
667.0,85.09,88.61,77.72,1.0,103.0,0.35053139709472647,call,2026-09-30,SPY,741.72998046875,2026-07-30T21:33:36.534402+00:00
668.0,80.42,84.18,80.87,1.0,126.0,0.3080208358764648,call,2026-09-30,SPY,741.72998046875,2026-07-30T21:33:36.534402+00:00
669.0,85.78,88.84,54.79,1.0,275.0,0.3691774508666992,call,2026-09-30,SPY,741.72998046875,2026-07-30T21:33:36.534402+00:00
670.0,78.55,82.32,68.96,13.0,2905.0,0.3042672113037109,call,2026-09-30,SPY,741.72998046875,2026-07-30T21:33:36.534402+00:00
671.0,77.62,81.41,90.99,1.0,67.0,0.30261927856445314,call,2026-09-30,SPY,741.72998046875,2026-07-30T21:33:36.534402+00:00
672.0,0.0,0.0,99.62,4.0,0.0,1.0000000000000003e-05,call,2026-09-30,SPY,741.72998046875,2026-07-30T21:33:36.534402+00:00
673.0,75.75,79.61,81.45,1.0,34.0,0.2994759994506836,call,2026-09-30,SPY,741.72998046875,2026-07-30T21:33:36.534402+00:00
674.0,74.83,78.66,80.49,3.0,53.0,0.29730927307128896,call,2026-09-30,SPY,741.72998046875,2026-07-30T21:33:36.534402+00:00
675.0,73.9,77.75,74.7,2.0,439.0,0.29560030578613283,call,2026-09-30,SPY,741.72998046875,2026-07-30T21:33:36.534402+00:00
676.0,72.97,76.83,86.13,1.0,45.0,0.2937692694091796,call,2026-09-30,SPY,741.72998046875,2026-07-30T21:33:36.534402+00:00
677.0,72.05,75.9,79.4,9.0,274.0,0.2917856466674803,call,2026-09-30,SPY,741.72998046875,2026-07-30T21:33:36.534402+00:00
678.0,71.13,74.98,80.0,10.0,30.0,0.28992409301757804,call,2026-09-30,SPY,741.72998046875,2026-07-30T21:33:36.534402+00:00
679.0,70.21,74.06,72.5,1.0,89.0,0.28804728073120106,call,2026-09-30,SPY,741.72998046875,2026-07-30T21:33:36.534402+00:00
680.0,69.29,73.14,70.5,6.0,1521.0,0.28613995117187496,call,2026-09-30,SPY,741.72998046875,2026-07-30T21:33:36.534402+00:00
681.0,68.37,72.23,68.0,1.0,41.0,0.28435469070434566,call,2026-09-30,SPY,741.72998046875,2026-07-30T21:33:36.534402+00:00
682.0,67.46,71.31,81.77,2.0,140.0,0.28243210250854495,call,2026-09-30,SPY,741.72998046875,2026-07-30T21:33:36.534402+00:00
683.0,66.54,70.4,75.93,2.0,155.0,0.2806010661315917,call,2026-09-30,SPY,741.72998046875,2026-07-30T21:33:36.534402+00:00
684.0,65.63,69.48,61.43,4.0,59.0,0.27866321929931637,call,2026-09-30,SPY,741.72998046875,2026-07-30T21:33:36.534402+00:00
685.0,64.72,68.57,60.0,3.0,612.0,0.276801665649414,call,2026-09-30,SPY,741.72998046875,2026-07-30T21:33:36.534402+00:00
686.0,63.81,67.67,62.93,3.0,104.0,0.27503166381835936,call,2026-09-30,SPY,741.72998046875,2026-07-30T21:33:36.534402+00:00
687.0,62.91,66.76,71.18,7.0,196.0,0.2731395928955078,call,2026-09-30,SPY,741.72998046875,2026-07-30T21:33:36.534402+00:00
688.0,62.0,65.86,70.97,18.0,84.0,0.2713543324279785,call,2026-09-30,SPY,741.72998046875,2026-07-30T21:33:36.534402+00:00
689.0,61.09,64.96,61.63,1.0,170.0,0.2695385546875,call,2026-09-30,SPY,741.72998046875,2026-07-30T21:33:36.534402+00:00
690.0,60.2,64.06,55.39,3.0,808.0,0.26770751831054684,call,2026-09-30,SPY,741.72998046875,2026-07-30T21:33:36.534402+00:00
691.0,59.3,63.16,71.02,1.0,309.0,0.26586122329711914,call,2026-09-30,SPY,741.72998046875,2026-07-30T21:33:36.534402+00:00
692.0,58.41,62.26,66.35,10.0,10.0,0.26399966964721683,call,2026-09-30,SPY,741.72998046875,2026-07-30T21:33:36.534402+00:00
693.0,57.51,61.37,52.56,1.0,0.0,0.2622144091796875,call,2026-09-30,SPY,741.72998046875,2026-07-30T21:33:36.534402+00:00
694.0,56.62,60.48,52.19,1.0,1.0,0.2604138900756836,call,2026-09-30,SPY,741.72998046875,2026-07-30T21:33:36.534402+00:00
695.0,55.73,59.59,56.5,1.0,749.0,0.2585981123352051,call,2026-09-30,SPY,741.72998046875,2026-07-30T21:33:36.534402+00:00
696.0,54.85,58.43,54.78,3.0,3.0,0.25405103866577156,call,2026-09-30,SPY,741.72998046875,2026-07-30T21:33:36.534402+00:00
698.0,53.08,56.68,51.05,14.0,15.0,0.2506483627319336,call,2026-09-30,SPY,741.72998046875,2026-07-30T21:33:36.534402+00:00
699.0,52.21,55.81,49.52,1.0,1.0,0.24896991271972657,call,2026-09-30,SPY,741.72998046875,2026-07-30T21:33:36.534402+00:00
700.0,51.33,54.99,52.17,3.0,2600.0,0.2477644804382324,call,2026-09-30,SPY,741.72998046875,2026-07-30T21:33:36.534402+00:00
702.0,49.59,53.26,50.59,45.0,43.0,0.24439232177734377,call,2026-09-30,SPY,741.72998046875,2026-07-30T21:33:36.534402+00:00
705.0,47.0,50.55,47.1,13.0,935.0,0.23804472900390622,call,2026-09-30,SPY,741.72998046875,2026-07-30T21:33:36.534402+00:00
706.0,46.14,49.66,45.55,1.0,7.0,0.23601533035278316,call,2026-09-30,SPY,741.72998046875,2026-07-30T21:33:36.534402+00:00
707.0,45.36,48.93,43.67,2.0,2.0,0.23548127807617186,call,2026-09-30,SPY,741.72998046875,2026-07-30T21:33:36.534402+00:00
708.0,44.44,48.12,56.58,,1.0,0.23415377670288084,call,2026-09-30,SPY,741.72998046875,2026-07-30T21:33:36.534402+00:00
709.0,43.67,47.26,43.9,2.0,5.0,0.2323227403259277,call,2026-09-30,SPY,741.72998046875,2026-07-30T21:33:36.534402+00:00
710.0,42.75,46.51,41.1,1.0,977.0,0.2314835153198242,call,2026-09-30,SPY,741.72998046875,2026-07-30T21:33:36.534402+00:00
711.0,41.99,45.7,44.35,152.0,15.0,0.23007972076416017,call,2026-09-30,SPY,741.72998046875,2026-07-30T21:33:36.534402+00:00
712.0,41.08,44.9,54.03,1.0,2.0,0.2287064434814453,call,2026-09-30,SPY,741.72998046875,2026-07-30T21:33:36.534402+00:00
713.0,40.25,44.11,38.42,1.0,1.0,0.22740945938110352,call,2026-09-30,SPY,741.72998046875,2026-07-30T21:33:36.534402+00:00
715.0,38.6,42.46,38.7,1.0,1955.0,0.224067817993164,call,2026-09-30,SPY,741.72998046875,2026-07-30T21:33:36.534402+00:00
716.0,37.78,41.64,33.69,82.0,44.0,0.2224046266174316,call,2026-09-30,SPY,741.72998046875,2026-07-30T21:33:36.534402+00:00
717.0,36.97,40.83,36.89,1.0,2.0,0.22080246978759765,call,2026-09-30,SPY,741.72998046875,2026-07-30T21:33:36.534402+00:00
718.0,36.16,40.02,37.73,25.0,9.0,0.21915453704833981,call,2026-09-30,SPY,741.72998046875,2026-07-30T21:33:36.534402+00:00
719.0,35.36,39.21,37.47,1.0,1.0,0.21749134567260742,call,2026-09-30,SPY,741.72998046875,2026-07-30T21:33:36.534402+00:00
720.0,34.8,38.41,33.55,16.0,1719.0,0.2158739302062988,call,2026-09-30,SPY,741.72998046875,2026-07-30T21:33:36.534402+00:00
721.0,33.76,37.62,34.55,11.0,27.0,0.21430229064941403,call,2026-09-30,SPY,741.72998046875,2026-07-30T21:33:36.534402+00:00
722.0,32.96,36.62,34.71,12.0,38.0,0.21088435607910155,call,2026-09-30,SPY,741.72998046875,2026-07-30T21:33:36.534402+00:00
723.0,32.18,36.04,29.03,2.0,3.0,0.21106745971679686,call,2026-09-30,SPY,741.72998046875,2026-07-30T21:33:36.534402+00:00
724.0,31.4,35.25,34.79,2.0,21.0,0.2093890097045898,call,2026-09-30,SPY,741.72998046875,2026-07-30T21:33:36.534402+00:00
725.0,30.94,34.48,31.83,8.0,2021.0,0.20784788742065424,call,2026-09-30,SPY,741.72998046875,2026-07-30T21:33:36.534402+00:00
726.0,29.85,33.71,31.13,1.0,54.0,0.20627624786376947,call,2026-09-30,SPY,741.72998046875,2026-07-30T21:33:36.534402+00:00
727.0,29.83,32.16,32.82,16.0,26.0,0.1980671014404297,call,2026-09-30,SPY,741.72998046875,2026-07-30T21:33:36.534402+00:00
728.0,29.11,31.4,29.89,67.0,91.0,0.1965107205200195,call,2026-09-30,SPY,741.72998046875,2026-07-30T21:33:36.534402+00:00
729.0,28.37,30.64,28.27,70.0,71.0,0.19492382232666017,call,2026-09-30,SPY,741.72998046875,2026-07-30T21:33:36.534402+00:00
730.0,28.17,29.3,27.8,69.0,5141.0,0.18843890182495115,call,2026-09-30,SPY,741.72998046875,2026-07-30T21:33:36.534402+00:00
731.0,26.86,29.15,23.75,2.0,81.0,0.1918720950317383,call,2026-09-30,SPY,741.72998046875,2026-07-30T21:33:36.534402+00:00
732.0,26.14,28.41,26.52,54.0,289.0,0.19033097274780275,call,2026-09-30,SPY,741.72998046875,2026-07-30T21:33:36.534402+00:00
733.0,25.42,27.68,25.85,146.0,117.0,0.18880510910034182,call,2026-09-30,SPY,741.72998046875,2026-07-30T21:33:36.534402+00:00
734.0,24.71,26.95,24.05,16.0,56.0,0.18724872817993166,call,2026-09-30,SPY,741.72998046875,2026-07-30T21:33:36.534402+00:00
735.0,24.03,26.24,25.11,27.0,849.0,0.18579915771484373,call,2026-09-30,SPY,741.72998046875,2026-07-30T21:33:36.534402+00:00
736.0,23.31,25.52,23.62,15.0,286.0,0.18422751815795896,call,2026-09-30,SPY,741.72998046875,2026-07-30T21:33:36.534402+00:00
737.0,22.62,24.82,23.12,32.0,78.0,0.18276268905639648,call,2026-09-30,SPY,741.72998046875,2026-07-30T21:33:36.534402+00:00
738.0,21.94,24.13,22.39,108.0,190.0,0.18132837722778317,call,2026-09-30,SPY,741.72998046875,2026-07-30T21:33:36.534402+00:00
739.0,21.27,23.44,21.1,62.0,128.0,0.17984828948974607,call,2026-09-30,SPY,741.72998046875,2026-07-30T21:33:36.534402+00:00
740.0,21.21,22.0,20.75,114.0,1629.0,0.17218845397949223,call,2026-09-30,SPY,741.72998046875,2026-07-30T21:33:36.534402+00:00
741.0,19.95,22.0,20.01,8.0,40.0,0.17621673400878907,call,2026-09-30,SPY,741.72998046875,2026-07-30T21:33:36.534402+00:00
742.0,19.31,21.42,19.43,57.0,113.0,0.17545380218505857,call,2026-09-30,SPY,741.72998046875,2026-07-30T21:33:36.534402+00:00
743.0,19.67,19.79,19.07,3.0,243.0,0.1661002580261231,call,2026-09-30,SPY,741.72998046875,2026-07-30T21:33:36.534402+00:00
744.0,19.04,19.15,18.32,7.0,218.0,0.1647269807434082,call,2026-09-30,SPY,741.72998046875,2026-07-30T21:33:36.534402+00:00
745.0,18.41,18.53,18.55,41.0,3521.0,0.16346051391601565,call,2026-09-30,SPY,741.72998046875,2026-07-30T21:33:36.534402+00:00
746.0,17.8,17.91,17.29,15.0,113.0,0.1621330125427246,call,2026-09-30,SPY,741.72998046875,2026-07-30T21:33:36.534402+00:00
747.0,17.19,17.3,14.95,13.0,167.0,0.1608207698059082,call,2026-09-30,SPY,741.72998046875,2026-07-30T21:33:36.534402+00:00
748.0,16.6,16.71,16.74,10.0,240.0,0.15960007888793942,call,2026-09-30,SPY,741.72998046875,2026-07-30T21:33:36.534402+00:00
749.0,16.01,16.12,13.29,1.0,197.0,0.1583030947875977,call,2026-09-30,SPY,741.72998046875,2026-07-30T21:33:36.534402+00:00
750.0,15.44,15.55,15.5,930.0,3775.0,0.15709766250610352,call,2026-09-30,SPY,741.72998046875,2026-07-30T21:33:36.534402+00:00
751.0,14.88,14.98,14.97,38.0,478.0,0.15583119567871095,call,2026-09-30,SPY,741.72998046875,2026-07-30T21:33:36.534402+00:00
752.0,14.32,14.43,12.97,5.0,474.0,0.15465628067016607,call,2026-09-30,SPY,741.72998046875,2026-07-30T21:33:36.534402+00:00
753.0,13.78,13.88,10.85,2.0,111.0,0.15338981384277345,call,2026-09-30,SPY,741.72998046875,2026-07-30T21:33:36.534402+00:00
754.0,13.25,13.35,12.16,5.0,222.0,0.15223015747070315,call,2026-09-30,SPY,741.72998046875,2026-07-30T21:33:36.534402+00:00
755.0,12.73,12.83,12.06,73.0,2741.0,0.15105524246215823,call,2026-09-30,SPY,741.72998046875,2026-07-30T21:33:36.534402+00:00
756.0,12.22,12.32,11.05,2.0,992.0,0.1498955860900879,call,2026-09-30,SPY,741.72998046875,2026-07-30T21:33:36.534402+00:00
757.0,11.73,11.83,11.15,6.0,286.0,0.1488274815368652,call,2026-09-30,SPY,741.72998046875,2026-07-30T21:33:36.534402+00:00
758.0,11.25,11.34,10.49,74.0,112.0,0.14766782516479493,call,2026-09-30,SPY,741.72998046875,2026-07-30T21:33:36.534402+00:00
759.0,10.78,10.87,9.68,8.0,635.0,0.14659972061157228,call,2026-09-30,SPY,741.72998046875,2026-07-30T21:33:36.534402+00:00
760.0,10.32,10.41,10.32,427.0,2032.0,0.14553161605834958,call,2026-09-30,SPY,741.72998046875,2026-07-30T21:33:36.534402+00:00
761.0,9.87,9.96,9.32,20.0,1553.0,0.14446351150512693,call,2026-09-30,SPY,741.72998046875,2026-07-30T21:33:36.534402+00:00
762.0,9.44,9.53,8.91,25.0,930.0,0.14347170013427735,call,2026-09-30,SPY,741.72998046875,2026-07-30T21:33:36.534402+00:00
763.0,9.02,9.1,6.98,10.0,142.0,0.1424035955810547,call,2026-09-30,SPY,741.72998046875,2026-07-30T21:33:36.534402+00:00
764.0,8.61,8.69,7.24,1.0,230.0,0.1414270428466797,call,2026-09-30,SPY,741.72998046875,2026-07-30T21:33:36.534402+00:00
765.0,8.21,8.29,7.87,76.0,2194.0,0.1404352314758301,call,2026-09-30,SPY,741.72998046875,2026-07-30T21:33:36.534402+00:00
766.0,7.83,7.91,6.89,85.0,145.0,0.13953497192382813,call,2026-09-30,SPY,741.72998046875,2026-07-30T21:33:36.534402+00:00
767.0,7.46,7.54,6.14,1.0,288.0,0.1386499710083008,call,2026-09-30,SPY,741.72998046875,2026-07-30T21:33:36.534402+00:00
768.0,7.1,7.18,6.82,36.0,25.0,0.13774971145629883,call,2026-09-30,SPY,741.72998046875,2026-07-30T21:33:36.534402+00:00
769.0,6.75,6.83,5.82,36.0,266.0,0.1368494519042969,call,2026-09-30,SPY,741.72998046875,2026-07-30T21:33:36.534402+00:00
770.0,6.42,6.49,6.39,185.0,1337.0,0.13596445098876953,call,2026-09-30,SPY,741.72998046875,2026-07-30T21:33:36.534402+00:00
771.0,6.1,6.17,4.96,1.0,29.0,0.13515574325561525,call,2026-09-30,SPY,741.72998046875,2026-07-30T21:33:36.534402+00:00
772.0,5.79,5.86,4.7,11.0,272.0,0.13436229415893558,call,2026-09-30,SPY,741.72998046875,2026-07-30T21:33:36.534402+00:00
773.0,5.49,5.56,4.55,13.0,215.0,0.13356884506225586,call,2026-09-30,SPY,741.72998046875,2026-07-30T21:33:36.534402+00:00
774.0,5.21,5.28,5.0,73.0,37.0,0.13288220642089843,call,2026-09-30,SPY,741.72998046875,2026-07-30T21:33:36.534402+00:00
775.0,4.94,5.0,4.28,181.0,3430.0,0.132119274597168,call,2026-09-30,SPY,741.72998046875,2026-07-30T21:33:36.534402+00:00
776.0,4.67,4.74,4.1,61.0,114.0,0.13144789459228517,call,2026-09-30,SPY,741.72998046875,2026-07-30T21:33:36.534402+00:00
777.0,4.42,4.49,4.16,4.0,126.0,0.13079177322387692,call,2026-09-30,SPY,741.72998046875,2026-07-30T21:33:36.534402+00:00
778.0,4.18,4.25,3.34,2.0,140.0,0.13016616912841794,call,2026-09-30,SPY,741.72998046875,2026-07-30T21:33:36.534402+00:00
779.0,3.96,4.02,3.76,61.0,339.0,0.12952530639648438,call,2026-09-30,SPY,741.72998046875,2026-07-30T21:33:36.534402+00:00
780.0,3.74,3.8,3.46,186.0,2220.0,0.1289302195739746,call,2026-09-30,SPY,741.72998046875,2026-07-30T21:33:36.534402+00:00
781.0,3.53,3.59,3.31,3.0,318.0,0.1283351327514648,call,2026-09-30,SPY,741.72998046875,2026-07-30T21:33:36.534402+00:00
782.0,3.33,3.39,2.64,28.0,21.0,0.1277858218383789,call,2026-09-30,SPY,741.72998046875,2026-07-30T21:33:36.534402+00:00
783.0,3.14,3.2,2.25,5.0,187.0,0.1272670281982422,call,2026-09-30,SPY,741.72998046875,2026-07-30T21:33:36.534402+00:00
784.0,2.96,3.02,2.33,1.0,126.0,0.12674823455810547,call,2026-09-30,SPY,741.72998046875,2026-07-30T21:33:36.534402+00:00
785.0,2.79,2.85,2.38,62.0,598.0,0.12629047546386718,call,2026-09-30,SPY,741.72998046875,2026-07-30T21:33:36.534402+00:00
786.0,2.63,2.68,2.5,13.0,20181.0,0.12574116455078127,call,2026-09-30,SPY,741.72998046875,2026-07-30T21:33:36.534402+00:00
787.0,2.48,2.53,2.47,9.0,176.0,0.12537495727539064,call,2026-09-30,SPY,741.72998046875,2026-07-30T21:33:36.534402+00:00
788.0,2.33,2.38,1.67,5.0,544.0,0.12488668090820312,call,2026-09-30,SPY,741.72998046875,2026-07-30T21:33:36.534402+00:00
789.0,2.19,2.24,1.88,8.0,214.0,0.12445943908691406,call,2026-09-30,SPY,741.72998046875,2026-07-30T21:33:36.534402+00:00
790.0,2.06,2.11,1.89,102.0,5590.0,0.12412374908447266,call,2026-09-30,SPY,741.72998046875,2026-07-30T21:33:36.534402+00:00
791.0,1.94,1.99,1.81,4.0,298.0,0.12384909362792969,call,2026-09-30,SPY,741.72998046875,2026-07-30T21:33:36.534402+00:00
792.0,1.83,1.87,1.69,2.0,297.0,0.12345236907958985,call,2026-09-30,SPY,741.72998046875,2026-07-30T21:33:36.534402+00:00
793.0,1.72,1.76,1.59,2.0,266.0,0.12317771362304689,call,2026-09-30,SPY,741.72998046875,2026-07-30T21:33:36.534402+00:00
794.0,1.61,1.66,1.49,2.0,1894.0,0.12296409271240236,call,2026-09-30,SPY,741.72998046875,2026-07-30T21:33:36.534402+00:00
795.0,1.54,1.56,1.54,1013.0,1899.0,0.12265891998291016,call,2026-09-30,SPY,741.72998046875,2026-07-30T21:33:36.534402+00:00
796.0,1.43,1.47,0.76,46.0,192.0,0.12247581634521486,call,2026-09-30,SPY,741.72998046875,2026-07-30T21:33:36.534402+00:00
797.0,1.34,1.38,1.24,5.0,290.0,0.12220116088867189,call,2026-09-30,SPY,741.72998046875,2026-07-30T21:33:36.534402+00:00
798.0,1.26,1.3,1.27,6.0,183.0,0.12201805725097657,call,2026-09-30,SPY,741.72998046875,2026-07-30T21:33:36.534402+00:00
799.0,1.19,1.22,0.75,1.0,239.0,0.12177391906738282,call,2026-09-30,SPY,741.72998046875,2026-07-30T21:33:36.534402+00:00
800.0,1.12,1.15,1.1,978.0,91417.0,0.12171288452148438,call,2026-09-30,SPY,741.72998046875,2026-07-30T21:33:36.534402+00:00
801.0,1.05,1.08,0.81,61.0,200.0,0.12149926361083985,call,2026-09-30,SPY,741.72998046875,2026-07-30T21:33:36.534402+00:00
802.0,0.99,1.02,0.91,23.0,81.0,0.12146874633789062,call,2026-09-30,SPY,741.72998046875,2026-07-30T21:33:36.534402+00:00
803.0,0.93,0.96,0.82,2.0,1012.0,0.12140771179199218,call,2026-09-30,SPY,741.72998046875,2026-07-30T21:33:36.534402+00:00
804.0,0.88,0.91,0.81,1.0,179.0,0.12146874633789062,call,2026-09-30,SPY,741.72998046875,2026-07-30T21:33:36.534402+00:00
805.0,0.83,0.86,0.83,150.0,1876.0,0.12152978088378906,call,2026-09-30,SPY,741.72998046875,2026-07-30T21:33:36.534402+00:00
806.0,0.78,0.81,0.72,1.0,261.0,0.12146874633789062,call,2026-09-30,SPY,741.72998046875,2026-07-30T21:33:36.534402+00:00
807.0,0.74,0.77,0.63,1.0,125.0,0.12165184997558594,call,2026-09-30,SPY,741.72998046875,2026-07-30T21:33:36.534402+00:00
808.0,0.7,0.72,0.57,1.0,62.0,0.12146874633789062,call,2026-09-30,SPY,741.72998046875,2026-07-30T21:33:36.534402+00:00
809.0,0.66,0.68,0.63,1.0,119.0,0.12152978088378906,call,2026-09-30,SPY,741.72998046875,2026-07-30T21:33:36.534402+00:00
810.0,0.62,0.65,0.57,16.0,1597.0,0.12183495361328125,call,2026-09-30,SPY,741.72998046875,2026-07-30T21:33:36.534402+00:00
811.0,0.59,0.61,0.5,2.0,49.0,0.12177391906738282,call,2026-09-30,SPY,741.72998046875,2026-07-30T21:33:36.534402+00:00
812.0,0.56,0.58,1.15,3.0,20.0,0.12195702270507813,call,2026-09-30,SPY,741.72998046875,2026-07-30T21:33:36.534402+00:00
813.0,0.53,0.55,0.49,7.0,32.0,0.12214012634277345,call,2026-09-30,SPY,741.72998046875,2026-07-30T21:33:36.534402+00:00
814.0,0.5,0.52,0.43,5.0,34.0,0.12220116088867189,call,2026-09-30,SPY,741.72998046875,2026-07-30T21:33:36.534402+00:00
815.0,0.48,0.5,0.45,2.0,753.0,0.12268943725585937,call,2026-09-30,SPY,741.72998046875,2026-07-30T21:33:36.534402+00:00
816.0,0.45,0.47,0.25,18.0,32.0,0.12268943725585937,call,2026-09-30,SPY,741.72998046875,2026-07-30T21:33:36.534402+00:00
817.0,0.43,0.45,0.35,6.0,50.0,0.12305564453125001,call,2026-09-30,SPY,741.72998046875,2026-07-30T21:33:36.534402+00:00
818.0,0.41,0.43,0.28,6.0,13.0,0.12342185180664064,call,2026-09-30,SPY,741.72998046875,2026-07-30T21:33:36.534402+00:00
819.0,0.39,0.41,0.53,2.0,66.0,0.12366598999023437,call,2026-09-30,SPY,741.72998046875,2026-07-30T21:33:36.534402+00:00
820.0,0.37,0.39,0.3,42.0,1778.0,0.12391012817382813,call,2026-09-30,SPY,741.72998046875,2026-07-30T21:33:36.534402+00:00
821.0,0.35,0.37,0.33,12.0,0.0,0.12415426635742188,call,2026-09-30,SPY,741.72998046875,2026-07-30T21:33:36.534402+00:00
822.0,0.34,0.36,0.25,6.0,18.0,0.12476461181640625,call,2026-09-30,SPY,741.72998046875,2026-07-30T21:33:36.534402+00:00
823.0,0.32,0.34,0.24,37.0,38.0,0.12488668090820312,call,2026-09-30,SPY,741.72998046875,2026-07-30T21:33:36.534402+00:00
824.0,0.31,0.33,0.2,6.0,263.0,0.12549702636718751,call,2026-09-30,SPY,741.72998046875,2026-07-30T21:33:36.534402+00:00
825.0,0.29,0.3,0.27,43.0,71934.0,0.12488668090820312,call,2026-09-30,SPY,741.72998046875,2026-07-30T21:33:36.534402+00:00
826.0,0.28,0.3,0.2,2.0,15.0,0.12610737182617188,call,2026-09-30,SPY,741.72998046875,2026-07-30T21:33:36.534402+00:00
827.0,0.27,0.29,0.17,1.0,16.0,0.12659564819335936,call,2026-09-30,SPY,741.72998046875,2026-07-30T21:33:36.534402+00:00
828.0,0.26,0.28,0.25,18.0,4.0,0.12720599365234375,call,2026-09-30,SPY,741.72998046875,2026-07-30T21:33:36.534402+00:00
829.0,0.25,0.26,0.17,1.0,14.0,0.12696185546875,call,2026-09-30,SPY,741.72998046875,2026-07-30T21:33:36.534402+00:00
830.0,0.24,0.25,0.21,24.0,1071.0,0.12732806274414063,call,2026-09-30,SPY,741.72998046875,2026-07-30T21:33:36.534402+00:00
831.0,0.23,0.25,0.19,3.0,5.0,0.12854875366210936,call,2026-09-30,SPY,741.72998046875,2026-07-30T21:33:36.534402+00:00
832.0,0.22,0.24,0.15,2.0,25.0,0.1289149609375,call,2026-09-30,SPY,741.72998046875,2026-07-30T21:33:36.534402+00:00
833.0,0.21,0.23,0.18,1.0,35.0,0.12928116821289062,call,2026-09-30,SPY,741.72998046875,2026-07-30T21:33:36.534402+00:00
834.0,0.2,0.22,0.22,9.0,17.0,0.12964737548828126,call,2026-09-30,SPY,741.72998046875,2026-07-30T21:33:36.534402+00:00
835.0,0.19,0.21,0.15,24.0,529.0,0.129891513671875,call,2026-09-30,SPY,741.72998046875,2026-07-30T21:33:36.534402+00:00
836.0,0.19,0.2,0.26,8.0,5.0,0.13013565185546871,call,2026-09-30,SPY,741.72998046875,2026-07-30T21:33:36.534402+00:00
837.0,0.18,0.2,0.16,2.0,117.0,0.13123427368164062,call,2026-09-30,SPY,741.72998046875,2026-07-30T21:33:36.534402+00:00
838.0,0.17,0.19,0.14,16.0,13.0,0.1313563427734375,call,2026-09-30,SPY,741.72998046875,2026-07-30T21:33:36.534402+00:00
839.0,0.17,0.18,0.12,2.0,18.0,0.13160048095703125,call,2026-09-30,SPY,741.72998046875,2026-07-30T21:33:36.534402+00:00
840.0,0.16,0.18,0.12,7.0,661.0,0.13257703369140628,call,2026-09-30,SPY,741.72998046875,2026-07-30T21:33:36.534402+00:00
841.0,0.16,0.17,0.12,27.0,126.0,0.132821171875,call,2026-09-30,SPY,741.72998046875,2026-07-30T21:33:36.534402+00:00
842.0,0.15,0.17,0.12,24.0,25.0,0.133797724609375,call,2026-09-30,SPY,741.72998046875,2026-07-30T21:33:36.534402+00:00
843.0,0.15,0.16,0.13,24.0,50.0,0.133797724609375,call,2026-09-30,SPY,741.72998046875,2026-07-30T21:33:36.534402+00:00
844.0,0.14,0.16,0.13,1.0,1.0,0.13501841552734378,call,2026-09-30,SPY,741.72998046875,2026-07-30T21:33:36.534402+00:00
845.0,0.14,0.15,0.12,1.0,437.0,0.13477427734375003,call,2026-09-30,SPY,741.72998046875,2026-07-30T21:33:36.534402+00:00
847.0,0.13,0.14,0.43,,1.0,0.13575083007812502,call,2026-09-30,SPY,741.72998046875,2026-07-30T21:33:36.534402+00:00
848.0,0.12,0.14,0.11,1.0,37.0,0.13672738281250002,call,2026-09-30,SPY,741.72998046875,2026-07-30T21:33:36.534402+00:00
849.0,0.12,0.14,0.1,30.0,97.0,0.13794807373046875,call,2026-09-30,SPY,741.72998046875,2026-07-30T21:33:36.534402+00:00
850.0,0.12,0.13,0.1,70.0,5290.0,0.13770393554687502,call,2026-09-30,SPY,741.72998046875,2026-07-30T21:33:36.534402+00:00
851.0,0.11,0.13,0.1,10.0,56.0,0.13868048828125001,call,2026-09-30,SPY,741.72998046875,2026-07-30T21:33:36.534402+00:00
852.0,0.11,0.12,0.1,9.0,66.0,0.13843635009765626,call,2026-09-30,SPY,741.72998046875,2026-07-30T21:33:36.534402+00:00
853.0,0.1,0.12,0.08,7.0,11.0,0.13941290283203128,call,2026-09-30,SPY,741.72998046875,2026-07-30T21:33:36.534402+00:00
854.0,0.1,0.12,0.09,84.0,85.0,0.14038945556640625,call,2026-09-30,SPY,741.72998046875,2026-07-30T21:33:36.534402+00:00
855.0,0.1,0.12,0.08,5.0,357.0,0.14136600830078128,call,2026-09-30,SPY,741.72998046875,2026-07-30T21:33:36.534402+00:00
856.0,0.1,0.11,0.09,9.0,61.0,0.14112187011718752,call,2026-09-30,SPY,741.72998046875,2026-07-30T21:33:36.534402+00:00
860.0,0.09,0.1,0.08,66.0,705.0,0.14331911376953127,call,2026-09-30,SPY,741.72998046875,2026-07-30T21:33:36.534402+00:00
865.0,0.07,0.09,0.07,1.0,3562.0,0.14649291015625,call,2026-09-30,SPY,741.72998046875,2026-07-30T21:33:36.534402+00:00
870.0,0.06,0.08,0.05,240.0,1703.0,0.149422568359375,call,2026-09-30,SPY,741.72998046875,2026-07-30T21:33:36.534402+00:00
875.0,0.06,0.07,0.05,150.0,583.0,0.1518639501953125,call,2026-09-30,SPY,741.72998046875,2026-07-30T21:33:36.534402+00:00
880.0,0.05,0.07,0.05,1.0,851.0,0.15674671386718753,call,2026-09-30,SPY,741.72998046875,2026-07-30T21:33:36.534402+00:00
885.0,0.04,0.06,0.04,30.0,1119.0,0.15869981933593752,call,2026-09-30,SPY,741.72998046875,2026-07-30T21:33:36.534402+00:00
890.0,0.04,0.06,0.04,120.0,750.0,0.16309430664062502,call,2026-09-30,SPY,741.72998046875,2026-07-30T21:33:36.534402+00:00
895.0,0.03,0.04,0.03,1.0,4911.0,0.161141201171875,call,2026-09-30,SPY,741.72998046875,2026-07-30T21:33:36.534402+00:00
900.0,0.03,0.04,0.04,260.0,5124.0,0.165047412109375,call,2026-09-30,SPY,741.72998046875,2026-07-30T21:33:36.534402+00:00
375.0,0.1,0.12,0.19,8.0,1363.0,0.5937540625000001,put,2026-09-30,SPY,741.72998046875,2026-07-30T21:33:36.534402+00:00
380.0,0.11,0.13,0.15,4.0,469.0,0.58789474609375,put,2026-09-30,SPY,741.72998046875,2026-07-30T21:33:36.534402+00:00
385.0,0.17,0.18,0.59,14.0,190.0,0.5996133789062501,put,2026-09-30,SPY,741.72998046875,2026-07-30T21:33:36.534402+00:00
390.0,0.13,0.14,0.16,10.0,336.0,0.5732464550781251,put,2026-09-30,SPY,741.72998046875,2026-07-30T21:33:36.534402+00:00
395.0,0.14,0.15,0.23,5.0,123.0,0.5664105859375,put,2026-09-30,SPY,741.72998046875,2026-07-30T21:33:36.534402+00:00
400.0,0.15,0.16,0.17,25.0,285.0,0.5600629931640625,put,2026-09-30,SPY,741.72998046875,2026-07-30T21:33:36.534402+00:00
405.0,0.16,0.17,0.29,2.0,149.0,0.5532271240234375,put,2026-09-30,SPY,741.72998046875,2026-07-30T21:33:36.534402+00:00
410.0,0.17,0.18,0.22,1.0,148.0,0.5459029785156251,put,2026-09-30,SPY,741.72998046875,2026-07-30T21:33:36.534402+00:00
415.0,0.18,0.19,0.28,55.0,67.0,0.5390671093750001,put,2026-09-30,SPY,741.72998046875,2026-07-30T21:33:36.534402+00:00
420.0,0.19,0.21,0.28,2.0,399.0,0.53320779296875,put,2026-09-30,SPY,741.72998046875,2026-07-30T21:33:36.534402+00:00
425.0,0.2,0.22,0.3,16.0,580.0,0.5258836474609375,put,2026-09-30,SPY,741.72998046875,2026-07-30T21:33:36.534402+00:00
430.0,0.22,0.23,0.31,43.0,172.0,0.5195360546875,put,2026-09-30,SPY,741.72998046875,2026-07-30T21:33:36.534402+00:00
435.0,0.23,0.24,0.3,1.0,426.0,0.5122119091796875,put,2026-09-30,SPY,741.72998046875,2026-07-30T21:33:36.534402+00:00
440.0,0.24,0.26,0.3,22.0,667.0,0.5053760400390624,put,2026-09-30,SPY,741.72998046875,2026-07-30T21:33:36.534402+00:00
445.0,0.26,0.27,0.31,20.0,301.0,0.500005,put,2026-09-30,SPY,741.72998046875,2026-07-30T21:33:36.534402+00:00
450.0,0.27,0.29,0.33,4.0,11176.0,0.49414568359375005,put,2026-09-30,SPY,741.72998046875,2026-07-30T21:33:36.534402+00:00
455.0,0.29,0.31,0.42,2.0,40.0,0.48828636718750007,put,2026-09-30,SPY,741.72998046875,2026-07-30T21:33:36.534402+00:00
460.0,0.31,0.32,0.37,1.0,275.0,0.47998566894531247,put,2026-09-30,SPY,741.72998046875,2026-07-30T21:33:36.534402+00:00
465.0,0.32,0.34,0.38,2.0,153.0,0.47363807617187503,put,2026-09-30,SPY,741.72998046875,2026-07-30T21:33:36.534402+00:00
470.0,0.34,0.36,0.36,3.0,1826.0,0.4672904833984375,put,2026-09-30,SPY,741.72998046875,2026-07-30T21:33:36.534402+00:00
475.0,0.36,0.38,0.45,1.0,1729.0,0.46045461425781253,put,2026-09-30,SPY,741.72998046875,2026-07-30T21:33:36.534402+00:00
480.0,0.38,0.4,0.43,7.0,1490.0,0.45361874511718747,put,2026-09-30,SPY,741.72998046875,2026-07-30T21:33:36.534402+00:00
485.0,0.4,0.42,0.65,2.0,739.0,0.4467828759765625,put,2026-09-30,SPY,741.72998046875,2026-07-30T21:33:36.534402+00:00
490.0,0.43,0.44,0.46,4.0,1136.0,0.43970286865234376,put,2026-09-30,SPY,741.72998046875,2026-07-30T21:33:36.534402+00:00
495.0,0.45,0.47,0.54,4.0,775.0,0.4338435522460938,put,2026-09-30,SPY,741.72998046875,2026-07-30T21:33:36.534402+00:00
500.0,0.47,0.49,0.5,50.0,2933.0,0.42676354492187507,put,2026-09-30,SPY,741.72998046875,2026-07-30T21:33:36.534402+00:00
505.0,0.5,0.52,0.62,3.0,525.0,0.4204159521484375,put,2026-09-30,SPY,741.72998046875,2026-07-30T21:33:36.534402+00:00
510.0,0.53,0.54,0.84,4.0,573.0,0.41309180664062495,put,2026-09-30,SPY,741.72998046875,2026-07-30T21:33:36.534402+00:00
515.0,0.55,0.57,0.6,23.0,637.0,0.40650007568359375,put,2026-09-30,SPY,741.72998046875,2026-07-30T21:33:36.534402+00:00
520.0,0.58,0.6,1.05,11.0,1451.0,0.39990834472656256,put,2026-09-30,SPY,741.72998046875,2026-07-30T21:33:36.534402+00:00
525.0,0.62,0.63,0.66,101.0,1136.0,0.3931945446777344,put,2026-09-30,SPY,741.72998046875,2026-07-30T21:33:36.534402+00:00
530.0,0.65,0.67,0.74,6.0,852.0,0.38721315917968746,put,2026-09-30,SPY,741.72998046875,2026-07-30T21:33:36.534402+00:00
535.0,0.69,0.7,0.85,1.0,733.0,0.38013315185546875,put,2026-09-30,SPY,741.72998046875,2026-07-30T21:33:36.534402+00:00
540.0,0.72,0.74,0.72,15.0,1824.0,0.3737855590820312,put,2026-09-30,SPY,741.72998046875,2026-07-30T21:33:36.534402+00:00
545.0,0.76,0.78,0.88,1.0,596.0,0.3673158972167969,put,2026-09-30,SPY,741.72998046875,2026-07-30T21:33:36.534402+00:00
550.0,0.8,0.82,0.81,55.0,1208.0,0.3606020971679687,put,2026-09-30,SPY,741.72998046875,2026-07-30T21:33:36.534402+00:00
555.0,0.85,0.87,1.11,7.0,841.0,0.3544986425781249,put,2026-09-30,SPY,741.72998046875,2026-07-30T21:33:36.534402+00:00
560.0,0.9,0.91,0.95,13.0,1214.0,0.34754070434570306,put,2026-09-30,SPY,741.72998046875,2026-07-30T21:33:36.534402+00:00
565.0,0.95,0.97,1.35,1.0,457.0,0.34168138793945313,put,2026-09-30,SPY,741.72998046875,2026-07-30T21:33:36.534402+00:00
570.0,1.0,1.02,1.12,2.0,1880.0,0.334967587890625,put,2026-09-30,SPY,741.72998046875,2026-07-30T21:33:36.534402+00:00
575.0,1.06,1.08,1.66,8.0,1300.0,0.32874206420898433,put,2026-09-30,SPY,741.72998046875,2026-07-30T21:33:36.534402+00:00
580.0,1.12,1.14,1.27,14.0,2325.0,0.32227240234374993,put,2026-09-30,SPY,741.72998046875,2026-07-30T21:33:36.534402+00:00
585.0,1.18,1.2,1.24,5.0,699.0,0.31555860229492183,put,2026-09-30,SPY,741.72998046875,2026-07-30T21:33:36.534402+00:00
590.0,1.25,1.27,1.75,14.0,1462.0,0.3092110095214844,put,2026-09-30,SPY,741.72998046875,2026-07-30T21:33:36.534402+00:00
594.0,1.31,1.33,1.9,1.0,172.0,0.304145142211914,put,2026-09-30,SPY,741.72998046875,2026-07-30T21:33:36.534402+00:00
595.0,1.33,1.35,1.56,1.0,392.0,0.3031075549316406,put,2026-09-30,SPY,741.72998046875,2026-07-30T21:33:36.534402+00:00
596.0,1.34,1.37,1.59,3.0,92.0,0.3020089331054688,put,2026-09-30,SPY,741.72998046875,2026-07-30T21:33:36.534402+00:00
597.0,1.36,1.38,1.6,32.0,20071.0,0.30048306945800785,put,2026-09-30,SPY,741.72998046875,2026-07-30T21:33:36.534402+00:00
598.0,1.37,1.4,1.56,1.0,7026.0,0.29932341308593746,put,2026-09-30,SPY,741.72998046875,2026-07-30T21:33:36.534402+00:00
599.0,1.39,1.42,1.61,10.0,209.0,0.29822479125976553,put,2026-09-30,SPY,741.72998046875,2026-07-30T21:33:36.534402+00:00
600.0,1.41,1.43,1.43,105.0,27873.0,0.29669892761230465,put,2026-09-30,SPY,741.72998046875,2026-07-30T21:33:36.534402+00:00
601.0,1.42,1.45,2.26,2.0,80.0,0.2955392712402344,put,2026-09-30,SPY,741.72998046875,2026-07-30T21:33:36.534402+00:00
602.0,1.44,1.47,1.54,31.0,84.0,0.294379614868164,put,2026-09-30,SPY,741.72998046875,2026-07-30T21:33:36.534402+00:00
603.0,1.46,1.49,1.87,2.0,211.0,0.29321995849609367,put,2026-09-30,SPY,741.72998046875,2026-07-30T21:33:36.534402+00:00
604.0,1.48,1.5,1.99,17.0,88.0,0.29169409484863273,put,2026-09-30,SPY,741.72998046875,2026-07-30T21:33:36.534402+00:00
605.0,1.5,1.52,2.4,16.0,513.0,0.290473403930664,put,2026-09-30,SPY,741.72998046875,2026-07-30T21:33:36.534402+00:00
606.0,1.51,1.54,1.96,2.0,41.0,0.2893137475585937,put,2026-09-30,SPY,741.72998046875,2026-07-30T21:33:36.534402+00:00
607.0,1.53,1.56,1.88,1.0,52.0,0.2880930566406249,put,2026-09-30,SPY,741.72998046875,2026-07-30T21:33:36.534402+00:00
608.0,1.55,1.58,2.06,1.0,168.0,0.2868723657226562,put,2026-09-30,SPY,741.72998046875,2026-07-30T21:33:36.534402+00:00
609.0,1.57,1.6,2.15,12.0,142.0,0.28565167480468745,put,2026-09-30,SPY,741.72998046875,2026-07-30T21:33:36.534402+00:00
610.0,1.59,1.62,1.69,3.0,570.0,0.28436994934082027,put,2026-09-30,SPY,741.72998046875,2026-07-30T21:33:36.534402+00:00
611.0,1.61,1.64,1.7,6.0,162.0,0.28314925842285155,put,2026-09-30,SPY,741.72998046875,2026-07-30T21:33:36.534402+00:00
612.0,1.63,1.66,1.78,48.0,258.0,0.28186753295898437,put,2026-09-30,SPY,741.72998046875,2026-07-30T21:33:36.534402+00:00
613.0,1.65,1.68,2.35,1.0,48.0,0.2805858074951171,put,2026-09-30,SPY,741.72998046875,2026-07-30T21:33:36.534402+00:00
614.0,1.67,1.7,2.36,1.0,149.0,0.27930408203124996,put,2026-09-30,SPY,741.72998046875,2026-07-30T21:33:36.534402+00:00
615.0,1.69,1.72,2.71,8.0,443.0,0.27802235656738283,put,2026-09-30,SPY,741.72998046875,2026-07-30T21:33:36.534402+00:00
616.0,1.72,1.75,2.55,1.0,137.0,0.2770458038330078,put,2026-09-30,SPY,741.72998046875,2026-07-30T21:33:36.534402+00:00
617.0,1.74,1.77,2.26,1.0,317.0,0.2757640783691406,put,2026-09-30,SPY,741.72998046875,2026-07-30T21:33:36.534402+00:00
618.0,1.76,1.79,2.62,9.0,34.0,0.274421318359375,put,2026-09-30,SPY,741.72998046875,2026-07-30T21:33:36.534402+00:00
619.0,1.78,1.81,2.64,1.0,789.0,0.27307855834960937,put,2026-09-30,SPY,741.72998046875,2026-07-30T21:33:36.534402+00:00
620.0,1.81,1.84,1.94,5.0,3110.0,0.2720409710693359,put,2026-09-30,SPY,741.72998046875,2026-07-30T21:33:36.534402+00:00
621.0,1.83,1.86,2.93,7.0,198.0,0.27069821105957037,put,2026-09-30,SPY,741.72998046875,2026-07-30T21:33:36.534402+00:00
622.0,1.86,1.89,2.66,6.0,237.0,0.2696606237792969,put,2026-09-30,SPY,741.72998046875,2026-07-30T21:33:36.534402+00:00
623.0,1.88,1.91,2.15,1.0,165.0,0.2682568292236328,put,2026-09-30,SPY,741.72998046875,2026-07-30T21:33:36.534402+00:00
624.0,1.91,1.94,2.76,1.0,144.0,0.267158207397461,put,2026-09-30,SPY,741.72998046875,2026-07-30T21:33:36.534402+00:00
625.0,1.93,1.96,2.21,8.0,7916.0,0.2657544128417969,put,2026-09-30,SPY,741.72998046875,2026-07-30T21:33:36.534402+00:00
626.0,1.96,1.99,3.04,340.0,448.0,0.264655791015625,put,2026-09-30,SPY,741.72998046875,2026-07-30T21:33:36.534402+00:00
627.0,1.98,2.02,2.23,3.0,358.0,0.26355716918945316,put,2026-09-30,SPY,741.72998046875,2026-07-30T21:33:36.534402+00:00
628.0,2.01,2.04,2.96,2.0,103.0,0.2620923400878906,put,2026-09-30,SPY,741.72998046875,2026-07-30T21:33:36.534402+00:00
629.0,2.04,2.07,3.0,2.0,319.0,0.2609632009887696,put,2026-09-30,SPY,741.72998046875,2026-07-30T21:33:36.534402+00:00
630.0,2.07,2.1,2.33,10.0,3664.0,0.25977302734375,put,2026-09-30,SPY,741.72998046875,2026-07-30T21:33:36.534402+00:00
631.0,2.1,2.13,2.82,6.0,224.0,0.2586133709716797,put,2026-09-30,SPY,741.72998046875,2026-07-30T21:33:36.534402+00:00
632.0,2.13,2.16,2.68,16.0,179.0,0.25739268005371096,put,2026-09-30,SPY,741.72998046875,2026-07-30T21:33:36.534402+00:00
633.0,2.16,2.19,2.68,1.0,481.0,0.25620250640869147,put,2026-09-30,SPY,741.72998046875,2026-07-30T21:33:36.534402+00:00
634.0,2.19,2.22,3.39,2.0,238.0,0.25498181549072274,put,2026-09-30,SPY,741.72998046875,2026-07-30T21:33:36.534402+00:00
635.0,2.22,2.25,2.65,14.0,687.0,0.2537306072998047,put,2026-09-30,SPY,741.72998046875,2026-07-30T21:33:36.534402+00:00
636.0,2.25,2.28,2.37,1.0,102.0,0.25250991638183595,put,2026-09-30,SPY,741.72998046875,2026-07-30T21:33:36.534402+00:00
637.0,2.28,2.31,2.91,1.0,182.0,0.2512281909179687,put,2026-09-30,SPY,741.72998046875,2026-07-30T21:33:36.534402+00:00
638.0,2.31,2.35,2.64,4.0,21.0,0.2501906036376953,put,2026-09-30,SPY,741.72998046875,2026-07-30T21:33:36.534402+00:00
639.0,2.35,2.38,3.19,2.0,106.0,0.24890887817382812,put,2026-09-30,SPY,741.72998046875,2026-07-30T21:33:36.534402+00:00
640.0,2.38,2.42,2.38,9.0,3095.0,0.2478712908935547,put,2026-09-30,SPY,741.72998046875,2026-07-30T21:33:36.534402+00:00
641.0,2.42,2.45,2.97,3.0,214.0,0.24652853088378907,put,2026-09-30,SPY,741.72998046875,2026-07-30T21:33:36.534402+00:00
642.0,2.45,2.49,2.5,4.0,69.0,0.2454299090576172,put,2026-09-30,SPY,741.72998046875,2026-07-30T21:33:36.534402+00:00
643.0,2.49,2.52,2.99,3.0,57.0,0.24408714904785156,put,2026-09-30,SPY,741.72998046875,2026-07-30T21:33:36.534402+00:00
644.0,2.53,2.56,3.05,3.0,65.0,0.24298852722167968,put,2026-09-30,SPY,741.72998046875,2026-07-30T21:33:36.534402+00:00
645.0,2.56,2.6,2.93,7.0,492.0,0.24182887084960938,put,2026-09-30,SPY,741.72998046875,2026-07-30T21:33:36.534402+00:00
646.0,2.6,2.64,2.96,5.0,467.0,0.24066921447753903,put,2026-09-30,SPY,741.72998046875,2026-07-30T21:33:36.534402+00:00
647.0,2.64,2.68,3.19,1.0,291.0,0.2395095581054687,put,2026-09-30,SPY,741.72998046875,2026-07-30T21:33:36.534402+00:00
648.0,2.68,2.72,3.33,2.0,493.0,0.23828886718749998,put,2026-09-30,SPY,741.72998046875,2026-07-30T21:33:36.534402+00:00
649.0,2.72,2.76,3.1,5.0,307.0,0.23709869354248048,put,2026-09-30,SPY,741.72998046875,2026-07-30T21:33:36.534402+00:00
650.0,2.77,2.8,2.88,101.0,2979.0,0.2358780026245117,put,2026-09-30,SPY,741.72998046875,2026-07-30T21:33:36.534402+00:00
651.0,2.81,2.85,3.21,19.0,421.0,0.23484041534423827,put,2026-09-30,SPY,741.72998046875,2026-07-30T21:33:36.534402+00:00
652.0,2.85,2.89,3.25,7.0,187.0,0.2335892071533203,put,2026-09-30,SPY,741.72998046875,2026-07-30T21:33:36.534402+00:00
653.0,2.9,2.94,3.32,38.0,139.0,0.23252110260009767,put,2026-09-30,SPY,741.72998046875,2026-07-30T21:33:36.534402+00:00
654.0,2.94,2.99,3.35,20.0,24.0,0.231452998046875,put,2026-09-30,SPY,741.72998046875,2026-07-30T21:33:36.534402+00:00
655.0,2.99,3.03,3.19,34.0,282.0,0.23011023803710937,put,2026-09-30,SPY,741.72998046875,2026-07-30T21:33:36.534402+00:00
656.0,3.04,3.08,3.29,11.0,199.0,0.22901161621093752,put,2026-09-30,SPY,741.72998046875,2026-07-30T21:33:36.534402+00:00
657.0,3.09,3.13,3.34,1.0,500.0,0.2278519598388672,put,2026-09-30,SPY,741.72998046875,2026-07-30T21:33:36.534402+00:00
658.0,3.13,3.18,4.17,3.0,1221.0,0.22669230346679686,put,2026-09-30,SPY,741.72998046875,2026-07-30T21:33:36.534402+00:00
659.0,3.19,3.23,3.44,2.0,515.0,0.22553264709472653,put,2026-09-30,SPY,741.72998046875,2026-07-30T21:33:36.534402+00:00
660.0,3.24,3.28,3.25,341.0,2999.0,0.22431195617675775,put,2026-09-30,SPY,741.72998046875,2026-07-30T21:33:36.534402+00:00
661.0,3.29,3.34,3.52,1.0,357.0,0.22327436889648436,put,2026-09-30,SPY,741.72998046875,2026-07-30T21:33:36.534402+00:00
662.0,3.35,3.39,4.9,2.0,134.0,0.22205367797851558,put,2026-09-30,SPY,741.72998046875,2026-07-30T21:33:36.534402+00:00
663.0,3.4,3.45,4.18,3.0,142.0,0.22095505615234373,put,2026-09-30,SPY,741.72998046875,2026-07-30T21:33:36.534402+00:00
664.0,3.46,3.5,4.23,5.0,954.0,0.21970384796142578,put,2026-09-30,SPY,741.72998046875,2026-07-30T21:33:36.534402+00:00
665.0,3.52,3.56,3.8,15.0,834.0,0.21857470886230468,put,2026-09-30,SPY,741.72998046875,2026-07-30T21:33:36.534402+00:00
666.0,3.57,3.62,5.05,5.0,177.0,0.21744556976318358,put,2026-09-30,SPY,741.72998046875,2026-07-30T21:33:36.534402+00:00
667.0,3.63,3.68,6.16,1.0,227.0,0.21628591339111325,put,2026-09-30,SPY,741.72998046875,2026-07-30T21:33:36.534402+00:00
668.0,3.7,3.75,5.73,1.0,266.0,0.21527884338378905,put,2026-09-30,SPY,741.72998046875,2026-07-30T21:33:36.534402+00:00
669.0,3.76,3.81,4.32,2.0,289.0,0.2140581524658203,put,2026-09-30,SPY,741.72998046875,2026-07-30T21:33:36.534402+00:00
670.0,3.82,3.87,4.0,1053.0,2295.0,0.21283746154785155,put,2026-09-30,SPY,741.72998046875,2026-07-30T21:33:36.534402+00:00
671.0,3.89,3.94,5.09,8.0,239.0,0.21173883972167967,put,2026-09-30,SPY,741.72998046875,2026-07-30T21:33:36.534402+00:00
672.0,3.96,4.01,4.85,2.0,399.0,0.2106402178955078,put,2026-09-30,SPY,741.72998046875,2026-07-30T21:33:36.534402+00:00
673.0,4.03,4.08,4.91,1.0,1643.0,0.2095110787963867,put,2026-09-30,SPY,741.72998046875,2026-07-30T21:33:36.534402+00:00
674.0,4.1,4.15,4.7,63.0,629.0,0.20835142242431637,put,2026-09-30,SPY,741.72998046875,2026-07-30T21:33:36.534402+00:00
675.0,4.17,4.22,4.5,4062.0,5800.0,0.20719176605224604,put,2026-09-30,SPY,741.72998046875,2026-07-30T21:33:36.534402+00:00
676.0,4.24,4.29,6.97,11.0,1169.0,0.20600159240722654,put,2026-09-30,SPY,741.72998046875,2026-07-30T21:33:36.534402+00:00
677.0,4.32,4.37,5.16,2.0,1279.0,0.2049334878540039,put,2026-09-30,SPY,741.72998046875,2026-07-30T21:33:36.534402+00:00
678.0,4.39,4.45,6.99,45.0,310.0,0.20383486602783202,put,2026-09-30,SPY,741.72998046875,2026-07-30T21:33:36.534402+00:00
679.0,4.47,4.53,6.58,9.0,747.0,0.20270572692871092,put,2026-09-30,SPY,741.72998046875,2026-07-30T21:33:36.534402+00:00
680.0,4.55,4.61,4.58,44.0,8869.0,0.20154607055664062,put,2026-09-30,SPY,741.72998046875,2026-07-30T21:33:36.534402+00:00
681.0,4.63,4.69,5.69,1.0,639.0,0.2003864141845703,put,2026-09-30,SPY,741.72998046875,2026-07-30T21:33:36.534402+00:00
682.0,4.72,4.77,5.34,3.0,568.0,0.19916572326660154,put,2026-09-30,SPY,741.72998046875,2026-07-30T21:33:36.534402+00:00
683.0,4.8,4.86,6.9,1.0,290.0,0.1980976187133789,put,2026-09-30,SPY,741.72998046875,2026-07-30T21:33:36.534402+00:00
684.0,4.89,4.95,5.79,2.0,437.0,0.19696847961425779,put,2026-09-30,SPY,741.72998046875,2026-07-30T21:33:36.534402+00:00
685.0,4.98,5.04,5.31,21.0,1852.0,0.19583934051513674,put,2026-09-30,SPY,741.72998046875,2026-07-30T21:33:36.534402+00:00
686.0,5.07,5.13,5.84,5.0,229.0,0.1946796841430664,put,2026-09-30,SPY,741.72998046875,2026-07-30T21:33:36.534402+00:00
687.0,5.16,5.22,5.51,15.0,1649.0,0.19348951049804688,put,2026-09-30,SPY,741.72998046875,2026-07-30T21:33:36.534402+00:00
688.0,5.26,5.32,6.04,3.0,471.0,0.192390888671875,put,2026-09-30,SPY,741.72998046875,2026-07-30T21:33:36.534402+00:00
689.0,5.36,5.42,6.18,2.0,613.0,0.19126174957275394,put,2026-09-30,SPY,741.72998046875,2026-07-30T21:33:36.534402+00:00
690.0,5.46,5.52,5.5,248.0,7358.0,0.19013261047363283,put,2026-09-30,SPY,741.72998046875,2026-07-30T21:33:36.534402+00:00
691.0,5.56,5.62,5.93,440.0,1993.0,0.18894243682861328,put,2026-09-30,SPY,741.72998046875,2026-07-30T21:33:36.534402+00:00
692.0,5.67,5.73,6.5,45.0,102.0,0.1878743322753906,put,2026-09-30,SPY,741.72998046875,2026-07-30T21:33:36.534402+00:00
693.0,5.77,5.84,7.71,2.0,91.0,0.18674519317626953,put,2026-09-30,SPY,741.72998046875,2026-07-30T21:33:36.534402+00:00
694.0,5.88,5.95,7.04,6.0,70.0,0.18561605407714843,put,2026-09-30,SPY,741.72998046875,2026-07-30T21:33:36.534402+00:00
695.0,6.0,6.06,5.93,54.0,1632.0,0.18442588043212887,put,2026-09-30,SPY,741.72998046875,2026-07-30T21:33:36.534402+00:00
696.0,6.11,6.18,10.06,6.0,11.0,0.1833425172424316,put,2026-09-30,SPY,741.72998046875,2026-07-30T21:33:36.534402+00:00
697.0,6.23,6.29,6.85,5.0,2968.0,0.18210656768798827,put,2026-09-30,SPY,741.72998046875,2026-07-30T21:33:36.534402+00:00
698.0,6.35,6.42,7.69,1.0,21.0,0.1810689804077148,put,2026-09-30,SPY,741.72998046875,2026-07-30T21:33:36.534402+00:00
699.0,6.47,6.54,6.5,17.0,3743.0,0.1798788067626953,put,2026-09-30,SPY,741.72998046875,2026-07-30T21:33:36.534402+00:00
700.0,6.6,6.67,6.65,349.0,6284.0,0.17878018493652342,put,2026-09-30,SPY,741.72998046875,2026-07-30T21:33:36.534402+00:00
701.0,6.73,6.8,8.88,11.0,61.0,0.17762052856445312,put,2026-09-30,SPY,741.72998046875,2026-07-30T21:33:36.534402+00:00
702.0,6.86,6.93,7.82,48.0,357.0,0.17646087219238282,put,2026-09-30,SPY,741.72998046875,2026-07-30T21:33:36.534402+00:00
703.0,7.0,7.07,8.46,1.0,67.0,0.17534699172973633,put,2026-09-30,SPY,741.72998046875,2026-07-30T21:33:36.534402+00:00
704.0,7.14,7.2,8.62,1.0,28.0,0.174111042175293,put,2026-09-30,SPY,741.72998046875,2026-07-30T21:33:36.534402+00:00
705.0,7.28,7.35,7.75,80.0,5474.0,0.17304293762207032,put,2026-09-30,SPY,741.72998046875,2026-07-30T21:33:36.534402+00:00
706.0,7.42,7.49,9.9,1.0,33.0,0.17182224670410157,put,2026-09-30,SPY,741.72998046875,2026-07-30T21:33:36.534402+00:00
707.0,7.57,7.64,8.7,5.0,20012.0,0.1706778489685059,put,2026-09-30,SPY,741.72998046875,2026-07-30T21:33:36.534402+00:00
708.0,7.73,7.8,8.29,9.0,50.0,0.1695944857788086,put,2026-09-30,SPY,741.72998046875,2026-07-30T21:33:36.534402+00:00
709.0,7.88,7.95,12.45,4.0,36.0,0.16837379486083986,put,2026-09-30,SPY,741.72998046875,2026-07-30T21:33:36.534402+00:00
710.0,8.04,8.12,8.81,70.0,2497.0,0.16732094894409183,put,2026-09-30,SPY,741.72998046875,2026-07-30T21:33:36.534402+00:00
711.0,8.2,8.28,8.74,11.0,111.0,0.16613077529907233,put,2026-09-30,SPY,741.72998046875,2026-07-30T21:33:36.534402+00:00
712.0,8.37,8.45,8.91,44.0,84.0,0.16498637756347656,put,2026-09-30,SPY,741.72998046875,2026-07-30T21:33:36.534402+00:00
713.0,8.54,8.62,10.66,24.0,51.0,0.16379620391845706,put,2026-09-30,SPY,741.72998046875,2026-07-30T21:33:36.534402+00:00
714.0,8.72,8.79,11.35,20.0,32.0,0.16257551300048828,put,2026-09-30,SPY,741.72998046875,2026-07-30T21:33:36.534402+00:00
715.0,8.9,8.98,9.69,67.0,1359.0,0.1615074084472656,put,2026-09-30,SPY,741.72998046875,2026-07-30T21:33:36.534402+00:00
716.0,9.08,9.16,11.48,42.0,73.0,0.16028671752929688,put,2026-09-30,SPY,741.72998046875,2026-07-30T21:33:36.534402+00:00
717.0,9.27,9.35,11.3,2.0,21.0,0.15912706115722658,put,2026-09-30,SPY,741.72998046875,2026-07-30T21:33:36.534402+00:00
718.0,9.46,9.54,11.34,1.0,23.0,0.1579063702392578,put,2026-09-30,SPY,741.72998046875,2026-07-30T21:33:36.534402+00:00
719.0,9.66,9.74,10.37,16.0,108.0,0.15674671386718753,put,2026-09-30,SPY,741.72998046875,2026-07-30T21:33:36.534402+00:00
720.0,9.86,9.95,9.9,128.0,7973.0,0.15563283340454104,put,2026-09-30,SPY,741.72998046875,2026-07-30T21:33:36.534402+00:00
721.0,10.07,10.15,10.66,8.0,188.0,0.15436636657714847,put,2026-09-30,SPY,741.72998046875,2026-07-30T21:33:36.534402+00:00
722.0,10.28,10.37,13.53,1.0,53.0,0.15323722747802737,put,2026-09-30,SPY,741.72998046875,2026-07-30T21:33:36.534402+00:00
723.0,10.5,10.58,12.28,8.0,19.0,0.1519707606506348,put,2026-09-30,SPY,741.72998046875,2026-07-30T21:33:36.534402+00:00
724.0,10.72,10.81,11.33,12.0,43.0,0.1508263629150391,put,2026-09-30,SPY,741.72998046875,2026-07-30T21:33:36.534402+00:00
725.0,10.95,11.03,11.02,92.0,6473.0,0.14954463745117189,put,2026-09-30,SPY,741.72998046875,2026-07-30T21:33:36.534402+00:00
726.0,11.19,11.28,12.52,2.0,37.0,0.1484765328979492,put,2026-09-30,SPY,741.72998046875,2026-07-30T21:33:36.534402+00:00
727.0,11.43,11.52,12.06,33.0,35.0,0.14725584197998048,put,2026-09-30,SPY,741.72998046875,2026-07-30T21:33:36.534402+00:00
728.0,11.67,11.76,12.32,8.0,145.0,0.14598937515258786,put,2026-09-30,SPY,741.72998046875,2026-07-30T21:33:36.534402+00:00
729.0,11.92,12.01,12.05,4.0,916.0,0.14475342559814453,put,2026-09-30,SPY,741.72998046875,2026-07-30T21:33:36.534402+00:00
730.0,12.18,12.27,12.2,239.0,2840.0,0.1435327346801758,put,2026-09-30,SPY,741.72998046875,2026-07-30T21:33:36.534402+00:00
731.0,12.45,12.54,14.15,7.0,94.0,0.14234256103515625,put,2026-09-30,SPY,741.72998046875,2026-07-30T21:33:36.534402+00:00
732.0,12.72,12.81,13.31,23.0,614.0,0.1410913528442383,put,2026-09-30,SPY,741.72998046875,2026-07-30T21:33:36.534402+00:00
733.0,13.0,13.09,13.13,12.0,242.0,0.1398706619262695,put,2026-09-30,SPY,741.72998046875,2026-07-30T21:33:36.534402+00:00
734.0,13.28,13.38,14.12,72.0,778.0,0.1386499710083008,put,2026-09-30,SPY,741.72998046875,2026-07-30T21:33:36.534402+00:00
735.0,13.58,13.68,13.75,503.0,1791.0,0.1374597973632813,put,2026-09-30,SPY,741.72998046875,2026-07-30T21:33:36.534402+00:00
736.0,13.88,13.98,15.91,147.0,153.0,0.13620858917236328,put,2026-09-30,SPY,741.72998046875,2026-07-30T21:33:36.534402+00:00
737.0,14.19,14.28,15.06,192.0,438.0,0.1348658291625977,put,2026-09-30,SPY,741.72998046875,2026-07-30T21:33:36.534402+00:00
738.0,14.5,14.6,14.49,132.0,402.0,0.13364513824462892,put,2026-09-30,SPY,741.72998046875,2026-07-30T21:33:36.534402+00:00
739.0,14.83,14.93,15.68,71.0,510.0,0.1324091886901856,put,2026-09-30,SPY,741.72998046875,2026-07-30T21:33:36.534402+00:00
740.0,15.16,15.27,15.35,535.0,3053.0,0.1311884977722168,put,2026-09-30,SPY,741.72998046875,2026-07-30T21:33:36.534402+00:00
741.0,15.5,15.61,16.3,68.0,89.0,0.129891513671875,put,2026-09-30,SPY,741.72998046875,2026-07-30T21:33:36.534402+00:00
742.0,15.86,15.97,16.15,40.0,76.0,0.12868608139038085,put,2026-09-30,SPY,741.72998046875,2026-07-30T21:33:36.534402+00:00
743.0,16.22,16.33,16.52,38.0,151.0,0.12740435592651367,put,2026-09-30,SPY,741.72998046875,2026-07-30T21:33:36.534402+00:00
744.0,16.59,16.7,21.61,3.0,112.0,0.12610737182617188,put,2026-09-30,SPY,741.72998046875,2026-07-30T21:33:36.534402+00:00
745.0,16.97,17.08,16.91,89.0,1331.0,0.12481038772583009,put,2026-09-30,SPY,741.72998046875,2026-07-30T21:33:36.534402+00:00
746.0,17.35,17.47,18.37,4.0,205.0,0.1235134036254883,put,2026-09-30,SPY,741.72998046875,2026-07-30T21:33:36.534402+00:00
747.0,17.75,17.87,19.5,4.0,174.0,0.12220116088867189,put,2026-09-30,SPY,741.72998046875,2026-07-30T21:33:36.534402+00:00
748.0,18.16,18.28,20.32,2.0,576.0,0.12087365951538087,put,2026-09-30,SPY,741.72998046875,2026-07-30T21:33:36.534402+00:00
749.0,18.58,18.7,18.54,3.0,279.0,0.11954615814208984,put,2026-09-30,SPY,741.72998046875,2026-07-30T21:33:36.534402+00:00
750.0,19.01,19.13,18.99,63.0,2564.0,0.11818813949584961,put,2026-09-30,SPY,741.72998046875,2026-07-30T21:33:36.534402+00:00
751.0,19.45,19.58,20.37,1.0,301.0,0.1168911553955078,put,2026-09-30,SPY,741.72998046875,2026-07-30T21:33:36.534402+00:00
752.0,19.91,20.03,24.78,1.0,155.0,0.11550261947631837,put,2026-09-30,SPY,741.72998046875,2026-07-30T21:33:36.534402+00:00
753.0,19.41,21.47,22.15,10.0,388.0,0.1223842645263672,put,2026-09-30,SPY,741.72998046875,2026-07-30T21:33:36.534402+00:00
754.0,19.87,21.95,22.89,3.0,288.0,0.1210872804260254,put,2026-09-30,SPY,741.72998046875,2026-07-30T21:33:36.534402+00:00
755.0,20.35,22.45,23.39,2.0,1094.0,0.11986658950805662,put,2026-09-30,SPY,741.72998046875,2026-07-30T21:33:36.534402+00:00
756.0,20.85,22.96,23.93,2.0,163.0,0.11861538131713867,put,2026-09-30,SPY,741.72998046875,2026-07-30T21:33:36.534402+00:00
757.0,21.35,23.49,25.3,2.0,505.0,0.11744046630859376,put,2026-09-30,SPY,741.72998046875,2026-07-30T21:33:36.534402+00:00
758.0,21.86,24.02,25.0,1.0,85.0,0.11612822357177735,put,2026-09-30,SPY,741.72998046875,2026-07-30T21:33:36.534402+00:00
759.0,21.67,25.37,28.95,9.0,152.0,0.12207909179687501,put,2026-09-30,SPY,741.72998046875,2026-07-30T21:33:36.534402+00:00
760.0,22.55,25.92,25.08,39.0,900.0,0.12082788360595703,put,2026-09-30,SPY,741.72998046875,2026-07-30T21:33:36.534402+00:00
761.0,23.09,26.49,32.85,17.0,18.0,0.11963770996093749,put,2026-09-30,SPY,741.72998046875,2026-07-30T21:33:36.534402+00:00
762.0,23.52,27.06,27.12,1.0,38.0,0.1183254672241211,put,2026-09-30,SPY,741.72998046875,2026-07-30T21:33:36.534402+00:00
763.0,24.22,27.65,31.02,13.0,20.0,0.11707425903320312,put,2026-09-30,SPY,741.72998046875,2026-07-30T21:33:36.534402+00:00
764.0,24.88,28.25,25.19,2.0,4.0,0.11579253356933594,put,2026-09-30,SPY,741.72998046875,2026-07-30T21:33:36.534402+00:00
765.0,25.2,28.87,27.67,1.0,464.0,0.1145718426513672,put,2026-09-30,SPY,741.72998046875,2026-07-30T21:33:36.534402+00:00
766.0,25.78,29.5,28.89,1.0,24.0,0.11332063446044921,put,2026-09-30,SPY,741.72998046875,2026-07-30T21:33:36.534402+00:00
767.0,26.37,30.15,32.32,2.0,4.0,0.11214571945190427,put,2026-09-30,SPY,741.72998046875,2026-07-30T21:33:36.534402+00:00
768.0,26.95,30.81,34.16,1.0,53.0,0.11090976989746093,put,2026-09-30,SPY,741.72998046875,2026-07-30T21:33:36.534402+00:00
769.0,27.68,31.48,33.0,1.0,38.0,0.10965856170654298,put,2026-09-30,SPY,741.72998046875,2026-07-30T21:33:36.534402+00:00
770.0,28.4,32.17,32.64,6.0,158.0,0.10843787078857423,put,2026-09-30,SPY,741.72998046875,2026-07-30T21:33:36.534402+00:00
771.0,29.0,32.87,35.06,2.0,1.0,0.10720192123413086,put,2026-09-30,SPY,741.72998046875,2026-07-30T21:33:36.534402+00:00
772.0,29.79,33.58,25.49,8.0,9.0,0.10590493713378905,put,2026-09-30,SPY,741.72998046875,2026-07-30T21:33:36.534402+00:00
774.0,31.28,35.05,38.11,2.0,3.0,0.10343303802490234,put,2026-09-30,SPY,741.72998046875,2026-07-30T21:33:36.534402+00:00
775.0,31.97,35.81,40.72,1.0,17.0,0.1022428643798828,put,2026-09-30,SPY,741.72998046875,2026-07-30T21:33:36.534402+00:00
776.0,32.98,36.58,35.81,1.0,3.0,0.10099165618896484,put,2026-09-30,SPY,741.72998046875,2026-07-30T21:33:36.534402+00:00
777.0,33.82,37.36,31.5,200.0,200.0,0.09970993072509765,put,2026-09-30,SPY,741.72998046875,2026-07-30T21:33:36.534402+00:00
779.0,35.42,38.97,37.61,42.0,20.0,0.09726854888916016,put,2026-09-30,SPY,741.72998046875,2026-07-30T21:33:36.534402+00:00
780.0,36.15,39.79,46.7,29.0,28.0,0.09595630615234377,put,2026-09-30,SPY,741.72998046875,2026-07-30T21:33:36.534402+00:00
781.0,37.1,40.63,39.23,,20.0,0.09479664978027345,put,2026-09-30,SPY,741.72998046875,2026-07-30T21:33:36.534402+00:00
782.0,37.63,41.48,37.1,,0.0,0.09360647613525391,put,2026-09-30,SPY,741.72998046875,2026-07-30T21:33:36.534402+00:00
783.0,38.48,42.34,37.9,,0.0,0.09235526794433593,put,2026-09-30,SPY,741.72998046875,2026-07-30T21:33:36.534402+00:00
785.0,32.1,35.53,37.7,11.0,10.0,1.0000000000000003e-05,put,2026-09-30,SPY,741.72998046875,2026-07-30T21:33:36.534402+00:00
787.0,42.05,45.92,41.33,,0.0,0.0882049188232422,put,2026-09-30,SPY,741.72998046875,2026-07-30T21:33:36.534402+00:00
788.0,42.98,46.84,49.12,2.0,0.0,0.0872283660888672,put,2026-09-30,SPY,741.72998046875,2026-07-30T21:33:36.534402+00:00
789.0,43.93,47.8,42.03,,0.0,0.08735043518066407,put,2026-09-30,SPY,741.72998046875,2026-07-30T21:33:36.534402+00:00
790.0,44.87,48.74,50.94,1.0,9.0,0.08667905517578126,put,2026-09-30,SPY,741.72998046875,2026-07-30T21:33:36.534402+00:00
791.0,45.83,49.7,46.8,1.0,0.0,0.08655698608398438,put,2026-09-30,SPY,741.72998046875,2026-07-30T21:33:36.534402+00:00
792.0,46.81,50.67,53.29,3.0,1.0,0.0867400897216797,put,2026-09-30,SPY,741.72998046875,2026-07-30T21:33:36.534402+00:00
795.0,49.51,54.0,56.24,3.0,1.0,0.10236493347167967,put,2026-09-30,SPY,741.72998046875,2026-07-30T21:33:36.534402+00:00
800.0,54.55,58.87,63.02,75.0,1.0,0.10535562622070313,put,2026-09-30,SPY,741.72998046875,2026-07-30T21:33:36.534402+00:00
804.0,58.7,63.0,61.59,1.0,0.0,0.11530425720214844,put,2026-09-30,SPY,741.72998046875,2026-07-30T21:33:36.534402+00:00
805.0,59.56,64.0,62.56,1.0,0.0,0.1167080517578125,put,2026-09-30,SPY,741.72998046875,2026-07-30T21:33:36.534402+00:00
808.0,62.65,67.0,59.0,1.0,0.0,0.1209194354248047,put,2026-09-30,SPY,741.72998046875,2026-07-30T21:33:36.534402+00:00
810.0,64.51,69.0,79.05,1.0,2.0,0.12372702453613281,put,2026-09-30,SPY,741.72998046875,2026-07-30T21:33:36.534402+00:00
815.0,0.0,0.0,72.0,1.0,0.0,1.0000000000000003e-05,put,2026-09-30,SPY,741.72998046875,2026-07-30T21:33:36.534402+00:00
825.0,68.89,72.3,82.0,2.0,0.0,1.0000000000000003e-05,put,2026-09-30,SPY,741.72998046875,2026-07-30T21:33:36.534402+00:00
845.0,104.72,108.09,137.07,1.0,0.0,0.2611157873535156,put,2026-09-30,SPY,741.72998046875,2026-07-30T21:33:36.534402+00:00
850.0,93.89,97.3,97.51,1.0,0.0,1.0000000000000003e-05,put,2026-09-30,SPY,741.72998046875,2026-07-30T21:33:36.534402+00:00
855.0,115.66,118.93,181.01,1.0,0.0,0.29050392120361324,put,2026-09-30,SPY,741.72998046875,2026-07-30T21:33:36.534402+00:00
885.0,191.05,194.7,207.9,,0.0,0.7934590966796875,put,2026-09-30,SPY,741.72998046875,2026-07-30T21:33:36.534402+00:00
895.0,154.64,158.02,179.83,1.0,0.0,0.33673758972167966,put,2026-09-30,SPY,741.72998046875,2026-07-30T21:33:36.534402+00:00
900.0,146.5,149.69,160.4,1.0,0.0,1.0000000000000003e-05,put,2026-09-30,SPY,741.72998046875,2026-07-30T21:33:36.534402+00:00
470.0,0.0,0.0,269.45,,0.0,1.0000000000000003e-05,call,2026-10-30,SPY,741.72998046875,2026-07-30T21:33:36.534402+00:00
475.0,270.0,274.57,280.94,,15.0,0.6002237243652344,call,2026-10-30,SPY,741.72998046875,2026-07-30T21:33:36.534402+00:00
480.0,265.25,269.67,276.16,,1.0,0.5928385443115236,call,2026-10-30,SPY,741.72998046875,2026-07-30T21:33:36.534402+00:00
490.0,0.0,0.0,272.7,,0.0,1.0000000000000003e-05,call,2026-10-30,SPY,741.72998046875,2026-07-30T21:33:36.534402+00:00
500.0,245.5,250.09,257.14,15.0,0.0,0.5546309185791016,call,2026-10-30,SPY,741.72998046875,2026-07-30T21:33:36.534402+00:00
520.0,225.92,230.5,227.68,2.0,8.0,0.5184374328613282,call,2026-10-30,SPY,741.72998046875,2026-07-30T21:33:36.534402+00:00
530.0,229.04,232.46,212.98,,2.0,0.6872895040893555,call,2026-10-30,SPY,741.72998046875,2026-07-30T21:33:36.534402+00:00
555.0,191.9,196.43,195.88,1.0,2.0,0.4954884436035156,call,2026-10-30,SPY,741.72998046875,2026-07-30T21:33:36.534402+00:00
560.0,186.9,191.5,191.59,1.0,7.0,0.48508205352783207,call,2026-10-30,SPY,741.72998046875,2026-07-30T21:33:36.534402+00:00
565.0,182.02,186.71,176.74,1.0,3.0,0.47675083801269535,call,2026-10-30,SPY,741.72998046875,2026-07-30T21:33:36.534402+00:00
570.0,177.17,181.86,185.19,1.0,3.0,0.46750410430908207,call,2026-10-30,SPY,741.72998046875,2026-07-30T21:33:36.534402+00:00
575.0,170.15,173.5,171.19,1.0,2.0,0.40500472930908205,call,2026-10-30,SPY,741.72998046875,2026-07-30T21:33:36.534402+00:00
585.0,163.2,167.02,151.08,1.0,3.0,0.4356898472595215,call,2026-10-30,SPY,741.72998046875,2026-07-30T21:33:36.534402+00:00
590.0,158.34,162.2,157.18,27.0,4.0,0.4268245794677735,call,2026-10-30,SPY,741.72998046875,2026-07-30T21:33:36.534402+00:00
595.0,151.01,154.41,167.3,,1.0,0.37708142456054683,call,2026-10-30,SPY,741.72998046875,2026-07-30T21:33:36.534402+00:00
600.0,148.72,152.58,154.5,3.0,8.0,0.4092008543395996,call,2026-10-30,SPY,741.72998046875,2026-07-30T21:33:36.534402+00:00
605.0,143.93,147.78,143.04,5.0,6.0,0.4004271383666992,call,2026-10-30,SPY,741.72998046875,2026-07-30T21:33:36.534402+00:00
610.0,139.15,143.0,138.24,21.0,17.0,0.39182126739501955,call,2026-10-30,SPY,741.72998046875,2026-07-30T21:33:36.534402+00:00
615.0,132.07,135.47,145.68,2.0,1.0,0.34918863708496095,call,2026-10-30,SPY,741.72998046875,2026-07-30T21:33:36.534402+00:00
620.0,129.62,133.48,139.17,1.0,4.0,0.37485366363525385,call,2026-10-30,SPY,741.72998046875,2026-07-30T21:33:36.534402+00:00
625.0,124.88,128.73,138.49,2.0,0.0,0.3663393444824219,call,2026-10-30,SPY,741.72998046875,2026-07-30T21:33:36.534402+00:00
630.0,120.16,124.01,113.9,2.0,5.0,0.3580386462402344,call,2026-10-30,SPY,741.72998046875,2026-07-30T21:33:36.534402+00:00
635.0,115.45,119.3,124.06,2.0,5.0,0.3497532066345214,call,2026-10-30,SPY,741.72998046875,2026-07-30T21:33:36.534402+00:00
640.0,108.79,112.22,122.0,1.0,84.0,0.315863775024414,call,2026-10-30,SPY,741.72998046875,2026-07-30T21:33:36.534402+00:00
641.0,109.83,113.68,117.69,3.0,3238.0,0.3399571620178223,call,2026-10-30,SPY,741.72998046875,2026-07-30T21:33:36.534402+00:00
642.0,108.89,112.75,105.71,3.0,3.0,0.33837026382446284,call,2026-10-30,SPY,741.72998046875,2026-07-30T21:33:36.534402+00:00
646.0,105.16,108.81,118.61,8.0,9.0,0.3297491342163086,call,2026-10-30,SPY,741.72998046875,2026-07-30T21:33:36.534402+00:00
649.0,114.92,118.35,106.77,1.0,1.0,0.4381770050048829,call,2026-10-30,SPY,741.72998046875,2026-07-30T21:33:36.534402+00:00
650.0,101.54,105.11,114.48,3.0,123.0,0.32349309326171866,call,2026-10-30,SPY,741.72998046875,2026-07-30T21:33:36.534402+00:00
651.0,0.0,0.0,120.1,1.0,0.0,1.0000000000000003e-05,call,2026-10-30,SPY,741.72998046875,2026-07-30T21:33:36.534402+00:00
652.0,102.54,106.06,91.89,,2.0,0.3472050143432617,call,2026-10-30,SPY,741.72998046875,2026-07-30T21:33:36.534402+00:00
655.0,96.83,100.5,112.06,5.0,11.0,0.3156501541137695,call,2026-10-30,SPY,741.72998046875,2026-07-30T21:33:36.534402+00:00
658.0,0.0,0.0,99.65,2.0,0.0,1.0000000000000003e-05,call,2026-10-30,SPY,741.72998046875,2026-07-30T21:33:36.534402+00:00
659.0,0.0,0.0,109.99,,0.0,1.0000000000000003e-05,call,2026-10-30,SPY,741.72998046875,2026-07-30T21:33:36.534402+00:00
660.0,92.33,95.99,87.7,1.0,22.0,0.30855488815307613,call,2026-10-30,SPY,741.72998046875,2026-07-30T21:33:36.534402+00:00
661.0,94.72,98.24,94.52,,1.0,0.3359746578979492,call,2026-10-30,SPY,741.72998046875,2026-07-30T21:33:36.534402+00:00
662.0,104.82,106.83,99.34,6.0,7.0,0.41545689529418944,call,2026-10-30,SPY,741.72998046875,2026-07-30T21:33:36.534402+00:00
664.0,101.09,104.53,86.5,,1.0,0.4075376629638672,call,2026-10-30,SPY,741.72998046875,2026-07-30T21:33:36.534402+00:00
666.0,99.26,102.74,93.89,1.0,2.0,0.4037840383911133,call,2026-10-30,SPY,741.72998046875,2026-07-30T21:33:36.534402+00:00
668.0,88.71,92.23,88.65,,1.0,0.32721620056152345,call,2026-10-30,SPY,741.72998046875,2026-07-30T21:33:36.534402+00:00
669.0,96.53,99.9,78.44,,1.0,0.39687187606811525,call,2026-10-30,SPY,741.72998046875,2026-07-30T21:33:36.534402+00:00
670.0,83.17,87.02,82.31,4.0,20.0,0.29408970077514646,call,2026-10-30,SPY,741.72998046875,2026-07-30T21:33:36.534402+00:00
671.0,82.27,86.12,81.23,1.0,0.0,0.29256383712768547,call,2026-10-30,SPY,741.72998046875,2026-07-30T21:33:36.534402+00:00
672.0,96.03,98.04,90.29,4.0,2.0,0.39775687698364254,call,2026-10-30,SPY,741.72998046875,2026-07-30T21:33:36.534402+00:00
673.0,80.47,84.33,77.92,29.0,29.0,0.28955788574218744,call,2026-10-30,SPY,741.72998046875,2026-07-30T21:33:36.534402+00:00
674.0,79.57,83.43,88.61,1.0,3.0,0.2880015048217772,call,2026-10-30,SPY,741.72998046875,2026-07-30T21:33:36.534402+00:00
675.0,78.68,82.53,91.25,3.0,12.0,0.2864298652648925,call,2026-10-30,SPY,741.72998046875,2026-07-30T21:33:36.534402+00:00
677.0,76.9,80.75,75.62,1.0,2.0,0.2834239138793945,call,2026-10-30,SPY,741.72998046875,2026-07-30T21:33:36.534402+00:00
678.0,0.0,0.0,90.57,1.0,0.0,1.0000000000000003e-05,call,2026-10-30,SPY,741.72998046875,2026-07-30T21:33:36.534402+00:00
680.0,74.23,78.09,74.53,5.0,33.0,0.27892261611938474,call,2026-10-30,SPY,741.72998046875,2026-07-30T21:33:36.534402+00:00
681.0,73.34,77.2,68.78,3.0,0.0,0.2773662351989746,call,2026-10-30,SPY,741.72998046875,2026-07-30T21:33:36.534402+00:00
682.0,0.0,0.0,78.91,1.0,0.0,1.0000000000000003e-05,call,2026-10-30,SPY,741.72998046875,2026-07-30T21:33:36.534402+00:00
683.0,70.37,73.76,74.02,3.0,0.0,0.26023078643798825,call,2026-10-30,SPY,741.72998046875,2026-07-30T21:33:36.534402+00:00
684.0,85.46,87.5,87.19,,1.0,0.3755097850036621,call,2026-10-30,SPY,741.72998046875,2026-07-30T21:33:36.534402+00:00
685.0,69.83,73.68,69.98,1.0,12.0,0.27138484970092774,call,2026-10-30,SPY,741.72998046875,2026-07-30T21:33:36.534402+00:00
686.0,68.95,72.81,69.87,1.0,17.0,0.2699352792358398,call,2026-10-30,SPY,741.72998046875,2026-07-30T21:33:36.534402+00:00
688.0,67.21,71.06,75.23,40.0,68.0,0.2669140692138672,call,2026-10-30,SPY,741.72998046875,2026-07-30T21:33:36.534402+00:00
689.0,66.34,70.19,74.41,5.0,33.0,0.26543398147583,call,2026-10-30,SPY,741.72998046875,2026-07-30T21:33:36.534402+00:00
690.0,66.06,69.33,58.36,5.0,659.0,0.26401492828369144,call,2026-10-30,SPY,741.72998046875,2026-07-30T21:33:36.534402+00:00
691.0,63.62,67.03,78.3,1.0,1.0,0.25095353546142574,call,2026-10-30,SPY,741.72998046875,2026-07-30T21:33:36.534402+00:00
692.0,63.74,67.6,63.31,2.0,141.0,0.2610394941711425,call,2026-10-30,SPY,741.72998046875,2026-07-30T21:33:36.534402+00:00
693.0,62.88,66.74,70.89,76.0,82.0,0.2595746650695801,call,2026-10-30,SPY,741.72998046875,2026-07-30T21:33:36.534402+00:00
694.0,77.0,80.21,76.0,1.0,26.0,0.36711753494262694,call,2026-10-30,SPY,741.72998046875,2026-07-30T21:33:36.534402+00:00
695.0,61.17,64.31,69.15,138.0,207.0,0.2510145700073242,call,2026-10-30,SPY,741.72998046875,2026-07-30T21:33:36.534402+00:00
696.0,60.31,63.69,61.12,2.0,7.0,0.251411294555664,call,2026-10-30,SPY,741.72998046875,2026-07-30T21:33:36.534402+00:00
697.0,59.53,62.51,63.91,1.0,4.0,0.2473982731628418,call,2026-10-30,SPY,741.72998046875,2026-07-30T21:33:36.534402+00:00
698.0,58.61,62.34,53.3,31.0,89.0,0.2512587081909179,call,2026-10-30,SPY,741.72998046875,2026-07-30T21:33:36.534402+00:00
699.0,57.79,60.82,57.71,26.0,44.0,0.2446059426879883,call,2026-10-30,SPY,741.72998046875,2026-07-30T21:33:36.534402+00:00
700.0,57.67,60.7,55.77,2.0,630.0,0.24875629180908204,call,2026-10-30,SPY,741.72998046875,2026-07-30T21:33:36.534402+00:00
701.0,56.09,59.89,68.69,1.0,1.0,0.24755085952758787,call,2026-10-30,SPY,741.72998046875,2026-07-30T21:33:36.534402+00:00
702.0,0.0,0.0,60.07,1.0,0.0,1.0000000000000003e-05,call,2026-10-30,SPY,741.72998046875,2026-07-30T21:33:36.534402+00:00
703.0,54.41,58.01,62.84,1.0,4.0,0.24312585494995115,call,2026-10-30,SPY,741.72998046875,2026-07-30T21:33:36.534402+00:00
704.0,53.58,57.19,61.5,24.0,30.0,0.24179835357666019,call,2026-10-30,SPY,741.72998046875,2026-07-30T21:33:36.534402+00:00
705.0,52.82,56.41,67.54,3.0,48.0,0.2407607662963867,call,2026-10-30,SPY,741.72998046875,2026-07-30T21:33:36.534402+00:00
706.0,0.0,0.0,73.77,,0.0,1.0000000000000003e-05,call,2026-10-30,SPY,741.72998046875,2026-07-30T21:33:36.534402+00:00
707.0,0.0,0.0,65.13,5.0,0.0,1.0000000000000003e-05,call,2026-10-30,SPY,741.72998046875,2026-07-30T21:33:36.534402+00:00
708.0,50.28,53.96,55.0,4.0,15.0,0.23667145172119142,call,2026-10-30,SPY,741.72998046875,2026-07-30T21:33:36.534402+00:00
709.0,49.47,53.25,60.54,1.0,1.0,0.236061106262207,call,2026-10-30,SPY,741.72998046875,2026-07-30T21:33:36.534402+00:00
710.0,48.8,52.47,48.22,10.0,742.0,0.23491670852661134,call,2026-10-30,SPY,741.72998046875,2026-07-30T21:33:36.534402+00:00
711.0,47.84,51.7,46.0,2.0,96.0,0.2338028280639648,call,2026-10-30,SPY,741.72998046875,2026-07-30T21:33:36.534402+00:00
712.0,47.04,50.89,44.33,1.0,22.0,0.23239903350830077,call,2026-10-30,SPY,741.72998046875,2026-07-30T21:33:36.534402+00:00
713.0,46.23,50.09,46.04,1.0,10.0,0.23102575622558597,call,2026-10-30,SPY,741.72998046875,2026-07-30T21:33:36.534402+00:00
714.0,44.88,48.39,56.7,28.0,24.0,0.22313704116821287,call,2026-10-30,SPY,741.72998046875,2026-07-30T21:33:36.534402+00:00
715.0,44.64,48.49,41.13,36.0,991.0,0.2282334257507324,call,2026-10-30,SPY,741.72998046875,2026-07-30T21:33:36.534402+00:00
716.0,43.84,47.7,40.36,36.0,14.0,0.22688303642272947,call,2026-10-30,SPY,741.72998046875,2026-07-30T21:33:36.534402+00:00
717.0,43.05,46.91,49.93,13.0,21.0,0.2255021298217773,call,2026-10-30,SPY,741.72998046875,2026-07-30T21:33:36.534402+00:00
718.0,42.27,46.12,46.81,5.0,20.0,0.22409833526611322,call,2026-10-30,SPY,741.72998046875,2026-07-30T21:33:36.534402+00:00
719.0,41.48,45.34,40.39,1.0,104.0,0.22275557525634765,call,2026-10-30,SPY,741.72998046875,2026-07-30T21:33:36.534402+00:00
720.0,40.74,44.57,41.38,16.0,942.0,0.22144333251953124,call,2026-10-30,SPY,741.72998046875,2026-07-30T21:33:36.534402+00:00
721.0,40.7,43.79,38.92,1.0,3.0,0.22003953796386716,call,2026-10-30,SPY,741.72998046875,2026-07-30T21:33:36.534402+00:00
722.0,39.17,43.03,34.33,1.0,38.0,0.21875781249999998,call,2026-10-30,SPY,741.72998046875,2026-07-30T21:33:36.534402+00:00
723.0,38.4,42.26,35.12,2.0,21.0,0.21738453521728518,call,2026-10-30,SPY,741.72998046875,2026-07-30T21:33:36.534402+00:00
724.0,37.64,41.5,42.38,1.0,46.0,0.2160417752075195,call,2026-10-30,SPY,741.72998046875,2026-07-30T21:33:36.534402+00:00
725.0,38.28,40.01,36.98,7.0,518.0,0.20961788925170893,call,2026-10-30,SPY,741.72998046875,2026-07-30T21:33:36.534402+00:00
726.0,36.83,39.25,36.98,2.0,61.0,0.2082598706054687,call,2026-10-30,SPY,741.72998046875,2026-07-30T21:33:36.534402+00:00
727.0,36.08,38.5,36.68,2.0,51.0,0.20693236923217767,call,2026-10-30,SPY,741.72998046875,2026-07-30T21:33:36.534402+00:00
728.0,35.35,37.76,32.93,2.0,264.0,0.20563538513183593,call,2026-10-30,SPY,741.72998046875,2026-07-30T21:33:36.534402+00:00
729.0,34.61,37.02,33.51,1.0,88.0,0.20432314239501947,call,2026-10-30,SPY,741.72998046875,2026-07-30T21:33:36.534402+00:00
730.0,33.92,36.28,35.23,39.0,805.0,0.2029803823852539,call,2026-10-30,SPY,741.72998046875,2026-07-30T21:33:36.534402+00:00
731.0,33.17,35.55,30.44,6.0,91.0,0.2016757689666748,call,2026-10-30,SPY,741.72998046875,2026-07-30T21:33:36.534402+00:00
732.0,32.45,34.83,30.87,7.0,73.0,0.20040930213928218,call,2026-10-30,SPY,741.72998046875,2026-07-30T21:33:36.534402+00:00
733.0,31.74,34.11,30.67,7.0,66.0,0.1991199473571777,call,2026-10-30,SPY,741.72998046875,2026-07-30T21:33:36.534402+00:00
734.0,31.04,33.4,27.85,3.0,38.0,0.1978534805297852,call,2026-10-30,SPY,741.72998046875,2026-07-30T21:33:36.534402+00:00
735.0,30.34,32.69,31.26,41.0,295.0,0.19655649642944334,call,2026-10-30,SPY,741.72998046875,2026-07-30T21:33:36.534402+00:00
736.0,29.68,31.98,29.0,10.0,56.0,0.19524425369262693,call,2026-10-30,SPY,741.72998046875,2026-07-30T21:33:36.534402+00:00
737.0,28.96,31.29,28.39,35.0,89.0,0.1940235627746582,call,2026-10-30,SPY,741.72998046875,2026-07-30T21:33:36.534402+00:00
738.0,28.31,30.6,28.93,62.0,104.0,0.19276472526550292,call,2026-10-30,SPY,741.72998046875,2026-07-30T21:33:36.534402+00:00
739.0,27.61,29.91,27.01,107.0,119.0,0.19147537048339847,call,2026-10-30,SPY,741.72998046875,2026-07-30T21:33:36.534402+00:00
740.0,27.59,28.59,28.0,209.0,1721.0,0.1859212268066406,call,2026-10-30,SPY,741.72998046875,2026-07-30T21:33:36.534402+00:00
741.0,26.29,28.56,24.93,1.0,161.0,0.18900347137451173,call,2026-10-30,SPY,741.72998046875,2026-07-30T21:33:36.534402+00:00
742.0,25.64,27.89,25.93,3.0,252.0,0.1877370045471191,call,2026-10-30,SPY,741.72998046875,2026-07-30T21:33:36.534402+00:00
743.0,24.99,27.24,26.33,15.0,1065.0,0.18657734817504884,call,2026-10-30,SPY,741.72998046875,2026-07-30T21:33:36.534402+00:00
744.0,24.36,26.59,23.14,7.0,246.0,0.18537954521179198,call,2026-10-30,SPY,741.72998046875,2026-07-30T21:33:36.534402+00:00
745.0,24.79,24.91,23.51,42.0,997.0,0.17724669197082518,call,2026-10-30,SPY,741.72998046875,2026-07-30T21:33:36.534402+00:00
746.0,24.16,24.28,24.32,2.0,285.0,0.17610992355346683,call,2026-10-30,SPY,741.72998046875,2026-07-30T21:33:36.534402+00:00
747.0,23.53,23.65,20.28,1.0,13.0,0.17491974990844728,call,2026-10-30,SPY,741.72998046875,2026-07-30T21:33:36.534402+00:00
748.0,22.91,23.04,19.04,2.0,6.0,0.17383638671875,call,2026-10-30,SPY,741.72998046875,2026-07-30T21:33:36.534402+00:00
749.0,22.31,22.43,21.08,279.0,125.0,0.1726996183013916,call,2026-10-30,SPY,741.72998046875,2026-07-30T21:33:36.534402+00:00
750.0,21.71,21.83,21.1,107.0,2568.0,0.17159336715698242,call,2026-10-30,SPY,741.72998046875,2026-07-30T21:33:36.534402+00:00
751.0,21.11,21.23,17.46,1.0,68.0,0.17043371078491215,call,2026-10-30,SPY,741.72998046875,2026-07-30T21:33:36.534402+00:00
752.0,20.53,20.65,20.4,1.0,181.0,0.16938086486816406,call,2026-10-30,SPY,741.72998046875,2026-07-30T21:33:36.534402+00:00
753.0,19.95,20.07,19.01,2.0,2.0,0.16826698440551763,call,2026-10-30,SPY,741.72998046875,2026-07-30T21:33:36.534402+00:00
754.0,19.39,19.5,16.96,10.0,44.0,0.16718362121582034,call,2026-10-30,SPY,741.72998046875,2026-07-30T21:33:36.534402+00:00
755.0,18.83,18.94,18.26,13.0,739.0,0.16611551666259772,call,2026-10-30,SPY,741.72998046875,2026-07-30T21:33:36.534402+00:00
756.0,18.28,18.39,16.67,1.0,6.0,0.16507792938232424,call,2026-10-30,SPY,741.72998046875,2026-07-30T21:33:36.534402+00:00
757.0,17.73,17.85,16.09,1.0,130.0,0.16405560073852543,call,2026-10-30,SPY,741.72998046875,2026-07-30T21:33:36.534402+00:00
758.0,17.2,17.31,16.32,2.0,4.0,0.16298749618530273,call,2026-10-30,SPY,741.72998046875,2026-07-30T21:33:36.534402+00:00
759.0,16.68,16.79,15.61,2.0,4.0,0.16199568481445312,call,2026-10-30,SPY,741.72998046875,2026-07-30T21:33:36.534402+00:00
760.0,16.16,16.27,15.8,151.0,3856.0,0.1609580975341797,call,2026-10-30,SPY,741.72998046875,2026-07-30T21:33:36.534402+00:00
761.0,15.65,15.77,13.17,97.0,88.0,0.16001206207275392,call,2026-10-30,SPY,741.72998046875,2026-07-30T21:33:36.534402+00:00
762.0,15.16,15.27,14.43,68.0,6.0,0.159012621383667,call,2026-10-30,SPY,741.72998046875,2026-07-30T21:33:36.534402+00:00
764.0,14.2,14.3,13.68,3.0,5.0,0.1570671452331543,call,2026-10-30,SPY,741.72998046875,2026-07-30T21:33:36.534402+00:00
765.0,13.72,13.83,12.71,4.0,348.0,0.15612110977172855,call,2026-10-30,SPY,741.72998046875,2026-07-30T21:33:36.534402+00:00
767.0,12.82,12.92,10.78,5.0,15.0,0.15425955612182618,call,2026-10-30,SPY,741.72998046875,2026-07-30T21:33:36.534402+00:00
769.0,11.95,12.05,9.71,1.0,3.0,0.1524742956542969,call,2026-10-30,SPY,741.72998046875,2026-07-30T21:33:36.534402+00:00
770.0,11.53,11.63,10.52,22.0,3407.0,0.15161218269348145,call,2026-10-30,SPY,741.72998046875,2026-07-30T21:33:36.534402+00:00
771.0,11.12,11.22,8.96,1.0,158.0,0.15076532836914067,call,2026-10-30,SPY,741.72998046875,2026-07-30T21:33:36.534402+00:00
772.0,10.72,10.82,9.63,2.0,4.0,0.14992610336303713,call,2026-10-30,SPY,741.72998046875,2026-07-30T21:33:36.534402+00:00
773.0,10.33,10.43,9.86,1.0,2.0,0.14910213699340819,call,2026-10-30,SPY,741.72998046875,2026-07-30T21:33:36.534402+00:00
774.0,9.95,10.04,9.88,1.0,3.0,0.1482323947143555,call,2026-10-30,SPY,741.72998046875,2026-07-30T21:33:36.534402+00:00
775.0,9.58,9.67,9.11,14.0,1808.0,0.1474389456176758,call,2026-10-30,SPY,741.72998046875,2026-07-30T21:33:36.534402+00:00
776.0,9.22,9.31,9.5,1.0,3.0,0.1466760137939453,call,2026-10-30,SPY,741.72998046875,2026-07-30T21:33:36.534402+00:00
777.0,8.87,8.96,5.93,10.0,156.0,0.1459130819702148,call,2026-10-30,SPY,741.72998046875,2026-07-30T21:33:36.534402+00:00
778.0,8.53,8.62,8.08,28.0,595.0,0.14518066741943358,call,2026-10-30,SPY,741.72998046875,2026-07-30T21:33:36.534402+00:00
779.0,8.2,8.29,5.62,3.0,18.0,0.14447877014160154,call,2026-10-30,SPY,741.72998046875,2026-07-30T21:33:36.534402+00:00
780.0,7.88,7.97,7.66,79.0,5279.0,0.1437768728637695,call,2026-10-30,SPY,741.72998046875,2026-07-30T21:33:36.534402+00:00
781.0,7.57,7.65,4.86,5.0,130.0,0.14301394104003906,call,2026-10-30,SPY,741.72998046875,2026-07-30T21:33:36.534402+00:00
782.0,7.27,7.35,6.16,2.0,40.0,0.14237307830810547,call,2026-10-30,SPY,741.72998046875,2026-07-30T21:33:36.534402+00:00
783.0,6.98,7.06,5.51,51.0,369.0,0.14173221557617188,call,2026-10-30,SPY,741.72998046875,2026-07-30T21:33:36.534402+00:00
784.0,6.69,6.77,5.64,1.0,1.0,0.14104557693481445,call,2026-10-30,SPY,741.72998046875,2026-07-30T21:33:36.534402+00:00
785.0,6.42,6.5,6.18,5.0,813.0,0.14046574874877932,call,2026-10-30,SPY,741.72998046875,2026-07-30T21:33:36.534402+00:00
786.0,6.16,6.23,5.37,1.0,1.0,0.13982488601684573,call,2026-10-30,SPY,741.72998046875,2026-07-30T21:33:36.534402+00:00
789.0,5.41,5.49,5.03,5.0,228.0,0.13814643600463866,call,2026-10-30,SPY,741.72998046875,2026-07-30T21:33:36.534402+00:00
790.0,5.18,5.25,5.0,13.0,5915.0,0.1375208319091797,call,2026-10-30,SPY,741.72998046875,2026-07-30T21:33:36.534402+00:00
791.0,4.96,5.03,3.7,3.0,8.0,0.13703255554199223,call,2026-10-30,SPY,741.72998046875,2026-07-30T21:33:36.534402+00:00
792.0,4.74,4.81,4.23,2.0,12.0,0.13646798599243165,call,2026-10-30,SPY,741.72998046875,2026-07-30T21:33:36.534402+00:00
794.0,4.34,4.41,4.22,4.0,14.0,0.13556772644042972,call,2026-10-30,SPY,741.72998046875,2026-07-30T21:33:36.534402+00:00
795.0,4.14,4.21,3.62,52.0,200.0,0.13501841552734378,call,2026-10-30,SPY,741.72998046875,2026-07-30T21:33:36.534402+00:00
796.0,3.96,4.03,3.86,54.0,100.0,0.13462169097900395,call,2026-10-30,SPY,741.72998046875,2026-07-30T21:33:36.534402+00:00
797.0,3.78,3.85,3.12,51.0,100.0,0.13416393188476564,call,2026-10-30,SPY,741.72998046875,2026-07-30T21:33:36.534402+00:00
800.0,3.29,3.35,3.14,259.0,5713.0,0.1328516891479492,call,2026-10-30,SPY,741.72998046875,2026-07-30T21:33:36.534402+00:00
805.0,2.6,2.65,2.58,223.0,498.0,0.1310511700439453,call,2026-10-30,SPY,741.72998046875,2026-07-30T21:33:36.534402+00:00
810.0,2.04,2.09,1.8,11.0,2655.0,0.12961685821533203,call,2026-10-30,SPY,741.72998046875,2026-07-30T21:33:36.534402+00:00
815.0,1.6,1.64,1.55,52.0,413.0,0.12842668457031248,call,2026-10-30,SPY,741.72998046875,2026-07-30T21:33:36.534402+00:00
820.0,1.25,1.29,1.2,47.0,343.0,0.1276332354736328,call,2026-10-30,SPY,741.72998046875,2026-07-30T21:33:36.534402+00:00
825.0,0.99,1.02,0.72,10.0,185.0,0.1272670281982422,call,2026-10-30,SPY,741.72998046875,2026-07-30T21:33:36.534402+00:00
830.0,0.78,0.81,0.65,1.0,266.0,0.1271449591064453,call,2026-10-30,SPY,741.72998046875,2026-07-30T21:33:36.534402+00:00
835.0,0.62,0.65,0.6,92.0,142.0,0.1274501318359375,call,2026-10-30,SPY,741.72998046875,2026-07-30T21:33:36.534402+00:00
840.0,0.5,0.53,0.45,1.0,253.0,0.1281215118408203,call,2026-10-30,SPY,741.72998046875,2026-07-30T21:33:36.534402+00:00
845.0,0.41,0.43,0.33,11.0,313.0,0.1287928918457031,call,2026-10-30,SPY,741.72998046875,2026-07-30T21:33:36.534402+00:00
850.0,0.34,0.36,0.26,500.0,2488.0,0.13001358276367186,call,2026-10-30,SPY,741.72998046875,2026-07-30T21:33:36.534402+00:00
855.0,0.28,0.3,0.25,1.0,282.0,0.13123427368164062,call,2026-10-30,SPY,741.72998046875,2026-07-30T21:33:36.534402+00:00
860.0,0.24,0.26,0.22,62.0,270.0,0.13306531005859373,call,2026-10-30,SPY,741.72998046875,2026-07-30T21:33:36.534402+00:00
865.0,0.21,0.23,0.3,3.0,760.0,0.13526255371093754,call,2026-10-30,SPY,741.72998046875,2026-07-30T21:33:36.534402+00:00
870.0,0.18,0.2,0.14,5.0,695.0,0.13709359008789065,call,2026-10-30,SPY,741.72998046875,2026-07-30T21:33:36.534402+00:00
875.0,0.16,0.17,0.21,3.0,392.0,0.13843635009765626,call,2026-10-30,SPY,741.72998046875,2026-07-30T21:33:36.534402+00:00
880.0,0.14,0.16,0.13,1.0,298.0,0.141610146484375,call,2026-10-30,SPY,741.72998046875,2026-07-30T21:33:36.534402+00:00
885.0,0.12,0.14,0.15,4.0,213.0,0.14331911376953127,call,2026-10-30,SPY,741.72998046875,2026-07-30T21:33:36.534402+00:00
890.0,0.11,0.13,0.15,1.0,207.0,0.14600463378906248,call,2026-10-30,SPY,741.72998046875,2026-07-30T21:33:36.534402+00:00
895.0,0.1,0.12,0.1,1.0,60.0,0.148446015625,call,2026-10-30,SPY,741.72998046875,2026-07-30T21:33:36.534402+00:00
900.0,0.09,0.11,0.09,50.0,1686.0,0.15088739746093754,call,2026-10-30,SPY,741.72998046875,2026-07-30T21:33:36.534402+00:00
470.0,0.75,0.77,0.77,112.0,366.0,0.4260311303710938,put,2026-10-30,SPY,741.72998046875,2026-07-30T21:33:36.534402+00:00
475.0,0.79,0.81,0.84,4.0,198.0,0.4202938830566406,put,2026-10-30,SPY,741.72998046875,2026-07-30T21:33:36.534402+00:00
480.0,0.83,0.85,1.07,1.0,456.0,0.4145566357421875,put,2026-10-30,SPY,741.72998046875,2026-07-30T21:33:36.534402+00:00
485.0,0.87,0.89,1.08,2.0,30.0,0.4085752502441406,put,2026-10-30,SPY,741.72998046875,2026-07-30T21:33:36.534402+00:00
490.0,0.91,0.93,1.02,12.0,183.0,0.40259386474609377,put,2026-10-30,SPY,741.72998046875,2026-07-30T21:33:36.534402+00:00
495.0,0.95,0.97,1.18,5.0,86.0,0.39649041015625003,put,2026-10-30,SPY,741.72998046875,2026-07-30T21:33:36.534402+00:00
500.0,1.0,1.02,1.2,3.0,558.0,0.39087523193359375,put,2026-10-30,SPY,741.72998046875,2026-07-30T21:33:36.534402+00:00
505.0,1.04,1.06,1.16,10.0,99.0,0.3846497082519531,put,2026-10-30,SPY,741.72998046875,2026-07-30T21:33:36.534402+00:00
510.0,1.09,1.11,1.23,2.0,732.0,0.37879039184570307,put,2026-10-30,SPY,741.72998046875,2026-07-30T21:33:36.534402+00:00
515.0,1.14,1.16,1.23,3.0,232.0,0.37293107543945314,put,2026-10-30,SPY,741.72998046875,2026-07-30T21:33:36.534402+00:00
520.0,1.2,1.22,1.26,12.0,452.0,0.36737693176269537,put,2026-10-30,SPY,741.72998046875,2026-07-30T21:33:36.534402+00:00
525.0,1.25,1.28,1.44,1.0,380.0,0.3617007189941406,put,2026-10-30,SPY,741.72998046875,2026-07-30T21:33:36.534402+00:00
530.0,1.31,1.33,1.44,1.0,335.0,0.35547519531249994,put,2026-10-30,SPY,741.72998046875,2026-07-30T21:33:36.534402+00:00
535.0,1.37,1.4,1.49,1.0,121.0,0.3501041552734374,put,2026-10-30,SPY,741.72998046875,2026-07-30T21:33:36.534402+00:00
540.0,1.44,1.46,1.72,401.0,162.0,0.3441227697753906,put,2026-10-30,SPY,741.72998046875,2026-07-30T21:33:36.534402+00:00
545.0,1.51,1.53,1.87,1.0,173.0,0.33838552246093745,put,2026-10-30,SPY,741.72998046875,2026-07-30T21:33:36.534402+00:00
550.0,1.58,1.61,1.71,7.0,649.0,0.3329534478759766,put,2026-10-30,SPY,741.72998046875,2026-07-30T21:33:36.534402+00:00
555.0,1.66,1.69,1.68,5.0,399.0,0.32739930419921875,put,2026-10-30,SPY,741.72998046875,2026-07-30T21:33:36.534402+00:00
560.0,1.74,1.77,1.81,11.0,293.0,0.32166205688476557,put,2026-10-30,SPY,741.72998046875,2026-07-30T21:33:36.534402+00:00
565.0,1.83,1.86,2.1,2.0,187.0,0.3161079132080078,put,2026-10-30,SPY,741.72998046875,2026-07-30T21:33:36.534402+00:00
570.0,1.92,1.95,2.09,3.0,564.0,0.3104317004394531,put,2026-10-30,SPY,741.72998046875,2026-07-30T21:33:36.534402+00:00
575.0,2.02,2.05,2.12,6.0,889.0,0.30493859130859374,put,2026-10-30,SPY,741.72998046875,2026-07-30T21:33:36.534402+00:00
580.0,2.13,2.16,2.13,134.0,609.0,0.2995675512695312,put,2026-10-30,SPY,741.72998046875,2026-07-30T21:33:36.534402+00:00
585.0,2.24,2.27,2.26,197.0,289.0,0.29395237304687494,put,2026-10-30,SPY,741.72998046875,2026-07-30T21:33:36.534402+00:00
590.0,2.36,2.4,2.38,7.0,456.0,0.28876443664550777,put,2026-10-30,SPY,741.72998046875,2026-07-30T21:33:36.534402+00:00
595.0,2.49,2.53,2.91,1.0,591.0,0.2833323620605468,put,2026-10-30,SPY,741.72998046875,2026-07-30T21:33:36.534402+00:00
600.0,2.64,2.67,2.69,24.0,641.0,0.2779613220214844,put,2026-10-30,SPY,741.72998046875,2026-07-30T21:33:36.534402+00:00
605.0,2.79,2.83,3.2,4.0,543.0,0.2728649374389648,put,2026-10-30,SPY,741.72998046875,2026-07-30T21:33:36.534402+00:00
610.0,2.96,3.0,3.2,2.0,523.0,0.26770751831054684,put,2026-10-30,SPY,741.72998046875,2026-07-30T21:33:36.534402+00:00
615.0,3.14,3.18,3.67,4.0,214.0,0.2625500991821289,put,2026-10-30,SPY,741.72998046875,2026-07-30T21:33:36.534402+00:00
620.0,3.33,3.37,3.52,12.0,1611.0,0.2573316455078125,put,2026-10-30,SPY,741.72998046875,2026-07-30T21:33:36.534402+00:00
625.0,3.54,3.58,4.06,1.0,821.0,0.25220474365234374,put,2026-10-30,SPY,741.72998046875,2026-07-30T21:33:36.534402+00:00
630.0,3.76,3.81,4.15,5.0,516.0,0.24719991088867188,put,2026-10-30,SPY,741.72998046875,2026-07-30T21:33:36.534402+00:00
635.0,4.01,4.06,4.43,43.0,349.0,0.242195078125,put,2026-10-30,SPY,741.72998046875,2026-07-30T21:33:36.534402+00:00
640.0,4.27,4.33,5.05,200.0,407.0,0.23722076263427733,put,2026-10-30,SPY,741.72998046875,2026-07-30T21:33:36.534402+00:00
641.0,4.33,4.38,4.9,1.0,218.0,0.23612214080810545,put,2026-10-30,SPY,741.72998046875,2026-07-30T21:33:36.534402+00:00
642.0,4.38,4.44,5.11,1.0,135.0,0.23517610534667968,put,2026-10-30,SPY,741.72998046875,2026-07-30T21:33:36.534402+00:00
643.0,4.44,4.5,6.2,8.0,352.0,0.23419955261230468,put,2026-10-30,SPY,741.72998046875,2026-07-30T21:33:36.534402+00:00
644.0,5.81,5.86,8.34,3.0,117.0,0.2514723291015625,put,2026-10-30,SPY,741.72998046875,2026-07-30T21:33:36.534402+00:00
645.0,4.56,4.62,5.79,11.0,318.0,0.23221592987060546,put,2026-10-30,SPY,741.72998046875,2026-07-30T21:33:36.534402+00:00
646.0,4.62,4.68,5.97,2.0,146.0,0.23120885986328127,put,2026-10-30,SPY,741.72998046875,2026-07-30T21:33:36.534402+00:00
647.0,4.68,4.74,5.45,1.0,40.0,0.23020178985595702,put,2026-10-30,SPY,741.72998046875,2026-07-30T21:33:36.534402+00:00
648.0,4.75,4.79,10.62,1.0,151.0,0.22901161621093752,put,2026-10-30,SPY,741.72998046875,2026-07-30T21:33:36.534402+00:00
649.0,4.8,4.86,5.02,1.0,32.0,0.22809609802246095,put,2026-10-30,SPY,741.72998046875,2026-07-30T21:33:36.534402+00:00
650.0,4.87,4.93,5.13,100.0,1978.0,0.22718057983398435,put,2026-10-30,SPY,741.72998046875,2026-07-30T21:33:36.534402+00:00
651.0,4.93,4.99,5.5,1.0,53.0,0.22611247528076173,put,2026-10-30,SPY,741.72998046875,2026-07-30T21:33:36.534402+00:00
652.0,5.0,5.06,5.19,213.0,295.0,0.22515118118286132,put,2026-10-30,SPY,741.72998046875,2026-07-30T21:33:36.534402+00:00
653.0,5.07,5.13,6.23,1.0,261.0,0.2241898870849609,put,2026-10-30,SPY,741.72998046875,2026-07-30T21:33:36.534402+00:00
654.0,5.14,5.2,5.77,2.0,59.0,0.22319807571411132,put,2026-10-30,SPY,741.72998046875,2026-07-30T21:33:36.534402+00:00
655.0,5.2,5.27,5.52,2.0,90.0,0.22220626434326168,put,2026-10-30,SPY,741.72998046875,2026-07-30T21:33:36.534402+00:00
656.0,5.28,5.34,5.56,1.0,23.0,0.22118393569946287,put,2026-10-30,SPY,741.72998046875,2026-07-30T21:33:36.534402+00:00
657.0,5.35,5.41,7.86,15.0,58.0,0.220161607055664,put,2026-10-30,SPY,741.72998046875,2026-07-30T21:33:36.534402+00:00
658.0,5.42,5.48,5.72,1.0,59.0,0.21912401977539062,put,2026-10-30,SPY,741.72998046875,2026-07-30T21:33:36.534402+00:00
659.0,5.5,5.56,8.3,1.0,64.0,0.2181779843139648,put,2026-10-30,SPY,741.72998046875,2026-07-30T21:33:36.534402+00:00
660.0,5.57,5.64,5.64,81.0,325.0,0.21723194885253905,put,2026-10-30,SPY,741.72998046875,2026-07-30T21:33:36.534402+00:00
661.0,5.65,5.71,7.03,4.0,56.0,0.21614858566284179,put,2026-10-30,SPY,741.72998046875,2026-07-30T21:33:36.534402+00:00
662.0,5.73,5.79,6.98,1.0,96.0,0.2151567742919922,put,2026-10-30,SPY,741.72998046875,2026-07-30T21:33:36.534402+00:00
663.0,5.8,5.87,6.92,1.0,49.0,0.21418022155761718,put,2026-10-30,SPY,741.72998046875,2026-07-30T21:33:36.534402+00:00
664.0,5.89,5.95,6.83,2.0,55.0,0.21315789291381837,put,2026-10-30,SPY,741.72998046875,2026-07-30T21:33:36.534402+00:00
665.0,5.97,6.03,6.02,15.0,326.0,0.2121355642700195,put,2026-10-30,SPY,741.72998046875,2026-07-30T21:33:36.534402+00:00
666.0,6.05,6.12,6.66,1.0,40.0,0.21120478744506832,put,2026-10-30,SPY,741.72998046875,2026-07-30T21:33:36.534402+00:00
667.0,6.13,6.2,7.73,1.0,32.0,0.21015194152832029,put,2026-10-30,SPY,741.72998046875,2026-07-30T21:33:36.534402+00:00
668.0,6.22,6.29,6.84,1.0,28.0,0.20917538879394526,put,2026-10-30,SPY,741.72998046875,2026-07-30T21:33:36.534402+00:00
669.0,6.31,6.38,6.88,1.0,49.0,0.20819883605957026,put,2026-10-30,SPY,741.72998046875,2026-07-30T21:33:36.534402+00:00
670.0,6.4,6.47,7.35,21.0,299.0,0.20720702468872065,put,2026-10-30,SPY,741.72998046875,2026-07-30T21:33:36.534402+00:00
671.0,6.49,6.56,7.5,12.0,88.0,0.20618469604492184,put,2026-10-30,SPY,741.72998046875,2026-07-30T21:33:36.534402+00:00
672.0,6.58,6.65,7.46,1.0,29.0,0.20516236740112304,put,2026-10-30,SPY,741.72998046875,2026-07-30T21:33:36.534402+00:00
673.0,6.67,6.75,8.78,1.0,214.0,0.20423159057617185,put,2026-10-30,SPY,741.72998046875,2026-07-30T21:33:36.534402+00:00
674.0,6.77,6.84,6.65,1.0,185.0,0.2031634860229492,put,2026-10-30,SPY,741.72998046875,2026-07-30T21:33:36.534402+00:00
675.0,6.87,6.94,6.94,5.0,400.0,0.20218693328857418,put,2026-10-30,SPY,741.72998046875,2026-07-30T21:33:36.534402+00:00
676.0,6.96,7.04,9.11,1.0,64.0,0.20117986328124998,put,2026-10-30,SPY,741.72998046875,2026-07-30T21:33:36.534402+00:00
677.0,7.06,7.14,8.2,1.0,151.0,0.2001727932739258,put,2026-10-30,SPY,741.72998046875,2026-07-30T21:33:36.534402+00:00
678.0,7.17,7.24,7.12,1.0,282.0,0.1991352059936523,put,2026-10-30,SPY,741.72998046875,2026-07-30T21:33:36.534402+00:00
679.0,7.27,7.34,7.62,2.0,106.0,0.1980976187133789,put,2026-10-30,SPY,741.72998046875,2026-07-30T21:33:36.534402+00:00
680.0,7.38,7.45,7.78,27.0,1065.0,0.19712106597900392,put,2026-10-30,SPY,741.72998046875,2026-07-30T21:33:36.534402+00:00
681.0,7.48,7.56,8.18,2.0,267.0,0.1961445132446289,put,2026-10-30,SPY,741.72998046875,2026-07-30T21:33:36.534402+00:00
682.0,7.59,7.67,8.39,13.0,129.0,0.1951374432373047,put,2026-10-30,SPY,741.72998046875,2026-07-30T21:33:36.534402+00:00
683.0,7.7,7.78,7.67,16.0,5936.0,0.1941151145935059,put,2026-10-30,SPY,741.72998046875,2026-07-30T21:33:36.534402+00:00
684.0,7.82,7.9,8.81,3.0,480.0,0.1931690791320801,put,2026-10-30,SPY,741.72998046875,2026-07-30T21:33:36.534402+00:00
685.0,7.93,8.01,8.0,36.0,1277.0,0.19210097457885744,put,2026-10-30,SPY,741.72998046875,2026-07-30T21:33:36.534402+00:00
686.0,8.05,8.13,9.28,4.0,299.0,0.1911091632080078,put,2026-10-30,SPY,741.72998046875,2026-07-30T21:33:36.534402+00:00
687.0,8.17,8.25,10.67,2.0,147.0,0.1901020932006836,put,2026-10-30,SPY,741.72998046875,2026-07-30T21:33:36.534402+00:00
688.0,8.29,8.37,9.67,2.0,133.0,0.1890645059204102,put,2026-10-30,SPY,741.72998046875,2026-07-30T21:33:36.534402+00:00
689.0,8.42,8.5,9.63,35.0,106.0,0.18811847045898436,put,2026-10-30,SPY,741.72998046875,2026-07-30T21:33:36.534402+00:00
690.0,8.54,8.62,8.87,22.0,945.0,0.18705036590576174,put,2026-10-30,SPY,741.72998046875,2026-07-30T21:33:36.534402+00:00
691.0,8.67,8.75,9.56,13.0,74.0,0.1860432958984375,put,2026-10-30,SPY,741.72998046875,2026-07-30T21:33:36.534402+00:00
692.0,8.8,8.88,9.59,8.0,83.0,0.18502096725463862,put,2026-10-30,SPY,741.72998046875,2026-07-30T21:33:36.534402+00:00
693.0,8.93,9.01,10.1,7.0,93.0,0.18396812133789062,put,2026-10-30,SPY,741.72998046875,2026-07-30T21:33:36.534402+00:00
694.0,9.07,9.15,10.51,1.0,37.0,0.1829915686035156,put,2026-10-30,SPY,741.72998046875,2026-07-30T21:33:36.534402+00:00
695.0,9.2,9.29,10.0,5.0,308.0,0.18198449859619142,put,2026-10-30,SPY,741.72998046875,2026-07-30T21:33:36.534402+00:00
696.0,9.34,9.43,10.68,2.0,38.0,0.18096216995239256,put,2026-10-30,SPY,741.72998046875,2026-07-30T21:33:36.534402+00:00
697.0,9.48,9.57,10.85,1.0,48.0,0.17990932403564452,put,2026-10-30,SPY,741.72998046875,2026-07-30T21:33:36.534402+00:00
698.0,9.63,9.72,10.99,2.0,87.0,0.1789327713012695,put,2026-10-30,SPY,741.72998046875,2026-07-30T21:33:36.534402+00:00
699.0,9.78,9.87,13.41,16.0,57.0,0.1779257012939453,put,2026-10-30,SPY,741.72998046875,2026-07-30T21:33:36.534402+00:00
700.0,9.93,10.02,10.0,742.0,1817.0,0.17688811401367188,put,2026-10-30,SPY,741.72998046875,2026-07-30T21:33:36.534402+00:00
701.0,10.08,10.17,15.01,1.0,50.0,0.17582000946044923,put,2026-10-30,SPY,741.72998046875,2026-07-30T21:33:36.534402+00:00
702.0,10.24,10.33,10.89,1.0,59.0,0.1748281980895996,put,2026-10-30,SPY,741.72998046875,2026-07-30T21:33:36.534402+00:00
703.0,10.4,10.49,12.38,4.0,70.0,0.1738058694458008,put,2026-10-30,SPY,741.72998046875,2026-07-30T21:33:36.534402+00:00
704.0,10.56,10.65,13.19,1.0,50.0,0.17273776489257814,put,2026-10-30,SPY,741.72998046875,2026-07-30T21:33:36.534402+00:00
705.0,10.72,10.82,13.84,2.0,148.0,0.17174595352172856,put,2026-10-30,SPY,741.72998046875,2026-07-30T21:33:36.534402+00:00
706.0,10.89,10.98,13.14,1.0,165.0,0.17064733169555668,put,2026-10-30,SPY,741.72998046875,2026-07-30T21:33:36.534402+00:00
707.0,11.06,11.16,11.59,12.0,380.0,0.16967077896118166,put,2026-10-30,SPY,741.72998046875,2026-07-30T21:33:36.534402+00:00
708.0,11.24,11.33,11.8,12.0,102.0,0.16858741577148442,put,2026-10-30,SPY,741.72998046875,2026-07-30T21:33:36.534402+00:00
709.0,11.42,11.51,13.96,1.0,347.0,0.16756508712768559,put,2026-10-30,SPY,741.72998046875,2026-07-30T21:33:36.534402+00:00
710.0,11.6,11.69,12.84,55.0,1640.0,0.16651224121093755,put,2026-10-30,SPY,741.72998046875,2026-07-30T21:33:36.534402+00:00
711.0,11.78,11.88,13.72,10.0,102.0,0.1655051712036133,put,2026-10-30,SPY,741.72998046875,2026-07-30T21:33:36.534402+00:00
712.0,11.97,12.07,13.6,4.0,251.0,0.16446758392333982,put,2026-10-30,SPY,741.72998046875,2026-07-30T21:33:36.534402+00:00
713.0,12.16,12.26,13.8,5.0,641.0,0.16339947937011723,put,2026-10-30,SPY,741.72998046875,2026-07-30T21:33:36.534402+00:00
714.0,12.36,12.46,15.25,14.0,106.0,0.16239240936279298,put,2026-10-30,SPY,741.72998046875,2026-07-30T21:33:36.534402+00:00
715.0,12.56,12.66,12.53,354.0,593.0,0.1613395634460449,put,2026-10-30,SPY,741.72998046875,2026-07-30T21:33:36.534402+00:00
716.0,12.76,12.86,13.64,5.0,59.0,0.16025620025634768,put,2026-10-30,SPY,741.72998046875,2026-07-30T21:33:36.534402+00:00
717.0,12.97,13.07,13.94,8.0,184.0,0.1592186129760742,put,2026-10-30,SPY,741.72998046875,2026-07-30T21:33:36.534402+00:00
718.0,13.18,13.29,15.92,1.0,88.0,0.15822680160522462,put,2026-10-30,SPY,741.72998046875,2026-07-30T21:33:36.534402+00:00
719.0,13.4,13.51,14.78,20.0,165.0,0.1571892143249512,put,2026-10-30,SPY,741.72998046875,2026-07-30T21:33:36.534402+00:00
720.0,13.62,13.73,13.64,171.0,972.0,0.15613636840820314,put,2026-10-30,SPY,741.72998046875,2026-07-30T21:33:36.534402+00:00
721.0,13.84,13.95,17.04,1.0,13.0,0.1550377465820313,put,2026-10-30,SPY,741.72998046875,2026-07-30T21:33:36.534402+00:00
722.0,14.07,14.18,16.19,2.0,81.0,0.1539849006652832,put,2026-10-30,SPY,741.72998046875,2026-07-30T21:33:36.534402+00:00
723.0,14.31,14.42,16.19,1.0,30.0,0.15296257202148442,put,2026-10-30,SPY,741.72998046875,2026-07-30T21:33:36.534402+00:00
724.0,14.54,14.66,18.74,4.0,70.0,0.15189446746826174,put,2026-10-30,SPY,741.72998046875,2026-07-30T21:33:36.534402+00:00
725.0,14.79,14.9,15.5,22.0,962.0,0.15081110427856448,put,2026-10-30,SPY,741.72998046875,2026-07-30T21:33:36.534402+00:00
726.0,15.04,15.15,19.93,4.0,56.0,0.14974299972534183,put,2026-10-30,SPY,741.72998046875,2026-07-30T21:33:36.534402+00:00
727.0,15.29,15.41,18.63,3.0,55.0,0.14872067108154297,put,2026-10-30,SPY,741.72998046875,2026-07-30T21:33:36.534402+00:00
728.0,15.55,15.67,20.65,2.0,35.0,0.14765256652832032,put,2026-10-30,SPY,741.72998046875,2026-07-30T21:33:36.534402+00:00
729.0,15.82,15.94,19.05,2.0,48.0,0.14661497924804687,put,2026-10-30,SPY,741.72998046875,2026-07-30T21:33:36.534402+00:00
730.0,16.09,16.21,16.19,70.0,1227.0,0.14553161605834958,put,2026-10-30,SPY,741.72998046875,2026-07-30T21:33:36.534402+00:00
731.0,16.37,16.49,17.1,25.0,64.0,0.14449402877807616,put,2026-10-30,SPY,741.72998046875,2026-07-30T21:33:36.534402+00:00
732.0,16.65,16.77,17.99,9.0,307.0,0.14339540695190428,put,2026-10-30,SPY,741.72998046875,2026-07-30T21:33:36.534402+00:00
733.0,16.94,17.06,16.89,3.0,157.0,0.14234256103515625,put,2026-10-30,SPY,741.72998046875,2026-07-30T21:33:36.534402+00:00
734.0,17.23,17.36,18.08,23.0,271.0,0.14129734443664552,put,2026-10-30,SPY,741.72998046875,2026-07-30T21:33:36.534402+00:00
735.0,17.53,17.66,18.43,129.0,852.0,0.14021398124694825,put,2026-10-30,SPY,741.72998046875,2026-07-30T21:33:36.534402+00:00
736.0,17.84,17.97,21.4,28.0,101.0,0.1391535060119629,put,2026-10-30,SPY,741.72998046875,2026-07-30T21:33:36.534402+00:00
737.0,18.15,18.28,18.78,10.0,198.0,0.13803962554931642,put,2026-10-30,SPY,741.72998046875,2026-07-30T21:33:36.534402+00:00
738.0,18.47,18.61,20.0,13.0,615.0,0.13703255554199223,put,2026-10-30,SPY,741.72998046875,2026-07-30T21:33:36.534402+00:00
739.0,18.8,18.93,20.56,11.0,222.0,0.13588815780639651,put,2026-10-30,SPY,741.72998046875,2026-07-30T21:33:36.534402+00:00
740.0,19.14,19.27,19.25,1652.0,1156.0,0.13484294120788579,put,2026-10-30,SPY,741.72998046875,2026-07-30T21:33:36.534402+00:00
741.0,19.48,19.61,19.5,112.0,78.0,0.13374431938171386,put,2026-10-30,SPY,741.72998046875,2026-07-30T21:33:36.534402+00:00
742.0,19.83,19.96,20.56,15.0,262.0,0.1326609561920166,put,2026-10-30,SPY,741.72998046875,2026-07-30T21:33:36.534402+00:00
743.0,20.18,20.32,20.37,25.0,260.0,0.13158522232055664,put,2026-10-30,SPY,741.72998046875,2026-07-30T21:33:36.534402+00:00
744.0,20.55,20.69,23.18,7.0,94.0,0.13053237640380855,put,2026-10-30,SPY,741.72998046875,2026-07-30T21:33:36.534402+00:00
745.0,20.92,21.06,21.9,175.0,1521.0,0.12941849594116211,put,2026-10-30,SPY,741.72998046875,2026-07-30T21:33:36.534402+00:00
746.0,21.3,21.45,22.2,275.0,317.0,0.12839616729736325,put,2026-10-30,SPY,741.72998046875,2026-07-30T21:33:36.534402+00:00
747.0,21.69,21.83,25.52,1.0,2.0,0.12723651092529298,put,2026-10-30,SPY,741.72998046875,2026-07-30T21:33:36.534402+00:00
748.0,22.08,22.23,26.48,128.0,61.0,0.12615314773559572,put,2026-10-30,SPY,741.72998046875,2026-07-30T21:33:36.534402+00:00
749.0,22.49,22.64,23.39,23.0,28.0,0.12506978454589845,put,2026-10-30,SPY,741.72998046875,2026-07-30T21:33:36.534402+00:00
750.0,22.9,23.05,24.0,206.0,2371.0,0.12394064544677735,put,2026-10-30,SPY,741.72998046875,2026-07-30T21:33:36.534402+00:00
751.0,23.32,23.47,25.2,4.0,2.0,0.12281150634765625,put,2026-10-30,SPY,741.72998046875,2026-07-30T21:33:36.534402+00:00
753.0,24.19,24.34,23.26,,2.0,0.12053796951293946,put,2026-10-30,SPY,741.72998046875,2026-07-30T21:33:36.534402+00:00
754.0,24.64,24.79,23.44,,3.0,0.11940883041381836,put,2026-10-30,SPY,741.72998046875,2026-07-30T21:33:36.534402+00:00
755.0,25.09,25.25,28.34,3.0,820.0,0.11827969131469726,put,2026-10-30,SPY,741.72998046875,2026-07-30T21:33:36.534402+00:00
756.0,25.56,25.71,31.5,10.0,8.0,0.11707425903320312,put,2026-10-30,SPY,741.72998046875,2026-07-30T21:33:36.534402+00:00
757.0,26.03,26.2,27.98,2.0,1.0,0.11600615447998047,put,2026-10-30,SPY,741.72998046875,2026-07-30T21:33:36.534402+00:00
760.0,26.91,29.04,28.8,16.0,419.0,0.12220116088867189,put,2026-10-30,SPY,741.72998046875,2026-07-30T21:33:36.534402+00:00
761.0,26.69,29.56,32.41,,3.0,0.1211177976989746,put,2026-10-30,SPY,741.72998046875,2026-07-30T21:33:36.534402+00:00
765.0,28.47,32.19,35.66,9.0,495.0,0.12017176223754883,put,2026-10-30,SPY,741.72998046875,2026-07-30T21:33:36.534402+00:00
770.0,31.56,35.14,35.63,5.0,154.0,0.11481598083496095,put,2026-10-30,SPY,741.72998046875,2026-07-30T21:33:36.534402+00:00
775.0,34.51,38.38,33.35,10.0,95.0,0.1095364926147461,put,2026-10-30,SPY,741.72998046875,2026-07-30T21:33:36.534402+00:00
780.0,38.03,41.89,41.13,2.0,25.0,0.1040433834838867,put,2026-10-30,SPY,741.72998046875,2026-07-30T21:33:36.534402+00:00
781.0,38.8,42.63,46.5,1.0,1.0,0.10297527893066405,put,2026-10-30,SPY,741.72998046875,2026-07-30T21:33:36.534402+00:00
782.0,39.6,43.37,49.63,1.0,1.0,0.10178510528564452,put,2026-10-30,SPY,741.72998046875,2026-07-30T21:33:36.534402+00:00
785.0,41.97,45.68,44.64,2.0,11.0,0.09839768798828125,put,2026-10-30,SPY,741.72998046875,2026-07-30T21:33:36.534402+00:00
790.0,46.11,49.76,58.2,2.0,16.0,0.09269095794677734,put,2026-10-30,SPY,741.72998046875,2026-07-30T21:33:36.534402+00:00
791.0,46.75,50.61,48.42,4.0,30.0,0.09156181884765624,put,2026-10-30,SPY,741.72998046875,2026-07-30T21:33:36.534402+00:00
795.0,0.0,0.0,61.0,1.0,0.0,1.0000000000000003e-05,put,2026-10-30,SPY,741.72998046875,2026-07-30T21:33:36.534402+00:00
797.0,52.09,55.95,56.13,10.0,0.0,0.08551939880371096,put,2026-10-30,SPY,741.72998046875,2026-07-30T21:33:36.534402+00:00
800.0,54.9,58.76,61.5,1.0,16.0,0.08350525878906252,put,2026-10-30,SPY,741.72998046875,2026-07-30T21:33:36.534402+00:00
805.0,59.49,63.92,55.85,,0.0,0.09403371795654297,put,2026-10-30,SPY,741.72998046875,2026-07-30T21:33:36.534402+00:00
810.0,64.5,68.87,63.0,4.0,1.0,0.09821458435058594,put,2026-10-30,SPY,741.72998046875,2026-07-30T21:33:36.534402+00:00
820.0,0.0,0.0,78.0,154.0,0.0,1.0000000000000003e-05,put,2026-10-30,SPY,741.72998046875,2026-07-30T21:33:36.534402+00:00
825.0,68.79,72.3,102.0,,0.0,1.0000000000000003e-05,put,2026-10-30,SPY,741.72998046875,2026-07-30T21:33:36.534402+00:00
835.0,89.6,94.0,104.01,1.0,0.0,0.12952530639648438,put,2026-10-30,SPY,741.72998046875,2026-07-30T21:33:36.534402+00:00
840.0,94.64,99.0,108.99,1.0,5.0,0.13477427734375003,put,2026-10-30,SPY,741.72998046875,2026-07-30T21:33:36.534402+00:00
845.0,99.64,104.0,105.93,1.0,0.0,0.1399622137451172,put,2026-10-30,SPY,741.72998046875,2026-07-30T21:33:36.534402+00:00
855.0,114.71,118.08,131.84,1.0,0.0,0.22818764984130857,put,2026-10-30,SPY,741.72998046875,2026-07-30T21:33:36.534402+00:00
860.0,119.7,123.07,136.74,1.0,0.0,0.23459627716064452,put,2026-10-30,SPY,741.72998046875,2026-07-30T21:33:36.534402+00:00
865.0,0.0,0.0,124.27,,0.0,1.0000000000000003e-05,put,2026-10-30,SPY,741.72998046875,2026-07-30T21:33:36.534402+00:00
875.0,129.67,134.0,145.54,1.0,0.0,0.16993017578125003,put,2026-10-30,SPY,741.72998046875,2026-07-30T21:33:36.534402+00:00
900.0,143.85,147.3,145.02,,0.0,1.0000000000000003e-05,put,2026-10-30,SPY,741.72998046875,2026-07-30T21:33:36.534402+00:00
