strike,bid,ask,last_price,volume,open_interest,vendor_implied_volatility,option_type,expiration,ticker,spot,download_timestamp
710.0,54.48,56.27,55.42,179.0,1,0.39124143920898435,call,2026-10-06,SPY,764.2899780273438,2026-09-29T23:44:19.833119+00:00
741.0,23.9,25.69,23.65,487.0,11,0.22797402893066404,call,2026-10-06,SPY,764.2899780273438,2026-09-29T23:44:19.833119+00:00
742.0,22.95,24.68,23.83,599.0,11,0.22132126342773437,call,2026-10-06,SPY,764.2899780273438,2026-09-29T23:44:19.833119+00:00
743.0,22.0,23.81,22.49,437.0,14,0.2192460888671875,call,2026-10-06,SPY,764.2899780273438,2026-09-29T23:44:19.833119+00:00
745.0,20.27,21.77,20.75,542.0,7,0.20490297058105467,call,2026-10-06,SPY,764.2899780273438,2026-09-29T23:44:19.833119+00:00
747.0,18.8,19.45,19.37,244.0,10,0.18164880859375,call,2026-10-06,SPY,764.2899780273438,2026-09-29T23:44:19.833119+00:00
748.0,17.92,18.53,18.06,132.0,6,0.17762052856445312,call,2026-10-06,SPY,764.2899780273438,2026-09-29T23:44:19.833119+00:00
749.0,17.05,17.61,17.34,321.0,11,0.17347017944335938,call,2026-10-06,SPY,764.2899780273438,2026-09-29T23:44:19.833119+00:00
750.0,16.2,16.72,16.66,247.0,12,0.16999121032714848,call,2026-10-06,SPY,764.2899780273438,2026-09-29T23:44:19.833119+00:00
751.0,15.32,15.83,15.85,172.0,46,0.1662681030273438,call,2026-10-06,SPY,764.2899780273438,2026-09-29T23:44:19.833119+00:00
752.0,14.47,14.98,14.73,178.0,23,0.16342999664306646,call,2026-10-06,SPY,764.2899780273438,2026-09-29T23:44:19.833119+00:00
753.0,13.63,14.11,14.01,422.0,27,0.15973740661621094,call,2026-10-06,SPY,764.2899780273438,2026-09-29T23:44:19.833119+00:00
755.0,12.0,12.46,12.22,483.0,12,0.15393912475585939,call,2026-10-06,SPY,764.2899780273438,2026-09-29T23:44:19.833119+00:00
756.0,11.27,11.64,10.94,597.0,17,0.1506432592773438,call,2026-10-06,SPY,764.2899780273438,2026-09-29T23:44:19.833119+00:00
757.0,10.47,10.84,11.01,98.0,19,0.14749998016357424,call,2026-10-06,SPY,764.2899780273438,2026-09-29T23:44:19.833119+00:00
760.0,8.3,8.64,8.26,221.0,90,0.14038945556640625,call,2026-10-06,SPY,764.2899780273438,2026-09-29T23:44:19.833119+00:00
761.0,7.6,7.94,7.65,67.0,30,0.1378260046386719,call,2026-10-06,SPY,764.2899780273438,2026-09-29T23:44:19.833119+00:00
762.0,6.93,7.24,7.03,680.0,39,0.13480479461669925,call,2026-10-06,SPY,764.2899780273438,2026-09-29T23:44:19.833119+00:00
763.0,6.3,6.59,6.4,928.0,23,0.13239393005371097,call,2026-10-06,SPY,764.2899780273438,2026-09-29T23:44:19.833119+00:00
764.0,5.81,5.85,5.8,837.0,71,0.12738909729003906,call,2026-10-06,SPY,764.2899780273438,2026-09-29T23:44:19.833119+00:00
765.0,5.23,5.27,5.26,2723.0,196,0.12534444000244144,call,2026-10-06,SPY,764.2899780273438,2026-09-29T23:44:19.833119+00:00
766.0,4.69,4.72,4.71,1449.0,340,0.12333029998779299,call,2026-10-06,SPY,764.2899780273438,2026-09-29T23:44:19.833119+00:00
767.0,4.17,4.21,4.22,832.0,278,0.12152978088378906,call,2026-10-06,SPY,764.2899780273438,2026-09-29T23:44:19.833119+00:00
768.0,3.7,3.73,3.71,1272.0,590,0.11975977905273436,call,2026-10-06,SPY,764.2899780273438,2026-09-29T23:44:19.833119+00:00
769.0,3.25,3.28,3.28,660.0,183,0.11792874267578124,call,2026-10-06,SPY,764.2899780273438,2026-09-29T23:44:19.833119+00:00
770.0,2.85,2.88,2.87,1571.0,564,0.11655546539306641,call,2026-10-06,SPY,764.2899780273438,2026-09-29T23:44:19.833119+00:00
771.0,2.48,2.5,2.29,298.0,594,0.11487701538085937,call,2026-10-06,SPY,764.2899780273438,2026-09-29T23:44:19.833119+00:00
772.0,2.14,2.16,2.15,844.0,255,0.11344270355224609,call,2026-10-06,SPY,764.2899780273438,2026-09-29T23:44:19.833119+00:00
773.0,1.84,1.85,1.85,545.0,298,0.11200839172363279,call,2026-10-06,SPY,764.2899780273438,2026-09-29T23:44:19.833119+00:00
774.0,1.56,1.59,1.6,436.0,363,0.11109287353515623,call,2026-10-06,SPY,764.2899780273438,2026-09-29T23:44:19.833119+00:00
775.0,1.33,1.35,1.35,2129.0,3412,0.10999425170898436,call,2026-10-06,SPY,764.2899780273438,2026-09-29T23:44:19.833119+00:00
776.0,1.12,1.14,1.1,797.0,268,0.10901769897460936,call,2026-10-06,SPY,764.2899780273438,2026-09-29T23:44:19.833119+00:00
777.0,0.93,0.95,0.94,448.0,187,0.1079190771484375,call,2026-10-06,SPY,764.2899780273438,2026-09-29T23:44:19.833119+00:00
778.0,0.78,0.8,0.78,193.0,199,0.10743080078125,call,2026-10-06,SPY,764.2899780273438,2026-09-29T23:44:19.833119+00:00
779.0,0.65,0.66,0.62,213.0,266,0.10651528259277344,call,2026-10-06,SPY,764.2899780273438,2026-09-29T23:44:19.833119+00:00
780.0,0.53,0.55,0.55,1210.0,527,0.10614907531738281,call,2026-10-06,SPY,764.2899780273438,2026-09-29T23:44:19.833119+00:00
781.0,0.44,0.45,0.44,249.0,471,0.1054776953125,call,2026-10-06,SPY,764.2899780273438,2026-09-29T23:44:19.833119+00:00
782.0,0.36,0.38,0.36,1110.0,234,0.10584390258789061,call,2026-10-06,SPY,764.2899780273438,2026-09-29T23:44:19.833119+00:00
783.0,0.3,0.31,0.29,577.0,232,0.10535562622070313,call,2026-10-06,SPY,764.2899780273438,2026-09-29T23:44:19.833119+00:00
784.0,0.24,0.25,0.26,355.0,53,0.1049894189453125,call,2026-10-06,SPY,764.2899780273438,2026-09-29T23:44:19.833119+00:00
785.0,0.2,0.21,0.21,199.0,476,0.1054776953125,call,2026-10-06,SPY,764.2899780273438,2026-09-29T23:44:19.833119+00:00
786.0,0.16,0.17,0.18,951.0,278,0.10523355712890625,call,2026-10-06,SPY,764.2899780273438,2026-09-29T23:44:19.833119+00:00
787.0,0.14,0.15,0.15,407.0,127,0.10669838623046876,call,2026-10-06,SPY,764.2899780273438,2026-09-29T23:44:19.833119+00:00
788.0,0.11,0.12,0.12,205.0,497,0.106454248046875,call,2026-10-06,SPY,764.2899780273438,2026-09-29T23:44:19.833119+00:00
789.0,0.09,0.1,0.11,705.0,166,0.1069425244140625,call,2026-10-06,SPY,764.2899780273438,2026-09-29T23:44:19.833119+00:00
790.0,0.08,0.09,0.09,804.0,282,0.1088956298828125,call,2026-10-06,SPY,764.2899780273438,2026-09-29T23:44:19.833119+00:00
791.0,0.07,0.08,0.08,94.0,698,0.11036045898437499,call,2026-10-06,SPY,764.2899780273438,2026-09-29T23:44:19.833119+00:00
792.0,0.06,0.07,0.07,64.0,55,0.11182528808593749,call,2026-10-06,SPY,764.2899780273438,2026-09-29T23:44:19.833119+00:00
793.0,0.05,0.06,0.06,72.0,93,0.1128018408203125,call,2026-10-06,SPY,764.2899780273438,2026-09-29T23:44:19.833119+00:00
794.0,0.05,0.06,0.07,75.0,111,0.1157314990234375,call,2026-10-06,SPY,764.2899780273438,2026-09-29T23:44:19.833119+00:00
795.0,0.05,0.06,0.06,89.0,303,0.11914943359374999,call,2026-10-06,SPY,764.2899780273438,2026-09-29T23:44:19.833119+00:00
796.0,0.04,0.05,0.05,92.0,2,0.11963770996093749,call,2026-10-06,SPY,764.2899780273438,2026-09-29T23:44:19.833119+00:00
797.0,0.04,0.05,0.06,50.0,51,0.12256736816406251,call,2026-10-06,SPY,764.2899780273438,2026-09-29T23:44:19.833119+00:00
798.0,0.04,0.05,0.05,14.0,21,0.125985302734375,call,2026-10-06,SPY,764.2899780273438,2026-09-29T23:44:19.833119+00:00
799.0,0.03,0.04,0.07,34.0,64,0.12549702636718751,call,2026-10-06,SPY,764.2899780273438,2026-09-29T23:44:19.833119+00:00
800.0,0.03,0.04,0.04,272.0,942,0.1289149609375,call,2026-10-06,SPY,764.2899780273438,2026-09-29T23:44:19.833119+00:00
801.0,0.03,0.04,0.04,2.0,66,0.131844619140625,call,2026-10-06,SPY,764.2899780273438,2026-09-29T23:44:19.833119+00:00
802.0,0.03,0.04,0.04,25.0,160,0.13477427734375003,call,2026-10-06,SPY,764.2899780273438,2026-09-29T23:44:19.833119+00:00
803.0,0.03,0.04,0.04,7.0,10,0.13770393554687502,call,2026-10-06,SPY,764.2899780273438,2026-09-29T23:44:19.833119+00:00
804.0,0.03,0.04,0.03,460.0,18,0.14063359375,call,2026-10-06,SPY,764.2899780273438,2026-09-29T23:44:19.833119+00:00
805.0,0.02,0.03,0.04,2284.0,159,0.13868048828125001,call,2026-10-06,SPY,764.2899780273438,2026-09-29T23:44:19.833119+00:00
807.0,0.02,0.03,0.07,,12,0.1445398046875,call,2026-10-06,SPY,764.2899780273438,2026-09-29T23:44:19.833119+00:00
808.0,0.02,0.03,0.03,48.0,63,0.148446015625,call,2026-10-06,SPY,764.2899780273438,2026-09-29T23:44:19.833119+00:00
810.0,0.02,0.03,0.02,200.0,137,0.15332877929687502,call,2026-10-06,SPY,764.2899780273438,2026-09-29T23:44:19.833119+00:00
815.0,0.02,0.03,0.03,400.0,94,0.16797707031250003,call,2026-10-06,SPY,764.2899780273438,2026-09-29T23:44:19.833119+00:00
820.0,0.02,0.03,0.02,248.0,97,0.18164880859375,call,2026-10-06,SPY,764.2899780273438,2026-09-29T23:44:19.833119+00:00
825.0,0.01,0.02,0.04,24.0,51,0.187508125,call,2026-10-06,SPY,764.2899780273438,2026-09-29T23:44:19.833119+00:00
835.0,0.01,0.02,0.04,,25,0.2148516015625,call,2026-10-06,SPY,764.2899780273438,2026-09-29T23:44:19.833119+00:00
845.0,0.01,0.02,0.02,52.0,52,0.24024197265624997,call,2026-10-06,SPY,764.2899780273438,2026-09-29T23:44:19.833119+00:00
550.0,0.0,0.01,0.01,151.0,151,0.6562534375000001,put,2026-10-06,SPY,764.2899780273438,2026-09-29T23:44:19.833119+00:00
575.0,0.0,0.01,0.01,70.0,10,0.5625043750000001,put,2026-10-06,SPY,764.2899780273438,2026-09-29T23:44:19.833119+00:00
580.0,0.0,0.01,0.01,10.0,72,0.5468795312500001,put,2026-10-06,SPY,764.2899780273438,2026-09-29T23:44:19.833119+00:00
600.0,0.0,0.01,0.04,,5,0.51562984375,put,2026-10-06,SPY,764.2899780273438,2026-09-29T23:44:19.833119+00:00
615.0,0.01,0.02,0.03,24.0,24,0.49219257812500006,put,2026-10-06,SPY,764.2899780273438,2026-09-29T23:44:19.833119+00:00
655.0,0.02,0.03,0.09,,3,0.37305314453125,put,2026-10-06,SPY,764.2899780273438,2026-09-29T23:44:19.833119+00:00
660.0,0.02,0.03,0.04,1.0,1,0.35547519531249994,put,2026-10-06,SPY,764.2899780273438,2026-09-29T23:44:19.833119+00:00
665.0,0.02,0.03,0.05,81.0,143,0.3398503515625,put,2026-10-06,SPY,764.2899780273438,2026-09-29T23:44:19.833119+00:00
670.0,0.03,0.04,0.04,8174.0,87,0.3320379296875,put,2026-10-06,SPY,764.2899780273438,2026-09-29T23:44:19.833119+00:00
675.0,0.03,0.04,0.05,4.0,1,0.31445998046874996,put,2026-10-06,SPY,764.2899780273438,2026-09-29T23:44:19.833119+00:00
690.0,0.04,0.05,0.06,212.0,6,0.270515107421875,put,2026-10-06,SPY,764.2899780273438,2026-09-29T23:44:19.833119+00:00
695.0,0.05,0.06,0.06,5.0,144,0.25879647460937505,put,2026-10-06,SPY,764.2899780273438,2026-09-29T23:44:19.833119+00:00
700.0,0.06,0.07,0.06,84.0,120,0.2461012890625,put,2026-10-06,SPY,764.2899780273438,2026-09-29T23:44:19.833119+00:00
705.0,0.06,0.07,0.31,18.0,28,0.2280350634765625,put,2026-10-06,SPY,764.2899780273438,2026-09-29T23:44:19.833119+00:00
710.0,0.08,0.09,0.08,12.0,45,0.2172929833984375,put,2026-10-06,SPY,764.2899780273438,2026-09-29T23:44:19.833119+00:00
715.0,0.09,0.1,0.09,1056.0,96,0.2016681396484375,put,2026-10-06,SPY,764.2899780273438,2026-09-29T23:44:19.833119+00:00
720.0,0.11,0.12,0.11,14.0,129,0.18799640136718748,put,2026-10-06,SPY,764.2899780273438,2026-09-29T23:44:19.833119+00:00
723.0,0.13,0.14,0.19,20.0,7,0.18091639404296872,put,2026-10-06,SPY,764.2899780273438,2026-09-29T23:44:19.833119+00:00
724.0,0.13,0.14,0.15,14.0,6,0.17701018310546873,put,2026-10-06,SPY,764.2899780273438,2026-09-29T23:44:19.833119+00:00
725.0,0.14,0.15,0.2,22.0,312,0.17505707763671874,put,2026-10-06,SPY,764.2899780273438,2026-09-29T23:44:19.833119+00:00
726.0,0.15,0.16,0.15,4.0,62,0.17285983398437502,put,2026-10-06,SPY,764.2899780273438,2026-09-29T23:44:19.833119+00:00
727.0,0.16,0.17,0.65,,2,0.17041845214843754,put,2026-10-06,SPY,764.2899780273438,2026-09-29T23:44:19.833119+00:00
728.0,0.17,0.18,0.23,23.0,64,0.16797707031250003,put,2026-10-06,SPY,764.2899780273438,2026-09-29T23:44:19.833119+00:00
729.0,0.18,0.19,0.21,55.0,35,0.16553568847656253,put,2026-10-06,SPY,764.2899780273438,2026-09-29T23:44:19.833119+00:00
730.0,0.19,0.2,0.2,63.0,292,0.16285016845703126,put,2026-10-06,SPY,764.2899780273438,2026-09-29T23:44:19.833119+00:00
731.0,0.2,0.21,0.2,12.0,12,0.1601646484375,put,2026-10-06,SPY,764.2899780273438,2026-09-29T23:44:19.833119+00:00
732.0,0.22,0.23,0.23,112.0,78,0.15845568115234376,put,2026-10-06,SPY,764.2899780273438,2026-09-29T23:44:19.833119+00:00
733.0,0.23,0.24,0.27,231.0,31,0.15552602294921875,put,2026-10-06,SPY,764.2899780273438,2026-09-29T23:44:19.833119+00:00
734.0,0.25,0.26,0.26,357.0,35,0.15357291748046875,put,2026-10-06,SPY,764.2899780273438,2026-09-29T23:44:19.833119+00:00
735.0,0.27,0.28,0.29,367.0,454,0.15137567382812503,put,2026-10-06,SPY,764.2899780273438,2026-09-29T23:44:19.833119+00:00
736.0,0.3,0.31,0.32,113.0,31,0.1500329138183594,put,2026-10-06,SPY,764.2899780273438,2026-09-29T23:44:19.833119+00:00
737.0,0.32,0.33,0.31,481.0,39,0.147469462890625,put,2026-10-06,SPY,764.2899780273438,2026-09-29T23:44:19.833119+00:00
738.0,0.35,0.36,0.37,157.0,57,0.145516357421875,put,2026-10-06,SPY,764.2899780273438,2026-09-29T23:44:19.833119+00:00
739.0,0.39,0.4,0.39,120.0,237,0.14429566650390624,put,2026-10-06,SPY,764.2899780273438,2026-09-29T23:44:19.833119+00:00
740.0,0.42,0.44,0.46,661.0,555,0.14258669921875,put,2026-10-06,SPY,764.2899780273438,2026-09-29T23:44:19.833119+00:00
741.0,0.47,0.48,0.47,329.0,9,0.14063359375,put,2026-10-06,SPY,764.2899780273438,2026-09-29T23:44:19.833119+00:00
742.0,0.51,0.53,0.52,629.0,88,0.13904669555664065,put,2026-10-06,SPY,764.2899780273438,2026-09-29T23:44:19.833119+00:00
743.0,0.57,0.58,0.57,452.0,64,0.13721565917968753,put,2026-10-06,SPY,764.2899780273438,2026-09-29T23:44:19.833119+00:00
744.0,0.63,0.64,0.64,596.0,33,0.13562876098632815,put,2026-10-06,SPY,764.2899780273438,2026-09-29T23:44:19.833119+00:00
745.0,0.69,0.71,0.72,868.0,475,0.13416393188476564,put,2026-10-06,SPY,764.2899780273438,2026-09-29T23:44:19.833119+00:00
746.0,0.77,0.78,0.79,799.0,133,0.13233289550781252,put,2026-10-06,SPY,764.2899780273438,2026-09-29T23:44:19.833119+00:00
747.0,0.85,0.87,0.87,394.0,198,0.13111220458984374,put,2026-10-06,SPY,764.2899780273438,2026-09-29T23:44:19.833119+00:00
748.0,0.94,0.96,0.96,440.0,867,0.12952530639648438,put,2026-10-06,SPY,764.2899780273438,2026-09-29T23:44:19.833119+00:00
749.0,1.04,1.06,1.06,412.0,95,0.12787737365722657,put,2026-10-06,SPY,764.2899780273438,2026-09-29T23:44:19.833119+00:00
750.0,1.16,1.18,1.16,798.0,1018,0.12659564819335936,put,2026-10-06,SPY,764.2899780273438,2026-09-29T23:44:19.833119+00:00
751.0,1.28,1.3,1.27,405.0,258,0.12488668090820312,put,2026-10-06,SPY,764.2899780273438,2026-09-29T23:44:19.833119+00:00
752.0,1.42,1.44,1.53,192.0,130,0.12342185180664064,put,2026-10-06,SPY,764.2899780273438,2026-09-29T23:44:19.833119+00:00
753.0,1.57,1.59,1.58,257.0,254,0.12177391906738282,put,2026-10-06,SPY,764.2899780273438,2026-09-29T23:44:19.833119+00:00
754.0,1.74,1.76,1.74,174.0,690,0.1203090899658203,put,2026-10-06,SPY,764.2899780273438,2026-09-29T23:44:19.833119+00:00
755.0,1.92,1.94,1.94,504.0,479,0.1186611572265625,put,2026-10-06,SPY,764.2899780273438,2026-09-29T23:44:19.833119+00:00
756.0,2.12,2.14,2.22,277.0,155,0.11701322448730468,put,2026-10-06,SPY,764.2899780273438,2026-09-29T23:44:19.833119+00:00
757.0,2.33,2.36,2.29,426.0,495,0.11542632629394532,put,2026-10-06,SPY,764.2899780273438,2026-09-29T23:44:19.833119+00:00
758.0,2.57,2.6,2.6,345.0,123,0.1137783935546875,put,2026-10-06,SPY,764.2899780273438,2026-09-29T23:44:19.833119+00:00
759.0,2.83,2.86,2.84,284.0,216,0.112038908996582,put,2026-10-06,SPY,764.2899780273438,2026-09-29T23:44:19.833119+00:00
760.0,3.11,3.14,3.12,741.0,698,0.11020787261962889,put,2026-10-06,SPY,764.2899780273438,2026-09-29T23:44:19.833119+00:00
761.0,3.42,3.46,3.45,315.0,278,0.10868200897216798,put,2026-10-06,SPY,764.2899780273438,2026-09-29T23:44:19.833119+00:00
762.0,3.75,3.79,3.67,625.0,123,0.1067594207763672,put,2026-10-06,SPY,764.2899780273438,2026-09-29T23:44:19.833119+00:00
763.0,4.12,4.15,4.13,1047.0,268,0.10480631530761718,put,2026-10-06,SPY,764.2899780273438,2026-09-29T23:44:19.833119+00:00
764.0,4.51,4.55,4.49,1797.0,394,0.10303631347656249,put,2026-10-06,SPY,764.2899780273438,2026-09-29T23:44:19.833119+00:00
765.0,4.93,4.98,4.95,1704.0,1196,0.10120527709960936,put,2026-10-06,SPY,764.2899780273438,2026-09-29T23:44:19.833119+00:00
766.0,5.39,5.44,5.46,911.0,137,0.09922165435791015,put,2026-10-06,SPY,764.2899780273438,2026-09-29T23:44:19.833119+00:00
767.0,5.76,6.03,6.28,269.0,441,0.09937424072265624,put,2026-10-06,SPY,764.2899780273438,2026-09-29T23:44:19.833119+00:00
768.0,6.26,6.58,6.29,1205.0,236,0.09778734252929688,put,2026-10-06,SPY,764.2899780273438,2026-09-29T23:44:19.833119+00:00
769.0,6.82,7.12,6.92,453.0,94,0.095010270690918,put,2026-10-06,SPY,764.2899780273438,2026-09-29T23:44:19.833119+00:00
770.0,7.41,7.76,7.55,201.0,791,0.09369802795410156,put,2026-10-06,SPY,764.2899780273438,2026-09-29T23:44:19.833119+00:00
771.0,8.03,8.4,8.3,65.0,164,0.09137871520996094,put,2026-10-06,SPY,764.2899780273438,2026-09-29T23:44:19.833119+00:00
772.0,8.7,9.07,9.11,34.0,140,0.08875422973632813,put,2026-10-06,SPY,764.2899780273438,2026-09-29T23:44:19.833119+00:00
773.0,9.39,9.8,9.56,432.0,184,0.08655698608398438,put,2026-10-06,SPY,764.2899780273438,2026-09-29T23:44:19.833119+00:00
774.0,10.11,10.57,10.73,832.0,36,0.08442077697753908,put,2026-10-06,SPY,764.2899780273438,2026-09-29T23:44:19.833119+00:00
775.0,10.85,11.37,11.27,602.0,348,0.08191836059570315,put,2026-10-06,SPY,764.2899780273438,2026-09-29T23:44:19.833119+00:00
776.0,11.66,12.22,12.22,186.0,2,0.08008732421875,put,2026-10-06,SPY,764.2899780273438,2026-09-29T23:44:19.833119+00:00
777.0,12.5,13.1,12.93,130.0,12,0.07813421875000001,put,2026-10-06,SPY,764.2899780273438,2026-09-29T23:44:19.833119+00:00
778.0,12.81,14.55,13.87,336.0,4,0.10535562622070313,put,2026-10-06,SPY,764.2899780273438,2026-09-29T23:44:19.833119+00:00
779.0,13.59,15.47,14.65,266.0,8,0.10706459350585937,put,2026-10-06,SPY,764.2899780273438,2026-09-29T23:44:19.833119+00:00
780.0,14.58,16.36,15.62,299.0,42,0.1067594207763672,put,2026-10-06,SPY,764.2899780273438,2026-09-29T23:44:19.833119+00:00
781.0,15.51,17.3,16.33,143.0,2,0.108407353515625,put,2026-10-06,SPY,764.2899780273438,2026-09-29T23:44:19.833119+00:00
782.0,16.48,18.26,17.41,108.0,2,0.11084873535156249,put,2026-10-06,SPY,764.2899780273438,2026-09-29T23:44:19.833119+00:00
785.0,19.43,21.23,20.4,164.0,3,0.12256736816406251,put,2026-10-06,SPY,764.2899780273438,2026-09-29T23:44:19.833119+00:00
786.0,20.44,22.23,21.37,122.0,0,0.12708392456054687,put,2026-10-06,SPY,764.2899780273438,2026-09-29T23:44:19.833119+00:00
788.0,22.45,24.23,23.56,90.0,0,0.13575083007812502,put,2026-10-06,SPY,764.2899780273438,2026-09-29T23:44:19.833119+00:00
790.0,24.43,26.24,25.41,208.0,0,0.14515015014648439,put,2026-10-06,SPY,764.2899780273438,2026-09-29T23:44:19.833119+00:00
300.0,463.43,467.09,468.62,24.0,43,1.935547197265625,call,2026-10-16,SPY,764.2899780273438,2026-09-29T23:44:19.833119+00:00
305.0,458.44,462.1,454.74,84.0,62,1.9062504687500001,call,2026-10-16,SPY,764.2899780273438,2026-09-29T23:44:19.833119+00:00
310.0,453.45,457.1,458.44,24.0,1,1.8759771826171874,call,2026-10-16,SPY,764.2899780273438,2026-09-29T23:44:19.833119+00:00
315.0,448.46,452.12,447.83,5.0,0,1.8491218481445313,call,2026-10-16,SPY,764.2899780273438,2026-09-29T23:44:19.833119+00:00
320.0,443.47,447.13,448.74,24.0,3,1.8208016772460938,call,2026-10-16,SPY,764.2899780273438,2026-09-29T23:44:19.833119+00:00
325.0,0.0,0.0,442.67,,0,1.0000000000000003e-05,call,2026-10-16,SPY,764.2899780273438,2026-09-29T23:44:19.833119+00:00
330.0,0.0,0.0,437.51,15.0,0,1.0000000000000003e-05,call,2026-10-16,SPY,764.2899780273438,2026-09-29T23:44:19.833119+00:00
335.0,0.0,0.0,432.71,15.0,0,1.0000000000000003e-05,call,2026-10-16,SPY,764.2899780273438,2026-09-29T23:44:19.833119+00:00
340.0,0.0,0.0,415.74,,0,1.0000000000000003e-05,call,2026-10-16,SPY,764.2899780273438,2026-09-29T23:44:19.833119+00:00
350.0,413.54,417.2,409.44,3.0,0,1.6625993432617188,call,2026-10-16,SPY,764.2899780273438,2026-09-29T23:44:19.833119+00:00
355.0,408.55,412.2,414.21,,0,1.6357440087890622,call,2026-10-16,SPY,764.2899780273438,2026-09-29T23:44:19.833119+00:00
360.0,403.56,407.22,411.77,3.0,0,1.6118183471679686,call,2026-10-16,SPY,764.2899780273438,2026-09-29T23:44:19.833119+00:00
365.0,398.31,400.99,388.48,,1,1.3906280468749999,call,2026-10-16,SPY,764.2899780273438,2026-09-29T23:44:19.833119+00:00
380.0,383.6,387.26,388.87,6.0,2,1.513430167236328,call,2026-10-16,SPY,764.2899780273438,2026-09-29T23:44:19.833119+00:00
390.0,373.63,377.28,378.3,1.0,1,1.466799541015625,call,2026-10-16,SPY,764.2899780273438,2026-09-29T23:44:19.833119+00:00
400.0,0.0,0.0,375.11,2.0,0,1.0000000000000003e-05,call,2026-10-16,SPY,764.2899780273438,2026-09-29T23:44:19.833119+00:00
405.0,351.06,354.54,335.63,,1,1.0000000000000003e-05,call,2026-10-16,SPY,764.2899780273438,2026-09-29T23:44:19.833119+00:00
410.0,346.11,349.62,330.56,,1,1.0000000000000003e-05,call,2026-10-16,SPY,764.2899780273438,2026-09-29T23:44:19.833119+00:00
420.0,343.69,347.36,352.54,4.0,0,1.3317904504394527,call,2026-10-16,SPY,764.2899780273438,2026-09-29T23:44:19.833119+00:00
440.0,323.5,326.28,298.33,,1,1.1259809326171877,call,2026-10-16,SPY,764.2899780273438,2026-09-29T23:44:19.833119+00:00
445.0,318.75,322.44,314.16,36.0,0,1.2265663671875,call,2026-10-16,SPY,764.2899780273438,2026-09-29T23:44:19.833119+00:00
450.0,313.95,317.19,317.93,1.0,701,1.200687590332031,call,2026-10-16,SPY,764.2899780273438,2026-09-29T23:44:19.833119+00:00
455.0,308.78,312.44,308.15,,0,1.1838419714355468,call,2026-10-16,SPY,764.2899780273438,2026-09-29T23:44:19.833119+00:00
460.0,303.79,307.45,302.99,,0,1.1630901220703125,call,2026-10-16,SPY,764.2899780273438,2026-09-29T23:44:19.833119+00:00
465.0,298.8,302.46,298.0,9.0,0,1.142582412109375,call,2026-10-16,SPY,764.2899780273438,2026-09-29T23:44:19.833119+00:00
470.0,293.81,297.47,299.3,,1,1.1223188415527345,call,2026-10-16,SPY,764.2899780273438,2026-09-29T23:44:19.833119+00:00
475.0,288.82,292.48,288.02,,0,1.102055270996094,call,2026-10-16,SPY,764.2899780273438,2026-09-29T23:44:19.833119+00:00
480.0,283.83,287.46,289.32,2.0,1,1.0800827246093752,call,2026-10-16,SPY,764.2899780273438,2026-09-29T23:44:19.833119+00:00
485.0,278.85,282.5,278.24,11.0,0,1.0625046875000002,call,2026-10-16,SPY,764.2899780273438,2026-09-29T23:44:19.833119+00:00
495.0,268.87,272.54,273.4,,0,1.0244189404296877,call,2026-10-16,SPY,764.2899780273438,2026-09-29T23:44:19.833119+00:00
500.0,263.88,267.55,272.68,20.0,20,1.0048877880859375,call,2026-10-16,SPY,764.2899780273438,2026-09-29T23:44:19.833119+00:00
505.0,258.9,262.56,271.05,1.0,1,0.9858399853515626,call,2026-10-16,SPY,764.2899780273438,2026-09-29T23:44:19.833119+00:00
510.0,253.91,257.57,260.15,1.0,2,0.9666751379394531,call,2026-10-16,SPY,764.2899780273438,2026-09-29T23:44:19.833119+00:00
515.0,248.92,252.59,248.17,43.0,43,0.9479985668945312,call,2026-10-16,SPY,764.2899780273438,2026-09-29T23:44:19.833119+00:00
520.0,243.93,247.6,249.74,5.0,73,0.9289557885742188,call,2026-10-16,SPY,764.2899780273438,2026-09-29T23:44:19.833119+00:00
525.0,238.95,242.62,245.57,1.0,5,0.911133701171875,call,2026-10-16,SPY,764.2899780273438,2026-09-29T23:44:19.833119+00:00
530.0,233.96,237.62,245.5,2.0,84,0.8918467846679687,call,2026-10-16,SPY,764.2899780273438,2026-09-29T23:44:19.833119+00:00
535.0,228.98,232.63,240.0,2.0,2,0.8735364208984374,call,2026-10-16,SPY,764.2899780273438,2026-09-29T23:44:19.833119+00:00
540.0,223.99,227.66,235.0,2.0,4,0.8559584716796875,call,2026-10-16,SPY,764.2899780273438,2026-09-29T23:44:19.833119+00:00
545.0,0.0,0.0,203.0,,0,1.0000000000000003e-05,call,2026-10-16,SPY,764.2899780273438,2026-09-29T23:44:19.833119+00:00
550.0,214.02,217.66,218.5,1.0,1,0.8186053295898437,call,2026-10-16,SPY,764.2899780273438,2026-09-29T23:44:19.833119+00:00
555.0,209.03,212.7,199.43,1.0,3,0.8015156567382812,call,2026-10-16,SPY,764.2899780273438,2026-09-29T23:44:19.833119+00:00
560.0,204.05,207.72,205.45,2.0,31,0.7841818457031251,call,2026-10-16,SPY,764.2899780273438,2026-09-29T23:44:19.833119+00:00
565.0,199.06,202.73,207.36,1.0,12,0.7659935510253908,call,2026-10-16,SPY,764.2899780273438,2026-09-29T23:44:19.833119+00:00
570.0,194.08,197.72,191.34,2.0,24,0.7475611181640626,call,2026-10-16,SPY,764.2899780273438,2026-09-29T23:44:19.833119+00:00
575.0,189.09,192.76,195.66,1.0,49,0.7307155834960937,call,2026-10-16,SPY,764.2899780273438,2026-09-29T23:44:19.833119+00:00
580.0,184.11,187.77,196.26,4.0,22,0.7131376342773439,call,2026-10-16,SPY,764.2899780273438,2026-09-29T23:44:19.833119+00:00
585.0,179.12,182.78,176.33,1.0,24,0.6953155468750001,call,2026-10-16,SPY,764.2899780273438,2026-09-29T23:44:19.833119+00:00
590.0,174.33,177.56,179.66,18.0,285,0.6763948376464846,call,2026-10-16,SPY,764.2899780273438,2026-09-29T23:44:19.833119+00:00
595.0,169.16,172.82,172.57,2.0,58,0.6611362011718751,call,2026-10-16,SPY,764.2899780273438,2026-09-29T23:44:19.833119+00:00
600.0,164.36,167.27,167.57,2.0,418,0.6301306518554688,call,2026-10-16,SPY,764.2899780273438,2026-09-29T23:44:19.833119+00:00
605.0,159.19,162.89,161.15,2.0,43,0.6279334082031252,call,2026-10-16,SPY,764.2899780273438,2026-09-29T23:44:19.833119+00:00
610.0,154.21,157.91,156.57,1.0,64,0.6108437353515627,call,2026-10-16,SPY,764.2899780273438,2026-09-29T23:44:19.833119+00:00
615.0,149.42,152.32,151.74,2.0,211,0.5800823242187501,call,2026-10-16,SPY,764.2899780273438,2026-09-29T23:44:19.833119+00:00
620.0,144.44,147.67,148.41,3.0,194,0.5741009387207032,call,2026-10-16,SPY,764.2899780273438,2026-09-29T23:44:19.833119+00:00
625.0,139.46,142.68,142.84,6.0,240,0.5570112658691408,call,2026-10-16,SPY,764.2899780273438,2026-09-29T23:44:19.833119+00:00
630.0,134.29,137.96,142.7,2.0,52,0.5422409057617189,call,2026-10-16,SPY,764.2899780273438,2026-09-29T23:44:19.833119+00:00
635.0,129.33,132.75,135.49,1.0,4349,0.5191698474121094,call,2026-10-16,SPY,764.2899780273438,2026-09-29T23:44:19.833119+00:00
640.0,124.52,127.75,126.68,2.0,622,0.5067188000488281,call,2026-10-16,SPY,764.2899780273438,2026-09-29T23:44:19.833119+00:00
645.0,119.54,122.77,120.5,1.0,249,0.5642743768310547,call,2026-10-16,SPY,764.2899780273438,2026-09-29T23:44:19.833119+00:00
650.0,114.57,117.79,118.5,3.0,328,0.5452926330566408,call,2026-10-16,SPY,764.2899780273438,2026-09-29T23:44:19.833119+00:00
655.0,109.41,113.1,110.67,1.0,32,0.5371140039062501,call,2026-10-16,SPY,764.2899780273438,2026-09-29T23:44:19.833119+00:00
660.0,104.62,107.84,107.0,94.0,267,0.5075732836914062,call,2026-10-16,SPY,764.2899780273438,2026-09-29T23:44:19.833119+00:00
665.0,99.65,102.87,102.17,13.0,462,0.4888967126464845,call,2026-10-16,SPY,764.2899780273438,2026-09-29T23:44:19.833119+00:00
670.0,94.68,97.9,96.76,1.0,464,0.4701591070556641,call,2026-10-16,SPY,764.2899780273438,2026-09-29T23:44:19.833119+00:00
675.0,89.72,92.93,92.26,33.0,159,0.4512994323730469,call,2026-10-16,SPY,764.2899780273438,2026-09-29T23:44:19.833119+00:00
680.0,84.75,87.15,86.27,1.0,2415,0.40442490112304685,call,2026-10-16,SPY,764.2899780273438,2026-09-29T23:44:19.833119+00:00
685.0,79.8,83.0,82.34,42.0,1499,0.41370215209960937,call,2026-10-16,SPY,764.2899780273438,2026-09-29T23:44:19.833119+00:00
690.0,74.85,78.05,74.63,6.0,1195,0.3952086846923829,call,2026-10-16,SPY,764.2899780273438,2026-09-29T23:44:19.833119+00:00
695.0,69.9,73.1,72.65,58.0,991,0.376532113647461,call,2026-10-16,SPY,764.2899780273438,2026-09-29T23:44:19.833119+00:00
700.0,65.84,68.16,64.78,2.0,965,0.35797761169433595,call,2026-10-16,SPY,764.2899780273438,2026-09-29T23:44:19.833119+00:00
701.0,63.99,67.17,66.72,91.0,699,0.3541324353027343,call,2026-10-16,SPY,764.2899780273438,2026-09-29T23:44:19.833119+00:00
702.0,62.82,66.5,68.0,1.0,76,0.3591983026123047,call,2026-10-16,SPY,764.2899780273438,2026-09-29T23:44:19.833119+00:00
703.0,61.84,65.53,60.49,2.0,29,0.35584140258789054,call,2026-10-16,SPY,764.2899780273438,2026-09-29T23:44:19.833119+00:00
704.0,60.85,64.43,59.53,2.0,74,0.34897501617431637,call,2026-10-16,SPY,764.2899780273438,2026-09-29T23:44:19.833119+00:00
705.0,60.05,63.23,59.82,2.0,267,0.3394231097412109,call,2026-10-16,SPY,764.2899780273438,2026-09-29T23:44:19.833119+00:00
706.0,58.89,62.49,62.2,6.0,25,0.342230698852539,call,2026-10-16,SPY,764.2899780273438,2026-09-29T23:44:19.833119+00:00
707.0,57.91,61.51,55.97,1.0,42,0.3386296606445312,call,2026-10-16,SPY,764.2899780273438,2026-09-29T23:44:19.833119+00:00
708.0,56.93,60.53,59.48,3.0,16,0.33493707061767575,call,2026-10-16,SPY,764.2899780273438,2026-09-29T23:44:19.833119+00:00
709.0,55.95,59.54,66.69,4.0,6,0.33100034240722653,call,2026-10-16,SPY,764.2899780273438,2026-09-29T23:44:19.833119+00:00
710.0,56.24,57.18,56.86,20.0,1139,0.28958840301513666,call,2026-10-16,SPY,764.2899780273438,2026-09-29T23:44:19.833119+00:00
711.0,54.0,57.58,60.85,1.0,9,0.3236151623535155,call,2026-10-16,SPY,764.2899780273438,2026-09-29T23:44:19.833119+00:00
712.0,53.22,56.37,59.39,1.0,329,0.31403273864746095,call,2026-10-16,SPY,764.2899780273438,2026-09-29T23:44:19.833119+00:00
713.0,52.05,55.67,50.69,1.0,9,0.317389638671875,call,2026-10-16,SPY,764.2899780273438,2026-09-29T23:44:19.833119+00:00
714.0,51.27,54.41,54.04,2.0,193,0.30664755859375,call,2026-10-16,SPY,764.2899780273438,2026-09-29T23:44:19.833119+00:00
715.0,50.61,53.24,51.84,10.0,384,0.2981637567138671,call,2026-10-16,SPY,764.2899780273438,2026-09-29T23:44:19.833119+00:00
716.0,49.13,52.76,47.65,1.0,19,0.30676962768554683,call,2026-10-16,SPY,764.2899780273438,2026-09-29T23:44:19.833119+00:00
717.0,48.16,51.8,56.49,1.0,8,0.3034127276611328,call,2026-10-16,SPY,764.2899780273438,2026-09-29T23:44:19.833119+00:00
718.0,47.2,50.83,46.01,1.0,31,0.299811689453125,call,2026-10-16,SPY,764.2899780273438,2026-09-29T23:44:19.833119+00:00
719.0,46.23,49.87,54.05,2.0,13,0.2963937548828125,call,2026-10-16,SPY,764.2899780273438,2026-09-29T23:44:19.833119+00:00
720.0,46.73,48.61,45.68,8.0,540,0.2859568475341796,call,2026-10-16,SPY,764.2899780273438,2026-09-29T23:44:19.833119+00:00
721.0,44.31,47.97,50.92,2.0,53,0.2899851275634765,call,2026-10-16,SPY,764.2899780273438,2026-09-29T23:44:19.833119+00:00
722.0,43.35,47.02,43.92,1.0,77,0.28671977935791015,call,2026-10-16,SPY,764.2899780273438,2026-09-29T23:44:19.833119+00:00
723.0,42.39,46.06,47.06,4.0,16,0.28321029296874994,call,2026-10-16,SPY,764.2899780273438,2026-09-29T23:44:19.833119+00:00
724.0,43.0,45.1,47.71,1.0,13,0.27967028930664056,call,2026-10-16,SPY,764.2899780273438,2026-09-29T23:44:19.833119+00:00
725.0,40.67,43.84,40.69,5.0,1123,0.2694164855957031,call,2026-10-16,SPY,764.2899780273438,2026-09-29T23:44:19.833119+00:00
726.0,39.54,43.18,42.46,2.0,24,0.27246821289062495,call,2026-10-16,SPY,764.2899780273438,2026-09-29T23:44:19.833119+00:00
727.0,38.59,42.27,42.1,2.0,86,0.2699047619628906,call,2026-10-16,SPY,764.2899780273438,2026-09-29T23:44:19.833119+00:00
728.0,37.64,41.29,44.1,2.0,182,0.26578493011474613,call,2026-10-16,SPY,764.2899780273438,2026-09-29T23:44:19.833119+00:00
729.0,36.7,40.34,41.33,6.0,39,0.262275443725586,call,2026-10-16,SPY,764.2899780273438,2026-09-29T23:44:19.833119+00:00
730.0,35.76,39.41,36.09,2.0,1044,0.25916268188476566,call,2026-10-16,SPY,764.2899780273438,2026-09-29T23:44:19.833119+00:00
731.0,34.83,38.45,36.3,1.0,285,0.2553785400390626,call,2026-10-16,SPY,764.2899780273438,2026-09-29T23:44:19.833119+00:00
732.0,33.9,36.39,37.06,20.0,145,0.22852333984375,call,2026-10-16,SPY,764.2899780273438,2026-09-29T23:44:19.833119+00:00
733.0,32.97,35.45,34.98,2.0,157,0.22538006072998046,call,2026-10-16,SPY,764.2899780273438,2026-09-29T23:44:19.833119+00:00
734.0,32.05,34.5,33.95,10.0,227,0.2219316088867187,call,2026-10-16,SPY,764.2899780273438,2026-09-29T23:44:19.833119+00:00
735.0,32.7,33.45,32.22,63.0,2693,0.21637746520996093,call,2026-10-16,SPY,764.2899780273438,2026-09-29T23:44:19.833119+00:00
736.0,30.22,33.95,36.62,6.0,161,0.24173731903076173,call,2026-10-16,SPY,764.2899780273438,2026-09-29T23:44:19.833119+00:00
737.0,29.31,33.03,36.51,1.0,181,0.23844145355224605,call,2026-10-16,SPY,764.2899780273438,2026-09-29T23:44:19.833119+00:00
738.0,28.4,32.1,29.65,1.0,411,0.2348709326171875,call,2026-10-16,SPY,764.2899780273438,2026-09-29T23:44:19.833119+00:00
739.0,27.5,31.22,29.86,2.0,652,0.23221592987060546,call,2026-10-16,SPY,764.2899780273438,2026-09-29T23:44:19.833119+00:00
740.0,26.61,30.31,28.54,1087.0,4944,0.22888954711914064,call,2026-10-16,SPY,764.2899780273438,2026-09-29T23:44:19.833119+00:00
741.0,25.72,29.42,27.02,31.0,458,0.2258988543701172,call,2026-10-16,SPY,764.2899780273438,2026-09-29T23:44:19.833119+00:00
742.0,24.84,28.54,27.56,2.0,237,0.2229997134399414,call,2026-10-16,SPY,764.2899780273438,2026-09-29T23:44:19.833119+00:00
743.0,23.96,27.64,24.74,5.0,475,0.21967333068847655,call,2026-10-16,SPY,764.2899780273438,2026-09-29T23:44:19.833119+00:00
744.0,23.09,25.4,23.88,2.0,196,0.1923603713989258,call,2026-10-16,SPY,764.2899780273438,2026-09-29T23:44:19.833119+00:00
745.0,23.95,24.55,23.37,11.0,2640,0.1900715759277344,call,2026-10-16,SPY,764.2899780273438,2026-09-29T23:44:19.833119+00:00
746.0,21.41,23.64,22.17,4.0,316,0.18662312408447268,call,2026-10-16,SPY,764.2899780273438,2026-09-29T23:44:19.833119+00:00
747.0,20.68,22.78,22.43,28.0,243,0.18396812133789062,call,2026-10-16,SPY,764.2899780273438,2026-09-29T23:44:19.833119+00:00
748.0,19.93,21.92,21.52,157.0,190,0.1811910494995117,call,2026-10-16,SPY,764.2899780273438,2026-09-29T23:44:19.833119+00:00
749.0,19.16,21.08,20.69,393.0,344,0.17865811584472657,call,2026-10-16,SPY,764.2899780273438,2026-09-29T23:44:19.833119+00:00
750.0,19.89,20.05,19.78,123.0,8859,0.1727987994384766,call,2026-10-16,SPY,764.2899780273438,2026-09-29T23:44:19.833119+00:00
751.0,17.72,19.43,19.02,73.0,407,0.17371431762695314,call,2026-10-16,SPY,764.2899780273438,2026-09-29T23:44:19.833119+00:00
752.0,17.04,18.63,17.83,93.0,501,0.17145603942871096,call,2026-10-16,SPY,764.2899780273438,2026-09-29T23:44:19.833119+00:00
753.0,16.28,17.86,17.42,11.0,454,0.1695334512329102,call,2026-10-16,SPY,764.2899780273438,2026-09-29T23:44:19.833119+00:00
754.0,16.62,17.02,16.64,7.0,726,0.16632913757324225,call,2026-10-16,SPY,764.2899780273438,2026-09-29T23:44:19.833119+00:00
755.0,15.86,16.29,15.8,104.0,3891,0.1647422393798828,call,2026-10-16,SPY,764.2899780273438,2026-09-29T23:44:19.833119+00:00
756.0,15.11,15.54,15.2,86.0,1047,0.16266706481933596,call,2026-10-16,SPY,764.2899780273438,2026-09-29T23:44:19.833119+00:00
757.0,14.37,14.73,14.37,562.0,752,0.15949326843261719,call,2026-10-16,SPY,764.2899780273438,2026-09-29T23:44:19.833119+00:00
758.0,13.65,14.01,13.38,405.0,1523,0.1575401629638672,call,2026-10-16,SPY,764.2899780273438,2026-09-29T23:44:19.833119+00:00
759.0,12.94,13.3,12.85,307.0,1179,0.15552602294921875,call,2026-10-16,SPY,764.2899780273438,2026-09-29T23:44:19.833119+00:00
760.0,12.35,12.49,12.39,987.0,10414,0.1518334329223633,call,2026-10-16,SPY,764.2899780273438,2026-09-29T23:44:19.833119+00:00
761.0,11.57,11.91,11.62,551.0,2720,0.15140619110107423,call,2026-10-16,SPY,764.2899780273438,2026-09-29T23:44:19.833119+00:00
762.0,10.9,11.26,10.85,1420.0,2898,0.149697223815918,call,2026-10-16,SPY,764.2899780273438,2026-09-29T23:44:19.833119+00:00
763.0,10.26,10.6,10.41,1306.0,2239,0.1476220492553711,call,2026-10-16,SPY,764.2899780273438,2026-09-29T23:44:19.833119+00:00
764.0,9.74,9.86,9.77,1586.0,2638,0.14414308013916016,call,2026-10-16,SPY,764.2899780273438,2026-09-29T23:44:19.833119+00:00
765.0,9.17,9.21,9.15,3604.0,7507,0.1417627328491211,call,2026-10-16,SPY,764.2899780273438,2026-09-29T23:44:19.833119+00:00
766.0,8.58,8.62,8.62,3528.0,6538,0.14002324829101562,call,2026-10-16,SPY,764.2899780273438,2026-09-29T23:44:19.833119+00:00
767.0,8.01,8.05,8.0,1070.0,7968,0.13831428100585938,call,2026-10-16,SPY,764.2899780273438,2026-09-29T23:44:19.833119+00:00
768.0,7.46,7.51,7.51,1227.0,4372,0.1368189346313477,call,2026-10-16,SPY,764.2899780273438,2026-09-29T23:44:19.833119+00:00
769.0,6.94,6.97,6.87,1023.0,3351,0.13501841552734378,call,2026-10-16,SPY,764.2899780273438,2026-09-29T23:44:19.833119+00:00
770.0,6.44,6.47,6.47,4161.0,20394,0.13355358642578125,call,2026-10-16,SPY,764.2899780273438,2026-09-29T23:44:19.833119+00:00
771.0,5.96,5.99,5.93,769.0,3551,0.13208875732421876,call,2026-10-16,SPY,764.2899780273438,2026-09-29T23:44:19.833119+00:00
772.0,5.5,5.53,5.52,997.0,5101,0.13065444549560545,call,2026-10-16,SPY,764.2899780273438,2026-09-29T23:44:19.833119+00:00
773.0,5.06,5.1,5.1,1095.0,2095,0.12937272003173828,call,2026-10-16,SPY,764.2899780273438,2026-09-29T23:44:19.833119+00:00
774.0,4.65,4.68,4.67,1376.0,3469,0.127938408203125,call,2026-10-16,SPY,764.2899780273438,2026-09-29T23:44:19.833119+00:00
775.0,4.26,4.29,4.29,3901.0,15610,0.1266566827392578,call,2026-10-16,SPY,764.2899780273438,2026-09-29T23:44:19.833119+00:00
776.0,3.9,3.93,3.91,1638.0,2496,0.1255885781860352,call,2026-10-16,SPY,764.2899780273438,2026-09-29T23:44:19.833119+00:00
777.0,3.56,3.58,3.59,1857.0,2392,0.1243373699951172,call,2026-10-16,SPY,764.2899780273438,2026-09-29T23:44:19.833119+00:00
778.0,3.24,3.26,3.24,1049.0,4890,0.12326926544189454,call,2026-10-16,SPY,764.2899780273438,2026-09-29T23:44:19.833119+00:00
779.0,2.94,2.96,2.88,914.0,2523,0.12223167816162112,call,2026-10-16,SPY,764.2899780273438,2026-09-29T23:44:19.833119+00:00
780.0,2.67,2.69,2.66,6932.0,17546,0.1214382290649414,call,2026-10-16,SPY,764.2899780273438,2026-09-29T23:44:19.833119+00:00
781.0,2.42,2.43,2.41,3075.0,3917,0.12049219360351562,call,2026-10-16,SPY,764.2899780273438,2026-09-29T23:44:19.833119+00:00
782.0,2.17,2.19,2.18,2803.0,4344,0.11957667541503905,call,2026-10-16,SPY,764.2899780273438,2026-09-29T23:44:19.833119+00:00
783.0,1.96,1.97,1.95,6119.0,3334,0.11878322631835936,call,2026-10-16,SPY,764.2899780273438,2026-09-29T23:44:19.833119+00:00
784.0,1.76,1.77,1.71,773.0,3227,0.11805081176757812,call,2026-10-16,SPY,764.2899780273438,2026-09-29T23:44:19.833119+00:00
785.0,1.58,1.59,1.6,1651.0,46029,0.11744046630859376,call,2026-10-16,SPY,764.2899780273438,2026-09-29T23:44:19.833119+00:00
786.0,1.41,1.43,1.44,264.0,5343,0.11698270721435547,call,2026-10-16,SPY,764.2899780273438,2026-09-29T23:44:19.833119+00:00
787.0,1.26,1.28,1.25,1145.0,2919,0.11646391357421876,call,2026-10-16,SPY,764.2899780273438,2026-09-29T23:44:19.833119+00:00
788.0,1.13,1.14,1.13,415.0,1857,0.1159146026611328,call,2026-10-16,SPY,764.2899780273438,2026-09-29T23:44:19.833119+00:00
789.0,1.01,1.02,1.02,149.0,2440,0.1155483953857422,call,2026-10-16,SPY,764.2899780273438,2026-09-29T23:44:19.833119+00:00
790.0,0.9,0.91,0.89,13831.0,26196,0.11524322265625,call,2026-10-16,SPY,764.2899780273438,2026-09-29T23:44:19.833119+00:00
791.0,0.8,0.82,0.78,249.0,2642,0.11524322265625,call,2026-10-16,SPY,764.2899780273438,2026-09-29T23:44:19.833119+00:00
792.0,0.72,0.73,0.68,304.0,3496,0.11499908447265625,call,2026-10-16,SPY,764.2899780273438,2026-09-29T23:44:19.833119+00:00
793.0,0.64,0.65,0.65,295.0,7306,0.11481598083496095,call,2026-10-16,SPY,764.2899780273438,2026-09-29T23:44:19.833119+00:00
794.0,0.57,0.58,0.56,52.0,3957,0.1147549462890625,call,2026-10-16,SPY,764.2899780273438,2026-09-29T23:44:19.833119+00:00
795.0,0.51,0.52,0.5,2869.0,22471,0.11481598083496095,call,2026-10-16,SPY,764.2899780273438,2026-09-29T23:44:19.833119+00:00
796.0,0.46,0.47,0.43,416.0,5581,0.11512115356445313,call,2026-10-16,SPY,764.2899780273438,2026-09-29T23:44:19.833119+00:00
797.0,0.41,0.42,0.42,931.0,15758,0.11524322265625,call,2026-10-16,SPY,764.2899780273438,2026-09-29T23:44:19.833119+00:00
798.0,0.37,0.38,0.35,229.0,8942,0.11560942993164064,call,2026-10-16,SPY,764.2899780273438,2026-09-29T23:44:19.833119+00:00
799.0,0.33,0.34,0.33,406.0,3143,0.1157314990234375,call,2026-10-16,SPY,764.2899780273438,2026-09-29T23:44:19.833119+00:00
800.0,0.3,0.31,0.3,24522.0,23226,0.11634184448242188,call,2026-10-16,SPY,764.2899780273438,2026-09-29T23:44:19.833119+00:00
801.0,0.27,0.28,0.27,8.0,719,0.1167080517578125,call,2026-10-16,SPY,764.2899780273438,2026-09-29T23:44:19.833119+00:00
802.0,0.25,0.26,0.24,416.0,1191,0.1176846044921875,call,2026-10-16,SPY,764.2899780273438,2026-09-29T23:44:19.833119+00:00
803.0,0.22,0.24,0.3,9.0,954,0.1186611572265625,call,2026-10-16,SPY,764.2899780273438,2026-09-29T23:44:19.833119+00:00
804.0,0.21,0.22,0.19,27.0,819,0.11927150268554687,call,2026-10-16,SPY,764.2899780273438,2026-09-29T23:44:19.833119+00:00
805.0,0.19,0.2,0.19,598.0,12097,0.11988184814453123,call,2026-10-16,SPY,764.2899780273438,2026-09-29T23:44:19.833119+00:00
806.0,0.17,0.18,0.16,17.0,1852,0.12012598632812499,call,2026-10-16,SPY,764.2899780273438,2026-09-29T23:44:19.833119+00:00
807.0,0.16,0.17,0.27,5.0,1405,0.12134667724609374,call,2026-10-16,SPY,764.2899780273438,2026-09-29T23:44:19.833119+00:00
808.0,0.15,0.16,0.13,42.0,823,0.12256736816406251,call,2026-10-16,SPY,764.2899780273438,2026-09-29T23:44:19.833119+00:00
809.0,0.14,0.15,0.12,356.0,3829,0.12378805908203125,call,2026-10-16,SPY,764.2899780273438,2026-09-29T23:44:19.833119+00:00
810.0,0.13,0.14,0.14,120.0,16572,0.12476461181640625,call,2026-10-16,SPY,764.2899780273438,2026-09-29T23:44:19.833119+00:00
815.0,0.09,0.1,0.11,88.0,16178,0.12964737548828126,call,2026-10-16,SPY,764.2899780273438,2026-09-29T23:44:19.833119+00:00
820.0,0.07,0.08,0.07,8.0,16397,0.1362391064453125,call,2026-10-16,SPY,764.2899780273438,2026-09-29T23:44:19.833119+00:00
825.0,0.06,0.07,0.06,116.0,15767,0.14405152832031248,call,2026-10-16,SPY,764.2899780273438,2026-09-29T23:44:19.833119+00:00
830.0,0.05,0.06,0.05,70.0,18360,0.15088739746093754,call,2026-10-16,SPY,764.2899780273438,2026-09-29T23:44:19.833119+00:00
835.0,0.04,0.05,0.04,94.0,3159,0.157234990234375,call,2026-10-16,SPY,764.2899780273438,2026-09-29T23:44:19.833119+00:00
840.0,0.03,0.04,0.03,328.0,3241,0.16309430664062502,call,2026-10-16,SPY,764.2899780273438,2026-09-29T23:44:19.833119+00:00
845.0,0.03,0.04,0.03,32.0,1791,0.17188328125000002,call,2026-10-16,SPY,764.2899780273438,2026-09-29T23:44:19.833119+00:00
850.0,0.02,0.03,0.02,43.0,9719,0.1757894921875,call,2026-10-16,SPY,764.2899780273438,2026-09-29T23:44:19.833119+00:00
855.0,0.02,0.03,0.04,201.0,779,0.18360191406249998,call,2026-10-16,SPY,764.2899780273438,2026-09-29T23:44:19.833119+00:00
860.0,0.02,0.03,0.01,3.0,2140,0.192390888671875,call,2026-10-16,SPY,764.2899780273438,2026-09-29T23:44:19.833119+00:00
865.0,0.02,0.03,0.02,6.0,1481,0.20117986328124998,call,2026-10-16,SPY,764.2899780273438,2026-09-29T23:44:19.833119+00:00
870.0,0.01,0.02,0.03,6.0,2235,0.20117986328124998,call,2026-10-16,SPY,764.2899780273438,2026-09-29T23:44:19.833119+00:00
875.0,0.01,0.02,0.01,2.0,1385,0.20899228515624996,call,2026-10-16,SPY,764.2899780273438,2026-09-29T23:44:19.833119+00:00
880.0,0.01,0.02,0.01,1.0,395,0.21680470703125,call,2026-10-16,SPY,764.2899780273438,2026-09-29T23:44:19.833119+00:00
885.0,0.01,0.02,0.01,1.0,3228,0.22461712890624996,call,2026-10-16,SPY,764.2899780273438,2026-09-29T23:44:19.833119+00:00
890.0,0.01,0.02,0.01,2.0,2617,0.23242955078125,call,2026-10-16,SPY,764.2899780273438,2026-09-29T23:44:19.833119+00:00
895.0,0.0,0.01,0.01,5.0,1186,0.22657023437499998,call,2026-10-16,SPY,764.2899780273438,2026-09-29T23:44:19.833119+00:00
900.0,0.0,0.01,0.01,5.0,5968,0.23438265625,call,2026-10-16,SPY,764.2899780273438,2026-09-29T23:44:19.833119+00:00
905.0,0.0,0.01,0.01,20.0,4009,0.242195078125,call,2026-10-16,SPY,764.2899780273438,2026-09-29T23:44:19.833119+00:00
910.0,0.0,0.01,0.01,1.0,4029,0.2500075,call,2026-10-16,SPY,764.2899780273438,2026-09-29T23:44:19.833119+00:00
915.0,0.0,0.01,0.01,60.0,4488,0.257819921875,call,2026-10-16,SPY,764.2899780273438,2026-09-29T23:44:19.833119+00:00
920.0,0.0,0.01,0.01,280.0,368,0.2617261328125,call,2026-10-16,SPY,764.2899780273438,2026-09-29T23:44:19.833119+00:00
925.0,0.0,0.01,0.01,4.0,359,0.2695385546875,call,2026-10-16,SPY,764.2899780273438,2026-09-29T23:44:19.833119+00:00
930.0,0.0,0.01,0.01,1.0,371,0.27735097656249996,call,2026-10-16,SPY,764.2899780273438,2026-09-29T23:44:19.833119+00:00
935.0,0.0,0.01,0.01,1.0,598,0.28516339843749994,call,2026-10-16,SPY,764.2899780273438,2026-09-29T23:44:19.833119+00:00
940.0,0.0,0.01,0.01,28.0,1022,0.2890696093749999,call,2026-10-16,SPY,764.2899780273438,2026-09-29T23:44:19.833119+00:00
945.0,0.0,0.01,0.02,1101.0,1136,0.29688203124999996,call,2026-10-16,SPY,764.2899780273438,2026-09-29T23:44:19.833119+00:00
950.0,0.0,0.01,0.01,200.0,1177,0.304694453125,call,2026-10-16,SPY,764.2899780273438,2026-09-29T23:44:19.833119+00:00
955.0,0.0,0.01,0.01,1.0,18,0.31250687499999996,call,2026-10-16,SPY,764.2899780273438,2026-09-29T23:44:19.833119+00:00
960.0,0.0,0.01,0.01,596.0,1188,0.32031929687499994,call,2026-10-16,SPY,764.2899780273438,2026-09-29T23:44:19.833119+00:00
965.0,0.0,0.01,0.01,206.0,785,0.3242255078124999,call,2026-10-16,SPY,764.2899780273438,2026-09-29T23:44:19.833119+00:00
970.0,0.0,0.01,0.01,10.0,782,0.3320379296875,call,2026-10-16,SPY,764.2899780273438,2026-09-29T23:44:19.833119+00:00
975.0,0.0,0.01,0.01,745.0,1299,0.335944140625,call,2026-10-16,SPY,764.2899780273438,2026-09-29T23:44:19.833119+00:00
980.0,0.0,0.01,0.05,532.0,290,0.3437565625,call,2026-10-16,SPY,764.2899780273438,2026-09-29T23:44:19.833119+00:00
985.0,0.0,0.01,0.01,407.0,595,0.35156898437499995,call,2026-10-16,SPY,764.2899780273438,2026-09-29T23:44:19.833119+00:00
990.0,0.0,0.01,0.01,407.0,628,0.35938140625,call,2026-10-16,SPY,764.2899780273438,2026-09-29T23:44:19.833119+00:00
995.0,0.0,0.01,0.01,1.0,72,0.3632876171875,call,2026-10-16,SPY,764.2899780273438,2026-09-29T23:44:19.833119+00:00
1000.0,0.0,0.01,0.01,2.0,1252,0.367193828125,call,2026-10-16,SPY,764.2899780273438,2026-09-29T23:44:19.833119+00:00
300.0,0.0,0.01,0.01,73.0,5204,1.15625421875,put,2026-10-16,SPY,764.2899780273438,2026-09-29T23:44:19.833119+00:00
305.0,0.0,0.01,0.01,1.0,2490,1.15625421875,put,2026-10-16,SPY,764.2899780273438,2026-09-29T23:44:19.833119+00:00
310.0,0.0,0.01,0.01,220.0,4501,1.125004375,put,2026-10-16,SPY,764.2899780273438,2026-09-29T23:44:19.833119+00:00
315.0,0.0,0.01,0.01,600.0,3539,1.125004375,put,2026-10-16,SPY,764.2899780273438,2026-09-29T23:44:19.833119+00:00
320.0,0.0,0.01,0.02,1641.0,2456,1.09375453125,put,2026-10-16,SPY,764.2899780273438,2026-09-29T23:44:19.833119+00:00
325.0,0.0,0.01,0.01,1.0,426,1.0625046875000002,put,2026-10-16,SPY,764.2899780273438,2026-09-29T23:44:19.833119+00:00
330.0,0.0,0.01,0.01,200.0,4675,1.0625046875000002,put,2026-10-16,SPY,764.2899780273438,2026-09-29T23:44:19.833119+00:00
335.0,0.0,0.01,0.01,2.0,1158,1.0312548437500002,put,2026-10-16,SPY,764.2899780273438,2026-09-29T23:44:19.833119+00:00
340.0,0.0,0.01,0.03,400.0,673,1.0312548437500002,put,2026-10-16,SPY,764.2899780273438,2026-09-29T23:44:19.833119+00:00
345.0,0.0,0.01,0.02,200.0,1045,1.000005,put,2026-10-16,SPY,764.2899780273438,2026-09-29T23:44:19.833119+00:00
350.0,0.0,0.01,0.01,2.0,6255,0.98437515625,put,2026-10-16,SPY,764.2899780273438,2026-09-29T23:44:19.833119+00:00
355.0,0.0,0.01,0.01,1.0,11300,0.9687503125,put,2026-10-16,SPY,764.2899780273438,2026-09-29T23:44:19.833119+00:00
360.0,0.0,0.01,0.01,1.0,5728,0.9531254687499999,put,2026-10-16,SPY,764.2899780273438,2026-09-29T23:44:19.833119+00:00
365.0,0.0,0.01,0.01,48.0,1815,0.937500625,put,2026-10-16,SPY,764.2899780273438,2026-09-29T23:44:19.833119+00:00
370.0,0.0,0.01,0.01,102.0,10620,0.9062509375,put,2026-10-16,SPY,764.2899780273438,2026-09-29T23:44:19.833119+00:00
375.0,0.0,0.01,0.01,1.0,6868,0.9062509375,put,2026-10-16,SPY,764.2899780273438,2026-09-29T23:44:19.833119+00:00
380.0,0.0,0.01,0.01,2.0,2808,0.87500125,put,2026-10-16,SPY,764.2899780273438,2026-09-29T23:44:19.833119+00:00
385.0,0.0,0.01,0.01,1.0,3790,0.87500125,put,2026-10-16,SPY,764.2899780273438,2026-09-29T23:44:19.833119+00:00
390.0,0.0,0.01,0.01,800.0,4584,0.8437515624999999,put,2026-10-16,SPY,764.2899780273438,2026-09-29T23:44:19.833119+00:00
395.0,0.0,0.01,0.01,4.0,4063,0.8437515624999999,put,2026-10-16,SPY,764.2899780273438,2026-09-29T23:44:19.833119+00:00
400.0,0.0,0.01,0.01,50.0,21695,0.8125018749999999,put,2026-10-16,SPY,764.2899780273438,2026-09-29T23:44:19.833119+00:00
405.0,0.0,0.01,0.01,1503.0,6236,0.8125018749999999,put,2026-10-16,SPY,764.2899780273438,2026-09-29T23:44:19.833119+00:00
410.0,0.0,0.01,0.01,1500.0,14221,0.79687703125,put,2026-10-16,SPY,764.2899780273438,2026-09-29T23:44:19.833119+00:00
415.0,0.0,0.01,0.01,2.0,1107,0.7812521875,put,2026-10-16,SPY,764.2899780273438,2026-09-29T23:44:19.833119+00:00
420.0,0.0,0.01,0.01,27.0,2102,0.7656273437500001,put,2026-10-16,SPY,764.2899780273438,2026-09-29T23:44:19.833119+00:00
425.0,0.0,0.01,0.01,3.0,154945,0.7500025,put,2026-10-16,SPY,764.2899780273438,2026-09-29T23:44:19.833119+00:00
430.0,0.0,0.01,0.01,9.0,15740,0.73437765625,put,2026-10-16,SPY,764.2899780273438,2026-09-29T23:44:19.833119+00:00
435.0,0.0,0.01,0.01,640.0,1872,0.7187528125,put,2026-10-16,SPY,764.2899780273438,2026-09-29T23:44:19.833119+00:00
440.0,0.01,0.02,0.01,830.0,1411,0.7656273437500001,put,2026-10-16,SPY,764.2899780273438,2026-09-29T23:44:19.833119+00:00
445.0,0.01,0.02,0.01,4.0,4550,0.7500025,put,2026-10-16,SPY,764.2899780273438,2026-09-29T23:44:19.833119+00:00
450.0,0.01,0.02,0.02,1.0,3942,0.73437765625,put,2026-10-16,SPY,764.2899780273438,2026-09-29T23:44:19.833119+00:00
455.0,0.01,0.02,0.02,48.0,3839,0.7187528125,put,2026-10-16,SPY,764.2899780273438,2026-09-29T23:44:19.833119+00:00
460.0,0.01,0.02,0.02,2.0,2104,0.70312796875,put,2026-10-16,SPY,764.2899780273438,2026-09-29T23:44:19.833119+00:00
465.0,0.01,0.02,0.03,1520.0,3710,0.6953155468750001,put,2026-10-16,SPY,764.2899780273438,2026-09-29T23:44:19.833119+00:00
470.0,0.01,0.02,0.02,35.0,4216,0.6796907031250001,put,2026-10-16,SPY,764.2899780273438,2026-09-29T23:44:19.833119+00:00
475.0,0.01,0.02,0.02,228.0,3137,0.6640658593750002,put,2026-10-16,SPY,764.2899780273438,2026-09-29T23:44:19.833119+00:00
480.0,0.01,0.02,0.02,72.0,2276,0.648441015625,put,2026-10-16,SPY,764.2899780273438,2026-09-29T23:44:19.833119+00:00
485.0,0.01,0.02,0.02,100.0,165,0.6367223828125,put,2026-10-16,SPY,764.2899780273438,2026-09-29T23:44:19.833119+00:00
490.0,0.02,0.03,0.03,20.0,207,0.648441015625,put,2026-10-16,SPY,764.2899780273438,2026-09-29T23:44:19.833119+00:00
495.0,0.02,0.03,0.03,88.0,457,0.6367223828125,put,2026-10-16,SPY,764.2899780273438,2026-09-29T23:44:19.833119+00:00
500.0,0.02,0.03,0.02,3.0,7303,0.6210975390625001,put,2026-10-16,SPY,764.2899780273438,2026-09-29T23:44:19.833119+00:00
505.0,0.02,0.03,0.03,90.0,546,0.6093789062500001,put,2026-10-16,SPY,764.2899780273438,2026-09-29T23:44:19.833119+00:00
510.0,0.02,0.03,0.02,213.0,1512,0.5937540625000001,put,2026-10-16,SPY,764.2899780273438,2026-09-29T23:44:19.833119+00:00
515.0,0.02,0.03,0.03,124.0,368,0.5820354296875,put,2026-10-16,SPY,764.2899780273438,2026-09-29T23:44:19.833119+00:00
520.0,0.03,0.04,0.03,40.0,1039,0.5839885351562499,put,2026-10-16,SPY,764.2899780273438,2026-09-29T23:44:19.833119+00:00
525.0,0.03,0.04,0.03,165.0,301599,0.570316796875,put,2026-10-16,SPY,764.2899780273438,2026-09-29T23:44:19.833119+00:00
530.0,0.03,0.04,0.03,50.0,842,0.5585981640625001,put,2026-10-16,SPY,764.2899780273438,2026-09-29T23:44:19.833119+00:00
535.0,0.03,0.04,0.04,72.0,694,0.5429733203125001,put,2026-10-16,SPY,764.2899780273438,2026-09-29T23:44:19.833119+00:00
540.0,0.04,0.05,0.04,56.0,4650,0.5429733203125001,put,2026-10-16,SPY,764.2899780273438,2026-09-29T23:44:19.833119+00:00
545.0,0.04,0.05,0.05,745.0,722,0.5293015820312501,put,2026-10-16,SPY,764.2899780273438,2026-09-29T23:44:19.833119+00:00
550.0,0.04,0.05,0.05,257.0,11927,0.51562984375,put,2026-10-16,SPY,764.2899780273438,2026-09-29T23:44:19.833119+00:00
555.0,0.05,0.06,0.06,1195.0,615,0.5136767382812499,put,2026-10-16,SPY,764.2899780273438,2026-09-29T23:44:19.833119+00:00
560.0,0.05,0.06,0.07,1.0,321,0.500005,put,2026-10-16,SPY,764.2899780273438,2026-09-29T23:44:19.833119+00:00
565.0,0.05,0.06,0.09,5.0,972,0.49023947265625006,put,2026-10-16,SPY,764.2899780273438,2026-09-29T23:44:19.833119+00:00
570.0,0.06,0.07,0.06,5.0,1441,0.48438015625,put,2026-10-16,SPY,764.2899780273438,2026-09-29T23:44:19.833119+00:00
575.0,0.06,0.07,0.07,14.0,1203,0.471684970703125,put,2026-10-16,SPY,764.2899780273438,2026-09-29T23:44:19.833119+00:00
580.0,0.07,0.08,0.08,10.0,1644,0.46484910156250003,put,2026-10-16,SPY,764.2899780273438,2026-09-29T23:44:19.833119+00:00
585.0,0.07,0.08,0.1,24.0,1743,0.45215391601562505,put,2026-10-16,SPY,764.2899780273438,2026-09-29T23:44:19.833119+00:00
590.0,0.08,0.09,0.11,154.0,3178,0.44434149414062496,put,2026-10-16,SPY,764.2899780273438,2026-09-29T23:44:19.833119+00:00
595.0,0.08,0.09,0.1,157.0,1730,0.43066975585937506,put,2026-10-16,SPY,764.2899780273438,2026-09-29T23:44:19.833119+00:00
600.0,0.09,0.1,0.11,132.0,12600,0.422857333984375,put,2026-10-16,SPY,764.2899780273438,2026-09-29T23:44:19.833119+00:00
605.0,0.1,0.11,0.11,13.0,2569,0.414068359375,put,2026-10-16,SPY,764.2899780273438,2026-09-29T23:44:19.833119+00:00
610.0,0.1,0.11,0.11,3.0,3574,0.40039662109375,put,2026-10-16,SPY,764.2899780273438,2026-09-29T23:44:19.833119+00:00
615.0,0.11,0.12,0.15,28.0,1304,0.39160764648437496,put,2026-10-16,SPY,764.2899780273438,2026-09-29T23:44:19.833119+00:00
620.0,0.12,0.13,0.12,23.0,4033,0.38184211914062494,put,2026-10-16,SPY,764.2899780273438,2026-09-29T23:44:19.833119+00:00
625.0,0.13,0.14,0.18,232.0,156601,0.372076591796875,put,2026-10-16,SPY,764.2899780273438,2026-09-29T23:44:19.833119+00:00
630.0,0.14,0.15,0.16,4.0,33463,0.3618227880859375,put,2026-10-16,SPY,764.2899780273438,2026-09-29T23:44:19.833119+00:00
635.0,0.15,0.16,0.15,2.0,2401,0.35156898437499995,put,2026-10-16,SPY,764.2899780273438,2026-09-29T23:44:19.833119+00:00
640.0,0.16,0.17,0.2,4.0,5983,0.340826904296875,put,2026-10-16,SPY,764.2899780273438,2026-09-29T23:44:19.833119+00:00
645.0,0.17,0.18,0.18,3.0,5547,0.3298406860351562,put,2026-10-16,SPY,764.2899780273438,2026-09-29T23:44:19.833119+00:00
650.0,0.19,0.2,0.19,222.0,26831,0.32080757324218745,put,2026-10-16,SPY,764.2899780273438,2026-09-29T23:44:19.833119+00:00
655.0,0.2,0.21,0.23,2.0,13559,0.309577216796875,put,2026-10-16,SPY,764.2899780273438,2026-09-29T23:44:19.833119+00:00
660.0,0.22,0.23,0.22,18.0,12245,0.299811689453125,put,2026-10-16,SPY,764.2899780273438,2026-09-29T23:44:19.833119+00:00
665.0,0.24,0.25,0.24,4.0,5428,0.28955788574218744,put,2026-10-16,SPY,764.2899780273438,2026-09-29T23:44:19.833119+00:00
670.0,0.26,0.27,0.27,233.0,16784,0.27930408203124996,put,2026-10-16,SPY,764.2899780273438,2026-09-29T23:44:19.833119+00:00
675.0,0.28,0.29,0.31,178.0,14718,0.2683178637695312,put,2026-10-16,SPY,764.2899780273438,2026-09-29T23:44:19.833119+00:00
680.0,0.31,0.32,0.32,299.0,32749,0.25830819824218754,put,2026-10-16,SPY,764.2899780273438,2026-09-29T23:44:19.833119+00:00
685.0,0.34,0.35,0.35,81.0,9612,0.24805439453125,put,2026-10-16,SPY,764.2899780273438,2026-09-29T23:44:19.833119+00:00
690.0,0.38,0.39,0.4,10319.0,11642,0.23804472900390622,put,2026-10-16,SPY,764.2899780273438,2026-09-29T23:44:19.833119+00:00
695.0,0.43,0.44,0.46,32.0,7056,0.22840127075195313,put,2026-10-16,SPY,764.2899780273438,2026-09-29T23:44:19.833119+00:00
700.0,0.49,0.5,0.5,796.0,32794,0.21875781249999998,put,2026-10-16,SPY,764.2899780273438,2026-09-29T23:44:19.833119+00:00
701.0,0.5,0.51,0.58,12.0,2890,0.2166826379394531,put,2026-10-16,SPY,764.2899780273438,2026-09-29T23:44:19.833119+00:00
702.0,0.51,0.52,0.53,2.0,1256,0.21448539428710936,put,2026-10-16,SPY,764.2899780273438,2026-09-29T23:44:19.833119+00:00
703.0,0.53,0.54,0.55,58.0,1327,0.21302056518554688,put,2026-10-16,SPY,764.2899780273438,2026-09-29T23:44:19.833119+00:00
704.0,0.54,0.55,0.63,20.0,1576,0.21070125244140625,put,2026-10-16,SPY,764.2899780273438,2026-09-29T23:44:19.833119+00:00
705.0,0.56,0.57,0.57,102.0,13319,0.20911435424804684,put,2026-10-16,SPY,764.2899780273438,2026-09-29T23:44:19.833119+00:00
706.0,0.57,0.58,0.57,49.0,1075,0.2067950415039062,put,2026-10-16,SPY,764.2899780273438,2026-09-29T23:44:19.833119+00:00
707.0,0.59,0.6,0.59,5.0,1196,0.20508607421874997,put,2026-10-16,SPY,764.2899780273438,2026-09-29T23:44:19.833119+00:00
708.0,0.61,0.62,0.72,50.0,3366,0.20337710693359373,put,2026-10-16,SPY,764.2899780273438,2026-09-29T23:44:19.833119+00:00
709.0,0.63,0.64,0.7,259.0,2350,0.20154607055664062,put,2026-10-16,SPY,764.2899780273438,2026-09-29T23:44:19.833119+00:00
710.0,0.65,0.66,0.68,253.0,19961,0.1997150341796875,put,2026-10-16,SPY,764.2899780273438,2026-09-29T23:44:19.833119+00:00
711.0,0.67,0.68,0.67,31.0,3919,0.1977619287109375,put,2026-10-16,SPY,764.2899780273438,2026-09-29T23:44:19.833119+00:00
712.0,0.69,0.71,0.81,55.0,1312,0.19641916870117188,put,2026-10-16,SPY,764.2899780273438,2026-09-29T23:44:19.833119+00:00
713.0,0.71,0.73,0.91,19.0,1118,0.19446606323242188,put,2026-10-16,SPY,764.2899780273438,2026-09-29T23:44:19.833119+00:00
714.0,0.74,0.75,0.89,78.0,4723,0.192390888671875,put,2026-10-16,SPY,764.2899780273438,2026-09-29T23:44:19.833119+00:00
715.0,0.76,0.78,0.77,291.0,8245,0.19080399047851562,put,2026-10-16,SPY,764.2899780273438,2026-09-29T23:44:19.833119+00:00
716.0,0.79,0.81,0.82,132.0,10798,0.18921709228515626,put,2026-10-16,SPY,764.2899780273438,2026-09-29T23:44:19.833119+00:00
717.0,0.82,0.84,0.88,287.0,1447,0.187508125,put,2026-10-16,SPY,764.2899780273438,2026-09-29T23:44:19.833119+00:00
718.0,0.85,0.87,0.85,100.0,4623,0.18567708862304685,put,2026-10-16,SPY,764.2899780273438,2026-09-29T23:44:19.833119+00:00
719.0,0.89,0.9,0.92,344.0,1559,0.18384605224609374,put,2026-10-16,SPY,764.2899780273438,2026-09-29T23:44:19.833119+00:00
720.0,0.92,0.94,0.97,1150.0,34117,0.18238122314453126,put,2026-10-16,SPY,764.2899780273438,2026-09-29T23:44:19.833119+00:00
721.0,0.96,0.98,1.06,97.0,1310,0.1808553594970703,put,2026-10-16,SPY,764.2899780273438,2026-09-29T23:44:19.833119+00:00
722.0,1.0,1.01,0.97,276.0,20693,0.17878018493652342,put,2026-10-16,SPY,764.2899780273438,2026-09-29T23:44:19.833119+00:00
723.0,1.04,1.05,1.07,476.0,5971,0.1771322521972656,put,2026-10-16,SPY,764.2899780273438,2026-09-29T23:44:19.833119+00:00
724.0,1.08,1.1,1.28,78.0,26653,0.17572845764160155,put,2026-10-16,SPY,764.2899780273438,2026-09-29T23:44:19.833119+00:00
725.0,1.13,1.14,1.13,20703.0,44584,0.17383638671875,put,2026-10-16,SPY,764.2899780273438,2026-09-29T23:44:19.833119+00:00
726.0,1.17,1.19,1.17,244.0,13025,0.17231052307128908,put,2026-10-16,SPY,764.2899780273438,2026-09-29T23:44:19.833119+00:00
727.0,1.23,1.24,1.22,9230.0,11150,0.1706625903320313,put,2026-10-16,SPY,764.2899780273438,2026-09-29T23:44:19.833119+00:00
728.0,1.28,1.3,1.26,102.0,25140,0.1692587957763672,put,2026-10-16,SPY,764.2899780273438,2026-09-29T23:44:19.833119+00:00
729.0,1.34,1.36,1.35,25563.0,18649,0.16773293212890628,put,2026-10-16,SPY,764.2899780273438,2026-09-29T23:44:19.833119+00:00
730.0,1.4,1.42,1.4,1184.0,64719,0.16614603393554692,put,2026-10-16,SPY,764.2899780273438,2026-09-29T23:44:19.833119+00:00
731.0,1.46,1.48,1.45,213.0,2189,0.16443706665039062,put,2026-10-16,SPY,764.2899780273438,2026-09-29T23:44:19.833119+00:00
732.0,1.53,1.55,1.55,26570.0,72155,0.16291120300292972,put,2026-10-16,SPY,764.2899780273438,2026-09-29T23:44:19.833119+00:00
733.0,1.6,1.62,1.61,395.0,6709,0.1613243048095703,put,2026-10-16,SPY,764.2899780273438,2026-09-29T23:44:19.833119+00:00
734.0,1.68,1.7,1.72,229.0,14250,0.15992051025390625,put,2026-10-16,SPY,764.2899780273438,2026-09-29T23:44:19.833119+00:00
735.0,1.76,1.78,1.78,1330.0,30466,0.15833361206054689,put,2026-10-16,SPY,764.2899780273438,2026-09-29T23:44:19.833119+00:00
736.0,1.84,1.86,1.91,60.0,40466,0.15668567932128907,put,2026-10-16,SPY,764.2899780273438,2026-09-29T23:44:19.833119+00:00
737.0,1.93,1.95,1.94,331.0,5357,0.15515981567382814,put,2026-10-16,SPY,764.2899780273438,2026-09-29T23:44:19.833119+00:00
738.0,2.02,2.05,2.1,374.0,7529,0.15378653839111328,put,2026-10-16,SPY,764.2899780273438,2026-09-29T23:44:19.833119+00:00
739.0,2.12,2.15,2.16,589.0,3038,0.15226067474365235,put,2026-10-16,SPY,764.2899780273438,2026-09-29T23:44:19.833119+00:00
740.0,2.23,2.25,2.24,4488.0,45550,0.15058222473144534,put,2026-10-16,SPY,764.2899780273438,2026-09-29T23:44:19.833119+00:00
741.0,2.34,2.36,2.4,815.0,4207,0.14905636108398437,put,2026-10-16,SPY,764.2899780273438,2026-09-29T23:44:19.833119+00:00
742.0,2.46,2.48,2.43,1446.0,6611,0.1475915319824219,put,2026-10-16,SPY,764.2899780273438,2026-09-29T23:44:19.833119+00:00
743.0,2.59,2.61,2.57,575.0,2640,0.14618773742675778,put,2026-10-16,SPY,764.2899780273438,2026-09-29T23:44:19.833119+00:00
744.0,2.72,2.74,2.78,1411.0,2303,0.14466187377929687,put,2026-10-16,SPY,764.2899780273438,2026-09-29T23:44:19.833119+00:00
745.0,2.86,2.88,2.86,23204.0,35560,0.14313601013183597,put,2026-10-16,SPY,764.2899780273438,2026-09-29T23:44:19.833119+00:00
746.0,3.0,3.03,3.04,388.0,2097,0.14170169830322266,put,2026-10-16,SPY,764.2899780273438,2026-09-29T23:44:19.833119+00:00
747.0,3.16,3.18,3.29,295.0,4511,0.14008428283691404,put,2026-10-16,SPY,764.2899780273438,2026-09-29T23:44:19.833119+00:00
748.0,3.32,3.35,3.33,770.0,4007,0.13868048828125001,put,2026-10-16,SPY,764.2899780273438,2026-09-29T23:44:19.833119+00:00
749.0,3.5,3.52,3.57,739.0,2330,0.13709359008789065,put,2026-10-16,SPY,764.2899780273438,2026-09-29T23:44:19.833119+00:00
750.0,3.68,3.7,3.67,3226.0,67920,0.13553720916748052,put,2026-10-16,SPY,764.2899780273438,2026-09-29T23:44:19.833119+00:00
751.0,3.87,3.9,3.89,1033.0,2948,0.13416393188476564,put,2026-10-16,SPY,764.2899780273438,2026-09-29T23:44:19.833119+00:00
752.0,4.08,4.1,4.16,889.0,7541,0.13257703369140628,put,2026-10-16,SPY,764.2899780273438,2026-09-29T23:44:19.833119+00:00
753.0,4.29,4.32,4.35,791.0,31677,0.13111220458984374,put,2026-10-16,SPY,764.2899780273438,2026-09-29T23:44:19.833119+00:00
754.0,4.51,4.54,4.61,638.0,2384,0.12949478912353518,put,2026-10-16,SPY,764.2899780273438,2026-09-29T23:44:19.833119+00:00
755.0,4.75,4.78,4.8,2124.0,24307,0.1279689254760742,put,2026-10-16,SPY,764.2899780273438,2026-09-29T23:44:19.833119+00:00
756.0,5.0,5.03,4.95,282.0,2389,0.1263820272827148,put,2026-10-16,SPY,764.2899780273438,2026-09-29T23:44:19.833119+00:00
757.0,5.26,5.29,5.19,641.0,27384,0.12473409454345702,put,2026-10-16,SPY,764.2899780273438,2026-09-29T23:44:19.833119+00:00
758.0,5.54,5.57,5.68,772.0,5020,0.12317771362304689,put,2026-10-16,SPY,764.2899780273438,2026-09-29T23:44:19.833119+00:00
759.0,5.83,5.87,6.05,847.0,4670,0.12168236724853515,put,2026-10-16,SPY,764.2899780273438,2026-09-29T23:44:19.833119+00:00
760.0,6.14,6.17,6.15,9177.0,22714,0.11994288269042967,put,2026-10-16,SPY,764.2899780273438,2026-09-29T23:44:19.833119+00:00
761.0,6.46,6.5,6.71,664.0,3291,0.11841701904296875,put,2026-10-16,SPY,764.2899780273438,2026-09-29T23:44:19.833119+00:00
762.0,6.8,6.84,7.02,715.0,3529,0.11676908630371094,put,2026-10-16,SPY,764.2899780273438,2026-09-29T23:44:19.833119+00:00
763.0,7.16,7.2,7.18,957.0,3053,0.11512115356445313,put,2026-10-16,SPY,764.2899780273438,2026-09-29T23:44:19.833119+00:00
764.0,7.54,7.58,7.52,859.0,1969,0.1134732208251953,put,2026-10-16,SPY,764.2899780273438,2026-09-29T23:44:19.833119+00:00
765.0,7.94,7.99,7.93,2543.0,16557,0.11197787445068358,put,2026-10-16,SPY,764.2899780273438,2026-09-29T23:44:19.833119+00:00
766.0,8.35,8.41,8.39,1000.0,5158,0.11032994171142577,put,2026-10-16,SPY,764.2899780273438,2026-09-29T23:44:19.833119+00:00
767.0,8.8,8.85,8.78,393.0,6843,0.10862097442626953,put,2026-10-16,SPY,764.2899780273438,2026-09-29T23:44:19.833119+00:00
768.0,9.26,9.32,9.57,591.0,14678,0.10703407623291016,put,2026-10-16,SPY,764.2899780273438,2026-09-29T23:44:19.833119+00:00
769.0,9.74,9.8,9.93,668.0,3715,0.10523355712890625,put,2026-10-16,SPY,764.2899780273438,2026-09-29T23:44:19.833119+00:00
770.0,10.21,10.39,10.25,1371.0,13465,0.10477579803466797,put,2026-10-16,SPY,764.2899780273438,2026-09-29T23:44:19.833119+00:00
771.0,10.6,11.06,10.86,37.0,2062,0.10520303985595703,put,2026-10-16,SPY,764.2899780273438,2026-09-29T23:44:19.833119+00:00
772.0,11.2,11.61,11.36,37.0,2829,0.10340252075195311,put,2026-10-16,SPY,764.2899780273438,2026-09-29T23:44:19.833119+00:00
773.0,11.72,12.21,12.01,40.0,1954,0.10196820892333984,put,2026-10-16,SPY,764.2899780273438,2026-09-29T23:44:19.833119+00:00
774.0,12.32,12.82,12.44,16.0,2974,0.1002897589111328,put,2026-10-16,SPY,764.2899780273438,2026-09-29T23:44:19.833119+00:00
775.0,13.1,13.31,13.42,823.0,7549,0.095986823425293,put,2026-10-16,SPY,764.2899780273438,2026-09-29T23:44:19.833119+00:00
776.0,13.61,14.11,14.1,2.0,1449,0.09678027252197266,put,2026-10-16,SPY,764.2899780273438,2026-09-29T23:44:19.833119+00:00
777.0,14.26,14.8,13.22,15.0,1403,0.09510182250976565,put,2026-10-16,SPY,764.2899780273438,2026-09-29T23:44:19.833119+00:00
778.0,14.93,15.51,13.6,44.0,888,0.0932707861328125,put,2026-10-16,SPY,764.2899780273438,2026-09-29T23:44:19.833119+00:00
779.0,15.7,16.24,17.37,12.0,931,0.0913176806640625,put,2026-10-16,SPY,764.2899780273438,2026-09-29T23:44:19.833119+00:00
780.0,16.4,18.44,18.32,69.0,4766,0.12052271087646485,put,2026-10-16,SPY,764.2899780273438,2026-09-29T23:44:19.833119+00:00
781.0,17.11,19.43,18.79,1.0,507,0.12458150817871094,put,2026-10-16,SPY,764.2899780273438,2026-09-29T23:44:19.833119+00:00
782.0,17.91,20.23,15.74,4.0,247,0.1247035772705078,put,2026-10-16,SPY,764.2899780273438,2026-09-29T23:44:19.833119+00:00
783.0,18.66,21.05,18.4,10.0,283,0.12494771545410156,put,2026-10-16,SPY,764.2899780273438,2026-09-29T23:44:19.833119+00:00
784.0,19.61,20.36,17.16,1.0,216,0.08399353515625002,put,2026-10-16,SPY,764.2899780273438,2026-09-29T23:44:19.833119+00:00
785.0,20.73,20.97,21.25,49.0,7158,0.06788041503906252,put,2026-10-16,SPY,764.2899780273438,2026-09-29T23:44:19.833119+00:00
786.0,20.7,23.44,19.64,8.0,117,0.12244529907226565,put,2026-10-16,SPY,764.2899780273438,2026-09-29T23:44:19.833119+00:00
787.0,21.98,24.34,21.46,91.0,120,0.1235439208984375,put,2026-10-16,SPY,764.2899780273438,2026-09-29T23:44:19.833119+00:00
788.0,22.21,25.46,25.12,6.0,29,0.13019668640136717,put,2026-10-16,SPY,764.2899780273438,2026-09-29T23:44:19.833119+00:00
789.0,23.39,26.04,23.07,2.0,107,0.12232322998046877,put,2026-10-16,SPY,764.2899780273438,2026-09-29T23:44:19.833119+00:00
790.0,23.97,27.07,25.83,5.0,637,0.12659564819335936,put,2026-10-16,SPY,764.2899780273438,2026-09-29T23:44:19.833119+00:00
791.0,24.96,28.15,28.32,300.0,149,0.13227186096191407,put,2026-10-16,SPY,764.2899780273438,2026-09-29T23:44:19.833119+00:00
792.0,25.66,29.28,28.24,100.0,38,0.13941290283203128,put,2026-10-16,SPY,764.2899780273438,2026-09-29T23:44:19.833119+00:00
793.0,26.61,30.28,29.2,100.0,37,0.14283083740234376,put,2026-10-16,SPY,764.2899780273438,2026-09-29T23:44:19.833119+00:00
794.0,27.62,31.28,28.12,1.0,0,0.14618773742675778,put,2026-10-16,SPY,764.2899780273438,2026-09-29T23:44:19.833119+00:00
795.0,28.96,32.09,30.69,4.0,11,0.14380739013671873,put,2026-10-16,SPY,764.2899780273438,2026-09-29T23:44:19.833119+00:00
796.0,29.96,33.09,26.64,180.0,1,0.14710325561523438,put,2026-10-16,SPY,764.2899780273438,2026-09-29T23:44:19.833119+00:00
797.0,30.62,34.28,28.02,42.0,0,0.15619740295410156,put,2026-10-16,SPY,764.2899780273438,2026-09-29T23:44:19.833119+00:00
798.0,31.62,35.28,29.01,36.0,0,0.15949326843261719,put,2026-10-16,SPY,764.2899780273438,2026-09-29T23:44:19.833119+00:00
799.0,32.58,36.44,31.25,2.0,0,0.1676108630371094,put,2026-10-16,SPY,764.2899780273438,2026-09-29T23:44:19.833119+00:00
800.0,33.86,37.27,35.65,801.0,535,0.16571879211425783,put,2026-10-16,SPY,764.2899780273438,2026-09-29T23:44:19.833119+00:00
802.0,35.58,39.44,34.26,2.0,0,0.1774374249267578,put,2026-10-16,SPY,764.2899780273438,2026-09-29T23:44:19.833119+00:00
803.0,36.58,40.44,35.26,2.0,0,0.18073329040527342,put,2026-10-16,SPY,764.2899780273438,2026-09-29T23:44:19.833119+00:00
804.0,37.58,41.44,36.26,2.0,0,0.18396812133789062,put,2026-10-16,SPY,764.2899780273438,2026-09-29T23:44:19.833119+00:00
805.0,38.58,42.44,33.66,16.0,1,0.1871419177246094,put,2026-10-16,SPY,764.2899780273438,2026-09-29T23:44:19.833119+00:00
806.0,39.58,43.44,34.79,3.0,0,0.19031571411132814,put,2026-10-16,SPY,764.2899780273438,2026-09-29T23:44:19.833119+00:00
807.0,40.58,44.44,35.8,4.0,0,0.19348951049804688,put,2026-10-16,SPY,764.2899780273438,2026-09-29T23:44:19.833119+00:00
810.0,43.58,47.44,46.2,50.0,19,0.20294986511230467,put,2026-10-16,SPY,764.2899780273438,2026-09-29T23:44:19.833119+00:00
815.0,48.62,52.44,51.26,2.0,2,0.21839160522460935,put,2026-10-16,SPY,764.2899780273438,2026-09-29T23:44:19.833119+00:00
820.0,53.58,57.44,52.36,1.0,0,0.233406103515625,put,2026-10-16,SPY,764.2899780273438,2026-09-29T23:44:19.833119+00:00
825.0,58.58,62.44,50.74,1.0,0,0.24817646362304688,put,2026-10-16,SPY,764.2899780273438,2026-09-29T23:44:19.833119+00:00
830.0,63.58,67.44,66.2,52.0,19,0.26270268554687504,put,2026-10-16,SPY,764.2899780273438,2026-09-29T23:44:19.833119+00:00
835.0,68.62,72.44,73.56,4.0,0,0.27686270019531245,put,2026-10-16,SPY,764.2899780273438,2026-09-29T23:44:19.833119+00:00
840.0,73.62,77.44,72.35,1.0,0,0.2908396112060546,put,2026-10-16,SPY,764.2899780273438,2026-09-29T23:44:19.833119+00:00
845.0,78.58,82.44,77.08,2.0,0,0.3045723840332031,put,2026-10-16,SPY,764.2899780273438,2026-09-29T23:44:19.833119+00:00
850.0,83.62,87.44,86.25,2.0,8,0.3181220532226562,put,2026-10-16,SPY,764.2899780273438,2026-09-29T23:44:19.833119+00:00
855.0,88.58,92.44,89.27,1.0,0,0.3314275842285156,put,2026-10-16,SPY,764.2899780273438,2026-09-29T23:44:19.833119+00:00
860.0,93.62,97.44,100.0,1.0,0,0.34455001159667964,put,2026-10-16,SPY,764.2899780273438,2026-09-29T23:44:19.833119+00:00
865.0,0.0,0.0,99.46,1.0,0,1.0000000000000003e-05,put,2026-10-16,SPY,764.2899780273438,2026-09-29T23:44:19.833119+00:00
870.0,103.58,107.44,108.55,,0,0.3702455554199219,put,2026-10-16,SPY,764.2899780273438,2026-09-29T23:44:19.833119+00:00
875.0,108.62,112.28,113.44,,0,0.37476211181640623,put,2026-10-16,SPY,764.2899780273438,2026-09-29T23:44:19.833119+00:00
880.0,113.58,117.28,115.69,215.0,91,0.38709109008789055,put,2026-10-16,SPY,764.2899780273438,2026-09-29T23:44:19.833119+00:00
890.0,123.62,127.28,128.43,,0,0.4112607702636719,put,2026-10-16,SPY,764.2899780273438,2026-09-29T23:44:19.833119+00:00
895.0,128.62,132.28,133.43,4.0,0,0.42310147216796873,put,2026-10-16,SPY,764.2899780273438,2026-09-29T23:44:19.833119+00:00
925.0,158.58,162.28,163.51,,0,0.4914601635742188,put,2026-10-16,SPY,764.2899780273438,2026-09-29T23:44:19.833119+00:00
930.0,163.58,167.28,164.9,,0,0.5025684509277344,put,2026-10-16,SPY,764.2899780273438,2026-09-29T23:44:19.833119+00:00
935.0,168.62,172.28,173.4,,0,0.5134326000976561,put,2026-10-16,SPY,764.2899780273438,2026-09-29T23:44:19.833119+00:00
940.0,173.58,177.28,178.5,,0,0.5241746801757812,put,2026-10-16,SPY,764.2899780273438,2026-09-29T23:44:19.833119+00:00
945.0,178.62,182.28,183.5,,0,0.5349167602539062,put,2026-10-16,SPY,764.2899780273438,2026-09-29T23:44:19.833119+00:00
950.0,183.58,187.28,188.5,,0,0.5455367712402344,put,2026-10-16,SPY,764.2899780273438,2026-09-29T23:44:19.833119+00:00
960.0,193.62,197.28,198.49,,0,0.5664105859375,put,2026-10-16,SPY,764.2899780273438,2026-09-29T23:44:19.833119+00:00
970.0,203.58,207.28,208.58,,0,0.586918193359375,put,2026-10-16,SPY,764.2899780273438,2026-09-29T23:44:19.833119+00:00
985.0,218.62,222.28,223.47,,0,0.6171913281250001,put,2026-10-16,SPY,764.2899780273438,2026-09-29T23:44:19.833119+00:00
990.0,223.62,227.28,216.29,2.0,0,0.6269568554687501,put,2026-10-16,SPY,764.2899780273438,2026-09-29T23:44:19.833119+00:00
1000.0,259.32,262.51,250.79,,0,1.3271518017578123,put,2026-10-16,SPY,764.2899780273438,2026-09-29T23:44:19.833119+00:00
470.0,294.52,298.43,296.35,2.0,4,0.9104012866210938,call,2026-10-30,SPY,764.2899780273438,2026-09-29T23:44:19.833119+00:00
475.0,289.55,293.42,294.23,3.0,15,0.8939219592285155,call,2026-10-30,SPY,764.2899780273438,2026-09-29T23:44:19.833119+00:00
480.0,284.57,288.44,285.74,1.0,1,0.8782971154785155,call,2026-10-30,SPY,764.2899780273438,2026-09-29T23:44:19.833119+00:00
490.0,274.62,278.52,281.55,70.0,71,0.8490005334472657,call,2026-10-30,SPY,764.2899780273438,2026-09-29T23:44:19.833119+00:00
495.0,269.64,273.54,271.78,,1,0.833741896972656,call,2026-10-30,SPY,764.2899780273438,2026-09-29T23:44:19.833119+00:00
500.0,264.67,268.57,267.18,1.0,2,0.8190936059570311,call,2026-10-30,SPY,764.2899780273438,2026-09-29T23:44:19.833119+00:00
520.0,244.77,248.67,251.59,1.0,10,0.7601342346191409,call,2026-10-30,SPY,764.2899780273438,2026-09-29T23:44:19.833119+00:00
525.0,239.89,243.66,238.44,,1,0.747194910888672,call,2026-10-30,SPY,764.2899780273438,2026-09-29T23:44:19.833119+00:00
530.0,229.04,232.46,212.98,,2,1.0000000000000003e-05,call,2026-10-30,SPY,764.2899780273438,2026-09-29T23:44:19.833119+00:00
540.0,224.97,228.78,223.69,1.0,3,0.7051421087646486,call,2026-10-30,SPY,764.2899780273438,2026-09-29T23:44:19.833119+00:00
545.0,220.0,223.82,218.57,1.0,2,0.6912872668457033,call,2026-10-30,SPY,764.2899780273438,2026-09-29T23:44:19.833119+00:00
550.0,214.93,218.79,214.12,3.0,3,0.673098972167969,call,2026-10-30,SPY,764.2899780273438,2026-09-29T23:44:19.833119+00:00
555.0,209.96,213.82,207.84,1.0,2,0.659183095703125,call,2026-10-30,SPY,764.2899780273438,2026-09-29T23:44:19.833119+00:00
560.0,0.0,0.0,217.1,4.0,0,1.0000000000000003e-05,call,2026-10-30,SPY,764.2899780273438,2026-09-29T23:44:19.833119+00:00
565.0,200.02,203.92,202.15,3.0,6,0.6324499645996093,call,2026-10-30,SPY,764.2899780273438,2026-09-29T23:44:19.833119+00:00
570.0,195.2,198.61,188.4,25.0,1235,0.6141396008300781,call,2026-10-30,SPY,764.2899780273438,2026-09-29T23:44:19.833119+00:00
575.0,190.18,193.97,196.81,1.0,31,0.6068154553222658,call,2026-10-30,SPY,764.2899780273438,2026-09-29T23:44:19.833119+00:00
580.0,185.26,188.68,184.14,1.0,154,0.586918193359375,call,2026-10-30,SPY,764.2899780273438,2026-09-29T23:44:19.833119+00:00
585.0,180.14,184.06,185.8,1.0,29,0.5776409423828125,call,2026-10-30,SPY,764.2899780273438,2026-09-29T23:44:19.833119+00:00
590.0,175.28,179.07,172.76,1.0,59,0.5658002404785156,call,2026-10-30,SPY,764.2899780273438,2026-09-29T23:44:19.833119+00:00
595.0,170.37,173.78,169.13,44.0,315,0.5466353930664063,call,2026-10-30,SPY,764.2899780273438,2026-09-29T23:44:19.833119+00:00
600.0,165.25,169.12,171.5,1.0,24,0.536259520263672,call,2026-10-30,SPY,764.2899780273438,2026-09-29T23:44:19.833119+00:00
605.0,160.39,164.16,149.83,1.0,10,0.5249070947265625,call,2026-10-30,SPY,764.2899780273438,2026-09-29T23:44:19.833119+00:00
610.0,155.44,159.2,161.22,1.0,28,0.5117846673583983,call,2026-10-30,SPY,764.2899780273438,2026-09-29T23:44:19.833119+00:00
615.0,150.48,154.24,147.32,1.0,4,0.5594526477050781,call,2026-10-30,SPY,764.2899780273438,2026-09-29T23:44:19.833119+00:00
620.0,145.41,149.31,144.38,1.0,25,0.5454147021484376,call,2026-10-30,SPY,764.2899780273438,2026-09-29T23:44:19.833119+00:00
625.0,141.99,145.22,138.49,2.0,0,0.5090381127929688,call,2026-10-30,SPY,764.2899780273438,2026-09-29T23:44:19.833119+00:00
630.0,135.5,139.39,134.59,22.0,33,0.51562984375,call,2026-10-30,SPY,764.2899780273438,2026-09-29T23:44:19.833119+00:00
635.0,130.7,134.12,129.69,24.0,156,0.49240619903564464,call,2026-10-30,SPY,764.2899780273438,2026-09-29T23:44:19.833119+00:00
640.0,125.75,129.18,124.82,24.0,110,0.478246184387207,call,2026-10-30,SPY,764.2899780273438,2026-09-29T23:44:19.833119+00:00
641.0,124.76,128.19,121.67,4.0,3239,0.4753470434570312,call,2026-10-30,SPY,764.2899780273438,2026-09-29T23:44:19.833119+00:00
642.0,123.73,127.51,120.47,2.0,53,0.48053497985839844,call,2026-10-30,SPY,764.2899780273438,2026-09-29T23:44:19.833119+00:00
644.0,121.64,125.53,112.72,,1,0.4746756634521484,call,2026-10-30,SPY,764.2899780273438,2026-09-29T23:44:19.833119+00:00
645.0,120.65,124.54,119.67,2.0,21,0.4717154879760742,call,2026-10-30,SPY,764.2899780273438,2026-09-29T23:44:19.833119+00:00
646.0,119.67,123.55,117.68,8.0,7,0.4687553125,call,2026-10-30,SPY,764.2899780273438,2026-09-29T23:44:19.833119+00:00
648.0,117.8,121.58,114.96,,1,0.4631401342773438,call,2026-10-30,SPY,764.2899780273438,2026-09-29T23:44:19.833119+00:00
649.0,122.68,125.95,124.55,1.0,0,0.542668147583008,call,2026-10-30,SPY,764.2899780273438,2026-09-29T23:44:19.833119+00:00
650.0,115.71,119.6,128.11,1.0,86,0.4572808178710938,call,2026-10-30,SPY,764.2899780273438,2026-09-29T23:44:19.833119+00:00
651.0,0.0,0.0,120.1,1.0,0,1.0000000000000003e-05,call,2026-10-30,SPY,764.2899780273438,2026-09-29T23:44:19.833119+00:00
652.0,113.85,117.6,114.83,2.0,2,0.45087219055175787,call,2026-10-30,SPY,764.2899780273438,2026-09-29T23:44:19.833119+00:00
654.0,0.0,0.0,121.7,,0,1.0000000000000003e-05,call,2026-10-30,SPY,764.2899780273438,2026-09-29T23:44:19.833119+00:00
655.0,110.78,114.66,115.24,2.0,68,0.44275459594726563,call,2026-10-30,SPY,764.2899780273438,2026-09-29T23:44:19.833119+00:00
656.0,109.94,113.37,108.53,23.0,176,0.43256182678222654,call,2026-10-30,SPY,764.2899780273438,2026-09-29T23:44:19.833119+00:00
657.0,108.8,112.69,109.91,2.0,1,0.43707838317871095,call,2026-10-30,SPY,764.2899780273438,2026-09-29T23:44:19.833119+00:00
658.0,107.93,111.7,106.05,1.0,1,0.43411820770263676,call,2026-10-30,SPY,764.2899780273438,2026-09-29T23:44:19.833119+00:00
659.0,0.0,0.0,109.99,,0,1.0000000000000003e-05,call,2026-10-30,SPY,764.2899780273438,2026-09-29T23:44:19.833119+00:00
660.0,105.97,109.73,106.94,2.0,74,0.42841147766113286,call,2026-10-30,SPY,764.2899780273438,2026-09-29T23:44:19.833119+00:00
661.0,104.86,108.75,111.41,4.0,11,0.42569544036865237,call,2026-10-30,SPY,764.2899780273438,2026-09-29T23:44:19.833119+00:00
662.0,104.82,106.83,99.34,6.0,7,0.40051869018554687,call,2026-10-30,SPY,764.2899780273438,2026-09-29T23:44:19.833119+00:00
663.0,102.89,106.76,110.91,1.0,1,0.41950043395996095,call,2026-10-30,SPY,764.2899780273438,2026-09-29T23:44:19.833119+00:00
664.0,0.0,0.0,108.77,1.0,0,1.0000000000000003e-05,call,2026-10-30,SPY,764.2899780273438,2026-09-29T23:44:19.833119+00:00
665.0,100.92,104.67,106.0,3.0,16,0.41107766662597656,call,2026-10-30,SPY,764.2899780273438,2026-09-29T23:44:19.833119+00:00
666.0,99.94,103.8,101.29,2.0,6,0.41083352844238286,call,2026-10-30,SPY,764.2899780273438,2026-09-29T23:44:19.833119+00:00
668.0,98.0,101.86,95.08,2.0,4,0.40573714385986326,call,2026-10-30,SPY,764.2899780273438,2026-09-29T23:44:19.833119+00:00
669.0,97.11,100.72,93.12,1.0,2,0.39942006835937505,call,2026-10-30,SPY,764.2899780273438,2026-09-29T23:44:19.833119+00:00
670.0,96.12,99.89,97.15,40.0,42,0.399969379272461,call,2026-10-30,SPY,764.2899780273438,2026-09-29T23:44:19.833119+00:00
671.0,95.02,98.91,91.73,2.0,0,0.39719230743408207,call,2026-10-30,SPY,764.2899780273438,2026-09-29T23:44:19.833119+00:00
672.0,94.04,97.91,102.68,1.0,5,0.39395747650146484,call,2026-10-30,SPY,764.2899780273438,2026-09-29T23:44:19.833119+00:00
673.0,93.06,96.82,93.0,1.0,29,0.3888000573730469,call,2026-10-30,SPY,764.2899780273438,2026-09-29T23:44:19.833119+00:00
674.0,92.07,95.85,87.35,15.0,16,0.38623660644531244,call,2026-10-30,SPY,764.2899780273438,2026-09-29T23:44:19.833119+00:00
675.0,91.09,94.85,86.24,1.0,5,0.3830017755126953,call,2026-10-30,SPY,764.2899780273438,2026-09-29T23:44:19.833119+00:00
677.0,89.13,92.89,92.26,1.0,2,0.37744763183593744,call,2026-10-30,SPY,764.2899780273438,2026-09-29T23:44:19.833119+00:00
678.0,88.15,92.02,91.91,1.0,2,0.3769288381958008,call,2026-10-30,SPY,764.2899780273438,2026-09-29T23:44:19.833119+00:00
679.0,87.17,90.93,92.51,1.0,3,0.37183245361328127,call,2026-10-30,SPY,764.2899780273438,2026-09-29T23:44:19.833119+00:00
680.0,86.35,89.6,90.2,6.0,115,0.3616396844482421,call,2026-10-30,SPY,764.2899780273438,2026-09-29T23:44:19.833119+00:00
681.0,85.22,88.98,84.74,2.0,18,0.36640037902832034,call,2026-10-30,SPY,764.2899780273438,2026-09-29T23:44:19.833119+00:00
682.0,84.24,88.0,86.18,1.0,3,0.36356227264404295,call,2026-10-30,SPY,764.2899780273438,2026-09-29T23:44:19.833119+00:00
683.0,83.26,87.03,81.66,1.0,2,0.36093778717041014,call,2026-10-30,SPY,764.2899780273438,2026-09-29T23:44:19.833119+00:00
684.0,82.29,86.06,89.01,2.0,5,0.3582827844238281,call,2026-10-30,SPY,764.2899780273438,2026-09-29T23:44:19.833119+00:00
685.0,81.31,85.1,81.92,7.0,14,0.35584140258789054,call,2026-10-30,SPY,764.2899780273438,2026-09-29T23:44:19.833119+00:00
686.0,80.34,84.1,89.09,3.0,15,0.3526065716552734,call,2026-10-30,SPY,764.2899780273438,2026-09-29T23:44:19.833119+00:00
687.0,79.57,83.12,85.8,2.0,13,0.3497379479980468,call,2026-10-30,SPY,764.2899780273438,2026-09-29T23:44:19.833119+00:00
688.0,78.69,81.88,80.41,58.0,3503,0.34168138793945313,call,2026-10-30,SPY,764.2899780273438,2026-09-29T23:44:19.833119+00:00
689.0,77.72,80.85,88.67,319.0,3379,0.3378362115478516,call,2026-10-30,SPY,764.2899780273438,2026-09-29T23:44:19.833119+00:00
690.0,76.75,79.93,84.77,1.0,727,0.33618827880859375,call,2026-10-30,SPY,764.2899780273438,2026-09-29T23:44:19.833119+00:00
691.0,75.67,79.28,82.15,2.0,3,0.3397587997436523,call,2026-10-30,SPY,764.2899780273438,2026-09-29T23:44:19.833119+00:00
692.0,74.81,77.89,81.73,1.0,142,0.32889465057373035,call,2026-10-30,SPY,764.2899780273438,2026-09-29T23:44:19.833119+00:00
693.0,73.84,77.03,76.1,1.0,2175,0.3283758569335937,call,2026-10-30,SPY,764.2899780273438,2026-09-29T23:44:19.833119+00:00
694.0,72.76,76.37,84.16,3.0,30,0.3315496533203125,call,2026-10-30,SPY,764.2899780273438,2026-09-29T23:44:19.833119+00:00
695.0,72.98,74.79,73.07,6.0,2243,0.3172065350341796,call,2026-10-30,SPY,764.2899780273438,2026-09-29T23:44:19.833119+00:00
696.0,70.83,74.43,81.91,3.0,25,0.32605654418945307,call,2026-10-30,SPY,764.2899780273438,2026-09-29T23:44:19.833119+00:00
697.0,69.86,73.47,73.57,2.0,9,0.32349309326171866,call,2026-10-30,SPY,764.2899780273438,2026-09-29T23:44:19.833119+00:00
698.0,69.0,72.2,79.92,262.0,1494,0.315161877746582,call,2026-10-30,SPY,764.2899780273438,2026-09-29T23:44:19.833119+00:00
699.0,67.93,71.59,76.5,3.0,48,0.3189765368652343,call,2026-10-30,SPY,764.2899780273438,2026-09-29T23:44:19.833119+00:00
700.0,67.07,70.22,67.26,5.0,1656,0.3089058367919921,call,2026-10-30,SPY,764.2899780273438,2026-09-29T23:44:19.833119+00:00
701.0,66.01,69.62,76.24,1.0,0,0.3128120477294921,call,2026-10-30,SPY,764.2899780273438,2026-09-29T23:44:19.833119+00:00
702.0,65.05,68.66,77.19,10.0,2,0.31018756225585936,call,2026-10-30,SPY,764.2899780273438,2026-09-29T23:44:19.833119+00:00
703.0,64.09,67.7,69.27,1.0,4,0.30750204223632804,call,2026-10-30,SPY,764.2899780273438,2026-09-29T23:44:19.833119+00:00
704.0,63.13,66.75,69.59,5.0,33,0.30499962585449214,call,2026-10-30,SPY,764.2899780273438,2026-09-29T23:44:19.833119+00:00
705.0,62.17,65.79,61.6,2.0,60,0.302314105834961,call,2026-10-30,SPY,764.2899780273438,2026-09-29T23:44:19.833119+00:00
706.0,61.22,64.84,62.0,1.0,92,0.29978117218017575,call,2026-10-30,SPY,764.2899780273438,2026-09-29T23:44:19.833119+00:00
707.0,60.26,63.9,65.21,1.0,29,0.29740082489013664,call,2026-10-30,SPY,764.2899780273438,2026-09-29T23:44:19.833119+00:00
708.0,59.31,62.95,68.34,2.0,17,0.29480685668945306,call,2026-10-30,SPY,764.2899780273438,2026-09-29T23:44:19.833119+00:00
709.0,58.36,61.99,70.24,2.0,17,0.29206030212402334,call,2026-10-30,SPY,764.2899780273438,2026-09-29T23:44:19.833119+00:00
710.0,57.41,61.05,59.8,1.0,766,0.2896189202880859,call,2026-10-30,SPY,764.2899780273438,2026-09-29T23:44:19.833119+00:00
711.0,56.46,60.09,56.55,2.0,97,0.2868113311767577,call,2026-10-30,SPY,764.2899780273438,2026-09-29T23:44:19.833119+00:00
712.0,55.52,59.15,62.1,1.0,41,0.28433943206787105,call,2026-10-30,SPY,764.2899780273438,2026-09-29T23:44:19.833119+00:00
713.0,54.58,58.21,61.35,1.0,79,0.28183701568603514,call,2026-10-30,SPY,764.2899780273438,2026-09-29T23:44:19.833119+00:00
714.0,53.64,57.28,63.07,2.0,27,0.27948718566894526,call,2026-10-30,SPY,764.2899780273438,2026-09-29T23:44:19.833119+00:00
715.0,52.7,56.31,56.78,2.0,998,0.2764659756469726,call,2026-10-30,SPY,764.2899780273438,2026-09-29T23:44:19.833119+00:00
716.0,51.76,55.4,58.32,2.0,16,0.27436028381347655,call,2026-10-30,SPY,764.2899780273438,2026-09-29T23:44:19.833119+00:00
717.0,50.82,54.44,56.95,1.0,24,0.2714611428833008,call,2026-10-30,SPY,764.2899780273438,2026-09-29T23:44:19.833119+00:00
718.0,49.89,53.51,56.01,1.0,28,0.26901976104736325,call,2026-10-30,SPY,764.2899780273438,2026-09-29T23:44:19.833119+00:00
719.0,48.97,52.58,56.22,2.0,106,0.26651734466552734,call,2026-10-30,SPY,764.2899780273438,2026-09-29T23:44:19.833119+00:00
720.0,48.11,51.65,52.94,1.0,1317,0.26401492828369144,call,2026-10-30,SPY,764.2899780273438,2026-09-29T23:44:19.833119+00:00
721.0,47.2,50.71,53.29,1.0,15,0.2613599255371094,call,2026-10-30,SPY,764.2899780273438,2026-09-29T23:44:19.833119+00:00
722.0,46.31,49.76,45.28,1.0,50,0.2584913018798829,call,2026-10-30,SPY,764.2899780273438,2026-09-29T23:44:19.833119+00:00
723.0,45.42,48.83,49.52,1.0,40,0.2559125923156738,call,2026-10-30,SPY,764.2899780273438,2026-09-29T23:44:19.833119+00:00
724.0,44.54,47.86,50.1,1.0,56,0.2527235372924804,call,2026-10-30,SPY,764.2899780273438,2026-09-29T23:44:19.833119+00:00
725.0,45.02,45.57,45.5,6.0,524,0.2297135134887695,call,2026-10-30,SPY,764.2899780273438,2026-09-29T23:44:19.833119+00:00
726.0,42.75,45.97,47.55,2.0,79,0.24700154861450196,call,2026-10-30,SPY,764.2899780273438,2026-09-29T23:44:19.833119+00:00
727.0,41.91,45.02,47.64,9.0,56,0.24402611450195313,call,2026-10-30,SPY,764.2899780273438,2026-09-29T23:44:19.833119+00:00
728.0,41.03,44.06,48.94,2.0,277,0.24091335266113278,call,2026-10-30,SPY,764.2899780273438,2026-09-29T23:44:19.833119+00:00
729.0,40.18,43.15,45.87,1.0,95,0.23847197082519528,call,2026-10-30,SPY,764.2899780273438,2026-09-29T23:44:19.833119+00:00
730.0,39.32,42.24,40.7,1.0,869,0.23596955444335935,call,2026-10-30,SPY,764.2899780273438,2026-09-29T23:44:19.833119+00:00
731.0,38.48,41.31,38.8,5.0,92,0.2331924826049805,call,2026-10-30,SPY,764.2899780273438,2026-09-29T23:44:19.833119+00:00
732.0,37.63,40.38,44.79,2.0,92,0.2303696348571777,call,2026-10-30,SPY,764.2899780273438,2026-09-29T23:44:19.833119+00:00
733.0,37.84,39.47,37.49,71.0,182,0.22779092529296874,call,2026-10-30,SPY,764.2899780273438,2026-09-29T23:44:19.833119+00:00
734.0,36.96,38.61,41.85,2.0,45,0.22586833709716797,call,2026-10-30,SPY,764.2899780273438,2026-09-29T23:44:19.833119+00:00
735.0,36.09,37.64,35.41,3.0,312,0.222389367980957,call,2026-10-30,SPY,764.2899780273438,2026-09-29T23:44:19.833119+00:00
736.0,35.22,36.76,40.03,2.0,64,0.22010057250976559,call,2026-10-30,SPY,764.2899780273438,2026-09-29T23:44:19.833119+00:00
737.0,34.35,34.85,34.75,1.0,125,0.20401796966552732,call,2026-10-30,SPY,764.2899780273438,2026-09-29T23:44:19.833119+00:00
738.0,33.49,33.99,38.18,1.0,144,0.2020343469238281,call,2026-10-30,SPY,764.2899780273438,2026-09-29T23:44:19.833119+00:00
739.0,32.64,33.14,31.89,2.0,208,0.20014227600097656,call,2026-10-30,SPY,764.2899780273438,2026-09-29T23:44:19.833119+00:00
740.0,31.95,32.23,31.94,34.0,2066,0.19739572143554687,call,2026-10-30,SPY,764.2899780273438,2026-09-29T23:44:19.833119+00:00
741.0,30.96,31.42,33.14,1.0,144,0.1959003750610352,call,2026-10-30,SPY,764.2899780273438,2026-09-29T23:44:19.833119+00:00
742.0,30.12,30.59,29.75,2.0,339,0.19408459732055666,call,2026-10-30,SPY,764.2899780273438,2026-09-29T23:44:19.833119+00:00
743.0,29.29,29.75,28.44,1.0,1063,0.19208571594238283,call,2026-10-30,SPY,764.2899780273438,2026-09-29T23:44:19.833119+00:00
744.0,28.46,28.93,31.52,2.0,280,0.1902546795654297,call,2026-10-30,SPY,764.2899780273438,2026-09-29T23:44:19.833119+00:00
745.0,27.73,28.05,27.01,111.0,1374,0.18763019409179688,call,2026-10-30,SPY,764.2899780273438,2026-09-29T23:44:19.833119+00:00
746.0,26.83,27.31,28.9,2.0,323,0.18666889999389646,call,2026-10-30,SPY,764.2899780273438,2026-09-29T23:44:19.833119+00:00
747.0,26.03,26.49,25.25,1.0,324,0.1846395013427734,call,2026-10-30,SPY,764.2899780273438,2026-09-29T23:44:19.833119+00:00
748.0,25.23,25.7,31.48,1.0,89,0.18290001678466794,call,2026-10-30,SPY,764.2899780273438,2026-09-29T23:44:19.833119+00:00
749.0,24.44,24.91,24.29,1.0,465,0.18109949768066402,call,2026-10-30,SPY,764.2899780273438,2026-09-29T23:44:19.833119+00:00
750.0,23.77,24.05,23.65,44.0,2663,0.1783834603881836,call,2026-10-30,SPY,764.2899780273438,2026-09-29T23:44:19.833119+00:00
751.0,22.89,23.36,23.11,3.0,293,0.17759001129150392,call,2026-10-30,SPY,764.2899780273438,2026-09-29T23:44:19.833119+00:00
752.0,22.13,22.59,22.22,4.0,191,0.1757894921875,call,2026-10-30,SPY,764.2899780273438,2026-09-29T23:44:19.833119+00:00
753.0,21.37,21.83,20.64,1.0,32,0.1740042317199707,call,2026-10-30,SPY,764.2899780273438,2026-09-29T23:44:19.833119+00:00
754.0,20.62,21.09,20.52,3.0,211,0.17237155761718753,call,2026-10-30,SPY,764.2899780273438,2026-09-29T23:44:19.833119+00:00
755.0,19.89,20.28,20.14,54.0,1007,0.16982336532592773,call,2026-10-30,SPY,764.2899780273438,2026-09-29T23:44:19.833119+00:00
756.0,19.16,19.62,18.23,15.0,77,0.16892310577392583,call,2026-10-30,SPY,764.2899780273438,2026-09-29T23:44:19.833119+00:00
757.0,18.44,18.9,19.37,12.0,358,0.16721413848876954,call,2026-10-30,SPY,764.2899780273438,2026-09-29T23:44:19.833119+00:00
758.0,17.74,18.19,18.55,2.0,210,0.16553568847656253,call,2026-10-30,SPY,764.2899780273438,2026-09-29T23:44:19.833119+00:00
759.0,17.04,17.5,17.27,5.0,390,0.16397930755615236,call,2026-10-30,SPY,764.2899780273438,2026-09-29T23:44:19.833119+00:00
760.0,16.58,16.71,16.65,499.0,3593,0.16120223571777342,call,2026-10-30,SPY,764.2899780273438,2026-09-29T23:44:19.833119+00:00
761.0,15.67,16.15,15.86,52.0,379,0.16086654571533204,call,2026-10-30,SPY,764.2899780273438,2026-09-29T23:44:19.833119+00:00
762.0,15.02,15.49,15.26,92.0,234,0.15931016479492188,call,2026-10-30,SPY,764.2899780273438,2026-09-29T23:44:19.833119+00:00
763.0,14.37,14.73,14.51,495.0,227,0.156533092956543,call,2026-10-30,SPY,764.2899780273438,2026-09-29T23:44:19.833119+00:00
764.0,13.89,14.05,14.0,718.0,397,0.15451895294189455,call,2026-10-30,SPY,764.2899780273438,2026-09-29T23:44:19.833119+00:00
765.0,13.35,13.39,13.42,1501.0,1526,0.152626882019043,call,2026-10-30,SPY,764.2899780273438,2026-09-29T23:44:19.833119+00:00
766.0,12.74,12.78,12.74,1552.0,1019,0.1511315356445313,call,2026-10-30,SPY,764.2899780273438,2026-09-29T23:44:19.833119+00:00
767.0,12.15,12.19,12.06,833.0,1362,0.14974299972534183,call,2026-10-30,SPY,764.2899780273438,2026-09-29T23:44:19.833119+00:00
768.0,11.57,11.61,11.6,1410.0,1330,0.14832394653320313,call,2026-10-30,SPY,764.2899780273438,2026-09-29T23:44:19.833119+00:00
769.0,11.01,11.05,11.01,549.0,1119,0.1469811865234375,call,2026-10-30,SPY,764.2899780273438,2026-09-29T23:44:19.833119+00:00
770.0,10.46,10.5,10.44,2250.0,6966,0.14563842651367187,call,2026-10-30,SPY,764.2899780273438,2026-09-29T23:44:19.833119+00:00
771.0,9.93,9.97,9.9,351.0,1098,0.1443567010498047,call,2026-10-30,SPY,764.2899780273438,2026-09-29T23:44:19.833119+00:00
772.0,9.41,9.45,9.42,669.0,612,0.14302919967651367,call,2026-10-30,SPY,764.2899780273438,2026-09-29T23:44:19.833119+00:00
773.0,8.91,8.95,8.87,516.0,535,0.1417932501220703,call,2026-10-30,SPY,764.2899780273438,2026-09-29T23:44:19.833119+00:00
774.0,8.43,8.47,8.29,503.0,1215,0.1406183351135254,call,2026-10-30,SPY,764.2899780273438,2026-09-29T23:44:19.833119+00:00
775.0,7.96,8.0,7.94,895.0,5473,0.13941290283203128,call,2026-10-30,SPY,764.2899780273438,2026-09-29T23:44:19.833119+00:00
776.0,7.51,7.55,7.53,501.0,1560,0.13826850509643557,call,2026-10-30,SPY,764.2899780273438,2026-09-29T23:44:19.833119+00:00
777.0,7.08,7.12,7.12,223.0,990,0.13720040054321292,call,2026-10-30,SPY,764.2899780273438,2026-09-29T23:44:19.833119+00:00
778.0,6.66,6.7,6.67,608.0,1410,0.13608652008056643,call,2026-10-30,SPY,764.2899780273438,2026-09-29T23:44:19.833119+00:00
779.0,6.27,6.3,6.11,298.0,1083,0.135048932800293,call,2026-10-30,SPY,764.2899780273438,2026-09-29T23:44:19.833119+00:00
780.0,5.88,5.92,5.9,2244.0,7592,0.1341028973388672,call,2026-10-30,SPY,764.2899780273438,2026-09-29T23:44:19.833119+00:00
781.0,5.52,5.55,5.49,245.0,978,0.13308056869506835,call,2026-10-30,SPY,764.2899780273438,2026-09-29T23:44:19.833119+00:00
782.0,5.17,5.2,5.01,323.0,1872,0.13214979187011722,call,2026-10-30,SPY,764.2899780273438,2026-09-29T23:44:19.833119+00:00
783.0,4.84,4.87,4.66,513.0,22297,0.13129530822753904,call,2026-10-30,SPY,764.2899780273438,2026-09-29T23:44:19.833119+00:00
784.0,4.52,4.56,4.52,78.0,839,0.13054763504028316,call,2026-10-30,SPY,764.2899780273438,2026-09-29T23:44:19.833119+00:00
785.0,4.22,4.26,4.23,292.0,11040,0.12973892730712888,call,2026-10-30,SPY,764.2899780273438,2026-09-29T23:44:19.833119+00:00
786.0,3.94,3.97,3.94,118.0,360,0.1289149609375,call,2026-10-30,SPY,764.2899780273438,2026-09-29T23:44:19.833119+00:00
787.0,3.67,3.7,3.59,105.0,553,0.12818254638671872,call,2026-10-30,SPY,764.2899780273438,2026-09-29T23:44:19.833119+00:00
788.0,3.42,3.45,3.36,360.0,662,0.1275416836547852,call,2026-10-30,SPY,764.2899780273438,2026-09-29T23:44:19.833119+00:00
789.0,3.18,3.21,3.17,696.0,1455,0.12690082092285154,call,2026-10-30,SPY,764.2899780273438,2026-09-29T23:44:19.833119+00:00
790.0,2.95,2.98,2.85,6272.0,7534,0.12622944091796873,call,2026-10-30,SPY,764.2899780273438,2026-09-29T23:44:19.833119+00:00
791.0,2.74,2.77,2.65,289.0,672,0.12568013000488282,call,2026-10-30,SPY,764.2899780273438,2026-09-29T23:44:19.833119+00:00
792.0,2.54,2.57,2.51,90.0,854,0.12513081909179688,call,2026-10-30,SPY,764.2899780273438,2026-09-29T23:44:19.833119+00:00
793.0,2.36,2.38,2.31,52.0,775,0.12458150817871094,call,2026-10-30,SPY,764.2899780273438,2026-09-29T23:44:19.833119+00:00
794.0,2.18,2.21,2.1,521.0,1296,0.12421530090332032,call,2026-10-30,SPY,764.2899780273438,2026-09-29T23:44:19.833119+00:00
795.0,2.02,2.04,2.03,4155.0,4846,0.12363547271728516,call,2026-10-30,SPY,764.2899780273438,2026-09-29T23:44:19.833119+00:00
796.0,1.87,1.89,1.86,124.0,744,0.12329978271484376,call,2026-10-30,SPY,764.2899780273438,2026-09-29T23:44:19.833119+00:00
797.0,1.73,1.75,1.73,62.0,1694,0.12296409271240236,call,2026-10-30,SPY,764.2899780273438,2026-09-29T23:44:19.833119+00:00
798.0,1.6,1.62,1.57,41.0,505,0.12268943725585937,call,2026-10-30,SPY,764.2899780273438,2026-09-29T23:44:19.833119+00:00
799.0,1.47,1.49,1.49,95.0,1076,0.12220116088867189,call,2026-10-30,SPY,764.2899780273438,2026-09-29T23:44:19.833119+00:00
800.0,1.36,1.38,1.36,5302.0,17489,0.12204857452392578,call,2026-10-30,SPY,764.2899780273438,2026-09-29T23:44:19.833119+00:00
801.0,1.25,1.27,1.19,386.0,975,0.12171288452148438,call,2026-10-30,SPY,764.2899780273438,2026-09-29T23:44:19.833119+00:00
802.0,1.15,1.17,1.18,352.0,853,0.1214382290649414,call,2026-10-30,SPY,764.2899780273438,2026-09-29T23:44:19.833119+00:00
803.0,1.06,1.08,1.06,47.0,2128,0.1212856427001953,call,2026-10-30,SPY,764.2899780273438,2026-09-29T23:44:19.833119+00:00
804.0,0.98,1.0,0.98,112.0,853,0.12122460815429686,call,2026-10-30,SPY,764.2899780273438,2026-09-29T23:44:19.833119+00:00
805.0,0.9,0.92,0.9,2782.0,2154,0.12104150451660156,call,2026-10-30,SPY,764.2899780273438,2026-09-29T23:44:19.833119+00:00
806.0,0.83,0.85,0.83,1702.0,879,0.12098046997070314,call,2026-10-30,SPY,764.2899780273438,2026-09-29T23:44:19.833119+00:00
807.0,0.77,0.79,0.76,1018.0,1304,0.1211025390625,call,2026-10-30,SPY,764.2899780273438,2026-09-29T23:44:19.833119+00:00
808.0,0.71,0.73,0.71,902.0,1147,0.1211025390625,call,2026-10-30,SPY,764.2899780273438,2026-09-29T23:44:19.833119+00:00
809.0,0.65,0.67,0.65,125.0,1830,0.12098046997070314,call,2026-10-30,SPY,764.2899780273438,2026-09-29T23:44:19.833119+00:00
810.0,0.6,0.62,0.59,642.0,3488,0.1211025390625,call,2026-10-30,SPY,764.2899780273438,2026-09-29T23:44:19.833119+00:00
811.0,0.56,0.57,0.57,170.0,645,0.12098046997070314,call,2026-10-30,SPY,764.2899780273438,2026-09-29T23:44:19.833119+00:00
812.0,0.51,0.53,0.51,187.0,497,0.12122460815429686,call,2026-10-30,SPY,764.2899780273438,2026-09-29T23:44:19.833119+00:00
813.0,0.48,0.49,0.49,17.0,423,0.12134667724609374,call,2026-10-30,SPY,764.2899780273438,2026-09-29T23:44:19.833119+00:00
814.0,0.44,0.46,0.46,93.0,1597,0.12183495361328125,call,2026-10-30,SPY,764.2899780273438,2026-09-29T23:44:19.833119+00:00
815.0,0.41,0.43,0.41,176.0,2678,0.12220116088867189,call,2026-10-30,SPY,764.2899780273438,2026-09-29T23:44:19.833119+00:00
816.0,0.38,0.4,0.36,20.0,2559,0.12244529907226565,call,2026-10-30,SPY,764.2899780273438,2026-09-29T23:44:19.833119+00:00
817.0,0.36,0.37,0.34,691.0,2286,0.12256736816406251,call,2026-10-30,SPY,764.2899780273438,2026-09-29T23:44:19.833119+00:00
818.0,0.33,0.34,0.28,385.0,2236,0.12268943725585937,call,2026-10-30,SPY,764.2899780273438,2026-09-29T23:44:19.833119+00:00
819.0,0.31,0.32,0.32,8.0,1572,0.12317771362304689,call,2026-10-30,SPY,764.2899780273438,2026-09-29T23:44:19.833119+00:00
820.0,0.29,0.3,0.3,36.0,5592,0.12366598999023437,call,2026-10-30,SPY,764.2899780273438,2026-09-29T23:44:19.833119+00:00
821.0,0.27,0.28,0.26,114.0,2869,0.124032197265625,call,2026-10-30,SPY,764.2899780273438,2026-09-29T23:44:19.833119+00:00
822.0,0.25,0.26,0.26,5.0,677,0.12427633544921876,call,2026-10-30,SPY,764.2899780273438,2026-09-29T23:44:19.833119+00:00
823.0,0.24,0.25,0.23,159.0,955,0.12525288818359376,call,2026-10-30,SPY,764.2899780273438,2026-09-29T23:44:19.833119+00:00
824.0,0.22,0.23,0.2,2.0,1307,0.12525288818359376,call,2026-10-30,SPY,764.2899780273438,2026-09-29T23:44:19.833119+00:00
825.0,0.21,0.22,0.18,11.0,4454,0.12610737182617188,call,2026-10-30,SPY,764.2899780273438,2026-09-29T23:44:19.833119+00:00
826.0,0.2,0.21,0.24,11.0,141,0.12696185546875,call,2026-10-30,SPY,764.2899780273438,2026-09-29T23:44:19.833119+00:00
827.0,0.19,0.2,0.17,21.0,2202,0.12769427001953126,call,2026-10-30,SPY,764.2899780273438,2026-09-29T23:44:19.833119+00:00
828.0,0.18,0.19,0.17,3.0,58,0.1283046154785156,call,2026-10-30,SPY,764.2899780273438,2026-09-29T23:44:19.833119+00:00
829.0,0.17,0.18,0.18,1631.0,737,0.1289149609375,call,2026-10-30,SPY,764.2899780273438,2026-09-29T23:44:19.833119+00:00
830.0,0.16,0.17,0.15,103.0,16595,0.1294032373046875,call,2026-10-30,SPY,764.2899780273438,2026-09-29T23:44:19.833119+00:00
831.0,0.15,0.16,0.18,332.0,381,0.129891513671875,call,2026-10-30,SPY,764.2899780273438,2026-09-29T23:44:19.833119+00:00
832.0,0.14,0.15,0.19,1.0,510,0.13037979003906247,call,2026-10-30,SPY,764.2899780273438,2026-09-29T23:44:19.833119+00:00
833.0,0.14,0.15,0.13,125.0,496,0.13208875732421876,call,2026-10-30,SPY,764.2899780273438,2026-09-29T23:44:19.833119+00:00
834.0,0.13,0.14,0.12,13.0,9963,0.13233289550781252,call,2026-10-30,SPY,764.2899780273438,2026-09-29T23:44:19.833119+00:00
835.0,0.12,0.13,0.12,21.0,3216,0.13257703369140628,call,2026-10-30,SPY,764.2899780273438,2026-09-29T23:44:19.833119+00:00
840.0,0.1,0.11,0.1,6.0,856,0.13721565917968753,call,2026-10-30,SPY,764.2899780273438,2026-09-29T23:44:19.833119+00:00
845.0,0.08,0.09,0.1,51.0,598,0.14112187011718752,call,2026-10-30,SPY,764.2899780273438,2026-09-29T23:44:19.833119+00:00
850.0,0.07,0.08,0.06,20.0,2363,0.14649291015625,call,2026-10-30,SPY,764.2899780273438,2026-09-29T23:44:19.833119+00:00
855.0,0.06,0.07,0.06,32.0,990,0.15088739746093754,call,2026-10-30,SPY,764.2899780273438,2026-09-29T23:44:19.833119+00:00
860.0,0.05,0.06,0.05,24.0,1594,0.15528188476562502,call,2026-10-30,SPY,764.2899780273438,2026-09-29T23:44:19.833119+00:00
865.0,0.04,0.05,0.04,24.0,975,0.15869981933593752,call,2026-10-30,SPY,764.2899780273438,2026-09-29T23:44:19.833119+00:00
870.0,0.03,0.04,0.03,2.0,633,0.16162947753906248,call,2026-10-30,SPY,764.2899780273438,2026-09-29T23:44:19.833119+00:00
875.0,0.03,0.04,0.03,24.0,473,0.16797707031250003,call,2026-10-30,SPY,764.2899780273438,2026-09-29T23:44:19.833119+00:00
880.0,0.02,0.03,0.03,24.0,587,0.16993017578125003,call,2026-10-30,SPY,764.2899780273438,2026-09-29T23:44:19.833119+00:00
885.0,0.02,0.03,0.01,3.0,293,0.1757894921875,call,2026-10-30,SPY,764.2899780273438,2026-09-29T23:44:19.833119+00:00
890.0,0.01,0.02,0.01,20.0,452,0.174812939453125,call,2026-10-30,SPY,764.2899780273438,2026-09-29T23:44:19.833119+00:00
895.0,0.01,0.02,0.01,2.0,156,0.180672255859375,call,2026-10-30,SPY,764.2899780273438,2026-09-29T23:44:19.833119+00:00
900.0,0.01,0.02,0.02,7.0,1633,0.186531572265625,call,2026-10-30,SPY,764.2899780273438,2026-09-29T23:44:19.833119+00:00
910.0,0.01,0.02,0.02,1.0,1,0.19727365234375,call,2026-10-30,SPY,764.2899780273438,2026-09-29T23:44:19.833119+00:00
915.0,0.0,0.01,0.01,1.0,1,0.1914143359375,call,2026-10-30,SPY,764.2899780273438,2026-09-29T23:44:19.833119+00:00
920.0,0.0,0.01,0.01,8.0,16,0.19727365234375,call,2026-10-30,SPY,764.2899780273438,2026-09-29T23:44:19.833119+00:00
925.0,0.0,0.01,0.01,100.0,100,0.20313296874999998,call,2026-10-30,SPY,764.2899780273438,2026-09-29T23:44:19.833119+00:00
930.0,0.0,0.01,0.01,5.0,12,0.20703917968749996,call,2026-10-30,SPY,764.2899780273438,2026-09-29T23:44:19.833119+00:00
470.0,0.05,0.06,0.06,249.0,77348,0.5664105859375,put,2026-10-30,SPY,764.2899780273438,2026-09-29T23:44:19.833119+00:00
475.0,0.05,0.06,0.06,120.0,225,0.5546919531250001,put,2026-10-30,SPY,764.2899780273438,2026-09-29T23:44:19.833119+00:00
480.0,0.06,0.07,0.07,1.0,418,0.55273884765625,put,2026-10-30,SPY,764.2899780273438,2026-09-29T23:44:19.833119+00:00
485.0,0.06,0.07,0.07,100.0,45,0.5410202148437502,put,2026-10-30,SPY,764.2899780273438,2026-09-29T23:44:19.833119+00:00
490.0,0.07,0.08,0.07,1.0,242,0.5371140039062501,put,2026-10-30,SPY,764.2899780273438,2026-09-29T23:44:19.833119+00:00
495.0,0.07,0.08,0.09,27.0,250,0.52539537109375,put,2026-10-30,SPY,764.2899780273438,2026-09-29T23:44:19.833119+00:00
500.0,0.08,0.09,0.08,5.0,1874,0.5205126074218749,put,2026-10-30,SPY,764.2899780273438,2026-09-29T23:44:19.833119+00:00
505.0,0.08,0.09,0.09,40.0,230,0.5097705273437501,put,2026-10-30,SPY,764.2899780273438,2026-09-29T23:44:19.833119+00:00
510.0,0.08,0.09,0.1,12.0,752,0.5009815527343751,put,2026-10-30,SPY,764.2899780273438,2026-09-29T23:44:19.833119+00:00
515.0,0.09,0.1,0.1,12.0,311,0.495122236328125,put,2026-10-30,SPY,764.2899780273438,2026-09-29T23:44:19.833119+00:00
520.0,0.1,0.11,0.11,46.0,485,0.4892629199218751,put,2026-10-30,SPY,764.2899780273438,2026-09-29T23:44:19.833119+00:00
525.0,0.1,0.11,0.11,91.0,422,0.477544287109375,put,2026-10-30,SPY,764.2899780273438,2026-09-29T23:44:19.833119+00:00
530.0,0.11,0.12,0.15,7.0,613,0.47070841796875,put,2026-10-30,SPY,764.2899780273438,2026-09-29T23:44:19.833119+00:00
535.0,0.12,0.13,0.13,1.0,218,0.463872548828125,put,2026-10-30,SPY,764.2899780273438,2026-09-29T23:44:19.833119+00:00
540.0,0.13,0.14,0.15,4.0,574,0.45654840332031255,put,2026-10-30,SPY,764.2899780273438,2026-09-29T23:44:19.833119+00:00
545.0,0.14,0.15,0.16,65.0,481,0.44922425781249997,put,2026-10-30,SPY,764.2899780273438,2026-09-29T23:44:19.833119+00:00
550.0,0.15,0.16,0.15,7.0,614,0.4414118359375,put,2026-10-30,SPY,764.2899780273438,2026-09-29T23:44:19.833119+00:00
555.0,0.16,0.17,0.18,76.0,443,0.4331111376953125,put,2026-10-30,SPY,764.2899780273438,2026-09-29T23:44:19.833119+00:00
560.0,0.17,0.18,0.18,35.0,394,0.424810439453125,put,2026-10-30,SPY,764.2899780273438,2026-09-29T23:44:19.833119+00:00
565.0,0.18,0.19,0.2,10.0,231,0.4165097412109374,put,2026-10-30,SPY,764.2899780273438,2026-09-29T23:44:19.833119+00:00
570.0,0.19,0.2,0.21,24.0,150815,0.40820904296875,put,2026-10-30,SPY,764.2899780273438,2026-09-29T23:44:19.833119+00:00
575.0,0.2,0.21,0.21,5.0,1302,0.39942006835937505,put,2026-10-30,SPY,764.2899780273438,2026-09-29T23:44:19.833119+00:00
580.0,0.21,0.22,0.21,9.0,3749,0.39063109375,put,2026-10-30,SPY,764.2899780273438,2026-09-29T23:44:19.833119+00:00
585.0,0.23,0.24,0.23,1.0,569,0.38403936279296874,put,2026-10-30,SPY,764.2899780273438,2026-09-29T23:44:19.833119+00:00
590.0,0.24,0.25,0.24,6.0,970,0.37500625,put,2026-10-30,SPY,764.2899780273438,2026-09-29T23:44:19.833119+00:00
595.0,0.26,0.27,0.35,94.0,21347,0.3676821044921875,put,2026-10-30,SPY,764.2899780273438,2026-09-29T23:44:19.833119+00:00
600.0,0.27,0.28,0.29,164.0,21791,0.35864899169921877,put,2026-10-30,SPY,764.2899780273438,2026-09-29T23:44:19.833119+00:00
605.0,0.29,0.3,0.37,1.0,1089,0.3508365698242187,put,2026-10-30,SPY,764.2899780273438,2026-09-29T23:44:19.833119+00:00
610.0,0.31,0.32,0.32,13.0,1144,0.3430241479492187,put,2026-10-30,SPY,764.2899780273438,2026-09-29T23:44:19.833119+00:00
615.0,0.33,0.34,0.35,1.0,715,0.3347234497070312,put,2026-10-30,SPY,764.2899780273438,2026-09-29T23:44:19.833119+00:00
620.0,0.36,0.37,0.41,2.0,2598,0.3276434423828125,put,2026-10-30,SPY,764.2899780273438,2026-09-29T23:44:19.833119+00:00
625.0,0.38,0.39,0.38,32.0,958,0.31909860595703116,put,2026-10-30,SPY,764.2899780273438,2026-09-29T23:44:19.833119+00:00
630.0,0.41,0.42,0.41,26.0,2057,0.31140825317382803,put,2026-10-30,SPY,764.2899780273438,2026-09-29T23:44:19.833119+00:00
635.0,0.44,0.45,0.51,1.0,678,0.3034737622070312,put,2026-10-30,SPY,764.2899780273438,2026-09-29T23:44:19.833119+00:00
640.0,0.47,0.48,0.49,14.0,637,0.2951730639648437,put,2026-10-30,SPY,764.2899780273438,2026-09-29T23:44:19.833119+00:00
641.0,0.48,0.49,0.51,1.0,351,0.29395237304687494,put,2026-10-30,SPY,764.2899780273438,2026-09-29T23:44:19.833119+00:00
642.0,0.49,0.5,0.48,5.0,135,0.29273168212890616,put,2026-10-30,SPY,764.2899780273438,2026-09-29T23:44:19.833119+00:00
643.0,0.49,0.51,0.5,1.0,393,0.2912668530273437,put,2026-10-30,SPY,764.2899780273438,2026-09-29T23:44:19.833119+00:00
644.0,0.5,0.51,0.7,4.0,401,0.2890696093749999,put,2026-10-30,SPY,764.2899780273438,2026-09-29T23:44:19.833119+00:00
645.0,0.51,0.52,0.54,5.0,484,0.2876047802734374,put,2026-10-30,SPY,764.2899780273438,2026-09-29T23:44:19.833119+00:00
646.0,0.52,0.53,0.57,1.0,141,0.2863840893554687,put,2026-10-30,SPY,764.2899780273438,2026-09-29T23:44:19.833119+00:00
647.0,0.53,0.54,0.59,202.0,142,0.2849192602539062,put,2026-10-30,SPY,764.2899780273438,2026-09-29T23:44:19.833119+00:00
648.0,0.53,0.54,0.59,5.0,413,0.2827220166015625,put,2026-10-30,SPY,764.2899780273438,2026-09-29T23:44:19.833119+00:00
649.0,0.54,0.55,0.56,16.0,167,0.28125718749999995,put,2026-10-30,SPY,764.2899780273438,2026-09-29T23:44:19.833119+00:00
650.0,0.55,0.56,0.56,62.0,8264,0.2797923583984374,put,2026-10-30,SPY,764.2899780273438,2026-09-29T23:44:19.833119+00:00
651.0,0.56,0.57,0.58,92.0,68,0.278327529296875,put,2026-10-30,SPY,764.2899780273438,2026-09-29T23:44:19.833119+00:00
652.0,0.57,0.58,0.68,255.0,474,0.27686270019531245,put,2026-10-30,SPY,764.2899780273438,2026-09-29T23:44:19.833119+00:00
653.0,0.58,0.59,0.65,158.0,528,0.27539787109374997,put,2026-10-30,SPY,764.2899780273438,2026-09-29T23:44:19.833119+00:00
654.0,0.58,0.6,0.72,10.0,189,0.2738109729003906,put,2026-10-30,SPY,764.2899780273438,2026-09-29T23:44:19.833119+00:00
655.0,0.59,0.61,0.66,12.0,207,0.27234614379882804,put,2026-10-30,SPY,764.2899780273438,2026-09-29T23:44:19.833119+00:00
656.0,0.6,0.61,0.67,6.0,456,0.2700268310546875,put,2026-10-30,SPY,764.2899780273438,2026-09-29T23:44:19.833119+00:00
657.0,0.61,0.62,0.69,38.0,544,0.26843993286132806,put,2026-10-30,SPY,764.2899780273438,2026-09-29T23:44:19.833119+00:00
658.0,0.62,0.63,0.76,6.0,85,0.2668530346679688,put,2026-10-30,SPY,764.2899780273438,2026-09-29T23:44:19.833119+00:00
659.0,0.63,0.64,1.14,1.0,314,0.26538820556640624,put,2026-10-30,SPY,764.2899780273438,2026-09-29T23:44:19.833119+00:00
660.0,0.64,0.65,0.66,25.0,860,0.26380130737304686,put,2026-10-30,SPY,764.2899780273438,2026-09-29T23:44:19.833119+00:00
661.0,0.65,0.67,2.26,37.0,73,0.26282475463867194,put,2026-10-30,SPY,764.2899780273438,2026-09-29T23:44:19.833119+00:00
662.0,0.66,0.68,0.73,2.0,246,0.2612378564453125,put,2026-10-30,SPY,764.2899780273438,2026-09-29T23:44:19.833119+00:00
663.0,0.68,0.69,0.73,10.0,593,0.25952888916015626,put,2026-10-30,SPY,764.2899780273438,2026-09-29T23:44:19.833119+00:00
664.0,0.69,0.7,0.74,10.0,820,0.25794199096679693,put,2026-10-30,SPY,764.2899780273438,2026-09-29T23:44:19.833119+00:00
665.0,0.7,0.71,0.79,20.0,643,0.25623302368164064,put,2026-10-30,SPY,764.2899780273438,2026-09-29T23:44:19.833119+00:00
666.0,0.71,0.72,0.74,2.0,383,0.25452405639648445,put,2026-10-30,SPY,764.2899780273438,2026-09-29T23:44:19.833119+00:00
667.0,0.72,0.73,0.78,3.0,310,0.2528150891113281,put,2026-10-30,SPY,764.2899780273438,2026-09-29T23:44:19.833119+00:00
668.0,0.74,0.75,0.83,60.0,66,0.25171646728515623,put,2026-10-30,SPY,764.2899780273438,2026-09-29T23:44:19.833119+00:00
669.0,0.75,0.76,0.76,3.0,144,0.2500075,put,2026-10-30,SPY,764.2899780273438,2026-09-29T23:44:19.833119+00:00
670.0,0.76,0.78,0.79,51.0,76485,0.24878680908203127,put,2026-10-30,SPY,764.2899780273438,2026-09-29T23:44:19.833119+00:00
671.0,0.78,0.79,0.77,1.0,139,0.247077841796875,put,2026-10-30,SPY,764.2899780273438,2026-09-29T23:44:19.833119+00:00
672.0,0.79,0.8,0.87,10.0,59,0.2452468054199219,put,2026-10-30,SPY,764.2899780273438,2026-09-29T23:44:19.833119+00:00
673.0,0.8,0.82,0.94,6.0,820,0.24402611450195313,put,2026-10-30,SPY,764.2899780273438,2026-09-29T23:44:19.833119+00:00
674.0,0.82,0.83,0.84,3.0,215,0.24225611267089842,put,2026-10-30,SPY,764.2899780273438,2026-09-29T23:44:19.833119+00:00
675.0,0.83,0.85,0.85,6.0,1469,0.24097438720703124,put,2026-10-30,SPY,764.2899780273438,2026-09-29T23:44:19.833119+00:00
676.0,0.85,0.86,0.96,1.0,85,0.2391433508300781,put,2026-10-30,SPY,764.2899780273438,2026-09-29T23:44:19.833119+00:00
677.0,0.87,0.88,0.99,10.0,196,0.23780059082031246,put,2026-10-30,SPY,764.2899780273438,2026-09-29T23:44:19.833119+00:00
678.0,0.88,0.9,0.99,1.0,287,0.23645783081054686,put,2026-10-30,SPY,764.2899780273438,2026-09-29T23:44:19.833119+00:00
679.0,0.9,0.92,0.93,22.0,290,0.23511507080078126,put,2026-10-30,SPY,764.2899780273438,2026-09-29T23:44:19.833119+00:00
680.0,0.92,0.93,0.94,89.0,2098,0.23316196533203126,put,2026-10-30,SPY,764.2899780273438,2026-09-29T23:44:19.833119+00:00
681.0,0.93,0.95,1.01,17.0,392,0.23169713623046873,put,2026-10-30,SPY,764.2899780273438,2026-09-29T23:44:19.833119+00:00
682.0,0.95,0.97,0.98,2.0,299,0.2302933416748047,put,2026-10-30,SPY,764.2899780273438,2026-09-29T23:44:19.833119+00:00
683.0,0.97,0.99,1.05,11.0,1830,0.22876747802734376,put,2026-10-30,SPY,764.2899780273438,2026-09-29T23:44:19.833119+00:00
684.0,0.99,1.01,1.13,72.0,570,0.22730264892578123,put,2026-10-30,SPY,764.2899780273438,2026-09-29T23:44:19.833119+00:00
685.0,1.01,1.03,1.13,103.0,12475,0.2257767852783203,put,2026-10-30,SPY,764.2899780273438,2026-09-29T23:44:19.833119+00:00
686.0,1.03,1.05,1.15,73.0,330,0.22425092163085933,put,2026-10-30,SPY,764.2899780273438,2026-09-29T23:44:19.833119+00:00
687.0,1.06,1.08,1.09,35.0,252,0.22309126525878903,put,2026-10-30,SPY,764.2899780273438,2026-09-29T23:44:19.833119+00:00
688.0,1.08,1.1,1.09,7.0,3430,0.22150436706542967,put,2026-10-30,SPY,764.2899780273438,2026-09-29T23:44:19.833119+00:00
689.0,1.1,1.12,1.12,117.0,3246,0.21985643432617186,put,2026-10-30,SPY,764.2899780273438,2026-09-29T23:44:19.833119+00:00
690.0,1.13,1.15,1.14,382.0,5528,0.2186357434082031,put,2026-10-30,SPY,764.2899780273438,2026-09-29T23:44:19.833119+00:00
691.0,1.15,1.17,1.28,8.0,361,0.21692677612304687,put,2026-10-30,SPY,764.2899780273438,2026-09-29T23:44:19.833119+00:00
692.0,1.18,1.2,1.14,22.0,122,0.2156450506591797,put,2026-10-30,SPY,764.2899780273438,2026-09-29T23:44:19.833119+00:00
693.0,1.2,1.22,1.29,3.0,1762,0.21393608337402342,put,2026-10-30,SPY,764.2899780273438,2026-09-29T23:44:19.833119+00:00
694.0,1.23,1.25,1.32,4.0,235,0.21253228881835937,put,2026-10-30,SPY,764.2899780273438,2026-09-29T23:44:19.833119+00:00
695.0,1.26,1.28,1.3,82.0,3134,0.21112849426269528,put,2026-10-30,SPY,764.2899780273438,2026-09-29T23:44:19.833119+00:00
696.0,1.29,1.31,1.38,10.0,553,0.20972469970703123,put,2026-10-30,SPY,764.2899780273438,2026-09-29T23:44:19.833119+00:00
697.0,1.32,1.34,1.43,14.0,434,0.2082598706054687,put,2026-10-30,SPY,764.2899780273438,2026-09-29T23:44:19.833119+00:00
698.0,1.35,1.37,1.38,52.0,1362,0.20673400695800775,put,2026-10-30,SPY,764.2899780273438,2026-09-29T23:44:19.833119+00:00
699.0,1.39,1.41,1.41,24.0,617,0.20557435058593748,put,2026-10-30,SPY,764.2899780273438,2026-09-29T23:44:19.833119+00:00
700.0,1.42,1.44,1.42,442.0,9652,0.2039874523925781,put,2026-10-30,SPY,764.2899780273438,2026-09-29T23:44:19.833119+00:00
701.0,1.45,1.47,1.61,57.0,769,0.2024005541992187,put,2026-10-30,SPY,764.2899780273438,2026-09-29T23:44:19.833119+00:00
702.0,1.49,1.51,1.53,24.0,533,0.20111882873535153,put,2026-10-30,SPY,764.2899780273438,2026-09-29T23:44:19.833119+00:00
703.0,1.53,1.55,1.71,74.0,220,0.19977606872558595,put,2026-10-30,SPY,764.2899780273438,2026-09-29T23:44:19.833119+00:00
704.0,1.57,1.59,1.64,92.0,396,0.19837227416992187,put,2026-10-30,SPY,764.2899780273438,2026-09-29T23:44:19.833119+00:00
705.0,1.61,1.63,1.63,115.0,1623,0.19696847961425779,put,2026-10-30,SPY,764.2899780273438,2026-09-29T23:44:19.833119+00:00
706.0,1.65,1.67,1.73,31.0,334,0.1955036505126953,put,2026-10-30,SPY,764.2899780273438,2026-09-29T23:44:19.833119+00:00
707.0,1.69,1.71,1.75,16.0,21322,0.19403882141113282,put,2026-10-30,SPY,764.2899780273438,2026-09-29T23:44:19.833119+00:00
708.0,1.74,1.76,1.74,12.0,290,0.19275709594726562,put,2026-10-30,SPY,764.2899780273438,2026-09-29T23:44:19.833119+00:00
709.0,1.78,1.8,1.79,47.0,487,0.19117019775390626,put,2026-10-30,SPY,764.2899780273438,2026-09-29T23:44:19.833119+00:00
710.0,1.83,1.85,1.86,336.0,2680,0.18988847229003908,put,2026-10-30,SPY,764.2899780273438,2026-09-29T23:44:19.833119+00:00
711.0,1.88,1.9,1.88,91.0,297,0.188484677734375,put,2026-10-30,SPY,764.2899780273438,2026-09-29T23:44:19.833119+00:00
712.0,1.93,1.96,1.99,9.0,411,0.1873250213623047,put,2026-10-30,SPY,764.2899780273438,2026-09-29T23:44:19.833119+00:00
713.0,1.98,2.01,2.0,36.0,1487,0.18586019226074219,put,2026-10-30,SPY,764.2899780273438,2026-09-29T23:44:19.833119+00:00
714.0,2.04,2.06,2.1,104.0,791,0.18433432861328125,put,2026-10-30,SPY,764.2899780273438,2026-09-29T23:44:19.833119+00:00
715.0,2.1,2.12,2.18,161.0,3031,0.1830220858764648,put,2026-10-30,SPY,764.2899780273438,2026-09-29T23:44:19.833119+00:00
716.0,2.16,2.18,2.15,253.0,1161,0.18164880859375,put,2026-10-30,SPY,764.2899780273438,2026-09-29T23:44:19.833119+00:00
717.0,2.22,2.24,2.25,22.0,990,0.18024501403808596,put,2026-10-30,SPY,764.2899780273438,2026-09-29T23:44:19.833119+00:00
718.0,2.28,2.31,2.39,62.0,1096,0.17902432312011718,put,2026-10-30,SPY,764.2899780273438,2026-09-29T23:44:19.833119+00:00
719.0,2.35,2.38,2.46,163.0,525,0.17774259765625,put,2026-10-30,SPY,764.2899780273438,2026-09-29T23:44:19.833119+00:00
720.0,2.42,2.45,2.43,761.0,5657,0.1763998376464844,put,2026-10-30,SPY,764.2899780273438,2026-09-29T23:44:19.833119+00:00
721.0,2.49,2.52,2.61,22.0,605,0.1749960430908203,put,2026-10-30,SPY,764.2899780273438,2026-09-29T23:44:19.833119+00:00
722.0,2.57,2.59,2.85,32.0,452,0.17356173126220703,put,2026-10-30,SPY,764.2899780273438,2026-09-29T23:44:19.833119+00:00
723.0,2.65,2.67,2.66,789.0,436,0.17224948852539065,put,2026-10-30,SPY,764.2899780273438,2026-09-29T23:44:19.833119+00:00
724.0,2.73,2.75,2.73,129.0,482,0.17090672851562502,put,2026-10-30,SPY,764.2899780273438,2026-09-29T23:44:19.833119+00:00
725.0,2.81,2.84,2.85,449.0,61987,0.16968603759765627,put,2026-10-30,SPY,764.2899780273438,2026-09-29T23:44:19.833119+00:00
726.0,2.9,2.92,2.91,85.0,322,0.1682212084960938,put,2026-10-30,SPY,764.2899780273438,2026-09-29T23:44:19.833119+00:00
727.0,2.99,3.02,3.13,35.0,11993,0.1670920693969727,put,2026-10-30,SPY,764.2899780273438,2026-09-29T23:44:19.833119+00:00
728.0,3.08,3.11,3.11,36.0,1526,0.1656882748413086,put,2026-10-30,SPY,764.2899780273438,2026-09-29T23:44:19.833119+00:00
729.0,3.18,3.21,3.22,189.0,544,0.16440654937744142,put,2026-10-30,SPY,764.2899780273438,2026-09-29T23:44:19.833119+00:00
730.0,3.28,3.31,3.42,5600.0,20417,0.1630637893676758,put,2026-10-30,SPY,764.2899780273438,2026-09-29T23:44:19.833119+00:00
731.0,3.39,3.42,3.53,268.0,682,0.16181258117675779,put,2026-10-30,SPY,764.2899780273438,2026-09-29T23:44:19.833119+00:00
732.0,3.5,3.53,3.54,73.0,694,0.16050033843994144,put,2026-10-30,SPY,764.2899780273438,2026-09-29T23:44:19.833119+00:00
733.0,3.61,3.64,3.68,48.0,617,0.15912706115722658,put,2026-10-30,SPY,764.2899780273438,2026-09-29T23:44:19.833119+00:00
734.0,3.73,3.76,3.88,64.0,707,0.15784533569335937,put,2026-10-30,SPY,764.2899780273438,2026-09-29T23:44:19.833119+00:00
735.0,3.86,3.88,3.84,346.0,10866,0.15647205841064454,put,2026-10-30,SPY,764.2899780273438,2026-09-29T23:44:19.833119+00:00
736.0,3.98,4.01,3.98,59.0,806,0.1552208502197266,put,2026-10-30,SPY,764.2899780273438,2026-09-29T23:44:19.833119+00:00
737.0,4.12,4.15,4.27,109.0,554,0.1540001593017578,put,2026-10-30,SPY,764.2899780273438,2026-09-29T23:44:19.833119+00:00
738.0,4.26,4.29,4.24,234.0,1037,0.15271843383789066,put,2026-10-30,SPY,764.2899780273438,2026-09-29T23:44:19.833119+00:00
739.0,4.4,4.43,4.45,75.0,917,0.15137567382812503,put,2026-10-30,SPY,764.2899780273438,2026-09-29T23:44:19.833119+00:00
740.0,4.55,4.58,4.56,893.0,3974,0.1500634310913086,put,2026-10-30,SPY,764.2899780273438,2026-09-29T23:44:19.833119+00:00
741.0,4.71,4.74,4.77,97.0,932,0.14884274017333982,put,2026-10-30,SPY,764.2899780273438,2026-09-29T23:44:19.833119+00:00
742.0,4.87,4.9,4.93,119.0,605,0.14753049743652347,put,2026-10-30,SPY,764.2899780273438,2026-09-29T23:44:19.833119+00:00
743.0,5.04,5.07,5.19,896.0,508,0.14624877197265623,put,2026-10-30,SPY,764.2899780273438,2026-09-29T23:44:19.833119+00:00
744.0,5.21,5.24,5.34,244.0,901,0.14487549468994143,put,2026-10-30,SPY,764.2899780273438,2026-09-29T23:44:19.833119+00:00
745.0,5.39,5.42,5.43,1267.0,21695,0.143563251953125,put,2026-10-30,SPY,764.2899780273438,2026-09-29T23:44:19.833119+00:00
746.0,5.58,5.61,5.62,288.0,1603,0.1422815264892578,put,2026-10-30,SPY,764.2899780273438,2026-09-29T23:44:19.833119+00:00
747.0,5.78,5.81,5.88,215.0,855,0.14103031829833984,put,2026-10-30,SPY,764.2899780273438,2026-09-29T23:44:19.833119+00:00
748.0,5.98,6.01,6.01,223.0,854,0.1396875582885742,put,2026-10-30,SPY,764.2899780273438,2026-09-29T23:44:19.833119+00:00
749.0,6.19,6.22,6.18,219.0,836,0.1383600569152832,put,2026-10-30,SPY,764.2899780273438,2026-09-29T23:44:19.833119+00:00
750.0,6.41,6.44,6.39,2164.0,19286,0.13706307281494146,put,2026-10-30,SPY,764.2899780273438,2026-09-29T23:44:19.833119+00:00
751.0,6.63,6.67,6.65,250.0,1016,0.13575083007812502,put,2026-10-30,SPY,764.2899780273438,2026-09-29T23:44:19.833119+00:00
752.0,6.87,6.91,7.07,269.0,1037,0.13448436325073243,put,2026-10-30,SPY,764.2899780273438,2026-09-29T23:44:19.833119+00:00
753.0,7.12,7.15,7.28,389.0,553,0.13309582733154296,put,2026-10-30,SPY,764.2899780273438,2026-09-29T23:44:19.833119+00:00
754.0,7.37,7.41,7.6,301.0,2242,0.13181410186767578,put,2026-10-30,SPY,764.2899780273438,2026-09-29T23:44:19.833119+00:00
755.0,7.63,7.67,7.68,748.0,61095,0.1304255659484863,put,2026-10-30,SPY,764.2899780273438,2026-09-29T23:44:19.833119+00:00
756.0,7.91,7.94,8.08,267.0,600,0.12902177139282228,put,2026-10-30,SPY,764.2899780273438,2026-09-29T23:44:19.833119+00:00
757.0,8.19,8.23,8.39,520.0,987,0.1277247872924805,put,2026-10-30,SPY,764.2899780273438,2026-09-29T23:44:19.833119+00:00
758.0,8.49,8.53,8.58,290.0,1234,0.12641254455566403,put,2026-10-30,SPY,764.2899780273438,2026-09-29T23:44:19.833119+00:00
759.0,8.8,8.84,8.79,632.0,760,0.12508504318237307,put,2026-10-30,SPY,764.2899780273438,2026-09-29T23:44:19.833119+00:00
760.0,9.12,9.16,9.11,3518.0,16518,0.12372702453613281,put,2026-10-30,SPY,764.2899780273438,2026-09-29T23:44:19.833119+00:00
761.0,9.45,9.49,9.47,484.0,679,0.12232322998046877,put,2026-10-30,SPY,764.2899780273438,2026-09-29T23:44:19.833119+00:00
762.0,9.79,9.83,9.74,697.0,1335,0.1209041767883301,put,2026-10-30,SPY,764.2899780273438,2026-09-29T23:44:19.833119+00:00
763.0,10.15,10.18,10.12,1722.0,988,0.11943934768676759,put,2026-10-30,SPY,764.2899780273438,2026-09-29T23:44:19.833119+00:00
764.0,10.53,10.59,10.58,512.0,936,0.11847805358886719,put,2026-10-30,SPY,764.2899780273438,2026-09-29T23:44:19.833119+00:00
765.0,10.91,10.98,10.89,1522.0,3006,0.11713529357910156,put,2026-10-30,SPY,764.2899780273438,2026-09-29T23:44:19.833119+00:00
766.0,11.31,11.38,11.62,372.0,890,0.1157314990234375,put,2026-10-30,SPY,764.2899780273438,2026-09-29T23:44:19.833119+00:00
767.0,11.73,11.8,11.86,200.0,1019,0.11438873901367189,put,2026-10-30,SPY,764.2899780273438,2026-09-29T23:44:19.833119+00:00
768.0,12.17,12.23,12.47,64.0,1097,0.1129544271850586,put,2026-10-30,SPY,764.2899780273438,2026-09-29T23:44:19.833119+00:00
769.0,12.61,12.68,13.38,34.0,375,0.11158114990234375,put,2026-10-30,SPY,764.2899780273438,2026-09-29T23:44:19.833119+00:00
770.0,13.08,13.15,13.05,701.0,3780,0.1102231312561035,put,2026-10-30,SPY,764.2899780273438,2026-09-29T23:44:19.833119+00:00
771.0,13.56,13.63,13.52,19.0,831,0.10878881942749025,put,2026-10-30,SPY,764.2899780273438,2026-09-29T23:44:19.833119+00:00
772.0,13.67,14.36,14.0,1073.0,1512,0.11002476898193359,put,2026-10-30,SPY,764.2899780273438,2026-09-29T23:44:19.833119+00:00
773.0,14.18,15.04,14.35,28.0,825,0.11054356262207031,put,2026-10-30,SPY,764.2899780273438,2026-09-29T23:44:19.833119+00:00
774.0,14.96,15.58,15.75,1.0,597,0.1092465785217285,put,2026-10-30,SPY,764.2899780273438,2026-09-29T23:44:19.833119+00:00
775.0,15.61,16.14,15.64,87.0,1193,0.10794959442138671,put,2026-10-30,SPY,764.2899780273438,2026-09-29T23:44:19.833119+00:00
776.0,15.8,16.73,16.63,7.0,554,0.10682045532226564,put,2026-10-30,SPY,764.2899780273438,2026-09-29T23:44:19.833119+00:00
777.0,16.39,17.33,17.13,22.0,1265,0.10556924713134765,put,2026-10-30,SPY,764.2899780273438,2026-09-29T23:44:19.833119+00:00
778.0,16.99,17.95,18.19,21.0,215,0.10434855621337888,put,2026-10-30,SPY,764.2899780273438,2026-09-29T23:44:19.833119+00:00
779.0,17.59,18.59,17.09,2.0,354,0.10312786529541014,put,2026-10-30,SPY,764.2899780273438,2026-09-29T23:44:19.833119+00:00
780.0,18.58,19.23,18.69,35.0,988,0.10166303619384764,put,2026-10-30,SPY,764.2899780273438,2026-09-29T23:44:19.833119+00:00
781.0,18.89,19.92,15.69,8.0,394,0.10062544891357422,put,2026-10-30,SPY,764.2899780273438,2026-09-29T23:44:19.833119+00:00
782.0,19.58,20.61,21.68,1.0,321,0.0993132061767578,put,2026-10-30,SPY,764.2899780273438,2026-09-29T23:44:19.833119+00:00
783.0,20.28,21.33,18.28,1.0,96,0.09818406707763672,put,2026-10-30,SPY,764.2899780273438,2026-09-29T23:44:19.833119+00:00
784.0,20.98,22.05,20.83,1.0,315,0.09674975524902345,put,2026-10-30,SPY,764.2899780273438,2026-09-29T23:44:19.833119+00:00
785.0,21.72,22.8,22.74,2.0,217,0.09549854705810548,put,2026-10-30,SPY,764.2899780273438,2026-09-29T23:44:19.833119+00:00
786.0,22.47,24.39,20.18,32.0,28,0.10819373260498047,put,2026-10-30,SPY,764.2899780273438,2026-09-29T23:44:19.833119+00:00
787.0,23.24,25.2,21.72,1.0,518,0.10804114624023436,put,2026-10-30,SPY,764.2899780273438,2026-09-29T23:44:19.833119+00:00
788.0,24.04,26.02,26.39,2.0,530,0.10785804260253906,put,2026-10-30,SPY,764.2899780273438,2026-09-29T23:44:19.833119+00:00
789.0,24.85,26.96,23.97,11.0,225,0.10962804443359375,put,2026-10-30,SPY,764.2899780273438,2026-09-29T23:44:19.833119+00:00
790.0,25.68,28.06,28.28,14.0,433,0.11420563537597657,put,2026-10-30,SPY,764.2899780273438,2026-09-29T23:44:19.833119+00:00
791.0,25.37,28.9,24.45,2.0,92,0.1141140835571289,put,2026-10-30,SPY,764.2899780273438,2026-09-29T23:44:19.833119+00:00
792.0,26.25,29.8,24.65,330.0,368,0.11496856719970702,put,2026-10-30,SPY,764.2899780273438,2026-09-29T23:44:19.833119+00:00
793.0,27.63,30.57,30.0,1.0,104,0.11316804809570313,put,2026-10-30,SPY,764.2899780273438,2026-09-29T23:44:19.833119+00:00
794.0,28.25,31.46,26.39,20.0,190,0.11353425537109374,put,2026-10-30,SPY,764.2899780273438,2026-09-29T23:44:19.833119+00:00
795.0,30.01,32.37,30.75,45.0,126,0.11420563537597657,put,2026-10-30,SPY,764.2899780273438,2026-09-29T23:44:19.833119+00:00
796.0,29.79,33.39,30.0,55.0,59,0.11713529357910156,put,2026-10-30,SPY,764.2899780273438,2026-09-29T23:44:19.833119+00:00
797.0,30.76,34.32,29.43,14.0,36,0.11811184631347656,put,2026-10-30,SPY,764.2899780273438,2026-09-29T23:44:19.833119+00:00
798.0,31.76,35.27,30.17,4.0,76,0.11945460632324219,put,2026-10-30,SPY,764.2899780273438,2026-09-29T23:44:19.833119+00:00
799.0,32.69,36.23,31.28,45.0,136,0.12098046997070314,put,2026-10-30,SPY,764.2899780273438,2026-09-29T23:44:19.833119+00:00
800.0,33.97,37.13,36.95,12.0,210,0.12098046997070314,put,2026-10-30,SPY,764.2899780273438,2026-09-29T23:44:19.833119+00:00
801.0,34.66,38.19,32.65,92.0,92,0.1248561636352539,put,2026-10-30,SPY,764.2899780273438,2026-09-29T23:44:19.833119+00:00
802.0,36.29,39.11,36.94,2.0,9,0.12525288818359376,put,2026-10-30,SPY,764.2899780273438,2026-09-29T23:44:19.833119+00:00
803.0,36.96,40.1,34.85,283.0,0,0.12732806274414063,put,2026-10-30,SPY,764.2899780273438,2026-09-29T23:44:19.833119+00:00
804.0,37.96,41.1,35.35,301.0,1,0.12967789276123048,put,2026-10-30,SPY,764.2899780273438,2026-09-29T23:44:19.833119+00:00
805.0,38.96,42.09,36.81,111.0,2,0.13172255004882813,put,2026-10-30,SPY,764.2899780273438,2026-09-29T23:44:19.833119+00:00
806.0,39.62,43.19,37.41,14.0,0,0.13666634826660157,put,2026-10-30,SPY,764.2899780273438,2026-09-29T23:44:19.833119+00:00
807.0,40.62,44.19,37.35,2.0,0,0.13898566101074222,put,2026-10-30,SPY,764.2899780273438,2026-09-29T23:44:19.833119+00:00
808.0,41.62,45.19,43.09,1.0,0,0.14130497375488282,put,2026-10-30,SPY,764.2899780273438,2026-09-29T23:44:19.833119+00:00
809.0,42.62,46.32,41.25,1.0,0,0.14692015197753905,put,2026-10-30,SPY,764.2899780273438,2026-09-29T23:44:19.833119+00:00
810.0,43.58,47.32,47.07,16.0,6,0.1492394647216797,put,2026-10-30,SPY,764.2899780273438,2026-09-29T23:44:19.833119+00:00
811.0,44.58,48.32,40.91,3.0,0,0.15155877746582033,put,2026-10-30,SPY,764.2899780273438,2026-09-29T23:44:19.833119+00:00
812.0,45.58,49.32,41.19,60.0,0,0.15387809020996096,put,2026-10-30,SPY,764.2899780273438,2026-09-29T23:44:19.833119+00:00
813.0,46.57,50.32,41.7,59.0,0,0.15613636840820314,put,2026-10-30,SPY,764.2899780273438,2026-09-29T23:44:19.833119+00:00
814.0,47.58,51.32,42.66,89.0,0,0.15842516387939454,put,2026-10-30,SPY,764.2899780273438,2026-09-29T23:44:19.833119+00:00
815.0,48.58,52.32,43.86,30.0,1,0.16071395935058597,put,2026-10-30,SPY,764.2899780273438,2026-09-29T23:44:19.833119+00:00
816.0,49.57,53.32,45.46,6.0,0,0.16294172027587894,put,2026-10-30,SPY,764.2899780273438,2026-09-29T23:44:19.833119+00:00
817.0,50.57,54.32,46.12,22.0,0,0.1651694812011719,put,2026-10-30,SPY,764.2899780273438,2026-09-29T23:44:19.833119+00:00
818.0,51.58,55.32,46.37,9.0,0,0.16742775939941407,put,2026-10-30,SPY,764.2899780273438,2026-09-29T23:44:19.833119+00:00
819.0,52.57,56.32,50.75,2.0,0,0.16962500305175782,put,2026-10-30,SPY,764.2899780273438,2026-09-29T23:44:19.833119+00:00
820.0,53.58,57.32,62.6,5.0,0,0.17188328125000002,put,2026-10-30,SPY,764.2899780273438,2026-09-29T23:44:19.833119+00:00
825.0,58.58,62.32,53.8,2.0,4,0.1828084649658203,put,2026-10-30,SPY,764.2899780273438,2026-09-29T23:44:19.833119+00:00
834.0,67.57,71.32,72.44,,0,0.20197331237792968,put,2026-10-30,SPY,764.2899780273438,2026-09-29T23:44:19.833119+00:00
835.0,68.58,72.32,65.38,1.0,0,0.20410952148437497,put,2026-10-30,SPY,764.2899780273438,2026-09-29T23:44:19.833119+00:00
840.0,73.58,77.32,75.5,14.0,7,0.21442435974121093,put,2026-10-30,SPY,764.2899780273438,2026-09-29T23:44:19.833119+00:00
845.0,78.58,82.32,79.08,3.0,0,0.22461712890624996,put,2026-10-30,SPY,764.2899780273438,2026-09-29T23:44:19.833119+00:00
850.0,83.58,87.32,76.31,1.0,0,0.2346878289794922,put,2026-10-30,SPY,764.2899780273438,2026-09-29T23:44:19.833119+00:00
855.0,88.58,92.32,87.87,1.0,0,0.24457542541503907,put,2026-10-30,SPY,764.2899780273438,2026-09-29T23:44:19.833119+00:00
860.0,93.58,97.32,95.34,9.0,10,0.25427991821289064,put,2026-10-30,SPY,764.2899780273438,2026-09-29T23:44:19.833119+00:00
865.0,98.58,102.32,99.26,10.0,0,0.26392337646484376,put,2026-10-30,SPY,764.2899780273438,2026-09-29T23:44:19.833119+00:00
875.0,108.58,112.32,113.44,4.0,0,0.28278305114746094,put,2026-10-30,SPY,764.2899780273438,2026-09-29T23:44:19.833119+00:00
900.0,143.85,147.3,145.02,,0,0.5265245101928712,put,2026-10-30,SPY,764.2899780273438,2026-09-29T23:44:19.833119+00:00
930.0,163.57,167.19,159.98,,0,0.3726869372558594,put,2026-10-30,SPY,764.2899780273438,2026-09-29T23:44:19.833119+00:00
475.0,0.0,0.0,292.06,2.0,0,1.0000000000000003e-05,call,2026-11-30,SPY,764.2899780273438,2026-09-29T23:44:19.833119+00:00
480.0,286.45,290.5,293.6,29.0,29,0.7070341796875,call,2026-11-30,SPY,764.2899780273438,2026-09-29T23:44:19.833119+00:00
485.0,0.0,0.0,282.21,,0,1.0000000000000003e-05,call,2026-11-30,SPY,764.2899780273438,2026-09-29T23:44:19.833119+00:00
500.0,266.95,270.07,262.32,1.0,1,0.6558872302246095,call,2026-11-30,SPY,764.2899780273438,2026-09-29T23:44:19.833119+00:00
520.0,246.87,250.87,249.66,4.0,6,0.6162758099365235,call,2026-11-30,SPY,764.2899780273438,2026-09-29T23:44:19.833119+00:00
545.0,222.18,226.1,221.76,27.0,31,0.5616498913574219,call,2026-11-30,SPY,764.2899780273438,2026-09-29T23:44:19.833119+00:00
550.0,217.24,221.13,219.78,2.0,4,0.5506026385498048,call,2026-11-30,SPY,764.2899780273438,2026-09-29T23:44:19.833119+00:00
555.0,212.31,216.31,207.07,4.0,5,0.5416305603027345,call,2026-11-30,SPY,764.2899780273438,2026-09-29T23:44:19.833119+00:00
560.0,212.43,215.92,192.07,1.0,3,0.6332739309692383,call,2026-11-30,SPY,764.2899780273438,2026-09-29T23:44:19.833119+00:00
570.0,198.5,201.64,187.96,2.0,1,0.5232896792602538,call,2026-11-30,SPY,764.2899780273438,2026-09-29T23:44:19.833119+00:00
575.0,192.59,196.64,195.77,1.0,2,0.5006153454589843,call,2026-11-30,SPY,764.2899780273438,2026-09-29T23:44:19.833119+00:00
580.0,187.67,191.72,183.04,4.0,15,0.5332993447875977,call,2026-11-30,SPY,764.2899780273438,2026-09-29T23:44:19.833119+00:00
584.0,183.73,187.78,188.53,11.0,11,0.5243272665405273,call,2026-11-30,SPY,764.2899780273438,2026-09-29T23:44:19.833119+00:00
585.0,182.75,186.7,177.97,15.0,7,0.520237951965332,call,2026-11-30,SPY,764.2899780273438,2026-09-29T23:44:19.833119+00:00
590.0,0.0,0.0,178.49,,0,1.0000000000000003e-05,call,2026-11-30,SPY,764.2899780273438,2026-09-29T23:44:19.833119+00:00
591.0,176.84,180.9,172.3,,4,0.5089160437011719,call,2026-11-30,SPY,764.2899780273438,2026-09-29T23:44:19.833119+00:00
592.0,175.86,179.89,175.05,,1,0.5062000064086914,call,2026-11-30,SPY,764.2899780273438,2026-09-29T23:44:19.833119+00:00
595.0,174.22,177.37,165.59,1.0,2,0.5075122491455077,call,2026-11-30,SPY,764.2899780273438,2026-09-29T23:44:19.833119+00:00
600.0,168.0,172.05,170.18,10.0,21,0.4890492990112305,call,2026-11-30,SPY,764.2899780273438,2026-09-29T23:44:19.833119+00:00
605.0,163.09,167.14,152.65,6.0,8,0.478093598022461,call,2026-11-30,SPY,764.2899780273438,2026-09-29T23:44:19.833119+00:00
609.0,159.17,163.08,165.18,2.0,15,0.4670463452148438,call,2026-11-30,SPY,764.2899780273438,2026-09-29T23:44:19.833119+00:00
610.0,0.0,0.0,171.85,,0,1.0000000000000003e-05,call,2026-11-30,SPY,764.2899780273438,2026-09-29T23:44:19.833119+00:00
615.0,153.29,157.2,153.85,,2,0.45416805603027344,call,2026-11-30,SPY,764.2899780273438,2026-09-29T23:44:19.833119+00:00
617.0,151.33,155.37,157.43,,0,0.45206236419677737,call,2026-11-30,SPY,764.2899780273438,2026-09-29T23:44:19.833119+00:00
620.0,148.39,152.31,148.74,1.0,12,0.4435785623168945,call,2026-11-30,SPY,764.2899780273438,2026-09-29T23:44:19.833119+00:00
622.0,146.43,150.45,154.99,,1,0.4409235595703125,call,2026-11-30,SPY,764.2899780273438,2026-09-29T23:44:19.833119+00:00
625.0,143.5,147.55,143.07,1.0,1,0.43506424316406256,call,2026-11-30,SPY,764.2899780273438,2026-09-29T23:44:19.833119+00:00
630.0,138.61,142.66,136.24,2.0,5,0.42435268035888674,call,2026-11-30,SPY,764.2899780273438,2026-09-29T23:44:19.833119+00:00
635.0,133.74,137.62,125.42,1.0,3,0.41129128753662114,call,2026-11-30,SPY,764.2899780273438,2026-09-29T23:44:19.833119+00:00
637.0,131.79,135.71,124.99,,1,0.4076902493286133,call,2026-11-30,SPY,764.2899780273438,2026-09-29T23:44:19.833119+00:00
640.0,128.87,132.89,136.2,1.0,164,0.40296007202148443,call,2026-11-30,SPY,764.2899780273438,2026-09-29T23:44:19.833119+00:00
645.0,129.7,133.22,114.62,1.0,16,0.46330797927856443,call,2026-11-30,SPY,764.2899780273438,2026-09-29T23:44:19.833119+00:00
650.0,119.39,123.16,118.6,1.0,14,0.38196418823242184,call,2026-11-30,SPY,764.2899780273438,2026-09-29T23:44:19.833119+00:00
655.0,114.55,118.13,115.25,2.0,854,0.3689943472290039,call,2026-11-30,SPY,764.2899780273438,2026-09-29T23:44:19.833119+00:00
658.0,111.65,115.24,110.35,,23,0.36304347900390627,call,2026-11-30,SPY,764.2899780273438,2026-09-29T23:44:19.833119+00:00
660.0,109.72,113.47,113.87,3.0,981,0.36119718399047845,call,2026-11-30,SPY,764.2899780273438,2026-09-29T23:44:19.833119+00:00
665.0,104.9,108.5,100.26,321.0,1606,0.3490055334472656,call,2026-11-30,SPY,764.2899780273438,2026-09-29T23:44:19.833119+00:00
666.0,103.94,107.58,111.59,1.0,1,0.34754070434570306,call,2026-11-30,SPY,764.2899780273438,2026-09-29T23:44:19.833119+00:00
670.0,100.1,103.87,95.5,86.0,1377,0.34122362884521484,call,2026-11-30,SPY,764.2899780273438,2026-09-29T23:44:19.833119+00:00
672.0,100.95,104.14,95.99,2.0,1,0.3644472735595704,call,2026-11-30,SPY,764.2899780273438,2026-09-29T23:44:19.833119+00:00
673.0,97.23,100.99,108.76,16.0,332,0.3351201742553711,call,2026-11-30,SPY,764.2899780273438,2026-09-29T23:44:19.833119+00:00
674.0,96.27,99.92,106.62,7.0,108,0.3316717224121094,call,2026-11-30,SPY,764.2899780273438,2026-09-29T23:44:19.833119+00:00
675.0,95.32,99.08,97.93,1.0,209,0.33115292877197267,call,2026-11-30,SPY,764.2899780273438,2026-09-29T23:44:19.833119+00:00
676.0,0.0,0.0,102.32,16.0,0,1.0000000000000003e-05,call,2026-11-30,SPY,764.2899780273438,2026-09-29T23:44:19.833119+00:00
677.0,93.89,97.25,76.73,,1,0.32816223602294914,call,2026-11-30,SPY,764.2899780273438,2026-09-29T23:44:19.833119+00:00
678.0,92.46,96.22,99.25,1.0,127,0.32521731918334956,call,2026-11-30,SPY,764.2899780273438,2026-09-29T23:44:19.833119+00:00
679.0,91.51,95.14,83.94,4.0,110,0.32166205688476557,call,2026-11-30,SPY,764.2899780273438,2026-09-29T23:44:19.833119+00:00
680.0,90.55,94.32,94.98,1.0,95,0.3213111082458496,call,2026-11-30,SPY,764.2899780273438,2026-09-29T23:44:19.833119+00:00
681.0,89.6,93.38,88.14,2.0,32,0.3194648132324218,call,2026-11-30,SPY,764.2899780273438,2026-09-29T23:44:19.833119+00:00
682.0,0.0,0.0,94.15,8.0,0,1.0000000000000003e-05,call,2026-11-30,SPY,764.2899780273438,2026-09-29T23:44:19.833119+00:00
683.0,87.71,91.33,92.5,4.0,40,0.31369704864501957,call,2026-11-30,SPY,764.2899780273438,2026-09-29T23:44:19.833119+00:00
684.0,0.0,0.0,94.14,56.0,0,1.0000000000000003e-05,call,2026-11-30,SPY,764.2899780273438,2026-09-29T23:44:19.833119+00:00
685.0,85.81,89.35,84.15,1.0,28,0.3087685090637207,call,2026-11-30,SPY,764.2899780273438,2026-09-29T23:44:19.833119+00:00
686.0,0.0,0.0,92.47,4.0,0,1.0000000000000003e-05,call,2026-11-30,SPY,764.2899780273438,2026-09-29T23:44:19.833119+00:00
687.0,0.0,0.0,93.54,19.0,0,1.0000000000000003e-05,call,2026-11-30,SPY,764.2899780273438,2026-09-29T23:44:19.833119+00:00
688.0,82.98,86.75,82.79,1.0,33,0.30573204040527346,call,2026-11-30,SPY,764.2899780273438,2026-09-29T23:44:19.833119+00:00
689.0,0.0,0.0,89.79,14.0,0,1.0000000000000003e-05,call,2026-11-30,SPY,764.2899780273438,2026-09-29T23:44:19.833119+00:00
690.0,81.1,84.75,83.51,1.0,84,0.30048306945800785,call,2026-11-30,SPY,764.2899780273438,2026-09-29T23:44:19.833119+00:00
691.0,80.16,83.94,77.97,10.0,51,0.30007108627319334,call,2026-11-30,SPY,764.2899780273438,2026-09-29T23:44:19.833119+00:00
692.0,0.0,0.0,90.51,4.0,0,1.0000000000000003e-05,call,2026-11-30,SPY,764.2899780273438,2026-09-29T23:44:19.833119+00:00
693.0,78.28,81.97,83.74,1.0,197,0.29514254669189455,call,2026-11-30,SPY,764.2899780273438,2026-09-29T23:44:19.833119+00:00
694.0,77.35,80.99,83.53,4.0,14,0.29273168212890616,call,2026-11-30,SPY,764.2899780273438,2026-09-29T23:44:19.833119+00:00
695.0,76.42,80.07,77.01,1.0,16,0.2910074562072753,call,2026-11-30,SPY,764.2899780273438,2026-09-29T23:44:19.833119+00:00
696.0,75.48,79.16,80.14,3.0,102,0.2893747821044921,call,2026-11-30,SPY,764.2899780273438,2026-09-29T23:44:19.833119+00:00
697.0,0.0,0.0,90.26,10.0,0,1.0000000000000003e-05,call,2026-11-30,SPY,764.2899780273438,2026-09-29T23:44:19.833119+00:00
698.0,73.62,77.31,74.68,3.0,14,0.2857127093505859,call,2026-11-30,SPY,764.2899780273438,2026-09-29T23:44:19.833119+00:00
699.0,72.7,76.37,75.39,1.0,0,0.283713827972412,call,2026-11-30,SPY,764.2899780273438,2026-09-29T23:44:19.833119+00:00
700.0,71.77,75.42,74.45,9.0,317,0.28159287750244133,call,2026-11-30,SPY,764.2899780273438,2026-09-29T23:44:19.833119+00:00
701.0,0.0,0.0,79.72,3.0,0,1.0000000000000003e-05,call,2026-11-30,SPY,764.2899780273438,2026-09-29T23:44:19.833119+00:00
702.0,0.0,0.0,84.69,24.0,0,1.0000000000000003e-05,call,2026-11-30,SPY,764.2899780273438,2026-09-29T23:44:19.833119+00:00
703.0,69.04,72.59,74.17,4.0,23,0.2753673538208008,call,2026-11-30,SPY,764.2899780273438,2026-09-29T23:44:19.833119+00:00
704.0,0.0,0.0,78.88,1.0,0,1.0000000000000003e-05,call,2026-11-30,SPY,764.2899780273438,2026-09-29T23:44:19.833119+00:00
705.0,67.25,70.7,68.12,1.0,278,0.271140711517334,call,2026-11-30,SPY,764.2899780273438,2026-09-29T23:44:19.833119+00:00
706.0,0.0,0.0,82.53,34.0,0,1.0000000000000003e-05,call,2026-11-30,SPY,764.2899780273438,2026-09-29T23:44:19.833119+00:00
707.0,65.48,68.85,67.64,3.0,42,0.2672955351257324,call,2026-11-30,SPY,764.2899780273438,2026-09-29T23:44:19.833119+00:00
708.0,64.61,67.92,69.75,4.0,12,0.2652966537475586,call,2026-11-30,SPY,764.2899780273438,2026-09-29T23:44:19.833119+00:00
709.0,63.72,66.99,68.26,1.0,22,0.26328251373291023,call,2026-11-30,SPY,764.2899780273438,2026-09-29T23:44:19.833119+00:00
710.0,62.8,66.05,63.26,3.0,156,0.26116156326293943,call,2026-11-30,SPY,764.2899780273438,2026-09-29T23:44:19.833119+00:00
711.0,61.91,65.11,60.16,5.0,14,0.2590253541564942,call,2026-11-30,SPY,764.2899780273438,2026-09-29T23:44:19.833119+00:00
712.0,0.0,0.0,77.86,4.0,0,1.0000000000000003e-05,call,2026-11-30,SPY,764.2899780273438,2026-09-29T23:44:19.833119+00:00
713.0,60.1,63.31,64.91,1.0,26,0.2555311264038086,call,2026-11-30,SPY,764.2899780273438,2026-09-29T23:44:19.833119+00:00
714.0,0.0,0.0,73.26,10.0,0,1.0000000000000003e-05,call,2026-11-30,SPY,764.2899780273438,2026-09-29T23:44:19.833119+00:00
715.0,58.39,61.49,59.93,1.0,155,0.25177750183105463,call,2026-11-30,SPY,764.2899780273438,2026-09-29T23:44:19.833119+00:00
716.0,57.5,60.53,59.99,2.0,157,0.2493666372680664,call,2026-11-30,SPY,764.2899780273438,2026-09-29T23:44:19.833119+00:00
717.0,56.65,59.65,58.07,1.0,85,0.2477492218017578,call,2026-11-30,SPY,764.2899780273438,2026-09-29T23:44:19.833119+00:00
718.0,55.78,58.72,56.33,1.0,59,0.2456130126953125,call,2026-11-30,SPY,764.2899780273438,2026-09-29T23:44:19.833119+00:00
719.0,54.92,57.8,54.34,4.0,16,0.24356835540771482,call,2026-11-30,SPY,764.2899780273438,2026-09-29T23:44:19.833119+00:00
720.0,54.05,56.9,56.97,3.0,402,0.2416915431213379,call,2026-11-30,SPY,764.2899780273438,2026-09-29T23:44:19.833119+00:00
721.0,53.21,55.99,55.79,5.0,22,0.23970792037963862,call,2026-11-30,SPY,764.2899780273438,2026-09-29T23:44:19.833119+00:00
722.0,52.38,55.07,51.28,1.0,25,0.23761748718261716,call,2026-11-30,SPY,764.2899780273438,2026-09-29T23:44:19.833119+00:00
723.0,52.55,54.21,62.78,1.0,1,0.236061106262207,call,2026-11-30,SPY,764.2899780273438,2026-09-29T23:44:19.833119+00:00
724.0,51.68,53.34,49.23,4.0,175,0.23441317352294921,call,2026-11-30,SPY,764.2899780273438,2026-09-29T23:44:19.833119+00:00
725.0,50.81,52.37,51.78,1.0,241,0.2317886880493164,call,2026-11-30,SPY,764.2899780273438,2026-09-29T23:44:19.833119+00:00
726.0,49.94,51.53,57.55,1.0,213,0.2303696348571777,call,2026-11-30,SPY,764.2899780273438,2026-09-29T23:44:19.833119+00:00
727.0,49.08,50.67,52.82,1.0,10,0.22873696075439454,call,2026-11-30,SPY,764.2899780273438,2026-09-29T23:44:19.833119+00:00
728.0,48.21,48.76,48.89,1.0,233,0.21732350067138673,call,2026-11-30,SPY,764.2899780273438,2026-09-29T23:44:19.833119+00:00
729.0,47.36,47.89,46.75,2.0,30,0.2156145333862305,call,2026-11-30,SPY,764.2899780273438,2026-09-29T23:44:19.833119+00:00
730.0,46.5,47.04,45.8,1.0,660,0.21407341110229489,call,2026-11-30,SPY,764.2899780273438,2026-09-29T23:44:19.833119+00:00
731.0,45.65,46.19,42.39,57.0,75,0.21250177154541017,call,2026-11-30,SPY,764.2899780273438,2026-09-29T23:44:19.833119+00:00
732.0,44.8,45.34,40.34,30.0,351,0.21088435607910155,call,2026-11-30,SPY,764.2899780273438,2026-09-29T23:44:19.833119+00:00
733.0,43.96,44.5,48.35,3.0,205,0.2093584924316406,call,2026-11-30,SPY,764.2899780273438,2026-09-29T23:44:19.833119+00:00
734.0,43.12,43.66,44.48,10.0,54,0.20778685287475585,call,2026-11-30,SPY,764.2899780273438,2026-09-29T23:44:19.833119+00:00
735.0,42.29,42.82,43.55,3.0,895,0.20619995468139646,call,2026-11-30,SPY,764.2899780273438,2026-09-29T23:44:19.833119+00:00
736.0,41.46,41.98,47.0,20.0,276,0.20456728057861323,call,2026-11-30,SPY,764.2899780273438,2026-09-29T23:44:19.833119+00:00
737.0,40.63,41.16,36.65,2.0,353,0.20308719284057614,call,2026-11-30,SPY,764.2899780273438,2026-09-29T23:44:19.833119+00:00
738.0,39.81,40.34,41.03,2.0,93,0.20157658782958982,call,2026-11-30,SPY,764.2899780273438,2026-09-29T23:44:19.833119+00:00
739.0,38.99,39.52,42.52,1.0,98,0.20005072418212888,call,2026-11-30,SPY,764.2899780273438,2026-09-29T23:44:19.833119+00:00
740.0,38.18,38.72,38.39,25.0,632,0.1986469296264648,call,2026-11-30,SPY,764.2899780273438,2026-09-29T23:44:19.833119+00:00
741.0,37.37,37.9,38.77,1.0,165,0.19702951416015624,call,2026-11-30,SPY,764.2899780273438,2026-09-29T23:44:19.833119+00:00
742.0,36.57,37.09,38.77,3.0,105,0.19547313323974608,call,2026-11-30,SPY,764.2899780273438,2026-09-29T23:44:19.833119+00:00
743.0,35.77,36.29,35.13,2.0,254,0.1939777868652344,call,2026-11-30,SPY,764.2899780273438,2026-09-29T23:44:19.833119+00:00
744.0,34.98,35.5,34.14,2.0,512,0.1925129577636719,call,2026-11-30,SPY,764.2899780273438,2026-09-29T23:44:19.833119+00:00
745.0,34.19,34.71,33.67,1.0,596,0.1910328700256348,call,2026-11-30,SPY,764.2899780273438,2026-09-29T23:44:19.833119+00:00
746.0,33.4,33.93,38.21,4.0,509,0.1895832995605469,call,2026-11-30,SPY,764.2899780273438,2026-09-29T23:44:19.833119+00:00
747.0,32.63,33.15,35.06,1.0,710,0.18810321182250977,call,2026-11-30,SPY,764.2899780273438,2026-09-29T23:44:19.833119+00:00
748.0,31.86,32.39,32.33,7.0,96,0.18674519317626953,call,2026-11-30,SPY,764.2899780273438,2026-09-29T23:44:19.833119+00:00
749.0,31.09,31.61,36.03,2.0,153,0.18517355361938476,call,2026-11-30,SPY,764.2899780273438,2026-09-29T23:44:19.833119+00:00
750.0,30.33,30.85,29.98,1.0,697,0.18373924179077145,call,2026-11-30,SPY,764.2899780273438,2026-09-29T23:44:19.833119+00:00
751.0,29.58,30.1,29.92,1.0,215,0.18233544723510742,call,2026-11-30,SPY,764.2899780273438,2026-09-29T23:44:19.833119+00:00
752.0,28.84,29.35,30.92,6.0,196,0.1808858767700195,call,2026-11-30,SPY,764.2899780273438,2026-09-29T23:44:19.833119+00:00
753.0,28.1,28.61,32.22,2.0,278,0.17948208221435547,call,2026-11-30,SPY,764.2899780273438,2026-09-29T23:44:19.833119+00:00
754.0,27.37,27.88,27.79,2.0,151,0.17810880493164064,call,2026-11-30,SPY,764.2899780273438,2026-09-29T23:44:19.833119+00:00
755.0,26.64,27.16,27.0,17.0,333,0.1767813035583496,call,2026-11-30,SPY,764.2899780273438,2026-09-29T23:44:19.833119+00:00
756.0,25.93,26.45,29.61,1.0,373,0.17546906082153318,call,2026-11-30,SPY,764.2899780273438,2026-09-29T23:44:19.833119+00:00
757.0,25.22,25.74,28.98,1.0,224,0.1741263008117676,call,2026-11-30,SPY,764.2899780273438,2026-09-29T23:44:19.833119+00:00
758.0,24.51,25.02,24.22,2.0,2179,0.1726309544372559,call,2026-11-30,SPY,764.2899780273438,2026-09-29T23:44:19.833119+00:00
759.0,23.82,24.34,28.09,1.0,162,0.17142552215576173,call,2026-11-30,SPY,764.2899780273438,2026-09-29T23:44:19.833119+00:00
760.0,23.15,23.55,23.35,94.0,2641,0.16927405441284182,call,2026-11-30,SPY,764.2899780273438,2026-09-29T23:44:19.833119+00:00
761.0,22.46,22.98,22.2,20.0,333,0.16883155395507815,call,2026-11-30,SPY,764.2899780273438,2026-09-29T23:44:19.833119+00:00
762.0,21.79,22.3,22.25,17.0,589,0.1674582766723633,call,2026-11-30,SPY,764.2899780273438,2026-09-29T23:44:19.833119+00:00
763.0,21.13,21.64,21.43,48.0,843,0.16617655120849611,call,2026-11-30,SPY,764.2899780273438,2026-09-29T23:44:19.833119+00:00
764.0,20.48,20.99,20.69,31.0,512,0.16492534301757814,call,2026-11-30,SPY,764.2899780273438,2026-09-29T23:44:19.833119+00:00
765.0,19.84,20.24,20.26,126.0,1167,0.16283490982055665,call,2026-11-30,SPY,764.2899780273438,2026-09-29T23:44:19.833119+00:00
766.0,19.21,19.72,18.77,5.0,332,0.16248396118164063,call,2026-11-30,SPY,764.2899780273438,2026-09-29T23:44:19.833119+00:00
767.0,18.82,18.87,18.67,14.0,336,0.15947800979614257,call,2026-11-30,SPY,764.2899780273438,2026-09-29T23:44:19.833119+00:00
768.0,18.21,18.27,18.0,94.0,550,0.1583793879699707,call,2026-11-30,SPY,764.2899780273438,2026-09-29T23:44:19.833119+00:00
769.0,17.6,17.67,17.64,4.0,515,0.15721973159790043,call,2026-11-30,SPY,764.2899780273438,2026-09-29T23:44:19.833119+00:00
770.0,17.02,17.08,16.81,113.0,1527,0.1560753338623047,call,2026-11-30,SPY,764.2899780273438,2026-09-29T23:44:19.833119+00:00
771.0,16.44,16.49,16.44,25.0,547,0.15485464294433599,call,2026-11-30,SPY,764.2899780273438,2026-09-29T23:44:19.833119+00:00
772.0,15.87,15.92,15.87,19.0,745,0.15372550384521483,call,2026-11-30,SPY,764.2899780273438,2026-09-29T23:44:19.833119+00:00
773.0,15.31,15.36,15.0,9.0,880,0.1526116233825684,call,2026-11-30,SPY,764.2899780273438,2026-09-29T23:44:19.833119+00:00
774.0,14.77,14.82,14.66,65.0,357,0.15158929473876953,call,2026-11-30,SPY,764.2899780273438,2026-09-29T23:44:19.833119+00:00
775.0,14.23,14.29,14.08,19.0,862,0.15058222473144534,call,2026-11-30,SPY,764.2899780273438,2026-09-29T23:44:19.833119+00:00
776.0,13.71,13.76,13.71,33.0,433,0.14948360290527346,call,2026-11-30,SPY,764.2899780273438,2026-09-29T23:44:19.833119+00:00
777.0,13.2,13.25,13.2,14.0,611,0.14849179153442382,call,2026-11-30,SPY,764.2899780273438,2026-09-29T23:44:19.833119+00:00
778.0,12.7,12.75,11.94,2.0,621,0.14748472152709963,call,2026-11-30,SPY,764.2899780273438,2026-09-29T23:44:19.833119+00:00
779.0,12.22,12.27,12.85,18.0,1256,0.14658446197509767,call,2026-11-30,SPY,764.2899780273438,2026-09-29T23:44:19.833119+00:00
780.0,11.74,11.79,11.68,388.0,4033,0.14559265060424803,call,2026-11-30,SPY,764.2899780273438,2026-09-29T23:44:19.833119+00:00
781.0,11.28,11.33,10.89,7.0,723,0.14470764968872069,call,2026-11-30,SPY,764.2899780273438,2026-09-29T23:44:19.833119+00:00
782.0,10.83,10.88,10.78,5.0,476,0.14380739013671873,call,2026-11-30,SPY,764.2899780273438,2026-09-29T23:44:19.833119+00:00
783.0,10.39,10.44,9.87,2.0,375,0.14292238922119144,call,2026-11-30,SPY,764.2899780273438,2026-09-29T23:44:19.833119+00:00
784.0,9.96,10.01,9.13,36.0,153,0.14203738830566404,call,2026-11-30,SPY,764.2899780273438,2026-09-29T23:44:19.833119+00:00
785.0,9.55,9.6,9.47,18.0,942,0.1412439392089844,call,2026-11-30,SPY,764.2899780273438,2026-09-29T23:44:19.833119+00:00
786.0,9.15,9.19,9.68,2.0,119,0.14035893829345703,call,2026-11-30,SPY,764.2899780273438,2026-09-29T23:44:19.833119+00:00
787.0,8.76,8.8,9.91,6.0,215,0.13956548919677736,call,2026-11-30,SPY,764.2899780273438,2026-09-29T23:44:19.833119+00:00
788.0,8.38,8.43,7.82,1.0,301,0.13887885055541993,call,2026-11-30,SPY,764.2899780273438,2026-09-29T23:44:19.833119+00:00
789.0,8.01,8.06,8.05,2.0,1376,0.13810066009521482,call,2026-11-30,SPY,764.2899780273438,2026-09-29T23:44:19.833119+00:00
790.0,7.66,7.7,7.61,1282.0,2076,0.13732246963500983,call,2026-11-30,SPY,764.2899780273438,2026-09-29T23:44:19.833119+00:00
791.0,7.32,7.36,7.33,5.0,188,0.13663583099365234,call,2026-11-30,SPY,764.2899780273438,2026-09-29T23:44:19.833119+00:00
792.0,6.99,7.03,7.0,23.0,175,0.13596445098876953,call,2026-11-30,SPY,764.2899780273438,2026-09-29T23:44:19.833119+00:00
793.0,6.67,6.71,6.62,34.0,478,0.13530832962036138,call,2026-11-30,SPY,764.2899780273438,2026-09-29T23:44:19.833119+00:00
794.0,6.36,6.41,6.32,4.0,137,0.1347437600708008,call,2026-11-30,SPY,764.2899780273438,2026-09-29T23:44:19.833119+00:00
795.0,6.07,6.11,5.91,21.0,884,0.1341028973388672,call,2026-11-30,SPY,764.2899780273438,2026-09-29T23:44:19.833119+00:00
796.0,5.78,5.82,5.66,3.0,237,0.13346203460693357,call,2026-11-30,SPY,764.2899780273438,2026-09-29T23:44:19.833119+00:00
797.0,5.51,5.55,5.6,60.0,411,0.13294324096679688,call,2026-11-30,SPY,764.2899780273438,2026-09-29T23:44:19.833119+00:00
798.0,5.24,5.28,5.07,10.0,97,0.13233289550781252,call,2026-11-30,SPY,764.2899780273438,2026-09-29T23:44:19.833119+00:00
799.0,4.99,5.03,5.07,143.0,59,0.131844619140625,call,2026-11-30,SPY,764.2899780273438,2026-09-29T23:44:19.833119+00:00
800.0,4.74,4.79,4.63,498.0,2788,0.1313716014099121,call,2026-11-30,SPY,764.2899780273438,2026-09-29T23:44:19.833119+00:00
801.0,4.51,4.55,4.6,13.0,303,0.13080703186035153,call,2026-11-30,SPY,764.2899780273438,2026-09-29T23:44:19.833119+00:00
802.0,4.29,4.33,4.36,115.0,770,0.13039504867553708,call,2026-11-30,SPY,764.2899780273438,2026-09-29T23:44:19.833119+00:00
803.0,4.07,4.11,4.09,15.0,342,0.129891513671875,call,2026-11-30,SPY,764.2899780273438,2026-09-29T23:44:19.833119+00:00
804.0,3.86,3.9,3.82,28.0,178,0.1294032373046875,call,2026-11-30,SPY,764.2899780273438,2026-09-29T23:44:19.833119+00:00
805.0,3.67,3.7,3.64,231.0,376,0.12894547821044922,call,2026-11-30,SPY,764.2899780273438,2026-09-29T23:44:19.833119+00:00
806.0,3.48,3.51,3.56,115.0,20937,0.12851823638916016,call,2026-11-30,SPY,764.2899780273438,2026-09-29T23:44:19.833119+00:00
807.0,3.29,3.33,3.17,26.0,573,0.1281215118408203,call,2026-11-30,SPY,764.2899780273438,2026-09-29T23:44:19.833119+00:00
808.0,3.12,3.16,3.09,46.0,943,0.1277858218383789,call,2026-11-30,SPY,764.2899780273438,2026-09-29T23:44:19.833119+00:00
809.0,2.96,2.99,3.03,210.0,175,0.12735858001708983,call,2026-11-30,SPY,764.2899780273438,2026-09-29T23:44:19.833119+00:00
810.0,2.8,2.83,2.78,189.0,584,0.12696185546875,call,2026-11-30,SPY,764.2899780273438,2026-09-29T23:44:19.833119+00:00
811.0,2.65,2.68,2.69,47.0,198,0.12662616546630856,call,2026-11-30,SPY,764.2899780273438,2026-09-29T23:44:19.833119+00:00
812.0,2.51,2.54,2.57,1234.0,675,0.1263515100097656,call,2026-11-30,SPY,764.2899780273438,2026-09-29T23:44:19.833119+00:00
813.0,2.37,2.4,2.44,108.0,114,0.125985302734375,call,2026-11-30,SPY,764.2899780273438,2026-09-29T23:44:19.833119+00:00
814.0,2.24,2.27,2.15,11.0,85,0.12571064727783204,call,2026-11-30,SPY,764.2899780273438,2026-09-29T23:44:19.833119+00:00
815.0,2.12,2.15,2.07,77.0,513,0.1254665090942383,call,2026-11-30,SPY,764.2899780273438,2026-09-29T23:44:19.833119+00:00
816.0,2.0,2.03,2.06,3.0,199,0.12516133636474608,call,2026-11-30,SPY,764.2899780273438,2026-09-29T23:44:19.833119+00:00
817.0,1.89,1.92,2.17,1.0,338,0.12494771545410156,call,2026-11-30,SPY,764.2899780273438,2026-09-29T23:44:19.833119+00:00
818.0,1.79,1.81,2.06,3.0,54,0.12464254272460937,call,2026-11-30,SPY,764.2899780273438,2026-09-29T23:44:19.833119+00:00
819.0,1.69,1.71,2.15,43.0,616,0.12439840454101564,call,2026-11-30,SPY,764.2899780273438,2026-09-29T23:44:19.833119+00:00
820.0,1.59,1.62,1.57,308.0,2054,0.12430685272216799,call,2026-11-30,SPY,764.2899780273438,2026-09-29T23:44:19.833119+00:00
825.0,1.19,1.21,1.2,84.0,698,0.1233608172607422,call,2026-11-30,SPY,764.2899780273438,2026-09-29T23:44:19.833119+00:00
830.0,0.89,0.91,0.91,92.0,2447,0.12299460998535157,call,2026-11-30,SPY,764.2899780273438,2026-09-29T23:44:19.833119+00:00
835.0,0.67,0.69,0.68,125.0,1181,0.12305564453125001,call,2026-11-30,SPY,764.2899780273438,2026-09-29T23:44:19.833119+00:00
840.0,0.51,0.53,0.5,530.0,688,0.12366598999023437,call,2026-11-30,SPY,764.2899780273438,2026-09-29T23:44:19.833119+00:00
845.0,0.39,0.41,0.36,7.0,425,0.12445943908691406,call,2026-11-30,SPY,764.2899780273438,2026-09-29T23:44:19.833119+00:00
850.0,0.31,0.32,0.26,88.0,4901,0.12549702636718751,call,2026-11-30,SPY,764.2899780273438,2026-09-29T23:44:19.833119+00:00
855.0,0.24,0.26,0.29,20.0,174,0.12732806274414063,call,2026-11-30,SPY,764.2899780273438,2026-09-29T23:44:19.833119+00:00
860.0,0.2,0.21,0.17,1.0,667,0.1289149609375,call,2026-11-30,SPY,764.2899780273438,2026-09-29T23:44:19.833119+00:00
865.0,0.16,0.17,0.14,11.0,804,0.13062392822265623,call,2026-11-30,SPY,764.2899780273438,2026-09-29T23:44:19.833119+00:00
870.0,0.13,0.14,0.15,15.0,1183,0.13257703369140628,call,2026-11-30,SPY,764.2899780273438,2026-09-29T23:44:19.833119+00:00
875.0,0.11,0.12,0.16,680.0,722,0.13501841552734378,call,2026-11-30,SPY,764.2899780273438,2026-09-29T23:44:19.833119+00:00
880.0,0.09,0.1,0.08,25.0,1162,0.13697152099609378,call,2026-11-30,SPY,764.2899780273438,2026-09-29T23:44:19.833119+00:00
885.0,0.08,0.09,0.11,6.0,240,0.1401453173828125,call,2026-11-30,SPY,764.2899780273438,2026-09-29T23:44:19.833119+00:00
890.0,0.07,0.08,0.1,6.0,259,0.1430749755859375,call,2026-11-30,SPY,764.2899780273438,2026-09-29T23:44:19.833119+00:00
895.0,0.06,0.07,0.09,12.0,3273,0.145516357421875,call,2026-11-30,SPY,764.2899780273438,2026-09-29T23:44:19.833119+00:00
900.0,0.05,0.06,0.05,20.0,4027,0.147469462890625,call,2026-11-30,SPY,764.2899780273438,2026-09-29T23:44:19.833119+00:00
905.0,0.04,0.05,0.05,1.0,145,0.149422568359375,call,2026-11-30,SPY,764.2899780273438,2026-09-29T23:44:19.833119+00:00
910.0,0.03,0.05,0.04,27.0,140,0.15332877929687502,call,2026-11-30,SPY,764.2899780273438,2026-09-29T23:44:19.833119+00:00
915.0,0.03,0.04,0.03,24.0,140,0.15430533203125002,call,2026-11-30,SPY,764.2899780273438,2026-09-29T23:44:19.833119+00:00
920.0,0.02,0.03,0.03,34.0,540,0.15430533203125002,call,2026-11-30,SPY,764.2899780273438,2026-09-29T23:44:19.833119+00:00
475.0,0.21,0.22,0.23,308.0,1324,0.4555718505859375,put,2026-11-30,SPY,764.2899780273438,2026-09-29T23:44:19.833119+00:00
480.0,0.23,0.24,0.26,6.0,56,0.45117736328125,put,2026-11-30,SPY,764.2899780273438,2026-09-29T23:44:19.833119+00:00
485.0,0.24,0.25,0.24,2.0,159,0.44385321777343745,put,2026-11-30,SPY,764.2899780273438,2026-09-29T23:44:19.833119+00:00
490.0,0.26,0.27,0.28,1.0,83,0.43897045410156255,put,2026-11-30,SPY,764.2899780273438,2026-09-29T23:44:19.833119+00:00
495.0,0.27,0.28,0.3,4.0,18,0.43164630859375,put,2026-11-30,SPY,764.2899780273438,2026-09-29T23:44:19.833119+00:00
500.0,0.29,0.3,0.3,63.0,470,0.42627526855468756,put,2026-11-30,SPY,764.2899780273438,2026-09-29T23:44:19.833119+00:00
505.0,0.3,0.31,0.31,8.0,104,0.41870698486328123,put,2026-11-30,SPY,764.2899780273438,2026-09-29T23:44:19.833119+00:00
510.0,0.32,0.33,0.34,4.0,77,0.41309180664062495,put,2026-11-30,SPY,764.2899780273438,2026-09-29T23:44:19.833119+00:00
515.0,0.34,0.35,0.35,1.0,82,0.40698835205078127,put,2026-11-30,SPY,764.2899780273438,2026-09-29T23:44:19.833119+00:00
520.0,0.36,0.37,0.37,2.0,39,0.4008848974609375,put,2026-11-30,SPY,764.2899780273438,2026-09-29T23:44:19.833119+00:00
525.0,0.38,0.39,0.41,1.0,369,0.39453730468750003,put,2026-11-30,SPY,764.2899780273438,2026-09-29T23:44:19.833119+00:00
530.0,0.4,0.41,0.43,1.0,587,0.3881897119140625,put,2026-11-30,SPY,764.2899780273438,2026-09-29T23:44:19.833119+00:00
535.0,0.43,0.44,0.45,9.0,291,0.38281867187499996,put,2026-11-30,SPY,764.2899780273438,2026-09-29T23:44:19.833119+00:00
540.0,0.45,0.46,0.48,230.0,199,0.37622694091796877,put,2026-11-30,SPY,764.2899780273438,2026-09-29T23:44:19.833119+00:00
545.0,0.48,0.49,0.49,1.0,250,0.3706117626953125,put,2026-11-30,SPY,764.2899780273438,2026-09-29T23:44:19.833119+00:00
550.0,0.5,0.52,0.54,100.0,840,0.36475244628906256,put,2026-11-30,SPY,764.2899780273438,2026-09-29T23:44:19.833119+00:00
555.0,0.53,0.55,0.55,1.0,757,0.35864899169921877,put,2026-11-30,SPY,764.2899780273438,2026-09-29T23:44:19.833119+00:00
560.0,0.56,0.58,0.6,6.0,962,0.352545537109375,put,2026-11-30,SPY,764.2899780273438,2026-09-29T23:44:19.833119+00:00
565.0,0.6,0.61,0.6,4.0,593,0.3461979443359374,put,2026-11-30,SPY,764.2899780273438,2026-09-29T23:44:19.833119+00:00
570.0,0.63,0.64,0.7,301.0,1027,0.3397282824707031,put,2026-11-30,SPY,764.2899780273438,2026-09-29T23:44:19.833119+00:00
575.0,0.67,0.68,0.71,4.0,880,0.33399103515625,put,2026-11-30,SPY,764.2899780273438,2026-09-29T23:44:19.833119+00:00
580.0,0.71,0.72,0.71,10.0,557,0.3278875805664062,put,2026-11-30,SPY,764.2899780273438,2026-09-29T23:44:19.833119+00:00
581.0,0.72,0.73,1.35,,18,0.32691102783203124,put,2026-11-30,SPY,764.2899780273438,2026-09-29T23:44:19.833119+00:00
582.0,0.73,0.74,0.74,1.0,16,0.32581240600585937,put,2026-11-30,SPY,764.2899780273438,2026-09-29T23:44:19.833119+00:00
585.0,0.75,0.76,0.78,315.0,1100,0.3217841259765625,put,2026-11-30,SPY,764.2899780273438,2026-09-29T23:44:19.833119+00:00
586.0,0.76,0.77,1.22,2.0,2,0.32068550415039054,put,2026-11-30,SPY,764.2899780273438,2026-09-29T23:44:19.833119+00:00
587.0,0.77,0.78,1.23,1.0,1,0.31958688232421867,put,2026-11-30,SPY,764.2899780273438,2026-09-29T23:44:19.833119+00:00
588.0,0.78,0.79,1.24,1.0,1,0.31836619140624994,put,2026-11-30,SPY,764.2899780273438,2026-09-29T23:44:19.833119+00:00
589.0,0.79,0.8,1.31,2.0,2,0.31726756958007807,put,2026-11-30,SPY,764.2899780273438,2026-09-29T23:44:19.833119+00:00
590.0,0.8,0.81,0.85,50.0,546,0.3161689477539062,put,2026-11-30,SPY,764.2899780273438,2026-09-29T23:44:19.833119+00:00
591.0,0.81,0.82,0.97,2.0,23,0.3149482568359374,put,2026-11-30,SPY,764.2899780273438,2026-09-29T23:44:19.833119+00:00
592.0,0.82,0.83,0.91,,1,0.3138496350097656,put,2026-11-30,SPY,764.2899780273438,2026-09-29T23:44:19.833119+00:00
593.0,0.82,0.84,0.86,10.0,11,0.31262894409179687,put,2026-11-30,SPY,764.2899780273438,2026-09-29T23:44:19.833119+00:00
595.0,0.84,0.86,0.95,300.0,532,0.3103096313476562,put,2026-11-30,SPY,764.2899780273438,2026-09-29T23:44:19.833119+00:00
596.0,0.85,0.87,0.97,10.0,16,0.3090889404296875,put,2026-11-30,SPY,764.2899780273438,2026-09-29T23:44:19.833119+00:00
598.0,0.87,0.89,0.92,3.0,672,0.30664755859375,put,2026-11-30,SPY,764.2899780273438,2026-09-29T23:44:19.833119+00:00
599.0,0.88,0.9,1.01,7.0,11,0.30542686767578126,put,2026-11-30,SPY,764.2899780273438,2026-09-29T23:44:19.833119+00:00
600.0,0.9,0.91,0.97,32.0,1225,0.3042061767578125,put,2026-11-30,SPY,764.2899780273438,2026-09-29T23:44:19.833119+00:00
601.0,0.91,0.92,2.02,1.0,3,0.30298548583984375,put,2026-11-30,SPY,764.2899780273438,2026-09-29T23:44:19.833119+00:00
603.0,0.93,0.94,0.99,6.0,17,0.3004220349121094,put,2026-11-30,SPY,764.2899780273438,2026-09-29T23:44:19.833119+00:00
604.0,0.94,0.95,1.39,,1,0.29920134399414056,put,2026-11-30,SPY,764.2899780273438,2026-09-29T23:44:19.833119+00:00
605.0,0.95,0.96,0.95,9.0,823,0.29798065307617183,put,2026-11-30,SPY,764.2899780273438,2026-09-29T23:44:19.833119+00:00
606.0,0.96,0.98,1.02,4.0,57,0.29718720397949216,put,2026-11-30,SPY,764.2899780273438,2026-09-29T23:44:19.833119+00:00
607.0,0.97,0.99,1.01,1.0,13,0.295905478515625,put,2026-11-30,SPY,764.2899780273438,2026-09-29T23:44:19.833119+00:00
608.0,0.98,1.0,1.13,360.0,361,0.2946237530517578,put,2026-11-30,SPY,764.2899780273438,2026-09-29T23:44:19.833119+00:00
609.0,1.0,1.01,1.04,103.0,106,0.2933420275878905,put,2026-11-30,SPY,764.2899780273438,2026-09-29T23:44:19.833119+00:00
610.0,1.01,1.02,0.99,102.0,867,0.2919992675781249,put,2026-11-30,SPY,764.2899780273438,2026-09-29T23:44:19.833119+00:00
611.0,1.02,1.04,1.21,1.0,7,0.2912668530273437,put,2026-11-30,SPY,764.2899780273438,2026-09-29T23:44:19.833119+00:00
612.0,1.03,1.05,1.21,90.0,20666,0.28992409301757804,put,2026-11-30,SPY,764.2899780273438,2026-09-29T23:44:19.833119+00:00
614.0,1.06,1.07,1.18,2.0,6,0.2872385729980468,put,2026-11-30,SPY,764.2899780273438,2026-09-29T23:44:19.833119+00:00
615.0,1.07,1.09,1.06,32.0,623,0.2863840893554687,put,2026-11-30,SPY,764.2899780273438,2026-09-29T23:44:19.833119+00:00
616.0,1.08,1.1,1.28,100.0,108,0.28504132934570303,put,2026-11-30,SPY,764.2899780273438,2026-09-29T23:44:19.833119+00:00
617.0,1.1,1.11,1.13,1.0,2,0.2836985693359374,put,2026-11-30,SPY,764.2899780273438,2026-09-29T23:44:19.833119+00:00
618.0,1.11,1.13,1.3,3.0,8,0.28284408569335934,put,2026-11-30,SPY,764.2899780273438,2026-09-29T23:44:19.833119+00:00
619.0,1.12,1.14,1.37,1.0,8,0.2814402911376953,put,2026-11-30,SPY,764.2899780273438,2026-09-29T23:44:19.833119+00:00
620.0,1.14,1.15,1.34,100.0,410,0.28009753112792957,put,2026-11-30,SPY,764.2899780273438,2026-09-29T23:44:19.833119+00:00
621.0,1.15,1.17,1.13,,3,0.2791820129394531,put,2026-11-30,SPY,764.2899780273438,2026-09-29T23:44:19.833119+00:00
622.0,1.17,1.18,1.44,,3,0.277778218383789,put,2026-11-30,SPY,764.2899780273438,2026-09-29T23:44:19.833119+00:00
624.0,1.2,1.21,1.58,2.0,13,0.27539787109374997,put,2026-11-30,SPY,764.2899780273438,2026-09-29T23:44:19.833119+00:00
625.0,1.21,1.23,1.26,7.0,409,0.274421318359375,put,2026-11-30,SPY,764.2899780273438,2026-09-29T23:44:19.833119+00:00
626.0,1.23,1.25,1.28,6.0,5,0.273444765625,put,2026-11-30,SPY,764.2899780273438,2026-09-29T23:44:19.833119+00:00
627.0,1.24,1.26,1.5,1.0,21,0.27197993652343744,put,2026-11-30,SPY,764.2899780273438,2026-09-29T23:44:19.833119+00:00
628.0,1.26,1.27,1.31,7.0,9,0.27057614196777346,put,2026-11-30,SPY,764.2899780273438,2026-09-29T23:44:19.833119+00:00
630.0,1.29,1.31,1.38,50.0,277,0.2685009674072265,put,2026-11-30,SPY,764.2899780273438,2026-09-29T23:44:19.833119+00:00
631.0,1.31,1.33,1.34,2.0,534,0.26746338012695314,put,2026-11-30,SPY,764.2899780273438,2026-09-29T23:44:19.833119+00:00
632.0,1.32,1.34,1.54,2.0,5,0.2659985510253906,put,2026-11-30,SPY,764.2899780273438,2026-09-29T23:44:19.833119+00:00
633.0,1.34,1.36,1.88,1.0,12,0.26496096374511713,put,2026-11-30,SPY,764.2899780273438,2026-09-29T23:44:19.833119+00:00
634.0,1.36,1.38,1.42,115.0,121,0.2638623419189453,put,2026-11-30,SPY,764.2899780273438,2026-09-29T23:44:19.833119+00:00
635.0,1.38,1.39,1.58,100.0,223,0.2623975128173829,put,2026-11-30,SPY,764.2899780273438,2026-09-29T23:44:19.833119+00:00
636.0,1.39,1.41,1.49,1.0,138,0.2612378564453125,put,2026-11-30,SPY,764.2899780273438,2026-09-29T23:44:19.833119+00:00
637.0,1.41,1.43,1.48,103.0,203,0.2601392346191406,put,2026-11-30,SPY,764.2899780273438,2026-09-29T23:44:19.833119+00:00
638.0,1.43,1.45,1.55,1.0,45,0.2590406127929688,put,2026-11-30,SPY,764.2899780273438,2026-09-29T23:44:19.833119+00:00
639.0,1.45,1.47,1.49,3.0,27,0.2578809564208985,put,2026-11-30,SPY,764.2899780273438,2026-09-29T23:44:19.833119+00:00
640.0,1.47,1.49,1.47,6.0,559,0.2567213000488281,put,2026-11-30,SPY,764.2899780273438,2026-09-29T23:44:19.833119+00:00
641.0,1.49,1.51,1.48,2.0,8,0.2555616436767578,put,2026-11-30,SPY,764.2899780273438,2026-09-29T23:44:19.833119+00:00
642.0,1.51,1.53,1.75,100.0,121,0.25440198730468755,put,2026-11-30,SPY,764.2899780273438,2026-09-29T23:44:19.833119+00:00
643.0,1.53,1.55,2.35,18.0,20,0.25318129638671877,put,2026-11-30,SPY,764.2899780273438,2026-09-29T23:44:19.833119+00:00
644.0,1.55,1.57,1.63,1.0,5,0.25196060546875,put,2026-11-30,SPY,764.2899780273438,2026-09-29T23:44:19.833119+00:00
645.0,1.57,1.59,1.7,1.0,76,0.2508009490966796,put,2026-11-30,SPY,764.2899780273438,2026-09-29T23:44:19.833119+00:00
646.0,1.59,1.62,1.84,51.0,54,0.24988543090820312,put,2026-11-30,SPY,764.2899780273438,2026-09-29T23:44:19.833119+00:00
647.0,1.61,1.64,1.91,3.0,371,0.2486647399902344,put,2026-11-30,SPY,764.2899780273438,2026-09-29T23:44:19.833119+00:00
648.0,1.64,1.66,2.97,1.0,20,0.24738301452636718,put,2026-11-30,SPY,764.2899780273438,2026-09-29T23:44:19.833119+00:00
649.0,1.66,1.68,1.63,1.0,64,0.24616232360839846,put,2026-11-30,SPY,764.2899780273438,2026-09-29T23:44:19.833119+00:00
650.0,1.68,1.7,1.78,3.0,482,0.24488059814453128,put,2026-11-30,SPY,764.2899780273438,2026-09-29T23:44:19.833119+00:00
651.0,1.71,1.73,1.83,1.0,25,0.24390404541015626,put,2026-11-30,SPY,764.2899780273438,2026-09-29T23:44:19.833119+00:00
652.0,1.73,1.75,2.09,1.0,210,0.24262231994628902,put,2026-11-30,SPY,764.2899780273438,2026-09-29T23:44:19.833119+00:00
653.0,1.75,1.78,2.22,252.0,266,0.24158473266601563,put,2026-11-30,SPY,764.2899780273438,2026-09-29T23:44:19.833119+00:00
654.0,1.78,1.8,2.74,,2,0.24030300720214842,put,2026-11-30,SPY,764.2899780273438,2026-09-29T23:44:19.833119+00:00
655.0,1.8,1.83,1.77,2.0,772,0.23926541992187497,put,2026-11-30,SPY,764.2899780273438,2026-09-29T23:44:19.833119+00:00
656.0,1.83,1.86,1.92,1.0,8,0.23822783264160152,put,2026-11-30,SPY,764.2899780273438,2026-09-29T23:44:19.833119+00:00
657.0,1.86,1.88,1.97,1.0,12,0.23688507263183595,put,2026-11-30,SPY,764.2899780273438,2026-09-29T23:44:19.833119+00:00
658.0,1.88,1.91,2.02,1.0,128,0.23578645080566402,put,2026-11-30,SPY,764.2899780273438,2026-09-29T23:44:19.833119+00:00
659.0,1.91,1.94,2.18,2.0,58,0.2346878289794922,put,2026-11-30,SPY,764.2899780273438,2026-09-29T23:44:19.833119+00:00
660.0,1.94,1.96,1.96,22.0,1660,0.23334506896972657,put,2026-11-30,SPY,764.2899780273438,2026-09-29T23:44:19.833119+00:00
661.0,1.97,1.99,2.5,117.0,128,0.23221592987060546,put,2026-11-30,SPY,764.2899780273438,2026-09-29T23:44:19.833119+00:00
662.0,2.0,2.02,2.18,1.0,1,0.2310867907714844,put,2026-11-30,SPY,764.2899780273438,2026-09-29T23:44:19.833119+00:00
663.0,2.03,2.05,2.11,1.0,2,0.22992713439941403,put,2026-11-30,SPY,764.2899780273438,2026-09-29T23:44:19.833119+00:00
664.0,2.06,2.08,2.25,50.0,61,0.22876747802734376,put,2026-11-30,SPY,764.2899780273438,2026-09-29T23:44:19.833119+00:00
665.0,2.09,2.11,2.2,5.0,766,0.22760782165527343,put,2026-11-30,SPY,764.2899780273438,2026-09-29T23:44:19.833119+00:00
666.0,2.12,2.15,2.3,2.0,15,0.22666178619384764,put,2026-11-30,SPY,764.2899780273438,2026-09-29T23:44:19.833119+00:00
667.0,2.15,2.18,2.13,5.0,207,0.2254716125488281,put,2026-11-30,SPY,764.2899780273438,2026-09-29T23:44:19.833119+00:00
668.0,2.19,2.21,2.12,31.0,54,0.22425092163085933,put,2026-11-30,SPY,764.2899780273438,2026-09-29T23:44:19.833119+00:00
669.0,2.22,2.25,2.42,1.0,56,0.22324385162353516,put,2026-11-30,SPY,764.2899780273438,2026-09-29T23:44:19.833119+00:00
670.0,2.26,2.28,2.39,1.0,928,0.22199264343261715,put,2026-11-30,SPY,764.2899780273438,2026-09-29T23:44:19.833119+00:00
671.0,2.29,2.32,2.09,3.0,3,0.22095505615234373,put,2026-11-30,SPY,764.2899780273438,2026-09-29T23:44:19.833119+00:00
672.0,2.33,2.35,2.31,1.0,246,0.21967333068847655,put,2026-11-30,SPY,764.2899780273438,2026-09-29T23:44:19.833119+00:00
673.0,2.36,2.39,2.41,17.0,167,0.2186357434082031,put,2026-11-30,SPY,764.2899780273438,2026-09-29T23:44:19.833119+00:00
674.0,2.4,2.43,2.68,25.0,234,0.21753712158203126,put,2026-11-30,SPY,764.2899780273438,2026-09-29T23:44:19.833119+00:00
675.0,2.44,2.46,2.59,4.0,705,0.2162248788452148,put,2026-11-30,SPY,764.2899780273438,2026-09-29T23:44:19.833119+00:00
676.0,2.48,2.51,2.41,2.0,144,0.2153398779296875,put,2026-11-30,SPY,764.2899780273438,2026-09-29T23:44:19.833119+00:00
677.0,2.52,2.55,2.74,69.0,212,0.21418022155761718,put,2026-11-30,SPY,764.2899780273438,2026-09-29T23:44:19.833119+00:00
678.0,2.56,2.59,2.57,1.0,184,0.21302056518554688,put,2026-11-30,SPY,764.2899780273438,2026-09-29T23:44:19.833119+00:00
679.0,2.6,2.63,2.54,364.0,737,0.21186090881347652,put,2026-11-30,SPY,764.2899780273438,2026-09-29T23:44:19.833119+00:00
680.0,2.64,2.67,2.69,15.0,686,0.21070125244140625,put,2026-11-30,SPY,764.2899780273438,2026-09-29T23:44:19.833119+00:00
681.0,2.69,2.72,2.78,1.0,503,0.20966366516113277,put,2026-11-30,SPY,764.2899780273438,2026-09-29T23:44:19.833119+00:00
682.0,2.73,2.76,2.78,3.0,31,0.208442974243164,put,2026-11-30,SPY,764.2899780273438,2026-09-29T23:44:19.833119+00:00
683.0,2.78,2.81,2.9,9.0,305,0.2074053869628906,put,2026-11-30,SPY,764.2899780273438,2026-09-29T23:44:19.833119+00:00
684.0,2.82,2.85,2.9,3.0,18832,0.20618469604492184,put,2026-11-30,SPY,764.2899780273438,2026-09-29T23:44:19.833119+00:00
685.0,2.87,2.9,2.91,2.0,4309,0.20508607421874997,put,2026-11-30,SPY,764.2899780273438,2026-09-29T23:44:19.833119+00:00
686.0,2.92,2.95,3.11,14.0,258,0.2039874523925781,put,2026-11-30,SPY,764.2899780273438,2026-09-29T23:44:19.833119+00:00
687.0,2.97,3.0,3.08,26.0,34,0.20288883056640622,put,2026-11-30,SPY,764.2899780273438,2026-09-29T23:44:19.833119+00:00
688.0,3.02,3.05,3.09,2.0,269,0.20172917419433595,put,2026-11-30,SPY,764.2899780273438,2026-09-29T23:44:19.833119+00:00
689.0,3.07,3.1,3.03,2.0,228,0.2005695178222656,put,2026-11-30,SPY,764.2899780273438,2026-09-29T23:44:19.833119+00:00
690.0,3.13,3.15,3.2,12.0,565,0.1994098614501953,put,2026-11-30,SPY,764.2899780273438,2026-09-29T23:44:19.833119+00:00
691.0,3.18,3.21,3.28,3.0,45,0.19837227416992187,put,2026-11-30,SPY,764.2899780273438,2026-09-29T23:44:19.833119+00:00
692.0,3.24,3.27,3.29,4.0,1136,0.19733468688964845,put,2026-11-30,SPY,764.2899780273438,2026-09-29T23:44:19.833119+00:00
693.0,3.29,3.33,3.31,2.0,103,0.1962665823364258,put,2026-11-30,SPY,764.2899780273438,2026-09-29T23:44:19.833119+00:00
694.0,3.35,3.38,3.57,2.0,95,0.1950153741455078,put,2026-11-30,SPY,764.2899780273438,2026-09-29T23:44:19.833119+00:00
695.0,3.41,3.44,3.43,4.0,568,0.19391675231933597,put,2026-11-30,SPY,764.2899780273438,2026-09-29T23:44:19.833119+00:00
696.0,3.47,3.51,3.7,2.0,16,0.19294019958496095,put,2026-11-30,SPY,764.2899780273438,2026-09-29T23:44:19.833119+00:00
697.0,3.53,3.57,3.48,1.0,174,0.19178054321289065,put,2026-11-30,SPY,764.2899780273438,2026-09-29T23:44:19.833119+00:00
698.0,3.6,3.63,3.65,34.0,261,0.19059036956787112,put,2026-11-30,SPY,764.2899780273438,2026-09-29T23:44:19.833119+00:00
699.0,3.66,3.7,4.0,4.0,113,0.1895527822875977,put,2026-11-30,SPY,764.2899780273438,2026-09-29T23:44:19.833119+00:00
700.0,3.73,3.76,3.79,315.0,5146,0.18833209136962892,put,2026-11-30,SPY,764.2899780273438,2026-09-29T23:44:19.833119+00:00
701.0,3.8,3.84,3.8,8.0,56,0.18741657318115235,put,2026-11-30,SPY,764.2899780273438,2026-09-29T23:44:19.833119+00:00
702.0,3.87,3.91,4.07,13.0,117,0.18628743408203124,put,2026-11-30,SPY,764.2899780273438,2026-09-29T23:44:19.833119+00:00
703.0,3.94,3.98,4.27,2.0,24,0.18515829498291014,put,2026-11-30,SPY,764.2899780273438,2026-09-29T23:44:19.833119+00:00
704.0,4.02,4.05,3.94,1.0,202,0.18399863861083982,put,2026-11-30,SPY,764.2899780273438,2026-09-29T23:44:19.833119+00:00
705.0,4.09,4.13,4.31,8.0,709,0.18294579269409178,put,2026-11-30,SPY,764.2899780273438,2026-09-29T23:44:19.833119+00:00
706.0,4.17,4.21,4.37,1.0,250,0.18186242950439452,put,2026-11-30,SPY,764.2899780273438,2026-09-29T23:44:19.833119+00:00
707.0,4.25,4.29,4.44,2.0,197,0.18077906631469726,put,2026-11-30,SPY,764.2899780273438,2026-09-29T23:44:19.833119+00:00
708.0,4.33,4.36,4.58,1.0,49,0.1795125994873047,put,2026-11-30,SPY,764.2899780273438,2026-09-29T23:44:19.833119+00:00
709.0,4.41,4.45,4.78,1.0,471,0.1785055294799805,put,2026-11-30,SPY,764.2899780273438,2026-09-29T23:44:19.833119+00:00
710.0,4.5,4.53,4.57,9.0,430,0.17733061447143555,put,2026-11-30,SPY,764.2899780273438,2026-09-29T23:44:19.833119+00:00
711.0,4.59,4.62,4.75,1.0,268,0.1762625099182129,put,2026-11-30,SPY,764.2899780273438,2026-09-29T23:44:19.833119+00:00
712.0,4.68,4.71,4.89,10.0,1265,0.17517914672851562,put,2026-11-30,SPY,764.2899780273438,2026-09-29T23:44:19.833119+00:00
713.0,4.77,4.81,4.93,13.0,197,0.17417207672119145,put,2026-11-30,SPY,764.2899780273438,2026-09-29T23:44:19.833119+00:00
714.0,4.86,4.9,5.11,1.0,396,0.17301242034912112,put,2026-11-30,SPY,764.2899780273438,2026-09-29T23:44:19.833119+00:00
715.0,4.96,5.0,5.27,16.0,435,0.17195957443237309,put,2026-11-30,SPY,764.2899780273438,2026-09-29T23:44:19.833119+00:00
716.0,5.06,5.1,4.86,3.0,197,0.17087621124267582,put,2026-11-30,SPY,764.2899780273438,2026-09-29T23:44:19.833119+00:00
717.0,5.16,5.2,4.75,1.0,243,0.16974707214355472,put,2026-11-30,SPY,764.2899780273438,2026-09-29T23:44:19.833119+00:00
718.0,5.27,5.3,5.53,15.0,1589,0.168602674407959,put,2026-11-30,SPY,764.2899780273438,2026-09-29T23:44:19.833119+00:00
719.0,5.37,5.41,5.65,21.0,44,0.16754982849121097,put,2026-11-30,SPY,764.2899780273438,2026-09-29T23:44:19.833119+00:00
720.0,5.48,5.52,5.84,61.0,2594,0.1664512066650391,put,2026-11-30,SPY,764.2899780273438,2026-09-29T23:44:19.833119+00:00
721.0,5.59,5.64,5.42,33.0,233,0.16544413665771485,put,2026-11-30,SPY,764.2899780273438,2026-09-29T23:44:19.833119+00:00
722.0,5.71,5.75,5.91,1.0,67,0.16428448028564452,put,2026-11-30,SPY,764.2899780273438,2026-09-29T23:44:19.833119+00:00
723.0,5.82,5.87,5.75,6.0,312,0.1632011170959473,put,2026-11-30,SPY,764.2899780273438,2026-09-29T23:44:19.833119+00:00
724.0,5.95,5.99,6.4,4.0,406,0.16208723663330077,put,2026-11-30,SPY,764.2899780273438,2026-09-29T23:44:19.833119+00:00
725.0,6.08,6.12,6.29,49.0,4262,0.16104964935302735,put,2026-11-30,SPY,764.2899780273438,2026-09-29T23:44:19.833119+00:00
726.0,6.2,6.24,6.72,25.0,506,0.1598594757080078,put,2026-11-30,SPY,764.2899780273438,2026-09-29T23:44:19.833119+00:00
727.0,6.34,6.37,6.51,4.0,20692,0.15876085388183597,put,2026-11-30,SPY,764.2899780273438,2026-09-29T23:44:19.833119+00:00
728.0,6.47,6.51,6.26,1.0,722,0.1577232666015625,put,2026-11-30,SPY,764.2899780273438,2026-09-29T23:44:19.833119+00:00
729.0,6.61,6.65,6.55,1.0,589,0.15663990341186523,put,2026-11-30,SPY,764.2899780273438,2026-09-29T23:44:19.833119+00:00
730.0,6.75,6.79,6.76,68.0,1169,0.15552602294921875,put,2026-11-30,SPY,764.2899780273438,2026-09-29T23:44:19.833119+00:00
731.0,6.9,6.93,6.84,15.0,99,0.15436636657714847,put,2026-11-30,SPY,764.2899780273438,2026-09-29T23:44:19.833119+00:00
732.0,7.05,7.09,7.14,64.0,105,0.15337455520629883,put,2026-11-30,SPY,764.2899780273438,2026-09-29T23:44:19.833119+00:00
733.0,7.2,7.24,6.94,3.0,527,0.15224541610717773,put,2026-11-30,SPY,764.2899780273438,2026-09-29T23:44:19.833119+00:00
734.0,7.36,7.4,7.27,1.0,106,0.15116205291748053,put,2026-11-30,SPY,764.2899780273438,2026-09-29T23:44:19.833119+00:00
735.0,7.52,7.56,7.74,32.0,813,0.15004817245483398,put,2026-11-30,SPY,764.2899780273438,2026-09-29T23:44:19.833119+00:00
736.0,7.69,7.73,7.73,9.0,335,0.14899532653808595,put,2026-11-30,SPY,764.2899780273438,2026-09-29T23:44:19.833119+00:00
737.0,7.86,7.9,8.05,4.0,187,0.14788144607543946,put,2026-11-30,SPY,764.2899780273438,2026-09-29T23:44:19.833119+00:00
738.0,8.03,8.08,8.18,4.0,408,0.14682860015869142,put,2026-11-30,SPY,764.2899780273438,2026-09-29T23:44:19.833119+00:00
739.0,8.21,8.26,8.65,3.0,367,0.1457299783325195,put,2026-11-30,SPY,764.2899780273438,2026-09-29T23:44:19.833119+00:00
740.0,8.4,8.44,8.44,40.0,2618,0.14457032196044922,put,2026-11-30,SPY,764.2899780273438,2026-09-29T23:44:19.833119+00:00
741.0,8.59,8.63,8.72,25.0,139,0.14347170013427735,put,2026-11-30,SPY,764.2899780273438,2026-09-29T23:44:19.833119+00:00
742.0,8.78,8.83,8.87,13.0,542,0.1424035955810547,put,2026-11-30,SPY,764.2899780273438,2026-09-29T23:44:19.833119+00:00
743.0,8.99,9.03,9.12,1.0,275,0.14130497375488282,put,2026-11-30,SPY,764.2899780273438,2026-09-29T23:44:19.833119+00:00
744.0,9.19,9.24,9.59,2.0,503,0.14023686920166017,put,2026-11-30,SPY,764.2899780273438,2026-09-29T23:44:19.833119+00:00
745.0,9.4,9.45,9.64,149.0,682,0.13910773010253907,put,2026-11-30,SPY,764.2899780273438,2026-09-29T23:44:19.833119+00:00
746.0,9.62,9.67,10.2,18.0,1021,0.1380243669128418,put,2026-11-30,SPY,764.2899780273438,2026-09-29T23:44:19.833119+00:00
747.0,9.84,9.89,9.82,22.0,242,0.1368799691772461,put,2026-11-30,SPY,764.2899780273438,2026-09-29T23:44:19.833119+00:00
748.0,10.07,10.12,10.15,11.0,440,0.1357660887145996,put,2026-11-30,SPY,764.2899780273438,2026-09-29T23:44:19.833119+00:00
749.0,10.31,10.37,10.37,2.0,454,0.13477427734375003,put,2026-11-30,SPY,764.2899780273438,2026-09-29T23:44:19.833119+00:00
750.0,10.55,10.61,10.6,44.0,3548,0.13364513824462892,put,2026-11-30,SPY,764.2899780273438,2026-09-29T23:44:19.833119+00:00
751.0,10.8,10.86,11.21,3.0,115,0.13253125778198244,put,2026-11-30,SPY,764.2899780273438,2026-09-29T23:44:19.833119+00:00
752.0,11.06,11.12,11.57,4.0,260,0.13144789459228517,put,2026-11-30,SPY,764.2899780273438,2026-09-29T23:44:19.833119+00:00
753.0,11.32,11.38,11.24,3.0,80,0.1302882382202148,put,2026-11-30,SPY,764.2899780273438,2026-09-29T23:44:19.833119+00:00
754.0,11.59,11.66,11.76,2.0,84,0.12925065093994142,put,2026-11-30,SPY,764.2899780273438,2026-09-29T23:44:19.833119+00:00
755.0,11.87,11.93,11.98,88.0,357,0.12806047729492187,put,2026-11-30,SPY,764.2899780273438,2026-09-29T23:44:19.833119+00:00
756.0,12.16,12.22,12.37,13.0,70,0.12696185546875,put,2026-11-30,SPY,764.2899780273438,2026-09-29T23:44:19.833119+00:00
757.0,12.46,12.53,12.42,1.0,366,0.1259547854614258,put,2026-11-30,SPY,764.2899780273438,2026-09-29T23:44:19.833119+00:00
758.0,12.76,12.83,12.87,8.0,208,0.12481038772583009,put,2026-11-30,SPY,764.2899780273438,2026-09-29T23:44:19.833119+00:00
759.0,13.07,13.14,12.87,3.0,215,0.12366598999023437,put,2026-11-30,SPY,764.2899780273438,2026-09-29T23:44:19.833119+00:00
760.0,13.4,13.46,13.45,282.0,2507,0.1225368508911133,put,2026-11-30,SPY,764.2899780273438,2026-09-29T23:44:19.833119+00:00
761.0,13.73,13.79,13.97,14.0,1115,0.12140771179199218,put,2026-11-30,SPY,764.2899780273438,2026-09-29T23:44:19.833119+00:00
762.0,14.07,14.14,14.17,40.0,452,0.12035486587524413,put,2026-11-30,SPY,764.2899780273438,2026-09-29T23:44:19.833119+00:00
763.0,14.42,14.49,14.7,34.0,180,0.11924098541259764,put,2026-11-30,SPY,764.2899780273438,2026-09-29T23:44:19.833119+00:00
764.0,14.78,14.85,14.97,13.0,112,0.11811184631347656,put,2026-11-30,SPY,764.2899780273438,2026-09-29T23:44:19.833119+00:00
765.0,15.15,15.22,15.15,245.0,654,0.11698270721435547,put,2026-11-30,SPY,764.2899780273438,2026-09-29T23:44:19.833119+00:00
766.0,15.54,15.61,15.84,155.0,720,0.1159298612976074,put,2026-11-30,SPY,764.2899780273438,2026-09-29T23:44:19.833119+00:00
767.0,15.93,15.99,16.3,18.0,578,0.11470917037963868,put,2026-11-30,SPY,764.2899780273438,2026-09-29T23:44:19.833119+00:00
768.0,16.34,16.4,16.67,98.0,473,0.113641065826416,put,2026-11-30,SPY,764.2899780273438,2026-09-29T23:44:19.833119+00:00
769.0,16.75,16.82,16.27,21.0,843,0.11255770263671874,put,2026-11-30,SPY,764.2899780273438,2026-09-29T23:44:19.833119+00:00
770.0,17.18,17.24,17.43,95.0,1174,0.11136752899169922,put,2026-11-30,SPY,764.2899780273438,2026-09-29T23:44:19.833119+00:00
771.0,17.62,17.69,17.94,22.0,301,0.11034520034790038,put,2026-11-30,SPY,764.2899780273438,2026-09-29T23:44:19.833119+00:00
772.0,18.07,18.14,18.55,13.0,268,0.10920080261230468,put,2026-11-30,SPY,764.2899780273438,2026-09-29T23:44:19.833119+00:00
773.0,18.54,18.6,19.51,8.0,499,0.10804114624023436,put,2026-11-30,SPY,764.2899780273438,2026-09-29T23:44:19.833119+00:00
774.0,19.02,19.08,18.9,2.0,391,0.1069425244140625,put,2026-11-30,SPY,764.2899780273438,2026-09-29T23:44:19.833119+00:00
775.0,19.51,19.57,19.77,43.0,1425,0.10581338531494139,put,2026-11-30,SPY,764.2899780273438,2026-09-29T23:44:19.833119+00:00
776.0,20.01,20.08,18.48,9.0,112,0.10474528076171874,put,2026-11-30,SPY,764.2899780273438,2026-09-29T23:44:19.833119+00:00
777.0,20.09,20.68,21.59,1.0,189,0.10431803894042967,put,2026-11-30,SPY,764.2899780273438,2026-09-29T23:44:19.833119+00:00
778.0,20.6,21.49,22.5,1.0,158,0.10556924713134765,put,2026-11-30,SPY,764.2899780273438,2026-09-29T23:44:19.833119+00:00
779.0,21.13,22.04,17.55,10.0,766,0.10453165985107421,put,2026-11-30,SPY,764.2899780273438,2026-09-29T23:44:19.833119+00:00
780.0,21.69,22.6,22.06,261.0,840,0.10344829666137695,put,2026-11-30,SPY,764.2899780273438,2026-09-29T23:44:19.833119+00:00
781.0,22.23,23.19,22.21,1.0,624,0.10250226119995115,put,2026-11-30,SPY,764.2899780273438,2026-09-29T23:44:19.833119+00:00
782.0,22.8,23.79,19.24,369.0,360,0.10152570846557615,put,2026-11-30,SPY,764.2899780273438,2026-09-29T23:44:19.833119+00:00
783.0,23.39,24.4,19.06,3.0,168,0.10051863845825196,put,2026-11-30,SPY,764.2899780273438,2026-09-29T23:44:19.833119+00:00
784.0,23.98,25.03,19.81,470.0,469,0.09955734436035156,put,2026-11-30,SPY,764.2899780273438,2026-09-29T23:44:19.833119+00:00
785.0,24.6,25.67,23.6,2.0,299,0.09856553298950196,put,2026-11-30,SPY,764.2899780273438,2026-09-29T23:44:19.833119+00:00
786.0,25.22,26.32,25.63,,65,0.09752794570922851,put,2026-11-30,SPY,764.2899780273438,2026-09-29T23:44:19.833119+00:00
787.0,25.86,26.99,26.81,1.0,1,0.0965361343383789,put,2026-11-30,SPY,764.2899780273438,2026-09-29T23:44:19.833119+00:00
788.0,26.52,27.68,27.67,40.0,281,0.09562061614990236,put,2026-11-30,SPY,764.2899780273438,2026-09-29T23:44:19.833119+00:00
789.0,27.19,28.37,28.59,31.0,32,0.09452199432373048,put,2026-11-30,SPY,764.2899780273438,2026-09-29T23:44:19.833119+00:00
790.0,27.88,29.09,28.77,2.0,301,0.09362173477172853,put,2026-11-30,SPY,764.2899780273438,2026-09-29T23:44:19.833119+00:00
791.0,28.57,29.81,30.26,,1,0.09253837158203124,put,2026-11-30,SPY,764.2899780273438,2026-09-29T23:44:19.833119+00:00
792.0,29.28,30.56,30.05,1.0,6,0.09165337066650389,put,2026-11-30,SPY,764.2899780273438,2026-09-29T23:44:19.833119+00:00
794.0,30.18,32.07,38.55,10.0,22,0.08948664428710937,put,2026-11-30,SPY,764.2899780273438,2026-09-29T23:44:19.833119+00:00
795.0,30.91,32.85,30.0,1.0,67,0.08841853973388672,put,2026-11-30,SPY,764.2899780273438,2026-09-29T23:44:19.833119+00:00
796.0,31.58,33.64,34.2,,10,0.08731991790771486,put,2026-11-30,SPY,764.2899780273438,2026-09-29T23:44:19.833119+00:00
800.0,34.59,37.97,30.76,18.0,52,0.0994657925415039,put,2026-11-30,SPY,764.2899780273438,2026-09-29T23:44:19.833119+00:00
805.0,39.06,42.55,38.54,1.0,7,0.10199872619628905,put,2026-11-30,SPY,764.2899780273438,2026-09-29T23:44:19.833119+00:00
807.0,40.78,44.39,37.53,,2,0.10273114074707031,put,2026-11-30,SPY,764.2899780273438,2026-09-29T23:44:19.833119+00:00
810.0,43.69,47.25,42.0,1.0,322,0.10520303985595703,put,2026-11-30,SPY,764.2899780273438,2026-09-29T23:44:19.833119+00:00
812.0,45.63,49.31,40.87,,0,0.10959752716064453,put,2026-11-30,SPY,764.2899780273438,2026-09-29T23:44:19.833119+00:00
813.0,46.61,50.31,41.8,2.0,0,0.11121494262695311,put,2026-11-30,SPY,764.2899780273438,2026-09-29T23:44:19.833119+00:00
814.0,47.45,51.31,42.74,,0,0.11283235809326173,put,2026-11-30,SPY,764.2899780273438,2026-09-29T23:44:19.833119+00:00
815.0,48.58,52.3,47.28,5.0,5,0.11426666992187501,put,2026-11-30,SPY,764.2899780273438,2026-09-29T23:44:19.833119+00:00
816.0,49.49,53.3,45.2,1.0,0,0.11585356811523437,put,2026-11-30,SPY,764.2899780273438,2026-09-29T23:44:19.833119+00:00
820.0,53.45,57.3,52.08,2.0,0,0.12220116088867189,put,2026-11-30,SPY,764.2899780273438,2026-09-29T23:44:19.833119+00:00
825.0,58.45,62.45,56.18,1.0,0,0.13306531005859373,put,2026-11-30,SPY,764.2899780273438,2026-09-29T23:44:19.833119+00:00
830.0,63.47,67.45,61.0,15.0,0,0.1408166973876953,put,2026-11-30,SPY,764.2899780273438,2026-09-29T23:44:19.833119+00:00
835.0,68.45,72.45,69.68,1.0,1,0.1484154983520508,put,2026-11-30,SPY,764.2899780273438,2026-09-29T23:44:19.833119+00:00
840.0,0.0,0.0,61.99,26.0,0,1.0000000000000003e-05,put,2026-11-30,SPY,764.2899780273438,2026-09-29T23:44:19.833119+00:00
845.0,74.45,77.97,110.81,1.0,0,1.0000000000000003e-05,put,2026-11-30,SPY,764.2899780273438,2026-09-29T23:44:19.833119+00:00
850.0,84.61,87.82,110.88,1.0,0,0.17862759857177735,put,2026-11-30,SPY,764.2899780273438,2026-09-29T23:44:19.833119+00:00
860.0,93.58,97.45,95.76,2.0,2,0.1846395013427734,put,2026-11-30,SPY,764.2899780273438,2026-09-29T23:44:19.833119+00:00
865.0,98.57,102.45,100.78,2.0,0,0.19159743957519532,put,2026-11-30,SPY,764.2899780273438,2026-09-29T23:44:19.833119+00:00
870.0,0.0,0.0,100.21,,0,1.0000000000000003e-05,put,2026-11-30,SPY,764.2899780273438,2026-09-29T23:44:19.833119+00:00
885.0,0.0,0.0,112.05,,0,1.0000000000000003e-05,put,2026-11-30,SPY,764.2899780273438,2026-09-29T23:44:19.833119+00:00
900.0,0.0,0.0,133.42,1.0,0,1.0000000000000003e-05,put,2026-11-30,SPY,764.2899780273438,2026-09-29T23:44:19.833119+00:00
920.0,153.45,157.45,158.41,1.0,0,0.2625195819091797,put,2026-11-30,SPY,764.2899780273438,2026-09-29T23:44:19.833119+00:00
460.0,307.44,311.53,318.54,1.0,22,0.6522861920166017,call,2026-12-31,SPY,764.2899780273438,2026-09-29T23:44:19.833119+00:00
470.0,277.2,280.59,253.11,,0,1.0000000000000003e-05,call,2026-12-31,SPY,764.2899780273438,2026-09-29T23:44:19.833119+00:00
475.0,292.87,295.99,283.28,,0,0.6161537408447266,call,2026-12-31,SPY,764.2899780273438,2026-09-29T23:44:19.833119+00:00
480.0,287.73,291.65,294.0,20.0,20,0.6115151153564455,call,2026-12-31,SPY,764.2899780273438,2026-09-29T23:44:19.833119+00:00
485.0,283.11,286.22,274.52,1.0,1,0.5995523443603517,call,2026-12-31,SPY,764.2899780273438,2026-09-29T23:44:19.833119+00:00
490.0,0.0,0.0,282.57,1.0,0,1.0000000000000003e-05,call,2026-12-31,SPY,764.2899780273438,2026-09-29T23:44:19.833119+00:00
495.0,0.0,0.0,182.97,,0,1.0000000000000003e-05,call,2026-12-31,SPY,764.2899780273438,2026-09-29T23:44:19.833119+00:00
500.0,268.03,271.98,270.59,1.0,200,0.5742840423583984,call,2026-12-31,SPY,764.2899780273438,2026-09-29T23:44:19.833119+00:00
505.0,0.0,0.0,170.06,10.0,0,1.0000000000000003e-05,call,2026-12-31,SPY,764.2899780273438,2026-09-29T23:44:19.833119+00:00
510.0,0.0,0.0,270.42,10.0,0,1.0000000000000003e-05,call,2026-12-31,SPY,764.2899780273438,2026-09-29T23:44:19.833119+00:00
515.0,232.62,236.05,234.89,2.0,2,1.0000000000000003e-05,call,2026-12-31,SPY,764.2899780273438,2026-09-29T23:44:19.833119+00:00
520.0,248.36,252.32,249.56,2.0,18,0.537937970275879,call,2026-12-31,SPY,764.2899780273438,2026-09-29T23:44:19.833119+00:00
525.0,243.44,247.39,239.76,1.0,7,0.528721753845215,call,2026-12-31,SPY,764.2899780273438,2026-09-29T23:44:19.833119+00:00
530.0,0.0,0.0,233.06,2.0,0,1.0000000000000003e-05,call,2026-12-31,SPY,764.2899780273438,2026-09-29T23:44:19.833119+00:00
535.0,233.62,237.57,230.87,1.0,2,0.5109607009887696,call,2026-12-31,SPY,764.2899780273438,2026-09-29T23:44:19.833119+00:00
540.0,228.71,232.78,233.34,1.0,22,0.5032703482055664,call,2026-12-31,SPY,764.2899780273438,2026-09-29T23:44:19.833119+00:00
545.0,219.11,222.62,223.7,3.0,4,0.4231319894409179,call,2026-12-31,SPY,764.2899780273438,2026-09-29T23:44:19.833119+00:00
550.0,0.0,0.0,232.09,1.0,0,1.0000000000000003e-05,call,2026-12-31,SPY,764.2899780273438,2026-09-29T23:44:19.833119+00:00
555.0,0.0,0.0,227.69,2.0,0,1.0000000000000003e-05,call,2026-12-31,SPY,764.2899780273438,2026-09-29T23:44:19.833119+00:00
560.0,209.1,213.2,218.54,11.0,24,0.5031177618408205,call,2026-12-31,SPY,764.2899780273438,2026-09-29T23:44:19.833119+00:00
565.0,204.21,208.3,206.16,3.0,70,0.49371844177246105,call,2026-12-31,SPY,764.2899780273438,2026-09-29T23:44:19.833119+00:00
570.0,0.0,0.0,212.43,1.0,0,1.0000000000000003e-05,call,2026-12-31,SPY,764.2899780273438,2026-09-29T23:44:19.833119+00:00
575.0,194.43,198.53,199.9,1.0,792,0.4753775607299804,call,2026-12-31,SPY,764.2899780273438,2026-09-29T23:44:19.833119+00:00
580.0,189.54,193.52,185.42,6.0,26,0.4643608251953125,call,2026-12-31,SPY,764.2899780273438,2026-09-29T23:44:19.833119+00:00
585.0,184.66,188.62,187.61,1.0,21,0.45502253967285156,call,2026-12-31,SPY,764.2899780273438,2026-09-29T23:44:19.833119+00:00
590.0,179.79,183.89,178.82,1.0,35,0.4480646014404296,call,2026-12-31,SPY,764.2899780273438,2026-09-29T23:44:19.833119+00:00
595.0,0.0,0.0,191.78,1.0,0,1.0000000000000003e-05,call,2026-12-31,SPY,764.2899780273438,2026-09-29T23:44:19.833119+00:00
600.0,170.05,174.14,175.6,1.0,441,0.4299525999450684,call,2026-12-31,SPY,764.2899780273438,2026-09-29T23:44:19.833119+00:00
605.0,165.2,169.12,168.15,1.0,2179,0.41893586441040037,call,2026-12-31,SPY,764.2899780273438,2026-09-29T23:44:19.833119+00:00
610.0,160.35,164.43,166.5,1.0,387,0.4122983575439453,call,2026-12-31,SPY,764.2899780273438,2026-09-29T23:44:19.833119+00:00
615.0,155.5,159.47,155.33,1.0,205,0.4020750711059571,call,2026-12-31,SPY,764.2899780273438,2026-09-29T23:44:19.833119+00:00
620.0,150.67,154.72,159.66,1.0,268,0.3945067874145508,call,2026-12-31,SPY,764.2899780273438,2026-09-29T23:44:19.833119+00:00
621.0,0.0,0.0,148.58,1.0,0,1.0000000000000003e-05,call,2026-12-31,SPY,764.2899780273438,2026-09-29T23:44:19.833119+00:00
622.0,0.0,0.0,147.68,1.0,0,1.0000000000000003e-05,call,2026-12-31,SPY,764.2899780273438,2026-09-29T23:44:19.833119+00:00
623.0,0.0,0.0,146.9,1.0,0,1.0000000000000003e-05,call,2026-12-31,SPY,764.2899780273438,2026-09-29T23:44:19.833119+00:00
624.0,144.94,148.4,137.76,1.0,785,0.3561465753173828,call,2026-12-31,SPY,764.2899780273438,2026-09-29T23:44:19.833119+00:00
625.0,146.03,149.7,145.4,2.0,78,0.38355108642578123,call,2026-12-31,SPY,764.2899780273438,2026-09-29T23:44:19.833119+00:00
626.0,0.0,0.0,143.8,1.0,0,1.0000000000000003e-05,call,2026-12-31,SPY,764.2899780273438,2026-09-29T23:44:19.833119+00:00
627.0,0.0,0.0,143.61,2.0,0,1.0000000000000003e-05,call,2026-12-31,SPY,764.2899780273438,2026-09-29T23:44:19.833119+00:00
628.0,143.14,147.0,145.51,2.0,179,0.3807434973144531,call,2026-12-31,SPY,764.2899780273438,2026-09-29T23:44:19.833119+00:00
629.0,0.0,0.0,152.97,1.0,0,1.0000000000000003e-05,call,2026-12-31,SPY,764.2899780273438,2026-09-29T23:44:19.833119+00:00
630.0,0.0,0.0,149.79,10.0,0,1.0000000000000003e-05,call,2026-12-31,SPY,764.2899780273438,2026-09-29T23:44:19.833119+00:00
631.0,0.0,0.0,139.73,1.0,0,1.0000000000000003e-05,call,2026-12-31,SPY,764.2899780273438,2026-09-29T23:44:19.833119+00:00
632.0,141.32,144.51,128.67,4.0,6,0.3896392823791504,call,2026-12-31,SPY,764.2899780273438,2026-09-29T23:44:19.833119+00:00
633.0,138.33,142.18,133.6,1.0,32,0.3721376263427735,call,2026-12-31,SPY,764.2899780273438,2026-09-29T23:44:19.833119+00:00
634.0,137.37,141.03,144.95,3.0,5,0.3682314154052735,call,2026-12-31,SPY,764.2899780273438,2026-09-29T23:44:19.833119+00:00
635.0,136.41,140.26,133.98,2.0,50,0.3687807263183594,call,2026-12-31,SPY,764.2899780273438,2026-09-29T23:44:19.833119+00:00
636.0,137.56,140.76,121.71,2.0,33,0.38362737960815424,call,2026-12-31,SPY,764.2899780273438,2026-09-29T23:44:19.833119+00:00
637.0,123.0,126.52,111.3,2.0,14,1.0000000000000003e-05,call,2026-12-31,SPY,764.2899780273438,2026-09-29T23:44:19.833119+00:00
638.0,138.96,142.49,120.33,1.0,4,0.41870698486328123,call,2026-12-31,SPY,764.2899780273438,2026-09-29T23:44:19.833119+00:00
639.0,132.57,136.42,136.94,6.0,22,0.36200589172363284,call,2026-12-31,SPY,764.2899780273438,2026-09-29T23:44:19.833119+00:00
640.0,131.61,135.46,142.47,1.0,346,0.3602969244384765,call,2026-12-31,SPY,764.2899780273438,2026-09-29T23:44:19.833119+00:00
641.0,0.0,0.0,145.58,1.0,0,1.0000000000000003e-05,call,2026-12-31,SPY,764.2899780273438,2026-09-29T23:44:19.833119+00:00
642.0,129.69,133.55,139.9,19.0,57,0.3570010589599609,call,2026-12-31,SPY,764.2899780273438,2026-09-29T23:44:19.833119+00:00
643.0,0.0,0.0,139.39,5.0,0,1.0000000000000003e-05,call,2026-12-31,SPY,764.2899780273438,2026-09-29T23:44:19.833119+00:00
644.0,116.99,120.51,98.1,1.0,0,0.1554039538574219,call,2026-12-31,SPY,764.2899780273438,2026-09-29T23:44:19.833119+00:00
645.0,126.83,130.68,137.71,2.0,59,0.3519809675598144,call,2026-12-31,SPY,764.2899780273438,2026-09-29T23:44:19.833119+00:00
646.0,124.97,128.43,109.11,1.0,14,0.33576103698730464,call,2026-12-31,SPY,764.2899780273438,2026-09-29T23:44:19.833119+00:00
647.0,130.44,133.96,126.25,1.0,17,0.40238024383544924,call,2026-12-31,SPY,764.2899780273438,2026-09-29T23:44:19.833119+00:00
648.0,123.96,127.69,135.04,10.0,33,0.34561811614990234,call,2026-12-31,SPY,764.2899780273438,2026-09-29T23:44:19.833119+00:00
649.0,0.0,0.0,137.2,2.0,0,1.0000000000000003e-05,call,2026-12-31,SPY,764.2899780273438,2026-09-29T23:44:19.833119+00:00
650.0,122.05,125.76,121.23,3.0,673,0.34204759521484374,call,2026-12-31,SPY,764.2899780273438,2026-09-29T23:44:19.833119+00:00
651.0,123.59,126.79,118.6,100.0,74,0.36131925308227536,call,2026-12-31,SPY,764.2899780273438,2026-09-29T23:44:19.833119+00:00
652.0,120.15,124.0,124.58,1.0,8,0.34030811065673827,call,2026-12-31,SPY,764.2899780273438,2026-09-29T23:44:19.833119+00:00
653.0,119.2,123.05,123.76,1.0,6,0.3386906951904296,call,2026-12-31,SPY,764.2899780273438,2026-09-29T23:44:19.833119+00:00
654.0,103.96,107.29,106.61,6.0,8,1.0000000000000003e-05,call,2026-12-31,SPY,764.2899780273438,2026-09-29T23:44:19.833119+00:00
655.0,117.3,121.05,109.02,50.0,193,0.334341983795166,call,2026-12-31,SPY,764.2899780273438,2026-09-29T23:44:19.833119+00:00
656.0,117.66,119.68,111.5,1.0,11,0.3282537878417968,call,2026-12-31,SPY,764.2899780273438,2026-09-29T23:44:19.833119+00:00
657.0,115.4,119.26,125.04,1.0,9,0.33219051605224614,call,2026-12-31,SPY,764.2899780273438,2026-09-29T23:44:19.833119+00:00
658.0,120.09,123.61,95.62,2.0,10,0.38278815460205073,call,2026-12-31,SPY,764.2899780273438,2026-09-29T23:44:19.833119+00:00
659.0,0.0,0.0,123.49,1.0,0,1.0000000000000003e-05,call,2026-12-31,SPY,764.2899780273438,2026-09-29T23:44:19.833119+00:00
660.0,112.56,116.28,116.48,1.0,119,0.3258734405517578,call,2026-12-31,SPY,764.2899780273438,2026-09-29T23:44:19.833119+00:00
661.0,111.6,115.03,98.58,2.0,13,0.3211127459716796,call,2026-12-31,SPY,764.2899780273438,2026-09-29T23:44:19.833119+00:00
662.0,110.72,114.14,104.43,2.0,9,0.3200751586914062,call,2026-12-31,SPY,764.2899780273438,2026-09-29T23:44:19.833119+00:00
663.0,109.73,113.5,110.48,5.0,16,0.3215705050659179,call,2026-12-31,SPY,764.2899780273438,2026-09-29T23:44:19.833119+00:00
664.0,0.0,0.0,116.63,1.0,0,1.0000000000000003e-05,call,2026-12-31,SPY,764.2899780273438,2026-09-29T23:44:19.833119+00:00
665.0,107.84,111.58,100.27,4.0,275,0.31801524276733395,call,2026-12-31,SPY,764.2899780273438,2026-09-29T23:44:19.833119+00:00
666.0,106.9,110.76,103.66,1.0,9,0.3176185182189941,call,2026-12-31,SPY,764.2899780273438,2026-09-29T23:44:19.833119+00:00
667.0,105.96,109.72,110.87,1.0,19,0.3150245500183105,call,2026-12-31,SPY,764.2899780273438,2026-09-29T23:44:19.833119+00:00
668.0,105.44,108.86,91.32,2.0,23,0.3142158422851562,call,2026-12-31,SPY,764.2899780273438,2026-09-29T23:44:19.833119+00:00
669.0,107.04,110.26,100.0,2.0,213,0.3351201742553711,call,2026-12-31,SPY,764.2899780273438,2026-09-29T23:44:19.833119+00:00
670.0,103.15,106.89,110.0,5.0,626,0.31011126907348635,call,2026-12-31,SPY,764.2899780273438,2026-09-29T23:44:19.833119+00:00
671.0,102.21,105.97,93.14,24.0,240,0.30869221588134765,call,2026-12-31,SPY,764.2899780273438,2026-09-29T23:44:19.833119+00:00
672.0,101.95,105.42,86.78,1.0,8,0.31082842498779295,call,2026-12-31,SPY,764.2899780273438,2026-09-29T23:44:19.833119+00:00
673.0,103.4,106.63,94.73,2.0,9,0.3293981855773925,call,2026-12-31,SPY,764.2899780273438,2026-09-29T23:44:19.833119+00:00
674.0,102.5,105.73,97.65,1.0,12,0.3280096496582031,call,2026-12-31,SPY,764.2899780273438,2026-09-29T23:44:19.833119+00:00
675.0,98.47,102.21,100.09,2.0,757,0.30216151947021486,call,2026-12-31,SPY,764.2899780273438,2026-09-29T23:44:19.833119+00:00
676.0,103.34,106.87,99.4,1.0,62,0.3514163980102538,call,2026-12-31,SPY,764.2899780273438,2026-09-29T23:44:19.833119+00:00
677.0,0.0,0.0,111.54,1.0,0,1.0000000000000003e-05,call,2026-12-31,SPY,764.2899780273438,2026-09-29T23:44:19.833119+00:00
678.0,95.68,99.46,97.08,2.0,166,0.2978585839843749,call,2026-12-31,SPY,764.2899780273438,2026-09-29T23:44:19.833119+00:00
679.0,94.75,98.49,105.65,1.0,13,0.295905478515625,call,2026-12-31,SPY,764.2899780273438,2026-09-29T23:44:19.833119+00:00
680.0,93.82,97.6,96.62,3.0,995,0.2947000462341308,call,2026-12-31,SPY,764.2899780273438,2026-09-29T23:44:19.833119+00:00
681.0,92.89,96.66,103.25,3.0,135,0.29300633758544914,call,2026-12-31,SPY,764.2899780273438,2026-09-29T23:44:19.833119+00:00
682.0,91.97,95.75,101.53,88.0,56,0.29160254302978506,call,2026-12-31,SPY,764.2899780273438,2026-09-29T23:44:19.833119+00:00
683.0,91.04,94.83,91.71,1.0,23,0.2900919380187988,call,2026-12-31,SPY,764.2899780273438,2026-09-29T23:44:19.833119+00:00
684.0,0.0,0.0,104.6,1.0,0,1.0000000000000003e-05,call,2026-12-31,SPY,764.2899780273438,2026-09-29T23:44:19.833119+00:00
685.0,89.2,92.99,98.98,1.0,436,0.2870402107238769,call,2026-12-31,SPY,764.2899780273438,2026-09-29T23:44:19.833119+00:00
686.0,91.67,94.96,78.89,4.0,113,0.3110115286254882,call,2026-12-31,SPY,764.2899780273438,2026-09-29T23:44:19.833119+00:00
687.0,87.36,91.13,92.72,1.0,109,0.2837901211547851,call,2026-12-31,SPY,764.2899780273438,2026-09-29T23:44:19.833119+00:00
688.0,89.89,93.18,77.64,2.0,75,0.30818868087768553,call,2026-12-31,SPY,764.2899780273438,2026-09-29T23:44:19.833119+00:00
689.0,85.52,89.32,92.23,1.0,119,0.2809367561340332,call,2026-12-31,SPY,764.2899780273438,2026-09-29T23:44:19.833119+00:00
690.0,84.61,88.35,89.0,3.0,339,0.27892261611938474,call,2026-12-31,SPY,764.2899780273438,2026-09-29T23:44:19.833119+00:00
691.0,0.0,0.0,99.81,2.0,0,1.0000000000000003e-05,call,2026-12-31,SPY,764.2899780273438,2026-09-29T23:44:19.833119+00:00
692.0,82.78,86.52,93.39,1.0,144,0.2758556301879882,call,2026-12-31,SPY,764.2899780273438,2026-09-29T23:44:19.833119+00:00
693.0,81.87,85.69,84.56,1.0,57,0.275046922454834,call,2026-12-31,SPY,764.2899780273438,2026-09-29T23:44:19.833119+00:00
694.0,0.0,0.0,96.7,2.0,0,1.0000000000000003e-05,call,2026-12-31,SPY,764.2899780273438,2026-09-29T23:44:19.833119+00:00
695.0,80.05,83.8,92.0,2.0,255,0.27140010833740236,call,2026-12-31,SPY,764.2899780273438,2026-09-29T23:44:19.833119+00:00
696.0,79.14,82.88,83.65,1.0,861,0.26978269287109374,call,2026-12-31,SPY,764.2899780273438,2026-09-29T23:44:19.833119+00:00
697.0,0.0,0.0,90.28,1.0,0,1.0000000000000003e-05,call,2026-12-31,SPY,764.2899780273438,2026-09-29T23:44:19.833119+00:00
698.0,77.33,81.19,82.31,1.0,172,0.2677838114929199,call,2026-12-31,SPY,764.2899780273438,2026-09-29T23:44:19.833119+00:00
699.0,76.43,80.17,69.71,1.0,257,0.2652966537475586,call,2026-12-31,SPY,764.2899780273438,2026-09-29T23:44:19.833119+00:00
700.0,75.53,79.39,78.77,2.0,1611,0.2648083773803711,call,2026-12-31,SPY,764.2899780273438,2026-09-29T23:44:19.833119+00:00
701.0,74.63,78.38,81.33,2.0,209,0.26238225418090827,call,2026-12-31,SPY,764.2899780273438,2026-09-29T23:44:19.833119+00:00
702.0,73.74,77.47,74.66,1.0,551,0.2607953559875488,call,2026-12-31,SPY,764.2899780273438,2026-09-29T23:44:19.833119+00:00
703.0,72.84,76.66,73.8,1.0,278,0.2600171655273438,call,2026-12-31,SPY,764.2899780273438,2026-09-29T23:44:19.833119+00:00
704.0,78.1,81.52,87.43,2.0,325,0.30438928039550783,call,2026-12-31,SPY,764.2899780273438,2026-09-29T23:44:19.833119+00:00
705.0,71.06,74.77,76.76,3.0,575,0.25620250640869147,call,2026-12-31,SPY,764.2899780273438,2026-09-29T23:44:19.833119+00:00
706.0,70.17,73.89,77.22,3.0,23,0.2547987118530274,call,2026-12-31,SPY,764.2899780273438,2026-09-29T23:44:19.833119+00:00
707.0,69.28,73.05,63.15,28.0,132,0.2537306072998047,call,2026-12-31,SPY,764.2899780273438,2026-09-29T23:44:19.833119+00:00
708.0,68.59,72.25,76.94,2.0,182,0.2529524168395996,call,2026-12-31,SPY,764.2899780273438,2026-09-29T23:44:19.833119+00:00
709.0,67.51,71.36,73.89,1.0,14,0.25144181182861325,call,2026-12-31,SPY,764.2899780273438,2026-09-29T23:44:19.833119+00:00
710.0,66.63,70.36,69.6,1.0,270,0.249030947265625,call,2026-12-31,SPY,764.2899780273438,2026-09-29T23:44:19.833119+00:00
711.0,65.75,69.61,62.43,2.0,179,0.24860370544433597,call,2026-12-31,SPY,764.2899780273438,2026-09-29T23:44:19.833119+00:00
712.0,64.87,68.73,64.97,2.0,11,0.24713887634277343,call,2026-12-31,SPY,764.2899780273438,2026-09-29T23:44:19.833119+00:00
713.0,64.0,67.85,63.0,2.0,33,0.24565878860473633,call,2026-12-31,SPY,764.2899780273438,2026-09-29T23:44:19.833119+00:00
714.0,63.12,66.98,63.05,2.0,55,0.2442397354125977,call,2026-12-31,SPY,764.2899780273438,2026-09-29T23:44:19.833119+00:00
715.0,62.25,66.1,70.53,4.0,1134,0.2427138717651367,call,2026-12-31,SPY,764.2899780273438,2026-09-29T23:44:19.833119+00:00
716.0,61.38,65.11,62.1,2.0,45,0.24034878311157226,call,2026-12-31,SPY,764.2899780273438,2026-09-29T23:44:19.833119+00:00
717.0,60.52,64.25,59.36,2.0,41,0.2389602471923828,call,2026-12-31,SPY,764.2899780273438,2026-09-29T23:44:19.833119+00:00
718.0,59.65,63.38,61.72,1.0,238,0.23749541809082028,call,2026-12-31,SPY,764.2899780273438,2026-09-29T23:44:19.833119+00:00
719.0,58.79,62.64,61.19,2.0,76,0.23699188308715818,call,2026-12-31,SPY,764.2899780273438,2026-09-29T23:44:19.833119+00:00
720.0,57.96,61.76,60.08,5.0,2065,0.2354049848937988,call,2026-12-31,SPY,764.2899780273438,2026-09-29T23:44:19.833119+00:00
721.0,57.08,60.81,57.42,4.0,79,0.2332840344238281,call,2026-12-31,SPY,764.2899780273438,2026-09-29T23:44:19.833119+00:00
722.0,56.23,60.05,57.65,1.0,199,0.23258213714599607,call,2026-12-31,SPY,764.2899780273438,2026-09-29T23:44:19.833119+00:00
723.0,55.38,59.1,56.26,3.0,47,0.23043066940307616,call,2026-12-31,SPY,764.2899780273438,2026-09-29T23:44:19.833119+00:00
724.0,54.53,58.24,55.6,4.0,242,0.22895058166503907,call,2026-12-31,SPY,764.2899780273438,2026-09-29T23:44:19.833119+00:00
725.0,53.87,57.4,55.38,3.0,380,0.22759256301879882,call,2026-12-31,SPY,764.2899780273438,2026-09-29T23:44:19.833119+00:00
727.0,53.53,54.24,59.71,2.0,1,0.21395134201049804,call,2026-12-31,SPY,764.2899780273438,2026-09-29T23:44:19.833119+00:00
730.0,51.06,51.76,51.91,2.0,855,0.21012142425537106,call,2026-12-31,SPY,764.2899780273438,2026-09-29T23:44:19.833119+00:00
735.0,46.96,47.68,46.46,45.0,1973,0.20371279693603517,call,2026-12-31,SPY,764.2899780273438,2026-09-29T23:44:19.833119+00:00
740.0,42.97,43.67,43.2,165.0,1506,0.19724313507080077,call,2026-12-31,SPY,764.2899780273438,2026-09-29T23:44:19.833119+00:00
743.0,40.63,41.34,40.67,2.0,29,0.19361157958984376,call,2026-12-31,SPY,764.2899780273438,2026-09-29T23:44:19.833119+00:00
745.0,39.1,39.8,39.36,148.0,1471,0.19115493911743164,call,2026-12-31,SPY,764.2899780273438,2026-09-29T23:44:19.833119+00:00
750.0,35.35,36.02,35.59,144.0,3264,0.1849980792999267,call,2026-12-31,SPY,764.2899780273438,2026-09-29T23:44:19.833119+00:00
755.0,31.73,32.41,31.91,1.0,1163,0.17925320266723632,call,2026-12-31,SPY,764.2899780273438,2026-09-29T23:44:19.833119+00:00
759.0,28.93,29.62,31.85,,1,0.17471375831604005,call,2026-12-31,SPY,764.2899780273438,2026-09-29T23:44:19.833119+00:00
760.0,28.26,28.92,28.55,14.0,4566,0.17348543807983396,call,2026-12-31,SPY,764.2899780273438,2026-09-29T23:44:19.833119+00:00
761.0,27.58,28.25,29.15,2.0,3,0.17240207489013676,call,2026-12-31,SPY,764.2899780273438,2026-09-29T23:44:19.833119+00:00
762.0,26.91,27.58,26.13,4.0,2,0.17129582374572752,call,2026-12-31,SPY,764.2899780273438,2026-09-29T23:44:19.833119+00:00
764.0,25.6,26.08,25.64,16.0,6,0.1679312944030762,call,2026-12-31,SPY,764.2899780273438,2026-09-29T23:44:19.833119+00:00
765.0,24.98,25.5,25.25,115.0,1670,0.1672904316711426,call,2026-12-31,SPY,764.2899780273438,2026-09-29T23:44:19.833119+00:00
766.0,24.33,24.99,24.11,456.0,20,0.16706155212402346,call,2026-12-31,SPY,764.2899780273438,2026-09-29T23:44:19.833119+00:00
767.0,24.02,24.08,23.89,69.0,13,0.16422344573974612,call,2026-12-31,SPY,764.2899780273438,2026-09-29T23:44:19.833119+00:00
768.0,23.4,23.46,22.39,24.0,45,0.1632011170959473,call,2026-12-31,SPY,764.2899780273438,2026-09-29T23:44:19.833119+00:00
769.0,22.79,22.85,22.84,67.0,16,0.16220930572509767,call,2026-12-31,SPY,764.2899780273438,2026-09-29T23:44:19.833119+00:00
770.0,22.19,22.24,22.32,63.0,1902,0.1611717184448242,call,2026-12-31,SPY,764.2899780273438,2026-09-29T23:44:19.833119+00:00
771.0,21.59,21.65,21.4,29.0,5,0.16022568298339845,call,2026-12-31,SPY,764.2899780273438,2026-09-29T23:44:19.833119+00:00
772.0,21.0,21.06,20.62,1.0,2,0.15924150093078612,call,2026-12-31,SPY,764.2899780273438,2026-09-29T23:44:19.833119+00:00
773.0,20.43,20.49,20.31,255.0,10,0.15833361206054689,call,2026-12-31,SPY,764.2899780273438,2026-09-29T23:44:19.833119+00:00
775.0,19.3,19.35,19.03,196.0,3253,0.15639576522827148,call,2026-12-31,SPY,764.2899780273438,2026-09-29T23:44:19.833119+00:00
776.0,18.75,18.81,20.95,,1,0.15555654022216797,call,2026-12-31,SPY,764.2899780273438,2026-09-29T23:44:19.833119+00:00
777.0,18.2,18.26,17.48,1.0,259,0.15461050476074223,call,2026-12-31,SPY,764.2899780273438,2026-09-29T23:44:19.833119+00:00
778.0,17.67,17.73,17.39,20.0,2,0.15374076248168944,call,2026-12-31,SPY,764.2899780273438,2026-09-29T23:44:19.833119+00:00
780.0,16.64,16.69,16.6,289.0,2646,0.1519860192871094,call,2026-12-31,SPY,764.2899780273438,2026-09-29T23:44:19.833119+00:00
781.0,16.13,16.19,15.23,15.0,3,0.15116968223571783,call,2026-12-31,SPY,764.2899780273438,2026-09-29T23:44:19.833119+00:00
784.0,14.68,14.73,14.67,69.0,22,0.14869015380859374,call,2026-12-31,SPY,764.2899780273438,2026-09-29T23:44:19.833119+00:00
785.0,14.21,14.27,14.08,175.0,1693,0.1479424806213379,call,2026-12-31,SPY,764.2899780273438,2026-09-29T23:44:19.833119+00:00
786.0,13.76,13.81,13.07,21.0,28,0.1471490315246582,call,2026-12-31,SPY,764.2899780273438,2026-09-29T23:44:19.833119+00:00
787.0,13.31,13.37,13.38,1.0,20,0.14643187561035154,call,2026-12-31,SPY,764.2899780273438,2026-09-29T23:44:19.833119+00:00
789.0,12.45,12.5,12.06,1.0,2,0.14492127059936522,call,2026-12-31,SPY,764.2899780273438,2026-09-29T23:44:19.833119+00:00
790.0,12.04,12.09,11.94,82.0,2787,0.1442498905944824,call,2026-12-31,SPY,764.2899780273438,2026-09-29T23:44:19.833119+00:00
794.0,10.47,10.52,11.5,3.0,3,0.1415643705749512,call,2026-12-31,SPY,764.2899780273438,2026-09-29T23:44:19.833119+00:00
795.0,10.11,10.16,10.12,1.0,1438,0.14098454238891606,call,2026-12-31,SPY,764.2899780273438,2026-09-29T23:44:19.833119+00:00
796.0,9.75,9.8,9.21,2.0,12,0.14035893829345703,call,2026-12-31,SPY,764.2899780273438,2026-09-29T23:44:19.833119+00:00
798.0,9.06,9.12,9.39,1.0,2,0.13922979919433598,call,2026-12-31,SPY,764.2899780273438,2026-09-29T23:44:19.833119+00:00
799.0,8.73,8.78,8.52,18.0,5,0.13857367782592772,call,2026-12-31,SPY,764.2899780273438,2026-09-29T23:44:19.833119+00:00
800.0,8.42,8.46,8.46,547.0,7636,0.1380243669128418,call,2026-12-31,SPY,764.2899780273438,2026-09-29T23:44:19.833119+00:00
802.0,7.81,7.85,7.32,58.0,14,0.13697152099609378,call,2026-12-31,SPY,764.2899780273438,2026-09-29T23:44:19.833119+00:00
803.0,7.52,7.56,7.48,20.0,4,0.13649850326538088,call,2026-12-31,SPY,764.2899780273438,2026-09-29T23:44:19.833119+00:00
805.0,6.96,7.0,6.93,1226.0,1520,0.1355066918945313,call,2026-12-31,SPY,764.2899780273438,2026-09-29T23:44:19.833119+00:00
806.0,6.69,6.74,6.16,1.0,2,0.13510996734619146,call,2026-12-31,SPY,764.2899780273438,2026-09-29T23:44:19.833119+00:00
808.0,6.18,6.23,5.69,1.0,1,0.13420970779418945,call,2026-12-31,SPY,764.2899780273438,2026-09-29T23:44:19.833119+00:00
810.0,5.72,5.75,5.7,18.0,2956,0.13333996551513672,call,2026-12-31,SPY,764.2899780273438,2026-09-29T23:44:19.833119+00:00
815.0,4.66,4.69,4.63,76.0,3937,0.13144789459228517,call,2026-12-31,SPY,764.2899780273438,2026-09-29T23:44:19.833119+00:00
816.0,4.48,4.5,5.43,86.0,91,0.13111220458984374,call,2026-12-31,SPY,764.2899780273438,2026-09-29T23:44:19.833119+00:00
818.0,4.11,4.15,3.73,1.0,452,0.130593410949707,call,2026-12-31,SPY,764.2899780273438,2026-09-29T23:44:19.833119+00:00
819.0,3.94,3.97,3.98,259.0,56,0.13018142776489255,call,2026-12-31,SPY,764.2899780273438,2026-09-29T23:44:19.833119+00:00
820.0,3.78,3.81,3.74,164.0,2278,0.1299372895812988,call,2026-12-31,SPY,764.2899780273438,2026-09-29T23:44:19.833119+00:00
821.0,3.61,3.65,5.0,6.0,6,0.12963211685180664,call,2026-12-31,SPY,764.2899780273438,2026-09-29T23:44:19.833119+00:00
823.0,3.32,3.35,3.23,23.0,98,0.1290980645751953,call,2026-12-31,SPY,764.2899780273438,2026-09-29T23:44:19.833119+00:00
825.0,3.04,3.07,3.01,63.0,3426,0.12856401229858394,call,2026-12-31,SPY,764.2899780273438,2026-09-29T23:44:19.833119+00:00
828.0,2.66,2.69,3.24,1.0,1,0.12784685638427734,call,2026-12-31,SPY,764.2899780273438,2026-09-29T23:44:19.833119+00:00
830.0,2.43,2.46,2.41,65.0,3185,0.12740435592651367,call,2026-12-31,SPY,764.2899780273438,2026-09-29T23:44:19.833119+00:00
835.0,1.94,1.96,1.94,26.0,3344,0.12641254455566403,call,2026-12-31,SPY,764.2899780273438,2026-09-29T23:44:19.833119+00:00
836.0,1.85,1.88,1.66,1.0,1,0.1263820272827148,call,2026-12-31,SPY,764.2899780273438,2026-09-29T23:44:19.833119+00:00
837.0,1.77,1.79,1.86,2.0,2,0.12610737182617188,call,2026-12-31,SPY,764.2899780273438,2026-09-29T23:44:19.833119+00:00
840.0,1.54,1.56,1.43,35.0,2273,0.12571064727783204,call,2026-12-31,SPY,764.2899780273438,2026-09-29T23:44:19.833119+00:00
841.0,1.47,1.49,2.21,1.0,1,0.1255885781860352,call,2026-12-31,SPY,764.2899780273438,2026-09-29T23:44:19.833119+00:00
845.0,1.22,1.25,1.21,78.0,1441,0.12543599182128906,call,2026-12-31,SPY,764.2899780273438,2026-09-29T23:44:19.833119+00:00
850.0,0.98,0.99,0.98,47.0,12178,0.12503926727294923,call,2026-12-31,SPY,764.2899780273438,2026-09-29T23:44:19.833119+00:00
855.0,0.78,0.8,0.79,22.0,1967,0.1253139227294922,call,2026-12-31,SPY,764.2899780273438,2026-09-29T23:44:19.833119+00:00
860.0,0.63,0.64,0.75,38.0,3390,0.12543599182128906,call,2026-12-31,SPY,764.2899780273438,2026-09-29T23:44:19.833119+00:00
865.0,0.51,0.52,0.5,9.0,1422,0.125985302734375,call,2026-12-31,SPY,764.2899780273438,2026-09-29T23:44:19.833119+00:00
870.0,0.42,0.43,0.42,13.0,1786,0.12683978637695312,call,2026-12-31,SPY,764.2899780273438,2026-09-29T23:44:19.833119+00:00
875.0,0.34,0.36,0.35,4.0,722,0.12806047729492187,call,2026-12-31,SPY,764.2899780273438,2026-09-29T23:44:19.833119+00:00
880.0,0.29,0.3,0.29,53.0,565,0.12915909912109375,call,2026-12-31,SPY,764.2899780273438,2026-09-29T23:44:19.833119+00:00
885.0,0.24,0.26,0.22,2.0,1264,0.13086806640624998,call,2026-12-31,SPY,764.2899780273438,2026-09-29T23:44:19.833119+00:00
890.0,0.21,0.22,0.23,1.0,682,0.13221082641601564,call,2026-12-31,SPY,764.2899780273438,2026-09-29T23:44:19.833119+00:00
895.0,0.18,0.19,0.17,8.0,1019,0.133797724609375,call,2026-12-31,SPY,764.2899780273438,2026-09-29T23:44:19.833119+00:00
900.0,0.16,0.17,0.15,50.0,9104,0.13599496826171875,call,2026-12-31,SPY,764.2899780273438,2026-09-29T23:44:19.833119+00:00
905.0,0.14,0.15,0.31,7.0,492,0.1378260046386719,call,2026-12-31,SPY,764.2899780273438,2026-09-29T23:44:19.833119+00:00
910.0,0.12,0.13,0.13,4.0,734,0.13941290283203128,call,2026-12-31,SPY,764.2899780273438,2026-09-29T23:44:19.833119+00:00
915.0,0.11,0.12,0.12,1.0,553,0.14185428466796873,call,2026-12-31,SPY,764.2899780273438,2026-09-29T23:44:19.833119+00:00
920.0,0.1,0.11,0.09,10.0,417,0.14405152832031248,call,2026-12-31,SPY,764.2899780273438,2026-09-29T23:44:19.833119+00:00
925.0,0.09,0.1,0.18,1.0,303,0.14624877197265623,call,2026-12-31,SPY,764.2899780273438,2026-09-29T23:44:19.833119+00:00
930.0,0.08,0.09,0.12,1.0,262,0.14820187744140628,call,2026-12-31,SPY,764.2899780273438,2026-09-29T23:44:19.833119+00:00
935.0,0.07,0.08,0.07,20.0,165,0.14991084472656252,call,2026-12-31,SPY,764.2899780273438,2026-09-29T23:44:19.833119+00:00
940.0,0.06,0.08,0.07,16.0,697,0.15332877929687502,call,2026-12-31,SPY,764.2899780273438,2026-09-29T23:44:19.833119+00:00
460.0,0.48,0.49,0.52,37.0,2056,0.436529072265625,put,2026-12-31,SPY,764.2899780273438,2026-09-29T23:44:19.833119+00:00
465.0,0.5,0.51,0.77,1.0,305,0.43030354858398445,put,2026-12-31,SPY,764.2899780273438,2026-09-29T23:44:19.833119+00:00
470.0,0.53,0.54,0.6,4.0,55,0.4250545776367188,put,2026-12-31,SPY,764.2899780273438,2026-09-29T23:44:19.833119+00:00
475.0,0.55,0.57,0.56,1.0,704,0.41992767578125,put,2026-12-31,SPY,764.2899780273438,2026-09-29T23:44:19.833119+00:00
480.0,0.58,0.59,0.63,8.0,16168,0.41345801391601555,put,2026-12-31,SPY,764.2899780273438,2026-09-29T23:44:19.833119+00:00
485.0,0.61,0.62,0.62,1.0,344,0.40796490478515623,put,2026-12-31,SPY,764.2899780273438,2026-09-29T23:44:19.833119+00:00
490.0,0.64,0.65,0.63,45.0,7598,0.4023497265625,put,2026-12-31,SPY,764.2899780273438,2026-09-29T23:44:19.833119+00:00
495.0,0.67,0.68,0.69,10.0,183,0.3967345483398438,put,2026-12-31,SPY,764.2899780273438,2026-09-29T23:44:19.833119+00:00
500.0,0.7,0.72,0.74,9.0,1397,0.39172971557617187,put,2026-12-31,SPY,764.2899780273438,2026-09-29T23:44:19.833119+00:00
505.0,0.74,0.75,0.8,2.0,373,0.38587039916992183,put,2026-12-31,SPY,764.2899780273438,2026-09-29T23:44:19.833119+00:00
510.0,0.77,0.79,0.81,160.0,798,0.3806214282226562,put,2026-12-31,SPY,764.2899780273438,2026-09-29T23:44:19.833119+00:00
515.0,0.81,0.82,0.84,4.0,115,0.3745179736328125,put,2026-12-31,SPY,764.2899780273438,2026-09-29T23:44:19.833119+00:00
520.0,0.85,0.86,0.9,1.0,941,0.36914693359375,put,2026-12-31,SPY,764.2899780273438,2026-09-29T23:44:19.833119+00:00
525.0,0.89,0.9,0.95,6.0,714,0.3635317553710938,put,2026-12-31,SPY,764.2899780273438,2026-09-29T23:44:19.833119+00:00
530.0,0.93,0.94,0.94,463.0,805,0.3579165771484375,put,2026-12-31,SPY,764.2899780273438,2026-09-29T23:44:19.833119+00:00
535.0,0.98,0.99,0.99,13.0,15319,0.35278967529296873,put,2026-12-31,SPY,764.2899780273438,2026-09-29T23:44:19.833119+00:00
540.0,1.03,1.04,1.04,12.0,632,0.3474186352539062,put,2026-12-31,SPY,764.2899780273438,2026-09-29T23:44:19.833119+00:00
545.0,1.08,1.09,1.1,7.0,1127,0.34204759521484374,put,2026-12-31,SPY,764.2899780273438,2026-09-29T23:44:19.833119+00:00
550.0,1.13,1.14,1.15,12.0,2070,0.3365544860839844,put,2026-12-31,SPY,764.2899780273438,2026-09-29T23:44:19.833119+00:00
555.0,1.18,1.19,1.19,2.0,593,0.3308782733154296,put,2026-12-31,SPY,764.2899780273438,2026-09-29T23:44:19.833119+00:00
560.0,1.24,1.25,1.3,80.0,898,0.325629302368164,put,2026-12-31,SPY,764.2899780273438,2026-09-29T23:44:19.833119+00:00
565.0,1.3,1.31,1.32,2.0,600,0.32019722778320303,put,2026-12-31,SPY,764.2899780273438,2026-09-29T23:44:19.833119+00:00
570.0,1.36,1.38,1.49,2.0,938,0.3150703259277343,put,2026-12-31,SPY,764.2899780273438,2026-09-29T23:44:19.833119+00:00
575.0,1.43,1.45,1.46,5.0,891,0.30982135498046875,put,2026-12-31,SPY,764.2899780273438,2026-09-29T23:44:19.833119+00:00
580.0,1.5,1.52,1.52,11.0,2231,0.30445031494140623,put,2026-12-31,SPY,764.2899780273438,2026-09-29T23:44:19.833119+00:00
585.0,1.58,1.59,1.66,1.0,203,0.2988961712646484,put,2026-12-31,SPY,764.2899780273438,2026-09-29T23:44:19.833119+00:00
588.0,1.63,1.65,1.76,10.0,10,0.29614961669921874,put,2026-12-31,SPY,764.2899780273438,2026-09-29T23:44:19.833119+00:00
589.0,1.64,1.66,1.67,2.0,2,0.2948678912353515,put,2026-12-31,SPY,764.2899780273438,2026-09-29T23:44:19.833119+00:00
590.0,1.66,1.68,1.65,6.0,944,0.29395237304687494,put,2026-12-31,SPY,764.2899780273438,2026-09-29T23:44:19.833119+00:00
592.0,1.69,1.71,1.83,170.0,210,0.29169409484863273,put,2026-12-31,SPY,764.2899780273438,2026-09-29T23:44:19.833119+00:00
595.0,1.75,1.77,1.76,3.0,643,0.28882547119140617,put,2026-12-31,SPY,764.2899780273438,2026-09-29T23:44:19.833119+00:00
599.0,1.82,1.84,1.96,243.0,493,0.28449201843261707,put,2026-12-31,SPY,764.2899780273438,2026-09-29T23:44:19.833119+00:00
600.0,1.84,1.86,1.95,11.0,3800,0.28351546569824215,put,2026-12-31,SPY,764.2899780273438,2026-09-29T23:44:19.833119+00:00
601.0,1.86,1.87,1.9,61.0,275,0.2821727056884765,put,2026-12-31,SPY,764.2899780273438,2026-09-29T23:44:19.833119+00:00
604.0,1.92,1.94,2.15,,14,0.2793956338500976,put,2026-12-31,SPY,764.2899780273438,2026-09-29T23:44:19.833119+00:00
605.0,1.94,1.96,1.94,3.0,2769,0.278327529296875,put,2026-12-31,SPY,764.2899780273438,2026-09-29T23:44:19.833119+00:00
606.0,1.96,1.98,1.93,10.0,10,0.2772899420166015,put,2026-12-31,SPY,764.2899780273438,2026-09-29T23:44:19.833119+00:00
608.0,2.0,2.02,2.25,,14,0.2751537329101562,put,2026-12-31,SPY,764.2899780273438,2026-09-29T23:44:19.833119+00:00
609.0,2.02,2.04,2.17,10.0,11,0.27411614562988285,put,2026-12-31,SPY,764.2899780273438,2026-09-29T23:44:19.833119+00:00
610.0,2.05,2.06,2.18,90.0,9537,0.2730175238037109,put,2026-12-31,SPY,764.2899780273438,2026-09-29T23:44:19.833119+00:00
612.0,2.09,2.11,2.19,315.0,315,0.2711254528808594,put,2026-12-31,SPY,764.2899780273438,2026-09-29T23:44:19.833119+00:00
613.0,2.11,2.13,2.17,1.0,3,0.2700268310546875,put,2026-12-31,SPY,764.2899780273438,2026-09-29T23:44:19.833119+00:00
614.0,2.14,2.16,2.34,,2,0.2691723474121094,put,2026-12-31,SPY,764.2899780273438,2026-09-29T23:44:19.833119+00:00
615.0,2.16,2.18,2.18,13.0,7473,0.26807372558593745,put,2026-12-31,SPY,764.2899780273438,2026-09-29T23:44:19.833119+00:00
616.0,2.18,2.2,2.19,324.0,324,0.2669445864868164,put,2026-12-31,SPY,764.2899780273438,2026-09-29T23:44:19.833119+00:00
617.0,2.21,2.23,2.33,67.0,64,0.26605958557128906,put,2026-12-31,SPY,764.2899780273438,2026-09-29T23:44:19.833119+00:00
620.0,2.28,2.3,2.32,9.0,3234,0.2629163064575196,put,2026-12-31,SPY,764.2899780273438,2026-09-29T23:44:19.833119+00:00
621.0,2.31,2.33,2.36,73.0,363,0.26200078826904294,put,2026-12-31,SPY,764.2899780273438,2026-09-29T23:44:19.833119+00:00
622.0,2.33,2.36,2.33,65.0,446,0.26108527008056637,put,2026-12-31,SPY,764.2899780273438,2026-09-29T23:44:19.833119+00:00
623.0,2.36,2.38,3.65,2.0,151,0.2599256137084961,put,2026-12-31,SPY,764.2899780273438,2026-09-29T23:44:19.833119+00:00
624.0,2.39,2.41,4.01,2.0,154,0.2589795782470704,put,2026-12-31,SPY,764.2899780273438,2026-09-29T23:44:19.833119+00:00
625.0,2.42,2.44,2.49,8.0,489,0.2580640600585938,put,2026-12-31,SPY,764.2899780273438,2026-09-29T23:44:19.833119+00:00
626.0,2.44,2.47,2.62,249.0,176,0.25708750732421876,put,2026-12-31,SPY,764.2899780273438,2026-09-29T23:44:19.833119+00:00
627.0,2.47,2.5,2.46,248.0,1170,0.2561109545898438,put,2026-12-31,SPY,764.2899780273438,2026-09-29T23:44:19.833119+00:00
628.0,2.5,2.52,2.76,2.0,162,0.2549512982177735,put,2026-12-31,SPY,764.2899780273438,2026-09-29T23:44:19.833119+00:00
629.0,2.53,2.55,2.59,15.0,296,0.25394422821044926,put,2026-12-31,SPY,764.2899780273438,2026-09-29T23:44:19.833119+00:00
630.0,2.56,2.58,2.59,253.0,682,0.25296767547607424,put,2026-12-31,SPY,764.2899780273438,2026-09-29T23:44:19.833119+00:00
631.0,2.59,2.61,2.62,3.0,135,0.25196060546875,put,2026-12-31,SPY,764.2899780273438,2026-09-29T23:44:19.833119+00:00
632.0,2.62,2.64,2.72,29.0,99,0.25095353546142574,put,2026-12-31,SPY,764.2899780273438,2026-09-29T23:44:19.833119+00:00
633.0,2.65,2.67,2.76,1.0,36,0.24994646545410154,put,2026-12-31,SPY,764.2899780273438,2026-09-29T23:44:19.833119+00:00
634.0,2.68,2.7,2.86,245.0,360,0.24890887817382812,put,2026-12-31,SPY,764.2899780273438,2026-09-29T23:44:19.833119+00:00
635.0,2.71,2.74,2.72,3.0,716,0.24811542907714845,put,2026-12-31,SPY,764.2899780273438,2026-09-29T23:44:19.833119+00:00
636.0,2.74,2.77,2.71,143.0,310,0.2470473245239258,put,2026-12-31,SPY,764.2899780273438,2026-09-29T23:44:19.833119+00:00
637.0,2.78,2.8,3.05,1.0,272,0.24600973724365233,put,2026-12-31,SPY,764.2899780273438,2026-09-29T23:44:19.833119+00:00
638.0,2.81,2.83,2.9,1.0,196,0.2449416326904297,put,2026-12-31,SPY,764.2899780273438,2026-09-29T23:44:19.833119+00:00
639.0,2.84,2.87,2.8,218.0,779,0.24408714904785156,put,2026-12-31,SPY,764.2899780273438,2026-09-29T23:44:19.833119+00:00
640.0,2.88,2.9,2.95,21.0,1239,0.24298852722167968,put,2026-12-31,SPY,764.2899780273438,2026-09-29T23:44:19.833119+00:00
641.0,2.91,2.94,4.4,24.0,219,0.24213404357910157,put,2026-12-31,SPY,764.2899780273438,2026-09-29T23:44:19.833119+00:00
642.0,2.95,2.97,3.15,1.0,122,0.2410354217529297,put,2026-12-31,SPY,764.2899780273438,2026-09-29T23:44:19.833119+00:00
643.0,2.98,3.01,3.33,1.0,448,0.2401199035644531,put,2026-12-31,SPY,764.2899780273438,2026-09-29T23:44:19.833119+00:00
644.0,3.02,3.04,2.83,1.0,18,0.23899076446533202,put,2026-12-31,SPY,764.2899780273438,2026-09-29T23:44:19.833119+00:00
645.0,3.06,3.08,2.98,3.0,1693,0.23807524627685545,put,2026-12-31,SPY,764.2899780273438,2026-09-29T23:44:19.833119+00:00
646.0,3.1,3.12,3.84,5.0,66,0.23712921081542968,put,2026-12-31,SPY,764.2899780273438,2026-09-29T23:44:19.833119+00:00
647.0,3.13,3.16,3.68,1.0,256,0.2361831753540039,put,2026-12-31,SPY,764.2899780273438,2026-09-29T23:44:19.833119+00:00
648.0,3.17,3.2,3.49,11.0,68,0.23520662261962888,put,2026-12-31,SPY,764.2899780273438,2026-09-29T23:44:19.833119+00:00
649.0,3.21,3.24,3.26,4.0,119,0.2342300698852539,put,2026-12-31,SPY,764.2899780273438,2026-09-29T23:44:19.833119+00:00
650.0,3.25,3.27,3.28,1212.0,3542,0.23307041351318358,put,2026-12-31,SPY,764.2899780273438,2026-09-29T23:44:19.833119+00:00
651.0,3.29,3.31,3.32,24.0,103,0.23206334350585936,put,2026-12-31,SPY,764.2899780273438,2026-09-29T23:44:19.833119+00:00
652.0,3.33,3.36,3.33,1.0,155,0.2312393771362305,put,2026-12-31,SPY,764.2899780273438,2026-09-29T23:44:19.833119+00:00
653.0,3.38,3.4,3.63,14.0,150,0.23023230712890624,put,2026-12-31,SPY,764.2899780273438,2026-09-29T23:44:19.833119+00:00
654.0,3.42,3.45,3.37,235.0,294,0.22937782348632813,put,2026-12-31,SPY,764.2899780273438,2026-09-29T23:44:19.833119+00:00
655.0,3.46,3.49,3.67,5.0,367,0.2283402362060547,put,2026-12-31,SPY,764.2899780273438,2026-09-29T23:44:19.833119+00:00
656.0,3.5,3.53,3.22,20.0,198,0.22730264892578123,put,2026-12-31,SPY,764.2899780273438,2026-09-29T23:44:19.833119+00:00
657.0,3.55,3.58,3.56,2.0,151,0.22638713073730468,put,2026-12-31,SPY,764.2899780273438,2026-09-29T23:44:19.833119+00:00
658.0,3.6,3.62,3.82,6.0,102,0.22534954345703123,put,2026-12-31,SPY,764.2899780273438,2026-09-29T23:44:19.833119+00:00
659.0,3.64,3.67,3.81,22.0,204,0.22440350799560543,put,2026-12-31,SPY,764.2899780273438,2026-09-29T23:44:19.833119+00:00
660.0,3.69,3.72,3.93,13.0,2627,0.22348798980712886,put,2026-12-31,SPY,764.2899780273438,2026-09-29T23:44:19.833119+00:00
661.0,3.74,3.77,4.07,37.0,624,0.2225419543457031,put,2026-12-31,SPY,764.2899780273438,2026-09-29T23:44:19.833119+00:00
662.0,3.79,3.81,4.8,1.0,137,0.22144333251953124,put,2026-12-31,SPY,764.2899780273438,2026-09-29T23:44:19.833119+00:00
663.0,3.84,3.87,5.89,3.0,427,0.2206193661499023,put,2026-12-31,SPY,764.2899780273438,2026-09-29T23:44:19.833119+00:00
664.0,3.89,3.92,3.96,2.0,333,0.21964281341552733,put,2026-12-31,SPY,764.2899780273438,2026-09-29T23:44:19.833119+00:00
665.0,3.94,3.97,3.98,1.0,5867,0.2186662606811523,put,2026-12-31,SPY,764.2899780273438,2026-09-29T23:44:19.833119+00:00
666.0,3.99,4.02,4.23,1.0,276,0.2176591906738281,put,2026-12-31,SPY,764.2899780273438,2026-09-29T23:44:19.833119+00:00
667.0,4.04,4.07,4.38,1.0,538,0.2166521206665039,put,2026-12-31,SPY,764.2899780273438,2026-09-29T23:44:19.833119+00:00
668.0,4.1,4.13,4.33,5.0,53,0.21576711975097657,put,2026-12-31,SPY,764.2899780273438,2026-09-29T23:44:19.833119+00:00
669.0,4.15,4.18,4.35,1.0,541,0.21472953247070312,put,2026-12-31,SPY,764.2899780273438,2026-09-29T23:44:19.833119+00:00
670.0,4.21,4.24,4.4,5.0,1385,0.21381401428222657,put,2026-12-31,SPY,764.2899780273438,2026-09-29T23:44:19.833119+00:00
671.0,4.26,4.3,4.39,1.0,245,0.21289849609375,put,2026-12-31,SPY,764.2899780273438,2026-09-29T23:44:19.833119+00:00
672.0,4.32,4.35,4.3,2.0,38,0.2118303915405273,put,2026-12-31,SPY,764.2899780273438,2026-09-29T23:44:19.833119+00:00
673.0,4.38,4.41,4.56,7.0,206,0.21088435607910155,put,2026-12-31,SPY,764.2899780273438,2026-09-29T23:44:19.833119+00:00
674.0,4.44,4.47,4.42,5.0,228,0.20990780334472653,put,2026-12-31,SPY,764.2899780273438,2026-09-29T23:44:19.833119+00:00
675.0,4.5,4.53,4.55,1.0,797,0.2089312506103515,put,2026-12-31,SPY,764.2899780273438,2026-09-29T23:44:19.833119+00:00
676.0,4.56,4.59,4.67,2.0,41,0.20795469787597654,put,2026-12-31,SPY,764.2899780273438,2026-09-29T23:44:19.833119+00:00
677.0,4.63,4.66,5.25,2.0,349,0.2070696969604492,put,2026-12-31,SPY,764.2899780273438,2026-09-29T23:44:19.833119+00:00
678.0,4.69,4.72,4.76,2.0,714,0.20606262695312497,put,2026-12-31,SPY,764.2899780273438,2026-09-29T23:44:19.833119+00:00
679.0,4.76,4.79,4.79,2.0,687,0.20516236740112304,put,2026-12-31,SPY,764.2899780273438,2026-09-29T23:44:19.833119+00:00
680.0,4.82,4.86,4.93,8.0,2880,0.20424684921264646,put,2026-12-31,SPY,764.2899780273438,2026-09-29T23:44:19.833119+00:00
681.0,4.89,4.93,4.92,4.0,42,0.20331607238769528,put,2026-12-31,SPY,764.2899780273438,2026-09-29T23:44:19.833119+00:00
682.0,4.96,4.99,5.08,2.0,2209,0.20224796783447263,put,2026-12-31,SPY,764.2899780273438,2026-09-29T23:44:19.833119+00:00
683.0,5.03,5.06,5.1,3.0,114,0.20128667373657227,put,2026-12-31,SPY,764.2899780273438,2026-09-29T23:44:19.833119+00:00
684.0,5.1,5.14,4.89,1.0,637,0.2004474487304687,put,2026-12-31,SPY,764.2899780273438,2026-09-29T23:44:19.833119+00:00
685.0,5.17,5.2,5.3,5.0,2670,0.19931830963134767,put,2026-12-31,SPY,764.2899780273438,2026-09-29T23:44:19.833119+00:00
686.0,5.24,5.28,5.07,1.0,625,0.1984333087158203,put,2026-12-31,SPY,764.2899780273438,2026-09-29T23:44:19.833119+00:00
687.0,5.32,5.35,5.0,142.0,774,0.19742623870849607,put,2026-12-31,SPY,764.2899780273438,2026-09-29T23:44:19.833119+00:00
688.0,5.4,5.43,5.81,6.0,510,0.1965107205200195,put,2026-12-31,SPY,764.2899780273438,2026-09-29T23:44:19.833119+00:00
689.0,5.47,5.51,5.53,13.0,634,0.19556468505859376,put,2026-12-31,SPY,764.2899780273438,2026-09-29T23:44:19.833119+00:00
690.0,5.55,5.59,5.75,9.0,2941,0.19461864959716796,put,2026-12-31,SPY,764.2899780273438,2026-09-29T23:44:19.833119+00:00
691.0,5.63,5.67,5.04,1.0,435,0.1936573554992676,put,2026-12-31,SPY,764.2899780273438,2026-09-29T23:44:19.833119+00:00
692.0,5.71,5.75,5.81,2.0,211,0.19268080276489258,put,2026-12-31,SPY,764.2899780273438,2026-09-29T23:44:19.833119+00:00
693.0,5.8,5.83,6.03,3.0,108,0.191688991394043,put,2026-12-31,SPY,764.2899780273438,2026-09-29T23:44:19.833119+00:00
694.0,5.88,5.92,5.72,1.0,36,0.19077347320556642,put,2026-12-31,SPY,764.2899780273438,2026-09-29T23:44:19.833119+00:00
695.0,5.97,6.01,6.03,22.0,1467,0.18985795501708985,put,2026-12-31,SPY,764.2899780273438,2026-09-29T23:44:19.833119+00:00
696.0,6.06,6.09,6.16,267.0,1224,0.18882036773681643,put,2026-12-31,SPY,764.2899780273438,2026-09-29T23:44:19.833119+00:00
697.0,6.15,6.18,6.22,7.0,24,0.18785907363891602,put,2026-12-31,SPY,764.2899780273438,2026-09-29T23:44:19.833119+00:00
698.0,6.24,6.27,6.58,4.0,49,0.18688252090454105,put,2026-12-31,SPY,764.2899780273438,2026-09-29T23:44:19.833119+00:00
699.0,6.33,6.37,6.31,5.0,120,0.18599751998901365,put,2026-12-31,SPY,764.2899780273438,2026-09-29T23:44:19.833119+00:00
700.0,6.44,6.46,6.44,39.0,8384,0.1849904499816894,put,2026-12-31,SPY,764.2899780273438,2026-09-29T23:44:19.833119+00:00
701.0,6.52,6.56,6.32,1.0,214,0.18405967315673827,put,2026-12-31,SPY,764.2899780273438,2026-09-29T23:44:19.833119+00:00
702.0,6.62,6.66,6.59,3.0,207,0.18311363769531247,put,2026-12-31,SPY,764.2899780273438,2026-09-29T23:44:19.833119+00:00
703.0,6.72,6.76,6.68,1.0,217,0.18216760223388673,put,2026-12-31,SPY,764.2899780273438,2026-09-29T23:44:19.833119+00:00
704.0,6.82,6.87,6.81,1.0,487,0.18128260131835935,put,2026-12-31,SPY,764.2899780273438,2026-09-29T23:44:19.833119+00:00
705.0,6.93,6.97,6.98,2.0,877,0.1802755313110352,put,2026-12-31,SPY,764.2899780273438,2026-09-29T23:44:19.833119+00:00
706.0,7.04,7.07,7.12,2.0,129,0.17926846130371094,put,2026-12-31,SPY,764.2899780273438,2026-09-29T23:44:19.833119+00:00
707.0,7.14,7.18,7.23,1.0,158,0.1783224258422852,put,2026-12-31,SPY,764.2899780273438,2026-09-29T23:44:19.833119+00:00
708.0,7.25,7.29,7.57,21.0,322,0.17736113174438478,put,2026-12-31,SPY,764.2899780273438,2026-09-29T23:44:19.833119+00:00
709.0,7.37,7.4,7.65,2.0,270,0.1763845790100098,put,2026-12-31,SPY,764.2899780273438,2026-09-29T23:44:19.833119+00:00
710.0,7.48,7.51,7.91,80.0,2205,0.17537750900268556,put,2026-12-31,SPY,764.2899780273438,2026-09-29T23:44:19.833119+00:00
711.0,7.6,7.63,7.78,118.0,374,0.1744467321777344,put,2026-12-31,SPY,764.2899780273438,2026-09-29T23:44:19.833119+00:00
712.0,7.72,7.75,7.99,3.0,348,0.17350069671630858,put,2026-12-31,SPY,764.2899780273438,2026-09-29T23:44:19.833119+00:00
713.0,7.84,7.87,7.88,1.0,476,0.1725241439819336,put,2026-12-31,SPY,764.2899780273438,2026-09-29T23:44:19.833119+00:00
714.0,7.96,8.0,8.16,4.0,104,0.17163914306640626,put,2026-12-31,SPY,764.2899780273438,2026-09-29T23:44:19.833119+00:00
715.0,8.08,8.13,8.12,180.0,460,0.17070836624145513,put,2026-12-31,SPY,764.2899780273438,2026-09-29T23:44:19.833119+00:00
716.0,8.21,8.26,8.05,3.0,445,0.16976233078002934,put,2026-12-31,SPY,764.2899780273438,2026-09-29T23:44:19.833119+00:00
717.0,8.34,8.38,8.44,28.0,452,0.1686942262268067,put,2026-12-31,SPY,764.2899780273438,2026-09-29T23:44:19.833119+00:00
718.0,8.48,8.52,8.45,199.0,150,0.16779396667480473,put,2026-12-31,SPY,764.2899780273438,2026-09-29T23:44:19.833119+00:00
719.0,8.61,8.65,8.33,100.0,685,0.16678689666748053,put,2026-12-31,SPY,764.2899780273438,2026-09-29T23:44:19.833119+00:00
720.0,8.75,8.8,8.8,117.0,4019,0.16591715438842775,put,2026-12-31,SPY,764.2899780273438,2026-09-29T23:44:19.833119+00:00
721.0,8.89,8.94,9.31,5.0,383,0.16494060165405272,put,2026-12-31,SPY,764.2899780273438,2026-09-29T23:44:19.833119+00:00
722.0,9.04,9.08,9.15,4.0,486,0.16393353164672853,put,2026-12-31,SPY,764.2899780273438,2026-09-29T23:44:19.833119+00:00
723.0,9.18,9.23,9.73,41.0,57,0.16298749618530273,put,2026-12-31,SPY,764.2899780273438,2026-09-29T23:44:19.833119+00:00
724.0,9.33,9.38,9.09,3.0,153,0.16202620208740232,put,2026-12-31,SPY,764.2899780273438,2026-09-29T23:44:19.833119+00:00
725.0,9.49,9.53,9.51,53.0,2051,0.16103439071655273,put,2026-12-31,SPY,764.2899780273438,2026-09-29T23:44:19.833119+00:00
727.0,9.8,9.84,9.01,1.0,1,0.1590507679748535,put,2026-12-31,SPY,764.2899780273438,2026-09-29T23:44:19.833119+00:00
729.0,10.13,10.17,10.37,2.0,22,0.15712817977905275,put,2026-12-31,SPY,764.2899780273438,2026-09-29T23:44:19.833119+00:00
730.0,10.3,10.34,10.41,1267.0,7067,0.15615162704467772,put,2026-12-31,SPY,764.2899780273438,2026-09-29T23:44:19.833119+00:00
731.0,10.47,10.52,11.1,,1,0.15525136749267582,put,2026-12-31,SPY,764.2899780273438,2026-09-29T23:44:19.833119+00:00
732.0,10.65,10.7,10.89,107.0,160,0.15430533203125002,put,2026-12-31,SPY,764.2899780273438,2026-09-29T23:44:19.833119+00:00
733.0,10.83,10.88,10.87,8.0,15,0.15332877929687502,put,2026-12-31,SPY,764.2899780273438,2026-09-29T23:44:19.833119+00:00
734.0,11.01,11.06,11.19,22.0,13,0.1523217092895508,put,2026-12-31,SPY,764.2899780273438,2026-09-29T23:44:19.833119+00:00
735.0,11.2,11.24,11.31,4.0,991,0.151299380645752,put,2026-12-31,SPY,764.2899780273438,2026-09-29T23:44:19.833119+00:00
736.0,11.39,11.44,11.53,21.0,1,0.15038386245727542,put,2026-12-31,SPY,764.2899780273438,2026-09-29T23:44:19.833119+00:00
737.0,11.59,11.64,11.77,2.0,172,0.14943782699584962,put,2026-12-31,SPY,764.2899780273438,2026-09-29T23:44:19.833119+00:00
738.0,11.79,11.84,11.55,18.0,1,0.1484612742614746,put,2026-12-31,SPY,764.2899780273438,2026-09-29T23:44:19.833119+00:00
739.0,11.99,12.04,11.54,5.0,88,0.1474542042541504,put,2026-12-31,SPY,764.2899780273438,2026-09-29T23:44:19.833119+00:00
740.0,12.2,12.25,12.25,43.0,6238,0.14649291015625,put,2026-12-31,SPY,764.2899780273438,2026-09-29T23:44:19.833119+00:00
741.0,12.41,12.46,12.3,2.0,8,0.1454934694671631,put,2026-12-31,SPY,764.2899780273438,2026-09-29T23:44:19.833119+00:00
742.0,12.63,12.68,12.77,1.0,175,0.1445398046875,put,2026-12-31,SPY,764.2899780273438,2026-09-29T23:44:19.833119+00:00
743.0,12.85,12.9,12.62,5.0,56,0.1435327346801758,put,2026-12-31,SPY,764.2899780273438,2026-09-29T23:44:19.833119+00:00
744.0,13.08,13.12,12.83,20.0,4,0.14251040603637694,put,2026-12-31,SPY,764.2899780273438,2026-09-29T23:44:19.833119+00:00
745.0,13.31,13.36,13.2,8.0,3779,0.1415796292114258,put,2026-12-31,SPY,764.2899780273438,2026-09-29T23:44:19.833119+00:00
746.0,13.54,13.6,14.74,,7,0.1406259644317627,put,2026-12-31,SPY,764.2899780273438,2026-09-29T23:44:19.833119+00:00
748.0,14.03,14.09,13.26,10.0,13,0.1386652296447754,put,2026-12-31,SPY,764.2899780273438,2026-09-29T23:44:19.833119+00:00
749.0,14.29,14.34,14.56,76.0,89,0.1376581596374512,put,2026-12-31,SPY,764.2899780273438,2026-09-29T23:44:19.833119+00:00
750.0,14.55,14.6,14.63,29.0,2862,0.13668160690307618,put,2026-12-31,SPY,764.2899780273438,2026-09-29T23:44:19.833119+00:00
754.0,15.63,15.7,13.95,105.0,106,0.1327906546020508,put,2026-12-31,SPY,764.2899780273438,2026-09-29T23:44:19.833119+00:00
755.0,15.92,15.97,16.35,134.0,4433,0.13168440345764162,put,2026-12-31,SPY,764.2899780273438,2026-09-29T23:44:19.833119+00:00
757.0,16.52,16.58,16.7,7.0,101,0.12979996185302733,put,2026-12-31,SPY,764.2899780273438,2026-09-29T23:44:19.833119+00:00
758.0,16.83,16.89,16.01,2.0,2,0.1288081504821777,put,2026-12-31,SPY,764.2899780273438,2026-09-29T23:44:19.833119+00:00
759.0,17.14,17.21,17.27,1.0,3,0.12785448570251465,put,2026-12-31,SPY,764.2899780273438,2026-09-29T23:44:19.833119+00:00
760.0,17.47,17.54,17.55,80.0,3060,0.12691607955932616,put,2026-12-31,SPY,764.2899780273438,2026-09-29T23:44:19.833119+00:00
761.0,17.8,17.87,17.98,11.0,106,0.12592426818847657,put,2026-12-31,SPY,764.2899780273438,2026-09-29T23:44:19.833119+00:00
762.0,18.13,18.21,18.33,16.0,26,0.12494771545410156,put,2026-12-31,SPY,764.2899780273438,2026-09-29T23:44:19.833119+00:00
763.0,18.48,18.55,18.61,55.0,17,0.12391775749206543,put,2026-12-31,SPY,764.2899780273438,2026-09-29T23:44:19.833119+00:00
764.0,18.83,18.9,18.82,119.0,108,0.1229030581665039,put,2026-12-31,SPY,764.2899780273438,2026-09-29T23:44:19.833119+00:00
765.0,19.2,19.27,19.55,159.0,4109,0.12197228134155275,put,2026-12-31,SPY,764.2899780273438,2026-09-29T23:44:19.833119+00:00
766.0,19.57,19.64,20.5,1.0,33,0.12098046997070314,put,2026-12-31,SPY,764.2899780273438,2026-09-29T23:44:19.833119+00:00
767.0,19.95,20.03,20.21,5.0,108,0.12006495178222655,put,2026-12-31,SPY,764.2899780273438,2026-09-29T23:44:19.833119+00:00
768.0,20.33,20.42,20.19,1.0,200,0.11908839904785155,put,2026-12-31,SPY,764.2899780273438,2026-09-29T23:44:19.833119+00:00
769.0,20.73,20.81,20.24,22.0,13,0.11806607040405273,put,2026-12-31,SPY,764.2899780273438,2026-09-29T23:44:19.833119+00:00
770.0,21.14,21.21,21.35,377.0,4029,0.1170437417602539,put,2026-12-31,SPY,764.2899780273438,2026-09-29T23:44:19.833119+00:00
771.0,21.55,21.63,20.62,14.0,114,0.11608244766235351,put,2026-12-31,SPY,764.2899780273438,2026-09-29T23:44:19.833119+00:00
775.0,23.31,23.37,23.54,31.0,1117,0.112038908996582,put,2026-12-31,SPY,764.2899780273438,2026-09-29T23:44:19.833119+00:00
777.0,24.24,24.31,24.56,72.0,190,0.1100705448913574,put,2026-12-31,SPY,764.2899780273438,2026-09-29T23:44:19.833119+00:00
778.0,24.72,24.8,25.15,102.0,2,0.10910925079345701,put,2026-12-31,SPY,764.2899780273438,2026-09-29T23:44:19.833119+00:00
780.0,25.23,26.23,25.37,23.0,624,0.1100552862548828,put,2026-12-31,SPY,764.2899780273438,2026-09-29T23:44:19.833119+00:00
781.0,25.74,26.77,25.94,1.0,11,0.1092465785217285,put,2026-12-31,SPY,764.2899780273438,2026-09-29T23:44:19.833119+00:00
782.0,26.25,27.31,25.74,,2,0.10836157760620116,put,2026-12-31,SPY,764.2899780273438,2026-09-29T23:44:19.833119+00:00
785.0,27.86,28.98,28.16,4.0,274,0.10559976440429686,put,2026-12-31,SPY,764.2899780273438,2026-09-29T23:44:19.833119+00:00
790.0,30.73,32.02,31.35,3.0,337,0.10120527709960936,put,2026-12-31,SPY,764.2899780273438,2026-09-29T23:44:19.833119+00:00
795.0,33.88,35.4,37.61,2.0,40,0.09723803161621095,put,2026-12-31,SPY,764.2899780273438,2026-09-29T23:44:19.833119+00:00
800.0,37.33,39.02,38.5,3.0,619,0.09284354431152343,put,2026-12-31,SPY,764.2899780273438,2026-09-29T23:44:19.833119+00:00
805.0,41.11,43.44,41.37,6.0,17,0.09447621841430665,put,2026-12-31,SPY,764.2899780273438,2026-09-29T23:44:19.833119+00:00
810.0,44.41,47.99,44.32,1.0,9,0.09644458251953125,put,2026-12-31,SPY,764.2899780273438,2026-09-29T23:44:19.833119+00:00
815.0,48.82,52.51,48.68,1.0,12,0.09684130706787111,put,2026-12-31,SPY,764.2899780273438,2026-09-29T23:44:19.833119+00:00
820.0,53.5,57.23,61.76,1.0,7,0.09900803344726564,put,2026-12-31,SPY,764.2899780273438,2026-09-29T23:44:19.833119+00:00
825.0,58.44,62.31,56.83,2.0,7,0.10669838623046876,put,2026-12-31,SPY,764.2899780273438,2026-09-29T23:44:19.833119+00:00
830.0,63.44,67.31,65.05,1.0,0,0.11298494445800782,put,2026-12-31,SPY,764.2899780273438,2026-09-29T23:44:19.833119+00:00
832.0,65.58,69.24,64.45,1.0,0,0.11420563537597657,put,2026-12-31,SPY,764.2899780273438,2026-09-29T23:44:19.833119+00:00
835.0,0.0,0.0,69.99,6.0,0,1.0000000000000003e-05,put,2026-12-31,SPY,764.2899780273438,2026-09-29T23:44:19.833119+00:00
840.0,73.26,77.45,74.67,1.0,0,0.1277553045654297,put,2026-12-31,SPY,764.2899780273438,2026-09-29T23:44:19.833119+00:00
850.0,0.0,0.0,82.0,2.0,0,1.0000000000000003e-05,put,2026-12-31,SPY,764.2899780273438,2026-09-29T23:44:19.833119+00:00
855.0,0.0,0.0,89.52,1.0,0,1.0000000000000003e-05,put,2026-12-31,SPY,764.2899780273438,2026-09-29T23:44:19.833119+00:00
860.0,93.59,97.45,94.54,1.0,1,0.1513146392822266,put,2026-12-31,SPY,764.2899780273438,2026-09-29T23:44:19.833119+00:00
865.0,98.47,102.45,99.58,1.0,0,0.15699085205078128,put,2026-12-31,SPY,764.2899780273438,2026-09-29T23:44:19.833119+00:00
870.0,103.56,107.45,109.23,,0,0.1626060302734375,put,2026-12-31,SPY,764.2899780273438,2026-09-29T23:44:19.833119+00:00
890.0,124.61,127.82,140.87,,0,0.1922383023071289,put,2026-12-31,SPY,764.2899780273438,2026-09-29T23:44:19.833119+00:00
895.0,154.64,158.0,184.25,1.0,0,0.44969727554321287,put,2026-12-31,SPY,764.2899780273438,2026-09-29T23:44:19.833119+00:00
900.0,133.57,137.45,126.56,1.0,0,0.19480175323486326,put,2026-12-31,SPY,764.2899780273438,2026-09-29T23:44:19.833119+00:00
905.0,0.0,0.0,141.19,1.0,0,1.0000000000000003e-05,put,2026-12-31,SPY,764.2899780273438,2026-09-29T23:44:19.833119+00:00
940.0,199.32,202.56,203.37,,0,0.5012256909179689,put,2026-12-31,SPY,764.2899780273438,2026-09-29T23:44:19.833119+00:00
