strike,bid,ask,last_price,volume,open_interest,vendor_implied_volatility,option_type,expiration,ticker,spot,download_timestamp
685.0,75.96,79.48,80.63,,1,0.5080615600585938,call,2026-09-24,SPY,762.6799926757812,2026-09-17T22:51:38.025037+00:00
695.0,65.92,69.48,67.39,2.0,22,0.4544732287597656,call,2026-09-24,SPY,762.6799926757812,2026-09-17T22:51:38.025037+00:00
700.0,60.92,64.48,62.49,3.0,14,0.4276180285644532,call,2026-09-24,SPY,762.6799926757812,2026-09-17T22:51:38.025037+00:00
720.0,40.91,44.48,42.48,4.0,2,0.3182441223144531,call,2026-09-24,SPY,762.6799926757812,2026-09-17T22:51:38.025037+00:00
746.0,15.01,17.68,17.73,1.0,41,0.13691048645019532,call,2026-09-24,SPY,762.6799926757812,2026-09-17T22:51:38.025037+00:00
749.0,12.34,14.88,12.6,10.0,8,0.12683978637695312,call,2026-09-24,SPY,762.6799926757812,2026-09-17T22:51:38.025037+00:00
750.0,11.48,14.02,12.88,49.0,179,0.12549702636718751,call,2026-09-24,SPY,762.6799926757812,2026-09-17T22:51:38.025037+00:00
751.0,10.65,13.17,11.09,1575.0,1520,0.12397116271972657,call,2026-09-24,SPY,762.6799926757812,2026-09-17T22:51:38.025037+00:00
752.0,9.83,12.34,11.51,69.0,93,0.12262840270996095,call,2026-09-24,SPY,762.6799926757812,2026-09-17T22:51:38.025037+00:00
753.0,9.02,11.48,10.58,34.0,74,0.11994288269042967,call,2026-09-24,SPY,762.6799926757812,2026-09-17T22:51:38.025037+00:00
754.0,8.23,10.74,9.75,47.0,117,0.12012598632812499,call,2026-09-24,SPY,762.6799926757812,2026-09-17T22:51:38.025037+00:00
755.0,7.47,9.97,9.27,99.0,404,0.11890529541015624,call,2026-09-24,SPY,762.6799926757812,2026-09-17T22:51:38.025037+00:00
756.0,6.73,9.22,8.34,49.0,153,0.11762356994628906,call,2026-09-24,SPY,762.6799926757812,2026-09-17T22:51:38.025037+00:00
757.0,6.01,8.5,7.69,55.0,233,0.1165249481201172,call,2026-09-24,SPY,762.6799926757812,2026-09-17T22:51:38.025037+00:00
758.0,5.33,7.81,6.84,106.0,679,0.1155483953857422,call,2026-09-24,SPY,762.6799926757812,2026-09-17T22:51:38.025037+00:00
759.0,5.26,6.5,6.05,321.0,1880,0.09949630981445312,call,2026-09-24,SPY,762.6799926757812,2026-09-17T22:51:38.025037+00:00
760.0,5.25,5.31,5.3,1124.0,1569,0.08606870971679689,call,2026-09-24,SPY,762.6799926757812,2026-09-17T22:51:38.025037+00:00
761.0,4.66,4.71,4.93,1911.0,887,0.08570250244140626,call,2026-09-24,SPY,762.6799926757812,2026-09-17T22:51:38.025037+00:00
762.0,4.09,4.15,4.23,1719.0,419,0.08533629516601565,call,2026-09-24,SPY,762.6799926757812,2026-09-17T22:51:38.025037+00:00
763.0,3.57,3.62,3.71,1022.0,480,0.08469543243408204,call,2026-09-24,SPY,762.6799926757812,2026-09-17T22:51:38.025037+00:00
764.0,3.08,3.13,3.11,443.0,240,0.08402405242919925,call,2026-09-24,SPY,762.6799926757812,2026-09-17T22:51:38.025037+00:00
765.0,2.64,2.69,2.66,1565.0,883,0.08353577606201174,call,2026-09-24,SPY,762.6799926757812,2026-09-17T22:51:38.025037+00:00
766.0,2.24,2.28,2.26,595.0,133,0.08277284423828127,call,2026-09-24,SPY,762.6799926757812,2026-09-17T22:51:38.025037+00:00
767.0,1.88,1.92,1.9,705.0,121,0.08216249877929688,call,2026-09-24,SPY,762.6799926757812,2026-09-17T22:51:38.025037+00:00
768.0,1.57,1.6,1.59,264.0,278,0.08158267059326174,call,2026-09-24,SPY,762.6799926757812,2026-09-17T22:51:38.025037+00:00
769.0,1.29,1.31,1.36,551.0,336,0.08075870422363281,call,2026-09-24,SPY,762.6799926757812,2026-09-17T22:51:38.025037+00:00
770.0,1.05,1.07,1.07,779.0,1084,0.08027042785644532,call,2026-09-24,SPY,762.6799926757812,2026-09-17T22:51:38.025037+00:00
771.0,0.85,0.87,0.92,422.0,265,0.07996525512695313,call,2026-09-24,SPY,762.6799926757812,2026-09-17T22:51:38.025037+00:00
772.0,0.68,0.7,0.69,238.0,617,0.07966008239746095,call,2026-09-24,SPY,762.6799926757812,2026-09-17T22:51:38.025037+00:00
773.0,0.53,0.55,0.56,846.0,1056,0.07904973693847657,call,2026-09-24,SPY,762.6799926757812,2026-09-17T22:51:38.025037+00:00
774.0,0.42,0.43,0.44,368.0,429,0.07862249511718751,call,2026-09-24,SPY,762.6799926757812,2026-09-17T22:51:38.025037+00:00
775.0,0.33,0.34,0.33,707.0,412,0.07874456420898437,call,2026-09-24,SPY,762.6799926757812,2026-09-17T22:51:38.025037+00:00
776.0,0.25,0.26,0.27,157.0,559,0.07825628784179689,call,2026-09-24,SPY,762.6799926757812,2026-09-17T22:51:38.025037+00:00
777.0,0.19,0.2,0.21,528.0,389,0.07825628784179689,call,2026-09-24,SPY,762.6799926757812,2026-09-17T22:51:38.025037+00:00
778.0,0.15,0.16,0.15,839.0,914,0.07886663330078125,call,2026-09-24,SPY,762.6799926757812,2026-09-17T22:51:38.025037+00:00
779.0,0.11,0.12,0.14,186.0,371,0.07862249511718751,call,2026-09-24,SPY,762.6799926757812,2026-09-17T22:51:38.025037+00:00
780.0,0.08,0.09,0.1,527.0,763,0.07862249511718751,call,2026-09-24,SPY,762.6799926757812,2026-09-17T22:51:38.025037+00:00
781.0,0.07,0.08,0.08,339.0,144,0.08081973876953125,call,2026-09-24,SPY,762.6799926757812,2026-09-17T22:51:38.025037+00:00
782.0,0.05,0.06,0.06,134.0,265,0.08081973876953125,call,2026-09-24,SPY,762.6799926757812,2026-09-17T22:51:38.025037+00:00
783.0,0.04,0.05,0.06,59.0,491,0.08204042968750001,call,2026-09-24,SPY,762.6799926757812,2026-09-17T22:51:38.025037+00:00
784.0,0.04,0.05,0.05,438.0,428,0.08545836425781252,call,2026-09-24,SPY,762.6799926757812,2026-09-17T22:51:38.025037+00:00
785.0,0.03,0.04,0.03,24.0,171,0.08643491699218751,call,2026-09-24,SPY,762.6799926757812,2026-09-17T22:51:38.025037+00:00
786.0,0.03,0.04,0.04,559.0,191,0.0898528515625,call,2026-09-24,SPY,762.6799926757812,2026-09-17T22:51:38.025037+00:00
787.0,0.03,0.04,0.06,1.0,174,0.092782509765625,call,2026-09-24,SPY,762.6799926757812,2026-09-17T22:51:38.025037+00:00
788.0,0.03,0.04,0.03,5.0,281,0.09620044433593751,call,2026-09-24,SPY,762.6799926757812,2026-09-17T22:51:38.025037+00:00
789.0,0.02,0.03,0.03,54.0,16,0.09571216796875001,call,2026-09-24,SPY,762.6799926757812,2026-09-17T22:51:38.025037+00:00
790.0,0.02,0.03,0.02,66.0,125,0.098641826171875,call,2026-09-24,SPY,762.6799926757812,2026-09-17T22:51:38.025037+00:00
791.0,0.02,0.03,0.02,64.0,67,0.10205976074218749,call,2026-09-24,SPY,762.6799926757812,2026-09-17T22:51:38.025037+00:00
792.0,0.02,0.03,0.02,71.0,212,0.1054776953125,call,2026-09-24,SPY,762.6799926757812,2026-09-17T22:51:38.025037+00:00
793.0,0.02,0.03,0.02,130.0,137,0.108407353515625,call,2026-09-24,SPY,762.6799926757812,2026-09-17T22:51:38.025037+00:00
794.0,0.02,0.03,0.02,140.0,528,0.11133701171874999,call,2026-09-24,SPY,762.6799926757812,2026-09-17T22:51:38.025037+00:00
795.0,0.01,0.02,0.02,1315.0,24,0.10938390625,call,2026-09-24,SPY,762.6799926757812,2026-09-17T22:51:38.025037+00:00
796.0,0.01,0.02,0.02,1240.0,35,0.11231356445312499,call,2026-09-24,SPY,762.6799926757812,2026-09-17T22:51:38.025037+00:00
797.0,0.01,0.02,0.02,99.0,28,0.11524322265625,call,2026-09-24,SPY,762.6799926757812,2026-09-17T22:51:38.025037+00:00
798.0,0.01,0.02,0.03,2.0,38,0.118172880859375,call,2026-09-24,SPY,762.6799926757812,2026-09-17T22:51:38.025037+00:00
799.0,0.01,0.02,0.02,1.0,41,0.1211025390625,call,2026-09-24,SPY,762.6799926757812,2026-09-17T22:51:38.025037+00:00
800.0,0.01,0.02,0.03,21.0,37,0.12305564453125001,call,2026-09-24,SPY,762.6799926757812,2026-09-17T22:51:38.025037+00:00
801.0,0.01,0.02,0.07,,46,0.12696185546875,call,2026-09-24,SPY,762.6799926757812,2026-09-17T22:51:38.025037+00:00
804.0,0.01,0.02,0.02,2445.0,2429,0.13477427734375003,call,2026-09-24,SPY,762.6799926757812,2026-09-17T22:51:38.025037+00:00
805.0,0.01,0.02,0.03,21.0,2429,0.13770393554687502,call,2026-09-24,SPY,762.6799926757812,2026-09-17T22:51:38.025037+00:00
807.0,0.01,0.02,0.02,8.0,24,0.143563251953125,call,2026-09-24,SPY,762.6799926757812,2026-09-17T22:51:38.025037+00:00
810.0,0.01,0.02,0.02,2.0,53,0.15235222656250003,call,2026-09-24,SPY,762.6799926757812,2026-09-17T22:51:38.025037+00:00
820.0,0.01,0.02,0.02,,1,0.179695703125,call,2026-09-24,SPY,762.6799926757812,2026-09-17T22:51:38.025037+00:00
825.0,0.01,0.02,0.01,4.0,5,0.19336744140625,call,2026-09-24,SPY,762.6799926757812,2026-09-17T22:51:38.025037+00:00
870.0,,0.01,0.01,,3,0.2890696093749999,call,2026-09-24,SPY,762.6799926757812,2026-09-17T22:51:38.025037+00:00
875.0,,0.01,0.01,,192,0.3007882421875,call,2026-09-24,SPY,762.6799926757812,2026-09-17T22:51:38.025037+00:00
550.0,0.0,0.01,0.01,10.0,16,0.64062859375,put,2026-09-24,SPY,762.6799926757812,2026-09-17T22:51:38.025037+00:00
565.0,0.0,0.01,0.02,3.0,4,0.5937540625000001,put,2026-09-24,SPY,762.6799926757812,2026-09-17T22:51:38.025037+00:00
570.0,0.0,0.01,0.01,131.0,21,0.57812921875,put,2026-09-24,SPY,762.6799926757812,2026-09-17T22:51:38.025037+00:00
600.0,0.0,0.01,0.05,8.0,119,0.507817421875,put,2026-09-24,SPY,762.6799926757812,2026-09-17T22:51:38.025037+00:00
615.0,0.01,0.02,0.08,4.0,166,0.48828636718750007,put,2026-09-24,SPY,762.6799926757812,2026-09-17T22:51:38.025037+00:00
625.0,0.01,0.02,0.12,34.0,187,0.45313046875,put,2026-09-24,SPY,762.6799926757812,2026-09-17T22:51:38.025037+00:00
650.0,0.02,0.03,0.04,43.0,3,0.38477177734374995,put,2026-09-24,SPY,762.6799926757812,2026-09-17T22:51:38.025037+00:00
660.0,0.03,0.04,0.14,31.0,186,0.36133451171875,put,2026-09-24,SPY,762.6799926757812,2026-09-17T22:51:38.025037+00:00
665.0,0.03,0.04,0.06,7891.0,93,0.3437565625,put,2026-09-24,SPY,762.6799926757812,2026-09-17T22:51:38.025037+00:00
675.0,0.04,0.05,0.09,1.0,139,0.317389638671875,put,2026-09-24,SPY,762.6799926757812,2026-09-17T22:51:38.025037+00:00
680.0,0.05,0.06,0.09,4.0,198,0.30664755859375,put,2026-09-24,SPY,762.6799926757812,2026-09-17T22:51:38.025037+00:00
690.0,0.07,0.08,0.1,9.0,327,0.2802806347656249,put,2026-09-24,SPY,762.6799926757812,2026-09-17T22:51:38.025037+00:00
695.0,0.08,0.09,0.1,10.0,76,0.266608896484375,put,2026-09-24,SPY,762.6799926757812,2026-09-17T22:51:38.025037+00:00
700.0,0.09,0.1,0.11,12.0,721,0.25196060546875,put,2026-09-24,SPY,762.6799926757812,2026-09-17T22:51:38.025037+00:00
705.0,0.11,0.12,0.13,10.0,140,0.23926541992187497,put,2026-09-24,SPY,762.6799926757812,2026-09-17T22:51:38.025037+00:00
710.0,0.13,0.14,0.16,1042.0,277,0.22510540527343748,put,2026-09-24,SPY,762.6799926757812,2026-09-17T22:51:38.025037+00:00
715.0,0.16,0.17,0.17,240.0,69,0.21192194335937498,put,2026-09-24,SPY,762.6799926757812,2026-09-17T22:51:38.025037+00:00
718.0,0.19,0.2,0.22,84.0,111,0.20533021240234373,put,2026-09-24,SPY,762.6799926757812,2026-09-17T22:51:38.025037+00:00
719.0,0.2,0.21,0.28,101.0,106,0.20288883056640622,put,2026-09-24,SPY,762.6799926757812,2026-09-17T22:51:38.025037+00:00
720.0,0.21,0.22,0.21,50.0,409,0.2004474487304687,put,2026-09-24,SPY,762.6799926757812,2026-09-17T22:51:38.025037+00:00
721.0,0.22,0.23,0.26,6.0,164,0.1977619287109375,put,2026-09-24,SPY,762.6799926757812,2026-09-17T22:51:38.025037+00:00
722.0,0.23,0.24,0.29,8.0,562,0.19507640869140624,put,2026-09-24,SPY,762.6799926757812,2026-09-17T22:51:38.025037+00:00
723.0,0.24,0.25,0.27,31.0,572,0.19214675048828128,put,2026-09-24,SPY,762.6799926757812,2026-09-17T22:51:38.025037+00:00
724.0,0.25,0.26,0.28,6.0,698,0.18946123046875002,put,2026-09-24,SPY,762.6799926757812,2026-09-17T22:51:38.025037+00:00
725.0,0.27,0.28,0.3,60.0,364,0.187508125,put,2026-09-24,SPY,762.6799926757812,2026-09-17T22:51:38.025037+00:00
726.0,0.28,0.29,0.32,121.0,553,0.18457846679687498,put,2026-09-24,SPY,762.6799926757812,2026-09-17T22:51:38.025037+00:00
727.0,0.3,0.31,0.33,5.0,777,0.1825032922363281,put,2026-09-24,SPY,762.6799926757812,2026-09-17T22:51:38.025037+00:00
728.0,0.32,0.33,0.4,48.0,786,0.18030604858398439,put,2026-09-24,SPY,762.6799926757812,2026-09-17T22:51:38.025037+00:00
729.0,0.34,0.35,0.39,154.0,389,0.17798673583984376,put,2026-09-24,SPY,762.6799926757812,2026-09-17T22:51:38.025037+00:00
730.0,0.36,0.37,0.36,359.0,593,0.17542328491210937,put,2026-09-24,SPY,762.6799926757812,2026-09-17T22:51:38.025037+00:00
731.0,0.39,0.4,0.43,186.0,351,0.17359224853515626,put,2026-09-24,SPY,762.6799926757812,2026-09-17T22:51:38.025037+00:00
732.0,0.41,0.42,0.46,122.0,213,0.17090672851562502,put,2026-09-24,SPY,762.6799926757812,2026-09-17T22:51:38.025037+00:00
733.0,0.44,0.45,0.48,237.0,429,0.1687094848632813,put,2026-09-24,SPY,762.6799926757812,2026-09-17T22:51:38.025037+00:00
734.0,0.47,0.48,0.53,278.0,292,0.16639017211914067,put,2026-09-24,SPY,762.6799926757812,2026-09-17T22:51:38.025037+00:00
735.0,0.51,0.52,0.56,2956.0,366,0.16468120483398438,put,2026-09-24,SPY,762.6799926757812,2026-09-17T22:51:38.025037+00:00
736.0,0.55,0.56,0.57,249.0,253,0.1626060302734375,put,2026-09-24,SPY,762.6799926757812,2026-09-17T22:51:38.025037+00:00
737.0,0.59,0.6,0.58,363.0,174,0.16040878662109376,put,2026-09-24,SPY,762.6799926757812,2026-09-17T22:51:38.025037+00:00
738.0,0.63,0.64,0.64,510.0,294,0.15796740478515625,put,2026-09-24,SPY,762.6799926757812,2026-09-17T22:51:38.025037+00:00
739.0,0.68,0.69,0.7,5011.0,4339,0.15589223022460938,put,2026-09-24,SPY,762.6799926757812,2026-09-17T22:51:38.025037+00:00
740.0,0.74,0.75,0.72,941.0,1101,0.15412222839355472,put,2026-09-24,SPY,762.6799926757812,2026-09-17T22:51:38.025037+00:00
741.0,0.8,0.81,0.84,335.0,173,0.15210808837890627,put,2026-09-24,SPY,762.6799926757812,2026-09-17T22:51:38.025037+00:00
742.0,0.86,0.88,0.91,144.0,427,0.15027705200195315,put,2026-09-24,SPY,762.6799926757812,2026-09-17T22:51:38.025037+00:00
743.0,0.93,0.95,0.93,126.0,183,0.1480798083496094,put,2026-09-24,SPY,762.6799926757812,2026-09-17T22:51:38.025037+00:00
744.0,1.01,1.03,0.99,220.0,280,0.14612670288085935,put,2026-09-24,SPY,762.6799926757812,2026-09-17T22:51:38.025037+00:00
745.0,1.1,1.12,1.08,210.0,410,0.14429566650390624,put,2026-09-24,SPY,762.6799926757812,2026-09-17T22:51:38.025037+00:00
746.0,1.19,1.22,1.22,79.0,184,0.14246463012695312,put,2026-09-24,SPY,762.6799926757812,2026-09-17T22:51:38.025037+00:00
747.0,1.3,1.32,1.26,294.0,110,0.14038945556640625,put,2026-09-24,SPY,762.6799926757812,2026-09-17T22:51:38.025037+00:00
748.0,1.42,1.44,1.39,71.0,246,0.13861945373535156,put,2026-09-24,SPY,762.6799926757812,2026-09-17T22:51:38.025037+00:00
749.0,1.55,1.57,1.59,188.0,193,0.13678841735839847,put,2026-09-24,SPY,762.6799926757812,2026-09-17T22:51:38.025037+00:00
750.0,1.69,1.72,1.69,1121.0,1379,0.13526255371093754,put,2026-09-24,SPY,762.6799926757812,2026-09-17T22:51:38.025037+00:00
751.0,1.85,1.88,1.84,148.0,185,0.1336146209716797,put,2026-09-24,SPY,762.6799926757812,2026-09-17T22:51:38.025037+00:00
752.0,2.02,2.05,2.03,4673.0,4148,0.13181410186767578,put,2026-09-24,SPY,762.6799926757812,2026-09-17T22:51:38.025037+00:00
753.0,2.21,2.25,2.08,128.0,243,0.13044082458496092,put,2026-09-24,SPY,762.6799926757812,2026-09-17T22:51:38.025037+00:00
754.0,2.42,2.46,2.45,644.0,119,0.1288234091186523,put,2026-09-24,SPY,762.6799926757812,2026-09-17T22:51:38.025037+00:00
755.0,2.65,2.7,2.68,458.0,352,0.12751116638183596,put,2026-09-24,SPY,762.6799926757812,2026-09-17T22:51:38.025037+00:00
756.0,2.91,2.96,2.85,223.0,57,0.1261684063720703,put,2026-09-24,SPY,762.6799926757812,2026-09-17T22:51:38.025037+00:00
757.0,3.19,3.24,3.12,241.0,150,0.12482564636230468,put,2026-09-24,SPY,762.6799926757812,2026-09-17T22:51:38.025037+00:00
758.0,3.5,3.54,3.49,950.0,229,0.1233608172607422,put,2026-09-24,SPY,762.6799926757812,2026-09-17T22:51:38.025037+00:00
759.0,3.84,3.88,3.88,1177.0,1175,0.12226219543457033,put,2026-09-24,SPY,762.6799926757812,2026-09-17T22:51:38.025037+00:00
760.0,4.21,4.27,4.16,713.0,242,0.12171288452148438,put,2026-09-24,SPY,762.6799926757812,2026-09-17T22:51:38.025037+00:00
761.0,4.62,4.67,4.52,2357.0,379,0.1207668490600586,put,2026-09-24,SPY,762.6799926757812,2026-09-17T22:51:38.025037+00:00
762.0,5.06,5.11,5.06,1183.0,185,0.12006495178222655,put,2026-09-24,SPY,762.6799926757812,2026-09-17T22:51:38.025037+00:00
763.0,5.38,5.73,5.4,807.0,107,0.1227199545288086,put,2026-09-24,SPY,762.6799926757812,2026-09-17T22:51:38.025037+00:00
764.0,5.86,6.25,6.05,1442.0,256,0.12250633361816407,put,2026-09-24,SPY,762.6799926757812,2026-09-17T22:51:38.025037+00:00
765.0,6.37,6.9,6.3,238.0,430,0.12458150817871094,put,2026-09-24,SPY,762.6799926757812,2026-09-17T22:51:38.025037+00:00
766.0,6.93,7.44,7.17,116.0,107,0.1235439208984375,put,2026-09-24,SPY,762.6799926757812,2026-09-17T22:51:38.025037+00:00
767.0,6.64,9.13,7.61,144.0,519,0.14838498107910159,put,2026-09-24,SPY,762.6799926757812,2026-09-17T22:51:38.025037+00:00
770.0,8.82,10.29,9.93,83.0,45,0.12955582366943358,put,2026-09-24,SPY,762.6799926757812,2026-09-17T22:51:38.025037+00:00
775.0,13.17,16.08,14.33,5.0,16,0.1867146759033203,put,2026-09-24,SPY,762.6799926757812,2026-09-17T22:51:38.025037+00:00
780.0,18.02,20.89,18.92,1.0,4,0.2160112579345703,put,2026-09-24,SPY,762.6799926757812,2026-09-17T22:51:38.025037+00:00
835.0,72.13,75.79,79.7,2.0,2,0.5109301837158204,put,2026-09-24,SPY,762.6799926757812,2026-09-17T22:51:38.025037+00:00
375.0,385.57,389.48,386.82,1.0,18,1.8610846789550783,call,2026-09-30,SPY,762.6799926757812,2026-09-17T22:51:38.025037+00:00
380.0,380.57,384.48,392.65,5.0,8,1.829834835205078,call,2026-09-30,SPY,762.6799926757812,2026-09-17T22:51:38.025037+00:00
410.0,353.35,356.12,347.15,3.0,1,1.6865250048828124,call,2026-09-30,SPY,762.6799926757812,2026-09-17T22:51:38.025037+00:00
415.0,348.35,351.14,340.0,41.0,73,1.6586931127929687,call,2026-09-30,SPY,762.6799926757812,2026-09-17T22:51:38.025037+00:00
420.0,340.57,344.48,341.52,7.0,50,1.5935078918457029,call,2026-09-30,SPY,762.6799926757812,2026-09-17T22:51:38.025037+00:00
425.0,335.59,339.48,341.62,44.0,22,1.5654318603515622,call,2026-09-30,SPY,762.6799926757812,2026-09-17T22:51:38.025037+00:00
440.0,0.0,0.0,303.01,2.0,0,1.0000000000000003e-05,call,2026-09-30,SPY,762.6799926757812,2026-09-17T22:51:38.025037+00:00
450.0,0.0,0.0,303.49,,0,1.0000000000000003e-05,call,2026-09-30,SPY,762.6799926757812,2026-09-17T22:51:38.025037+00:00
460.0,282.14,285.65,229.77,,0,1.0000000000000003e-05,call,2026-09-30,SPY,762.6799926757812,2026-09-17T22:51:38.025037+00:00
470.0,286.58,289.97,275.35,1.0,0,1.0000000000000003e-05,call,2026-09-30,SPY,762.6799926757812,2026-09-17T22:51:38.025037+00:00
475.0,285.89,289.48,287.83,105.0,70,0.86914193359375,call,2026-09-30,SPY,762.6799926757812,2026-09-17T22:51:38.025037+00:00
480.0,288.36,291.88,271.0,2.0,3,1.702760275268555,call,2026-09-30,SPY,762.6799926757812,2026-09-17T22:51:38.025037+00:00
485.0,275.87,279.48,278.1,40.0,29,0.8242205078124999,call,2026-09-30,SPY,762.6799926757812,2026-09-17T22:51:38.025037+00:00
490.0,270.87,274.48,272.82,25.0,16,0.80664255859375,call,2026-09-30,SPY,762.6799926757812,2026-09-17T22:51:38.025037+00:00
495.0,265.87,269.48,268.1,25.0,12,0.789064609375,call,2026-09-30,SPY,762.6799926757812,2026-09-17T22:51:38.025037+00:00
500.0,260.87,264.48,263.08,50.0,59,0.77148666015625,call,2026-09-30,SPY,762.6799926757812,2026-09-17T22:51:38.025037+00:00
505.0,255.93,259.48,258.12,30.0,23,0.7812521875,call,2026-09-30,SPY,762.6799926757812,2026-09-17T22:51:38.025037+00:00
510.0,250.82,254.48,253.09,5.0,6,0.710940390625,call,2026-09-30,SPY,762.6799926757812,2026-09-17T22:51:38.025037+00:00
515.0,245.82,249.48,248.08,50.0,49,0.6953155468750001,call,2026-09-30,SPY,762.6799926757812,2026-09-17T22:51:38.025037+00:00
520.0,240.9,244.48,243.12,30.0,30,0.7187528125,call,2026-09-30,SPY,762.6799926757812,2026-09-17T22:51:38.025037+00:00
525.0,235.9,239.48,238.07,5.0,2,0.70312796875,call,2026-09-30,SPY,762.6799926757812,2026-09-17T22:51:38.025037+00:00
530.0,230.9,234.48,232.94,50.0,46,0.68555001953125,call,2026-09-30,SPY,762.6799926757812,2026-09-17T22:51:38.025037+00:00
535.0,225.9,229.48,227.84,50.0,45,0.6699251757812501,call,2026-09-30,SPY,762.6799926757812,2026-09-17T22:51:38.025037+00:00
540.0,220.83,224.48,222.81,50.0,48,0.6210975390625001,call,2026-09-30,SPY,762.6799926757812,2026-09-17T22:51:38.025037+00:00
545.0,215.95,219.48,218.07,5.0,4,0.6543003320312502,call,2026-09-30,SPY,762.6799926757812,2026-09-17T22:51:38.025037+00:00
550.0,210.9,214.48,213.07,20.0,17,0.6210975390625001,call,2026-09-30,SPY,762.6799926757812,2026-09-17T22:51:38.025037+00:00
555.0,205.94,209.48,208.07,5.0,6,0.6191444335937502,call,2026-09-30,SPY,762.6799926757812,2026-09-17T22:51:38.025037+00:00
560.0,200.9,204.48,203.07,20.0,0,0.5898478515625001,call,2026-09-30,SPY,762.6799926757812,2026-09-17T22:51:38.025037+00:00
565.0,195.91,199.48,198.07,5.0,5,0.57812921875,call,2026-09-30,SPY,762.6799926757812,2026-09-17T22:51:38.025037+00:00
570.0,190.87,194.48,192.84,75.0,68,0.5488326367187502,call,2026-09-30,SPY,762.6799926757812,2026-09-17T22:51:38.025037+00:00
575.0,185.83,189.48,188.19,250.0,351,0.51758294921875,call,2026-09-30,SPY,762.6799926757812,2026-09-17T22:51:38.025037+00:00
580.0,180.83,184.48,183.07,5.0,7,0.5019581054687501,call,2026-09-30,SPY,762.6799926757812,2026-09-17T22:51:38.025037+00:00
585.0,175.91,179.48,177.97,500.0,730,0.516606396484375,call,2026-09-30,SPY,762.6799926757812,2026-09-17T22:51:38.025037+00:00
590.0,170.91,174.48,172.9,95.0,53,0.5019581054687501,call,2026-09-30,SPY,762.6799926757812,2026-09-17T22:51:38.025037+00:00
594.0,166.91,170.48,169.2,2000.0,2031,0.7562280236816408,call,2026-09-30,SPY,762.6799926757812,2026-09-17T22:51:38.025037+00:00
595.0,165.91,169.48,167.94,250.0,403,0.75195560546875,call,2026-09-30,SPY,762.6799926757812,2026-09-17T22:51:38.025037+00:00
596.0,164.91,168.48,166.82,5.0,2,0.7478052563476563,call,2026-09-30,SPY,762.6799926757812,2026-09-17T22:51:38.025037+00:00
597.0,163.91,167.48,166.1,10.0,7,0.7436549072265625,call,2026-09-30,SPY,762.6799926757812,2026-09-17T22:51:38.025037+00:00
598.0,162.91,166.48,165.21,1500.0,1275,0.7393824890136718,call,2026-09-30,SPY,762.6799926757812,2026-09-17T22:51:38.025037+00:00
599.0,161.91,165.48,164.21,1500.0,1699,0.7351100708007812,call,2026-09-30,SPY,762.6799926757812,2026-09-17T22:51:38.025037+00:00
600.0,160.91,164.48,163.11,1502.0,2366,0.7309597216796875,call,2026-09-30,SPY,762.6799926757812,2026-09-17T22:51:38.025037+00:00
601.0,159.91,163.48,161.91,750.0,729,0.7268093725585938,call,2026-09-30,SPY,762.6799926757812,2026-09-17T22:51:38.025037+00:00
602.0,158.95,162.48,160.97,50.0,52,0.7226590234375,call,2026-09-30,SPY,762.6799926757812,2026-09-17T22:51:38.025037+00:00
603.0,157.91,161.48,160.01,50.0,62,0.7183866052246093,call,2026-09-30,SPY,762.6799926757812,2026-09-17T22:51:38.025037+00:00
604.0,156.91,160.48,159.01,50.0,33,0.7142362561035156,call,2026-09-30,SPY,762.6799926757812,2026-09-17T22:51:38.025037+00:00
605.0,155.87,159.48,158.11,1500.0,4879,0.709963837890625,call,2026-09-30,SPY,762.6799926757812,2026-09-17T22:51:38.025037+00:00
606.0,154.91,158.48,157.21,1500.0,1672,0.7058134887695313,call,2026-09-30,SPY,762.6799926757812,2026-09-17T22:51:38.025037+00:00
607.0,153.89,157.48,156.22,15.0,12,0.7016631396484375,call,2026-09-30,SPY,762.6799926757812,2026-09-17T22:51:38.025037+00:00
608.0,152.91,156.48,154.87,150.0,158,0.6975127905273439,call,2026-09-30,SPY,762.6799926757812,2026-09-17T22:51:38.025037+00:00
609.0,151.89,155.48,154.01,50.0,62,0.69336244140625,call,2026-09-30,SPY,762.6799926757812,2026-09-17T22:51:38.025037+00:00
610.0,150.89,154.48,152.92,500.0,941,0.6892120922851563,call,2026-09-30,SPY,762.6799926757812,2026-09-17T22:51:38.025037+00:00
611.0,149.95,153.48,151.81,1000.0,891,0.6850617431640625,call,2026-09-30,SPY,762.6799926757812,2026-09-17T22:51:38.025037+00:00
612.0,148.95,152.48,151.03,100.0,86,0.680911394042969,call,2026-09-30,SPY,762.6799926757812,2026-09-17T22:51:38.025037+00:00
613.0,147.84,151.48,150.01,50.0,54,0.676761044921875,call,2026-09-30,SPY,762.6799926757812,2026-09-17T22:51:38.025037+00:00
614.0,146.89,150.48,149.1,10.0,9,0.6726106958007814,call,2026-09-30,SPY,762.6799926757812,2026-09-17T22:51:38.025037+00:00
615.0,145.88,149.48,147.95,361.0,669,0.6684603466796877,call,2026-09-30,SPY,762.6799926757812,2026-09-17T22:51:38.025037+00:00
616.0,144.88,148.48,147.03,200.0,198,0.664309997558594,call,2026-09-30,SPY,762.6799926757812,2026-09-17T22:51:38.025037+00:00
617.0,143.88,147.48,146.03,100.0,89,0.6601596484375001,call,2026-09-30,SPY,762.6799926757812,2026-09-17T22:51:38.025037+00:00
618.0,142.84,146.48,144.75,200.0,214,0.6560092993164064,call,2026-09-30,SPY,762.6799926757812,2026-09-17T22:51:38.025037+00:00
619.0,141.84,145.48,144.11,50.0,66,0.6518589501953126,call,2026-09-30,SPY,762.6799926757812,2026-09-17T22:51:38.025037+00:00
620.0,140.84,144.48,143.21,1001.0,1266,0.6478306701660157,call,2026-09-30,SPY,762.6799926757812,2026-09-17T22:51:38.025037+00:00
621.0,139.84,143.48,142.1,50.0,32,0.643680321044922,call,2026-09-30,SPY,762.6799926757812,2026-09-17T22:51:38.025037+00:00
622.0,138.84,142.48,141.0,10.0,8,0.6395299719238281,call,2026-09-30,SPY,762.6799926757812,2026-09-17T22:51:38.025037+00:00
623.0,137.92,141.48,139.98,50.0,34,0.6353796228027344,call,2026-09-30,SPY,762.6799926757812,2026-09-17T22:51:38.025037+00:00
624.0,136.92,140.48,139.09,5.0,3,0.6313513427734375,call,2026-09-30,SPY,762.6799926757812,2026-09-17T22:51:38.025037+00:00
625.0,135.92,139.48,138.19,250.0,258,0.6272009936523439,call,2026-09-30,SPY,762.6799926757812,2026-09-17T22:51:38.025037+00:00
626.0,134.92,138.48,137.4,200.0,240,0.62305064453125,call,2026-09-30,SPY,762.6799926757812,2026-09-17T22:51:38.025037+00:00
627.0,133.92,137.48,135.88,163.0,122,0.6190223645019532,call,2026-09-30,SPY,762.6799926757812,2026-09-17T22:51:38.025037+00:00
628.0,132.94,136.48,135.27,15.0,16,0.6148720153808593,call,2026-09-30,SPY,762.6799926757812,2026-09-17T22:51:38.025037+00:00
629.0,131.92,135.48,134.4,200.0,215,0.6108437353515627,call,2026-09-30,SPY,762.6799926757812,2026-09-17T22:51:38.025037+00:00
630.0,130.84,134.48,132.89,1000.0,800,0.6066933862304689,call,2026-09-30,SPY,762.6799926757812,2026-09-17T22:51:38.025037+00:00
631.0,129.94,133.48,131.89,750.0,794,0.6025430371093752,call,2026-09-30,SPY,762.6799926757812,2026-09-17T22:51:38.025037+00:00
632.0,128.94,132.48,131.06,150.0,149,0.5985147570800782,call,2026-09-30,SPY,762.6799926757812,2026-09-17T22:51:38.025037+00:00
633.0,127.94,131.48,130.29,300.0,342,0.5944864770507813,call,2026-09-30,SPY,762.6799926757812,2026-09-17T22:51:38.025037+00:00
634.0,126.94,130.48,129.05,150.0,129,0.5903361279296876,call,2026-09-30,SPY,762.6799926757812,2026-09-17T22:51:38.025037+00:00
635.0,125.93,129.48,127.85,510.0,901,0.5863078479003907,call,2026-09-30,SPY,762.6799926757812,2026-09-17T22:51:38.025037+00:00
636.0,124.93,128.48,127.05,152.0,123,0.5821574987792968,call,2026-09-30,SPY,762.6799926757812,2026-09-17T22:51:38.025037+00:00
637.0,123.94,127.48,126.06,200.0,221,0.57812921875,call,2026-09-30,SPY,762.6799926757812,2026-09-17T22:51:38.025037+00:00
638.0,122.94,126.48,125.29,300.0,284,0.5739788696289063,call,2026-09-30,SPY,762.6799926757812,2026-09-17T22:51:38.025037+00:00
639.0,121.94,125.48,123.92,500.0,565,0.5699505895996093,call,2026-09-30,SPY,762.6799926757812,2026-09-17T22:51:38.025037+00:00
640.0,120.94,124.48,122.99,502.0,813,0.5659223095703125,call,2026-09-30,SPY,762.6799926757812,2026-09-17T22:51:38.025037+00:00
641.0,119.94,123.48,121.92,300.0,340,0.5617719604492188,call,2026-09-30,SPY,762.6799926757812,2026-09-17T22:51:38.025037+00:00
642.0,118.94,122.48,121.29,300.0,299,0.5577436804199221,call,2026-09-30,SPY,762.6799926757812,2026-09-17T22:51:38.025037+00:00
643.0,117.94,121.48,120.0,150.0,144,0.5537154003906251,call,2026-09-30,SPY,762.6799926757812,2026-09-17T22:51:38.025037+00:00
644.0,116.96,120.48,119.06,200.0,214,0.5496871203613283,call,2026-09-30,SPY,762.6799926757812,2026-09-17T22:51:38.025037+00:00
645.0,115.99,119.48,118.13,350.0,559,0.5455367712402344,call,2026-09-30,SPY,762.6799926757812,2026-09-17T22:51:38.025037+00:00
646.0,114.94,118.48,117.11,25.0,26,0.5415084912109377,call,2026-09-30,SPY,762.6799926757812,2026-09-17T22:51:38.025037+00:00
647.0,113.94,117.48,116.06,206.0,204,0.5374802111816408,call,2026-09-30,SPY,762.6799926757812,2026-09-17T22:51:38.025037+00:00
648.0,112.86,116.48,115.09,6.0,4,0.5334519311523438,call,2026-09-30,SPY,762.6799926757812,2026-09-17T22:51:38.025037+00:00
649.0,111.9,115.48,114.1,25.0,0,0.5293015820312501,call,2026-09-30,SPY,762.6799926757812,2026-09-17T22:51:38.025037+00:00
650.0,110.9,114.48,113.09,1502.0,1377,0.5252733020019531,call,2026-09-30,SPY,762.6799926757812,2026-09-17T22:51:38.025037+00:00
651.0,109.9,113.48,111.93,100.0,109,0.5212450219726561,call,2026-09-30,SPY,762.6799926757812,2026-09-17T22:51:38.025037+00:00
652.0,108.9,112.48,110.11,17.0,18,0.5172167419433593,call,2026-09-30,SPY,762.6799926757812,2026-09-17T22:51:38.025037+00:00
653.0,107.95,111.48,109.91,30.0,27,0.5131884619140624,call,2026-09-30,SPY,762.6799926757812,2026-09-17T22:51:38.025037+00:00
654.0,106.85,110.48,109.23,15.0,17,0.5091601818847658,call,2026-09-30,SPY,762.6799926757812,2026-09-17T22:51:38.025037+00:00
655.0,105.85,109.48,108.05,151.0,228,0.5050708673095703,call,2026-09-30,SPY,762.6799926757812,2026-09-17T22:51:38.025037+00:00
656.0,104.85,108.48,107.02,50.0,53,0.5009815527343751,call,2026-09-30,SPY,762.6799926757812,2026-09-17T22:51:38.025037+00:00
657.0,103.85,107.48,105.99,10.0,10,0.49695327270507816,call,2026-09-30,SPY,762.6799926757812,2026-09-17T22:51:38.025037+00:00
658.0,102.85,106.48,105.1,25.0,22,0.4929249926757813,call,2026-09-30,SPY,762.6799926757812,2026-09-17T22:51:38.025037+00:00
659.0,101.95,105.48,103.75,50.0,49,0.4888967126464845,call,2026-09-30,SPY,762.6799926757812,2026-09-17T22:51:38.025037+00:00
660.0,100.95,104.48,103.13,359.0,510,0.4848684326171875,call,2026-09-30,SPY,762.6799926757812,2026-09-17T22:51:38.025037+00:00
661.0,99.85,103.48,102.12,15.0,13,0.4808401525878906,call,2026-09-30,SPY,762.6799926757812,2026-09-17T22:51:38.025037+00:00
662.0,99.01,102.48,101.08,15.0,15,0.47681187255859375,call,2026-09-30,SPY,762.6799926757812,2026-09-17T22:51:38.025037+00:00
663.0,97.93,101.48,99.71,100.0,109,0.4727835925292969,call,2026-09-30,SPY,762.6799926757812,2026-09-17T22:51:38.025037+00:00
664.0,96.93,100.48,99.06,210.0,241,0.4687553125,call,2026-09-30,SPY,762.6799926757812,2026-09-17T22:51:38.025037+00:00
665.0,95.85,99.48,98.05,154.0,150,0.4647270324707031,call,2026-09-30,SPY,762.6799926757812,2026-09-17T22:51:38.025037+00:00
666.0,94.89,98.48,96.75,50.0,67,0.4606987524414063,call,2026-09-30,SPY,762.6799926757812,2026-09-17T22:51:38.025037+00:00
667.0,93.93,97.48,95.89,100.0,97,0.45667047241210945,call,2026-09-30,SPY,762.6799926757812,2026-09-17T22:51:38.025037+00:00
668.0,92.93,96.48,95.05,150.0,125,0.45264219238281256,call,2026-09-30,SPY,762.6799926757812,2026-09-17T22:51:38.025037+00:00
669.0,91.93,95.48,94.13,313.0,282,0.44861391235351555,call,2026-09-30,SPY,762.6799926757812,2026-09-17T22:51:38.025037+00:00
670.0,90.93,94.48,93.22,3015.0,2708,0.4445856323242187,call,2026-09-30,SPY,762.6799926757812,2026-09-17T22:51:38.025037+00:00
671.0,89.97,93.48,92.05,150.0,144,0.4405573522949219,call,2026-09-30,SPY,762.6799926757812,2026-09-17T22:51:38.025037+00:00
672.0,88.93,92.48,90.75,50.0,36,0.436529072265625,call,2026-09-30,SPY,762.6799926757812,2026-09-17T22:51:38.025037+00:00
673.0,87.93,91.48,90.11,50.0,34,0.4325007922363281,call,2026-09-30,SPY,762.6799926757812,2026-09-17T22:51:38.025037+00:00
674.0,86.93,90.48,88.89,100.0,80,0.42847251220703125,call,2026-09-30,SPY,762.6799926757812,2026-09-17T22:51:38.025037+00:00
675.0,85.93,89.48,88.06,260.0,424,0.42438319763183596,call,2026-09-30,SPY,762.6799926757812,2026-09-17T22:51:38.025037+00:00
676.0,84.93,88.48,86.85,50.0,43,0.42035491760253907,call,2026-09-30,SPY,762.6799926757812,2026-09-17T22:51:38.025037+00:00
677.0,83.93,87.48,86.13,310.0,274,0.4163266375732422,call,2026-09-30,SPY,762.6799926757812,2026-09-17T22:51:38.025037+00:00
678.0,82.93,86.48,85.09,25.0,29,0.4122983575439453,call,2026-09-30,SPY,762.6799926757812,2026-09-17T22:51:38.025037+00:00
679.0,81.93,85.48,83.89,100.0,89,0.4082700775146484,call,2026-09-30,SPY,762.6799926757812,2026-09-17T22:51:38.025037+00:00
680.0,80.93,84.48,82.88,814.0,1382,0.40418076293945315,call,2026-09-30,SPY,762.6799926757812,2026-09-17T22:51:38.025037+00:00
681.0,79.91,83.48,81.84,53.0,39,0.40015248291015626,call,2026-09-30,SPY,762.6799926757812,2026-09-17T22:51:38.025037+00:00
682.0,78.86,82.48,81.4,150.0,139,0.3961242028808594,call,2026-09-30,SPY,762.6799926757812,2026-09-17T22:51:38.025037+00:00
683.0,77.86,81.48,80.4,151.0,155,0.3920959228515625,call,2026-09-30,SPY,762.6799926757812,2026-09-17T22:51:38.025037+00:00
684.0,76.86,80.48,78.78,50.0,60,0.3880676428222656,call,2026-09-30,SPY,762.6799926757812,2026-09-17T22:51:38.025037+00:00
685.0,75.94,79.48,78.13,377.0,509,0.38403936279296874,call,2026-09-30,SPY,762.6799926757812,2026-09-17T22:51:38.025037+00:00
686.0,74.86,78.48,76.82,104.0,105,0.3800110827636719,call,2026-09-30,SPY,762.6799926757812,2026-09-17T22:51:38.025037+00:00
687.0,73.93,77.48,76.05,210.0,194,0.375982802734375,call,2026-09-30,SPY,762.6799926757812,2026-09-17T22:51:38.025037+00:00
688.0,72.91,76.48,74.48,10.0,82,0.3719545227050781,call,2026-09-30,SPY,762.6799926757812,2026-09-17T22:51:38.025037+00:00
689.0,71.95,75.48,71.35,2.0,166,0.3678652081298829,call,2026-09-30,SPY,762.6799926757812,2026-09-17T22:51:38.025037+00:00
690.0,70.95,74.48,74.62,25.0,696,0.36377589355468753,call,2026-09-30,SPY,762.6799926757812,2026-09-17T22:51:38.025037+00:00
691.0,69.91,73.48,71.38,9.0,306,0.3597476135253906,call,2026-09-30,SPY,762.6799926757812,2026-09-17T22:51:38.025037+00:00
692.0,68.97,72.48,69.55,10.0,11,0.3557193334960937,call,2026-09-30,SPY,762.6799926757812,2026-09-17T22:51:38.025037+00:00
693.0,67.97,71.48,74.04,1.0,2,0.35169105346679685,call,2026-09-30,SPY,762.6799926757812,2026-09-17T22:51:38.025037+00:00
694.0,66.97,70.48,76.66,4.0,6,0.3476017388916015,call,2026-09-30,SPY,762.6799926757812,2026-09-17T22:51:38.025037+00:00
695.0,65.94,69.48,67.27,9.0,744,0.3435124243164062,call,2026-09-30,SPY,762.6799926757812,2026-09-17T22:51:38.025037+00:00
696.0,64.94,68.48,74.69,4.0,7,0.3394841442871094,call,2026-09-30,SPY,762.6799926757812,2026-09-17T22:51:38.025037+00:00
697.0,63.97,67.48,67.56,2.0,0,0.3354558642578125,call,2026-09-30,SPY,762.6799926757812,2026-09-17T22:51:38.025037+00:00
698.0,62.98,66.48,64.21,2.0,22,0.33130551513671874,call,2026-09-30,SPY,762.6799926757812,2026-09-17T22:51:38.025037+00:00
699.0,61.98,65.48,63.64,1705.0,859,0.3272772351074219,call,2026-09-30,SPY,762.6799926757812,2026-09-17T22:51:38.025037+00:00
700.0,60.9,64.48,62.64,96.0,2398,0.32318792053222645,call,2026-09-30,SPY,762.6799926757812,2026-09-17T22:51:38.025037+00:00
701.0,59.98,63.48,58.79,302.0,160,0.31909860595703116,call,2026-09-30,SPY,762.6799926757812,2026-09-17T22:51:38.025037+00:00
702.0,58.97,62.48,50.25,1.0,43,0.31500929138183587,call,2026-09-30,SPY,762.6799926757812,2026-09-17T22:51:38.025037+00:00
703.0,57.98,61.48,57.48,153.0,73,0.3109199768066406,call,2026-09-30,SPY,762.6799926757812,2026-09-17T22:51:38.025037+00:00
704.0,56.99,60.48,58.41,5.0,31,0.3068306622314453,call,2026-09-30,SPY,762.6799926757812,2026-09-17T22:51:38.025037+00:00
705.0,55.9,59.48,57.88,5.0,1040,0.30274134765625,call,2026-09-30,SPY,762.6799926757812,2026-09-17T22:51:38.025037+00:00
706.0,55.0,58.48,58.97,2.0,11,0.2986520330810546,call,2026-09-30,SPY,762.6799926757812,2026-09-17T22:51:38.025037+00:00
707.0,54.0,57.48,54.32,1.0,19,0.29456271850585936,call,2026-09-30,SPY,762.6799926757812,2026-09-17T22:51:38.025037+00:00
708.0,53.0,56.48,54.61,4.0,1271,0.29041236938476556,call,2026-09-30,SPY,762.6799926757812,2026-09-17T22:51:38.025037+00:00
709.0,52.0,55.48,50.69,2.0,8,0.28626202026367187,call,2026-09-30,SPY,762.6799926757812,2026-09-17T22:51:38.025037+00:00
710.0,50.91,54.48,52.87,15.0,926,0.2821727056884765,call,2026-09-30,SPY,762.6799926757812,2026-09-17T22:51:38.025037+00:00
711.0,50.01,53.48,49.48,198.0,118,0.27802235656738283,call,2026-09-30,SPY,762.6799926757812,2026-09-17T22:51:38.025037+00:00
712.0,49.0,52.48,47.39,224.0,120,0.2739330419921875,call,2026-09-30,SPY,762.6799926757812,2026-09-17T22:51:38.025037+00:00
713.0,48.0,51.48,49.42,2.0,273,0.26978269287109374,call,2026-09-30,SPY,762.6799926757812,2026-09-17T22:51:38.025037+00:00
714.0,47.01,50.48,46.19,3.0,11,0.26563234375,call,2026-09-30,SPY,762.6799926757812,2026-09-17T22:51:38.025037+00:00
715.0,46.02,49.48,48.11,5.0,2049,0.26142096008300786,call,2026-09-30,SPY,762.6799926757812,2026-09-17T22:51:38.025037+00:00
716.0,45.0,48.48,40.8,41.0,343,0.25727061096191406,call,2026-09-30,SPY,762.6799926757812,2026-09-17T22:51:38.025037+00:00
717.0,44.06,47.48,42.0,4.0,176,0.25312026184082037,call,2026-09-30,SPY,762.6799926757812,2026-09-17T22:51:38.025037+00:00
718.0,43.06,44.85,44.22,4.0,601,0.1606529248046875,call,2026-09-30,SPY,762.6799926757812,2026-09-17T22:51:38.025037+00:00
719.0,42.05,45.48,42.02,2.0,257,0.24469749450683598,call,2026-09-30,SPY,762.6799926757812,2026-09-17T22:51:38.025037+00:00
720.0,41.08,44.48,42.67,77.0,1957,0.24048611083984373,call,2026-09-30,SPY,762.6799926757812,2026-09-17T22:51:38.025037+00:00
721.0,40.14,43.48,41.56,2.0,1376,0.23633576171874998,call,2026-09-30,SPY,762.6799926757812,2026-09-17T22:51:38.025037+00:00
722.0,39.11,42.48,40.56,21.0,485,0.23206334350585936,call,2026-09-30,SPY,762.6799926757812,2026-09-17T22:51:38.025037+00:00
723.0,37.85,41.48,38.4,2.0,655,0.2278519598388672,call,2026-09-30,SPY,762.6799926757812,2026-09-17T22:51:38.025037+00:00
724.0,36.89,40.48,37.16,19.0,777,0.22357954162597654,call,2026-09-30,SPY,762.6799926757812,2026-09-17T22:51:38.025037+00:00
725.0,35.91,39.49,38.25,73.0,1943,0.21967333068847655,call,2026-09-30,SPY,762.6799926757812,2026-09-17T22:51:38.025037+00:00
726.0,34.92,38.5,29.52,9.0,748,0.21576711975097657,call,2026-09-30,SPY,762.6799926757812,2026-09-17T22:51:38.025037+00:00
727.0,33.97,37.51,34.18,2.0,800,0.2117998742675781,call,2026-09-30,SPY,762.6799926757812,2026-09-17T22:51:38.025037+00:00
728.0,33.0,36.55,32.36,403.0,876,0.20880918151855465,call,2026-09-30,SPY,762.6799926757812,2026-09-17T22:51:38.025037+00:00
729.0,32.08,35.59,32.92,1.0,565,0.20575745422363279,call,2026-09-30,SPY,762.6799926757812,2026-09-17T22:51:38.025037+00:00
730.0,31.1,33.75,33.0,119.0,6275,0.17182224670410157,call,2026-09-30,SPY,762.6799926757812,2026-09-17T22:51:38.025037+00:00
731.0,30.14,33.7,24.97,1.0,1134,0.2003864141845703,call,2026-09-30,SPY,762.6799926757812,2026-09-17T22:51:38.025037+00:00
732.0,29.17,32.75,29.73,46.0,969,0.1974567559814453,call,2026-09-30,SPY,762.6799926757812,2026-09-17T22:51:38.025037+00:00
733.0,28.22,31.81,26.95,199.0,961,0.1947102014160156,call,2026-09-30,SPY,762.6799926757812,2026-09-17T22:51:38.025037+00:00
734.0,27.27,30.88,22.81,6.0,737,0.1922077850341797,call,2026-09-30,SPY,762.6799926757812,2026-09-17T22:51:38.025037+00:00
735.0,26.68,28.79,28.74,6.0,1774,0.15320671020507814,call,2026-09-30,SPY,762.6799926757812,2026-09-17T22:51:38.025037+00:00
736.0,25.39,29.02,18.85,65.0,743,0.18689777954101564,call,2026-09-30,SPY,762.6799926757812,2026-09-17T22:51:38.025037+00:00
737.0,24.46,28.1,26.47,25.0,601,0.18433432861328125,call,2026-09-30,SPY,762.6799926757812,2026-09-17T22:51:38.025037+00:00
738.0,24.04,25.89,25.05,4.0,365,0.1442346319580078,call,2026-09-30,SPY,762.6799926757812,2026-09-17T22:51:38.025037+00:00
739.0,23.34,24.95,24.96,5.0,304,0.1419763537597656,call,2026-09-30,SPY,762.6799926757812,2026-09-17T22:51:38.025037+00:00
740.0,22.3,24.55,23.42,196.0,2750,0.1554039538574219,call,2026-09-30,SPY,762.6799926757812,2026-09-17T22:51:38.025037+00:00
741.0,21.34,23.66,22.07,7.0,581,0.1538170556640625,call,2026-09-30,SPY,762.6799926757812,2026-09-17T22:51:38.025037+00:00
742.0,20.84,22.16,21.63,72.0,1514,0.135323588256836,call,2026-09-30,SPY,762.6799926757812,2026-09-17T22:51:38.025037+00:00
743.0,19.02,21.88,20.36,1.0,862,0.1500329138183594,call,2026-09-30,SPY,762.6799926757812,2026-09-17T22:51:38.025037+00:00
744.0,18.84,21.0,18.92,2.0,643,0.14814084289550783,call,2026-09-30,SPY,762.6799926757812,2026-09-17T22:51:38.025037+00:00
745.0,18.38,19.37,19.35,1294.0,4626,0.12738909729003906,call,2026-09-30,SPY,762.6799926757812,2026-09-17T22:51:38.025037+00:00
746.0,17.6,19.26,18.04,403.0,775,0.144265149230957,call,2026-09-30,SPY,762.6799926757812,2026-09-17T22:51:38.025037+00:00
747.0,15.58,18.41,17.52,11.0,943,0.14249514739990232,call,2026-09-30,SPY,762.6799926757812,2026-09-17T22:51:38.025037+00:00
748.0,15.73,16.7,16.85,351.0,478,0.12113305633544921,call,2026-09-30,SPY,762.6799926757812,2026-09-17T22:51:38.025037+00:00
749.0,15.05,15.84,15.96,6.0,428,0.11933253723144531,call,2026-09-30,SPY,762.6799926757812,2026-09-17T22:51:38.025037+00:00
750.0,14.21,14.99,15.08,1139.0,4686,0.1175015008544922,call,2026-09-30,SPY,762.6799926757812,2026-09-17T22:51:38.025037+00:00
751.0,12.58,14.15,14.46,426.0,963,0.11567046447753906,call,2026-09-30,SPY,762.6799926757812,2026-09-17T22:51:38.025037+00:00
752.0,12.84,13.34,13.42,40.0,623,0.11420563537597657,call,2026-09-30,SPY,762.6799926757812,2026-09-17T22:51:38.025037+00:00
753.0,12.08,12.53,13.0,222.0,624,0.11240511627197264,call,2026-09-30,SPY,762.6799926757812,2026-09-17T22:51:38.025037+00:00
754.0,11.32,11.75,12.11,123.0,569,0.11094028717041014,call,2026-09-30,SPY,762.6799926757812,2026-09-17T22:51:38.025037+00:00
755.0,10.56,10.98,10.95,159.0,3580,0.10932287170410156,call,2026-09-30,SPY,762.6799926757812,2026-09-17T22:51:38.025037+00:00
756.0,10.01,10.25,10.25,46.0,1163,0.10813269805908202,call,2026-09-30,SPY,762.6799926757812,2026-09-17T22:51:38.025037+00:00
757.0,9.17,9.54,9.5,800.0,1392,0.1069425244140625,call,2026-09-30,SPY,762.6799926757812,2026-09-17T22:51:38.025037+00:00
758.0,8.48,8.84,8.93,316.0,1128,0.10556924713134765,call,2026-09-30,SPY,762.6799926757812,2026-09-17T22:51:38.025037+00:00
759.0,7.82,8.19,8.28,206.0,1740,0.1046842462158203,call,2026-09-30,SPY,762.6799926757812,2026-09-17T22:51:38.025037+00:00
760.0,7.33,7.39,7.45,2367.0,4754,0.10083906982421875,call,2026-09-30,SPY,762.6799926757812,2026-09-17T22:51:38.025037+00:00
761.0,6.72,6.77,6.83,1710.0,5327,0.09970993072509765,call,2026-09-30,SPY,762.6799926757812,2026-09-17T22:51:38.025037+00:00
762.0,6.13,6.19,6.32,657.0,2323,0.0987944125366211,call,2026-09-30,SPY,762.6799926757812,2026-09-17T22:51:38.025037+00:00
763.0,5.57,5.63,5.65,779.0,1155,0.09775682525634766,call,2026-09-30,SPY,762.6799926757812,2026-09-17T22:51:38.025037+00:00
764.0,5.04,5.1,5.22,498.0,1371,0.09678027252197266,call,2026-09-30,SPY,762.6799926757812,2026-09-17T22:51:38.025037+00:00
765.0,4.54,4.59,4.65,3764.0,4885,0.09565113342285157,call,2026-09-30,SPY,762.6799926757812,2026-09-17T22:51:38.025037+00:00
766.0,4.07,4.12,4.15,191.0,1791,0.09473561523437501,call,2026-09-30,SPY,762.6799926757812,2026-09-17T22:51:38.025037+00:00
767.0,3.63,3.68,3.77,450.0,1555,0.09382009704589844,call,2026-09-30,SPY,762.6799926757812,2026-09-17T22:51:38.025037+00:00
768.0,3.22,3.27,3.29,344.0,1559,0.0929350961303711,call,2026-09-30,SPY,762.6799926757812,2026-09-17T22:51:38.025037+00:00
769.0,2.84,2.89,2.91,330.0,2469,0.09205009521484375,call,2026-09-30,SPY,762.6799926757812,2026-09-17T22:51:38.025037+00:00
770.0,2.5,2.54,2.53,3199.0,5957,0.09119561157226563,call,2026-09-30,SPY,762.6799926757812,2026-09-17T22:51:38.025037+00:00
771.0,2.18,2.22,2.23,465.0,1764,0.09037164520263671,call,2026-09-30,SPY,762.6799926757812,2026-09-17T22:51:38.025037+00:00
772.0,1.9,1.93,1.95,681.0,1974,0.08960871337890625,call,2026-09-30,SPY,762.6799926757812,2026-09-17T22:51:38.025037+00:00
773.0,1.64,1.67,1.65,829.0,2616,0.088876298828125,call,2026-09-30,SPY,762.6799926757812,2026-09-17T22:51:38.025037+00:00
774.0,1.42,1.44,1.46,285.0,1471,0.08826595336914064,call,2026-09-30,SPY,762.6799926757812,2026-09-17T22:51:38.025037+00:00
775.0,1.21,1.24,1.23,7568.0,16858,0.08783871154785157,call,2026-09-30,SPY,762.6799926757812,2026-09-17T22:51:38.025037+00:00
776.0,1.04,1.06,1.1,175.0,1063,0.08735043518066407,call,2026-09-30,SPY,762.6799926757812,2026-09-17T22:51:38.025037+00:00
777.0,0.88,0.9,0.98,1227.0,3135,0.08686215881347657,call,2026-09-30,SPY,762.6799926757812,2026-09-17T22:51:38.025037+00:00
778.0,0.75,0.77,0.79,421.0,2606,0.0867400897216797,call,2026-09-30,SPY,762.6799926757812,2026-09-17T22:51:38.025037+00:00
779.0,0.63,0.64,0.73,3249.0,5975,0.08606870971679689,call,2026-09-30,SPY,762.6799926757812,2026-09-17T22:51:38.025037+00:00
780.0,0.53,0.55,0.54,20676.0,31205,0.08625181335449221,call,2026-09-30,SPY,762.6799926757812,2026-09-17T22:51:38.025037+00:00
781.0,0.45,0.46,0.53,325.0,2270,0.08594664062500001,call,2026-09-30,SPY,762.6799926757812,2026-09-17T22:51:38.025037+00:00
782.0,0.38,0.39,0.43,714.0,1799,0.08606870971679689,call,2026-09-30,SPY,762.6799926757812,2026-09-17T22:51:38.025037+00:00
783.0,0.32,0.33,0.36,373.0,1203,0.08619077880859377,call,2026-09-30,SPY,762.6799926757812,2026-09-17T22:51:38.025037+00:00
784.0,0.27,0.28,0.31,581.0,1518,0.08643491699218751,call,2026-09-30,SPY,762.6799926757812,2026-09-17T22:51:38.025037+00:00
785.0,0.23,0.24,0.24,1907.0,5048,0.08692319335937501,call,2026-09-30,SPY,762.6799926757812,2026-09-17T22:51:38.025037+00:00
786.0,0.2,0.21,0.21,417.0,21471,0.08765560791015625,call,2026-09-30,SPY,762.6799926757812,2026-09-17T22:51:38.025037+00:00
787.0,0.17,0.18,0.2,1148.0,2115,0.08814388427734376,call,2026-09-30,SPY,762.6799926757812,2026-09-17T22:51:38.025037+00:00
788.0,0.15,0.16,0.17,133.0,1388,0.08924250610351564,call,2026-09-30,SPY,762.6799926757812,2026-09-17T22:51:38.025037+00:00
789.0,0.13,0.14,0.14,1060.0,2871,0.09009698974609376,call,2026-09-30,SPY,762.6799926757812,2026-09-17T22:51:38.025037+00:00
790.0,0.11,0.12,0.12,4830.0,12305,0.09058526611328124,call,2026-09-30,SPY,762.6799926757812,2026-09-17T22:51:38.025037+00:00
791.0,0.1,0.11,0.12,115.0,1421,0.09205009521484375,call,2026-09-30,SPY,762.6799926757812,2026-09-17T22:51:38.025037+00:00
792.0,0.09,0.1,0.1,424.0,1634,0.0932707861328125,call,2026-09-30,SPY,762.6799926757812,2026-09-17T22:51:38.025037+00:00
793.0,0.08,0.09,0.08,378.0,1848,0.09449147705078126,call,2026-09-30,SPY,762.6799926757812,2026-09-17T22:51:38.025037+00:00
794.0,0.07,0.08,0.09,434.0,3308,0.09546802978515626,call,2026-09-30,SPY,762.6799926757812,2026-09-17T22:51:38.025037+00:00
795.0,0.07,0.08,0.08,413.0,4914,0.0981535498046875,call,2026-09-30,SPY,762.6799926757812,2026-09-17T22:51:38.025037+00:00
796.0,0.06,0.07,0.09,236.0,922,0.098641826171875,call,2026-09-30,SPY,762.6799926757812,2026-09-17T22:51:38.025037+00:00
797.0,0.06,0.07,0.07,167.0,887,0.1010832080078125,call,2026-09-30,SPY,762.6799926757812,2026-09-17T22:51:38.025037+00:00
798.0,0.05,0.06,0.04,20.0,1126,0.10157148437499999,call,2026-09-30,SPY,762.6799926757812,2026-09-17T22:51:38.025037+00:00
799.0,0.05,0.06,0.06,26.0,1372,0.10401286621093749,call,2026-09-30,SPY,762.6799926757812,2026-09-17T22:51:38.025037+00:00
800.0,0.05,0.06,0.05,1131.0,60624,0.106454248046875,call,2026-09-30,SPY,762.6799926757812,2026-09-17T22:51:38.025037+00:00
801.0,0.04,0.05,0.06,3.0,1785,0.106454248046875,call,2026-09-30,SPY,762.6799926757812,2026-09-17T22:51:38.025037+00:00
802.0,0.04,0.05,0.05,44.0,829,0.108407353515625,call,2026-09-30,SPY,762.6799926757812,2026-09-17T22:51:38.025037+00:00
803.0,0.04,0.05,0.05,1.0,3033,0.11084873535156249,call,2026-09-30,SPY,762.6799926757812,2026-09-17T22:51:38.025037+00:00
804.0,0.04,0.05,0.05,11.0,735,0.1132901171875,call,2026-09-30,SPY,762.6799926757812,2026-09-17T22:51:38.025037+00:00
805.0,0.04,0.05,0.04,70.0,4637,0.1157314990234375,call,2026-09-30,SPY,762.6799926757812,2026-09-17T22:51:38.025037+00:00
806.0,0.03,0.04,0.04,1.0,1236,0.1147549462890625,call,2026-09-30,SPY,762.6799926757812,2026-09-17T22:51:38.025037+00:00
807.0,0.03,0.04,0.04,5.0,2417,0.117196328125,call,2026-09-30,SPY,762.6799926757812,2026-09-17T22:51:38.025037+00:00
808.0,0.03,0.04,0.04,2.0,619,0.11914943359374999,call,2026-09-30,SPY,762.6799926757812,2026-09-17T22:51:38.025037+00:00
809.0,0.03,0.04,0.03,15.0,7567,0.1215908154296875,call,2026-09-30,SPY,762.6799926757812,2026-09-17T22:51:38.025037+00:00
810.0,0.03,0.04,0.03,5.0,11237,0.124032197265625,call,2026-09-30,SPY,762.6799926757812,2026-09-17T22:51:38.025037+00:00
811.0,0.03,0.04,0.03,1.0,1806,0.125985302734375,call,2026-09-30,SPY,762.6799926757812,2026-09-17T22:51:38.025037+00:00
812.0,0.03,0.04,0.03,4.0,790,0.12842668457031248,call,2026-09-30,SPY,762.6799926757812,2026-09-17T22:51:38.025037+00:00
813.0,0.02,0.03,0.03,1.0,413,0.125985302734375,call,2026-09-30,SPY,762.6799926757812,2026-09-17T22:51:38.025037+00:00
814.0,0.02,0.03,0.03,1.0,3568,0.1289149609375,call,2026-09-30,SPY,762.6799926757812,2026-09-17T22:51:38.025037+00:00
815.0,0.02,0.03,0.03,2.0,3991,0.13086806640624998,call,2026-09-30,SPY,762.6799926757812,2026-09-17T22:51:38.025037+00:00
816.0,0.02,0.03,0.03,10.0,3211,0.132821171875,call,2026-09-30,SPY,762.6799926757812,2026-09-17T22:51:38.025037+00:00
817.0,0.02,0.03,0.02,4.0,774,0.13477427734375003,call,2026-09-30,SPY,762.6799926757812,2026-09-17T22:51:38.025037+00:00
818.0,0.02,0.03,0.03,2.0,276,0.13672738281250002,call,2026-09-30,SPY,762.6799926757812,2026-09-17T22:51:38.025037+00:00
819.0,0.02,0.03,0.02,7.0,2019,0.139657041015625,call,2026-09-30,SPY,762.6799926757812,2026-09-17T22:51:38.025037+00:00
820.0,0.02,0.03,0.02,10.0,2909,0.141610146484375,call,2026-09-30,SPY,762.6799926757812,2026-09-17T22:51:38.025037+00:00
821.0,0.02,0.03,0.05,16.0,713,0.143563251953125,call,2026-09-30,SPY,762.6799926757812,2026-09-17T22:51:38.025037+00:00
822.0,0.02,0.03,0.06,31.0,201,0.145516357421875,call,2026-09-30,SPY,762.6799926757812,2026-09-17T22:51:38.025037+00:00
823.0,0.02,0.03,0.02,98.0,220,0.147469462890625,call,2026-09-30,SPY,762.6799926757812,2026-09-17T22:51:38.025037+00:00
824.0,0.02,0.03,0.02,2.0,3733,0.149422568359375,call,2026-09-30,SPY,762.6799926757812,2026-09-17T22:51:38.025037+00:00
825.0,0.02,0.03,0.02,36.0,42235,0.15235222656250003,call,2026-09-30,SPY,762.6799926757812,2026-09-17T22:51:38.025037+00:00
826.0,0.02,0.03,0.04,6.0,13922,0.15430533203125002,call,2026-09-30,SPY,762.6799926757812,2026-09-17T22:51:38.025037+00:00
827.0,0.02,0.03,0.02,2.0,215,0.1562584375,call,2026-09-30,SPY,762.6799926757812,2026-09-17T22:51:38.025037+00:00
828.0,0.01,0.02,0.02,101.0,1471,0.15235222656250003,call,2026-09-30,SPY,762.6799926757812,2026-09-17T22:51:38.025037+00:00
829.0,0.01,0.02,0.02,101.0,1298,0.15430533203125002,call,2026-09-30,SPY,762.6799926757812,2026-09-17T22:51:38.025037+00:00
830.0,0.01,0.02,0.01,346.0,2422,0.1562584375,call,2026-09-30,SPY,762.6799926757812,2026-09-17T22:51:38.025037+00:00
831.0,0.01,0.02,0.02,5.0,482,0.15821154296875,call,2026-09-30,SPY,762.6799926757812,2026-09-17T22:51:38.025037+00:00
832.0,0.01,0.02,0.01,1.0,916,0.1601646484375,call,2026-09-30,SPY,762.6799926757812,2026-09-17T22:51:38.025037+00:00
833.0,0.01,0.02,0.01,1.0,198,0.16211775390625,call,2026-09-30,SPY,762.6799926757812,2026-09-17T22:51:38.025037+00:00
834.0,0.01,0.02,0.03,30.0,431,0.16407085937500002,call,2026-09-30,SPY,762.6799926757812,2026-09-17T22:51:38.025037+00:00
835.0,0.01,0.02,0.01,6.0,1080,0.16602396484375004,call,2026-09-30,SPY,762.6799926757812,2026-09-17T22:51:38.025037+00:00
836.0,0.01,0.02,0.01,100.0,136,0.16797707031250003,call,2026-09-30,SPY,762.6799926757812,2026-09-17T22:51:38.025037+00:00
837.0,0.01,0.02,0.06,4.0,372,0.16993017578125003,call,2026-09-30,SPY,762.6799926757812,2026-09-17T22:51:38.025037+00:00
838.0,0.01,0.02,0.04,1.0,727,0.17188328125000002,call,2026-09-30,SPY,762.6799926757812,2026-09-17T22:51:38.025037+00:00
839.0,0.01,0.02,0.02,96.0,738,0.17383638671875,call,2026-09-30,SPY,762.6799926757812,2026-09-17T22:51:38.025037+00:00
840.0,0.01,0.02,0.02,200.0,638,0.1757894921875,call,2026-09-30,SPY,762.6799926757812,2026-09-17T22:51:38.025037+00:00
841.0,0.01,0.02,0.05,1.0,107,0.17774259765625,call,2026-09-30,SPY,762.6799926757812,2026-09-17T22:51:38.025037+00:00
842.0,0.01,0.02,0.02,200.0,1546,0.179695703125,call,2026-09-30,SPY,762.6799926757812,2026-09-17T22:51:38.025037+00:00
843.0,0.01,0.02,0.02,17.0,973,0.18164880859375,call,2026-09-30,SPY,762.6799926757812,2026-09-17T22:51:38.025037+00:00
844.0,0.01,0.02,0.01,2.0,225,0.18360191406249998,call,2026-09-30,SPY,762.6799926757812,2026-09-17T22:51:38.025037+00:00
845.0,0.01,0.02,0.01,1.0,2254,0.18555501953124998,call,2026-09-30,SPY,762.6799926757812,2026-09-17T22:51:38.025037+00:00
846.0,0.01,0.02,0.01,200.0,1007,0.187508125,call,2026-09-30,SPY,762.6799926757812,2026-09-17T22:51:38.025037+00:00
847.0,0.01,0.02,0.02,208.0,868,0.18946123046875002,call,2026-09-30,SPY,762.6799926757812,2026-09-17T22:51:38.025037+00:00
848.0,0.01,0.02,0.01,1.0,935,0.1914143359375,call,2026-09-30,SPY,762.6799926757812,2026-09-17T22:51:38.025037+00:00
849.0,0.01,0.02,0.02,100.0,866,0.19336744140625,call,2026-09-30,SPY,762.6799926757812,2026-09-17T22:51:38.025037+00:00
850.0,0.01,0.02,0.02,52.0,5768,0.195320546875,call,2026-09-30,SPY,762.6799926757812,2026-09-17T22:51:38.025037+00:00
851.0,0.01,0.02,0.03,15.0,56,0.19727365234375,call,2026-09-30,SPY,762.6799926757812,2026-09-17T22:51:38.025037+00:00
852.0,0.01,0.02,0.02,6.0,653,0.1992267578125,call,2026-09-30,SPY,762.6799926757812,2026-09-17T22:51:38.025037+00:00
853.0,0.01,0.02,0.01,5.0,1443,0.20117986328124998,call,2026-09-30,SPY,762.6799926757812,2026-09-17T22:51:38.025037+00:00
854.0,0.01,0.02,0.03,2.0,1275,0.20313296874999998,call,2026-09-30,SPY,762.6799926757812,2026-09-17T22:51:38.025037+00:00
855.0,0.01,0.02,0.01,100.0,417,0.20410952148437497,call,2026-09-30,SPY,762.6799926757812,2026-09-17T22:51:38.025037+00:00
856.0,0.01,0.02,0.01,100.0,545,0.20508607421874997,call,2026-09-30,SPY,762.6799926757812,2026-09-17T22:51:38.025037+00:00
857.0,0.01,0.02,0.02,600.0,1273,0.20703917968749996,call,2026-09-30,SPY,762.6799926757812,2026-09-17T22:51:38.025037+00:00
858.0,0.01,0.02,0.02,20.0,1124,0.20899228515624996,call,2026-09-30,SPY,762.6799926757812,2026-09-17T22:51:38.025037+00:00
859.0,0.01,0.02,0.01,2.0,860,0.21094539062499998,call,2026-09-30,SPY,762.6799926757812,2026-09-17T22:51:38.025037+00:00
860.0,0.01,0.02,0.01,28.0,820,0.21289849609375,call,2026-09-30,SPY,762.6799926757812,2026-09-17T22:51:38.025037+00:00
865.0,0.0,0.01,0.01,18.0,3591,0.21094539062499998,call,2026-09-30,SPY,762.6799926757812,2026-09-17T22:51:38.025037+00:00
870.0,0.0,0.01,0.02,59.0,1404,0.21875781249999998,call,2026-09-30,SPY,762.6799926757812,2026-09-17T22:51:38.025037+00:00
875.0,0.0,0.01,0.03,30.0,726,0.22657023437499998,call,2026-09-30,SPY,762.6799926757812,2026-09-17T22:51:38.025037+00:00
880.0,0.0,0.01,0.01,8.0,995,0.23438265625,call,2026-09-30,SPY,762.6799926757812,2026-09-17T22:51:38.025037+00:00
885.0,0.0,0.01,0.01,63.0,624,0.242195078125,call,2026-09-30,SPY,762.6799926757812,2026-09-17T22:51:38.025037+00:00
890.0,0.0,0.01,0.01,83.0,625,0.25391371093750004,call,2026-09-30,SPY,762.6799926757812,2026-09-17T22:51:38.025037+00:00
895.0,0.0,0.01,0.02,1.0,4431,0.2617261328125,call,2026-09-30,SPY,762.6799926757812,2026-09-17T22:51:38.025037+00:00
900.0,0.0,0.01,0.01,1.0,6856,0.2695385546875,call,2026-09-30,SPY,762.6799926757812,2026-09-17T22:51:38.025037+00:00
375.0,0.0,0.01,0.01,20.0,15567,1.0312548437500002,put,2026-09-30,SPY,762.6799926757812,2026-09-17T22:51:38.025037+00:00
380.0,0.0,0.01,0.02,120.0,11609,1.000005,put,2026-09-30,SPY,762.6799926757812,2026-09-17T22:51:38.025037+00:00
385.0,0.0,0.01,0.01,340.0,9275,0.98437515625,put,2026-09-30,SPY,762.6799926757812,2026-09-17T22:51:38.025037+00:00
390.0,0.0,0.01,0.01,50.0,1739,0.9687503125,put,2026-09-30,SPY,762.6799926757812,2026-09-17T22:51:38.025037+00:00
395.0,0.0,0.01,0.01,1.0,3683,0.937500625,put,2026-09-30,SPY,762.6799926757812,2026-09-17T22:51:38.025037+00:00
400.0,0.0,0.01,0.01,32.0,10009,0.937500625,put,2026-09-30,SPY,762.6799926757812,2026-09-17T22:51:38.025037+00:00
405.0,0.0,0.01,0.01,50.0,9932,0.9062509375,put,2026-09-30,SPY,762.6799926757812,2026-09-17T22:51:38.025037+00:00
410.0,0.0,0.01,0.01,200.0,2305,0.9062509375,put,2026-09-30,SPY,762.6799926757812,2026-09-17T22:51:38.025037+00:00
415.0,0.0,0.01,0.01,300.0,3557,0.87500125,put,2026-09-30,SPY,762.6799926757812,2026-09-17T22:51:38.025037+00:00
420.0,0.0,0.01,0.01,24.0,870,0.85937640625,put,2026-09-30,SPY,762.6799926757812,2026-09-17T22:51:38.025037+00:00
425.0,0.0,0.01,0.02,15.0,3338,0.8437515624999999,put,2026-09-30,SPY,762.6799926757812,2026-09-17T22:51:38.025037+00:00
430.0,0.0,0.01,0.01,201.0,655,0.8281267187499999,put,2026-09-30,SPY,762.6799926757812,2026-09-17T22:51:38.025037+00:00
435.0,0.0,0.01,0.01,21.0,150725,0.8125018749999999,put,2026-09-30,SPY,762.6799926757812,2026-09-17T22:51:38.025037+00:00
440.0,0.0,0.01,0.03,24.0,1015,0.79687703125,put,2026-09-30,SPY,762.6799926757812,2026-09-17T22:51:38.025037+00:00
445.0,0.0,0.01,0.01,12.0,592,0.7812521875,put,2026-09-30,SPY,762.6799926757812,2026-09-17T22:51:38.025037+00:00
450.0,0.0,0.01,0.02,2.0,11301,0.7656273437500001,put,2026-09-30,SPY,762.6799926757812,2026-09-17T22:51:38.025037+00:00
455.0,0.0,0.01,0.02,5.0,1210,0.7500025,put,2026-09-30,SPY,762.6799926757812,2026-09-17T22:51:38.025037+00:00
460.0,0.0,0.01,0.01,1.0,1325,0.73437765625,put,2026-09-30,SPY,762.6799926757812,2026-09-17T22:51:38.025037+00:00
465.0,0.0,0.01,0.03,10.0,251,0.7187528125,put,2026-09-30,SPY,762.6799926757812,2026-09-17T22:51:38.025037+00:00
470.0,0.0,0.01,0.02,1.0,1835,0.70312796875,put,2026-09-30,SPY,762.6799926757812,2026-09-17T22:51:38.025037+00:00
475.0,0.0,0.01,0.01,100.0,1721,0.6875031250000001,put,2026-09-30,SPY,762.6799926757812,2026-09-17T22:51:38.025037+00:00
480.0,0.0,0.01,0.02,1.0,1472,0.6718782812500002,put,2026-09-30,SPY,762.6799926757812,2026-09-17T22:51:38.025037+00:00
485.0,0.0,0.01,0.03,72.0,710,0.6562534375000001,put,2026-09-30,SPY,762.6799926757812,2026-09-17T22:51:38.025037+00:00
490.0,0.0,0.01,0.02,20.0,1323,0.6562534375000001,put,2026-09-30,SPY,762.6799926757812,2026-09-17T22:51:38.025037+00:00
495.0,0.0,0.01,0.03,9.0,974,0.64062859375,put,2026-09-30,SPY,762.6799926757812,2026-09-17T22:51:38.025037+00:00
500.0,0.01,0.02,0.01,27.0,3192,0.6718782812500002,put,2026-09-30,SPY,762.6799926757812,2026-09-17T22:51:38.025037+00:00
505.0,0.01,0.02,0.01,1.0,744,0.6562534375000001,put,2026-09-30,SPY,762.6799926757812,2026-09-17T22:51:38.025037+00:00
510.0,0.01,0.02,0.03,82.0,637,0.64062859375,put,2026-09-30,SPY,762.6799926757812,2026-09-17T22:51:38.025037+00:00
515.0,0.01,0.02,0.02,200.0,1207,0.6289099609375001,put,2026-09-30,SPY,762.6799926757812,2026-09-17T22:51:38.025037+00:00
520.0,0.01,0.02,0.01,1.0,1366,0.6171913281250001,put,2026-09-30,SPY,762.6799926757812,2026-09-17T22:51:38.025037+00:00
525.0,0.01,0.02,0.02,20.0,920,0.6015664843750002,put,2026-09-30,SPY,762.6799926757812,2026-09-17T22:51:38.025037+00:00
530.0,0.01,0.02,0.05,34.0,976,0.585941640625,put,2026-09-30,SPY,762.6799926757812,2026-09-17T22:51:38.025037+00:00
535.0,0.01,0.02,0.04,40.0,301015,0.570316796875,put,2026-09-30,SPY,762.6799926757812,2026-09-17T22:51:38.025037+00:00
540.0,0.01,0.02,0.01,4.0,1865,0.5546919531250001,put,2026-09-30,SPY,762.6799926757812,2026-09-17T22:51:38.025037+00:00
545.0,0.01,0.02,0.03,1.0,783,0.5429733203125001,put,2026-09-30,SPY,762.6799926757812,2026-09-17T22:51:38.025037+00:00
550.0,0.02,0.03,0.03,47.0,1357,0.55273884765625,put,2026-09-30,SPY,762.6799926757812,2026-09-17T22:51:38.025037+00:00
555.0,0.02,0.03,0.03,48.0,1078,0.5390671093750001,put,2026-09-30,SPY,762.6799926757812,2026-09-17T22:51:38.025037+00:00
560.0,0.02,0.03,0.02,55.0,1293,0.523442265625,put,2026-09-30,SPY,762.6799926757812,2026-09-17T22:51:38.025037+00:00
565.0,0.02,0.03,0.03,24.0,529,0.5117236328125,put,2026-09-30,SPY,762.6799926757812,2026-09-17T22:51:38.025037+00:00
570.0,0.02,0.03,0.04,102.0,1828,0.5039112109375,put,2026-09-30,SPY,762.6799926757812,2026-09-17T22:51:38.025037+00:00
575.0,0.03,0.04,0.04,95.0,1244,0.5039112109375,put,2026-09-30,SPY,762.6799926757812,2026-09-17T22:51:38.025037+00:00
580.0,0.03,0.04,0.05,3.0,2481,0.48828636718750007,put,2026-09-30,SPY,762.6799926757812,2026-09-17T22:51:38.025037+00:00
585.0,0.03,0.04,0.04,2.0,715,0.47461462890625,put,2026-09-30,SPY,762.6799926757812,2026-09-17T22:51:38.025037+00:00
590.0,0.03,0.04,0.04,207.0,8413,0.46094289062500005,put,2026-09-30,SPY,762.6799926757812,2026-09-17T22:51:38.025037+00:00
594.0,0.04,0.05,0.1,2.0,224,0.45898978515625005,put,2026-09-30,SPY,762.6799926757812,2026-09-17T22:51:38.025037+00:00
595.0,0.04,0.05,0.06,4.0,530,0.45703667968750006,put,2026-09-30,SPY,762.6799926757812,2026-09-17T22:51:38.025037+00:00
596.0,0.04,0.05,0.13,15.0,318,0.45313046875,put,2026-09-30,SPY,762.6799926757812,2026-09-17T22:51:38.025037+00:00
597.0,0.04,0.05,0.04,20.0,20603,0.45117736328125,put,2026-09-30,SPY,762.6799926757812,2026-09-17T22:51:38.025037+00:00
598.0,0.04,0.05,0.16,29.0,7024,0.44922425781249997,put,2026-09-30,SPY,762.6799926757812,2026-09-17T22:51:38.025037+00:00
599.0,0.04,0.05,0.06,5.0,810,0.445318046875,put,2026-09-30,SPY,762.6799926757812,2026-09-17T22:51:38.025037+00:00
600.0,0.04,0.05,0.05,71.0,29079,0.44336494140625,put,2026-09-30,SPY,762.6799926757812,2026-09-17T22:51:38.025037+00:00
601.0,0.04,0.05,0.05,168.0,694,0.43945873046875,put,2026-09-30,SPY,762.6799926757812,2026-09-17T22:51:38.025037+00:00
602.0,0.04,0.05,0.06,144.0,170,0.437505625,put,2026-09-30,SPY,762.6799926757812,2026-09-17T22:51:38.025037+00:00
603.0,0.04,0.05,0.06,72.0,389,0.4335994140625,put,2026-09-30,SPY,762.6799926757812,2026-09-17T22:51:38.025037+00:00
604.0,0.04,0.05,0.06,11397.0,156,0.43164630859375,put,2026-09-30,SPY,762.6799926757812,2026-09-17T22:51:38.025037+00:00
605.0,0.05,0.06,0.06,10779.0,585,0.436529072265625,put,2026-09-30,SPY,762.6799926757812,2026-09-17T22:51:38.025037+00:00
606.0,0.05,0.06,0.07,2.0,853,0.4335994140625,put,2026-09-30,SPY,762.6799926757812,2026-09-17T22:51:38.025037+00:00
607.0,0.05,0.06,0.16,52.0,74,0.43066975585937506,put,2026-09-30,SPY,762.6799926757812,2026-09-17T22:51:38.025037+00:00
608.0,0.05,0.06,0.17,43.0,479,0.42774009765625004,put,2026-09-30,SPY,762.6799926757812,2026-09-17T22:51:38.025037+00:00
609.0,0.05,0.06,0.2,36.0,252,0.42578699218750005,put,2026-09-30,SPY,762.6799926757812,2026-09-17T22:51:38.025037+00:00
610.0,0.05,0.06,0.07,3.0,1312,0.42188078125,put,2026-09-30,SPY,762.6799926757812,2026-09-17T22:51:38.025037+00:00
611.0,0.05,0.06,0.16,2.0,470,0.41992767578125,put,2026-09-30,SPY,762.6799926757812,2026-09-17T22:51:38.025037+00:00
612.0,0.05,0.06,0.18,126.0,381,0.41699801757812494,put,2026-09-30,SPY,762.6799926757812,2026-09-17T22:51:38.025037+00:00
613.0,0.05,0.06,0.08,1.0,446,0.414068359375,put,2026-09-30,SPY,762.6799926757812,2026-09-17T22:51:38.025037+00:00
614.0,0.05,0.06,0.19,78.0,173,0.411138701171875,put,2026-09-30,SPY,762.6799926757812,2026-09-17T22:51:38.025037+00:00
615.0,0.05,0.06,0.06,1.0,825,0.40820904296875,put,2026-09-30,SPY,762.6799926757812,2026-09-17T22:51:38.025037+00:00
616.0,0.06,0.07,0.18,1.0,210,0.41211525390625,put,2026-09-30,SPY,762.6799926757812,2026-09-17T22:51:38.025037+00:00
617.0,0.06,0.07,0.14,3.0,347,0.40918559570312496,put,2026-09-30,SPY,762.6799926757812,2026-09-17T22:51:38.025037+00:00
618.0,0.06,0.07,0.07,7.0,288,0.4062559375,put,2026-09-30,SPY,762.6799926757812,2026-09-17T22:51:38.025037+00:00
619.0,0.06,0.07,0.07,151.0,998,0.40332627929687503,put,2026-09-30,SPY,762.6799926757812,2026-09-17T22:51:38.025037+00:00
620.0,0.06,0.07,0.08,86.0,3380,0.40039662109375,put,2026-09-30,SPY,762.6799926757812,2026-09-17T22:51:38.025037+00:00
621.0,0.06,0.07,0.08,288.0,267,0.398443515625,put,2026-09-30,SPY,762.6799926757812,2026-09-17T22:51:38.025037+00:00
622.0,0.06,0.07,0.08,288.0,501,0.39453730468750003,put,2026-09-30,SPY,762.6799926757812,2026-09-17T22:51:38.025037+00:00
623.0,0.06,0.07,0.17,302.0,444,0.39258419921875,put,2026-09-30,SPY,762.6799926757812,2026-09-17T22:51:38.025037+00:00
624.0,0.07,0.08,0.07,6.0,376,0.39551385742187506,put,2026-09-30,SPY,762.6799926757812,2026-09-17T22:51:38.025037+00:00
625.0,0.07,0.08,0.08,18.0,3019,0.39258419921875,put,2026-09-30,SPY,762.6799926757812,2026-09-17T22:51:38.025037+00:00
626.0,0.07,0.08,0.21,1.0,511,0.389654541015625,put,2026-09-30,SPY,762.6799926757812,2026-09-17T22:51:38.025037+00:00
627.0,0.07,0.08,0.07,1.0,525,0.38672488281249995,put,2026-09-30,SPY,762.6799926757812,2026-09-17T22:51:38.025037+00:00
628.0,0.07,0.08,0.09,45.0,165,0.383795224609375,put,2026-09-30,SPY,762.6799926757812,2026-09-17T22:51:38.025037+00:00
629.0,0.07,0.08,0.24,42.0,328,0.38086556640624997,put,2026-09-30,SPY,762.6799926757812,2026-09-17T22:51:38.025037+00:00
630.0,0.07,0.08,0.09,8.0,3643,0.37793590820312495,put,2026-09-30,SPY,762.6799926757812,2026-09-17T22:51:38.025037+00:00
631.0,0.07,0.08,0.11,1.0,148,0.37500625,put,2026-09-30,SPY,762.6799926757812,2026-09-17T22:51:38.025037+00:00
632.0,0.08,0.09,0.21,10.0,228,0.37695935546875,put,2026-09-30,SPY,762.6799926757812,2026-09-17T22:51:38.025037+00:00
633.0,0.08,0.09,0.21,5.0,477,0.37402969726562496,put,2026-09-30,SPY,762.6799926757812,2026-09-17T22:51:38.025037+00:00
634.0,0.08,0.09,0.22,1.0,236,0.3711000390625,put,2026-09-30,SPY,762.6799926757812,2026-09-17T22:51:38.025037+00:00
635.0,0.08,0.09,0.1,6.0,150668,0.36914693359375,put,2026-09-30,SPY,762.6799926757812,2026-09-17T22:51:38.025037+00:00
636.0,0.08,0.09,0.24,30.0,205,0.366217275390625,put,2026-09-30,SPY,762.6799926757812,2026-09-17T22:51:38.025037+00:00
637.0,0.08,0.09,0.27,5.0,516,0.3632876171875,put,2026-09-30,SPY,762.6799926757812,2026-09-17T22:51:38.025037+00:00
638.0,0.09,0.1,0.28,24.0,139,0.36426416992187505,put,2026-09-30,SPY,762.6799926757812,2026-09-17T22:51:38.025037+00:00
639.0,0.09,0.1,0.31,13.0,136,0.36133451171875,put,2026-09-30,SPY,762.6799926757812,2026-09-17T22:51:38.025037+00:00
640.0,0.09,0.1,0.12,474.0,4174,0.358404853515625,put,2026-09-30,SPY,762.6799926757812,2026-09-17T22:51:38.025037+00:00
641.0,0.09,0.1,0.23,5.0,379,0.35596347167968745,put,2026-09-30,SPY,762.6799926757812,2026-09-17T22:51:38.025037+00:00
642.0,0.09,0.1,0.11,2.0,88,0.3530338134765625,put,2026-09-30,SPY,762.6799926757812,2026-09-17T22:51:38.025037+00:00
643.0,0.09,0.1,0.11,1.0,278,0.3501041552734374,put,2026-09-30,SPY,762.6799926757812,2026-09-17T22:51:38.025037+00:00
644.0,0.1,0.11,0.13,1.0,402,0.35156898437499995,put,2026-09-30,SPY,762.6799926757812,2026-09-17T22:51:38.025037+00:00
645.0,0.1,0.11,0.11,7.0,766,0.348639326171875,put,2026-09-30,SPY,762.6799926757812,2026-09-17T22:51:38.025037+00:00
646.0,0.1,0.11,0.13,1.0,453,0.34570966796874997,put,2026-09-30,SPY,762.6799926757812,2026-09-17T22:51:38.025037+00:00
647.0,0.1,0.11,0.11,1.0,303,0.34278000976562495,put,2026-09-30,SPY,762.6799926757812,2026-09-17T22:51:38.025037+00:00
648.0,0.1,0.11,0.27,49.0,673,0.3398503515625,put,2026-09-30,SPY,762.6799926757812,2026-09-17T22:51:38.025037+00:00
649.0,0.1,0.11,0.13,1.0,706,0.336920693359375,put,2026-09-30,SPY,762.6799926757812,2026-09-17T22:51:38.025037+00:00
650.0,0.11,0.12,0.12,228.0,3859,0.33740896972656254,put,2026-09-30,SPY,762.6799926757812,2026-09-17T22:51:38.025037+00:00
651.0,0.11,0.12,0.13,1.0,443,0.33447931152343746,put,2026-09-30,SPY,762.6799926757812,2026-09-17T22:51:38.025037+00:00
652.0,0.11,0.12,0.29,7.0,220,0.3315496533203125,put,2026-09-30,SPY,762.6799926757812,2026-09-17T22:51:38.025037+00:00
653.0,0.11,0.12,0.29,5.0,131,0.32910827148437494,put,2026-09-30,SPY,762.6799926757812,2026-09-17T22:51:38.025037+00:00
654.0,0.12,0.13,0.27,6.0,29,0.32910827148437494,put,2026-09-30,SPY,762.6799926757812,2026-09-17T22:51:38.025037+00:00
655.0,0.12,0.13,0.13,12.0,759,0.32617861328125,put,2026-09-30,SPY,762.6799926757812,2026-09-17T22:51:38.025037+00:00
656.0,0.12,0.13,0.35,11.0,198,0.3232489550781249,put,2026-09-30,SPY,762.6799926757812,2026-09-17T22:51:38.025037+00:00
657.0,0.12,0.13,0.26,1.0,882,0.32031929687499994,put,2026-09-30,SPY,762.6799926757812,2026-09-17T22:51:38.025037+00:00
658.0,0.12,0.13,0.14,3.0,1297,0.317389638671875,put,2026-09-30,SPY,762.6799926757812,2026-09-17T22:51:38.025037+00:00
659.0,0.13,0.14,0.38,161.0,738,0.317389638671875,put,2026-09-30,SPY,762.6799926757812,2026-09-17T22:51:38.025037+00:00
660.0,0.13,0.14,0.15,3.0,7916,0.31445998046874996,put,2026-09-30,SPY,762.6799926757812,2026-09-17T22:51:38.025037+00:00
661.0,0.13,0.14,0.34,29.0,413,0.31153032226562494,put,2026-09-30,SPY,762.6799926757812,2026-09-17T22:51:38.025037+00:00
662.0,0.14,0.15,0.15,2.0,228,0.31153032226562494,put,2026-09-30,SPY,762.6799926757812,2026-09-17T22:51:38.025037+00:00
663.0,0.14,0.15,0.44,5.0,315,0.3086006640625,put,2026-09-30,SPY,762.6799926757812,2026-09-17T22:51:38.025037+00:00
664.0,0.14,0.15,0.43,7.0,1018,0.305671005859375,put,2026-09-30,SPY,762.6799926757812,2026-09-17T22:51:38.025037+00:00
665.0,0.14,0.15,0.18,29.0,1603,0.30274134765625,put,2026-09-30,SPY,762.6799926757812,2026-09-17T22:51:38.025037+00:00
666.0,0.15,0.16,0.18,35.0,313,0.30225307128906254,put,2026-09-30,SPY,762.6799926757812,2026-09-17T22:51:38.025037+00:00
667.0,0.15,0.16,0.18,84.0,396,0.29932341308593746,put,2026-09-30,SPY,762.6799926757812,2026-09-17T22:51:38.025037+00:00
668.0,0.15,0.16,0.18,25.0,412,0.2963937548828125,put,2026-09-30,SPY,762.6799926757812,2026-09-17T22:51:38.025037+00:00
669.0,0.16,0.17,0.18,108.0,506,0.295905478515625,put,2026-09-30,SPY,762.6799926757812,2026-09-17T22:51:38.025037+00:00
670.0,0.16,0.17,0.18,218.0,3353,0.2929758203124999,put,2026-09-30,SPY,762.6799926757812,2026-09-17T22:51:38.025037+00:00
671.0,0.16,0.17,0.19,7.0,345,0.29004616210937495,put,2026-09-30,SPY,762.6799926757812,2026-09-17T22:51:38.025037+00:00
672.0,0.17,0.18,0.59,25.0,659,0.2890696093749999,put,2026-09-30,SPY,762.6799926757812,2026-09-17T22:51:38.025037+00:00
673.0,0.17,0.18,0.18,4.0,1740,0.28613995117187496,put,2026-09-30,SPY,762.6799926757812,2026-09-17T22:51:38.025037+00:00
674.0,0.17,0.18,0.19,8.0,905,0.28321029296874994,put,2026-09-30,SPY,762.6799926757812,2026-09-17T22:51:38.025037+00:00
675.0,0.18,0.19,0.19,27.0,9863,0.282233740234375,put,2026-09-30,SPY,762.6799926757812,2026-09-17T22:51:38.025037+00:00
676.0,0.18,0.19,0.23,1.0,1340,0.27930408203124996,put,2026-09-30,SPY,762.6799926757812,2026-09-17T22:51:38.025037+00:00
677.0,0.19,0.2,0.2,2.0,1348,0.278327529296875,put,2026-09-30,SPY,762.6799926757812,2026-09-17T22:51:38.025037+00:00
678.0,0.19,0.2,0.2,22.0,1524,0.27539787109374997,put,2026-09-30,SPY,762.6799926757812,2026-09-17T22:51:38.025037+00:00
679.0,0.19,0.2,0.24,25.0,882,0.27246821289062495,put,2026-09-30,SPY,762.6799926757812,2026-09-17T22:51:38.025037+00:00
680.0,0.2,0.21,0.2,1798.0,9692,0.2710033837890625,put,2026-09-30,SPY,762.6799926757812,2026-09-17T22:51:38.025037+00:00
681.0,0.2,0.21,0.24,84.0,664,0.26807372558593745,put,2026-09-30,SPY,762.6799926757812,2026-09-17T22:51:38.025037+00:00
682.0,0.21,0.22,0.24,62.0,678,0.2668530346679688,put,2026-09-30,SPY,762.6799926757812,2026-09-17T22:51:38.025037+00:00
683.0,0.21,0.22,0.24,48.0,302,0.26392337646484376,put,2026-09-30,SPY,762.6799926757812,2026-09-17T22:51:38.025037+00:00
684.0,0.22,0.23,0.25,1.0,436,0.26270268554687504,put,2026-09-30,SPY,762.6799926757812,2026-09-17T22:51:38.025037+00:00
685.0,0.22,0.23,0.26,26.0,2261,0.25952888916015626,put,2026-09-30,SPY,762.6799926757812,2026-09-17T22:51:38.025037+00:00
686.0,0.23,0.24,0.26,16.0,227,0.2580640600585938,put,2026-09-30,SPY,762.6799926757812,2026-09-17T22:51:38.025037+00:00
687.0,0.23,0.24,0.26,4.0,1668,0.25489026367187506,put,2026-09-30,SPY,762.6799926757812,2026-09-17T22:51:38.025037+00:00
688.0,0.24,0.25,0.25,37.0,893,0.2534254345703125,put,2026-09-30,SPY,762.6799926757812,2026-09-17T22:51:38.025037+00:00
689.0,0.25,0.26,0.29,1.0,699,0.25196060546875,put,2026-09-30,SPY,762.6799926757812,2026-09-17T22:51:38.025037+00:00
690.0,0.25,0.26,0.26,2948.0,7473,0.24878680908203127,put,2026-09-30,SPY,762.6799926757812,2026-09-17T22:51:38.025037+00:00
691.0,0.26,0.27,0.94,33.0,2056,0.247077841796875,put,2026-09-30,SPY,762.6799926757812,2026-09-17T22:51:38.025037+00:00
692.0,0.27,0.28,0.27,2.0,332,0.24536887451171874,put,2026-09-30,SPY,762.6799926757812,2026-09-17T22:51:38.025037+00:00
693.0,0.27,0.28,0.28,2.0,446,0.242195078125,put,2026-09-30,SPY,762.6799926757812,2026-09-17T22:51:38.025037+00:00
694.0,0.28,0.29,0.78,94.0,297,0.24048611083984373,put,2026-09-30,SPY,762.6799926757812,2026-09-17T22:51:38.025037+00:00
695.0,0.29,0.3,0.31,98.0,4249,0.2387771435546875,put,2026-09-30,SPY,762.6799926757812,2026-09-17T22:51:38.025037+00:00
696.0,0.3,0.31,0.58,23.0,270,0.2368240380859375,put,2026-09-30,SPY,762.6799926757812,2026-09-17T22:51:38.025037+00:00
697.0,0.3,0.31,0.35,79.0,3663,0.23365024169921872,put,2026-09-30,SPY,762.6799926757812,2026-09-17T22:51:38.025037+00:00
698.0,0.31,0.32,0.33,13.0,282,0.23169713623046873,put,2026-09-30,SPY,762.6799926757812,2026-09-17T22:51:38.025037+00:00
699.0,0.32,0.33,0.38,2.0,4281,0.22974403076171873,put,2026-09-30,SPY,762.6799926757812,2026-09-17T22:51:38.025037+00:00
700.0,0.33,0.34,0.35,1382.0,20833,0.22754678710937498,put,2026-09-30,SPY,762.6799926757812,2026-09-17T22:51:38.025037+00:00
701.0,0.34,0.35,0.36,29.0,1218,0.2254716125488281,put,2026-09-30,SPY,762.6799926757812,2026-09-17T22:51:38.025037+00:00
702.0,0.35,0.36,0.37,16.0,1084,0.22339643798828124,put,2026-09-30,SPY,762.6799926757812,2026-09-17T22:51:38.025037+00:00
703.0,0.36,0.37,0.4,17.0,1935,0.2211991943359375,put,2026-09-30,SPY,762.6799926757812,2026-09-17T22:51:38.025037+00:00
704.0,0.37,0.38,0.46,12.0,652,0.21900195068359374,put,2026-09-30,SPY,762.6799926757812,2026-09-17T22:51:38.025037+00:00
705.0,0.38,0.39,0.4,74.0,3548,0.21656056884765623,put,2026-09-30,SPY,762.6799926757812,2026-09-17T22:51:38.025037+00:00
706.0,0.4,0.41,0.42,18.0,582,0.2153398779296875,put,2026-09-30,SPY,762.6799926757812,2026-09-17T22:51:38.025037+00:00
707.0,0.41,0.42,0.43,241.0,21295,0.21289849609375,put,2026-09-30,SPY,762.6799926757812,2026-09-17T22:51:38.025037+00:00
708.0,0.42,0.43,0.43,224.0,1104,0.2104571142578125,put,2026-09-30,SPY,762.6799926757812,2026-09-17T22:51:38.025037+00:00
709.0,0.44,0.45,0.45,143.0,1448,0.20899228515624996,put,2026-09-30,SPY,762.6799926757812,2026-09-17T22:51:38.025037+00:00
710.0,0.45,0.46,0.46,1937.0,13941,0.20642883422851557,put,2026-09-30,SPY,762.6799926757812,2026-09-17T22:51:38.025037+00:00
711.0,0.47,0.48,0.57,62.0,1050,0.20471986694335934,put,2026-09-30,SPY,762.6799926757812,2026-09-17T22:51:38.025037+00:00
712.0,0.48,0.49,0.51,3.0,1238,0.20215641601562498,put,2026-09-30,SPY,762.6799926757812,2026-09-17T22:51:38.025037+00:00
713.0,0.5,0.51,0.59,1.0,937,0.20020331054687499,put,2026-09-30,SPY,762.6799926757812,2026-09-17T22:51:38.025037+00:00
714.0,0.52,0.53,0.54,4.0,953,0.19837227416992187,put,2026-09-30,SPY,762.6799926757812,2026-09-17T22:51:38.025037+00:00
715.0,0.54,0.55,0.57,825.0,7024,0.196297099609375,put,2026-09-30,SPY,762.6799926757812,2026-09-17T22:51:38.025037+00:00
716.0,0.56,0.57,0.59,56.0,1454,0.19422192504882813,put,2026-09-30,SPY,762.6799926757812,2026-09-17T22:51:38.025037+00:00
717.0,0.58,0.59,0.71,157.0,906,0.19214675048828128,put,2026-09-30,SPY,762.6799926757812,2026-09-17T22:51:38.025037+00:00
718.0,0.61,0.62,0.6,92.0,1014,0.1905598522949219,put,2026-09-30,SPY,762.6799926757812,2026-09-17T22:51:38.025037+00:00
719.0,0.63,0.64,0.63,17.0,1003,0.18836260864257812,put,2026-09-30,SPY,762.6799926757812,2026-09-17T22:51:38.025037+00:00
720.0,0.66,0.67,0.66,1346.0,14806,0.186531572265625,put,2026-09-30,SPY,762.6799926757812,2026-09-17T22:51:38.025037+00:00
721.0,0.69,0.7,0.71,10.0,1927,0.18470053588867186,put,2026-09-30,SPY,762.6799926757812,2026-09-17T22:51:38.025037+00:00
722.0,0.72,0.73,0.71,113.0,2017,0.1828694995117187,put,2026-09-30,SPY,762.6799926757812,2026-09-17T22:51:38.025037+00:00
723.0,0.75,0.76,0.76,28.0,709,0.18079432495117187,put,2026-09-30,SPY,762.6799926757812,2026-09-17T22:51:38.025037+00:00
724.0,0.78,0.79,0.81,209.0,1729,0.178719150390625,put,2026-09-30,SPY,762.6799926757812,2026-09-17T22:51:38.025037+00:00
725.0,0.82,0.83,0.83,2701.0,17749,0.17701018310546873,put,2026-09-30,SPY,762.6799926757812,2026-09-17T22:51:38.025037+00:00
726.0,0.85,0.86,0.85,734.0,912,0.17475190490722659,put,2026-09-30,SPY,762.6799926757812,2026-09-17T22:51:38.025037+00:00
727.0,0.89,0.9,0.99,87.0,1184,0.17285983398437502,put,2026-09-30,SPY,762.6799926757812,2026-09-17T22:51:38.025037+00:00
728.0,0.93,0.95,0.92,404.0,1130,0.17133397033691405,put,2026-09-30,SPY,762.6799926757812,2026-09-17T22:51:38.025037+00:00
729.0,0.98,0.99,1.03,258.0,1817,0.1692587957763672,put,2026-09-30,SPY,762.6799926757812,2026-09-17T22:51:38.025037+00:00
730.0,1.03,1.04,1.03,18228.0,34008,0.16748879394531252,put,2026-09-30,SPY,762.6799926757812,2026-09-17T22:51:38.025037+00:00
731.0,1.08,1.09,1.1,98.0,1757,0.16553568847656253,put,2026-09-30,SPY,762.6799926757812,2026-09-17T22:51:38.025037+00:00
732.0,1.13,1.15,1.1,120.0,1705,0.16394879028320314,put,2026-09-30,SPY,762.6799926757812,2026-09-17T22:51:38.025037+00:00
733.0,1.19,1.21,1.17,120.0,930,0.16217878845214845,put,2026-09-30,SPY,762.6799926757812,2026-09-17T22:51:38.025037+00:00
734.0,1.25,1.27,1.22,79.0,1730,0.16028671752929688,put,2026-09-30,SPY,762.6799926757812,2026-09-17T22:51:38.025037+00:00
735.0,1.32,1.34,1.33,947.0,14269,0.15857775024414064,put,2026-09-30,SPY,762.6799926757812,2026-09-17T22:51:38.025037+00:00
736.0,1.39,1.41,1.39,19807.0,750,0.15674671386718753,put,2026-09-30,SPY,762.6799926757812,2026-09-17T22:51:38.025037+00:00
737.0,1.46,1.49,1.49,147.0,10134,0.15515981567382814,put,2026-09-30,SPY,762.6799926757812,2026-09-17T22:51:38.025037+00:00
738.0,1.54,1.57,1.56,85.0,1341,0.15332877929687502,put,2026-09-30,SPY,762.6799926757812,2026-09-17T22:51:38.025037+00:00
739.0,1.63,1.65,1.59,85.0,1954,0.15137567382812503,put,2026-09-30,SPY,762.6799926757812,2026-09-17T22:51:38.025037+00:00
740.0,1.72,1.74,1.74,3593.0,24564,0.14954463745117189,put,2026-09-30,SPY,762.6799926757812,2026-09-17T22:51:38.025037+00:00
741.0,1.82,1.85,1.83,125.0,1290,0.14814084289550783,put,2026-09-30,SPY,762.6799926757812,2026-09-17T22:51:38.025037+00:00
742.0,1.93,1.95,1.95,137.0,1115,0.14624877197265623,put,2026-09-30,SPY,762.6799926757812,2026-09-17T22:51:38.025037+00:00
743.0,2.04,2.07,2.01,499.0,2015,0.1447229083251953,put,2026-09-30,SPY,762.6799926757812,2026-09-17T22:51:38.025037+00:00
744.0,2.16,2.19,2.14,423.0,1408,0.14301394104003906,put,2026-09-30,SPY,762.6799926757812,2026-09-17T22:51:38.025037+00:00
745.0,2.29,2.31,2.33,1430.0,22711,0.14106083557128907,put,2026-09-30,SPY,762.6799926757812,2026-09-17T22:51:38.025037+00:00
746.0,2.43,2.45,2.41,347.0,1803,0.1394434201049805,put,2026-09-30,SPY,762.6799926757812,2026-09-17T22:51:38.025037+00:00
747.0,2.58,2.6,2.62,1037.0,2473,0.1378260046386719,put,2026-09-30,SPY,762.6799926757812,2026-09-17T22:51:38.025037+00:00
748.0,2.74,2.76,2.65,167.0,1373,0.1362391064453125,put,2026-09-30,SPY,762.6799926757812,2026-09-17T22:51:38.025037+00:00
749.0,2.9,2.94,2.81,199.0,846,0.13480479461669925,put,2026-09-30,SPY,762.6799926757812,2026-09-17T22:51:38.025037+00:00
750.0,3.08,3.12,3.03,9657.0,24376,0.13312634460449219,put,2026-09-30,SPY,762.6799926757812,2026-09-17T22:51:38.025037+00:00
751.0,3.28,3.31,3.14,174.0,1160,0.13144789459228517,put,2026-09-30,SPY,762.6799926757812,2026-09-17T22:51:38.025037+00:00
752.0,3.49,3.53,3.46,246.0,4975,0.1301051345825195,put,2026-09-30,SPY,762.6799926757812,2026-09-17T22:51:38.025037+00:00
753.0,3.71,3.76,3.74,401.0,1130,0.12867082275390623,put,2026-09-30,SPY,762.6799926757812,2026-09-17T22:51:38.025037+00:00
754.0,3.95,4.0,3.96,291.0,6409,0.1271449591064453,put,2026-09-30,SPY,762.6799926757812,2026-09-17T22:51:38.025037+00:00
755.0,4.21,4.27,4.17,2154.0,14558,0.12589375091552735,put,2026-09-30,SPY,762.6799926757812,2026-09-17T22:51:38.025037+00:00
756.0,4.49,4.55,4.53,247.0,2055,0.1245204736328125,put,2026-09-30,SPY,762.6799926757812,2026-09-17T22:51:38.025037+00:00
757.0,4.79,4.84,4.79,186.0,7560,0.12299460998535157,put,2026-09-30,SPY,762.6799926757812,2026-09-17T22:51:38.025037+00:00
758.0,5.11,5.16,5.11,334.0,1333,0.12171288452148438,put,2026-09-30,SPY,762.6799926757812,2026-09-17T22:51:38.025037+00:00
759.0,5.45,5.5,5.47,379.0,1237,0.12043115905761718,put,2026-09-30,SPY,762.6799926757812,2026-09-17T22:51:38.025037+00:00
760.0,5.82,5.87,5.87,2797.0,10879,0.1193020199584961,put,2026-09-30,SPY,762.6799926757812,2026-09-17T22:51:38.025037+00:00
761.0,6.21,6.26,6.07,8974.0,27306,0.11814236358642577,put,2026-09-30,SPY,762.6799926757812,2026-09-17T22:51:38.025037+00:00
762.0,6.63,6.69,6.65,923.0,1541,0.11731839721679688,put,2026-09-30,SPY,762.6799926757812,2026-09-17T22:51:38.025037+00:00
763.0,7.07,7.14,6.99,247.0,1551,0.11643339630126953,put,2026-09-30,SPY,762.6799926757812,2026-09-17T22:51:38.025037+00:00
764.0,7.35,7.75,7.5,92.0,1119,0.1178677081298828,put,2026-09-30,SPY,762.6799926757812,2026-09-17T22:51:38.025037+00:00
765.0,7.85,8.2,8.0,604.0,2120,0.116219775390625,put,2026-09-30,SPY,762.6799926757812,2026-09-17T22:51:38.025037+00:00
766.0,8.39,8.86,8.3,13.0,2182,0.11774563903808594,put,2026-09-30,SPY,762.6799926757812,2026-09-17T22:51:38.025037+00:00
767.0,8.92,9.44,9.2,11.0,1779,0.1175320181274414,put,2026-09-30,SPY,762.6799926757812,2026-09-17T22:51:38.025037+00:00
768.0,9.47,10.08,9.39,47.0,639,0.11798977722167968,put,2026-09-30,SPY,762.6799926757812,2026-09-17T22:51:38.025037+00:00
769.0,10.04,10.72,17.88,19.0,1531,0.11808132904052734,put,2026-09-30,SPY,762.6799926757812,2026-09-17T22:51:38.025037+00:00
770.0,10.84,11.34,10.96,712.0,5930,0.11744046630859376,put,2026-09-30,SPY,762.6799926757812,2026-09-17T22:51:38.025037+00:00
771.0,11.24,12.06,11.97,73.0,1081,0.11823391540527343,put,2026-09-30,SPY,762.6799926757812,2026-09-17T22:51:38.025037+00:00
772.0,11.9,12.85,12.34,47.0,1298,0.12003443450927734,put,2026-09-30,SPY,762.6799926757812,2026-09-17T22:51:38.025037+00:00
773.0,12.56,14.59,13.27,40.0,802,0.13980962738037112,put,2026-09-30,SPY,762.6799926757812,2026-09-17T22:51:38.025037+00:00
774.0,13.8,14.33,13.97,71.0,446,0.12079736633300782,put,2026-09-30,SPY,762.6799926757812,2026-09-17T22:51:38.025037+00:00
775.0,13.94,16.64,14.63,70.0,11800,0.15207757110595704,put,2026-09-30,SPY,762.6799926757812,2026-09-17T22:51:38.025037+00:00
776.0,14.53,17.54,17.92,1.0,360,0.15564809204101562,put,2026-09-30,SPY,762.6799926757812,2026-09-17T22:51:38.025037+00:00
777.0,15.4,18.38,16.64,2.0,319,0.15787585296630857,put,2026-09-30,SPY,762.6799926757812,2026-09-17T22:51:38.025037+00:00
778.0,16.3,19.22,17.2,5.0,288,0.15995102752685547,put,2026-09-30,SPY,762.6799926757812,2026-09-17T22:51:38.025037+00:00
779.0,17.23,20.13,22.88,4.0,128,0.16327741027832032,put,2026-09-30,SPY,762.6799926757812,2026-09-17T22:51:38.025037+00:00
780.0,18.16,21.05,19.92,1.0,577,0.16669534484863285,put,2026-09-30,SPY,762.6799926757812,2026-09-17T22:51:38.025037+00:00
781.0,19.11,21.98,20.0,1.0,25,0.17023534851074223,put,2026-09-30,SPY,762.6799926757812,2026-09-17T22:51:38.025037+00:00
782.0,20.07,22.92,26.43,1.0,82,0.17386690399169924,put,2026-09-30,SPY,762.6799926757812,2026-09-17T22:51:38.025037+00:00
783.0,21.04,23.95,27.38,1.0,14,0.17939053039550779,put,2026-09-30,SPY,762.6799926757812,2026-09-17T22:51:38.025037+00:00
784.0,22.02,24.86,16.74,8.0,40,0.18219811950683595,put,2026-09-30,SPY,762.6799926757812,2026-09-17T22:51:38.025037+00:00
785.0,22.2,25.86,25.58,22.0,91,0.18695881408691406,put,2026-09-30,SPY,762.6799926757812,2026-09-17T22:51:38.025037+00:00
786.0,23.18,26.84,33.92,2.0,21,0.1912312322998047,put,2026-09-30,SPY,762.6799926757812,2026-09-17T22:51:38.025037+00:00
787.0,24.17,27.84,29.71,1.0,6,0.19586985778808597,put,2026-09-30,SPY,762.6799926757812,2026-09-17T22:51:38.025037+00:00
788.0,25.16,28.88,22.2,1.0,10,0.20142400146484374,put,2026-09-30,SPY,762.6799926757812,2026-09-17T22:51:38.025037+00:00
789.0,26.16,29.85,26.5,3.0,29,0.20533021240234373,put,2026-09-30,SPY,762.6799926757812,2026-09-17T22:51:38.025037+00:00
790.0,27.16,30.85,34.02,1.0,37,0.2098467687988281,put,2026-09-30,SPY,762.6799926757812,2026-09-17T22:51:38.025037+00:00
791.0,28.15,31.83,38.64,1.0,2,0.213875048828125,put,2026-09-30,SPY,762.6799926757812,2026-09-17T22:51:38.025037+00:00
792.0,29.15,32.83,23.5,6.0,3,0.21833057067871092,put,2026-09-30,SPY,762.6799926757812,2026-09-17T22:51:38.025037+00:00
793.0,30.15,33.83,24.5,1.0,4,0.22278609252929685,put,2026-09-30,SPY,762.6799926757812,2026-09-17T22:51:38.025037+00:00
794.0,31.15,34.85,37.3,6.0,13,0.22766885620117186,put,2026-09-30,SPY,762.6799926757812,2026-09-17T22:51:38.025037+00:00
795.0,32.14,35.82,26.85,2.0,20,0.2312698944091797,put,2026-09-30,SPY,762.6799926757812,2026-09-17T22:51:38.025037+00:00
796.0,33.14,36.78,43.64,1.0,1,0.23459627716064452,put,2026-09-30,SPY,762.6799926757812,2026-09-17T22:51:38.025037+00:00
797.0,34.14,37.82,36.0,,0,0.23993679992675776,put,2026-09-30,SPY,762.6799926757812,2026-09-17T22:51:38.025037+00:00
798.0,35.14,38.82,26.99,2.0,3,0.24417870086669924,put,2026-09-30,SPY,762.6799926757812,2026-09-17T22:51:38.025037+00:00
799.0,36.14,39.83,41.07,,2,0.2486647399902344,put,2026-09-30,SPY,762.6799926757812,2026-09-17T22:51:38.025037+00:00
800.0,37.14,40.82,39.5,1.0,281,0.25263198547363286,put,2026-09-30,SPY,762.6799926757812,2026-09-17T22:51:38.025037+00:00
802.0,39.14,42.82,40.65,1.0,3,0.26099371826171874,put,2026-09-30,SPY,762.6799926757812,2026-09-17T22:51:38.025037+00:00
804.0,39.11,41.86,61.59,1.0,0,0.16004257934570312,put,2026-09-30,SPY,762.6799926757812,2026-09-17T22:51:38.025037+00:00
805.0,42.14,45.82,47.52,1.0,2,0.27332269653320307,put,2026-09-30,SPY,762.6799926757812,2026-09-17T22:51:38.025037+00:00
806.0,43.14,46.82,50.11,1.0,3,0.2774120111083984,put,2026-09-30,SPY,762.6799926757812,2026-09-17T22:51:38.025037+00:00
808.0,45.14,48.81,38.01,2.0,0,0.28516339843749994,put,2026-09-30,SPY,762.6799926757812,2026-09-17T22:51:38.025037+00:00
809.0,38.58,42.1,78.07,,0,1.0000000000000003e-05,put,2026-09-30,SPY,762.6799926757812,2026-09-17T22:51:38.025037+00:00
810.0,47.14,50.81,49.0,1.0,14,0.29315892395019527,put,2026-09-30,SPY,762.6799926757812,2026-09-17T22:51:38.025037+00:00
812.0,49.14,52.82,46.78,,1,0.30133755310058596,put,2026-09-30,SPY,762.6799926757812,2026-09-17T22:51:38.025037+00:00
815.0,52.14,55.81,65.4,2.0,2,0.3127510131835937,put,2026-09-30,SPY,762.6799926757812,2026-09-17T22:51:38.025037+00:00
820.0,57.13,60.8,57.23,1.0,0,0.33161068786621095,put,2026-09-30,SPY,762.6799926757812,2026-09-17T22:51:38.025037+00:00
823.0,60.13,63.81,49.71,,0,0.34314621704101556,put,2026-09-30,SPY,762.6799926757812,2026-09-17T22:51:38.025037+00:00
825.0,62.13,65.81,68.4,1.0,4,0.3505924316406249,put,2026-09-30,SPY,762.6799926757812,2026-09-17T22:51:38.025037+00:00
828.0,65.13,68.82,71.4,,4,0.36200589172363284,put,2026-09-30,SPY,762.6799926757812,2026-09-17T22:51:38.025037+00:00
845.0,104.72,108.09,137.07,1.0,0,0.8903209210205076,put,2026-09-30,SPY,762.6799926757812,2026-09-17T22:51:38.025037+00:00
850.0,87.12,90.82,81.0,1.0,1,0.43933666137695315,put,2026-09-30,SPY,762.6799926757812,2026-09-17T22:51:38.025037+00:00
855.0,115.66,118.93,181.01,1.0,0,0.9541325387573242,put,2026-09-30,SPY,762.6799926757812,2026-09-17T22:51:38.025037+00:00
870.0,107.12,110.8,101.19,,0,0.5043384527587891,put,2026-09-30,SPY,762.6799926757812,2026-09-17T22:51:38.025037+00:00
885.0,191.05,194.7,207.9,,0,1.91058394317627,put,2026-09-30,SPY,762.6799926757812,2026-09-17T22:51:38.025037+00:00
895.0,132.11,135.81,138.32,4.0,4,0.5819133605957032,put,2026-09-30,SPY,762.6799926757812,2026-09-17T22:51:38.025037+00:00
900.0,146.5,149.69,160.4,1.0,0,0.8274553387451171,put,2026-09-30,SPY,762.6799926757812,2026-09-17T22:51:38.025037+00:00
300.0,460.93,464.48,463.08,50.0,119,1.1445355273437499,call,2026-10-16,SPY,762.6799926757812,2026-09-17T22:51:38.025037+00:00
305.0,455.83,459.48,458.88,2.0,74,1.05859845703125,call,2026-10-16,SPY,762.6799926757812,2026-09-17T22:51:38.025037+00:00
310.0,450.97,454.48,457.48,,10,1.125004375,call,2026-10-16,SPY,762.6799926757812,2026-09-17T22:51:38.025037+00:00
315.0,445.96,449.48,447.83,5.0,30,1.1015669921875002,call,2026-10-16,SPY,762.6799926757812,2026-09-17T22:51:38.025037+00:00
320.0,440.92,444.48,447.65,,95,1.0644578027343752,call,2026-10-16,SPY,762.6799926757812,2026-09-17T22:51:38.025037+00:00
325.0,435.97,439.48,442.67,,15,1.0703171484375003,call,2026-10-16,SPY,762.6799926757812,2026-09-17T22:51:38.025037+00:00
330.0,430.97,434.48,437.51,15.0,20,1.05078599609375,call,2026-10-16,SPY,762.6799926757812,2026-09-17T22:51:38.025037+00:00
335.0,425.98,429.48,432.71,15.0,10,1.0371141894531253,call,2026-10-16,SPY,762.6799926757812,2026-09-17T22:51:38.025037+00:00
340.0,0.0,0.0,415.74,,0,1.0000000000000003e-05,call,2026-10-16,SPY,762.6799926757812,2026-09-17T22:51:38.025037+00:00
350.0,410.94,414.48,409.44,3.0,1,0.9687503125,call,2026-10-16,SPY,762.6799926757812,2026-09-17T22:51:38.025037+00:00
360.0,400.94,404.48,411.77,3.0,4,0.9355475195312499,call,2026-10-16,SPY,762.6799926757812,2026-09-17T22:51:38.025037+00:00
365.0,398.31,400.99,388.48,,1,1.333499426269531,call,2026-10-16,SPY,762.6799926757812,2026-09-17T22:51:38.025037+00:00
390.0,370.92,374.48,369.2,,1,0.8339860351562498,call,2026-10-16,SPY,762.6799926757812,2026-09-17T22:51:38.025037+00:00
400.0,360.94,364.48,375.11,2.0,1,0.8125018749999999,call,2026-10-16,SPY,762.6799926757812,2026-09-17T22:51:38.025037+00:00
405.0,351.06,354.54,335.63,,1,1.0000000000000003e-05,call,2026-10-16,SPY,762.6799926757812,2026-09-17T22:51:38.025037+00:00
410.0,346.11,349.62,330.56,,1,1.0000000000000003e-05,call,2026-10-16,SPY,762.6799926757812,2026-09-17T22:51:38.025037+00:00
420.0,340.91,344.48,352.54,4.0,4,0.743166630859375,call,2026-10-16,SPY,762.6799926757812,2026-09-17T22:51:38.025037+00:00
440.0,323.5,326.28,298.33,,1,1.0484666717529298,call,2026-10-16,SPY,762.6799926757812,2026-09-17T22:51:38.025037+00:00
445.0,315.82,319.48,314.16,36.0,36,0.6347692773437501,call,2026-10-16,SPY,762.6799926757812,2026-09-17T22:51:38.025037+00:00
450.0,310.96,314.48,313.0,6.0,8,0.6787141503906251,call,2026-10-16,SPY,762.6799926757812,2026-09-17T22:51:38.025037+00:00
465.0,295.92,299.48,298.0,9.0,11,0.6279334082031252,call,2026-10-16,SPY,762.6799926757812,2026-09-17T22:51:38.025037+00:00
480.0,280.98,284.48,283.04,8.0,94,0.6064492480468751,call,2026-10-16,SPY,762.6799926757812,2026-09-17T22:51:38.025037+00:00
485.0,275.98,279.48,278.24,11.0,13,0.5937540625000001,call,2026-10-16,SPY,762.6799926757812,2026-09-17T22:51:38.025037+00:00
495.0,265.94,269.48,273.4,,74,0.559574716796875,call,2026-10-16,SPY,762.6799926757812,2026-09-17T22:51:38.025037+00:00
500.0,260.99,264.49,259.96,4.0,141,0.561527822265625,call,2026-10-16,SPY,762.6799926757812,2026-09-17T22:51:38.025037+00:00
505.0,255.99,259.51,263.54,36.0,22,0.5537154003906251,call,2026-10-16,SPY,762.6799926757812,2026-09-17T22:51:38.025037+00:00
510.0,251.0,254.53,252.57,5.0,80,0.5478560839843751,call,2026-10-16,SPY,762.6799926757812,2026-09-17T22:51:38.025037+00:00
515.0,246.05,249.56,248.17,43.0,116,0.5488326367187502,call,2026-10-16,SPY,762.6799926757812,2026-09-17T22:51:38.025037+00:00
520.0,241.02,244.58,230.82,1.0,73,0.5351608984375,call,2026-10-16,SPY,762.6799926757812,2026-09-17T22:51:38.025037+00:00
525.0,235.77,239.61,238.21,43.0,48,0.7330348962402342,call,2026-10-16,SPY,762.6799926757812,2026-09-17T22:51:38.025037+00:00
530.0,230.79,234.63,232.98,1.0,84,0.7185086743164062,call,2026-10-16,SPY,762.6799926757812,2026-09-17T22:51:38.025037+00:00
535.0,225.82,229.66,221.33,1.0,0,0.7047148669433594,call,2026-10-16,SPY,762.6799926757812,2026-09-17T22:51:38.025037+00:00
540.0,224.3,227.04,213.41,1.0,2,0.7456080126953125,call,2026-10-16,SPY,762.6799926757812,2026-09-17T22:51:38.025037+00:00
545.0,0.0,0.0,203.0,,0,1.0000000000000003e-05,call,2026-10-16,SPY,762.6799926757812,2026-09-17T22:51:38.025037+00:00
550.0,210.91,214.75,217.85,1.0,2,0.663333444824219,call,2026-10-16,SPY,762.6799926757812,2026-09-17T22:51:38.025037+00:00
555.0,206.24,209.77,199.43,1.0,3,0.6490513610839843,call,2026-10-16,SPY,762.6799926757812,2026-09-17T22:51:38.025037+00:00
560.0,200.97,204.81,202.44,4.0,30,0.6359899682617188,call,2026-10-16,SPY,762.6799926757812,2026-09-17T22:51:38.025037+00:00
565.0,196.3,199.83,194.39,7.0,12,0.6217078845214845,call,2026-10-16,SPY,762.6799926757812,2026-09-17T22:51:38.025037+00:00
570.0,191.33,194.87,192.88,1.0,23,0.6086464916992189,call,2026-10-16,SPY,762.6799926757812,2026-09-17T22:51:38.025037+00:00
575.0,186.33,189.9,187.93,49.0,10,0.5949747534179688,call,2026-10-16,SPY,762.6799926757812,2026-09-17T22:51:38.025037+00:00
580.0,181.4,184.93,182.97,2.0,24,0.5814250842285156,call,2026-10-16,SPY,762.6799926757812,2026-09-17T22:51:38.025037+00:00
585.0,176.13,179.97,169.6,5.0,24,0.5683026568603515,call,2026-10-16,SPY,762.6799926757812,2026-09-17T22:51:38.025037+00:00
590.0,171.38,175.0,167.6,5.0,282,0.5546919531250001,call,2026-10-16,SPY,762.6799926757812,2026-09-17T22:51:38.025037+00:00
595.0,166.44,170.04,166.46,2.0,57,0.5416305603027345,call,2026-10-16,SPY,762.6799926757812,2026-09-17T22:51:38.025037+00:00
600.0,161.54,165.07,163.1,64.0,451,0.5280198565673828,call,2026-10-16,SPY,762.6799926757812,2026-09-17T22:51:38.025037+00:00
605.0,156.58,160.11,150.06,6.0,44,0.5148974291992188,call,2026-10-16,SPY,762.6799926757812,2026-09-17T22:51:38.025037+00:00
610.0,151.62,155.15,152.54,24.0,83,0.5017139672851563,call,2026-10-16,SPY,762.6799926757812,2026-09-17T22:51:38.025037+00:00
615.0,146.65,150.2,148.55,12.0,199,0.48901878173828134,call,2026-10-16,SPY,762.6799926757812,2026-09-17T22:51:38.025037+00:00
620.0,141.7,145.24,131.65,15.0,193,0.47577428527832033,call,2026-10-16,SPY,762.6799926757812,2026-09-17T22:51:38.025037+00:00
625.0,136.42,140.28,137.41,1.0,238,0.46252978881835943,call,2026-10-16,SPY,762.6799926757812,2026-09-17T22:51:38.025037+00:00
630.0,131.79,135.33,132.09,3.0,53,0.44965149963378903,call,2026-10-16,SPY,762.6799926757812,2026-09-17T22:51:38.025037+00:00
635.0,126.84,130.38,128.88,5.0,4347,0.43671217590332034,call,2026-10-16,SPY,762.6799926757812,2026-09-17T22:51:38.025037+00:00
640.0,121.55,125.43,123.88,33.0,422,0.4237118176269531,call,2026-10-16,SPY,762.6799926757812,2026-09-17T22:51:38.025037+00:00
645.0,116.64,120.49,117.94,19.0,237,0.41095559753417965,call,2026-10-16,SPY,762.6799926757812,2026-09-17T22:51:38.025037+00:00
650.0,111.68,115.55,112.42,4.0,332,0.39813834289550787,call,2026-10-16,SPY,762.6799926757812,2026-09-17T22:51:38.025037+00:00
655.0,106.74,110.61,108.13,9.0,35,0.38519901916503896,call,2026-10-16,SPY,762.6799926757812,2026-09-17T22:51:38.025037+00:00
660.0,102.11,105.67,103.74,11.0,288,0.37219866088867193,call,2026-10-16,SPY,762.6799926757812,2026-09-17T22:51:38.025037+00:00
665.0,96.88,100.75,98.86,4.0,475,0.3596865789794922,call,2026-10-16,SPY,762.6799926757812,2026-09-17T22:51:38.025037+00:00
670.0,91.98,95.82,93.73,2.0,501,0.34668622070312494,call,2026-10-16,SPY,762.6799926757812,2026-09-17T22:51:38.025037+00:00
675.0,87.36,90.91,88.96,23.0,126,0.33411310424804685,call,2026-10-16,SPY,762.6799926757812,2026-09-17T22:51:38.025037+00:00
680.0,82.17,86.01,84.03,25.0,2428,0.32166205688476557,call,2026-10-16,SPY,762.6799926757812,2026-09-17T22:51:38.025037+00:00
685.0,77.29,81.12,76.76,300.0,1548,0.3092110095214844,call,2026-10-16,SPY,762.6799926757812,2026-09-17T22:51:38.025037+00:00
690.0,72.42,76.24,74.12,3.0,1197,0.2967599621582031,call,2026-10-16,SPY,762.6799926757812,2026-09-17T22:51:38.025037+00:00
695.0,67.56,71.39,69.43,2.0,1077,0.2847361566162109,call,2026-10-16,SPY,762.6799926757812,2026-09-17T22:51:38.025037+00:00
700.0,62.75,66.56,64.72,66.0,894,0.2727733856201171,call,2026-10-16,SPY,762.6799926757812,2026-09-17T22:51:38.025037+00:00
701.0,61.8,65.59,60.97,2.0,34,0.2702404519653321,call,2026-10-16,SPY,762.6799926757812,2026-09-17T22:51:38.025037+00:00
702.0,60.83,64.63,62.9,4.0,75,0.26792113922119143,call,2026-10-16,SPY,762.6799926757812,2026-09-17T22:51:38.025037+00:00
703.0,59.9,63.67,51.8,25.0,29,0.26557130920410155,call,2026-10-16,SPY,762.6799926757812,2026-09-17T22:51:38.025037+00:00
704.0,59.14,62.71,60.59,6.0,73,0.26319096191406255,call,2026-10-16,SPY,762.6799926757812,2026-09-17T22:51:38.025037+00:00
705.0,58.13,61.76,60.0,44.0,304,0.2610242355346679,call,2026-10-16,SPY,762.6799926757812,2026-09-17T22:51:38.025037+00:00
706.0,57.23,60.8,58.15,3.0,28,0.2586133709716797,call,2026-10-16,SPY,762.6799926757812,2026-09-17T22:51:38.025037+00:00
707.0,56.05,59.84,55.97,1.0,42,0.25620250640869147,call,2026-10-16,SPY,762.6799926757812,2026-09-17T22:51:38.025037+00:00
708.0,55.29,58.89,56.74,1.0,16,0.2539747454833985,call,2026-10-16,SPY,762.6799926757812,2026-09-17T22:51:38.025037+00:00
709.0,54.16,57.94,66.69,4.0,6,0.25168595001220706,call,2026-10-16,SPY,762.6799926757812,2026-09-17T22:51:38.025037+00:00
710.0,53.39,56.99,55.44,81.0,1172,0.2493971545410156,call,2026-10-16,SPY,762.6799926757812,2026-09-17T22:51:38.025037+00:00
711.0,52.26,56.04,47.15,3.0,9,0.247077841796875,call,2026-10-16,SPY,762.6799926757812,2026-09-17T22:51:38.025037+00:00
712.0,51.31,55.1,51.63,1.0,329,0.2449416326904297,call,2026-10-16,SPY,762.6799926757812,2026-09-17T22:51:38.025037+00:00
713.0,50.57,54.15,50.69,1.0,9,0.2425612854003906,call,2026-10-16,SPY,762.6799926757812,2026-09-17T22:51:38.025037+00:00
714.0,49.62,53.21,51.31,92.0,105,0.24036404174804685,call,2026-10-16,SPY,762.6799926757812,2026-09-17T22:51:38.025037+00:00
715.0,48.51,52.27,50.33,64.0,378,0.2381362808227539,call,2026-10-16,SPY,762.6799926757812,2026-09-17T22:51:38.025037+00:00
716.0,48.16,50.34,47.65,1.0,19,0.21707936248779297,call,2026-10-16,SPY,762.6799926757812,2026-09-17T22:51:38.025037+00:00
717.0,47.24,50.39,48.33,1.0,7,0.2335892071533203,call,2026-10-16,SPY,762.6799926757812,2026-09-17T22:51:38.025037+00:00
718.0,45.63,49.46,46.01,1.0,31,0.231452998046875,call,2026-10-16,SPY,762.6799926757812,2026-09-17T22:51:38.025037+00:00
719.0,45.4,47.48,50.85,1.0,12,0.21006038970947266,call,2026-10-16,SPY,762.6799926757812,2026-09-17T22:51:38.025037+00:00
720.0,44.5,45.77,46.03,149.0,512,0.19290968231201172,call,2026-10-16,SPY,762.6799926757812,2026-09-17T22:51:38.025037+00:00
721.0,43.58,45.56,44.65,17.0,54,0.2049945223999023,call,2026-10-16,SPY,762.6799926757812,2026-09-17T22:51:38.025037+00:00
722.0,42.14,45.74,39.89,1.0,78,0.2225419543457031,call,2026-10-16,SPY,762.6799926757812,2026-09-17T22:51:38.025037+00:00
723.0,42.13,43.66,43.27,1.0,20,0.20020331054687499,call,2026-10-16,SPY,762.6799926757812,2026-09-17T22:51:38.025037+00:00
724.0,40.88,43.9,42.1,2.0,14,0.21823901885986324,call,2026-10-16,SPY,762.6799926757812,2026-09-17T22:51:38.025037+00:00
725.0,39.18,42.98,41.3,15.0,1126,0.2160112579345703,call,2026-10-16,SPY,762.6799926757812,2026-09-17T22:51:38.025037+00:00
726.0,38.27,42.08,39.49,4.0,22,0.2140886697387695,call,2026-10-16,SPY,762.6799926757812,2026-09-17T22:51:38.025037+00:00
727.0,37.36,41.17,37.59,2.0,92,0.2119524606323242,call,2026-10-16,SPY,762.6799926757812,2026-09-17T22:51:38.025037+00:00
728.0,37.4,40.26,30.26,3.0,182,0.20978573425292968,call,2026-10-16,SPY,762.6799926757812,2026-09-17T22:51:38.025037+00:00
729.0,35.6,39.36,38.87,18.0,42,0.20771055969238278,call,2026-10-16,SPY,762.6799926757812,2026-09-17T22:51:38.025037+00:00
730.0,35.66,36.98,36.8,80.0,1084,0.1819539813232422,call,2026-10-16,SPY,762.6799926757812,2026-09-17T22:51:38.025037+00:00
731.0,33.86,37.57,32.75,1.0,285,0.20359072784423826,call,2026-10-16,SPY,762.6799926757812,2026-09-17T22:51:38.025037+00:00
732.0,34.16,36.68,34.38,10.0,134,0.20154607055664062,call,2026-10-16,SPY,762.6799926757812,2026-09-17T22:51:38.025037+00:00
733.0,32.96,35.8,26.14,3.0,158,0.19959296508789062,call,2026-10-16,SPY,762.6799926757812,2026-09-17T22:51:38.025037+00:00
734.0,32.12,33.5,31.93,6.0,229,0.17615569946289064,call,2026-10-16,SPY,762.6799926757812,2026-09-17T22:51:38.025037+00:00
735.0,31.24,34.04,32.73,28.0,2661,0.1955036505126953,call,2026-10-16,SPY,762.6799926757812,2026-09-17T22:51:38.025037+00:00
736.0,30.42,33.17,30.91,1.0,158,0.19352002777099608,call,2026-10-16,SPY,762.6799926757812,2026-09-17T22:51:38.025037+00:00
737.0,29.64,32.31,30.97,3.0,179,0.19162795684814454,call,2026-10-16,SPY,762.6799926757812,2026-09-17T22:51:38.025037+00:00
738.0,27.66,29.97,29.46,9.0,408,0.16849586395263677,call,2026-10-16,SPY,762.6799926757812,2026-09-17T22:51:38.025037+00:00
739.0,27.88,30.6,27.82,9.0,655,0.18778278045654295,call,2026-10-16,SPY,762.6799926757812,2026-09-17T22:51:38.025037+00:00
740.0,27.36,28.17,27.89,152.0,5061,0.16379620391845706,call,2026-10-16,SPY,762.6799926757812,2026-09-17T22:51:38.025037+00:00
741.0,25.1,28.08,21.78,3.0,458,0.17264621307373051,call,2026-10-16,SPY,762.6799926757812,2026-09-17T22:51:38.025037+00:00
742.0,25.52,26.52,26.55,5.0,245,0.1609428388977051,call,2026-10-16,SPY,762.6799926757812,2026-09-17T22:51:38.025037+00:00
743.0,23.47,26.42,25.22,3.0,476,0.16919776123046876,call,2026-10-16,SPY,762.6799926757812,2026-09-17T22:51:38.025037+00:00
744.0,22.61,25.6,24.54,2.0,192,0.16748879394531252,call,2026-10-16,SPY,762.6799926757812,2026-09-17T22:51:38.025037+00:00
745.0,23.23,23.93,23.94,79.0,2647,0.15448843566894532,call,2026-10-16,SPY,762.6799926757812,2026-09-17T22:51:38.025037+00:00
746.0,22.34,23.12,23.0,4.0,260,0.15287102020263676,call,2026-10-16,SPY,762.6799926757812,2026-09-17T22:51:38.025037+00:00
747.0,20.2,23.19,21.81,5.0,248,0.16251447845458983,call,2026-10-16,SPY,762.6799926757812,2026-09-17T22:51:38.025037+00:00
748.0,20.88,21.44,20.77,16.0,169,0.14861386062622073,call,2026-10-16,SPY,762.6799926757812,2026-09-17T22:51:38.025037+00:00
749.0,20.06,21.62,20.44,25.0,375,0.159188095703125,call,2026-10-16,SPY,762.6799926757812,2026-09-17T22:51:38.025037+00:00
750.0,19.38,19.77,19.67,1229.0,8154,0.14412782150268555,call,2026-10-16,SPY,762.6799926757812,2026-09-17T22:51:38.025037+00:00
751.0,18.58,19.0,19.25,68.0,395,0.14255618194580078,call,2026-10-16,SPY,762.6799926757812,2026-09-17T22:51:38.025037+00:00
752.0,17.85,18.32,18.5,171.0,493,0.1419763537597656,call,2026-10-16,SPY,762.6799926757812,2026-09-17T22:51:38.025037+00:00
753.0,17.09,17.56,17.3,253.0,371,0.14029790374755857,call,2026-10-16,SPY,762.6799926757812,2026-09-17T22:51:38.025037+00:00
754.0,16.39,16.84,17.03,161.0,814,0.138955143737793,call,2026-10-16,SPY,762.6799926757812,2026-09-17T22:51:38.025037+00:00
755.0,15.7,16.08,15.86,821.0,4444,0.13703255554199223,call,2026-10-16,SPY,762.6799926757812,2026-09-17T22:51:38.025037+00:00
756.0,14.95,15.4,15.06,193.0,1064,0.13593393371582033,call,2026-10-16,SPY,762.6799926757812,2026-09-17T22:51:38.025037+00:00
757.0,14.25,14.71,14.98,1276.0,797,0.1345759150695801,call,2026-10-16,SPY,762.6799926757812,2026-09-17T22:51:38.025037+00:00
758.0,13.61,13.98,13.8,678.0,1522,0.1326075509643555,call,2026-10-16,SPY,762.6799926757812,2026-09-17T22:51:38.025037+00:00
759.0,12.95,13.36,13.6,409.0,1254,0.13178358459472655,call,2026-10-16,SPY,762.6799926757812,2026-09-17T22:51:38.025037+00:00
760.0,12.34,12.62,12.55,5019.0,10250,0.12943375457763673,call,2026-10-16,SPY,762.6799926757812,2026-09-17T22:51:38.025037+00:00
761.0,11.81,11.87,11.86,582.0,1433,0.12680926910400392,call,2026-10-16,SPY,762.6799926757812,2026-09-17T22:51:38.025037+00:00
762.0,11.21,11.26,11.36,2606.0,1780,0.1256496127319336,call,2026-10-16,SPY,762.6799926757812,2026-09-17T22:51:38.025037+00:00
763.0,10.59,10.66,10.71,1957.0,2027,0.12442892181396485,call,2026-10-16,SPY,762.6799926757812,2026-09-17T22:51:38.025037+00:00
764.0,10.02,10.08,10.63,1369.0,2416,0.12328452407836915,call,2026-10-16,SPY,762.6799926757812,2026-09-17T22:51:38.025037+00:00
765.0,9.45,9.51,9.51,2642.0,7181,0.12207909179687501,call,2026-10-16,SPY,762.6799926757812,2026-09-17T22:51:38.025037+00:00
766.0,8.9,8.96,8.96,1770.0,6142,0.1209194354248047,call,2026-10-16,SPY,762.6799926757812,2026-09-17T22:51:38.025037+00:00
767.0,8.38,8.43,8.43,1347.0,7570,0.1198208135986328,call,2026-10-16,SPY,762.6799926757812,2026-09-17T22:51:38.025037+00:00
768.0,7.84,7.91,8.24,2621.0,4196,0.1186458985900879,call,2026-10-16,SPY,762.6799926757812,2026-09-17T22:51:38.025037+00:00
769.0,7.36,7.42,7.7,2272.0,2201,0.11762356994628906,call,2026-10-16,SPY,762.6799926757812,2026-09-17T22:51:38.025037+00:00
770.0,6.88,6.94,6.94,4414.0,18094,0.11655546539306641,call,2026-10-16,SPY,762.6799926757812,2026-09-17T22:51:38.025037+00:00
771.0,6.42,6.49,6.64,3146.0,2860,0.11560942993164064,call,2026-10-16,SPY,762.6799926757812,2026-09-17T22:51:38.025037+00:00
772.0,5.99,6.05,6.1,1588.0,2552,0.11460235992431642,call,2026-10-16,SPY,762.6799926757812,2026-09-17T22:51:38.025037+00:00
773.0,5.57,5.64,5.94,964.0,2104,0.11374787628173827,call,2026-10-16,SPY,762.6799926757812,2026-09-17T22:51:38.025037+00:00
774.0,5.18,5.24,5.32,884.0,1728,0.1128018408203125,call,2026-10-16,SPY,762.6799926757812,2026-09-17T22:51:38.025037+00:00
775.0,4.8,4.86,4.93,2265.0,12926,0.11191683990478514,call,2026-10-16,SPY,762.6799926757812,2026-09-17T22:51:38.025037+00:00
776.0,4.45,4.5,4.73,653.0,1695,0.11106235626220701,call,2026-10-16,SPY,762.6799926757812,2026-09-17T22:51:38.025037+00:00
777.0,4.11,4.16,4.37,532.0,1847,0.11023838989257811,call,2026-10-16,SPY,762.6799926757812,2026-09-17T22:51:38.025037+00:00
778.0,3.79,3.85,3.96,650.0,3602,0.10962804443359375,call,2026-10-16,SPY,762.6799926757812,2026-09-17T22:51:38.025037+00:00
779.0,3.49,3.55,3.51,493.0,1823,0.10892614715576171,call,2026-10-16,SPY,762.6799926757812,2026-09-17T22:51:38.025037+00:00
780.0,3.23,3.25,3.27,2997.0,13249,0.10798011169433594,call,2026-10-16,SPY,762.6799926757812,2026-09-17T22:51:38.025037+00:00
781.0,2.96,2.99,3.09,891.0,3024,0.10740028350830078,call,2026-10-16,SPY,762.6799926757812,2026-09-17T22:51:38.025037+00:00
782.0,2.72,2.75,2.73,1685.0,2528,0.10691200714111329,call,2026-10-16,SPY,762.6799926757812,2026-09-17T22:51:38.025037+00:00
783.0,2.49,2.52,2.6,639.0,2223,0.10636269622802735,call,2026-10-16,SPY,762.6799926757812,2026-09-17T22:51:38.025037+00:00
784.0,2.28,2.3,2.44,458.0,2572,0.10575235076904296,call,2026-10-16,SPY,762.6799926757812,2026-09-17T22:51:38.025037+00:00
785.0,2.08,2.11,2.11,1656.0,12711,0.10541666076660156,call,2026-10-16,SPY,762.6799926757812,2026-09-17T22:51:38.025037+00:00
786.0,1.9,1.93,1.91,414.0,4257,0.10505045349121094,call,2026-10-16,SPY,762.6799926757812,2026-09-17T22:51:38.025037+00:00
787.0,1.73,1.76,1.83,384.0,1996,0.10462321166992186,call,2026-10-16,SPY,762.6799926757812,2026-09-17T22:51:38.025037+00:00
788.0,1.58,1.61,1.67,472.0,1809,0.10440959075927733,call,2026-10-16,SPY,762.6799926757812,2026-09-17T22:51:38.025037+00:00
789.0,1.44,1.47,1.55,237.0,1415,0.10416545257568358,call,2026-10-16,SPY,762.6799926757812,2026-09-17T22:51:38.025037+00:00
790.0,1.31,1.34,1.38,12038.0,21144,0.10395183166503905,call,2026-10-16,SPY,762.6799926757812,2026-09-17T22:51:38.025037+00:00
791.0,1.2,1.22,1.3,196.0,1886,0.10373821075439452,call,2026-10-16,SPY,762.6799926757812,2026-09-17T22:51:38.025037+00:00
792.0,1.09,1.11,1.09,188.0,2051,0.10355510711669921,call,2026-10-16,SPY,762.6799926757812,2026-09-17T22:51:38.025037+00:00
793.0,0.99,1.01,1.07,887.0,7244,0.10340252075195311,call,2026-10-16,SPY,762.6799926757812,2026-09-17T22:51:38.025037+00:00
794.0,0.91,0.93,0.92,214.0,3912,0.10364665893554686,call,2026-10-16,SPY,762.6799926757812,2026-09-17T22:51:38.025037+00:00
795.0,0.83,0.85,0.84,960.0,10277,0.1037076934814453,call,2026-10-16,SPY,762.6799926757812,2026-09-17T22:51:38.025037+00:00
796.0,0.76,0.77,0.78,287.0,2437,0.10358562438964843,call,2026-10-16,SPY,762.6799926757812,2026-09-17T22:51:38.025037+00:00
797.0,0.69,0.7,0.72,74.0,11719,0.10352458984374999,call,2026-10-16,SPY,762.6799926757812,2026-09-17T22:51:38.025037+00:00
798.0,0.63,0.64,0.68,331.0,1607,0.1037076934814453,call,2026-10-16,SPY,762.6799926757812,2026-09-17T22:51:38.025037+00:00
799.0,0.58,0.59,0.62,559.0,2557,0.10401286621093749,call,2026-10-16,SPY,762.6799926757812,2026-09-17T22:51:38.025037+00:00
800.0,0.53,0.54,0.54,26260.0,36791,0.10425700439453123,call,2026-10-16,SPY,762.6799926757812,2026-09-17T22:51:38.025037+00:00
805.0,0.36,0.37,0.37,1712.0,9770,0.10669838623046876,call,2026-10-16,SPY,762.6799926757812,2026-09-17T22:51:38.025037+00:00
810.0,0.25,0.26,0.26,517.0,15412,0.10962804443359375,call,2026-10-16,SPY,762.6799926757812,2026-09-17T22:51:38.025037+00:00
815.0,0.19,0.2,0.18,285.0,16429,0.11402253173828125,call,2026-10-16,SPY,762.6799926757812,2026-09-17T22:51:38.025037+00:00
820.0,0.14,0.15,0.14,98.0,14385,0.1176846044921875,call,2026-10-16,SPY,762.6799926757812,2026-09-17T22:51:38.025037+00:00
825.0,0.11,0.12,0.11,68.0,16096,0.12232322998046877,call,2026-10-16,SPY,762.6799926757812,2026-09-17T22:51:38.025037+00:00
830.0,0.09,0.1,0.09,27.0,18395,0.12720599365234375,call,2026-10-16,SPY,762.6799926757812,2026-09-17T22:51:38.025037+00:00
835.0,0.08,0.09,0.07,14.0,3413,0.1333094482421875,call,2026-10-16,SPY,762.6799926757812,2026-09-17T22:51:38.025037+00:00
840.0,0.06,0.07,0.07,10.0,3072,0.13672738281250002,call,2026-10-16,SPY,762.6799926757812,2026-09-17T22:51:38.025037+00:00
845.0,0.05,0.06,0.05,2.0,1887,0.141610146484375,call,2026-10-16,SPY,762.6799926757812,2026-09-17T22:51:38.025037+00:00
850.0,0.04,0.05,0.04,388.0,10073,0.145516357421875,call,2026-10-16,SPY,762.6799926757812,2026-09-17T22:51:38.025037+00:00
855.0,0.03,0.04,0.03,48.0,714,0.149422568359375,call,2026-10-16,SPY,762.6799926757812,2026-09-17T22:51:38.025037+00:00
860.0,0.03,0.04,0.03,48.0,2031,0.1562584375,call,2026-10-16,SPY,762.6799926757812,2026-09-17T22:51:38.025037+00:00
865.0,0.02,0.03,0.03,7.0,509,0.15821154296875,call,2026-10-16,SPY,762.6799926757812,2026-09-17T22:51:38.025037+00:00
870.0,0.02,0.03,0.02,1.0,2233,0.16407085937500002,call,2026-10-16,SPY,762.6799926757812,2026-09-17T22:51:38.025037+00:00
875.0,0.01,0.02,0.02,3.0,1431,0.16407085937500002,call,2026-10-16,SPY,762.6799926757812,2026-09-17T22:51:38.025037+00:00
880.0,0.01,0.02,0.02,10.0,433,0.17090672851562502,call,2026-10-16,SPY,762.6799926757812,2026-09-17T22:51:38.025037+00:00
885.0,0.01,0.02,0.01,7.0,2389,0.176766044921875,call,2026-10-16,SPY,762.6799926757812,2026-09-17T22:51:38.025037+00:00
890.0,0.01,0.02,0.03,2.0,2596,0.18360191406249998,call,2026-10-16,SPY,762.6799926757812,2026-09-17T22:51:38.025037+00:00
895.0,0.01,0.02,0.01,8.0,462,0.18946123046875002,call,2026-10-16,SPY,762.6799926757812,2026-09-17T22:51:38.025037+00:00
900.0,0.0,0.01,0.01,102.0,3063,0.18360191406249998,call,2026-10-16,SPY,762.6799926757812,2026-09-17T22:51:38.025037+00:00
905.0,0.0,0.01,0.01,9.0,97,0.18946123046875002,call,2026-10-16,SPY,762.6799926757812,2026-09-17T22:51:38.025037+00:00
910.0,0.0,0.01,0.01,276.0,3867,0.195320546875,call,2026-10-16,SPY,762.6799926757812,2026-09-17T22:51:38.025037+00:00
915.0,0.0,0.01,0.01,9.0,3971,0.1992267578125,call,2026-10-16,SPY,762.6799926757812,2026-09-17T22:51:38.025037+00:00
920.0,0.0,0.01,0.01,280.0,368,0.20703917968749996,call,2026-10-16,SPY,762.6799926757812,2026-09-17T22:51:38.025037+00:00
925.0,0.0,0.01,0.01,280.0,360,0.21094539062499998,call,2026-10-16,SPY,762.6799926757812,2026-09-17T22:51:38.025037+00:00
930.0,0.0,0.01,0.01,1.0,371,0.21680470703125,call,2026-10-16,SPY,762.6799926757812,2026-09-17T22:51:38.025037+00:00
935.0,0.0,0.01,0.01,1.0,598,0.22266402343749997,call,2026-10-16,SPY,762.6799926757812,2026-09-17T22:51:38.025037+00:00
940.0,0.0,0.01,0.01,28.0,1022,0.22657023437499998,call,2026-10-16,SPY,762.6799926757812,2026-09-17T22:51:38.025037+00:00
945.0,0.0,0.01,0.02,1101.0,1136,0.23438265625,call,2026-10-16,SPY,762.6799926757812,2026-09-17T22:51:38.025037+00:00
950.0,0.0,0.01,0.01,200.0,1177,0.23828886718749998,call,2026-10-16,SPY,762.6799926757812,2026-09-17T22:51:38.025037+00:00
955.0,0.0,0.01,0.01,1.0,18,0.242195078125,call,2026-10-16,SPY,762.6799926757812,2026-09-17T22:51:38.025037+00:00
960.0,0.0,0.01,0.01,596.0,1188,0.2500075,call,2026-10-16,SPY,762.6799926757812,2026-09-17T22:51:38.025037+00:00
965.0,0.0,0.01,0.01,206.0,785,0.25391371093750004,call,2026-10-16,SPY,762.6799926757812,2026-09-17T22:51:38.025037+00:00
970.0,0.0,0.01,0.01,10.0,782,0.257819921875,call,2026-10-16,SPY,762.6799926757812,2026-09-17T22:51:38.025037+00:00
975.0,0.0,0.01,0.01,745.0,1299,0.2617261328125,call,2026-10-16,SPY,762.6799926757812,2026-09-17T22:51:38.025037+00:00
980.0,0.0,0.01,0.05,532.0,290,0.2695385546875,call,2026-10-16,SPY,762.6799926757812,2026-09-17T22:51:38.025037+00:00
985.0,0.0,0.01,0.01,407.0,595,0.273444765625,call,2026-10-16,SPY,762.6799926757812,2026-09-17T22:51:38.025037+00:00
990.0,0.0,0.01,0.01,407.0,628,0.27735097656249996,call,2026-10-16,SPY,762.6799926757812,2026-09-17T22:51:38.025037+00:00
995.0,0.0,0.01,0.01,1.0,72,0.28516339843749994,call,2026-10-16,SPY,762.6799926757812,2026-09-17T22:51:38.025037+00:00
1000.0,0.0,0.01,0.01,1.0,1252,0.2890696093749999,call,2026-10-16,SPY,762.6799926757812,2026-09-17T22:51:38.025037+00:00
300.0,0.0,0.01,0.01,2.0,5205,0.9062509375,put,2026-10-16,SPY,762.6799926757812,2026-09-17T22:51:38.025037+00:00
305.0,0.0,0.01,0.01,700.0,2490,0.8906260937499999,put,2026-10-16,SPY,762.6799926757812,2026-09-17T22:51:38.025037+00:00
310.0,0.0,0.01,0.01,220.0,4501,0.87500125,put,2026-10-16,SPY,762.6799926757812,2026-09-17T22:51:38.025037+00:00
315.0,0.0,0.01,0.01,600.0,3539,0.85937640625,put,2026-10-16,SPY,762.6799926757812,2026-09-17T22:51:38.025037+00:00
320.0,0.0,0.01,0.02,1641.0,2456,0.8437515624999999,put,2026-10-16,SPY,762.6799926757812,2026-09-17T22:51:38.025037+00:00
325.0,0.0,0.01,0.02,106.0,434,0.8281267187499999,put,2026-10-16,SPY,762.6799926757812,2026-09-17T22:51:38.025037+00:00
330.0,0.0,0.01,0.01,200.0,4675,0.8125018749999999,put,2026-10-16,SPY,762.6799926757812,2026-09-17T22:51:38.025037+00:00
335.0,0.0,0.01,0.01,2.0,1158,0.79687703125,put,2026-10-16,SPY,762.6799926757812,2026-09-17T22:51:38.025037+00:00
340.0,0.0,0.01,0.03,400.0,673,0.7812521875,put,2026-10-16,SPY,762.6799926757812,2026-09-17T22:51:38.025037+00:00
345.0,0.0,0.01,0.02,200.0,1045,0.7812521875,put,2026-10-16,SPY,762.6799926757812,2026-09-17T22:51:38.025037+00:00
350.0,0.0,0.01,0.02,10.0,6258,0.7656273437500001,put,2026-10-16,SPY,762.6799926757812,2026-09-17T22:51:38.025037+00:00
355.0,0.0,0.01,0.02,110.0,11301,0.7500025,put,2026-10-16,SPY,762.6799926757812,2026-09-17T22:51:38.025037+00:00
360.0,0.0,0.01,0.01,952.0,5253,0.73437765625,put,2026-10-16,SPY,762.6799926757812,2026-09-17T22:51:38.025037+00:00
365.0,0.01,0.02,0.01,48.0,1817,0.7812521875,put,2026-10-16,SPY,762.6799926757812,2026-09-17T22:51:38.025037+00:00
370.0,0.01,0.02,0.04,85.0,10612,0.7656273437500001,put,2026-10-16,SPY,762.6799926757812,2026-09-17T22:51:38.025037+00:00
375.0,0.01,0.02,0.02,140.0,6869,0.7500025,put,2026-10-16,SPY,762.6799926757812,2026-09-17T22:51:38.025037+00:00
380.0,0.01,0.02,0.03,28.0,1913,0.7382838671874999,put,2026-10-16,SPY,762.6799926757812,2026-09-17T22:51:38.025037+00:00
385.0,0.01,0.02,0.04,31.0,3791,0.726565234375,put,2026-10-16,SPY,762.6799926757812,2026-09-17T22:51:38.025037+00:00
390.0,0.01,0.02,0.03,100.0,4633,0.710940390625,put,2026-10-16,SPY,762.6799926757812,2026-09-17T22:51:38.025037+00:00
395.0,0.01,0.02,0.02,2440.0,3790,0.6992217578125001,put,2026-10-16,SPY,762.6799926757812,2026-09-17T22:51:38.025037+00:00
400.0,0.01,0.02,0.01,400.0,21394,0.6875031250000001,put,2026-10-16,SPY,762.6799926757812,2026-09-17T22:51:38.025037+00:00
405.0,0.01,0.02,0.01,1225.0,3325,0.6718782812500002,put,2026-10-16,SPY,762.6799926757812,2026-09-17T22:51:38.025037+00:00
410.0,0.01,0.02,0.02,18.0,12728,0.6640658593750002,put,2026-10-16,SPY,762.6799926757812,2026-09-17T22:51:38.025037+00:00
415.0,0.02,0.03,0.04,84.0,964,0.6757844921875001,put,2026-10-16,SPY,762.6799926757812,2026-09-17T22:51:38.025037+00:00
420.0,0.02,0.03,0.04,22.0,1486,0.6640658593750002,put,2026-10-16,SPY,762.6799926757812,2026-09-17T22:51:38.025037+00:00
425.0,0.02,0.03,0.02,124.0,154942,0.6523472265625001,put,2026-10-16,SPY,762.6799926757812,2026-09-17T22:51:38.025037+00:00
430.0,0.02,0.03,0.03,134.0,15655,0.6367223828125,put,2026-10-16,SPY,762.6799926757812,2026-09-17T22:51:38.025037+00:00
435.0,0.02,0.03,0.03,48.0,1201,0.6250037500000001,put,2026-10-16,SPY,762.6799926757812,2026-09-17T22:51:38.025037+00:00
440.0,0.03,0.04,0.03,49.0,533,0.632816171875,put,2026-10-16,SPY,762.6799926757812,2026-09-17T22:51:38.025037+00:00
445.0,0.03,0.04,0.06,163.0,4472,0.6191444335937502,put,2026-10-16,SPY,762.6799926757812,2026-09-17T22:51:38.025037+00:00
450.0,0.03,0.04,0.03,80.0,1572,0.6074258007812501,put,2026-10-16,SPY,762.6799926757812,2026-09-17T22:51:38.025037+00:00
455.0,0.03,0.04,0.03,161.0,2987,0.59570716796875,put,2026-10-16,SPY,762.6799926757812,2026-09-17T22:51:38.025037+00:00
460.0,0.03,0.04,0.04,152.0,1850,0.5839885351562499,put,2026-10-16,SPY,762.6799926757812,2026-09-17T22:51:38.025037+00:00
465.0,0.04,0.05,0.04,121.0,2905,0.5839885351562499,put,2026-10-16,SPY,762.6799926757812,2026-09-17T22:51:38.025037+00:00
470.0,0.04,0.05,0.05,201.0,4159,0.5722699023437501,put,2026-10-16,SPY,762.6799926757812,2026-09-17T22:51:38.025037+00:00
475.0,0.04,0.05,0.05,69.0,241,0.56055126953125,put,2026-10-16,SPY,762.6799926757812,2026-09-17T22:51:38.025037+00:00
480.0,0.05,0.06,0.05,1.0,2232,0.559574716796875,put,2026-10-16,SPY,762.6799926757812,2026-09-17T22:51:38.025037+00:00
485.0,0.05,0.06,0.08,1.0,134,0.5478560839843751,put,2026-10-16,SPY,762.6799926757812,2026-09-17T22:51:38.025037+00:00
490.0,0.06,0.07,0.07,10.0,79,0.5449264257812501,put,2026-10-16,SPY,762.6799926757812,2026-09-17T22:51:38.025037+00:00
495.0,0.06,0.07,0.12,41.0,229,0.53320779296875,put,2026-10-16,SPY,762.6799926757812,2026-09-17T22:51:38.025037+00:00
500.0,0.07,0.08,0.07,12.0,3938,0.5293015820312501,put,2026-10-16,SPY,762.6799926757812,2026-09-17T22:51:38.025037+00:00
505.0,0.07,0.08,0.14,263.0,479,0.51758294921875,put,2026-10-16,SPY,762.6799926757812,2026-09-17T22:51:38.025037+00:00
510.0,0.08,0.09,0.08,10.0,1516,0.5117236328125,put,2026-10-16,SPY,762.6799926757812,2026-09-17T22:51:38.025037+00:00
515.0,0.08,0.09,0.09,3.0,336,0.5009815527343751,put,2026-10-16,SPY,762.6799926757812,2026-09-17T22:51:38.025037+00:00
520.0,0.09,0.1,0.1,35.0,945,0.49805189453125004,put,2026-10-16,SPY,762.6799926757812,2026-09-17T22:51:38.025037+00:00
525.0,0.1,0.11,0.1,252.0,301528,0.49121602539062503,put,2026-10-16,SPY,762.6799926757812,2026-09-17T22:51:38.025037+00:00
530.0,0.11,0.12,0.09,6.0,823,0.48438015625,put,2026-10-16,SPY,762.6799926757812,2026-09-17T22:51:38.025037+00:00
535.0,0.12,0.13,0.1,3.0,631,0.476567734375,put,2026-10-16,SPY,762.6799926757812,2026-09-17T22:51:38.025037+00:00
540.0,0.12,0.13,0.12,167.0,4972,0.46533737792968755,put,2026-10-16,SPY,762.6799926757812,2026-09-17T22:51:38.025037+00:00
545.0,0.13,0.14,0.15,19.0,696,0.45752495605468757,put,2026-10-16,SPY,762.6799926757812,2026-09-17T22:51:38.025037+00:00
550.0,0.14,0.15,0.15,74.0,12526,0.4497125341796875,put,2026-10-16,SPY,762.6799926757812,2026-09-17T22:51:38.025037+00:00
555.0,0.16,0.17,0.16,46.0,528,0.44482977050781247,put,2026-10-16,SPY,762.6799926757812,2026-09-17T22:51:38.025037+00:00
560.0,0.17,0.18,0.18,52.0,395,0.436529072265625,put,2026-10-16,SPY,762.6799926757812,2026-09-17T22:51:38.025037+00:00
565.0,0.18,0.19,0.18,10.0,860,0.42774009765625004,put,2026-10-16,SPY,762.6799926757812,2026-09-17T22:51:38.025037+00:00
570.0,0.19,0.2,0.2,52.0,901,0.418951123046875,put,2026-10-16,SPY,762.6799926757812,2026-09-17T22:51:38.025037+00:00
575.0,0.21,0.22,0.22,46.0,1310,0.41211525390625,put,2026-10-16,SPY,762.6799926757812,2026-09-17T22:51:38.025037+00:00
580.0,0.22,0.23,0.23,56.0,1773,0.40332627929687503,put,2026-10-16,SPY,762.6799926757812,2026-09-17T22:51:38.025037+00:00
585.0,0.24,0.25,0.25,27.0,1811,0.39600213378906257,put,2026-10-16,SPY,762.6799926757812,2026-09-17T22:51:38.025037+00:00
590.0,0.25,0.26,0.26,46.0,3207,0.38672488281249995,put,2026-10-16,SPY,762.6799926757812,2026-09-17T22:51:38.025037+00:00
595.0,0.27,0.28,0.48,6.0,1690,0.3789124609375,put,2026-10-16,SPY,762.6799926757812,2026-09-17T22:51:38.025037+00:00
600.0,0.29,0.3,0.3,133.0,12057,0.3711000390625,put,2026-10-16,SPY,762.6799926757812,2026-09-17T22:51:38.025037+00:00
605.0,0.31,0.32,0.32,3.0,2516,0.3627993408203125,put,2026-10-16,SPY,762.6799926757812,2026-09-17T22:51:38.025037+00:00
610.0,0.33,0.34,0.34,20.0,3718,0.35425450439453116,put,2026-10-16,SPY,762.6799926757812,2026-09-17T22:51:38.025037+00:00
615.0,0.35,0.36,0.39,15.0,1248,0.34570966796874997,put,2026-10-16,SPY,762.6799926757812,2026-09-17T22:51:38.025037+00:00
620.0,0.38,0.39,0.38,16.0,4296,0.33814138427734375,put,2026-10-16,SPY,762.6799926757812,2026-09-17T22:51:38.025037+00:00
625.0,0.4,0.41,0.4,363.0,156865,0.32910827148437494,put,2026-10-16,SPY,762.6799926757812,2026-09-17T22:51:38.025037+00:00
630.0,0.43,0.44,0.45,123.0,33367,0.32080757324218745,put,2026-10-16,SPY,762.6799926757812,2026-09-17T22:51:38.025037+00:00
635.0,0.46,0.47,0.49,3.0,2575,0.31250687499999996,put,2026-10-16,SPY,762.6799926757812,2026-09-17T22:51:38.025037+00:00
640.0,0.5,0.51,0.51,272.0,6005,0.3048165222167969,put,2026-10-16,SPY,762.6799926757812,2026-09-17T22:51:38.025037+00:00
645.0,0.53,0.54,0.56,895.0,5410,0.295905478515625,put,2026-10-16,SPY,762.6799926757812,2026-09-17T22:51:38.025037+00:00
650.0,0.57,0.58,0.59,674.0,25289,0.28748271118164054,put,2026-10-16,SPY,762.6799926757812,2026-09-17T22:51:38.025037+00:00
655.0,0.62,0.63,0.62,117.0,14069,0.2795482202148437,put,2026-10-16,SPY,762.6799926757812,2026-09-17T22:51:38.025037+00:00
660.0,0.66,0.67,0.69,188.0,14209,0.2706371765136719,put,2026-10-16,SPY,762.6799926757812,2026-09-17T22:51:38.025037+00:00
665.0,0.72,0.73,0.73,711.0,4577,0.26270268554687504,put,2026-10-16,SPY,762.6799926757812,2026-09-17T22:51:38.025037+00:00
670.0,0.78,0.79,0.82,101.0,16006,0.25427991821289064,put,2026-10-16,SPY,762.6799926757812,2026-09-17T22:51:38.025037+00:00
675.0,0.85,0.86,0.85,260.0,14296,0.2461012890625,put,2026-10-16,SPY,762.6799926757812,2026-09-17T22:51:38.025037+00:00
680.0,0.92,0.93,0.92,3448.0,26930,0.23743438354492186,put,2026-10-16,SPY,762.6799926757812,2026-09-17T22:51:38.025037+00:00
685.0,1.02,1.03,1.02,618.0,4349,0.2296829962158203,put,2026-10-16,SPY,762.6799926757812,2026-09-17T22:51:38.025037+00:00
690.0,1.12,1.13,1.14,1774.0,12420,0.22132126342773437,put,2026-10-16,SPY,762.6799926757812,2026-09-17T22:51:38.025037+00:00
695.0,1.25,1.26,1.24,167.0,7994,0.21363091064453127,put,2026-10-16,SPY,762.6799926757812,2026-09-17T22:51:38.025037+00:00
700.0,1.4,1.41,1.4,4674.0,31825,0.20587952331542966,put,2026-10-16,SPY,762.6799926757812,2026-09-17T22:51:38.025037+00:00
701.0,1.44,1.45,1.51,42.0,2826,0.204536763305664,put,2026-10-16,SPY,762.6799926757812,2026-09-17T22:51:38.025037+00:00
702.0,1.47,1.48,1.46,20.0,1169,0.20288883056640622,put,2026-10-16,SPY,762.6799926757812,2026-09-17T22:51:38.025037+00:00
703.0,1.51,1.52,1.5,24.0,1265,0.2014850360107422,put,2026-10-16,SPY,762.6799926757812,2026-09-17T22:51:38.025037+00:00
704.0,1.55,1.56,1.52,171.0,1527,0.20002020690917968,put,2026-10-16,SPY,762.6799926757812,2026-09-17T22:51:38.025037+00:00
705.0,1.59,1.6,1.58,817.0,14050,0.19855537780761717,put,2026-10-16,SPY,762.6799926757812,2026-09-17T22:51:38.025037+00:00
706.0,1.62,1.64,1.64,117.0,1130,0.1970905487060547,put,2026-10-16,SPY,762.6799926757812,2026-09-17T22:51:38.025037+00:00
707.0,1.66,1.68,1.69,391.0,987,0.1955036505126953,put,2026-10-16,SPY,762.6799926757812,2026-09-17T22:51:38.025037+00:00
708.0,1.71,1.73,1.72,97.0,2882,0.19422192504882813,put,2026-10-16,SPY,762.6799926757812,2026-09-17T22:51:38.025037+00:00
709.0,1.75,1.77,1.77,55.0,1650,0.1925739923095703,put,2026-10-16,SPY,762.6799926757812,2026-09-17T22:51:38.025037+00:00
710.0,1.8,1.82,1.79,911.0,14239,0.19117019775390626,put,2026-10-16,SPY,762.6799926757812,2026-09-17T22:51:38.025037+00:00
711.0,1.85,1.87,1.87,46.0,3784,0.18976640319824223,put,2026-10-16,SPY,762.6799926757812,2026-09-17T22:51:38.025037+00:00
712.0,1.9,1.92,1.89,35.0,1205,0.18824053955078124,put,2026-10-16,SPY,762.6799926757812,2026-09-17T22:51:38.025037+00:00
713.0,1.95,1.97,2.02,16.0,1321,0.1867146759033203,put,2026-10-16,SPY,762.6799926757812,2026-09-17T22:51:38.025037+00:00
714.0,2.0,2.02,2.03,70.0,4574,0.18515829498291014,put,2026-10-16,SPY,762.6799926757812,2026-09-17T22:51:38.025037+00:00
715.0,2.06,2.08,2.06,2505.0,9603,0.18378501770019529,put,2026-10-16,SPY,762.6799926757812,2026-09-17T22:51:38.025037+00:00
716.0,2.12,2.14,2.11,13090.0,13213,0.18238122314453126,put,2026-10-16,SPY,762.6799926757812,2026-09-17T22:51:38.025037+00:00
717.0,2.18,2.2,2.15,56.0,1447,0.18091639404296872,put,2026-10-16,SPY,762.6799926757812,2026-09-17T22:51:38.025037+00:00
718.0,2.24,2.26,2.22,98.0,4914,0.17939053039550779,put,2026-10-16,SPY,762.6799926757812,2026-09-17T22:51:38.025037+00:00
719.0,2.31,2.33,2.26,30.0,1437,0.1780477703857422,put,2026-10-16,SPY,762.6799926757812,2026-09-17T22:51:38.025037+00:00
720.0,2.37,2.4,2.34,1829.0,33723,0.17664397583007813,put,2026-10-16,SPY,762.6799926757812,2026-09-17T22:51:38.025037+00:00
721.0,2.45,2.47,2.42,74.0,940,0.17517914672851562,put,2026-10-16,SPY,762.6799926757812,2026-09-17T22:51:38.025037+00:00
722.0,2.52,2.54,2.51,172.0,22210,0.1736532830810547,put,2026-10-16,SPY,762.6799926757812,2026-09-17T22:51:38.025037+00:00
723.0,2.59,2.62,2.59,41.0,5402,0.17231052307128908,put,2026-10-16,SPY,762.6799926757812,2026-09-17T22:51:38.025037+00:00
724.0,2.67,2.7,2.66,20811.0,12716,0.17090672851562502,put,2026-10-16,SPY,762.6799926757812,2026-09-17T22:51:38.025037+00:00
725.0,2.76,2.78,2.77,3116.0,42723,0.1694113821411133,put,2026-10-16,SPY,762.6799926757812,2026-09-17T22:51:38.025037+00:00
726.0,2.84,2.87,2.85,356.0,10394,0.1680991394042969,put,2026-10-16,SPY,762.6799926757812,2026-09-17T22:51:38.025037+00:00
727.0,2.93,2.96,2.94,196.0,12413,0.16666482757568363,put,2026-10-16,SPY,762.6799926757812,2026-09-17T22:51:38.025037+00:00
728.0,3.03,3.05,3.01,283.0,24313,0.1651999984741211,put,2026-10-16,SPY,762.6799926757812,2026-09-17T22:51:38.025037+00:00
729.0,3.12,3.15,3.12,185.0,1942,0.16385723846435551,put,2026-10-16,SPY,762.6799926757812,2026-09-17T22:51:38.025037+00:00
730.0,3.22,3.25,3.24,3959.0,41444,0.1624229266357422,put,2026-10-16,SPY,762.6799926757812,2026-09-17T22:51:38.025037+00:00
731.0,3.33,3.36,3.29,40.0,1595,0.1611106838989258,put,2026-10-16,SPY,762.6799926757812,2026-09-17T22:51:38.025037+00:00
732.0,3.43,3.47,3.38,181.0,36581,0.15973740661621094,put,2026-10-16,SPY,762.6799926757812,2026-09-17T22:51:38.025037+00:00
733.0,3.55,3.58,3.5,135.0,3818,0.15827257751464846,put,2026-10-16,SPY,762.6799926757812,2026-09-17T22:51:38.025037+00:00
734.0,3.67,3.7,3.57,143.0,3577,0.1568993002319336,put,2026-10-16,SPY,762.6799926757812,2026-09-17T22:51:38.025037+00:00
735.0,3.79,3.82,3.78,2091.0,27260,0.15543447113037112,put,2026-10-16,SPY,762.6799926757812,2026-09-17T22:51:38.025037+00:00
736.0,3.92,3.95,3.84,176.0,26769,0.1540917111206055,put,2026-10-16,SPY,762.6799926757812,2026-09-17T22:51:38.025037+00:00
737.0,4.06,4.08,3.93,72.0,3218,0.152626882019043,put,2026-10-16,SPY,762.6799926757812,2026-09-17T22:51:38.025037+00:00
738.0,4.2,4.22,4.14,108.0,6564,0.15125360473632815,put,2026-10-16,SPY,762.6799926757812,2026-09-17T22:51:38.025037+00:00
739.0,4.34,4.37,4.3,644.0,2730,0.14994136199951175,put,2026-10-16,SPY,762.6799926757812,2026-09-17T22:51:38.025037+00:00
740.0,4.5,4.52,4.51,3379.0,30302,0.14855282608032228,put,2026-10-16,SPY,762.6799926757812,2026-09-17T22:51:38.025037+00:00
741.0,4.66,4.68,4.59,488.0,3442,0.14722532470703126,put,2026-10-16,SPY,762.6799926757812,2026-09-17T22:51:38.025037+00:00
742.0,4.82,4.85,4.79,736.0,6045,0.1459130819702148,put,2026-10-16,SPY,762.6799926757812,2026-09-17T22:51:38.025037+00:00
743.0,4.98,5.04,4.94,480.0,2057,0.14481446014404298,put,2026-10-16,SPY,762.6799926757812,2026-09-17T22:51:38.025037+00:00
744.0,5.16,5.22,5.17,478.0,2524,0.14347170013427735,put,2026-10-16,SPY,762.6799926757812,2026-09-17T22:51:38.025037+00:00
745.0,5.35,5.41,5.38,1903.0,42662,0.14214419876098633,put,2026-10-16,SPY,762.6799926757812,2026-09-17T22:51:38.025037+00:00
746.0,5.55,5.6,5.52,772.0,2261,0.1407251455688477,put,2026-10-16,SPY,762.6799926757812,2026-09-17T22:51:38.025037+00:00
747.0,5.75,5.81,5.58,742.0,2820,0.13945867874145512,put,2026-10-16,SPY,762.6799926757812,2026-09-17T22:51:38.025037+00:00
748.0,5.97,6.02,5.99,1022.0,2365,0.1380854014587402,put,2026-10-16,SPY,762.6799926757812,2026-09-17T22:51:38.025037+00:00
749.0,6.19,6.25,6.11,730.0,1943,0.1368494519042969,put,2026-10-16,SPY,762.6799926757812,2026-09-17T22:51:38.025037+00:00
750.0,6.42,6.48,6.45,7178.0,36057,0.1355066918945313,put,2026-10-16,SPY,762.6799926757812,2026-09-17T22:51:38.025037+00:00
751.0,6.66,6.73,6.57,886.0,2211,0.13428600097656251,put,2026-10-16,SPY,762.6799926757812,2026-09-17T22:51:38.025037+00:00
752.0,6.92,6.98,6.89,1101.0,5575,0.13294324096679688,put,2026-10-16,SPY,762.6799926757812,2026-09-17T22:51:38.025037+00:00
753.0,7.18,7.25,7.06,1123.0,28097,0.13172255004882813,put,2026-10-16,SPY,762.6799926757812,2026-09-17T22:51:38.025037+00:00
754.0,7.46,7.53,7.41,1279.0,2027,0.13048660049438476,put,2026-10-16,SPY,762.6799926757812,2026-09-17T22:51:38.025037+00:00
755.0,7.75,7.8,7.69,6342.0,18084,0.12900651275634767,put,2026-10-16,SPY,762.6799926757812,2026-09-17T22:51:38.025037+00:00
756.0,8.05,8.12,8.07,2139.0,1885,0.1279689254760742,put,2026-10-16,SPY,762.6799926757812,2026-09-17T22:51:38.025037+00:00
757.0,8.37,8.43,8.35,2964.0,27420,0.1266566827392578,put,2026-10-16,SPY,762.6799926757812,2026-09-17T22:51:38.025037+00:00
758.0,8.7,8.77,8.6,1802.0,3050,0.12557331954956058,put,2026-10-16,SPY,762.6799926757812,2026-09-17T22:51:38.025037+00:00
759.0,9.05,9.11,9.02,780.0,2107,0.1243373699951172,put,2026-10-16,SPY,762.6799926757812,2026-09-17T22:51:38.025037+00:00
760.0,9.41,9.45,9.44,9083.0,16035,0.12293357543945313,put,2026-10-16,SPY,762.6799926757812,2026-09-17T22:51:38.025037+00:00
761.0,9.78,9.85,9.69,1423.0,1190,0.12204857452392578,put,2026-10-16,SPY,762.6799926757812,2026-09-17T22:51:38.025037+00:00
762.0,10.19,10.24,10.21,2663.0,1625,0.12088891815185548,put,2026-10-16,SPY,762.6799926757812,2026-09-17T22:51:38.025037+00:00
763.0,10.59,10.66,10.5,1688.0,1599,0.11991236541748046,put,2026-10-16,SPY,762.6799926757812,2026-09-17T22:51:38.025037+00:00
764.0,11.02,11.09,11.01,685.0,1456,0.11887477813720701,put,2026-10-16,SPY,762.6799926757812,2026-09-17T22:51:38.025037+00:00
765.0,11.46,11.53,11.45,2664.0,12967,0.11777615631103515,put,2026-10-16,SPY,762.6799926757812,2026-09-17T22:51:38.025037+00:00
766.0,11.92,12.0,11.69,495.0,4510,0.11684537948608398,put,2026-10-16,SPY,762.6799926757812,2026-09-17T22:51:38.025037+00:00
767.0,12.04,12.74,12.51,506.0,5904,0.1188442608642578,put,2026-10-16,SPY,762.6799926757812,2026-09-17T22:51:38.025037+00:00
768.0,12.56,13.25,12.78,472.0,3485,0.11802029449462889,put,2026-10-16,SPY,762.6799926757812,2026-09-17T22:51:38.025037+00:00
769.0,13.06,13.78,13.02,125.0,3101,0.11722684539794923,put,2026-10-16,SPY,762.6799926757812,2026-09-17T22:51:38.025037+00:00
770.0,13.88,14.2,13.91,739.0,9500,0.11495330856323241,put,2026-10-16,SPY,762.6799926757812,2026-09-17T22:51:38.025037+00:00
771.0,14.14,14.94,14.41,44.0,1466,0.11628080993652344,put,2026-10-16,SPY,762.6799926757812,2026-09-17T22:51:38.025037+00:00
772.0,14.72,15.5,14.85,57.0,2210,0.11528899856567384,put,2026-10-16,SPY,762.6799926757812,2026-09-17T22:51:38.025037+00:00
773.0,15.54,16.12,15.93,52.0,1178,0.11481598083496095,put,2026-10-16,SPY,762.6799926757812,2026-09-17T22:51:38.025037+00:00
774.0,15.21,17.79,16.63,35.0,1085,0.1272670281982422,put,2026-10-16,SPY,762.6799926757812,2026-09-17T22:51:38.025037+00:00
775.0,16.79,17.5,16.93,290.0,6701,0.1150906362915039,put,2026-10-16,SPY,762.6799926757812,2026-09-17T22:51:38.025037+00:00
776.0,17.23,18.24,17.13,2.0,860,0.11560942993164064,put,2026-10-16,SPY,762.6799926757812,2026-09-17T22:51:38.025037+00:00
777.0,17.92,19.09,18.68,6.0,1225,0.11744046630859376,put,2026-10-16,SPY,762.6799926757812,2026-09-17T22:51:38.025037+00:00
778.0,18.76,19.62,18.65,12.0,589,0.11481598083496095,put,2026-10-16,SPY,762.6799926757812,2026-09-17T22:51:38.025037+00:00
779.0,19.45,20.44,19.62,4.0,605,0.1159146026611328,put,2026-10-16,SPY,762.6799926757812,2026-09-17T22:51:38.025037+00:00
780.0,20.16,21.25,20.53,85.0,2744,0.11676908630371094,put,2026-10-16,SPY,762.6799926757812,2026-09-17T22:51:38.025037+00:00
781.0,20.86,22.37,21.22,4.0,346,0.12195702270507813,put,2026-10-16,SPY,762.6799926757812,2026-09-17T22:51:38.025037+00:00
782.0,21.64,23.22,25.25,1.0,205,0.12323874816894533,put,2026-10-16,SPY,762.6799926757812,2026-09-17T22:51:38.025037+00:00
783.0,22.4,24.17,23.1,83.0,145,0.12586323364257812,put,2026-10-16,SPY,762.6799926757812,2026-09-17T22:51:38.025037+00:00
784.0,22.77,24.86,23.94,2.0,225,0.1245204736328125,put,2026-10-16,SPY,762.6799926757812,2026-09-17T22:51:38.025037+00:00
785.0,23.63,26.58,24.37,20.0,395,0.13861945373535156,put,2026-10-16,SPY,762.6799926757812,2026-09-17T22:51:38.025037+00:00
786.0,24.52,27.38,25.28,21.0,114,0.138955143737793,put,2026-10-16,SPY,762.6799926757812,2026-09-17T22:51:38.025037+00:00
787.0,24.64,28.28,25.55,2.0,71,0.14069462829589846,put,2026-10-16,SPY,762.6799926757812,2026-09-17T22:51:38.025037+00:00
788.0,25.55,29.16,32.75,1.0,3,0.14206790557861326,put,2026-10-16,SPY,762.6799926757812,2026-09-17T22:51:38.025037+00:00
789.0,26.47,30.05,31.52,2.0,17,0.14350221740722657,put,2026-10-16,SPY,762.6799926757812,2026-09-17T22:51:38.025037+00:00
790.0,27.41,30.98,37.41,7.0,119,0.145516357421875,put,2026-10-16,SPY,762.6799926757812,2026-09-17T22:51:38.025037+00:00
791.0,28.36,31.97,35.75,2.0,142,0.148446015625,put,2026-10-16,SPY,762.6799926757812,2026-09-17T22:51:38.025037+00:00
792.0,29.32,32.87,31.53,6.0,6,0.1498803274536133,put,2026-10-16,SPY,762.6799926757812,2026-09-17T22:51:38.025037+00:00
793.0,30.28,33.85,31.63,1.0,2,0.15256584747314456,put,2026-10-16,SPY,762.6799926757812,2026-09-17T22:51:38.025037+00:00
794.0,31.25,34.84,32.62,2.0,1,0.1554039538574219,put,2026-10-16,SPY,762.6799926757812,2026-09-17T22:51:38.025037+00:00
795.0,32.23,35.82,35.65,2.0,27,0.15805895660400393,put,2026-10-16,SPY,762.6799926757812,2026-09-17T22:51:38.025037+00:00
796.0,33.2,36.81,40.54,1.0,1,0.16083602844238282,put,2026-10-16,SPY,762.6799926757812,2026-09-17T22:51:38.025037+00:00
797.0,34.19,37.8,35.9,80.0,40,0.16358258300781253,put,2026-10-16,SPY,762.6799926757812,2026-09-17T22:51:38.025037+00:00
798.0,35.18,38.79,27.23,2.0,28,0.16632913757324225,put,2026-10-16,SPY,762.6799926757812,2026-09-17T22:51:38.025037+00:00
799.0,36.17,39.81,30.8,,100,0.1695639685058594,put,2026-10-16,SPY,762.6799926757812,2026-09-17T22:51:38.025037+00:00
800.0,37.16,40.81,40.42,1.0,491,0.1724631094360352,put,2026-10-16,SPY,762.6799926757812,2026-09-17T22:51:38.025037+00:00
805.0,42.14,45.78,44.09,5.0,18,0.1860432958984375,put,2026-10-16,SPY,762.6799926757812,2026-09-17T22:51:38.025037+00:00
810.0,47.14,50.8,48.9,6.0,83,0.20014227600097656,put,2026-10-16,SPY,762.6799926757812,2026-09-17T22:51:38.025037+00:00
815.0,52.14,55.8,53.62,4.0,8,0.2135088415527344,put,2026-10-16,SPY,762.6799926757812,2026-09-17T22:51:38.025037+00:00
820.0,57.14,60.79,58.51,8.0,9,0.22638713073730468,put,2026-10-16,SPY,762.6799926757812,2026-09-17T22:51:38.025037+00:00
825.0,62.13,65.81,72.75,2.0,2,0.23957059265136715,put,2026-10-16,SPY,762.6799926757812,2026-09-17T22:51:38.025037+00:00
830.0,67.13,70.8,69.92,1.0,50,0.25189957092285153,put,2026-10-16,SPY,762.6799926757812,2026-09-17T22:51:38.025037+00:00
835.0,72.13,75.82,73.56,4.0,4,0.26462527374267575,put,2026-10-16,SPY,762.6799926757812,2026-09-17T22:51:38.025037+00:00
840.0,77.13,80.82,79.83,1.0,1,0.2766795965576171,put,2026-10-16,SPY,762.6799926757812,2026-09-17T22:51:38.025037+00:00
845.0,82.13,85.82,83.59,1.0,1,0.2885508157348632,put,2026-10-16,SPY,762.6799926757812,2026-09-17T22:51:38.025037+00:00
850.0,87.12,90.82,89.15,1.0,11,0.30023893127441403,put,2026-10-16,SPY,762.6799926757812,2026-09-17T22:51:38.025037+00:00
855.0,92.12,95.83,94.8,1.0,2,0.311957564086914,put,2026-10-16,SPY,762.6799926757812,2026-09-17T22:51:38.025037+00:00
865.0,102.12,105.83,99.46,1.0,0,0.334418276977539,put,2026-10-16,SPY,762.6799926757812,2026-09-17T22:51:38.025037+00:00
880.0,117.11,120.81,115.9,,91,0.36640037902832034,put,2026-10-16,SPY,762.6799926757812,2026-09-17T22:51:38.025037+00:00
895.0,132.11,135.82,133.43,4.0,4,0.39789420471191406,put,2026-10-16,SPY,762.6799926757812,2026-09-17T22:51:38.025037+00:00
930.0,167.1,170.81,164.9,,1,0.4664359997558594,put,2026-10-16,SPY,762.6799926757812,2026-09-17T22:51:38.025037+00:00
1000.0,259.32,262.51,250.79,,0,1.008641431427002,put,2026-10-16,SPY,762.6799926757812,2026-09-17T22:51:38.025037+00:00
300.0,461.32,464.92,463.12,5.0,89,0.9248054394531251,call,2026-11-20,SPY,762.6799926757812,2026-09-17T22:51:38.025037+00:00
325.0,431.32,434.78,419.74,,1,1.0000000000000003e-05,call,2026-11-20,SPY,762.6799926757812,2026-09-17T22:51:38.025037+00:00
340.0,416.6,420.11,400.8,,1,1.0000000000000003e-05,call,2026-11-20,SPY,762.6799926757812,2026-09-17T22:51:38.025037+00:00
345.0,416.78,420.31,417.85,,0,0.8605970971679688,call,2026-11-20,SPY,762.6799926757812,2026-09-17T22:51:38.025037+00:00
350.0,411.74,415.35,411.43,1.0,1,0.8461929443359374,call,2026-11-20,SPY,762.6799926757812,2026-09-17T22:51:38.025037+00:00
380.0,377.36,380.87,349.59,,1,1.0000000000000003e-05,call,2026-11-20,SPY,762.6799926757812,2026-09-17T22:51:38.025037+00:00
395.0,367.19,370.76,383.68,,1,0.7670921728515626,call,2026-11-20,SPY,762.6799926757812,2026-09-17T22:51:38.025037+00:00
400.0,362.28,365.81,364.1,11.0,11,0.7597680273437502,call,2026-11-20,SPY,762.6799926757812,2026-09-17T22:51:38.025037+00:00
410.0,355.02,357.71,345.76,,1,0.8682874499511719,call,2026-11-20,SPY,762.6799926757812,2026-09-17T22:51:38.025037+00:00
415.0,347.43,350.95,342.16,1.0,1,0.7319362744140624,call,2026-11-20,SPY,762.6799926757812,2026-09-17T22:51:38.025037+00:00
425.0,337.45,341.05,343.99,3.0,8,0.7105741833496093,call,2026-11-20,SPY,762.6799926757812,2026-09-17T22:51:38.025037+00:00
430.0,340.02,343.54,311.32,,1,0.9893494717407226,call,2026-11-20,SPY,762.6799926757812,2026-09-17T22:51:38.025037+00:00
435.0,327.63,331.15,328.97,2.0,21,0.6948272705078126,call,2026-11-20,SPY,762.6799926757812,2026-09-17T22:51:38.025037+00:00
440.0,0.0,0.0,325.14,1.0,0,1.0000000000000003e-05,call,2026-11-20,SPY,762.6799926757812,2026-09-17T22:51:38.025037+00:00
445.0,317.65,321.25,323.45,,4,0.6737093176269533,call,2026-11-20,SPY,762.6799926757812,2026-09-17T22:51:38.025037+00:00
450.0,312.69,316.3,314.44,2.0,16,0.6641879284667971,call,2026-11-20,SPY,762.6799926757812,2026-09-17T22:51:38.025037+00:00
460.0,302.8,306.41,299.23,1.0,17,0.6462437719726561,call,2026-11-20,SPY,762.6799926757812,2026-09-17T22:51:38.025037+00:00
465.0,297.92,301.47,302.88,1.0,3,0.6390416955566407,call,2026-11-20,SPY,762.6799926757812,2026-09-17T22:51:38.025037+00:00
470.0,293.0,296.52,292.39,1.0,6,0.6304968591308593,call,2026-11-20,SPY,762.6799926757812,2026-09-17T22:51:38.025037+00:00
480.0,283.11,286.63,279.38,3.0,11,0.6121864953613283,call,2026-11-20,SPY,762.6799926757812,2026-09-17T22:51:38.025037+00:00
485.0,278.11,281.69,275.59,2.0,5,0.601810622558594,call,2026-11-20,SPY,762.6799926757812,2026-09-17T22:51:38.025037+00:00
490.0,280.74,284.26,254.08,20.0,33,0.8180255014038084,call,2026-11-20,SPY,762.6799926757812,2026-09-17T22:51:38.025037+00:00
495.0,268.27,271.81,269.63,5.0,1,0.584843018798828,call,2026-11-20,SPY,762.6799926757812,2026-09-17T22:51:38.025037+00:00
500.0,263.29,266.87,272.1,1.0,24,0.5749554223632812,call,2026-11-20,SPY,762.6799926757812,2026-09-17T22:51:38.025037+00:00
505.0,258.39,261.93,259.88,2.0,3,0.5668378277587891,call,2026-11-20,SPY,762.6799926757812,2026-09-17T22:51:38.025037+00:00
510.0,253.41,256.99,255.08,4.0,10,0.5569502313232424,call,2026-11-20,SPY,762.6799926757812,2026-09-17T22:51:38.025037+00:00
515.0,248.49,252.06,245.68,4.0,97,0.5485274639892579,call,2026-11-20,SPY,762.6799926757812,2026-09-17T22:51:38.025037+00:00
520.0,243.6,247.12,240.19,5.0,52,0.5404709039306643,call,2026-11-20,SPY,762.6799926757812,2026-09-17T22:51:38.025037+00:00
525.0,238.59,242.19,235.84,4.0,6,0.5302171002197267,call,2026-11-20,SPY,762.6799926757812,2026-09-17T22:51:38.025037+00:00
530.0,233.72,237.26,233.58,24.0,84,0.5225877819824218,call,2026-11-20,SPY,762.6799926757812,2026-09-17T22:51:38.025037+00:00
535.0,228.75,232.33,226.03,4.0,10,0.5130663928222656,call,2026-11-20,SPY,762.6799926757812,2026-09-17T22:51:38.025037+00:00
540.0,223.8,227.4,221.08,4.0,8,0.5039722454833984,call,2026-11-20,SPY,762.6799926757812,2026-09-17T22:51:38.025037+00:00
545.0,218.92,222.47,220.49,1.0,5,0.5485884985351563,call,2026-11-20,SPY,762.6799926757812,2026-09-17T22:51:38.025037+00:00
550.0,214.01,217.54,206.3,1.0,24,0.5383957293701174,call,2026-11-20,SPY,762.6799926757812,2026-09-17T22:51:38.025037+00:00
555.0,209.0,212.62,209.61,1.0,11,0.5284165811157228,call,2026-11-20,SPY,762.6799926757812,2026-09-17T22:51:38.025037+00:00
560.0,204.1,207.7,205.08,4.0,16,0.5184374328613282,call,2026-11-20,SPY,762.6799926757812,2026-09-17T22:51:38.025037+00:00
565.0,199.21,202.78,196.11,5.0,14,0.5084888018798828,call,2026-11-20,SPY,762.6799926757812,2026-09-17T22:51:38.025037+00:00
570.0,194.26,197.86,191.65,4.0,5,0.4985401708984375,call,2026-11-20,SPY,762.6799926757812,2026-09-17T22:51:38.025037+00:00
575.0,189.33,192.95,190.77,36.0,5,0.4887746435546876,call,2026-11-20,SPY,762.6799926757812,2026-09-17T22:51:38.025037+00:00
580.0,184.46,188.03,186.05,1.0,53,0.47876497802734375,call,2026-11-20,SPY,762.6799926757812,2026-09-17T22:51:38.025037+00:00
585.0,179.56,183.12,172.9,5.0,14,0.4689994506835938,call,2026-11-20,SPY,762.6799926757812,2026-09-17T22:51:38.025037+00:00
590.0,174.65,178.22,175.94,2.0,4,0.45941702697753906,call,2026-11-20,SPY,762.6799926757812,2026-09-17T22:51:38.025037+00:00
595.0,169.73,173.32,171.22,66.0,12,0.44977356872558594,call,2026-11-20,SPY,762.6799926757812,2026-09-17T22:51:38.025037+00:00
600.0,164.87,168.42,166.27,2.0,1553,0.4401301104736328,call,2026-11-20,SPY,762.6799926757812,2026-09-17T22:51:38.025037+00:00
605.0,159.95,163.53,158.49,3.0,3,0.4306087213134766,call,2026-11-20,SPY,762.6799926757812,2026-09-17T22:51:38.025037+00:00
610.0,155.09,158.64,157.04,6.0,32,0.42105681488037117,call,2026-11-20,SPY,762.6799926757812,2026-09-17T22:51:38.025037+00:00
615.0,150.21,153.75,150.33,1.0,22,0.41144387390136716,call,2026-11-20,SPY,762.6799926757812,2026-09-17T22:51:38.025037+00:00
620.0,145.31,148.87,146.92,23.0,16,0.4019835192871094,call,2026-11-20,SPY,762.6799926757812,2026-09-17T22:51:38.025037+00:00
625.0,140.43,144.0,141.93,1.0,6,0.39264523376464844,call,2026-11-20,SPY,762.6799926757812,2026-09-17T22:51:38.025037+00:00
630.0,135.58,139.14,131.71,2.0,783,0.3833679827880859,call,2026-11-20,SPY,762.6799926757812,2026-09-17T22:51:38.025037+00:00
635.0,130.74,134.28,134.7,1.0,139,0.37402969726562496,call,2026-11-20,SPY,762.6799926757812,2026-09-17T22:51:38.025037+00:00
640.0,125.89,129.43,126.11,1.0,427,0.3647829635620118,call,2026-11-20,SPY,762.6799926757812,2026-09-17T22:51:38.025037+00:00
645.0,121.05,124.59,122.76,1.0,69,0.3555667471313476,call,2026-11-20,SPY,762.6799926757812,2026-09-17T22:51:38.025037+00:00
650.0,116.24,119.77,116.75,15.0,2067,0.34656415161132803,call,2026-11-20,SPY,762.6799926757812,2026-09-17T22:51:38.025037+00:00
655.0,111.36,114.95,112.75,70.0,153,0.33743948699951176,call,2026-11-20,SPY,762.6799926757812,2026-09-17T22:51:38.025037+00:00
660.0,106.55,110.15,108.0,10.0,301,0.3284674087524414,call,2026-11-20,SPY,762.6799926757812,2026-09-17T22:51:38.025037+00:00
665.0,101.77,105.36,93.98,3.0,100,0.3194648132324218,call,2026-11-20,SPY,762.6799926757812,2026-09-17T22:51:38.025037+00:00
670.0,97.06,100.59,100.86,12.0,529,0.31061480407714837,call,2026-11-20,SPY,762.6799926757812,2026-09-17T22:51:38.025037+00:00
675.0,92.28,95.84,92.56,1.0,78,0.30179531219482425,call,2026-11-20,SPY,762.6799926757812,2026-09-17T22:51:38.025037+00:00
680.0,87.54,91.12,89.81,11.0,693,0.2931894412231445,call,2026-11-20,SPY,762.6799926757812,2026-09-17T22:51:38.025037+00:00
685.0,82.89,86.42,84.55,2.0,302,0.28458357025146475,call,2026-11-20,SPY,762.6799926757812,2026-09-17T22:51:38.025037+00:00
690.0,78.18,80.52,79.28,3.0,1472,0.26117682189941405,call,2026-11-20,SPY,762.6799926757812,2026-09-17T22:51:38.025037+00:00
695.0,73.95,77.1,74.04,3.0,123,0.2675244146728516,call,2026-11-20,SPY,762.6799926757812,2026-09-17T22:51:38.025037+00:00
700.0,69.31,72.5,70.97,1150.0,6127,0.2592237164306641,call,2026-11-20,SPY,762.6799926757812,2026-09-17T22:51:38.025037+00:00
705.0,64.38,67.94,65.35,1.0,419,0.2510145700073242,call,2026-11-20,SPY,762.6799926757812,2026-09-17T22:51:38.025037+00:00
710.0,60.66,63.42,61.4,12.0,418,0.24280542358398435,call,2026-11-20,SPY,762.6799926757812,2026-09-17T22:51:38.025037+00:00
715.0,56.0,58.96,57.17,9.0,129,0.23479463943481443,call,2026-11-20,SPY,762.6799926757812,2026-09-17T22:51:38.025037+00:00
720.0,50.84,54.53,53.35,5.0,1895,0.22658549301147457,call,2026-11-20,SPY,762.6799926757812,2026-09-17T22:51:38.025037+00:00
725.0,47.68,50.25,48.6,13.0,1609,0.2192613475036621,call,2026-11-20,SPY,762.6799926757812,2026-09-17T22:51:38.025037+00:00
730.0,43.47,46.01,44.83,7.0,1773,0.21167780517578122,call,2026-11-20,SPY,762.6799926757812,2026-09-17T22:51:38.025037+00:00
735.0,38.22,41.87,40.24,68.0,1991,0.20429262512207028,call,2026-11-20,SPY,762.6799926757812,2026-09-17T22:51:38.025037+00:00
740.0,34.32,37.85,36.28,50.0,2963,0.1971668418884277,call,2026-11-20,SPY,762.6799926757812,2026-09-17T22:51:38.025037+00:00
745.0,30.46,33.19,32.16,242.0,2797,0.1839223454284668,call,2026-11-20,SPY,762.6799926757812,2026-09-17T22:51:38.025037+00:00
750.0,27.92,28.39,28.49,683.0,6705,0.168877329864502,call,2026-11-20,SPY,762.6799926757812,2026-09-17T22:51:38.025037+00:00
755.0,24.4,24.7,24.6,140.0,1859,0.161843098449707,call,2026-11-20,SPY,762.6799926757812,2026-09-17T22:51:38.025037+00:00
760.0,21.03,21.36,21.3,619.0,5509,0.15627369613647463,call,2026-11-20,SPY,762.6799926757812,2026-09-17T22:51:38.025037+00:00
765.0,18.03,18.1,18.15,955.0,5518,0.1498803274536133,call,2026-11-20,SPY,762.6799926757812,2026-09-17T22:51:38.025037+00:00
770.0,15.13,15.2,15.36,753.0,5608,0.14467713241577146,call,2026-11-20,SPY,762.6799926757812,2026-09-17T22:51:38.025037+00:00
775.0,12.51,12.57,12.66,706.0,9100,0.13980962738037112,call,2026-11-20,SPY,762.6799926757812,2026-09-17T22:51:38.025037+00:00
780.0,10.18,10.25,10.31,1492.0,9750,0.1355066918945313,call,2026-11-20,SPY,762.6799926757812,2026-09-17T22:51:38.025037+00:00
785.0,8.16,8.22,8.38,375.0,6487,0.13156996368408203,call,2026-11-20,SPY,762.6799926757812,2026-09-17T22:51:38.025037+00:00
790.0,6.45,6.51,6.55,2010.0,6641,0.1283046154785156,call,2026-11-20,SPY,762.6799926757812,2026-09-17T22:51:38.025037+00:00
795.0,5.05,5.08,5.03,696.0,4535,0.12543599182128906,call,2026-11-20,SPY,762.6799926757812,2026-09-17T22:51:38.025037+00:00
800.0,3.9,3.93,3.91,11225.0,5439,0.12323874816894533,call,2026-11-20,SPY,762.6799926757812,2026-09-17T22:51:38.025037+00:00
805.0,2.97,3.0,2.94,738.0,3893,0.12136193588256836,call,2026-11-20,SPY,762.6799926757812,2026-09-17T22:51:38.025037+00:00
810.0,2.25,2.27,2.25,10221.0,8219,0.11991236541748046,call,2026-11-20,SPY,762.6799926757812,2026-09-17T22:51:38.025037+00:00
815.0,1.68,1.71,1.77,288.0,3339,0.11890529541015624,call,2026-11-20,SPY,762.6799926757812,2026-09-17T22:51:38.025037+00:00
820.0,1.26,1.27,1.31,373.0,3931,0.11795925994873047,call,2026-11-20,SPY,762.6799926757812,2026-09-17T22:51:38.025037+00:00
825.0,0.94,0.95,0.99,122.0,5079,0.11762356994628906,call,2026-11-20,SPY,762.6799926757812,2026-09-17T22:51:38.025037+00:00
830.0,0.71,0.72,0.72,901.0,4610,0.1178677081298828,call,2026-11-20,SPY,762.6799926757812,2026-09-17T22:51:38.025037+00:00
835.0,0.54,0.55,0.55,60.0,2129,0.11847805358886719,call,2026-11-20,SPY,762.6799926757812,2026-09-17T22:51:38.025037+00:00
840.0,0.42,0.43,0.41,25.0,1118,0.11963770996093749,call,2026-11-20,SPY,762.6799926757812,2026-09-17T22:51:38.025037+00:00
845.0,0.33,0.34,0.34,287.0,1225,0.12098046997070314,call,2026-11-20,SPY,762.6799926757812,2026-09-17T22:51:38.025037+00:00
850.0,0.27,0.28,0.27,288.0,3483,0.12317771362304689,call,2026-11-20,SPY,762.6799926757812,2026-09-17T22:51:38.025037+00:00
855.0,0.22,0.23,0.21,7.0,986,0.12513081909179688,call,2026-11-20,SPY,762.6799926757812,2026-09-17T22:51:38.025037+00:00
860.0,0.18,0.19,0.18,8.0,725,0.12720599365234375,call,2026-11-20,SPY,762.6799926757812,2026-09-17T22:51:38.025037+00:00
865.0,0.15,0.16,0.13,12.0,703,0.1294032373046875,call,2026-11-20,SPY,762.6799926757812,2026-09-17T22:51:38.025037+00:00
870.0,0.13,0.14,0.11,8.0,286,0.13233289550781252,call,2026-11-20,SPY,762.6799926757812,2026-09-17T22:51:38.025037+00:00
875.0,0.11,0.12,0.1,5.0,23307,0.13477427734375003,call,2026-11-20,SPY,762.6799926757812,2026-09-17T22:51:38.025037+00:00
880.0,0.1,0.11,0.1,6.0,1112,0.1381922119140625,call,2026-11-20,SPY,762.6799926757812,2026-09-17T22:51:38.025037+00:00
885.0,0.08,0.09,0.07,1.0,757,0.139657041015625,call,2026-11-20,SPY,762.6799926757812,2026-09-17T22:51:38.025037+00:00
890.0,0.07,0.08,0.09,1.0,779,0.14258669921875,call,2026-11-20,SPY,762.6799926757812,2026-09-17T22:51:38.025037+00:00
895.0,0.06,0.07,0.07,1.0,995,0.1450280810546875,call,2026-11-20,SPY,762.6799926757812,2026-09-17T22:51:38.025037+00:00
900.0,0.05,0.06,0.05,24.0,1940,0.1469811865234375,call,2026-11-20,SPY,762.6799926757812,2026-09-17T22:51:38.025037+00:00
905.0,0.05,0.06,0.04,3.0,1205,0.15137567382812503,call,2026-11-20,SPY,762.6799926757812,2026-09-17T22:51:38.025037+00:00
910.0,0.04,0.05,0.04,24.0,266,0.15284050292968754,call,2026-11-20,SPY,762.6799926757812,2026-09-17T22:51:38.025037+00:00
915.0,0.03,0.04,0.05,4.0,241,0.15332877929687502,call,2026-11-20,SPY,762.6799926757812,2026-09-17T22:51:38.025037+00:00
920.0,0.03,0.04,0.03,324.0,1290,0.1577232666015625,call,2026-11-20,SPY,762.6799926757812,2026-09-17T22:51:38.025037+00:00
925.0,0.02,0.03,0.03,25.0,87,0.157234990234375,call,2026-11-20,SPY,762.6799926757812,2026-09-17T22:51:38.025037+00:00
930.0,0.02,0.03,0.03,12.0,65,0.161141201171875,call,2026-11-20,SPY,762.6799926757812,2026-09-17T22:51:38.025037+00:00
935.0,0.02,0.03,0.03,4.0,13,0.165047412109375,call,2026-11-20,SPY,762.6799926757812,2026-09-17T22:51:38.025037+00:00
940.0,0.02,0.03,0.03,262.0,356,0.16895362304687503,call,2026-11-20,SPY,762.6799926757812,2026-09-17T22:51:38.025037+00:00
945.0,0.01,0.02,0.02,1.0,273,0.16700051757812504,call,2026-11-20,SPY,762.6799926757812,2026-09-17T22:51:38.025037+00:00
950.0,0.01,0.02,0.02,91.0,2395,0.17090672851562502,call,2026-11-20,SPY,762.6799926757812,2026-09-17T22:51:38.025037+00:00
955.0,0.01,0.02,0.03,7.0,28,0.174812939453125,call,2026-11-20,SPY,762.6799926757812,2026-09-17T22:51:38.025037+00:00
960.0,0.01,0.02,0.03,2.0,30,0.17774259765625,call,2026-11-20,SPY,762.6799926757812,2026-09-17T22:51:38.025037+00:00
965.0,0.01,0.02,0.04,1.0,51,0.18164880859375,call,2026-11-20,SPY,762.6799926757812,2026-09-17T22:51:38.025037+00:00
970.0,0.01,0.02,0.01,2.0,34,0.18555501953124998,call,2026-11-20,SPY,762.6799926757812,2026-09-17T22:51:38.025037+00:00
975.0,0.01,0.02,0.03,40.0,49,0.18946123046875002,call,2026-11-20,SPY,762.6799926757812,2026-09-17T22:51:38.025037+00:00
980.0,0.01,0.02,0.01,297.0,115,0.19336744140625,call,2026-11-20,SPY,762.6799926757812,2026-09-17T22:51:38.025037+00:00
985.0,0.01,0.02,0.02,1.0,851,0.196297099609375,call,2026-11-20,SPY,762.6799926757812,2026-09-17T22:51:38.025037+00:00
990.0,0.01,0.02,0.02,90.0,526,0.1992267578125,call,2026-11-20,SPY,762.6799926757812,2026-09-17T22:51:38.025037+00:00
995.0,0.01,0.02,0.02,50.0,405,0.20313296874999998,call,2026-11-20,SPY,762.6799926757812,2026-09-17T22:51:38.025037+00:00
1000.0,0.0,0.01,0.01,10.0,776,0.195320546875,call,2026-11-20,SPY,762.6799926757812,2026-09-17T22:51:38.025037+00:00
300.0,0.03,0.04,0.03,30.0,4450,0.7070341796875,put,2026-11-20,SPY,762.6799926757812,2026-09-17T22:51:38.025037+00:00
305.0,0.03,0.04,0.04,6.0,1609,0.6953155468750001,put,2026-11-20,SPY,762.6799926757812,2026-09-17T22:51:38.025037+00:00
310.0,0.03,0.04,0.05,90.0,126,0.6835969140625001,put,2026-11-20,SPY,762.6799926757812,2026-09-17T22:51:38.025037+00:00
315.0,0.03,0.04,0.04,95.0,506,0.6718782812500002,put,2026-11-20,SPY,762.6799926757812,2026-09-17T22:51:38.025037+00:00
320.0,0.04,0.05,0.05,85.0,391,0.6757844921875001,put,2026-11-20,SPY,762.6799926757812,2026-09-17T22:51:38.025037+00:00
325.0,0.04,0.05,0.05,57.0,242,0.6640658593750002,put,2026-11-20,SPY,762.6799926757812,2026-09-17T22:51:38.025037+00:00
330.0,0.04,0.05,0.05,104.0,148,0.6523472265625001,put,2026-11-20,SPY,762.6799926757812,2026-09-17T22:51:38.025037+00:00
335.0,0.05,0.06,0.05,4.0,83,0.6523472265625001,put,2026-11-20,SPY,762.6799926757812,2026-09-17T22:51:38.025037+00:00
340.0,0.05,0.06,0.09,1.0,2066,0.64062859375,put,2026-11-20,SPY,762.6799926757812,2026-09-17T22:51:38.025037+00:00
345.0,0.05,0.06,0.08,10.0,374,0.63086306640625,put,2026-11-20,SPY,762.6799926757812,2026-09-17T22:51:38.025037+00:00
350.0,0.06,0.07,0.07,100.0,841,0.6289099609375001,put,2026-11-20,SPY,762.6799926757812,2026-09-17T22:51:38.025037+00:00
355.0,0.06,0.07,0.09,6.0,2691,0.6171913281250001,put,2026-11-20,SPY,762.6799926757812,2026-09-17T22:51:38.025037+00:00
360.0,0.06,0.07,0.07,76.0,2229,0.6074258007812501,put,2026-11-20,SPY,762.6799926757812,2026-09-17T22:51:38.025037+00:00
365.0,0.07,0.08,0.07,1181.0,14843,0.6044961425781252,put,2026-11-20,SPY,762.6799926757812,2026-09-17T22:51:38.025037+00:00
370.0,0.07,0.08,0.08,2520.0,10571,0.5937540625000001,put,2026-11-20,SPY,762.6799926757812,2026-09-17T22:51:38.025037+00:00
375.0,0.08,0.09,0.08,600.0,1423,0.5898478515625001,put,2026-11-20,SPY,762.6799926757812,2026-09-17T22:51:38.025037+00:00
380.0,0.08,0.09,0.09,49.0,150479,0.5800823242187501,put,2026-11-20,SPY,762.6799926757812,2026-09-17T22:51:38.025037+00:00
385.0,0.09,0.1,0.1,2.0,244,0.57617611328125,put,2026-11-20,SPY,762.6799926757812,2026-09-17T22:51:38.025037+00:00
390.0,0.09,0.1,0.11,15.0,104286,0.5654340332031251,put,2026-11-20,SPY,762.6799926757812,2026-09-17T22:51:38.025037+00:00
395.0,0.1,0.11,0.11,115.0,317,0.56055126953125,put,2026-11-20,SPY,762.6799926757812,2026-09-17T22:51:38.025037+00:00
400.0,0.11,0.12,0.12,59.0,75373,0.5556685058593751,put,2026-11-20,SPY,762.6799926757812,2026-09-17T22:51:38.025037+00:00
405.0,0.11,0.12,0.12,115.0,313,0.5459029785156251,put,2026-11-20,SPY,762.6799926757812,2026-09-17T22:51:38.025037+00:00
410.0,0.12,0.13,0.13,16.0,1486,0.5400436621093752,put,2026-11-20,SPY,762.6799926757812,2026-09-17T22:51:38.025037+00:00
415.0,0.13,0.14,0.13,16.0,388,0.534184345703125,put,2026-11-20,SPY,762.6799926757812,2026-09-17T22:51:38.025037+00:00
420.0,0.14,0.15,0.15,66.0,805,0.5283250292968751,put,2026-11-20,SPY,762.6799926757812,2026-09-17T22:51:38.025037+00:00
425.0,0.15,0.16,0.16,20.0,322,0.5224657128906249,put,2026-11-20,SPY,762.6799926757812,2026-09-17T22:51:38.025037+00:00
430.0,0.16,0.17,0.17,67.0,2764,0.5161181201171875,put,2026-11-20,SPY,762.6799926757812,2026-09-17T22:51:38.025037+00:00
435.0,0.17,0.18,0.17,95.0,160,0.5097705273437501,put,2026-11-20,SPY,762.6799926757812,2026-09-17T22:51:38.025037+00:00
440.0,0.18,0.19,0.19,45.0,72,0.5029346582031251,put,2026-11-20,SPY,762.6799926757812,2026-09-17T22:51:38.025037+00:00
445.0,0.19,0.2,0.2,42.0,93,0.49805189453125004,put,2026-11-20,SPY,762.6799926757812,2026-09-17T22:51:38.025037+00:00
450.0,0.21,0.22,0.21,49.0,1184,0.4936574072265626,put,2026-11-20,SPY,762.6799926757812,2026-09-17T22:51:38.025037+00:00
455.0,0.22,0.23,0.35,33.0,190,0.48633326171875,put,2026-11-20,SPY,762.6799926757812,2026-09-17T22:51:38.025037+00:00
460.0,0.23,0.24,0.24,21.0,830,0.47949739257812496,put,2026-11-20,SPY,762.6799926757812,2026-09-17T22:51:38.025037+00:00
465.0,0.25,0.26,0.25,7.0,3047,0.47437049072265625,put,2026-11-20,SPY,762.6799926757812,2026-09-17T22:51:38.025037+00:00
470.0,0.26,0.27,0.36,1.0,5930,0.4670463452148438,put,2026-11-20,SPY,762.6799926757812,2026-09-17T22:51:38.025037+00:00
475.0,0.28,0.29,0.28,32.0,3240,0.4616753051757813,put,2026-11-20,SPY,762.6799926757812,2026-09-17T22:51:38.025037+00:00
480.0,0.29,0.3,0.3,9.0,5319,0.454107021484375,put,2026-11-20,SPY,762.6799926757812,2026-09-17T22:51:38.025037+00:00
485.0,0.31,0.32,0.31,40.0,203,0.4484918432617187,put,2026-11-20,SPY,762.6799926757812,2026-09-17T22:51:38.025037+00:00
490.0,0.33,0.34,0.34,1.0,146,0.442388388671875,put,2026-11-20,SPY,762.6799926757812,2026-09-17T22:51:38.025037+00:00
495.0,0.35,0.36,0.36,9.0,205,0.436529072265625,put,2026-11-20,SPY,762.6799926757812,2026-09-17T22:51:38.025037+00:00
500.0,0.37,0.38,0.37,72.0,303790,0.43018147949218755,put,2026-11-20,SPY,762.6799926757812,2026-09-17T22:51:38.025037+00:00
505.0,0.39,0.4,0.4,1.0,197,0.42383388671875,put,2026-11-20,SPY,762.6799926757812,2026-09-17T22:51:38.025037+00:00
510.0,0.41,0.42,0.42,12.0,200282,0.41748629394531245,put,2026-11-20,SPY,762.6799926757812,2026-09-17T22:51:38.025037+00:00
515.0,0.44,0.45,0.44,4.0,8063,0.41211525390625,put,2026-11-20,SPY,762.6799926757812,2026-09-17T22:51:38.025037+00:00
520.0,0.46,0.47,0.47,68.0,152788,0.405279384765625,put,2026-11-20,SPY,762.6799926757812,2026-09-17T22:51:38.025037+00:00
525.0,0.49,0.5,0.52,11.0,468,0.3996642065429688,put,2026-11-20,SPY,762.6799926757812,2026-09-17T22:51:38.025037+00:00
530.0,0.52,0.53,0.53,201.0,854,0.39380489013671877,put,2026-11-20,SPY,762.6799926757812,2026-09-17T22:51:38.025037+00:00
535.0,0.55,0.56,0.55,132.0,289,0.387701435546875,put,2026-11-20,SPY,762.6799926757812,2026-09-17T22:51:38.025037+00:00
540.0,0.58,0.59,0.58,16.0,740,0.3815979809570312,put,2026-11-20,SPY,762.6799926757812,2026-09-17T22:51:38.025037+00:00
545.0,0.61,0.62,0.59,3.0,857,0.37525038818359374,put,2026-11-20,SPY,762.6799926757812,2026-09-17T22:51:38.025037+00:00
550.0,0.64,0.65,0.65,262.0,4473,0.3687807263183594,put,2026-11-20,SPY,762.6799926757812,2026-09-17T22:51:38.025037+00:00
555.0,0.68,0.69,0.68,34.0,792,0.36304347900390627,put,2026-11-20,SPY,762.6799926757812,2026-09-17T22:51:38.025037+00:00
560.0,0.72,0.73,0.74,6.0,4830,0.3570620935058594,put,2026-11-20,SPY,762.6799926757812,2026-09-17T22:51:38.025037+00:00
565.0,0.76,0.77,0.79,10.0,2023,0.35095863891601553,put,2026-11-20,SPY,762.6799926757812,2026-09-17T22:51:38.025037+00:00
570.0,0.8,0.81,0.81,20.0,1165,0.344733115234375,put,2026-11-20,SPY,762.6799926757812,2026-09-17T22:51:38.025037+00:00
575.0,0.85,0.86,0.84,15.0,946,0.33899586791992187,put,2026-11-20,SPY,762.6799926757812,2026-09-17T22:51:38.025037+00:00
580.0,0.9,0.91,0.9,100.0,17543,0.33301448242187504,put,2026-11-20,SPY,762.6799926757812,2026-09-17T22:51:38.025037+00:00
585.0,0.95,0.96,0.98,1.0,631,0.32691102783203124,put,2026-11-20,SPY,762.6799926757812,2026-09-17T22:51:38.025037+00:00
590.0,1.0,1.01,1.05,28.0,1596,0.3206244696044921,put,2026-11-20,SPY,762.6799926757812,2026-09-17T22:51:38.025037+00:00
595.0,1.06,1.07,1.07,3.0,624,0.3147041186523437,put,2026-11-20,SPY,762.6799926757812,2026-09-17T22:51:38.025037+00:00
600.0,1.12,1.13,1.11,439.0,4834,0.3086006640625,put,2026-11-20,SPY,762.6799926757812,2026-09-17T22:51:38.025037+00:00
605.0,1.19,1.2,1.21,6.0,766,0.30274134765625,put,2026-11-20,SPY,762.6799926757812,2026-09-17T22:51:38.025037+00:00
610.0,1.26,1.27,1.25,251.0,2124,0.2967599621582031,put,2026-11-20,SPY,762.6799926757812,2026-09-17T22:51:38.025037+00:00
615.0,1.34,1.35,1.36,144.0,3422,0.29090064575195307,put,2026-11-20,SPY,762.6799926757812,2026-09-17T22:51:38.025037+00:00
620.0,1.42,1.43,1.42,186.0,161296,0.2848582257080078,put,2026-11-20,SPY,762.6799926757812,2026-09-17T22:51:38.025037+00:00
625.0,1.5,1.51,1.5,37.0,2544,0.27863270202636714,put,2026-11-20,SPY,762.6799926757812,2026-09-17T22:51:38.025037+00:00
630.0,1.6,1.61,1.63,29.0,102821,0.27283442016601556,put,2026-11-20,SPY,762.6799926757812,2026-09-17T22:51:38.025037+00:00
635.0,1.7,1.71,1.7,937.0,1347,0.2668530346679688,put,2026-11-20,SPY,762.6799926757812,2026-09-17T22:51:38.025037+00:00
640.0,1.81,1.82,1.81,945.0,78687,0.26093268371582035,put,2026-11-20,SPY,762.6799926757812,2026-09-17T22:51:38.025037+00:00
645.0,1.94,1.95,1.93,296.0,1638,0.2553175054931641,put,2026-11-20,SPY,762.6799926757812,2026-09-17T22:51:38.025037+00:00
650.0,2.07,2.08,2.06,794.0,15938,0.2493666372680664,put,2026-11-20,SPY,762.6799926757812,2026-09-17T22:51:38.025037+00:00
655.0,2.22,2.23,2.2,31.0,12000,0.2436599072265625,put,2026-11-20,SPY,762.6799926757812,2026-09-17T22:51:38.025037+00:00
660.0,2.38,2.39,2.38,94.0,13809,0.23786162536621092,put,2026-11-20,SPY,762.6799926757812,2026-09-17T22:51:38.025037+00:00
665.0,2.55,2.56,2.54,48.0,1709,0.23200230895996093,put,2026-11-20,SPY,762.6799926757812,2026-09-17T22:51:38.025037+00:00
670.0,2.75,2.76,2.75,325.0,4548,0.22638713073730468,put,2026-11-20,SPY,762.6799926757812,2026-09-17T22:51:38.025037+00:00
675.0,2.95,2.98,2.98,1368.0,4738,0.22083298706054685,put,2026-11-20,SPY,762.6799926757812,2026-09-17T22:51:38.025037+00:00
680.0,3.19,3.22,3.2,463.0,47483,0.21521780883789063,put,2026-11-20,SPY,762.6799926757812,2026-09-17T22:51:38.025037+00:00
685.0,3.45,3.48,3.4,224.0,7289,0.20948056152343747,put,2026-11-20,SPY,762.6799926757812,2026-09-17T22:51:38.025037+00:00
690.0,3.75,3.77,3.73,125.0,19653,0.20383486602783202,put,2026-11-20,SPY,762.6799926757812,2026-09-17T22:51:38.025037+00:00
695.0,4.07,4.1,4.07,115.0,5070,0.1982807223510742,put,2026-11-20,SPY,762.6799926757812,2026-09-17T22:51:38.025037+00:00
700.0,4.44,4.46,4.44,5298.0,34802,0.19266554412841796,put,2026-11-20,SPY,762.6799926757812,2026-09-17T22:51:38.025037+00:00
705.0,4.84,4.87,4.81,416.0,7811,0.1871266590881348,put,2026-11-20,SPY,762.6799926757812,2026-09-17T22:51:38.025037+00:00
710.0,5.3,5.33,5.29,354.0,7922,0.18161829132080076,put,2026-11-20,SPY,762.6799926757812,2026-09-17T22:51:38.025037+00:00
715.0,5.82,5.85,5.78,246.0,23242,0.17615569946289064,put,2026-11-20,SPY,762.6799926757812,2026-09-17T22:51:38.025037+00:00
720.0,6.4,6.43,6.38,350.0,31633,0.1706625903320313,put,2026-11-20,SPY,762.6799926757812,2026-09-17T22:51:38.025037+00:00
725.0,7.06,7.09,7.01,238.0,15601,0.1652152571105957,put,2026-11-20,SPY,762.6799926757812,2026-09-17T22:51:38.025037+00:00
730.0,7.81,7.84,7.76,1117.0,30290,0.15979844116210937,put,2026-11-20,SPY,762.6799926757812,2026-09-17T22:51:38.025037+00:00
735.0,8.64,8.71,8.56,384.0,5869,0.15459524612426762,put,2026-11-20,SPY,762.6799926757812,2026-09-17T22:51:38.025037+00:00
740.0,9.61,9.69,9.53,4252.0,16999,0.14931575790405271,put,2026-11-20,SPY,762.6799926757812,2026-09-17T22:51:38.025037+00:00
745.0,10.72,10.8,10.65,17027.0,25580,0.14400575241088864,put,2026-11-20,SPY,762.6799926757812,2026-09-17T22:51:38.025037+00:00
750.0,11.98,12.07,11.89,3001.0,32637,0.13875678146362308,put,2026-11-20,SPY,762.6799926757812,2026-09-17T22:51:38.025037+00:00
755.0,13.43,13.53,13.4,725.0,8781,0.1336146209716797,put,2026-11-20,SPY,762.6799926757812,2026-09-17T22:51:38.025037+00:00
760.0,15.1,15.17,15.12,3367.0,7363,0.12831987411499018,put,2026-11-20,SPY,762.6799926757812,2026-09-17T22:51:38.025037+00:00
765.0,17.02,17.13,17.02,945.0,5811,0.12372702453613281,put,2026-11-20,SPY,762.6799926757812,2026-09-17T22:51:38.025037+00:00
770.0,19.22,19.33,19.21,1440.0,12354,0.11904262313842773,put,2026-11-20,SPY,762.6799926757812,2026-09-17T22:51:38.025037+00:00
775.0,21.0,22.22,21.38,240.0,3539,0.1176998631286621,put,2026-11-20,SPY,762.6799926757812,2026-09-17T22:51:38.025037+00:00
780.0,23.5,24.95,24.28,82.0,3390,0.1128018408203125,put,2026-11-20,SPY,762.6799926757812,2026-09-17T22:51:38.025037+00:00
785.0,26.53,29.71,27.76,9.0,670,0.12362021408081056,put,2026-11-20,SPY,762.6799926757812,2026-09-17T22:51:38.025037+00:00
790.0,30.83,33.25,30.83,29.0,1415,0.12210960906982424,put,2026-11-20,SPY,762.6799926757812,2026-09-17T22:51:38.025037+00:00
795.0,33.45,37.11,42.14,16.0,161,0.12171288452148438,put,2026-11-20,SPY,762.6799926757812,2026-09-17T22:51:38.025037+00:00
800.0,37.78,41.39,39.99,1.0,481,0.12410849044799804,put,2026-11-20,SPY,762.6799926757812,2026-09-17T22:51:38.025037+00:00
805.0,42.4,45.96,45.16,1.0,27,0.1287318572998047,put,2026-11-20,SPY,762.6799926757812,2026-09-17T22:51:38.025037+00:00
810.0,47.23,50.69,49.8,1.0,10,0.13459117370605472,put,2026-11-20,SPY,762.6799926757812,2026-09-17T22:51:38.025037+00:00
815.0,52.16,55.69,52.71,3.0,44,0.14365480377197265,put,2026-11-20,SPY,762.6799926757812,2026-09-17T22:51:38.025037+00:00
820.0,57.14,60.69,53.5,1.0,6,0.1524742956542969,put,2026-11-20,SPY,762.6799926757812,2026-09-17T22:51:38.025037+00:00
825.0,62.14,65.7,64.05,5.0,135,0.16126327026367188,put,2026-11-20,SPY,762.6799926757812,2026-09-17T22:51:38.025037+00:00
830.0,67.13,70.71,61.79,1.0,1,0.1698996585083008,put,2026-11-20,SPY,762.6799926757812,2026-09-17T22:51:38.025037+00:00
835.0,72.13,75.73,72.34,1.0,0,0.1785055294799805,put,2026-11-20,SPY,762.6799926757812,2026-09-17T22:51:38.025037+00:00
840.0,69.47,72.99,68.45,,0,1.0000000000000003e-05,put,2026-11-20,SPY,762.6799926757812,2026-09-17T22:51:38.025037+00:00
850.0,109.23,112.51,100.49,19.0,0,0.43399613861083985,put,2026-11-20,SPY,762.6799926757812,2026-09-17T22:51:38.025037+00:00
865.0,0.0,0.0,118.14,1.0,0,1.0000000000000003e-05,put,2026-11-20,SPY,762.6799926757812,2026-09-17T22:51:38.025037+00:00
900.0,143.85,147.3,145.67,,0,0.37439590454101557,put,2026-11-20,SPY,762.6799926757812,2026-09-17T22:51:38.025037+00:00
950.0,187.09,190.81,177.32,1.0,1,0.34229173339843744,put,2026-11-20,SPY,762.6799926757812,2026-09-17T22:51:38.025037+00:00
960.0,189.24,192.76,195.82,,0,1.0000000000000003e-05,put,2026-11-20,SPY,762.6799926757812,2026-09-17T22:51:38.025037+00:00
150.0,612.55,615.8,596.0,2.0,6,1.5305199255371091,call,2026-12-18,SPY,762.6799926757812,2026-09-17T22:51:38.025037+00:00
200.0,560.89,564.7,562.3,13.0,753,0.9765627343750001,call,2026-12-18,SPY,762.6799926757812,2026-09-17T22:51:38.025037+00:00
210.0,551.0,554.82,557.33,2.0,382,0.99023447265625,call,2026-12-18,SPY,762.6799926757812,2026-09-17T22:51:38.025037+00:00
220.0,519.23,522.72,515.9,71.0,82,1.0000000000000003e-05,call,2026-12-18,SPY,762.6799926757812,2026-09-17T22:51:38.025037+00:00
230.0,531.24,535.05,536.7,2.0,14,0.9860841235351563,call,2026-12-18,SPY,762.6799926757812,2026-09-17T22:51:38.025037+00:00
240.0,523.79,526.89,511.4,1.0,27,1.202274496459961,call,2026-12-18,SPY,762.6799926757812,2026-09-17T22:51:38.025037+00:00
245.0,424.91,428.79,422.0,4.0,21,1.0000000000000003e-05,call,2026-12-18,SPY,762.6799926757812,2026-09-17T22:51:38.025037+00:00
250.0,511.47,515.28,508.11,6.0,147,0.9626468579101561,call,2026-12-18,SPY,762.6799926757812,2026-09-17T22:51:38.025037+00:00
255.0,506.53,510.34,512.73,2.0,4,0.9558109887695312,call,2026-12-18,SPY,762.6799926757812,2026-09-17T22:51:38.025037+00:00
260.0,501.58,505.4,504.85,1.0,15,0.9477544287109375,call,2026-12-18,SPY,762.6799926757812,2026-09-17T22:51:38.025037+00:00
265.0,430.6,434.44,427.58,2.0,120,1.0000000000000003e-05,call,2026-12-18,SPY,762.6799926757812,2026-09-17T22:51:38.025037+00:00
270.0,486.36,489.87,486.29,2.0,65,1.0000000000000003e-05,call,2026-12-18,SPY,762.6799926757812,2026-09-17T22:51:38.025037+00:00
275.0,486.76,490.58,490.09,2.0,124,0.9243171630859376,call,2026-12-18,SPY,762.6799926757812,2026-09-17T22:51:38.025037+00:00
280.0,481.83,485.64,488.33,2.0,56,0.9167488793945313,call,2026-12-18,SPY,762.6799926757812,2026-09-17T22:51:38.025037+00:00
285.0,385.58,389.46,353.65,2.0,103,1.0000000000000003e-05,call,2026-12-18,SPY,762.6799926757812,2026-09-17T22:51:38.025037+00:00
290.0,471.96,475.76,478.48,2.0,16,0.9001474829101561,call,2026-12-18,SPY,762.6799926757812,2026-09-17T22:51:38.025037+00:00
295.0,393.0,397.73,404.0,1.0,78,1.0000000000000003e-05,call,2026-12-18,SPY,762.6799926757812,2026-09-17T22:51:38.025037+00:00
300.0,462.08,465.88,464.11,1.0,240,0.8825695336914061,call,2026-12-18,SPY,762.6799926757812,2026-09-17T22:51:38.025037+00:00
305.0,457.14,460.95,454.68,1.0,6,0.8740246972656249,call,2026-12-18,SPY,762.6799926757812,2026-09-17T22:51:38.025037+00:00
310.0,0.0,0.0,446.05,1.0,0,1.0000000000000003e-05,call,2026-12-18,SPY,762.6799926757812,2026-09-17T22:51:38.025037+00:00
315.0,447.25,451.07,449.87,1.0,147,0.8554701953125,call,2026-12-18,SPY,762.6799926757812,2026-09-17T22:51:38.025037+00:00
320.0,442.33,446.13,445.4,18.0,29,0.8471694970703124,call,2026-12-18,SPY,762.6799926757812,2026-09-17T22:51:38.025037+00:00
325.0,432.54,436.05,411.16,1.0,58,1.0000000000000003e-05,call,2026-12-18,SPY,762.6799926757812,2026-09-17T22:51:38.025037+00:00
330.0,432.45,436.26,432.07,7.0,16,0.8292253405761718,call,2026-12-18,SPY,762.6799926757812,2026-09-17T22:51:38.025037+00:00
335.0,422.77,426.28,414.01,1.0,11,1.0000000000000003e-05,call,2026-12-18,SPY,762.6799926757812,2026-09-17T22:51:38.025037+00:00
340.0,0.0,0.0,308.13,11.0,0,1.0000000000000003e-05,call,2026-12-18,SPY,762.6799926757812,2026-09-17T22:51:38.025037+00:00
345.0,0.0,0.0,416.84,2.0,0,1.0000000000000003e-05,call,2026-12-18,SPY,762.6799926757812,2026-09-17T22:51:38.025037+00:00
350.0,412.71,416.51,417.89,2.0,72,0.7932149584960937,call,2026-12-18,SPY,762.6799926757812,2026-09-17T22:51:38.025037+00:00
355.0,410.56,413.66,394.98,1.0,13,0.903321279296875,call,2026-12-18,SPY,762.6799926757812,2026-09-17T22:51:38.025037+00:00
360.0,405.64,408.74,396.38,10.0,21,0.8918467846679687,call,2026-12-18,SPY,762.6799926757812,2026-09-17T22:51:38.025037+00:00
365.0,389.75,393.58,414.5,1.0,75,1.0000000000000003e-05,call,2026-12-18,SPY,762.6799926757812,2026-09-17T22:51:38.025037+00:00
370.0,392.98,396.78,393.76,1.0,109,0.757936990966797,call,2026-12-18,SPY,762.6799926757812,2026-09-17T22:51:38.025037+00:00
375.0,388.04,391.84,383.46,1.0,16,0.7486597399902344,call,2026-12-18,SPY,762.6799926757812,2026-09-17T22:51:38.025037+00:00
380.0,383.11,386.91,384.83,2.0,38,0.7399928344726561,call,2026-12-18,SPY,762.6799926757812,2026-09-17T22:51:38.025037+00:00
385.0,378.18,381.98,375.75,7.0,26,0.7312038598632812,call,2026-12-18,SPY,762.6799926757812,2026-09-17T22:51:38.025037+00:00
390.0,373.25,377.05,372.09,4.0,143,0.7224148852539063,call,2026-12-18,SPY,762.6799926757812,2026-09-17T22:51:38.025037+00:00
395.0,368.32,372.12,375.82,100.0,93,0.7137479797363282,call,2026-12-18,SPY,762.6799926757812,2026-09-17T22:51:38.025037+00:00
400.0,363.39,367.19,362.49,726.0,13716,0.7049590051269532,call,2026-12-18,SPY,762.6799926757812,2026-09-17T22:51:38.025037+00:00
405.0,358.46,362.26,362.09,4.0,254,0.6962310650634767,call,2026-12-18,SPY,762.6799926757812,2026-09-17T22:51:38.025037+00:00
410.0,353.53,357.33,357.69,2.0,183,0.6875031250000001,call,2026-12-18,SPY,762.6799926757812,2026-09-17T22:51:38.025037+00:00
415.0,348.6,352.4,350.57,1.0,329,0.6787141503906251,call,2026-12-18,SPY,762.6799926757812,2026-09-17T22:51:38.025037+00:00
420.0,343.68,347.47,348.95,1.0,173,0.6701693139648439,call,2026-12-18,SPY,762.6799926757812,2026-09-17T22:51:38.025037+00:00
425.0,338.75,342.55,338.75,1.0,283,0.661685512084961,call,2026-12-18,SPY,762.6799926757812,2026-09-17T22:51:38.025037+00:00
430.0,333.82,337.62,340.18,54.0,216,0.6529575720214844,call,2026-12-18,SPY,762.6799926757812,2026-09-17T22:51:38.025037+00:00
435.0,328.9,332.7,325.92,7.0,145,0.6445958392333984,call,2026-12-18,SPY,762.6799926757812,2026-09-17T22:51:38.025037+00:00
440.0,324.0,327.77,329.36,1.0,336,0.6364782446289063,call,2026-12-18,SPY,762.6799926757812,2026-09-17T22:51:38.025037+00:00
445.0,319.05,322.85,320.58,1.0,123,0.6275672009277344,call,2026-12-18,SPY,762.6799926757812,2026-09-17T22:51:38.025037+00:00
450.0,314.13,317.93,314.12,2.0,465,0.6192054681396486,call,2026-12-18,SPY,762.6799926757812,2026-09-17T22:51:38.025037+00:00
455.0,309.21,313.0,314.78,2.0,86,0.6106606317138674,call,2026-12-18,SPY,762.6799926757812,2026-09-17T22:51:38.025037+00:00
460.0,304.29,308.08,310.16,2.0,224,0.6022988989257814,call,2026-12-18,SPY,762.6799926757812,2026-09-17T22:51:38.025037+00:00
465.0,299.37,303.17,297.1,2.0,92,0.5941202697753907,call,2026-12-18,SPY,762.6799926757812,2026-09-17T22:51:38.025037+00:00
470.0,294.47,298.25,292.17,2.0,246,0.5860637097167969,call,2026-12-18,SPY,762.6799926757812,2026-09-17T22:51:38.025037+00:00
475.0,289.55,293.33,287.47,4.0,1083,0.5777019769287108,call,2026-12-18,SPY,762.6799926757812,2026-09-17T22:51:38.025037+00:00
480.0,284.64,288.42,286.2,2.0,205,0.5696454168701173,call,2026-12-18,SPY,762.6799926757812,2026-09-17T22:51:38.025037+00:00
485.0,279.72,283.5,282.66,7.0,866,0.5612836840820312,call,2026-12-18,SPY,762.6799926757812,2026-09-17T22:51:38.025037+00:00
490.0,274.81,278.59,271.5,1.0,820,0.5531660894775392,call,2026-12-18,SPY,762.6799926757812,2026-09-17T22:51:38.025037+00:00
495.0,269.9,273.67,267.79,1.0,1977,0.5449264257812501,call,2026-12-18,SPY,762.6799926757812,2026-09-17T22:51:38.025037+00:00
500.0,264.99,268.76,266.93,20.0,3724,0.5368088311767578,call,2026-12-18,SPY,762.6799926757812,2026-09-17T22:51:38.025037+00:00
505.0,260.09,263.86,262.41,2.0,1448,0.5289353747558594,call,2026-12-18,SPY,762.6799926757812,2026-09-17T22:51:38.025037+00:00
510.0,255.17,258.95,256.84,1.0,1952,0.520665193786621,call,2026-12-18,SPY,762.6799926757812,2026-09-17T22:51:38.025037+00:00
515.0,250.27,254.05,255.56,49.0,2045,0.5127612200927734,call,2026-12-18,SPY,762.6799926757812,2026-09-17T22:51:38.025037+00:00
520.0,245.37,249.14,242.0,3.0,3030,0.5047046600341796,call,2026-12-18,SPY,762.6799926757812,2026-09-17T22:51:38.025037+00:00
525.0,240.47,244.24,240.5,39.0,858,0.5382431430053712,call,2026-12-18,SPY,762.6799926757812,2026-09-17T22:51:38.025037+00:00
530.0,235.57,239.34,235.68,24.0,2111,0.5293015820312501,call,2026-12-18,SPY,762.6799926757812,2026-09-17T22:51:38.025037+00:00
535.0,230.67,234.45,230.68,1.0,2369,0.5205736419677733,call,2026-12-18,SPY,762.6799926757812,2026-09-17T22:51:38.025037+00:00
540.0,225.78,229.55,225.92,2.0,3482,0.5116320809936524,call,2026-12-18,SPY,762.6799926757812,2026-09-17T22:51:38.025037+00:00
545.0,220.92,224.66,210.75,1.0,1688,0.5029041409301759,call,2026-12-18,SPY,762.6799926757812,2026-09-17T22:51:38.025037+00:00
550.0,216.0,219.77,217.83,22.0,3972,0.49414568359375005,call,2026-12-18,SPY,762.6799926757812,2026-09-17T22:51:38.025037+00:00
555.0,211.11,214.89,212.84,2.0,1678,0.48560084716796875,call,2026-12-18,SPY,762.6799926757812,2026-09-17T22:51:38.025037+00:00
560.0,206.23,210.0,206.87,4.0,1925,0.4768423898315429,call,2026-12-18,SPY,762.6799926757812,2026-09-17T22:51:38.025037+00:00
565.0,201.38,205.12,198.16,3.0,1687,0.4682365188598633,call,2026-12-18,SPY,762.6799926757812,2026-09-17T22:51:38.025037+00:00
570.0,196.5,200.25,198.15,2.0,5221,0.45978323425292966,call,2026-12-18,SPY,762.6799926757812,2026-09-17T22:51:38.025037+00:00
575.0,191.63,195.37,184.53,2.0,847,0.45117736328125,call,2026-12-18,SPY,762.6799926757812,2026-09-17T22:51:38.025037+00:00
580.0,186.76,190.5,185.08,5.0,1989,0.4426935614013672,call,2026-12-18,SPY,762.6799926757812,2026-09-17T22:51:38.025037+00:00
585.0,181.9,185.64,182.5,2.0,958,0.4343318286132813,call,2026-12-18,SPY,762.6799926757812,2026-09-17T22:51:38.025037+00:00
590.0,177.04,180.78,173.37,5.0,2450,0.4259395785522462,call,2026-12-18,SPY,762.6799926757812,2026-09-17T22:51:38.025037+00:00
595.0,172.18,175.93,169.2,1.0,1513,0.4176693975830078,call,2026-12-18,SPY,762.6799926757812,2026-09-17T22:51:38.025037+00:00
600.0,167.34,171.09,169.37,35.0,4511,0.4094907684326171,call,2026-12-18,SPY,762.6799926757812,2026-09-17T22:51:38.025037+00:00
605.0,162.51,166.24,164.5,4.0,2750,0.40112903564453123,call,2026-12-18,SPY,762.6799926757812,2026-09-17T22:51:38.025037+00:00
610.0,157.68,161.41,157.96,1.0,1357,0.39301144104003904,call,2026-12-18,SPY,762.6799926757812,2026-09-17T22:51:38.025037+00:00
615.0,152.86,156.58,152.56,23.0,1457,0.3848022946166991,call,2026-12-18,SPY,762.6799926757812,2026-09-17T22:51:38.025037+00:00
620.0,148.04,151.0,138.49,4.0,2734,0.36655296539306637,call,2026-12-18,SPY,762.6799926757812,2026-09-17T22:51:38.025037+00:00
625.0,143.24,146.96,145.22,3.0,1615,0.3687807263183594,call,2026-12-18,SPY,762.6799926757812,2026-09-17T22:51:38.025037+00:00
630.0,138.45,142.16,140.97,6.0,905,0.3607546835327148,call,2026-12-18,SPY,762.6799926757812,2026-09-17T22:51:38.025037+00:00
635.0,133.66,137.38,135.32,1.0,1766,0.3529117443847656,call,2026-12-18,SPY,762.6799926757812,2026-09-17T22:51:38.025037+00:00
640.0,128.9,132.6,129.6,2.0,2240,0.34497725341796875,call,2026-12-18,SPY,762.6799926757812,2026-09-17T22:51:38.025037+00:00
645.0,124.06,127.84,126.26,176.0,984,0.3371648315429688,call,2026-12-18,SPY,762.6799926757812,2026-09-17T22:51:38.025037+00:00
650.0,119.39,123.09,121.56,54.0,3499,0.3293676683044433,call,2026-12-18,SPY,762.6799926757812,2026-09-17T22:51:38.025037+00:00
655.0,114.57,118.36,116.0,3.0,1090,0.32166205688476557,call,2026-12-18,SPY,762.6799926757812,2026-09-17T22:51:38.025037+00:00
660.0,109.87,113.65,111.75,15.0,1394,0.31403273864746095,call,2026-12-18,SPY,762.6799926757812,2026-09-17T22:51:38.025037+00:00
665.0,105.16,108.95,107.24,21.0,1657,0.306372903137207,call,2026-12-18,SPY,762.6799926757812,2026-09-17T22:51:38.025037+00:00
670.0,100.48,104.27,102.57,7.0,2356,0.2987741021728515,call,2026-12-18,SPY,762.6799926757812,2026-09-17T22:51:38.025037+00:00
675.0,95.83,99.62,97.95,6.0,4301,0.2912821116638183,call,2026-12-18,SPY,762.6799926757812,2026-09-17T22:51:38.025037+00:00
680.0,91.2,95.0,93.95,6.0,4727,0.2838969316101074,call,2026-12-18,SPY,762.6799926757812,2026-09-17T22:51:38.025037+00:00
685.0,86.6,90.4,88.46,9.0,2846,0.27649649291992184,call,2026-12-18,SPY,762.6799926757812,2026-09-17T22:51:38.025037+00:00
690.0,82.04,85.84,76.47,9.0,3487,0.26924864059448245,call,2026-12-18,SPY,762.6799926757812,2026-09-17T22:51:38.025037+00:00
695.0,77.53,81.31,80.19,7.0,2175,0.26200078826904294,call,2026-12-18,SPY,762.6799926757812,2026-09-17T22:51:38.025037+00:00
700.0,73.02,76.82,75.11,80.0,10054,0.2548444877624512,call,2026-12-18,SPY,762.6799926757812,2026-09-17T22:51:38.025037+00:00
705.0,68.59,72.38,70.71,1.0,3576,0.24782551498413086,call,2026-12-18,SPY,762.6799926757812,2026-09-17T22:51:38.025037+00:00
710.0,64.38,67.98,66.43,5.0,7395,0.24079128356933593,call,2026-12-18,SPY,762.6799926757812,2026-09-17T22:51:38.025037+00:00
715.0,60.04,63.64,62.0,6.0,2493,0.23389437988281248,call,2026-12-18,SPY,762.6799926757812,2026-09-17T22:51:38.025037+00:00
720.0,55.74,59.37,57.8,25.0,4489,0.22716532119750976,call,2026-12-18,SPY,762.6799926757812,2026-09-17T22:51:38.025037+00:00
725.0,51.49,55.15,53.58,70.0,4988,0.22037522796630854,call,2026-12-18,SPY,762.6799926757812,2026-09-17T22:51:38.025037+00:00
730.0,47.38,51.02,49.1,10.0,8446,0.21379875564575196,call,2026-12-18,SPY,762.6799926757812,2026-09-17T22:51:38.025037+00:00
735.0,43.29,46.98,45.78,8.0,4574,0.20734435241699217,call,2026-12-18,SPY,762.6799926757812,2026-09-17T22:51:38.025037+00:00
740.0,39.45,43.04,41.5,48.0,6893,0.20104253555297852,call,2026-12-18,SPY,762.6799926757812,2026-09-17T22:51:38.025037+00:00
745.0,35.47,38.5,36.27,12.0,8255,0.1900639466094971,call,2026-12-18,SPY,762.6799926757812,2026-09-17T22:51:38.025037+00:00
750.0,33.0,35.0,33.92,154.0,29743,0.18552450225830075,call,2026-12-18,SPY,762.6799926757812,2026-09-17T22:51:38.025037+00:00
755.0,28.13,31.97,30.55,44.0,10566,0.18328148269653316,call,2026-12-18,SPY,762.6799926757812,2026-09-17T22:51:38.025037+00:00
760.0,24.75,26.75,26.6,764.0,14899,0.16585611984252935,call,2026-12-18,SPY,762.6799926757812,2026-09-17T22:51:38.025037+00:00
765.0,23.27,23.37,23.74,665.0,10906,0.15960007888793942,call,2026-12-18,SPY,762.6799926757812,2026-09-17T22:51:38.025037+00:00
770.0,20.27,20.37,20.75,1005.0,12549,0.15478597908020023,call,2026-12-18,SPY,762.6799926757812,2026-09-17T22:51:38.025037+00:00
775.0,17.48,17.59,17.62,938.0,11215,0.15026179336547857,call,2026-12-18,SPY,762.6799926757812,2026-09-17T22:51:38.025037+00:00
780.0,14.94,15.04,15.11,952.0,28624,0.14605040969848632,call,2026-12-18,SPY,762.6799926757812,2026-09-17T22:51:38.025037+00:00
785.0,12.64,12.74,12.96,901.0,15639,0.14222049194335937,call,2026-12-18,SPY,762.6799926757812,2026-09-17T22:51:38.025037+00:00
790.0,10.61,10.69,10.72,812.0,14226,0.1387644107818604,call,2026-12-18,SPY,762.6799926757812,2026-09-17T22:51:38.025037+00:00
795.0,8.82,8.89,9.03,425.0,9876,0.1357050541687012,call,2026-12-18,SPY,762.6799926757812,2026-09-17T22:51:38.025037+00:00
800.0,7.27,7.34,7.3,1962.0,66685,0.13309582733154296,call,2026-12-18,SPY,762.6799926757812,2026-09-17T22:51:38.025037+00:00
805.0,5.97,6.0,6.1,248.0,12639,0.1307154800415039,call,2026-12-18,SPY,762.6799926757812,2026-09-17T22:51:38.025037+00:00
810.0,4.86,4.89,4.99,596.0,22919,0.12889970230102538,call,2026-12-18,SPY,762.6799926757812,2026-09-17T22:51:38.025037+00:00
815.0,3.92,3.95,3.89,232.0,15052,0.1272517695617676,call,2026-12-18,SPY,762.6799926757812,2026-09-17T22:51:38.025037+00:00
820.0,3.15,3.17,3.25,222.0,14321,0.12586323364257812,call,2026-12-18,SPY,762.6799926757812,2026-09-17T22:51:38.025037+00:00
825.0,2.51,2.53,2.57,231.0,14460,0.1247035772705078,call,2026-12-18,SPY,762.6799926757812,2026-09-17T22:51:38.025037+00:00
830.0,1.99,2.02,2.05,1452.0,55732,0.12394064544677735,call,2026-12-18,SPY,762.6799926757812,2026-09-17T22:51:38.025037+00:00
835.0,1.58,1.59,1.61,203.0,11099,0.12305564453125001,call,2026-12-18,SPY,762.6799926757812,2026-09-17T22:51:38.025037+00:00
840.0,1.26,1.27,1.24,1187.0,8026,0.12281150634765625,call,2026-12-18,SPY,762.6799926757812,2026-09-17T22:51:38.025037+00:00
845.0,1.0,1.01,0.99,717.0,4732,0.12268943725585937,call,2026-12-18,SPY,762.6799926757812,2026-09-17T22:51:38.025037+00:00
850.0,0.8,0.81,0.81,428.0,12069,0.12287254089355469,call,2026-12-18,SPY,762.6799926757812,2026-09-17T22:51:38.025037+00:00
855.0,0.65,0.66,0.65,139.0,4002,0.1235439208984375,call,2026-12-18,SPY,762.6799926757812,2026-09-17T22:51:38.025037+00:00
860.0,0.53,0.54,0.52,19.0,5066,0.1243373699951172,call,2026-12-18,SPY,762.6799926757812,2026-09-17T22:51:38.025037+00:00
865.0,0.43,0.44,0.43,387.0,3729,0.12500875,call,2026-12-18,SPY,762.6799926757812,2026-09-17T22:51:38.025037+00:00
870.0,0.36,0.37,0.36,5.0,2615,0.1263515100097656,call,2026-12-18,SPY,762.6799926757812,2026-09-17T22:51:38.025037+00:00
875.0,0.3,0.31,0.31,3.0,3464,0.12769427001953126,call,2026-12-18,SPY,762.6799926757812,2026-09-17T22:51:38.025037+00:00
880.0,0.26,0.27,0.17,11.0,5505,0.12952530639648438,call,2026-12-18,SPY,762.6799926757812,2026-09-17T22:51:38.025037+00:00
885.0,0.22,0.23,0.2,1.0,3955,0.13111220458984374,call,2026-12-18,SPY,762.6799926757812,2026-09-17T22:51:38.025037+00:00
890.0,0.2,0.21,0.19,5.0,2331,0.13367565551757812,call,2026-12-18,SPY,762.6799926757812,2026-09-17T22:51:38.025037+00:00
895.0,0.17,0.18,0.16,1.0,1405,0.13514048461914066,call,2026-12-18,SPY,762.6799926757812,2026-09-17T22:51:38.025037+00:00
900.0,0.15,0.16,0.15,29.0,8397,0.13721565917968753,call,2026-12-18,SPY,762.6799926757812,2026-09-17T22:51:38.025037+00:00
905.0,0.13,0.14,0.22,2.0,2621,0.13892462646484377,call,2026-12-18,SPY,762.6799926757812,2026-09-17T22:51:38.025037+00:00
910.0,0.12,0.13,0.1,11.0,3936,0.141610146484375,call,2026-12-18,SPY,762.6799926757812,2026-09-17T22:51:38.025037+00:00
915.0,0.11,0.12,0.09,1.0,2367,0.14405152832031248,call,2026-12-18,SPY,762.6799926757812,2026-09-17T22:51:38.025037+00:00
920.0,0.1,0.11,0.09,1.0,704,0.14649291015625,call,2026-12-18,SPY,762.6799926757812,2026-09-17T22:51:38.025037+00:00
925.0,0.09,0.1,0.07,1.0,1230,0.148446015625,call,2026-12-18,SPY,762.6799926757812,2026-09-17T22:51:38.025037+00:00
930.0,0.08,0.09,0.07,4.0,1713,0.15039912109375003,call,2026-12-18,SPY,762.6799926757812,2026-09-17T22:51:38.025037+00:00
935.0,0.07,0.08,0.07,1.0,1991,0.15235222656250003,call,2026-12-18,SPY,762.6799926757812,2026-09-17T22:51:38.025037+00:00
940.0,0.06,0.07,0.05,1.0,435,0.15357291748046875,call,2026-12-18,SPY,762.6799926757812,2026-09-17T22:51:38.025037+00:00
945.0,0.06,0.07,0.12,3.0,56,0.157234990234375,call,2026-12-18,SPY,762.6799926757812,2026-09-17T22:51:38.025037+00:00
950.0,0.05,0.06,0.06,7.0,11222,0.15821154296875,call,2026-12-18,SPY,762.6799926757812,2026-09-17T22:51:38.025037+00:00
955.0,0.05,0.06,0.05,66.0,102,0.161141201171875,call,2026-12-18,SPY,762.6799926757812,2026-09-17T22:51:38.025037+00:00
960.0,0.04,0.05,0.06,1.0,941,0.16211775390625,call,2026-12-18,SPY,762.6799926757812,2026-09-17T22:51:38.025037+00:00
965.0,0.04,0.05,0.04,1.0,571,0.165047412109375,call,2026-12-18,SPY,762.6799926757812,2026-09-17T22:51:38.025037+00:00
970.0,0.03,0.04,0.04,24.0,1027,0.165047412109375,call,2026-12-18,SPY,762.6799926757812,2026-09-17T22:51:38.025037+00:00
975.0,0.03,0.04,0.1,5.0,1070,0.16797707031250003,call,2026-12-18,SPY,762.6799926757812,2026-09-17T22:51:38.025037+00:00
980.0,0.03,0.04,0.04,1.0,1298,0.17090672851562502,call,2026-12-18,SPY,762.6799926757812,2026-09-17T22:51:38.025037+00:00
985.0,0.03,0.04,0.03,100.0,640,0.17432466308593753,call,2026-12-18,SPY,762.6799926757812,2026-09-17T22:51:38.025037+00:00
990.0,0.02,0.03,0.05,3.0,868,0.17285983398437502,call,2026-12-18,SPY,762.6799926757812,2026-09-17T22:51:38.025037+00:00
995.0,0.02,0.03,0.05,6.0,2272,0.1757894921875,call,2026-12-18,SPY,762.6799926757812,2026-09-17T22:51:38.025037+00:00
1000.0,0.02,0.03,0.02,12.0,2922,0.178719150390625,call,2026-12-18,SPY,762.6799926757812,2026-09-17T22:51:38.025037+00:00
150.0,0.01,0.02,0.01,10.0,32700,0.9531254687499999,put,2026-12-18,SPY,762.6799926757812,2026-09-17T22:51:38.025037+00:00
200.0,0.02,0.03,0.03,9.0,32370,0.8164080859374999,put,2026-12-18,SPY,762.6799926757812,2026-09-17T22:51:38.025037+00:00
210.0,0.02,0.03,0.02,6.0,4816,0.789064609375,put,2026-12-18,SPY,762.6799926757812,2026-09-17T22:51:38.025037+00:00
220.0,0.03,0.04,0.03,425.0,2484,0.7812521875,put,2026-12-18,SPY,762.6799926757812,2026-09-17T22:51:38.025037+00:00
230.0,0.03,0.04,0.05,120.0,8249,0.7539087109375,put,2026-12-18,SPY,762.6799926757812,2026-09-17T22:51:38.025037+00:00
240.0,0.04,0.05,0.05,129.0,48970,0.7421900781249999,put,2026-12-18,SPY,762.6799926757812,2026-09-17T22:51:38.025037+00:00
245.0,0.04,0.05,0.05,110.0,480,0.7304714453125,put,2026-12-18,SPY,762.6799926757812,2026-09-17T22:51:38.025037+00:00
250.0,0.05,0.06,0.05,311.0,5023,0.7304714453125,put,2026-12-18,SPY,762.6799926757812,2026-09-17T22:51:38.025037+00:00
255.0,0.05,0.06,0.08,2.0,1440,0.71679970703125,put,2026-12-18,SPY,762.6799926757812,2026-09-17T22:51:38.025037+00:00
260.0,0.05,0.06,0.09,1.0,5248,0.7050810742187501,put,2026-12-18,SPY,762.6799926757812,2026-09-17T22:51:38.025037+00:00
265.0,0.06,0.07,0.08,12.0,256,0.70312796875,put,2026-12-18,SPY,762.6799926757812,2026-09-17T22:51:38.025037+00:00
270.0,0.06,0.07,0.09,33.0,678,0.6914093359375001,put,2026-12-18,SPY,762.6799926757812,2026-09-17T22:51:38.025037+00:00
275.0,0.06,0.07,0.08,3.0,6340,0.6796907031250001,put,2026-12-18,SPY,762.6799926757812,2026-09-17T22:51:38.025037+00:00
280.0,0.07,0.08,0.1,15.0,5244,0.6757844921875001,put,2026-12-18,SPY,762.6799926757812,2026-09-17T22:51:38.025037+00:00
285.0,0.07,0.08,0.09,1.0,1913,0.6650424121093752,put,2026-12-18,SPY,762.6799926757812,2026-09-17T22:51:38.025037+00:00
290.0,0.08,0.09,0.08,5.0,15210,0.6611362011718751,put,2026-12-18,SPY,762.6799926757812,2026-09-17T22:51:38.025037+00:00
295.0,0.08,0.09,0.12,65.0,2544,0.65039412109375,put,2026-12-18,SPY,762.6799926757812,2026-09-17T22:51:38.025037+00:00
300.0,0.09,0.1,0.1,4.0,9261,0.6455113574218749,put,2026-12-18,SPY,762.6799926757812,2026-09-17T22:51:38.025037+00:00
305.0,0.09,0.1,0.11,15.0,449,0.6347692773437501,put,2026-12-18,SPY,762.6799926757812,2026-09-17T22:51:38.025037+00:00
310.0,0.1,0.11,0.11,10.0,2182,0.629886513671875,put,2026-12-18,SPY,762.6799926757812,2026-09-17T22:51:38.025037+00:00
315.0,0.11,0.12,0.12,15.0,938,0.6250037500000001,put,2026-12-18,SPY,762.6799926757812,2026-09-17T22:51:38.025037+00:00
320.0,0.11,0.12,0.12,36.0,1534,0.614261669921875,put,2026-12-18,SPY,762.6799926757812,2026-09-17T22:51:38.025037+00:00
325.0,0.12,0.13,0.12,10.0,3219,0.6084023535156251,put,2026-12-18,SPY,762.6799926757812,2026-09-17T22:51:38.025037+00:00
330.0,0.13,0.14,0.14,10.0,1054,0.6030313134765627,put,2026-12-18,SPY,762.6799926757812,2026-09-17T22:51:38.025037+00:00
335.0,0.14,0.15,0.14,15.0,268,0.596683720703125,put,2026-12-18,SPY,762.6799926757812,2026-09-17T22:51:38.025037+00:00
340.0,0.14,0.15,0.16,15.0,2229,0.586918193359375,put,2026-12-18,SPY,762.6799926757812,2026-09-17T22:51:38.025037+00:00
345.0,0.15,0.16,0.15,16.0,1484,0.5810588769531251,put,2026-12-18,SPY,762.6799926757812,2026-09-17T22:51:38.025037+00:00
350.0,0.16,0.17,0.17,15.0,157101,0.5742230078125,put,2026-12-18,SPY,762.6799926757812,2026-09-17T22:51:38.025037+00:00
355.0,0.17,0.18,0.17,19.0,1321,0.56836369140625,put,2026-12-18,SPY,762.6799926757812,2026-09-17T22:51:38.025037+00:00
360.0,0.18,0.19,0.19,15.0,3450,0.561527822265625,put,2026-12-18,SPY,762.6799926757812,2026-09-17T22:51:38.025037+00:00
365.0,0.19,0.2,0.19,18.0,1899,0.5551802294921876,put,2026-12-18,SPY,762.6799926757812,2026-09-17T22:51:38.025037+00:00
370.0,0.21,0.22,0.22,15.0,2827,0.5512740185546876,put,2026-12-18,SPY,762.6799926757812,2026-09-17T22:51:38.025037+00:00
375.0,0.22,0.23,0.23,15.0,7728,0.5444381494140625,put,2026-12-18,SPY,762.6799926757812,2026-09-17T22:51:38.025037+00:00
380.0,0.23,0.24,0.3,1.0,2442,0.5376022802734376,put,2026-12-18,SPY,762.6799926757812,2026-09-17T22:51:38.025037+00:00
385.0,0.24,0.25,0.25,2.0,3416,0.5302781347656251,put,2026-12-18,SPY,762.6799926757812,2026-09-17T22:51:38.025037+00:00
390.0,0.26,0.27,0.33,1.0,4337,0.5258836474609375,put,2026-12-18,SPY,762.6799926757812,2026-09-17T22:51:38.025037+00:00
395.0,0.27,0.28,0.27,8.0,7583,0.5185595019531251,put,2026-12-18,SPY,762.6799926757812,2026-09-17T22:51:38.025037+00:00
400.0,0.29,0.3,0.29,70.0,28678,0.5136767382812499,put,2026-12-18,SPY,762.6799926757812,2026-09-17T22:51:38.025037+00:00
405.0,0.3,0.31,0.36,1.0,1246,0.5063525927734375,put,2026-12-18,SPY,762.6799926757812,2026-09-17T22:51:38.025037+00:00
410.0,0.32,0.33,0.37,1.0,16334,0.5009815527343751,put,2026-12-18,SPY,762.6799926757812,2026-09-17T22:51:38.025037+00:00
415.0,0.34,0.35,0.42,1.0,5035,0.49658706542968756,put,2026-12-18,SPY,762.6799926757812,2026-09-17T22:51:38.025037+00:00
420.0,0.35,0.36,0.36,5.0,4665,0.4892629199218751,put,2026-12-18,SPY,762.6799926757812,2026-09-17T22:51:38.025037+00:00
425.0,0.37,0.38,0.38,5.0,8508,0.48340360351562506,put,2026-12-18,SPY,762.6799926757812,2026-09-17T22:51:38.025037+00:00
430.0,0.39,0.4,0.4,5.0,2390,0.477544287109375,put,2026-12-18,SPY,762.6799926757812,2026-09-17T22:51:38.025037+00:00
435.0,0.41,0.42,0.55,1.0,1116,0.471684970703125,put,2026-12-18,SPY,762.6799926757812,2026-09-17T22:51:38.025037+00:00
440.0,0.43,0.44,0.52,46.0,672,0.4655815161132813,put,2026-12-18,SPY,762.6799926757812,2026-09-17T22:51:38.025037+00:00
445.0,0.45,0.46,0.45,3.0,1850,0.4594780615234375,put,2026-12-18,SPY,762.6799926757812,2026-09-17T22:51:38.025037+00:00
450.0,0.48,0.49,0.48,11.0,27685,0.45435115966796874,put,2026-12-18,SPY,762.6799926757812,2026-09-17T22:51:38.025037+00:00
455.0,0.5,0.51,0.49,1.0,843,0.44824770507812495,put,2026-12-18,SPY,762.6799926757812,2026-09-17T22:51:38.025037+00:00
460.0,0.53,0.54,0.6,302.0,2777,0.44287666503906253,put,2026-12-18,SPY,762.6799926757812,2026-09-17T22:51:38.025037+00:00
465.0,0.55,0.56,0.56,5.0,1236,0.436529072265625,put,2026-12-18,SPY,762.6799926757812,2026-09-17T22:51:38.025037+00:00
470.0,0.58,0.59,0.59,154.0,6934,0.4309138940429688,put,2026-12-18,SPY,762.6799926757812,2026-09-17T22:51:38.025037+00:00
475.0,0.61,0.62,0.61,8.0,4482,0.42542078491210944,put,2026-12-18,SPY,762.6799926757812,2026-09-17T22:51:38.025037+00:00
480.0,0.64,0.65,0.63,17.0,311418,0.41968353759765625,put,2026-12-18,SPY,762.6799926757812,2026-09-17T22:51:38.025037+00:00
485.0,0.67,0.68,0.7,10.0,3671,0.4138242211914062,put,2026-12-18,SPY,762.6799926757812,2026-09-17T22:51:38.025037+00:00
490.0,0.7,0.71,0.86,12.0,10980,0.40796490478515623,put,2026-12-18,SPY,762.6799926757812,2026-09-17T22:51:38.025037+00:00
495.0,0.74,0.75,0.9,19.0,1813,0.4028380029296875,put,2026-12-18,SPY,762.6799926757812,2026-09-17T22:51:38.025037+00:00
500.0,0.78,0.79,0.77,44.0,18827,0.397466962890625,put,2026-12-18,SPY,762.6799926757812,2026-09-17T22:51:38.025037+00:00
505.0,0.81,0.82,0.83,26.0,1853,0.3913635083007812,put,2026-12-18,SPY,762.6799926757812,2026-09-17T22:51:38.025037+00:00
510.0,0.85,0.86,0.85,1.0,3908,0.38587039916992183,put,2026-12-18,SPY,762.6799926757812,2026-09-17T22:51:38.025037+00:00
515.0,0.89,0.9,1.03,3.0,4563,0.3802552209472656,put,2026-12-18,SPY,762.6799926757812,2026-09-17T22:51:38.025037+00:00
520.0,0.94,0.95,0.97,13.0,12056,0.3751283190917969,put,2026-12-18,SPY,762.6799926757812,2026-09-17T22:51:38.025037+00:00
525.0,0.98,0.99,0.98,7.0,5098,0.36926900268554685,put,2026-12-18,SPY,762.6799926757812,2026-09-17T22:51:38.025037+00:00
530.0,1.03,1.04,1.04,67.0,6087,0.36389796264648444,put,2026-12-18,SPY,762.6799926757812,2026-09-17T22:51:38.025037+00:00
535.0,1.08,1.09,1.07,34.0,3323,0.358404853515625,put,2026-12-18,SPY,762.6799926757812,2026-09-17T22:51:38.025037+00:00
540.0,1.13,1.14,1.14,107.0,5544,0.35278967529296873,put,2026-12-18,SPY,762.6799926757812,2026-09-17T22:51:38.025037+00:00
545.0,1.19,1.2,1.2,31.0,5204,0.34766277343749996,put,2026-12-18,SPY,762.6799926757812,2026-09-17T22:51:38.025037+00:00
550.0,1.25,1.26,1.23,64.0,14862,0.34229173339843744,put,2026-12-18,SPY,762.6799926757812,2026-09-17T22:51:38.025037+00:00
555.0,1.31,1.32,1.3,13.0,4139,0.3367986242675781,put,2026-12-18,SPY,762.6799926757812,2026-09-17T22:51:38.025037+00:00
560.0,1.37,1.38,1.36,14.0,11565,0.3311834460449219,put,2026-12-18,SPY,762.6799926757812,2026-09-17T22:51:38.025037+00:00
565.0,1.44,1.45,1.43,4.0,2756,0.3259344750976562,put,2026-12-18,SPY,762.6799926757812,2026-09-17T22:51:38.025037+00:00
570.0,1.51,1.52,1.52,66.0,5185,0.32044136596679684,put,2026-12-18,SPY,762.6799926757812,2026-09-17T22:51:38.025037+00:00
575.0,1.59,1.6,1.58,10.0,7404,0.31525342956542957,put,2026-12-18,SPY,762.6799926757812,2026-09-17T22:51:38.025037+00:00
580.0,1.67,1.68,1.67,11.0,10163,0.3099434240722656,put,2026-12-18,SPY,762.6799926757812,2026-09-17T22:51:38.025037+00:00
585.0,1.75,1.76,1.76,1.0,5769,0.30445031494140623,put,2026-12-18,SPY,762.6799926757812,2026-09-17T22:51:38.025037+00:00
590.0,1.85,1.86,1.85,56.0,11625,0.29944548217773437,put,2026-12-18,SPY,762.6799926757812,2026-09-17T22:51:38.025037+00:00
595.0,1.94,1.95,1.93,266.0,4245,0.2940134075927734,put,2026-12-18,SPY,762.6799926757812,2026-09-17T22:51:38.025037+00:00
600.0,2.04,2.05,2.02,313.0,25780,0.28864236755371087,put,2026-12-18,SPY,762.6799926757812,2026-09-17T22:51:38.025037+00:00
605.0,2.15,2.16,2.15,88.0,8947,0.2834544311523437,put,2026-12-18,SPY,762.6799926757812,2026-09-17T22:51:38.025037+00:00
610.0,2.27,2.28,2.26,784.0,158596,0.278327529296875,put,2026-12-18,SPY,762.6799926757812,2026-09-17T22:51:38.025037+00:00
615.0,2.4,2.41,2.35,489.0,6126,0.27329217926025384,put,2026-12-18,SPY,762.6799926757812,2026-09-17T22:51:38.025037+00:00
620.0,2.53,2.54,2.53,1282.0,26339,0.2680432083129882,put,2026-12-18,SPY,762.6799926757812,2026-09-17T22:51:38.025037+00:00
625.0,2.67,2.68,2.65,479.0,24085,0.26282475463867194,put,2026-12-18,SPY,762.6799926757812,2026-09-17T22:51:38.025037+00:00
630.0,2.83,2.84,2.79,362.0,40155,0.25785043914794925,put,2026-12-18,SPY,762.6799926757812,2026-09-17T22:51:38.025037+00:00
635.0,2.99,3.0,2.98,14.0,6320,0.25263198547363286,put,2026-12-18,SPY,762.6799926757812,2026-09-17T22:51:38.025037+00:00
640.0,3.17,3.18,3.13,255.0,10910,0.24762715270996094,put,2026-12-18,SPY,762.6799926757812,2026-09-17T22:51:38.025037+00:00
645.0,3.37,3.38,3.35,536.0,8028,0.2427138717651367,put,2026-12-18,SPY,762.6799926757812,2026-09-17T22:51:38.025037+00:00
650.0,3.57,3.58,3.55,10148.0,14445,0.2375564526367187,put,2026-12-18,SPY,762.6799926757812,2026-09-17T22:51:38.025037+00:00
655.0,3.79,3.82,3.76,40.0,5699,0.23279575805664063,put,2026-12-18,SPY,762.6799926757812,2026-09-17T22:51:38.025037+00:00
660.0,4.03,4.06,4.0,118.0,134865,0.22772989074707028,put,2026-12-18,SPY,762.6799926757812,2026-09-17T22:51:38.025037+00:00
665.0,4.3,4.32,4.28,497.0,17092,0.22272505798339842,put,2026-12-18,SPY,762.6799926757812,2026-09-17T22:51:38.025037+00:00
670.0,4.58,4.61,4.57,782.0,35301,0.21781177703857418,put,2026-12-18,SPY,762.6799926757812,2026-09-17T22:51:38.025037+00:00
675.0,4.89,4.92,4.84,491.0,10159,0.21286797882080077,put,2026-12-18,SPY,762.6799926757812,2026-09-17T22:51:38.025037+00:00
680.0,5.23,5.26,5.23,383.0,12606,0.20795469787597654,put,2026-12-18,SPY,762.6799926757812,2026-09-17T22:51:38.025037+00:00
685.0,5.6,5.63,5.58,124.0,6496,0.2030414169311523,put,2026-12-18,SPY,762.6799926757812,2026-09-17T22:51:38.025037+00:00
690.0,6.0,6.03,5.98,558.0,11322,0.1980976187133789,put,2026-12-18,SPY,762.6799926757812,2026-09-17T22:51:38.025037+00:00
695.0,6.44,6.47,6.4,95.0,11753,0.19319959640502932,put,2026-12-18,SPY,762.6799926757812,2026-09-17T22:51:38.025037+00:00
700.0,6.93,6.96,6.88,1880.0,38029,0.18839312591552732,put,2026-12-18,SPY,762.6799926757812,2026-09-17T22:51:38.025037+00:00
705.0,7.45,7.48,7.4,202.0,4186,0.18341881042480468,put,2026-12-18,SPY,762.6799926757812,2026-09-17T22:51:38.025037+00:00
710.0,8.03,8.06,7.98,504.0,17722,0.1785360467529297,put,2026-12-18,SPY,762.6799926757812,2026-09-17T22:51:38.025037+00:00
715.0,8.67,8.7,8.61,268.0,4743,0.17366854171752932,put,2026-12-18,SPY,762.6799926757812,2026-09-17T22:51:38.025037+00:00
720.0,9.38,9.41,9.38,1032.0,6328,0.16884681259155276,put,2026-12-18,SPY,762.6799926757812,2026-09-17T22:51:38.025037+00:00
725.0,10.16,10.19,10.08,600.0,6295,0.16397930755615236,put,2026-12-18,SPY,762.6799926757812,2026-09-17T22:51:38.025037+00:00
730.0,11.0,11.07,10.92,461.0,15920,0.15926438888549804,put,2026-12-18,SPY,762.6799926757812,2026-09-17T22:51:38.025037+00:00
735.0,11.95,12.02,11.81,833.0,33358,0.15436636657714847,put,2026-12-18,SPY,762.6799926757812,2026-09-17T22:51:38.025037+00:00
740.0,13.02,13.09,12.99,483.0,16539,0.14957515472412108,put,2026-12-18,SPY,762.6799926757812,2026-09-17T22:51:38.025037+00:00
745.0,14.2,14.27,14.07,345.0,5972,0.1447381669616699,put,2026-12-18,SPY,762.6799926757812,2026-09-17T22:51:38.025037+00:00
750.0,15.51,15.6,15.52,904.0,20557,0.14000798965454103,put,2026-12-18,SPY,762.6799926757812,2026-09-17T22:51:38.025037+00:00
755.0,16.99,17.08,16.93,799.0,7226,0.13527781234741215,put,2026-12-18,SPY,762.6799926757812,2026-09-17T22:51:38.025037+00:00
760.0,18.69,18.72,18.7,6070.0,17220,0.13050185913085935,put,2026-12-18,SPY,762.6799926757812,2026-09-17T22:51:38.025037+00:00
765.0,20.55,20.61,20.5,348.0,6106,0.1261302597808838,put,2026-12-18,SPY,762.6799926757812,2026-09-17T22:51:38.025037+00:00
770.0,22.59,22.7,22.42,724.0,7387,0.12171288452148438,put,2026-12-18,SPY,762.6799926757812,2026-09-17T22:51:38.025037+00:00
775.0,24.92,25.03,24.75,41.0,3295,0.11740994903564453,put,2026-12-18,SPY,762.6799926757812,2026-09-17T22:51:38.025037+00:00
780.0,26.75,28.39,27.36,53.0,12242,0.11855434677124024,put,2026-12-18,SPY,762.6799926757812,2026-09-17T22:51:38.025037+00:00
785.0,29.66,32.16,30.1,167.0,1080,0.12131615997314452,put,2026-12-18,SPY,762.6799926757812,2026-09-17T22:51:38.025037+00:00
790.0,31.64,34.1,33.28,1.0,1240,0.1089108885192871,put,2026-12-18,SPY,762.6799926757812,2026-09-17T22:51:38.025037+00:00
795.0,35.14,39.01,38.15,4.0,747,0.1178677081298828,put,2026-12-18,SPY,762.6799926757812,2026-09-17T22:51:38.025037+00:00
800.0,40.19,42.96,40.35,98.0,2036,0.11820339813232422,put,2026-12-18,SPY,762.6799926757812,2026-09-17T22:51:38.025037+00:00
805.0,43.11,47.01,43.0,20.0,51,0.11812710494995116,put,2026-12-18,SPY,762.6799926757812,2026-09-17T22:51:38.025037+00:00
810.0,47.58,51.45,50.51,2.0,113,0.12070581451416015,put,2026-12-18,SPY,762.6799926757812,2026-09-17T22:51:38.025037+00:00
815.0,52.32,56.1,54.75,1.0,37,0.12476461181640625,put,2026-12-18,SPY,762.6799926757812,2026-09-17T22:51:38.025037+00:00
820.0,57.2,60.92,62.0,1.0,645,0.1302272036743164,put,2026-12-18,SPY,762.6799926757812,2026-09-17T22:51:38.025037+00:00
825.0,62.15,65.85,53.25,88.0,198,0.1366968655395508,put,2026-12-18,SPY,762.6799926757812,2026-09-17T22:51:38.025037+00:00
830.0,67.14,70.85,70.94,15.0,627,0.14383790740966795,put,2026-12-18,SPY,762.6799926757812,2026-09-17T22:51:38.025037+00:00
835.0,72.13,75.86,62.26,52.0,39,0.15097894927978522,put,2026-12-18,SPY,762.6799926757812,2026-09-17T22:51:38.025037+00:00
840.0,77.13,80.85,70.12,1.0,1,0.1577232666015625,put,2026-12-18,SPY,762.6799926757812,2026-09-17T22:51:38.025037+00:00
845.0,82.13,85.88,71.74,2.0,0,0.1648643084716797,put,2026-12-18,SPY,762.6799926757812,2026-09-17T22:51:38.025037+00:00
850.0,87.13,90.9,89.5,1.0,15,0.17179172943115234,put,2026-12-18,SPY,762.6799926757812,2026-09-17T22:51:38.025037+00:00
855.0,92.13,95.97,89.72,2.0,0,0.17929897857666016,put,2026-12-18,SPY,762.6799926757812,2026-09-17T22:51:38.025037+00:00
860.0,97.12,100.99,94.7,2.0,0,0.1860432958984375,put,2026-12-18,SPY,762.6799926757812,2026-09-17T22:51:38.025037+00:00
865.0,102.12,106.01,99.71,2.0,0,0.1926960614013672,put,2026-12-18,SPY,762.6799926757812,2026-09-17T22:51:38.025037+00:00
870.0,107.12,110.99,104.69,2.0,0,0.19870796417236325,put,2026-12-18,SPY,762.6799926757812,2026-09-17T22:51:38.025037+00:00
875.0,112.12,116.01,109.71,2.0,0,0.20520814331054685,put,2026-12-18,SPY,762.6799926757812,2026-09-17T22:51:38.025037+00:00
880.0,117.12,121.01,114.71,2.0,0,0.21134211517333978,put,2026-12-18,SPY,762.6799926757812,2026-09-17T22:51:38.025037+00:00
885.0,122.12,125.99,119.69,,0,0.21707936248779297,put,2026-12-18,SPY,762.6799926757812,2026-09-17T22:51:38.025037+00:00
900.0,137.11,140.99,129.64,5.0,22,0.23474886352539062,put,2026-12-18,SPY,762.6799926757812,2026-09-17T22:51:38.025037+00:00
905.0,142.11,146.01,127.09,1.0,0,0.24082180084228516,put,2026-12-18,SPY,762.6799926757812,2026-09-17T22:51:38.025037+00:00
910.0,242.52,247.5,252.32,1.0,0,0.9660953097534181,put,2026-12-18,SPY,762.6799926757812,2026-09-17T22:51:38.025037+00:00
925.0,230.21,235.46,253.05,,0,0.8118457536315917,put,2026-12-18,SPY,762.6799926757812,2026-09-17T22:51:38.025037+00:00
930.0,176.39,179.69,191.5,1.0,0,0.3774934077453613,put,2026-12-18,SPY,762.6799926757812,2026-09-17T22:51:38.025037+00:00
935.0,241.25,245.25,247.55,1.0,0,0.8313005151367187,put,2026-12-18,SPY,762.6799926757812,2026-09-17T22:51:38.025037+00:00
965.0,202.09,205.98,198.43,5.0,0,0.30478600494384767,put,2026-12-18,SPY,762.6799926757812,2026-09-17T22:51:38.025037+00:00
970.0,207.08,210.99,203.41,10.0,0,0.31000445861816406,put,2026-12-18,SPY,762.6799926757812,2026-09-17T22:51:38.025037+00:00
980.0,217.08,220.98,213.07,,0,0.31976998596191397,put,2026-12-18,SPY,762.6799926757812,2026-09-17T22:51:38.025037+00:00
1000.0,237.07,240.97,238.62,3.0,0,0.3389348333740234,put,2026-12-18,SPY,762.6799926757812,2026-09-17T22:51:38.025037+00:00
