strike,bid,ask,last_price,volume,open_interest,vendor_implied_volatility,option_type,expiration,ticker,spot,download_timestamp
500.0,264.08,267.59,266.42,501.0,129.0,1.076176494140625,call,2026-08-28,SPY,765.6500244140625,2026-08-21T20:42:06.922519+00:00
515.0,249.09,252.61,258.42,,12.0,1.021489267578125,call,2026-08-28,SPY,765.6500244140625,2026-08-21T20:42:06.922519+00:00
520.0,244.1,247.61,246.1,1.0,2.0,1.0029346728515625,call,2026-08-28,SPY,765.6500244140625,2026-08-21T20:42:06.922519+00:00
525.0,239.1,242.62,241.26,4.0,3.0,0.98437515625,call,2026-08-28,SPY,765.6500244140625,2026-08-21T20:42:06.922519+00:00
530.0,234.11,237.62,237.1,2.0,8.0,0.9648441015625,call,2026-08-28,SPY,765.6500244140625,2026-08-21T20:42:06.922519+00:00
535.0,229.11,232.62,238.55,2.0,15.0,0.9433599414062499,call,2026-08-28,SPY,765.6500244140625,2026-08-21T20:42:06.922519+00:00
540.0,224.12,227.63,238.34,49.0,49.0,0.92773509765625,call,2026-08-28,SPY,765.6500244140625,2026-08-21T20:42:06.922519+00:00
545.0,219.12,222.63,224.69,,6.0,0.905274384765625,call,2026-08-28,SPY,765.6500244140625,2026-08-21T20:42:06.922519+00:00
550.0,214.12,217.64,228.09,5.0,19.0,0.8867198828124999,call,2026-08-28,SPY,765.6500244140625,2026-08-21T20:42:06.922519+00:00
555.0,209.13,212.64,213.19,26.0,26.0,0.867188828125,call,2026-08-28,SPY,765.6500244140625,2026-08-21T20:42:06.922519+00:00
560.0,204.13,207.65,214.34,8.0,12.0,0.8476577734374999,call,2026-08-28,SPY,765.6500244140625,2026-08-21T20:42:06.922519+00:00
575.0,189.15,192.66,202.1,1.0,2.0,0.79101771484375,call,2026-08-28,SPY,765.6500244140625,2026-08-21T20:42:06.922519+00:00
580.0,184.15,187.66,186.86,1.0,1.0,0.7695335546875001,call,2026-08-28,SPY,765.6500244140625,2026-08-21T20:42:06.922519+00:00
585.0,179.16,182.67,186.14,,7.0,0.752932158203125,call,2026-08-28,SPY,765.6500244140625,2026-08-21T20:42:06.922519+00:00
590.0,174.16,177.67,182.5,10.0,4.0,0.7314479980468749,call,2026-08-28,SPY,765.6500244140625,2026-08-21T20:42:06.922519+00:00
600.0,164.17,167.68,166.75,3.0,24.0,0.69336244140625,call,2026-08-28,SPY,765.6500244140625,2026-08-21T20:42:06.922519+00:00
605.0,159.17,162.69,159.22,1.0,4.0,0.6748079394531252,call,2026-08-28,SPY,765.6500244140625,2026-08-21T20:42:06.922519+00:00
610.0,154.18,157.69,156.92,1.0,1.0,0.6552768847656252,call,2026-08-28,SPY,765.6500244140625,2026-08-21T20:42:06.922519+00:00
615.0,149.18,152.7,151.76,1.0,53.0,0.6367223828125,call,2026-08-28,SPY,765.6500244140625,2026-08-21T20:42:06.922519+00:00
620.0,144.19,147.7,155.2,20.0,22.0,0.6171913281250001,call,2026-08-28,SPY,765.6500244140625,2026-08-21T20:42:06.922519+00:00
625.0,139.28,142.71,151.34,3.0,5.0,0.6123085644531252,call,2026-08-28,SPY,765.6500244140625,2026-08-21T20:42:06.922519+00:00
630.0,134.2,137.71,143.84,2.0,7.0,0.579105771484375,call,2026-08-28,SPY,765.6500244140625,2026-08-21T20:42:06.922519+00:00
635.0,129.2,132.72,129.05,1.0,2.0,0.559574716796875,call,2026-08-28,SPY,765.6500244140625,2026-08-21T20:42:06.922519+00:00
640.0,124.21,127.72,133.85,2.0,2.0,0.5405319384765627,call,2026-08-28,SPY,765.6500244140625,2026-08-21T20:42:06.922519+00:00
645.0,119.21,122.73,125.48,2.0,2.0,0.5214891601562499,call,2026-08-28,SPY,765.6500244140625,2026-08-21T20:42:06.922519+00:00
650.0,114.22,117.73,116.1,21.0,5.0,0.5024463818359376,call,2026-08-28,SPY,765.6500244140625,2026-08-21T20:42:06.922519+00:00
655.0,109.22,112.74,110.5,1.0,5.0,0.6927520959472657,call,2026-08-28,SPY,765.6500244140625,2026-08-21T20:42:06.922519+00:00
660.0,104.23,107.74,106.98,1.0,9.0,0.6658968957519533,call,2026-08-28,SPY,765.6500244140625,2026-08-21T20:42:06.922519+00:00
665.0,99.24,102.75,101.52,2.0,3.0,0.639652041015625,call,2026-08-28,SPY,765.6500244140625,2026-08-21T20:42:06.922519+00:00
670.0,94.24,97.75,96.66,1.0,13.0,0.6127968408203126,call,2026-08-28,SPY,765.6500244140625,2026-08-21T20:42:06.922519+00:00
675.0,89.25,92.76,89.24,3.0,11.0,0.5866740551757812,call,2026-08-28,SPY,765.6500244140625,2026-08-21T20:42:06.922519+00:00
680.0,84.26,87.77,97.39,7.0,8.0,0.5604292004394531,call,2026-08-28,SPY,765.6500244140625,2026-08-21T20:42:06.922519+00:00
685.0,79.26,82.77,81.17,22.0,44.0,0.5334519311523438,call,2026-08-28,SPY,765.6500244140625,2026-08-21T20:42:06.922519+00:00
690.0,74.27,77.78,76.39,6.0,17.0,0.5070850073242188,call,2026-08-28,SPY,765.6500244140625,2026-08-21T20:42:06.922519+00:00
692.0,72.27,75.79,77.14,1.0,1.0,0.49695327270507816,call,2026-08-28,SPY,765.6500244140625,2026-08-21T20:42:06.922519+00:00
693.0,71.28,74.79,84.08,1.0,6.0,0.4914601635742188,call,2026-08-28,SPY,765.6500244140625,2026-08-21T20:42:06.922519+00:00
694.0,70.28,73.79,76.73,10.0,15.0,0.48608912353515626,call,2026-08-28,SPY,765.6500244140625,2026-08-21T20:42:06.922519+00:00
695.0,69.28,72.79,64.35,4.0,14.0,0.48071808349609374,call,2026-08-28,SPY,765.6500244140625,2026-08-21T20:42:06.922519+00:00
696.0,68.28,71.79,83.02,3.0,55.0,0.47522497436523436,call,2026-08-28,SPY,765.6500244140625,2026-08-21T20:42:06.922519+00:00
697.0,67.28,70.79,77.59,3.0,81.0,0.46985393432617195,call,2026-08-28,SPY,765.6500244140625,2026-08-21T20:42:06.922519+00:00
698.0,66.29,69.8,68.52,6.0,15.0,0.46497117065429694,call,2026-08-28,SPY,765.6500244140625,2026-08-21T20:42:06.922519+00:00
699.0,66.3,68.24,65.9,1.0,126.0,0.42529871582031253,call,2026-08-28,SPY,765.6500244140625,2026-08-21T20:42:06.922519+00:00
700.0,65.3,67.26,67.11,3.0,260.0,0.4215145739746094,call,2026-08-28,SPY,765.6500244140625,2026-08-21T20:42:06.922519+00:00
701.0,63.29,66.8,73.19,100.0,49.0,0.44861391235351555,call,2026-08-28,SPY,765.6500244140625,2026-08-21T20:42:06.922519+00:00
702.0,62.29,65.8,57.56,4.0,2.0,0.44312080322265623,call,2026-08-28,SPY,765.6500244140625,2026-08-21T20:42:06.922519+00:00
703.0,61.3,64.81,63.54,1.0,47.0,0.4382380395507813,call,2026-08-28,SPY,765.6500244140625,2026-08-21T20:42:06.922519+00:00
704.0,60.3,63.81,67.69,1.0,1.0,0.4327449304199219,call,2026-08-28,SPY,765.6500244140625,2026-08-21T20:42:06.922519+00:00
705.0,60.32,62.28,61.75,1.0,227.0,0.3967345483398438,call,2026-08-28,SPY,765.6500244140625,2026-08-21T20:42:06.922519+00:00
706.0,58.3,61.81,71.23,1.0,3.0,0.42188078125,call,2026-08-28,SPY,765.6500244140625,2026-08-21T20:42:06.922519+00:00
707.0,57.31,60.82,59.81,1.0,2.0,0.41687594848632803,call,2026-08-28,SPY,765.6500244140625,2026-08-21T20:42:06.922519+00:00
708.0,56.31,59.82,67.46,1.0,45.0,0.41138283935546877,call,2026-08-28,SPY,765.6500244140625,2026-08-21T20:42:06.922519+00:00
709.0,55.31,58.82,50.89,,1.0,0.4058897302246094,call,2026-08-28,SPY,765.6500244140625,2026-08-21T20:42:06.922519+00:00
710.0,54.31,57.82,56.35,8.0,45.0,0.40039662109375,call,2026-08-28,SPY,765.6500244140625,2026-08-21T20:42:06.922519+00:00
711.0,53.32,56.83,63.65,2.0,57.0,0.39539178833007815,call,2026-08-28,SPY,765.6500244140625,2026-08-21T20:42:06.922519+00:00
712.0,52.32,55.83,53.35,1.0,17.0,0.38977661010742193,call,2026-08-28,SPY,765.6500244140625,2026-08-21T20:42:06.922519+00:00
713.0,51.32,54.83,58.23,1.0,15.0,0.3842835009765625,call,2026-08-28,SPY,765.6500244140625,2026-08-21T20:42:06.922519+00:00
714.0,50.33,53.84,60.49,14.0,4.0,0.3792176336669921,call,2026-08-28,SPY,765.6500244140625,2026-08-21T20:42:06.922519+00:00
715.0,50.34,52.28,51.14,6.0,181.0,0.3442448388671875,call,2026-08-28,SPY,765.6500244140625,2026-08-21T20:42:06.922519+00:00
716.0,49.34,51.32,49.28,1.0,123.0,0.34113207702636716,call,2026-08-28,SPY,765.6500244140625,2026-08-21T20:42:06.922519+00:00
717.0,47.34,50.85,43.16,4.0,11.0,0.36298244445800787,call,2026-08-28,SPY,765.6500244140625,2026-08-21T20:42:06.922519+00:00
718.0,46.34,49.85,47.82,2.0,77.0,0.35742830078125,call,2026-08-28,SPY,765.6500244140625,2026-08-21T20:42:06.922519+00:00
719.0,45.34,48.86,51.21,6.0,63.0,0.3523013989257812,call,2026-08-28,SPY,765.6500244140625,2026-08-21T20:42:06.922519+00:00
720.0,45.32,47.34,46.62,19.0,327.0,0.32080757324218745,call,2026-08-28,SPY,765.6500244140625,2026-08-21T20:42:06.922519+00:00
721.0,43.36,46.87,45.9,5.0,18.0,0.3414372497558594,call,2026-08-28,SPY,765.6500244140625,2026-08-21T20:42:06.922519+00:00
722.0,42.38,45.87,42.4,26.0,79.0,0.3358220715332031,call,2026-08-28,SPY,765.6500244140625,2026-08-21T20:42:06.922519+00:00
723.0,41.37,44.88,43.44,1.0,28.0,0.3305731005859375,call,2026-08-28,SPY,765.6500244140625,2026-08-21T20:42:06.922519+00:00
724.0,41.41,43.34,42.51,2.0,105.0,0.299262378540039,call,2026-08-28,SPY,765.6500244140625,2026-08-21T20:42:06.922519+00:00
725.0,40.39,42.35,41.8,43.0,232.0,0.29431858032226554,call,2026-08-28,SPY,765.6500244140625,2026-08-21T20:42:06.922519+00:00
726.0,38.42,41.9,40.69,67.0,93.0,0.3143379113769531,call,2026-08-28,SPY,765.6500244140625,2026-08-21T20:42:06.922519+00:00
727.0,38.42,40.01,39.73,25.0,915.0,0.2659985510253906,call,2026-08-28,SPY,765.6500244140625,2026-08-21T20:42:06.922519+00:00
728.0,36.44,39.92,37.08,264.0,30.0,0.30371790039062496,call,2026-08-28,SPY,765.6500244140625,2026-08-21T20:42:06.922519+00:00
729.0,35.42,38.93,38.33,1228.0,75.0,0.29834686035156244,call,2026-08-28,SPY,765.6500244140625,2026-08-21T20:42:06.922519+00:00
730.0,35.84,36.4,36.33,119.0,269.0,0.21375297973632812,call,2026-08-28,SPY,765.6500244140625,2026-08-21T20:42:06.922519+00:00
731.0,33.44,36.95,35.96,53.0,44.0,0.28754374572753894,call,2026-08-28,SPY,765.6500244140625,2026-08-21T20:42:06.922519+00:00
732.0,32.45,35.96,34.97,42.0,93.0,0.28211167114257807,call,2026-08-28,SPY,765.6500244140625,2026-08-21T20:42:06.922519+00:00
733.0,32.43,34.04,33.46,32.0,233.0,0.2357254162597656,call,2026-08-28,SPY,765.6500244140625,2026-08-21T20:42:06.922519+00:00
734.0,31.65,33.05,32.48,7.0,302.0,0.23084265258789063,call,2026-08-28,SPY,765.6500244140625,2026-08-21T20:42:06.922519+00:00
735.0,30.46,32.5,31.55,18.0,377.0,0.24567404724121095,call,2026-08-28,SPY,765.6500244140625,2026-08-21T20:42:06.922519+00:00
736.0,29.54,31.52,30.09,35.0,719.0,0.24079128356933593,call,2026-08-28,SPY,765.6500244140625,2026-08-21T20:42:06.922519+00:00
737.0,28.51,30.53,29.28,15.0,319.0,0.23548127807617186,call,2026-08-28,SPY,765.6500244140625,2026-08-21T20:42:06.922519+00:00
738.0,27.53,29.59,29.33,40.0,482.0,0.23206334350585936,call,2026-08-28,SPY,765.6500244140625,2026-08-21T20:42:06.922519+00:00
739.0,26.64,28.6,27.85,15.0,738.0,0.2266312689208984,call,2026-08-28,SPY,765.6500244140625,2026-08-21T20:42:06.922519+00:00
740.0,26.05,27.63,26.95,115.0,2274.0,0.2219316088867187,call,2026-08-28,SPY,765.6500244140625,2026-08-21T20:42:06.922519+00:00
741.0,24.61,26.66,25.8,3.0,768.0,0.21717091430664062,call,2026-08-28,SPY,765.6500244140625,2026-08-21T20:42:06.922519+00:00
742.0,23.96,25.7,25.19,46.0,865.0,0.21265435791015624,call,2026-08-28,SPY,765.6500244140625,2026-08-21T20:42:06.922519+00:00
743.0,22.72,24.64,24.38,10.0,826.0,0.20441469421386715,call,2026-08-28,SPY,765.6500244140625,2026-08-21T20:42:06.922519+00:00
744.0,21.82,23.45,23.09,33.0,982.0,0.19135330139160156,call,2026-08-28,SPY,765.6500244140625,2026-08-21T20:42:06.922519+00:00
745.0,21.25,22.4,22.14,458.0,1947.0,0.18354087951660153,call,2026-08-28,SPY,765.6500244140625,2026-08-21T20:42:06.922519+00:00
746.0,19.87,21.74,21.04,11.0,608.0,0.18964433410644532,call,2026-08-28,SPY,765.6500244140625,2026-08-21T20:42:06.922519+00:00
747.0,18.96,20.81,20.07,159.0,785.0,0.18573812316894528,call,2026-08-28,SPY,765.6500244140625,2026-08-21T20:42:06.922519+00:00
748.0,17.13,20.07,18.76,73.0,226.0,0.1878743322753906,call,2026-08-28,SPY,765.6500244140625,2026-08-21T20:42:06.922519+00:00
749.0,16.22,18.96,18.74,68.0,274.0,0.17786466674804688,call,2026-08-28,SPY,765.6500244140625,2026-08-21T20:42:06.922519+00:00
750.0,16.68,17.13,16.8,2026.0,1596.0,0.14368532104492188,call,2026-08-28,SPY,765.6500244140625,2026-08-21T20:42:06.922519+00:00
751.0,15.8,16.23,16.36,113.0,630.0,0.14112187011718752,call,2026-08-28,SPY,765.6500244140625,2026-08-21T20:42:06.922519+00:00
752.0,14.92,15.31,15.56,461.0,491.0,0.1376429010009766,call,2026-08-28,SPY,765.6500244140625,2026-08-21T20:42:06.922519+00:00
753.0,14.06,14.45,14.58,480.0,652.0,0.13575083007812502,call,2026-08-28,SPY,765.6500244140625,2026-08-21T20:42:06.922519+00:00
754.0,13.2,13.56,13.72,926.0,580.0,0.13257703369140628,call,2026-08-28,SPY,765.6500244140625,2026-08-21T20:42:06.922519+00:00
755.0,12.47,12.71,12.55,1237.0,1568.0,0.13031875549316402,call,2026-08-28,SPY,765.6500244140625,2026-08-21T20:42:06.922519+00:00
756.0,11.55,11.88,12.19,343.0,612.0,0.12818254638671872,call,2026-08-28,SPY,765.6500244140625,2026-08-21T20:42:06.922519+00:00
757.0,10.74,11.07,11.37,780.0,897.0,0.1261989236450195,call,2026-08-28,SPY,765.6500244140625,2026-08-21T20:42:06.922519+00:00
758.0,9.99,10.29,10.54,2669.0,1346.0,0.1245204736328125,call,2026-08-28,SPY,765.6500244140625,2026-08-21T20:42:06.922519+00:00
759.0,9.19,9.48,10.03,3121.0,585.0,0.1215908154296875,call,2026-08-28,SPY,765.6500244140625,2026-08-21T20:42:06.922519+00:00
760.0,8.45,8.73,8.52,16082.0,2797.0,0.11969874450683593,call,2026-08-28,SPY,765.6500244140625,2026-08-21T20:42:06.922519+00:00
761.0,7.73,8.01,8.4,464.0,507.0,0.11798977722167968,call,2026-08-28,SPY,765.6500244140625,2026-08-21T20:42:06.922519+00:00
762.0,7.04,7.3,7.27,388.0,918.0,0.1159146026611328,call,2026-08-28,SPY,765.6500244140625,2026-08-21T20:42:06.922519+00:00
763.0,6.37,6.63,6.55,560.0,1144.0,0.11420563537597657,call,2026-08-28,SPY,765.6500244140625,2026-08-21T20:42:06.922519+00:00
764.0,5.74,6.0,5.88,1143.0,1712.0,0.11274080627441406,call,2026-08-28,SPY,765.6500244140625,2026-08-21T20:42:06.922519+00:00
765.0,5.24,5.27,5.26,6850.0,2666.0,0.108407353515625,call,2026-08-28,SPY,765.6500244140625,2026-08-21T20:42:06.922519+00:00
766.0,4.67,4.69,4.69,6034.0,1191.0,0.10672890350341799,call,2026-08-28,SPY,765.6500244140625,2026-08-21T20:42:06.922519+00:00
767.0,4.13,4.15,4.15,6694.0,3468.0,0.10520303985595703,call,2026-08-28,SPY,765.6500244140625,2026-08-21T20:42:06.922519+00:00
768.0,3.63,3.65,3.65,3043.0,6807.0,0.10379924530029297,call,2026-08-28,SPY,765.6500244140625,2026-08-21T20:42:06.922519+00:00
769.0,3.16,3.18,3.16,1319.0,2411.0,0.10230389892578123,call,2026-08-28,SPY,765.6500244140625,2026-08-21T20:42:06.922519+00:00
770.0,2.74,2.76,2.75,13528.0,9649.0,0.1010832080078125,call,2026-08-28,SPY,765.6500244140625,2026-08-21T20:42:06.922519+00:00
771.0,2.35,2.37,2.34,1682.0,2308.0,0.09980148254394532,call,2026-08-28,SPY,765.6500244140625,2026-08-21T20:42:06.922519+00:00
772.0,2.0,2.02,1.99,2278.0,3143.0,0.09858079162597656,call,2026-08-28,SPY,765.6500244140625,2026-08-21T20:42:06.922519+00:00
773.0,1.69,1.71,1.68,1817.0,1237.0,0.09748216979980469,call,2026-08-28,SPY,765.6500244140625,2026-08-21T20:42:06.922519+00:00
774.0,1.41,1.43,1.41,2076.0,7607.0,0.09632251342773437,call,2026-08-28,SPY,765.6500244140625,2026-08-21T20:42:06.922519+00:00
775.0,1.17,1.19,1.17,7149.0,3508.0,0.09540699523925782,call,2026-08-28,SPY,765.6500244140625,2026-08-21T20:42:06.922519+00:00
776.0,0.97,0.98,0.96,3387.0,7762.0,0.09443044250488282,call,2026-08-28,SPY,765.6500244140625,2026-08-21T20:42:06.922519+00:00
777.0,0.79,0.8,0.79,1359.0,1365.0,0.0935759588623047,call,2026-08-28,SPY,765.6500244140625,2026-08-21T20:42:06.922519+00:00
778.0,0.64,0.65,0.63,2063.0,2004.0,0.09290457885742187,call,2026-08-28,SPY,765.6500244140625,2026-08-21T20:42:06.922519+00:00
779.0,0.51,0.52,0.51,1000.0,1308.0,0.09205009521484375,call,2026-08-28,SPY,765.6500244140625,2026-08-21T20:42:06.922519+00:00
780.0,0.41,0.42,0.42,4386.0,6229.0,0.09180595703125,call,2026-08-28,SPY,765.6500244140625,2026-08-21T20:42:06.922519+00:00
781.0,0.32,0.33,0.32,1558.0,2319.0,0.09107354248046876,call,2026-08-28,SPY,765.6500244140625,2026-08-21T20:42:06.922519+00:00
782.0,0.25,0.26,0.26,1061.0,1732.0,0.09058526611328124,call,2026-08-28,SPY,765.6500244140625,2026-08-21T20:42:06.922519+00:00
783.0,0.2,0.21,0.2,958.0,1984.0,0.090829404296875,call,2026-08-28,SPY,765.6500244140625,2026-08-21T20:42:06.922519+00:00
784.0,0.15,0.16,0.15,968.0,1194.0,0.09009698974609376,call,2026-08-28,SPY,765.6500244140625,2026-08-21T20:42:06.922519+00:00
785.0,0.12,0.13,0.13,1294.0,3999.0,0.09058526611328124,call,2026-08-28,SPY,765.6500244140625,2026-08-21T20:42:06.922519+00:00
786.0,0.09,0.1,0.09,1265.0,1302.0,0.0903411279296875,call,2026-08-28,SPY,765.6500244140625,2026-08-21T20:42:06.922519+00:00
787.0,0.07,0.08,0.07,2645.0,4372.0,0.090829404296875,call,2026-08-28,SPY,765.6500244140625,2026-08-21T20:42:06.922519+00:00
788.0,0.06,0.07,0.06,2737.0,2023.0,0.09253837158203124,call,2026-08-28,SPY,765.6500244140625,2026-08-21T20:42:06.922519+00:00
789.0,0.05,0.06,0.05,473.0,630.0,0.0937590625,call,2026-08-28,SPY,765.6500244140625,2026-08-21T20:42:06.922519+00:00
790.0,0.04,0.05,0.04,1257.0,3611.0,0.09473561523437501,call,2026-08-28,SPY,765.6500244140625,2026-08-21T20:42:06.922519+00:00
791.0,0.03,0.04,0.03,217.0,705.0,0.09522389160156251,call,2026-08-28,SPY,765.6500244140625,2026-08-21T20:42:06.922519+00:00
792.0,0.03,0.04,0.03,301.0,2349.0,0.098641826171875,call,2026-08-28,SPY,765.6500244140625,2026-08-21T20:42:06.922519+00:00
793.0,0.03,0.04,0.03,266.0,557.0,0.10157148437499999,call,2026-08-28,SPY,765.6500244140625,2026-08-21T20:42:06.922519+00:00
794.0,0.02,0.03,0.03,140.0,847.0,0.10157148437499999,call,2026-08-28,SPY,765.6500244140625,2026-08-21T20:42:06.922519+00:00
795.0,0.02,0.03,0.02,181.0,2422.0,0.10450114257812498,call,2026-08-28,SPY,765.6500244140625,2026-08-21T20:42:06.922519+00:00
796.0,0.02,0.03,0.04,16.0,450.0,0.10743080078125,call,2026-08-28,SPY,765.6500244140625,2026-08-21T20:42:06.922519+00:00
797.0,0.02,0.03,0.02,95.0,724.0,0.11036045898437499,call,2026-08-28,SPY,765.6500244140625,2026-08-21T20:42:06.922519+00:00
798.0,0.02,0.03,0.02,129.0,504.0,0.1132901171875,call,2026-08-28,SPY,765.6500244140625,2026-08-21T20:42:06.922519+00:00
799.0,0.02,0.03,0.02,73.0,826.0,0.116219775390625,call,2026-08-28,SPY,765.6500244140625,2026-08-21T20:42:06.922519+00:00
800.0,0.01,0.02,0.01,2650.0,7690.0,0.11426666992187501,call,2026-08-28,SPY,765.6500244140625,2026-08-21T20:42:06.922519+00:00
801.0,0.01,0.02,0.02,137.0,4467.0,0.117196328125,call,2026-08-28,SPY,765.6500244140625,2026-08-21T20:42:06.922519+00:00
802.0,0.01,0.02,0.02,531.0,537.0,0.12012598632812499,call,2026-08-28,SPY,765.6500244140625,2026-08-21T20:42:06.922519+00:00
803.0,0.01,0.02,0.04,20.0,518.0,0.12305564453125001,call,2026-08-28,SPY,765.6500244140625,2026-08-21T20:42:06.922519+00:00
804.0,0.01,0.02,0.01,5.0,1382.0,0.125985302734375,call,2026-08-28,SPY,765.6500244140625,2026-08-21T20:42:06.922519+00:00
805.0,0.01,0.02,0.02,1714.0,1815.0,0.1289149609375,call,2026-08-28,SPY,765.6500244140625,2026-08-21T20:42:06.922519+00:00
806.0,0.01,0.02,0.02,1751.0,433.0,0.13086806640624998,call,2026-08-28,SPY,765.6500244140625,2026-08-21T20:42:06.922519+00:00
807.0,0.01,0.02,0.02,3.0,196.0,0.13477427734375003,call,2026-08-28,SPY,765.6500244140625,2026-08-21T20:42:06.922519+00:00
808.0,0.01,0.02,0.02,5.0,181.0,0.13672738281250002,call,2026-08-28,SPY,765.6500244140625,2026-08-21T20:42:06.922519+00:00
809.0,0.01,0.02,0.02,375.0,98.0,0.139657041015625,call,2026-08-28,SPY,765.6500244140625,2026-08-21T20:42:06.922519+00:00
810.0,0.01,0.02,0.02,342.0,870.0,0.14258669921875,call,2026-08-28,SPY,765.6500244140625,2026-08-21T20:42:06.922519+00:00
815.0,0.01,0.02,0.02,72.0,576.0,0.1562584375,call,2026-08-28,SPY,765.6500244140625,2026-08-21T20:42:06.922519+00:00
820.0,0.01,0.02,0.01,146.0,782.0,0.16993017578125003,call,2026-08-28,SPY,765.6500244140625,2026-08-21T20:42:06.922519+00:00
825.0,0.01,0.02,0.01,8.0,868.0,0.18360191406249998,call,2026-08-28,SPY,765.6500244140625,2026-08-21T20:42:06.922519+00:00
830.0,0.01,0.02,0.02,20.0,798.0,0.19727365234375,call,2026-08-28,SPY,765.6500244140625,2026-08-21T20:42:06.922519+00:00
835.0,0.01,0.02,0.01,14.0,500.0,0.21094539062499998,call,2026-08-28,SPY,765.6500244140625,2026-08-21T20:42:06.922519+00:00
840.0,0.0,0.01,0.02,2.0,564.0,0.21094539062499998,call,2026-08-28,SPY,765.6500244140625,2026-08-21T20:42:06.922519+00:00
845.0,0.0,0.01,0.02,4.0,1107.0,0.22266402343749997,call,2026-08-28,SPY,765.6500244140625,2026-08-21T20:42:06.922519+00:00
850.0,0.0,0.01,0.01,70.0,434.0,0.23438265625,call,2026-08-28,SPY,765.6500244140625,2026-08-21T20:42:06.922519+00:00
855.0,0.0,0.01,0.04,14.0,531.0,0.2461012890625,call,2026-08-28,SPY,765.6500244140625,2026-08-21T20:42:06.922519+00:00
860.0,0.0,0.01,0.01,17.0,1296.0,0.257819921875,call,2026-08-28,SPY,765.6500244140625,2026-08-21T20:42:06.922519+00:00
865.0,0.0,0.01,0.01,117.0,320.0,0.2695385546875,call,2026-08-28,SPY,765.6500244140625,2026-08-21T20:42:06.922519+00:00
870.0,0.0,0.01,0.01,10.0,514.0,0.28125718749999995,call,2026-08-28,SPY,765.6500244140625,2026-08-21T20:42:06.922519+00:00
875.0,0.0,0.01,0.01,3.0,890.0,0.2929758203124999,call,2026-08-28,SPY,765.6500244140625,2026-08-21T20:42:06.922519+00:00
880.0,0.0,0.01,0.01,467.0,1003.0,0.304694453125,call,2026-08-28,SPY,765.6500244140625,2026-08-21T20:42:06.922519+00:00
885.0,0.0,0.01,0.01,1.0,855.0,0.31250687499999996,call,2026-08-28,SPY,765.6500244140625,2026-08-21T20:42:06.922519+00:00
890.0,0.0,0.01,0.01,261.0,829.0,0.32813171874999997,call,2026-08-28,SPY,765.6500244140625,2026-08-21T20:42:06.922519+00:00
895.0,0.0,0.01,0.01,2.0,1652.0,0.335944140625,call,2026-08-28,SPY,765.6500244140625,2026-08-21T20:42:06.922519+00:00
900.0,0.0,0.01,0.01,1000.0,930.0,0.34766277343749996,call,2026-08-28,SPY,765.6500244140625,2026-08-21T20:42:06.922519+00:00
500.0,0.0,0.01,0.01,120.0,700.0,0.8281267187499999,put,2026-08-28,SPY,765.6500244140625,2026-08-21T20:42:06.922519+00:00
505.0,0.0,0.01,0.02,90.0,184.0,0.8125018749999999,put,2026-08-28,SPY,765.6500244140625,2026-08-21T20:42:06.922519+00:00
510.0,0.0,0.01,0.04,87.0,89.0,0.79687703125,put,2026-08-28,SPY,765.6500244140625,2026-08-21T20:42:06.922519+00:00
515.0,0.0,0.01,0.01,4.0,1359.0,0.7812521875,put,2026-08-28,SPY,765.6500244140625,2026-08-21T20:42:06.922519+00:00
520.0,0.0,0.01,0.01,1.0,169.0,0.7500025,put,2026-08-28,SPY,765.6500244140625,2026-08-21T20:42:06.922519+00:00
525.0,0.0,0.01,0.01,1.0,105.0,0.73437765625,put,2026-08-28,SPY,765.6500244140625,2026-08-21T20:42:06.922519+00:00
530.0,0.0,0.01,0.01,204.0,1786.0,0.7187528125,put,2026-08-28,SPY,765.6500244140625,2026-08-21T20:42:06.922519+00:00
535.0,0.0,0.01,0.01,10.0,355.0,0.70312796875,put,2026-08-28,SPY,765.6500244140625,2026-08-21T20:42:06.922519+00:00
540.0,0.0,0.01,0.01,200.0,768.0,0.6875031250000001,put,2026-08-28,SPY,765.6500244140625,2026-08-21T20:42:06.922519+00:00
545.0,0.0,0.01,0.01,200.0,878.0,0.6718782812500002,put,2026-08-28,SPY,765.6500244140625,2026-08-21T20:42:06.922519+00:00
550.0,0.0,0.01,0.01,1.0,686.0,0.6562534375000001,put,2026-08-28,SPY,765.6500244140625,2026-08-21T20:42:06.922519+00:00
555.0,0.0,0.01,0.02,460.0,786.0,0.64062859375,put,2026-08-28,SPY,765.6500244140625,2026-08-21T20:42:06.922519+00:00
560.0,0.0,0.01,0.01,2.0,636.0,0.6250037500000001,put,2026-08-28,SPY,765.6500244140625,2026-08-21T20:42:06.922519+00:00
565.0,0.0,0.01,0.01,2070.0,655.0,0.6093789062500001,put,2026-08-28,SPY,765.6500244140625,2026-08-21T20:42:06.922519+00:00
570.0,0.0,0.01,0.01,20.0,566.0,0.5937540625000001,put,2026-08-28,SPY,765.6500244140625,2026-08-21T20:42:06.922519+00:00
575.0,0.0,0.01,0.01,5.0,403.0,0.5625043750000001,put,2026-08-28,SPY,765.6500244140625,2026-08-21T20:42:06.922519+00:00
580.0,0.0,0.01,0.01,50.0,6037.0,0.5468795312500001,put,2026-08-28,SPY,765.6500244140625,2026-08-21T20:42:06.922519+00:00
585.0,0.01,0.02,0.02,88.0,5953.0,0.585941640625,put,2026-08-28,SPY,765.6500244140625,2026-08-21T20:42:06.922519+00:00
590.0,0.01,0.02,0.01,204.0,1200.0,0.570316796875,put,2026-08-28,SPY,765.6500244140625,2026-08-21T20:42:06.922519+00:00
595.0,0.01,0.02,0.02,1.0,206.0,0.5507857421875001,put,2026-08-28,SPY,765.6500244140625,2026-08-21T20:42:06.922519+00:00
600.0,0.01,0.02,0.02,17.0,230.0,0.5312546875,put,2026-08-28,SPY,765.6500244140625,2026-08-21T20:42:06.922519+00:00
605.0,0.01,0.02,0.02,218.0,552.0,0.51562984375,put,2026-08-28,SPY,765.6500244140625,2026-08-21T20:42:06.922519+00:00
610.0,0.01,0.02,0.02,30.0,230.0,0.500005,put,2026-08-28,SPY,765.6500244140625,2026-08-21T20:42:06.922519+00:00
615.0,0.01,0.02,0.01,2.0,368.0,0.49609878906250005,put,2026-08-28,SPY,765.6500244140625,2026-08-21T20:42:06.922519+00:00
620.0,0.01,0.02,0.02,9022.0,1356.0,0.476567734375,put,2026-08-28,SPY,765.6500244140625,2026-08-21T20:42:06.922519+00:00
625.0,0.01,0.02,0.02,235.0,477.0,0.46094289062500005,put,2026-08-28,SPY,765.6500244140625,2026-08-21T20:42:06.922519+00:00
630.0,0.01,0.02,0.02,2905.0,391.0,0.445318046875,put,2026-08-28,SPY,765.6500244140625,2026-08-21T20:42:06.922519+00:00
635.0,0.01,0.02,0.02,255.0,282.0,0.42969320312500003,put,2026-08-28,SPY,765.6500244140625,2026-08-21T20:42:06.922519+00:00
640.0,0.01,0.02,0.02,1.0,636.0,0.4101621484375,put,2026-08-28,SPY,765.6500244140625,2026-08-21T20:42:06.922519+00:00
645.0,0.02,0.03,0.02,1.0,939.0,0.4101621484375,put,2026-08-28,SPY,765.6500244140625,2026-08-21T20:42:06.922519+00:00
650.0,0.02,0.03,0.03,473.0,2248.0,0.39453730468750003,put,2026-08-28,SPY,765.6500244140625,2026-08-21T20:42:06.922519+00:00
655.0,0.02,0.03,0.02,169.0,494.0,0.37695935546875,put,2026-08-28,SPY,765.6500244140625,2026-08-21T20:42:06.922519+00:00
660.0,0.02,0.03,0.03,1586.0,1265.0,0.35938140625,put,2026-08-28,SPY,765.6500244140625,2026-08-21T20:42:06.922519+00:00
665.0,0.02,0.03,0.03,7.0,1890.0,0.3437565625,put,2026-08-28,SPY,765.6500244140625,2026-08-21T20:42:06.922519+00:00
670.0,0.02,0.03,0.03,157.0,2279.0,0.32617861328125,put,2026-08-28,SPY,765.6500244140625,2026-08-21T20:42:06.922519+00:00
675.0,0.03,0.04,0.05,34.0,6990.0,0.3193427441406249,put,2026-08-28,SPY,765.6500244140625,2026-08-21T20:42:06.922519+00:00
680.0,0.03,0.04,0.04,81.0,1689.0,0.30274134765625,put,2026-08-28,SPY,765.6500244140625,2026-08-21T20:42:06.922519+00:00
685.0,0.03,0.04,0.04,591.0,1561.0,0.28516339843749994,put,2026-08-28,SPY,765.6500244140625,2026-08-21T20:42:06.922519+00:00
690.0,0.04,0.05,0.04,1564.0,1256.0,0.27539787109374997,put,2026-08-28,SPY,765.6500244140625,2026-08-21T20:42:06.922519+00:00
691.0,0.04,0.05,0.05,128.0,891.0,0.27149166015625,put,2026-08-28,SPY,765.6500244140625,2026-08-21T20:42:06.922519+00:00
692.0,0.04,0.05,0.06,3.0,197.0,0.26856200195312496,put,2026-08-28,SPY,765.6500244140625,2026-08-21T20:42:06.922519+00:00
693.0,0.04,0.05,0.04,2.0,480.0,0.264655791015625,put,2026-08-28,SPY,765.6500244140625,2026-08-21T20:42:06.922519+00:00
694.0,0.04,0.05,0.06,12.0,348.0,0.2617261328125,put,2026-08-28,SPY,765.6500244140625,2026-08-21T20:42:06.922519+00:00
695.0,0.04,0.05,0.05,14.0,672.0,0.257819921875,put,2026-08-28,SPY,765.6500244140625,2026-08-21T20:42:06.922519+00:00
696.0,0.04,0.05,0.06,22.0,799.0,0.25489026367187506,put,2026-08-28,SPY,765.6500244140625,2026-08-21T20:42:06.922519+00:00
697.0,0.04,0.05,0.05,3.0,135.0,0.25098405273437496,put,2026-08-28,SPY,765.6500244140625,2026-08-21T20:42:06.922519+00:00
698.0,0.04,0.05,0.05,22.0,239.0,0.24805439453125,put,2026-08-28,SPY,765.6500244140625,2026-08-21T20:42:06.922519+00:00
699.0,0.05,0.06,0.07,13.0,260.0,0.2500075,put,2026-08-28,SPY,765.6500244140625,2026-08-21T20:42:06.922519+00:00
700.0,0.05,0.06,0.06,195.0,3014.0,0.2461012890625,put,2026-08-28,SPY,765.6500244140625,2026-08-21T20:42:06.922519+00:00
701.0,0.05,0.06,0.04,9.0,388.0,0.242195078125,put,2026-08-28,SPY,765.6500244140625,2026-08-21T20:42:06.922519+00:00
702.0,0.05,0.06,0.06,135.0,444.0,0.23926541992187497,put,2026-08-28,SPY,765.6500244140625,2026-08-21T20:42:06.922519+00:00
703.0,0.05,0.06,0.08,4.0,280.0,0.23535920898437498,put,2026-08-28,SPY,765.6500244140625,2026-08-21T20:42:06.922519+00:00
704.0,0.05,0.06,0.07,8.0,1064.0,0.23242955078125,put,2026-08-28,SPY,765.6500244140625,2026-08-21T20:42:06.922519+00:00
705.0,0.05,0.06,0.06,174.0,1111.0,0.22852333984375,put,2026-08-28,SPY,765.6500244140625,2026-08-21T20:42:06.922519+00:00
706.0,0.06,0.07,0.09,8.0,505.0,0.229499892578125,put,2026-08-28,SPY,765.6500244140625,2026-08-21T20:42:06.922519+00:00
707.0,0.06,0.07,0.07,150.0,315.0,0.225593681640625,put,2026-08-28,SPY,765.6500244140625,2026-08-21T20:42:06.922519+00:00
708.0,0.06,0.07,0.08,20.0,214.0,0.22266402343749997,put,2026-08-28,SPY,765.6500244140625,2026-08-21T20:42:06.922519+00:00
709.0,0.06,0.07,0.08,61.0,124.0,0.21875781249999998,put,2026-08-28,SPY,765.6500244140625,2026-08-21T20:42:06.922519+00:00
710.0,0.06,0.07,0.07,518.0,1907.0,0.2153398779296875,put,2026-08-28,SPY,765.6500244140625,2026-08-21T20:42:06.922519+00:00
711.0,0.07,0.08,0.07,5.0,430.0,0.2153398779296875,put,2026-08-28,SPY,765.6500244140625,2026-08-21T20:42:06.922519+00:00
712.0,0.07,0.08,0.09,80.0,93.0,0.21192194335937498,put,2026-08-28,SPY,765.6500244140625,2026-08-21T20:42:06.922519+00:00
713.0,0.07,0.08,0.1,67.0,266.0,0.20801573242187496,put,2026-08-28,SPY,765.6500244140625,2026-08-21T20:42:06.922519+00:00
714.0,0.07,0.08,0.1,19.0,460.0,0.20459779785156246,put,2026-08-28,SPY,765.6500244140625,2026-08-21T20:42:06.922519+00:00
715.0,0.08,0.09,0.09,255.0,638.0,0.20410952148437497,put,2026-08-28,SPY,765.6500244140625,2026-08-21T20:42:06.922519+00:00
716.0,0.08,0.09,0.08,64.0,413.0,0.20069158691406247,put,2026-08-28,SPY,765.6500244140625,2026-08-21T20:42:06.922519+00:00
717.0,0.08,0.09,0.08,23.0,356.0,0.19678537597656248,put,2026-08-28,SPY,765.6500244140625,2026-08-21T20:42:06.922519+00:00
718.0,0.08,0.09,0.12,135.0,324.0,0.19336744140625,put,2026-08-28,SPY,765.6500244140625,2026-08-21T20:42:06.922519+00:00
719.0,0.09,0.1,0.11,79.0,525.0,0.192390888671875,put,2026-08-28,SPY,765.6500244140625,2026-08-21T20:42:06.922519+00:00
720.0,0.09,0.1,0.11,194.0,1926.0,0.188484677734375,put,2026-08-28,SPY,765.6500244140625,2026-08-21T20:42:06.922519+00:00
721.0,0.1,0.11,0.1,2.0,849.0,0.187508125,put,2026-08-28,SPY,765.6500244140625,2026-08-21T20:42:06.922519+00:00
722.0,0.1,0.11,0.11,22.0,402.0,0.18360191406249998,put,2026-08-28,SPY,765.6500244140625,2026-08-21T20:42:06.922519+00:00
723.0,0.11,0.12,0.15,191.0,3680.0,0.1821370849609375,put,2026-08-28,SPY,765.6500244140625,2026-08-21T20:42:06.922519+00:00
724.0,0.11,0.12,0.12,82.0,1495.0,0.1782308740234375,put,2026-08-28,SPY,765.6500244140625,2026-08-21T20:42:06.922519+00:00
725.0,0.12,0.13,0.12,1008.0,6929.0,0.176766044921875,put,2026-08-28,SPY,765.6500244140625,2026-08-21T20:42:06.922519+00:00
726.0,0.13,0.14,0.14,112.0,225.0,0.174812939453125,put,2026-08-28,SPY,765.6500244140625,2026-08-21T20:42:06.922519+00:00
727.0,0.13,0.14,0.14,345.0,1133.0,0.17090672851562502,put,2026-08-28,SPY,765.6500244140625,2026-08-21T20:42:06.922519+00:00
728.0,0.14,0.15,0.16,45.0,858.0,0.16895362304687503,put,2026-08-28,SPY,765.6500244140625,2026-08-21T20:42:06.922519+00:00
729.0,0.15,0.16,0.16,60.0,953.0,0.16651224121093755,put,2026-08-28,SPY,765.6500244140625,2026-08-21T20:42:06.922519+00:00
730.0,0.16,0.17,0.17,828.0,1938.0,0.16431499755859375,put,2026-08-28,SPY,765.6500244140625,2026-08-21T20:42:06.922519+00:00
731.0,0.17,0.18,0.18,167.0,415.0,0.16187361572265624,put,2026-08-28,SPY,765.6500244140625,2026-08-21T20:42:06.922519+00:00
732.0,0.19,0.2,0.2,162.0,1121.0,0.1606529248046875,put,2026-08-28,SPY,765.6500244140625,2026-08-21T20:42:06.922519+00:00
733.0,0.2,0.21,0.22,785.0,655.0,0.15796740478515625,put,2026-08-28,SPY,765.6500244140625,2026-08-21T20:42:06.922519+00:00
734.0,0.22,0.23,0.25,445.0,473.0,0.1562584375,put,2026-08-28,SPY,765.6500244140625,2026-08-21T20:42:06.922519+00:00
735.0,0.24,0.25,0.24,1256.0,13562.0,0.15430533203125002,put,2026-08-28,SPY,765.6500244140625,2026-08-21T20:42:06.922519+00:00
736.0,0.26,0.27,0.27,241.0,378.0,0.15235222656250003,put,2026-08-28,SPY,765.6500244140625,2026-08-21T20:42:06.922519+00:00
737.0,0.28,0.29,0.28,312.0,1314.0,0.15015498291015628,put,2026-08-28,SPY,765.6500244140625,2026-08-21T20:42:06.922519+00:00
738.0,0.3,0.31,0.3,423.0,683.0,0.14771360107421877,put,2026-08-28,SPY,765.6500244140625,2026-08-21T20:42:06.922519+00:00
739.0,0.33,0.34,0.33,871.0,1730.0,0.14600463378906248,put,2026-08-28,SPY,765.6500244140625,2026-08-21T20:42:06.922519+00:00
740.0,0.36,0.37,0.36,1570.0,7322.0,0.1439294592285156,put,2026-08-28,SPY,765.6500244140625,2026-08-21T20:42:06.922519+00:00
741.0,0.39,0.4,0.39,430.0,1336.0,0.14173221557617188,put,2026-08-28,SPY,765.6500244140625,2026-08-21T20:42:06.922519+00:00
742.0,0.43,0.44,0.43,469.0,950.0,0.14002324829101562,put,2026-08-28,SPY,765.6500244140625,2026-08-21T20:42:06.922519+00:00
743.0,0.47,0.48,0.47,777.0,2502.0,0.13807014282226562,put,2026-08-28,SPY,765.6500244140625,2026-08-21T20:42:06.922519+00:00
744.0,0.52,0.53,0.51,342.0,1166.0,0.13648324462890626,put,2026-08-28,SPY,765.6500244140625,2026-08-21T20:42:06.922519+00:00
745.0,0.57,0.58,0.57,2292.0,9917.0,0.13453013916015627,put,2026-08-28,SPY,765.6500244140625,2026-08-21T20:42:06.922519+00:00
746.0,0.63,0.64,0.62,476.0,1172.0,0.13294324096679688,put,2026-08-28,SPY,765.6500244140625,2026-08-21T20:42:06.922519+00:00
747.0,0.69,0.71,0.69,587.0,1075.0,0.1313563427734375,put,2026-08-28,SPY,765.6500244140625,2026-08-21T20:42:06.922519+00:00
748.0,0.77,0.78,0.76,465.0,1866.0,0.12952530639648438,put,2026-08-28,SPY,765.6500244140625,2026-08-21T20:42:06.922519+00:00
749.0,0.85,0.86,0.84,1296.0,1092.0,0.12781633911132811,put,2026-08-28,SPY,765.6500244140625,2026-08-21T20:42:06.922519+00:00
750.0,0.94,0.95,0.95,11338.0,20985.0,0.12610737182617188,put,2026-08-28,SPY,765.6500244140625,2026-08-21T20:42:06.922519+00:00
751.0,1.03,1.05,1.05,1591.0,4663.0,0.12445943908691406,put,2026-08-28,SPY,765.6500244140625,2026-08-21T20:42:06.922519+00:00
752.0,1.14,1.16,1.13,853.0,2633.0,0.12275047180175781,put,2026-08-28,SPY,765.6500244140625,2026-08-21T20:42:06.922519+00:00
753.0,1.27,1.28,1.26,1758.0,1315.0,0.12098046997070314,put,2026-08-28,SPY,765.6500244140625,2026-08-21T20:42:06.922519+00:00
754.0,1.4,1.42,1.39,1781.0,3051.0,0.11945460632324219,put,2026-08-28,SPY,765.6500244140625,2026-08-21T20:42:06.922519+00:00
755.0,1.55,1.57,1.56,7998.0,5692.0,0.11780667358398436,put,2026-08-28,SPY,765.6500244140625,2026-08-21T20:42:06.922519+00:00
756.0,1.72,1.73,1.7,1307.0,3254.0,0.11597563720703125,put,2026-08-28,SPY,765.6500244140625,2026-08-21T20:42:06.922519+00:00
757.0,1.9,1.92,1.89,959.0,1297.0,0.11448029083251954,put,2026-08-28,SPY,765.6500244140625,2026-08-21T20:42:06.922519+00:00
758.0,2.1,2.12,2.1,856.0,1468.0,0.11274080627441406,put,2026-08-28,SPY,765.6500244140625,2026-08-21T20:42:06.922519+00:00
759.0,2.33,2.35,2.31,1240.0,926.0,0.11127597717285155,put,2026-08-28,SPY,765.6500244140625,2026-08-21T20:42:06.922519+00:00
760.0,2.57,2.59,2.58,12774.0,11422.0,0.10944494079589843,put,2026-08-28,SPY,765.6500244140625,2026-08-21T20:42:06.922519+00:00
761.0,2.85,2.87,2.82,722.0,1705.0,0.10804114624023436,put,2026-08-28,SPY,765.6500244140625,2026-08-21T20:42:06.922519+00:00
762.0,3.15,3.17,3.14,3317.0,1333.0,0.106454248046875,put,2026-08-28,SPY,765.6500244140625,2026-08-21T20:42:06.922519+00:00
763.0,3.48,3.5,3.45,2236.0,6305.0,0.10492838439941406,put,2026-08-28,SPY,765.6500244140625,2026-08-21T20:42:06.922519+00:00
764.0,3.84,3.86,3.85,3080.0,4433.0,0.10340252075195311,put,2026-08-28,SPY,765.6500244140625,2026-08-21T20:42:06.922519+00:00
765.0,4.23,4.26,4.2,9758.0,6098.0,0.10202924346923828,put,2026-08-28,SPY,765.6500244140625,2026-08-21T20:42:06.922519+00:00
766.0,4.66,4.69,4.63,4650.0,1763.0,0.100594931640625,put,2026-08-28,SPY,765.6500244140625,2026-08-21T20:42:06.922519+00:00
767.0,5.13,5.14,5.14,3698.0,2882.0,0.0987944125366211,put,2026-08-28,SPY,765.6500244140625,2026-08-21T20:42:06.922519+00:00
768.0,5.56,5.78,5.66,1233.0,2998.0,0.10047286254882812,put,2026-08-28,SPY,765.6500244140625,2026-08-21T20:42:06.922519+00:00
769.0,6.04,6.32,6.25,542.0,1345.0,0.0991301025390625,put,2026-08-28,SPY,765.6500244140625,2026-08-21T20:42:06.922519+00:00
770.0,6.64,6.83,6.8,2219.0,5127.0,0.09613940979003907,put,2026-08-28,SPY,765.6500244140625,2026-08-21T20:42:06.922519+00:00
771.0,7.22,7.52,7.37,446.0,2458.0,0.09662768615722657,put,2026-08-28,SPY,765.6500244140625,2026-08-21T20:42:06.922519+00:00
772.0,7.76,8.25,8.1,1074.0,2399.0,0.09729906616210937,put,2026-08-28,SPY,765.6500244140625,2026-08-21T20:42:06.922519+00:00
773.0,8.56,8.94,8.38,307.0,1086.0,0.09620044433593751,put,2026-08-28,SPY,765.6500244140625,2026-08-21T20:42:06.922519+00:00
774.0,9.35,9.64,9.47,186.0,1696.0,0.09430837341308594,put,2026-08-28,SPY,765.6500244140625,2026-08-21T20:42:06.922519+00:00
775.0,10.12,10.43,10.21,728.0,2280.0,0.09418630432128906,put,2026-08-28,SPY,765.6500244140625,2026-08-21T20:42:06.922519+00:00
776.0,10.92,11.25,11.11,482.0,1187.0,0.09412526977539062,put,2026-08-28,SPY,765.6500244140625,2026-08-21T20:42:06.922519+00:00
777.0,11.67,12.1,11.62,123.0,396.0,0.09436940795898438,put,2026-08-28,SPY,765.6500244140625,2026-08-21T20:42:06.922519+00:00
778.0,12.47,13.13,12.9,58.0,1625.0,0.1010832080078125,put,2026-08-28,SPY,765.6500244140625,2026-08-21T20:42:06.922519+00:00
779.0,12.88,14.12,13.16,16.0,91.0,0.10608804077148437,put,2026-08-28,SPY,765.6500244140625,2026-08-21T20:42:06.922519+00:00
780.0,14.24,15.03,14.66,1026.0,122.0,0.10767493896484376,put,2026-08-28,SPY,765.6500244140625,2026-08-21T20:42:06.922519+00:00
781.0,15.18,16.37,15.24,171.0,25.0,0.12671771728515624,put,2026-08-28,SPY,765.6500244140625,2026-08-21T20:42:06.922519+00:00
782.0,15.41,16.9,16.14,10.0,3.0,0.11188632263183593,put,2026-08-28,SPY,765.6500244140625,2026-08-21T20:42:06.922519+00:00
783.0,16.38,18.22,19.52,7.0,4.0,0.13141737731933595,put,2026-08-28,SPY,765.6500244140625,2026-08-21T20:42:06.922519+00:00
784.0,17.38,19.19,18.07,3.0,3.0,0.135323588256836,put,2026-08-28,SPY,765.6500244140625,2026-08-21T20:42:06.922519+00:00
785.0,18.38,20.18,19.31,59.0,28.0,0.14002324829101562,put,2026-08-28,SPY,765.6500244140625,2026-08-21T20:42:06.922519+00:00
786.0,19.16,22.2,21.46,4.0,1.0,0.18470053588867186,put,2026-08-28,SPY,765.6500244140625,2026-08-21T20:42:06.922519+00:00
787.0,20.16,23.2,23.44,7.0,0.0,0.19043778320312502,put,2026-08-28,SPY,765.6500244140625,2026-08-21T20:42:06.922519+00:00
788.0,21.16,24.2,21.03,2.0,0.0,0.19605296142578127,put,2026-08-28,SPY,765.6500244140625,2026-08-21T20:42:06.922519+00:00
789.0,22.16,25.2,22.02,2.0,0.0,0.2016681396484375,put,2026-08-28,SPY,765.6500244140625,2026-08-21T20:42:06.922519+00:00
790.0,22.68,26.2,23.8,102.0,5.0,0.20716124877929684,put,2026-08-28,SPY,765.6500244140625,2026-08-21T20:42:06.922519+00:00
791.0,23.68,27.2,26.0,6.0,0.0,0.21265435791015624,put,2026-08-28,SPY,765.6500244140625,2026-08-21T20:42:06.922519+00:00
792.0,24.68,28.2,25.01,22.0,0.0,0.2181474670410156,put,2026-08-28,SPY,765.6500244140625,2026-08-21T20:42:06.922519+00:00
793.0,25.68,29.2,26.43,1.0,1.0,0.2235185070800781,put,2026-08-28,SPY,765.6500244140625,2026-08-21T20:42:06.922519+00:00
794.0,26.68,30.2,20.71,2.0,0.0,0.22888954711914064,put,2026-08-28,SPY,765.6500244140625,2026-08-21T20:42:06.922519+00:00
795.0,27.68,31.2,29.5,8.0,0.0,0.23413851806640623,put,2026-08-28,SPY,765.6500244140625,2026-08-21T20:42:06.922519+00:00
796.0,28.68,32.2,23.35,,0.0,0.23944852355957028,put,2026-08-28,SPY,765.6500244140625,2026-08-21T20:42:06.922519+00:00
797.0,29.68,33.2,23.69,2.0,0.0,0.24469749450683598,put,2026-08-28,SPY,765.6500244140625,2026-08-21T20:42:06.922519+00:00
800.0,32.68,36.2,34.6,4.0,1.0,0.2601392346191406,put,2026-08-28,SPY,765.6500244140625,2026-08-21T20:42:06.922519+00:00
804.0,36.68,40.2,31.54,,,0.28040270385742183,put,2026-08-28,SPY,765.6500244140625,2026-08-21T20:42:06.922519+00:00
805.0,37.68,41.2,42.36,1.0,0.0,0.2853465020751953,put,2026-08-28,SPY,765.6500244140625,2026-08-21T20:42:06.922519+00:00
806.0,38.68,42.2,32.99,,,0.2902903002929687,put,2026-08-28,SPY,765.6500244140625,2026-08-21T20:42:06.922519+00:00
809.0,41.68,45.2,36.54,,,0.30493859130859374,put,2026-08-28,SPY,765.6500244140625,2026-08-21T20:42:06.922519+00:00
810.0,42.68,46.2,43.45,1.0,1.0,0.30982135498046875,put,2026-08-28,SPY,765.6500244140625,2026-08-21T20:42:06.922519+00:00
815.0,47.68,51.2,41.36,2.0,0.0,0.3336248278808594,put,2026-08-28,SPY,765.6500244140625,2026-08-21T20:42:06.922519+00:00
820.0,52.68,56.2,47.4,2.0,0.0,0.3569400244140625,put,2026-08-28,SPY,765.6500244140625,2026-08-21T20:42:06.922519+00:00
825.0,57.68,61.2,59.27,1.0,0.0,0.37970591003417964,put,2026-08-28,SPY,765.6500244140625,2026-08-21T20:42:06.922519+00:00
830.0,62.68,66.2,58.11,4.0,0.0,0.4019835192871094,put,2026-08-28,SPY,765.6500244140625,2026-08-21T20:42:06.922519+00:00
835.0,67.68,71.2,63.1,,0.0,0.4239559558105469,put,2026-08-28,SPY,765.6500244140625,2026-08-21T20:42:06.922519+00:00
840.0,72.68,76.2,66.5,2.0,0.0,0.4454401159667969,put,2026-08-28,SPY,765.6500244140625,2026-08-21T20:42:06.922519+00:00
845.0,77.68,81.2,73.09,,0.0,0.46655806884765627,put,2026-08-28,SPY,765.6500244140625,2026-08-21T20:42:06.922519+00:00
850.0,82.68,86.2,78.09,,0.0,0.48743188354492195,put,2026-08-28,SPY,765.6500244140625,2026-08-21T20:42:06.922519+00:00
855.0,87.68,91.2,82.57,2.0,0.0,0.5079394909667969,put,2026-08-28,SPY,765.6500244140625,2026-08-21T20:42:06.922519+00:00
860.0,92.68,96.2,87.57,6.0,0.0,0.5280808911132813,put,2026-08-28,SPY,765.6500244140625,2026-08-21T20:42:06.922519+00:00
865.0,97.68,101.2,92.27,211.0,0.0,0.547978153076172,put,2026-08-28,SPY,765.6500244140625,2026-08-21T20:42:06.922519+00:00
870.0,102.68,106.2,98.09,,0.0,0.5676312768554688,put,2026-08-28,SPY,765.6500244140625,2026-08-21T20:42:06.922519+00:00
875.0,107.68,111.2,103.06,,0.0,0.586918193359375,put,2026-08-28,SPY,765.6500244140625,2026-08-21T20:42:06.922519+00:00
880.0,112.68,116.2,108.07,,0.0,0.6060830407714846,put,2026-08-28,SPY,765.6500244140625,2026-08-21T20:42:06.922519+00:00
885.0,117.68,121.2,113.07,,0.0,0.6250037500000001,put,2026-08-28,SPY,765.6500244140625,2026-08-21T20:42:06.922519+00:00
500.0,264.59,268.1,270.33,,21.0,0.9643558251953125,call,2026-09-04,SPY,765.6500244140625,2026-08-21T20:42:06.922519+00:00
505.0,259.6,263.11,265.35,,4.0,0.946289599609375,call,2026-09-04,SPY,765.6500244140625,2026-08-21T20:42:06.922519+00:00
510.0,254.61,258.12,260.37,,4.0,0.9284675122070312,call,2026-09-04,SPY,765.6500244140625,2026-08-21T20:42:06.922519+00:00
515.0,249.62,253.13,255.39,,4.0,0.9106454248046875,call,2026-09-04,SPY,765.6500244140625,2026-08-21T20:42:06.922519+00:00
520.0,244.63,248.14,250.41,,10.0,0.8930674755859375,call,2026-09-04,SPY,765.6500244140625,2026-08-21T20:42:06.922519+00:00
530.0,234.65,238.16,211.87,,1.0,0.8576674389648438,call,2026-09-04,SPY,765.6500244140625,2026-08-21T20:42:06.922519+00:00
545.0,219.68,223.19,214.79,,1.0,0.8051777294921875,call,2026-09-04,SPY,765.6500244140625,2026-08-21T20:42:06.922519+00:00
550.0,214.69,218.2,193.2,5.0,10.0,0.7878439184570312,call,2026-09-04,SPY,765.6500244140625,2026-08-21T20:42:06.922519+00:00
555.0,209.7,213.21,213.75,26.0,26.0,0.770510107421875,call,2026-09-04,SPY,765.6500244140625,2026-08-21T20:42:06.922519+00:00
560.0,204.71,208.22,212.14,11.0,12.0,0.7534204345703125,call,2026-09-04,SPY,765.6500244140625,2026-08-21T20:42:06.922519+00:00
565.0,199.72,203.23,204.87,,9.0,0.7360866235351562,call,2026-09-04,SPY,765.6500244140625,2026-08-21T20:42:06.922519+00:00
570.0,194.73,198.24,200.15,12.0,14.0,0.7189969506835938,call,2026-09-04,SPY,765.6500244140625,2026-08-21T20:42:06.922519+00:00
580.0,184.75,188.26,185.66,36.0,1.0,0.6848176049804688,call,2026-09-04,SPY,765.6500244140625,2026-08-21T20:42:06.922519+00:00
585.0,179.76,183.27,189.64,5.0,7.0,0.6679720703125002,call,2026-09-04,SPY,765.6500244140625,2026-08-21T20:42:06.922519+00:00
600.0,165.8,167.78,169.87,258.0,259.0,0.6447789428710937,call,2026-09-04,SPY,765.6500244140625,2026-08-21T20:42:06.922519+00:00
605.0,159.8,163.31,161.27,1.0,2.0,0.6003457934570313,call,2026-09-04,SPY,765.6500244140625,2026-08-21T20:42:06.922519+00:00
610.0,154.81,158.33,157.42,1.0,13.0,0.5839885351562499,call,2026-09-04,SPY,765.6500244140625,2026-08-21T20:42:06.922519+00:00
615.0,149.82,153.34,152.34,1.0,4.0,0.567265069580078,call,2026-09-04,SPY,765.6500244140625,2026-08-21T20:42:06.922519+00:00
620.0,144.84,148.35,154.43,3.0,3.0,0.5510298803710938,call,2026-09-04,SPY,765.6500244140625,2026-08-21T20:42:06.922519+00:00
630.0,134.86,138.37,138.26,1.0,7.0,0.5174608801269531,call,2026-09-04,SPY,765.6500244140625,2026-08-21T20:42:06.922519+00:00
635.0,129.87,133.39,140.27,,10.0,0.5012256909179689,call,2026-09-04,SPY,765.6500244140625,2026-08-21T20:42:06.922519+00:00
640.0,124.89,128.4,134.91,1.0,4.0,0.6019326916503909,call,2026-09-04,SPY,765.6500244140625,2026-08-21T20:42:06.922519+00:00
645.0,119.9,123.42,131.67,1.0,2.0,0.5822795678710937,call,2026-09-04,SPY,765.6500244140625,2026-08-21T20:42:06.922519+00:00
650.0,114.92,118.43,123.79,1.0,2.0,0.5621381677246093,call,2026-09-04,SPY,765.6500244140625,2026-08-21T20:42:06.922519+00:00
655.0,109.93,113.45,116.98,2.0,5.0,0.5424850439453126,call,2026-09-04,SPY,765.6500244140625,2026-08-21T20:42:06.922519+00:00
660.0,104.95,108.47,119.11,1.0,12.0,0.5227708856201172,call,2026-09-04,SPY,765.6500244140625,2026-08-21T20:42:06.922519+00:00
665.0,99.97,103.48,102.52,6.0,18.0,0.5025684509277344,call,2026-09-04,SPY,765.6500244140625,2026-08-21T20:42:06.922519+00:00
670.0,94.99,98.5,96.2,2.0,13.0,0.4828542926025391,call,2026-09-04,SPY,765.6500244140625,2026-08-21T20:42:06.922519+00:00
675.0,90.01,93.53,95.25,3.0,18.0,0.4635063415527344,call,2026-09-04,SPY,765.6500244140625,2026-08-21T20:42:06.922519+00:00
680.0,85.04,88.55,85.69,1.0,34.0,0.44360907958984375,call,2026-09-04,SPY,765.6500244140625,2026-08-21T20:42:06.922519+00:00
685.0,80.06,83.58,80.78,1.0,22.0,0.42407802490234375,call,2026-09-04,SPY,765.6500244140625,2026-08-21T20:42:06.922519+00:00
690.0,75.09,78.6,77.33,5.0,74.0,0.4039976593017578,call,2026-09-04,SPY,765.6500244140625,2026-08-21T20:42:06.922519+00:00
692.0,73.1,76.62,85.51,1.0,10.0,0.3963683410644532,call,2026-09-04,SPY,765.6500244140625,2026-08-21T20:42:06.922519+00:00
693.0,72.11,75.62,77.15,1.0,6.0,0.3922179919433594,call,2026-09-04,SPY,765.6500244140625,2026-08-21T20:42:06.922519+00:00
694.0,71.12,74.63,81.5,,4.0,0.38837281555175784,call,2026-09-04,SPY,765.6500244140625,2026-08-21T20:42:06.922519+00:00
695.0,70.12,73.64,72.34,3.0,13.0,0.3845276391601562,call,2026-09-04,SPY,765.6500244140625,2026-08-21T20:42:06.922519+00:00
696.0,69.13,72.65,71.49,1.0,6.0,0.3807434973144531,call,2026-09-04,SPY,765.6500244140625,2026-08-21T20:42:06.922519+00:00
697.0,68.14,71.65,71.15,2.0,4.0,0.376532113647461,call,2026-09-04,SPY,765.6500244140625,2026-08-21T20:42:06.922519+00:00
698.0,67.15,70.66,73.54,,8.0,0.3726869372558594,call,2026-09-04,SPY,765.6500244140625,2026-08-21T20:42:06.922519+00:00
699.0,66.15,69.67,69.44,,1.0,0.3687807263183594,call,2026-09-04,SPY,765.6500244140625,2026-08-21T20:42:06.922519+00:00
700.0,65.16,68.68,67.02,109.0,55.0,0.3649355499267578,call,2026-09-04,SPY,765.6500244140625,2026-08-21T20:42:06.922519+00:00
701.0,64.17,67.69,69.97,6.0,30.0,0.3610903735351562,call,2026-09-04,SPY,765.6500244140625,2026-08-21T20:42:06.922519+00:00
702.0,63.18,66.69,77.25,4.0,7.0,0.35681795532226557,call,2026-09-04,SPY,765.6500244140625,2026-08-21T20:42:06.922519+00:00
703.0,62.19,65.7,70.04,1.0,13.0,0.3529117443847656,call,2026-09-04,SPY,765.6500244140625,2026-08-21T20:42:06.922519+00:00
704.0,61.2,64.71,57.56,6.0,6.0,0.3490055334472656,call,2026-09-04,SPY,765.6500244140625,2026-08-21T20:42:06.922519+00:00
705.0,60.23,63.72,62.17,7.0,25.0,0.3450993225097656,call,2026-09-04,SPY,765.6500244140625,2026-08-21T20:42:06.922519+00:00
706.0,59.22,62.73,73.89,1.0,12.0,0.3411931115722656,call,2026-09-04,SPY,765.6500244140625,2026-08-21T20:42:06.922519+00:00
707.0,58.23,61.74,70.24,1.0,10.0,0.33728690063476563,call,2026-09-04,SPY,765.6500244140625,2026-08-21T20:42:06.922519+00:00
708.0,57.24,60.76,58.25,3.0,54.0,0.3336248278808594,call,2026-09-04,SPY,765.6500244140625,2026-08-21T20:42:06.922519+00:00
709.0,56.25,59.77,66.72,,28.0,0.3296575823974609,call,2026-09-04,SPY,765.6500244140625,2026-08-21T20:42:06.922519+00:00
710.0,56.29,58.25,56.4,2.0,315.0,0.3079292840576171,call,2026-09-04,SPY,765.6500244140625,2026-08-21T20:42:06.922519+00:00
711.0,54.28,57.79,64.47,3.0,38.0,0.321723091430664,call,2026-09-04,SPY,765.6500244140625,2026-08-21T20:42:06.922519+00:00
712.0,53.29,56.81,61.17,4.0,14.0,0.31806101867675773,call,2026-09-04,SPY,765.6500244140625,2026-08-21T20:42:06.922519+00:00
713.0,52.31,55.82,53.61,4.0,32.0,0.31403273864746095,call,2026-09-04,SPY,765.6500244140625,2026-08-21T20:42:06.922519+00:00
714.0,51.32,54.83,53.28,1.0,21.0,0.31000445861816406,call,2026-09-04,SPY,765.6500244140625,2026-08-21T20:42:06.922519+00:00
715.0,50.34,53.85,52.91,10.0,69.0,0.3062813513183594,call,2026-09-04,SPY,765.6500244140625,2026-08-21T20:42:06.922519+00:00
716.0,49.35,52.87,61.52,1.0,9.0,0.30249720947265624,call,2026-09-04,SPY,765.6500244140625,2026-08-21T20:42:06.922519+00:00
717.0,48.37,51.88,31.23,,75.0,0.29846892944335934,call,2026-09-04,SPY,765.6500244140625,2026-08-21T20:42:06.922519+00:00
718.0,47.39,50.9,48.54,1.0,51.0,0.2946847875976562,call,2026-09-04,SPY,765.6500244140625,2026-08-21T20:42:06.922519+00:00
719.0,46.41,49.92,47.64,7.0,5.0,0.2908396112060546,call,2026-09-04,SPY,765.6500244140625,2026-08-21T20:42:06.922519+00:00
720.0,46.38,47.74,47.09,4.0,203.0,0.24896991271972657,call,2026-09-04,SPY,765.6500244140625,2026-08-21T20:42:06.922519+00:00
721.0,44.45,47.96,45.6,3.0,11.0,0.28314925842285155,call,2026-09-04,SPY,765.6500244140625,2026-08-21T20:42:06.922519+00:00
722.0,43.47,46.99,46.0,11.0,26.0,0.2795482202148437,call,2026-09-04,SPY,765.6500244140625,2026-08-21T20:42:06.922519+00:00
723.0,42.5,46.01,52.19,23.0,24.0,0.27567252655029295,call,2026-09-04,SPY,765.6500244140625,2026-08-21T20:42:06.922519+00:00
724.0,41.52,45.04,48.27,3.0,45.0,0.2720409710693359,call,2026-09-04,SPY,765.6500244140625,2026-08-21T20:42:06.922519+00:00
725.0,40.55,44.07,44.3,1.0,95.0,0.2683788983154296,call,2026-09-04,SPY,765.6500244140625,2026-08-21T20:42:06.922519+00:00
726.0,39.58,43.1,42.79,2.0,12.0,0.264655791015625,call,2026-09-04,SPY,765.6500244140625,2026-08-21T20:42:06.922519+00:00
728.0,37.65,41.16,46.46,2.0,20.0,0.25714854187011715,call,2026-09-04,SPY,765.6500244140625,2026-08-21T20:42:06.922519+00:00
729.0,37.62,39.68,52.66,1.0,125.0,0.23963162719726558,call,2026-09-04,SPY,765.6500244140625,2026-08-21T20:42:06.922519+00:00
730.0,35.72,39.24,36.75,52.0,107.0,0.2500075,call,2026-09-04,SPY,765.6500244140625,2026-08-21T20:42:06.922519+00:00
731.0,34.76,38.28,36.44,15.0,47.0,0.24640646179199222,call,2026-09-04,SPY,765.6500244140625,2026-08-21T20:42:06.922519+00:00
732.0,34.8,36.8,34.92,6.0,120.0,0.22937782348632813,call,2026-09-04,SPY,765.6500244140625,2026-08-21T20:42:06.922519+00:00
733.0,33.84,35.84,33.71,1.0,163.0,0.22583781982421874,call,2026-09-04,SPY,765.6500244140625,2026-08-21T20:42:06.922519+00:00
734.0,32.9,34.52,39.95,200.0,374.0,0.21289849609375,call,2026-09-04,SPY,765.6500244140625,2026-08-21T20:42:06.922519+00:00
735.0,31.95,33.71,32.12,3.0,696.0,0.21332573791503906,call,2026-09-04,SPY,765.6500244140625,2026-08-21T20:42:06.922519+00:00
736.0,31.01,33.0,31.01,6.0,314.0,0.2160112579345703,call,2026-09-04,SPY,765.6500244140625,2026-08-21T20:42:06.922519+00:00
737.0,30.0,32.08,32.15,2.0,301.0,0.21329522064208983,call,2026-09-04,SPY,765.6500244140625,2026-08-21T20:42:06.922519+00:00
738.0,29.07,31.12,28.94,8.0,225.0,0.2095110787963867,call,2026-09-04,SPY,765.6500244140625,2026-08-21T20:42:06.922519+00:00
739.0,28.18,30.22,28.72,2.0,493.0,0.20710021423339842,call,2026-09-04,SPY,765.6500244140625,2026-08-21T20:42:06.922519+00:00
740.0,27.28,29.31,29.18,16.0,1519.0,0.2043536596679687,call,2026-09-04,SPY,765.6500244140625,2026-08-21T20:42:06.922519+00:00
741.0,25.44,28.88,26.04,19.0,531.0,0.21222711608886718,call,2026-09-04,SPY,765.6500244140625,2026-08-21T20:42:06.922519+00:00
742.0,24.83,27.97,25.95,2.0,923.0,0.20911435424804684,call,2026-09-04,SPY,765.6500244140625,2026-08-21T20:42:06.922519+00:00
743.0,23.71,27.06,26.93,15.0,683.0,0.2059405578613281,call,2026-09-04,SPY,765.6500244140625,2026-08-21T20:42:06.922519+00:00
744.0,22.7,25.69,24.26,4.0,280.0,0.19294019958496095,call,2026-09-04,SPY,765.6500244140625,2026-08-21T20:42:06.922519+00:00
745.0,23.28,23.72,24.08,28.0,419.0,0.16654275848388678,call,2026-09-04,SPY,765.6500244140625,2026-08-21T20:42:06.922519+00:00
746.0,21.24,23.92,23.0,77.0,719.0,0.18744709045410157,call,2026-09-04,SPY,765.6500244140625,2026-08-21T20:42:06.922519+00:00
747.0,20.1,23.02,21.23,22.0,580.0,0.1842732940673828,call,2026-09-04,SPY,765.6500244140625,2026-08-21T20:42:06.922519+00:00
748.0,19.22,22.16,20.83,2.0,751.0,0.18177087768554687,call,2026-09-04,SPY,765.6500244140625,2026-08-21T20:42:06.922519+00:00
749.0,18.34,21.27,19.95,13.0,889.0,0.1785360467529297,call,2026-09-04,SPY,765.6500244140625,2026-08-21T20:42:06.922519+00:00
750.0,18.95,19.26,19.1,185.0,2495.0,0.15296257202148442,call,2026-09-04,SPY,765.6500244140625,2026-08-21T20:42:06.922519+00:00
751.0,16.63,19.56,18.3,5.0,564.0,0.17307345489501952,call,2026-09-04,SPY,765.6500244140625,2026-08-21T20:42:06.922519+00:00
752.0,15.83,18.73,17.37,13.0,474.0,0.17060155578613284,call,2026-09-04,SPY,765.6500244140625,2026-08-21T20:42:06.922519+00:00
753.0,16.45,17.89,16.81,302.0,243.0,0.16779396667480473,call,2026-09-04,SPY,765.6500244140625,2026-08-21T20:42:06.922519+00:00
754.0,15.63,17.08,16.13,903.0,326.0,0.16535258483886722,call,2026-09-04,SPY,765.6500244140625,2026-08-21T20:42:06.922519+00:00
755.0,14.84,15.18,15.0,2234.0,634.0,0.1430749755859375,call,2026-09-04,SPY,765.6500244140625,2026-08-21T20:42:06.922519+00:00
756.0,14.12,14.29,14.67,1655.0,8571.0,0.13919928192138675,call,2026-09-04,SPY,765.6500244140625,2026-08-21T20:42:06.922519+00:00
757.0,13.29,14.54,14.13,1228.0,687.0,0.1551292984008789,call,2026-09-04,SPY,765.6500244140625,2026-08-21T20:42:06.922519+00:00
758.0,12.5,12.84,13.12,1969.0,759.0,0.13666634826660157,call,2026-09-04,SPY,765.6500244140625,2026-08-21T20:42:06.922519+00:00
759.0,11.74,12.47,12.35,1432.0,687.0,0.1410913528442383,call,2026-09-04,SPY,765.6500244140625,2026-08-21T20:42:06.922519+00:00
760.0,11.06,11.36,11.54,1806.0,1574.0,0.1326380682373047,call,2026-09-04,SPY,765.6500244140625,2026-08-21T20:42:06.922519+00:00
761.0,10.1,10.85,10.92,670.0,565.0,0.13404186279296876,call,2026-09-04,SPY,765.6500244140625,2026-08-21T20:42:06.922519+00:00
762.0,9.45,10.17,9.76,924.0,601.0,0.13233289550781252,call,2026-09-04,SPY,765.6500244140625,2026-08-21T20:42:06.922519+00:00
763.0,9.06,9.21,9.12,1064.0,8283.0,0.12574116455078127,call,2026-09-04,SPY,765.6500244140625,2026-08-21T20:42:06.922519+00:00
764.0,8.3,8.62,8.64,228.0,937.0,0.12494771545410156,call,2026-09-04,SPY,765.6500244140625,2026-08-21T20:42:06.922519+00:00
765.0,7.82,7.86,7.8,1347.0,1208.0,0.12104150451660156,call,2026-09-04,SPY,765.6500244140625,2026-08-21T20:42:06.922519+00:00
766.0,7.22,7.25,7.25,1392.0,559.0,0.11927150268554687,call,2026-09-04,SPY,765.6500244140625,2026-08-21T20:42:06.922519+00:00
767.0,6.64,6.67,6.73,1275.0,549.0,0.11762356994628906,call,2026-09-04,SPY,765.6500244140625,2026-08-21T20:42:06.922519+00:00
768.0,6.09,6.12,6.11,416.0,625.0,0.11612822357177735,call,2026-09-04,SPY,765.6500244140625,2026-08-21T20:42:06.922519+00:00
769.0,5.56,5.59,5.56,708.0,520.0,0.11454132537841799,call,2026-09-04,SPY,765.6500244140625,2026-08-21T20:42:06.922519+00:00
770.0,5.06,5.09,5.0,3202.0,2737.0,0.11307649627685548,call,2026-09-04,SPY,765.6500244140625,2026-08-21T20:42:06.922519+00:00
771.0,4.59,4.62,4.61,587.0,1348.0,0.11170321899414062,call,2026-09-04,SPY,765.6500244140625,2026-08-21T20:42:06.922519+00:00
772.0,4.14,4.17,4.35,446.0,922.0,0.11026890716552734,call,2026-09-04,SPY,765.6500244140625,2026-08-21T20:42:06.922519+00:00
773.0,3.73,3.75,3.81,493.0,496.0,0.1088956298828125,call,2026-09-04,SPY,765.6500244140625,2026-08-21T20:42:06.922519+00:00
774.0,3.34,3.36,3.28,330.0,1308.0,0.10761390441894532,call,2026-09-04,SPY,765.6500244140625,2026-08-21T20:42:06.922519+00:00
775.0,2.97,3.0,2.98,2134.0,1536.0,0.106454248046875,call,2026-09-04,SPY,765.6500244140625,2026-08-21T20:42:06.922519+00:00
776.0,2.63,2.66,2.64,202.0,1395.0,0.10517252258300781,call,2026-09-04,SPY,765.6500244140625,2026-08-21T20:42:06.922519+00:00
777.0,2.32,2.35,2.35,464.0,1133.0,0.10401286621093749,call,2026-09-04,SPY,765.6500244140625,2026-08-21T20:42:06.922519+00:00
778.0,2.04,2.06,2.08,4057.0,702.0,0.10276165802001952,call,2026-09-04,SPY,765.6500244140625,2026-08-21T20:42:06.922519+00:00
779.0,1.78,1.8,1.92,279.0,783.0,0.10163251892089843,call,2026-09-04,SPY,765.6500244140625,2026-08-21T20:42:06.922519+00:00
780.0,1.55,1.57,1.55,3529.0,2258.0,0.10071700073242187,call,2026-09-04,SPY,765.6500244140625,2026-08-21T20:42:06.922519+00:00
781.0,1.34,1.36,1.35,717.0,720.0,0.09974044799804688,call,2026-09-04,SPY,765.6500244140625,2026-08-21T20:42:06.922519+00:00
782.0,1.15,1.17,1.31,263.0,568.0,0.09873337799072265,call,2026-09-04,SPY,765.6500244140625,2026-08-21T20:42:06.922519+00:00
783.0,0.98,1.0,1.03,447.0,483.0,0.09772630798339844,call,2026-09-04,SPY,765.6500244140625,2026-08-21T20:42:06.922519+00:00
784.0,0.84,0.85,0.85,182.0,460.0,0.09681078979492189,call,2026-09-04,SPY,765.6500244140625,2026-08-21T20:42:06.922519+00:00
785.0,0.71,0.72,0.72,2118.0,3294.0,0.09595630615234377,call,2026-09-04,SPY,765.6500244140625,2026-08-21T20:42:06.922519+00:00
786.0,0.6,0.61,0.66,83.0,474.0,0.09534596069335938,call,2026-09-04,SPY,765.6500244140625,2026-08-21T20:42:06.922519+00:00
787.0,0.5,0.52,0.6,237.0,1277.0,0.09497975341796877,call,2026-09-04,SPY,765.6500244140625,2026-08-21T20:42:06.922519+00:00
788.0,0.42,0.44,0.45,387.0,1747.0,0.0945525115966797,call,2026-09-04,SPY,765.6500244140625,2026-08-21T20:42:06.922519+00:00
789.0,0.35,0.37,0.37,141.0,1094.0,0.09412526977539062,call,2026-09-04,SPY,765.6500244140625,2026-08-21T20:42:06.922519+00:00
790.0,0.3,0.31,0.29,2478.0,5970.0,0.0937590625,call,2026-09-04,SPY,765.6500244140625,2026-08-21T20:42:06.922519+00:00
791.0,0.25,0.26,0.27,4112.0,814.0,0.09339285522460938,call,2026-09-04,SPY,765.6500244140625,2026-08-21T20:42:06.922519+00:00
792.0,0.21,0.22,0.27,906.0,713.0,0.09339285522460938,call,2026-09-04,SPY,765.6500244140625,2026-08-21T20:42:06.922519+00:00
793.0,0.18,0.19,0.2,142.0,1257.0,0.0937590625,call,2026-09-04,SPY,765.6500244140625,2026-08-21T20:42:06.922519+00:00
794.0,0.15,0.16,0.19,316.0,870.0,0.0937590625,call,2026-09-04,SPY,765.6500244140625,2026-08-21T20:42:06.922519+00:00
795.0,0.13,0.14,0.14,607.0,3369.0,0.0942473388671875,call,2026-09-04,SPY,765.6500244140625,2026-08-21T20:42:06.922519+00:00
796.0,0.11,0.12,0.13,982.0,1324.0,0.09473561523437501,call,2026-09-04,SPY,765.6500244140625,2026-08-21T20:42:06.922519+00:00
797.0,0.1,0.11,0.11,206.0,504.0,0.09595630615234377,call,2026-09-04,SPY,765.6500244140625,2026-08-21T20:42:06.922519+00:00
798.0,0.09,0.1,0.09,275.0,457.0,0.0971769970703125,call,2026-09-04,SPY,765.6500244140625,2026-08-21T20:42:06.922519+00:00
799.0,0.08,0.09,0.09,12.0,672.0,0.0981535498046875,call,2026-09-04,SPY,765.6500244140625,2026-08-21T20:42:06.922519+00:00
800.0,0.07,0.08,0.08,777.0,4002.0,0.09888596435546876,call,2026-09-04,SPY,765.6500244140625,2026-08-21T20:42:06.922519+00:00
801.0,0.07,0.08,0.08,209.0,1106.0,0.10132734619140624,call,2026-09-04,SPY,765.6500244140625,2026-08-21T20:42:06.922519+00:00
802.0,0.06,0.07,0.07,71.0,403.0,0.10181562255859375,call,2026-09-04,SPY,765.6500244140625,2026-08-21T20:42:06.922519+00:00
803.0,0.06,0.07,0.08,28.0,869.0,0.10401286621093749,call,2026-09-04,SPY,765.6500244140625,2026-08-21T20:42:06.922519+00:00
804.0,0.05,0.06,0.08,73.0,549.0,0.10450114257812498,call,2026-09-04,SPY,765.6500244140625,2026-08-21T20:42:06.922519+00:00
805.0,0.05,0.06,0.06,68.0,1452.0,0.1069425244140625,call,2026-09-04,SPY,765.6500244140625,2026-08-21T20:42:06.922519+00:00
806.0,0.05,0.06,0.05,23.0,597.0,0.1088956298828125,call,2026-09-04,SPY,765.6500244140625,2026-08-21T20:42:06.922519+00:00
807.0,0.04,0.05,0.06,3.0,192.0,0.1088956298828125,call,2026-09-04,SPY,765.6500244140625,2026-08-21T20:42:06.922519+00:00
808.0,0.04,0.05,0.06,2.0,425.0,0.11084873535156249,call,2026-09-04,SPY,765.6500244140625,2026-08-21T20:42:06.922519+00:00
809.0,0.04,0.05,0.05,5.0,260.0,0.1132901171875,call,2026-09-04,SPY,765.6500244140625,2026-08-21T20:42:06.922519+00:00
810.0,0.04,0.05,0.05,43.0,840.0,0.11524322265625,call,2026-09-04,SPY,765.6500244140625,2026-08-21T20:42:06.922519+00:00
811.0,0.04,0.05,0.05,3.0,330.0,0.1176846044921875,call,2026-09-04,SPY,765.6500244140625,2026-08-21T20:42:06.922519+00:00
812.0,0.03,0.04,0.04,3.0,663.0,0.1167080517578125,call,2026-09-04,SPY,765.6500244140625,2026-08-21T20:42:06.922519+00:00
813.0,0.03,0.04,0.06,6.0,660.0,0.11914943359374999,call,2026-09-04,SPY,765.6500244140625,2026-08-21T20:42:06.922519+00:00
814.0,0.03,0.04,0.04,1.0,61.0,0.1211025390625,call,2026-09-04,SPY,765.6500244140625,2026-08-21T20:42:06.922519+00:00
815.0,0.03,0.04,0.04,23.0,342.0,0.12305564453125001,call,2026-09-04,SPY,765.6500244140625,2026-08-21T20:42:06.922519+00:00
816.0,0.03,0.04,0.04,5.0,229.0,0.12549702636718751,call,2026-09-04,SPY,765.6500244140625,2026-08-21T20:42:06.922519+00:00
817.0,0.03,0.04,0.05,2.0,51.0,0.1274501318359375,call,2026-09-04,SPY,765.6500244140625,2026-08-21T20:42:06.922519+00:00
818.0,0.03,0.04,0.07,2.0,239.0,0.129891513671875,call,2026-09-04,SPY,765.6500244140625,2026-08-21T20:42:06.922519+00:00
819.0,0.03,0.04,0.03,781.0,161.0,0.131844619140625,call,2026-09-04,SPY,765.6500244140625,2026-08-21T20:42:06.922519+00:00
820.0,0.02,0.03,0.04,837.0,912.0,0.129891513671875,call,2026-09-04,SPY,765.6500244140625,2026-08-21T20:42:06.922519+00:00
821.0,0.02,0.03,0.04,1264.0,442.0,0.131844619140625,call,2026-09-04,SPY,765.6500244140625,2026-08-21T20:42:06.922519+00:00
822.0,0.02,0.03,0.04,1.0,237.0,0.133797724609375,call,2026-09-04,SPY,765.6500244140625,2026-08-21T20:42:06.922519+00:00
823.0,0.02,0.03,0.04,1456.0,111.0,0.13575083007812502,call,2026-09-04,SPY,765.6500244140625,2026-08-21T20:42:06.922519+00:00
824.0,0.02,0.03,0.03,1.0,35.0,0.13770393554687502,call,2026-09-04,SPY,765.6500244140625,2026-08-21T20:42:06.922519+00:00
825.0,0.02,0.03,0.03,102.0,451.0,0.139657041015625,call,2026-09-04,SPY,765.6500244140625,2026-08-21T20:42:06.922519+00:00
826.0,0.02,0.03,0.04,18.0,55.0,0.141610146484375,call,2026-09-04,SPY,765.6500244140625,2026-08-21T20:42:06.922519+00:00
827.0,0.02,0.03,0.09,7.0,96.0,0.143563251953125,call,2026-09-04,SPY,765.6500244140625,2026-08-21T20:42:06.922519+00:00
828.0,0.02,0.03,0.03,1.0,158.0,0.145516357421875,call,2026-09-04,SPY,765.6500244140625,2026-08-21T20:42:06.922519+00:00
829.0,0.02,0.03,0.03,24.0,515.0,0.147469462890625,call,2026-09-04,SPY,765.6500244140625,2026-08-21T20:42:06.922519+00:00
830.0,0.02,0.03,0.02,1.0,705.0,0.15039912109375003,call,2026-09-04,SPY,765.6500244140625,2026-08-21T20:42:06.922519+00:00
831.0,0.02,0.03,0.09,12.0,168.0,0.15235222656250003,call,2026-09-04,SPY,765.6500244140625,2026-08-21T20:42:06.922519+00:00
832.0,0.02,0.03,0.03,24.0,259.0,0.15430533203125002,call,2026-09-04,SPY,765.6500244140625,2026-08-21T20:42:06.922519+00:00
833.0,0.02,0.03,0.13,5.0,135.0,0.1562584375,call,2026-09-04,SPY,765.6500244140625,2026-08-21T20:42:06.922519+00:00
834.0,0.02,0.03,0.15,17.0,47.0,0.15821154296875,call,2026-09-04,SPY,765.6500244140625,2026-08-21T20:42:06.922519+00:00
835.0,0.02,0.03,0.03,194.0,202.0,0.1601646484375,call,2026-09-04,SPY,765.6500244140625,2026-08-21T20:42:06.922519+00:00
836.0,0.02,0.03,0.04,3.0,10039.0,0.16211775390625,call,2026-09-04,SPY,765.6500244140625,2026-08-21T20:42:06.922519+00:00
837.0,0.02,0.03,0.02,42.0,252.0,0.16407085937500002,call,2026-09-04,SPY,765.6500244140625,2026-08-21T20:42:06.922519+00:00
838.0,0.02,0.03,0.03,24.0,276.0,0.16602396484375004,call,2026-09-04,SPY,765.6500244140625,2026-08-21T20:42:06.922519+00:00
839.0,0.02,0.03,0.03,24.0,222.0,0.16797707031250003,call,2026-09-04,SPY,765.6500244140625,2026-08-21T20:42:06.922519+00:00
840.0,0.01,0.02,0.02,1.0,177.0,0.16309430664062502,call,2026-09-04,SPY,765.6500244140625,2026-08-21T20:42:06.922519+00:00
841.0,0.01,0.02,0.03,60.0,125.0,0.16407085937500002,call,2026-09-04,SPY,765.6500244140625,2026-08-21T20:42:06.922519+00:00
842.0,0.01,0.02,0.02,7.0,171.0,0.16602396484375004,call,2026-09-04,SPY,765.6500244140625,2026-08-21T20:42:06.922519+00:00
843.0,0.01,0.02,0.03,5.0,337.0,0.16797707031250003,call,2026-09-04,SPY,765.6500244140625,2026-08-21T20:42:06.922519+00:00
844.0,0.01,0.02,0.03,10.0,13.0,0.16993017578125003,call,2026-09-04,SPY,765.6500244140625,2026-08-21T20:42:06.922519+00:00
845.0,0.01,0.02,0.06,1.0,65.0,0.17188328125000002,call,2026-09-04,SPY,765.6500244140625,2026-08-21T20:42:06.922519+00:00
846.0,0.01,0.02,0.03,13.0,142.0,0.17383638671875,call,2026-09-04,SPY,765.6500244140625,2026-08-21T20:42:06.922519+00:00
847.0,0.01,0.02,0.04,35.0,78.0,0.1757894921875,call,2026-09-04,SPY,765.6500244140625,2026-08-21T20:42:06.922519+00:00
848.0,0.01,0.02,0.02,102.0,113.0,0.17774259765625,call,2026-09-04,SPY,765.6500244140625,2026-08-21T20:42:06.922519+00:00
849.0,0.01,0.02,0.01,20.0,340.0,0.179695703125,call,2026-09-04,SPY,765.6500244140625,2026-08-21T20:42:06.922519+00:00
850.0,0.01,0.02,0.02,5060.0,10365.0,0.18164880859375,call,2026-09-04,SPY,765.6500244140625,2026-08-21T20:42:06.922519+00:00
851.0,0.01,0.02,0.02,70.0,1258.0,0.18360191406249998,call,2026-09-04,SPY,765.6500244140625,2026-08-21T20:42:06.922519+00:00
852.0,0.01,0.02,0.04,849.0,970.0,0.18555501953124998,call,2026-09-04,SPY,765.6500244140625,2026-08-21T20:42:06.922519+00:00
853.0,0.01,0.02,0.02,15.0,1172.0,0.187508125,call,2026-09-04,SPY,765.6500244140625,2026-08-21T20:42:06.922519+00:00
854.0,0.01,0.02,0.03,1217.0,1492.0,0.18946123046875002,call,2026-09-04,SPY,765.6500244140625,2026-08-21T20:42:06.922519+00:00
855.0,0.01,0.02,0.03,2912.0,3999.0,0.1914143359375,call,2026-09-04,SPY,765.6500244140625,2026-08-21T20:42:06.922519+00:00
856.0,0.01,0.02,0.02,50.0,790.0,0.19336744140625,call,2026-09-04,SPY,765.6500244140625,2026-08-21T20:42:06.922519+00:00
857.0,0.01,0.02,0.04,58.0,281.0,0.194343994140625,call,2026-09-04,SPY,765.6500244140625,2026-08-21T20:42:06.922519+00:00
858.0,0.01,0.02,0.01,937.0,4367.0,0.195320546875,call,2026-09-04,SPY,765.6500244140625,2026-08-21T20:42:06.922519+00:00
859.0,0.01,0.02,0.02,2144.0,2295.0,0.19727365234375,call,2026-09-04,SPY,765.6500244140625,2026-08-21T20:42:06.922519+00:00
860.0,0.01,0.02,0.02,2950.0,3746.0,0.1992267578125,call,2026-09-04,SPY,765.6500244140625,2026-08-21T20:42:06.922519+00:00
861.0,0.01,0.02,0.05,104.0,897.0,0.20117986328124998,call,2026-09-04,SPY,765.6500244140625,2026-08-21T20:42:06.922519+00:00
862.0,0.01,0.02,0.04,65.0,2109.0,0.20313296874999998,call,2026-09-04,SPY,765.6500244140625,2026-08-21T20:42:06.922519+00:00
863.0,0.01,0.02,0.04,200.0,2007.0,0.20508607421874997,call,2026-09-04,SPY,765.6500244140625,2026-08-21T20:42:06.922519+00:00
864.0,0.01,0.02,0.05,15.0,2435.0,0.20703917968749996,call,2026-09-04,SPY,765.6500244140625,2026-08-21T20:42:06.922519+00:00
865.0,0.01,0.02,0.03,1.0,921.0,0.20899228515624996,call,2026-09-04,SPY,765.6500244140625,2026-08-21T20:42:06.922519+00:00
866.0,0.01,0.02,0.03,1.0,3067.0,0.21094539062499998,call,2026-09-04,SPY,765.6500244140625,2026-08-21T20:42:06.922519+00:00
867.0,0.01,0.02,0.02,,1909.0,0.21289849609375,call,2026-09-04,SPY,765.6500244140625,2026-08-21T20:42:06.922519+00:00
868.0,0.01,0.02,0.02,745.0,4351.0,0.2148516015625,call,2026-09-04,SPY,765.6500244140625,2026-08-21T20:42:06.922519+00:00
869.0,0.01,0.02,0.02,6035.0,9494.0,0.21680470703125,call,2026-09-04,SPY,765.6500244140625,2026-08-21T20:42:06.922519+00:00
870.0,0.01,0.02,0.02,7224.0,10717.0,0.21680470703125,call,2026-09-04,SPY,765.6500244140625,2026-08-21T20:42:06.922519+00:00
875.0,0.01,0.02,0.02,40.0,317.0,0.22657023437499998,call,2026-09-04,SPY,765.6500244140625,2026-08-21T20:42:06.922519+00:00
880.0,0.01,0.02,0.01,230.0,580.0,0.23438265625,call,2026-09-04,SPY,765.6500244140625,2026-08-21T20:42:06.922519+00:00
885.0,0.01,0.02,0.01,40.0,1605.0,0.24414818359375,call,2026-09-04,SPY,765.6500244140625,2026-08-21T20:42:06.922519+00:00
890.0,0.01,0.02,0.02,261.0,2213.0,0.25196060546875,call,2026-09-04,SPY,765.6500244140625,2026-08-21T20:42:06.922519+00:00
895.0,0.0,0.01,0.02,2.0,716.0,0.2461012890625,call,2026-09-04,SPY,765.6500244140625,2026-08-21T20:42:06.922519+00:00
900.0,0.0,0.01,0.01,5048.0,3252.0,0.25391371093750004,call,2026-09-04,SPY,765.6500244140625,2026-08-21T20:42:06.922519+00:00
905.0,0.0,0.01,0.01,4003.0,964.0,0.2617261328125,call,2026-09-04,SPY,765.6500244140625,2026-08-21T20:42:06.922519+00:00
910.0,0.0,0.01,0.01,15.0,30.0,0.2695385546875,call,2026-09-04,SPY,765.6500244140625,2026-08-21T20:42:06.922519+00:00
915.0,0.0,0.01,0.03,,1.0,0.27735097656249996,call,2026-09-04,SPY,765.6500244140625,2026-08-21T20:42:06.922519+00:00
920.0,0.0,0.01,0.01,7.0,7.0,0.28516339843749994,call,2026-09-04,SPY,765.6500244140625,2026-08-21T20:42:06.922519+00:00
925.0,0.0,0.01,0.01,100.0,319.0,0.2929758203124999,call,2026-09-04,SPY,765.6500244140625,2026-08-21T20:42:06.922519+00:00
930.0,0.0,0.01,0.02,,1.0,0.3007882421875,call,2026-09-04,SPY,765.6500244140625,2026-08-21T20:42:06.922519+00:00
940.0,,0.01,0.01,,552.0,0.31641308593749995,call,2026-09-04,SPY,765.6500244140625,2026-08-21T20:42:06.922519+00:00
950.0,0.0,0.01,0.01,,39.0,0.3320379296875,call,2026-09-04,SPY,765.6500244140625,2026-08-21T20:42:06.922519+00:00
955.0,0.0,0.01,0.01,,25.0,0.335944140625,call,2026-09-04,SPY,765.6500244140625,2026-08-21T20:42:06.922519+00:00
960.0,0.0,0.01,0.02,,5.0,0.3437565625,call,2026-09-04,SPY,765.6500244140625,2026-08-21T20:42:06.922519+00:00
965.0,0.0,0.01,0.01,960.0,964.0,0.35156898437499995,call,2026-09-04,SPY,765.6500244140625,2026-08-21T20:42:06.922519+00:00
970.0,0.0,0.01,0.01,40.0,42.0,0.35938140625,call,2026-09-04,SPY,765.6500244140625,2026-08-21T20:42:06.922519+00:00
975.0,,0.01,0.01,,760.0,0.367193828125,call,2026-09-04,SPY,765.6500244140625,2026-08-21T20:42:06.922519+00:00
980.0,0.0,0.01,0.01,406.0,407.0,0.37500625,call,2026-09-04,SPY,765.6500244140625,2026-08-21T20:42:06.922519+00:00
985.0,0.0,0.01,0.01,1366.0,807.0,0.38281867187499996,call,2026-09-04,SPY,765.6500244140625,2026-08-21T20:42:06.922519+00:00
990.0,0.0,0.01,0.02,,1124.0,0.39063109375,call,2026-09-04,SPY,765.6500244140625,2026-08-21T20:42:06.922519+00:00
995.0,0.0,0.01,0.02,,710.0,0.39453730468750003,call,2026-09-04,SPY,765.6500244140625,2026-08-21T20:42:06.922519+00:00
1000.0,0.0,0.01,0.01,1.0,11.0,0.4023497265625,call,2026-09-04,SPY,765.6500244140625,2026-08-21T20:42:06.922519+00:00
500.0,0.01,0.02,0.01,6.0,491.0,0.6562534375000001,put,2026-09-04,SPY,765.6500244140625,2026-08-21T20:42:06.922519+00:00
505.0,0.01,0.02,0.02,25.0,32.0,0.64062859375,put,2026-09-04,SPY,765.6500244140625,2026-08-21T20:42:06.922519+00:00
510.0,0.01,0.02,0.03,52.0,36.0,0.6250037500000001,put,2026-09-04,SPY,765.6500244140625,2026-08-21T20:42:06.922519+00:00
515.0,0.01,0.02,0.09,5.0,9.0,0.6132851171875001,put,2026-09-04,SPY,765.6500244140625,2026-08-21T20:42:06.922519+00:00
520.0,0.01,0.02,0.02,348.0,234.0,0.6015664843750002,put,2026-09-04,SPY,765.6500244140625,2026-08-21T20:42:06.922519+00:00
525.0,0.01,0.02,0.03,68.0,107.0,0.585941640625,put,2026-09-04,SPY,765.6500244140625,2026-08-21T20:42:06.922519+00:00
530.0,0.01,0.02,0.02,150.0,210.0,0.570316796875,put,2026-09-04,SPY,765.6500244140625,2026-08-21T20:42:06.922519+00:00
535.0,0.01,0.02,0.03,445.0,36.0,0.5585981640625001,put,2026-09-04,SPY,765.6500244140625,2026-08-21T20:42:06.922519+00:00
540.0,0.01,0.02,0.03,10.0,139.0,0.5468795312500001,put,2026-09-04,SPY,765.6500244140625,2026-08-21T20:42:06.922519+00:00
545.0,0.02,0.03,0.02,34.0,951.0,0.5546919531250001,put,2026-09-04,SPY,765.6500244140625,2026-08-21T20:42:06.922519+00:00
550.0,0.02,0.03,0.03,1.0,181.0,0.5390671093750001,put,2026-09-04,SPY,765.6500244140625,2026-08-21T20:42:06.922519+00:00
555.0,0.02,0.03,0.1,1.0,16.0,0.5273484765625001,put,2026-09-04,SPY,765.6500244140625,2026-08-21T20:42:06.922519+00:00
560.0,0.02,0.03,0.03,5100.0,79.0,0.5117236328125,put,2026-09-04,SPY,765.6500244140625,2026-08-21T20:42:06.922519+00:00
565.0,0.02,0.03,0.03,16.0,76.0,0.500005,put,2026-09-04,SPY,765.6500244140625,2026-08-21T20:42:06.922519+00:00
570.0,0.02,0.03,0.05,24.0,119.0,0.49219257812500006,put,2026-09-04,SPY,765.6500244140625,2026-08-21T20:42:06.922519+00:00
575.0,0.03,0.04,0.03,30.0,51.0,0.49219257812500006,put,2026-09-04,SPY,765.6500244140625,2026-08-21T20:42:06.922519+00:00
580.0,0.03,0.04,0.03,150.0,565.0,0.47852083984375,put,2026-09-04,SPY,765.6500244140625,2026-08-21T20:42:06.922519+00:00
585.0,0.03,0.04,0.05,20.0,115.0,0.46484910156250003,put,2026-09-04,SPY,765.6500244140625,2026-08-21T20:42:06.922519+00:00
590.0,0.03,0.04,0.06,30.0,212.0,0.45117736328125,put,2026-09-04,SPY,765.6500244140625,2026-08-21T20:42:06.922519+00:00
595.0,0.03,0.04,0.04,60.0,281.0,0.437505625,put,2026-09-04,SPY,765.6500244140625,2026-08-21T20:42:06.922519+00:00
600.0,0.04,0.05,0.04,128.0,328.0,0.4335994140625,put,2026-09-04,SPY,765.6500244140625,2026-08-21T20:42:06.922519+00:00
605.0,0.04,0.05,0.05,2.0,179.0,0.41992767578125,put,2026-09-04,SPY,765.6500244140625,2026-08-21T20:42:06.922519+00:00
610.0,0.04,0.05,0.06,2.0,349.0,0.407232490234375,put,2026-09-04,SPY,765.6500244140625,2026-08-21T20:42:06.922519+00:00
615.0,0.05,0.06,0.06,300.0,146.0,0.401373173828125,put,2026-09-04,SPY,765.6500244140625,2026-08-21T20:42:06.922519+00:00
620.0,0.05,0.06,0.06,3.0,591.0,0.387701435546875,put,2026-09-04,SPY,765.6500244140625,2026-08-21T20:42:06.922519+00:00
625.0,0.05,0.06,0.07,6.0,303.0,0.37402969726562496,put,2026-09-04,SPY,765.6500244140625,2026-08-21T20:42:06.922519+00:00
630.0,0.06,0.07,0.07,51.0,1135.0,0.367193828125,put,2026-09-04,SPY,765.6500244140625,2026-08-21T20:42:06.922519+00:00
635.0,0.06,0.07,0.08,46.0,119.0,0.35352208984374994,put,2026-09-04,SPY,765.6500244140625,2026-08-21T20:42:06.922519+00:00
640.0,0.07,0.08,0.08,4.0,261.0,0.344733115234375,put,2026-09-04,SPY,765.6500244140625,2026-08-21T20:42:06.922519+00:00
645.0,0.07,0.08,0.08,26.0,1084.0,0.331061376953125,put,2026-09-04,SPY,765.6500244140625,2026-08-21T20:42:06.922519+00:00
650.0,0.08,0.09,0.08,34.0,995.0,0.32227240234374993,put,2026-09-04,SPY,765.6500244140625,2026-08-21T20:42:06.922519+00:00
655.0,0.09,0.1,0.09,172.0,775.0,0.31250687499999996,put,2026-09-04,SPY,765.6500244140625,2026-08-21T20:42:06.922519+00:00
660.0,0.1,0.11,0.12,3.0,304.0,0.30225307128906254,put,2026-09-04,SPY,765.6500244140625,2026-08-21T20:42:06.922519+00:00
665.0,0.11,0.12,0.13,31.0,443.0,0.2915109912109374,put,2026-09-04,SPY,765.6500244140625,2026-08-21T20:42:06.922519+00:00
670.0,0.12,0.13,0.12,35.0,1274.0,0.28076891113281244,put,2026-09-04,SPY,765.6500244140625,2026-08-21T20:42:06.922519+00:00
675.0,0.13,0.14,0.13,187.0,2323.0,0.2695385546875,put,2026-09-04,SPY,765.6500244140625,2026-08-21T20:42:06.922519+00:00
680.0,0.15,0.16,0.15,115.0,3275.0,0.2600171655273438,put,2026-09-04,SPY,765.6500244140625,2026-08-21T20:42:06.922519+00:00
685.0,0.17,0.18,0.17,32.0,852.0,0.2500075,put,2026-09-04,SPY,765.6500244140625,2026-08-21T20:42:06.922519+00:00
690.0,0.19,0.2,0.19,244.0,807.0,0.23926541992187497,put,2026-09-04,SPY,765.6500244140625,2026-08-21T20:42:06.922519+00:00
691.0,0.19,0.2,0.23,2.0,133.0,0.23633576171874998,put,2026-09-04,SPY,765.6500244140625,2026-08-21T20:42:06.922519+00:00
692.0,0.2,0.21,0.2,1.0,193.0,0.23511507080078126,put,2026-09-04,SPY,765.6500244140625,2026-08-21T20:42:06.922519+00:00
693.0,0.2,0.21,0.37,2.0,68.0,0.23218541259765624,put,2026-09-04,SPY,765.6500244140625,2026-08-21T20:42:06.922519+00:00
694.0,0.21,0.22,0.29,2.0,139.0,0.2309647216796875,put,2026-09-04,SPY,765.6500244140625,2026-08-21T20:42:06.922519+00:00
695.0,0.21,0.22,0.22,30.0,5812.0,0.2280350634765625,put,2026-09-04,SPY,765.6500244140625,2026-08-21T20:42:06.922519+00:00
696.0,0.22,0.23,0.22,175.0,134.0,0.22657023437499998,put,2026-09-04,SPY,765.6500244140625,2026-08-21T20:42:06.922519+00:00
697.0,0.22,0.23,0.5,1.0,87.0,0.22364057617187497,put,2026-09-04,SPY,765.6500244140625,2026-08-21T20:42:06.922519+00:00
698.0,0.23,0.24,0.27,103.0,381.0,0.22217574707031246,put,2026-09-04,SPY,765.6500244140625,2026-08-21T20:42:06.922519+00:00
699.0,0.24,0.25,0.24,17.0,74.0,0.22046677978515622,put,2026-09-04,SPY,765.6500244140625,2026-08-21T20:42:06.922519+00:00
700.0,0.24,0.25,0.24,1254.0,10190.0,0.21753712158203126,put,2026-09-04,SPY,765.6500244140625,2026-08-21T20:42:06.922519+00:00
701.0,0.25,0.26,0.36,1.0,501.0,0.21607229248046872,put,2026-09-04,SPY,765.6500244140625,2026-08-21T20:42:06.922519+00:00
702.0,0.26,0.27,0.26,84.0,301.0,0.21436332519531248,put,2026-09-04,SPY,765.6500244140625,2026-08-21T20:42:06.922519+00:00
703.0,0.27,0.28,0.32,33.0,167.0,0.2124102197265625,put,2026-09-04,SPY,765.6500244140625,2026-08-21T20:42:06.922519+00:00
704.0,0.27,0.28,0.28,45.0,183.0,0.20948056152343747,put,2026-09-04,SPY,765.6500244140625,2026-08-21T20:42:06.922519+00:00
705.0,0.28,0.29,0.29,304.0,1681.0,0.20777159423828123,put,2026-09-04,SPY,765.6500244140625,2026-08-21T20:42:06.922519+00:00
706.0,0.29,0.3,0.34,2.0,249.0,0.20581848876953124,put,2026-09-04,SPY,765.6500244140625,2026-08-21T20:42:06.922519+00:00
707.0,0.3,0.31,0.43,1.0,330.0,0.20386538330078124,put,2026-09-04,SPY,765.6500244140625,2026-08-21T20:42:06.922519+00:00
708.0,0.31,0.32,0.31,122.0,327.0,0.20191227783203125,put,2026-09-04,SPY,765.6500244140625,2026-08-21T20:42:06.922519+00:00
709.0,0.32,0.33,0.39,68.0,626.0,0.19983710327148438,put,2026-09-04,SPY,765.6500244140625,2026-08-21T20:42:06.922519+00:00
710.0,0.33,0.34,0.34,203.0,1192.0,0.1977619287109375,put,2026-09-04,SPY,765.6500244140625,2026-08-21T20:42:06.922519+00:00
711.0,0.34,0.35,0.35,11.0,160.0,0.19556468505859376,put,2026-09-04,SPY,765.6500244140625,2026-08-21T20:42:06.922519+00:00
712.0,0.35,0.36,0.49,1.0,252.0,0.19348951049804688,put,2026-09-04,SPY,765.6500244140625,2026-08-21T20:42:06.922519+00:00
713.0,0.36,0.37,0.4,43.0,655.0,0.19129226684570313,put,2026-09-04,SPY,765.6500244140625,2026-08-21T20:42:06.922519+00:00
714.0,0.38,0.39,0.47,205.0,633.0,0.18994950683593753,put,2026-09-04,SPY,765.6500244140625,2026-08-21T20:42:06.922519+00:00
715.0,0.39,0.4,0.4,1273.0,2165.0,0.18763019409179688,put,2026-09-04,SPY,765.6500244140625,2026-08-21T20:42:06.922519+00:00
716.0,0.41,0.42,0.49,14.0,429.0,0.18616536499023437,put,2026-09-04,SPY,765.6500244140625,2026-08-21T20:42:06.922519+00:00
717.0,0.42,0.43,0.42,95.0,256.0,0.18372398315429686,put,2026-09-04,SPY,765.6500244140625,2026-08-21T20:42:06.922519+00:00
718.0,0.44,0.45,0.52,1213.0,220.0,0.1821370849609375,put,2026-09-04,SPY,765.6500244140625,2026-08-21T20:42:06.922519+00:00
719.0,0.46,0.47,0.45,30.0,506.0,0.18030604858398439,put,2026-09-04,SPY,765.6500244140625,2026-08-21T20:42:06.922519+00:00
720.0,0.47,0.49,0.49,1261.0,7161.0,0.17847501220703127,put,2026-09-04,SPY,765.6500244140625,2026-08-21T20:42:06.922519+00:00
721.0,0.49,0.51,0.5,103.0,283.0,0.17664397583007813,put,2026-09-04,SPY,765.6500244140625,2026-08-21T20:42:06.922519+00:00
722.0,0.52,0.53,0.53,173.0,253.0,0.17469087036132813,put,2026-09-04,SPY,765.6500244140625,2026-08-21T20:42:06.922519+00:00
723.0,0.54,0.55,0.55,2402.0,2153.0,0.1726156958007813,put,2026-09-04,SPY,765.6500244140625,2026-08-21T20:42:06.922519+00:00
724.0,0.56,0.58,0.8,10.0,459.0,0.17115086669921875,put,2026-09-04,SPY,765.6500244140625,2026-08-21T20:42:06.922519+00:00
725.0,0.59,0.6,0.6,2132.0,1038.0,0.16895362304687503,put,2026-09-04,SPY,765.6500244140625,2026-08-21T20:42:06.922519+00:00
726.0,0.62,0.63,0.7,706.0,372.0,0.16736672485351564,put,2026-09-04,SPY,765.6500244140625,2026-08-21T20:42:06.922519+00:00
727.0,0.65,0.66,0.66,20.0,699.0,0.16553568847656253,put,2026-09-04,SPY,765.6500244140625,2026-08-21T20:42:06.922519+00:00
728.0,0.68,0.69,0.71,83.0,405.0,0.1637046520996094,put,2026-09-04,SPY,765.6500244140625,2026-08-21T20:42:06.922519+00:00
729.0,0.72,0.73,0.77,265.0,688.0,0.16223982299804687,put,2026-09-04,SPY,765.6500244140625,2026-08-21T20:42:06.922519+00:00
730.0,0.75,0.77,0.77,2054.0,3492.0,0.16071395935058597,put,2026-09-04,SPY,765.6500244140625,2026-08-21T20:42:06.922519+00:00
731.0,0.79,0.81,0.81,966.0,2691.0,0.15906602661132813,put,2026-09-04,SPY,765.6500244140625,2026-08-21T20:42:06.922519+00:00
732.0,0.84,0.85,0.83,576.0,1474.0,0.157234990234375,put,2026-09-04,SPY,765.6500244140625,2026-08-21T20:42:06.922519+00:00
733.0,0.88,0.9,0.93,147.0,873.0,0.1557701611328125,put,2026-09-04,SPY,765.6500244140625,2026-08-21T20:42:06.922519+00:00
734.0,0.93,0.95,0.96,289.0,666.0,0.15418326293945314,put,2026-09-04,SPY,765.6500244140625,2026-08-21T20:42:06.922519+00:00
735.0,0.98,1.0,1.01,324.0,4899.0,0.15241326110839848,put,2026-09-04,SPY,765.6500244140625,2026-08-21T20:42:06.922519+00:00
736.0,1.04,1.06,1.06,346.0,1052.0,0.150948432006836,put,2026-09-04,SPY,765.6500244140625,2026-08-21T20:42:06.922519+00:00
737.0,1.1,1.12,1.12,543.0,602.0,0.14936153381347655,put,2026-09-04,SPY,765.6500244140625,2026-08-21T20:42:06.922519+00:00
738.0,1.16,1.18,1.2,763.0,800.0,0.1475915319824219,put,2026-09-04,SPY,765.6500244140625,2026-08-21T20:42:06.922519+00:00
739.0,1.23,1.25,1.24,75.0,641.0,0.14606566833496093,put,2026-09-04,SPY,765.6500244140625,2026-08-21T20:42:06.922519+00:00
740.0,1.31,1.32,1.33,27570.0,6001.0,0.1443567010498047,put,2026-09-04,SPY,765.6500244140625,2026-08-21T20:42:06.922519+00:00
741.0,1.38,1.4,1.41,173.0,687.0,0.14283083740234376,put,2026-09-04,SPY,765.6500244140625,2026-08-21T20:42:06.922519+00:00
742.0,1.47,1.49,1.51,446.0,1331.0,0.1414270428466797,put,2026-09-04,SPY,765.6500244140625,2026-08-21T20:42:06.922519+00:00
743.0,1.56,1.58,1.61,348.0,667.0,0.13990117919921874,put,2026-09-04,SPY,765.6500244140625,2026-08-21T20:42:06.922519+00:00
744.0,1.65,1.67,1.66,54.0,794.0,0.13813117736816405,put,2026-09-04,SPY,765.6500244140625,2026-08-21T20:42:06.922519+00:00
745.0,1.75,1.77,1.8,531.0,3338.0,0.1365137619018555,put,2026-09-04,SPY,765.6500244140625,2026-08-21T20:42:06.922519+00:00
746.0,1.86,1.88,1.91,52.0,1173.0,0.13495738098144533,put,2026-09-04,SPY,765.6500244140625,2026-08-21T20:42:06.922519+00:00
747.0,1.98,2.0,2.01,168.0,693.0,0.1334925518798828,put,2026-09-04,SPY,765.6500244140625,2026-08-21T20:42:06.922519+00:00
748.0,2.1,2.13,2.12,242.0,731.0,0.1320277227783203,put,2026-09-04,SPY,765.6500244140625,2026-08-21T20:42:06.922519+00:00
749.0,2.24,2.26,2.11,124.0,685.0,0.13037979003906247,put,2026-09-04,SPY,765.6500244140625,2026-08-21T20:42:06.922519+00:00
750.0,2.38,2.4,2.4,2241.0,5360.0,0.1287928918457031,put,2026-09-04,SPY,765.6500244140625,2026-08-21T20:42:06.922519+00:00
751.0,2.53,2.56,2.57,400.0,809.0,0.12738909729003906,put,2026-09-04,SPY,765.6500244140625,2026-08-21T20:42:06.922519+00:00
752.0,2.69,2.72,2.74,1010.0,4779.0,0.12574116455078127,put,2026-09-04,SPY,765.6500244140625,2026-08-21T20:42:06.922519+00:00
753.0,2.87,2.89,2.71,2741.0,606.0,0.12409323181152344,put,2026-09-04,SPY,765.6500244140625,2026-08-21T20:42:06.922519+00:00
754.0,3.05,3.08,3.09,2838.0,1125.0,0.12262840270996095,put,2026-09-04,SPY,765.6500244140625,2026-08-21T20:42:06.922519+00:00
755.0,3.25,3.28,3.26,18922.0,1472.0,0.12107202178955079,put,2026-09-04,SPY,765.6500244140625,2026-08-21T20:42:06.922519+00:00
756.0,3.47,3.49,3.47,1631.0,619.0,0.11945460632324219,put,2026-09-04,SPY,765.6500244140625,2026-08-21T20:42:06.922519+00:00
757.0,3.69,3.72,3.74,1675.0,1120.0,0.11795925994873047,put,2026-09-04,SPY,765.6500244140625,2026-08-21T20:42:06.922519+00:00
758.0,3.94,3.97,3.98,1795.0,1126.0,0.1165249481201172,put,2026-09-04,SPY,765.6500244140625,2026-08-21T20:42:06.922519+00:00
759.0,4.2,4.22,4.24,856.0,1074.0,0.11481598083496095,put,2026-09-04,SPY,765.6500244140625,2026-08-21T20:42:06.922519+00:00
760.0,4.47,4.51,4.52,11362.0,14772.0,0.11350373809814451,put,2026-09-04,SPY,765.6500244140625,2026-08-21T20:42:06.922519+00:00
761.0,4.77,4.8,4.77,1102.0,1336.0,0.1118558053588867,put,2026-09-04,SPY,765.6500244140625,2026-08-21T20:42:06.922519+00:00
762.0,5.09,5.12,5.13,1447.0,2257.0,0.11042149353027343,put,2026-09-04,SPY,765.6500244140625,2026-08-21T20:42:06.922519+00:00
763.0,5.43,5.46,5.47,254.0,2423.0,0.10892614715576171,put,2026-09-04,SPY,765.6500244140625,2026-08-21T20:42:06.922519+00:00
764.0,5.78,5.82,5.8,451.0,719.0,0.10743080078125,put,2026-09-04,SPY,765.6500244140625,2026-08-21T20:42:06.922519+00:00
765.0,6.17,6.21,6.2,1536.0,5697.0,0.10605752349853514,put,2026-09-04,SPY,765.6500244140625,2026-08-21T20:42:06.922519+00:00
766.0,6.58,6.62,6.62,832.0,365.0,0.10462321166992186,put,2026-09-04,SPY,765.6500244140625,2026-08-21T20:42:06.922519+00:00
767.0,7.01,7.05,7.03,646.0,705.0,0.10312786529541014,put,2026-09-04,SPY,765.6500244140625,2026-08-21T20:42:06.922519+00:00
768.0,7.47,7.51,7.5,200.0,820.0,0.10169355346679687,put,2026-09-04,SPY,765.6500244140625,2026-08-21T20:42:06.922519+00:00
769.0,7.96,8.0,8.0,143.0,482.0,0.1002897589111328,put,2026-09-04,SPY,765.6500244140625,2026-08-21T20:42:06.922519+00:00
770.0,8.36,8.58,8.62,1063.0,7691.0,0.09998458618164063,put,2026-09-04,SPY,765.6500244140625,2026-08-21T20:42:06.922519+00:00
771.0,8.84,9.14,9.05,255.0,1776.0,0.09888596435546876,put,2026-09-04,SPY,765.6500244140625,2026-08-21T20:42:06.922519+00:00
772.0,9.57,9.82,9.61,60.0,960.0,0.09940475799560547,put,2026-09-04,SPY,765.6500244140625,2026-08-21T20:42:06.922519+00:00
773.0,9.98,10.42,10.26,8.0,597.0,0.09809251525878906,put,2026-09-04,SPY,765.6500244140625,2026-08-21T20:42:06.922519+00:00
774.0,9.54,12.12,11.09,88.0,1215.0,0.11631132720947265,put,2026-09-04,SPY,765.6500244140625,2026-08-21T20:42:06.922519+00:00
775.0,11.06,11.65,11.32,80.0,1444.0,0.09446095977783203,put,2026-09-04,SPY,765.6500244140625,2026-08-21T20:42:06.922519+00:00
776.0,11.71,13.24,12.03,23.0,464.0,0.1110318389892578,put,2026-09-04,SPY,765.6500244140625,2026-08-21T20:42:06.922519+00:00
777.0,12.43,13.48,13.0,7.0,553.0,0.10099165618896484,put,2026-09-04,SPY,765.6500244140625,2026-08-21T20:42:06.922519+00:00
778.0,12.65,14.53,13.34,83.0,527.0,0.10685097259521485,put,2026-09-04,SPY,765.6500244140625,2026-08-21T20:42:06.922519+00:00
779.0,13.13,15.72,13.99,27.0,767.0,0.11560942993164064,put,2026-09-04,SPY,765.6500244140625,2026-08-21T20:42:06.922519+00:00
780.0,14.6,15.51,14.79,44.0,1882.0,0.0922942333984375,put,2026-09-04,SPY,765.6500244140625,2026-08-21T20:42:06.922519+00:00
781.0,14.76,17.83,17.02,3.0,173.0,0.12738909729003906,put,2026-09-04,SPY,765.6500244140625,2026-08-21T20:42:06.922519+00:00
782.0,15.61,18.68,16.69,10.0,528.0,0.1287623745727539,put,2026-09-04,SPY,765.6500244140625,2026-08-21T20:42:06.922519+00:00
783.0,17.28,18.29,17.03,7.0,265.0,0.0981535498046875,put,2026-09-04,SPY,765.6500244140625,2026-08-21T20:42:06.922519+00:00
784.0,17.59,19.5,20.0,1.0,125.0,0.10816321533203124,put,2026-09-04,SPY,765.6500244140625,2026-08-21T20:42:06.922519+00:00
785.0,18.51,20.42,19.0,18.0,51.0,0.10975011352539063,put,2026-09-04,SPY,765.6500244140625,2026-08-21T20:42:06.922519+00:00
786.0,19.33,21.33,22.15,4.0,2.0,0.11078770080566405,put,2026-09-04,SPY,765.6500244140625,2026-08-21T20:42:06.922519+00:00
787.0,20.5,21.94,21.39,30.0,2.0,0.10090010437011719,put,2026-09-04,SPY,765.6500244140625,2026-08-21T20:42:06.922519+00:00
788.0,21.36,23.23,25.24,28.0,1.0,0.11493804992675781,put,2026-09-04,SPY,765.6500244140625,2026-08-21T20:42:06.922519+00:00
789.0,22.14,25.21,25.6,2.0,0.0,0.1475610147094727,put,2026-09-04,SPY,765.6500244140625,2026-08-21T20:42:06.922519+00:00
790.0,22.69,26.2,27.22,12.0,1.0,0.15134515655517583,put,2026-09-04,SPY,765.6500244140625,2026-08-21T20:42:06.922519+00:00
791.0,23.69,27.2,16.51,4.0,0.0,0.15534291931152344,put,2026-09-04,SPY,765.6500244140625,2026-08-21T20:42:06.922519+00:00
792.0,24.69,28.2,28.37,2.0,0.0,0.15931016479492188,put,2026-09-04,SPY,765.6500244140625,2026-08-21T20:42:06.922519+00:00
793.0,25.68,29.2,27.5,50.0,50.0,0.16327741027832032,put,2026-09-04,SPY,765.6500244140625,2026-08-21T20:42:06.922519+00:00
794.0,26.68,30.2,29.78,1.0,0.0,0.16718362121582034,put,2026-09-04,SPY,765.6500244140625,2026-08-21T20:42:06.922519+00:00
795.0,27.68,31.2,26.78,4.0,0.0,0.1710287976074219,put,2026-09-04,SPY,765.6500244140625,2026-08-21T20:42:06.922519+00:00
796.0,28.68,32.2,32.38,102.0,0.0,0.1749350085449219,put,2026-09-04,SPY,765.6500244140625,2026-08-21T20:42:06.922519+00:00
797.0,29.68,33.2,31.52,6.0,0.0,0.178719150390625,put,2026-09-04,SPY,765.6500244140625,2026-08-21T20:42:06.922519+00:00
798.0,30.68,34.2,32.8,2.0,0.0,0.1825032922363281,put,2026-09-04,SPY,765.6500244140625,2026-08-21T20:42:06.922519+00:00
799.0,31.68,35.2,22.05,2.0,0.0,0.18628743408203124,put,2026-09-04,SPY,765.6500244140625,2026-08-21T20:42:06.922519+00:00
800.0,32.68,36.2,36.0,3.0,0.0,0.1900715759277344,put,2026-09-04,SPY,765.6500244140625,2026-08-21T20:42:06.922519+00:00
801.0,33.68,37.2,23.52,112.0,0.0,0.19379468322753907,put,2026-09-04,SPY,765.6500244140625,2026-08-21T20:42:06.922519+00:00
802.0,34.68,38.2,25.75,19.0,0.0,0.1974567559814453,put,2026-09-04,SPY,765.6500244140625,2026-08-21T20:42:06.922519+00:00
803.0,35.68,39.2,25.29,4.0,0.0,0.20111882873535153,put,2026-09-04,SPY,765.6500244140625,2026-08-21T20:42:06.922519+00:00
804.0,36.68,40.2,40.56,1.0,0.0,0.20478090148925776,put,2026-09-04,SPY,765.6500244140625,2026-08-21T20:42:06.922519+00:00
805.0,37.68,41.2,27.45,4.0,0.0,0.208442974243164,put,2026-09-04,SPY,765.6500244140625,2026-08-21T20:42:06.922519+00:00
806.0,38.68,42.2,28.39,2.0,0.0,0.21204401245117185,put,2026-09-04,SPY,765.6500244140625,2026-08-21T20:42:06.922519+00:00
807.0,39.68,43.2,29.37,2.0,0.0,0.2156450506591797,put,2026-09-04,SPY,765.6500244140625,2026-08-21T20:42:06.922519+00:00
808.0,40.68,44.2,30.36,2.0,0.0,0.21918505432128904,put,2026-09-04,SPY,765.6500244140625,2026-08-21T20:42:06.922519+00:00
809.0,41.68,45.2,31.35,2.0,0.0,0.22278609252929685,put,2026-09-04,SPY,765.6500244140625,2026-08-21T20:42:06.922519+00:00
810.0,42.68,46.2,47.32,2.0,0.0,0.22632609619140626,put,2026-09-04,SPY,765.6500244140625,2026-08-21T20:42:06.922519+00:00
811.0,43.68,47.2,41.05,,0.0,0.22980506530761718,put,2026-09-04,SPY,765.6500244140625,2026-08-21T20:42:06.922519+00:00
812.0,44.68,48.2,40.84,,0.0,0.2332840344238281,put,2026-09-04,SPY,765.6500244140625,2026-08-21T20:42:06.922519+00:00
813.0,45.68,49.2,41.85,,0.0,0.2368240380859375,put,2026-09-04,SPY,765.6500244140625,2026-08-21T20:42:06.922519+00:00
814.0,46.68,50.2,42.82,,0.0,0.24024197265624997,put,2026-09-04,SPY,765.6500244140625,2026-08-21T20:42:06.922519+00:00
815.0,47.68,51.2,44.15,1.0,0.0,0.24372094177246095,put,2026-09-04,SPY,765.6500244140625,2026-08-21T20:42:06.922519+00:00
816.0,48.68,52.2,44.76,,0.0,0.24713887634277343,put,2026-09-04,SPY,765.6500244140625,2026-08-21T20:42:06.922519+00:00
817.0,49.68,53.2,45.79,,0.0,0.2505568109130859,put,2026-09-04,SPY,765.6500244140625,2026-08-21T20:42:06.922519+00:00
818.0,50.68,54.2,46.76,,0.0,0.2539747454833985,put,2026-09-04,SPY,765.6500244140625,2026-08-21T20:42:06.922519+00:00
819.0,51.68,55.2,47.75,,0.0,0.2573316455078125,put,2026-09-04,SPY,765.6500244140625,2026-08-21T20:42:06.922519+00:00
820.0,52.68,56.2,42.65,2.0,0.0,0.26068854553222653,put,2026-09-04,SPY,765.6500244140625,2026-08-21T20:42:06.922519+00:00
821.0,53.68,57.2,49.72,,0.0,0.2640454455566406,put,2026-09-04,SPY,765.6500244140625,2026-08-21T20:42:06.922519+00:00
822.0,54.68,58.2,50.7,,0.0,0.2674023455810547,put,2026-09-04,SPY,765.6500244140625,2026-08-21T20:42:06.922519+00:00
823.0,55.68,59.2,51.69,,0.0,0.27075924560546877,put,2026-09-04,SPY,765.6500244140625,2026-08-21T20:42:06.922519+00:00
824.0,56.68,60.2,52.74,,0.0,0.2740551110839844,put,2026-09-04,SPY,765.6500244140625,2026-08-21T20:42:06.922519+00:00
825.0,57.68,61.2,53.73,,0.0,0.27735097656249996,put,2026-09-04,SPY,765.6500244140625,2026-08-21T20:42:06.922519+00:00
826.0,58.68,62.2,54.73,,0.0,0.28064684204101553,put,2026-09-04,SPY,765.6500244140625,2026-08-21T20:42:06.922519+00:00
827.0,59.68,63.2,54.79,,0.0,0.28394270751953116,put,2026-09-04,SPY,765.6500244140625,2026-08-21T20:42:06.922519+00:00
828.0,60.68,64.2,56.76,,0.0,0.28717753845214833,put,2026-09-04,SPY,765.6500244140625,2026-08-21T20:42:06.922519+00:00
829.0,61.68,65.2,58.75,,0.0,0.29041236938476556,put,2026-09-04,SPY,765.6500244140625,2026-08-21T20:42:06.922519+00:00
830.0,62.68,66.2,58.76,,0.0,0.2936472003173828,put,2026-09-04,SPY,765.6500244140625,2026-08-21T20:42:06.922519+00:00
850.0,82.68,86.2,76.31,2.0,0.0,0.3560245062255859,put,2026-09-04,SPY,765.6500244140625,2026-08-21T20:42:06.922519+00:00
995.0,227.68,231.2,228.43,1.0,0.0,0.5107470800781251,put,2026-09-04,SPY,765.6500244140625,2026-08-21T20:42:06.922519+00:00
1000.0,232.68,236.2,233.41,1.0,1.0,0.5190477783203125,put,2026-09-04,SPY,765.6500244140625,2026-08-21T20:42:06.922519+00:00
300.0,464.64,468.16,465.52,30.0,747.0,1.4384793701171876,call,2026-09-18,SPY,765.6500244140625,2026-08-21T20:42:06.922519+00:00
305.0,459.65,463.17,468.66,2.0,484.0,1.4174833813476564,call,2026-09-18,SPY,765.6500244140625,2026-08-21T20:42:06.922519+00:00
310.0,443.75,447.02,436.37,4.0,319.0,1.0000000000000003e-05,call,2026-09-18,SPY,765.6500244140625,2026-08-21T20:42:06.922519+00:00
315.0,0.0,0.0,361.14,75.0,0.0,1.0000000000000003e-05,call,2026-09-18,SPY,765.6500244140625,2026-08-21T20:42:06.922519+00:00
320.0,419.56,422.88,430.29,1.0,137.0,1.0000000000000003e-05,call,2026-09-18,SPY,765.6500244140625,2026-08-21T20:42:06.922519+00:00
325.0,439.71,443.23,445.77,1.0,96.0,1.3408236083984373,call,2026-09-18,SPY,765.6500244140625,2026-08-21T20:42:06.922519+00:00
330.0,434.73,438.24,443.0,2.0,218.0,1.3220248742675782,call,2026-09-18,SPY,765.6500244140625,2026-08-21T20:42:06.922519+00:00
335.0,330.29,333.71,360.23,1.0,1.0,1.0000000000000003e-05,call,2026-09-18,SPY,765.6500244140625,2026-08-21T20:42:06.922519+00:00
340.0,415.72,418.5,387.24,3.0,8.0,1.0000000000000003e-05,call,2026-09-18,SPY,765.6500244140625,2026-08-21T20:42:06.922519+00:00
345.0,419.77,423.29,428.02,12.0,13.0,1.267093508300781,call,2026-09-18,SPY,765.6500244140625,2026-08-21T20:42:06.922519+00:00
350.0,414.78,418.3,425.06,14.0,18.0,1.2480506347656248,call,2026-09-18,SPY,765.6500244140625,2026-08-21T20:42:06.922519+00:00
355.0,409.8,413.32,417.9,1.0,13.0,1.2314491552734375,call,2026-09-18,SPY,765.6500244140625,2026-08-21T20:42:06.922519+00:00
360.0,404.81,408.33,406.88,1.0,9.0,1.2126504211425781,call,2026-09-18,SPY,765.6500244140625,2026-08-21T20:42:06.922519+00:00
365.0,399.83,403.35,405.87,10.0,10.0,1.1962930810546877,call,2026-09-18,SPY,765.6500244140625,2026-08-21T20:42:06.922519+00:00
370.0,369.93,373.25,381.24,1.0,7.0,1.0000000000000003e-05,call,2026-09-18,SPY,765.6500244140625,2026-08-21T20:42:06.922519+00:00
375.0,381.0,383.79,363.5,1.0,4.0,1.0000000000000003e-05,call,2026-09-18,SPY,765.6500244140625,2026-08-21T20:42:06.922519+00:00
380.0,384.87,388.39,393.98,1.0,7.0,1.1435589697265625,call,2026-09-18,SPY,765.6500244140625,2026-08-21T20:42:06.922519+00:00
385.0,379.89,383.4,381.65,18.0,132.0,1.126957490234375,call,2026-09-18,SPY,765.6500244140625,2026-08-21T20:42:06.922519+00:00
390.0,374.9,378.42,357.22,3.0,2.0,1.1101118713378906,call,2026-09-18,SPY,765.6500244140625,2026-08-21T20:42:06.922519+00:00
395.0,369.92,373.43,382.27,1.0,50.0,1.0935103918457032,call,2026-09-18,SPY,765.6500244140625,2026-08-21T20:42:06.922519+00:00
400.0,364.93,368.45,366.74,11.0,755.0,1.0771530517578127,call,2026-09-18,SPY,765.6500244140625,2026-08-21T20:42:06.922519+00:00
405.0,359.95,363.46,352.25,1.0,30.0,1.0607957116699218,call,2026-09-18,SPY,765.6500244140625,2026-08-21T20:42:06.922519+00:00
410.0,354.96,358.48,365.31,5.0,20.0,1.0446825109863282,call,2026-09-18,SPY,765.6500244140625,2026-08-21T20:42:06.922519+00:00
415.0,349.98,353.49,355.09,2.0,110.0,1.0285693103027347,call,2026-09-18,SPY,765.6500244140625,2026-08-21T20:42:06.922519+00:00
420.0,344.99,348.51,345.94,19.0,76.0,1.0127002490234376,call,2026-09-18,SPY,765.6500244140625,2026-08-21T20:42:06.922519+00:00
425.0,340.01,343.52,349.34,1.0,16.0,0.9968262036132812,call,2026-09-18,SPY,765.6500244140625,2026-08-21T20:42:06.922519+00:00
430.0,335.02,338.54,308.94,1.0,797.0,0.9809572216796876,call,2026-09-18,SPY,765.6500244140625,2026-08-21T20:42:06.922519+00:00
435.0,330.04,333.56,341.87,17.0,28.0,0.9660647924804688,call,2026-09-18,SPY,765.6500244140625,2026-08-21T20:42:06.922519+00:00
440.0,325.05,328.57,336.63,9.0,26.0,0.9499516723632812,call,2026-09-18,SPY,765.6500244140625,2026-08-21T20:42:06.922519+00:00
445.0,320.07,323.59,299.11,1.0,7.0,0.9353033813476561,call,2026-09-18,SPY,765.6500244140625,2026-08-21T20:42:06.922519+00:00
450.0,315.08,318.59,316.83,702.0,238.0,0.9187019848632813,call,2026-09-18,SPY,765.6500244140625,2026-08-21T20:42:06.922519+00:00
455.0,310.1,313.62,321.75,1.0,255.0,0.9047861083984375,call,2026-09-18,SPY,765.6500244140625,2026-08-21T20:42:06.922519+00:00
460.0,305.12,308.63,314.37,3.0,138.0,0.8896495410156249,call,2026-09-18,SPY,765.6500244140625,2026-08-21T20:42:06.922519+00:00
465.0,300.13,303.65,311.66,2.0,14.0,0.8745129736328124,call,2026-09-18,SPY,765.6500244140625,2026-08-21T20:42:06.922519+00:00
470.0,295.15,298.66,297.87,1.0,174.0,0.8596205444335938,call,2026-09-18,SPY,765.6500244140625,2026-08-21T20:42:06.922519+00:00
475.0,290.16,293.68,305.34,8.0,16.0,0.8449722534179687,call,2026-09-18,SPY,765.6500244140625,2026-08-21T20:42:06.922519+00:00
480.0,285.18,288.7,284.43,1.0,26.0,0.8306901696777342,call,2026-09-18,SPY,765.6500244140625,2026-08-21T20:42:06.922519+00:00
485.0,280.2,283.71,281.87,1.0,20.0,0.8160418786621093,call,2026-09-18,SPY,765.6500244140625,2026-08-21T20:42:06.922519+00:00
490.0,275.21,278.73,277.56,25.0,27.0,0.8015156567382812,call,2026-09-18,SPY,765.6500244140625,2026-08-21T20:42:06.922519+00:00
495.0,270.23,273.75,250.03,1.0,86.0,0.7874777111816407,call,2026-09-18,SPY,765.6500244140625,2026-08-21T20:42:06.922519+00:00
500.0,265.25,268.76,266.96,23.0,195.0,0.7730735583496093,call,2026-09-18,SPY,765.6500244140625,2026-08-21T20:42:06.922519+00:00
505.0,260.27,263.78,271.29,2.0,53.0,0.7591576818847658,call,2026-09-18,SPY,765.6500244140625,2026-08-21T20:42:06.922519+00:00
510.0,255.28,258.8,260.31,2.0,127.0,0.7448755981445312,call,2026-09-18,SPY,765.6500244140625,2026-08-21T20:42:06.922519+00:00
515.0,250.3,253.81,259.12,30.0,3361.0,0.7307155834960937,call,2026-09-18,SPY,765.6500244140625,2026-08-21T20:42:06.922519+00:00
520.0,245.32,248.84,249.78,1.0,100.0,0.7174100524902343,call,2026-09-18,SPY,765.6500244140625,2026-08-21T20:42:06.922519+00:00
525.0,240.34,243.86,251.55,1.0,60.0,0.7038603833007813,call,2026-09-18,SPY,765.6500244140625,2026-08-21T20:42:06.922519+00:00
530.0,235.36,238.87,244.83,5.0,99.0,0.689700368652344,call,2026-09-18,SPY,765.6500244140625,2026-08-21T20:42:06.922519+00:00
535.0,230.38,233.89,235.44,2.0,69.0,0.6761506994628907,call,2026-09-18,SPY,765.6500244140625,2026-08-21T20:42:06.922519+00:00
540.0,225.4,228.91,237.56,2.0,91.0,0.6626010302734376,call,2026-09-18,SPY,765.6500244140625,2026-08-21T20:42:06.922519+00:00
545.0,220.42,223.93,230.1,1.0,67.0,0.6491734301757812,call,2026-09-18,SPY,765.6500244140625,2026-08-21T20:42:06.922519+00:00
550.0,215.44,218.96,215.44,2.0,1153.0,0.6361120373535156,call,2026-09-18,SPY,765.6500244140625,2026-08-21T20:42:06.922519+00:00
555.0,210.46,213.98,210.35,5.0,109.0,0.6226844372558593,call,2026-09-18,SPY,765.6500244140625,2026-08-21T20:42:06.922519+00:00
560.0,205.48,209.0,206.97,26.0,133.0,0.6093789062500001,call,2026-09-18,SPY,765.6500244140625,2026-08-21T20:42:06.922519+00:00
565.0,200.5,204.02,199.32,2.0,1386.0,0.5959513061523438,call,2026-09-18,SPY,765.6500244140625,2026-08-21T20:42:06.922519+00:00
570.0,195.53,199.04,194.95,1.0,198.0,0.5830119824218749,call,2026-09-18,SPY,765.6500244140625,2026-08-21T20:42:06.922519+00:00
575.0,190.55,194.07,192.53,1.0,151.0,0.5700726586914062,call,2026-09-18,SPY,765.6500244140625,2026-08-21T20:42:06.922519+00:00
580.0,185.57,189.09,188.09,2.0,225.0,0.556767127685547,call,2026-09-18,SPY,765.6500244140625,2026-08-21T20:42:06.922519+00:00
585.0,180.6,184.12,183.09,1.0,828.0,0.5441940112304688,call,2026-09-18,SPY,765.6500244140625,2026-08-21T20:42:06.922519+00:00
590.0,175.62,179.13,177.88,6.0,121.0,0.5306443420410156,call,2026-09-18,SPY,765.6500244140625,2026-08-21T20:42:06.922519+00:00
595.0,170.65,174.17,172.89,4.0,438.0,0.5183153637695312,call,2026-09-18,SPY,765.6500244140625,2026-08-21T20:42:06.922519+00:00
600.0,165.68,169.18,167.0,25.0,5210.0,0.5050098327636718,call,2026-09-18,SPY,765.6500244140625,2026-08-21T20:42:06.922519+00:00
601.0,164.68,168.2,142.41,2.0,1.0,0.5026905200195313,call,2026-09-18,SPY,765.6500244140625,2026-08-21T20:42:06.922519+00:00
602.0,163.69,167.21,171.32,4.0,1.0,0.5004932763671875,call,2026-09-18,SPY,765.6500244140625,2026-08-21T20:42:06.922519+00:00
604.0,161.7,165.22,168.6,1.0,33.0,0.5748943878173829,call,2026-09-18,SPY,765.6500244140625,2026-08-21T20:42:06.922519+00:00
605.0,160.71,164.22,162.84,4.0,259.0,0.5717205914306642,call,2026-09-18,SPY,765.6500244140625,2026-08-21T20:42:06.922519+00:00
610.0,155.74,159.25,155.94,9.0,413.0,0.5568891967773439,call,2026-09-18,SPY,765.6500244140625,2026-08-21T20:42:06.922519+00:00
611.0,154.74,158.26,128.47,1.0,2.0,0.5540816076660158,call,2026-09-18,SPY,765.6500244140625,2026-08-21T20:42:06.922519+00:00
612.0,153.75,157.26,156.11,1.0,2.0,0.5509078112792969,call,2026-09-18,SPY,765.6500244140625,2026-08-21T20:42:06.922519+00:00
614.0,151.76,155.28,161.74,3.0,3.0,0.5452926330566408,call,2026-09-18,SPY,765.6500244140625,2026-08-21T20:42:06.922519+00:00
615.0,150.77,154.28,153.0,2.0,189.0,0.5421188366699221,call,2026-09-18,SPY,765.6500244140625,2026-08-21T20:42:06.922519+00:00
616.0,149.77,153.29,162.11,3.0,4.0,0.5393112475585939,call,2026-09-18,SPY,765.6500244140625,2026-08-21T20:42:06.922519+00:00
617.0,148.78,152.3,151.06,1.0,3.0,0.5365036584472658,call,2026-09-18,SPY,765.6500244140625,2026-08-21T20:42:06.922519+00:00
618.0,147.79,151.3,128.56,46.0,19.0,0.5333298620605469,call,2026-09-18,SPY,765.6500244140625,2026-08-21T20:42:06.922519+00:00
619.0,146.79,150.31,123.33,,2.0,0.5305222729492188,call,2026-09-18,SPY,765.6500244140625,2026-08-21T20:42:06.922519+00:00
620.0,145.8,149.32,147.64,1.0,840.0,0.5277146838378908,call,2026-09-18,SPY,765.6500244140625,2026-08-21T20:42:06.922519+00:00
621.0,144.8,148.32,136.71,,1.0,0.5245408874511719,call,2026-09-18,SPY,765.6500244140625,2026-08-21T20:42:06.922519+00:00
622.0,143.81,147.33,151.7,1.0,2.0,0.5217332983398437,call,2026-09-18,SPY,765.6500244140625,2026-08-21T20:42:06.922519+00:00
623.0,142.82,146.33,135.54,,5.0,0.5185595019531251,call,2026-09-18,SPY,765.6500244140625,2026-08-21T20:42:06.922519+00:00
624.0,141.82,145.34,134.52,,2.0,0.5157519128417969,call,2026-09-18,SPY,765.6500244140625,2026-08-21T20:42:06.922519+00:00
625.0,140.83,144.35,146.97,1.0,849.0,0.5129443237304687,call,2026-09-18,SPY,765.6500244140625,2026-08-21T20:42:06.922519+00:00
626.0,139.84,143.35,132.57,,1.0,0.5098315618896485,call,2026-09-18,SPY,765.6500244140625,2026-08-21T20:42:06.922519+00:00
628.0,115.64,118.99,130.66,,1.0,1.0000000000000003e-05,call,2026-09-18,SPY,765.6500244140625,2026-08-21T20:42:06.922519+00:00
630.0,135.87,139.38,137.97,2.0,1120.0,0.49823499816894534,call,2026-09-18,SPY,765.6500244140625,2026-08-21T20:42:06.922519+00:00
635.0,130.9,134.42,132.73,1.0,1033.0,0.48376981079101566,call,2026-09-18,SPY,765.6500244140625,2026-08-21T20:42:06.922519+00:00
637.0,128.92,132.43,131.22,4.0,6.0,0.4777884252929688,call,2026-09-18,SPY,765.6500244140625,2026-08-21T20:42:06.922519+00:00
640.0,125.94,129.45,127.56,202.0,1945.0,0.4689994506835938,call,2026-09-18,SPY,765.6500244140625,2026-08-21T20:42:06.922519+00:00
641.0,124.95,128.47,106.02,,1.0,0.4664970343017578,call,2026-09-18,SPY,765.6500244140625,2026-08-21T20:42:06.922519+00:00
643.0,122.96,126.48,102.49,2.0,3.0,0.460515648803711,call,2026-09-18,SPY,765.6500244140625,2026-08-21T20:42:06.922519+00:00
644.0,121.97,125.49,105.6,2.0,13.0,0.45770805969238293,call,2026-09-18,SPY,765.6500244140625,2026-08-21T20:42:06.922519+00:00
645.0,120.98,124.5,122.48,6.0,1015.0,0.45483943603515625,call,2026-09-18,SPY,765.6500244140625,2026-08-21T20:42:06.922519+00:00
646.0,119.99,123.51,129.39,1.0,17.0,0.45203184692382814,call,2026-09-18,SPY,765.6500244140625,2026-08-21T20:42:06.922519+00:00
647.0,119.0,122.51,105.87,1.0,3.0,0.44885805053710937,call,2026-09-18,SPY,765.6500244140625,2026-08-21T20:42:06.922519+00:00
648.0,118.01,121.52,98.16,1.0,2.0,0.44605046142578125,call,2026-09-18,SPY,765.6500244140625,2026-08-21T20:42:06.922519+00:00
649.0,117.02,120.53,129.75,3.0,4.0,0.4431818377685547,call,2026-09-18,SPY,765.6500244140625,2026-08-21T20:42:06.922519+00:00
650.0,116.02,119.53,118.38,9.0,3273.0,0.44006907592773437,call,2026-09-18,SPY,765.6500244140625,2026-08-21T20:42:06.922519+00:00
653.0,113.05,116.57,125.73,160.0,163.0,0.43182941223144533,call,2026-09-18,SPY,765.6500244140625,2026-08-21T20:42:06.922519+00:00
654.0,90.85,94.22,104.15,2.0,11.0,1.0000000000000003e-05,call,2026-09-18,SPY,765.6500244140625,2026-08-21T20:42:06.922519+00:00
655.0,111.07,114.59,113.62,6.0,1122.0,0.4260921649169922,call,2026-09-18,SPY,765.6500244140625,2026-08-21T20:42:06.922519+00:00
656.0,110.08,113.6,120.1,5.0,6.0,0.42328457580566403,call,2026-09-18,SPY,765.6500244140625,2026-08-21T20:42:06.922519+00:00
660.0,106.12,109.63,108.4,27.0,4165.0,0.4115049084472656,call,2026-09-18,SPY,765.6500244140625,2026-08-21T20:42:06.922519+00:00
661.0,105.13,108.65,107.85,1.0,1.0,0.4089414575195312,call,2026-09-18,SPY,765.6500244140625,2026-08-21T20:42:06.922519+00:00
662.0,104.14,107.66,116.18,1.0,3.0,0.40607283386230464,call,2026-09-18,SPY,765.6500244140625,2026-08-21T20:42:06.922519+00:00
663.0,103.15,106.67,113.79,1.0,2.0,0.40320421020507813,call,2026-09-18,SPY,765.6500244140625,2026-08-21T20:42:06.922519+00:00
665.0,101.17,104.68,104.3,1.0,4614.0,0.39716179016113284,call,2026-09-18,SPY,765.6500244140625,2026-08-21T20:42:06.922519+00:00
666.0,100.18,103.7,82.18,1.0,1.0,0.39453730468750003,call,2026-09-18,SPY,765.6500244140625,2026-08-21T20:42:06.922519+00:00
667.0,99.2,102.71,108.97,1.0,2.0,0.3916686810302734,call,2026-09-18,SPY,765.6500244140625,2026-08-21T20:42:06.922519+00:00
668.0,98.21,101.72,101.99,1.0,6.0,0.3888000573730469,call,2026-09-18,SPY,765.6500244140625,2026-08-21T20:42:06.922519+00:00
669.0,97.22,100.74,106.81,1.0,26.0,0.386175571899414,call,2026-09-18,SPY,765.6500244140625,2026-08-21T20:42:06.922519+00:00
670.0,96.23,99.74,98.58,5.0,3367.0,0.3830017755126953,call,2026-09-18,SPY,765.6500244140625,2026-08-21T20:42:06.922519+00:00
671.0,95.24,98.76,74.96,1.0,1.0,0.3803772900390625,call,2026-09-18,SPY,765.6500244140625,2026-08-21T20:42:06.922519+00:00
672.0,94.26,97.77,98.84,3.0,6.0,0.37744763183593744,call,2026-09-18,SPY,765.6500244140625,2026-08-21T20:42:06.922519+00:00
673.0,93.27,96.79,95.56,1.0,2.0,0.3748231463623046,call,2026-09-18,SPY,765.6500244140625,2026-08-21T20:42:06.922519+00:00
674.0,92.28,95.8,71.8,,3.0,0.37189348815917966,call,2026-09-18,SPY,765.6500244140625,2026-08-21T20:42:06.922519+00:00
675.0,91.3,94.8,93.46,2.0,5598.0,0.368719691772461,call,2026-09-18,SPY,765.6500244140625,2026-08-21T20:42:06.922519+00:00
676.0,90.31,93.83,71.43,2.0,1.0,0.3663393444824219,call,2026-09-18,SPY,765.6500244140625,2026-08-21T20:42:06.922519+00:00
677.0,89.32,92.84,102.14,1.0,31.0,0.36340968627929693,call,2026-09-18,SPY,765.6500244140625,2026-08-21T20:42:06.922519+00:00
678.0,88.34,91.85,103.72,1.0,2.0,0.36048002807617185,call,2026-09-18,SPY,765.6500244140625,2026-08-21T20:42:06.922519+00:00
679.0,87.35,90.87,97.79,1.0,2.0,0.3577945080566406,call,2026-09-18,SPY,765.6500244140625,2026-08-21T20:42:06.922519+00:00
680.0,86.37,89.88,88.5,19.0,4964.0,0.3548648498535155,call,2026-09-18,SPY,765.6500244140625,2026-08-21T20:42:06.922519+00:00
681.0,85.38,88.9,66.82,1.0,2.0,0.35217932983398437,call,2026-09-18,SPY,765.6500244140625,2026-08-21T20:42:06.922519+00:00
682.0,84.4,87.92,87.33,1.0,10.0,0.3494632925415039,call,2026-09-18,SPY,765.6500244140625,2026-08-21T20:42:06.922519+00:00
683.0,83.42,86.93,85.39,4.0,16.0,0.3465031170654296,call,2026-09-18,SPY,765.6500244140625,2026-08-21T20:42:06.922519+00:00
684.0,82.43,85.95,95.35,1.0,25.0,0.3437870797729492,call,2026-09-18,SPY,765.6500244140625,2026-08-21T20:42:06.922519+00:00
685.0,81.45,84.96,84.3,37.0,5074.0,0.340826904296875,call,2026-09-18,SPY,765.6500244140625,2026-08-21T20:42:06.922519+00:00
686.0,80.47,83.98,80.47,2.0,4.0,0.3380803497314453,call,2026-09-18,SPY,765.6500244140625,2026-08-21T20:42:06.922519+00:00
687.0,79.49,83.0,74.0,,14.0,0.3353643124389648,call,2026-09-18,SPY,765.6500244140625,2026-08-21T20:42:06.922519+00:00
688.0,78.5,82.02,81.33,1.0,12.0,0.3326177578735352,call,2026-09-18,SPY,765.6500244140625,2026-08-21T20:42:06.922519+00:00
689.0,77.52,81.04,85.59,1.0,19.0,0.3298406860351562,call,2026-09-18,SPY,765.6500244140625,2026-08-21T20:42:06.922519+00:00
690.0,76.54,80.05,78.42,17.0,6286.0,0.32684999328613284,call,2026-09-18,SPY,765.6500244140625,2026-08-21T20:42:06.922519+00:00
691.0,75.56,79.08,80.14,15.0,18.0,0.32434757690429683,call,2026-09-18,SPY,765.6500244140625,2026-08-21T20:42:06.922519+00:00
692.0,74.58,78.1,76.67,10.0,14.0,0.3215399877929687,call,2026-09-18,SPY,765.6500244140625,2026-08-21T20:42:06.922519+00:00
693.0,73.6,77.12,85.85,1.0,12.0,0.3187629159545897,call,2026-09-18,SPY,765.6500244140625,2026-08-21T20:42:06.922519+00:00
694.0,72.63,76.14,76.42,6.0,31.0,0.3159858441162109,call,2026-09-18,SPY,765.6500244140625,2026-08-21T20:42:06.922519+00:00
695.0,71.65,75.16,73.93,4.0,8593.0,0.31317825500488283,call,2026-09-18,SPY,765.6500244140625,2026-08-21T20:42:06.922519+00:00
696.0,70.67,74.19,85.78,5.0,12.0,0.31055376953124997,call,2026-09-18,SPY,765.6500244140625,2026-08-21T20:42:06.922519+00:00
697.0,69.7,73.21,81.85,1.0,5.0,0.30774618041992186,call,2026-09-18,SPY,765.6500244140625,2026-08-21T20:42:06.922519+00:00
698.0,68.72,72.24,70.65,1.0,22.0,0.30512169494628905,call,2026-09-18,SPY,765.6500244140625,2026-08-21T20:42:06.922519+00:00
699.0,67.75,71.26,78.1,14.0,27.0,0.30228358856201176,call,2026-09-18,SPY,765.6500244140625,2026-08-21T20:42:06.922519+00:00
700.0,66.77,70.28,69.02,284.0,8596.0,0.29944548217773437,call,2026-09-18,SPY,765.6500244140625,2026-08-21T20:42:06.922519+00:00
701.0,65.8,69.32,78.75,1.0,47.0,0.2970041003417968,call,2026-09-18,SPY,765.6500244140625,2026-08-21T20:42:06.922519+00:00
702.0,64.83,68.35,66.87,18.0,30.0,0.29431858032226554,call,2026-09-18,SPY,765.6500244140625,2026-08-21T20:42:06.922519+00:00
703.0,63.86,67.38,71.67,1.0,10.0,0.2916330603027343,call,2026-09-18,SPY,765.6500244140625,2026-08-21T20:42:06.922519+00:00
704.0,62.89,66.41,76.55,1.0,4.0,0.288947540283203,call,2026-09-18,SPY,765.6500244140625,2026-08-21T20:42:06.922519+00:00
705.0,61.92,65.43,64.25,16.0,8765.0,0.2860483993530273,call,2026-09-18,SPY,765.6500244140625,2026-08-21T20:42:06.922519+00:00
706.0,60.95,64.47,65.87,1.0,9.0,0.28351546569824215,call,2026-09-18,SPY,765.6500244140625,2026-08-21T20:42:06.922519+00:00
707.0,59.99,63.5,61.93,7.0,35.0,0.28079942840576166,call,2026-09-18,SPY,765.6500244140625,2026-08-21T20:42:06.922519+00:00
708.0,59.02,62.54,61.91,1.0,21.0,0.2782359774780273,call,2026-09-18,SPY,765.6500244140625,2026-08-21T20:42:06.922519+00:00
709.0,58.06,61.58,62.78,1.0,7.0,0.27567252655029295,call,2026-09-18,SPY,765.6500244140625,2026-08-21T20:42:06.922519+00:00
710.0,57.09,60.61,58.79,62.0,6513.0,0.272895454711914,call,2026-09-18,SPY,765.6500244140625,2026-08-21T20:42:06.922519+00:00
711.0,56.13,59.65,58.38,1.0,22.0,0.27027096923828126,call,2026-09-18,SPY,765.6500244140625,2026-08-21T20:42:06.922519+00:00
712.0,55.17,58.69,56.4,1.0,9.0,0.2676770010375976,call,2026-09-18,SPY,765.6500244140625,2026-08-21T20:42:06.922519+00:00
713.0,54.22,57.74,60.36,3.0,12.0,0.26520510192871094,call,2026-09-18,SPY,765.6500244140625,2026-08-21T20:42:06.922519+00:00
714.0,53.26,56.78,58.29,7.0,37.0,0.2625500991821289,call,2026-09-18,SPY,765.6500244140625,2026-08-21T20:42:06.922519+00:00
715.0,52.31,55.82,54.81,76.0,12855.0,0.25989509643554687,call,2026-09-18,SPY,765.6500244140625,2026-08-21T20:42:06.922519+00:00
716.0,51.35,54.87,54.72,1.0,119.0,0.25736216278076174,call,2026-09-18,SPY,765.6500244140625,2026-08-21T20:42:06.922519+00:00
717.0,50.4,53.92,63.56,4.0,27.0,0.2548292291259766,call,2026-09-18,SPY,765.6500244140625,2026-08-21T20:42:06.922519+00:00
718.0,49.45,52.97,51.0,2.0,34.0,0.25226577819824214,call,2026-09-18,SPY,765.6500244140625,2026-08-21T20:42:06.922519+00:00
719.0,48.5,52.02,51.69,8.0,69.0,0.24967180999755856,call,2026-09-18,SPY,765.6500244140625,2026-08-21T20:42:06.922519+00:00
720.0,47.56,51.07,50.2,93.0,17175.0,0.247077841796875,call,2026-09-18,SPY,765.6500244140625,2026-08-21T20:42:06.922519+00:00
721.0,46.61,50.13,51.88,1.0,92.0,0.24463645996093752,call,2026-09-18,SPY,765.6500244140625,2026-08-21T20:42:06.922519+00:00
722.0,45.67,49.19,52.6,3.0,59.0,0.24213404357910157,call,2026-09-18,SPY,765.6500244140625,2026-08-21T20:42:06.922519+00:00
723.0,44.73,48.25,46.58,1.0,21.0,0.23963162719726558,call,2026-09-18,SPY,765.6500244140625,2026-08-21T20:42:06.922519+00:00
724.0,43.79,47.31,46.18,3.0,39.0,0.23706817626953125,call,2026-09-18,SPY,765.6500244140625,2026-08-21T20:42:06.922519+00:00
725.0,42.86,46.38,44.87,76.0,17609.0,0.2346878289794922,call,2026-09-18,SPY,765.6500244140625,2026-08-21T20:42:06.922519+00:00
726.0,41.93,45.45,45.08,3.0,160.0,0.2322464471435547,call,2026-09-18,SPY,765.6500244140625,2026-08-21T20:42:06.922519+00:00
727.0,41.0,44.52,52.93,17.0,68.0,0.22977454803466796,call,2026-09-18,SPY,765.6500244140625,2026-08-21T20:42:06.922519+00:00
728.0,40.07,43.59,51.8,1.0,51.0,0.227272131652832,call,2026-09-18,SPY,765.6500244140625,2026-08-21T20:42:06.922519+00:00
729.0,39.15,42.67,51.42,20.0,102.0,0.22492230163574217,call,2026-09-18,SPY,765.6500244140625,2026-08-21T20:42:06.922519+00:00
730.0,38.23,41.75,40.2,30.0,30065.0,0.2225114370727539,call,2026-09-18,SPY,765.6500244140625,2026-08-21T20:42:06.922519+00:00
731.0,37.31,40.83,38.88,1.0,307.0,0.2200700552368164,call,2026-09-18,SPY,765.6500244140625,2026-08-21T20:42:06.922519+00:00
732.0,36.4,39.92,37.12,1.0,177.0,0.21772022521972656,call,2026-09-18,SPY,765.6500244140625,2026-08-21T20:42:06.922519+00:00
733.0,35.49,39.01,37.92,1.0,715.0,0.21537039520263673,call,2026-09-18,SPY,765.6500244140625,2026-08-21T20:42:06.922519+00:00
734.0,34.59,38.1,36.52,1.0,357.0,0.21295953063964845,call,2026-09-18,SPY,765.6500244140625,2026-08-21T20:42:06.922519+00:00
735.0,33.68,37.2,35.32,55.0,12489.0,0.2106402178955078,call,2026-09-18,SPY,765.6500244140625,2026-08-21T20:42:06.922519+00:00
736.0,32.79,36.31,34.42,104.0,611.0,0.208442974243164,call,2026-09-18,SPY,765.6500244140625,2026-08-21T20:42:06.922519+00:00
737.0,31.89,35.41,38.2,4.0,700.0,0.20606262695312497,call,2026-09-18,SPY,765.6500244140625,2026-08-21T20:42:06.922519+00:00
738.0,31.06,34.52,35.11,1.0,778.0,0.20374331420898437,call,2026-09-18,SPY,765.6500244140625,2026-08-21T20:42:06.922519+00:00
739.0,30.13,33.64,31.09,281.0,1380.0,0.20154607055664062,call,2026-09-18,SPY,765.6500244140625,2026-08-21T20:42:06.922519+00:00
740.0,29.25,32.76,31.08,526.0,12557.0,0.19928779235839844,call,2026-09-18,SPY,765.6500244140625,2026-08-21T20:42:06.922519+00:00
741.0,28.37,31.89,29.0,32.0,1462.0,0.19712106597900392,call,2026-09-18,SPY,765.6500244140625,2026-08-21T20:42:06.922519+00:00
742.0,27.5,31.02,29.95,3.0,1861.0,0.19487804641723633,call,2026-09-18,SPY,765.6500244140625,2026-08-21T20:42:06.922519+00:00
743.0,26.64,30.16,27.62,6.0,863.0,0.19272657867431642,call,2026-09-18,SPY,765.6500244140625,2026-08-21T20:42:06.922519+00:00
744.0,25.78,28.86,29.08,14.0,803.0,0.18448691497802733,call,2026-09-18,SPY,765.6500244140625,2026-08-21T20:42:06.922519+00:00
745.0,25.0,28.01,27.34,109.0,16297.0,0.18241174041748048,call,2026-09-18,SPY,765.6500244140625,2026-08-21T20:42:06.922519+00:00
746.0,24.1,27.17,26.31,6.0,944.0,0.18039760040283204,call,2026-09-18,SPY,765.6500244140625,2026-08-21T20:42:06.922519+00:00
747.0,23.27,26.33,23.8,1.0,1675.0,0.17830716720581058,call,2026-09-18,SPY,765.6500244140625,2026-08-21T20:42:06.922519+00:00
748.0,22.46,25.5,23.3,2.0,1553.0,0.17627776855468752,call,2026-09-18,SPY,765.6500244140625,2026-08-21T20:42:06.922519+00:00
749.0,21.67,24.68,23.42,6.0,1890.0,0.1742941458129883,call,2026-09-18,SPY,765.6500244140625,2026-08-21T20:42:06.922519+00:00
750.0,21.07,23.87,22.86,414.0,35309.0,0.17237155761718753,call,2026-09-18,SPY,765.6500244140625,2026-08-21T20:42:06.922519+00:00
751.0,20.03,23.06,25.51,65.0,134.0,0.17035741760253909,call,2026-09-18,SPY,765.6500244140625,2026-08-21T20:42:06.922519+00:00
752.0,19.65,22.26,21.5,7.0,1406.0,0.16837379486083986,call,2026-09-18,SPY,765.6500244140625,2026-08-21T20:42:06.922519+00:00
753.0,19.19,21.04,20.21,18.0,820.0,0.16104964935302735,call,2026-09-18,SPY,765.6500244140625,2026-08-21T20:42:06.922519+00:00
754.0,18.09,20.7,19.73,6.0,1720.0,0.16465068756103518,call,2026-09-18,SPY,765.6500244140625,2026-08-21T20:42:06.922519+00:00
755.0,17.32,19.93,18.6,62.0,16167.0,0.16275861663818358,call,2026-09-18,SPY,765.6500244140625,2026-08-21T20:42:06.922519+00:00
756.0,16.57,19.18,17.82,10.0,1166.0,0.1610038734436035,call,2026-09-18,SPY,765.6500244140625,2026-08-21T20:42:06.922519+00:00
757.0,16.08,18.13,17.04,4.0,1817.0,0.15552602294921875,call,2026-09-18,SPY,765.6500244140625,2026-08-21T20:42:06.922519+00:00
758.0,15.74,17.11,16.77,16.0,946.0,0.1503533451843262,call,2026-09-18,SPY,765.6500244140625,2026-08-21T20:42:06.922519+00:00
759.0,14.86,16.61,16.48,19.0,720.0,0.1513146392822266,call,2026-09-18,SPY,765.6500244140625,2026-08-21T20:42:06.922519+00:00
760.0,14.87,15.01,15.02,666.0,23133.0,0.13907721282958985,call,2026-09-18,SPY,765.6500244140625,2026-08-21T20:42:06.922519+00:00
761.0,14.01,15.17,14.59,42.0,1003.0,0.1475762733459473,call,2026-09-18,SPY,765.6500244140625,2026-08-21T20:42:06.922519+00:00
762.0,13.5,14.5,13.69,23.0,972.0,0.14609618560791016,call,2026-09-18,SPY,765.6500244140625,2026-08-21T20:42:06.922519+00:00
763.0,12.79,13.17,13.05,192.0,1191.0,0.13678841735839847,call,2026-09-18,SPY,765.6500244140625,2026-08-21T20:42:06.922519+00:00
764.0,12.26,12.31,12.61,327.0,1613.0,0.1328516891479492,call,2026-09-18,SPY,765.6500244140625,2026-08-21T20:42:06.922519+00:00
765.0,11.62,11.68,11.62,2626.0,17961.0,0.13144789459228517,call,2026-09-18,SPY,765.6500244140625,2026-08-21T20:42:06.922519+00:00
766.0,11.01,11.06,11.14,935.0,2059.0,0.13001358276367186,call,2026-09-18,SPY,765.6500244140625,2026-08-21T20:42:06.922519+00:00
767.0,10.41,10.46,10.39,653.0,1488.0,0.128640305480957,call,2026-09-18,SPY,765.6500244140625,2026-08-21T20:42:06.922519+00:00
768.0,9.83,9.88,9.9,691.0,1864.0,0.12732806274414063,call,2026-09-18,SPY,765.6500244140625,2026-08-21T20:42:06.922519+00:00
769.0,9.26,9.31,9.27,213.0,2633.0,0.1259547854614258,call,2026-09-18,SPY,765.6500244140625,2026-08-21T20:42:06.922519+00:00
770.0,8.72,8.76,8.75,2864.0,16433.0,0.12464254272460937,call,2026-09-18,SPY,765.6500244140625,2026-08-21T20:42:06.922519+00:00
771.0,8.19,8.24,8.49,242.0,1534.0,0.12349814498901368,call,2026-09-18,SPY,765.6500244140625,2026-08-21T20:42:06.922519+00:00
772.0,7.68,7.73,7.72,1362.0,2771.0,0.12229271270751954,call,2026-09-18,SPY,765.6500244140625,2026-08-21T20:42:06.922519+00:00
773.0,7.19,7.24,7.2,569.0,2456.0,0.1211177976989746,call,2026-09-18,SPY,765.6500244140625,2026-08-21T20:42:06.922519+00:00
774.0,6.72,6.77,6.7,64.0,2093.0,0.1199886585998535,call,2026-09-18,SPY,765.6500244140625,2026-08-21T20:42:06.922519+00:00
775.0,6.27,6.32,6.28,3533.0,13006.0,0.11890529541015624,call,2026-09-18,SPY,765.6500244140625,2026-08-21T20:42:06.922519+00:00
776.0,5.84,5.88,5.93,260.0,1801.0,0.11773038040161132,call,2026-09-18,SPY,765.6500244140625,2026-08-21T20:42:06.922519+00:00
777.0,5.43,5.47,5.45,499.0,3109.0,0.1167233103942871,call,2026-09-18,SPY,765.6500244140625,2026-08-21T20:42:06.922519+00:00
778.0,5.04,5.08,5.05,706.0,3095.0,0.11576201629638672,call,2026-09-18,SPY,765.6500244140625,2026-08-21T20:42:06.922519+00:00
779.0,4.67,4.71,4.74,547.0,1861.0,0.11484649810791016,call,2026-09-18,SPY,765.6500244140625,2026-08-21T20:42:06.922519+00:00
780.0,4.32,4.35,4.3,4039.0,20152.0,0.11382416946411134,call,2026-09-18,SPY,765.6500244140625,2026-08-21T20:42:06.922519+00:00
781.0,3.98,4.02,4.07,240.0,2423.0,0.11298494445800782,call,2026-09-18,SPY,765.6500244140625,2026-08-21T20:42:06.922519+00:00
782.0,3.66,3.7,3.7,148.0,4029.0,0.11206942626953123,call,2026-09-18,SPY,765.6500244140625,2026-08-21T20:42:06.922519+00:00
783.0,3.37,3.4,3.58,464.0,2350.0,0.11121494262695311,call,2026-09-18,SPY,765.6500244140625,2026-08-21T20:42:06.922519+00:00
784.0,3.09,3.12,3.31,229.0,2118.0,0.11042149353027343,call,2026-09-18,SPY,765.6500244140625,2026-08-21T20:42:06.922519+00:00
785.0,2.83,2.86,2.87,1993.0,22165.0,0.10968907897949219,call,2026-09-18,SPY,765.6500244140625,2026-08-21T20:42:06.922519+00:00
786.0,2.58,2.62,2.65,185.0,1484.0,0.10901769897460936,call,2026-09-18,SPY,765.6500244140625,2026-08-21T20:42:06.922519+00:00
787.0,2.36,2.39,2.42,160.0,1580.0,0.10831580169677735,call,2026-09-18,SPY,765.6500244140625,2026-08-21T20:42:06.922519+00:00
788.0,2.14,2.17,2.18,167.0,1657.0,0.10749183532714844,call,2026-09-18,SPY,765.6500244140625,2026-08-21T20:42:06.922519+00:00
789.0,1.95,1.97,2.19,306.0,4101.0,0.10682045532226564,call,2026-09-18,SPY,765.6500244140625,2026-08-21T20:42:06.922519+00:00
790.0,1.76,1.79,1.77,3513.0,47564.0,0.10624062713623048,call,2026-09-18,SPY,765.6500244140625,2026-08-21T20:42:06.922519+00:00
791.0,1.59,1.62,1.64,194.0,1535.0,0.1056607989501953,call,2026-09-18,SPY,765.6500244140625,2026-08-21T20:42:06.922519+00:00
792.0,1.44,1.46,1.59,269.0,1802.0,0.1049894189453125,call,2026-09-18,SPY,765.6500244140625,2026-08-21T20:42:06.922519+00:00
793.0,1.29,1.32,1.34,260.0,3141.0,0.10450114257812498,call,2026-09-18,SPY,765.6500244140625,2026-08-21T20:42:06.922519+00:00
794.0,1.16,1.19,1.24,178.0,3884.0,0.1040433834838867,call,2026-09-18,SPY,765.6500244140625,2026-08-21T20:42:06.922519+00:00
795.0,1.04,1.06,1.05,2047.0,15047.0,0.10328045166015623,call,2026-09-18,SPY,765.6500244140625,2026-08-21T20:42:06.922519+00:00
796.0,0.93,0.96,1.03,742.0,3480.0,0.10309734802246093,call,2026-09-18,SPY,765.6500244140625,2026-08-21T20:42:06.922519+00:00
797.0,0.84,0.86,0.88,437.0,1772.0,0.10267010620117187,call,2026-09-18,SPY,765.6500244140625,2026-08-21T20:42:06.922519+00:00
798.0,0.75,0.76,0.78,602.0,3311.0,0.10193769165039063,call,2026-09-18,SPY,765.6500244140625,2026-08-21T20:42:06.922519+00:00
799.0,0.67,0.68,0.74,829.0,3521.0,0.10163251892089843,call,2026-09-18,SPY,765.6500244140625,2026-08-21T20:42:06.922519+00:00
800.0,0.6,0.61,0.61,5800.0,31076.0,0.10144941528320311,call,2026-09-18,SPY,765.6500244140625,2026-08-21T20:42:06.922519+00:00
801.0,0.53,0.55,0.61,3098.0,2167.0,0.10138838073730468,call,2026-09-18,SPY,765.6500244140625,2026-08-21T20:42:06.922519+00:00
802.0,0.47,0.49,0.5,316.0,1189.0,0.1010832080078125,call,2026-09-18,SPY,765.6500244140625,2026-08-21T20:42:06.922519+00:00
803.0,0.42,0.44,0.46,353.0,2551.0,0.10102217346191406,call,2026-09-18,SPY,765.6500244140625,2026-08-21T20:42:06.922519+00:00
804.0,0.38,0.39,0.45,322.0,2498.0,0.10071700073242187,call,2026-09-18,SPY,765.6500244140625,2026-08-21T20:42:06.922519+00:00
805.0,0.34,0.35,0.34,6963.0,6140.0,0.10071700073242187,call,2026-09-18,SPY,765.6500244140625,2026-08-21T20:42:06.922519+00:00
806.0,0.3,0.32,0.37,32.0,1759.0,0.1010832080078125,call,2026-09-18,SPY,765.6500244140625,2026-08-21T20:42:06.922519+00:00
807.0,0.27,0.28,0.33,20.0,1202.0,0.100594931640625,call,2026-09-18,SPY,765.6500244140625,2026-08-21T20:42:06.922519+00:00
808.0,0.25,0.26,0.26,45.0,1160.0,0.10132734619140624,call,2026-09-18,SPY,765.6500244140625,2026-08-21T20:42:06.922519+00:00
809.0,0.22,0.23,0.24,41.0,1131.0,0.1010832080078125,call,2026-09-18,SPY,765.6500244140625,2026-08-21T20:42:06.922519+00:00
810.0,0.2,0.21,0.21,1222.0,8261.0,0.10144941528320311,call,2026-09-18,SPY,765.6500244140625,2026-08-21T20:42:06.922519+00:00
811.0,0.18,0.19,0.2,6.0,947.0,0.10169355346679687,call,2026-09-18,SPY,765.6500244140625,2026-08-21T20:42:06.922519+00:00
812.0,0.16,0.17,0.2,57.0,1028.0,0.10181562255859375,call,2026-09-18,SPY,765.6500244140625,2026-08-21T20:42:06.922519+00:00
813.0,0.15,0.16,0.18,473.0,3671.0,0.10254803710937499,call,2026-09-18,SPY,765.6500244140625,2026-08-21T20:42:06.922519+00:00
814.0,0.14,0.15,0.15,2.0,992.0,0.10340252075195311,call,2026-09-18,SPY,765.6500244140625,2026-08-21T20:42:06.922519+00:00
815.0,0.13,0.14,0.15,308.0,13840.0,0.10413493530273435,call,2026-09-18,SPY,765.6500244140625,2026-08-21T20:42:06.922519+00:00
816.0,0.12,0.13,0.15,112.0,1222.0,0.10474528076171874,call,2026-09-18,SPY,765.6500244140625,2026-08-21T20:42:06.922519+00:00
817.0,0.11,0.12,0.17,16.0,764.0,0.10523355712890625,call,2026-09-18,SPY,765.6500244140625,2026-08-21T20:42:06.922519+00:00
818.0,0.1,0.11,0.14,16.0,3173.0,0.10572183349609374,call,2026-09-18,SPY,765.6500244140625,2026-08-21T20:42:06.922519+00:00
819.0,0.09,0.1,0.12,42.0,431.0,0.10596597167968749,call,2026-09-18,SPY,765.6500244140625,2026-08-21T20:42:06.922519+00:00
820.0,0.09,0.1,0.09,1055.0,31765.0,0.10767493896484376,call,2026-09-18,SPY,765.6500244140625,2026-08-21T20:42:06.922519+00:00
821.0,0.08,0.09,0.09,61.0,898.0,0.1079190771484375,call,2026-09-18,SPY,765.6500244140625,2026-08-21T20:42:06.922519+00:00
822.0,0.08,0.09,0.12,30.0,1591.0,0.10938390625,call,2026-09-18,SPY,765.6500244140625,2026-08-21T20:42:06.922519+00:00
823.0,0.07,0.08,0.1,3.0,1132.0,0.10938390625,call,2026-09-18,SPY,765.6500244140625,2026-08-21T20:42:06.922519+00:00
824.0,0.07,0.08,0.08,7.0,1244.0,0.11084873535156249,call,2026-09-18,SPY,765.6500244140625,2026-08-21T20:42:06.922519+00:00
825.0,0.07,0.08,0.08,43.0,9558.0,0.11255770263671874,call,2026-09-18,SPY,765.6500244140625,2026-08-21T20:42:06.922519+00:00
830.0,0.06,0.07,0.07,19.0,7998.0,0.1186611572265625,call,2026-09-18,SPY,765.6500244140625,2026-08-21T20:42:06.922519+00:00
835.0,0.04,0.05,0.05,20.0,4896.0,0.1215908154296875,call,2026-09-18,SPY,765.6500244140625,2026-08-21T20:42:06.922519+00:00
840.0,0.03,0.04,0.06,14.0,5699.0,0.125985302734375,call,2026-09-18,SPY,765.6500244140625,2026-08-21T20:42:06.922519+00:00
845.0,0.03,0.04,0.05,37.0,10464.0,0.132821171875,call,2026-09-18,SPY,765.6500244140625,2026-08-21T20:42:06.922519+00:00
850.0,0.03,0.04,0.04,32.0,9833.0,0.139657041015625,call,2026-09-18,SPY,765.6500244140625,2026-08-21T20:42:06.922519+00:00
855.0,0.02,0.03,0.04,1.0,3419.0,0.14258669921875,call,2026-09-18,SPY,765.6500244140625,2026-08-21T20:42:06.922519+00:00
860.0,0.02,0.03,0.03,1.0,4867.0,0.149422568359375,call,2026-09-18,SPY,765.6500244140625,2026-08-21T20:42:06.922519+00:00
865.0,0.02,0.03,0.03,1.0,3475.0,0.1562584375,call,2026-09-18,SPY,765.6500244140625,2026-08-21T20:42:06.922519+00:00
870.0,0.02,0.03,0.03,4.0,1224.0,0.16309430664062502,call,2026-09-18,SPY,765.6500244140625,2026-08-21T20:42:06.922519+00:00
875.0,0.01,0.02,0.02,10.0,4523.0,0.16309430664062502,call,2026-09-18,SPY,765.6500244140625,2026-08-21T20:42:06.922519+00:00
880.0,0.01,0.02,0.02,200.0,6169.0,0.16993017578125003,call,2026-09-18,SPY,765.6500244140625,2026-08-21T20:42:06.922519+00:00
885.0,0.01,0.02,0.02,26.0,4976.0,0.1757894921875,call,2026-09-18,SPY,765.6500244140625,2026-08-21T20:42:06.922519+00:00
890.0,0.01,0.02,0.02,5.0,1582.0,0.18164880859375,call,2026-09-18,SPY,765.6500244140625,2026-08-21T20:42:06.922519+00:00
895.0,0.01,0.02,0.02,10.0,8578.0,0.187508125,call,2026-09-18,SPY,765.6500244140625,2026-08-21T20:42:06.922519+00:00
900.0,0.01,0.02,0.01,1.0,13965.0,0.19336744140625,call,2026-09-18,SPY,765.6500244140625,2026-08-21T20:42:06.922519+00:00
905.0,0.01,0.02,0.02,4.0,4049.0,0.1992267578125,call,2026-09-18,SPY,765.6500244140625,2026-08-21T20:42:06.922519+00:00
910.0,0.01,0.02,0.01,14.0,3049.0,0.20508607421874997,call,2026-09-18,SPY,765.6500244140625,2026-08-21T20:42:06.922519+00:00
915.0,0.01,0.02,0.01,4.0,1415.0,0.21094539062499998,call,2026-09-18,SPY,765.6500244140625,2026-08-21T20:42:06.922519+00:00
920.0,0.0,0.01,0.01,4.0,1204.0,0.20508607421874997,call,2026-09-18,SPY,765.6500244140625,2026-08-21T20:42:06.922519+00:00
925.0,0.0,0.01,0.01,9703.0,3387.0,0.21094539062499998,call,2026-09-18,SPY,765.6500244140625,2026-08-21T20:42:06.922519+00:00
930.0,0.0,0.01,0.02,2920.0,4637.0,0.2148516015625,call,2026-09-18,SPY,765.6500244140625,2026-08-21T20:42:06.922519+00:00
935.0,0.0,0.01,0.01,1439.0,1585.0,0.22266402343749997,call,2026-09-18,SPY,765.6500244140625,2026-08-21T20:42:06.922519+00:00
940.0,0.0,0.01,0.01,1000.0,2744.0,0.22657023437499998,call,2026-09-18,SPY,765.6500244140625,2026-08-21T20:42:06.922519+00:00
945.0,0.0,0.01,0.01,40.0,3736.0,0.23242955078125,call,2026-09-18,SPY,765.6500244140625,2026-08-21T20:42:06.922519+00:00
950.0,0.0,0.01,0.01,12.0,3023.0,0.23828886718749998,call,2026-09-18,SPY,765.6500244140625,2026-08-21T20:42:06.922519+00:00
955.0,0.0,0.01,0.03,277.0,3253.0,0.242195078125,call,2026-09-18,SPY,765.6500244140625,2026-08-21T20:42:06.922519+00:00
960.0,0.0,0.01,0.01,15.0,2177.0,0.2500075,call,2026-09-18,SPY,765.6500244140625,2026-08-21T20:42:06.922519+00:00
965.0,0.0,0.01,0.01,1.0,3222.0,0.25391371093750004,call,2026-09-18,SPY,765.6500244140625,2026-08-21T20:42:06.922519+00:00
970.0,0.0,0.01,0.01,10.0,3688.0,0.257819921875,call,2026-09-18,SPY,765.6500244140625,2026-08-21T20:42:06.922519+00:00
975.0,0.0,0.01,0.02,7034.0,8632.0,0.26563234375,call,2026-09-18,SPY,765.6500244140625,2026-08-21T20:42:06.922519+00:00
980.0,0.0,0.01,0.01,1.0,4173.0,0.2695385546875,call,2026-09-18,SPY,765.6500244140625,2026-08-21T20:42:06.922519+00:00
985.0,0.0,0.01,0.02,1.0,2927.0,0.273444765625,call,2026-09-18,SPY,765.6500244140625,2026-08-21T20:42:06.922519+00:00
990.0,0.0,0.01,0.01,12.0,17224.0,0.28125718749999995,call,2026-09-18,SPY,765.6500244140625,2026-08-21T20:42:06.922519+00:00
995.0,0.0,0.01,0.02,1.0,3865.0,0.28516339843749994,call,2026-09-18,SPY,765.6500244140625,2026-08-21T20:42:06.922519+00:00
1000.0,0.0,0.01,0.01,1.0,8564.0,0.2890696093749999,call,2026-09-18,SPY,765.6500244140625,2026-08-21T20:42:06.922519+00:00
300.0,0.0,0.01,0.01,1.0,27754.0,0.92187578125,put,2026-09-18,SPY,765.6500244140625,2026-08-21T20:42:06.922519+00:00
305.0,0.0,0.01,0.01,5.0,8382.0,0.9062509375,put,2026-09-18,SPY,765.6500244140625,2026-08-21T20:42:06.922519+00:00
310.0,0.0,0.01,0.01,25.0,14915.0,0.8906260937499999,put,2026-09-18,SPY,765.6500244140625,2026-08-21T20:42:06.922519+00:00
315.0,0.0,0.01,0.01,1400.0,5753.0,0.87500125,put,2026-09-18,SPY,765.6500244140625,2026-08-21T20:42:06.922519+00:00
320.0,0.0,0.01,0.01,4.0,4856.0,0.85937640625,put,2026-09-18,SPY,765.6500244140625,2026-08-21T20:42:06.922519+00:00
325.0,0.0,0.01,0.01,1.0,5193.0,0.8437515624999999,put,2026-09-18,SPY,765.6500244140625,2026-08-21T20:42:06.922519+00:00
330.0,0.0,0.01,0.01,104.0,8548.0,0.8437515624999999,put,2026-09-18,SPY,765.6500244140625,2026-08-21T20:42:06.922519+00:00
335.0,0.0,0.01,0.01,5.0,4531.0,0.8125018749999999,put,2026-09-18,SPY,765.6500244140625,2026-08-21T20:42:06.922519+00:00
340.0,0.0,0.01,0.01,10.0,1832.0,0.8125018749999999,put,2026-09-18,SPY,765.6500244140625,2026-08-21T20:42:06.922519+00:00
345.0,0.0,0.01,0.01,10.0,2933.0,0.7812521875,put,2026-09-18,SPY,765.6500244140625,2026-08-21T20:42:06.922519+00:00
350.0,0.0,0.01,0.01,39.0,19370.0,0.7812521875,put,2026-09-18,SPY,765.6500244140625,2026-08-21T20:42:06.922519+00:00
355.0,0.0,0.01,0.01,4.0,12972.0,0.7656273437500001,put,2026-09-18,SPY,765.6500244140625,2026-08-21T20:42:06.922519+00:00
360.0,0.0,0.01,0.01,500.0,27624.0,0.7500025,put,2026-09-18,SPY,765.6500244140625,2026-08-21T20:42:06.922519+00:00
365.0,0.0,0.01,0.01,4.0,16336.0,0.73437765625,put,2026-09-18,SPY,765.6500244140625,2026-08-21T20:42:06.922519+00:00
370.0,0.0,0.01,0.01,200.0,21532.0,0.7187528125,put,2026-09-18,SPY,765.6500244140625,2026-08-21T20:42:06.922519+00:00
375.0,0.0,0.01,0.01,437.0,2517.0,0.7187528125,put,2026-09-18,SPY,765.6500244140625,2026-08-21T20:42:06.922519+00:00
380.0,0.01,0.02,0.02,9.0,2855.0,0.7578149218750001,put,2026-09-18,SPY,765.6500244140625,2026-08-21T20:42:06.922519+00:00
385.0,0.01,0.02,0.02,5.0,912.0,0.7421900781249999,put,2026-09-18,SPY,765.6500244140625,2026-08-21T20:42:06.922519+00:00
390.0,0.01,0.02,0.02,400.0,1178.0,0.726565234375,put,2026-09-18,SPY,765.6500244140625,2026-08-21T20:42:06.922519+00:00
395.0,0.01,0.02,0.03,4.0,2292.0,0.7187528125,put,2026-09-18,SPY,765.6500244140625,2026-08-21T20:42:06.922519+00:00
400.0,0.01,0.02,0.01,7.0,24127.0,0.70312796875,put,2026-09-18,SPY,765.6500244140625,2026-08-21T20:42:06.922519+00:00
405.0,0.01,0.02,0.01,1.0,2939.0,0.6875031250000001,put,2026-09-18,SPY,765.6500244140625,2026-08-21T20:42:06.922519+00:00
410.0,0.01,0.02,0.04,5.0,637.0,0.6796907031250001,put,2026-09-18,SPY,765.6500244140625,2026-08-21T20:42:06.922519+00:00
415.0,0.01,0.02,0.02,1.0,105332.0,0.6640658593750002,put,2026-09-18,SPY,765.6500244140625,2026-08-21T20:42:06.922519+00:00
420.0,0.01,0.02,0.03,30.0,105782.0,0.6523472265625001,put,2026-09-18,SPY,765.6500244140625,2026-08-21T20:42:06.922519+00:00
425.0,0.01,0.02,0.03,18.0,100547.0,0.64062859375,put,2026-09-18,SPY,765.6500244140625,2026-08-21T20:42:06.922519+00:00
430.0,0.02,0.03,0.03,1.0,1616.0,0.6523472265625001,put,2026-09-18,SPY,765.6500244140625,2026-08-21T20:42:06.922519+00:00
435.0,0.02,0.03,0.03,2.0,1848.0,0.64062859375,put,2026-09-18,SPY,765.6500244140625,2026-08-21T20:42:06.922519+00:00
440.0,0.02,0.03,0.03,202.0,4860.0,0.6289099609375001,put,2026-09-18,SPY,765.6500244140625,2026-08-21T20:42:06.922519+00:00
445.0,0.02,0.03,0.03,30.0,822.0,0.6171913281250001,put,2026-09-18,SPY,765.6500244140625,2026-08-21T20:42:06.922519+00:00
450.0,0.02,0.03,0.03,226.0,12683.0,0.6054726953125001,put,2026-09-18,SPY,765.6500244140625,2026-08-21T20:42:06.922519+00:00
455.0,0.03,0.04,0.03,1.0,4311.0,0.6093789062500001,put,2026-09-18,SPY,765.6500244140625,2026-08-21T20:42:06.922519+00:00
460.0,0.03,0.04,0.03,1.0,574.0,0.5976602734375001,put,2026-09-18,SPY,765.6500244140625,2026-08-21T20:42:06.922519+00:00
465.0,0.03,0.04,0.04,3.0,559.0,0.585941640625,put,2026-09-18,SPY,765.6500244140625,2026-08-21T20:42:06.922519+00:00
470.0,0.03,0.04,0.04,107.0,9383.0,0.5742230078125,put,2026-09-18,SPY,765.6500244140625,2026-08-21T20:42:06.922519+00:00
475.0,0.04,0.05,0.04,7.0,1804.0,0.5742230078125,put,2026-09-18,SPY,765.6500244140625,2026-08-21T20:42:06.922519+00:00
480.0,0.04,0.05,0.05,12.0,10792.0,0.5625043750000001,put,2026-09-18,SPY,765.6500244140625,2026-08-21T20:42:06.922519+00:00
485.0,0.04,0.05,0.06,11.0,805.0,0.5507857421875001,put,2026-09-18,SPY,765.6500244140625,2026-08-21T20:42:06.922519+00:00
490.0,0.05,0.06,0.06,200.0,1433.0,0.5507857421875001,put,2026-09-18,SPY,765.6500244140625,2026-08-21T20:42:06.922519+00:00
495.0,0.05,0.06,0.05,993.0,3287.0,0.5390671093750001,put,2026-09-18,SPY,765.6500244140625,2026-08-21T20:42:06.922519+00:00
500.0,0.05,0.06,0.06,132.0,9520.0,0.5273484765625001,put,2026-09-18,SPY,765.6500244140625,2026-08-21T20:42:06.922519+00:00
505.0,0.06,0.07,0.07,3.0,5507.0,0.523442265625,put,2026-09-18,SPY,765.6500244140625,2026-08-21T20:42:06.922519+00:00
510.0,0.06,0.07,0.07,30.0,2539.0,0.5117236328125,put,2026-09-18,SPY,765.6500244140625,2026-08-21T20:42:06.922519+00:00
515.0,0.06,0.07,0.08,5.0,201850.0,0.500005,put,2026-09-18,SPY,765.6500244140625,2026-08-21T20:42:06.922519+00:00
520.0,0.07,0.08,0.08,15.0,210083.0,0.500005,put,2026-09-18,SPY,765.6500244140625,2026-08-21T20:42:06.922519+00:00
525.0,0.07,0.08,0.08,39.0,208970.0,0.48828636718750007,put,2026-09-18,SPY,765.6500244140625,2026-08-21T20:42:06.922519+00:00
530.0,0.08,0.09,0.1,12.0,3266.0,0.48242705078125003,put,2026-09-18,SPY,765.6500244140625,2026-08-21T20:42:06.922519+00:00
535.0,0.09,0.1,0.11,20.0,1868.0,0.476567734375,put,2026-09-18,SPY,765.6500244140625,2026-08-21T20:42:06.922519+00:00
540.0,0.09,0.1,0.1,6.0,2973.0,0.46484910156250003,put,2026-09-18,SPY,765.6500244140625,2026-08-21T20:42:06.922519+00:00
545.0,0.1,0.11,0.14,11.0,4902.0,0.4580132324218751,put,2026-09-18,SPY,765.6500244140625,2026-08-21T20:42:06.922519+00:00
550.0,0.11,0.12,0.11,420.0,18226.0,0.45117736328125,put,2026-09-18,SPY,765.6500244140625,2026-08-21T20:42:06.922519+00:00
555.0,0.12,0.13,0.13,1.0,1118.0,0.44385321777343745,put,2026-09-18,SPY,765.6500244140625,2026-08-21T20:42:06.922519+00:00
560.0,0.13,0.14,0.14,5.0,3854.0,0.43604079589843747,put,2026-09-18,SPY,765.6500244140625,2026-08-21T20:42:06.922519+00:00
565.0,0.14,0.15,0.15,7.0,10876.0,0.4282283740234375,put,2026-09-18,SPY,765.6500244140625,2026-08-21T20:42:06.922519+00:00
570.0,0.15,0.16,0.17,100.0,6752.0,0.41992767578125,put,2026-09-18,SPY,765.6500244140625,2026-08-21T20:42:06.922519+00:00
575.0,0.16,0.17,0.17,31.0,13372.0,0.4116269775390625,put,2026-09-18,SPY,765.6500244140625,2026-08-21T20:42:06.922519+00:00
580.0,0.17,0.18,0.18,694.0,11195.0,0.40332627929687503,put,2026-09-18,SPY,765.6500244140625,2026-08-21T20:42:06.922519+00:00
585.0,0.18,0.19,0.2,10.0,8937.0,0.39453730468750003,put,2026-09-18,SPY,765.6500244140625,2026-08-21T20:42:06.922519+00:00
590.0,0.2,0.21,0.2,36.0,20209.0,0.3881897119140625,put,2026-09-18,SPY,765.6500244140625,2026-08-21T20:42:06.922519+00:00
595.0,0.21,0.22,0.23,10.0,8140.0,0.3789124609375,put,2026-09-18,SPY,765.6500244140625,2026-08-21T20:42:06.922519+00:00
600.0,0.23,0.24,0.22,524.0,63400.0,0.37183245361328127,put,2026-09-18,SPY,765.6500244140625,2026-08-21T20:42:06.922519+00:00
601.0,0.23,0.24,0.24,1.0,1637.0,0.36963520996093746,put,2026-09-18,SPY,765.6500244140625,2026-08-21T20:42:06.922519+00:00
602.0,0.23,0.24,0.25,26.0,79.0,0.367193828125,put,2026-09-18,SPY,765.6500244140625,2026-08-21T20:42:06.922519+00:00
603.0,0.24,0.25,0.25,26.0,1536.0,0.36694968994140625,put,2026-09-18,SPY,765.6500244140625,2026-08-21T20:42:06.922519+00:00
604.0,0.24,0.25,0.27,1.0,994.0,0.36475244628906256,put,2026-09-18,SPY,765.6500244140625,2026-08-21T20:42:06.922519+00:00
605.0,0.24,0.25,0.27,1.0,51837.0,0.362311064453125,put,2026-09-18,SPY,765.6500244140625,2026-08-21T20:42:06.922519+00:00
606.0,0.25,0.26,0.25,3.0,517.0,0.36206692626953124,put,2026-09-18,SPY,765.6500244140625,2026-08-21T20:42:06.922519+00:00
607.0,0.25,0.26,0.34,53.0,138.0,0.35986968261718744,put,2026-09-18,SPY,765.6500244140625,2026-08-21T20:42:06.922519+00:00
608.0,0.25,0.26,0.73,2.0,88.0,0.35742830078125,put,2026-09-18,SPY,765.6500244140625,2026-08-21T20:42:06.922519+00:00
609.0,0.26,0.27,0.32,1.0,135.0,0.3569400244140625,put,2026-09-18,SPY,765.6500244140625,2026-08-21T20:42:06.922519+00:00
610.0,0.26,0.27,0.27,83.0,51508.0,0.35474278076171867,put,2026-09-18,SPY,765.6500244140625,2026-08-21T20:42:06.922519+00:00
611.0,0.26,0.27,0.28,6.0,451.0,0.352545537109375,put,2026-09-18,SPY,765.6500244140625,2026-08-21T20:42:06.922519+00:00
612.0,0.27,0.28,0.3,60.0,281.0,0.35205726074218746,put,2026-09-18,SPY,765.6500244140625,2026-08-21T20:42:06.922519+00:00
613.0,0.27,0.28,0.38,63.0,353.0,0.34961587890624996,put,2026-09-18,SPY,765.6500244140625,2026-08-21T20:42:06.922519+00:00
614.0,0.28,0.29,0.38,1.0,1152.0,0.3491276025390625,put,2026-09-18,SPY,765.6500244140625,2026-08-21T20:42:06.922519+00:00
615.0,0.28,0.29,0.29,56.0,104597.0,0.34668622070312494,put,2026-09-18,SPY,765.6500244140625,2026-08-21T20:42:06.922519+00:00
616.0,0.28,0.29,0.29,14.0,298.0,0.34448897705078124,put,2026-09-18,SPY,765.6500244140625,2026-08-21T20:42:06.922519+00:00
617.0,0.29,0.3,0.31,13.0,245.0,0.3437565625,put,2026-09-18,SPY,765.6500244140625,2026-08-21T20:42:06.922519+00:00
618.0,0.29,0.3,0.34,2.0,684.0,0.3415593188476562,put,2026-09-18,SPY,765.6500244140625,2026-08-21T20:42:06.922519+00:00
619.0,0.3,0.31,0.33,1.0,315.0,0.340826904296875,put,2026-09-18,SPY,765.6500244140625,2026-08-21T20:42:06.922519+00:00
620.0,0.3,0.31,0.3,43.0,157975.0,0.3386296606445312,put,2026-09-18,SPY,765.6500244140625,2026-08-21T20:42:06.922519+00:00
621.0,0.3,0.31,0.35,1.0,655.0,0.33618827880859375,put,2026-09-18,SPY,765.6500244140625,2026-08-21T20:42:06.922519+00:00
622.0,0.31,0.32,0.43,114.0,923.0,0.3354558642578125,put,2026-09-18,SPY,765.6500244140625,2026-08-21T20:42:06.922519+00:00
623.0,0.31,0.32,0.5,3.0,239.0,0.3332586206054688,put,2026-09-18,SPY,765.6500244140625,2026-08-21T20:42:06.922519+00:00
624.0,0.32,0.33,0.34,1.0,806.0,0.33228206787109377,put,2026-09-18,SPY,765.6500244140625,2026-08-21T20:42:06.922519+00:00
625.0,0.32,0.33,0.33,54.0,132811.0,0.33008482421874996,put,2026-09-18,SPY,765.6500244140625,2026-08-21T20:42:06.922519+00:00
626.0,0.33,0.34,0.35,37.0,339.0,0.32910827148437494,put,2026-09-18,SPY,765.6500244140625,2026-08-21T20:42:06.922519+00:00
627.0,0.33,0.34,0.37,1.0,407.0,0.32691102783203124,put,2026-09-18,SPY,765.6500244140625,2026-08-21T20:42:06.922519+00:00
628.0,0.34,0.35,0.38,1.0,362.0,0.3259344750976562,put,2026-09-18,SPY,765.6500244140625,2026-08-21T20:42:06.922519+00:00
629.0,0.34,0.35,0.46,1.0,213.0,0.3237372314453124,put,2026-09-18,SPY,765.6500244140625,2026-08-21T20:42:06.922519+00:00
630.0,0.35,0.36,0.36,98.0,10373.0,0.3227606787109374,put,2026-09-18,SPY,765.6500244140625,2026-08-21T20:42:06.922519+00:00
631.0,0.35,0.36,0.4,2.0,381.0,0.32031929687499994,put,2026-09-18,SPY,765.6500244140625,2026-08-21T20:42:06.922519+00:00
632.0,0.36,0.37,0.4,3.0,486.0,0.3193427441406249,put,2026-09-18,SPY,765.6500244140625,2026-08-21T20:42:06.922519+00:00
633.0,0.36,0.37,0.38,4.0,604.0,0.3171455004882812,put,2026-09-18,SPY,765.6500244140625,2026-08-21T20:42:06.922519+00:00
634.0,0.37,0.38,0.39,37.0,767.0,0.31592480957031244,put,2026-09-18,SPY,765.6500244140625,2026-08-21T20:42:06.922519+00:00
635.0,0.37,0.38,0.38,108.0,8489.0,0.31372756591796874,put,2026-09-18,SPY,765.6500244140625,2026-08-21T20:42:06.922519+00:00
636.0,0.38,0.39,0.4,5.0,263.0,0.31250687499999996,put,2026-09-18,SPY,765.6500244140625,2026-08-21T20:42:06.922519+00:00
637.0,0.38,0.39,0.46,8.0,448.0,0.3103096313476562,put,2026-09-18,SPY,765.6500244140625,2026-08-21T20:42:06.922519+00:00
638.0,0.39,0.4,0.52,4.0,584.0,0.3090889404296875,put,2026-09-18,SPY,765.6500244140625,2026-08-21T20:42:06.922519+00:00
639.0,0.4,0.41,0.42,45.0,669.0,0.3078682495117187,put,2026-09-18,SPY,765.6500244140625,2026-08-21T20:42:06.922519+00:00
640.0,0.4,0.41,0.41,49.0,12776.0,0.305671005859375,put,2026-09-18,SPY,765.6500244140625,2026-08-21T20:42:06.922519+00:00
641.0,0.41,0.42,0.57,1.0,556.0,0.30445031494140623,put,2026-09-18,SPY,765.6500244140625,2026-08-21T20:42:06.922519+00:00
642.0,0.41,0.42,0.44,9.0,1028.0,0.30225307128906254,put,2026-09-18,SPY,765.6500244140625,2026-08-21T20:42:06.922519+00:00
643.0,0.42,0.43,0.46,6.0,285.0,0.3009103112792969,put,2026-09-18,SPY,765.6500244140625,2026-08-21T20:42:06.922519+00:00
644.0,0.43,0.44,0.55,1.0,209.0,0.2995675512695312,put,2026-09-18,SPY,765.6500244140625,2026-08-21T20:42:06.922519+00:00
645.0,0.43,0.44,0.43,46.0,6277.0,0.2973703076171874,put,2026-09-18,SPY,765.6500244140625,2026-08-21T20:42:06.922519+00:00
646.0,0.44,0.45,0.5,1.0,479.0,0.2960275476074219,put,2026-09-18,SPY,765.6500244140625,2026-08-21T20:42:06.922519+00:00
647.0,0.45,0.46,0.62,3.0,246.0,0.2946847875976562,put,2026-09-18,SPY,765.6500244140625,2026-08-21T20:42:06.922519+00:00
648.0,0.45,0.46,0.5,73.0,322.0,0.2924875439453124,put,2026-09-18,SPY,765.6500244140625,2026-08-21T20:42:06.922519+00:00
649.0,0.46,0.47,0.46,9.0,805.0,0.2910227148437499,put,2026-09-18,SPY,765.6500244140625,2026-08-21T20:42:06.922519+00:00
650.0,0.47,0.48,0.47,9741.0,87708.0,0.28967995483398434,put,2026-09-18,SPY,765.6500244140625,2026-08-21T20:42:06.922519+00:00
651.0,0.47,0.48,0.46,11.0,1119.0,0.2873606420898437,put,2026-09-18,SPY,765.6500244140625,2026-08-21T20:42:06.922519+00:00
652.0,0.48,0.49,0.48,2.0,420.0,0.2858958129882812,put,2026-09-18,SPY,765.6500244140625,2026-08-21T20:42:06.922519+00:00
653.0,0.49,0.5,0.49,4.0,520.0,0.28443098388671867,put,2026-09-18,SPY,765.6500244140625,2026-08-21T20:42:06.922519+00:00
654.0,0.5,0.51,0.56,35.0,515.0,0.2830882238769531,put,2026-09-18,SPY,765.6500244140625,2026-08-21T20:42:06.922519+00:00
655.0,0.5,0.51,0.53,131.0,30990.0,0.28076891113281244,put,2026-09-18,SPY,765.6500244140625,2026-08-21T20:42:06.922519+00:00
656.0,0.51,0.52,0.55,9.0,381.0,0.27930408203124996,put,2026-09-18,SPY,765.6500244140625,2026-08-21T20:42:06.922519+00:00
657.0,0.52,0.53,0.52,3.0,755.0,0.2778392529296875,put,2026-09-18,SPY,765.6500244140625,2026-08-21T20:42:06.922519+00:00
658.0,0.53,0.54,0.56,1.0,625.0,0.27625235473632803,put,2026-09-18,SPY,765.6500244140625,2026-08-21T20:42:06.922519+00:00
659.0,0.54,0.55,0.59,5.0,614.0,0.27466545654296876,put,2026-09-18,SPY,765.6500244140625,2026-08-21T20:42:06.922519+00:00
660.0,0.54,0.55,0.55,149.0,89979.0,0.27246821289062495,put,2026-09-18,SPY,765.6500244140625,2026-08-21T20:42:06.922519+00:00
661.0,0.55,0.56,0.76,2.0,630.0,0.27075924560546877,put,2026-09-18,SPY,765.6500244140625,2026-08-21T20:42:06.922519+00:00
662.0,0.56,0.57,0.77,2.0,1232.0,0.26929441650390623,put,2026-09-18,SPY,765.6500244140625,2026-08-21T20:42:06.922519+00:00
663.0,0.57,0.58,0.64,2.0,1014.0,0.26770751831054684,put,2026-09-18,SPY,765.6500244140625,2026-08-21T20:42:06.922519+00:00
664.0,0.58,0.59,0.8,1.0,641.0,0.2661206201171875,put,2026-09-18,SPY,765.6500244140625,2026-08-21T20:42:06.922519+00:00
665.0,0.59,0.6,0.6,18.0,110453.0,0.2644116528320312,put,2026-09-18,SPY,765.6500244140625,2026-08-21T20:42:06.922519+00:00
666.0,0.6,0.61,0.59,2.0,1172.0,0.26282475463867194,put,2026-09-18,SPY,765.6500244140625,2026-08-21T20:42:06.922519+00:00
667.0,0.61,0.62,0.61,11.0,906.0,0.2612378564453125,put,2026-09-18,SPY,765.6500244140625,2026-08-21T20:42:06.922519+00:00
668.0,0.62,0.63,0.62,8.0,1596.0,0.25952888916015626,put,2026-09-18,SPY,765.6500244140625,2026-08-21T20:42:06.922519+00:00
669.0,0.63,0.64,0.81,1.0,966.0,0.257819921875,put,2026-09-18,SPY,765.6500244140625,2026-08-21T20:42:06.922519+00:00
670.0,0.64,0.65,0.64,1184.0,61472.0,0.2561109545898438,put,2026-09-18,SPY,765.6500244140625,2026-08-21T20:42:06.922519+00:00
671.0,0.65,0.66,0.75,6.0,1602.0,0.25440198730468755,put,2026-09-18,SPY,765.6500244140625,2026-08-21T20:42:06.922519+00:00
672.0,0.66,0.67,0.68,11.0,1119.0,0.25269302001953126,put,2026-09-18,SPY,765.6500244140625,2026-08-21T20:42:06.922519+00:00
673.0,0.68,0.69,0.76,5.0,926.0,0.2515943981933594,put,2026-09-18,SPY,765.6500244140625,2026-08-21T20:42:06.922519+00:00
674.0,0.69,0.7,0.73,10.0,3072.0,0.24976336181640624,put,2026-09-18,SPY,765.6500244140625,2026-08-21T20:42:06.922519+00:00
675.0,0.7,0.71,0.71,114.0,22927.0,0.24805439453125,put,2026-09-18,SPY,765.6500244140625,2026-08-21T20:42:06.922519+00:00
676.0,0.71,0.72,0.8,57.0,693.0,0.24622335815429688,put,2026-09-18,SPY,765.6500244140625,2026-08-21T20:42:06.922519+00:00
677.0,0.73,0.74,0.73,20.0,1077.0,0.24500266723632813,put,2026-09-18,SPY,765.6500244140625,2026-08-21T20:42:06.922519+00:00
678.0,0.74,0.75,0.75,6.0,1111.0,0.243171630859375,put,2026-09-18,SPY,765.6500244140625,2026-08-21T20:42:06.922519+00:00
679.0,0.75,0.76,0.74,1.0,1202.0,0.24134059448242187,put,2026-09-18,SPY,765.6500244140625,2026-08-21T20:42:06.922519+00:00
680.0,0.77,0.78,0.76,97.0,24714.0,0.2399978344726562,put,2026-09-18,SPY,765.6500244140625,2026-08-21T20:42:06.922519+00:00
681.0,0.78,0.79,0.79,1.0,767.0,0.2381667980957031,put,2026-09-18,SPY,765.6500244140625,2026-08-21T20:42:06.922519+00:00
682.0,0.8,0.81,0.85,1.0,960.0,0.2368240380859375,put,2026-09-18,SPY,765.6500244140625,2026-08-21T20:42:06.922519+00:00
683.0,0.81,0.82,0.93,1.0,623.0,0.2348709326171875,put,2026-09-18,SPY,765.6500244140625,2026-08-21T20:42:06.922519+00:00
684.0,0.83,0.84,0.84,51.0,699.0,0.23352817260742187,put,2026-09-18,SPY,765.6500244140625,2026-08-21T20:42:06.922519+00:00
685.0,0.84,0.86,0.86,112.0,14349.0,0.23206334350585936,put,2026-09-18,SPY,765.6500244140625,2026-08-21T20:42:06.922519+00:00
686.0,0.86,0.87,0.91,1.0,996.0,0.23011023803710937,put,2026-09-18,SPY,765.6500244140625,2026-08-21T20:42:06.922519+00:00
687.0,0.88,0.89,0.93,16.0,570.0,0.22864540893554688,put,2026-09-18,SPY,765.6500244140625,2026-08-21T20:42:06.922519+00:00
688.0,0.9,0.91,0.89,1464.0,2407.0,0.22718057983398435,put,2026-09-18,SPY,765.6500244140625,2026-08-21T20:42:06.922519+00:00
689.0,0.92,0.93,0.93,59.0,716.0,0.225593681640625,put,2026-09-18,SPY,765.6500244140625,2026-08-21T20:42:06.922519+00:00
690.0,0.94,0.95,0.94,2119.0,19941.0,0.224067817993164,put,2026-09-18,SPY,765.6500244140625,2026-08-21T20:42:06.922519+00:00
691.0,0.96,0.97,0.94,19.0,465.0,0.22248091979980467,put,2026-09-18,SPY,765.6500244140625,2026-08-21T20:42:06.922519+00:00
692.0,0.98,0.99,1.03,21.0,2353.0,0.22089402160644528,put,2026-09-18,SPY,765.6500244140625,2026-08-21T20:42:06.922519+00:00
693.0,1.0,1.01,1.01,27.0,1216.0,0.2192460888671875,put,2026-09-18,SPY,765.6500244140625,2026-08-21T20:42:06.922519+00:00
694.0,1.02,1.03,1.08,90.0,1033.0,0.21759815612792968,put,2026-09-18,SPY,765.6500244140625,2026-08-21T20:42:06.922519+00:00
695.0,1.04,1.06,1.05,1374.0,8213.0,0.21631643066406248,put,2026-09-18,SPY,765.6500244140625,2026-08-21T20:42:06.922519+00:00
696.0,1.07,1.08,1.06,13.0,1079.0,0.21460746337890624,put,2026-09-18,SPY,765.6500244140625,2026-08-21T20:42:06.922519+00:00
697.0,1.09,1.11,1.09,22.0,803.0,0.21326470336914063,put,2026-09-18,SPY,765.6500244140625,2026-08-21T20:42:06.922519+00:00
698.0,1.12,1.13,1.1,233.0,2049.0,0.21155573608398434,put,2026-09-18,SPY,765.6500244140625,2026-08-21T20:42:06.922519+00:00
699.0,1.15,1.16,1.16,37.0,1687.0,0.21009090698242186,put,2026-09-18,SPY,765.6500244140625,2026-08-21T20:42:06.922519+00:00
700.0,1.18,1.19,1.19,1701.0,58387.0,0.20868711242675775,put,2026-09-18,SPY,765.6500244140625,2026-08-21T20:42:06.922519+00:00
701.0,1.2,1.21,1.34,5.0,1564.0,0.20685607604980466,put,2026-09-18,SPY,765.6500244140625,2026-08-21T20:42:06.922519+00:00
702.0,1.23,1.24,1.28,9.0,818.0,0.20533021240234373,put,2026-09-18,SPY,765.6500244140625,2026-08-21T20:42:06.922519+00:00
703.0,1.26,1.27,1.33,28.0,642.0,0.2038043487548828,put,2026-09-18,SPY,765.6500244140625,2026-08-21T20:42:06.922519+00:00
704.0,1.29,1.31,1.31,15.0,1329.0,0.202583657836914,put,2026-09-18,SPY,765.6500244140625,2026-08-21T20:42:06.922519+00:00
705.0,1.33,1.34,1.33,77.0,9899.0,0.20099675964355468,put,2026-09-18,SPY,765.6500244140625,2026-08-21T20:42:06.922519+00:00
706.0,1.36,1.37,1.37,15.0,996.0,0.19934882690429687,put,2026-09-18,SPY,765.6500244140625,2026-08-21T20:42:06.922519+00:00
707.0,1.39,1.41,1.4,124.0,1759.0,0.19800606689453126,put,2026-09-18,SPY,765.6500244140625,2026-08-21T20:42:06.922519+00:00
708.0,1.43,1.45,1.46,52.0,1186.0,0.1966633068847656,put,2026-09-18,SPY,765.6500244140625,2026-08-21T20:42:06.922519+00:00
709.0,1.47,1.48,1.49,94.0,7389.0,0.19489330505371094,put,2026-09-18,SPY,765.6500244140625,2026-08-21T20:42:06.922519+00:00
710.0,1.51,1.52,1.53,2628.0,53140.0,0.19342847595214846,put,2026-09-18,SPY,765.6500244140625,2026-08-21T20:42:06.922519+00:00
711.0,1.55,1.56,1.53,42.0,2813.0,0.19190261230468753,put,2026-09-18,SPY,765.6500244140625,2026-08-21T20:42:06.922519+00:00
712.0,1.59,1.61,1.59,268.0,2032.0,0.19068192138671874,put,2026-09-18,SPY,765.6500244140625,2026-08-21T20:42:06.922519+00:00
713.0,1.64,1.65,1.65,175.0,1220.0,0.18909502319335939,put,2026-09-18,SPY,765.6500244140625,2026-08-21T20:42:06.922519+00:00
714.0,1.68,1.7,1.64,77.0,1734.0,0.18775226318359373,put,2026-09-18,SPY,765.6500244140625,2026-08-21T20:42:06.922519+00:00
715.0,1.73,1.75,1.74,9121.0,31945.0,0.1863484686279297,put,2026-09-18,SPY,765.6500244140625,2026-08-21T20:42:06.922519+00:00
716.0,1.78,1.8,1.73,487.0,1479.0,0.18488363952636716,put,2026-09-18,SPY,765.6500244140625,2026-08-21T20:42:06.922519+00:00
717.0,1.83,1.85,1.83,194.0,2542.0,0.18338829315185545,put,2026-09-18,SPY,765.6500244140625,2026-08-21T20:42:06.922519+00:00
718.0,1.88,1.9,1.9,280.0,2407.0,0.1818319122314453,put,2026-09-18,SPY,765.6500244140625,2026-08-21T20:42:06.922519+00:00
719.0,1.94,1.96,1.9,308.0,4324.0,0.1804891522216797,put,2026-09-18,SPY,765.6500244140625,2026-08-21T20:42:06.922519+00:00
720.0,2.0,2.01,2.02,9412.0,40638.0,0.1788717367553711,put,2026-09-18,SPY,765.6500244140625,2026-08-21T20:42:06.922519+00:00
721.0,2.06,2.08,2.06,147.0,2281.0,0.17768156311035155,put,2026-09-18,SPY,765.6500244140625,2026-08-21T20:42:06.922519+00:00
722.0,2.12,2.14,2.05,1535.0,2144.0,0.17618621673583984,put,2026-09-18,SPY,765.6500244140625,2026-08-21T20:42:06.922519+00:00
723.0,2.18,2.2,2.2,571.0,2471.0,0.1746298358154297,put,2026-09-18,SPY,765.6500244140625,2026-08-21T20:42:06.922519+00:00
724.0,2.25,2.27,2.2,374.0,4313.0,0.17325655853271482,put,2026-09-18,SPY,765.6500244140625,2026-08-21T20:42:06.922519+00:00
725.0,2.33,2.34,2.35,1345.0,24946.0,0.17182224670410157,put,2026-09-18,SPY,765.6500244140625,2026-08-21T20:42:06.922519+00:00
726.0,2.4,2.42,2.43,15577.0,16985.0,0.17054052124023442,put,2026-09-18,SPY,765.6500244140625,2026-08-21T20:42:06.922519+00:00
727.0,2.47,2.49,2.47,256.0,1450.0,0.16901465759277345,put,2026-09-18,SPY,765.6500244140625,2026-08-21T20:42:06.922519+00:00
728.0,2.55,2.57,2.58,24435.0,4012.0,0.1676108630371094,put,2026-09-18,SPY,765.6500244140625,2026-08-21T20:42:06.922519+00:00
729.0,2.64,2.66,2.64,973.0,10084.0,0.16635965484619147,put,2026-09-18,SPY,765.6500244140625,2026-08-21T20:42:06.922519+00:00
730.0,2.73,2.74,2.73,39990.0,51234.0,0.16480327392578126,put,2026-09-18,SPY,765.6500244140625,2026-08-21T20:42:06.922519+00:00
731.0,2.81,2.83,2.84,315.0,2865.0,0.16342999664306646,put,2026-09-18,SPY,765.6500244140625,2026-08-21T20:42:06.922519+00:00
732.0,2.91,2.93,2.93,4669.0,30088.0,0.16214827117919922,put,2026-09-18,SPY,765.6500244140625,2026-08-21T20:42:06.922519+00:00
733.0,3.0,3.03,3.04,426.0,6530.0,0.1608055111694336,put,2026-09-18,SPY,765.6500244140625,2026-08-21T20:42:06.922519+00:00
734.0,3.11,3.13,3.13,179.0,7697.0,0.1593711993408203,put,2026-09-18,SPY,765.6500244140625,2026-08-21T20:42:06.922519+00:00
735.0,3.21,3.24,3.23,1077.0,32490.0,0.15805895660400393,put,2026-09-18,SPY,765.6500244140625,2026-08-21T20:42:06.922519+00:00
736.0,3.32,3.35,3.34,205.0,16800.0,0.15668567932128907,put,2026-09-18,SPY,765.6500244140625,2026-08-21T20:42:06.922519+00:00
737.0,3.44,3.46,3.47,240.0,3634.0,0.15519033294677737,put,2026-09-18,SPY,765.6500244140625,2026-08-21T20:42:06.922519+00:00
738.0,3.56,3.58,3.61,137.0,3584.0,0.1538170556640625,put,2026-09-18,SPY,765.6500244140625,2026-08-21T20:42:06.922519+00:00
739.0,3.69,3.71,3.72,134.0,20610.0,0.15253533020019533,put,2026-09-18,SPY,765.6500244140625,2026-08-21T20:42:06.922519+00:00
740.0,3.82,3.84,3.84,2824.0,30476.0,0.1511315356445313,put,2026-09-18,SPY,765.6500244140625,2026-08-21T20:42:06.922519+00:00
741.0,3.95,3.98,3.97,1221.0,3084.0,0.14984981018066407,put,2026-09-18,SPY,765.6500244140625,2026-08-21T20:42:06.922519+00:00
742.0,4.1,4.12,4.1,599.0,3083.0,0.148446015625,put,2026-09-18,SPY,765.6500244140625,2026-08-21T20:42:06.922519+00:00
743.0,4.25,4.27,4.27,5725.0,2898.0,0.14710325561523438,put,2026-09-18,SPY,765.6500244140625,2026-08-21T20:42:06.922519+00:00
744.0,4.4,4.43,4.45,790.0,2800.0,0.14582153015136717,put,2026-09-18,SPY,765.6500244140625,2026-08-21T20:42:06.922519+00:00
745.0,4.56,4.59,4.61,1137.0,18697.0,0.14444825286865232,put,2026-09-18,SPY,765.6500244140625,2026-08-21T20:42:06.922519+00:00
746.0,4.73,4.76,4.75,1100.0,4462.0,0.14310549285888674,put,2026-09-18,SPY,765.6500244140625,2026-08-21T20:42:06.922519+00:00
747.0,4.91,4.94,4.86,144.0,3187.0,0.1418237673950195,put,2026-09-18,SPY,765.6500244140625,2026-08-21T20:42:06.922519+00:00
748.0,5.1,5.12,5.17,65.0,2152.0,0.14041997283935548,put,2026-09-18,SPY,765.6500244140625,2026-08-21T20:42:06.922519+00:00
749.0,5.29,5.32,5.32,302.0,3150.0,0.13919928192138675,put,2026-09-18,SPY,765.6500244140625,2026-08-21T20:42:06.922519+00:00
750.0,5.49,5.52,5.54,5295.0,32866.0,0.13785652191162112,put,2026-09-18,SPY,765.6500244140625,2026-08-21T20:42:06.922519+00:00
751.0,5.7,5.73,5.61,206.0,2023.0,0.1365137619018555,put,2026-09-18,SPY,765.6500244140625,2026-08-21T20:42:06.922519+00:00
752.0,5.92,5.95,5.98,514.0,2324.0,0.13520151916503909,put,2026-09-18,SPY,765.6500244140625,2026-08-21T20:42:06.922519+00:00
753.0,6.15,6.18,6.13,722.0,3197.0,0.13391979370117188,put,2026-09-18,SPY,765.6500244140625,2026-08-21T20:42:06.922519+00:00
754.0,6.39,6.42,6.34,901.0,2655.0,0.1326075509643555,put,2026-09-18,SPY,765.6500244140625,2026-08-21T20:42:06.922519+00:00
755.0,6.65,6.67,6.71,2123.0,36476.0,0.13132582550048827,put,2026-09-18,SPY,765.6500244140625,2026-08-21T20:42:06.922519+00:00
756.0,6.91,6.94,6.97,1528.0,5807.0,0.13013565185546871,put,2026-09-18,SPY,765.6500244140625,2026-08-21T20:42:06.922519+00:00
757.0,7.18,7.21,6.89,775.0,7090.0,0.1288234091186523,put,2026-09-18,SPY,765.6500244140625,2026-08-21T20:42:06.922519+00:00
758.0,7.47,7.5,7.37,1818.0,3769.0,0.12760271820068358,put,2026-09-18,SPY,765.6500244140625,2026-08-21T20:42:06.922519+00:00
759.0,7.77,7.8,7.67,579.0,2197.0,0.1263667686462402,put,2026-09-18,SPY,765.6500244140625,2026-08-21T20:42:06.922519+00:00
760.0,8.09,8.11,8.09,4752.0,48538.0,0.12510030181884768,put,2026-09-18,SPY,765.6500244140625,2026-08-21T20:42:06.922519+00:00
761.0,8.41,8.44,8.27,843.0,1358.0,0.12391012817382813,put,2026-09-18,SPY,765.6500244140625,2026-08-21T20:42:06.922519+00:00
762.0,8.75,8.79,8.76,1140.0,1679.0,0.12281150634765625,put,2026-09-18,SPY,765.6500244140625,2026-08-21T20:42:06.922519+00:00
763.0,9.11,9.14,9.0,1081.0,1806.0,0.12154503952026366,put,2026-09-18,SPY,765.6500244140625,2026-08-21T20:42:06.922519+00:00
764.0,9.48,9.52,9.51,2621.0,1866.0,0.1204616763305664,put,2026-09-18,SPY,765.6500244140625,2026-08-21T20:42:06.922519+00:00
765.0,9.87,9.91,9.92,4152.0,23837.0,0.11933253723144531,put,2026-09-18,SPY,765.6500244140625,2026-08-21T20:42:06.922519+00:00
766.0,10.28,10.31,10.32,1284.0,1363.0,0.11811184631347656,put,2026-09-18,SPY,765.6500244140625,2026-08-21T20:42:06.922519+00:00
767.0,10.7,10.74,10.74,1511.0,2065.0,0.11708951766967773,put,2026-09-18,SPY,765.6500244140625,2026-08-21T20:42:06.922519+00:00
768.0,11.15,11.18,11.25,792.0,1958.0,0.11599089584350586,put,2026-09-18,SPY,765.6500244140625,2026-08-21T20:42:06.922519+00:00
769.0,11.61,11.64,11.62,804.0,3645.0,0.11493804992675781,put,2026-09-18,SPY,765.6500244140625,2026-08-21T20:42:06.922519+00:00
770.0,11.94,12.17,12.18,1535.0,16587.0,0.11451080810546876,put,2026-09-18,SPY,765.6500244140625,2026-08-21T20:42:06.922519+00:00
771.0,12.42,12.72,12.38,47.0,2265.0,0.1141140835571289,put,2026-09-18,SPY,765.6500244140625,2026-08-21T20:42:06.922519+00:00
772.0,12.97,13.24,12.48,85.0,2364.0,0.11316804809570313,put,2026-09-18,SPY,765.6500244140625,2026-08-21T20:42:06.922519+00:00
773.0,13.5,13.78,13.4,74.0,2929.0,0.11228304718017576,put,2026-09-18,SPY,765.6500244140625,2026-08-21T20:42:06.922519+00:00
774.0,14.03,14.34,13.95,12.0,4296.0,0.11139804626464843,put,2026-09-18,SPY,765.6500244140625,2026-08-21T20:42:06.922519+00:00
775.0,14.59,14.98,14.82,184.0,7314.0,0.11130649444580076,put,2026-09-18,SPY,765.6500244140625,2026-08-21T20:42:06.922519+00:00
776.0,14.4,15.59,15.34,20.0,2075.0,0.11063511444091798,put,2026-09-18,SPY,765.6500244140625,2026-08-21T20:42:06.922519+00:00
777.0,14.91,16.9,15.49,21.0,1648.0,0.11870693313598632,put,2026-09-18,SPY,765.6500244140625,2026-08-21T20:42:06.922519+00:00
778.0,16.38,17.64,16.62,207.0,1303.0,0.11945460632324219,put,2026-09-18,SPY,765.6500244140625,2026-08-21T20:42:06.922519+00:00
779.0,15.95,18.52,16.75,19.0,1207.0,0.1218959881591797,put,2026-09-18,SPY,765.6500244140625,2026-08-21T20:42:06.922519+00:00
780.0,16.64,19.18,17.9,782.0,4310.0,0.1213009013366699,put,2026-09-18,SPY,765.6500244140625,2026-08-21T20:42:06.922519+00:00
781.0,17.29,20.36,19.0,224.0,605.0,0.1275416836547852,put,2026-09-18,SPY,765.6500244140625,2026-08-21T20:42:06.922519+00:00
782.0,18.0,21.07,20.27,6.0,516.0,0.12738909729003906,put,2026-09-18,SPY,765.6500244140625,2026-08-21T20:42:06.922519+00:00
783.0,18.72,21.79,18.46,1.0,814.0,0.12720599365234375,put,2026-09-18,SPY,765.6500244140625,2026-08-21T20:42:06.922519+00:00
784.0,19.45,22.53,21.17,1.0,121.0,0.1271449591064453,put,2026-09-18,SPY,765.6500244140625,2026-08-21T20:42:06.922519+00:00
785.0,20.21,23.28,21.55,27.0,1911.0,0.12705340728759767,put,2026-09-18,SPY,765.6500244140625,2026-08-21T20:42:06.922519+00:00
786.0,20.98,24.05,23.61,1.0,301.0,0.12708392456054687,put,2026-09-18,SPY,765.6500244140625,2026-08-21T20:42:06.922519+00:00
787.0,21.77,24.84,22.06,1.0,394.0,0.1272670281982422,put,2026-09-18,SPY,765.6500244140625,2026-08-21T20:42:06.922519+00:00
788.0,22.57,25.64,23.57,2.0,555.0,0.12748064910888673,put,2026-09-18,SPY,765.6500244140625,2026-08-21T20:42:06.922519+00:00
789.0,23.39,26.46,26.39,441.0,499.0,0.12781633911132811,put,2026-09-18,SPY,765.6500244140625,2026-08-21T20:42:06.922519+00:00
790.0,23.78,27.0,25.52,67.0,1857.0,0.12333029998779299,put,2026-09-18,SPY,765.6500244140625,2026-08-21T20:42:06.922519+00:00
791.0,24.62,28.14,28.29,114.0,610.0,0.1287928918457031,put,2026-09-18,SPY,765.6500244140625,2026-08-21T20:42:06.922519+00:00
792.0,25.48,29.0,29.2,91.0,597.0,0.12943375457763673,put,2026-09-18,SPY,765.6500244140625,2026-08-21T20:42:06.922519+00:00
793.0,26.35,29.87,26.88,2.0,35.0,0.13013565185546871,put,2026-09-18,SPY,765.6500244140625,2026-08-21T20:42:06.922519+00:00
794.0,27.24,30.76,30.73,2.0,6.0,0.1310816873168945,put,2026-09-18,SPY,765.6500244140625,2026-08-21T20:42:06.922519+00:00
795.0,28.14,31.66,28.27,11.0,398.0,0.132119274597168,put,2026-09-18,SPY,765.6500244140625,2026-08-21T20:42:06.922519+00:00
796.0,29.05,32.57,32.0,3.0,2.0,0.13324841369628904,put,2026-09-18,SPY,765.6500244140625,2026-08-21T20:42:06.922519+00:00
797.0,29.97,33.49,31.2,202.0,0.0,0.13453013916015627,put,2026-09-18,SPY,765.6500244140625,2026-08-21T20:42:06.922519+00:00
798.0,30.9,34.42,32.96,1.0,2.0,0.13590341644287113,put,2026-09-18,SPY,765.6500244140625,2026-08-21T20:42:06.922519+00:00
799.0,31.84,35.36,34.0,2.0,2.0,0.13739876281738284,put,2026-09-18,SPY,765.6500244140625,2026-08-21T20:42:06.922519+00:00
800.0,32.79,36.31,34.5,25.0,38.0,0.13910773010253907,put,2026-09-18,SPY,765.6500244140625,2026-08-21T20:42:06.922519+00:00
801.0,33.75,37.27,42.78,4.0,0.0,0.14093876647949222,put,2026-09-18,SPY,765.6500244140625,2026-08-21T20:42:06.922519+00:00
802.0,34.74,38.24,35.06,4000.0,7500.0,0.14295290649414064,put,2026-09-18,SPY,765.6500244140625,2026-08-21T20:42:06.922519+00:00
803.0,35.7,39.22,34.43,2.0,0.0,0.14515015014648439,put,2026-09-18,SPY,765.6500244140625,2026-08-21T20:42:06.922519+00:00
804.0,36.69,40.21,32.69,2.0,0.0,0.1475915319824219,put,2026-09-18,SPY,765.6500244140625,2026-08-21T20:42:06.922519+00:00
805.0,37.69,41.2,39.01,1.0,11.0,0.14997187927246097,put,2026-09-18,SPY,765.6500244140625,2026-08-21T20:42:06.922519+00:00
806.0,38.69,42.2,41.87,20.0,3.0,0.15256584747314456,put,2026-09-18,SPY,765.6500244140625,2026-08-21T20:42:06.922519+00:00
807.0,39.69,43.2,36.64,1.0,2.0,0.15515981567382814,put,2026-09-18,SPY,765.6500244140625,2026-08-21T20:42:06.922519+00:00
808.0,40.69,44.2,43.25,2.0,0.0,0.1577232666015625,put,2026-09-18,SPY,765.6500244140625,2026-08-21T20:42:06.922519+00:00
809.0,41.69,45.2,35.9,,0.0,0.16028671752929688,put,2026-09-18,SPY,765.6500244140625,2026-08-21T20:42:06.922519+00:00
810.0,42.68,46.2,39.26,2.0,0.0,0.16281965118408204,put,2026-09-18,SPY,765.6500244140625,2026-08-21T20:42:06.922519+00:00
811.0,43.68,47.2,40.63,1.0,0.0,0.16535258483886722,put,2026-09-18,SPY,765.6500244140625,2026-08-21T20:42:06.922519+00:00
812.0,44.68,48.2,41.0,,0.0,0.16785500122070315,put,2026-09-18,SPY,765.6500244140625,2026-08-21T20:42:06.922519+00:00
813.0,45.68,49.2,40.93,,0.0,0.17035741760253909,put,2026-09-18,SPY,765.6500244140625,2026-08-21T20:42:06.922519+00:00
814.0,46.68,50.2,43.39,,0.0,0.17285983398437502,put,2026-09-18,SPY,765.6500244140625,2026-08-21T20:42:06.922519+00:00
815.0,47.68,51.2,43.52,4.0,0.0,0.17536225036621095,put,2026-09-18,SPY,765.6500244140625,2026-08-21T20:42:06.922519+00:00
816.0,48.68,52.2,45.23,,0.0,0.17780363220214845,put,2026-09-18,SPY,765.6500244140625,2026-08-21T20:42:06.922519+00:00
817.0,49.68,53.2,46.16,,0.0,0.18024501403808596,put,2026-09-18,SPY,765.6500244140625,2026-08-21T20:42:06.922519+00:00
818.0,50.68,54.2,50.7,1.0,0.0,0.18271691314697264,put,2026-09-18,SPY,765.6500244140625,2026-08-21T20:42:06.922519+00:00
819.0,51.68,55.2,47.05,,0.0,0.18512777770996092,put,2026-09-18,SPY,765.6500244140625,2026-08-21T20:42:06.922519+00:00
820.0,52.68,56.2,42.17,5.0,0.0,0.18756915954589842,put,2026-09-18,SPY,765.6500244140625,2026-08-21T20:42:06.922519+00:00
821.0,53.68,57.2,48.38,1.0,0.0,0.19001054138183598,put,2026-09-18,SPY,765.6500244140625,2026-08-21T20:42:06.922519+00:00
825.0,57.68,61.2,54.65,2.0,0.0,0.1995319305419922,put,2026-09-18,SPY,765.6500244140625,2026-08-21T20:42:06.922519+00:00
830.0,62.68,66.2,63.82,110.0,10.0,0.21125056335449216,put,2026-09-18,SPY,765.6500244140625,2026-08-21T20:42:06.922519+00:00
840.0,184.15,188.03,190.24,,0.0,1.6321124351501461,put,2026-09-18,SPY,765.6500244140625,2026-08-21T20:42:06.922519+00:00
850.0,82.68,86.2,72.5,1.0,0.0,0.2561109545898438,put,2026-09-18,SPY,765.6500244140625,2026-08-21T20:42:06.922519+00:00
860.0,92.68,96.2,86.9,1.0,0.0,0.2775340802001953,put,2026-09-18,SPY,765.6500244140625,2026-08-21T20:42:06.922519+00:00
865.0,0.0,0.0,113.93,2.0,0.0,1.0000000000000003e-05,put,2026-09-18,SPY,765.6500244140625,2026-08-21T20:42:06.922519+00:00
870.0,114.14,116.94,139.9,,0.0,0.5203295037841795,put,2026-09-18,SPY,765.6500244140625,2026-08-21T20:42:06.922519+00:00
875.0,0.0,0.0,136.7,,0.0,1.0000000000000003e-05,put,2026-09-18,SPY,765.6500244140625,2026-08-21T20:42:06.922519+00:00
885.0,129.13,131.93,149.01,,0.0,0.5370834866333009,put,2026-09-18,SPY,765.6500244140625,2026-08-21T20:42:06.922519+00:00
895.0,127.68,131.2,127.0,1.0,0.0,0.3479069116210937,put,2026-09-18,SPY,765.6500244140625,2026-08-21T20:42:06.922519+00:00
900.0,132.68,136.2,132.82,2.0,5.0,0.35748933532714844,put,2026-09-18,SPY,765.6500244140625,2026-08-21T20:42:06.922519+00:00
905.0,137.68,141.2,141.68,1.0,0.0,0.36694968994140625,put,2026-09-18,SPY,765.6500244140625,2026-08-21T20:42:06.922519+00:00
930.0,174.13,176.93,205.83,,0.0,0.6468541174316407,put,2026-09-18,SPY,765.6500244140625,2026-08-21T20:42:06.922519+00:00
940.0,186.45,189.56,201.8,2.0,0.0,0.7149686706542968,put,2026-09-18,SPY,765.6500244140625,2026-08-21T20:42:06.922519+00:00
945.0,0.0,0.0,192.34,1.0,0.0,1.0000000000000003e-05,put,2026-09-18,SPY,765.6500244140625,2026-08-21T20:42:06.922519+00:00
985.0,0.0,0.0,232.15,,0.0,1.0000000000000003e-05,put,2026-09-18,SPY,765.6500244140625,2026-08-21T20:42:06.922519+00:00
990.0,0.0,0.0,251.7,,0.0,1.0000000000000003e-05,put,2026-09-18,SPY,765.6500244140625,2026-08-21T20:42:06.922519+00:00
300.0,464.65,468.17,465.5,65.0,133.0,1.027592752685547,call,2026-10-16,SPY,765.6500244140625,2026-08-21T20:42:06.922519+00:00
305.0,459.66,463.18,461.21,40.0,34.0,1.0124561096191407,call,2026-10-16,SPY,765.6500244140625,2026-08-21T20:42:06.922519+00:00
330.0,434.74,438.26,437.51,15.0,20.0,0.9450689086914061,call,2026-10-16,SPY,765.6500244140625,2026-08-21T20:42:06.922519+00:00
335.0,429.75,433.27,432.71,15.0,10.0,0.9309088940429688,call,2026-10-16,SPY,765.6500244140625,2026-08-21T20:42:06.922519+00:00
340.0,0.0,0.0,415.74,,0.0,1.0000000000000003e-05,call,2026-10-16,SPY,765.6500244140625,2026-08-21T20:42:06.922519+00:00
365.0,399.99,403.37,388.48,,1.0,0.8647474462890624,call,2026-10-16,SPY,765.6500244140625,2026-08-21T20:42:06.922519+00:00
400.0,365.11,368.48,375.11,2.0,1.0,0.7795432202148438,call,2026-10-16,SPY,765.6500244140625,2026-08-21T20:42:06.922519+00:00
405.0,351.06,354.54,335.63,,1.0,1.0000000000000003e-05,call,2026-10-16,SPY,765.6500244140625,2026-08-21T20:42:06.922519+00:00
410.0,346.11,349.62,330.56,,1.0,1.0000000000000003e-05,call,2026-10-16,SPY,765.6500244140625,2026-08-21T20:42:06.922519+00:00
420.0,345.18,348.56,359.57,1.0,4.0,0.7338893798828124,call,2026-10-16,SPY,765.6500244140625,2026-08-21T20:42:06.922519+00:00
440.0,325.25,328.64,298.33,,1.0,0.6894562304687502,call,2026-10-16,SPY,765.6500244140625,2026-08-21T20:42:06.922519+00:00
445.0,0.0,0.0,319.12,2.0,0.0,1.0000000000000003e-05,call,2026-10-16,SPY,765.6500244140625,2026-08-21T20:42:06.922519+00:00
450.0,291.04,294.33,302.04,1.0,2.0,1.0000000000000003e-05,call,2026-10-16,SPY,765.6500244140625,2026-08-21T20:42:06.922519+00:00
465.0,300.24,303.76,275.45,1.0,2.0,0.6324499645996093,call,2026-10-16,SPY,765.6500244140625,2026-08-21T20:42:06.922519+00:00
485.0,280.35,283.87,257.35,3.0,2.0,0.5930216479492189,call,2026-10-16,SPY,765.6500244140625,2026-08-21T20:42:06.922519+00:00
500.0,265.56,268.98,257.43,5.0,13.0,0.5686078295898438,call,2026-10-16,SPY,765.6500244140625,2026-08-21T20:42:06.922519+00:00
505.0,260.61,264.03,272.51,1.0,3.0,0.5600629931640625,call,2026-10-16,SPY,765.6500244140625,2026-08-21T20:42:06.922519+00:00
510.0,255.66,259.08,256.94,1.0,8.0,0.5515181567382813,call,2026-10-16,SPY,765.6500244140625,2026-08-21T20:42:06.922519+00:00
515.0,250.71,254.12,225.88,,43.0,0.5426071130371095,call,2026-10-16,SPY,765.6500244140625,2026-08-21T20:42:06.922519+00:00
520.0,245.76,249.17,252.82,1.0,12.0,0.5339402075195312,call,2026-10-16,SPY,765.6500244140625,2026-08-21T20:42:06.922519+00:00
525.0,240.81,244.23,245.94,5.0,48.0,0.5255174401855469,call,2026-10-16,SPY,765.6500244140625,2026-08-21T20:42:06.922519+00:00
530.0,235.86,239.28,245.39,6.0,12.0,0.5167895001220704,call,2026-10-16,SPY,765.6500244140625,2026-08-21T20:42:06.922519+00:00
535.0,207.66,210.9,211.7,,1.0,1.0000000000000003e-05,call,2026-10-16,SPY,765.6500244140625,2026-08-21T20:42:06.922519+00:00
540.0,225.97,229.39,213.41,1.0,2.0,0.5666547241210937,call,2026-10-16,SPY,765.6500244140625,2026-08-21T20:42:06.922519+00:00
545.0,0.0,0.0,203.0,,0.0,1.0000000000000003e-05,call,2026-10-16,SPY,765.6500244140625,2026-08-21T20:42:06.922519+00:00
555.0,211.15,214.56,201.69,1.0,1.0,0.5352829675292969,call,2026-10-16,SPY,765.6500244140625,2026-08-21T20:42:06.922519+00:00
560.0,206.21,209.62,209.35,1.0,40.0,0.5249681292724608,call,2026-10-16,SPY,765.6500244140625,2026-08-21T20:42:06.922519+00:00
565.0,201.27,204.68,207.38,3.0,10.0,0.5145922564697265,call,2026-10-16,SPY,765.6500244140625,2026-08-21T20:42:06.922519+00:00
570.0,196.34,199.74,205.33,1.0,13.0,0.5042774182128906,call,2026-10-16,SPY,765.6500244140625,2026-08-21T20:42:06.922519+00:00
575.0,191.41,194.81,169.15,1.0,6.0,0.49420671813964845,call,2026-10-16,SPY,765.6500244140625,2026-08-21T20:42:06.922519+00:00
580.0,186.48,189.88,189.77,1.0,13.0,0.48413601806640627,call,2026-10-16,SPY,765.6500244140625,2026-08-21T20:42:06.922519+00:00
585.0,181.55,184.95,183.62,5.0,27.0,0.4740653179931641,call,2026-10-16,SPY,765.6500244140625,2026-08-21T20:42:06.922519+00:00
590.0,176.62,180.02,179.86,1.0,8.0,0.46393358337402346,call,2026-10-16,SPY,765.6500244140625,2026-08-21T20:42:06.922519+00:00
595.0,171.7,175.1,149.88,1.0,9.0,0.45404598693847653,call,2026-10-16,SPY,765.6500244140625,2026-08-21T20:42:06.922519+00:00
600.0,166.78,170.17,173.94,33.0,268.0,0.4439142523193359,call,2026-10-16,SPY,765.6500244140625,2026-08-21T20:42:06.922519+00:00
605.0,161.86,165.25,174.89,1.0,26.0,0.43396562133789063,call,2026-10-16,SPY,765.6500244140625,2026-08-21T20:42:06.922519+00:00
610.0,156.95,160.34,169.51,3.0,44.0,0.4242000939941406,call,2026-10-16,SPY,765.6500244140625,2026-08-21T20:42:06.922519+00:00
615.0,152.04,155.43,129.01,1.0,2.0,0.4144345666503906,call,2026-10-16,SPY,765.6500244140625,2026-08-21T20:42:06.922519+00:00
620.0,147.13,150.52,147.0,2.0,449.0,0.404577487487793,call,2026-10-16,SPY,765.6500244140625,2026-08-21T20:42:06.922519+00:00
625.0,142.23,145.62,152.36,30.0,233.0,0.39490351196289064,call,2026-10-16,SPY,765.6500244140625,2026-08-21T20:42:06.922519+00:00
630.0,137.2,140.72,138.73,2.0,52.0,0.38513798461914056,call,2026-10-16,SPY,765.6500244140625,2026-08-21T20:42:06.922519+00:00
635.0,132.35,135.82,146.12,1.0,4345.0,0.37531142272949214,call,2026-10-16,SPY,765.6500244140625,2026-08-21T20:42:06.922519+00:00
640.0,127.45,130.95,127.72,1.0,426.0,0.3660341717529296,call,2026-10-16,SPY,765.6500244140625,2026-08-21T20:42:06.922519+00:00
645.0,122.55,126.07,135.49,1.0,234.0,0.35642123077392573,call,2026-10-16,SPY,765.6500244140625,2026-08-21T20:42:06.922519+00:00
650.0,117.68,121.2,120.0,2.0,300.0,0.3468998416137695,call,2026-10-16,SPY,765.6500244140625,2026-08-21T20:42:06.922519+00:00
655.0,112.83,116.34,113.54,14.0,20.0,0.337470004272461,call,2026-10-16,SPY,765.6500244140625,2026-08-21T20:42:06.922519+00:00
660.0,107.99,111.5,108.28,104.0,279.0,0.3282232705688476,call,2026-10-16,SPY,765.6500244140625,2026-08-21T20:42:06.922519+00:00
665.0,103.14,106.66,113.5,3.0,472.0,0.3188544677734374,call,2026-10-16,SPY,765.6500244140625,2026-08-21T20:42:06.922519+00:00
670.0,98.33,101.85,100.37,1.0,486.0,0.30982135498046875,call,2026-10-16,SPY,765.6500244140625,2026-08-21T20:42:06.922519+00:00
675.0,93.58,97.04,95.91,2.0,93.0,0.3005746212768554,call,2026-10-16,SPY,765.6500244140625,2026-08-21T20:42:06.922519+00:00
680.0,88.74,92.26,90.88,11.0,2477.0,0.29160254302978506,call,2026-10-16,SPY,765.6500244140625,2026-08-21T20:42:06.922519+00:00
685.0,84.15,87.5,86.21,3.0,1687.0,0.28269149932861326,call,2026-10-16,SPY,765.6500244140625,2026-08-21T20:42:06.922519+00:00
690.0,79.4,82.76,81.98,12.0,1181.0,0.2738109729003906,call,2026-10-16,SPY,765.6500244140625,2026-08-21T20:42:06.922519+00:00
695.0,74.75,77.61,74.43,4.0,1035.0,0.25913216461181643,call,2026-10-16,SPY,765.6500244140625,2026-08-21T20:42:06.922519+00:00
700.0,70.13,73.37,71.94,99.0,871.0,0.2563856100463867,call,2026-10-16,SPY,765.6500244140625,2026-08-21T20:42:06.922519+00:00
701.0,68.92,72.43,71.51,2.0,24.0,0.2545545736694337,call,2026-10-16,SPY,765.6500244140625,2026-08-21T20:42:06.922519+00:00
702.0,67.99,71.5,78.45,2.0,75.0,0.25284560638427733,call,2026-10-16,SPY,765.6500244140625,2026-08-21T20:42:06.922519+00:00
703.0,67.06,70.58,72.02,2.0,6.0,0.25124344955444333,call,2026-10-16,SPY,765.6500244140625,2026-08-21T20:42:06.922519+00:00
704.0,66.13,69.65,76.61,2.0,72.0,0.24948870635986325,call,2026-10-16,SPY,765.6500244140625,2026-08-21T20:42:06.922519+00:00
705.0,65.21,68.73,65.96,2.0,336.0,0.2478712908935547,call,2026-10-16,SPY,765.6500244140625,2026-08-21T20:42:06.922519+00:00
706.0,64.52,67.8,60.96,,23.0,0.24607077178955078,call,2026-10-16,SPY,765.6500244140625,2026-08-21T20:42:06.922519+00:00
707.0,64.8,66.88,60.13,,41.0,0.244422839050293,call,2026-10-16,SPY,765.6500244140625,2026-08-21T20:42:06.922519+00:00
708.0,62.71,65.96,59.39,,1.0,0.2427138717651367,call,2026-10-16,SPY,765.6500244140625,2026-08-21T20:42:06.922519+00:00
709.0,61.8,65.04,65.15,1.0,2.0,0.24102016311645508,call,2026-10-16,SPY,765.6500244140625,2026-08-21T20:42:06.922519+00:00
710.0,62.05,64.12,62.73,8.0,1024.0,0.23929593719482417,call,2026-10-16,SPY,765.6500244140625,2026-08-21T20:42:06.922519+00:00
711.0,59.69,63.21,71.34,3.0,5.0,0.23767852172851558,call,2026-10-16,SPY,765.6500244140625,2026-08-21T20:42:06.922519+00:00
712.0,60.23,62.29,61.51,1.0,18.0,0.23590851989746092,call,2026-10-16,SPY,765.6500244140625,2026-08-21T20:42:06.922519+00:00
713.0,59.32,61.38,63.3,1.0,2.0,0.2342605871582031,call,2026-10-16,SPY,765.6500244140625,2026-08-21T20:42:06.922519+00:00
714.0,57.32,60.47,68.69,80.0,80.0,0.23258213714599607,call,2026-10-16,SPY,765.6500244140625,2026-08-21T20:42:06.922519+00:00
715.0,57.51,59.57,56.89,19.0,355.0,0.23099523895263674,call,2026-10-16,SPY,765.6500244140625,2026-08-21T20:42:06.922519+00:00
716.0,56.6,58.66,61.05,1.0,17.0,0.2292710130310059,call,2026-10-16,SPY,765.6500244140625,2026-08-21T20:42:06.922519+00:00
718.0,54.81,56.86,56.53,1.0,18.0,0.22599040618896482,call,2026-10-16,SPY,765.6500244140625,2026-08-21T20:42:06.922519+00:00
719.0,53.91,55.97,53.57,4.0,11.0,0.22443402526855466,call,2026-10-16,SPY,765.6500244140625,2026-08-21T20:42:06.922519+00:00
720.0,51.67,54.69,55.0,5.0,465.0,0.21857470886230468,call,2026-10-16,SPY,765.6500244140625,2026-08-21T20:42:06.922519+00:00
721.0,52.13,54.18,51.71,13.0,32.0,0.22113815979003904,call,2026-10-16,SPY,765.6500244140625,2026-08-21T20:42:06.922519+00:00
722.0,51.24,53.29,55.41,74.0,76.0,0.21949022705078125,call,2026-10-16,SPY,765.6500244140625,2026-08-21T20:42:06.922519+00:00
723.0,50.27,52.4,51.04,1.0,6.0,0.2178422943115234,call,2026-10-16,SPY,765.6500244140625,2026-08-21T20:42:06.922519+00:00
724.0,49.47,51.52,53.35,2.0,10.0,0.21627065475463864,call,2026-10-16,SPY,765.6500244140625,2026-08-21T20:42:06.922519+00:00
725.0,48.57,50.64,48.23,2.0,472.0,0.2146684979248047,call,2026-10-16,SPY,765.6500244140625,2026-08-21T20:42:06.922519+00:00
726.0,47.72,49.76,60.76,1.0,19.0,0.21305108245849608,call,2026-10-16,SPY,765.6500244140625,2026-08-21T20:42:06.922519+00:00
727.0,46.85,48.89,46.8,6.0,85.0,0.21149470153808592,call,2026-10-16,SPY,765.6500244140625,2026-08-21T20:42:06.922519+00:00
728.0,45.99,48.02,46.62,12.0,12.0,0.20993832061767576,call,2026-10-16,SPY,765.6500244140625,2026-08-21T20:42:06.922519+00:00
729.0,45.12,47.15,45.08,4.0,36.0,0.20832090515136714,call,2026-10-16,SPY,765.6500244140625,2026-08-21T20:42:06.922519+00:00
730.0,44.31,46.28,44.88,6.0,776.0,0.20670348968505853,call,2026-10-16,SPY,765.6500244140625,2026-08-21T20:42:06.922519+00:00
731.0,43.45,45.42,47.28,6.0,57.0,0.20514710876464842,call,2026-10-16,SPY,765.6500244140625,2026-08-21T20:42:06.922519+00:00
732.0,41.61,44.57,41.64,3.0,29.0,0.20365176239013671,call,2026-10-16,SPY,765.6500244140625,2026-08-21T20:42:06.922519+00:00
733.0,40.76,43.72,41.3,3.0,154.0,0.20212589874267578,call,2026-10-16,SPY,765.6500244140625,2026-08-21T20:42:06.922519+00:00
734.0,39.35,42.87,40.99,6.0,34.0,0.2005695178222656,call,2026-10-16,SPY,765.6500244140625,2026-08-21T20:42:06.922519+00:00
735.0,40.01,42.02,40.61,16.0,1762.0,0.19899787826538085,call,2026-10-16,SPY,765.6500244140625,2026-08-21T20:42:06.922519+00:00
736.0,39.17,41.18,38.35,9.0,90.0,0.1974720146179199,call,2026-10-16,SPY,765.6500244140625,2026-08-21T20:42:06.922519+00:00
737.0,37.51,40.35,51.69,5.0,167.0,0.19602244415283204,call,2026-10-16,SPY,765.6500244140625,2026-08-21T20:42:06.922519+00:00
738.0,37.09,39.52,38.32,1.0,222.0,0.1945270977783203,call,2026-10-16,SPY,765.6500244140625,2026-08-21T20:42:06.922519+00:00
739.0,35.17,38.69,38.1,1.0,469.0,0.19300123413085937,call,2026-10-16,SPY,765.6500244140625,2026-08-21T20:42:06.922519+00:00
740.0,35.86,36.36,36.35,46.0,1698.0,0.17731535583496094,call,2026-10-16,SPY,765.6500244140625,2026-08-21T20:42:06.922519+00:00
741.0,33.54,37.05,38.84,42.0,209.0,0.19001054138183598,call,2026-10-16,SPY,765.6500244140625,2026-08-21T20:42:06.922519+00:00
742.0,32.73,36.24,34.3,1.0,172.0,0.18856097091674806,call,2026-10-16,SPY,765.6500244140625,2026-08-21T20:42:06.922519+00:00
743.0,32.63,35.44,36.68,100.0,201.0,0.18715717636108398,call,2026-10-16,SPY,765.6500244140625,2026-08-21T20:42:06.922519+00:00
744.0,31.14,34.64,32.27,3.0,232.0,0.18572286453247067,call,2026-10-16,SPY,765.6500244140625,2026-08-21T20:42:06.922519+00:00
745.0,30.33,33.85,32.13,22.0,1533.0,0.18431906997680664,call,2026-10-16,SPY,765.6500244140625,2026-08-21T20:42:06.922519+00:00
746.0,29.79,32.63,31.77,14.0,246.0,0.17902432312011718,call,2026-10-16,SPY,765.6500244140625,2026-08-21T20:42:06.922519+00:00
747.0,28.76,31.85,31.54,6.0,230.0,0.17766630447387693,call,2026-10-16,SPY,765.6500244140625,2026-08-21T20:42:06.922519+00:00
748.0,29.21,31.07,30.13,56.0,55.0,0.1762472512817383,call,2026-10-16,SPY,765.6500244140625,2026-08-21T20:42:06.922519+00:00
749.0,27.22,30.08,29.66,1.0,367.0,0.17295138580322267,call,2026-10-16,SPY,765.6500244140625,2026-08-21T20:42:06.922519+00:00
750.0,28.0,28.44,28.1,151.0,2747.0,0.1638877557373047,call,2026-10-16,SPY,765.6500244140625,2026-08-21T20:42:06.922519+00:00
751.0,26.95,27.98,35.24,25.0,178.0,0.1651999984741211,call,2026-10-16,SPY,765.6500244140625,2026-08-21T20:42:06.922519+00:00
752.0,26.21,28.04,27.75,1.0,460.0,0.1709219871520996,call,2026-10-16,SPY,765.6500244140625,2026-08-21T20:42:06.922519+00:00
753.0,24.68,27.1,26.6,2.0,189.0,0.16790077713012697,call,2026-10-16,SPY,765.6500244140625,2026-08-21T20:42:06.922519+00:00
754.0,24.74,25.97,26.06,1.0,571.0,0.1632011170959473,call,2026-10-16,SPY,765.6500244140625,2026-08-21T20:42:06.922519+00:00
755.0,24.36,24.58,24.95,26.0,3272.0,0.1562584375,call,2026-10-16,SPY,765.6500244140625,2026-08-21T20:42:06.922519+00:00
756.0,23.18,24.58,24.8,2.0,538.0,0.161141201171875,call,2026-10-16,SPY,765.6500244140625,2026-08-21T20:42:06.922519+00:00
757.0,22.65,23.52,24.14,1.0,230.0,0.15692981750488283,call,2026-10-16,SPY,765.6500244140625,2026-08-21T20:42:06.922519+00:00
758.0,21.79,23.16,22.39,1.0,180.0,0.15859300888061523,call,2026-10-16,SPY,765.6500244140625,2026-08-21T20:42:06.922519+00:00
759.0,21.29,22.16,22.04,3.0,316.0,0.15479360839843753,call,2026-10-16,SPY,765.6500244140625,2026-08-21T20:42:06.922519+00:00
760.0,20.88,21.14,21.73,22.0,7701.0,0.15076532836914067,call,2026-10-16,SPY,765.6500244140625,2026-08-21T20:42:06.922519+00:00
761.0,19.97,20.78,19.77,6.0,329.0,0.15223015747070315,call,2026-10-16,SPY,765.6500244140625,2026-08-21T20:42:06.922519+00:00
762.0,19.52,20.43,20.17,31.0,288.0,0.15367972793579104,call,2026-10-16,SPY,765.6500244140625,2026-08-21T20:42:06.922519+00:00
763.0,18.86,19.39,19.46,117.0,476.0,0.14931575790405271,call,2026-10-16,SPY,765.6500244140625,2026-08-21T20:42:06.922519+00:00
764.0,17.86,19.13,18.73,58.0,305.0,0.15137567382812503,call,2026-10-16,SPY,765.6500244140625,2026-08-21T20:42:06.922519+00:00
765.0,17.65,17.83,17.85,363.0,5213.0,0.1447381669616699,call,2026-10-16,SPY,765.6500244140625,2026-08-21T20:42:06.922519+00:00
766.0,17.14,17.19,17.47,404.0,586.0,0.14350221740722657,call,2026-10-16,SPY,765.6500244140625,2026-08-21T20:42:06.922519+00:00
767.0,16.54,16.58,16.79,357.0,325.0,0.14243411285400392,call,2026-10-16,SPY,765.6500244140625,2026-08-21T20:42:06.922519+00:00
768.0,15.94,15.98,16.31,118.0,376.0,0.1413812669372559,call,2026-10-16,SPY,765.6500244140625,2026-08-21T20:42:06.922519+00:00
769.0,15.36,15.4,15.36,63.0,512.0,0.14040471420288086,call,2026-10-16,SPY,765.6500244140625,2026-08-21T20:42:06.922519+00:00
770.0,14.79,14.83,14.88,550.0,7962.0,0.1394434201049805,call,2026-10-16,SPY,765.6500244140625,2026-08-21T20:42:06.922519+00:00
771.0,14.23,14.27,14.48,709.0,897.0,0.1384821260070801,call,2026-10-16,SPY,765.6500244140625,2026-08-21T20:42:06.922519+00:00
772.0,13.68,13.72,14.32,102.0,1361.0,0.1375208319091797,call,2026-10-16,SPY,765.6500244140625,2026-08-21T20:42:06.922519+00:00
773.0,13.14,13.18,13.25,44.0,825.0,0.13655953781127933,call,2026-10-16,SPY,765.6500244140625,2026-08-21T20:42:06.922519+00:00
774.0,12.62,12.66,12.89,19.0,569.0,0.13567453689575198,call,2026-10-16,SPY,765.6500244140625,2026-08-21T20:42:06.922519+00:00
775.0,12.11,12.15,12.48,122.0,4164.0,0.13478953598022464,call,2026-10-16,SPY,765.6500244140625,2026-08-21T20:42:06.922519+00:00
776.0,11.61,11.65,11.73,100.0,677.0,0.1339045350646973,call,2026-10-16,SPY,765.6500244140625,2026-08-21T20:42:06.922519+00:00
777.0,11.12,11.16,11.5,162.0,472.0,0.1330195341491699,call,2026-10-16,SPY,765.6500244140625,2026-08-21T20:42:06.922519+00:00
778.0,10.65,10.69,10.85,201.0,2149.0,0.13221082641601564,call,2026-10-16,SPY,765.6500244140625,2026-08-21T20:42:06.922519+00:00
779.0,10.19,10.23,10.21,26.0,1589.0,0.13138686004638672,call,2026-10-16,SPY,765.6500244140625,2026-08-21T20:42:06.922519+00:00
780.0,9.75,9.78,9.7,712.0,5270.0,0.13056289367675777,call,2026-10-16,SPY,765.6500244140625,2026-08-21T20:42:06.922519+00:00
781.0,9.31,9.35,9.35,714.0,1169.0,0.12983047912597656,call,2026-10-16,SPY,765.6500244140625,2026-08-21T20:42:06.922519+00:00
782.0,8.89,8.93,9.17,130.0,833.0,0.12906754730224607,call,2026-10-16,SPY,765.6500244140625,2026-08-21T20:42:06.922519+00:00
783.0,8.48,8.52,8.85,63.0,567.0,0.12831987411499018,call,2026-10-16,SPY,765.6500244140625,2026-08-21T20:42:06.922519+00:00
784.0,8.09,8.12,8.13,223.0,980.0,0.1275569422912598,call,2026-10-16,SPY,765.6500244140625,2026-08-21T20:42:06.922519+00:00
785.0,7.71,7.74,7.85,259.0,2613.0,0.12687030364990232,call,2026-10-16,SPY,765.6500244140625,2026-08-21T20:42:06.922519+00:00
786.0,7.34,7.37,7.33,130.0,361.0,0.1261989236450195,call,2026-10-16,SPY,765.6500244140625,2026-08-21T20:42:06.922519+00:00
787.0,6.98,7.02,6.98,173.0,402.0,0.1255885781860352,call,2026-10-16,SPY,765.6500244140625,2026-08-21T20:42:06.922519+00:00
788.0,6.64,6.67,6.9,465.0,554.0,0.12490193954467774,call,2026-10-16,SPY,765.6500244140625,2026-08-21T20:42:06.922519+00:00
789.0,6.31,6.34,6.56,399.0,458.0,0.12429159408569337,call,2026-10-16,SPY,765.6500244140625,2026-08-21T20:42:06.922519+00:00
790.0,5.99,6.02,6.0,1692.0,10192.0,0.12368124862670898,call,2026-10-16,SPY,765.6500244140625,2026-08-21T20:42:06.922519+00:00
791.0,5.69,5.72,5.73,235.0,623.0,0.12316245498657227,call,2026-10-16,SPY,765.6500244140625,2026-08-21T20:42:06.922519+00:00
792.0,5.39,5.42,5.59,166.0,373.0,0.12255210952758791,call,2026-10-16,SPY,765.6500244140625,2026-08-21T20:42:06.922519+00:00
793.0,5.11,5.14,5.3,122.0,682.0,0.12204857452392578,call,2026-10-16,SPY,765.6500244140625,2026-08-21T20:42:06.922519+00:00
794.0,4.84,4.87,5.02,315.0,639.0,0.12152978088378906,call,2026-10-16,SPY,765.6500244140625,2026-08-21T20:42:06.922519+00:00
795.0,4.58,4.61,4.8,698.0,6953.0,0.12102624588012695,call,2026-10-16,SPY,765.6500244140625,2026-08-21T20:42:06.922519+00:00
796.0,4.33,4.36,4.49,1002.0,932.0,0.12052271087646485,call,2026-10-16,SPY,765.6500244140625,2026-08-21T20:42:06.922519+00:00
797.0,4.09,4.12,4.1,488.0,10842.0,0.12003443450927734,call,2026-10-16,SPY,765.6500244140625,2026-08-21T20:42:06.922519+00:00
798.0,3.87,3.9,4.07,221.0,1680.0,0.1196682272338867,call,2026-10-16,SPY,765.6500244140625,2026-08-21T20:42:06.922519+00:00
799.0,3.65,3.68,3.72,418.0,1418.0,0.11919520950317383,call,2026-10-16,SPY,765.6500244140625,2026-08-21T20:42:06.922519+00:00
800.0,3.44,3.47,3.54,1010.0,9204.0,0.11875270904541015,call,2026-10-16,SPY,765.6500244140625,2026-08-21T20:42:06.922519+00:00
805.0,2.55,2.57,2.55,1896.0,3661.0,0.11683012084960936,call,2026-10-16,SPY,765.6500244140625,2026-08-21T20:42:06.922519+00:00
810.0,1.85,1.88,1.91,565.0,7977.0,0.11533477447509766,call,2026-10-16,SPY,765.6500244140625,2026-08-21T20:42:06.922519+00:00
815.0,1.33,1.35,1.41,171.0,11238.0,0.11396149719238281,call,2026-10-16,SPY,765.6500244140625,2026-08-21T20:42:06.922519+00:00
820.0,0.95,0.96,0.98,1296.0,9030.0,0.11298494445800782,call,2026-10-16,SPY,765.6500244140625,2026-08-21T20:42:06.922519+00:00
825.0,0.67,0.69,0.7,325.0,3309.0,0.11274080627441406,call,2026-10-16,SPY,765.6500244140625,2026-08-21T20:42:06.922519+00:00
830.0,0.49,0.5,0.52,607.0,13125.0,0.11292390991210938,call,2026-10-16,SPY,765.6500244140625,2026-08-21T20:42:06.922519+00:00
835.0,0.35,0.36,0.39,45.0,10822.0,0.11316804809570313,call,2026-10-16,SPY,765.6500244140625,2026-08-21T20:42:06.922519+00:00
840.0,0.26,0.27,0.29,264.0,2439.0,0.11438873901367189,call,2026-10-16,SPY,765.6500244140625,2026-08-21T20:42:06.922519+00:00
845.0,0.2,0.21,0.22,14.0,10408.0,0.116219775390625,call,2026-10-16,SPY,765.6500244140625,2026-08-21T20:42:06.922519+00:00
850.0,0.16,0.17,0.17,409.0,9279.0,0.11853908813476563,call,2026-10-16,SPY,765.6500244140625,2026-08-21T20:42:06.922519+00:00
855.0,0.12,0.14,0.14,3.0,761.0,0.1211025390625,call,2026-10-16,SPY,765.6500244140625,2026-08-21T20:42:06.922519+00:00
860.0,0.1,0.11,0.12,6.0,2021.0,0.12281150634765625,call,2026-10-16,SPY,765.6500244140625,2026-08-21T20:42:06.922519+00:00
865.0,0.09,0.1,0.11,11.0,580.0,0.12671771728515624,call,2026-10-16,SPY,765.6500244140625,2026-08-21T20:42:06.922519+00:00
870.0,0.07,0.08,0.09,4.0,348.0,0.12842668457031248,call,2026-10-16,SPY,765.6500244140625,2026-08-21T20:42:06.922519+00:00
875.0,0.06,0.07,0.08,3.0,788.0,0.131844619140625,call,2026-10-16,SPY,765.6500244140625,2026-08-21T20:42:06.922519+00:00
880.0,0.05,0.06,0.08,2.0,405.0,0.13428600097656251,call,2026-10-16,SPY,765.6500244140625,2026-08-21T20:42:06.922519+00:00
885.0,0.05,0.06,0.06,5.0,296.0,0.13916876464843753,call,2026-10-16,SPY,765.6500244140625,2026-08-21T20:42:06.922519+00:00
890.0,0.04,0.05,0.04,2535.0,201.0,0.14112187011718752,call,2026-10-16,SPY,765.6500244140625,2026-08-21T20:42:06.922519+00:00
895.0,0.04,0.05,0.04,1.0,438.0,0.14600463378906248,call,2026-10-16,SPY,765.6500244140625,2026-08-21T20:42:06.922519+00:00
900.0,0.03,0.04,0.03,7.0,2818.0,0.147469462890625,call,2026-10-16,SPY,765.6500244140625,2026-08-21T20:42:06.922519+00:00
905.0,0.03,0.04,0.05,2.0,66.0,0.1518639501953125,call,2026-10-16,SPY,765.6500244140625,2026-08-21T20:42:06.922519+00:00
910.0,0.03,0.04,0.02,3326.0,3584.0,0.1562584375,call,2026-10-16,SPY,765.6500244140625,2026-08-21T20:42:06.922519+00:00
915.0,0.02,0.03,0.03,60.0,3902.0,0.1562584375,call,2026-10-16,SPY,765.6500244140625,2026-08-21T20:42:06.922519+00:00
920.0,0.02,0.03,0.03,6.0,114.0,0.161141201171875,call,2026-10-16,SPY,765.6500244140625,2026-08-21T20:42:06.922519+00:00
925.0,0.02,0.03,0.07,1.0,121.0,0.165047412109375,call,2026-10-16,SPY,765.6500244140625,2026-08-21T20:42:06.922519+00:00
930.0,0.02,0.03,0.05,2.0,371.0,0.16895362304687503,call,2026-10-16,SPY,765.6500244140625,2026-08-21T20:42:06.922519+00:00
935.0,0.02,0.03,0.02,100.0,407.0,0.17383638671875,call,2026-10-16,SPY,765.6500244140625,2026-08-21T20:42:06.922519+00:00
940.0,0.02,0.03,0.03,4.0,21.0,0.17774259765625,call,2026-10-16,SPY,765.6500244140625,2026-08-21T20:42:06.922519+00:00
945.0,0.01,0.02,0.02,30.0,97.0,0.1757894921875,call,2026-10-16,SPY,765.6500244140625,2026-08-21T20:42:06.922519+00:00
950.0,0.01,0.02,0.03,1.0,571.0,0.179695703125,call,2026-10-16,SPY,765.6500244140625,2026-08-21T20:42:06.922519+00:00
955.0,0.01,0.02,0.05,500.0,18.0,0.18360191406249998,call,2026-10-16,SPY,765.6500244140625,2026-08-21T20:42:06.922519+00:00
960.0,0.01,0.02,0.05,32.0,44.0,0.187508125,call,2026-10-16,SPY,765.6500244140625,2026-08-21T20:42:06.922519+00:00
965.0,0.01,0.02,0.02,1.0,23.0,0.1914143359375,call,2026-10-16,SPY,765.6500244140625,2026-08-21T20:42:06.922519+00:00
970.0,0.01,0.02,0.04,120.0,30.0,0.195320546875,call,2026-10-16,SPY,765.6500244140625,2026-08-21T20:42:06.922519+00:00
975.0,0.01,0.02,0.02,5.0,559.0,0.1992267578125,call,2026-10-16,SPY,765.6500244140625,2026-08-21T20:42:06.922519+00:00
980.0,0.01,0.02,0.05,532.0,290.0,0.20313296874999998,call,2026-10-16,SPY,765.6500244140625,2026-08-21T20:42:06.922519+00:00
985.0,0.01,0.02,0.03,3.0,188.0,0.20703917968749996,call,2026-10-16,SPY,765.6500244140625,2026-08-21T20:42:06.922519+00:00
990.0,0.01,0.02,0.03,8.0,221.0,0.21094539062499998,call,2026-10-16,SPY,765.6500244140625,2026-08-21T20:42:06.922519+00:00
995.0,0.01,0.02,0.03,60.0,71.0,0.2148516015625,call,2026-10-16,SPY,765.6500244140625,2026-08-21T20:42:06.922519+00:00
1000.0,0.01,0.02,0.01,15.0,1008.0,0.21778125976562498,call,2026-10-16,SPY,765.6500244140625,2026-08-21T20:42:06.922519+00:00
300.0,0.02,0.03,0.03,35.0,3791.0,0.7382838671874999,put,2026-10-16,SPY,765.6500244140625,2026-08-21T20:42:06.922519+00:00
305.0,0.02,0.03,0.03,3.0,178.0,0.726565234375,put,2026-10-16,SPY,765.6500244140625,2026-08-21T20:42:06.922519+00:00
310.0,0.02,0.03,0.02,2.0,2113.0,0.7148466015625,put,2026-10-16,SPY,765.6500244140625,2026-08-21T20:42:06.922519+00:00
315.0,0.02,0.03,0.03,43.0,110.0,0.70312796875,put,2026-10-16,SPY,765.6500244140625,2026-08-21T20:42:06.922519+00:00
320.0,0.03,0.04,0.05,46.0,811.0,0.70898728515625,put,2026-10-16,SPY,765.6500244140625,2026-08-21T20:42:06.922519+00:00
325.0,0.03,0.04,0.04,1.0,277.0,0.6972686523437501,put,2026-10-16,SPY,765.6500244140625,2026-08-21T20:42:06.922519+00:00
330.0,0.03,0.04,0.04,2.0,64.0,0.68555001953125,put,2026-10-16,SPY,765.6500244140625,2026-08-21T20:42:06.922519+00:00
335.0,0.03,0.04,0.04,1.0,81.0,0.6738313867187502,put,2026-10-16,SPY,765.6500244140625,2026-08-21T20:42:06.922519+00:00
340.0,0.03,0.04,0.04,1.0,153.0,0.6621127539062501,put,2026-10-16,SPY,765.6500244140625,2026-08-21T20:42:06.922519+00:00
345.0,0.04,0.05,0.04,800.0,895.0,0.6640658593750002,put,2026-10-16,SPY,765.6500244140625,2026-08-21T20:42:06.922519+00:00
350.0,0.04,0.05,0.05,1.0,10291.0,0.6523472265625001,put,2026-10-16,SPY,765.6500244140625,2026-08-21T20:42:06.922519+00:00
355.0,0.04,0.05,0.05,322.0,9129.0,0.6425816992187501,put,2026-10-16,SPY,765.6500244140625,2026-08-21T20:42:06.922519+00:00
360.0,0.05,0.06,0.06,30.0,6641.0,0.6425816992187501,put,2026-10-16,SPY,765.6500244140625,2026-08-21T20:42:06.922519+00:00
365.0,0.05,0.06,0.05,230.0,2463.0,0.63086306640625,put,2026-10-16,SPY,765.6500244140625,2026-08-21T20:42:06.922519+00:00
370.0,0.05,0.06,0.06,9.0,13727.0,0.6191444335937502,put,2026-10-16,SPY,765.6500244140625,2026-08-21T20:42:06.922519+00:00
375.0,0.05,0.06,0.06,150.0,6489.0,0.6093789062500001,put,2026-10-16,SPY,765.6500244140625,2026-08-21T20:42:06.922519+00:00
380.0,0.06,0.07,0.08,1531.0,2334.0,0.6074258007812501,put,2026-10-16,SPY,765.6500244140625,2026-08-21T20:42:06.922519+00:00
385.0,0.06,0.07,0.07,61.0,692.0,0.59570716796875,put,2026-10-16,SPY,765.6500244140625,2026-08-21T20:42:06.922519+00:00
390.0,0.07,0.08,0.07,1730.0,830.0,0.5937540625000001,put,2026-10-16,SPY,765.6500244140625,2026-08-21T20:42:06.922519+00:00
395.0,0.07,0.08,0.08,100.0,1592.0,0.5830119824218749,put,2026-10-16,SPY,765.6500244140625,2026-08-21T20:42:06.922519+00:00
400.0,0.07,0.08,0.08,41.0,21173.0,0.5722699023437501,put,2026-10-16,SPY,765.6500244140625,2026-08-21T20:42:06.922519+00:00
405.0,0.08,0.09,0.09,2.0,3147.0,0.569340244140625,put,2026-10-16,SPY,765.6500244140625,2026-08-21T20:42:06.922519+00:00
410.0,0.08,0.09,0.1,5.0,13516.0,0.5585981640625001,put,2026-10-16,SPY,765.6500244140625,2026-08-21T20:42:06.922519+00:00
415.0,0.09,0.1,0.1,7.0,1250.0,0.5546919531250001,put,2026-10-16,SPY,765.6500244140625,2026-08-21T20:42:06.922519+00:00
420.0,0.1,0.11,0.1,15.0,1242.0,0.5498091894531252,put,2026-10-16,SPY,765.6500244140625,2026-08-21T20:42:06.922519+00:00
425.0,0.1,0.11,0.11,5.0,154828.0,0.5400436621093752,put,2026-10-16,SPY,765.6500244140625,2026-08-21T20:42:06.922519+00:00
430.0,0.11,0.12,0.12,1.0,15592.0,0.534184345703125,put,2026-10-16,SPY,765.6500244140625,2026-08-21T20:42:06.922519+00:00
435.0,0.12,0.13,0.12,5.0,157.0,0.5293015820312501,put,2026-10-16,SPY,765.6500244140625,2026-08-21T20:42:06.922519+00:00
440.0,0.12,0.13,0.13,406.0,136.0,0.5190477783203125,put,2026-10-16,SPY,765.6500244140625,2026-08-21T20:42:06.922519+00:00
445.0,0.13,0.14,0.14,5.0,3709.0,0.5131884619140624,put,2026-10-16,SPY,765.6500244140625,2026-08-21T20:42:06.922519+00:00
450.0,0.14,0.15,0.15,5.0,1747.0,0.506840869140625,put,2026-10-16,SPY,765.6500244140625,2026-08-21T20:42:06.922519+00:00
455.0,0.15,0.16,0.16,6.0,2636.0,0.5009815527343751,put,2026-10-16,SPY,765.6500244140625,2026-08-21T20:42:06.922519+00:00
460.0,0.16,0.17,0.17,19.0,365.0,0.49609878906250005,put,2026-10-16,SPY,765.6500244140625,2026-08-21T20:42:06.922519+00:00
465.0,0.17,0.18,0.18,15.0,2598.0,0.4892629199218751,put,2026-10-16,SPY,765.6500244140625,2026-08-21T20:42:06.922519+00:00
470.0,0.18,0.19,0.19,15.0,235.0,0.48242705078125003,put,2026-10-16,SPY,765.6500244140625,2026-08-21T20:42:06.922519+00:00
475.0,0.19,0.2,0.2,12.0,211.0,0.47559118164062497,put,2026-10-16,SPY,765.6500244140625,2026-08-21T20:42:06.922519+00:00
480.0,0.2,0.21,0.21,1.0,6083.0,0.4687553125,put,2026-10-16,SPY,765.6500244140625,2026-08-21T20:42:06.922519+00:00
485.0,0.22,0.23,0.25,26.0,131.0,0.463872548828125,put,2026-10-16,SPY,765.6500244140625,2026-08-21T20:42:06.922519+00:00
490.0,0.23,0.24,0.23,3.0,61.0,0.4567925415039063,put,2026-10-16,SPY,765.6500244140625,2026-08-21T20:42:06.922519+00:00
495.0,0.24,0.25,0.29,2.0,183.0,0.44946839599609373,put,2026-10-16,SPY,765.6500244140625,2026-08-21T20:42:06.922519+00:00
500.0,0.26,0.27,0.27,43.0,3721.0,0.4440973559570312,put,2026-10-16,SPY,765.6500244140625,2026-08-21T20:42:06.922519+00:00
505.0,0.27,0.28,0.29,5.0,434.0,0.436529072265625,put,2026-10-16,SPY,765.6500244140625,2026-08-21T20:42:06.922519+00:00
510.0,0.29,0.3,0.3,2.0,1478.0,0.43066975585937506,put,2026-10-16,SPY,765.6500244140625,2026-08-21T20:42:06.922519+00:00
515.0,0.31,0.32,0.31,3.0,334.0,0.424810439453125,put,2026-10-16,SPY,765.6500244140625,2026-08-21T20:42:06.922519+00:00
520.0,0.33,0.34,0.34,68.0,800.0,0.41870698486328123,put,2026-10-16,SPY,765.6500244140625,2026-08-21T20:42:06.922519+00:00
525.0,0.35,0.36,0.36,5.0,301522.0,0.41235939208984373,put,2026-10-16,SPY,765.6500244140625,2026-08-21T20:42:06.922519+00:00
530.0,0.37,0.38,0.38,224.0,934.0,0.40601179931640624,put,2026-10-16,SPY,765.6500244140625,2026-08-21T20:42:06.922519+00:00
535.0,0.39,0.4,0.45,5.0,437.0,0.39942006835937505,put,2026-10-16,SPY,765.6500244140625,2026-08-21T20:42:06.922519+00:00
540.0,0.41,0.42,0.42,44.0,5226.0,0.39258419921875,put,2026-10-16,SPY,765.6500244140625,2026-08-21T20:42:06.922519+00:00
545.0,0.43,0.44,0.43,4.0,716.0,0.3857483300781249,put,2026-10-16,SPY,765.6500244140625,2026-08-21T20:42:06.922519+00:00
550.0,0.46,0.47,0.46,81.0,15013.0,0.379889013671875,put,2026-10-16,SPY,765.6500244140625,2026-08-21T20:42:06.922519+00:00
555.0,0.49,0.5,0.5,58.0,229.0,0.37402969726562496,put,2026-10-16,SPY,765.6500244140625,2026-08-21T20:42:06.922519+00:00
560.0,0.51,0.52,0.52,67.0,358.0,0.3667055517578125,put,2026-10-16,SPY,765.6500244140625,2026-08-21T20:42:06.922519+00:00
565.0,0.54,0.55,0.55,12.0,839.0,0.36048002807617185,put,2026-10-16,SPY,765.6500244140625,2026-08-21T20:42:06.922519+00:00
570.0,0.58,0.59,0.58,113.0,869.0,0.3548648498535155,put,2026-10-16,SPY,765.6500244140625,2026-08-21T20:42:06.922519+00:00
575.0,0.61,0.62,0.73,71.0,735.0,0.3481510498046875,put,2026-10-16,SPY,765.6500244140625,2026-08-21T20:42:06.922519+00:00
580.0,0.65,0.66,0.65,114.0,1444.0,0.34229173339843744,put,2026-10-16,SPY,765.6500244140625,2026-08-21T20:42:06.922519+00:00
585.0,0.68,0.69,0.7,11.0,1673.0,0.3353337951660156,put,2026-10-16,SPY,765.6500244140625,2026-08-21T20:42:06.922519+00:00
590.0,0.73,0.74,0.74,25.0,3214.0,0.32971861694335935,put,2026-10-16,SPY,765.6500244140625,2026-08-21T20:42:06.922519+00:00
595.0,0.77,0.78,0.8,8.0,1598.0,0.323126885986328,put,2026-10-16,SPY,765.6500244140625,2026-08-21T20:42:06.922519+00:00
600.0,0.81,0.83,0.83,79.0,12608.0,0.31702343139648437,put,2026-10-16,SPY,765.6500244140625,2026-08-21T20:42:06.922519+00:00
605.0,0.86,0.87,0.88,7.0,2149.0,0.31018756225585936,put,2026-10-16,SPY,765.6500244140625,2026-08-21T20:42:06.922519+00:00
610.0,0.92,0.93,0.94,19.0,2837.0,0.3043282458496094,put,2026-10-16,SPY,765.6500244140625,2026-08-21T20:42:06.922519+00:00
615.0,0.97,0.98,0.97,55.0,942.0,0.297736514892578,put,2026-10-16,SPY,765.6500244140625,2026-08-21T20:42:06.922519+00:00
620.0,1.03,1.05,1.05,11.0,3216.0,0.291877198486328,put,2026-10-16,SPY,765.6500244140625,2026-08-21T20:42:06.922519+00:00
625.0,1.1,1.11,1.11,24.0,156330.0,0.2854075366210937,put,2026-10-16,SPY,765.6500244140625,2026-08-21T20:42:06.922519+00:00
630.0,1.17,1.18,1.19,36.0,41651.0,0.2790599438476562,put,2026-10-16,SPY,765.6500244140625,2026-08-21T20:42:06.922519+00:00
635.0,1.25,1.26,1.26,15.0,1210.0,0.27295648925781246,put,2026-10-16,SPY,765.6500244140625,2026-08-21T20:42:06.922519+00:00
640.0,1.33,1.35,1.34,189.0,5228.0,0.2670361383056641,put,2026-10-16,SPY,765.6500244140625,2026-08-21T20:42:06.922519+00:00
645.0,1.42,1.44,1.44,15.0,10345.0,0.260749580078125,put,2026-10-16,SPY,765.6500244140625,2026-08-21T20:42:06.922519+00:00
650.0,1.53,1.54,1.53,432.0,25232.0,0.2545850909423829,put,2026-10-16,SPY,765.6500244140625,2026-08-21T20:42:06.922519+00:00
655.0,1.64,1.65,1.65,352.0,8638.0,0.24848163635253906,put,2026-10-16,SPY,765.6500244140625,2026-08-21T20:42:06.922519+00:00
660.0,1.76,1.78,1.77,166.0,4927.0,0.24262231994628902,put,2026-10-16,SPY,765.6500244140625,2026-08-21T20:42:06.922519+00:00
665.0,1.89,1.91,1.9,49.0,2009.0,0.23642731353759766,put,2026-10-16,SPY,765.6500244140625,2026-08-21T20:42:06.922519+00:00
670.0,2.05,2.06,2.03,1714.0,4357.0,0.23041541076660155,put,2026-10-16,SPY,765.6500244140625,2026-08-21T20:42:06.922519+00:00
675.0,2.21,2.23,2.23,133.0,6089.0,0.2245560943603515,put,2026-10-16,SPY,765.6500244140625,2026-08-21T20:42:06.922519+00:00
680.0,2.4,2.42,2.43,859.0,40812.0,0.21869677795410153,put,2026-10-16,SPY,765.6500244140625,2026-08-21T20:42:06.922519+00:00
685.0,2.6,2.62,2.59,22.0,1565.0,0.21265435791015624,put,2026-10-16,SPY,765.6500244140625,2026-08-21T20:42:06.922519+00:00
690.0,2.84,2.86,2.85,938.0,9192.0,0.20691711059570309,put,2026-10-16,SPY,765.6500244140625,2026-08-21T20:42:06.922519+00:00
695.0,3.09,3.12,3.12,101.0,3280.0,0.2010577941894531,put,2026-10-16,SPY,765.6500244140625,2026-08-21T20:42:06.922519+00:00
700.0,3.39,3.41,3.42,1773.0,25139.0,0.19516796051025392,put,2026-10-16,SPY,765.6500244140625,2026-08-21T20:42:06.922519+00:00
701.0,3.45,3.47,3.4,66.0,1328.0,0.1939777868652344,put,2026-10-16,SPY,765.6500244140625,2026-08-21T20:42:06.922519+00:00
702.0,3.51,3.54,3.47,66.0,363.0,0.19290968231201172,put,2026-10-16,SPY,765.6500244140625,2026-08-21T20:42:06.922519+00:00
703.0,3.58,3.61,3.54,98.0,677.0,0.19181106048583985,put,2026-10-16,SPY,765.6500244140625,2026-08-21T20:42:06.922519+00:00
704.0,3.65,3.67,3.63,70.0,1017.0,0.19052933502197267,put,2026-10-16,SPY,765.6500244140625,2026-08-21T20:42:06.922519+00:00
705.0,3.72,3.74,3.69,141.0,3935.0,0.18936967864990234,put,2026-10-16,SPY,765.6500244140625,2026-08-21T20:42:06.922519+00:00
706.0,3.79,3.81,3.8,118.0,343.0,0.188210022277832,put,2026-10-16,SPY,765.6500244140625,2026-08-21T20:42:06.922519+00:00
707.0,3.86,3.89,3.8,168.0,515.0,0.1871419177246094,put,2026-10-16,SPY,765.6500244140625,2026-08-21T20:42:06.922519+00:00
708.0,3.93,3.96,3.85,121.0,401.0,0.1859212268066406,put,2026-10-16,SPY,765.6500244140625,2026-08-21T20:42:06.922519+00:00
709.0,4.01,4.04,3.98,147.0,1001.0,0.1848226049804687,put,2026-10-16,SPY,765.6500244140625,2026-08-21T20:42:06.922519+00:00
710.0,4.09,4.12,4.1,527.0,11227.0,0.18369346588134766,put,2026-10-16,SPY,765.6500244140625,2026-08-21T20:42:06.922519+00:00
711.0,4.17,4.2,4.41,29.0,4028.0,0.18253380950927733,put,2026-10-16,SPY,765.6500244140625,2026-08-21T20:42:06.922519+00:00
712.0,4.25,4.28,4.26,118.0,270.0,0.18134363586425778,put,2026-10-16,SPY,765.6500244140625,2026-08-21T20:42:06.922519+00:00
713.0,4.34,4.36,4.3,77.0,366.0,0.18012294494628905,put,2026-10-16,SPY,765.6500244140625,2026-08-21T20:42:06.922519+00:00
714.0,4.42,4.45,4.45,189.0,410.0,0.17902432312011718,put,2026-10-16,SPY,765.6500244140625,2026-08-21T20:42:06.922519+00:00
715.0,4.51,4.54,4.56,468.0,5503.0,0.17786466674804688,put,2026-10-16,SPY,765.6500244140625,2026-08-21T20:42:06.922519+00:00
716.0,4.6,4.63,4.55,56.0,546.0,0.17670501037597658,put,2026-10-16,SPY,765.6500244140625,2026-08-21T20:42:06.922519+00:00
717.0,4.69,4.72,4.73,392.0,293.0,0.17551483673095702,put,2026-10-16,SPY,765.6500244140625,2026-08-21T20:42:06.922519+00:00
718.0,4.79,4.82,4.81,210.0,970.0,0.1744162149047852,put,2026-10-16,SPY,765.6500244140625,2026-08-21T20:42:06.922519+00:00
719.0,4.89,4.92,4.85,408.0,211.0,0.17328707580566405,put,2026-10-16,SPY,765.6500244140625,2026-08-21T20:42:06.922519+00:00
720.0,4.99,5.02,5.03,1706.0,10800.0,0.17211216079711916,put,2026-10-16,SPY,765.6500244140625,2026-08-21T20:42:06.922519+00:00
721.0,5.09,5.12,5.05,44.0,509.0,0.17090672851562502,put,2026-10-16,SPY,765.6500244140625,2026-08-21T20:42:06.922519+00:00
722.0,5.2,5.23,5.11,43.0,863.0,0.16980810668945315,put,2026-10-16,SPY,765.6500244140625,2026-08-21T20:42:06.922519+00:00
723.0,5.31,5.34,5.26,186.0,535.0,0.16866370895385746,put,2026-10-16,SPY,765.6500244140625,2026-08-21T20:42:06.922519+00:00
724.0,5.42,5.45,5.48,26.0,206.0,0.16748879394531252,put,2026-10-16,SPY,765.6500244140625,2026-08-21T20:42:06.922519+00:00
725.0,5.54,5.57,5.55,1101.0,23071.0,0.16639017211914067,put,2026-10-16,SPY,765.6500244140625,2026-08-21T20:42:06.922519+00:00
726.0,5.66,5.69,5.6,126.0,946.0,0.16526103302001954,put,2026-10-16,SPY,765.6500244140625,2026-08-21T20:42:06.922519+00:00
727.0,5.78,5.81,5.72,85.0,1529.0,0.16410137664794922,put,2026-10-16,SPY,765.6500244140625,2026-08-21T20:42:06.922519+00:00
728.0,5.91,5.94,5.8,110.0,1286.0,0.16300275482177734,put,2026-10-16,SPY,765.6500244140625,2026-08-21T20:42:06.922519+00:00
729.0,6.03,6.07,5.98,42.0,581.0,0.16187361572265624,put,2026-10-16,SPY,765.6500244140625,2026-08-21T20:42:06.922519+00:00
730.0,6.17,6.2,6.17,596.0,30285.0,0.16071395935058597,put,2026-10-16,SPY,765.6500244140625,2026-08-21T20:42:06.922519+00:00
731.0,6.31,6.34,6.26,76.0,809.0,0.15961533752441404,put,2026-10-16,SPY,765.6500244140625,2026-08-21T20:42:06.922519+00:00
732.0,6.45,6.48,6.4,66.0,824.0,0.15847093978881838,put,2026-10-16,SPY,765.6500244140625,2026-08-21T20:42:06.922519+00:00
733.0,6.59,6.63,6.7,55.0,2752.0,0.15740283523559573,put,2026-10-16,SPY,765.6500244140625,2026-08-21T20:42:06.922519+00:00
734.0,6.74,6.78,6.72,52.0,510.0,0.15628895477294924,put,2026-10-16,SPY,765.6500244140625,2026-08-21T20:42:06.922519+00:00
735.0,6.9,6.93,6.95,600.0,8753.0,0.1551292984008789,put,2026-10-16,SPY,765.6500244140625,2026-08-21T20:42:06.922519+00:00
736.0,7.05,7.09,7.06,115.0,908.0,0.15403067657470704,put,2026-10-16,SPY,765.6500244140625,2026-08-21T20:42:06.922519+00:00
737.0,7.22,7.25,7.28,36.0,1502.0,0.15287102020263676,put,2026-10-16,SPY,765.6500244140625,2026-08-21T20:42:06.922519+00:00
738.0,7.39,7.42,7.19,19.0,5674.0,0.15178765701293945,put,2026-10-16,SPY,765.6500244140625,2026-08-21T20:42:06.922519+00:00
739.0,7.56,7.6,7.7,150.0,2093.0,0.15075006973266608,put,2026-10-16,SPY,765.6500244140625,2026-08-21T20:42:06.922519+00:00
740.0,7.74,7.78,7.79,1001.0,10921.0,0.14966670654296876,put,2026-10-16,SPY,765.6500244140625,2026-08-21T20:42:06.922519+00:00
741.0,7.92,7.96,7.97,217.0,797.0,0.14852230880737305,put,2026-10-16,SPY,765.6500244140625,2026-08-21T20:42:06.922519+00:00
742.0,8.11,8.15,8.11,20.0,6184.0,0.1474389456176758,put,2026-10-16,SPY,765.6500244140625,2026-08-21T20:42:06.922519+00:00
743.0,8.31,8.35,8.22,42.0,530.0,0.1463860997009277,put,2026-10-16,SPY,765.6500244140625,2026-08-21T20:42:06.922519+00:00
744.0,8.51,8.55,8.42,69.0,908.0,0.14528747787475588,put,2026-10-16,SPY,765.6500244140625,2026-08-21T20:42:06.922519+00:00
745.0,8.72,8.76,8.7,138.0,7243.0,0.1442346319580078,put,2026-10-16,SPY,765.6500244140625,2026-08-21T20:42:06.922519+00:00
746.0,8.93,8.97,8.94,117.0,526.0,0.14310549285888674,put,2026-10-16,SPY,765.6500244140625,2026-08-21T20:42:06.922519+00:00
747.0,9.15,9.19,9.01,76.0,434.0,0.14203738830566404,put,2026-10-16,SPY,765.6500244140625,2026-08-21T20:42:06.922519+00:00
748.0,9.38,9.42,9.15,73.0,431.0,0.14098454238891606,put,2026-10-16,SPY,765.6500244140625,2026-08-21T20:42:06.922519+00:00
749.0,9.61,9.66,9.27,87.0,914.0,0.1399774723815918,put,2026-10-16,SPY,765.6500244140625,2026-08-21T20:42:06.922519+00:00
750.0,9.86,9.9,9.95,1543.0,14440.0,0.13889410919189454,put,2026-10-16,SPY,765.6500244140625,2026-08-21T20:42:06.922519+00:00
751.0,10.1,10.15,9.97,26.0,532.0,0.13785652191162112,put,2026-10-16,SPY,765.6500244140625,2026-08-21T20:42:06.922519+00:00
752.0,10.36,10.41,10.39,22.0,784.0,0.1368341932678223,put,2026-10-16,SPY,765.6500244140625,2026-08-21T20:42:06.922519+00:00
753.0,10.62,10.67,10.65,24.0,2846.0,0.13575083007812502,put,2026-10-16,SPY,765.6500244140625,2026-08-21T20:42:06.922519+00:00
754.0,10.9,10.95,11.04,62.0,734.0,0.13477427734375003,put,2026-10-16,SPY,765.6500244140625,2026-08-21T20:42:06.922519+00:00
755.0,11.18,11.23,11.25,247.0,9233.0,0.13372143142700194,put,2026-10-16,SPY,765.6500244140625,2026-08-21T20:42:06.922519+00:00
756.0,11.47,11.52,11.46,140.0,436.0,0.13269910278320313,put,2026-10-16,SPY,765.6500244140625,2026-08-21T20:42:06.922519+00:00
757.0,11.77,11.82,11.72,24.0,488.0,0.13167677413940432,put,2026-10-16,SPY,765.6500244140625,2026-08-21T20:42:06.922519+00:00
758.0,12.08,12.13,12.23,172.0,540.0,0.13068496276855468,put,2026-10-16,SPY,765.6500244140625,2026-08-21T20:42:06.922519+00:00
759.0,12.4,12.45,12.55,49.0,430.0,0.1296931513977051,put,2026-10-16,SPY,765.6500244140625,2026-08-21T20:42:06.922519+00:00
760.0,12.73,12.78,12.7,508.0,3584.0,0.12870134002685546,put,2026-10-16,SPY,765.6500244140625,2026-08-21T20:42:06.922519+00:00
761.0,13.07,13.12,12.73,34.0,271.0,0.1277247872924805,put,2026-10-16,SPY,765.6500244140625,2026-08-21T20:42:06.922519+00:00
762.0,13.42,13.47,13.31,34.0,336.0,0.12676349319458008,put,2026-10-16,SPY,765.6500244140625,2026-08-21T20:42:06.922519+00:00
763.0,13.78,13.83,13.67,35.0,870.0,0.1257869404602051,put,2026-10-16,SPY,765.6500244140625,2026-08-21T20:42:06.922519+00:00
764.0,14.15,14.2,14.0,126.0,495.0,0.12482564636230468,put,2026-10-16,SPY,765.6500244140625,2026-08-21T20:42:06.922519+00:00
765.0,14.53,14.59,14.56,1583.0,3389.0,0.12394064544677735,put,2026-10-16,SPY,765.6500244140625,2026-08-21T20:42:06.922519+00:00
766.0,14.92,14.98,15.01,460.0,459.0,0.12296409271240236,put,2026-10-16,SPY,765.6500244140625,2026-08-21T20:42:06.922519+00:00
767.0,15.33,15.39,15.45,176.0,1396.0,0.12207909179687501,put,2026-10-16,SPY,765.6500244140625,2026-08-21T20:42:06.922519+00:00
768.0,15.75,15.81,15.49,11.0,819.0,0.12117883224487305,put,2026-10-16,SPY,765.6500244140625,2026-08-21T20:42:06.922519+00:00
769.0,16.18,16.24,16.01,27.0,566.0,0.12026331405639648,put,2026-10-16,SPY,765.6500244140625,2026-08-21T20:42:06.922519+00:00
770.0,16.62,16.68,16.7,1727.0,7109.0,0.11934779586791991,put,2026-10-16,SPY,765.6500244140625,2026-08-21T20:42:06.922519+00:00
771.0,17.07,17.13,17.61,3.0,1106.0,0.11841701904296875,put,2026-10-16,SPY,765.6500244140625,2026-08-21T20:42:06.922519+00:00
772.0,17.54,17.6,17.8,343.0,1357.0,0.11754727676391602,put,2026-10-16,SPY,765.6500244140625,2026-08-21T20:42:06.922519+00:00
773.0,18.02,18.08,18.31,18.0,610.0,0.11667753448486329,put,2026-10-16,SPY,765.6500244140625,2026-08-21T20:42:06.922519+00:00
774.0,18.52,18.58,18.61,71.0,462.0,0.11586882675170898,put,2026-10-16,SPY,765.6500244140625,2026-08-21T20:42:06.922519+00:00
775.0,18.96,19.2,19.0,15.0,3068.0,0.11597563720703125,put,2026-10-16,SPY,765.6500244140625,2026-08-21T20:42:06.922519+00:00
776.0,19.24,20.19,19.95,1.0,691.0,0.1191646922302246,put,2026-10-16,SPY,765.6500244140625,2026-08-21T20:42:06.922519+00:00
777.0,19.81,20.45,19.86,6.0,1210.0,0.11600615447998047,put,2026-10-16,SPY,765.6500244140625,2026-08-21T20:42:06.922519+00:00
778.0,20.02,21.5,20.35,4.0,510.0,0.11959193405151367,put,2026-10-16,SPY,765.6500244140625,2026-08-21T20:42:06.922519+00:00
779.0,20.94,21.63,20.86,2.0,400.0,0.11506011901855469,put,2026-10-16,SPY,765.6500244140625,2026-08-21T20:42:06.922519+00:00
780.0,21.68,21.97,21.49,203.0,1104.0,0.11219149536132811,put,2026-10-16,SPY,765.6500244140625,2026-08-21T20:42:06.922519+00:00
781.0,21.52,23.33,22.39,2.0,128.0,0.11835598449707031,put,2026-10-16,SPY,765.6500244140625,2026-08-21T20:42:06.922519+00:00
782.0,21.64,23.47,24.75,2.0,143.0,0.1134732208251953,put,2026-10-16,SPY,765.6500244140625,2026-08-21T20:42:06.922519+00:00
783.0,22.25,25.4,25.2,14.0,82.0,0.12481038772583009,put,2026-10-16,SPY,765.6500244140625,2026-08-21T20:42:06.922519+00:00
784.0,22.88,24.74,26.51,36.0,116.0,0.11228304718017576,put,2026-10-16,SPY,765.6500244140625,2026-08-21T20:42:06.922519+00:00
785.0,23.53,26.69,24.75,32.0,353.0,0.12392538681030274,put,2026-10-16,SPY,765.6500244140625,2026-08-21T20:42:06.922519+00:00
786.0,24.19,27.35,25.1,60.0,23.0,0.12348288635253907,put,2026-10-16,SPY,765.6500244140625,2026-08-21T20:42:06.922519+00:00
787.0,24.87,28.02,24.93,2.0,68.0,0.1230403858947754,put,2026-10-16,SPY,765.6500244140625,2026-08-21T20:42:06.922519+00:00
789.0,26.26,29.41,24.66,1.0,2.0,0.12233848861694338,put,2026-10-16,SPY,765.6500244140625,2026-08-21T20:42:06.922519+00:00
790.0,28.0,28.74,28.0,3.0,109.0,0.1077359735107422,put,2026-10-16,SPY,765.6500244140625,2026-08-21T20:42:06.922519+00:00
791.0,27.7,30.85,28.13,3.0,132.0,0.12175866043090822,put,2026-10-16,SPY,765.6500244140625,2026-08-21T20:42:06.922519+00:00
792.0,28.13,31.59,50.58,,0.0,0.12152978088378906,put,2026-10-16,SPY,765.6500244140625,2026-08-21T20:42:06.922519+00:00
793.0,28.83,32.34,48.49,4.0,0.0,0.12131615997314452,put,2026-10-16,SPY,765.6500244140625,2026-08-21T20:42:06.922519+00:00
794.0,29.59,33.11,32.44,1.0,1.0,0.12122460815429686,put,2026-10-16,SPY,765.6500244140625,2026-08-21T20:42:06.922519+00:00
795.0,30.37,33.88,34.12,8.0,20.0,0.12104150451660156,put,2026-10-16,SPY,765.6500244140625,2026-08-21T20:42:06.922519+00:00
798.0,32.76,36.27,34.0,100.0,2.0,0.12087365951538087,put,2026-10-16,SPY,765.6500244140625,2026-08-21T20:42:06.922519+00:00
800.0,34.41,37.92,34.55,14.0,505.0,0.12101098724365235,put,2026-10-16,SPY,765.6500244140625,2026-08-21T20:42:06.922519+00:00
805.0,38.68,42.2,37.38,1.0,17.0,0.12195702270507813,put,2026-10-16,SPY,765.6500244140625,2026-08-21T20:42:06.922519+00:00
810.0,43.17,46.69,43.26,25.0,60.0,0.12418478363037111,put,2026-10-16,SPY,765.6500244140625,2026-08-21T20:42:06.922519+00:00
815.0,47.86,51.38,44.21,30.0,2.0,0.1283046154785156,put,2026-10-16,SPY,765.6500244140625,2026-08-21T20:42:06.922519+00:00
820.0,52.7,56.22,45.34,45.0,1.0,0.13428600097656251,put,2026-10-16,SPY,765.6500244140625,2026-08-21T20:42:06.922519+00:00
830.0,62.68,66.2,64.14,40.0,30.0,0.1508263629150391,put,2026-10-16,SPY,765.6500244140625,2026-08-21T20:42:06.922519+00:00
835.0,67.68,71.2,67.0,1.0,0.0,0.1590355093383789,put,2026-10-16,SPY,765.6500244140625,2026-08-21T20:42:06.922519+00:00
840.0,72.68,76.2,71.36,1.0,1.0,0.1670920693969727,put,2026-10-16,SPY,765.6500244140625,2026-08-21T20:42:06.922519+00:00
845.0,77.68,81.2,96.81,1.0,0.0,0.1750265603637695,put,2026-10-16,SPY,765.6500244140625,2026-08-21T20:42:06.922519+00:00
850.0,82.68,86.2,70.81,1.0,2.0,0.1828389822387695,put,2026-10-16,SPY,765.6500244140625,2026-08-21T20:42:06.922519+00:00
855.0,87.68,91.2,124.98,1.0,0.0,0.19049881774902344,put,2026-10-16,SPY,765.6500244140625,2026-08-21T20:42:06.922519+00:00
865.0,97.68,101.2,99.46,1.0,0.0,0.20557435058593748,put,2026-10-16,SPY,765.6500244140625,2026-08-21T20:42:06.922519+00:00
895.0,0.0,0.0,145.67,2.0,0.0,1.0000000000000003e-05,put,2026-10-16,SPY,765.6500244140625,2026-08-21T20:42:06.922519+00:00
1000.0,253.4,262.51,250.79,,0.0,0.7260159234619141,put,2026-10-16,SPY,765.6500244140625,2026-08-21T20:42:06.922519+00:00
325.0,431.32,434.78,419.74,,1.0,1.0000000000000003e-05,call,2026-11-20,SPY,765.6500244140625,2026-08-21T20:42:06.922519+00:00
340.0,416.6,420.11,400.8,,1.0,1.0000000000000003e-05,call,2026-11-20,SPY,765.6500244140625,2026-08-21T20:42:06.922519+00:00
350.0,415.98,419.34,404.55,,1.0,0.7961446166992188,call,2026-11-20,SPY,765.6500244140625,2026-08-21T20:42:06.922519+00:00
380.0,377.36,380.87,349.59,,1.0,1.0000000000000003e-05,call,2026-11-20,SPY,765.6500244140625,2026-08-21T20:42:06.922519+00:00
395.0,371.55,374.91,383.68,,1.0,0.7155790161132812,call,2026-11-20,SPY,765.6500244140625,2026-08-21T20:42:06.922519+00:00
400.0,0.0,0.0,340.95,,0.0,1.0000000000000003e-05,call,2026-11-20,SPY,765.6500244140625,2026-08-21T20:42:06.922519+00:00
410.0,356.59,360.11,345.76,,1.0,0.6854889849853516,call,2026-11-20,SPY,765.6500244140625,2026-08-21T20:42:06.922519+00:00
415.0,327.7,330.89,329.02,,0.0,1.0000000000000003e-05,call,2026-11-20,SPY,765.6500244140625,2026-08-21T20:42:06.922519+00:00
430.0,337.02,340.39,311.32,,1.0,0.654544470214844,call,2026-11-20,SPY,765.6500244140625,2026-08-21T20:42:06.922519+00:00
435.0,323.5,326.96,308.45,1.0,21.0,1.0000000000000003e-05,call,2026-11-20,SPY,765.6500244140625,2026-08-21T20:42:06.922519+00:00
440.0,0.0,0.0,325.14,1.0,0.0,1.0000000000000003e-05,call,2026-11-20,SPY,765.6500244140625,2026-08-21T20:42:06.922519+00:00
450.0,317.31,320.68,322.7,12.0,16.0,0.6205482281494141,call,2026-11-20,SPY,765.6500244140625,2026-08-21T20:42:06.922519+00:00
465.0,302.53,305.9,292.26,,1.0,0.5951578570556642,call,2026-11-20,SPY,765.6500244140625,2026-08-21T20:42:06.922519+00:00
470.0,297.61,300.98,271.22,1.0,1.0,0.586918193359375,call,2026-11-20,SPY,765.6500244140625,2026-08-21T20:42:06.922519+00:00
485.0,274.68,278.09,258.69,,2.0,1.0000000000000003e-05,call,2026-11-20,SPY,765.6500244140625,2026-08-21T20:42:06.922519+00:00
490.0,277.94,281.31,254.08,20.0,33.0,0.5542647113037109,call,2026-11-20,SPY,765.6500244140625,2026-08-21T20:42:06.922519+00:00
500.0,268.11,271.48,274.66,1.0,23.0,0.5379684875488282,call,2026-11-20,SPY,765.6500244140625,2026-08-21T20:42:06.922519+00:00
505.0,263.19,266.56,257.97,,1.0,0.5297288238525393,call,2026-11-20,SPY,765.6500244140625,2026-08-21T20:42:06.922519+00:00
510.0,258.13,261.65,262.45,4.0,1.0,0.5196581237792968,call,2026-11-20,SPY,765.6500244140625,2026-08-21T20:42:06.922519+00:00
515.0,253.22,256.74,265.83,1.0,98.0,0.5117236328125,call,2026-11-20,SPY,765.6500244140625,2026-08-21T20:42:06.922519+00:00
520.0,248.32,251.84,229.26,2.0,4.0,0.5039722454833984,call,2026-11-20,SPY,765.6500244140625,2026-08-21T20:42:06.922519+00:00
525.0,243.41,246.94,252.25,2.0,10.0,0.5365646929931642,call,2026-11-20,SPY,765.6500244140625,2026-08-21T20:42:06.922519+00:00
530.0,238.51,242.03,240.25,1.0,39.0,0.5275926147460939,call,2026-11-20,SPY,765.6500244140625,2026-08-21T20:42:06.922519+00:00
535.0,233.61,237.13,235.31,1.0,6.0,0.5188036401367188,call,2026-11-20,SPY,765.6500244140625,2026-08-21T20:42:06.922519+00:00
540.0,228.71,232.23,235.75,2.0,6.0,0.5100757000732423,call,2026-11-20,SPY,765.6500244140625,2026-08-21T20:42:06.922519+00:00
545.0,223.97,227.34,200.92,1.0,2.0,0.5015003463745118,call,2026-11-20,SPY,765.6500244140625,2026-08-21T20:42:06.922519+00:00
550.0,219.08,222.44,218.91,15.0,32.0,0.492741889038086,call,2026-11-20,SPY,765.6500244140625,2026-08-21T20:42:06.922519+00:00
555.0,214.19,217.55,222.9,1.0,2.0,0.4841665353393555,call,2026-11-20,SPY,765.6500244140625,2026-08-21T20:42:06.922519+00:00
560.0,0.0,0.0,203.19,1.0,0.0,1.0000000000000003e-05,call,2026-11-20,SPY,765.6500244140625,2026-08-21T20:42:06.922519+00:00
565.0,204.42,207.78,207.42,1.0,3.0,0.46716841430664063,call,2026-11-20,SPY,765.6500244140625,2026-08-21T20:42:06.922519+00:00
570.0,199.54,202.9,182.41,3.0,3.0,0.45871512969970707,call,2026-11-20,SPY,765.6500244140625,2026-08-21T20:42:06.922519+00:00
575.0,194.67,198.03,197.81,1.0,4.0,0.4504144314575196,call,2026-11-20,SPY,765.6500244140625,2026-08-21T20:42:06.922519+00:00
580.0,189.79,193.15,193.05,1.0,44.0,0.44193062957763674,call,2026-11-20,SPY,765.6500244140625,2026-08-21T20:42:06.922519+00:00
585.0,184.93,188.29,194.86,1.0,4.0,0.43375200042724615,call,2026-11-20,SPY,765.6500244140625,2026-08-21T20:42:06.922519+00:00
600.0,170.36,173.72,177.0,2.0,1508.0,0.4091245611572265,call,2026-11-20,SPY,765.6500244140625,2026-08-21T20:42:06.922519+00:00
605.0,165.51,168.87,177.37,1.0,0.0,0.4009306733703613,call,2026-11-20,SPY,765.6500244140625,2026-08-21T20:42:06.922519+00:00
610.0,160.68,164.03,161.77,1.0,8.0,0.39282833740234374,call,2026-11-20,SPY,765.6500244140625,2026-08-21T20:42:06.922519+00:00
615.0,155.85,159.2,158.04,1.0,14.0,0.38481755325317374,call,2026-11-20,SPY,765.6500244140625,2026-08-21T20:42:06.922519+00:00
620.0,151.03,154.38,156.27,6.0,9.0,0.37686780364990236,call,2026-11-20,SPY,765.6500244140625,2026-08-21T20:42:06.922519+00:00
625.0,146.21,149.57,161.03,1.0,4.0,0.3689943472290039,call,2026-11-20,SPY,765.6500244140625,2026-08-21T20:42:06.922519+00:00
630.0,141.41,144.77,152.72,1.0,774.0,0.36118192535400384,call,2026-11-20,SPY,765.6500244140625,2026-08-21T20:42:06.922519+00:00
635.0,136.62,139.98,140.86,3.0,137.0,0.35336950347900387,call,2026-11-20,SPY,765.6500244140625,2026-08-21T20:42:06.922519+00:00
640.0,131.84,135.2,145.29,4.0,282.0,0.34561811614990234,call,2026-11-20,SPY,765.6500244140625,2026-08-21T20:42:06.922519+00:00
645.0,127.07,130.43,120.31,1.0,68.0,0.3378819874572754,call,2026-11-20,SPY,765.6500244140625,2026-08-21T20:42:06.922519+00:00
650.0,122.31,125.68,130.19,10.0,2042.0,0.3302679278564453,call,2026-11-20,SPY,765.6500244140625,2026-08-21T20:42:06.922519+00:00
655.0,117.57,120.94,119.3,1.0,12.0,0.32263860961914054,call,2026-11-20,SPY,765.6500244140625,2026-08-21T20:42:06.922519+00:00
660.0,112.76,116.23,114.21,5.0,148.0,0.31522291229248034,call,2026-11-20,SPY,765.6500244140625,2026-08-21T20:42:06.922519+00:00
665.0,108.07,111.53,123.14,2.0,83.0,0.30774618041992186,call,2026-11-20,SPY,765.6500244140625,2026-08-21T20:42:06.922519+00:00
670.0,103.42,106.85,105.82,3.0,433.0,0.3003457417297363,call,2026-11-20,SPY,765.6500244140625,2026-08-21T20:42:06.922519+00:00
675.0,98.81,102.19,100.42,3.0,71.0,0.2929605616760253,call,2026-11-20,SPY,765.6500244140625,2026-08-21T20:42:06.922519+00:00
680.0,94.19,97.56,96.63,10.0,640.0,0.2856974507141113,call,2026-11-20,SPY,765.6500244140625,2026-08-21T20:42:06.922519+00:00
685.0,89.62,92.95,90.1,143.0,298.0,0.27841908111572267,call,2026-11-20,SPY,765.6500244140625,2026-08-21T20:42:06.922519+00:00
690.0,85.07,88.38,85.96,1.0,1188.0,0.27129329788208006,call,2026-11-20,SPY,765.6500244140625,2026-08-21T20:42:06.922519+00:00
695.0,81.1,83.83,83.06,37.0,118.0,0.264106480102539,call,2026-11-20,SPY,765.6500244140625,2026-08-21T20:42:06.922519+00:00
700.0,75.8,79.05,77.28,6.0,3562.0,0.2546613841247559,call,2026-11-20,SPY,765.6500244140625,2026-08-21T20:42:06.922519+00:00
705.0,71.33,74.86,73.21,9.0,241.0,0.250083793182373,call,2026-11-20,SPY,765.6500244140625,2026-08-21T20:42:06.922519+00:00
710.0,66.92,70.43,68.0,4.0,417.0,0.2430800790405273,call,2026-11-20,SPY,765.6500244140625,2026-08-21T20:42:06.922519+00:00
715.0,62.56,66.06,64.45,37.0,46.0,0.2362289512634277,call,2026-11-20,SPY,765.6500244140625,2026-08-21T20:42:06.922519+00:00
720.0,58.26,61.75,60.45,7.0,1844.0,0.22948463394165042,call,2026-11-20,SPY,765.6500244140625,2026-08-21T20:42:06.922519+00:00
725.0,54.02,57.51,53.91,8.0,1541.0,0.22286238571166989,call,2026-11-20,SPY,765.6500244140625,2026-08-21T20:42:06.922519+00:00
730.0,50.9,52.79,51.67,71.0,1644.0,0.21227289199829102,call,2026-11-20,SPY,765.6500244140625,2026-08-21T20:42:06.922519+00:00
735.0,45.81,49.26,47.85,10.0,1837.0,0.20996883789062498,call,2026-11-20,SPY,765.6500244140625,2026-08-21T20:42:06.922519+00:00
740.0,42.49,44.56,44.01,16.0,3110.0,0.19870796417236325,call,2026-11-20,SPY,765.6500244140625,2026-08-21T20:42:06.922519+00:00
745.0,37.92,41.4,39.21,51.0,2259.0,0.19768563552856444,call,2026-11-20,SPY,765.6500244140625,2026-08-21T20:42:06.922519+00:00
750.0,35.7,36.98,35.75,79.0,6125.0,0.1873097627258301,call,2026-11-20,SPY,765.6500244140625,2026-08-21T20:42:06.922519+00:00
755.0,31.8,32.65,32.42,22.0,1640.0,0.1769644071960449,call,2026-11-20,SPY,765.6500244140625,2026-08-21T20:42:06.922519+00:00
760.0,28.42,29.17,29.13,20.0,5192.0,0.17153233261108397,call,2026-11-20,SPY,765.6500244140625,2026-08-21T20:42:06.922519+00:00
765.0,25.42,25.63,25.54,171.0,4597.0,0.16481853256225587,call,2026-11-20,SPY,765.6500244140625,2026-08-21T20:42:06.922519+00:00
770.0,22.43,22.48,22.5,925.0,4968.0,0.1596840013885498,call,2026-11-20,SPY,765.6500244140625,2026-08-21T20:42:06.922519+00:00
775.0,19.56,19.61,19.99,282.0,6934.0,0.1553047727203369,call,2026-11-20,SPY,765.6500244140625,2026-08-21T20:42:06.922519+00:00
780.0,16.9,16.95,17.05,320.0,5998.0,0.15116205291748053,call,2026-11-20,SPY,765.6500244140625,2026-08-21T20:42:06.922519+00:00
785.0,14.48,14.53,14.79,332.0,4240.0,0.14739316970825195,call,2026-11-20,SPY,765.6500244140625,2026-08-21T20:42:06.922519+00:00
790.0,12.3,12.34,12.52,220.0,4851.0,0.1438989419555664,call,2026-11-20,SPY,765.6500244140625,2026-08-21T20:42:06.922519+00:00
795.0,10.35,10.39,10.81,227.0,2430.0,0.14075566284179689,call,2026-11-20,SPY,765.6500244140625,2026-08-21T20:42:06.922519+00:00
800.0,8.64,8.68,8.7,176.0,1851.0,0.13799384963989259,call,2026-11-20,SPY,765.6500244140625,2026-08-21T20:42:06.922519+00:00
805.0,7.15,7.18,7.2,145.0,2887.0,0.13544565734863284,call,2026-11-20,SPY,765.6500244140625,2026-08-21T20:42:06.922519+00:00
810.0,5.86,5.9,5.89,941.0,4818.0,0.13327893096923826,call,2026-11-20,SPY,765.6500244140625,2026-08-21T20:42:06.922519+00:00
815.0,4.77,4.81,4.97,35.0,1324.0,0.1313563427734375,call,2026-11-20,SPY,765.6500244140625,2026-08-21T20:42:06.922519+00:00
820.0,3.85,3.88,4.07,301.0,2148.0,0.12955582366943358,call,2026-11-20,SPY,765.6500244140625,2026-08-21T20:42:06.922519+00:00
825.0,3.08,3.11,3.16,147.0,3841.0,0.12802996002197264,call,2026-11-20,SPY,765.6500244140625,2026-08-21T20:42:06.922519+00:00
830.0,2.45,2.48,2.5,27.0,2114.0,0.12676349319458008,call,2026-11-20,SPY,765.6500244140625,2026-08-21T20:42:06.922519+00:00
835.0,1.93,1.96,2.04,16.0,812.0,0.1255885781860352,call,2026-11-20,SPY,765.6500244140625,2026-08-21T20:42:06.922519+00:00
840.0,1.51,1.54,1.59,79.0,447.0,0.12461202545166015,call,2026-11-20,SPY,765.6500244140625,2026-08-21T20:42:06.922519+00:00
845.0,1.18,1.21,1.27,11.0,669.0,0.12391012817382813,call,2026-11-20,SPY,765.6500244140625,2026-08-21T20:42:06.922519+00:00
850.0,0.93,0.95,0.99,610.0,3187.0,0.12348288635253907,call,2026-11-20,SPY,765.6500244140625,2026-08-21T20:42:06.922519+00:00
855.0,0.73,0.75,0.78,8.0,1047.0,0.12329978271484376,call,2026-11-20,SPY,765.6500244140625,2026-08-21T20:42:06.922519+00:00
860.0,0.57,0.59,0.61,10.0,428.0,0.12323874816894533,call,2026-11-20,SPY,765.6500244140625,2026-08-21T20:42:06.922519+00:00
865.0,0.46,0.47,0.53,2.0,737.0,0.1235439208984375,call,2026-11-20,SPY,765.6500244140625,2026-08-21T20:42:06.922519+00:00
870.0,0.37,0.38,0.36,5.0,227.0,0.12415426635742188,call,2026-11-20,SPY,765.6500244140625,2026-08-21T20:42:06.922519+00:00
875.0,0.3,0.31,0.33,5.0,23146.0,0.12500875,call,2026-11-20,SPY,765.6500244140625,2026-08-21T20:42:06.922519+00:00
880.0,0.26,0.27,0.27,21.0,705.0,0.12696185546875,call,2026-11-20,SPY,765.6500244140625,2026-08-21T20:42:06.922519+00:00
885.0,0.21,0.22,0.22,3.0,734.0,0.12781633911132811,call,2026-11-20,SPY,765.6500244140625,2026-08-21T20:42:06.922519+00:00
890.0,0.18,0.19,0.21,12.0,772.0,0.12964737548828126,call,2026-11-20,SPY,765.6500244140625,2026-08-21T20:42:06.922519+00:00
895.0,0.15,0.16,0.18,1.0,990.0,0.13086806640624998,call,2026-11-20,SPY,765.6500244140625,2026-08-21T20:42:06.922519+00:00
900.0,0.13,0.14,0.15,27.0,2490.0,0.132821171875,call,2026-11-20,SPY,765.6500244140625,2026-08-21T20:42:06.922519+00:00
905.0,0.12,0.13,0.2,298.0,1199.0,0.1355066918945313,call,2026-11-20,SPY,765.6500244140625,2026-08-21T20:42:06.922519+00:00
910.0,0.1,0.11,0.15,1.0,239.0,0.13672738281250002,call,2026-11-20,SPY,765.6500244140625,2026-08-21T20:42:06.922519+00:00
915.0,0.09,0.1,0.1,2.0,230.0,0.13916876464843753,call,2026-11-20,SPY,765.6500244140625,2026-08-21T20:42:06.922519+00:00
920.0,0.08,0.09,0.1,1.0,137.0,0.14112187011718752,call,2026-11-20,SPY,765.6500244140625,2026-08-21T20:42:06.922519+00:00
925.0,0.07,0.08,0.16,1.0,70.0,0.1430749755859375,call,2026-11-20,SPY,765.6500244140625,2026-08-21T20:42:06.922519+00:00
930.0,0.06,0.08,0.19,2.0,42.0,0.14649291015625,call,2026-11-20,SPY,765.6500244140625,2026-08-21T20:42:06.922519+00:00
935.0,0.06,0.07,0.21,2.0,7.0,0.14795773925781253,call,2026-11-20,SPY,765.6500244140625,2026-08-21T20:42:06.922519+00:00
940.0,0.05,0.07,0.05,5.0,424.0,0.1518639501953125,call,2026-11-20,SPY,765.6500244140625,2026-08-21T20:42:06.922519+00:00
945.0,0.05,0.06,0.05,200.0,273.0,0.15284050292968754,call,2026-11-20,SPY,765.6500244140625,2026-08-21T20:42:06.922519+00:00
950.0,0.04,0.06,0.06,4.0,2316.0,0.1562584375,call,2026-11-20,SPY,765.6500244140625,2026-08-21T20:42:06.922519+00:00
955.0,0.04,0.05,0.08,1.0,29.0,0.15674671386718753,call,2026-11-20,SPY,765.6500244140625,2026-08-21T20:42:06.922519+00:00
960.0,0.04,0.05,0.05,4.0,23.0,0.1601646484375,call,2026-11-20,SPY,765.6500244140625,2026-08-21T20:42:06.922519+00:00
965.0,0.03,0.05,0.17,1.0,50.0,0.16309430664062502,call,2026-11-20,SPY,765.6500244140625,2026-08-21T20:42:06.922519+00:00
970.0,0.03,0.04,0.1,20.0,35.0,0.16309430664062502,call,2026-11-20,SPY,765.6500244140625,2026-08-21T20:42:06.922519+00:00
975.0,0.03,0.04,0.06,4.0,9.0,0.16602396484375004,call,2026-11-20,SPY,765.6500244140625,2026-08-21T20:42:06.922519+00:00
980.0,0.03,0.04,0.07,63.0,106.0,0.1694418994140625,call,2026-11-20,SPY,765.6500244140625,2026-08-21T20:42:06.922519+00:00
985.0,0.02,0.04,0.03,500.0,351.0,0.17285983398437502,call,2026-11-20,SPY,765.6500244140625,2026-08-21T20:42:06.922519+00:00
990.0,0.02,0.03,0.07,44.0,443.0,0.17090672851562502,call,2026-11-20,SPY,765.6500244140625,2026-08-21T20:42:06.922519+00:00
995.0,0.02,0.03,0.07,1.0,384.0,0.174812939453125,call,2026-11-20,SPY,765.6500244140625,2026-08-21T20:42:06.922519+00:00
1000.0,0.02,0.03,0.02,1.0,702.0,0.17774259765625,call,2026-11-20,SPY,765.6500244140625,2026-08-21T20:42:06.922519+00:00
300.0,0.09,0.1,0.1,11.0,3143.0,0.6523472265625001,put,2026-11-20,SPY,765.6500244140625,2026-08-21T20:42:06.922519+00:00
305.0,0.1,0.11,0.1,18.0,984.0,0.64648791015625,put,2026-11-20,SPY,765.6500244140625,2026-08-21T20:42:06.922519+00:00
310.0,0.1,0.11,0.12,5.0,115.0,0.6357458300781251,put,2026-11-20,SPY,765.6500244140625,2026-08-21T20:42:06.922519+00:00
315.0,0.11,0.12,0.12,5.0,110.0,0.63086306640625,put,2026-11-20,SPY,765.6500244140625,2026-08-21T20:42:06.922519+00:00
320.0,0.12,0.13,0.13,15.0,82.0,0.6250037500000001,put,2026-11-20,SPY,765.6500244140625,2026-08-21T20:42:06.922519+00:00
325.0,0.12,0.13,0.13,5.0,142.0,0.614261669921875,put,2026-11-20,SPY,765.6500244140625,2026-08-21T20:42:06.922519+00:00
330.0,0.13,0.14,0.14,5.0,56.0,0.6084023535156251,put,2026-11-20,SPY,765.6500244140625,2026-08-21T20:42:06.922519+00:00
335.0,0.14,0.15,0.16,7.0,27.0,0.6025430371093752,put,2026-11-20,SPY,765.6500244140625,2026-08-21T20:42:06.922519+00:00
340.0,0.14,0.16,0.15,6.0,2010.0,0.594730615234375,put,2026-11-20,SPY,765.6500244140625,2026-08-21T20:42:06.922519+00:00
345.0,0.15,0.16,0.16,1.0,75.0,0.5864299169921875,put,2026-11-20,SPY,765.6500244140625,2026-08-21T20:42:06.922519+00:00
350.0,0.16,0.17,0.17,11.0,756.0,0.5800823242187501,put,2026-11-20,SPY,765.6500244140625,2026-08-21T20:42:06.922519+00:00
355.0,0.17,0.18,0.17,1.0,118.0,0.5737347314453125,put,2026-11-20,SPY,765.6500244140625,2026-08-21T20:42:06.922519+00:00
360.0,0.18,0.19,0.18,1.0,97.0,0.567387138671875,put,2026-11-20,SPY,765.6500244140625,2026-08-21T20:42:06.922519+00:00
365.0,0.19,0.2,0.19,1.0,97.0,0.56055126953125,put,2026-11-20,SPY,765.6500244140625,2026-08-21T20:42:06.922519+00:00
370.0,0.2,0.21,0.29,25.0,10021.0,0.5542036767578126,put,2026-11-20,SPY,765.6500244140625,2026-08-21T20:42:06.922519+00:00
375.0,0.21,0.22,0.25,5.0,180.0,0.5473678076171876,put,2026-11-20,SPY,765.6500244140625,2026-08-21T20:42:06.922519+00:00
380.0,0.22,0.23,0.23,9.0,150939.0,0.5405319384765627,put,2026-11-20,SPY,765.6500244140625,2026-08-21T20:42:06.922519+00:00
385.0,0.23,0.24,0.26,1.0,93.0,0.5336960693359375,put,2026-11-20,SPY,765.6500244140625,2026-08-21T20:42:06.922519+00:00
390.0,0.25,0.26,0.29,1.0,101238.0,0.5293015820312501,put,2026-11-20,SPY,765.6500244140625,2026-08-21T20:42:06.922519+00:00
395.0,0.26,0.27,0.31,1.0,157.0,0.5219774365234374,put,2026-11-20,SPY,765.6500244140625,2026-08-21T20:42:06.922519+00:00
400.0,0.27,0.28,0.29,10.0,75320.0,0.5151415673828125,put,2026-11-20,SPY,765.6500244140625,2026-08-21T20:42:06.922519+00:00
405.0,0.28,0.3,0.29,1.0,286.0,0.5090381127929688,put,2026-11-20,SPY,765.6500244140625,2026-08-21T20:42:06.922519+00:00
410.0,0.3,0.31,0.33,1.0,1092.0,0.5029346582031251,put,2026-11-20,SPY,765.6500244140625,2026-08-21T20:42:06.922519+00:00
415.0,0.31,0.32,0.36,13.0,312.0,0.49658706542968756,put,2026-11-20,SPY,765.6500244140625,2026-08-21T20:42:06.922519+00:00
420.0,0.33,0.34,0.34,2.0,633.0,0.49121602539062503,put,2026-11-20,SPY,765.6500244140625,2026-08-21T20:42:06.922519+00:00
425.0,0.35,0.36,0.37,50.0,111.0,0.4858449853515625,put,2026-11-20,SPY,765.6500244140625,2026-08-21T20:42:06.922519+00:00
430.0,0.36,0.37,0.37,2.0,5271.0,0.47852083984375,put,2026-11-20,SPY,765.6500244140625,2026-08-21T20:42:06.922519+00:00
435.0,0.38,0.39,0.5,1.0,115.0,0.4726615234375,put,2026-11-20,SPY,765.6500244140625,2026-08-21T20:42:06.922519+00:00
440.0,0.4,0.41,0.42,2.0,62.0,0.46680220703125,put,2026-11-20,SPY,765.6500244140625,2026-08-21T20:42:06.922519+00:00
445.0,0.42,0.43,0.49,20.0,82.0,0.46094289062500005,put,2026-11-20,SPY,765.6500244140625,2026-08-21T20:42:06.922519+00:00
450.0,0.44,0.45,0.51,29.0,1083.0,0.45483943603515625,put,2026-11-20,SPY,765.6500244140625,2026-08-21T20:42:06.922519+00:00
455.0,0.46,0.47,0.47,5.0,153.0,0.44873598144531246,put,2026-11-20,SPY,765.6500244140625,2026-08-21T20:42:06.922519+00:00
460.0,0.48,0.5,0.49,12.0,787.0,0.44385321777343745,put,2026-11-20,SPY,765.6500244140625,2026-08-21T20:42:06.922519+00:00
465.0,0.51,0.52,0.52,1.0,3018.0,0.437505625,put,2026-11-20,SPY,765.6500244140625,2026-08-21T20:42:06.922519+00:00
470.0,0.53,0.54,0.6,10.0,674.0,0.43115803222656257,put,2026-11-20,SPY,765.6500244140625,2026-08-21T20:42:06.922519+00:00
475.0,0.56,0.57,0.59,1.0,282.0,0.42578699218750005,put,2026-11-20,SPY,765.6500244140625,2026-08-21T20:42:06.922519+00:00
480.0,0.59,0.6,0.6,74.0,5294.0,0.4204159521484375,put,2026-11-20,SPY,765.6500244140625,2026-08-21T20:42:06.922519+00:00
485.0,0.62,0.63,0.62,7.0,188.0,0.41480077392578124,put,2026-11-20,SPY,765.6500244140625,2026-08-21T20:42:06.922519+00:00
490.0,0.65,0.66,0.72,1.0,142.0,0.40918559570312496,put,2026-11-20,SPY,765.6500244140625,2026-08-21T20:42:06.922519+00:00
495.0,0.68,0.69,0.77,24.0,195.0,0.40332627929687503,put,2026-11-20,SPY,765.6500244140625,2026-08-21T20:42:06.922519+00:00
500.0,0.71,0.72,0.71,102.0,302471.0,0.397466962890625,put,2026-11-20,SPY,765.6500244140625,2026-08-21T20:42:06.922519+00:00
505.0,0.75,0.76,0.84,32.0,174.0,0.39234006103515623,put,2026-11-20,SPY,765.6500244140625,2026-08-21T20:42:06.922519+00:00
510.0,0.78,0.79,0.86,1.0,200210.0,0.38623660644531244,put,2026-11-20,SPY,765.6500244140625,2026-08-21T20:42:06.922519+00:00
515.0,0.82,0.83,0.85,2.0,203.0,0.38086556640624997,put,2026-11-20,SPY,765.6500244140625,2026-08-21T20:42:06.922519+00:00
520.0,0.86,0.87,0.88,43.0,150399.0,0.3753724572753906,put,2026-11-20,SPY,765.6500244140625,2026-08-21T20:42:06.922519+00:00
525.0,0.9,0.92,0.9,16.0,274.0,0.37036762451171873,put,2026-11-20,SPY,765.6500244140625,2026-08-21T20:42:06.922519+00:00
530.0,0.95,0.96,1.03,80.0,382.0,0.36463037719726565,put,2026-11-20,SPY,765.6500244140625,2026-08-21T20:42:06.922519+00:00
535.0,1.0,1.01,1.0,7.0,57.0,0.35938140625,put,2026-11-20,SPY,765.6500244140625,2026-08-21T20:42:06.922519+00:00
540.0,1.05,1.06,1.04,37.0,436.0,0.35388829711914055,put,2026-11-20,SPY,765.6500244140625,2026-08-21T20:42:06.922519+00:00
545.0,1.1,1.11,1.14,300.0,624.0,0.34839518798828123,put,2026-11-20,SPY,765.6500244140625,2026-08-21T20:42:06.922519+00:00
550.0,1.15,1.16,1.15,348.0,3129.0,0.34278000976562495,put,2026-11-20,SPY,765.6500244140625,2026-08-21T20:42:06.922519+00:00
555.0,1.21,1.22,1.23,1.0,659.0,0.3375310388183594,put,2026-11-20,SPY,765.6500244140625,2026-08-21T20:42:06.922519+00:00
560.0,1.27,1.28,1.3,33.0,4812.0,0.3321599987792969,put,2026-11-20,SPY,765.6500244140625,2026-08-21T20:42:06.922519+00:00
565.0,1.33,1.35,1.51,3.0,2025.0,0.32709413146972655,put,2026-11-20,SPY,765.6500244140625,2026-08-21T20:42:06.922519+00:00
570.0,1.4,1.41,1.6,20.0,753.0,0.32141791870117187,put,2026-11-20,SPY,765.6500244140625,2026-08-21T20:42:06.922519+00:00
575.0,1.47,1.48,1.48,1.0,882.0,0.31604687866210934,put,2026-11-20,SPY,765.6500244140625,2026-08-21T20:42:06.922519+00:00
580.0,1.54,1.56,1.58,1.0,16449.0,0.31098101135253897,put,2026-11-20,SPY,765.6500244140625,2026-08-21T20:42:06.922519+00:00
585.0,1.62,1.64,1.63,8.0,394.0,0.305671005859375,put,2026-11-20,SPY,765.6500244140625,2026-08-21T20:42:06.922519+00:00
590.0,1.71,1.73,1.78,12.0,1528.0,0.30060513854980464,put,2026-11-20,SPY,765.6500244140625,2026-08-21T20:42:06.922519+00:00
595.0,1.8,1.82,1.88,5.0,580.0,0.295356167602539,put,2026-11-20,SPY,765.6500244140625,2026-08-21T20:42:06.922519+00:00
600.0,1.89,1.91,1.9,46.0,2468.0,0.28992409301757804,put,2026-11-20,SPY,765.6500244140625,2026-08-21T20:42:06.922519+00:00
605.0,2.0,2.02,2.04,104.0,646.0,0.2849192602539062,put,2026-11-20,SPY,765.6500244140625,2026-08-21T20:42:06.922519+00:00
610.0,2.11,2.13,2.1,164.0,1336.0,0.2797923583984374,put,2026-11-20,SPY,765.6500244140625,2026-08-21T20:42:06.922519+00:00
615.0,2.22,2.24,2.19,932.0,3228.0,0.274421318359375,put,2026-11-20,SPY,765.6500244140625,2026-08-21T20:42:06.922519+00:00
620.0,2.35,2.37,2.38,424.0,152308.0,0.2694164855957031,put,2026-11-20,SPY,765.6500244140625,2026-08-21T20:42:06.922519+00:00
625.0,2.49,2.51,2.5,317.0,1583.0,0.2644116528320312,put,2026-11-20,SPY,765.6500244140625,2026-08-21T20:42:06.922519+00:00
630.0,2.64,2.66,2.64,8.0,100839.0,0.2594678546142578,put,2026-11-20,SPY,765.6500244140625,2026-08-21T20:42:06.922519+00:00
635.0,2.79,2.82,2.8,11.0,280.0,0.254463021850586,put,2026-11-20,SPY,765.6500244140625,2026-08-21T20:42:06.922519+00:00
640.0,2.97,2.99,2.99,372.0,76010.0,0.24945818908691403,put,2026-11-20,SPY,765.6500244140625,2026-08-21T20:42:06.922519+00:00
645.0,3.15,3.17,3.14,14.0,1106.0,0.244422839050293,put,2026-11-20,SPY,765.6500244140625,2026-08-21T20:42:06.922519+00:00
650.0,3.35,3.37,3.37,151.0,11476.0,0.2395095581054687,put,2026-11-20,SPY,765.6500244140625,2026-08-21T20:42:06.922519+00:00
655.0,3.56,3.58,3.58,36.0,11632.0,0.23450472534179687,put,2026-11-20,SPY,765.6500244140625,2026-08-21T20:42:06.922519+00:00
660.0,3.79,3.82,3.76,19.0,11145.0,0.2297135134887695,put,2026-11-20,SPY,765.6500244140625,2026-08-21T20:42:06.922519+00:00
665.0,4.04,4.07,4.06,15.0,1169.0,0.22476971527099604,put,2026-11-20,SPY,765.6500244140625,2026-08-21T20:42:06.922519+00:00
670.0,4.32,4.34,4.28,21.0,3426.0,0.21985643432617186,put,2026-11-20,SPY,765.6500244140625,2026-08-21T20:42:06.922519+00:00
675.0,4.6,4.63,4.53,47.0,2935.0,0.21488211883544922,put,2026-11-20,SPY,765.6500244140625,2026-08-21T20:42:06.922519+00:00
680.0,4.92,4.95,4.95,177.0,30134.0,0.2099993551635742,put,2026-11-20,SPY,765.6500244140625,2026-08-21T20:42:06.922519+00:00
685.0,5.27,5.3,5.27,30.0,5921.0,0.20514710876464842,put,2026-11-20,SPY,765.6500244140625,2026-08-21T20:42:06.922519+00:00
690.0,5.65,5.68,5.59,380.0,6785.0,0.2002643450927734,put,2026-11-20,SPY,765.6500244140625,2026-08-21T20:42:06.922519+00:00
695.0,6.05,6.09,6.03,239.0,3212.0,0.19535106414794923,put,2026-11-20,SPY,765.6500244140625,2026-08-21T20:42:06.922519+00:00
700.0,6.51,6.54,6.54,832.0,25407.0,0.1904530418395996,put,2026-11-20,SPY,765.6500244140625,2026-08-21T20:42:06.922519+00:00
705.0,7.0,7.03,7.05,230.0,5310.0,0.18552450225830075,put,2026-11-20,SPY,765.6500244140625,2026-08-21T20:42:06.922519+00:00
710.0,7.54,7.57,7.5,26.0,4835.0,0.18062647994995118,put,2026-11-20,SPY,765.6500244140625,2026-08-21T20:42:06.922519+00:00
715.0,8.13,8.17,8.06,25.0,19752.0,0.1757894921875,put,2026-11-20,SPY,765.6500244140625,2026-08-21T20:42:06.922519+00:00
720.0,8.78,8.82,8.73,530.0,7714.0,0.1708456939697266,put,2026-11-20,SPY,765.6500244140625,2026-08-21T20:42:06.922519+00:00
725.0,9.51,9.55,9.58,179.0,11336.0,0.16602396484375004,put,2026-11-20,SPY,765.6500244140625,2026-08-21T20:42:06.922519+00:00
730.0,10.31,10.36,10.32,803.0,5341.0,0.16121749435424804,put,2026-11-20,SPY,765.6500244140625,2026-08-21T20:42:06.922519+00:00
735.0,11.21,11.26,11.17,38.0,4984.0,0.1564262825012207,put,2026-11-20,SPY,765.6500244140625,2026-08-21T20:42:06.922519+00:00
740.0,12.22,12.27,12.3,636.0,9748.0,0.15174188110351564,put,2026-11-20,SPY,765.6500244140625,2026-08-21T20:42:06.922519+00:00
745.0,13.34,13.39,13.44,41.0,5950.0,0.14702696243286134,put,2026-11-20,SPY,765.6500244140625,2026-08-21T20:42:06.922519+00:00
750.0,14.59,14.65,14.65,2157.0,23189.0,0.14243411285400392,put,2026-11-20,SPY,765.6500244140625,2026-08-21T20:42:06.922519+00:00
755.0,16.0,16.07,15.98,88.0,6681.0,0.13794807373046875,put,2026-11-20,SPY,765.6500244140625,2026-08-21T20:42:06.922519+00:00
760.0,17.59,17.65,17.47,356.0,2981.0,0.13348492256164549,put,2026-11-20,SPY,765.6500244140625,2026-08-21T20:42:06.922519+00:00
765.0,19.36,19.43,19.51,472.0,2391.0,0.12917435775756836,put,2026-11-20,SPY,765.6500244140625,2026-08-21T20:42:06.922519+00:00
770.0,21.35,21.42,21.45,1056.0,9595.0,0.12496297409057616,put,2026-11-20,SPY,765.6500244140625,2026-08-21T20:42:06.922519+00:00
775.0,23.57,23.65,23.6,65.0,2556.0,0.12092706474304199,put,2026-11-20,SPY,765.6500244140625,2026-08-21T20:42:06.922519+00:00
780.0,26.04,26.12,26.0,26.0,1697.0,0.11696744857788086,put,2026-11-20,SPY,765.6500244140625,2026-08-21T20:42:06.922519+00:00
785.0,28.67,29.37,28.36,37.0,492.0,0.11681486221313475,put,2026-11-20,SPY,765.6500244140625,2026-08-21T20:42:06.922519+00:00
790.0,30.91,32.3,31.88,228.0,303.0,0.1128018408203125,put,2026-11-20,SPY,765.6500244140625,2026-08-21T20:42:06.922519+00:00
795.0,33.35,36.87,34.85,4.0,127.0,0.11975977905273436,put,2026-11-20,SPY,765.6500244140625,2026-08-21T20:42:06.922519+00:00
800.0,38.15,39.26,38.3,3.0,354.0,0.10769019760131837,put,2026-11-20,SPY,765.6500244140625,2026-08-21T20:42:06.922519+00:00
805.0,40.71,44.23,42.73,3.0,24.0,0.11618925811767578,put,2026-11-20,SPY,765.6500244140625,2026-08-21T20:42:06.922519+00:00
810.0,44.98,48.26,46.22,5.0,4.0,0.11516692947387697,put,2026-11-20,SPY,765.6500244140625,2026-08-21T20:42:06.922519+00:00
815.0,48.99,52.51,44.11,6.0,40.0,0.11493804992675781,put,2026-11-20,SPY,765.6500244140625,2026-08-21T20:42:06.922519+00:00
820.0,53.42,56.94,53.5,1.0,6.0,0.11548736083984376,put,2026-11-20,SPY,765.6500244140625,2026-08-21T20:42:06.922519+00:00
825.0,58.02,61.54,54.03,40.0,135.0,0.11716581085205077,put,2026-11-20,SPY,765.6500244140625,2026-08-21T20:42:06.922519+00:00
830.0,62.79,66.28,54.89,2.0,1.0,0.12006495178222655,put,2026-11-20,SPY,765.6500244140625,2026-08-21T20:42:06.922519+00:00
840.0,72.69,76.2,68.45,,0.0,0.1316615155029297,put,2026-11-20,SPY,765.6500244140625,2026-08-21T20:42:06.922519+00:00
850.0,109.23,112.51,100.49,19.0,0.0,0.38040780731201174,put,2026-11-20,SPY,765.6500244140625,2026-08-21T20:42:06.922519+00:00
865.0,0.0,0.0,118.14,1.0,0.0,1.0000000000000003e-05,put,2026-11-20,SPY,765.6500244140625,2026-08-21T20:42:06.922519+00:00
900.0,143.85,147.3,145.67,,0.0,0.34010974838256836,put,2026-11-20,SPY,765.6500244140625,2026-08-21T20:42:06.922519+00:00
950.0,193.86,197.3,206.0,1.0,0.0,0.4073240420532227,put,2026-11-20,SPY,765.6500244140625,2026-08-21T20:42:06.922519+00:00
960.0,192.68,196.2,195.82,,0.0,0.26142096008300786,put,2026-11-20,SPY,765.6500244140625,2026-08-21T20:42:06.922519+00:00
