strike,bid,ask,last_price,volume,open_interest,vendor_implied_volatility,option_type,expiration,ticker,spot,download_timestamp
300.0,473.22,475.95,468.62,24.0,43.0,2.7519562451171877,call,2026-10-16,SPY,773.8900146484375,2026-10-09T00:23:45.651828+00:00
305.0,468.22,470.97,454.74,84.0,62.0,2.7119172827148432,call,2026-10-16,SPY,773.8900146484375,2026-10-09T00:23:45.651828+00:00
310.0,463.23,465.97,458.44,24.0,1.0,2.669925200195313,call,2026-10-16,SPY,773.8900146484375,2026-10-09T00:23:45.651828+00:00
315.0,458.24,460.97,447.83,5.0,0.0,2.6289096777343754,call,2026-10-16,SPY,773.8900146484375,2026-10-09T00:23:45.651828+00:00
320.0,453.28,455.97,448.74,24.0,3.0,2.5957066357421876,call,2026-10-16,SPY,773.8900146484375,2026-10-09T00:23:45.651828+00:00
325.0,0.0,0.0,442.67,,0.0,1.0000000000000003e-05,call,2026-10-16,SPY,773.8900146484375,2026-10-09T00:23:45.651828+00:00
330.0,0.0,0.0,437.51,15.0,0.0,1.0000000000000003e-05,call,2026-10-16,SPY,773.8900146484375,2026-10-09T00:23:45.651828+00:00
335.0,0.0,0.0,432.71,15.0,0.0,1.0000000000000003e-05,call,2026-10-16,SPY,773.8900146484375,2026-10-09T00:23:45.651828+00:00
340.0,0.0,0.0,415.74,,0.0,1.0000000000000003e-05,call,2026-10-16,SPY,773.8900146484375,2026-10-09T00:23:45.651828+00:00
350.0,423.28,426.01,420.38,3.0,3.0,2.3593791015624994,call,2026-10-16,SPY,773.8900146484375,2026-10-09T00:23:45.651828+00:00
355.0,418.28,421.01,414.21,,0.0,2.3203166992187496,call,2026-10-16,SPY,773.8900146484375,2026-10-09T00:23:45.651828+00:00
360.0,413.29,416.02,411.77,3.0,0.0,2.286137097167969,call,2026-10-16,SPY,773.8900146484375,2026-10-09T00:23:45.651828+00:00
365.0,398.31,400.99,388.48,,1.0,1.0000000000000003e-05,call,2026-10-16,SPY,773.8900146484375,2026-10-09T00:23:45.651828+00:00
380.0,393.31,396.04,388.87,6.0,2.0,2.145512448730469,call,2026-10-16,SPY,773.8900146484375,2026-10-09T00:23:45.651828+00:00
390.0,383.32,386.06,378.3,1.0,1.0,2.0791063647460932,call,2026-10-16,SPY,773.8900146484375,2026-10-09T00:23:45.651828+00:00
400.0,0.0,0.0,375.11,2.0,0.0,1.0000000000000003e-05,call,2026-10-16,SPY,773.8900146484375,2026-10-09T00:23:45.651828+00:00
405.0,351.06,354.54,335.63,,1.0,1.0000000000000003e-05,call,2026-10-16,SPY,773.8900146484375,2026-10-09T00:23:45.651828+00:00
410.0,346.11,349.62,330.56,,1.0,1.0000000000000003e-05,call,2026-10-16,SPY,773.8900146484375,2026-10-09T00:23:45.651828+00:00
420.0,353.36,356.09,352.54,4.0,0.0,1.8852544799804685,call,2026-10-16,SPY,773.8900146484375,2026-10-09T00:23:45.651828+00:00
440.0,323.5,326.28,298.33,,1.0,1.0000000000000003e-05,call,2026-10-16,SPY,773.8900146484375,2026-10-09T00:23:45.651828+00:00
445.0,328.38,331.13,314.16,36.0,0.0,1.732423212890625,call,2026-10-16,SPY,773.8900146484375,2026-10-09T00:23:45.651828+00:00
450.0,323.6,325.36,317.93,1.0,701.0,1.609376953125,call,2026-10-16,SPY,773.8900146484375,2026-10-09T00:23:45.651828+00:00
455.0,318.4,321.13,308.15,,0.0,1.6728531982421875,call,2026-10-16,SPY,773.8900146484375,2026-10-09T00:23:45.651828+00:00
460.0,313.48,316.14,302.99,,0.0,1.654298603515625,call,2026-10-16,SPY,773.8900146484375,2026-10-09T00:23:45.651828+00:00
465.0,308.41,311.14,298.0,9.0,0.0,1.6142597412109376,call,2026-10-16,SPY,773.8900146484375,2026-10-09T00:23:45.651828+00:00
470.0,303.42,306.14,299.3,,1.0,1.584963012695312,call,2026-10-16,SPY,773.8900146484375,2026-10-09T00:23:45.651828+00:00
475.0,298.42,301.15,288.02,,0.0,1.5566428417968747,call,2026-10-16,SPY,773.8900146484375,2026-10-09T00:23:45.651828+00:00
480.0,293.43,296.16,289.32,2.0,1.0,1.5292992285156248,call,2026-10-16,SPY,773.8900146484375,2026-10-09T00:23:45.651828+00:00
485.0,288.45,291.17,278.24,11.0,0.0,1.5034204516601561,call,2026-10-16,SPY,773.8900146484375,2026-10-09T00:23:45.651828+00:00
495.0,278.45,281.17,273.4,,0.0,1.4453152734375,call,2026-10-16,SPY,773.8900146484375,2026-10-09T00:23:45.651828+00:00
500.0,273.45,276.18,273.87,1.0,25.0,1.4174833813476564,call,2026-10-16,SPY,773.8900146484375,2026-10-09T00:23:45.651828+00:00
505.0,268.46,271.19,268.93,1.0,1.0,1.3911163256835937,call,2026-10-16,SPY,773.8900146484375,2026-10-09T00:23:45.651828+00:00
510.0,263.47,266.19,260.15,1.0,2.0,1.3640168518066407,call,2026-10-16,SPY,773.8900146484375,2026-10-09T00:23:45.651828+00:00
515.0,258.47,261.2,248.17,43.0,43.0,1.3369173779296872,call,2026-10-16,SPY,773.8900146484375,2026-10-09T00:23:45.651828+00:00
520.0,253.48,256.21,255.0,1.0,72.0,1.3110386010742183,call,2026-10-16,SPY,773.8900146484375,2026-10-09T00:23:45.651828+00:00
525.0,248.48,251.22,245.57,1.0,5.0,1.284671545410156,call,2026-10-16,SPY,773.8900146484375,2026-10-09T00:23:45.651828+00:00
530.0,243.49,246.22,242.11,1.0,84.0,1.2578162109375,call,2026-10-16,SPY,773.8900146484375,2026-10-09T00:23:45.651828+00:00
535.0,238.49,241.22,240.0,2.0,2.0,1.23047259765625,call,2026-10-16,SPY,773.8900146484375,2026-10-09T00:23:45.651828+00:00
540.0,233.51,236.23,235.0,2.0,4.0,1.206546936035156,call,2026-10-16,SPY,773.8900146484375,2026-10-09T00:23:45.651828+00:00
545.0,0.0,0.0,203.0,,0.0,1.0000000000000003e-05,call,2026-10-16,SPY,773.8900146484375,2026-10-09T00:23:45.651828+00:00
550.0,223.52,226.25,218.5,1.0,1.0,1.1557659399414062,call,2026-10-16,SPY,773.8900146484375,2026-10-09T00:23:45.651828+00:00
555.0,218.52,221.25,199.43,1.0,3.0,1.12891060546875,call,2026-10-16,SPY,773.8900146484375,2026-10-09T00:23:45.651828+00:00
560.0,213.53,216.26,205.45,2.0,31.0,1.1042525256347657,call,2026-10-16,SPY,773.8900146484375,2026-10-09T00:23:45.651828+00:00
565.0,208.53,211.27,207.21,2.0,11.0,1.0788620275878906,call,2026-10-16,SPY,773.8900146484375,2026-10-09T00:23:45.651828+00:00
570.0,203.55,206.27,191.0,2.0,23.0,1.0544480871582032,call,2026-10-16,SPY,773.8900146484375,2026-10-09T00:23:45.651828+00:00
575.0,198.55,201.27,195.66,1.0,49.0,1.0283251708984378,call,2026-10-16,SPY,773.8900146484375,2026-10-09T00:23:45.651828+00:00
580.0,193.55,196.29,183.55,1.0,21.0,1.0041553698730468,call,2026-10-16,SPY,773.8900146484375,2026-10-09T00:23:45.651828+00:00
585.0,188.56,191.29,197.2,1.0,24.0,0.9792482543945313,call,2026-10-16,SPY,773.8900146484375,2026-10-09T00:23:45.651828+00:00
590.0,183.77,185.55,179.66,18.0,285.0,0.9072274902343749,call,2026-10-16,SPY,773.8900146484375,2026-10-09T00:23:45.651828+00:00
595.0,178.57,181.31,180.5,7.0,58.0,0.9304206176757812,call,2026-10-16,SPY,773.8900146484375,2026-10-09T00:23:45.651828+00:00
600.0,173.78,175.55,175.99,1.0,427.0,0.85937640625,call,2026-10-16,SPY,773.8900146484375,2026-10-09T00:23:45.651828+00:00
605.0,168.59,171.31,167.25,1.0,42.0,0.8813488427734374,call,2026-10-16,SPY,773.8900146484375,2026-10-09T00:23:45.651828+00:00
610.0,163.62,166.32,168.1,1.0,65.0,0.8591322680664062,call,2026-10-16,SPY,773.8900146484375,2026-10-09T00:23:45.651828+00:00
615.0,158.8,160.57,165.43,1.0,211.0,0.7905294384765625,call,2026-10-16,SPY,773.8900146484375,2026-10-09T00:23:45.651828+00:00
620.0,153.81,155.63,158.21,12.0,192.0,0.772463212890625,call,2026-10-16,SPY,773.8900146484375,2026-10-09T00:23:45.651828+00:00
625.0,148.82,150.73,142.84,6.0,240.0,0.7568383691406251,call,2026-10-16,SPY,773.8900146484375,2026-10-09T00:23:45.651828+00:00
630.0,143.62,146.37,148.23,8.0,41.0,0.762697685546875,call,2026-10-16,SPY,773.8900146484375,2026-10-09T00:23:45.651828+00:00
635.0,138.83,140.66,142.52,1.0,4351.0,0.7045927978515626,call,2026-10-16,SPY,773.8900146484375,2026-10-09T00:23:45.651828+00:00
640.0,133.84,135.67,135.49,1.0,688.0,0.6821320849609377,call,2026-10-16,SPY,773.8900146484375,2026-10-09T00:23:45.651828+00:00
645.0,128.85,130.62,125.46,4.0,251.0,0.6557651611328126,call,2026-10-16,SPY,773.8900146484375,2026-10-09T00:23:45.651828+00:00
650.0,123.87,125.7,125.96,1.0,378.0,0.6389196264648438,call,2026-10-16,SPY,773.8900146484375,2026-10-09T00:23:45.651828+00:00
655.0,118.66,121.39,125.42,2.0,28.0,0.6435582519531251,call,2026-10-16,SPY,773.8900146484375,2026-10-09T00:23:45.651828+00:00
660.0,113.87,115.7,116.08,6.0,435.0,0.5918009570312501,call,2026-10-16,SPY,773.8900146484375,2026-10-09T00:23:45.651828+00:00
665.0,108.88,110.71,110.69,2.0,464.0,0.569340244140625,call,2026-10-16,SPY,773.8900146484375,2026-10-09T00:23:45.651828+00:00
670.0,103.89,105.7,105.96,2.0,506.0,0.5459029785156251,call,2026-10-16,SPY,773.8900146484375,2026-10-09T00:23:45.651828+00:00
675.0,98.91,100.72,100.58,19.0,532.0,0.5246629565429688,call,2026-10-16,SPY,773.8900146484375,2026-10-09T00:23:45.651828+00:00
680.0,93.93,95.69,94.75,10.0,2412.0,0.5007374145507812,call,2026-10-16,SPY,773.8900146484375,2026-10-09T00:23:45.651828+00:00
685.0,88.93,90.76,90.27,1.0,1430.0,0.5562788513183594,call,2026-10-16,SPY,773.8900146484375,2026-10-09T00:23:45.651828+00:00
690.0,83.94,85.73,85.98,1.0,1176.0,0.5280808911132813,call,2026-10-16,SPY,773.8900146484375,2026-10-09T00:23:45.651828+00:00
695.0,78.96,80.52,78.96,3.0,915.0,0.48779809082031256,call,2026-10-16,SPY,773.8900146484375,2026-10-09T00:23:45.651828+00:00
700.0,73.98,75.63,73.11,9.0,1617.0,0.4694877270507813,call,2026-10-16,SPY,773.8900146484375,2026-10-09T00:23:45.651828+00:00
701.0,72.97,74.76,75.35,3.0,1080.0,0.4725394543457031,call,2026-10-16,SPY,773.8900146484375,2026-10-09T00:23:45.651828+00:00
702.0,71.77,74.51,59.84,2.0,76.0,0.5101367346191408,call,2026-10-16,SPY,773.8900146484375,2026-10-09T00:23:45.651828+00:00
703.0,70.77,73.5,58.86,4.0,29.0,0.5040332800292968,call,2026-10-16,SPY,773.8900146484375,2026-10-09T00:23:45.651828+00:00
704.0,69.78,72.5,57.64,4.0,73.0,0.4985401708984375,call,2026-10-16,SPY,773.8900146484375,2026-10-09T00:23:45.651828+00:00
705.0,68.98,70.82,68.96,1.0,298.0,0.4552056433105469,call,2026-10-16,SPY,773.8900146484375,2026-10-09T00:23:45.651828+00:00
706.0,67.78,70.52,62.2,6.0,25.0,0.488408436279297,call,2026-10-16,SPY,773.8900146484375,2026-10-09T00:23:45.651828+00:00
707.0,66.79,69.51,55.97,1.0,42.0,0.4823049816894531,call,2026-10-16,SPY,773.8900146484375,2026-10-09T00:23:45.651828+00:00
708.0,65.79,68.52,59.48,3.0,16.0,0.47723911437988287,call,2026-10-16,SPY,773.8900146484375,2026-10-09T00:23:45.651828+00:00
709.0,64.79,67.5,62.38,10.0,16.0,0.4706473834228516,call,2026-10-16,SPY,773.8900146484375,2026-10-09T00:23:45.651828+00:00
710.0,64.54,65.53,63.48,7.0,1320.0,0.41138283935546877,call,2026-10-16,SPY,773.8900146484375,2026-10-09T00:23:45.651828+00:00
711.0,62.8,65.53,60.99,4.0,7.0,0.46094289062500005,call,2026-10-16,SPY,773.8900146484375,2026-10-09T00:23:45.651828+00:00
712.0,62.01,63.84,63.78,5.0,329.0,0.41919526123046874,call,2026-10-16,SPY,773.8900146484375,2026-10-09T00:23:45.651828+00:00
713.0,60.81,63.54,62.47,7.0,9.0,0.450200810546875,call,2026-10-16,SPY,773.8900146484375,2026-10-09T00:23:45.651828+00:00
714.0,60.01,61.79,61.91,4.0,189.0,0.4057676611328125,call,2026-10-16,SPY,773.8900146484375,2026-10-09T00:23:45.651828+00:00
715.0,59.4,60.84,60.75,2.0,539.0,0.40320421020507813,call,2026-10-16,SPY,773.8900146484375,2026-10-09T00:23:45.651828+00:00
716.0,57.82,60.55,64.18,1.0,19.0,0.4337825177001954,call,2026-10-16,SPY,773.8900146484375,2026-10-09T00:23:45.651828+00:00
717.0,56.82,59.56,60.25,5.0,9.0,0.4285945812988281,call,2026-10-16,SPY,773.8900146484375,2026-10-09T00:23:45.651828+00:00
718.0,55.83,58.56,58.38,1.0,12.0,0.4229794030761719,call,2026-10-16,SPY,773.8900146484375,2026-10-09T00:23:45.651828+00:00
719.0,54.83,57.53,56.4,5.0,12.0,0.4158993957519531,call,2026-10-16,SPY,773.8900146484375,2026-10-09T00:23:45.651828+00:00
720.0,54.04,55.58,53.76,3.0,544.0,0.362311064453125,call,2026-10-16,SPY,773.8900146484375,2026-10-09T00:23:45.651828+00:00
721.0,52.84,55.57,53.93,1.0,53.0,0.4063780065917969,call,2026-10-16,SPY,773.8900146484375,2026-10-09T00:23:45.651828+00:00
722.0,51.85,54.58,40.96,2.0,78.0,0.40112903564453123,call,2026-10-16,SPY,773.8900146484375,2026-10-09T00:23:45.651828+00:00
723.0,50.85,53.58,53.16,4.0,20.0,0.39539178833007815,call,2026-10-16,SPY,773.8900146484375,2026-10-09T00:23:45.651828+00:00
724.0,49.85,52.6,47.71,1.0,13.0,0.39050902465820314,call,2026-10-16,SPY,773.8900146484375,2026-10-09T00:23:45.651828+00:00
725.0,50.08,50.61,50.45,6.0,1218.0,0.3375310388183594,call,2026-10-16,SPY,773.8900146484375,2026-10-09T00:23:45.651828+00:00
726.0,47.87,50.54,45.8,1.0,22.0,0.3764710791015625,call,2026-10-16,SPY,773.8900146484375,2026-10-09T00:23:45.651828+00:00
727.0,46.88,49.58,48.6,1.0,85.0,0.37244279907226563,call,2026-10-16,SPY,773.8900146484375,2026-10-09T00:23:45.651828+00:00
728.0,46.08,47.91,47.71,1.0,183.0,0.3364324169921875,call,2026-10-16,SPY,773.8900146484375,2026-10-09T00:23:45.651828+00:00
729.0,44.89,47.62,46.62,4.0,43.0,0.36255520263671875,call,2026-10-16,SPY,773.8900146484375,2026-10-09T00:23:45.651828+00:00
730.0,44.1,45.9,43.5,37.0,1137.0,0.3249579223632812,call,2026-10-16,SPY,773.8900146484375,2026-10-09T00:23:45.651828+00:00
731.0,43.11,44.96,46.07,10.0,290.0,0.32227240234374993,call,2026-10-16,SPY,773.8900146484375,2026-10-09T00:23:45.651828+00:00
732.0,42.12,43.93,44.07,11.0,146.0,0.315314464111328,call,2026-10-16,SPY,773.8900146484375,2026-10-09T00:23:45.651828+00:00
733.0,41.14,42.83,42.66,9.0,149.0,0.3051827294921875,call,2026-10-16,SPY,773.8900146484375,2026-10-09T00:23:45.651828+00:00
734.0,40.15,41.96,42.07,6.0,227.0,0.3055489367675781,call,2026-10-16,SPY,773.8900146484375,2026-10-09T00:23:45.651828+00:00
735.0,39.15,40.96,39.18,36.0,3650.0,0.2999337585449219,call,2026-10-16,SPY,773.8900146484375,2026-10-09T00:23:45.651828+00:00
736.0,38.16,39.93,40.12,3.0,161.0,0.2929758203124999,call,2026-10-16,SPY,773.8900146484375,2026-10-09T00:23:45.651828+00:00
737.0,37.17,38.98,38.69,4.0,182.0,0.28955788574218744,call,2026-10-16,SPY,773.8900146484375,2026-10-09T00:23:45.651828+00:00
738.0,36.18,38.04,37.33,12.0,410.0,0.2863840893554687,call,2026-10-16,SPY,773.8900146484375,2026-10-09T00:23:45.651828+00:00
739.0,35.2,36.92,37.27,2.0,652.0,0.2756420092773437,call,2026-10-16,SPY,773.8900146484375,2026-10-09T00:23:45.651828+00:00
740.0,34.21,36.01,32.92,13.0,4303.0,0.27374993835449213,call,2026-10-16,SPY,773.8900146484375,2026-10-09T00:23:45.651828+00:00
741.0,33.23,35.1,34.85,3.0,488.0,0.27161372924804683,call,2026-10-16,SPY,773.8900146484375,2026-10-09T00:23:45.651828+00:00
742.0,32.25,34.02,32.35,4.0,237.0,0.2626416510009766,call,2026-10-16,SPY,773.8900146484375,2026-10-09T00:23:45.651828+00:00
743.0,31.28,33.13,32.5,2.0,564.0,0.26117682189941405,call,2026-10-16,SPY,773.8900146484375,2026-10-09T00:23:45.651828+00:00
744.0,30.29,31.94,28.79,12.0,182.0,0.24793232543945312,call,2026-10-16,SPY,773.8900146484375,2026-10-09T00:23:45.651828+00:00
745.0,29.32,31.0,29.62,26.0,2630.0,0.24445335632324222,call,2026-10-16,SPY,773.8900146484375,2026-10-09T00:23:45.651828+00:00
746.0,28.49,30.18,27.92,13.0,347.0,0.24536887451171874,call,2026-10-16,SPY,773.8900146484375,2026-10-09T00:23:45.651828+00:00
747.0,27.37,29.25,27.6,53.0,241.0,0.24195093994140626,call,2026-10-16,SPY,773.8900146484375,2026-10-09T00:23:45.651828+00:00
748.0,26.4,27.93,27.09,55.0,179.0,0.2241898870849609,call,2026-10-16,SPY,773.8900146484375,2026-10-09T00:23:45.651828+00:00
749.0,25.44,26.96,26.14,13.0,321.0,0.21936815795898437,call,2026-10-16,SPY,773.8900146484375,2026-10-09T00:23:45.651828+00:00
750.0,25.6,25.73,25.48,584.0,6879.0,0.20490297058105467,call,2026-10-16,SPY,773.8900146484375,2026-10-09T00:23:45.651828+00:00
751.0,23.32,26.05,24.78,2.0,442.0,0.2438430108642578,call,2026-10-16,SPY,773.8900146484375,2026-10-09T00:23:45.651828+00:00
752.0,22.37,25.03,22.62,4.0,510.0,0.2366409344482422,call,2026-10-16,SPY,773.8900146484375,2026-10-09T00:23:45.651828+00:00
753.0,21.42,23.01,20.63,33.0,460.0,0.1970905487060547,call,2026-10-16,SPY,773.8900146484375,2026-10-09T00:23:45.651828+00:00
754.0,20.59,23.14,21.13,28.0,732.0,0.2267533380126953,call,2026-10-16,SPY,773.8900146484375,2026-10-09T00:23:45.651828+00:00
755.0,20.76,21.08,20.85,151.0,3970.0,0.18708088317871097,call,2026-10-16,SPY,773.8900146484375,2026-10-09T00:23:45.651828+00:00
756.0,19.83,20.13,18.63,11.0,1064.0,0.18238122314453126,call,2026-10-16,SPY,773.8900146484375,2026-10-09T00:23:45.651828+00:00
757.0,18.91,19.2,17.44,34.0,750.0,0.1782308740234375,call,2026-10-16,SPY,773.8900146484375,2026-10-09T00:23:45.651828+00:00
758.0,18.0,18.28,16.83,52.0,1537.0,0.17426362854003907,call,2026-10-16,SPY,773.8900146484375,2026-10-09T00:23:45.651828+00:00
759.0,17.09,17.37,15.63,8.0,1233.0,0.17035741760253909,call,2026-10-16,SPY,773.8900146484375,2026-10-09T00:23:45.651828+00:00
760.0,16.28,16.4,15.41,452.0,10099.0,0.1645591357421875,call,2026-10-16,SPY,773.8900146484375,2026-10-09T00:23:45.651828+00:00
761.0,15.31,15.59,14.37,12.0,2940.0,0.16315534118652347,call,2026-10-16,SPY,773.8900146484375,2026-10-09T00:23:45.651828+00:00
762.0,14.45,14.7,14.22,7.0,3026.0,0.159188095703125,call,2026-10-16,SPY,773.8900146484375,2026-10-09T00:23:45.651828+00:00
763.0,13.58,13.85,13.25,11.0,2368.0,0.15604481658935548,call,2026-10-16,SPY,773.8900146484375,2026-10-09T00:23:45.651828+00:00
764.0,12.75,12.97,12.25,81.0,2476.0,0.1518639501953125,call,2026-10-16,SPY,773.8900146484375,2026-10-09T00:23:45.651828+00:00
765.0,11.97,12.09,11.75,525.0,7738.0,0.14740842834472656,call,2026-10-16,SPY,773.8900146484375,2026-10-09T00:23:45.651828+00:00
766.0,11.15,11.28,11.2,328.0,7240.0,0.14438721832275392,call,2026-10-16,SPY,773.8900146484375,2026-10-09T00:23:45.651828+00:00
767.0,10.35,10.47,10.38,192.0,7246.0,0.14103031829833984,call,2026-10-16,SPY,773.8900146484375,2026-10-09T00:23:45.651828+00:00
768.0,9.54,9.73,8.84,519.0,4222.0,0.13892462646484377,call,2026-10-16,SPY,773.8900146484375,2026-10-09T00:23:45.651828+00:00
769.0,8.81,8.97,8.94,777.0,3434.0,0.13593393371582033,call,2026-10-16,SPY,773.8900146484375,2026-10-09T00:23:45.651828+00:00
770.0,8.1,8.22,8.25,3592.0,19384.0,0.13276013732910158,call,2026-10-16,SPY,773.8900146484375,2026-10-09T00:23:45.651828+00:00
771.0,7.37,7.52,7.5,982.0,3438.0,0.13019668640136717,call,2026-10-16,SPY,773.8900146484375,2026-10-09T00:23:45.651828+00:00
772.0,6.73,6.84,6.8,3200.0,6933.0,0.12757220092773439,call,2026-10-16,SPY,773.8900146484375,2026-10-09T00:23:45.651828+00:00
773.0,6.08,6.17,6.18,3520.0,2665.0,0.12458150817871094,call,2026-10-16,SPY,773.8900146484375,2026-10-09T00:23:45.651828+00:00
774.0,5.5,5.52,5.51,5502.0,4033.0,0.12149926361083985,call,2026-10-16,SPY,773.8900146484375,2026-10-09T00:23:45.651828+00:00
775.0,4.92,4.95,4.94,19717.0,21996.0,0.11951564086914063,call,2026-10-16,SPY,773.8900146484375,2026-10-09T00:23:45.651828+00:00
776.0,4.37,4.4,4.39,9963.0,3217.0,0.1173489144897461,call,2026-10-16,SPY,773.8900146484375,2026-10-09T00:23:45.651828+00:00
777.0,3.87,3.89,3.93,3823.0,4019.0,0.11536529174804688,call,2026-10-16,SPY,773.8900146484375,2026-10-09T00:23:45.651828+00:00
778.0,3.4,3.42,3.4,6408.0,5765.0,0.11353425537109374,call,2026-10-16,SPY,773.8900146484375,2026-10-09T00:23:45.651828+00:00
779.0,2.96,2.99,2.99,1720.0,3122.0,0.11188632263183593,call,2026-10-16,SPY,773.8900146484375,2026-10-09T00:23:45.651828+00:00
780.0,2.57,2.58,2.58,14321.0,18924.0,0.10993321716308593,call,2026-10-16,SPY,773.8900146484375,2026-10-09T00:23:45.651828+00:00
781.0,2.21,2.24,2.22,1879.0,9425.0,0.1088956298828125,call,2026-10-16,SPY,773.8900146484375,2026-10-09T00:23:45.651828+00:00
782.0,1.89,1.91,1.9,3960.0,4091.0,0.10724769714355468,call,2026-10-16,SPY,773.8900146484375,2026-10-09T00:23:45.651828+00:00
783.0,1.61,1.63,1.65,3402.0,7769.0,0.10617959259033202,call,2026-10-16,SPY,773.8900146484375,2026-10-09T00:23:45.651828+00:00
784.0,1.36,1.37,1.38,3610.0,7676.0,0.10480631530761718,call,2026-10-16,SPY,773.8900146484375,2026-10-09T00:23:45.651828+00:00
785.0,1.14,1.15,1.14,59908.0,40737.0,0.10376872802734374,call,2026-10-16,SPY,773.8900146484375,2026-10-09T00:23:45.651828+00:00
786.0,0.95,0.96,0.96,2373.0,6233.0,0.10285320983886719,call,2026-10-16,SPY,773.8900146484375,2026-10-09T00:23:45.651828+00:00
787.0,0.79,0.8,0.82,1801.0,3201.0,0.10218182983398436,call,2026-10-16,SPY,773.8900146484375,2026-10-09T00:23:45.651828+00:00
788.0,0.65,0.66,0.65,1672.0,2078.0,0.10151044982910155,call,2026-10-16,SPY,773.8900146484375,2026-10-09T00:23:45.651828+00:00
789.0,0.53,0.54,0.55,942.0,2263.0,0.10083906982421875,call,2026-10-16,SPY,773.8900146484375,2026-10-09T00:23:45.651828+00:00
790.0,0.43,0.44,0.44,8910.0,29684.0,0.10022872436523436,call,2026-10-16,SPY,773.8900146484375,2026-10-09T00:23:45.651828+00:00
791.0,0.35,0.36,0.34,1114.0,2928.0,0.09998458618164063,call,2026-10-16,SPY,773.8900146484375,2026-10-09T00:23:45.651828+00:00
792.0,0.28,0.29,0.29,1354.0,3064.0,0.09949630981445312,call,2026-10-16,SPY,773.8900146484375,2026-10-09T00:23:45.651828+00:00
793.0,0.23,0.24,0.23,2000.0,7364.0,0.09974044799804688,call,2026-10-16,SPY,773.8900146484375,2026-10-09T00:23:45.651828+00:00
794.0,0.18,0.19,0.19,1158.0,5442.0,0.09925217163085936,call,2026-10-16,SPY,773.8900146484375,2026-10-09T00:23:45.651828+00:00
795.0,0.15,0.16,0.16,25205.0,24348.0,0.1001066552734375,call,2026-10-16,SPY,773.8900146484375,2026-10-09T00:23:45.651828+00:00
796.0,0.12,0.13,0.13,675.0,6674.0,0.1001066552734375,call,2026-10-16,SPY,773.8900146484375,2026-10-09T00:23:45.651828+00:00
797.0,0.1,0.11,0.1,593.0,16970.0,0.1010832080078125,call,2026-10-16,SPY,773.8900146484375,2026-10-09T00:23:45.651828+00:00
798.0,0.08,0.09,0.09,343.0,6234.0,0.10157148437499999,call,2026-10-16,SPY,773.8900146484375,2026-10-09T00:23:45.651828+00:00
799.0,0.07,0.08,0.07,3410.0,3703.0,0.10303631347656249,call,2026-10-16,SPY,773.8900146484375,2026-10-09T00:23:45.651828+00:00
800.0,0.05,0.06,0.06,4739.0,27597.0,0.10205976074218749,call,2026-10-16,SPY,773.8900146484375,2026-10-09T00:23:45.651828+00:00
801.0,0.05,0.06,0.04,172.0,636.0,0.1054776953125,call,2026-10-16,SPY,773.8900146484375,2026-10-09T00:23:45.651828+00:00
802.0,0.04,0.05,0.04,166.0,1901.0,0.10596597167968749,call,2026-10-16,SPY,773.8900146484375,2026-10-09T00:23:45.651828+00:00
803.0,0.03,0.04,0.04,359.0,4637.0,0.106454248046875,call,2026-10-16,SPY,773.8900146484375,2026-10-09T00:23:45.651828+00:00
804.0,0.03,0.04,0.03,125.0,2860.0,0.10938390625,call,2026-10-16,SPY,773.8900146484375,2026-10-09T00:23:45.651828+00:00
805.0,0.02,0.03,0.02,413.0,11616.0,0.108407353515625,call,2026-10-16,SPY,773.8900146484375,2026-10-09T00:23:45.651828+00:00
806.0,0.02,0.03,0.02,6.0,1795.0,0.11133701171874999,call,2026-10-16,SPY,773.8900146484375,2026-10-09T00:23:45.651828+00:00
807.0,0.02,0.03,0.03,455.0,1507.0,0.11426666992187501,call,2026-10-16,SPY,773.8900146484375,2026-10-09T00:23:45.651828+00:00
808.0,0.02,0.03,0.02,8789.0,862.0,0.1176846044921875,call,2026-10-16,SPY,773.8900146484375,2026-10-09T00:23:45.651828+00:00
809.0,0.02,0.03,0.02,3467.0,3915.0,0.1206142626953125,call,2026-10-16,SPY,773.8900146484375,2026-10-09T00:23:45.651828+00:00
810.0,0.01,0.02,0.02,3097.0,16359.0,0.118172880859375,call,2026-10-16,SPY,773.8900146484375,2026-10-09T00:23:45.651828+00:00
815.0,0.01,0.02,0.01,543.0,15932.0,0.132821171875,call,2026-10-16,SPY,773.8900146484375,2026-10-09T00:23:45.651828+00:00
820.0,0.01,0.02,0.02,26.0,16087.0,0.14649291015625,call,2026-10-16,SPY,773.8900146484375,2026-10-09T00:23:45.651828+00:00
825.0,0.01,0.02,0.01,14.0,15625.0,0.1601646484375,call,2026-10-16,SPY,773.8900146484375,2026-10-09T00:23:45.651828+00:00
830.0,0.01,0.02,0.02,13.0,18336.0,0.17383638671875,call,2026-10-16,SPY,773.8900146484375,2026-10-09T00:23:45.651828+00:00
835.0,0.01,0.02,0.02,4.0,3169.0,0.186531572265625,call,2026-10-16,SPY,773.8900146484375,2026-10-09T00:23:45.651828+00:00
840.0,0.0,0.01,0.01,88.0,3101.0,0.187508125,call,2026-10-16,SPY,773.8900146484375,2026-10-09T00:23:45.651828+00:00
845.0,0.0,0.01,0.01,150.0,1801.0,0.1992267578125,call,2026-10-16,SPY,773.8900146484375,2026-10-09T00:23:45.651828+00:00
850.0,0.0,0.01,0.01,140.0,9573.0,0.21094539062499998,call,2026-10-16,SPY,773.8900146484375,2026-10-09T00:23:45.651828+00:00
855.0,0.0,0.01,0.02,800.0,718.0,0.22266402343749997,call,2026-10-16,SPY,773.8900146484375,2026-10-09T00:23:45.651828+00:00
860.0,0.0,0.01,0.01,11.0,2103.0,0.23438265625,call,2026-10-16,SPY,773.8900146484375,2026-10-09T00:23:45.651828+00:00
865.0,0.0,0.01,0.01,250.0,1478.0,0.2461012890625,call,2026-10-16,SPY,773.8900146484375,2026-10-09T00:23:45.651828+00:00
870.0,0.0,0.01,0.03,6.0,2707.0,0.257819921875,call,2026-10-16,SPY,773.8900146484375,2026-10-09T00:23:45.651828+00:00
875.0,0.0,0.01,0.01,4.0,1384.0,0.2695385546875,call,2026-10-16,SPY,773.8900146484375,2026-10-09T00:23:45.651828+00:00
880.0,0.0,0.01,0.01,9.0,395.0,0.28125718749999995,call,2026-10-16,SPY,773.8900146484375,2026-10-09T00:23:45.651828+00:00
885.0,0.0,0.01,0.01,5.0,3226.0,0.2929758203124999,call,2026-10-16,SPY,773.8900146484375,2026-10-09T00:23:45.651828+00:00
890.0,0.0,0.01,0.02,1.0,2619.0,0.304694453125,call,2026-10-16,SPY,773.8900146484375,2026-10-09T00:23:45.651828+00:00
895.0,0.0,0.01,0.01,1.0,1151.0,0.31641308593749995,call,2026-10-16,SPY,773.8900146484375,2026-10-09T00:23:45.651828+00:00
900.0,0.0,0.01,0.01,1.0,5705.0,0.32813171874999997,call,2026-10-16,SPY,773.8900146484375,2026-10-09T00:23:45.651828+00:00
905.0,0.0,0.01,0.01,20.0,4009.0,0.335944140625,call,2026-10-16,SPY,773.8900146484375,2026-10-09T00:23:45.651828+00:00
910.0,0.0,0.01,0.01,1.0,4029.0,0.34766277343749996,call,2026-10-16,SPY,773.8900146484375,2026-10-09T00:23:45.651828+00:00
915.0,0.0,0.01,0.01,60.0,4488.0,0.35938140625,call,2026-10-16,SPY,773.8900146484375,2026-10-09T00:23:45.651828+00:00
920.0,0.0,0.01,0.01,280.0,368.0,0.367193828125,call,2026-10-16,SPY,773.8900146484375,2026-10-09T00:23:45.651828+00:00
925.0,0.0,0.01,0.01,4.0,359.0,0.38281867187499996,call,2026-10-16,SPY,773.8900146484375,2026-10-09T00:23:45.651828+00:00
930.0,0.0,0.01,0.01,1.0,371.0,0.39063109375,call,2026-10-16,SPY,773.8900146484375,2026-10-09T00:23:45.651828+00:00
935.0,0.0,0.01,0.01,1.0,598.0,0.398443515625,call,2026-10-16,SPY,773.8900146484375,2026-10-09T00:23:45.651828+00:00
940.0,0.0,0.01,0.01,1.0,1022.0,0.414068359375,call,2026-10-16,SPY,773.8900146484375,2026-10-09T00:23:45.651828+00:00
945.0,0.0,0.01,0.02,1101.0,1136.0,0.42188078125,call,2026-10-16,SPY,773.8900146484375,2026-10-09T00:23:45.651828+00:00
950.0,0.0,0.01,0.01,1.0,1177.0,0.42969320312500003,call,2026-10-16,SPY,773.8900146484375,2026-10-09T00:23:45.651828+00:00
955.0,0.0,0.01,0.01,1.0,18.0,0.445318046875,call,2026-10-16,SPY,773.8900146484375,2026-10-09T00:23:45.651828+00:00
960.0,0.0,0.01,0.01,596.0,1188.0,0.45313046875,call,2026-10-16,SPY,773.8900146484375,2026-10-09T00:23:45.651828+00:00
965.0,0.0,0.01,0.01,206.0,785.0,0.46094289062500005,call,2026-10-16,SPY,773.8900146484375,2026-10-09T00:23:45.651828+00:00
970.0,0.0,0.01,0.01,10.0,782.0,0.4687553125,call,2026-10-16,SPY,773.8900146484375,2026-10-09T00:23:45.651828+00:00
975.0,0.0,0.01,0.01,745.0,1299.0,0.48438015625,call,2026-10-16,SPY,773.8900146484375,2026-10-09T00:23:45.651828+00:00
980.0,0.0,0.01,0.05,532.0,290.0,0.49219257812500006,call,2026-10-16,SPY,773.8900146484375,2026-10-09T00:23:45.651828+00:00
985.0,0.0,0.01,0.01,407.0,595.0,0.500005,call,2026-10-16,SPY,773.8900146484375,2026-10-09T00:23:45.651828+00:00
990.0,0.0,0.01,0.01,407.0,628.0,0.507817421875,call,2026-10-16,SPY,773.8900146484375,2026-10-09T00:23:45.651828+00:00
995.0,0.0,0.01,0.01,1.0,72.0,0.500005,call,2026-10-16,SPY,773.8900146484375,2026-10-09T00:23:45.651828+00:00
1000.0,0.0,0.01,0.01,2.0,1254.0,0.500005,call,2026-10-16,SPY,773.8900146484375,2026-10-09T00:23:45.651828+00:00
300.0,0.0,0.01,0.01,2.0,5236.0,1.78125109375,put,2026-10-16,SPY,773.8900146484375,2026-10-09T00:23:45.651828+00:00
305.0,0.0,0.01,0.01,1.0,2490.0,1.75000125,put,2026-10-16,SPY,773.8900146484375,2026-10-09T00:23:45.651828+00:00
310.0,0.0,0.01,0.01,220.0,4501.0,1.71875140625,put,2026-10-16,SPY,773.8900146484375,2026-10-09T00:23:45.651828+00:00
315.0,0.0,0.01,0.01,600.0,3539.0,1.6875015625,put,2026-10-16,SPY,773.8900146484375,2026-10-09T00:23:45.651828+00:00
320.0,0.0,0.01,0.02,1641.0,2456.0,1.65625171875,put,2026-10-16,SPY,773.8900146484375,2026-10-09T00:23:45.651828+00:00
325.0,0.0,0.01,0.01,1.0,426.0,1.625001875,put,2026-10-16,SPY,773.8900146484375,2026-10-09T00:23:45.651828+00:00
330.0,0.0,0.01,0.01,40.0,4648.0,1.625001875,put,2026-10-16,SPY,773.8900146484375,2026-10-09T00:23:45.651828+00:00
335.0,0.0,0.01,0.01,2.0,1158.0,1.5625021874999998,put,2026-10-16,SPY,773.8900146484375,2026-10-09T00:23:45.651828+00:00
340.0,0.0,0.01,0.03,400.0,673.0,1.5625021874999998,put,2026-10-16,SPY,773.8900146484375,2026-10-09T00:23:45.651828+00:00
345.0,0.0,0.01,0.02,200.0,1045.0,1.5312523437499999,put,2026-10-16,SPY,773.8900146484375,2026-10-09T00:23:45.651828+00:00
350.0,0.0,0.01,0.01,25.0,6274.0,1.5000025,put,2026-10-16,SPY,773.8900146484375,2026-10-09T00:23:45.651828+00:00
355.0,0.0,0.01,0.01,25.0,11275.0,1.46875265625,put,2026-10-16,SPY,773.8900146484375,2026-10-09T00:23:45.651828+00:00
360.0,0.0,0.01,0.01,20.0,5713.0,1.4375028125,put,2026-10-16,SPY,773.8900146484375,2026-10-09T00:23:45.651828+00:00
365.0,0.0,0.01,0.01,48.0,1815.0,1.4375028125,put,2026-10-16,SPY,773.8900146484375,2026-10-09T00:23:45.651828+00:00
370.0,0.0,0.01,0.29,60.0,10594.0,1.40625296875,put,2026-10-16,SPY,773.8900146484375,2026-10-09T00:23:45.651828+00:00
375.0,0.0,0.01,0.01,10.0,6865.0,1.3750031249999999,put,2026-10-16,SPY,773.8900146484375,2026-10-09T00:23:45.651828+00:00
380.0,0.0,0.01,0.01,210.0,2763.0,1.3437532812499997,put,2026-10-16,SPY,773.8900146484375,2026-10-09T00:23:45.651828+00:00
385.0,0.0,0.01,0.01,100.0,3690.0,1.3125034374999998,put,2026-10-16,SPY,773.8900146484375,2026-10-09T00:23:45.651828+00:00
390.0,0.0,0.01,0.01,60.0,4563.0,1.3125034374999998,put,2026-10-16,SPY,773.8900146484375,2026-10-09T00:23:45.651828+00:00
395.0,0.0,0.01,0.01,301.0,4012.0,1.2812535937499998,put,2026-10-16,SPY,773.8900146484375,2026-10-09T00:23:45.651828+00:00
400.0,0.0,0.01,0.01,50.0,21695.0,1.2500037499999999,put,2026-10-16,SPY,773.8900146484375,2026-10-09T00:23:45.651828+00:00
405.0,0.0,0.01,0.01,1503.0,6236.0,1.21875390625,put,2026-10-16,SPY,773.8900146484375,2026-10-09T00:23:45.651828+00:00
410.0,0.0,0.01,0.01,1500.0,14221.0,1.21875390625,put,2026-10-16,SPY,773.8900146484375,2026-10-09T00:23:45.651828+00:00
415.0,0.0,0.01,0.01,2.0,1105.0,1.1875040625,put,2026-10-16,SPY,773.8900146484375,2026-10-09T00:23:45.651828+00:00
420.0,0.0,0.01,0.01,27.0,2102.0,1.15625421875,put,2026-10-16,SPY,773.8900146484375,2026-10-09T00:23:45.651828+00:00
425.0,0.0,0.01,0.01,3.0,154945.0,1.15625421875,put,2026-10-16,SPY,773.8900146484375,2026-10-09T00:23:45.651828+00:00
430.0,0.0,0.01,0.01,9.0,15749.0,1.125004375,put,2026-10-16,SPY,773.8900146484375,2026-10-09T00:23:45.651828+00:00
435.0,0.0,0.01,0.01,50.0,1872.0,1.09375453125,put,2026-10-16,SPY,773.8900146484375,2026-10-09T00:23:45.651828+00:00
440.0,0.0,0.01,0.01,5.0,1412.0,1.09375453125,put,2026-10-16,SPY,773.8900146484375,2026-10-09T00:23:45.651828+00:00
445.0,0.0,0.01,0.01,2.0,4548.0,1.0625046875000002,put,2026-10-16,SPY,773.8900146484375,2026-10-09T00:23:45.651828+00:00
450.0,0.0,0.01,0.01,10.0,3954.0,1.0312548437500002,put,2026-10-16,SPY,773.8900146484375,2026-10-09T00:23:45.651828+00:00
455.0,0.0,0.01,0.01,5.0,3373.0,1.0312548437500002,put,2026-10-16,SPY,773.8900146484375,2026-10-09T00:23:45.651828+00:00
460.0,0.0,0.01,0.01,50.0,2248.0,1.000005,put,2026-10-16,SPY,773.8900146484375,2026-10-09T00:23:45.651828+00:00
465.0,0.0,0.01,0.01,250.0,3710.0,0.9687503125,put,2026-10-16,SPY,773.8900146484375,2026-10-09T00:23:45.651828+00:00
470.0,0.0,0.01,0.01,250.0,4466.0,0.9687503125,put,2026-10-16,SPY,773.8900146484375,2026-10-09T00:23:45.651828+00:00
475.0,0.0,0.01,0.02,50.0,3122.0,0.937500625,put,2026-10-16,SPY,773.8900146484375,2026-10-09T00:23:45.651828+00:00
480.0,0.0,0.01,0.01,2.0,2420.0,0.92187578125,put,2026-10-16,SPY,773.8900146484375,2026-10-09T00:23:45.651828+00:00
485.0,0.0,0.01,0.01,300.0,673.0,0.9062509375,put,2026-10-16,SPY,773.8900146484375,2026-10-09T00:23:45.651828+00:00
490.0,0.0,0.01,0.01,1.0,965.0,0.87500125,put,2026-10-16,SPY,773.8900146484375,2026-10-09T00:23:45.651828+00:00
495.0,0.0,0.01,0.01,300.0,2065.0,0.87500125,put,2026-10-16,SPY,773.8900146484375,2026-10-09T00:23:45.651828+00:00
500.0,0.0,0.01,0.01,1.0,8933.0,0.8437515624999999,put,2026-10-16,SPY,773.8900146484375,2026-10-09T00:23:45.651828+00:00
505.0,0.0,0.01,0.01,1.0,649.0,0.8281267187499999,put,2026-10-16,SPY,773.8900146484375,2026-10-09T00:23:45.651828+00:00
510.0,0.0,0.01,0.01,10.0,1734.0,0.8125018749999999,put,2026-10-16,SPY,773.8900146484375,2026-10-09T00:23:45.651828+00:00
515.0,0.0,0.01,0.02,2840.0,1520.0,0.79687703125,put,2026-10-16,SPY,773.8900146484375,2026-10-09T00:23:45.651828+00:00
520.0,0.0,0.01,0.01,25.0,1873.0,0.7812521875,put,2026-10-16,SPY,773.8900146484375,2026-10-09T00:23:45.651828+00:00
525.0,0.0,0.01,0.01,251.0,301997.0,0.7500025,put,2026-10-16,SPY,773.8900146484375,2026-10-09T00:23:45.651828+00:00
530.0,0.0,0.01,0.01,21.0,888.0,0.7500025,put,2026-10-16,SPY,773.8900146484375,2026-10-09T00:23:45.651828+00:00
535.0,0.0,0.01,0.01,35.0,835.0,0.7187528125,put,2026-10-16,SPY,773.8900146484375,2026-10-09T00:23:45.651828+00:00
540.0,0.0,0.01,0.01,103.0,5094.0,0.70312796875,put,2026-10-16,SPY,773.8900146484375,2026-10-09T00:23:45.651828+00:00
545.0,0.01,0.02,0.01,10.0,2301.0,0.7500025,put,2026-10-16,SPY,773.8900146484375,2026-10-09T00:23:45.651828+00:00
550.0,0.01,0.02,0.01,152.0,16056.0,0.726565234375,put,2026-10-16,SPY,773.8900146484375,2026-10-09T00:23:45.651828+00:00
555.0,0.01,0.02,0.01,1810.0,12341.0,0.710940390625,put,2026-10-16,SPY,773.8900146484375,2026-10-09T00:23:45.651828+00:00
560.0,0.01,0.02,0.01,105.0,19649.0,0.6953155468750001,put,2026-10-16,SPY,773.8900146484375,2026-10-09T00:23:45.651828+00:00
565.0,0.01,0.02,0.01,2252.0,18225.0,0.6757844921875001,put,2026-10-16,SPY,773.8900146484375,2026-10-09T00:23:45.651828+00:00
570.0,0.01,0.02,0.01,4.0,1291.0,0.6562534375000001,put,2026-10-16,SPY,773.8900146484375,2026-10-09T00:23:45.651828+00:00
575.0,0.01,0.02,0.01,1.0,1301.0,0.64062859375,put,2026-10-16,SPY,773.8900146484375,2026-10-09T00:23:45.651828+00:00
580.0,0.01,0.02,0.01,100.0,1662.0,0.6250037500000001,put,2026-10-16,SPY,773.8900146484375,2026-10-09T00:23:45.651828+00:00
585.0,0.01,0.02,0.01,12.0,1732.0,0.6054726953125001,put,2026-10-16,SPY,773.8900146484375,2026-10-09T00:23:45.651828+00:00
590.0,0.01,0.02,0.01,159.0,3277.0,0.585941640625,put,2026-10-16,SPY,773.8900146484375,2026-10-09T00:23:45.651828+00:00
595.0,0.01,0.02,0.01,85.0,1743.0,0.570316796875,put,2026-10-16,SPY,773.8900146484375,2026-10-09T00:23:45.651828+00:00
600.0,0.01,0.02,0.01,47.0,12180.0,0.5546919531250001,put,2026-10-16,SPY,773.8900146484375,2026-10-09T00:23:45.651828+00:00
605.0,0.02,0.03,0.02,18.0,2827.0,0.5625043750000001,put,2026-10-16,SPY,773.8900146484375,2026-10-09T00:23:45.651828+00:00
610.0,0.02,0.03,0.01,1.0,3585.0,0.5429733203125001,put,2026-10-16,SPY,773.8900146484375,2026-10-09T00:23:45.651828+00:00
615.0,0.02,0.03,0.03,78.0,1473.0,0.5273484765625001,put,2026-10-16,SPY,773.8900146484375,2026-10-09T00:23:45.651828+00:00
620.0,0.02,0.03,0.02,191.0,2709.0,0.5117236328125,put,2026-10-16,SPY,773.8900146484375,2026-10-09T00:23:45.651828+00:00
625.0,0.02,0.03,0.03,1226.0,155701.0,0.500005,put,2026-10-16,SPY,773.8900146484375,2026-10-09T00:23:45.651828+00:00
630.0,0.02,0.03,0.03,1169.0,33444.0,0.48438015625,put,2026-10-16,SPY,773.8900146484375,2026-10-09T00:23:45.651828+00:00
635.0,0.02,0.03,0.02,6.0,2926.0,0.46680220703125,put,2026-10-16,SPY,773.8900146484375,2026-10-09T00:23:45.651828+00:00
640.0,0.03,0.04,0.03,12.0,6229.0,0.46289599609375004,put,2026-10-16,SPY,773.8900146484375,2026-10-09T00:23:45.651828+00:00
645.0,0.03,0.04,0.03,2.0,5702.0,0.445318046875,put,2026-10-16,SPY,773.8900146484375,2026-10-09T00:23:45.651828+00:00
650.0,0.03,0.04,0.04,108.0,30498.0,0.42774009765625004,put,2026-10-16,SPY,773.8900146484375,2026-10-09T00:23:45.651828+00:00
655.0,0.04,0.05,0.04,7.0,11689.0,0.41992767578125,put,2026-10-16,SPY,773.8900146484375,2026-10-09T00:23:45.651828+00:00
660.0,0.04,0.05,0.05,118.0,12177.0,0.4023497265625,put,2026-10-16,SPY,773.8900146484375,2026-10-09T00:23:45.651828+00:00
665.0,0.04,0.05,0.05,3827.0,5431.0,0.3857483300781249,put,2026-10-16,SPY,773.8900146484375,2026-10-09T00:23:45.651828+00:00
670.0,0.05,0.06,0.05,208.0,16629.0,0.375982802734375,put,2026-10-16,SPY,773.8900146484375,2026-10-09T00:23:45.651828+00:00
675.0,0.05,0.06,0.07,7420.0,15427.0,0.358404853515625,put,2026-10-16,SPY,773.8900146484375,2026-10-09T00:23:45.651828+00:00
680.0,0.06,0.07,0.07,315.0,29258.0,0.34668622070312494,put,2026-10-16,SPY,773.8900146484375,2026-10-09T00:23:45.651828+00:00
685.0,0.06,0.07,0.07,3163.0,10106.0,0.32910827148437494,put,2026-10-16,SPY,773.8900146484375,2026-10-09T00:23:45.651828+00:00
690.0,0.07,0.08,0.07,3245.0,24310.0,0.31641308593749995,put,2026-10-16,SPY,773.8900146484375,2026-10-09T00:23:45.651828+00:00
695.0,0.08,0.09,0.09,1019.0,7103.0,0.30274134765625,put,2026-10-16,SPY,773.8900146484375,2026-10-09T00:23:45.651828+00:00
700.0,0.09,0.1,0.09,4557.0,30614.0,0.2890696093749999,put,2026-10-16,SPY,773.8900146484375,2026-10-09T00:23:45.651828+00:00
701.0,0.09,0.1,0.1,1058.0,2992.0,0.28516339843749994,put,2026-10-16,SPY,773.8900146484375,2026-10-09T00:23:45.651828+00:00
702.0,0.09,0.1,0.1,1305.0,1109.0,0.28125718749999995,put,2026-10-16,SPY,773.8900146484375,2026-10-09T00:23:45.651828+00:00
703.0,0.09,0.1,0.1,34.0,1332.0,0.2778392529296875,put,2026-10-16,SPY,773.8900146484375,2026-10-09T00:23:45.651828+00:00
704.0,0.09,0.1,0.11,257.0,1525.0,0.274421318359375,put,2026-10-16,SPY,773.8900146484375,2026-10-09T00:23:45.651828+00:00
705.0,0.1,0.11,0.1,807.0,13387.0,0.2739330419921875,put,2026-10-16,SPY,773.8900146484375,2026-10-09T00:23:45.651828+00:00
706.0,0.1,0.11,0.1,22.0,1087.0,0.270515107421875,put,2026-10-16,SPY,773.8900146484375,2026-10-09T00:23:45.651828+00:00
707.0,0.1,0.11,0.11,1.0,1186.0,0.266608896484375,put,2026-10-16,SPY,773.8900146484375,2026-10-09T00:23:45.651828+00:00
708.0,0.1,0.11,0.11,2.0,3378.0,0.26319096191406255,put,2026-10-16,SPY,773.8900146484375,2026-10-09T00:23:45.651828+00:00
709.0,0.11,0.12,0.12,1.0,2306.0,0.26270268554687504,put,2026-10-16,SPY,773.8900146484375,2026-10-09T00:23:45.651828+00:00
710.0,0.11,0.12,0.11,115.0,18776.0,0.25879647460937505,put,2026-10-16,SPY,773.8900146484375,2026-10-09T00:23:45.651828+00:00
711.0,0.11,0.12,0.13,5.0,3957.0,0.25489026367187506,put,2026-10-16,SPY,773.8900146484375,2026-10-09T00:23:45.651828+00:00
712.0,0.11,0.12,0.12,2.0,1302.0,0.2514723291015625,put,2026-10-16,SPY,773.8900146484375,2026-10-09T00:23:45.651828+00:00
713.0,0.11,0.12,0.13,2.0,1092.0,0.2475661181640625,put,2026-10-16,SPY,773.8900146484375,2026-10-09T00:23:45.651828+00:00
714.0,0.12,0.13,0.14,27.0,5097.0,0.24658956542968752,put,2026-10-16,SPY,773.8900146484375,2026-10-09T00:23:45.651828+00:00
715.0,0.12,0.13,0.12,119.0,8104.0,0.243171630859375,put,2026-10-16,SPY,773.8900146484375,2026-10-09T00:23:45.651828+00:00
716.0,0.12,0.13,0.14,4.0,10920.0,0.23926541992187497,put,2026-10-16,SPY,773.8900146484375,2026-10-09T00:23:45.651828+00:00
717.0,0.13,0.14,0.18,7.0,1289.0,0.23780059082031246,put,2026-10-16,SPY,773.8900146484375,2026-10-09T00:23:45.651828+00:00
718.0,0.13,0.14,0.15,8.0,4623.0,0.23438265625,put,2026-10-16,SPY,773.8900146484375,2026-10-09T00:23:45.651828+00:00
719.0,0.13,0.14,0.14,12.0,1295.0,0.2304764453125,put,2026-10-16,SPY,773.8900146484375,2026-10-09T00:23:45.651828+00:00
720.0,0.14,0.15,0.14,263.0,31136.0,0.22901161621093752,put,2026-10-16,SPY,773.8900146484375,2026-10-09T00:23:45.651828+00:00
721.0,0.14,0.15,0.15,139.0,1304.0,0.22510540527343748,put,2026-10-16,SPY,773.8900146484375,2026-10-09T00:23:45.651828+00:00
722.0,0.15,0.16,0.15,122.0,20647.0,0.22339643798828124,put,2026-10-16,SPY,773.8900146484375,2026-10-09T00:23:45.651828+00:00
723.0,0.15,0.16,0.21,29.0,5796.0,0.21973436523437498,put,2026-10-16,SPY,773.8900146484375,2026-10-09T00:23:45.651828+00:00
724.0,0.15,0.16,0.16,118.0,26671.0,0.215828154296875,put,2026-10-16,SPY,773.8900146484375,2026-10-09T00:23:45.651828+00:00
725.0,0.16,0.17,0.17,806.0,46017.0,0.213875048828125,put,2026-10-16,SPY,773.8900146484375,2026-10-09T00:23:45.651828+00:00
726.0,0.16,0.17,0.17,41.0,14697.0,0.20996883789062498,put,2026-10-16,SPY,773.8900146484375,2026-10-09T00:23:45.651828+00:00
727.0,0.17,0.18,0.18,866.0,15800.0,0.20801573242187496,put,2026-10-16,SPY,773.8900146484375,2026-10-09T00:23:45.651828+00:00
728.0,0.18,0.19,0.19,215.0,22879.0,0.20581848876953124,put,2026-10-16,SPY,773.8900146484375,2026-10-09T00:23:45.651828+00:00
729.0,0.18,0.19,0.19,531.0,33113.0,0.20191227783203125,put,2026-10-16,SPY,773.8900146484375,2026-10-09T00:23:45.651828+00:00
730.0,0.19,0.2,0.2,910.0,59979.0,0.1997150341796875,put,2026-10-16,SPY,773.8900146484375,2026-10-09T00:23:45.651828+00:00
731.0,0.2,0.21,0.21,94.0,2197.0,0.19727365234375,put,2026-10-16,SPY,773.8900146484375,2026-10-09T00:23:45.651828+00:00
732.0,0.2,0.21,0.21,107.0,56434.0,0.19312330322265625,put,2026-10-16,SPY,773.8900146484375,2026-10-09T00:23:45.651828+00:00
733.0,0.21,0.22,0.28,88.0,21304.0,0.19068192138671874,put,2026-10-16,SPY,773.8900146484375,2026-10-09T00:23:45.651828+00:00
734.0,0.22,0.23,0.24,476.0,15526.0,0.18799640136718748,put,2026-10-16,SPY,773.8900146484375,2026-10-09T00:23:45.651828+00:00
735.0,0.23,0.24,0.24,4119.0,27896.0,0.18531088134765622,put,2026-10-16,SPY,773.8900146484375,2026-10-09T00:23:45.651828+00:00
736.0,0.24,0.25,0.26,203.0,38081.0,0.18262536132812499,put,2026-10-16,SPY,773.8900146484375,2026-10-09T00:23:45.651828+00:00
737.0,0.25,0.26,0.28,72.0,5294.0,0.179695703125,put,2026-10-16,SPY,773.8900146484375,2026-10-09T00:23:45.651828+00:00
738.0,0.27,0.28,0.28,16.0,8811.0,0.17774259765625,put,2026-10-16,SPY,773.8900146484375,2026-10-09T00:23:45.651828+00:00
739.0,0.28,0.29,0.29,704.0,21032.0,0.174812939453125,put,2026-10-16,SPY,773.8900146484375,2026-10-09T00:23:45.651828+00:00
740.0,0.3,0.31,0.31,15920.0,57818.0,0.1726156958007813,put,2026-10-16,SPY,773.8900146484375,2026-10-09T00:23:45.651828+00:00
741.0,0.31,0.32,0.35,767.0,3754.0,0.1694418994140625,put,2026-10-16,SPY,773.8900146484375,2026-10-09T00:23:45.651828+00:00
742.0,0.33,0.34,0.33,123.0,9342.0,0.16700051757812504,put,2026-10-16,SPY,773.8900146484375,2026-10-09T00:23:45.651828+00:00
743.0,0.35,0.36,0.42,208.0,4557.0,0.1645591357421875,put,2026-10-16,SPY,773.8900146484375,2026-10-09T00:23:45.651828+00:00
744.0,0.37,0.38,0.38,447.0,3990.0,0.16187361572265624,put,2026-10-16,SPY,773.8900146484375,2026-10-09T00:23:45.651828+00:00
745.0,0.39,0.4,0.4,1798.0,32695.0,0.159188095703125,put,2026-10-16,SPY,773.8900146484375,2026-10-09T00:23:45.651828+00:00
746.0,0.42,0.43,0.47,508.0,2181.0,0.15711292114257813,put,2026-10-16,SPY,773.8900146484375,2026-10-09T00:23:45.651828+00:00
747.0,0.45,0.46,0.49,685.0,4109.0,0.15479360839843753,put,2026-10-16,SPY,773.8900146484375,2026-10-09T00:23:45.651828+00:00
748.0,0.48,0.49,0.48,31594.0,6066.0,0.15235222656250003,put,2026-10-16,SPY,773.8900146484375,2026-10-09T00:23:45.651828+00:00
749.0,0.51,0.52,0.54,367.0,5376.0,0.14966670654296876,put,2026-10-16,SPY,773.8900146484375,2026-10-09T00:23:45.651828+00:00
750.0,0.55,0.56,0.56,41897.0,75078.0,0.147469462890625,put,2026-10-16,SPY,773.8900146484375,2026-10-09T00:23:45.651828+00:00
751.0,0.59,0.6,0.67,535.0,14345.0,0.1450280810546875,put,2026-10-16,SPY,773.8900146484375,2026-10-09T00:23:45.651828+00:00
752.0,0.63,0.65,0.64,856.0,4899.0,0.1430749755859375,put,2026-10-16,SPY,773.8900146484375,2026-10-09T00:23:45.651828+00:00
753.0,0.68,0.7,0.73,4507.0,34238.0,0.14075566284179689,put,2026-10-16,SPY,773.8900146484375,2026-10-09T00:23:45.651828+00:00
754.0,0.74,0.75,0.74,1358.0,3543.0,0.1381922119140625,put,2026-10-16,SPY,773.8900146484375,2026-10-09T00:23:45.651828+00:00
755.0,0.8,0.82,0.81,11433.0,26479.0,0.13636117553710939,put,2026-10-16,SPY,773.8900146484375,2026-10-09T00:23:45.651828+00:00
756.0,0.87,0.88,0.88,1278.0,4187.0,0.133797724609375,put,2026-10-16,SPY,773.8900146484375,2026-10-09T00:23:45.651828+00:00
757.0,0.94,0.96,0.95,2531.0,29504.0,0.131844619140625,put,2026-10-16,SPY,773.8900146484375,2026-10-09T00:23:45.651828+00:00
758.0,1.03,1.04,1.03,3367.0,6228.0,0.1295863409423828,put,2026-10-16,SPY,773.8900146484375,2026-10-09T00:23:45.651828+00:00
759.0,1.12,1.13,1.13,1500.0,6120.0,0.12738909729003906,put,2026-10-16,SPY,773.8900146484375,2026-10-09T00:23:45.651828+00:00
760.0,1.22,1.23,1.22,9627.0,24619.0,0.1251918536376953,put,2026-10-16,SPY,773.8900146484375,2026-10-09T00:23:45.651828+00:00
761.0,1.33,1.35,1.33,577.0,5693.0,0.1233608172607422,put,2026-10-16,SPY,773.8900146484375,2026-10-09T00:23:45.651828+00:00
762.0,1.45,1.47,1.46,976.0,8881.0,0.1211025390625,put,2026-10-16,SPY,773.8900146484375,2026-10-09T00:23:45.651828+00:00
763.0,1.59,1.6,1.6,1433.0,8364.0,0.1188442608642578,put,2026-10-16,SPY,773.8900146484375,2026-10-09T00:23:45.651828+00:00
764.0,1.74,1.76,1.81,2452.0,3377.0,0.11701322448730468,put,2026-10-16,SPY,773.8900146484375,2026-10-09T00:23:45.651828+00:00
765.0,1.9,1.92,1.91,23827.0,21934.0,0.11469391174316407,put,2026-10-16,SPY,773.8900146484375,2026-10-09T00:23:45.651828+00:00
766.0,2.09,2.11,2.09,2297.0,6184.0,0.1128018408203125,put,2026-10-16,SPY,773.8900146484375,2026-10-09T00:23:45.651828+00:00
767.0,2.29,2.32,2.31,3421.0,8286.0,0.11090976989746093,put,2026-10-16,SPY,773.8900146484375,2026-10-09T00:23:45.651828+00:00
768.0,2.52,2.54,2.54,4487.0,16305.0,0.1087125262451172,put,2026-10-16,SPY,773.8900146484375,2026-10-09T00:23:45.651828+00:00
769.0,2.77,2.79,2.78,1243.0,4280.0,0.10672890350341799,put,2026-10-16,SPY,773.8900146484375,2026-10-09T00:23:45.651828+00:00
770.0,3.04,3.07,3.07,18526.0,20426.0,0.10486734985351562,put,2026-10-16,SPY,773.8900146484375,2026-10-09T00:23:45.651828+00:00
771.0,3.34,3.37,3.44,3359.0,3895.0,0.10282269256591797,put,2026-10-16,SPY,773.8900146484375,2026-10-09T00:23:45.651828+00:00
772.0,3.67,3.7,3.68,8933.0,11884.0,0.10077803527832031,put,2026-10-16,SPY,773.8900146484375,2026-10-09T00:23:45.651828+00:00
773.0,4.03,4.06,4.06,5385.0,3044.0,0.09873337799072265,put,2026-10-16,SPY,773.8900146484375,2026-10-09T00:23:45.651828+00:00
774.0,4.42,4.45,4.43,5564.0,7189.0,0.09659716888427736,put,2026-10-16,SPY,773.8900146484375,2026-10-09T00:23:45.651828+00:00
775.0,4.85,4.89,4.87,14098.0,9812.0,0.09476613250732424,put,2026-10-16,SPY,773.8900146484375,2026-10-09T00:23:45.651828+00:00
776.0,5.31,5.33,5.31,3544.0,2140.0,0.09211112976074219,put,2026-10-16,SPY,773.8900146484375,2026-10-09T00:23:45.651828+00:00
777.0,5.77,5.9,5.99,2155.0,2311.0,0.09143974975585936,put,2026-10-16,SPY,773.8900146484375,2026-10-09T00:23:45.651828+00:00
778.0,6.3,6.45,6.34,1475.0,2416.0,0.08942560974121094,put,2026-10-16,SPY,773.8900146484375,2026-10-09T00:23:45.651828+00:00
779.0,6.87,7.03,7.5,1113.0,1878.0,0.08710629699707033,put,2026-10-16,SPY,773.8900146484375,2026-10-09T00:23:45.651828+00:00
780.0,7.5,7.57,7.54,2849.0,7520.0,0.08252870605468751,put,2026-10-16,SPY,773.8900146484375,2026-10-09T00:23:45.651828+00:00
781.0,8.14,8.32,8.93,149.0,970.0,0.0823456024169922,put,2026-10-16,SPY,773.8900146484375,2026-10-09T00:23:45.651828+00:00
782.0,8.79,9.02,10.21,606.0,1007.0,0.07947697875976564,put,2026-10-16,SPY,773.8900146484375,2026-10-09T00:23:45.651828+00:00
783.0,9.51,9.77,12.0,65.0,559.0,0.07673042419433596,put,2026-10-16,SPY,773.8900146484375,2026-10-09T00:23:45.651828+00:00
784.0,10.24,10.55,10.62,87.0,352.0,0.073251455078125,put,2026-10-16,SPY,773.8900146484375,2026-10-09T00:23:45.651828+00:00
785.0,11.11,11.27,12.3,5493.0,7358.0,0.0629976513671875,put,2026-10-16,SPY,773.8900146484375,2026-10-09T00:23:45.651828+00:00
786.0,11.86,12.19,14.91,7.0,262.0,0.060800407714843754,put,2026-10-16,SPY,773.8900146484375,2026-10-09T00:23:45.651828+00:00
787.0,12.32,14.11,12.23,1.0,191.0,0.11139804626464843,put,2026-10-16,SPY,773.8900146484375,2026-10-09T00:23:45.651828+00:00
788.0,13.22,14.96,16.35,6.0,108.0,0.11121494262695311,put,2026-10-16,SPY,773.8900146484375,2026-10-09T00:23:45.651828+00:00
789.0,13.4,16.02,17.8,1.0,34.0,0.11890529541015624,put,2026-10-16,SPY,773.8900146484375,2026-10-09T00:23:45.651828+00:00
790.0,15.15,16.83,17.0,99.0,733.0,0.11609770629882812,put,2026-10-16,SPY,773.8900146484375,2026-10-09T00:23:45.651828+00:00
791.0,15.37,18.04,16.88,12.0,6.0,0.13019668640136717,put,2026-10-16,SPY,773.8900146484375,2026-10-09T00:23:45.651828+00:00
792.0,16.37,18.98,15.0,8.0,9.0,0.132821171875,put,2026-10-16,SPY,773.8900146484375,2026-10-09T00:23:45.651828+00:00
793.0,17.37,20.04,12.8,1.0,1.0,0.14051152465820313,put,2026-10-16,SPY,773.8900146484375,2026-10-09T00:23:45.651828+00:00
794.0,18.37,21.04,20.5,1.0,2.0,0.14557739196777342,put,2026-10-16,SPY,773.8900146484375,2026-10-09T00:23:45.651828+00:00
795.0,19.37,22.02,21.17,80.0,11.0,0.14966670654296876,put,2026-10-16,SPY,773.8900146484375,2026-10-09T00:23:45.651828+00:00
796.0,20.37,22.97,26.64,180.0,1.0,0.15235222656250003,put,2026-10-16,SPY,773.8900146484375,2026-10-09T00:23:45.651828+00:00
797.0,21.37,23.97,28.02,42.0,0.0,0.157234990234375,put,2026-10-16,SPY,773.8900146484375,2026-10-09T00:23:45.651828+00:00
798.0,22.37,24.97,22.31,1.0,0.0,0.16199568481445312,put,2026-10-16,SPY,773.8900146484375,2026-10-09T00:23:45.651828+00:00
799.0,23.31,26.03,31.25,2.0,0.0,0.16974707214355472,put,2026-10-16,SPY,773.8900146484375,2026-10-09T00:23:45.651828+00:00
800.0,25.01,26.83,25.84,4935.0,544.0,0.16425396301269532,put,2026-10-16,SPY,773.8900146484375,2026-10-09T00:23:45.651828+00:00
801.0,25.32,28.03,27.37,12.0,0.0,0.17932949584960936,put,2026-10-16,SPY,773.8900146484375,2026-10-09T00:23:45.651828+00:00
802.0,26.32,29.03,25.43,1.0,0.0,0.1840901904296875,put,2026-10-16,SPY,773.8900146484375,2026-10-09T00:23:45.651828+00:00
803.0,27.31,30.03,35.26,2.0,0.0,0.18872881591796875,put,2026-10-16,SPY,773.8900146484375,2026-10-09T00:23:45.651828+00:00
804.0,28.31,31.03,36.26,2.0,0.0,0.19336744140625,put,2026-10-16,SPY,773.8900146484375,2026-10-09T00:23:45.651828+00:00
805.0,29.31,32.03,32.75,229.0,45.0,0.19800606689453126,put,2026-10-16,SPY,773.8900146484375,2026-10-09T00:23:45.651828+00:00
806.0,30.31,33.03,34.79,3.0,0.0,0.20264469238281246,put,2026-10-16,SPY,773.8900146484375,2026-10-09T00:23:45.651828+00:00
807.0,31.31,34.03,32.68,6.0,0.0,0.20716124877929684,put,2026-10-16,SPY,773.8900146484375,2026-10-09T00:23:45.651828+00:00
809.0,33.31,36.03,44.65,,0.0,0.21625539611816402,put,2026-10-16,SPY,773.8900146484375,2026-10-09T00:23:45.651828+00:00
810.0,34.31,37.03,36.23,120.0,16.0,0.22071091796874998,put,2026-10-16,SPY,773.8900146484375,2026-10-09T00:23:45.651828+00:00
815.0,39.31,42.03,40.16,2.0,2.0,0.24280542358398435,put,2026-10-16,SPY,773.8900146484375,2026-10-09T00:23:45.651828+00:00
820.0,44.31,47.03,43.8,1.0,0.0,0.2644116528320312,put,2026-10-16,SPY,773.8900146484375,2026-10-09T00:23:45.651828+00:00
825.0,49.31,52.03,50.74,1.0,0.0,0.2854075366210937,put,2026-10-16,SPY,773.8900146484375,2026-10-09T00:23:45.651828+00:00
830.0,54.31,57.03,56.23,81.0,11.0,0.3060372131347656,put,2026-10-16,SPY,773.8900146484375,2026-10-09T00:23:45.651828+00:00
835.0,59.31,62.03,73.56,4.0,0.0,0.32617861328125,put,2026-10-16,SPY,773.8900146484375,2026-10-09T00:23:45.651828+00:00
840.0,64.31,67.03,72.35,1.0,0.0,0.3459538061523437,put,2026-10-16,SPY,773.8900146484375,2026-10-09T00:23:45.651828+00:00
845.0,69.31,72.03,77.08,2.0,0.0,0.3654848608398438,put,2026-10-16,SPY,773.8900146484375,2026-10-09T00:23:45.651828+00:00
850.0,74.31,76.21,76.21,40.0,8.0,0.28125718749999995,put,2026-10-16,SPY,773.8900146484375,2026-10-09T00:23:45.651828+00:00
855.0,79.31,82.03,81.76,20.0,0.0,0.4035704174804688,put,2026-10-16,SPY,773.8900146484375,2026-10-09T00:23:45.651828+00:00
860.0,84.31,87.03,100.0,1.0,0.0,0.42212491943359376,put,2026-10-16,SPY,773.8900146484375,2026-10-09T00:23:45.651828+00:00
865.0,0.0,0.0,99.46,1.0,0.0,1.0000000000000003e-05,put,2026-10-16,SPY,773.8900146484375,2026-10-09T00:23:45.651828+00:00
870.0,94.31,97.03,108.55,,0.0,0.45862357788085945,put,2026-10-16,SPY,773.8900146484375,2026-10-09T00:23:45.651828+00:00
875.0,99.31,102.03,113.44,,0.0,0.4764456652832031,put,2026-10-16,SPY,773.8900146484375,2026-10-09T00:23:45.651828+00:00
880.0,104.31,107.03,100.42,106.0,0.0,0.49414568359375005,put,2026-10-16,SPY,773.8900146484375,2026-10-09T00:23:45.651828+00:00
885.0,109.31,112.03,105.44,15.0,0.0,0.5114794946289063,put,2026-10-16,SPY,773.8900146484375,2026-10-09T00:23:45.651828+00:00
890.0,114.31,117.03,128.43,,0.0,0.5288133056640626,put,2026-10-16,SPY,773.8900146484375,2026-10-09T00:23:45.651828+00:00
895.0,119.31,122.03,133.43,4.0,0.0,0.5456588403320313,put,2026-10-16,SPY,773.8900146484375,2026-10-09T00:23:45.651828+00:00
925.0,149.31,152.03,163.51,,0.0,0.6440465283203125,put,2026-10-16,SPY,773.8900146484375,2026-10-09T00:23:45.651828+00:00
930.0,154.31,157.03,164.9,,0.0,0.6596713720703126,put,2026-10-16,SPY,773.8900146484375,2026-10-09T00:23:45.651828+00:00
935.0,159.31,162.03,173.4,,0.0,0.6752962158203126,put,2026-10-16,SPY,773.8900146484375,2026-10-09T00:23:45.651828+00:00
940.0,164.31,167.03,178.5,,0.0,0.6909210595703126,put,2026-10-16,SPY,773.8900146484375,2026-10-09T00:23:45.651828+00:00
945.0,169.31,172.03,183.5,,0.0,0.7063017651367188,put,2026-10-16,SPY,773.8900146484375,2026-10-09T00:23:45.651828+00:00
950.0,174.31,177.03,188.5,,0.0,0.7214383325195313,put,2026-10-16,SPY,773.8900146484375,2026-10-09T00:23:45.651828+00:00
960.0,184.31,187.03,198.49,,0.0,0.7514673291015624,put,2026-10-16,SPY,773.8900146484375,2026-10-09T00:23:45.651828+00:00
970.0,194.31,197.03,208.58,,0.0,0.7810080493164062,put,2026-10-16,SPY,773.8900146484375,2026-10-09T00:23:45.651828+00:00
985.0,209.31,212.03,223.47,,0.0,0.8242205078124999,put,2026-10-16,SPY,773.8900146484375,2026-10-09T00:23:45.651828+00:00
990.0,214.31,217.03,216.29,2.0,0.0,0.8383805224609374,put,2026-10-16,SPY,773.8900146484375,2026-10-09T00:23:45.651828+00:00
1000.0,259.32,262.51,250.79,,0.0,2.1965377117919918,put,2026-10-16,SPY,773.8900146484375,2026-10-09T00:23:45.651828+00:00
500.0,273.86,276.58,270.22,1.0,26.0,1.0974166223144532,call,2026-10-23,SPY,773.8900146484375,2026-10-09T00:23:45.651828+00:00
510.0,263.88,266.61,254.24,1.0,1.0,1.0571336206054687,call,2026-10-23,SPY,773.8900146484375,2026-10-09T00:23:45.651828+00:00
515.0,258.89,261.62,244.5,,1.0,1.0368700500488286,call,2026-10-23,SPY,773.8900146484375,2026-10-09T00:23:45.651828+00:00
520.0,253.9,256.63,237.87,,4.0,1.0166064794921876,call,2026-10-23,SPY,773.8900146484375,2026-10-09T00:23:45.651828+00:00
525.0,248.91,251.64,246.04,,1.0,0.9965820654296875,call,2026-10-23,SPY,773.8900146484375,2026-10-09T00:23:45.651828+00:00
530.0,243.92,246.65,239.24,1.0,9.0,0.9768068725585939,call,2026-10-23,SPY,773.8900146484375,2026-10-09T00:23:45.651828+00:00
535.0,238.93,241.66,223.52,,1.0,0.9567875415039062,call,2026-10-23,SPY,773.8900146484375,2026-10-09T00:23:45.651828+00:00
540.0,233.95,236.67,229.23,1.0,49.0,0.9377447631835938,call,2026-10-23,SPY,773.8900146484375,2026-10-09T00:23:45.651828+00:00
550.0,223.97,226.69,219.68,1.0,5.0,0.8986826538085937,call,2026-10-23,SPY,773.8900146484375,2026-10-09T00:23:45.651828+00:00
555.0,218.97,221.71,199.94,,1.0,0.8793957373046875,call,2026-10-23,SPY,773.8900146484375,2026-10-09T00:23:45.651828+00:00
575.0,199.02,201.75,198.03,1.0,1.0,0.8032246240234374,call,2026-10-23,SPY,773.8900146484375,2026-10-09T00:23:45.651828+00:00
580.0,194.03,196.76,186.39,,1.0,0.7841818457031251,call,2026-10-23,SPY,773.8900146484375,2026-10-09T00:23:45.651828+00:00
585.0,189.05,191.77,177.01,,1.0,0.7658714819335939,call,2026-10-23,SPY,773.8900146484375,2026-10-09T00:23:45.651828+00:00
590.0,184.06,186.78,192.4,10.0,10.0,0.747072841796875,call,2026-10-23,SPY,773.8900146484375,2026-10-09T00:23:45.651828+00:00
595.0,179.07,181.8,169.81,1.0,1.0,0.7287624780273438,call,2026-10-23,SPY,773.8900146484375,2026-10-09T00:23:45.651828+00:00
600.0,174.08,176.81,173.85,1.0,13.0,0.7100859069824219,call,2026-10-23,SPY,773.8900146484375,2026-10-09T00:23:45.651828+00:00
605.0,169.09,171.82,167.28,1.0,2.0,0.6914093359375001,call,2026-10-23,SPY,773.8900146484375,2026-10-09T00:23:45.651828+00:00
615.0,159.12,161.85,165.98,1.0,4.0,0.6552768847656252,call,2026-10-23,SPY,773.8900146484375,2026-10-09T00:23:45.651828+00:00
620.0,154.16,156.87,142.33,4.0,2.0,0.6383092810058593,call,2026-10-23,SPY,773.8900146484375,2026-10-09T00:23:45.651828+00:00
625.0,149.15,151.88,143.31,2.0,4.0,0.6191444335937502,call,2026-10-23,SPY,773.8900146484375,2026-10-09T00:23:45.651828+00:00
630.0,144.17,146.89,146.44,2.0,20.0,0.6010782080078126,call,2026-10-23,SPY,773.8900146484375,2026-10-09T00:23:45.651828+00:00
635.0,139.18,141.91,128.93,,15.0,0.5830119824218749,call,2026-10-23,SPY,773.8900146484375,2026-10-09T00:23:45.651828+00:00
640.0,134.2,136.92,141.32,1.0,1.0,0.5650678259277344,call,2026-10-23,SPY,773.8900146484375,2026-10-09T00:23:45.651828+00:00
645.0,129.21,131.94,121.1,1.0,2.0,0.5471236694335939,call,2026-10-23,SPY,773.8900146484375,2026-10-09T00:23:45.651828+00:00
650.0,124.23,126.96,120.85,2.0,4.0,0.529423651123047,call,2026-10-23,SPY,773.8900146484375,2026-10-09T00:23:45.651828+00:00
655.0,119.28,121.97,112.77,1.0,23.0,0.5124560473632812,call,2026-10-23,SPY,773.8900146484375,2026-10-09T00:23:45.651828+00:00
660.0,114.26,117.0,121.46,2.0,14.0,0.5651898950195313,call,2026-10-23,SPY,773.8900146484375,2026-10-09T00:23:45.651828+00:00
670.0,104.3,107.03,99.01,1.0,9.0,0.5249681292724608,call,2026-10-23,SPY,773.8900146484375,2026-10-09T00:23:45.651828+00:00
675.0,99.32,102.05,95.01,2.0,25.0,0.5050098327636718,call,2026-10-23,SPY,773.8900146484375,2026-10-09T00:23:45.651828+00:00
680.0,94.34,97.08,90.09,5.0,26.0,0.4854787780761719,call,2026-10-23,SPY,773.8900146484375,2026-10-09T00:23:45.651828+00:00
685.0,89.37,92.1,96.79,1.0,7.0,0.46545944702148445,call,2026-10-23,SPY,773.8900146484375,2026-10-09T00:23:45.651828+00:00
690.0,84.39,87.12,77.08,40.0,5.0,0.445318046875,call,2026-10-23,SPY,773.8900146484375,2026-10-09T00:23:45.651828+00:00
695.0,79.42,82.15,70.98,1.0,20.0,0.4254818194580079,call,2026-10-23,SPY,773.8900146484375,2026-10-09T00:23:45.651828+00:00
700.0,74.45,77.18,73.88,3.0,49.0,0.40552352294921873,call,2026-10-23,SPY,773.8900146484375,2026-10-09T00:23:45.651828+00:00
705.0,69.49,72.21,76.19,2.0,44.0,0.38544315734863277,call,2026-10-23,SPY,773.8900146484375,2026-10-09T00:23:45.651828+00:00
710.0,64.53,67.26,71.12,2.0,18.0,0.3658510681152344,call,2026-10-23,SPY,773.8900146484375,2026-10-09T00:23:45.651828+00:00
715.0,59.57,62.31,67.54,1.0,14.0,0.3460148406982422,call,2026-10-23,SPY,773.8900146484375,2026-10-09T00:23:45.651828+00:00
720.0,54.85,56.49,55.1,3.0,179.0,0.2981637567138671,call,2026-10-23,SPY,773.8900146484375,2026-10-09T00:23:45.651828+00:00
721.0,53.67,56.38,60.78,5.0,9.0,0.3221503332519531,call,2026-10-23,SPY,773.8900146484375,2026-10-09T00:23:45.651828+00:00
722.0,52.66,55.39,46.57,2.0,4.0,0.31806101867675773,call,2026-10-23,SPY,773.8900146484375,2026-10-09T00:23:45.651828+00:00
723.0,51.68,54.39,53.28,10.0,13.0,0.31366653137207035,call,2026-10-23,SPY,773.8900146484375,2026-10-09T00:23:45.651828+00:00
724.0,50.72,53.43,44.68,,0.0,0.3104317004394531,call,2026-10-23,SPY,773.8900146484375,2026-10-09T00:23:45.651828+00:00
725.0,49.92,51.65,51.65,2.0,133.0,0.2825999475097656,call,2026-10-23,SPY,773.8900146484375,2026-10-09T00:23:45.651828+00:00
726.0,48.73,51.44,42.8,40.0,6.0,0.30188686401367193,call,2026-10-23,SPY,773.8900146484375,2026-10-09T00:23:45.651828+00:00
727.0,47.94,49.82,48.5,1.0,186.0,0.27936511657714835,call,2026-10-23,SPY,773.8900146484375,2026-10-09T00:23:45.651828+00:00
728.0,46.77,49.5,39.8,1.0,51.0,0.2947153048706054,call,2026-10-23,SPY,773.8900146484375,2026-10-09T00:23:45.651828+00:00
729.0,45.86,48.46,53.85,2.0,8.0,0.2891306439208984,call,2026-10-23,SPY,773.8900146484375,2026-10-09T00:23:45.651828+00:00
730.0,44.82,47.49,45.23,7.0,179.0,0.28552960571289054,call,2026-10-23,SPY,773.8900146484375,2026-10-09T00:23:45.651828+00:00
731.0,43.84,46.56,40.53,,6.0,0.28290512023925773,call,2026-10-23,SPY,773.8900146484375,2026-10-09T00:23:45.651828+00:00
732.0,42.86,45.59,38.56,1.0,30.0,0.27921253021240233,call,2026-10-23,SPY,773.8900146484375,2026-10-09T00:23:45.651828+00:00
733.0,41.93,44.55,36.31,2.0,13.0,0.27362786926269533,call,2026-10-23,SPY,773.8900146484375,2026-10-09T00:23:45.651828+00:00
734.0,41.14,43.64,39.79,2.0,8.0,0.2714306256103516,call,2026-10-23,SPY,773.8900146484375,2026-10-09T00:23:45.651828+00:00
735.0,40.2,41.99,40.28,63.0,143.0,0.24951922363281248,call,2026-10-23,SPY,773.8900146484375,2026-10-09T00:23:45.651828+00:00
736.0,38.98,41.68,33.8,1.0,26.0,0.2633130310058594,call,2026-10-23,SPY,773.8900146484375,2026-10-09T00:23:45.651828+00:00
737.0,38.11,40.63,37.86,1.0,15.0,0.2574537145996094,call,2026-10-23,SPY,773.8900146484375,2026-10-09T00:23:45.651828+00:00
739.0,36.2,38.74,28.03,2.0,10.0,0.2509230181884765,call,2026-10-23,SPY,773.8900146484375,2026-10-09T00:23:45.651828+00:00
740.0,35.46,37.03,35.65,3.0,199.0,0.2283402362060547,call,2026-10-23,SPY,773.8900146484375,2026-10-09T00:23:45.651828+00:00
741.0,34.18,36.75,25.32,1.0,6.0,0.24182887084960938,call,2026-10-23,SPY,773.8900146484375,2026-10-09T00:23:45.651828+00:00
742.0,33.44,35.74,29.82,5.0,118.0,0.23688507263183595,call,2026-10-23,SPY,773.8900146484375,2026-10-09T00:23:45.651828+00:00
743.0,32.47,34.78,23.96,1.0,9.0,0.2331009307861328,call,2026-10-23,SPY,773.8900146484375,2026-10-09T00:23:45.651828+00:00
744.0,31.56,33.84,34.49,2.0,36.0,0.22974403076171873,call,2026-10-23,SPY,773.8900146484375,2026-10-09T00:23:45.651828+00:00
745.0,30.86,32.79,30.81,21.0,150.0,0.22376264526367184,call,2026-10-23,SPY,773.8900146484375,2026-10-09T00:23:45.651828+00:00
746.0,30.65,31.0,33.56,4.0,67.0,0.2002643450927734,call,2026-10-23,SPY,773.8900146484375,2026-10-09T00:23:45.651828+00:00
747.0,29.66,30.07,30.27,1.0,64.0,0.19733468688964845,call,2026-10-23,SPY,773.8900146484375,2026-10-09T00:23:45.651828+00:00
748.0,28.76,29.13,20.02,1.0,58.0,0.19409985595703128,call,2026-10-23,SPY,773.8900146484375,2026-10-09T00:23:45.651828+00:00
749.0,27.8,28.2,28.67,2.0,39.0,0.19098709411621095,call,2026-10-23,SPY,773.8900146484375,2026-10-09T00:23:45.651828+00:00
750.0,26.88,27.27,26.14,7.0,3042.0,0.1878438150024414,call,2026-10-23,SPY,773.8900146484375,2026-10-09T00:23:45.651828+00:00
751.0,25.99,26.35,29.36,6.0,349.0,0.1848226049804687,call,2026-10-23,SPY,773.8900146484375,2026-10-09T00:23:45.651828+00:00
752.0,25.05,25.44,24.1,2.0,342.0,0.1819539813232422,call,2026-10-23,SPY,773.8900146484375,2026-10-09T00:23:45.651828+00:00
753.0,24.14,24.53,23.3,35.0,100.0,0.17896328857421873,call,2026-10-23,SPY,773.8900146484375,2026-10-09T00:23:45.651828+00:00
754.0,23.24,23.63,24.6,2.0,213.0,0.17612518218994144,call,2026-10-23,SPY,773.8900146484375,2026-10-09T00:23:45.651828+00:00
755.0,22.35,22.73,21.66,363.0,840.0,0.1731650067138672,call,2026-10-23,SPY,773.8900146484375,2026-10-09T00:23:45.651828+00:00
756.0,21.46,21.84,20.16,14.0,56.0,0.17026586578369146,call,2026-10-23,SPY,773.8900146484375,2026-10-09T00:23:45.651828+00:00
757.0,20.58,20.96,20.87,9.0,273.0,0.16748879394531252,call,2026-10-23,SPY,773.8900146484375,2026-10-09T00:23:45.651828+00:00
758.0,19.72,20.1,19.62,5.0,300.0,0.16495586029052733,call,2026-10-23,SPY,773.8900146484375,2026-10-09T00:23:45.651828+00:00
759.0,18.85,19.22,17.3,7.0,707.0,0.16190413299560547,call,2026-10-23,SPY,773.8900146484375,2026-10-09T00:23:45.651828+00:00
760.0,18.0,18.38,18.17,368.0,3269.0,0.15949326843261719,call,2026-10-23,SPY,773.8900146484375,2026-10-09T00:23:45.651828+00:00
761.0,17.15,17.55,16.13,11.0,491.0,0.1570824038696289,call,2026-10-23,SPY,773.8900146484375,2026-10-09T00:23:45.651828+00:00
762.0,16.39,16.59,15.46,28.0,331.0,0.1521386056518555,call,2026-10-23,SPY,773.8900146484375,2026-10-09T00:23:45.651828+00:00
763.0,15.5,15.89,14.83,50.0,541.0,0.15177239837646483,call,2026-10-23,SPY,773.8900146484375,2026-10-09T00:23:45.651828+00:00
764.0,14.79,14.95,13.83,132.0,435.0,0.14692015197753905,call,2026-10-23,SPY,773.8900146484375,2026-10-09T00:23:45.651828+00:00
765.0,13.98,14.16,13.51,359.0,2118.0,0.14457032196044922,call,2026-10-23,SPY,773.8900146484375,2026-10-09T00:23:45.651828+00:00
766.0,13.13,13.52,12.7,366.0,1020.0,0.14457032196044922,call,2026-10-23,SPY,773.8900146484375,2026-10-09T00:23:45.651828+00:00
767.0,12.38,12.75,11.84,161.0,657.0,0.14212894012451172,call,2026-10-23,SPY,773.8900146484375,2026-10-09T00:23:45.651828+00:00
768.0,11.72,11.86,11.75,193.0,2104.0,0.13742928009033206,call,2026-10-23,SPY,773.8900146484375,2026-10-09T00:23:45.651828+00:00
769.0,11.02,11.13,10.69,270.0,799.0,0.13520151916503909,call,2026-10-23,SPY,773.8900146484375,2026-10-09T00:23:45.651828+00:00
770.0,10.3,10.41,10.38,1165.0,3517.0,0.13288220642089843,call,2026-10-23,SPY,773.8900146484375,2026-10-09T00:23:45.651828+00:00
771.0,9.62,9.73,9.71,678.0,1529.0,0.13092910095214844,call,2026-10-23,SPY,773.8900146484375,2026-10-09T00:23:45.651828+00:00
772.0,8.95,9.05,9.05,632.0,1598.0,0.1287318572998047,call,2026-10-23,SPY,773.8900146484375,2026-10-09T00:23:45.651828+00:00
773.0,8.3,8.4,8.3,849.0,1712.0,0.126687200012207,call,2026-10-23,SPY,773.8900146484375,2026-10-09T00:23:45.651828+00:00
774.0,7.72,7.74,7.73,540.0,1130.0,0.12418478363037111,call,2026-10-23,SPY,773.8900146484375,2026-10-09T00:23:45.651828+00:00
775.0,7.12,7.14,7.08,3793.0,2152.0,0.12232322998046877,call,2026-10-23,SPY,773.8900146484375,2026-10-09T00:23:45.651828+00:00
776.0,6.54,6.57,6.3,1332.0,1450.0,0.1206142626953125,call,2026-10-23,SPY,773.8900146484375,2026-10-09T00:23:45.651828+00:00
777.0,5.99,6.02,6.0,690.0,1089.0,0.1188442608642578,call,2026-10-23,SPY,773.8900146484375,2026-10-09T00:23:45.651828+00:00
778.0,5.47,5.49,5.03,175.0,766.0,0.1170437417602539,call,2026-10-23,SPY,773.8900146484375,2026-10-09T00:23:45.651828+00:00
779.0,4.97,5.0,4.98,264.0,1508.0,0.11551787811279299,call,2026-10-23,SPY,773.8900146484375,2026-10-09T00:23:45.651828+00:00
780.0,4.5,4.53,4.53,3107.0,2363.0,0.1139309799194336,call,2026-10-23,SPY,773.8900146484375,2026-10-09T00:23:45.651828+00:00
781.0,4.06,4.09,4.09,311.0,1516.0,0.11243563354492186,call,2026-10-23,SPY,773.8900146484375,2026-10-09T00:23:45.651828+00:00
782.0,3.65,3.68,3.47,731.0,1298.0,0.1110318389892578,call,2026-10-23,SPY,773.8900146484375,2026-10-09T00:23:45.651828+00:00
783.0,3.27,3.3,3.05,742.0,705.0,0.1097195962524414,call,2026-10-23,SPY,773.8900146484375,2026-10-09T00:23:45.651828+00:00
784.0,2.92,2.95,2.9,333.0,1037.0,0.10852942260742188,call,2026-10-23,SPY,773.8900146484375,2026-10-09T00:23:45.651828+00:00
785.0,2.59,2.62,2.59,1523.0,2478.0,0.10724769714355468,call,2026-10-23,SPY,773.8900146484375,2026-10-09T00:23:45.651828+00:00
786.0,2.29,2.32,2.29,418.0,1395.0,0.1061185580444336,call,2026-10-23,SPY,773.8900146484375,2026-10-09T00:23:45.651828+00:00
787.0,2.02,2.05,1.89,154.0,891.0,0.10511148803710937,call,2026-10-23,SPY,773.8900146484375,2026-10-09T00:23:45.651828+00:00
788.0,1.78,1.8,1.79,492.0,1277.0,0.10407390075683592,call,2026-10-23,SPY,773.8900146484375,2026-10-09T00:23:45.651828+00:00
789.0,1.55,1.57,1.45,371.0,1906.0,0.10300579620361328,call,2026-10-23,SPY,773.8900146484375,2026-10-09T00:23:45.651828+00:00
790.0,1.36,1.37,1.37,6806.0,4367.0,0.10218182983398436,call,2026-10-23,SPY,773.8900146484375,2026-10-09T00:23:45.651828+00:00
791.0,1.18,1.2,1.13,192.0,1688.0,0.10163251892089843,call,2026-10-23,SPY,773.8900146484375,2026-10-09T00:23:45.651828+00:00
792.0,1.02,1.03,1.03,156.0,868.0,0.10065596618652344,call,2026-10-23,SPY,773.8900146484375,2026-10-09T00:23:45.651828+00:00
793.0,0.87,0.89,0.83,436.0,1142.0,0.09998458618164063,call,2026-10-23,SPY,773.8900146484375,2026-10-09T00:23:45.651828+00:00
794.0,0.75,0.77,0.77,122.0,918.0,0.09955734436035156,call,2026-10-23,SPY,773.8900146484375,2026-10-09T00:23:45.651828+00:00
795.0,0.64,0.66,0.64,638.0,3857.0,0.09900803344726564,call,2026-10-23,SPY,773.8900146484375,2026-10-09T00:23:45.651828+00:00
796.0,0.55,0.56,0.53,212.0,860.0,0.09827561889648437,call,2026-10-23,SPY,773.8900146484375,2026-10-09T00:23:45.651828+00:00
797.0,0.47,0.48,0.37,287.0,1926.0,0.0979704461669922,call,2026-10-23,SPY,773.8900146484375,2026-10-09T00:23:45.651828+00:00
798.0,0.4,0.41,0.36,265.0,1291.0,0.0976652734375,call,2026-10-23,SPY,773.8900146484375,2026-10-09T00:23:45.651828+00:00
799.0,0.34,0.35,0.3,244.0,1464.0,0.09742113525390625,call,2026-10-23,SPY,773.8900146484375,2026-10-09T00:23:45.651828+00:00
800.0,0.29,0.3,0.3,2774.0,9646.0,0.09742113525390625,call,2026-10-23,SPY,773.8900146484375,2026-10-09T00:23:45.651828+00:00
801.0,0.24,0.25,0.24,64.0,1072.0,0.09693285888671876,call,2026-10-23,SPY,773.8900146484375,2026-10-09T00:23:45.651828+00:00
802.0,0.21,0.22,0.2,91.0,1633.0,0.09742113525390625,call,2026-10-23,SPY,773.8900146484375,2026-10-09T00:23:45.651828+00:00
803.0,0.18,0.19,0.16,78.0,660.0,0.0976652734375,call,2026-10-23,SPY,773.8900146484375,2026-10-09T00:23:45.651828+00:00
804.0,0.15,0.16,0.15,7.0,646.0,0.09742113525390625,call,2026-10-23,SPY,773.8900146484375,2026-10-09T00:23:45.651828+00:00
805.0,0.13,0.14,0.12,364.0,974.0,0.09790941162109376,call,2026-10-23,SPY,773.8900146484375,2026-10-09T00:23:45.651828+00:00
806.0,0.11,0.12,0.08,17.0,734.0,0.0981535498046875,call,2026-10-23,SPY,773.8900146484375,2026-10-09T00:23:45.651828+00:00
807.0,0.1,0.11,0.1,98.0,507.0,0.09937424072265624,call,2026-10-23,SPY,773.8900146484375,2026-10-09T00:23:45.651828+00:00
808.0,0.09,0.1,0.06,9.0,349.0,0.100594931640625,call,2026-10-23,SPY,773.8900146484375,2026-10-09T00:23:45.651828+00:00
809.0,0.07,0.08,0.07,101.0,269.0,0.09961837890625,call,2026-10-23,SPY,773.8900146484375,2026-10-09T00:23:45.651828+00:00
810.0,0.07,0.08,0.08,38.0,724.0,0.10205976074218749,call,2026-10-23,SPY,773.8900146484375,2026-10-09T00:23:45.651828+00:00
811.0,0.06,0.07,0.06,1.0,249.0,0.10254803710937499,call,2026-10-23,SPY,773.8900146484375,2026-10-09T00:23:45.651828+00:00
812.0,0.05,0.06,0.05,338.0,702.0,0.10303631347656249,call,2026-10-23,SPY,773.8900146484375,2026-10-09T00:23:45.651828+00:00
813.0,0.05,0.06,0.04,6.0,372.0,0.1049894189453125,call,2026-10-23,SPY,773.8900146484375,2026-10-09T00:23:45.651828+00:00
814.0,0.04,0.05,0.05,992.0,522.0,0.1049894189453125,call,2026-10-23,SPY,773.8900146484375,2026-10-09T00:23:45.651828+00:00
815.0,0.04,0.05,0.04,2152.0,1337.0,0.10743080078125,call,2026-10-23,SPY,773.8900146484375,2026-10-09T00:23:45.651828+00:00
816.0,0.04,0.05,0.1,4.0,518.0,0.10938390625,call,2026-10-23,SPY,773.8900146484375,2026-10-09T00:23:45.651828+00:00
817.0,0.03,0.04,0.03,2.0,105.0,0.108407353515625,call,2026-10-23,SPY,773.8900146484375,2026-10-09T00:23:45.651828+00:00
818.0,0.03,0.04,0.03,566.0,107.0,0.11084873535156249,call,2026-10-23,SPY,773.8900146484375,2026-10-09T00:23:45.651828+00:00
819.0,0.03,0.04,0.03,740.0,130.0,0.1132901171875,call,2026-10-23,SPY,773.8900146484375,2026-10-09T00:23:45.651828+00:00
820.0,0.03,0.04,0.03,43.0,491.0,0.11524322265625,call,2026-10-23,SPY,773.8900146484375,2026-10-09T00:23:45.651828+00:00
821.0,0.02,0.03,0.03,12.0,727.0,0.1132901171875,call,2026-10-23,SPY,773.8900146484375,2026-10-09T00:23:45.651828+00:00
822.0,0.02,0.03,0.08,1.0,192.0,0.11524322265625,call,2026-10-23,SPY,773.8900146484375,2026-10-09T00:23:45.651828+00:00
823.0,0.02,0.03,0.03,1.0,272.0,0.1176846044921875,call,2026-10-23,SPY,773.8900146484375,2026-10-09T00:23:45.651828+00:00
824.0,0.02,0.03,0.04,6.0,27.0,0.12012598632812499,call,2026-10-23,SPY,773.8900146484375,2026-10-09T00:23:45.651828+00:00
825.0,0.02,0.03,0.02,17.0,1295.0,0.12207909179687501,call,2026-10-23,SPY,773.8900146484375,2026-10-09T00:23:45.651828+00:00
830.0,0.01,0.02,0.03,11.0,1556.0,0.12696185546875,call,2026-10-23,SPY,773.8900146484375,2026-10-09T00:23:45.651828+00:00
835.0,0.01,0.02,0.02,77.0,528.0,0.13672738281250002,call,2026-10-23,SPY,773.8900146484375,2026-10-09T00:23:45.651828+00:00
840.0,0.01,0.02,0.01,99.0,211.0,0.14649291015625,call,2026-10-23,SPY,773.8900146484375,2026-10-09T00:23:45.651828+00:00
845.0,0.01,0.02,0.04,25.0,198.0,0.15528188476562502,call,2026-10-23,SPY,773.8900146484375,2026-10-09T00:23:45.651828+00:00
850.0,0.01,0.02,0.02,21.0,417.0,0.16407085937500002,call,2026-10-23,SPY,773.8900146484375,2026-10-09T00:23:45.651828+00:00
855.0,0.0,0.01,0.01,1.0,227.0,0.16407085937500002,call,2026-10-23,SPY,773.8900146484375,2026-10-09T00:23:45.651828+00:00
860.0,0.0,0.01,0.01,34.0,197.0,0.17188328125000002,call,2026-10-23,SPY,773.8900146484375,2026-10-09T00:23:45.651828+00:00
865.0,0.0,0.01,0.02,5.0,408.0,0.179695703125,call,2026-10-23,SPY,773.8900146484375,2026-10-09T00:23:45.651828+00:00
870.0,0.0,0.01,0.01,2.0,210.0,0.187508125,call,2026-10-23,SPY,773.8900146484375,2026-10-09T00:23:45.651828+00:00
875.0,0.0,0.01,0.02,10.0,213.0,0.19727365234375,call,2026-10-23,SPY,773.8900146484375,2026-10-09T00:23:45.651828+00:00
880.0,0.0,0.01,0.03,24.0,116.0,0.20703917968749996,call,2026-10-23,SPY,773.8900146484375,2026-10-09T00:23:45.651828+00:00
885.0,0.0,0.01,0.01,1.0,601.0,0.2148516015625,call,2026-10-23,SPY,773.8900146484375,2026-10-09T00:23:45.651828+00:00
890.0,0.0,0.01,0.01,418.0,443.0,0.22266402343749997,call,2026-10-23,SPY,773.8900146484375,2026-10-09T00:23:45.651828+00:00
895.0,0.0,0.01,0.01,418.0,444.0,0.2304764453125,call,2026-10-23,SPY,773.8900146484375,2026-10-09T00:23:45.651828+00:00
905.0,0.0,0.01,0.01,16.0,26.0,0.2461012890625,call,2026-10-23,SPY,773.8900146484375,2026-10-09T00:23:45.651828+00:00
915.0,0.0,0.01,0.02,,6.0,0.2617261328125,call,2026-10-23,SPY,773.8900146484375,2026-10-09T00:23:45.651828+00:00
920.0,0.0,0.01,0.01,,50.0,0.2695385546875,call,2026-10-23,SPY,773.8900146484375,2026-10-09T00:23:45.651828+00:00
930.0,0.0,0.01,0.01,1.0,1.0,0.28516339843749994,call,2026-10-23,SPY,773.8900146484375,2026-10-09T00:23:45.651828+00:00
500.0,0.01,0.02,0.02,26.0,2592.0,0.6718782812500002,put,2026-10-23,SPY,773.8900146484375,2026-10-09T00:23:45.651828+00:00
505.0,0.01,0.02,0.03,54.0,156.0,0.6562534375000001,put,2026-10-23,SPY,773.8900146484375,2026-10-09T00:23:45.651828+00:00
510.0,0.01,0.02,0.02,404.0,544.0,0.64062859375,put,2026-10-23,SPY,773.8900146484375,2026-10-09T00:23:45.651828+00:00
515.0,0.01,0.02,0.01,550.0,6023.0,0.6289099609375001,put,2026-10-23,SPY,773.8900146484375,2026-10-09T00:23:45.651828+00:00
520.0,0.02,0.03,0.03,3.0,5877.0,0.64062859375,put,2026-10-23,SPY,773.8900146484375,2026-10-09T00:23:45.651828+00:00
525.0,0.02,0.03,0.03,137.0,983.0,0.6250037500000001,put,2026-10-23,SPY,773.8900146484375,2026-10-09T00:23:45.651828+00:00
530.0,0.02,0.03,0.01,25.0,35.0,0.6132851171875001,put,2026-10-23,SPY,773.8900146484375,2026-10-09T00:23:45.651828+00:00
535.0,0.02,0.03,0.05,100.0,1498.0,0.5976602734375001,put,2026-10-23,SPY,773.8900146484375,2026-10-09T00:23:45.651828+00:00
540.0,0.02,0.03,0.03,233.0,102.0,0.5820354296875,put,2026-10-23,SPY,773.8900146484375,2026-10-09T00:23:45.651828+00:00
545.0,0.02,0.03,0.03,1.0,108.0,0.570316796875,put,2026-10-23,SPY,773.8900146484375,2026-10-09T00:23:45.651828+00:00
550.0,0.02,0.03,0.03,2.0,317.0,0.5546919531250001,put,2026-10-23,SPY,773.8900146484375,2026-10-09T00:23:45.651828+00:00
555.0,0.03,0.04,0.03,1.0,14.0,0.5585981640625001,put,2026-10-23,SPY,773.8900146484375,2026-10-09T00:23:45.651828+00:00
560.0,0.03,0.04,0.03,2.0,914.0,0.5429733203125001,put,2026-10-23,SPY,773.8900146484375,2026-10-09T00:23:45.651828+00:00
565.0,0.03,0.04,0.04,5.0,242.0,0.5312546875,put,2026-10-23,SPY,773.8900146484375,2026-10-09T00:23:45.651828+00:00
570.0,0.03,0.04,0.03,73.0,43.0,0.51562984375,put,2026-10-23,SPY,773.8900146484375,2026-10-09T00:23:45.651828+00:00
575.0,0.03,0.04,0.04,80.0,37.0,0.5039112109375,put,2026-10-23,SPY,773.8900146484375,2026-10-09T00:23:45.651828+00:00
580.0,0.04,0.05,0.05,45.0,72.0,0.500005,put,2026-10-23,SPY,773.8900146484375,2026-10-09T00:23:45.651828+00:00
585.0,0.04,0.05,0.04,58.0,25.0,0.49219257812500006,put,2026-10-23,SPY,773.8900146484375,2026-10-09T00:23:45.651828+00:00
590.0,0.04,0.05,0.05,2.0,458.0,0.47852083984375,put,2026-10-23,SPY,773.8900146484375,2026-10-09T00:23:45.651828+00:00
595.0,0.04,0.05,0.06,40.0,96.0,0.46484910156250003,put,2026-10-23,SPY,773.8900146484375,2026-10-09T00:23:45.651828+00:00
600.0,0.04,0.05,0.05,176.0,427.0,0.45117736328125,put,2026-10-23,SPY,773.8900146484375,2026-10-09T00:23:45.651828+00:00
605.0,0.05,0.06,0.05,6.0,289.0,0.445318046875,put,2026-10-23,SPY,773.8900146484375,2026-10-09T00:23:45.651828+00:00
610.0,0.05,0.06,0.06,4.0,644.0,0.43164630859375,put,2026-10-23,SPY,773.8900146484375,2026-10-09T00:23:45.651828+00:00
615.0,0.06,0.07,0.07,21.0,109.0,0.424810439453125,put,2026-10-23,SPY,773.8900146484375,2026-10-09T00:23:45.651828+00:00
620.0,0.06,0.07,0.06,31.0,344.0,0.411138701171875,put,2026-10-23,SPY,773.8900146484375,2026-10-09T00:23:45.651828+00:00
625.0,0.06,0.07,0.06,11.0,486.0,0.398443515625,put,2026-10-23,SPY,773.8900146484375,2026-10-09T00:23:45.651828+00:00
630.0,0.07,0.08,0.09,1.0,106.0,0.389654541015625,put,2026-10-23,SPY,773.8900146484375,2026-10-09T00:23:45.651828+00:00
635.0,0.08,0.09,0.08,2.0,330.0,0.38086556640624997,put,2026-10-23,SPY,773.8900146484375,2026-10-09T00:23:45.651828+00:00
640.0,0.08,0.09,0.09,28.0,377.0,0.367193828125,put,2026-10-23,SPY,773.8900146484375,2026-10-09T00:23:45.651828+00:00
645.0,0.09,0.1,0.11,86.0,147.0,0.358404853515625,put,2026-10-23,SPY,773.8900146484375,2026-10-09T00:23:45.651828+00:00
650.0,0.1,0.11,0.11,533.0,1641.0,0.348639326171875,put,2026-10-23,SPY,773.8900146484375,2026-10-09T00:23:45.651828+00:00
655.0,0.1,0.11,0.11,20.0,330.0,0.334967587890625,put,2026-10-23,SPY,773.8900146484375,2026-10-09T00:23:45.651828+00:00
660.0,0.11,0.12,0.12,155.0,745.0,0.3242255078124999,put,2026-10-23,SPY,773.8900146484375,2026-10-09T00:23:45.651828+00:00
665.0,0.12,0.13,0.13,1.0,973.0,0.3139717041015625,put,2026-10-23,SPY,773.8900146484375,2026-10-09T00:23:45.651828+00:00
670.0,0.13,0.14,0.14,21.0,1720.0,0.30274134765625,put,2026-10-23,SPY,773.8900146484375,2026-10-09T00:23:45.651828+00:00
675.0,0.14,0.15,0.14,126.0,2582.0,0.2915109912109374,put,2026-10-23,SPY,773.8900146484375,2026-10-09T00:23:45.651828+00:00
680.0,0.15,0.16,0.2,386.0,2314.0,0.2797923583984374,put,2026-10-23,SPY,773.8900146484375,2026-10-09T00:23:45.651828+00:00
685.0,0.17,0.18,0.21,13.0,1663.0,0.27027096923828126,put,2026-10-23,SPY,773.8900146484375,2026-10-09T00:23:45.651828+00:00
690.0,0.18,0.19,0.2,849.0,972.0,0.2580640600585938,put,2026-10-23,SPY,773.8900146484375,2026-10-09T00:23:45.651828+00:00
695.0,0.2,0.21,0.21,405.0,3075.0,0.2475661181640625,put,2026-10-23,SPY,773.8900146484375,2026-10-09T00:23:45.651828+00:00
700.0,0.23,0.24,0.23,393.0,2794.0,0.23780059082031246,put,2026-10-23,SPY,773.8900146484375,2026-10-09T00:23:45.651828+00:00
705.0,0.25,0.26,0.27,45.0,1598.0,0.22583781982421874,put,2026-10-23,SPY,773.8900146484375,2026-10-09T00:23:45.651828+00:00
710.0,0.28,0.29,0.29,102.0,8019.0,0.2148516015625,put,2026-10-23,SPY,773.8900146484375,2026-10-09T00:23:45.651828+00:00
715.0,0.32,0.33,0.32,308.0,8061.0,0.2043536596679687,put,2026-10-23,SPY,773.8900146484375,2026-10-09T00:23:45.651828+00:00
720.0,0.37,0.38,0.38,206.0,2209.0,0.19385571777343752,put,2026-10-23,SPY,773.8900146484375,2026-10-09T00:23:45.651828+00:00
721.0,0.39,0.4,0.41,20.0,303.0,0.1925129577636719,put,2026-10-23,SPY,773.8900146484375,2026-10-09T00:23:45.651828+00:00
722.0,0.4,0.41,0.43,3.0,264.0,0.1901936450195313,put,2026-10-23,SPY,773.8900146484375,2026-10-09T00:23:45.651828+00:00
723.0,0.41,0.42,0.52,58.0,204.0,0.1878743322753906,put,2026-10-23,SPY,773.8900146484375,2026-10-09T00:23:45.651828+00:00
724.0,0.42,0.44,0.48,1.0,1418.0,0.18628743408203124,put,2026-10-23,SPY,773.8900146484375,2026-10-09T00:23:45.651828+00:00
725.0,0.44,0.45,0.44,1033.0,29047.0,0.18396812133789062,put,2026-10-23,SPY,773.8900146484375,2026-10-09T00:23:45.651828+00:00
726.0,0.46,0.47,0.67,10.0,407.0,0.18225915405273438,put,2026-10-23,SPY,773.8900146484375,2026-10-09T00:23:45.651828+00:00
727.0,0.47,0.48,0.55,321.0,478.0,0.17981777221679687,put,2026-10-23,SPY,773.8900146484375,2026-10-09T00:23:45.651828+00:00
728.0,0.49,0.5,0.6,184.0,382.0,0.17798673583984376,put,2026-10-23,SPY,773.8900146484375,2026-10-09T00:23:45.651828+00:00
729.0,0.51,0.52,0.65,411.0,555.0,0.17603363037109376,put,2026-10-23,SPY,773.8900146484375,2026-10-09T00:23:45.651828+00:00
730.0,0.53,0.54,0.58,469.0,2834.0,0.17408052490234377,put,2026-10-23,SPY,773.8900146484375,2026-10-09T00:23:45.651828+00:00
731.0,0.55,0.56,0.59,562.0,249.0,0.17212741943359378,put,2026-10-23,SPY,773.8900146484375,2026-10-09T00:23:45.651828+00:00
732.0,0.57,0.59,0.63,58.0,1202.0,0.1706625903320313,put,2026-10-23,SPY,773.8900146484375,2026-10-09T00:23:45.651828+00:00
733.0,0.6,0.61,0.69,88.0,965.0,0.16846534667968754,put,2026-10-23,SPY,773.8900146484375,2026-10-09T00:23:45.651828+00:00
734.0,0.62,0.64,0.67,132.0,437.0,0.1667563793945313,put,2026-10-23,SPY,773.8900146484375,2026-10-09T00:23:45.651828+00:00
735.0,0.65,0.66,0.66,342.0,2429.0,0.16443706665039062,put,2026-10-23,SPY,773.8900146484375,2026-10-09T00:23:45.651828+00:00
736.0,0.68,0.69,0.69,1901.0,704.0,0.1626060302734375,put,2026-10-23,SPY,773.8900146484375,2026-10-09T00:23:45.651828+00:00
737.0,0.71,0.73,0.74,367.0,538.0,0.16126327026367188,put,2026-10-23,SPY,773.8900146484375,2026-10-09T00:23:45.651828+00:00
738.0,0.75,0.76,0.83,70.0,732.0,0.159188095703125,put,2026-10-23,SPY,773.8900146484375,2026-10-09T00:23:45.651828+00:00
739.0,0.78,0.8,0.8,256.0,429.0,0.15760119750976562,put,2026-10-23,SPY,773.8900146484375,2026-10-09T00:23:45.651828+00:00
740.0,0.82,0.83,0.85,1570.0,11135.0,0.1554039538574219,put,2026-10-23,SPY,773.8900146484375,2026-10-09T00:23:45.651828+00:00
741.0,0.86,0.88,0.93,42.0,848.0,0.15393912475585939,put,2026-10-23,SPY,773.8900146484375,2026-10-09T00:23:45.651828+00:00
742.0,0.9,0.92,1.13,32.0,1569.0,0.1519860192871094,put,2026-10-23,SPY,773.8900146484375,2026-10-09T00:23:45.651828+00:00
743.0,0.95,0.97,1.04,111.0,830.0,0.15039912109375003,put,2026-10-23,SPY,773.8900146484375,2026-10-09T00:23:45.651828+00:00
744.0,1.0,1.02,1.13,39.0,1056.0,0.1485680847167969,put,2026-10-23,SPY,773.8900146484375,2026-10-09T00:23:45.651828+00:00
745.0,1.05,1.07,1.06,612.0,30426.0,0.14673704833984375,put,2026-10-23,SPY,773.8900146484375,2026-10-09T00:23:45.651828+00:00
746.0,1.11,1.13,1.15,729.0,660.0,0.1450280810546875,put,2026-10-23,SPY,773.8900146484375,2026-10-09T00:23:45.651828+00:00
747.0,1.17,1.19,1.27,207.0,2487.0,0.14325807922363282,put,2026-10-23,SPY,773.8900146484375,2026-10-09T00:23:45.651828+00:00
748.0,1.23,1.25,1.3,295.0,471.0,0.14136600830078128,put,2026-10-23,SPY,773.8900146484375,2026-10-09T00:23:45.651828+00:00
749.0,1.3,1.32,1.31,1060.0,2674.0,0.139657041015625,put,2026-10-23,SPY,773.8900146484375,2026-10-09T00:23:45.651828+00:00
750.0,1.38,1.4,1.41,566.0,3904.0,0.13807014282226562,put,2026-10-23,SPY,773.8900146484375,2026-10-09T00:23:45.651828+00:00
751.0,1.46,1.48,1.61,49.0,581.0,0.13636117553710939,put,2026-10-23,SPY,773.8900146484375,2026-10-09T00:23:45.651828+00:00
752.0,1.54,1.57,1.68,30.0,745.0,0.13477427734375003,put,2026-10-23,SPY,773.8900146484375,2026-10-09T00:23:45.651828+00:00
753.0,1.63,1.66,1.71,153.0,5193.0,0.1330042755126953,put,2026-10-23,SPY,773.8900146484375,2026-10-09T00:23:45.651828+00:00
754.0,1.73,1.76,1.73,1157.0,697.0,0.1313563427734375,put,2026-10-23,SPY,773.8900146484375,2026-10-09T00:23:45.651828+00:00
755.0,1.84,1.86,1.85,878.0,6883.0,0.12952530639648438,put,2026-10-23,SPY,773.8900146484375,2026-10-09T00:23:45.651828+00:00
756.0,1.95,1.97,2.26,75.0,1239.0,0.1277553045654297,put,2026-10-23,SPY,773.8900146484375,2026-10-09T00:23:45.651828+00:00
757.0,2.07,2.09,2.29,55.0,2157.0,0.12604633728027342,put,2026-10-23,SPY,773.8900146484375,2026-10-09T00:23:45.651828+00:00
758.0,2.19,2.22,2.26,571.0,1069.0,0.12436788726806641,put,2026-10-23,SPY,773.8900146484375,2026-10-09T00:23:45.651828+00:00
759.0,2.34,2.36,2.55,410.0,3124.0,0.12268943725585937,put,2026-10-23,SPY,773.8900146484375,2026-10-09T00:23:45.651828+00:00
760.0,2.49,2.5,2.51,1721.0,4760.0,0.12085840087890626,put,2026-10-23,SPY,773.8900146484375,2026-10-09T00:23:45.651828+00:00
761.0,2.64,2.67,2.72,6430.0,740.0,0.11939357177734375,put,2026-10-23,SPY,773.8900146484375,2026-10-09T00:23:45.651828+00:00
762.0,2.81,2.83,2.88,183.0,1084.0,0.1175015008544922,put,2026-10-23,SPY,773.8900146484375,2026-10-09T00:23:45.651828+00:00
763.0,2.99,3.02,3.05,421.0,3720.0,0.11594511993408202,put,2026-10-23,SPY,773.8900146484375,2026-10-09T00:23:45.651828+00:00
764.0,3.19,3.21,3.48,7166.0,7495.0,0.11414460083007813,put,2026-10-23,SPY,773.8900146484375,2026-10-09T00:23:45.651828+00:00
765.0,3.39,3.42,3.41,1677.0,3773.0,0.11246615081787109,put,2026-10-23,SPY,773.8900146484375,2026-10-09T00:23:45.651828+00:00
766.0,3.62,3.65,3.96,503.0,1155.0,0.1108792526245117,put,2026-10-23,SPY,773.8900146484375,2026-10-09T00:23:45.651828+00:00
767.0,3.86,3.89,3.88,958.0,4615.0,0.10917028533935547,put,2026-10-23,SPY,773.8900146484375,2026-10-09T00:23:45.651828+00:00
768.0,4.11,4.14,4.5,422.0,1849.0,0.10733924896240235,put,2026-10-23,SPY,773.8900146484375,2026-10-09T00:23:45.651828+00:00
769.0,4.39,4.42,4.47,416.0,1737.0,0.10572183349609374,put,2026-10-23,SPY,773.8900146484375,2026-10-09T00:23:45.651828+00:00
770.0,4.68,4.7,4.71,2762.0,3189.0,0.10376872802734374,put,2026-10-23,SPY,773.8900146484375,2026-10-09T00:23:45.651828+00:00
771.0,4.99,5.03,4.96,385.0,2679.0,0.10227338165283201,put,2026-10-23,SPY,773.8900146484375,2026-10-09T00:23:45.651828+00:00
772.0,5.33,5.37,5.35,1943.0,2132.0,0.10062544891357422,put,2026-10-23,SPY,773.8900146484375,2026-10-09T00:23:45.651828+00:00
773.0,5.69,5.73,6.0,656.0,1378.0,0.09888596435546876,put,2026-10-23,SPY,773.8900146484375,2026-10-09T00:23:45.651828+00:00
774.0,6.08,6.12,6.19,1142.0,1759.0,0.09723803161621095,put,2026-10-23,SPY,773.8900146484375,2026-10-09T00:23:45.651828+00:00
775.0,6.49,6.53,6.43,1946.0,2590.0,0.09549854705810548,put,2026-10-23,SPY,773.8900146484375,2026-10-09T00:23:45.651828+00:00
776.0,6.92,6.96,7.06,436.0,1531.0,0.09363699340820314,put,2026-10-23,SPY,773.8900146484375,2026-10-09T00:23:45.651828+00:00
777.0,7.38,7.42,7.81,1418.0,1051.0,0.09180595703125,put,2026-10-23,SPY,773.8900146484375,2026-10-09T00:23:45.651828+00:00
778.0,7.83,7.94,7.88,468.0,774.0,0.09046319702148437,put,2026-10-23,SPY,773.8900146484375,2026-10-09T00:23:45.651828+00:00
779.0,8.32,8.48,9.38,85.0,566.0,0.08893733337402344,put,2026-10-23,SPY,773.8900146484375,2026-10-09T00:23:45.651828+00:00
780.0,8.87,9.05,9.07,355.0,889.0,0.08741146972656251,put,2026-10-23,SPY,773.8900146484375,2026-10-09T00:23:45.651828+00:00
781.0,9.44,9.61,10.26,10.0,1183.0,0.0850921569824219,put,2026-10-23,SPY,773.8900146484375,2026-10-09T00:23:45.651828+00:00
782.0,10.05,10.23,11.23,77.0,134.0,0.08326112060546878,put,2026-10-23,SPY,773.8900146484375,2026-10-09T00:23:45.651828+00:00
783.0,10.71,10.86,10.95,10.0,58.0,0.0809112905883789,put,2026-10-23,SPY,773.8900146484375,2026-10-09T00:23:45.651828+00:00
784.0,11.36,11.55,12.27,5.0,182.0,0.07904973693847657,put,2026-10-23,SPY,773.8900146484375,2026-10-09T00:23:45.651828+00:00
785.0,11.96,12.37,12.1,312.0,193.0,0.0794159442138672,put,2026-10-23,SPY,773.8900146484375,2026-10-09T00:23:45.651828+00:00
786.0,12.79,12.98,14.27,16.0,20.0,0.07386180053710939,put,2026-10-23,SPY,773.8900146484375,2026-10-09T00:23:45.651828+00:00
787.0,13.53,13.75,14.53,3.0,30.0,0.07111524597167969,put,2026-10-23,SPY,773.8900146484375,2026-10-09T00:23:45.651828+00:00
788.0,14.15,14.65,14.17,40.0,49.0,0.07154248779296876,put,2026-10-23,SPY,773.8900146484375,2026-10-09T00:23:45.651828+00:00
789.0,14.96,15.46,16.25,4.0,24.0,0.06788041503906252,put,2026-10-23,SPY,773.8900146484375,2026-10-09T00:23:45.651828+00:00
790.0,15.79,16.3,16.84,97.0,270.0,0.06336385864257812,put,2026-10-23,SPY,773.8900146484375,2026-10-09T00:23:45.651828+00:00
791.0,15.82,17.16,19.62,8.0,32.0,0.05603971313476562,put,2026-10-23,SPY,773.8900146484375,2026-10-09T00:23:45.651828+00:00
792.0,16.55,19.12,17.58,4.0,4.0,0.10132734619140624,put,2026-10-23,SPY,773.8900146484375,2026-10-09T00:23:45.651828+00:00
793.0,17.44,20.05,15.34,4.0,4.0,0.10297527893066405,put,2026-10-23,SPY,773.8900146484375,2026-10-09T00:23:45.651828+00:00
794.0,18.37,21.01,15.63,16.0,8.0,0.10541666076660156,put,2026-10-23,SPY,773.8900146484375,2026-10-09T00:23:45.651828+00:00
795.0,19.37,22.02,20.0,1.0,4.0,0.10938390625,put,2026-10-23,SPY,773.8900146484375,2026-10-09T00:23:45.651828+00:00
796.0,20.37,22.98,18.55,2.0,1.0,0.11164218444824218,put,2026-10-23,SPY,773.8900146484375,2026-10-09T00:23:45.651828+00:00
797.0,21.37,24.03,28.97,1.0,0.0,0.11695218994140624,put,2026-10-23,SPY,773.8900146484375,2026-10-09T00:23:45.651828+00:00
798.0,22.37,25.03,23.35,1.0,0.0,0.12049219360351562,put,2026-10-23,SPY,773.8900146484375,2026-10-09T00:23:45.651828+00:00
799.0,23.37,25.98,33.55,1.0,0.0,0.12226219543457033,put,2026-10-23,SPY,773.8900146484375,2026-10-09T00:23:45.651828+00:00
800.0,24.31,27.03,24.31,4.0,2.0,0.12751116638183596,put,2026-10-23,SPY,773.8900146484375,2026-10-09T00:23:45.651828+00:00
801.0,25.31,28.03,25.67,1.0,0.0,0.13099013549804686,put,2026-10-23,SPY,773.8900146484375,2026-10-09T00:23:45.651828+00:00
802.0,26.31,29.03,30.77,1.0,0.0,0.13446910461425782,put,2026-10-23,SPY,773.8900146484375,2026-10-09T00:23:45.651828+00:00
803.0,27.31,30.03,38.55,,0.0,0.13788703918457032,put,2026-10-23,SPY,773.8900146484375,2026-10-09T00:23:45.651828+00:00
805.0,29.31,32.03,41.44,1.0,0.0,0.14466187377929687,put,2026-10-23,SPY,773.8900146484375,2026-10-09T00:23:45.651828+00:00
806.0,30.31,33.03,37.86,,0.0,0.14801877380371098,put,2026-10-23,SPY,773.8900146484375,2026-10-09T00:23:45.651828+00:00
807.0,31.31,34.01,36.24,7.0,0.0,0.15058222473144534,put,2026-10-23,SPY,773.8900146484375,2026-10-09T00:23:45.651828+00:00
808.0,32.31,35.03,37.22,18.0,0.0,0.15467153930664065,put,2026-10-23,SPY,773.8900146484375,2026-10-09T00:23:45.651828+00:00
809.0,33.31,36.03,37.65,2.0,0.0,0.15796740478515625,put,2026-10-23,SPY,773.8900146484375,2026-10-09T00:23:45.651828+00:00
810.0,34.31,37.03,38.87,3.0,0.0,0.16126327026367188,put,2026-10-23,SPY,773.8900146484375,2026-10-09T00:23:45.651828+00:00
811.0,35.31,38.03,39.06,5.0,0.0,0.1645591357421875,put,2026-10-23,SPY,773.8900146484375,2026-10-09T00:23:45.651828+00:00
812.0,36.31,39.03,37.51,1.0,0.0,0.16779396667480473,put,2026-10-23,SPY,773.8900146484375,2026-10-09T00:23:45.651828+00:00
813.0,37.31,40.03,38.33,,0.0,0.1710287976074219,put,2026-10-23,SPY,773.8900146484375,2026-10-09T00:23:45.651828+00:00
815.0,39.31,42.03,40.49,1.0,1.0,0.17737639038085937,put,2026-10-23,SPY,773.8900146484375,2026-10-09T00:23:45.651828+00:00
821.0,45.31,48.03,63.75,1.0,0.0,0.19623606506347657,put,2026-10-23,SPY,773.8900146484375,2026-10-09T00:23:45.651828+00:00
850.0,74.31,77.03,91.9,1.0,0.0,0.2810130493164062,put,2026-10-23,SPY,773.8900146484375,2026-10-09T00:23:45.651828+00:00
900.0,124.31,127.03,138.53,,0.0,0.41089456298828125,put,2026-10-23,SPY,773.8900146484375,2026-10-09T00:23:45.651828+00:00
505.0,,,272.24,,,0.0,call,2026-11-06,SPY,773.8900146484375,2026-10-09T00:23:45.651828+00:00
590.0,,,193.54,,,0.0,call,2026-11-06,SPY,773.8900146484375,2026-10-09T00:23:45.651828+00:00
640.0,135.63,138.38,134.54,2.0,0.0,0.5117236328125,call,2026-11-06,SPY,773.8900146484375,2026-10-09T00:23:45.651828+00:00
660.0,115.82,118.57,109.67,,1.0,0.4529473651123047,call,2026-11-06,SPY,773.8900146484375,2026-10-09T00:23:45.651828+00:00
665.0,,,117.94,,,0.0,call,2026-11-06,SPY,773.8900146484375,2026-10-09T00:23:45.651828+00:00
675.0,101.0,103.75,92.52,,3.0,0.4093381820678711,call,2026-11-06,SPY,773.8900146484375,2026-10-09T00:23:45.651828+00:00
680.0,96.07,98.82,96.32,3.0,12.0,0.39490351196289064,call,2026-11-06,SPY,773.8900146484375,2026-10-09T00:23:45.651828+00:00
685.0,91.15,93.9,87.16,1.0,5.0,0.38056039367675776,call,2026-11-06,SPY,773.8900146484375,2026-10-09T00:23:45.651828+00:00
690.0,86.24,88.99,85.7,1.0,1.0,0.3663393444824219,call,2026-11-06,SPY,773.8900146484375,2026-10-09T00:23:45.651828+00:00
695.0,81.34,84.09,75.88,,1.0,0.35217932983398437,call,2026-11-06,SPY,773.8900146484375,2026-10-09T00:23:45.651828+00:00
700.0,76.45,79.2,83.05,6.0,15.0,0.33801931518554684,call,2026-11-06,SPY,773.8900146484375,2026-10-09T00:23:45.651828+00:00
705.0,71.59,74.33,79.14,1.0,2.0,0.324103438720703,call,2026-11-06,SPY,773.8900146484375,2026-10-09T00:23:45.651828+00:00
710.0,66.73,69.48,65.86,3.0,8.0,0.310279114074707,call,2026-11-06,SPY,773.8900146484375,2026-10-09T00:23:45.651828+00:00
715.0,,,63.92,,,0.0,call,2026-11-06,SPY,773.8900146484375,2026-10-09T00:23:45.651828+00:00
718.0,59.04,61.78,57.35,4.0,4.0,0.28861185028076164,call,2026-11-06,SPY,773.8900146484375,2026-10-09T00:23:45.651828+00:00
719.0,58.08,60.82,57.18,3.0,3.0,0.2858958129882812,call,2026-11-06,SPY,773.8900146484375,2026-10-09T00:23:45.651828+00:00
720.0,,,63.82,,,0.0,call,2026-11-06,SPY,773.8900146484375,2026-10-09T00:23:45.651828+00:00
721.0,56.17,58.91,52.17,,1.0,0.28055529022216785,call,2026-11-06,SPY,773.8900146484375,2026-10-09T00:23:45.651828+00:00
722.0,55.22,57.9,60.2,2.0,3.0,0.2768932174682617,call,2026-11-06,SPY,773.8900146484375,2026-10-09T00:23:45.651828+00:00
723.0,54.27,56.92,50.98,,3.0,0.27374993835449213,call,2026-11-06,SPY,773.8900146484375,2026-10-09T00:23:45.651828+00:00
724.0,53.32,56.06,47.92,,12.0,0.27268183380126954,call,2026-11-06,SPY,773.8900146484375,2026-10-09T00:23:45.651828+00:00
725.0,52.37,55.1,52.69,9.0,8.0,0.26984372741699214,call,2026-11-06,SPY,773.8900146484375,2026-10-09T00:23:45.651828+00:00
726.0,52.58,54.17,47.56,,1.0,0.26749389739990237,call,2026-11-06,SPY,773.8900146484375,2026-10-09T00:23:45.651828+00:00
727.0,51.66,52.07,48.32,,1.0,0.24481956359863283,call,2026-11-06,SPY,773.8900146484375,2026-10-09T00:23:45.651828+00:00
728.0,50.72,51.13,53.85,2.0,2.0,0.24243921630859372,call,2026-11-06,SPY,773.8900146484375,2026-10-09T00:23:45.651828+00:00
729.0,49.78,50.19,52.0,2.0,1.0,0.24005886901855467,call,2026-11-06,SPY,773.8900146484375,2026-10-09T00:23:45.651828+00:00
730.0,48.85,49.26,49.56,10.0,45.0,0.23780059082031246,call,2026-11-06,SPY,773.8900146484375,2026-10-09T00:23:45.651828+00:00
731.0,47.91,48.32,53.32,35.0,37.0,0.23535920898437498,call,2026-11-06,SPY,773.8900146484375,2026-10-09T00:23:45.651828+00:00
732.0,,,45.71,,,0.0,call,2026-11-06,SPY,773.8900146484375,2026-10-09T00:23:45.651828+00:00
733.0,46.06,46.46,52.19,2.0,3.0,0.23069006622314453,call,2026-11-06,SPY,773.8900146484375,2026-10-09T00:23:45.651828+00:00
734.0,43.95,45.54,44.41,10.0,10.0,0.22849282257080078,call,2026-11-06,SPY,773.8900146484375,2026-10-09T00:23:45.651828+00:00
735.0,44.21,44.61,44.24,1.0,15.0,0.2260819580078125,call,2026-11-06,SPY,773.8900146484375,2026-10-09T00:23:45.651828+00:00
736.0,43.3,43.69,35.88,,2.0,0.22379316253662107,call,2026-11-06,SPY,773.8900146484375,2026-10-09T00:23:45.651828+00:00
737.0,42.38,42.78,44.89,12.0,12.0,0.22162643615722655,call,2026-11-06,SPY,773.8900146484375,2026-10-09T00:23:45.651828+00:00
738.0,41.47,41.86,32.41,8.0,7.0,0.21927660614013672,call,2026-11-06,SPY,773.8900146484375,2026-10-09T00:23:45.651828+00:00
739.0,40.56,40.95,47.32,1.0,27.0,0.21704884521484374,call,2026-11-06,SPY,773.8900146484375,2026-10-09T00:23:45.651828+00:00
740.0,39.65,40.04,40.85,10.0,52.0,0.21476004974365231,call,2026-11-06,SPY,773.8900146484375,2026-10-09T00:23:45.651828+00:00
741.0,38.75,39.14,39.67,3.0,11.0,0.2125933233642578,call,2026-11-06,SPY,773.8900146484375,2026-10-09T00:23:45.651828+00:00
742.0,37.85,38.24,29.92,,3.0,0.21036556243896481,call,2026-11-06,SPY,773.8900146484375,2026-10-09T00:23:45.651828+00:00
743.0,36.86,37.35,29.27,,15.0,0.2082598706054687,call,2026-11-06,SPY,773.8900146484375,2026-10-09T00:23:45.651828+00:00
744.0,36.07,36.45,29.86,,12.0,0.20597107513427731,call,2026-11-06,SPY,773.8900146484375,2026-10-09T00:23:45.651828+00:00
745.0,35.19,35.57,35.65,2.0,118.0,0.20389590057373047,call,2026-11-06,SPY,773.8900146484375,2026-10-09T00:23:45.651828+00:00
746.0,34.31,34.68,26.34,,3.0,0.20163762237548827,call,2026-11-06,SPY,773.8900146484375,2026-10-09T00:23:45.651828+00:00
747.0,33.33,33.81,32.83,4.0,2.0,0.19962348236083982,call,2026-11-06,SPY,773.8900146484375,2026-10-09T00:23:45.651828+00:00
748.0,32.56,32.93,32.93,1.0,5.0,0.19739572143554687,call,2026-11-06,SPY,773.8900146484375,2026-10-09T00:23:45.651828+00:00
749.0,31.7,32.07,34.06,2.0,2.0,0.19541209869384768,call,2026-11-06,SPY,773.8900146484375,2026-10-09T00:23:45.651828+00:00
750.0,30.87,31.07,29.84,14.0,74.0,0.1914143359375,call,2026-11-06,SPY,773.8900146484375,2026-10-09T00:23:45.651828+00:00
751.0,29.98,30.35,32.71,2.0,3.0,0.1912312322998047,call,2026-11-06,SPY,773.8900146484375,2026-10-09T00:23:45.651828+00:00
752.0,29.14,29.5,28.51,2.0,9.0,0.18918657501220704,call,2026-11-06,SPY,773.8900146484375,2026-10-09T00:23:45.651828+00:00
753.0,28.29,28.65,30.91,5.0,7.0,0.18708088317871097,call,2026-11-06,SPY,773.8900146484375,2026-10-09T00:23:45.651828+00:00
754.0,27.46,27.8,26.52,1.0,11.0,0.18488363952636716,call,2026-11-06,SPY,773.8900146484375,2026-10-09T00:23:45.651828+00:00
755.0,26.66,26.84,27.82,233.0,81.0,0.18122156677246093,call,2026-11-06,SPY,773.8900146484375,2026-10-09T00:23:45.651828+00:00
756.0,25.69,26.16,25.05,4.0,5.0,0.18109949768066402,call,2026-11-06,SPY,773.8900146484375,2026-10-09T00:23:45.651828+00:00
757.0,24.87,25.34,26.1,3.0,26.0,0.1791158749389648,call,2026-11-06,SPY,773.8900146484375,2026-10-09T00:23:45.651828+00:00
758.0,24.19,24.53,26.74,6.0,16.0,0.1771475108337402,call,2026-11-06,SPY,773.8900146484375,2026-10-09T00:23:45.651828+00:00
759.0,23.26,23.73,25.93,6.0,29.0,0.17524018127441404,call,2026-11-06,SPY,773.8900146484375,2026-10-09T00:23:45.651828+00:00
760.0,22.62,22.79,21.94,146.0,381.0,0.1714865567016602,call,2026-11-06,SPY,773.8900146484375,2026-10-09T00:23:45.651828+00:00
761.0,21.69,22.16,21.69,2.0,296.0,0.17151707397460939,call,2026-11-06,SPY,773.8900146484375,2026-10-09T00:23:45.651828+00:00
762.0,20.9,21.39,21.68,36.0,129.0,0.1697165548706055,call,2026-11-06,SPY,773.8900146484375,2026-10-09T00:23:45.651828+00:00
763.0,20.13,20.63,20.88,1.0,166.0,0.1679465530395508,call,2026-11-06,SPY,773.8900146484375,2026-10-09T00:23:45.651828+00:00
764.0,19.53,19.82,18.26,3.0,202.0,0.16547465393066407,call,2026-11-06,SPY,773.8900146484375,2026-10-09T00:23:45.651828+00:00
765.0,18.81,18.93,18.1,36.0,463.0,0.1619346502685547,call,2026-11-06,SPY,773.8900146484375,2026-10-09T00:23:45.651828+00:00
766.0,18.07,18.21,17.55,65.0,78.0,0.1603477520751953,call,2026-11-06,SPY,773.8900146484375,2026-10-09T00:23:45.651828+00:00
767.0,17.33,17.64,16.74,19.0,363.0,0.16040878662109376,call,2026-11-06,SPY,773.8900146484375,2026-10-09T00:23:45.651828+00:00
768.0,16.56,16.9,16.64,21.0,118.0,0.15836412933349608,call,2026-11-06,SPY,773.8900146484375,2026-10-09T00:23:45.651828+00:00
769.0,15.93,16.17,16.0,71.0,296.0,0.15631947204589847,call,2026-11-06,SPY,773.8900146484375,2026-10-09T00:23:45.651828+00:00
770.0,15.28,15.38,14.85,548.0,1192.0,0.1534508483886719,call,2026-11-06,SPY,773.8900146484375,2026-10-09T00:23:45.651828+00:00
771.0,14.58,14.71,14.07,35.0,306.0,0.1518639501953125,call,2026-11-06,SPY,773.8900146484375,2026-10-09T00:23:45.651828+00:00
772.0,13.93,14.05,13.88,263.0,286.0,0.15024653472900396,call,2026-11-06,SPY,773.8900146484375,2026-10-09T00:23:45.651828+00:00
773.0,13.31,13.4,13.4,296.0,1774.0,0.14862911926269531,call,2026-11-06,SPY,773.8900146484375,2026-10-09T00:23:45.651828+00:00
774.0,12.64,12.78,12.23,250.0,359.0,0.14722532470703126,call,2026-11-06,SPY,773.8900146484375,2026-10-09T00:23:45.651828+00:00
775.0,12.1,12.15,12.12,1370.0,1230.0,0.1455468746948242,call,2026-11-06,SPY,773.8900146484375,2026-10-09T00:23:45.651828+00:00
776.0,11.46,11.54,11.48,159.0,463.0,0.1439599765014648,call,2026-11-06,SPY,773.8900146484375,2026-10-09T00:23:45.651828+00:00
777.0,10.87,10.96,10.69,529.0,650.0,0.14258669921875,call,2026-11-06,SPY,773.8900146484375,2026-10-09T00:23:45.651828+00:00
778.0,10.3,10.38,10.29,398.0,417.0,0.14103031829833984,call,2026-11-06,SPY,773.8900146484375,2026-10-09T00:23:45.651828+00:00
779.0,9.74,9.83,9.49,351.0,571.0,0.1396875582885742,call,2026-11-06,SPY,773.8900146484375,2026-10-09T00:23:45.651828+00:00
780.0,9.21,9.28,9.25,1274.0,1255.0,0.13816169464111328,call,2026-11-06,SPY,773.8900146484375,2026-10-09T00:23:45.651828+00:00
781.0,8.68,8.76,8.78,87.0,659.0,0.1368189346313477,call,2026-11-06,SPY,773.8900146484375,2026-10-09T00:23:45.651828+00:00
782.0,8.19,8.26,7.96,109.0,658.0,0.13556772644042972,call,2026-11-06,SPY,773.8900146484375,2026-10-09T00:23:45.651828+00:00
783.0,7.7,7.77,7.19,25.0,384.0,0.13422496643066406,call,2026-11-06,SPY,773.8900146484375,2026-10-09T00:23:45.651828+00:00
784.0,7.24,7.31,7.13,43.0,369.0,0.13309582733154296,call,2026-11-06,SPY,773.8900146484375,2026-10-09T00:23:45.651828+00:00
785.0,6.79,6.86,6.68,304.0,460.0,0.13189039505004885,call,2026-11-06,SPY,773.8900146484375,2026-10-09T00:23:45.651828+00:00
786.0,6.35,6.42,6.03,16.0,156.0,0.13062392822265623,call,2026-11-06,SPY,773.8900146484375,2026-10-09T00:23:45.651828+00:00
787.0,5.94,6.01,5.86,99.0,188.0,0.12952530639648438,call,2026-11-06,SPY,773.8900146484375,2026-10-09T00:23:45.651828+00:00
788.0,5.55,5.61,5.15,49.0,238.0,0.12839616729736325,call,2026-11-06,SPY,773.8900146484375,2026-10-09T00:23:45.651828+00:00
789.0,5.18,5.24,5.09,46.0,53.0,0.12741961456298828,call,2026-11-06,SPY,773.8900146484375,2026-10-09T00:23:45.651828+00:00
790.0,4.82,4.87,4.84,484.0,1409.0,0.12625995819091795,call,2026-11-06,SPY,773.8900146484375,2026-10-09T00:23:45.651828+00:00
791.0,4.47,4.54,4.54,70.0,165.0,0.12543599182128906,call,2026-11-06,SPY,773.8900146484375,2026-10-09T00:23:45.651828+00:00
792.0,4.15,4.22,4.01,149.0,216.0,0.12455099090576172,call,2026-11-06,SPY,773.8900146484375,2026-10-09T00:23:45.651828+00:00
793.0,3.85,3.91,3.84,145.0,2281.0,0.12360495544433595,call,2026-11-06,SPY,773.8900146484375,2026-10-09T00:23:45.651828+00:00
794.0,3.57,3.62,3.38,30.0,149.0,0.12275047180175781,call,2026-11-06,SPY,773.8900146484375,2026-10-09T00:23:45.651828+00:00
795.0,3.3,3.35,3.34,358.0,1079.0,0.12195702270507813,call,2026-11-06,SPY,773.8900146484375,2026-10-09T00:23:45.651828+00:00
796.0,3.04,3.1,2.87,508.0,339.0,0.1212856427001953,call,2026-11-06,SPY,773.8900146484375,2026-10-09T00:23:45.651828+00:00
797.0,2.8,2.85,2.63,217.0,218.0,0.12037012451171875,call,2026-11-06,SPY,773.8900146484375,2026-10-09T00:23:45.651828+00:00
798.0,2.58,2.62,2.44,67.0,238.0,0.11957667541503905,call,2026-11-06,SPY,773.8900146484375,2026-10-09T00:23:45.651828+00:00
799.0,2.37,2.41,2.2,41.0,775.0,0.11893581268310546,call,2026-11-06,SPY,773.8900146484375,2026-10-09T00:23:45.651828+00:00
800.0,2.17,2.22,2.16,689.0,3004.0,0.11841701904296875,call,2026-11-06,SPY,773.8900146484375,2026-10-09T00:23:45.651828+00:00
801.0,1.99,2.04,2.0,280.0,437.0,0.1178677081298828,call,2026-11-06,SPY,773.8900146484375,2026-10-09T00:23:45.651828+00:00
802.0,1.82,1.86,1.83,26.0,412.0,0.11713529357910156,call,2026-11-06,SPY,773.8900146484375,2026-10-09T00:23:45.651828+00:00
803.0,1.66,1.7,1.51,98.0,210.0,0.1165249481201172,call,2026-11-06,SPY,773.8900146484375,2026-10-09T00:23:45.651828+00:00
804.0,1.52,1.55,1.38,298.0,559.0,0.11594511993408202,call,2026-11-06,SPY,773.8900146484375,2026-10-09T00:23:45.651828+00:00
805.0,1.39,1.42,1.38,1178.0,3408.0,0.11560942993164064,call,2026-11-06,SPY,773.8900146484375,2026-10-09T00:23:45.651828+00:00
806.0,1.26,1.3,1.23,53.0,85.0,0.11527373992919923,call,2026-11-06,SPY,773.8900146484375,2026-10-09T00:23:45.651828+00:00
807.0,1.15,1.18,1.16,124.0,159.0,0.1147549462890625,call,2026-11-06,SPY,773.8900146484375,2026-10-09T00:23:45.651828+00:00
808.0,1.05,1.08,1.01,144.0,157.0,0.11451080810546876,call,2026-11-06,SPY,773.8900146484375,2026-10-09T00:23:45.651828+00:00
809.0,0.95,0.98,0.88,76.0,535.0,0.11408356628417969,call,2026-11-06,SPY,773.8900146484375,2026-10-09T00:23:45.651828+00:00
810.0,0.86,0.89,0.83,380.0,4178.0,0.1137783935546875,call,2026-11-06,SPY,773.8900146484375,2026-10-09T00:23:45.651828+00:00
811.0,0.78,0.81,0.79,430.0,494.0,0.11353425537109374,call,2026-11-06,SPY,773.8900146484375,2026-10-09T00:23:45.651828+00:00
812.0,0.71,0.74,0.62,7.0,200.0,0.11341218627929686,call,2026-11-06,SPY,773.8900146484375,2026-10-09T00:23:45.651828+00:00
813.0,0.64,0.67,0.59,9.0,145.0,0.11316804809570313,call,2026-11-06,SPY,773.8900146484375,2026-10-09T00:23:45.651828+00:00
814.0,0.58,0.61,0.53,81.0,120.0,0.11304597900390626,call,2026-11-06,SPY,773.8900146484375,2026-10-09T00:23:45.651828+00:00
815.0,0.53,0.55,0.54,379.0,1162.0,0.11274080627441406,call,2026-11-06,SPY,773.8900146484375,2026-10-09T00:23:45.651828+00:00
820.0,0.33,0.36,0.35,287.0,405.0,0.11365632446289062,call,2026-11-06,SPY,773.8900146484375,2026-10-09T00:23:45.651828+00:00
825.0,0.21,0.23,0.2,131.0,446.0,0.11438873901367189,call,2026-11-06,SPY,773.8900146484375,2026-10-09T00:23:45.651828+00:00
830.0,0.14,0.16,0.14,17.0,117.0,0.11683012084960936,call,2026-11-06,SPY,773.8900146484375,2026-10-09T00:23:45.651828+00:00
835.0,0.1,0.12,0.1,31.0,206.0,0.12037012451171875,call,2026-11-06,SPY,773.8900146484375,2026-10-09T00:23:45.651828+00:00
840.0,0.07,0.08,0.08,70.0,55.0,0.12207909179687501,call,2026-11-06,SPY,773.8900146484375,2026-10-09T00:23:45.651828+00:00
845.0,0.05,0.06,0.05,15.0,25.0,0.12549702636718751,call,2026-11-06,SPY,773.8900146484375,2026-10-09T00:23:45.651828+00:00
850.0,0.04,0.06,0.05,34.0,214.0,0.132821171875,call,2026-11-06,SPY,773.8900146484375,2026-10-09T00:23:45.651828+00:00
855.0,0.03,0.05,0.11,2.0,48.0,0.13721565917968753,call,2026-11-06,SPY,773.8900146484375,2026-10-09T00:23:45.651828+00:00
860.0,0.02,0.03,0.04,3.0,50.0,0.13672738281250002,call,2026-11-06,SPY,773.8900146484375,2026-10-09T00:23:45.651828+00:00
865.0,0.02,0.03,0.03,4.0,50.0,0.143563251953125,call,2026-11-06,SPY,773.8900146484375,2026-10-09T00:23:45.651828+00:00
870.0,0.01,0.03,0.06,3.0,50.0,0.15039912109375003,call,2026-11-06,SPY,773.8900146484375,2026-10-09T00:23:45.651828+00:00
875.0,0.01,0.03,0.04,9.0,61.0,0.157234990234375,call,2026-11-06,SPY,773.8900146484375,2026-10-09T00:23:45.651828+00:00
880.0,0.01,0.02,0.02,10.0,245.0,0.157234990234375,call,2026-11-06,SPY,773.8900146484375,2026-10-09T00:23:45.651828+00:00
885.0,0.01,0.02,0.03,48.0,110.0,0.16407085937500002,call,2026-11-06,SPY,773.8900146484375,2026-10-09T00:23:45.651828+00:00
890.0,0.01,0.02,0.02,1.0,14.0,0.16993017578125003,call,2026-11-06,SPY,773.8900146484375,2026-10-09T00:23:45.651828+00:00
895.0,0.0,0.02,0.03,,10.0,0.1757894921875,call,2026-11-06,SPY,773.8900146484375,2026-10-09T00:23:45.651828+00:00
900.0,0.0,0.02,0.03,1.0,3.0,0.18164880859375,call,2026-11-06,SPY,773.8900146484375,2026-10-09T00:23:45.651828+00:00
905.0,0.0,0.01,0.02,40.0,15.0,0.17774259765625,call,2026-11-06,SPY,773.8900146484375,2026-10-09T00:23:45.651828+00:00
910.0,,,0.02,,,0.0,call,2026-11-06,SPY,773.8900146484375,2026-10-09T00:23:45.651828+00:00
920.0,,,0.01,,,0.0,call,2026-11-06,SPY,773.8900146484375,2026-10-09T00:23:45.651828+00:00
500.0,0.06,0.07,0.07,86.0,352.0,0.5468795312500001,put,2026-11-06,SPY,773.8900146484375,2026-10-09T00:23:45.651828+00:00
510.0,0.06,0.08,0.07,2.0,7.0,0.5273484765625001,put,2026-11-06,SPY,773.8900146484375,2026-10-09T00:23:45.651828+00:00
525.0,0.08,0.1,0.09,1.0,16.0,0.50586431640625,put,2026-11-06,SPY,773.8900146484375,2026-10-09T00:23:45.651828+00:00
530.0,0.08,0.1,0.1,11.0,22.0,0.500005,put,2026-11-06,SPY,773.8900146484375,2026-10-09T00:23:45.651828+00:00
535.0,0.09,0.11,0.12,1.0,2.0,0.4931691308593751,put,2026-11-06,SPY,773.8900146484375,2026-10-09T00:23:45.651828+00:00
540.0,0.1,0.11,0.1,1.0,25.0,0.48242705078125003,put,2026-11-06,SPY,773.8900146484375,2026-10-09T00:23:45.651828+00:00
545.0,0.1,0.12,0.14,150.0,400.0,0.47559118164062497,put,2026-11-06,SPY,773.8900146484375,2026-10-09T00:23:45.651828+00:00
550.0,0.11,0.13,0.12,9.0,218.0,0.467778759765625,put,2026-11-06,SPY,773.8900146484375,2026-10-09T00:23:45.651828+00:00
555.0,0.12,0.14,0.12,3.0,153.0,0.46045461425781253,put,2026-11-06,SPY,773.8900146484375,2026-10-09T00:23:45.651828+00:00
560.0,0.13,0.15,0.15,2.0,10.0,0.45264219238281256,put,2026-11-06,SPY,773.8900146484375,2026-10-09T00:23:45.651828+00:00
565.0,0.14,0.15,0.15,30.0,77.0,0.4414118359375,put,2026-11-06,SPY,773.8900146484375,2026-10-09T00:23:45.651828+00:00
570.0,0.15,0.16,0.16,16.0,20.0,0.4331111376953125,put,2026-11-06,SPY,773.8900146484375,2026-10-09T00:23:45.651828+00:00
575.0,0.16,0.18,0.17,1.0,156.0,0.42774009765625004,put,2026-11-06,SPY,773.8900146484375,2026-10-09T00:23:45.651828+00:00
580.0,0.17,0.18,0.2,1.0,25.0,0.4165097412109374,put,2026-11-06,SPY,773.8900146484375,2026-10-09T00:23:45.651828+00:00
585.0,0.18,0.2,0.18,6.0,38.0,0.4106504248046875,put,2026-11-06,SPY,773.8900146484375,2026-10-09T00:23:45.651828+00:00
590.0,0.19,0.21,0.21,16.0,28.0,0.4018614501953125,put,2026-11-06,SPY,773.8900146484375,2026-10-09T00:23:45.651828+00:00
595.0,0.2,0.22,0.2,2.0,7.0,0.39258419921875,put,2026-11-06,SPY,773.8900146484375,2026-10-09T00:23:45.651828+00:00
600.0,0.22,0.24,0.25,18.0,2060.0,0.3857483300781249,put,2026-11-06,SPY,773.8900146484375,2026-10-09T00:23:45.651828+00:00
605.0,0.23,0.25,0.22,4.0,26.0,0.3764710791015625,put,2026-11-06,SPY,773.8900146484375,2026-10-09T00:23:45.651828+00:00
610.0,0.25,0.27,0.27,1.0,85.0,0.36890279541015625,put,2026-11-06,SPY,773.8900146484375,2026-10-09T00:23:45.651828+00:00
615.0,0.27,0.28,0.31,1.0,566.0,0.35938140625,put,2026-11-06,SPY,773.8900146484375,2026-10-09T00:23:45.651828+00:00
620.0,0.28,0.3,0.31,1.0,144.0,0.35156898437499995,put,2026-11-06,SPY,773.8900146484375,2026-10-09T00:23:45.651828+00:00
625.0,0.31,0.32,0.33,1.0,807.0,0.34326828613281246,put,2026-11-06,SPY,773.8900146484375,2026-10-09T00:23:45.651828+00:00
630.0,0.32,0.34,0.33,1.0,443.0,0.3347234497070312,put,2026-11-06,SPY,773.8900146484375,2026-10-09T00:23:45.651828+00:00
635.0,0.35,0.37,0.36,4.0,943.0,0.32739930419921875,put,2026-11-06,SPY,773.8900146484375,2026-10-09T00:23:45.651828+00:00
640.0,0.37,0.39,0.46,4.0,364.0,0.3186103295898437,put,2026-11-06,SPY,773.8900146484375,2026-10-09T00:23:45.651828+00:00
645.0,0.4,0.42,0.42,375.0,5245.0,0.31055376953124997,put,2026-11-06,SPY,773.8900146484375,2026-10-09T00:23:45.651828+00:00
650.0,0.43,0.44,0.47,4.0,8136.0,0.3012765185546875,put,2026-11-06,SPY,773.8900146484375,2026-10-09T00:23:45.651828+00:00
655.0,0.46,0.48,0.4,7.0,352.0,0.2937082348632812,put,2026-11-06,SPY,773.8900146484375,2026-10-09T00:23:45.651828+00:00
660.0,0.49,0.51,0.51,6.0,644.0,0.2849192602539062,put,2026-11-06,SPY,773.8900146484375,2026-10-09T00:23:45.651828+00:00
665.0,0.53,0.55,0.53,16.0,591.0,0.27674063110351554,put,2026-11-06,SPY,773.8900146484375,2026-10-09T00:23:45.651828+00:00
670.0,0.57,0.59,0.59,65.0,356.0,0.26819579467773436,put,2026-11-06,SPY,773.8900146484375,2026-10-09T00:23:45.651828+00:00
675.0,0.62,0.64,0.75,62.0,1081.0,0.2601392346191406,put,2026-11-06,SPY,773.8900146484375,2026-10-09T00:23:45.651828+00:00
680.0,0.67,0.69,0.71,67.0,924.0,0.2515943981933594,put,2026-11-06,SPY,773.8900146484375,2026-10-09T00:23:45.651828+00:00
685.0,0.73,0.75,0.75,216.0,1342.0,0.24329369995117187,put,2026-11-06,SPY,773.8900146484375,2026-10-09T00:23:45.651828+00:00
690.0,0.8,0.83,0.83,71.0,685.0,0.2357254162597656,put,2026-11-06,SPY,773.8900146484375,2026-10-09T00:23:45.651828+00:00
695.0,0.89,0.91,0.94,76.0,713.0,0.22760782165527343,put,2026-11-06,SPY,773.8900146484375,2026-10-09T00:23:45.651828+00:00
700.0,0.98,1.01,1.01,198.0,8883.0,0.21985643432617186,put,2026-11-06,SPY,773.8900146484375,2026-10-09T00:23:45.651828+00:00
705.0,1.09,1.12,1.1,149.0,1208.0,0.21186090881347652,put,2026-11-06,SPY,773.8900146484375,2026-10-09T00:23:45.651828+00:00
710.0,1.23,1.25,1.25,95.0,3565.0,0.2039874523925781,put,2026-11-06,SPY,773.8900146484375,2026-10-09T00:23:45.651828+00:00
715.0,1.39,1.42,1.46,496.0,525.0,0.19672434143066403,put,2026-11-06,SPY,773.8900146484375,2026-10-09T00:23:45.651828+00:00
716.0,1.42,1.46,1.26,21.0,94.0,0.19538158142089845,put,2026-11-06,SPY,773.8900146484375,2026-10-09T00:23:45.651828+00:00
717.0,1.46,1.49,1.43,9.0,62.0,0.19361157958984376,put,2026-11-06,SPY,773.8900146484375,2026-10-09T00:23:45.651828+00:00
718.0,1.5,1.53,1.63,182.0,186.0,0.19214675048828128,put,2026-11-06,SPY,773.8900146484375,2026-10-09T00:23:45.651828+00:00
719.0,1.54,1.57,1.61,67.0,51.0,0.19068192138671874,put,2026-11-06,SPY,773.8900146484375,2026-10-09T00:23:45.651828+00:00
720.0,1.58,1.61,1.63,792.0,669.0,0.1891560577392578,put,2026-11-06,SPY,773.8900146484375,2026-10-09T00:23:45.651828+00:00
721.0,1.62,1.66,1.91,9.0,170.0,0.1878743322753906,put,2026-11-06,SPY,773.8900146484375,2026-10-09T00:23:45.651828+00:00
722.0,1.66,1.7,1.8,42.0,225.0,0.1862263995361328,put,2026-11-06,SPY,773.8900146484375,2026-10-09T00:23:45.651828+00:00
723.0,1.71,1.75,1.74,39.0,121.0,0.18488363952636716,put,2026-11-06,SPY,773.8900146484375,2026-10-09T00:23:45.651828+00:00
724.0,1.76,1.8,1.9,17.0,291.0,0.18341881042480468,put,2026-11-06,SPY,773.8900146484375,2026-10-09T00:23:45.651828+00:00
725.0,1.81,1.84,1.81,722.0,3440.0,0.18170984313964844,put,2026-11-06,SPY,773.8900146484375,2026-10-09T00:23:45.651828+00:00
726.0,1.87,1.9,1.89,256.0,128.0,0.18042811767578126,put,2026-11-06,SPY,773.8900146484375,2026-10-09T00:23:45.651828+00:00
727.0,1.92,1.95,2.02,16.0,297.0,0.1789022540283203,put,2026-11-06,SPY,773.8900146484375,2026-10-09T00:23:45.651828+00:00
728.0,1.97,2.01,2.5,21.0,150.0,0.17749845947265624,put,2026-11-06,SPY,773.8900146484375,2026-10-09T00:23:45.651828+00:00
729.0,2.03,2.07,2.12,5.0,301.0,0.17609466491699222,put,2026-11-06,SPY,773.8900146484375,2026-10-09T00:23:45.651828+00:00
730.0,2.09,2.13,2.11,764.0,2383.0,0.1746298358154297,put,2026-11-06,SPY,773.8900146484375,2026-10-09T00:23:45.651828+00:00
731.0,2.15,2.2,2.0,210.0,335.0,0.1733481103515625,put,2026-11-06,SPY,773.8900146484375,2026-10-09T00:23:45.651828+00:00
732.0,2.21,2.26,2.32,41.0,560.0,0.17176121215820314,put,2026-11-06,SPY,773.8900146484375,2026-10-09T00:23:45.651828+00:00
733.0,2.28,2.33,2.44,13.0,204.0,0.17035741760253909,put,2026-11-06,SPY,773.8900146484375,2026-10-09T00:23:45.651828+00:00
734.0,2.35,2.41,2.62,20.0,426.0,0.16913672668457033,put,2026-11-06,SPY,773.8900146484375,2026-10-09T00:23:45.651828+00:00
735.0,2.45,2.47,2.45,473.0,1520.0,0.16736672485351564,put,2026-11-06,SPY,773.8900146484375,2026-10-09T00:23:45.651828+00:00
736.0,2.51,2.55,2.52,24.0,182.0,0.16602396484375004,put,2026-11-06,SPY,773.8900146484375,2026-10-09T00:23:45.651828+00:00
737.0,2.59,2.64,3.38,8.0,252.0,0.16480327392578126,put,2026-11-06,SPY,773.8900146484375,2026-10-09T00:23:45.651828+00:00
738.0,2.68,2.72,2.84,257.0,210.0,0.16327741027832032,put,2026-11-06,SPY,773.8900146484375,2026-10-09T00:23:45.651828+00:00
739.0,2.76,2.81,3.08,15.0,879.0,0.1619346502685547,put,2026-11-06,SPY,773.8900146484375,2026-10-09T00:23:45.651828+00:00
740.0,2.85,2.9,3.06,175.0,2054.0,0.16050033843994144,put,2026-11-06,SPY,773.8900146484375,2026-10-09T00:23:45.651828+00:00
741.0,2.94,3.0,3.52,7.0,206.0,0.159188095703125,put,2026-11-06,SPY,773.8900146484375,2026-10-09T00:23:45.651828+00:00
742.0,3.04,3.1,3.29,9.0,646.0,0.15778430114746095,put,2026-11-06,SPY,773.8900146484375,2026-10-09T00:23:45.651828+00:00
743.0,3.15,3.21,3.34,28.0,245.0,0.15650257568359377,put,2026-11-06,SPY,773.8900146484375,2026-10-09T00:23:45.651828+00:00
744.0,3.25,3.31,3.63,8.0,356.0,0.15497671203613284,put,2026-11-06,SPY,773.8900146484375,2026-10-09T00:23:45.651828+00:00
745.0,3.36,3.41,3.43,996.0,555.0,0.15335929656982422,put,2026-11-06,SPY,773.8900146484375,2026-10-09T00:23:45.651828+00:00
746.0,3.48,3.54,3.89,21.0,335.0,0.15219964019775395,put,2026-11-06,SPY,773.8900146484375,2026-10-09T00:23:45.651828+00:00
747.0,3.61,3.66,3.98,53.0,226.0,0.15076532836914067,put,2026-11-06,SPY,773.8900146484375,2026-10-09T00:23:45.651828+00:00
748.0,3.73,3.78,3.88,54.0,526.0,0.14926998199462893,put,2026-11-06,SPY,773.8900146484375,2026-10-09T00:23:45.651828+00:00
749.0,3.86,3.92,4.12,19.0,150.0,0.14801877380371098,put,2026-11-06,SPY,773.8900146484375,2026-10-09T00:23:45.651828+00:00
750.0,4.0,4.05,4.01,1299.0,11359.0,0.14649291015625,put,2026-11-06,SPY,773.8900146484375,2026-10-09T00:23:45.651828+00:00
751.0,4.14,4.2,4.6,35.0,172.0,0.1452111846923828,put,2026-11-06,SPY,773.8900146484375,2026-10-09T00:23:45.651828+00:00
752.0,4.29,4.35,4.65,99.0,145.0,0.14383790740966795,put,2026-11-06,SPY,773.8900146484375,2026-10-09T00:23:45.651828+00:00
753.0,4.44,4.51,4.67,52.0,518.0,0.14249514739990232,put,2026-11-06,SPY,773.8900146484375,2026-10-09T00:23:45.651828+00:00
754.0,4.61,4.66,4.9,63.0,131.0,0.14093876647949222,put,2026-11-06,SPY,773.8900146484375,2026-10-09T00:23:45.651828+00:00
755.0,4.78,4.83,4.87,231.0,776.0,0.13953497192382813,put,2026-11-06,SPY,773.8900146484375,2026-10-09T00:23:45.651828+00:00
756.0,4.95,5.02,4.96,77.0,175.0,0.13834479827880858,put,2026-11-06,SPY,773.8900146484375,2026-10-09T00:23:45.651828+00:00
757.0,5.13,5.19,5.6,26.0,344.0,0.13675790008544925,put,2026-11-06,SPY,773.8900146484375,2026-10-09T00:23:45.651828+00:00
758.0,5.32,5.39,5.53,27.0,628.0,0.13547617462158207,put,2026-11-06,SPY,773.8900146484375,2026-10-09T00:23:45.651828+00:00
759.0,5.52,5.59,6.19,42.0,233.0,0.13407238006591798,put,2026-11-06,SPY,773.8900146484375,2026-10-09T00:23:45.651828+00:00
760.0,5.74,5.79,5.75,1673.0,1685.0,0.13257703369140628,put,2026-11-06,SPY,773.8900146484375,2026-10-09T00:23:45.651828+00:00
761.0,5.95,6.02,6.52,88.0,556.0,0.13132582550048827,put,2026-11-06,SPY,773.8900146484375,2026-10-09T00:23:45.651828+00:00
762.0,6.17,6.25,6.7,348.0,1679.0,0.12996780685424802,put,2026-11-06,SPY,773.8900146484375,2026-10-09T00:23:45.651828+00:00
763.0,6.4,6.47,6.82,91.0,482.0,0.12836565002441402,put,2026-11-06,SPY,773.8900146484375,2026-10-09T00:23:45.651828+00:00
764.0,6.66,6.72,7.05,348.0,309.0,0.12699237274169922,put,2026-11-06,SPY,773.8900146484375,2026-10-09T00:23:45.651828+00:00
765.0,6.91,6.99,7.03,800.0,1922.0,0.12574116455078127,put,2026-11-06,SPY,773.8900146484375,2026-10-09T00:23:45.651828+00:00
766.0,7.17,7.25,7.42,102.0,208.0,0.12423055953979492,put,2026-11-06,SPY,773.8900146484375,2026-10-09T00:23:45.651828+00:00
767.0,7.46,7.54,7.88,100.0,694.0,0.12293357543945313,put,2026-11-06,SPY,773.8900146484375,2026-10-09T00:23:45.651828+00:00
768.0,7.76,7.82,8.08,279.0,642.0,0.12137719451904297,put,2026-11-06,SPY,773.8900146484375,2026-10-09T00:23:45.651828+00:00
769.0,8.05,8.13,8.18,511.0,247.0,0.12003443450927734,put,2026-11-06,SPY,773.8900146484375,2026-10-09T00:23:45.651828+00:00
770.0,8.38,8.45,8.38,722.0,1072.0,0.1186458985900879,put,2026-11-06,SPY,773.8900146484375,2026-10-09T00:23:45.651828+00:00
771.0,8.7,8.78,9.04,70.0,245.0,0.11721158676147461,put,2026-11-06,SPY,773.8900146484375,2026-10-09T00:23:45.651828+00:00
772.0,9.05,9.13,9.64,306.0,316.0,0.11583830947875975,put,2026-11-06,SPY,773.8900146484375,2026-10-09T00:23:45.651828+00:00
773.0,9.4,9.49,9.5,397.0,178.0,0.11441925628662111,put,2026-11-06,SPY,773.8900146484375,2026-10-09T00:23:45.651828+00:00
774.0,9.75,9.87,10.0,358.0,365.0,0.11304597900390626,put,2026-11-06,SPY,773.8900146484375,2026-10-09T00:23:45.651828+00:00
775.0,10.14,10.27,10.2,319.0,1317.0,0.11171847763061524,put,2026-11-06,SPY,773.8900146484375,2026-10-09T00:23:45.651828+00:00
776.0,10.54,10.67,10.95,653.0,433.0,0.11020787261962889,put,2026-11-06,SPY,773.8900146484375,2026-10-09T00:23:45.651828+00:00
777.0,10.96,11.09,10.95,35.0,930.0,0.1087125262451172,put,2026-11-06,SPY,773.8900146484375,2026-10-09T00:23:45.651828+00:00
778.0,11.4,11.53,12.48,208.0,284.0,0.10724769714355468,put,2026-11-06,SPY,773.8900146484375,2026-10-09T00:23:45.651828+00:00
779.0,11.86,11.99,12.44,433.0,921.0,0.10581338531494139,put,2026-11-06,SPY,773.8900146484375,2026-10-09T00:23:45.651828+00:00
780.0,12.33,12.47,12.55,189.0,655.0,0.1043790734863281,put,2026-11-06,SPY,773.8900146484375,2026-10-09T00:23:45.651828+00:00
781.0,12.82,13.15,13.08,23.0,451.0,0.10511148803710937,put,2026-11-06,SPY,773.8900146484375,2026-10-09T00:23:45.651828+00:00
782.0,13.33,13.61,13.39,23.0,609.0,0.10300579620361328,put,2026-11-06,SPY,773.8900146484375,2026-10-09T00:23:45.651828+00:00
783.0,13.86,14.1,14.06,16.0,223.0,0.10096113891601563,put,2026-11-06,SPY,773.8900146484375,2026-10-09T00:23:45.651828+00:00
784.0,14.39,14.59,13.85,2.0,22.0,0.09867234344482423,put,2026-11-06,SPY,773.8900146484375,2026-10-09T00:23:45.651828+00:00
785.0,14.98,15.38,14.96,30.0,60.0,0.0999235516357422,put,2026-11-06,SPY,773.8900146484375,2026-10-09T00:23:45.651828+00:00
786.0,15.53,15.75,20.79,2.0,2.0,0.09545277114868164,put,2026-11-06,SPY,773.8900146484375,2026-10-09T00:23:45.651828+00:00
787.0,15.94,16.62,17.05,5.0,8.0,0.09739061798095702,put,2026-11-06,SPY,773.8900146484375,2026-10-09T00:23:45.651828+00:00
790.0,17.49,18.56,20.29,62.0,90.0,0.09238578521728515,put,2026-11-06,SPY,773.8900146484375,2026-10-09T00:23:45.651828+00:00
795.0,21.07,22.06,22.01,81.0,97.0,0.07966008239746095,put,2026-11-06,SPY,773.8900146484375,2026-10-09T00:23:45.651828+00:00
796.0,21.86,24.07,22.39,80.0,80.0,0.10282269256591797,put,2026-11-06,SPY,773.8900146484375,2026-10-09T00:23:45.651828+00:00
800.0,24.8,27.46,28.6,3.0,21.0,0.10193769165039063,put,2026-11-06,SPY,773.8900146484375,2026-10-09T00:23:45.651828+00:00
806.0,30.31,33.04,35.14,1.0,0.0,0.10682045532226564,put,2026-11-06,SPY,773.8900146484375,2026-10-09T00:23:45.651828+00:00
811.0,35.3,38.04,37.19,1.0,1.0,0.11872219177246093,put,2026-11-06,SPY,773.8900146484375,2026-10-09T00:23:45.651828+00:00
812.0,36.31,39.03,37.5,1.0,0.0,0.12073633178710938,put,2026-11-06,SPY,773.8900146484375,2026-10-09T00:23:45.651828+00:00
475.0,0.0,0.0,292.06,2.0,0.0,1.0000000000000003e-05,call,2026-11-30,SPY,773.8900146484375,2026-10-09T00:23:45.651828+00:00
480.0,296.07,298.8,293.6,29.0,29.0,0.7548242291259766,call,2026-11-30,SPY,773.8900146484375,2026-10-09T00:23:45.651828+00:00
485.0,0.0,0.0,282.21,,0.0,1.0000000000000003e-05,call,2026-11-30,SPY,773.8900146484375,2026-10-09T00:23:45.651828+00:00
495.0,,,280.67,,,0.0,call,2026-11-30,SPY,773.8900146484375,2026-10-09T00:23:45.651828+00:00
500.0,276.24,278.99,276.64,1.0,2.0,0.7070952142333984,call,2026-11-30,SPY,773.8900146484375,2026-10-09T00:23:45.651828+00:00
520.0,256.42,259.15,247.31,2.0,8.0,0.6597934411621094,call,2026-11-30,SPY,773.8900146484375,2026-10-09T00:23:45.651828+00:00
545.0,231.66,234.38,221.76,27.0,31.0,0.6024820025634767,call,2026-11-30,SPY,773.8900146484375,2026-10-09T00:23:45.651828+00:00
550.0,226.71,229.46,219.78,2.0,4.0,0.5916788879394532,call,2026-11-30,SPY,773.8900146484375,2026-10-09T00:23:45.651828+00:00
555.0,221.76,224.49,207.07,4.0,5.0,0.5801433587646485,call,2026-11-30,SPY,773.8900146484375,2026-10-09T00:23:45.651828+00:00
560.0,216.82,219.54,221.28,1.0,4.0,0.5690961059570312,call,2026-11-30,SPY,773.8900146484375,2026-10-09T00:23:45.651828+00:00
570.0,198.5,201.64,187.96,2.0,1.0,1.0000000000000003e-05,call,2026-11-30,SPY,773.8900146484375,2026-10-09T00:23:45.651828+00:00
575.0,201.98,204.71,195.77,1.0,2.0,0.5360153820800782,call,2026-11-30,SPY,773.8900146484375,2026-10-09T00:23:45.651828+00:00
580.0,197.04,199.77,183.04,4.0,15.0,0.525120715637207,call,2026-11-30,SPY,773.8900146484375,2026-10-09T00:23:45.651828+00:00
584.0,193.09,195.84,188.53,11.0,11.0,0.5167895001220704,call,2026-11-30,SPY,773.8900146484375,2026-10-09T00:23:45.651828+00:00
585.0,192.1,194.82,184.84,1.0,8.0,0.5141039801025391,call,2026-11-30,SPY,773.8900146484375,2026-10-09T00:23:45.651828+00:00
590.0,0.0,0.0,178.49,,0.0,1.0000000000000003e-05,call,2026-11-30,SPY,773.8900146484375,2026-10-09T00:23:45.651828+00:00
591.0,186.18,188.9,172.3,,4.0,0.5012867254638673,call,2026-11-30,SPY,773.8900146484375,2026-10-09T00:23:45.651828+00:00
592.0,185.19,187.91,185.08,1.0,1.0,0.5327195166015625,call,2026-11-30,SPY,773.8900146484375,2026-10-09T00:23:45.651828+00:00
595.0,174.22,177.37,165.59,1.0,2.0,1.0000000000000003e-05,call,2026-11-30,SPY,773.8900146484375,2026-10-09T00:23:45.651828+00:00
598.0,179.27,181.99,170.16,,1.0,0.518986743774414,call,2026-11-30,SPY,773.8900146484375,2026-10-09T00:23:45.651828+00:00
600.0,177.29,180.02,170.18,10.0,21.0,0.5144701873779296,call,2026-11-30,SPY,773.8900146484375,2026-10-09T00:23:45.651828+00:00
605.0,172.36,175.09,163.58,1.0,8.0,0.5031177618408205,call,2026-11-30,SPY,773.8900146484375,2026-10-09T00:23:45.651828+00:00
609.0,168.42,171.15,165.18,2.0,15.0,0.49408464904785165,call,2026-11-30,SPY,773.8900146484375,2026-10-09T00:23:45.651828+00:00
610.0,0.0,0.0,171.85,,0.0,1.0000000000000003e-05,call,2026-11-30,SPY,773.8900146484375,2026-10-09T00:23:45.651828+00:00
615.0,162.5,165.23,153.0,2.0,4.0,0.48032135894775385,call,2026-11-30,SPY,773.8900146484375,2026-10-09T00:23:45.651828+00:00
617.0,160.54,163.26,157.43,,0.0,0.47580480255126956,call,2026-11-30,SPY,773.8900146484375,2026-10-09T00:23:45.651828+00:00
620.0,157.58,160.31,148.74,1.0,12.0,0.4691215197753906,call,2026-11-30,SPY,773.8900146484375,2026-10-09T00:23:45.651828+00:00
622.0,155.61,158.36,154.99,,1.0,0.4650322052001954,call,2026-11-30,SPY,773.8900146484375,2026-10-09T00:23:45.651828+00:00
625.0,152.66,155.39,143.07,1.0,1.0,0.4579216806030274,call,2026-11-30,SPY,773.8900146484375,2026-10-09T00:23:45.651828+00:00
630.0,147.74,150.49,143.0,2.0,5.0,0.4470880487060547,call,2026-11-30,SPY,773.8900146484375,2026-10-09T00:23:45.651828+00:00
635.0,142.83,145.56,125.42,1.0,3.0,0.4356135540771484,call,2026-11-30,SPY,773.8900146484375,2026-10-09T00:23:45.651828+00:00
637.0,140.87,143.59,124.99,,1.0,0.4310664804077149,call,2026-11-30,SPY,773.8900146484375,2026-10-09T00:23:45.651828+00:00
640.0,138.13,139.99,134.9,1.0,165.0,0.4119321502685547,call,2026-11-30,SPY,773.8900146484375,2026-10-09T00:23:45.651828+00:00
645.0,129.7,133.22,114.62,1.0,16.0,0.36304347900390627,call,2026-11-30,SPY,773.8900146484375,2026-10-09T00:23:45.651828+00:00
650.0,128.12,130.84,129.66,3.0,17.0,0.4023497265625,call,2026-11-30,SPY,773.8900146484375,2026-10-09T00:23:45.651828+00:00
655.0,123.77,125.34,115.25,2.0,855.0,0.3807129800415039,call,2026-11-30,SPY,773.8900146484375,2026-10-09T00:23:45.651828+00:00
658.0,120.3,123.02,110.35,,23.0,0.38495488098144526,call,2026-11-30,SPY,773.8900146484375,2026-10-09T00:23:45.651828+00:00
659.0,,,119.2,,,0.0,call,2026-11-30,SPY,773.8900146484375,2026-10-09T00:23:45.651828+00:00
660.0,118.89,120.42,111.19,1.0,981.0,0.36948262359619144,call,2026-11-30,SPY,773.8900146484375,2026-10-09T00:23:45.651828+00:00
665.0,114.03,115.58,116.02,8.0,1606.0,0.3595950271606445,call,2026-11-30,SPY,773.8900146484375,2026-10-09T00:23:45.651828+00:00
666.0,112.5,115.25,108.83,1.0,2.0,0.36817038085937503,call,2026-11-30,SPY,773.8900146484375,2026-10-09T00:23:45.651828+00:00
668.0,110.55,113.27,107.57,,1.0,0.36331813446044925,call,2026-11-30,SPY,773.8900146484375,2026-10-09T00:23:45.651828+00:00
670.0,109.17,110.71,95.5,86.0,1377.0,0.34906656799316405,call,2026-11-30,SPY,773.8900146484375,2026-10-09T00:23:45.651828+00:00
672.0,100.95,104.14,95.99,2.0,1.0,0.25287612365722656,call,2026-11-30,SPY,773.8900146484375,2026-10-09T00:23:45.651828+00:00
673.0,106.26,107.74,108.76,16.0,332.0,0.34192552612304683,call,2026-11-30,SPY,773.8900146484375,2026-10-09T00:23:45.651828+00:00
674.0,105.29,106.81,108.42,2.0,108.0,0.34049121429443363,call,2026-11-30,SPY,773.8900146484375,2026-10-09T00:23:45.651828+00:00
675.0,104.3,105.78,97.93,1.0,209.0,0.337470004272461,call,2026-11-30,SPY,773.8900146484375,2026-10-09T00:23:45.651828+00:00
676.0,0.0,0.0,102.32,16.0,0.0,1.0000000000000003e-05,call,2026-11-30,SPY,773.8900146484375,2026-10-09T00:23:45.651828+00:00
677.0,93.89,97.25,76.73,,1.0,0.1682212084960938,call,2026-11-30,SPY,773.8900146484375,2026-10-09T00:23:45.651828+00:00
678.0,101.04,102.95,99.25,1.0,127.0,0.3324956887817383,call,2026-11-30,SPY,773.8900146484375,2026-10-09T00:23:45.651828+00:00
679.0,100.45,101.93,83.94,4.0,110.0,0.3296270651245117,call,2026-11-30,SPY,773.8900146484375,2026-10-09T00:23:45.651828+00:00
680.0,98.91,101.63,100.11,51.0,95.0,0.33777517700195314,call,2026-11-30,SPY,773.8900146484375,2026-10-09T00:23:45.651828+00:00
681.0,97.94,100.67,88.14,2.0,32.0,0.33576103698730464,call,2026-11-30,SPY,773.8900146484375,2026-10-09T00:23:45.651828+00:00
682.0,0.0,0.0,94.15,8.0,0.0,1.0000000000000003e-05,call,2026-11-30,SPY,773.8900146484375,2026-10-09T00:23:45.651828+00:00
683.0,96.01,98.73,92.5,4.0,40.0,0.3314275842285156,call,2026-11-30,SPY,773.8900146484375,2026-10-09T00:23:45.651828+00:00
684.0,0.0,0.0,94.14,56.0,0.0,1.0000000000000003e-05,call,2026-11-30,SPY,773.8900146484375,2026-10-09T00:23:45.651828+00:00
685.0,94.09,96.81,84.15,1.0,28.0,0.32733826965332036,call,2026-11-30,SPY,773.8900146484375,2026-10-09T00:23:45.651828+00:00
686.0,0.0,0.0,92.47,4.0,0.0,1.0000000000000003e-05,call,2026-11-30,SPY,773.8900146484375,2026-10-09T00:23:45.651828+00:00
687.0,0.0,0.0,93.54,19.0,0.0,1.0000000000000003e-05,call,2026-11-30,SPY,773.8900146484375,2026-10-09T00:23:45.651828+00:00
688.0,91.2,93.93,82.79,1.0,33.0,0.3212042977905273,call,2026-11-30,SPY,773.8900146484375,2026-10-09T00:23:45.651828+00:00
689.0,0.0,0.0,89.79,14.0,0.0,1.0000000000000003e-05,call,2026-11-30,SPY,773.8900146484375,2026-10-09T00:23:45.651828+00:00
690.0,89.28,92.03,86.51,1.0,30.0,0.3173286041259765,call,2026-11-30,SPY,773.8900146484375,2026-10-09T00:23:45.651828+00:00
691.0,88.32,91.05,77.9,3.0,52.0,0.31497877410888664,call,2026-11-30,SPY,773.8900146484375,2026-10-09T00:23:45.651828+00:00
692.0,0.0,0.0,90.51,4.0,0.0,1.0000000000000003e-05,call,2026-11-30,SPY,773.8900146484375,2026-10-09T00:23:45.651828+00:00
693.0,86.61,88.54,83.74,1.0,197.0,0.302466692199707,call,2026-11-30,SPY,773.8900146484375,2026-10-09T00:23:45.651828+00:00
694.0,85.45,88.2,83.53,4.0,14.0,0.3090889404296875,call,2026-11-30,SPY,773.8900146484375,2026-10-09T00:23:45.651828+00:00
695.0,84.5,87.21,77.01,1.0,17.0,0.30655600677490236,call,2026-11-30,SPY,773.8900146484375,2026-10-09T00:23:45.651828+00:00
696.0,83.73,85.65,80.14,3.0,102.0,0.29614961669921874,call,2026-11-30,SPY,773.8900146484375,2026-10-09T00:23:45.651828+00:00
697.0,82.59,85.31,83.26,1.0,21.0,0.3025887612915039,call,2026-11-30,SPY,773.8900146484375,2026-10-09T00:23:45.651828+00:00
698.0,81.63,84.36,74.68,3.0,17.0,0.3005746212768554,call,2026-11-30,SPY,773.8900146484375,2026-10-09T00:23:45.651828+00:00
699.0,80.68,83.41,79.09,1.0,127.0,0.298560481262207,call,2026-11-30,SPY,773.8900146484375,2026-10-09T00:23:45.651828+00:00
700.0,79.73,82.22,81.38,4.0,313.0,0.2933420275878905,call,2026-11-30,SPY,773.8900146484375,2026-10-09T00:23:45.651828+00:00
701.0,78.78,81.5,69.15,3.0,21.0,0.294379614868164,call,2026-11-30,SPY,773.8900146484375,2026-10-09T00:23:45.651828+00:00
702.0,0.0,0.0,84.69,24.0,0.0,1.0000000000000003e-05,call,2026-11-30,SPY,773.8900146484375,2026-10-09T00:23:45.651828+00:00
703.0,76.89,79.64,74.17,4.0,23.0,0.2908090939331054,call,2026-11-30,SPY,773.8900146484375,2026-10-09T00:23:45.651828+00:00
704.0,0.0,0.0,78.88,1.0,0.0,1.0000000000000003e-05,call,2026-11-30,SPY,773.8900146484375,2026-10-09T00:23:45.651828+00:00
705.0,74.99,77.72,68.12,1.0,278.0,0.28639934799194333,call,2026-11-30,SPY,773.8900146484375,2026-10-09T00:23:45.651828+00:00
706.0,75.2,75.74,71.13,1.0,41.0,0.27094234924316407,call,2026-11-30,SPY,773.8900146484375,2026-10-09T00:23:45.651828+00:00
707.0,74.26,74.79,67.64,3.0,42.0,0.26892820922851557,call,2026-11-30,SPY,773.8900146484375,2026-10-09T00:23:45.651828+00:00
708.0,73.32,73.85,69.75,4.0,12.0,0.2670361383056641,call,2026-11-30,SPY,773.8900146484375,2026-10-09T00:23:45.651828+00:00
709.0,72.35,72.91,68.26,1.0,22.0,0.2651440673828125,call,2026-11-30,SPY,773.8900146484375,2026-10-09T00:23:45.651828+00:00
710.0,71.45,71.97,61.27,1.0,106.0,0.2632214791870118,call,2026-11-30,SPY,773.8900146484375,2026-10-09T00:23:45.651828+00:00
711.0,70.51,71.04,60.16,5.0,14.0,0.26143621871948247,call,2026-11-30,SPY,773.8900146484375,2026-10-09T00:23:45.651828+00:00
712.0,0.0,0.0,77.86,4.0,0.0,1.0000000000000003e-05,call,2026-11-30,SPY,773.8900146484375,2026-10-09T00:23:45.651828+00:00
713.0,68.63,69.17,64.91,1.0,26.0,0.2576673355102539,call,2026-11-30,SPY,773.8900146484375,2026-10-09T00:23:45.651828+00:00
714.0,67.72,68.23,63.84,1.0,11.0,0.25571423004150395,call,2026-11-30,SPY,773.8900146484375,2026-10-09T00:23:45.651828+00:00
715.0,66.79,67.3,67.65,5.0,156.0,0.2538526763916016,call,2026-11-30,SPY,773.8900146484375,2026-10-09T00:23:45.651828+00:00
716.0,65.85,66.37,59.99,2.0,157.0,0.2519911227416992,call,2026-11-30,SPY,773.8900146484375,2026-10-09T00:23:45.651828+00:00
717.0,64.92,65.45,67.72,1.0,84.0,0.2502211209106445,call,2026-11-30,SPY,773.8900146484375,2026-10-09T00:23:45.651828+00:00
718.0,64.02,64.52,56.33,1.0,59.0,0.24831379135131837,call,2026-11-30,SPY,773.8900146484375,2026-10-09T00:23:45.651828+00:00
719.0,63.09,63.6,54.34,4.0,16.0,0.24651327224731445,call,2026-11-30,SPY,773.8900146484375,2026-10-09T00:23:45.651828+00:00
720.0,62.17,62.68,67.74,1.0,401.0,0.24469749450683598,call,2026-11-30,SPY,773.8900146484375,2026-10-09T00:23:45.651828+00:00
721.0,61.26,61.76,55.79,5.0,21.0,0.24286645812988278,call,2026-11-30,SPY,773.8900146484375,2026-10-09T00:23:45.651828+00:00
722.0,60.34,60.84,51.28,1.0,25.0,0.24100490447998046,call,2026-11-30,SPY,773.8900146484375,2026-10-09T00:23:45.651828+00:00
723.0,59.43,59.92,62.78,1.0,1.0,0.2391433508300781,call,2026-11-30,SPY,773.8900146484375,2026-10-09T00:23:45.651828+00:00
724.0,58.52,59.01,49.23,4.0,175.0,0.2373733489990234,call,2026-11-30,SPY,773.8900146484375,2026-10-09T00:23:45.651828+00:00
725.0,57.61,58.1,56.54,1.0,241.0,0.2355728298950195,call,2026-11-30,SPY,773.8900146484375,2026-10-09T00:23:45.651828+00:00
726.0,56.69,57.19,62.05,2.0,215.0,0.2337723107910156,call,2026-11-30,SPY,773.8900146484375,2026-10-09T00:23:45.651828+00:00
727.0,55.82,56.28,52.82,1.0,10.0,0.23192601577758787,call,2026-11-30,SPY,773.8900146484375,2026-10-09T00:23:45.651828+00:00
728.0,54.9,55.38,53.44,5.0,230.0,0.2301865312194824,call,2026-11-30,SPY,773.8900146484375,2026-10-09T00:23:45.651828+00:00
729.0,54.0,54.47,59.34,1.0,30.0,0.22830971893310548,call,2026-11-30,SPY,773.8900146484375,2026-10-09T00:23:45.651828+00:00
730.0,53.02,53.57,53.81,11.0,666.0,0.22652445846557617,call,2026-11-30,SPY,773.8900146484375,2026-10-09T00:23:45.651828+00:00
731.0,52.12,52.68,52.89,1.0,74.0,0.2248307498168945,call,2026-11-30,SPY,773.8900146484375,2026-10-09T00:23:45.651828+00:00
732.0,51.31,51.78,40.34,30.0,351.0,0.2229997134399414,call,2026-11-30,SPY,773.8900146484375,2026-10-09T00:23:45.651828+00:00
733.0,50.43,50.89,55.84,1.0,204.0,0.22126022888183594,call,2026-11-30,SPY,773.8900146484375,2026-10-09T00:23:45.651828+00:00
734.0,49.52,50.0,47.73,10.0,44.0,0.21949022705078125,call,2026-11-30,SPY,773.8900146484375,2026-10-09T00:23:45.651828+00:00
735.0,48.65,49.12,54.25,1.0,896.0,0.21778125976562498,call,2026-11-30,SPY,773.8900146484375,2026-10-09T00:23:45.651828+00:00
736.0,47.68,48.24,47.66,1.0,275.0,0.21607229248046872,call,2026-11-30,SPY,773.8900146484375,2026-10-09T00:23:45.651828+00:00
737.0,46.88,47.36,47.54,1.0,369.0,0.21433280792236326,call,2026-11-30,SPY,773.8900146484375,2026-10-09T00:23:45.651828+00:00
738.0,46.02,46.48,41.03,2.0,93.0,0.21256280609130856,call,2026-11-30,SPY,773.8900146484375,2026-10-09T00:23:45.651828+00:00
739.0,45.05,45.61,42.52,1.0,98.0,0.21086909744262694,call,2026-11-30,SPY,773.8900146484375,2026-10-09T00:23:45.651828+00:00
740.0,44.35,44.59,44.0,9.0,556.0,0.20761900787353516,call,2026-11-30,SPY,773.8900146484375,2026-10-09T00:23:45.651828+00:00
741.0,43.43,43.87,41.61,1.0,166.0,0.207390128326416,call,2026-11-30,SPY,773.8900146484375,2026-10-09T00:23:45.651828+00:00
742.0,42.56,43.01,47.16,2.0,108.0,0.20571167831420895,call,2026-11-30,SPY,773.8900146484375,2026-10-09T00:23:45.651828+00:00
743.0,41.72,42.15,43.38,1.0,254.0,0.2039874523925781,call,2026-11-30,SPY,773.8900146484375,2026-10-09T00:23:45.651828+00:00
744.0,40.87,41.3,45.54,2.0,514.0,0.20235477828979487,call,2026-11-30,SPY,773.8900146484375,2026-10-09T00:23:45.651828+00:00
745.0,40.0,40.45,39.74,5.0,598.0,0.20067632827758786,call,2026-11-30,SPY,773.8900146484375,2026-10-09T00:23:45.651828+00:00
746.0,39.15,39.59,30.56,1.0,509.0,0.19886055053710935,call,2026-11-30,SPY,773.8900146484375,2026-10-09T00:23:45.651828+00:00
747.0,38.31,38.75,39.04,2.0,710.0,0.19721261779785154,call,2026-11-30,SPY,773.8900146484375,2026-10-09T00:23:45.651828+00:00
748.0,37.5,37.91,36.62,1.0,104.0,0.19553416778564453,call,2026-11-30,SPY,773.8900146484375,2026-10-09T00:23:45.651828+00:00
749.0,36.56,37.08,34.94,71.0,155.0,0.19390149368286136,call,2026-11-30,SPY,773.8900146484375,2026-10-09T00:23:45.651828+00:00
750.0,35.87,36.05,35.49,39.0,820.0,0.19034623138427736,call,2026-11-30,SPY,773.8900146484375,2026-10-09T00:23:45.651828+00:00
751.0,34.92,35.43,34.5,8.0,219.0,0.1906361454772949,call,2026-11-30,SPY,773.8900146484375,2026-10-09T00:23:45.651828+00:00
752.0,34.22,34.62,30.92,6.0,196.0,0.18909502319335939,call,2026-11-30,SPY,773.8900146484375,2026-10-09T00:23:45.651828+00:00
753.0,33.29,33.8,32.22,2.0,278.0,0.18740131454467773,call,2026-11-30,SPY,773.8900146484375,2026-10-09T00:23:45.651828+00:00
754.0,32.48,33.0,31.77,7.0,152.0,0.18586019226074219,call,2026-11-30,SPY,773.8900146484375,2026-10-09T00:23:45.651828+00:00
755.0,31.69,32.2,31.11,257.0,334.0,0.1842732940673828,call,2026-11-30,SPY,773.8900146484375,2026-10-09T00:23:45.651828+00:00
756.0,30.99,31.4,33.78,2.0,377.0,0.18264061996459957,call,2026-11-30,SPY,773.8900146484375,2026-10-09T00:23:45.651828+00:00
757.0,30.23,30.62,29.43,1.0,225.0,0.18116053222656248,call,2026-11-30,SPY,773.8900146484375,2026-10-09T00:23:45.651828+00:00
758.0,29.43,29.84,27.89,2.0,2051.0,0.17961940994262693,call,2026-11-30,SPY,773.8900146484375,2026-10-09T00:23:45.651828+00:00
759.0,28.68,29.06,27.87,2.0,200.0,0.1780325117492676,call,2026-11-30,SPY,773.8900146484375,2026-10-09T00:23:45.651828+00:00
760.0,27.89,28.09,27.93,245.0,2666.0,0.17470612899780275,call,2026-11-30,SPY,773.8900146484375,2026-10-09T00:23:45.651828+00:00
761.0,27.02,27.53,29.54,12.0,333.0,0.17498078445434573,call,2026-11-30,SPY,773.8900146484375,2026-10-09T00:23:45.651828+00:00
762.0,26.27,26.78,26.74,1.0,585.0,0.17350069671630858,call,2026-11-30,SPY,773.8900146484375,2026-10-09T00:23:45.651828+00:00
763.0,25.52,26.03,24.94,1.0,865.0,0.1719748330688477,call,2026-11-30,SPY,773.8900146484375,2026-10-09T00:23:45.651828+00:00
764.0,24.78,25.16,25.32,1.0,521.0,0.16935034759521483,call,2026-11-30,SPY,773.8900146484375,2026-10-09T00:23:45.651828+00:00
765.0,24.21,24.35,23.75,45.0,1200.0,0.16719887985229492,call,2026-11-30,SPY,773.8900146484375,2026-10-09T00:23:45.651828+00:00
766.0,23.41,23.84,22.93,4.0,411.0,0.1675956044006348,call,2026-11-30,SPY,773.8900146484375,2026-10-09T00:23:45.651828+00:00
767.0,22.73,23.12,24.61,7.0,334.0,0.16611551666259772,call,2026-11-30,SPY,773.8900146484375,2026-10-09T00:23:45.651828+00:00
768.0,21.92,22.42,24.18,12.0,638.0,0.1647422393798828,call,2026-11-30,SPY,773.8900146484375,2026-10-09T00:23:45.651828+00:00
769.0,21.26,21.72,20.93,27.0,415.0,0.16329266891479494,call,2026-11-30,SPY,773.8900146484375,2026-10-09T00:23:45.651828+00:00
770.0,20.7,20.82,20.68,124.0,1562.0,0.16008835525512694,call,2026-11-30,SPY,773.8900146484375,2026-10-09T00:23:45.651828+00:00
771.0,19.97,20.34,18.89,4.0,559.0,0.16040878662109376,call,2026-11-30,SPY,773.8900146484375,2026-10-09T00:23:45.651828+00:00
772.0,19.31,19.7,19.3,102.0,952.0,0.15927964752197266,call,2026-11-30,SPY,773.8900146484375,2026-10-09T00:23:45.651828+00:00
773.0,18.71,18.83,18.89,190.0,1149.0,0.15613636840820314,call,2026-11-30,SPY,773.8900146484375,2026-10-09T00:23:45.651828+00:00
774.0,18.04,18.39,17.72,180.0,512.0,0.15657886886596684,call,2026-11-30,SPY,773.8900146484375,2026-10-09T00:23:45.651828+00:00
775.0,17.43,17.52,17.49,529.0,1064.0,0.1532830033874512,call,2026-11-30,SPY,773.8900146484375,2026-10-09T00:23:45.651828+00:00
776.0,16.83,16.88,16.28,152.0,820.0,0.15187920883178713,call,2026-11-30,SPY,773.8900146484375,2026-10-09T00:23:45.651828+00:00
777.0,16.22,16.26,16.21,42.0,630.0,0.15056696609497072,call,2026-11-30,SPY,773.8900146484375,2026-10-09T00:23:45.651828+00:00
778.0,15.61,15.66,15.18,54.0,596.0,0.14934627517700194,call,2026-11-30,SPY,773.8900146484375,2026-10-09T00:23:45.651828+00:00
779.0,15.02,15.06,14.53,26.0,1518.0,0.1480492910766602,call,2026-11-30,SPY,773.8900146484375,2026-10-09T00:23:45.651828+00:00
780.0,14.44,14.48,13.98,170.0,3952.0,0.14684385879516604,call,2026-11-30,SPY,773.8900146484375,2026-10-09T00:23:45.651828+00:00
781.0,13.87,13.92,13.89,113.0,732.0,0.14571471969604488,call,2026-11-30,SPY,773.8900146484375,2026-10-09T00:23:45.651828+00:00
782.0,13.32,13.36,13.35,13.0,555.0,0.14450928741455077,call,2026-11-30,SPY,773.8900146484375,2026-10-09T00:23:45.651828+00:00
783.0,12.77,12.82,12.23,9.0,574.0,0.1433801483154297,call,2026-11-30,SPY,773.8900146484375,2026-10-09T00:23:45.651828+00:00
784.0,12.25,12.29,11.73,5.0,454.0,0.14225100921630857,call,2026-11-30,SPY,773.8900146484375,2026-10-09T00:23:45.651828+00:00
785.0,11.73,11.77,11.46,111.0,1181.0,0.14112187011718752,call,2026-11-30,SPY,773.8900146484375,2026-10-09T00:23:45.651828+00:00
786.0,11.23,11.27,10.58,83.0,633.0,0.14008428283691404,call,2026-11-30,SPY,773.8900146484375,2026-10-09T00:23:45.651828+00:00
787.0,10.74,10.78,10.44,68.0,285.0,0.13903143692016606,call,2026-11-30,SPY,773.8900146484375,2026-10-09T00:23:45.651828+00:00
788.0,10.26,10.3,9.75,13.0,347.0,0.13797859100341797,call,2026-11-30,SPY,773.8900146484375,2026-10-09T00:23:45.651828+00:00
789.0,9.8,9.83,9.81,13.0,1194.0,0.13691048645019532,call,2026-11-30,SPY,773.8900146484375,2026-10-09T00:23:45.651828+00:00
790.0,9.35,9.38,9.36,134.0,2517.0,0.13591867507934574,call,2026-11-30,SPY,773.8900146484375,2026-10-09T00:23:45.651828+00:00
791.0,8.91,8.95,8.95,21.0,527.0,0.13501841552734378,call,2026-11-30,SPY,773.8900146484375,2026-10-09T00:23:45.651828+00:00
792.0,8.49,8.52,7.87,5.0,190.0,0.13401134552001953,call,2026-11-30,SPY,773.8900146484375,2026-10-09T00:23:45.651828+00:00
793.0,8.08,8.11,7.7,47.0,663.0,0.13309582733154296,call,2026-11-30,SPY,773.8900146484375,2026-10-09T00:23:45.651828+00:00
794.0,7.68,7.72,7.46,5.0,332.0,0.13227186096191407,call,2026-11-30,SPY,773.8900146484375,2026-10-09T00:23:45.651828+00:00
795.0,7.3,7.34,7.05,138.0,1163.0,0.13141737731933595,call,2026-11-30,SPY,773.8900146484375,2026-10-09T00:23:45.651828+00:00
796.0,6.93,6.97,6.69,60.0,517.0,0.13056289367675777,call,2026-11-30,SPY,773.8900146484375,2026-10-09T00:23:45.651828+00:00
797.0,6.58,6.61,6.37,68.0,367.0,0.12970841003417968,call,2026-11-30,SPY,773.8900146484375,2026-10-09T00:23:45.651828+00:00
798.0,6.23,6.27,6.01,61.0,294.0,0.1289302195739746,call,2026-11-30,SPY,773.8900146484375,2026-10-09T00:23:45.651828+00:00
799.0,5.91,5.94,5.49,9.0,388.0,0.1281520291137695,call,2026-11-30,SPY,773.8900146484375,2026-10-09T00:23:45.651828+00:00
800.0,5.59,5.62,5.6,210.0,2686.0,0.12735858001708983,call,2026-11-30,SPY,773.8900146484375,2026-10-09T00:23:45.651828+00:00
801.0,5.29,5.32,5.08,39.0,860.0,0.1266719413757324,call,2026-11-30,SPY,773.8900146484375,2026-10-09T00:23:45.651828+00:00
802.0,5.0,5.03,4.91,15.0,1016.0,0.125985302734375,call,2026-11-30,SPY,773.8900146484375,2026-10-09T00:23:45.651828+00:00
803.0,4.72,4.75,4.36,377.0,1030.0,0.12528340545654298,call,2026-11-30,SPY,773.8900146484375,2026-10-09T00:23:45.651828+00:00
804.0,4.45,4.49,4.28,91.0,211.0,0.1247035772705078,call,2026-11-30,SPY,773.8900146484375,2026-10-09T00:23:45.651828+00:00
805.0,4.2,4.23,4.02,212.0,508.0,0.12400167999267578,call,2026-11-30,SPY,773.8900146484375,2026-10-09T00:23:45.651828+00:00
806.0,3.96,3.99,3.8,1065.0,21122.0,0.12342185180664064,call,2026-11-30,SPY,773.8900146484375,2026-10-09T00:23:45.651828+00:00
807.0,3.72,3.76,3.65,5.0,451.0,0.12285728225708009,call,2026-11-30,SPY,773.8900146484375,2026-10-09T00:23:45.651828+00:00
808.0,3.5,3.54,3.2,3.0,1444.0,0.12229271270751954,call,2026-11-30,SPY,773.8900146484375,2026-10-09T00:23:45.651828+00:00
809.0,3.3,3.33,3.0,23.0,417.0,0.1217434017944336,call,2026-11-30,SPY,773.8900146484375,2026-10-09T00:23:45.651828+00:00
810.0,3.1,3.13,3.01,76.0,900.0,0.12122460815429686,call,2026-11-30,SPY,773.8900146484375,2026-10-09T00:23:45.651828+00:00
811.0,2.91,2.94,2.77,51.0,688.0,0.12070581451416015,call,2026-11-30,SPY,773.8900146484375,2026-10-09T00:23:45.651828+00:00
812.0,2.73,2.76,2.76,175.0,1792.0,0.12021753814697264,call,2026-11-30,SPY,773.8900146484375,2026-10-09T00:23:45.651828+00:00
813.0,2.56,2.59,2.46,18.0,160.0,0.11977503768920897,call,2026-11-30,SPY,773.8900146484375,2026-10-09T00:23:45.651828+00:00
814.0,2.4,2.43,2.58,32.0,197.0,0.11936305450439452,call,2026-11-30,SPY,773.8900146484375,2026-10-09T00:23:45.651828+00:00
815.0,2.25,2.28,2.16,22.0,784.0,0.11896632995605468,call,2026-11-30,SPY,773.8900146484375,2026-10-09T00:23:45.651828+00:00
816.0,2.11,2.13,2.0,26.0,283.0,0.11847805358886719,call,2026-11-30,SPY,773.8900146484375,2026-10-09T00:23:45.651828+00:00
817.0,1.97,2.0,2.13,2.0,414.0,0.11820339813232422,call,2026-11-30,SPY,773.8900146484375,2026-10-09T00:23:45.651828+00:00
818.0,1.85,1.87,1.72,45.0,120.0,0.11780667358398436,call,2026-11-30,SPY,773.8900146484375,2026-10-09T00:23:45.651828+00:00
819.0,1.73,1.75,1.64,166.0,708.0,0.11747098358154298,call,2026-11-30,SPY,773.8900146484375,2026-10-09T00:23:45.651828+00:00
820.0,1.61,1.64,1.52,97.0,3210.0,0.11722684539794923,call,2026-11-30,SPY,773.8900146484375,2026-10-09T00:23:45.651828+00:00
825.0,1.15,1.16,1.09,73.0,1182.0,0.1157314990234375,call,2026-11-30,SPY,773.8900146484375,2026-10-09T00:23:45.651828+00:00
830.0,0.81,0.83,0.81,2671.0,3720.0,0.11518218811035157,call,2026-11-30,SPY,773.8900146484375,2026-10-09T00:23:45.651828+00:00
835.0,0.58,0.59,0.54,78.0,2222.0,0.11487701538085937,call,2026-11-30,SPY,773.8900146484375,2026-10-09T00:23:45.651828+00:00
840.0,0.42,0.43,0.39,50.0,741.0,0.11536529174804688,call,2026-11-30,SPY,773.8900146484375,2026-10-09T00:23:45.651828+00:00
845.0,0.31,0.32,0.46,326.0,648.0,0.11634184448242188,call,2026-11-30,SPY,773.8900146484375,2026-10-09T00:23:45.651828+00:00
850.0,0.23,0.24,0.22,94.0,5075.0,0.11756253540039063,call,2026-11-30,SPY,773.8900146484375,2026-10-09T00:23:45.651828+00:00
855.0,0.17,0.18,0.18,5.0,190.0,0.11890529541015624,call,2026-11-30,SPY,773.8900146484375,2026-10-09T00:23:45.651828+00:00
860.0,0.13,0.14,0.13,2.0,693.0,0.1206142626953125,call,2026-11-30,SPY,773.8900146484375,2026-10-09T00:23:45.651828+00:00
865.0,0.1,0.11,0.1,1.0,801.0,0.12256736816406251,call,2026-11-30,SPY,773.8900146484375,2026-10-09T00:23:45.651828+00:00
870.0,0.08,0.09,0.08,1.0,1194.0,0.12500875,call,2026-11-30,SPY,773.8900146484375,2026-10-09T00:23:45.651828+00:00
875.0,0.06,0.08,0.11,9.0,741.0,0.12867082275390623,call,2026-11-30,SPY,773.8900146484375,2026-10-09T00:23:45.651828+00:00
880.0,0.05,0.06,0.06,7.0,1144.0,0.129891513671875,call,2026-11-30,SPY,773.8900146484375,2026-10-09T00:23:45.651828+00:00
885.0,0.04,0.05,0.11,6.0,240.0,0.13233289550781252,call,2026-11-30,SPY,773.8900146484375,2026-10-09T00:23:45.651828+00:00
890.0,0.03,0.04,0.1,10.0,279.0,0.133797724609375,call,2026-11-30,SPY,773.8900146484375,2026-10-09T00:23:45.651828+00:00
895.0,0.03,0.04,0.03,97.0,3332.0,0.13868048828125001,call,2026-11-30,SPY,773.8900146484375,2026-10-09T00:23:45.651828+00:00
900.0,0.02,0.03,0.03,7.0,4054.0,0.139657041015625,call,2026-11-30,SPY,773.8900146484375,2026-10-09T00:23:45.651828+00:00
905.0,0.02,0.03,0.04,6.0,167.0,0.1445398046875,call,2026-11-30,SPY,773.8900146484375,2026-10-09T00:23:45.651828+00:00
910.0,0.02,0.03,0.04,48.0,310.0,0.148446015625,call,2026-11-30,SPY,773.8900146484375,2026-10-09T00:23:45.651828+00:00
915.0,0.01,0.02,0.04,108.0,556.0,0.148446015625,call,2026-11-30,SPY,773.8900146484375,2026-10-09T00:23:45.651828+00:00
920.0,0.01,0.02,0.02,6.0,746.0,0.15235222656250003,call,2026-11-30,SPY,773.8900146484375,2026-10-09T00:23:45.651828+00:00
475.0,0.16,0.17,0.15,26.0,1206.0,0.49414568359375005,put,2026-11-30,SPY,773.8900146484375,2026-10-09T00:23:45.651828+00:00
480.0,0.17,0.18,0.22,1.0,64.0,0.48730981445312505,put,2026-11-30,SPY,773.8900146484375,2026-10-09T00:23:45.651828+00:00
485.0,0.18,0.19,0.18,111.0,275.0,0.4804739453125,put,2026-11-30,SPY,773.8900146484375,2026-10-09T00:23:45.651828+00:00
490.0,0.19,0.2,0.2,2.0,177.0,0.47363807617187503,put,2026-11-30,SPY,773.8900146484375,2026-10-09T00:23:45.651828+00:00
495.0,0.2,0.21,0.18,16.0,148.0,0.46631393066406257,put,2026-11-30,SPY,773.8900146484375,2026-10-09T00:23:45.651828+00:00
500.0,0.22,0.23,0.23,74.0,528.0,0.46143116699218756,put,2026-11-30,SPY,773.8900146484375,2026-10-09T00:23:45.651828+00:00
505.0,0.23,0.24,0.23,2.0,121.0,0.454107021484375,put,2026-11-30,SPY,773.8900146484375,2026-10-09T00:23:45.651828+00:00
510.0,0.24,0.25,0.25,220.0,723.0,0.4467828759765625,put,2026-11-30,SPY,773.8900146484375,2026-10-09T00:23:45.651828+00:00
515.0,0.26,0.27,0.24,1.0,124.0,0.4414118359375,put,2026-11-30,SPY,773.8900146484375,2026-10-09T00:23:45.651828+00:00
520.0,0.27,0.28,0.27,4.0,70.0,0.4338435522460938,put,2026-11-30,SPY,773.8900146484375,2026-10-09T00:23:45.651828+00:00
525.0,0.28,0.29,0.28,3.0,370.0,0.42627526855468756,put,2026-11-30,SPY,773.8900146484375,2026-10-09T00:23:45.651828+00:00
530.0,0.3,0.31,0.31,101.0,774.0,0.4204159521484375,put,2026-11-30,SPY,773.8900146484375,2026-10-09T00:23:45.651828+00:00
535.0,0.32,0.33,0.28,5.0,464.0,0.414068359375,put,2026-11-30,SPY,773.8900146484375,2026-10-09T00:23:45.651828+00:00
540.0,0.33,0.34,0.34,266.0,673.0,0.4062559375,put,2026-11-30,SPY,773.8900146484375,2026-10-09T00:23:45.651828+00:00
545.0,0.35,0.36,0.32,7.0,488.0,0.39990834472656256,put,2026-11-30,SPY,773.8900146484375,2026-10-09T00:23:45.651828+00:00
550.0,0.37,0.38,0.37,2.0,1333.0,0.39331661376953125,put,2026-11-30,SPY,773.8900146484375,2026-10-09T00:23:45.651828+00:00
555.0,0.39,0.4,0.39,1.0,759.0,0.38672488281249995,put,2026-11-30,SPY,773.8900146484375,2026-10-09T00:23:45.651828+00:00
560.0,0.41,0.42,0.4,5.0,848.0,0.379889013671875,put,2026-11-30,SPY,773.8900146484375,2026-10-09T00:23:45.651828+00:00
565.0,0.44,0.45,0.44,307.0,882.0,0.37402969726562496,put,2026-11-30,SPY,773.8900146484375,2026-10-09T00:23:45.651828+00:00
570.0,0.46,0.47,0.48,80.0,76105.0,0.36694968994140625,put,2026-11-30,SPY,773.8900146484375,2026-10-09T00:23:45.651828+00:00
575.0,0.49,0.5,0.53,1.0,884.0,0.36084623535156246,put,2026-11-30,SPY,773.8900146484375,2026-10-09T00:23:45.651828+00:00
580.0,0.52,0.53,0.53,8.0,2908.0,0.3544986425781249,put,2026-11-30,SPY,773.8900146484375,2026-10-09T00:23:45.651828+00:00
581.0,0.52,0.53,0.68,18.0,18.0,0.3526676062011719,put,2026-11-30,SPY,773.8900146484375,2026-10-09T00:23:45.651828+00:00
582.0,0.53,0.54,0.48,2.0,20.0,0.3518131225585937,put,2026-11-30,SPY,773.8900146484375,2026-10-09T00:23:45.651828+00:00
584.0,0.54,0.55,0.7,,200.0,0.3490055334472656,put,2026-11-30,SPY,773.8900146484375,2026-10-09T00:23:45.651828+00:00
585.0,0.55,0.56,0.56,38.0,1536.0,0.34802898071289057,put,2026-11-30,SPY,773.8900146484375,2026-10-09T00:23:45.651828+00:00
586.0,0.55,0.56,0.62,1.0,3.0,0.3461979443359374,put,2026-11-30,SPY,773.8900146484375,2026-10-09T00:23:45.651828+00:00
587.0,0.56,0.57,1.23,1.0,1.0,0.3452213916015625,put,2026-11-30,SPY,773.8900146484375,2026-10-09T00:23:45.651828+00:00
588.0,0.57,0.58,0.62,1.0,2.0,0.3442448388671875,put,2026-11-30,SPY,773.8900146484375,2026-10-09T00:23:45.651828+00:00
589.0,0.57,0.58,1.31,2.0,2.0,0.34241380249023434,put,2026-11-30,SPY,773.8900146484375,2026-10-09T00:23:45.651828+00:00
590.0,0.58,0.59,0.6,71.0,626.0,0.3413151806640625,put,2026-11-30,SPY,773.8900146484375,2026-10-09T00:23:45.651828+00:00
591.0,0.59,0.6,0.61,1.0,23.0,0.3403386279296875,put,2026-11-30,SPY,773.8900146484375,2026-10-09T00:23:45.651828+00:00
592.0,0.59,0.6,0.86,2.0,2.0,0.33850759155273435,put,2026-11-30,SPY,773.8900146484375,2026-10-09T00:23:45.651828+00:00
593.0,0.6,0.61,0.61,1.0,12.0,0.3375310388183594,put,2026-11-30,SPY,773.8900146484375,2026-10-09T00:23:45.651828+00:00
595.0,0.61,0.62,0.62,5.0,598.0,0.33460138061523437,put,2026-11-30,SPY,773.8900146484375,2026-10-09T00:23:45.651828+00:00
596.0,0.62,0.63,0.64,280.0,296.0,0.33350275878906255,put,2026-11-30,SPY,773.8900146484375,2026-10-09T00:23:45.651828+00:00
598.0,0.63,0.64,0.66,212.0,880.0,0.3305731005859375,put,2026-11-30,SPY,773.8900146484375,2026-10-09T00:23:45.651828+00:00
599.0,0.64,0.65,1.01,7.0,11.0,0.32959654785156245,put,2026-11-30,SPY,773.8900146484375,2026-10-09T00:23:45.651828+00:00
600.0,0.65,0.66,0.68,18.0,2303.0,0.3284979260253906,put,2026-11-30,SPY,773.8900146484375,2026-10-09T00:23:45.651828+00:00
601.0,0.65,0.67,2.02,1.0,3.0,0.32739930419921875,put,2026-11-30,SPY,773.8900146484375,2026-10-09T00:23:45.651828+00:00
602.0,0.66,0.67,0.69,84.0,118.0,0.3254461987304687,put,2026-11-30,SPY,773.8900146484375,2026-10-09T00:23:45.651828+00:00
603.0,0.67,0.68,0.88,3.0,22.0,0.32434757690429683,put,2026-11-30,SPY,773.8900146484375,2026-10-09T00:23:45.651828+00:00
604.0,0.68,0.69,1.39,,1.0,0.3232489550781249,put,2026-11-30,SPY,773.8900146484375,2026-10-09T00:23:45.651828+00:00
605.0,0.68,0.7,0.7,1.0,1106.0,0.3221503332519531,put,2026-11-30,SPY,773.8900146484375,2026-10-09T00:23:45.651828+00:00
606.0,0.69,0.7,0.66,20.0,57.0,0.32019722778320303,put,2026-11-30,SPY,773.8900146484375,2026-10-09T00:23:45.651828+00:00
607.0,0.7,0.71,0.72,380.0,13.0,0.31909860595703116,put,2026-11-30,SPY,773.8900146484375,2026-10-09T00:23:45.651828+00:00
608.0,0.71,0.72,1.13,360.0,361.0,0.3178779150390625,put,2026-11-30,SPY,773.8900146484375,2026-10-09T00:23:45.651828+00:00
609.0,0.72,0.73,1.23,5.0,215.0,0.31677929321289056,put,2026-11-30,SPY,773.8900146484375,2026-10-09T00:23:45.651828+00:00
610.0,0.72,0.74,0.63,101.0,1273.0,0.31555860229492183,put,2026-11-30,SPY,773.8900146484375,2026-10-09T00:23:45.651828+00:00
611.0,0.73,0.74,1.25,20.0,27.0,0.31372756591796874,put,2026-11-30,SPY,773.8900146484375,2026-10-09T00:23:45.651828+00:00
612.0,0.74,0.75,0.75,266.0,20711.0,0.31250687499999996,put,2026-11-30,SPY,773.8900146484375,2026-10-09T00:23:45.651828+00:00
614.0,0.76,0.77,1.07,3.0,6.0,0.3100654931640625,put,2026-11-30,SPY,773.8900146484375,2026-10-09T00:23:45.651828+00:00
615.0,0.77,0.78,0.69,3.0,798.0,0.30884480224609373,put,2026-11-30,SPY,773.8900146484375,2026-10-09T00:23:45.651828+00:00
616.0,0.77,0.79,0.71,2.0,110.0,0.30762411132812495,put,2026-11-30,SPY,773.8900146484375,2026-10-09T00:23:45.651828+00:00
617.0,0.78,0.8,0.71,268.0,269.0,0.3064034204101562,put,2026-11-30,SPY,773.8900146484375,2026-10-09T00:23:45.651828+00:00
618.0,0.79,0.81,0.73,300.0,305.0,0.3051827294921875,put,2026-11-30,SPY,773.8900146484375,2026-10-09T00:23:45.651828+00:00
619.0,0.8,0.82,1.01,148.0,156.0,0.30383996948242187,put,2026-11-30,SPY,773.8900146484375,2026-10-09T00:23:45.651828+00:00
620.0,0.81,0.82,0.84,4.0,698.0,0.3020089331054688,put,2026-11-30,SPY,773.8900146484375,2026-10-09T00:23:45.651828+00:00
621.0,0.82,0.83,1.13,,3.0,0.3007882421875,put,2026-11-30,SPY,773.8900146484375,2026-10-09T00:23:45.651828+00:00
622.0,0.83,0.84,0.77,300.0,301.0,0.29944548217773437,put,2026-11-30,SPY,773.8900146484375,2026-10-09T00:23:45.651828+00:00
623.0,0.84,0.85,1.09,2.0,1.0,0.29822479125976553,put,2026-11-30,SPY,773.8900146484375,2026-10-09T00:23:45.651828+00:00
624.0,0.85,0.86,0.86,1.0,403.0,0.29688203124999996,put,2026-11-30,SPY,773.8900146484375,2026-10-09T00:23:45.651828+00:00
625.0,0.86,0.87,0.88,8.0,715.0,0.2955392712402344,put,2026-11-30,SPY,773.8900146484375,2026-10-09T00:23:45.651828+00:00
626.0,0.87,0.88,0.81,300.0,323.0,0.29431858032226554,put,2026-11-30,SPY,773.8900146484375,2026-10-09T00:23:45.651828+00:00
627.0,0.88,0.89,0.82,1.0,55.0,0.2929758203124999,put,2026-11-30,SPY,773.8900146484375,2026-10-09T00:23:45.651828+00:00
628.0,0.89,0.9,0.91,1.0,309.0,0.2916330603027343,put,2026-11-30,SPY,773.8900146484375,2026-10-09T00:23:45.651828+00:00
630.0,0.91,0.93,0.93,13.0,428.0,0.28943581665039053,put,2026-11-30,SPY,773.8900146484375,2026-10-09T00:23:45.651828+00:00
631.0,0.92,0.94,1.34,2.0,534.0,0.2880930566406249,put,2026-11-30,SPY,773.8900146484375,2026-10-09T00:23:45.651828+00:00
632.0,0.93,0.95,0.87,300.0,303.0,0.2867502966308593,put,2026-11-30,SPY,773.8900146484375,2026-10-09T00:23:45.651828+00:00
633.0,0.94,0.96,1.23,2.0,11.0,0.2854075366210937,put,2026-11-30,SPY,773.8900146484375,2026-10-09T00:23:45.651828+00:00
634.0,0.96,0.97,1.0,8.0,256.0,0.284064776611328,put,2026-11-30,SPY,773.8900146484375,2026-10-09T00:23:45.651828+00:00
635.0,0.97,0.98,1.0,1.0,217.0,0.2825999475097656,put,2026-11-30,SPY,773.8900146484375,2026-10-09T00:23:45.651828+00:00
636.0,0.98,0.99,1.03,1.0,135.0,0.28125718749999995,put,2026-11-30,SPY,773.8900146484375,2026-10-09T00:23:45.651828+00:00
637.0,0.99,1.01,1.48,103.0,203.0,0.28040270385742183,put,2026-11-30,SPY,773.8900146484375,2026-10-09T00:23:45.651828+00:00
638.0,1.0,1.02,1.05,1.0,49.0,0.27893787475585935,put,2026-11-30,SPY,773.8900146484375,2026-10-09T00:23:45.651828+00:00
639.0,1.02,1.03,1.01,2.0,31.0,0.2775340802001953,put,2026-11-30,SPY,773.8900146484375,2026-10-09T00:23:45.651828+00:00
640.0,1.03,1.04,1.0,2.0,530.0,0.2761302856445312,put,2026-11-30,SPY,773.8900146484375,2026-10-09T00:23:45.651828+00:00
641.0,1.04,1.06,1.05,1.0,8.0,0.2751537329101562,put,2026-11-30,SPY,773.8900146484375,2026-10-09T00:23:45.651828+00:00
642.0,1.05,1.07,0.98,8.0,129.0,0.27368890380859373,put,2026-11-30,SPY,773.8900146484375,2026-10-09T00:23:45.651828+00:00
643.0,1.07,1.08,1.12,13.0,29.0,0.2722851092529296,put,2026-11-30,SPY,773.8900146484375,2026-10-09T00:23:45.651828+00:00
644.0,1.08,1.1,1.42,1.0,5.0,0.2712475219726562,put,2026-11-30,SPY,773.8900146484375,2026-10-09T00:23:45.651828+00:00
645.0,1.09,1.11,0.99,12.0,67.0,0.26978269287109374,put,2026-11-30,SPY,773.8900146484375,2026-10-09T00:23:45.651828+00:00
646.0,1.11,1.12,1.73,2.0,55.0,0.2683178637695312,put,2026-11-30,SPY,773.8900146484375,2026-10-09T00:23:45.651828+00:00
647.0,1.12,1.14,1.08,9.0,382.0,0.26734131103515624,put,2026-11-30,SPY,773.8900146484375,2026-10-09T00:23:45.651828+00:00
648.0,1.14,1.15,1.5,6.0,26.0,0.26587648193359376,put,2026-11-30,SPY,773.8900146484375,2026-10-09T00:23:45.651828+00:00
649.0,1.15,1.17,1.63,1.0,64.0,0.2647778601074219,put,2026-11-30,SPY,773.8900146484375,2026-10-09T00:23:45.651828+00:00
650.0,1.17,1.18,1.19,117.0,500.0,0.2633130310058594,put,2026-11-30,SPY,773.8900146484375,2026-10-09T00:23:45.651828+00:00
651.0,1.18,1.2,1.36,1.0,66.0,0.2622144091796875,put,2026-11-30,SPY,773.8900146484375,2026-10-09T00:23:45.651828+00:00
652.0,1.2,1.21,1.53,4.0,210.0,0.26068854553222653,put,2026-11-30,SPY,773.8900146484375,2026-10-09T00:23:45.651828+00:00
653.0,1.21,1.23,1.41,79.0,268.0,0.2595899237060547,put,2026-11-30,SPY,773.8900146484375,2026-10-09T00:23:45.651828+00:00
654.0,1.23,1.24,1.13,1.0,3.0,0.2580640600585938,put,2026-11-30,SPY,773.8900146484375,2026-10-09T00:23:45.651828+00:00
655.0,1.25,1.26,1.38,100.0,769.0,0.25690440368652345,put,2026-11-30,SPY,773.8900146484375,2026-10-09T00:23:45.651828+00:00
656.0,1.26,1.28,1.4,4.0,9.0,0.2557447473144532,put,2026-11-30,SPY,773.8900146484375,2026-10-09T00:23:45.651828+00:00
657.0,1.28,1.3,2.19,2.0,12.0,0.2545850909423829,put,2026-11-30,SPY,773.8900146484375,2026-10-09T00:23:45.651828+00:00
658.0,1.3,1.31,1.51,2.0,133.0,0.2530592272949219,put,2026-11-30,SPY,773.8900146484375,2026-10-09T00:23:45.651828+00:00
659.0,1.31,1.33,2.08,1.0,59.0,0.2518385363769531,put,2026-11-30,SPY,773.8900146484375,2026-10-09T00:23:45.651828+00:00
660.0,1.33,1.35,1.55,724.0,1836.0,0.25061784545898436,put,2026-11-30,SPY,773.8900146484375,2026-10-09T00:23:45.651828+00:00
661.0,1.35,1.36,1.42,2.0,386.0,0.24909198181152342,put,2026-11-30,SPY,773.8900146484375,2026-10-09T00:23:45.651828+00:00
662.0,1.37,1.39,2.18,1.0,1.0,0.24817646362304688,put,2026-11-30,SPY,773.8900146484375,2026-10-09T00:23:45.651828+00:00
663.0,1.39,1.4,1.61,2.0,336.0,0.24658956542968752,put,2026-11-30,SPY,773.8900146484375,2026-10-09T00:23:45.651828+00:00
664.0,1.41,1.42,1.26,1.0,281.0,0.24536887451171874,put,2026-11-30,SPY,773.8900146484375,2026-10-09T00:23:45.651828+00:00
665.0,1.43,1.44,1.37,1.0,978.0,0.24408714904785156,put,2026-11-30,SPY,773.8900146484375,2026-10-09T00:23:45.651828+00:00
666.0,1.45,1.46,1.38,8.0,15.0,0.24280542358398435,put,2026-11-30,SPY,773.8900146484375,2026-10-09T00:23:45.651828+00:00
667.0,1.47,1.48,2.32,30.0,242.0,0.2415236981201172,put,2026-11-30,SPY,773.8900146484375,2026-10-09T00:23:45.651828+00:00
668.0,1.49,1.5,1.56,1.0,225.0,0.24024197265624997,put,2026-11-30,SPY,773.8900146484375,2026-10-09T00:23:45.651828+00:00
669.0,1.51,1.53,1.56,10.0,47.0,0.23926541992187497,put,2026-11-30,SPY,773.8900146484375,2026-10-09T00:23:45.651828+00:00
670.0,1.53,1.55,1.58,126.0,990.0,0.23792265991210934,put,2026-11-30,SPY,773.8900146484375,2026-10-09T00:23:45.651828+00:00
671.0,1.55,1.57,2.46,85.0,85.0,0.23657989990234374,put,2026-11-30,SPY,773.8900146484375,2026-10-09T00:23:45.651828+00:00
672.0,1.58,1.59,1.57,10.0,224.0,0.2352371398925781,put,2026-11-30,SPY,773.8900146484375,2026-10-09T00:23:45.651828+00:00
673.0,1.6,1.62,1.77,1.0,157.0,0.23419955261230468,put,2026-11-30,SPY,773.8900146484375,2026-10-09T00:23:45.651828+00:00
674.0,1.62,1.64,1.66,11.0,237.0,0.23279575805664063,put,2026-11-30,SPY,773.8900146484375,2026-10-09T00:23:45.651828+00:00
675.0,1.65,1.66,1.81,8.0,75694.0,0.231452998046875,put,2026-11-30,SPY,773.8900146484375,2026-10-09T00:23:45.651828+00:00
676.0,1.67,1.69,1.69,3.0,142.0,0.23035437622070312,put,2026-11-30,SPY,773.8900146484375,2026-10-09T00:23:45.651828+00:00
677.0,1.7,1.72,1.99,2.0,212.0,0.22919471984863282,put,2026-11-30,SPY,773.8900146484375,2026-10-09T00:23:45.651828+00:00
678.0,1.72,1.74,1.57,2.0,187.0,0.22779092529296874,put,2026-11-30,SPY,773.8900146484375,2026-10-09T00:23:45.651828+00:00
679.0,1.75,1.77,1.92,2.0,729.0,0.2266312689208984,put,2026-11-30,SPY,773.8900146484375,2026-10-09T00:23:45.651828+00:00
680.0,1.78,1.79,1.81,22.0,1500.0,0.22516643981933593,put,2026-11-30,SPY,773.8900146484375,2026-10-09T00:23:45.651828+00:00
681.0,1.8,1.82,1.71,4.0,481.0,0.22400678344726557,put,2026-11-30,SPY,773.8900146484375,2026-10-09T00:23:45.651828+00:00
682.0,1.83,1.85,1.73,4.0,67.0,0.22278609252929685,put,2026-11-30,SPY,773.8900146484375,2026-10-09T00:23:45.651828+00:00
683.0,1.86,1.88,1.69,20.0,302.0,0.2215654016113281,put,2026-11-30,SPY,773.8900146484375,2026-10-09T00:23:45.651828+00:00
684.0,1.89,1.91,1.65,5.0,18836.0,0.22034471069335934,put,2026-11-30,SPY,773.8900146484375,2026-10-09T00:23:45.651828+00:00
685.0,1.92,1.94,2.01,50.0,4395.0,0.21912401977539062,put,2026-11-30,SPY,773.8900146484375,2026-10-09T00:23:45.651828+00:00
686.0,1.95,1.97,1.96,1.0,260.0,0.2178422943115234,put,2026-11-30,SPY,773.8900146484375,2026-10-09T00:23:45.651828+00:00
687.0,1.98,2.0,2.34,3.0,81.0,0.21656056884765623,put,2026-11-30,SPY,773.8900146484375,2026-10-09T00:23:45.651828+00:00
688.0,2.02,2.04,2.38,3.0,310.0,0.2155229815673828,put,2026-11-30,SPY,773.8900146484375,2026-10-09T00:23:45.651828+00:00
689.0,2.05,2.07,2.53,1.0,270.0,0.21418022155761718,put,2026-11-30,SPY,773.8900146484375,2026-10-09T00:23:45.651828+00:00
690.0,2.09,2.1,2.18,804.0,607.0,0.21286797882080077,put,2026-11-30,SPY,773.8900146484375,2026-10-09T00:23:45.651828+00:00
691.0,2.12,2.14,2.54,51.0,80.0,0.2117693569946289,put,2026-11-30,SPY,773.8900146484375,2026-10-09T00:23:45.651828+00:00
692.0,2.16,2.18,2.08,1.0,916.0,0.2106402178955078,put,2026-11-30,SPY,773.8900146484375,2026-10-09T00:23:45.651828+00:00
693.0,2.19,2.21,2.11,1.0,1443.0,0.2092364233398437,put,2026-11-30,SPY,773.8900146484375,2026-10-09T00:23:45.651828+00:00
694.0,2.23,2.25,2.17,1.0,94.0,0.20807676696777339,put,2026-11-30,SPY,773.8900146484375,2026-10-09T00:23:45.651828+00:00
695.0,2.27,2.29,2.5,7.0,694.0,0.20691711059570309,put,2026-11-30,SPY,773.8900146484375,2026-10-09T00:23:45.651828+00:00
696.0,2.31,2.33,2.34,30.0,112.0,0.20569641967773436,put,2026-11-30,SPY,773.8900146484375,2026-10-09T00:23:45.651828+00:00
697.0,2.35,2.37,2.4,34.0,169.0,0.20447572875976558,put,2026-11-30,SPY,773.8900146484375,2026-10-09T00:23:45.651828+00:00
698.0,2.39,2.41,2.4,1.0,267.0,0.20322452056884766,put,2026-11-30,SPY,773.8900146484375,2026-10-09T00:23:45.651828+00:00
699.0,2.44,2.46,2.36,5.0,95.0,0.20215641601562498,put,2026-11-30,SPY,773.8900146484375,2026-10-09T00:23:45.651828+00:00
700.0,2.48,2.5,2.55,137.0,10264.0,0.20087469055175777,put,2026-11-30,SPY,773.8900146484375,2026-10-09T00:23:45.651828+00:00
701.0,2.52,2.54,2.8,13.0,970.0,0.19956244781494142,put,2026-11-30,SPY,773.8900146484375,2026-10-09T00:23:45.651828+00:00
702.0,2.57,2.59,2.52,1.0,152.0,0.1984333087158203,put,2026-11-30,SPY,773.8900146484375,2026-10-09T00:23:45.651828+00:00
703.0,2.62,2.64,2.68,34.0,23.0,0.19730416961669922,put,2026-11-30,SPY,773.8900146484375,2026-10-09T00:23:45.651828+00:00
704.0,2.67,2.69,2.81,3.0,254.0,0.1961445132446289,put,2026-11-30,SPY,773.8900146484375,2026-10-09T00:23:45.651828+00:00
705.0,2.71,2.73,3.06,102.0,1977.0,0.1947407186889648,put,2026-11-30,SPY,773.8900146484375,2026-10-09T00:23:45.651828+00:00
706.0,2.77,2.79,2.45,3.0,251.0,0.19373364868164064,put,2026-11-30,SPY,773.8900146484375,2026-10-09T00:23:45.651828+00:00
707.0,2.82,2.84,3.15,1.0,198.0,0.19248244049072266,put,2026-11-30,SPY,773.8900146484375,2026-10-09T00:23:45.651828+00:00
708.0,2.87,2.89,3.2,2.0,63.0,0.1912312322998047,put,2026-11-30,SPY,773.8900146484375,2026-10-09T00:23:45.651828+00:00
709.0,2.93,2.95,3.0,3.0,471.0,0.19013261047363283,put,2026-11-30,SPY,773.8900146484375,2026-10-09T00:23:45.651828+00:00
710.0,2.98,3.0,3.06,35.0,624.0,0.18882036773681643,put,2026-11-30,SPY,773.8900146484375,2026-10-09T00:23:45.651828+00:00
711.0,3.04,3.06,3.2,5.0,275.0,0.1876607113647461,put,2026-11-30,SPY,773.8900146484375,2026-10-09T00:23:45.651828+00:00
712.0,3.1,3.12,3.21,4.0,1267.0,0.18647053771972655,put,2026-11-30,SPY,773.8900146484375,2026-10-09T00:23:45.651828+00:00
713.0,3.16,3.18,2.69,2.0,211.0,0.185280364074707,put,2026-11-30,SPY,773.8900146484375,2026-10-09T00:23:45.651828+00:00
714.0,3.22,3.25,2.82,4.0,414.0,0.18421225952148437,put,2026-11-30,SPY,773.8900146484375,2026-10-09T00:23:45.651828+00:00
715.0,3.28,3.31,3.4,14.0,514.0,0.1829610513305664,put,2026-11-30,SPY,773.8900146484375,2026-10-09T00:23:45.651828+00:00
716.0,3.35,3.38,3.47,2.0,203.0,0.1818319122314453,put,2026-11-30,SPY,773.8900146484375,2026-10-09T00:23:45.651828+00:00
717.0,3.42,3.44,3.53,7.0,243.0,0.1805196694946289,put,2026-11-30,SPY,773.8900146484375,2026-10-09T00:23:45.651828+00:00
718.0,3.49,3.51,3.33,4.0,1607.0,0.17936001312255856,put,2026-11-30,SPY,773.8900146484375,2026-10-09T00:23:45.651828+00:00
719.0,3.56,3.59,4.05,36.0,200.0,0.1783224258422852,put,2026-11-30,SPY,773.8900146484375,2026-10-09T00:23:45.651828+00:00
720.0,3.63,3.66,3.76,2671.0,4835.0,0.17707121765136719,put,2026-11-30,SPY,773.8900146484375,2026-10-09T00:23:45.651828+00:00
721.0,3.71,3.74,4.18,3.0,242.0,0.1759725958251953,put,2026-11-30,SPY,773.8900146484375,2026-10-09T00:23:45.651828+00:00
722.0,3.78,3.81,4.15,14.0,142.0,0.1746603530883789,put,2026-11-30,SPY,773.8900146484375,2026-10-09T00:23:45.651828+00:00
723.0,3.86,3.89,3.95,1.0,311.0,0.17350069671630858,put,2026-11-30,SPY,773.8900146484375,2026-10-09T00:23:45.651828+00:00
724.0,3.95,3.97,4.11,28.0,431.0,0.17229526443481447,put,2026-11-30,SPY,773.8900146484375,2026-10-09T00:23:45.651828+00:00
725.0,4.03,4.06,4.06,55.0,4535.0,0.1712119012451172,put,2026-11-30,SPY,773.8900146484375,2026-10-09T00:23:45.651828+00:00
726.0,4.12,4.14,4.68,13.0,672.0,0.16993017578125003,put,2026-11-30,SPY,773.8900146484375,2026-10-09T00:23:45.651828+00:00
727.0,4.21,4.23,4.52,5.0,21005.0,0.16877051940917973,put,2026-11-30,SPY,773.8900146484375,2026-10-09T00:23:45.651828+00:00
728.0,4.3,4.32,5.04,11.0,884.0,0.1675803457641602,put,2026-11-30,SPY,773.8900146484375,2026-10-09T00:23:45.651828+00:00
729.0,4.39,4.42,4.94,4.0,662.0,0.16649698257446294,put,2026-11-30,SPY,773.8900146484375,2026-10-09T00:23:45.651828+00:00
730.0,4.49,4.51,4.75,342.0,2326.0,0.16523051574707032,put,2026-11-30,SPY,773.8900146484375,2026-10-09T00:23:45.651828+00:00
731.0,4.58,4.61,5.11,64.0,140.0,0.16407085937500002,put,2026-11-30,SPY,773.8900146484375,2026-10-09T00:23:45.651828+00:00
732.0,4.69,4.72,4.24,21.0,139.0,0.16300275482177734,put,2026-11-30,SPY,773.8900146484375,2026-10-09T00:23:45.651828+00:00
733.0,4.79,4.82,5.07,32.0,659.0,0.16176680526733395,put,2026-11-30,SPY,773.8900146484375,2026-10-09T00:23:45.651828+00:00
734.0,4.9,4.93,5.08,10.0,112.0,0.1606224075317383,put,2026-11-30,SPY,773.8900146484375,2026-10-09T00:23:45.651828+00:00
735.0,5.01,5.04,5.15,68.0,6230.0,0.15943223388671873,put,2026-11-30,SPY,773.8900146484375,2026-10-09T00:23:45.651828+00:00
736.0,5.13,5.15,5.19,11.0,460.0,0.15821154296875,put,2026-11-30,SPY,773.8900146484375,2026-10-09T00:23:45.651828+00:00
737.0,5.24,5.27,5.46,115.0,520.0,0.1570671452331543,put,2026-11-30,SPY,773.8900146484375,2026-10-09T00:23:45.651828+00:00
738.0,5.36,5.39,5.66,26.0,502.0,0.15589223022460938,put,2026-11-30,SPY,773.8900146484375,2026-10-09T00:23:45.651828+00:00
739.0,5.49,5.52,5.74,2.0,499.0,0.15477834976196292,put,2026-11-30,SPY,773.8900146484375,2026-10-09T00:23:45.651828+00:00
740.0,5.62,5.64,5.72,209.0,2796.0,0.15351188293457033,put,2026-11-30,SPY,773.8900146484375,2026-10-09T00:23:45.651828+00:00
741.0,5.75,5.78,5.76,2.0,256.0,0.1524285197448731,put,2026-11-30,SPY,773.8900146484375,2026-10-09T00:23:45.651828+00:00
742.0,5.88,5.91,6.12,27.0,803.0,0.15119257019042973,put,2026-11-30,SPY,773.8900146484375,2026-10-09T00:23:45.651828+00:00
743.0,6.02,6.05,5.77,2.0,546.0,0.1500176551818848,put,2026-11-30,SPY,773.8900146484375,2026-10-09T00:23:45.651828+00:00
744.0,6.17,6.2,7.16,7.0,1130.0,0.14891903335571288,put,2026-11-30,SPY,773.8900146484375,2026-10-09T00:23:45.651828+00:00
745.0,6.31,6.35,6.85,36.0,1993.0,0.1477593769836426,put,2026-11-30,SPY,773.8900146484375,2026-10-09T00:23:45.651828+00:00
746.0,6.47,6.5,6.64,40.0,1062.0,0.14655394470214844,put,2026-11-30,SPY,773.8900146484375,2026-10-09T00:23:45.651828+00:00
747.0,6.62,6.66,6.87,4.0,401.0,0.14540954696655273,put,2026-11-30,SPY,773.8900146484375,2026-10-09T00:23:45.651828+00:00
748.0,6.78,6.82,6.73,3.0,868.0,0.14420411468505856,put,2026-11-30,SPY,773.8900146484375,2026-10-09T00:23:45.651828+00:00
749.0,6.95,6.99,7.43,23.0,525.0,0.1430749755859375,put,2026-11-30,SPY,773.8900146484375,2026-10-09T00:23:45.651828+00:00
750.0,7.12,7.16,7.19,2606.0,6260.0,0.14186954330444335,put,2026-11-30,SPY,773.8900146484375,2026-10-09T00:23:45.651828+00:00
751.0,7.3,7.34,8.55,1.0,332.0,0.1407251455688477,put,2026-11-30,SPY,773.8900146484375,2026-10-09T00:23:45.651828+00:00
752.0,7.48,7.52,7.76,12.0,1320.0,0.13951971328735352,put,2026-11-30,SPY,773.8900146484375,2026-10-09T00:23:45.651828+00:00
753.0,7.67,7.71,8.12,141.0,87.0,0.13834479827880858,put,2026-11-30,SPY,773.8900146484375,2026-10-09T00:23:45.651828+00:00
754.0,7.86,7.9,8.3,124.0,450.0,0.13712410736083985,put,2026-11-30,SPY,773.8900146484375,2026-10-09T00:23:45.651828+00:00
755.0,8.07,8.1,8.04,283.0,996.0,0.1359491923522949,put,2026-11-30,SPY,773.8900146484375,2026-10-09T00:23:45.651828+00:00
756.0,8.27,8.31,8.85,202.0,314.0,0.13480479461669925,put,2026-11-30,SPY,773.8900146484375,2026-10-09T00:23:45.651828+00:00
757.0,8.48,8.53,8.48,13.0,434.0,0.1336909141540527,put,2026-11-30,SPY,773.8900146484375,2026-10-09T00:23:45.651828+00:00
758.0,8.7,8.75,10.0,120.0,268.0,0.13251599914550782,put,2026-11-30,SPY,773.8900146484375,2026-10-09T00:23:45.651828+00:00
759.0,8.93,8.97,10.09,60.0,315.0,0.13126479095458982,put,2026-11-30,SPY,773.8900146484375,2026-10-09T00:23:45.651828+00:00
760.0,9.16,9.21,9.13,3526.0,3156.0,0.13015091049194333,put,2026-11-30,SPY,773.8900146484375,2026-10-09T00:23:45.651828+00:00
761.0,9.4,9.45,9.7,68.0,1219.0,0.12896073684692383,put,2026-11-30,SPY,773.8900146484375,2026-10-09T00:23:45.651828+00:00
762.0,9.65,9.7,9.74,100.0,490.0,0.1277858218383789,put,2026-11-30,SPY,773.8900146484375,2026-10-09T00:23:45.651828+00:00
763.0,9.91,9.95,10.5,9.0,178.0,0.12653461364746094,put,2026-11-30,SPY,773.8900146484375,2026-10-09T00:23:45.651828+00:00
764.0,10.17,10.22,10.16,36.0,139.0,0.12540547454833983,put,2026-11-30,SPY,773.8900146484375,2026-10-09T00:23:45.651828+00:00
765.0,10.45,10.49,10.44,191.0,981.0,0.12418478363037111,put,2026-11-30,SPY,773.8900146484375,2026-10-09T00:23:45.651828+00:00
766.0,10.73,10.78,11.9,56.0,729.0,0.12307090316772462,put,2026-11-30,SPY,773.8900146484375,2026-10-09T00:23:45.651828+00:00
767.0,11.02,11.07,11.11,19.0,657.0,0.12186547088623048,put,2026-11-30,SPY,773.8900146484375,2026-10-09T00:23:45.651828+00:00
768.0,11.32,11.37,11.94,8.0,476.0,0.12067529724121094,put,2026-11-30,SPY,773.8900146484375,2026-10-09T00:23:45.651828+00:00
769.0,11.63,11.68,12.38,453.0,871.0,0.1194851235961914,put,2026-11-30,SPY,773.8900146484375,2026-10-09T00:23:45.651828+00:00
770.0,11.95,12.0,12.01,1791.0,1827.0,0.11829494995117187,put,2026-11-30,SPY,773.8900146484375,2026-10-09T00:23:45.651828+00:00
771.0,12.28,12.33,13.07,288.0,337.0,0.11710477630615235,put,2026-11-30,SPY,773.8900146484375,2026-10-09T00:23:45.651828+00:00
772.0,12.62,12.67,12.62,176.0,1241.0,0.1159146026611328,put,2026-11-30,SPY,773.8900146484375,2026-10-09T00:23:45.651828+00:00
773.0,12.97,13.02,13.04,145.0,563.0,0.11469391174316407,put,2026-11-30,SPY,773.8900146484375,2026-10-09T00:23:45.651828+00:00
774.0,13.33,13.39,13.5,168.0,535.0,0.11356477264404297,put,2026-11-30,SPY,773.8900146484375,2026-10-09T00:23:45.651828+00:00
775.0,13.7,13.77,13.79,422.0,1487.0,0.11242037490844725,put,2026-11-30,SPY,773.8900146484375,2026-10-09T00:23:45.651828+00:00
776.0,14.09,14.15,14.55,295.0,592.0,0.11115390808105467,put,2026-11-30,SPY,773.8900146484375,2026-10-09T00:23:45.651828+00:00
777.0,14.49,14.54,15.51,207.0,308.0,0.1098874412536621,put,2026-11-30,SPY,773.8900146484375,2026-10-09T00:23:45.651828+00:00
778.0,14.9,14.96,14.98,114.0,203.0,0.10875830215454102,put,2026-11-30,SPY,773.8900146484375,2026-10-09T00:23:45.651828+00:00
779.0,15.33,15.39,16.04,63.0,1103.0,0.10761390441894532,put,2026-11-30,SPY,773.8900146484375,2026-10-09T00:23:45.651828+00:00
780.0,15.76,15.82,15.98,444.0,1180.0,0.10633217895507813,put,2026-11-30,SPY,773.8900146484375,2026-10-09T00:23:45.651828+00:00
781.0,16.21,16.28,17.2,35.0,640.0,0.10520303985595703,put,2026-11-30,SPY,773.8900146484375,2026-10-09T00:23:45.651828+00:00
782.0,16.68,16.74,19.1,10.0,381.0,0.10395183166503905,put,2026-11-30,SPY,773.8900146484375,2026-10-09T00:23:45.651828+00:00
783.0,17.15,17.22,17.82,299.0,185.0,0.10273114074707031,put,2026-11-30,SPY,773.8900146484375,2026-10-09T00:23:45.651828+00:00
784.0,17.65,17.71,17.47,8.0,485.0,0.10147993255615234,put,2026-11-30,SPY,773.8900146484375,2026-10-09T00:23:45.651828+00:00
785.0,18.09,18.26,20.55,16.0,401.0,0.10064070755004884,put,2026-11-30,SPY,773.8900146484375,2026-10-09T00:23:45.651828+00:00
786.0,18.16,19.16,18.14,3.0,411.0,0.10285320983886719,put,2026-11-30,SPY,773.8900146484375,2026-10-09T00:23:45.651828+00:00
787.0,18.67,19.72,20.03,12.0,24.0,0.10186139846801759,put,2026-11-30,SPY,773.8900146484375,2026-10-09T00:23:45.651828+00:00
788.0,19.21,20.3,20.0,149.0,286.0,0.1009306216430664,put,2026-11-30,SPY,773.8900146484375,2026-10-09T00:23:45.651828+00:00
789.0,19.73,20.88,20.83,23.0,37.0,0.09984725845336914,put,2026-11-30,SPY,773.8900146484375,2026-10-09T00:23:45.651828+00:00
790.0,20.3,21.04,21.87,63.0,357.0,0.09449147705078126,put,2026-11-30,SPY,773.8900146484375,2026-10-09T00:23:45.651828+00:00
791.0,20.86,21.65,21.2,10.0,12.0,0.09330130340576173,put,2026-11-30,SPY,773.8900146484375,2026-10-09T00:23:45.651828+00:00
792.0,21.45,22.73,23.0,3.0,7.0,0.09678027252197266,put,2026-11-30,SPY,773.8900146484375,2026-10-09T00:23:45.651828+00:00
794.0,22.66,23.53,35.07,3.0,25.0,0.08912043701171876,put,2026-11-30,SPY,773.8900146484375,2026-10-09T00:23:45.651828+00:00
795.0,23.3,24.21,24.08,3.0,68.0,0.08793026336669924,put,2026-11-30,SPY,773.8900146484375,2026-10-09T00:23:45.651828+00:00
796.0,23.94,26.14,36.84,1.0,12.0,0.10080855255126953,put,2026-11-30,SPY,773.8900146484375,2026-10-09T00:23:45.651828+00:00
800.0,26.69,28.37,28.66,5.0,90.0,0.08881526428222657,put,2026-11-30,SPY,773.8900146484375,2026-10-09T00:23:45.651828+00:00
801.0,27.42,28.56,29.28,1.0,2.0,0.07908025421142578,put,2026-11-30,SPY,773.8900146484375,2026-10-09T00:23:45.651828+00:00
805.0,30.54,32.36,33.26,4.0,8.0,0.08341370697021487,put,2026-11-30,SPY,773.8900146484375,2026-10-09T00:23:45.651828+00:00
807.0,32.22,34.65,37.53,,1.0,0.09226371612548828,put,2026-11-30,SPY,773.8900146484375,2026-10-09T00:23:45.651828+00:00
810.0,34.57,37.32,35.9,1.0,2.0,0.09192802612304687,put,2026-11-30,SPY,773.8900146484375,2026-10-09T00:23:45.651828+00:00
812.0,36.44,39.18,40.87,,0.0,0.09266044067382811,put,2026-11-30,SPY,773.8900146484375,2026-10-09T00:23:45.651828+00:00
813.0,37.4,40.14,41.8,2.0,0.0,0.0935759588623047,put,2026-11-30,SPY,773.8900146484375,2026-10-09T00:23:45.651828+00:00
814.0,38.36,41.09,42.74,,0.0,0.09421682159423828,put,2026-11-30,SPY,773.8900146484375,2026-10-09T00:23:45.651828+00:00
815.0,39.33,42.07,48.09,1.0,0.0,0.09546802978515626,put,2026-11-30,SPY,773.8900146484375,2026-10-09T00:23:45.651828+00:00
816.0,40.33,43.06,45.2,1.0,0.0,0.09693285888671876,put,2026-11-30,SPY,773.8900146484375,2026-10-09T00:23:45.651828+00:00
820.0,44.29,47.04,45.3,2.0,0.0,0.10318889984130858,put,2026-11-30,SPY,773.8900146484375,2026-10-09T00:23:45.651828+00:00
825.0,49.31,52.03,48.54,2.0,0.0,0.11112339080810546,put,2026-11-30,SPY,773.8900146484375,2026-10-09T00:23:45.651828+00:00
830.0,54.3,57.04,61.0,15.0,0.0,0.11939357177734375,put,2026-11-30,SPY,773.8900146484375,2026-10-09T00:23:45.651828+00:00
835.0,59.3,62.04,61.58,3.0,3.0,0.1272670281982422,put,2026-11-30,SPY,773.8900146484375,2026-10-09T00:23:45.651828+00:00
840.0,0.0,0.0,61.99,26.0,0.0,1.0000000000000003e-05,put,2026-11-30,SPY,773.8900146484375,2026-10-09T00:23:45.651828+00:00
845.0,74.45,77.97,110.81,1.0,0.0,0.2435530967712402,put,2026-11-30,SPY,773.8900146484375,2026-10-09T00:23:45.651828+00:00
850.0,84.61,87.82,110.88,1.0,0.0,0.31140825317382803,put,2026-11-30,SPY,773.8900146484375,2026-10-09T00:23:45.651828+00:00
860.0,84.3,87.04,86.6,2.0,2.0,0.16468120483398438,put,2026-11-30,SPY,773.8900146484375,2026-10-09T00:23:45.651828+00:00
865.0,89.3,92.04,87.96,1.0,0.0,0.17182224670410157,put,2026-11-30,SPY,773.8900146484375,2026-10-09T00:23:45.651828+00:00
870.0,0.0,0.0,100.21,,0.0,1.0000000000000003e-05,put,2026-11-30,SPY,773.8900146484375,2026-10-09T00:23:45.651828+00:00
885.0,0.0,0.0,112.05,,0.0,1.0000000000000003e-05,put,2026-11-30,SPY,773.8900146484375,2026-10-09T00:23:45.651828+00:00
900.0,0.0,0.0,133.42,1.0,0.0,1.0000000000000003e-05,put,2026-11-30,SPY,773.8900146484375,2026-10-09T00:23:45.651828+00:00
920.0,144.29,147.04,145.29,2.0,0.0,0.24488059814453128,put,2026-11-30,SPY,773.8900146484375,2026-10-09T00:23:45.651828+00:00
460.0,316.35,320.12,313.36,1.0,23.0,0.6723055230712893,call,2026-12-31,SPY,773.8900146484375,2026-10-09T00:23:45.651828+00:00
470.0,277.2,280.59,253.11,,0.0,1.0000000000000003e-05,call,2026-12-31,SPY,773.8900146484375,2026-10-09T00:23:45.651828+00:00
475.0,292.87,295.99,283.28,,0.0,1.0000000000000003e-05,call,2026-12-31,SPY,773.8900146484375,2026-10-09T00:23:45.651828+00:00
480.0,296.59,300.36,294.0,20.0,20.0,0.6327551373291016,call,2026-12-31,SPY,773.8900146484375,2026-10-09T00:23:45.651828+00:00
485.0,283.11,286.22,274.52,1.0,1.0,1.0000000000000003e-05,call,2026-12-31,SPY,773.8900146484375,2026-10-09T00:23:45.651828+00:00
490.0,0.0,0.0,282.57,1.0,0.0,1.0000000000000003e-05,call,2026-12-31,SPY,773.8900146484375,2026-10-09T00:23:45.651828+00:00
495.0,0.0,0.0,182.97,,0.0,1.0000000000000003e-05,call,2026-12-31,SPY,773.8900146484375,2026-10-09T00:23:45.651828+00:00
500.0,276.84,280.61,277.96,12.0,203.0,0.5941202697753907,call,2026-12-31,SPY,773.8900146484375,2026-10-09T00:23:45.651828+00:00
505.0,0.0,0.0,170.06,10.0,0.0,1.0000000000000003e-05,call,2026-12-31,SPY,773.8900146484375,2026-10-09T00:23:45.651828+00:00
510.0,0.0,0.0,270.42,10.0,0.0,1.0000000000000003e-05,call,2026-12-31,SPY,773.8900146484375,2026-10-09T00:23:45.651828+00:00
515.0,232.62,236.05,234.89,2.0,2.0,1.0000000000000003e-05,call,2026-12-31,SPY,773.8900146484375,2026-10-09T00:23:45.651828+00:00
520.0,257.11,260.89,249.56,2.0,18.0,0.5567060931396486,call,2026-12-31,SPY,773.8900146484375,2026-10-09T00:23:45.651828+00:00
525.0,252.18,255.99,239.76,1.0,7.0,0.5477950494384767,call,2026-12-31,SPY,773.8900146484375,2026-10-09T00:23:45.651828+00:00
530.0,0.0,0.0,233.06,2.0,0.0,1.0000000000000003e-05,call,2026-12-31,SPY,773.8900146484375,2026-10-09T00:23:45.651828+00:00
535.0,242.33,246.05,230.87,1.0,2.0,0.5285081329345704,call,2026-12-31,SPY,773.8900146484375,2026-10-09T00:23:45.651828+00:00
540.0,237.41,241.22,236.28,2.0,20.0,0.5205736419677733,call,2026-12-31,SPY,773.8900146484375,2026-10-09T00:23:45.651828+00:00
545.0,219.11,222.62,223.7,3.0,4.0,1.0000000000000003e-05,call,2026-12-31,SPY,773.8900146484375,2026-10-09T00:23:45.651828+00:00
550.0,0.0,0.0,232.09,1.0,0.0,1.0000000000000003e-05,call,2026-12-31,SPY,773.8900146484375,2026-10-09T00:23:45.651828+00:00
555.0,0.0,0.0,227.69,2.0,0.0,1.0000000000000003e-05,call,2026-12-31,SPY,773.8900146484375,2026-10-09T00:23:45.651828+00:00
560.0,217.73,221.54,218.54,11.0,24.0,0.5220995056152342,call,2026-12-31,SPY,773.8900146484375,2026-10-09T00:23:45.651828+00:00
565.0,212.81,216.54,206.16,3.0,72.0,0.5109301837158204,call,2026-12-31,SPY,773.8900146484375,2026-10-09T00:23:45.651828+00:00
570.0,0.0,0.0,212.43,1.0,0.0,1.0000000000000003e-05,call,2026-12-31,SPY,773.8900146484375,2026-10-09T00:23:45.651828+00:00
575.0,202.99,206.78,202.72,1.0,793.0,0.4929860272216797,call,2026-12-31,SPY,773.8900146484375,2026-10-09T00:23:45.651828+00:00
580.0,198.09,201.86,185.42,6.0,26.0,0.48328153442382815,call,2026-12-31,SPY,773.8900146484375,2026-10-09T00:23:45.651828+00:00
585.0,193.19,196.96,187.61,1.0,21.0,0.4739737661743164,call,2026-12-31,SPY,773.8900146484375,2026-10-09T00:23:45.651828+00:00
590.0,188.29,192.0,178.82,1.0,35.0,0.4636589279174804,call,2026-12-31,SPY,773.8900146484375,2026-10-09T00:23:45.651828+00:00
595.0,183.39,187.15,184.06,1.0,69.0,0.45514460876464846,call,2026-12-31,SPY,773.8900146484375,2026-10-09T00:23:45.651828+00:00
600.0,178.5,182.28,175.31,3.0,441.0,0.4462640823364258,call,2026-12-31,SPY,773.8900146484375,2026-10-09T00:23:45.651828+00:00
605.0,173.61,177.35,177.44,1.0,2179.0,0.4364375204467773,call,2026-12-31,SPY,773.8900146484375,2026-10-09T00:23:45.651828+00:00
610.0,168.73,172.5,169.88,12.0,387.0,0.42783164947509766,call,2026-12-31,SPY,773.8900146484375,2026-10-09T00:23:45.651828+00:00
615.0,163.85,167.62,155.33,1.0,205.0,0.4187375021362304,call,2026-12-31,SPY,773.8900146484375,2026-10-09T00:23:45.651828+00:00
620.0,158.98,162.78,160.47,1.0,268.0,0.4101926657104492,call,2026-12-31,SPY,773.8900146484375,2026-10-09T00:23:45.651828+00:00
621.0,0.0,0.0,148.58,1.0,0.0,1.0000000000000003e-05,call,2026-12-31,SPY,773.8900146484375,2026-10-09T00:23:45.651828+00:00
622.0,0.0,0.0,147.68,1.0,0.0,1.0000000000000003e-05,call,2026-12-31,SPY,773.8900146484375,2026-10-09T00:23:45.651828+00:00
623.0,0.0,0.0,146.9,1.0,0.0,1.0000000000000003e-05,call,2026-12-31,SPY,773.8900146484375,2026-10-09T00:23:45.651828+00:00
624.0,144.94,148.4,137.76,1.0,785.0,1.0000000000000003e-05,call,2026-12-31,SPY,773.8900146484375,2026-10-09T00:23:45.651828+00:00
625.0,154.12,157.8,145.4,2.0,78.0,0.39963368927001963,call,2026-12-31,SPY,773.8900146484375,2026-10-09T00:23:45.651828+00:00
626.0,0.0,0.0,143.8,1.0,0.0,1.0000000000000003e-05,call,2026-12-31,SPY,773.8900146484375,2026-10-09T00:23:45.651828+00:00
627.0,0.0,0.0,143.61,2.0,0.0,1.0000000000000003e-05,call,2026-12-31,SPY,773.8900146484375,2026-10-09T00:23:45.651828+00:00
628.0,151.2,154.98,145.51,2.0,179.0,0.39563592651367196,call,2026-12-31,SPY,773.8900146484375,2026-10-09T00:23:45.651828+00:00
629.0,0.0,0.0,152.97,1.0,0.0,1.0000000000000003e-05,call,2026-12-31,SPY,773.8900146484375,2026-10-09T00:23:45.651828+00:00
630.0,0.0,0.0,149.79,10.0,0.0,1.0000000000000003e-05,call,2026-12-31,SPY,773.8900146484375,2026-10-09T00:23:45.651828+00:00
631.0,0.0,0.0,139.73,1.0,0.0,1.0000000000000003e-05,call,2026-12-31,SPY,773.8900146484375,2026-10-09T00:23:45.651828+00:00
632.0,141.32,144.51,128.67,4.0,6.0,0.2769237347412109,call,2026-12-31,SPY,773.8900146484375,2026-10-09T00:23:45.651828+00:00
633.0,146.66,150.07,133.6,1.0,32.0,0.38602298553466785,call,2026-12-31,SPY,773.8900146484375,2026-10-09T00:23:45.651828+00:00
634.0,145.69,149.07,144.95,3.0,5.0,0.38385625915527344,call,2026-12-31,SPY,773.8900146484375,2026-10-09T00:23:45.651828+00:00
635.0,144.72,148.16,150.72,1.0,50.0,0.38291022369384764,call,2026-12-31,SPY,773.8900146484375,2026-10-09T00:23:45.651828+00:00
636.0,137.56,140.76,121.71,2.0,33.0,0.2757335610961914,call,2026-12-31,SPY,773.8900146484375,2026-10-09T00:23:45.651828+00:00
637.0,123.0,126.52,111.3,2.0,14.0,1.0000000000000003e-05,call,2026-12-31,SPY,773.8900146484375,2026-10-09T00:23:45.651828+00:00
638.0,138.96,142.49,120.33,1.0,4.0,0.3387822470092773,call,2026-12-31,SPY,773.8900146484375,2026-10-09T00:23:45.651828+00:00
639.0,140.85,144.18,136.94,6.0,22.0,0.37448745635986325,call,2026-12-31,SPY,773.8900146484375,2026-10-09T00:23:45.651828+00:00
640.0,139.88,143.28,142.47,1.0,346.0,0.37363297271728513,call,2026-12-31,SPY,773.8900146484375,2026-10-09T00:23:45.651828+00:00
641.0,0.0,0.0,145.58,1.0,0.0,1.0000000000000003e-05,call,2026-12-31,SPY,773.8900146484375,2026-10-09T00:23:45.651828+00:00
642.0,137.95,141.31,139.9,19.0,57.0,0.3696962445068359,call,2026-12-31,SPY,773.8900146484375,2026-10-09T00:23:45.651828+00:00
643.0,136.98,140.32,139.54,1.0,12.0,0.3676515872192383,call,2026-12-31,SPY,773.8900146484375,2026-10-09T00:23:45.651828+00:00
644.0,116.99,120.51,98.1,1.0,0.0,1.0000000000000003e-05,call,2026-12-31,SPY,773.8900146484375,2026-10-09T00:23:45.651828+00:00
645.0,135.05,138.49,137.71,2.0,59.0,0.3654848608398438,call,2026-12-31,SPY,773.8900146484375,2026-10-09T00:23:45.651828+00:00
646.0,124.97,128.43,109.11,1.0,14.0,0.18506674316406246,call,2026-12-31,SPY,773.8900146484375,2026-10-09T00:23:45.651828+00:00
647.0,130.44,133.96,126.25,1.0,17.0,0.3273687869262696,call,2026-12-31,SPY,773.8900146484375,2026-10-09T00:23:45.651828+00:00
648.0,132.15,135.6,135.04,10.0,33.0,0.36035795898437495,call,2026-12-31,SPY,773.8900146484375,2026-10-09T00:23:45.651828+00:00
649.0,0.0,0.0,137.2,2.0,0.0,1.0000000000000003e-05,call,2026-12-31,SPY,773.8900146484375,2026-10-09T00:23:45.651828+00:00
650.0,130.23,133.68,134.81,2.0,668.0,0.3570010589599609,call,2026-12-31,SPY,773.8900146484375,2026-10-09T00:23:45.651828+00:00
651.0,123.59,126.79,118.6,100.0,74.0,0.26947752014160153,call,2026-12-31,SPY,773.8900146484375,2026-10-09T00:23:45.651828+00:00
652.0,128.3,131.76,124.58,1.0,8.0,0.3536441589355468,call,2026-12-31,SPY,773.8900146484375,2026-10-09T00:23:45.651828+00:00
653.0,127.34,130.8,123.76,1.0,6.0,0.35193519165039056,call,2026-12-31,SPY,773.8900146484375,2026-10-09T00:23:45.651828+00:00
654.0,103.96,107.29,106.61,6.0,8.0,1.0000000000000003e-05,call,2026-12-31,SPY,773.8900146484375,2026-10-09T00:23:45.651828+00:00
655.0,125.42,128.88,109.02,50.0,193.0,0.3485477743530273,call,2026-12-31,SPY,773.8900146484375,2026-10-09T00:23:45.651828+00:00
656.0,117.66,119.68,111.5,1.0,11.0,0.21607229248046872,call,2026-12-31,SPY,773.8900146484375,2026-10-09T00:23:45.651828+00:00
657.0,123.5,126.96,125.04,1.0,9.0,0.34514509841918944,call,2026-12-31,SPY,773.8900146484375,2026-10-09T00:23:45.651828+00:00
658.0,120.09,123.61,95.62,2.0,10.0,0.31357497955322267,call,2026-12-31,SPY,773.8900146484375,2026-10-09T00:23:45.651828+00:00
659.0,0.0,0.0,123.49,1.0,0.0,1.0000000000000003e-05,call,2026-12-31,SPY,773.8900146484375,2026-10-09T00:23:45.651828+00:00
660.0,120.62,123.99,117.62,3.0,121.0,0.3389348333740234,call,2026-12-31,SPY,773.8900146484375,2026-10-09T00:23:45.651828+00:00
661.0,111.6,115.03,98.58,2.0,13.0,0.21656056884765623,call,2026-12-31,SPY,773.8900146484375,2026-10-09T00:23:45.651828+00:00
662.0,110.72,114.14,104.43,2.0,9.0,0.21738453521728518,call,2026-12-31,SPY,773.8900146484375,2026-10-09T00:23:45.651828+00:00
663.0,117.75,121.13,110.48,5.0,16.0,0.3340215524291992,call,2026-12-31,SPY,773.8900146484375,2026-10-09T00:23:45.651828+00:00
664.0,0.0,0.0,116.63,1.0,0.0,1.0000000000000003e-05,call,2026-12-31,SPY,773.8900146484375,2026-10-09T00:23:45.651828+00:00
665.0,115.84,119.26,104.79,1.0,276.0,0.33112241149902344,call,2026-12-31,SPY,773.8900146484375,2026-10-09T00:23:45.651828+00:00
666.0,114.88,118.28,103.66,1.0,9.0,0.3291693060302734,call,2026-12-31,SPY,773.8900146484375,2026-10-09T00:23:45.651828+00:00
667.0,113.93,117.39,110.87,1.0,19.0,0.3282232705688476,call,2026-12-31,SPY,773.8900146484375,2026-10-09T00:23:45.651828+00:00
668.0,105.44,108.86,91.32,2.0,23.0,0.22196212615966793,call,2026-12-31,SPY,773.8900146484375,2026-10-09T00:23:45.651828+00:00
669.0,107.04,110.26,100.0,2.0,213.0,0.25928475097656256,call,2026-12-31,SPY,773.8900146484375,2026-10-09T00:23:45.651828+00:00
670.0,111.07,114.47,113.5,1.0,619.0,0.3225165405273437,call,2026-12-31,SPY,773.8900146484375,2026-10-09T00:23:45.651828+00:00
671.0,110.12,113.53,93.14,24.0,240.0,0.3209754182434082,call,2026-12-31,SPY,773.8900146484375,2026-10-09T00:23:45.651828+00:00
672.0,101.95,105.42,86.78,1.0,8.0,0.2249833361816406,call,2026-12-31,SPY,773.8900146484375,2026-10-09T00:23:45.651828+00:00
673.0,103.4,106.63,94.73,2.0,9.0,0.2567213000488281,call,2026-12-31,SPY,773.8900146484375,2026-10-09T00:23:45.651828+00:00
674.0,102.5,105.73,97.65,1.0,12.0,0.256141471862793,call,2026-12-31,SPY,773.8900146484375,2026-10-09T00:23:45.651828+00:00
675.0,106.32,109.72,108.36,1.0,758.0,0.3142158422851562,call,2026-12-31,SPY,773.8900146484375,2026-10-09T00:23:45.651828+00:00
676.0,103.34,106.87,99.4,1.0,62.0,0.29125159439086906,call,2026-12-31,SPY,773.8900146484375,2026-10-09T00:23:45.651828+00:00
677.0,0.0,0.0,111.54,1.0,0.0,1.0000000000000003e-05,call,2026-12-31,SPY,773.8900146484375,2026-10-09T00:23:45.651828+00:00
678.0,103.48,106.9,97.08,2.0,166.0,0.30951618225097655,call,2026-12-31,SPY,773.8900146484375,2026-10-09T00:23:45.651828+00:00
679.0,102.53,105.97,105.65,1.0,13.0,0.3080360945129394,call,2026-12-31,SPY,773.8900146484375,2026-10-09T00:23:45.651828+00:00
680.0,101.59,105.05,103.98,1.0,995.0,0.30664755859375,call,2026-12-31,SPY,773.8900146484375,2026-10-09T00:23:45.651828+00:00
681.0,100.64,104.08,102.83,1.0,135.0,0.3047402290344238,call,2026-12-31,SPY,773.8900146484375,2026-10-09T00:23:45.651828+00:00
682.0,99.7,103.17,92.35,3.0,56.0,0.30344324493408203,call,2026-12-31,SPY,773.8900146484375,2026-10-09T00:23:45.651828+00:00
683.0,98.76,102.23,100.93,1.0,23.0,0.3018258294677735,call,2026-12-31,SPY,773.8900146484375,2026-10-09T00:23:45.651828+00:00
684.0,97.82,101.28,103.96,1.0,20.0,0.30011686218261713,call,2026-12-31,SPY,773.8900146484375,2026-10-09T00:23:45.651828+00:00
685.0,96.88,100.36,103.32,1.0,436.0,0.29869780899047843,call,2026-12-31,SPY,773.8900146484375,2026-10-09T00:23:45.651828+00:00
686.0,91.67,94.96,78.89,4.0,113.0,0.2478712908935547,call,2026-12-31,SPY,773.8900146484375,2026-10-09T00:23:45.651828+00:00
687.0,95.0,98.46,92.72,1.0,109.0,0.2952188398742675,call,2026-12-31,SPY,773.8900146484375,2026-10-09T00:23:45.651828+00:00
688.0,94.06,97.52,84.86,5.0,70.0,0.2935709071350097,call,2026-12-31,SPY,773.8900146484375,2026-10-09T00:23:45.651828+00:00
689.0,93.13,96.6,102.62,6.0,119.0,0.2921213366699218,call,2026-12-31,SPY,773.8900146484375,2026-10-09T00:23:45.651828+00:00
690.0,92.19,95.64,91.75,7.0,339.0,0.29025978302001954,call,2026-12-31,SPY,773.8900146484375,2026-10-09T00:23:45.651828+00:00
691.0,0.0,0.0,99.81,2.0,0.0,1.0000000000000003e-05,call,2026-12-31,SPY,773.8900146484375,2026-10-09T00:23:45.651828+00:00
692.0,90.33,93.76,96.18,1.0,143.0,0.28691814163208,call,2026-12-31,SPY,773.8900146484375,2026-10-09T00:23:45.651828+00:00
693.0,89.39,92.85,84.56,1.0,57.0,0.28552960571289054,call,2026-12-31,SPY,773.8900146484375,2026-10-09T00:23:45.651828+00:00
694.0,0.0,0.0,96.7,2.0,0.0,1.0000000000000003e-05,call,2026-12-31,SPY,773.8900146484375,2026-10-09T00:23:45.651828+00:00
695.0,87.53,90.98,89.44,4.0,255.0,0.2822489988708496,call,2026-12-31,SPY,773.8900146484375,2026-10-09T00:23:45.651828+00:00
696.0,86.61,90.05,83.65,1.0,861.0,0.28064684204101553,call,2026-12-31,SPY,773.8900146484375,2026-10-09T00:23:45.651828+00:00
697.0,0.0,0.0,90.28,1.0,0.0,1.0000000000000003e-05,call,2026-12-31,SPY,773.8900146484375,2026-10-09T00:23:45.651828+00:00
698.0,84.75,88.21,82.31,1.0,172.0,0.2775951147460937,call,2026-12-31,SPY,773.8900146484375,2026-10-09T00:23:45.651828+00:00
699.0,83.83,87.22,69.71,1.0,257.0,0.27538261245727536,call,2026-12-31,SPY,773.8900146484375,2026-10-09T00:23:45.651828+00:00
700.0,82.91,86.72,84.71,2.0,1598.0,0.27782399429321286,call,2026-12-31,SPY,773.8900146484375,2026-10-09T00:23:45.651828+00:00
701.0,81.98,85.39,81.33,2.0,209.0,0.27237666107177727,call,2026-12-31,SPY,773.8900146484375,2026-10-09T00:23:45.651828+00:00
702.0,81.06,84.87,72.79,9.0,560.0,0.27457390472412113,call,2026-12-31,SPY,773.8900146484375,2026-10-09T00:23:45.651828+00:00
703.0,80.14,83.95,73.8,1.0,278.0,0.2729870065307617,call,2026-12-31,SPY,773.8900146484375,2026-10-09T00:23:45.651828+00:00
704.0,79.23,82.64,76.97,1.0,326.0,0.2677685528564453,call,2026-12-31,SPY,773.8900146484375,2026-10-09T00:23:45.651828+00:00
705.0,78.31,82.11,81.09,2.0,575.0,0.26976743423461913,call,2026-12-31,SPY,773.8900146484375,2026-10-09T00:23:45.651828+00:00
706.0,77.4,81.21,79.19,2.0,22.0,0.2683331224060058,call,2026-12-31,SPY,773.8900146484375,2026-10-09T00:23:45.651828+00:00
707.0,76.48,80.29,83.65,2.0,131.0,0.2667004483032227,call,2026-12-31,SPY,773.8900146484375,2026-10-09T00:23:45.651828+00:00
708.0,75.57,79.38,76.94,2.0,182.0,0.2651440673828125,call,2026-12-31,SPY,773.8900146484375,2026-10-09T00:23:45.651828+00:00
709.0,74.66,78.47,73.89,1.0,14.0,0.2635876864624024,call,2026-12-31,SPY,773.8900146484375,2026-10-09T00:23:45.651828+00:00
710.0,73.75,77.56,80.8,50.0,243.0,0.26201604690551755,call,2026-12-31,SPY,773.8900146484375,2026-10-09T00:23:45.651828+00:00
711.0,72.85,76.66,62.43,2.0,179.0,0.26052070053100584,call,2026-12-31,SPY,773.8900146484375,2026-10-09T00:23:45.651828+00:00
712.0,71.94,75.75,73.69,1.0,11.0,0.25891854370117195,call,2026-12-31,SPY,773.8900146484375,2026-10-09T00:23:45.651828+00:00
713.0,71.04,74.85,63.0,2.0,33.0,0.2574079386901856,call,2026-12-31,SPY,773.8900146484375,2026-10-09T00:23:45.651828+00:00
714.0,70.13,73.94,63.05,2.0,55.0,0.255790523223877,call,2026-12-31,SPY,773.8900146484375,2026-10-09T00:23:45.651828+00:00
715.0,69.23,73.05,76.1,11.0,1124.0,0.2543409527587891,call,2026-12-31,SPY,773.8900146484375,2026-10-09T00:23:45.651828+00:00
716.0,68.33,72.15,69.46,1.0,44.0,0.2527845718383789,call,2026-12-31,SPY,773.8900146484375,2026-10-09T00:23:45.651828+00:00
717.0,67.44,71.25,74.56,2.0,41.0,0.2512129322814941,call,2026-12-31,SPY,773.8900146484375,2026-10-09T00:23:45.651828+00:00
718.0,66.54,70.35,69.38,2.0,238.0,0.24964129272460936,call,2026-12-31,SPY,773.8900146484375,2026-10-09T00:23:45.651828+00:00
719.0,65.65,69.47,66.34,1.0,77.0,0.24820698089599608,call,2026-12-31,SPY,773.8900146484375,2026-10-09T00:23:45.651828+00:00
720.0,64.76,68.57,66.73,1366.0,1984.0,0.24660482406616213,call,2026-12-31,SPY,773.8900146484375,2026-10-09T00:23:45.651828+00:00
721.0,63.98,67.69,57.42,4.0,79.0,0.2451552536010742,call,2026-12-31,SPY,773.8900146484375,2026-10-09T00:23:45.651828+00:00
722.0,62.99,66.8,63.59,1.0,199.0,0.24361413131713866,call,2026-12-31,SPY,773.8900146484375,2026-10-09T00:23:45.651828+00:00
723.0,62.11,65.92,56.26,3.0,47.0,0.24213404357910157,call,2026-12-31,SPY,773.8900146484375,2026-10-09T00:23:45.651828+00:00
724.0,61.33,65.04,55.6,4.0,242.0,0.2406386972045898,call,2026-12-31,SPY,773.8900146484375,2026-10-09T00:23:45.651828+00:00
725.0,60.46,64.16,62.05,6.0,382.0,0.2391433508300781,call,2026-12-31,SPY,773.8900146484375,2026-10-09T00:23:45.651828+00:00
727.0,58.6,62.41,57.05,5.0,2.0,0.23615265808105468,call,2026-12-31,SPY,773.8900146484375,2026-10-09T00:23:45.651828+00:00
728.0,57.72,61.54,60.04,1.0,30.0,0.2346878289794922,call,2026-12-31,SPY,773.8900146484375,2026-10-09T00:23:45.651828+00:00
730.0,55.99,59.8,56.0,3.0,860.0,0.23169713623046873,call,2026-12-31,SPY,773.8900146484375,2026-10-09T00:23:45.651828+00:00
731.0,55.12,58.94,51.41,,1.0,0.23026282440185547,call,2026-12-31,SPY,773.8900146484375,2026-10-09T00:23:45.651828+00:00
732.0,54.26,56.52,52.43,,1.0,0.21637746520996093,call,2026-12-31,SPY,773.8900146484375,2026-10-09T00:23:45.651828+00:00
733.0,53.4,55.66,54.12,2.0,1.0,0.2149584120178223,call,2026-12-31,SPY,773.8900146484375,2026-10-09T00:23:45.651828+00:00
734.0,52.7,54.81,47.56,,64.0,0.21361565200805666,call,2026-12-31,SPY,773.8900146484375,2026-10-09T00:23:45.651828+00:00
735.0,51.69,53.95,58.03,15.0,1977.0,0.21218134017944335,call,2026-12-31,SPY,773.8900146484375,2026-10-09T00:23:45.651828+00:00
736.0,52.4,53.1,51.88,1.0,20.0,0.21079280426025387,call,2026-12-31,SPY,773.8900146484375,2026-10-09T00:23:45.651828+00:00
737.0,51.67,52.26,50.2,2.0,30.0,0.20946530288696286,call,2026-12-31,SPY,773.8900146484375,2026-10-09T00:23:45.651828+00:00
738.0,50.71,51.42,50.0,1.0,28.0,0.20812254287719723,call,2026-12-31,SPY,773.8900146484375,2026-10-09T00:23:45.651828+00:00
739.0,50.0,50.58,42.01,,3.0,0.20676452423095698,call,2026-12-31,SPY,773.8900146484375,2026-10-09T00:23:45.651828+00:00
740.0,47.48,49.74,49.0,1.0,1580.0,0.20537598831176757,call,2026-12-31,SPY,773.8900146484375,2026-10-09T00:23:45.651828+00:00
741.0,46.85,48.91,44.54,1.0,246.0,0.20403322830200193,call,2026-12-31,SPY,773.8900146484375,2026-10-09T00:23:45.651828+00:00
742.0,45.82,48.08,46.38,2.0,1.0,0.2026752096557617,call,2026-12-31,SPY,773.8900146484375,2026-10-09T00:23:45.651828+00:00
743.0,44.99,47.26,46.0,1.0,31.0,0.2013782255554199,call,2026-12-31,SPY,773.8900146484375,2026-10-09T00:23:45.651828+00:00
744.0,45.74,46.44,39.7,,64.0,0.20005072418212888,call,2026-12-31,SPY,773.8900146484375,2026-10-09T00:23:45.651828+00:00
745.0,45.06,45.62,50.25,2.0,1557.0,0.19870796417236325,call,2026-12-31,SPY,773.8900146484375,2026-10-09T00:23:45.651828+00:00
748.0,42.64,43.19,44.54,2.0,122.0,0.1947407186889648,call,2026-12-31,SPY,773.8900146484375,2026-10-09T00:23:45.651828+00:00
750.0,40.9,41.59,40.13,22.0,3349.0,0.19211623321533206,call,2026-12-31,SPY,773.8900146484375,2026-10-09T00:23:45.651828+00:00
751.0,40.26,40.8,42.14,2.0,64.0,0.19083450775146482,call,2026-12-31,SPY,773.8900146484375,2026-10-09T00:23:45.651828+00:00
752.0,39.32,40.01,35.21,,1.0,0.18952226501464847,call,2026-12-31,SPY,773.8900146484375,2026-10-09T00:23:45.651828+00:00
755.0,37.16,37.68,40.62,17.0,1155.0,0.18572286453247067,call,2026-12-31,SPY,773.8900146484375,2026-10-09T00:23:45.651828+00:00
757.0,35.64,36.15,40.87,1.0,3.0,0.18320518951416015,call,2026-12-31,SPY,773.8900146484375,2026-10-09T00:23:45.651828+00:00
758.0,34.88,35.39,28.52,,12.0,0.18193872268676758,call,2026-12-31,SPY,773.8900146484375,2026-10-09T00:23:45.651828+00:00
759.0,34.14,34.64,34.22,1.0,9.0,0.1807027731323242,call,2026-12-31,SPY,773.8900146484375,2026-10-09T00:23:45.651828+00:00
760.0,33.42,33.61,32.6,32.0,4506.0,0.17749845947265624,call,2026-12-31,SPY,773.8900146484375,2026-10-09T00:23:45.651828+00:00
761.0,32.64,33.15,31.7,1.0,6.0,0.1782156153869629,call,2026-12-31,SPY,773.8900146484375,2026-10-09T00:23:45.651828+00:00
762.0,31.75,32.42,30.84,4.0,107.0,0.17703307106018065,call,2026-12-31,SPY,773.8900146484375,2026-10-09T00:23:45.651828+00:00
763.0,31.02,31.69,35.4,1.0,22.0,0.17580475082397462,call,2026-12-31,SPY,773.8900146484375,2026-10-09T00:23:45.651828+00:00
764.0,30.49,30.97,35.66,1.0,15.0,0.1746222064971924,call,2026-12-31,SPY,773.8900146484375,2026-10-09T00:23:45.651828+00:00
765.0,29.81,29.97,30.0,16.0,1763.0,0.17147129806518557,call,2026-12-31,SPY,773.8900146484375,2026-10-09T00:23:45.651828+00:00
766.0,29.08,29.55,34.0,5.0,471.0,0.17228000579833985,call,2026-12-31,SPY,773.8900146484375,2026-10-09T00:23:45.651828+00:00
767.0,28.38,28.84,29.08,1.0,60.0,0.17104405624389651,call,2026-12-31,SPY,773.8900146484375,2026-10-09T00:23:45.651828+00:00
768.0,27.49,28.15,28.0,2.0,73.0,0.1699149171447754,call,2026-12-31,SPY,773.8900146484375,2026-10-09T00:23:45.651828+00:00
769.0,26.8,27.46,25.84,2.0,99.0,0.16875526077270514,call,2026-12-31,SPY,773.8900146484375,2026-10-09T00:23:45.651828+00:00
770.0,26.36,26.49,25.56,394.0,1966.0,0.16564249893188482,call,2026-12-31,SPY,773.8900146484375,2026-10-09T00:23:45.651828+00:00
771.0,25.66,26.11,29.2,4.0,44.0,0.16649698257446294,call,2026-12-31,SPY,773.8900146484375,2026-10-09T00:23:45.651828+00:00
772.0,25.03,25.16,25.15,82.0,28.0,0.16345288459777835,call,2026-12-31,SPY,773.8900146484375,2026-10-09T00:23:45.651828+00:00
773.0,24.14,24.79,23.81,32.0,235.0,0.16428448028564452,call,2026-12-31,SPY,773.8900146484375,2026-10-09T00:23:45.651828+00:00
774.0,23.49,24.14,23.77,42.0,27.0,0.1631858584594727,call,2026-12-31,SPY,773.8900146484375,2026-10-09T00:23:45.651828+00:00
775.0,23.09,23.2,22.67,334.0,3201.0,0.16008835525512694,call,2026-12-31,SPY,773.8900146484375,2026-10-09T00:23:45.651828+00:00
776.0,22.48,22.53,21.88,18.0,289.0,0.15876848320007328,call,2026-12-31,SPY,773.8900146484375,2026-10-09T00:23:45.651828+00:00
777.0,21.86,21.91,21.33,57.0,299.0,0.1577385252380371,call,2026-12-31,SPY,773.8900146484375,2026-10-09T00:23:45.651828+00:00
778.0,21.24,21.29,20.74,47.0,525.0,0.15667042068481446,call,2026-12-31,SPY,773.8900146484375,2026-10-09T00:23:45.651828+00:00
779.0,20.64,20.69,20.26,4.0,13.0,0.15567860931396482,call,2026-12-31,SPY,773.8900146484375,2026-10-09T00:23:45.651828+00:00
780.0,20.05,20.09,20.1,778.0,2288.0,0.15464102203369146,call,2026-12-31,SPY,773.8900146484375,2026-10-09T00:23:45.651828+00:00
781.0,19.46,19.51,18.47,6.0,84.0,0.15369498657226563,call,2026-12-31,SPY,773.8900146484375,2026-10-09T00:23:45.651828+00:00
782.0,18.89,18.93,18.33,11.0,63.0,0.15270317520141607,call,2026-12-31,SPY,773.8900146484375,2026-10-09T00:23:45.651828+00:00
783.0,18.32,18.37,19.0,1.0,372.0,0.15178765701293945,call,2026-12-31,SPY,773.8900146484375,2026-10-09T00:23:45.651828+00:00
784.0,17.77,17.81,17.06,11.0,155.0,0.1508263629150391,call,2026-12-31,SPY,773.8900146484375,2026-10-09T00:23:45.651828+00:00
785.0,17.22,17.26,17.29,1000.0,2017.0,0.1498803274536133,call,2026-12-31,SPY,773.8900146484375,2026-10-09T00:23:45.651828+00:00
786.0,16.68,16.73,16.03,2.0,447.0,0.14901058517456056,call,2026-12-31,SPY,773.8900146484375,2026-10-09T00:23:45.651828+00:00
787.0,16.16,16.2,15.69,10.0,111.0,0.148095066986084,call,2026-12-31,SPY,773.8900146484375,2026-10-09T00:23:45.651828+00:00
788.0,15.64,15.68,16.24,1.0,519.0,0.14719480743408203,call,2026-12-31,SPY,773.8900146484375,2026-10-09T00:23:45.651828+00:00
789.0,15.13,15.18,14.36,4.0,138.0,0.1463860997009277,call,2026-12-31,SPY,773.8900146484375,2026-10-09T00:23:45.651828+00:00
790.0,14.63,14.68,14.47,42.0,3326.0,0.145516357421875,call,2026-12-31,SPY,773.8900146484375,2026-10-09T00:23:45.651828+00:00
791.0,14.14,14.19,13.67,6.0,114.0,0.1446466151428223,call,2026-12-31,SPY,773.8900146484375,2026-10-09T00:23:45.651828+00:00
792.0,13.68,13.72,14.25,1.0,100.0,0.1438760540008545,call,2026-12-31,SPY,773.8900146484375,2026-10-09T00:23:45.651828+00:00
793.0,13.21,13.25,15.03,3.0,128.0,0.1430444583129883,call,2026-12-31,SPY,773.8900146484375,2026-10-09T00:23:45.651828+00:00
794.0,12.76,12.8,12.23,15.0,55.0,0.1422967851257324,call,2026-12-31,SPY,773.8900146484375,2026-10-09T00:23:45.651828+00:00
795.0,12.31,12.35,12.33,9.0,1573.0,0.14148807739257813,call,2026-12-31,SPY,773.8900146484375,2026-10-09T00:23:45.651828+00:00
796.0,11.88,11.92,13.47,1.0,257.0,0.14077092147827147,call,2026-12-31,SPY,773.8900146484375,2026-10-09T00:23:45.651828+00:00
797.0,11.45,11.49,10.62,2.0,152.0,0.1399774723815918,call,2026-12-31,SPY,773.8900146484375,2026-10-09T00:23:45.651828+00:00
798.0,11.04,11.08,10.4,6.0,84.0,0.1392908337402344,call,2026-12-31,SPY,773.8900146484375,2026-10-09T00:23:45.651828+00:00
799.0,10.64,10.68,9.94,3.0,70.0,0.13860419509887695,call,2026-12-31,SPY,773.8900146484375,2026-10-09T00:23:45.651828+00:00
800.0,10.24,10.28,10.29,253.0,7428.0,0.13785652191162112,call,2026-12-31,SPY,773.8900146484375,2026-10-09T00:23:45.651828+00:00
801.0,9.86,9.9,9.49,5.0,29.0,0.13720040054321292,call,2026-12-31,SPY,773.8900146484375,2026-10-09T00:23:45.651828+00:00
802.0,9.49,9.53,9.15,15.0,20944.0,0.13655953781127933,call,2026-12-31,SPY,773.8900146484375,2026-10-09T00:23:45.651828+00:00
803.0,9.12,9.17,8.7,4.0,43.0,0.13591867507934574,call,2026-12-31,SPY,773.8900146484375,2026-10-09T00:23:45.651828+00:00
804.0,8.77,8.82,8.24,20.0,643.0,0.13530832962036138,call,2026-12-31,SPY,773.8900146484375,2026-10-09T00:23:45.651828+00:00
805.0,8.43,8.47,8.26,674.0,3247.0,0.13463694961547856,call,2026-12-31,SPY,773.8900146484375,2026-10-09T00:23:45.651828+00:00
806.0,8.1,8.14,8.25,10.0,198.0,0.13404186279296876,call,2026-12-31,SPY,773.8900146484375,2026-10-09T00:23:45.651828+00:00
807.0,7.78,7.82,7.17,8.0,227.0,0.13347729324340818,call,2026-12-31,SPY,773.8900146484375,2026-10-09T00:23:45.651828+00:00
808.0,7.47,7.51,6.88,5.0,32.0,0.13292798233032227,call,2026-12-31,SPY,773.8900146484375,2026-10-09T00:23:45.651828+00:00
809.0,7.16,7.21,7.39,33.0,55.0,0.13239393005371097,call,2026-12-31,SPY,773.8900146484375,2026-10-09T00:23:45.651828+00:00
810.0,6.87,6.92,6.84,129.0,3151.0,0.13187513641357423,call,2026-12-31,SPY,773.8900146484375,2026-10-09T00:23:45.651828+00:00
811.0,6.59,6.63,6.56,105.0,302.0,0.13129530822753904,call,2026-12-31,SPY,773.8900146484375,2026-10-09T00:23:45.651828+00:00
812.0,6.32,6.36,6.03,10.0,121.0,0.13083754913330076,call,2026-12-31,SPY,773.8900146484375,2026-10-09T00:23:45.651828+00:00
813.0,6.05,6.09,6.88,2.0,191.0,0.1302882382202148,call,2026-12-31,SPY,773.8900146484375,2026-10-09T00:23:45.651828+00:00
814.0,5.8,5.83,5.58,58.0,572.0,0.12978470321655272,call,2026-12-31,SPY,773.8900146484375,2026-10-09T00:23:45.651828+00:00
815.0,5.55,5.59,5.33,65.0,4343.0,0.1293879786682129,call,2026-12-31,SPY,773.8900146484375,2026-10-09T00:23:45.651828+00:00
816.0,5.31,5.35,5.11,1.0,127.0,0.1289149609375,call,2026-12-31,SPY,773.8900146484375,2026-10-09T00:23:45.651828+00:00
817.0,5.08,5.12,4.92,3.0,709.0,0.12848771911621093,call,2026-12-31,SPY,773.8900146484375,2026-10-09T00:23:45.651828+00:00
818.0,4.86,4.89,4.76,5.0,1602.0,0.1279841841125488,call,2026-12-31,SPY,773.8900146484375,2026-10-09T00:23:45.651828+00:00
819.0,4.65,4.68,4.4,5.0,584.0,0.12760271820068358,call,2026-12-31,SPY,773.8900146484375,2026-10-09T00:23:45.651828+00:00
820.0,4.44,4.47,4.22,44.0,2608.0,0.12717547637939453,call,2026-12-31,SPY,773.8900146484375,2026-10-09T00:23:45.651828+00:00
821.0,4.24,4.27,3.94,4.0,122.0,0.1267787518310547,call,2026-12-31,SPY,773.8900146484375,2026-10-09T00:23:45.651828+00:00
822.0,4.05,4.08,3.83,16.0,409.0,0.12641254455566403,call,2026-12-31,SPY,773.8900146484375,2026-10-09T00:23:45.651828+00:00
823.0,3.86,3.9,3.63,6.0,553.0,0.12607685455322265,call,2026-12-31,SPY,773.8900146484375,2026-10-09T00:23:45.651828+00:00
824.0,3.69,3.72,3.36,5.0,565.0,0.12569538864135743,call,2026-12-31,SPY,773.8900146484375,2026-10-09T00:23:45.651828+00:00
825.0,3.52,3.55,3.34,32.0,3267.0,0.12534444000244144,call,2026-12-31,SPY,773.8900146484375,2026-10-09T00:23:45.651828+00:00
826.0,3.35,3.39,3.07,1.0,1120.0,0.12506978454589845,call,2026-12-31,SPY,773.8900146484375,2026-10-09T00:23:45.651828+00:00
827.0,3.19,3.23,3.1,3.0,51.0,0.1247035772705078,call,2026-12-31,SPY,773.8900146484375,2026-10-09T00:23:45.651828+00:00
828.0,3.04,3.08,3.31,1.0,91.0,0.12439840454101564,call,2026-12-31,SPY,773.8900146484375,2026-10-09T00:23:45.651828+00:00
829.0,2.9,2.93,2.79,2.0,628.0,0.124032197265625,call,2026-12-31,SPY,773.8900146484375,2026-10-09T00:23:45.651828+00:00
830.0,2.76,2.79,2.59,6.0,3601.0,0.12372702453613281,call,2026-12-31,SPY,773.8900146484375,2026-10-09T00:23:45.651828+00:00
831.0,2.63,2.66,2.54,4.0,500.0,0.12348288635253907,call,2026-12-31,SPY,773.8900146484375,2026-10-09T00:23:45.651828+00:00
832.0,2.5,2.53,2.34,2.0,171.0,0.12316245498657227,call,2026-12-31,SPY,773.8900146484375,2026-10-09T00:23:45.651828+00:00
833.0,2.37,2.4,2.6,1.0,88.0,0.12278098907470703,call,2026-12-31,SPY,773.8900146484375,2026-10-09T00:23:45.651828+00:00
834.0,2.26,2.29,3.11,4.0,7.0,0.12262840270996095,call,2026-12-31,SPY,773.8900146484375,2026-10-09T00:23:45.651828+00:00
835.0,2.14,2.17,2.05,24.0,3469.0,0.12223167816162112,call,2026-12-31,SPY,773.8900146484375,2026-10-09T00:23:45.651828+00:00
836.0,2.04,2.07,3.62,259.0,265.0,0.12210960906982424,call,2026-12-31,SPY,773.8900146484375,2026-10-09T00:23:45.651828+00:00
837.0,1.94,1.96,2.3,2.0,67.0,0.1217434017944336,call,2026-12-31,SPY,773.8900146484375,2026-10-09T00:23:45.651828+00:00
838.0,1.84,1.87,1.72,2.0,18.0,0.12165184997558594,call,2026-12-31,SPY,773.8900146484375,2026-10-09T00:23:45.651828+00:00
839.0,1.74,1.77,2.76,17.0,18.0,0.12131615997314452,call,2026-12-31,SPY,773.8900146484375,2026-10-09T00:23:45.651828+00:00
840.0,1.66,1.68,1.67,122.0,2290.0,0.1211025390625,call,2026-12-31,SPY,773.8900146484375,2026-10-09T00:23:45.651828+00:00
841.0,1.57,1.6,2.59,1.0,3.0,0.12098046997070314,call,2026-12-31,SPY,773.8900146484375,2026-10-09T00:23:45.651828+00:00
842.0,1.49,1.52,1.69,1.0,1.0,0.12079736633300782,call,2026-12-31,SPY,773.8900146484375,2026-10-09T00:23:45.651828+00:00
843.0,1.42,1.44,1.98,1.0,1.0,0.12055322814941406,call,2026-12-31,SPY,773.8900146484375,2026-10-09T00:23:45.651828+00:00
844.0,1.34,1.37,1.28,1.0,1.0,0.1204616763305664,call,2026-12-31,SPY,773.8900146484375,2026-10-09T00:23:45.651828+00:00
845.0,1.28,1.29,1.21,46.0,1624.0,0.12006495178222655,call,2026-12-31,SPY,773.8900146484375,2026-10-09T00:23:45.651828+00:00
846.0,1.21,1.23,2.01,1.0,1.0,0.12006495178222655,call,2026-12-31,SPY,773.8900146484375,2026-10-09T00:23:45.651828+00:00
847.0,1.15,1.17,1.03,1.0,3.0,0.12000391723632811,call,2026-12-31,SPY,773.8900146484375,2026-10-09T00:23:45.651828+00:00
849.0,1.03,1.05,1.03,18.0,3.0,0.11963770996093749,call,2026-12-31,SPY,773.8900146484375,2026-10-09T00:23:45.651828+00:00
850.0,0.98,1.0,0.93,96.0,12470.0,0.11963770996093749,call,2026-12-31,SPY,773.8900146484375,2026-10-09T00:23:45.651828+00:00
851.0,0.93,0.95,1.04,1.0,4.0,0.11957667541503905,call,2026-12-31,SPY,773.8900146484375,2026-10-09T00:23:45.651828+00:00
852.0,0.88,0.9,0.9,5.0,6.0,0.11945460632324219,call,2026-12-31,SPY,773.8900146484375,2026-10-09T00:23:45.651828+00:00
853.0,0.84,0.85,0.78,1.0,9.0,0.11927150268554687,call,2026-12-31,SPY,773.8900146484375,2026-10-09T00:23:45.651828+00:00
855.0,0.76,0.77,0.72,57.0,1955.0,0.11927150268554687,call,2026-12-31,SPY,773.8900146484375,2026-10-09T00:23:45.651828+00:00
857.0,0.68,0.69,0.77,1.0,2.0,0.11908839904785155,call,2026-12-31,SPY,773.8900146484375,2026-10-09T00:23:45.651828+00:00
858.0,0.65,0.66,0.78,1.0,1.0,0.11921046813964843,call,2026-12-31,SPY,773.8900146484375,2026-10-09T00:23:45.651828+00:00
860.0,0.59,0.6,0.56,2.0,3374.0,0.11933253723144531,call,2026-12-31,SPY,773.8900146484375,2026-10-09T00:23:45.651828+00:00
862.0,0.53,0.54,0.71,2.0,3.0,0.11927150268554687,call,2026-12-31,SPY,773.8900146484375,2026-10-09T00:23:45.651828+00:00
863.0,0.5,0.51,0.48,3.0,15.0,0.11914943359374999,call,2026-12-31,SPY,773.8900146484375,2026-10-09T00:23:45.651828+00:00
864.0,0.48,0.49,0.99,12.0,52.0,0.11939357177734375,call,2026-12-31,SPY,773.8900146484375,2026-10-09T00:23:45.651828+00:00
865.0,0.46,0.47,0.45,539.0,1694.0,0.11963770996093749,call,2026-12-31,SPY,773.8900146484375,2026-10-09T00:23:45.651828+00:00
866.0,0.43,0.44,0.95,3.0,4.0,0.11939357177734375,call,2026-12-31,SPY,773.8900146484375,2026-10-09T00:23:45.651828+00:00
869.0,0.38,0.39,0.34,,16.0,0.12012598632812499,call,2026-12-31,SPY,773.8900146484375,2026-10-09T00:23:45.651828+00:00
870.0,0.36,0.37,0.34,4.0,1757.0,0.12012598632812499,call,2026-12-31,SPY,773.8900146484375,2026-10-09T00:23:45.651828+00:00
875.0,0.29,0.3,0.44,3.0,749.0,0.12122460815429686,call,2026-12-31,SPY,773.8900146484375,2026-10-09T00:23:45.651828+00:00
880.0,0.23,0.24,0.22,8.0,649.0,0.12195702270507813,call,2026-12-31,SPY,773.8900146484375,2026-10-09T00:23:45.651828+00:00
885.0,0.19,0.2,0.19,1.0,1300.0,0.1235439208984375,call,2026-12-31,SPY,773.8900146484375,2026-10-09T00:23:45.651828+00:00
890.0,0.16,0.17,0.15,1.0,712.0,0.12525288818359376,call,2026-12-31,SPY,773.8900146484375,2026-10-09T00:23:45.651828+00:00
895.0,0.14,0.15,0.29,31.0,1037.0,0.12769427001953126,call,2026-12-31,SPY,773.8900146484375,2026-10-09T00:23:45.651828+00:00
900.0,0.12,0.13,0.12,162.0,9130.0,0.12964737548828126,call,2026-12-31,SPY,773.8900146484375,2026-10-09T00:23:45.651828+00:00
905.0,0.1,0.11,0.11,10.0,492.0,0.13111220458984374,call,2026-12-31,SPY,773.8900146484375,2026-10-09T00:23:45.651828+00:00
910.0,0.09,0.1,0.09,27.0,616.0,0.133797724609375,call,2026-12-31,SPY,773.8900146484375,2026-10-09T00:23:45.651828+00:00
915.0,0.07,0.08,0.1,2.0,553.0,0.13428600097656251,call,2026-12-31,SPY,773.8900146484375,2026-10-09T00:23:45.651828+00:00
920.0,0.06,0.07,0.07,2.0,392.0,0.1362391064453125,call,2026-12-31,SPY,773.8900146484375,2026-10-09T00:23:45.651828+00:00
925.0,0.06,0.07,0.06,2.0,353.0,0.1401453173828125,call,2026-12-31,SPY,773.8900146484375,2026-10-09T00:23:45.651828+00:00
930.0,0.05,0.06,0.09,3.0,275.0,0.141610146484375,call,2026-12-31,SPY,773.8900146484375,2026-10-09T00:23:45.651828+00:00
935.0,0.04,0.05,0.1,20.0,175.0,0.14258669921875,call,2026-12-31,SPY,773.8900146484375,2026-10-09T00:23:45.651828+00:00
940.0,0.04,0.05,0.04,26.0,750.0,0.14600463378906248,call,2026-12-31,SPY,773.8900146484375,2026-10-09T00:23:45.651828+00:00
460.0,0.38,0.39,0.41,14.0,2146.0,0.4580132324218751,put,2026-12-31,SPY,773.8900146484375,2026-10-09T00:23:45.651828+00:00
465.0,0.4,0.41,0.41,3.0,306.0,0.45215391601562505,put,2026-12-31,SPY,773.8900146484375,2026-10-09T00:23:45.651828+00:00
470.0,0.42,0.43,0.4,1.0,48.0,0.44605046142578125,put,2026-12-31,SPY,773.8900146484375,2026-10-09T00:23:45.651828+00:00
475.0,0.44,0.45,0.42,5.0,726.0,0.4401911450195312,put,2026-12-31,SPY,773.8900146484375,2026-10-09T00:23:45.651828+00:00
480.0,0.46,0.47,0.47,6.0,16173.0,0.43408769042968753,put,2026-12-31,SPY,773.8900146484375,2026-10-09T00:23:45.651828+00:00
485.0,0.48,0.49,0.45,4.0,354.0,0.42774009765625004,put,2026-12-31,SPY,773.8900146484375,2026-10-09T00:23:45.651828+00:00
490.0,0.5,0.51,0.51,1966.0,5288.0,0.42163664306640625,put,2026-12-31,SPY,773.8900146484375,2026-10-09T00:23:45.651828+00:00
495.0,0.53,0.54,0.53,92.0,195.0,0.4162656030273437,put,2026-12-31,SPY,773.8900146484375,2026-10-09T00:23:45.651828+00:00
500.0,0.55,0.57,0.56,21.0,1388.0,0.41089456298828125,put,2026-12-31,SPY,773.8900146484375,2026-10-09T00:23:45.651828+00:00
505.0,0.58,0.59,0.57,3.0,374.0,0.40454697021484376,put,2026-12-31,SPY,773.8900146484375,2026-10-09T00:23:45.651828+00:00
510.0,0.61,0.62,0.57,8.0,801.0,0.39893179199218753,put,2026-12-31,SPY,773.8900146484375,2026-10-09T00:23:45.651828+00:00
515.0,0.64,0.65,0.58,5.0,120.0,0.3931945446777344,put,2026-12-31,SPY,773.8900146484375,2026-10-09T00:23:45.651828+00:00
520.0,0.67,0.68,0.66,3.0,944.0,0.38733522827148437,put,2026-12-31,SPY,773.8900146484375,2026-10-09T00:23:45.651828+00:00
525.0,0.7,0.72,0.71,15.0,711.0,0.38220832641601554,put,2026-12-31,SPY,773.8900146484375,2026-10-09T00:23:45.651828+00:00
530.0,0.74,0.75,0.77,230.0,1475.0,0.37622694091796877,put,2026-12-31,SPY,773.8900146484375,2026-10-09T00:23:45.651828+00:00
535.0,0.77,0.79,0.79,9.0,15323.0,0.37085590087890624,put,2026-12-31,SPY,773.8900146484375,2026-10-09T00:23:45.651828+00:00
540.0,0.81,0.82,0.8,2.0,813.0,0.36475244628906256,put,2026-12-31,SPY,773.8900146484375,2026-10-09T00:23:45.651828+00:00
545.0,0.85,0.86,0.86,40.0,1695.0,0.3591372680664062,put,2026-12-31,SPY,773.8900146484375,2026-10-09T00:23:45.651828+00:00
550.0,0.89,0.9,0.88,46.0,86701.0,0.3534000207519531,put,2026-12-31,SPY,773.8900146484375,2026-10-09T00:23:45.651828+00:00
555.0,0.94,0.95,0.86,9.0,892.0,0.3481510498046875,put,2026-12-31,SPY,773.8900146484375,2026-10-09T00:23:45.651828+00:00
560.0,0.98,1.0,0.9,5.0,1201.0,0.34278000976562495,put,2026-12-31,SPY,773.8900146484375,2026-10-09T00:23:45.651828+00:00
565.0,1.03,1.04,0.96,6.0,885.0,0.3367986242675781,put,2026-12-31,SPY,773.8900146484375,2026-10-09T00:23:45.651828+00:00
570.0,1.08,1.09,1.03,1.0,897.0,0.3311834460449219,put,2026-12-31,SPY,773.8900146484375,2026-10-09T00:23:45.651828+00:00
575.0,1.13,1.15,1.16,8.0,1052.0,0.3259344750976562,put,2026-12-31,SPY,773.8900146484375,2026-10-09T00:23:45.651828+00:00
580.0,1.19,1.2,1.26,19.0,2412.0,0.3201361932373046,put,2026-12-31,SPY,773.8900146484375,2026-10-09T00:23:45.651828+00:00
585.0,1.25,1.26,1.34,2.0,456.0,0.3145820495605468,put,2026-12-31,SPY,773.8900146484375,2026-10-09T00:23:45.651828+00:00
586.0,1.26,1.28,1.7,,2.0,0.3138496350097656,put,2026-12-31,SPY,773.8900146484375,2026-10-09T00:23:45.651828+00:00
588.0,1.29,1.3,1.52,4.0,14.0,0.31140825317382803,put,2026-12-31,SPY,773.8900146484375,2026-10-09T00:23:45.651828+00:00
589.0,1.3,1.32,1.67,2.0,2.0,0.31061480407714837,put,2026-12-31,SPY,773.8900146484375,2026-10-09T00:23:45.651828+00:00
590.0,1.31,1.33,1.26,3.0,1119.0,0.30939411315917964,put,2026-12-31,SPY,773.8900146484375,2026-10-09T00:23:45.651828+00:00
592.0,1.34,1.35,1.83,2.0,212.0,0.3069527313232422,put,2026-12-31,SPY,773.8900146484375,2026-10-09T00:23:45.651828+00:00
595.0,1.38,1.4,1.34,5.0,818.0,0.3040230731201171,put,2026-12-31,SPY,773.8900146484375,2026-10-09T00:23:45.651828+00:00
599.0,1.44,1.45,1.32,3.0,496.0,0.2993844476318359,put,2026-12-31,SPY,773.8900146484375,2026-10-09T00:23:45.651828+00:00
600.0,1.45,1.47,1.54,20.0,4119.0,0.29846892944335934,put,2026-12-31,SPY,773.8900146484375,2026-10-09T00:23:45.651828+00:00
601.0,1.47,1.48,1.68,2.0,277.0,0.29724823852539056,put,2026-12-31,SPY,773.8900146484375,2026-10-09T00:23:45.651828+00:00
604.0,1.51,1.53,2.06,2.0,16.0,0.2941354766845703,put,2026-12-31,SPY,773.8900146484375,2026-10-09T00:23:45.651828+00:00
605.0,1.53,1.54,1.39,303.0,2883.0,0.292853751220703,put,2026-12-31,SPY,773.8900146484375,2026-10-09T00:23:45.651828+00:00
606.0,1.55,1.56,1.41,3.0,13.0,0.291877198486328,put,2026-12-31,SPY,773.8900146484375,2026-10-09T00:23:45.651828+00:00
608.0,1.58,1.59,1.7,1.0,14.0,0.28967995483398434,put,2026-12-31,SPY,773.8900146484375,2026-10-09T00:23:45.651828+00:00
609.0,1.6,1.61,2.17,10.0,11.0,0.2887034020996093,put,2026-12-31,SPY,773.8900146484375,2026-10-09T00:23:45.651828+00:00
610.0,1.61,1.63,1.65,25.0,30561.0,0.2877268493652343,put,2026-12-31,SPY,773.8900146484375,2026-10-09T00:23:45.651828+00:00
612.0,1.65,1.66,1.5,6.0,321.0,0.2854075366210937,put,2026-12-31,SPY,773.8900146484375,2026-10-09T00:23:45.651828+00:00
613.0,1.66,1.68,1.65,105.0,72.0,0.28443098388671867,put,2026-12-31,SPY,773.8900146484375,2026-10-09T00:23:45.651828+00:00
614.0,1.68,1.7,1.6,64.0,66.0,0.2834544311523437,put,2026-12-31,SPY,773.8900146484375,2026-10-09T00:23:45.651828+00:00
615.0,1.7,1.71,1.8,126.0,7827.0,0.28211167114257807,put,2026-12-31,SPY,773.8900146484375,2026-10-09T00:23:45.651828+00:00
616.0,1.72,1.73,2.19,324.0,324.0,0.2810740838623046,put,2026-12-31,SPY,773.8900146484375,2026-10-09T00:23:45.651828+00:00
617.0,1.74,1.75,1.56,63.0,130.0,0.28003649658203117,put,2026-12-31,SPY,773.8900146484375,2026-10-09T00:23:45.651828+00:00
618.0,1.75,1.77,1.62,63.0,65.0,0.2790599438476562,put,2026-12-31,SPY,773.8900146484375,2026-10-09T00:23:45.651828+00:00
619.0,1.77,1.79,1.8,63.0,73.0,0.27802235656738283,put,2026-12-31,SPY,773.8900146484375,2026-10-09T00:23:45.651828+00:00
620.0,1.79,1.81,1.81,91.0,3373.0,0.2769237347412109,put,2026-12-31,SPY,773.8900146484375,2026-10-09T00:23:45.651828+00:00
621.0,1.81,1.83,1.93,1.0,371.0,0.2758861474609374,put,2026-12-31,SPY,773.8900146484375,2026-10-09T00:23:45.651828+00:00
622.0,1.83,1.85,1.66,63.0,544.0,0.27484856018066406,put,2026-12-31,SPY,773.8900146484375,2026-10-09T00:23:45.651828+00:00
623.0,1.85,1.87,1.68,63.0,197.0,0.27374993835449213,put,2026-12-31,SPY,773.8900146484375,2026-10-09T00:23:45.651828+00:00
624.0,1.87,1.89,1.87,10.0,191.0,0.2727123510742187,put,2026-12-31,SPY,773.8900146484375,2026-10-09T00:23:45.651828+00:00
625.0,1.89,1.91,2.04,10.0,545.0,0.27161372924804683,put,2026-12-31,SPY,773.8900146484375,2026-10-09T00:23:45.651828+00:00
626.0,1.91,1.93,1.91,63.0,405.0,0.270515107421875,put,2026-12-31,SPY,773.8900146484375,2026-10-09T00:23:45.651828+00:00
627.0,1.93,1.95,2.06,2.0,1459.0,0.2694164855957031,put,2026-12-31,SPY,773.8900146484375,2026-10-09T00:23:45.651828+00:00
628.0,1.95,1.97,2.8,1.0,162.0,0.2683178637695312,put,2026-12-31,SPY,773.8900146484375,2026-10-09T00:23:45.651828+00:00
629.0,1.98,1.99,2.59,15.0,296.0,0.2672192419433594,put,2026-12-31,SPY,773.8900146484375,2026-10-09T00:23:45.651828+00:00
630.0,2.0,2.02,1.99,35.0,454.0,0.26636475830078127,put,2026-12-31,SPY,773.8900146484375,2026-10-09T00:23:45.651828+00:00
631.0,2.02,2.04,2.01,15.0,213.0,0.26520510192871094,put,2026-12-31,SPY,773.8900146484375,2026-10-09T00:23:45.651828+00:00
632.0,2.04,2.06,2.16,122.0,422.0,0.264106480102539,put,2026-12-31,SPY,773.8900146484375,2026-10-09T00:23:45.651828+00:00
633.0,2.07,2.09,2.49,271.0,298.0,0.2632214791870118,put,2026-12-31,SPY,773.8900146484375,2026-10-09T00:23:45.651828+00:00
634.0,2.09,2.11,2.07,1.0,426.0,0.2620923400878906,put,2026-12-31,SPY,773.8900146484375,2026-10-09T00:23:45.651828+00:00
635.0,2.12,2.13,1.95,8.0,756.0,0.26093268371582035,put,2026-12-31,SPY,773.8900146484375,2026-10-09T00:23:45.651828+00:00
636.0,2.14,2.16,2.21,2.0,437.0,0.2600171655273438,put,2026-12-31,SPY,773.8900146484375,2026-10-09T00:23:45.651828+00:00
637.0,2.17,2.19,2.0,3.0,328.0,0.2591016473388672,put,2026-12-31,SPY,773.8900146484375,2026-10-09T00:23:45.651828+00:00
638.0,2.19,2.21,2.17,124.0,320.0,0.25794199096679693,put,2026-12-31,SPY,773.8900146484375,2026-10-09T00:23:45.651828+00:00
639.0,2.22,2.24,2.21,36.0,772.0,0.2569654382324219,put,2026-12-31,SPY,773.8900146484375,2026-10-09T00:23:45.651828+00:00
640.0,2.24,2.26,2.26,41.0,1263.0,0.25580578186035163,put,2026-12-31,SPY,773.8900146484375,2026-10-09T00:23:45.651828+00:00
641.0,2.27,2.29,2.73,76.0,297.0,0.2548292291259766,put,2026-12-31,SPY,773.8900146484375,2026-10-09T00:23:45.651828+00:00
642.0,2.3,2.32,2.17,62.0,245.0,0.2538526763916016,put,2026-12-31,SPY,773.8900146484375,2026-10-09T00:23:45.651828+00:00
643.0,2.33,2.34,2.39,292.0,510.0,0.2526625027465821,put,2026-12-31,SPY,773.8900146484375,2026-10-09T00:23:45.651828+00:00
644.0,2.35,2.37,2.11,64.0,80.0,0.25165543273925783,put,2026-12-31,SPY,773.8900146484375,2026-10-09T00:23:45.651828+00:00
645.0,2.38,2.4,2.39,62.0,1808.0,0.2506788800048828,put,2026-12-31,SPY,773.8900146484375,2026-10-09T00:23:45.651828+00:00
646.0,2.41,2.43,2.15,64.0,130.0,0.24967180999755856,put,2026-12-31,SPY,773.8900146484375,2026-10-09T00:23:45.651828+00:00
647.0,2.44,2.46,2.7,1.0,258.0,0.2486647399902344,put,2026-12-31,SPY,773.8900146484375,2026-10-09T00:23:45.651828+00:00
648.0,2.47,2.49,3.03,9.0,55.0,0.24762715270996094,put,2026-12-31,SPY,773.8900146484375,2026-10-09T00:23:45.651828+00:00
649.0,2.5,2.52,2.55,5.0,128.0,0.24658956542968752,put,2026-12-31,SPY,773.8900146484375,2026-10-09T00:23:45.651828+00:00
650.0,2.53,2.55,2.64,31.0,89604.0,0.24555197814941404,put,2026-12-31,SPY,773.8900146484375,2026-10-09T00:23:45.651828+00:00
651.0,2.56,2.58,2.34,6.0,110.0,0.24451439086914065,put,2026-12-31,SPY,773.8900146484375,2026-10-09T00:23:45.651828+00:00
652.0,2.59,2.61,2.57,22.0,158.0,0.24344628631591797,put,2026-12-31,SPY,773.8900146484375,2026-10-09T00:23:45.651828+00:00
653.0,2.62,2.64,3.63,14.0,150.0,0.2423781817626953,put,2026-12-31,SPY,773.8900146484375,2026-10-09T00:23:45.651828+00:00
654.0,2.66,2.68,2.92,1.0,274.0,0.24149318084716798,put,2026-12-31,SPY,773.8900146484375,2026-10-09T00:23:45.651828+00:00
655.0,2.69,2.71,2.53,1.0,355.0,0.24042507629394527,put,2026-12-31,SPY,773.8900146484375,2026-10-09T00:23:45.651828+00:00
656.0,2.73,2.74,2.8,1.0,187.0,0.2393264544677734,put,2026-12-31,SPY,773.8900146484375,2026-10-09T00:23:45.651828+00:00
657.0,2.76,2.78,2.91,1.0,151.0,0.23841093627929685,put,2026-12-31,SPY,773.8900146484375,2026-10-09T00:23:45.651828+00:00
658.0,2.8,2.81,3.29,1.0,109.0,0.23728179718017578,put,2026-12-31,SPY,773.8900146484375,2026-10-09T00:23:45.651828+00:00
659.0,2.83,2.85,2.57,1.0,216.0,0.23633576171874998,put,2026-12-31,SPY,773.8900146484375,2026-10-09T00:23:45.651828+00:00
660.0,2.87,2.89,2.92,8.0,2692.0,0.2354202435302734,put,2026-12-31,SPY,773.8900146484375,2026-10-09T00:23:45.651828+00:00
661.0,2.9,2.92,2.73,86.0,698.0,0.2342605871582031,put,2026-12-31,SPY,773.8900146484375,2026-10-09T00:23:45.651828+00:00
662.0,2.94,2.96,2.65,1.0,140.0,0.2332840344238281,put,2026-12-31,SPY,773.8900146484375,2026-10-09T00:23:45.651828+00:00
663.0,2.98,3.0,5.89,3.0,427.0,0.23230748168945312,put,2026-12-31,SPY,773.8900146484375,2026-10-09T00:23:45.651828+00:00
664.0,3.02,3.04,2.88,2.0,333.0,0.23133092895507812,put,2026-12-31,SPY,773.8900146484375,2026-10-09T00:23:45.651828+00:00
665.0,3.06,3.08,3.28,41.0,5972.0,0.23032385894775392,put,2026-12-31,SPY,773.8900146484375,2026-10-09T00:23:45.651828+00:00
666.0,3.1,3.12,3.15,1.0,274.0,0.2293167889404297,put,2026-12-31,SPY,773.8900146484375,2026-10-09T00:23:45.651828+00:00
667.0,3.14,3.16,2.83,1.0,539.0,0.22827920166015625,put,2026-12-31,SPY,773.8900146484375,2026-10-09T00:23:45.651828+00:00
668.0,3.18,3.2,2.81,10.0,56.0,0.22724161437988277,put,2026-12-31,SPY,773.8900146484375,2026-10-09T00:23:45.651828+00:00
669.0,3.22,3.24,3.73,6.0,541.0,0.22620402709960938,put,2026-12-31,SPY,773.8900146484375,2026-10-09T00:23:45.651828+00:00
670.0,3.26,3.28,3.33,97.0,1420.0,0.22516643981933593,put,2026-12-31,SPY,773.8900146484375,2026-10-09T00:23:45.651828+00:00
671.0,3.31,3.33,3.27,2.0,247.0,0.22425092163085933,put,2026-12-31,SPY,773.8900146484375,2026-10-09T00:23:45.651828+00:00
672.0,3.35,3.37,3.16,7.0,44.0,0.2231828170776367,put,2026-12-31,SPY,773.8900146484375,2026-10-09T00:23:45.651828+00:00
673.0,3.4,3.42,2.97,3.0,207.0,0.2222367816162109,put,2026-12-31,SPY,773.8900146484375,2026-10-09T00:23:45.651828+00:00
674.0,3.44,3.46,3.73,2.0,235.0,0.22113815979003904,put,2026-12-31,SPY,773.8900146484375,2026-10-09T00:23:45.651828+00:00
675.0,3.49,3.51,3.67,7.0,777.0,0.22019212432861324,put,2026-12-31,SPY,773.8900146484375,2026-10-09T00:23:45.651828+00:00
676.0,3.54,3.56,4.21,10.0,49.0,0.2192460888671875,put,2026-12-31,SPY,773.8900146484375,2026-10-09T00:23:45.651828+00:00
677.0,3.59,3.61,3.72,1.0,349.0,0.21826953613281247,put,2026-12-31,SPY,773.8900146484375,2026-10-09T00:23:45.651828+00:00
678.0,3.64,3.66,3.77,1.0,714.0,0.21726246612548827,put,2026-12-31,SPY,773.8900146484375,2026-10-09T00:23:45.651828+00:00
679.0,3.69,3.71,4.22,2.0,687.0,0.21625539611816402,put,2026-12-31,SPY,773.8900146484375,2026-10-09T00:23:45.651828+00:00
680.0,3.74,3.76,3.85,40.0,2921.0,0.21524832611083983,put,2026-12-31,SPY,773.8900146484375,2026-10-09T00:23:45.651828+00:00
681.0,3.79,3.81,3.37,42.0,58.0,0.2142107388305664,put,2026-12-31,SPY,773.8900146484375,2026-10-09T00:23:45.651828+00:00
682.0,3.84,3.86,3.86,7.0,2211.0,0.21317315155029298,put,2026-12-31,SPY,773.8900146484375,2026-10-09T00:23:45.651828+00:00
683.0,3.89,3.92,3.82,1.0,120.0,0.2122576333618164,put,2026-12-31,SPY,773.8900146484375,2026-10-09T00:23:45.651828+00:00
684.0,3.95,3.97,3.96,9.0,644.0,0.2111895288085937,put,2026-12-31,SPY,773.8900146484375,2026-10-09T00:23:45.651828+00:00
685.0,4.01,4.02,4.37,75.0,2776.0,0.21012142425537106,put,2026-12-31,SPY,773.8900146484375,2026-10-09T00:23:45.651828+00:00
686.0,4.06,4.08,3.95,1.0,624.0,0.20917538879394526,put,2026-12-31,SPY,773.8900146484375,2026-10-09T00:23:45.651828+00:00
687.0,4.12,4.14,5.67,7.0,772.0,0.20819883605957026,put,2026-12-31,SPY,773.8900146484375,2026-10-09T00:23:45.651828+00:00
688.0,4.18,4.2,3.94,2.0,520.0,0.20722228332519527,put,2026-12-31,SPY,773.8900146484375,2026-10-09T00:23:45.651828+00:00
689.0,4.24,4.26,3.86,10.0,629.0,0.20621521331787107,put,2026-12-31,SPY,773.8900146484375,2026-10-09T00:23:45.651828+00:00
690.0,4.3,4.32,4.39,222.0,3085.0,0.20520814331054685,put,2026-12-31,SPY,773.8900146484375,2026-10-09T00:23:45.651828+00:00
691.0,4.36,4.38,4.1,5.0,431.0,0.20420107330322262,put,2026-12-31,SPY,773.8900146484375,2026-10-09T00:23:45.651828+00:00
692.0,4.43,4.45,4.49,2.0,227.0,0.20328555511474605,put,2026-12-31,SPY,773.8900146484375,2026-10-09T00:23:45.651828+00:00
693.0,4.49,4.51,4.56,1.0,109.0,0.20223270919799802,put,2026-12-31,SPY,773.8900146484375,2026-10-09T00:23:45.651828+00:00
694.0,4.56,4.58,4.74,3.0,38.0,0.20130193237304686,put,2026-12-31,SPY,773.8900146484375,2026-10-09T00:23:45.651828+00:00
695.0,4.62,4.64,4.69,2.0,1440.0,0.20020331054687499,put,2026-12-31,SPY,773.8900146484375,2026-10-09T00:23:45.651828+00:00
696.0,4.69,4.71,4.44,1.0,1127.0,0.1992420164489746,put,2026-12-31,SPY,773.8900146484375,2026-10-09T00:23:45.651828+00:00
697.0,4.76,4.78,4.9,3.0,32.0,0.198250205078125,put,2026-12-31,SPY,773.8900146484375,2026-10-09T00:23:45.651828+00:00
698.0,4.83,4.85,5.02,3.0,55.0,0.19725839370727538,put,2026-12-31,SPY,773.8900146484375,2026-10-09T00:23:45.651828+00:00
699.0,4.9,4.92,5.34,21.0,123.0,0.19623606506347657,put,2026-12-31,SPY,773.8900146484375,2026-10-09T00:23:45.651828+00:00
700.0,4.97,4.99,5.08,261.0,8310.0,0.19519847778320312,put,2026-12-31,SPY,773.8900146484375,2026-10-09T00:23:45.651828+00:00
701.0,5.05,5.07,5.26,161.0,217.0,0.19428295959472658,put,2026-12-31,SPY,773.8900146484375,2026-10-09T00:23:45.651828+00:00
702.0,5.12,5.14,5.37,16.0,206.0,0.19321485504150393,put,2026-12-31,SPY,773.8900146484375,2026-10-09T00:23:45.651828+00:00
703.0,5.2,5.22,4.5,1.0,222.0,0.1922383023071289,put,2026-12-31,SPY,773.8900146484375,2026-10-09T00:23:45.651828+00:00
704.0,5.28,5.3,5.66,1.0,488.0,0.19126174957275394,put,2026-12-31,SPY,773.8900146484375,2026-10-09T00:23:45.651828+00:00
705.0,5.36,5.38,5.8,2.0,871.0,0.1902699382019043,put,2026-12-31,SPY,773.8900146484375,2026-10-09T00:23:45.651828+00:00
706.0,5.44,5.46,5.53,2.0,136.0,0.1892476095581055,put,2026-12-31,SPY,773.8900146484375,2026-10-09T00:23:45.651828+00:00
707.0,5.53,5.55,5.96,1.0,160.0,0.18833209136962892,put,2026-12-31,SPY,773.8900146484375,2026-10-09T00:23:45.651828+00:00
708.0,5.61,5.63,5.76,24.0,325.0,0.1872945040893555,put,2026-12-31,SPY,773.8900146484375,2026-10-09T00:23:45.651828+00:00
709.0,5.7,5.72,6.07,5.0,263.0,0.18631795135498047,put,2026-12-31,SPY,773.8900146484375,2026-10-09T00:23:45.651828+00:00
710.0,5.79,5.81,5.88,86.0,2556.0,0.18534139862060545,put,2026-12-31,SPY,773.8900146484375,2026-10-09T00:23:45.651828+00:00
711.0,5.88,5.9,5.88,1.0,375.0,0.18434958724975586,put,2026-12-31,SPY,773.8900146484375,2026-10-09T00:23:45.651828+00:00
712.0,5.97,5.99,6.16,98.0,353.0,0.183327258605957,put,2026-12-31,SPY,773.8900146484375,2026-10-09T00:23:45.651828+00:00
713.0,6.06,6.08,6.21,1.0,482.0,0.1823049299621582,put,2026-12-31,SPY,773.8900146484375,2026-10-09T00:23:45.651828+00:00
714.0,6.16,6.18,6.26,2.0,105.0,0.1813588945007324,put,2026-12-31,SPY,773.8900146484375,2026-10-09T00:23:45.651828+00:00
715.0,6.25,6.28,6.26,65.0,669.0,0.18039760040283204,put,2026-12-31,SPY,773.8900146484375,2026-10-09T00:23:45.651828+00:00
716.0,6.35,6.38,6.21,41.0,453.0,0.17939053039550779,put,2026-12-31,SPY,773.8900146484375,2026-10-09T00:23:45.651828+00:00
717.0,6.46,6.48,6.47,12.0,531.0,0.1783834603881836,put,2026-12-31,SPY,773.8900146484375,2026-10-09T00:23:45.651828+00:00
718.0,6.56,6.58,6.02,11.0,353.0,0.17736113174438478,put,2026-12-31,SPY,773.8900146484375,2026-10-09T00:23:45.651828+00:00
719.0,6.67,6.69,6.93,1.0,939.0,0.1763998376464844,put,2026-12-31,SPY,773.8900146484375,2026-10-09T00:23:45.651828+00:00
720.0,6.78,6.8,6.74,1534.0,4013.0,0.17543854354858396,put,2026-12-31,SPY,773.8900146484375,2026-10-09T00:23:45.651828+00:00
721.0,6.89,6.91,7.05,2.0,385.0,0.1744467321777344,put,2026-12-31,SPY,773.8900146484375,2026-10-09T00:23:45.651828+00:00
722.0,7.0,7.02,6.05,17.0,555.0,0.17342440353393557,put,2026-12-31,SPY,773.8900146484375,2026-10-09T00:23:45.651828+00:00
723.0,7.11,7.14,7.41,2.0,21801.0,0.17247836807250982,put,2026-12-31,SPY,773.8900146484375,2026-10-09T00:23:45.651828+00:00
724.0,7.23,7.25,7.07,1.0,318.0,0.17142552215576173,put,2026-12-31,SPY,773.8900146484375,2026-10-09T00:23:45.651828+00:00
725.0,7.34,7.37,7.47,17.0,2132.0,0.17043371078491215,put,2026-12-31,SPY,773.8900146484375,2026-10-09T00:23:45.651828+00:00
726.0,7.47,7.49,7.65,1.0,45.0,0.1694113821411133,put,2026-12-31,SPY,773.8900146484375,2026-10-09T00:23:45.651828+00:00
727.0,7.59,7.62,7.62,5.0,9.0,0.16846534667968754,put,2026-12-31,SPY,773.8900146484375,2026-10-09T00:23:45.651828+00:00
728.0,7.72,7.74,7.89,3.0,15.0,0.16741250076293945,put,2026-12-31,SPY,773.8900146484375,2026-10-09T00:23:45.651828+00:00
729.0,7.85,7.87,8.16,3.0,37.0,0.16642068939208987,put,2026-12-31,SPY,773.8900146484375,2026-10-09T00:23:45.651828+00:00
730.0,7.98,8.01,8.11,172.0,8731.0,0.1654899125671387,put,2026-12-31,SPY,773.8900146484375,2026-10-09T00:23:45.651828+00:00
731.0,8.12,8.14,8.15,6.0,13.0,0.1644523252868652,put,2026-12-31,SPY,773.8900146484375,2026-10-09T00:23:45.651828+00:00
732.0,8.25,8.28,8.39,4.0,246.0,0.16347577255249024,put,2026-12-31,SPY,773.8900146484375,2026-10-09T00:23:45.651828+00:00
733.0,8.4,8.42,8.53,66.0,213.0,0.16246870254516604,put,2026-12-31,SPY,773.8900146484375,2026-10-09T00:23:45.651828+00:00
734.0,8.54,8.57,8.68,2.0,77.0,0.1615226670837402,put,2026-12-31,SPY,773.8900146484375,2026-10-09T00:23:45.651828+00:00
735.0,8.69,8.71,8.8,35.0,1155.0,0.1604698211669922,put,2026-12-31,SPY,773.8900146484375,2026-10-09T00:23:45.651828+00:00
736.0,8.84,8.86,8.98,6.0,71.0,0.15946275115966796,put,2026-12-31,SPY,773.8900146484375,2026-10-09T00:23:45.651828+00:00
737.0,8.99,9.02,9.13,52.0,453.0,0.15851671569824222,put,2026-12-31,SPY,773.8900146484375,2026-10-09T00:23:45.651828+00:00
738.0,9.15,9.17,8.8,2.0,51.0,0.15746386978149413,put,2026-12-31,SPY,773.8900146484375,2026-10-09T00:23:45.651828+00:00
739.0,9.31,9.33,8.97,1.0,92.0,0.15645679977416993,put,2026-12-31,SPY,773.8900146484375,2026-10-09T00:23:45.651828+00:00
740.0,9.47,9.5,9.54,252.0,6069.0,0.15551076431274413,put,2026-12-31,SPY,773.8900146484375,2026-10-09T00:23:45.651828+00:00
741.0,9.64,9.67,9.76,88.0,103.0,0.15453421157836916,put,2026-12-31,SPY,773.8900146484375,2026-10-09T00:23:45.651828+00:00
742.0,9.81,9.84,9.89,383.0,267.0,0.1535271415710449,put,2026-12-31,SPY,773.8900146484375,2026-10-09T00:23:45.651828+00:00
743.0,9.99,10.01,10.16,128.0,279.0,0.1524742956542969,put,2026-12-31,SPY,773.8900146484375,2026-10-09T00:23:45.651828+00:00
744.0,10.17,10.19,10.4,7.0,71.0,0.1514977429199219,put,2026-12-31,SPY,773.8900146484375,2026-10-09T00:23:45.651828+00:00
745.0,10.35,10.37,10.43,16.0,4200.0,0.15046015563964849,put,2026-12-31,SPY,773.8900146484375,2026-10-09T00:23:45.651828+00:00
746.0,10.52,10.56,10.54,278.0,125.0,0.14948360290527346,put,2026-12-31,SPY,773.8900146484375,2026-10-09T00:23:45.651828+00:00
747.0,10.72,10.75,10.95,2.0,217.0,0.1484765328979492,put,2026-12-31,SPY,773.8900146484375,2026-10-09T00:23:45.651828+00:00
748.0,10.92,10.95,11.01,138.0,109.0,0.14751523880004885,put,2026-12-31,SPY,773.8900146484375,2026-10-09T00:23:45.651828+00:00
749.0,11.12,11.15,11.42,84.0,93.0,0.1465081687927246,put,2026-12-31,SPY,773.8900146484375,2026-10-09T00:23:45.651828+00:00
750.0,11.31,11.35,11.33,813.0,3609.0,0.14547058151245118,put,2026-12-31,SPY,773.8900146484375,2026-10-09T00:23:45.651828+00:00
751.0,11.53,11.56,11.33,10.0,104.0,0.14447877014160154,put,2026-12-31,SPY,773.8900146484375,2026-10-09T00:23:45.651828+00:00
752.0,11.74,11.78,12.55,5.0,211.0,0.1435174760437012,put,2026-12-31,SPY,773.8900146484375,2026-10-09T00:23:45.651828+00:00
753.0,11.96,12.0,12.48,66.0,15.0,0.14252566467285155,put,2026-12-31,SPY,773.8900146484375,2026-10-09T00:23:45.651828+00:00
754.0,12.18,12.22,12.06,1.0,154.0,0.14148807739257813,put,2026-12-31,SPY,773.8900146484375,2026-10-09T00:23:45.651828+00:00
755.0,12.41,12.45,12.74,128.0,4470.0,0.14048100738525393,put,2026-12-31,SPY,773.8900146484375,2026-10-09T00:23:45.651828+00:00
756.0,12.64,12.68,11.81,84.0,89.0,0.1394434201049805,put,2026-12-31,SPY,773.8900146484375,2026-10-09T00:23:45.651828+00:00
757.0,12.88,12.92,12.89,26.0,135.0,0.13844397941589356,put,2026-12-31,SPY,773.8900146484375,2026-10-09T00:23:45.651828+00:00
758.0,13.11,13.17,12.29,6.0,16.0,0.1374750559997559,put,2026-12-31,SPY,773.8900146484375,2026-10-09T00:23:45.651828+00:00
759.0,13.36,13.42,12.93,3.0,132.0,0.13645272735595704,put,2026-12-31,SPY,773.8900146484375,2026-10-09T00:23:45.651828+00:00
760.0,13.62,13.68,13.99,420.0,3062.0,0.13546091598510746,put,2026-12-31,SPY,773.8900146484375,2026-10-09T00:23:45.651828+00:00
761.0,13.89,13.94,12.27,4.0,166.0,0.1344385873413086,put,2026-12-31,SPY,773.8900146484375,2026-10-09T00:23:45.651828+00:00
762.0,14.15,14.21,13.93,1.0,750.0,0.13343151733398437,put,2026-12-31,SPY,773.8900146484375,2026-10-09T00:23:45.651828+00:00
763.0,14.43,14.49,14.38,1.0,32.0,0.1324549645996094,put,2026-12-31,SPY,773.8900146484375,2026-10-09T00:23:45.651828+00:00
764.0,14.71,14.77,14.19,3.0,383.0,0.13143263595581056,put,2026-12-31,SPY,773.8900146484375,2026-10-09T00:23:45.651828+00:00
765.0,15.0,15.06,15.03,68.0,4374.0,0.1304255659484863,put,2026-12-31,SPY,773.8900146484375,2026-10-09T00:23:45.651828+00:00
766.0,15.29,15.36,16.3,5.0,46.0,0.12944138389587403,put,2026-12-31,SPY,773.8900146484375,2026-10-09T00:23:45.651828+00:00
767.0,15.6,15.66,15.77,155.0,146.0,0.12841142593383786,put,2026-12-31,SPY,773.8900146484375,2026-10-09T00:23:45.651828+00:00
768.0,15.91,15.97,17.02,7.0,342.0,0.12740435592651367,put,2026-12-31,SPY,773.8900146484375,2026-10-09T00:23:45.651828+00:00
769.0,16.23,16.29,16.87,46.0,53.0,0.12639728591918942,put,2026-12-31,SPY,773.8900146484375,2026-10-09T00:23:45.651828+00:00
770.0,16.55,16.61,16.75,221.0,5069.0,0.12535969863891605,put,2026-12-31,SPY,773.8900146484375,2026-10-09T00:23:45.651828+00:00
771.0,16.89,16.95,17.55,10.0,170.0,0.12438314590454103,put,2026-12-31,SPY,773.8900146484375,2026-10-09T00:23:45.651828+00:00
772.0,17.22,17.29,17.2,73.0,399.0,0.1233684465789795,put,2026-12-31,SPY,773.8900146484375,2026-10-09T00:23:45.651828+00:00
773.0,17.57,17.64,17.85,79.0,667.0,0.122353747253418,put,2026-12-31,SPY,773.8900146484375,2026-10-09T00:23:45.651828+00:00
774.0,17.93,18.0,18.41,48.0,618.0,0.12136193588256836,put,2026-12-31,SPY,773.8900146484375,2026-10-09T00:23:45.651828+00:00
775.0,18.3,18.36,19.43,237.0,2869.0,0.1203090899658203,put,2026-12-31,SPY,773.8900146484375,2026-10-09T00:23:45.651828+00:00
776.0,18.68,18.74,19.3,16.0,208.0,0.11932490791320802,put,2026-12-31,SPY,773.8900146484375,2026-10-09T00:23:45.651828+00:00
777.0,19.06,19.13,19.31,19.0,321.0,0.11835598449707031,put,2026-12-31,SPY,773.8900146484375,2026-10-09T00:23:45.651828+00:00
778.0,19.46,19.52,20.67,49.0,210.0,0.11731839721679688,put,2026-12-31,SPY,773.8900146484375,2026-10-09T00:23:45.651828+00:00
779.0,19.86,19.92,21.93,50.0,228.0,0.11628080993652344,put,2026-12-31,SPY,773.8900146484375,2026-10-09T00:23:45.651828+00:00
780.0,20.28,20.33,20.59,273.0,1596.0,0.11524322265625,put,2026-12-31,SPY,773.8900146484375,2026-10-09T00:23:45.651828+00:00
781.0,20.7,20.76,19.94,43.0,585.0,0.11428192855834962,put,2026-12-31,SPY,773.8900146484375,2026-10-09T00:23:45.651828+00:00
782.0,21.13,21.19,22.63,3.0,225.0,0.11324434127807617,put,2026-12-31,SPY,773.8900146484375,2026-10-09T00:23:45.651828+00:00
785.0,22.5,22.56,24.08,19.0,932.0,0.11026890716552734,put,2026-12-31,SPY,773.8900146484375,2026-10-09T00:23:45.651828+00:00
787.0,23.45,23.52,25.05,5.0,87.0,0.10822424987792968,put,2026-12-31,SPY,773.8900146484375,2026-10-09T00:23:45.651828+00:00
789.0,23.92,24.99,26.57,48.0,153.0,0.10950597534179687,put,2026-12-31,SPY,773.8900146484375,2026-10-09T00:23:45.651828+00:00
790.0,24.89,25.09,25.09,33.0,528.0,0.1054776953125,put,2026-12-31,SPY,773.8900146484375,2026-10-09T00:23:45.651828+00:00
795.0,27.07,28.35,25.26,135.0,174.0,0.10405864212036131,put,2026-12-31,SPY,773.8900146484375,2026-10-09T00:23:45.651828+00:00
796.0,27.63,28.48,25.5,1.0,7.0,0.09943527526855468,put,2026-12-31,SPY,773.8900146484375,2026-10-09T00:23:45.651828+00:00
800.0,30.5,31.5,30.77,19.0,692.0,0.09970993072509765,put,2026-12-31,SPY,773.8900146484375,2026-10-09T00:23:45.651828+00:00
805.0,33.18,34.97,30.81,3.0,24.0,0.0955290643310547,put,2026-12-31,SPY,773.8900146484375,2026-10-09T00:23:45.651828+00:00
807.0,34.54,35.76,36.64,2.0,2.0,0.08667905517578126,put,2026-12-31,SPY,773.8900146484375,2026-10-09T00:23:45.651828+00:00
810.0,36.0,38.75,44.32,1.0,9.0,0.09153130157470701,put,2026-12-31,SPY,773.8900146484375,2026-10-09T00:23:45.651828+00:00
815.0,40.11,43.44,44.53,1.0,8.0,0.0958494956970215,put,2026-12-31,SPY,773.8900146484375,2026-10-09T00:23:45.651828+00:00
820.0,44.2,47.97,61.76,1.0,0.0,0.0971769970703125,put,2026-12-31,SPY,773.8900146484375,2026-10-09T00:23:45.651828+00:00
825.0,49.12,52.54,50.75,2.0,8.0,0.09769579071044923,put,2026-12-31,SPY,773.8900146484375,2026-10-09T00:23:45.651828+00:00
830.0,53.87,57.49,65.05,1.0,0.0,0.10361614166259764,put,2026-12-31,SPY,773.8900146484375,2026-10-09T00:23:45.651828+00:00
832.0,56.09,59.49,64.45,1.0,0.0,0.10627114440917969,put,2026-12-31,SPY,773.8900146484375,2026-10-09T00:23:45.651828+00:00
835.0,0.0,0.0,69.99,6.0,0.0,1.0000000000000003e-05,put,2026-12-31,SPY,773.8900146484375,2026-10-09T00:23:45.651828+00:00
840.0,63.89,67.72,74.67,1.0,0.0,0.12088891815185548,put,2026-12-31,SPY,773.8900146484375,2026-10-09T00:23:45.651828+00:00
850.0,0.0,0.0,82.0,2.0,0.0,1.0000000000000003e-05,put,2026-12-31,SPY,773.8900146484375,2026-10-09T00:23:45.651828+00:00
855.0,0.0,0.0,89.52,1.0,0.0,1.0000000000000003e-05,put,2026-12-31,SPY,773.8900146484375,2026-10-09T00:23:45.651828+00:00
860.0,84.07,87.72,90.16,1.0,1.0,0.14630980651855469,put,2026-12-31,SPY,773.8900146484375,2026-10-09T00:23:45.651828+00:00
865.0,89.06,92.72,99.58,1.0,0.0,0.15241326110839848,put,2026-12-31,SPY,773.8900146484375,2026-10-09T00:23:45.651828+00:00
870.0,94.05,97.72,109.23,,0.0,0.15845568115234376,put,2026-12-31,SPY,773.8900146484375,2026-10-09T00:23:45.651828+00:00
890.0,124.61,127.82,140.87,,0.0,0.31261368545532225,put,2026-12-31,SPY,773.8900146484375,2026-10-09T00:23:45.651828+00:00
895.0,154.64,158.0,184.25,1.0,0.0,0.5154619987487792,put,2026-12-31,SPY,773.8900146484375,2026-10-09T00:23:45.651828+00:00
900.0,124.07,127.72,126.34,4.0,0.0,0.19294019958496095,put,2026-12-31,SPY,773.8900146484375,2026-10-09T00:23:45.651828+00:00
905.0,0.0,0.0,141.19,1.0,0.0,1.0000000000000003e-05,put,2026-12-31,SPY,773.8900146484375,2026-10-09T00:23:45.651828+00:00
940.0,164.26,167.44,169.38,,0.0,0.22748575256347653,put,2026-12-31,SPY,773.8900146484375,2026-10-09T00:23:45.651828+00:00
