strike,bid,ask,last_price,volume,open_interest,vendor_implied_volatility,option_type,expiration,ticker,spot,download_timestamp
645.0,126.47,129.99,124.1,,4,0.5302781347656251,call,2026-08-17,SPY,773.0700073242188,2026-08-10T21:03:12.506208+00:00
675.0,96.51,100.02,82.33,,0,0.6160927062988282,call,2026-08-17,SPY,773.0700073242188,2026-08-10T21:03:12.506208+00:00
680.0,91.51,95.03,77.4,,1,0.5903361279296876,call,2026-08-17,SPY,773.0700073242188,2026-08-10T21:03:12.506208+00:00
695.0,76.54,80.05,73.89,,4,0.5119677709960937,call,2026-08-17,SPY,773.0700073242188,2026-08-10T21:03:12.506208+00:00
700.0,71.55,75.06,71.24,2.0,2,0.4858449853515625,call,2026-08-17,SPY,773.0700073242188,2026-08-10T21:03:12.506208+00:00
708.0,63.57,67.08,61.57,,5,0.44421942504882805,call,2026-08-17,SPY,773.0700073242188,2026-08-10T21:03:12.506208+00:00
711.0,60.58,64.09,62.41,10.0,10,0.4285945812988281,call,2026-08-17,SPY,773.0700073242188,2026-08-10T21:03:12.506208+00:00
713.0,58.58,62.1,59.85,,1,0.4182797430419921,call,2026-08-17,SPY,773.0700073242188,2026-08-10T21:03:12.506208+00:00
714.0,57.58,61.1,58.43,1.0,1,0.4128476684570312,call,2026-08-17,SPY,773.0700073242188,2026-08-10T21:03:12.506208+00:00
715.0,56.59,60.1,38.09,,1,0.4074766284179688,call,2026-08-17,SPY,773.0700073242188,2026-08-10T21:03:12.506208+00:00
718.0,53.6,57.11,55.3,,1,0.39160764648437496,call,2026-08-17,SPY,773.0700073242188,2026-08-10T21:03:12.506208+00:00
720.0,51.61,55.12,52.44,1.0,1,0.3812317736816406,call,2026-08-17,SPY,773.0700073242188,2026-08-10T21:03:12.506208+00:00
725.0,46.63,50.14,34.58,,1,0.3546207116699218,call,2026-08-17,SPY,773.0700073242188,2026-08-10T21:03:12.506208+00:00
727.0,44.64,48.15,47.09,,2,0.34400070068359373,call,2026-08-17,SPY,773.0700073242188,2026-08-10T21:03:12.506208+00:00
728.0,43.64,47.16,38.42,,1,0.3389348333740234,call,2026-08-17,SPY,773.0700073242188,2026-08-10T21:03:12.506208+00:00
729.0,42.65,46.16,43.85,1.0,1,0.33338068969726564,call,2026-08-17,SPY,773.0700073242188,2026-08-10T21:03:12.506208+00:00
730.0,43.26,43.78,41.81,1.0,108,0.25135026000976557,call,2026-08-17,SPY,773.0700073242188,2026-08-10T21:03:12.506208+00:00
731.0,40.66,44.18,36.42,,4,0.32300481689453114,call,2026-08-17,SPY,773.0700073242188,2026-08-10T21:03:12.506208+00:00
735.0,36.7,40.21,24.36,,51,0.30170376037597657,call,2026-08-17,SPY,773.0700073242188,2026-08-10T21:03:12.506208+00:00
740.0,33.36,33.87,30.34,,164,0.20911435424804684,call,2026-08-17,SPY,773.0700073242188,2026-08-10T21:03:12.506208+00:00
742.0,29.78,33.3,28.25,,2,0.2647778601074219,call,2026-08-17,SPY,773.0700073242188,2026-08-10T21:03:12.506208+00:00
743.0,28.8,32.32,29.7,1.0,2,0.25965095825195317,call,2026-08-17,SPY,773.0700073242188,2026-08-10T21:03:12.506208+00:00
744.0,27.82,31.34,30.55,,11,0.254463021850586,call,2026-08-17,SPY,773.0700073242188,2026-08-10T21:03:12.506208+00:00
745.0,26.84,30.36,28.71,1.0,49,0.24927508544921873,call,2026-08-17,SPY,773.0700073242188,2026-08-10T21:03:12.506208+00:00
746.0,25.87,29.38,29.06,40.0,0,0.2439650799560547,call,2026-08-17,SPY,773.0700073242188,2026-08-10T21:03:12.506208+00:00
749.0,22.95,26.47,24.66,25.0,7,0.22876747802734376,call,2026-08-17,SPY,773.0700073242188,2026-08-10T21:03:12.506208+00:00
750.0,23.6,24.09,23.85,22.0,181,0.1694418994140625,call,2026-08-17,SPY,773.0700073242188,2026-08-10T21:03:12.506208+00:00
751.0,21.03,24.05,22.13,4.0,3,0.20191227783203125,call,2026-08-17,SPY,773.0700073242188,2026-08-10T21:03:12.506208+00:00
752.0,20.07,23.1,21.65,1.0,5,0.1975788250732422,call,2026-08-17,SPY,773.0700073242188,2026-08-10T21:03:12.506208+00:00
753.0,19.12,22.14,20.73,7.0,15,0.19275709594726562,call,2026-08-17,SPY,773.0700073242188,2026-08-10T21:03:12.506208+00:00
754.0,18.32,21.2,19.77,53.0,39,0.18854571228027345,call,2026-08-17,SPY,773.0700073242188,2026-08-10T21:03:12.506208+00:00
755.0,18.84,19.32,19.39,48.0,253,0.15137567382812503,call,2026-08-17,SPY,773.0700073242188,2026-08-10T21:03:12.506208+00:00
756.0,17.9,18.39,18.33,26.0,110,0.1482629119873047,call,2026-08-17,SPY,773.0700073242188,2026-08-10T21:03:12.506208+00:00
757.0,15.44,18.39,18.14,3.0,15,0.17542328491210937,call,2026-08-17,SPY,773.0700073242188,2026-08-10T21:03:12.506208+00:00
758.0,16.06,16.54,18.01,1.0,4,0.14167118103027343,call,2026-08-17,SPY,773.0700073242188,2026-08-10T21:03:12.506208+00:00
759.0,15.16,15.49,15.34,94.0,6,0.13385875915527345,call,2026-08-17,SPY,773.0700073242188,2026-08-10T21:03:12.506208+00:00
760.0,14.27,14.52,14.31,273.0,308,0.1287318572998047,call,2026-08-17,SPY,773.0700073242188,2026-08-10T21:03:12.506208+00:00
761.0,13.39,13.71,13.21,18.0,140,0.12848771911621093,call,2026-08-17,SPY,773.0700073242188,2026-08-10T21:03:12.506208+00:00
762.0,12.52,12.81,12.66,278.0,125,0.12500875,call,2026-08-17,SPY,773.0700073242188,2026-08-10T21:03:12.506208+00:00
763.0,11.69,11.98,11.5,335.0,30,0.12323874816894533,call,2026-08-17,SPY,773.0700073242188,2026-08-10T21:03:12.506208+00:00
764.0,10.85,11.14,10.62,1057.0,54,0.12073633178710938,call,2026-08-17,SPY,773.0700073242188,2026-08-10T21:03:12.506208+00:00
765.0,10.06,10.32,9.82,2962.0,506,0.11835598449707031,call,2026-08-17,SPY,773.0700073242188,2026-08-10T21:03:12.506208+00:00
766.0,9.27,9.55,9.07,1522.0,67,0.11683012084960936,call,2026-08-17,SPY,773.0700073242188,2026-08-10T21:03:12.506208+00:00
767.0,8.52,8.78,8.88,364.0,321,0.1147549462890625,call,2026-08-17,SPY,773.0700073242188,2026-08-10T21:03:12.506208+00:00
768.0,7.77,8.02,7.91,2734.0,321,0.11240511627197264,call,2026-08-17,SPY,773.0700073242188,2026-08-10T21:03:12.506208+00:00
769.0,7.06,7.32,7.29,1017.0,176,0.11090976989746093,call,2026-08-17,SPY,773.0700073242188,2026-08-10T21:03:12.506208+00:00
770.0,6.43,6.62,6.56,892.0,1112,0.10877356079101563,call,2026-08-17,SPY,773.0700073242188,2026-08-10T21:03:12.506208+00:00
771.0,5.76,5.99,5.87,698.0,332,0.10761390441894532,call,2026-08-17,SPY,773.0700073242188,2026-08-10T21:03:12.506208+00:00
772.0,5.19,5.3,5.28,2013.0,417,0.10447062530517576,call,2026-08-17,SPY,773.0700073242188,2026-08-10T21:03:12.506208+00:00
773.0,4.67,4.71,4.68,4364.0,287,0.10282269256591797,call,2026-08-17,SPY,773.0700073242188,2026-08-10T21:03:12.506208+00:00
774.0,4.14,4.18,4.15,2877.0,145,0.10175458801269531,call,2026-08-17,SPY,773.0700073242188,2026-08-10T21:03:12.506208+00:00
775.0,3.65,3.69,3.69,2691.0,677,0.10077803527832031,call,2026-08-17,SPY,773.0700073242188,2026-08-10T21:03:12.506208+00:00
776.0,3.2,3.23,3.2,1213.0,296,0.09970993072509765,call,2026-08-17,SPY,773.0700073242188,2026-08-10T21:03:12.506208+00:00
777.0,2.79,2.81,2.78,565.0,444,0.09873337799072265,call,2026-08-17,SPY,773.0700073242188,2026-08-10T21:03:12.506208+00:00
778.0,2.41,2.43,2.42,756.0,428,0.09787889434814454,call,2026-08-17,SPY,773.0700073242188,2026-08-10T21:03:12.506208+00:00
779.0,2.07,2.1,2.1,648.0,327,0.09739061798095702,call,2026-08-17,SPY,773.0700073242188,2026-08-10T21:03:12.506208+00:00
780.0,1.77,1.79,1.8,1535.0,646,0.09656665161132813,call,2026-08-17,SPY,773.0700073242188,2026-08-10T21:03:12.506208+00:00
781.0,1.51,1.53,1.5,639.0,449,0.09626147888183595,call,2026-08-17,SPY,773.0700073242188,2026-08-10T21:03:12.506208+00:00
782.0,1.27,1.29,1.27,483.0,637,0.09565113342285157,call,2026-08-17,SPY,773.0700073242188,2026-08-10T21:03:12.506208+00:00
783.0,1.07,1.08,1.07,778.0,985,0.09510182250976565,call,2026-08-17,SPY,773.0700073242188,2026-08-10T21:03:12.506208+00:00
784.0,0.89,0.9,0.9,167.0,458,0.09467458068847658,call,2026-08-17,SPY,773.0700073242188,2026-08-10T21:03:12.506208+00:00
785.0,0.73,0.75,0.74,913.0,809,0.09449147705078126,call,2026-08-17,SPY,773.0700073242188,2026-08-10T21:03:12.506208+00:00
786.0,0.6,0.62,0.58,1992.0,408,0.0942473388671875,call,2026-08-17,SPY,773.0700073242188,2026-08-10T21:03:12.506208+00:00
787.0,0.49,0.51,0.51,3275.0,222,0.09412526977539062,call,2026-08-17,SPY,773.0700073242188,2026-08-10T21:03:12.506208+00:00
788.0,0.4,0.41,0.41,2709.0,1189,0.09351492431640626,call,2026-08-17,SPY,773.0700073242188,2026-08-10T21:03:12.506208+00:00
789.0,0.32,0.33,0.33,1839.0,225,0.0932707861328125,call,2026-08-17,SPY,773.0700073242188,2026-08-10T21:03:12.506208+00:00
790.0,0.26,0.27,0.27,1020.0,2564,0.09351492431640626,call,2026-08-17,SPY,773.0700073242188,2026-08-10T21:03:12.506208+00:00
791.0,0.21,0.22,0.19,253.0,328,0.09363699340820314,call,2026-08-17,SPY,773.0700073242188,2026-08-10T21:03:12.506208+00:00
792.0,0.17,0.18,0.15,108.0,252,0.09400320068359375,call,2026-08-17,SPY,773.0700073242188,2026-08-10T21:03:12.506208+00:00
793.0,0.14,0.15,0.13,199.0,210,0.09473561523437501,call,2026-08-17,SPY,773.0700073242188,2026-08-10T21:03:12.506208+00:00
794.0,0.11,0.12,0.11,160.0,245,0.09497975341796877,call,2026-08-17,SPY,773.0700073242188,2026-08-10T21:03:12.506208+00:00
795.0,0.09,0.1,0.1,2130.0,443,0.09571216796875001,call,2026-08-17,SPY,773.0700073242188,2026-08-10T21:03:12.506208+00:00
796.0,0.08,0.09,0.08,734.0,152,0.0976652734375,call,2026-08-17,SPY,773.0700073242188,2026-08-10T21:03:12.506208+00:00
797.0,0.07,0.08,0.06,61.0,159,0.09937424072265624,call,2026-08-17,SPY,773.0700073242188,2026-08-10T21:03:12.506208+00:00
798.0,0.06,0.07,0.07,183.0,13,0.10083906982421875,call,2026-08-17,SPY,773.0700073242188,2026-08-10T21:03:12.506208+00:00
799.0,0.05,0.06,0.1,32.0,176,0.10205976074218749,call,2026-08-17,SPY,773.0700073242188,2026-08-10T21:03:12.506208+00:00
800.0,0.05,0.06,0.04,1502.0,2020,0.1054776953125,call,2026-08-17,SPY,773.0700073242188,2026-08-10T21:03:12.506208+00:00
801.0,0.04,0.05,0.05,8.0,30,0.10596597167968749,call,2026-08-17,SPY,773.0700073242188,2026-08-10T21:03:12.506208+00:00
802.0,0.04,0.05,0.06,1.0,7,0.10938390625,call,2026-08-17,SPY,773.0700073242188,2026-08-10T21:03:12.506208+00:00
803.0,0.04,0.05,0.07,25.0,22,0.11231356445312499,call,2026-08-17,SPY,773.0700073242188,2026-08-10T21:03:12.506208+00:00
804.0,0.04,0.05,0.04,1.0,3,0.1157314990234375,call,2026-08-17,SPY,773.0700073242188,2026-08-10T21:03:12.506208+00:00
805.0,0.03,0.04,0.02,9.0,940,0.11524322265625,call,2026-08-17,SPY,773.0700073242188,2026-08-10T21:03:12.506208+00:00
806.0,0.03,0.04,0.03,206.0,29,0.118172880859375,call,2026-08-17,SPY,773.0700073242188,2026-08-10T21:03:12.506208+00:00
807.0,0.03,0.04,0.02,168.0,49,0.1215908154296875,call,2026-08-17,SPY,773.0700073242188,2026-08-10T21:03:12.506208+00:00
808.0,0.03,0.04,0.02,105.0,162,0.12500875,call,2026-08-17,SPY,773.0700073242188,2026-08-10T21:03:12.506208+00:00
809.0,0.03,0.04,0.02,173.0,92,0.127938408203125,call,2026-08-17,SPY,773.0700073242188,2026-08-10T21:03:12.506208+00:00
810.0,0.03,0.04,0.02,1332.0,1589,0.13086806640624998,call,2026-08-17,SPY,773.0700073242188,2026-08-10T21:03:12.506208+00:00
815.0,0.02,0.03,0.02,221.0,1041,0.14063359375,call,2026-08-17,SPY,773.0700073242188,2026-08-10T21:03:12.506208+00:00
820.0,0.02,0.03,0.03,48.0,526,0.15528188476562502,call,2026-08-17,SPY,773.0700073242188,2026-08-10T21:03:12.506208+00:00
825.0,0.02,0.03,0.02,39.0,104,0.16993017578125003,call,2026-08-17,SPY,773.0700073242188,2026-08-10T21:03:12.506208+00:00
830.0,0.01,0.02,0.02,2.0,139,0.1757894921875,call,2026-08-17,SPY,773.0700073242188,2026-08-10T21:03:12.506208+00:00
835.0,0.01,0.02,0.01,15.0,266,0.18946123046875002,call,2026-08-17,SPY,773.0700073242188,2026-08-10T21:03:12.506208+00:00
840.0,0.01,0.02,0.01,11.0,118,0.20313296874999998,call,2026-08-17,SPY,773.0700073242188,2026-08-10T21:03:12.506208+00:00
845.0,0.01,0.02,0.04,,57,0.2148516015625,call,2026-08-17,SPY,773.0700073242188,2026-08-10T21:03:12.506208+00:00
850.0,0.01,0.02,0.01,3.0,182,0.22852333984375,call,2026-08-17,SPY,773.0700073242188,2026-08-10T21:03:12.506208+00:00
855.0,0.01,0.02,0.03,,91,0.24024197265624997,call,2026-08-17,SPY,773.0700073242188,2026-08-10T21:03:12.506208+00:00
860.0,0.01,0.02,0.02,100.0,150,0.25391371093750004,call,2026-08-17,SPY,773.0700073242188,2026-08-10T21:03:12.506208+00:00
865.0,0.01,0.02,0.01,100.0,15,0.26563234375,call,2026-08-17,SPY,773.0700073242188,2026-08-10T21:03:12.506208+00:00
870.0,0.0,0.01,0.05,,5,0.2617261328125,call,2026-08-17,SPY,773.0700073242188,2026-08-10T21:03:12.506208+00:00
875.0,0.0,0.01,0.02,,301,0.273444765625,call,2026-08-17,SPY,773.0700073242188,2026-08-10T21:03:12.506208+00:00
880.0,0.0,0.01,0.04,,7,0.28516339843749994,call,2026-08-17,SPY,773.0700073242188,2026-08-10T21:03:12.506208+00:00
895.0,0.0,0.01,0.02,,72,0.32031929687499994,call,2026-08-17,SPY,773.0700073242188,2026-08-10T21:03:12.506208+00:00
900.0,0.0,0.01,0.01,108.0,540,0.32813171874999997,call,2026-08-17,SPY,773.0700073242188,2026-08-10T21:03:12.506208+00:00
905.0,0.0,0.01,0.01,160.0,160,0.3398503515625,call,2026-08-17,SPY,773.0700073242188,2026-08-10T21:03:12.506208+00:00
910.0,0.0,0.01,0.02,298.0,678,0.35156898437499995,call,2026-08-17,SPY,773.0700073242188,2026-08-10T21:03:12.506208+00:00
920.0,0.0,0.01,0.01,,30,0.3711000390625,call,2026-08-17,SPY,773.0700073242188,2026-08-10T21:03:12.506208+00:00
925.0,0.0,0.01,0.02,,384,0.38281867187499996,call,2026-08-17,SPY,773.0700073242188,2026-08-10T21:03:12.506208+00:00
930.0,0.0,0.01,0.01,,20,0.39063109375,call,2026-08-17,SPY,773.0700073242188,2026-08-10T21:03:12.506208+00:00
935.0,0.0,0.01,0.02,,732,0.4062559375,call,2026-08-17,SPY,773.0700073242188,2026-08-10T21:03:12.506208+00:00
940.0,0.0,0.01,0.02,,591,0.414068359375,call,2026-08-17,SPY,773.0700073242188,2026-08-10T21:03:12.506208+00:00
950.0,0.0,0.01,0.01,,38,0.437505625,call,2026-08-17,SPY,773.0700073242188,2026-08-10T21:03:12.506208+00:00
500.0,0.0,0.01,0.02,,10,0.8437515624999999,put,2026-08-17,SPY,773.0700073242188,2026-08-10T21:03:12.506208+00:00
540.0,0.0,0.01,0.02,,192,0.70312796875,put,2026-08-17,SPY,773.0700073242188,2026-08-10T21:03:12.506208+00:00
545.0,0.0,0.01,0.02,,124,0.6875031250000001,put,2026-08-17,SPY,773.0700073242188,2026-08-10T21:03:12.506208+00:00
550.0,0.0,0.01,0.02,,320,0.6718782812500002,put,2026-08-17,SPY,773.0700073242188,2026-08-10T21:03:12.506208+00:00
565.0,0.0,0.01,0.01,1.0,114,0.6250037500000001,put,2026-08-17,SPY,773.0700073242188,2026-08-10T21:03:12.506208+00:00
570.0,0.0,0.01,0.01,,9,0.6093789062500001,put,2026-08-17,SPY,773.0700073242188,2026-08-10T21:03:12.506208+00:00
575.0,0.0,0.01,0.01,80.0,80,0.5937540625000001,put,2026-08-17,SPY,773.0700073242188,2026-08-10T21:03:12.506208+00:00
580.0,0.0,0.01,0.01,2.0,2,0.57812921875,put,2026-08-17,SPY,773.0700073242188,2026-08-10T21:03:12.506208+00:00
595.0,0.0,0.01,0.01,1.0,1,0.523442265625,put,2026-08-17,SPY,773.0700073242188,2026-08-10T21:03:12.506208+00:00
600.0,0.0,0.01,0.03,,34,0.507817421875,put,2026-08-17,SPY,773.0700073242188,2026-08-10T21:03:12.506208+00:00
610.0,0.0,0.01,0.01,35.0,35,0.500005,put,2026-08-17,SPY,773.0700073242188,2026-08-10T21:03:12.506208+00:00
630.0,0.0,0.01,0.01,2414.0,1,0.437505625,put,2026-08-17,SPY,773.0700073242188,2026-08-10T21:03:12.506208+00:00
635.0,0.0,0.01,0.01,9.0,31,0.42188078125,put,2026-08-17,SPY,773.0700073242188,2026-08-10T21:03:12.506208+00:00
640.0,0.0,0.01,0.01,688.0,74,0.4062559375,put,2026-08-17,SPY,773.0700073242188,2026-08-10T21:03:12.506208+00:00
645.0,0.0,0.01,0.01,1885.0,6,0.39063109375,put,2026-08-17,SPY,773.0700073242188,2026-08-10T21:03:12.506208+00:00
650.0,0.01,0.02,0.02,4.0,259,0.398443515625,put,2026-08-17,SPY,773.0700073242188,2026-08-10T21:03:12.506208+00:00
660.0,0.01,0.02,0.06,,189,0.367193828125,put,2026-08-17,SPY,773.0700073242188,2026-08-10T21:03:12.506208+00:00
665.0,0.01,0.02,0.09,,133,0.35156898437499995,put,2026-08-17,SPY,773.0700073242188,2026-08-10T21:03:12.506208+00:00
670.0,0.01,0.02,0.02,12.0,228,0.33399103515625,put,2026-08-17,SPY,773.0700073242188,2026-08-10T21:03:12.506208+00:00
675.0,0.01,0.02,0.02,201.0,12,0.31836619140624994,put,2026-08-17,SPY,773.0700073242188,2026-08-10T21:03:12.506208+00:00
680.0,0.02,0.03,0.03,100.0,648,0.31445998046874996,put,2026-08-17,SPY,773.0700073242188,2026-08-10T21:03:12.506208+00:00
685.0,0.02,0.03,0.03,72.0,26,0.29883513671874995,put,2026-08-17,SPY,773.0700073242188,2026-08-10T21:03:12.506208+00:00
690.0,0.02,0.03,0.03,98.0,247,0.28125718749999995,put,2026-08-17,SPY,773.0700073242188,2026-08-10T21:03:12.506208+00:00
695.0,0.03,0.04,0.04,46.0,125,0.273444765625,put,2026-08-17,SPY,773.0700073242188,2026-08-10T21:03:12.506208+00:00
700.0,0.04,0.05,0.04,60.0,342,0.26367923828125,put,2026-08-17,SPY,773.0700073242188,2026-08-10T21:03:12.506208+00:00
703.0,0.04,0.05,0.14,,3,0.252937158203125,put,2026-08-17,SPY,773.0700073242188,2026-08-10T21:03:12.506208+00:00
704.0,0.04,0.05,0.05,1.0,1,0.2500075,put,2026-08-17,SPY,773.0700073242188,2026-08-10T21:03:12.506208+00:00
705.0,0.04,0.05,0.12,,62,0.2461012890625,put,2026-08-17,SPY,773.0700073242188,2026-08-10T21:03:12.506208+00:00
706.0,0.04,0.05,0.05,24.0,1,0.243171630859375,put,2026-08-17,SPY,773.0700073242188,2026-08-10T21:03:12.506208+00:00
707.0,0.05,0.06,0.09,10.0,10,0.245124736328125,put,2026-08-17,SPY,773.0700073242188,2026-08-10T21:03:12.506208+00:00
708.0,0.05,0.06,0.06,10.0,80,0.241218525390625,put,2026-08-17,SPY,773.0700073242188,2026-08-10T21:03:12.506208+00:00
709.0,0.05,0.06,0.06,3.0,2,0.23828886718749998,put,2026-08-17,SPY,773.0700073242188,2026-08-10T21:03:12.506208+00:00
710.0,0.05,0.06,0.05,79.0,393,0.23438265625,put,2026-08-17,SPY,773.0700073242188,2026-08-10T21:03:12.506208+00:00
711.0,0.05,0.06,0.07,1.0,7,0.231452998046875,put,2026-08-17,SPY,773.0700073242188,2026-08-10T21:03:12.506208+00:00
712.0,0.06,0.07,0.05,10.0,10,0.231452998046875,put,2026-08-17,SPY,773.0700073242188,2026-08-10T21:03:12.506208+00:00
714.0,0.06,0.07,0.24,,1,0.22461712890624996,put,2026-08-17,SPY,773.0700073242188,2026-08-10T21:03:12.506208+00:00
715.0,0.06,0.07,0.06,1.0,30,0.22168747070312497,put,2026-08-17,SPY,773.0700073242188,2026-08-10T21:03:12.506208+00:00
716.0,0.06,0.07,0.18,,1,0.21778125976562498,put,2026-08-17,SPY,773.0700073242188,2026-08-10T21:03:12.506208+00:00
717.0,0.07,0.08,0.07,414.0,7,0.21778125976562498,put,2026-08-17,SPY,773.0700073242188,2026-08-10T21:03:12.506208+00:00
718.0,0.07,0.08,0.07,140.0,15,0.21436332519531248,put,2026-08-17,SPY,773.0700073242188,2026-08-10T21:03:12.506208+00:00
719.0,0.07,0.08,0.08,1.0,22,0.21094539062499998,put,2026-08-17,SPY,773.0700073242188,2026-08-10T21:03:12.506208+00:00
720.0,0.08,0.09,0.09,656.0,111,0.2104571142578125,put,2026-08-17,SPY,773.0700073242188,2026-08-10T21:03:12.506208+00:00
721.0,0.08,0.09,0.1,1.0,13,0.20703917968749996,put,2026-08-17,SPY,773.0700073242188,2026-08-10T21:03:12.506208+00:00
722.0,0.08,0.09,0.11,2.0,73,0.20313296874999998,put,2026-08-17,SPY,773.0700073242188,2026-08-10T21:03:12.506208+00:00
723.0,0.09,0.1,0.11,35.0,181,0.20264469238281246,put,2026-08-17,SPY,773.0700073242188,2026-08-10T21:03:12.506208+00:00
724.0,0.09,0.1,0.13,46.0,63,0.19873848144531248,put,2026-08-17,SPY,773.0700073242188,2026-08-10T21:03:12.506208+00:00
725.0,0.09,0.1,0.1,40.0,294,0.195320546875,put,2026-08-17,SPY,773.0700073242188,2026-08-10T21:03:12.506208+00:00
726.0,0.1,0.11,0.1,3.0,51,0.194343994140625,put,2026-08-17,SPY,773.0700073242188,2026-08-10T21:03:12.506208+00:00
727.0,0.1,0.11,0.15,6.0,48,0.19043778320312502,put,2026-08-17,SPY,773.0700073242188,2026-08-10T21:03:12.506208+00:00
728.0,0.11,0.12,0.1,1.0,100,0.1889729541015625,put,2026-08-17,SPY,773.0700073242188,2026-08-10T21:03:12.506208+00:00
729.0,0.11,0.12,0.12,51.0,110,0.18531088134765622,put,2026-08-17,SPY,773.0700073242188,2026-08-10T21:03:12.506208+00:00
730.0,0.12,0.13,0.12,54.0,1327,0.18360191406249998,put,2026-08-17,SPY,773.0700073242188,2026-08-10T21:03:12.506208+00:00
731.0,0.12,0.13,0.13,11.0,183,0.17993984130859375,put,2026-08-17,SPY,773.0700073242188,2026-08-10T21:03:12.506208+00:00
732.0,0.13,0.14,0.12,3.0,86,0.1782308740234375,put,2026-08-17,SPY,773.0700073242188,2026-08-10T21:03:12.506208+00:00
733.0,0.14,0.15,0.14,11.0,103,0.17627776855468752,put,2026-08-17,SPY,773.0700073242188,2026-08-10T21:03:12.506208+00:00
734.0,0.14,0.15,0.15,51.0,66,0.17237155761718753,put,2026-08-17,SPY,773.0700073242188,2026-08-10T21:03:12.506208+00:00
735.0,0.15,0.16,0.15,164.0,783,0.17017431396484378,put,2026-08-17,SPY,773.0700073242188,2026-08-10T21:03:12.506208+00:00
736.0,0.16,0.17,0.17,23.0,90,0.16797707031250003,put,2026-08-17,SPY,773.0700073242188,2026-08-10T21:03:12.506208+00:00
737.0,0.17,0.18,0.18,4.0,165,0.16553568847656253,put,2026-08-17,SPY,773.0700073242188,2026-08-10T21:03:12.506208+00:00
738.0,0.18,0.19,0.16,5.0,51,0.16285016845703126,put,2026-08-17,SPY,773.0700073242188,2026-08-10T21:03:12.506208+00:00
739.0,0.2,0.21,0.19,30.0,797,0.16162947753906248,put,2026-08-17,SPY,773.0700073242188,2026-08-10T21:03:12.506208+00:00
740.0,0.21,0.22,0.21,471.0,2198,0.15894395751953128,put,2026-08-17,SPY,773.0700073242188,2026-08-10T21:03:12.506208+00:00
741.0,0.22,0.23,0.22,250.0,356,0.15601429931640626,put,2026-08-17,SPY,773.0700073242188,2026-08-10T21:03:12.506208+00:00
742.0,0.24,0.25,0.23,35.0,251,0.15418326293945314,put,2026-08-17,SPY,773.0700073242188,2026-08-10T21:03:12.506208+00:00
743.0,0.26,0.27,0.24,43.0,197,0.15210808837890627,put,2026-08-17,SPY,773.0700073242188,2026-08-10T21:03:12.506208+00:00
744.0,0.27,0.28,0.26,160.0,359,0.1489342919921875,put,2026-08-17,SPY,773.0700073242188,2026-08-10T21:03:12.506208+00:00
745.0,0.29,0.31,0.29,2223.0,3167,0.147469462890625,put,2026-08-17,SPY,773.0700073242188,2026-08-10T21:03:12.506208+00:00
746.0,0.32,0.33,0.31,139.0,348,0.1450280810546875,put,2026-08-17,SPY,773.0700073242188,2026-08-10T21:03:12.506208+00:00
747.0,0.34,0.35,0.35,367.0,830,0.14234256103515625,put,2026-08-17,SPY,773.0700073242188,2026-08-10T21:03:12.506208+00:00
748.0,0.37,0.38,0.37,438.0,109,0.14026738647460937,put,2026-08-17,SPY,773.0700073242188,2026-08-10T21:03:12.506208+00:00
749.0,0.4,0.41,0.4,377.0,207,0.13794807373046875,put,2026-08-17,SPY,773.0700073242188,2026-08-10T21:03:12.506208+00:00
750.0,0.43,0.45,0.44,743.0,1701,0.1362391064453125,put,2026-08-17,SPY,773.0700073242188,2026-08-10T21:03:12.506208+00:00
751.0,0.47,0.49,0.46,341.0,306,0.13416393188476564,put,2026-08-17,SPY,773.0700073242188,2026-08-10T21:03:12.506208+00:00
752.0,0.51,0.53,0.51,377.0,174,0.131844619140625,put,2026-08-17,SPY,773.0700073242188,2026-08-10T21:03:12.506208+00:00
753.0,0.56,0.58,0.54,732.0,170,0.129891513671875,put,2026-08-17,SPY,773.0700073242188,2026-08-10T21:03:12.506208+00:00
754.0,0.61,0.63,0.6,822.0,229,0.12757220092773439,put,2026-08-17,SPY,773.0700073242188,2026-08-10T21:03:12.506208+00:00
755.0,0.67,0.69,0.67,1444.0,1363,0.1256190954589844,put,2026-08-17,SPY,773.0700073242188,2026-08-10T21:03:12.506208+00:00
756.0,0.74,0.75,0.74,216.0,102,0.12329978271484376,put,2026-08-17,SPY,773.0700073242188,2026-08-10T21:03:12.506208+00:00
757.0,0.81,0.83,0.81,625.0,447,0.1215908154296875,put,2026-08-17,SPY,773.0700073242188,2026-08-10T21:03:12.506208+00:00
758.0,0.9,0.91,0.9,426.0,344,0.11945460632324219,put,2026-08-17,SPY,773.0700073242188,2026-08-10T21:03:12.506208+00:00
759.0,0.99,1.01,1.0,367.0,312,0.11780667358398436,put,2026-08-17,SPY,773.0700073242188,2026-08-10T21:03:12.506208+00:00
760.0,1.1,1.11,1.11,7542.0,905,0.1157314990234375,put,2026-08-17,SPY,773.0700073242188,2026-08-10T21:03:12.506208+00:00
761.0,1.21,1.23,1.18,4267.0,217,0.11396149719238281,put,2026-08-17,SPY,773.0700073242188,2026-08-10T21:03:12.506208+00:00
762.0,1.35,1.36,1.34,3246.0,199,0.11206942626953123,put,2026-08-17,SPY,773.0700073242188,2026-08-10T21:03:12.506208+00:00
763.0,1.5,1.51,1.5,555.0,323,0.11036045898437499,put,2026-08-17,SPY,773.0700073242188,2026-08-10T21:03:12.506208+00:00
764.0,1.66,1.68,1.66,646.0,156,0.10877356079101563,put,2026-08-17,SPY,773.0700073242188,2026-08-10T21:03:12.506208+00:00
765.0,1.85,1.87,1.86,1082.0,611,0.10718666259765625,put,2026-08-17,SPY,773.0700073242188,2026-08-10T21:03:12.506208+00:00
766.0,2.06,2.08,2.07,2541.0,2266,0.10559976440429686,put,2026-08-17,SPY,773.0700073242188,2026-08-10T21:03:12.506208+00:00
767.0,2.3,2.32,2.3,819.0,605,0.10419596984863279,put,2026-08-17,SPY,773.0700073242188,2026-08-10T21:03:12.506208+00:00
768.0,2.56,2.59,2.55,503.0,235,0.1028837271118164,put,2026-08-17,SPY,773.0700073242188,2026-08-10T21:03:12.506208+00:00
769.0,2.86,2.88,2.86,366.0,164,0.10141889801025389,put,2026-08-17,SPY,773.0700073242188,2026-08-10T21:03:12.506208+00:00
770.0,3.18,3.21,3.2,3294.0,978,0.10022872436523436,put,2026-08-17,SPY,773.0700073242188,2026-08-10T21:03:12.506208+00:00
771.0,3.54,3.58,3.55,515.0,1004,0.09919113708496094,put,2026-08-17,SPY,773.0700073242188,2026-08-10T21:03:12.506208+00:00
772.0,3.94,3.98,3.96,5114.0,527,0.09812303253173829,put,2026-08-17,SPY,773.0700073242188,2026-08-10T21:03:12.506208+00:00
773.0,4.37,4.4,4.38,3622.0,329,0.09671923797607423,put,2026-08-17,SPY,773.0700073242188,2026-08-10T21:03:12.506208+00:00
774.0,4.84,4.89,4.84,1490.0,79,0.09607837524414065,put,2026-08-17,SPY,773.0700073242188,2026-08-10T21:03:12.506208+00:00
775.0,5.29,5.45,5.29,1454.0,343,0.09613940979003907,put,2026-08-17,SPY,773.0700073242188,2026-08-10T21:03:12.506208+00:00
776.0,5.8,6.03,6.2,1278.0,120,0.09589527160644533,put,2026-08-17,SPY,773.0700073242188,2026-08-10T21:03:12.506208+00:00
777.0,6.38,6.65,6.5,562.0,854,0.09577320251464845,put,2026-08-17,SPY,773.0700073242188,2026-08-10T21:03:12.506208+00:00
778.0,7.0,7.28,6.8,650.0,155,0.09504078796386721,put,2026-08-17,SPY,773.0700073242188,2026-08-10T21:03:12.506208+00:00
779.0,7.69,7.96,7.59,690.0,19,0.09467458068847658,put,2026-08-17,SPY,773.0700073242188,2026-08-10T21:03:12.506208+00:00
780.0,8.39,8.65,8.48,391.0,325,0.09369802795410156,put,2026-08-17,SPY,773.0700073242188,2026-08-10T21:03:12.506208+00:00
781.0,9.14,9.39,9.56,251.0,17,0.09314871704101563,put,2026-08-17,SPY,773.0700073242188,2026-08-10T21:03:12.506208+00:00
782.0,9.89,10.21,10.05,1159.0,11,0.09418630432128906,put,2026-08-17,SPY,773.0700073242188,2026-08-10T21:03:12.506208+00:00
783.0,10.7,11.0,10.99,2426.0,3,0.09351492431640626,put,2026-08-17,SPY,773.0700073242188,2026-08-10T21:03:12.506208+00:00
784.0,11.52,11.87,11.47,1069.0,4,0.09473561523437501,put,2026-08-17,SPY,773.0700073242188,2026-08-10T21:03:12.506208+00:00
785.0,12.37,12.74,11.6,20.0,597,0.09534596069335938,put,2026-08-17,SPY,773.0700073242188,2026-08-10T21:03:12.506208+00:00
786.0,13.1,13.64,13.54,3.0,665,0.09650561706542969,put,2026-08-17,SPY,773.0700073242188,2026-08-10T21:03:12.506208+00:00
787.0,13.13,16.16,13.17,42.0,795,0.15393912475585939,put,2026-08-17,SPY,773.0700073242188,2026-08-10T21:03:12.506208+00:00
788.0,14.06,17.09,19.77,,1158,0.15808947387695313,put,2026-08-17,SPY,773.0700073242188,2026-08-10T21:03:12.506208+00:00
789.0,15.86,16.42,19.44,2.0,2270,0.100594931640625,put,2026-08-17,SPY,773.0700073242188,2026-08-10T21:03:12.506208+00:00
790.0,15.97,19.0,20.0,,0,0.16742775939941407,put,2026-08-17,SPY,773.0700073242188,2026-08-10T21:03:12.506208+00:00
794.0,19.92,22.95,23.14,,0,0.1889729541015625,put,2026-08-17,SPY,773.0700073242188,2026-08-10T21:03:12.506208+00:00
795.0,20.92,23.95,24.22,,0,0.19458813232421873,put,2026-08-17,SPY,773.0700073242188,2026-08-10T21:03:12.506208+00:00
800.0,25.44,28.95,27.82,,0,0.22205367797851558,put,2026-08-17,SPY,773.0700073242188,2026-08-10T21:03:12.506208+00:00
805.0,30.44,33.95,29.06,,0,0.2483595672607422,put,2026-08-17,SPY,773.0700073242188,2026-08-10T21:03:12.506208+00:00
810.0,35.44,38.95,34.91,,0,0.2738109729003906,put,2026-08-17,SPY,773.0700073242188,2026-08-10T21:03:12.506208+00:00
815.0,40.44,43.95,42.05,,0,0.29846892944335934,put,2026-08-17,SPY,773.0700073242188,2026-08-10T21:03:12.506208+00:00
820.0,45.44,48.95,46.93,,0,0.3225165405273437,put,2026-08-17,SPY,773.0700073242188,2026-08-10T21:03:12.506208+00:00
825.0,50.44,53.95,54.58,,0,0.3459538061523437,put,2026-08-17,SPY,773.0700073242188,2026-08-10T21:03:12.506208+00:00
830.0,55.44,58.95,57.1,,0,0.3688417608642578,put,2026-08-17,SPY,773.0700073242188,2026-08-10T21:03:12.506208+00:00
835.0,60.44,63.95,62.08,,0,0.39124143920898435,put,2026-08-17,SPY,773.0700073242188,2026-08-10T21:03:12.506208+00:00
840.0,65.44,68.95,67.09,,0,0.4133359448242187,put,2026-08-17,SPY,773.0700073242188,2026-08-10T21:03:12.506208+00:00
845.0,70.44,73.95,72.1,,0,0.43494217407226565,put,2026-08-17,SPY,773.0700073242188,2026-08-10T21:03:12.506208+00:00
850.0,75.44,78.95,77.08,,0,0.45618219604492194,put,2026-08-17,SPY,773.0700073242188,2026-08-10T21:03:12.506208+00:00
855.0,80.44,83.95,82.09,,0,0.4770560107421875,put,2026-08-17,SPY,773.0700073242188,2026-08-10T21:03:12.506208+00:00
860.0,85.44,88.95,87.1,,0,0.4975636181640626,put,2026-08-17,SPY,773.0700073242188,2026-08-10T21:03:12.506208+00:00
865.0,90.44,93.95,92.11,,0,0.5178270874023438,put,2026-08-17,SPY,773.0700073242188,2026-08-10T21:03:12.506208+00:00
870.0,95.44,98.95,105.12,,0,0.5377243493652344,put,2026-08-17,SPY,773.0700073242188,2026-08-10T21:03:12.506208+00:00
875.0,100.44,103.95,110.12,,0,0.5574995422363282,put,2026-08-17,SPY,773.0700073242188,2026-08-10T21:03:12.506208+00:00
360.0,413.02,413.56,409.14,15.0,216,1.646486142578125,call,2026-08-21,SPY,773.0700073242188,2026-08-10T21:03:12.506208+00:00
365.0,408.03,408.57,405.61,4.0,154,1.625001875,call,2026-08-21,SPY,773.0700073242188,2026-08-10T21:03:12.506208+00:00
370.0,401.44,404.96,397.11,12.0,6,1.5195336523437497,call,2026-08-21,SPY,773.0700073242188,2026-08-10T21:03:12.506208+00:00
375.0,396.45,399.96,394.22,4.0,4,1.4980493847656249,call,2026-08-21,SPY,773.0700073242188,2026-08-10T21:03:12.506208+00:00
380.0,391.46,394.97,372.6,,0,1.4814479052734375,call,2026-08-21,SPY,773.0700073242188,2026-08-10T21:03:12.506208+00:00
385.0,386.46,389.98,387.27,2.0,1,1.4599636376953122,call,2026-08-21,SPY,773.0700073242188,2026-08-10T21:03:12.506208+00:00
390.0,381.47,384.99,382.29,2.0,1,1.443362158203125,call,2026-08-21,SPY,773.0700073242188,2026-08-10T21:03:12.506208+00:00
395.0,376.48,379.85,374.45,6.0,43,1.361331318359375,call,2026-08-21,SPY,773.0700073242188,2026-08-10T21:03:12.506208+00:00
400.0,371.49,375.0,368.95,14.0,23,1.404299853515625,call,2026-08-21,SPY,773.0700073242188,2026-08-10T21:03:12.506208+00:00
415.0,356.51,360.02,353.68,,8,1.3437532812499997,call,2026-08-21,SPY,773.0700073242188,2026-08-10T21:03:12.506208+00:00
420.0,351.52,355.03,330.08,5.0,8,1.3261752441406247,call,2026-08-21,SPY,773.0700073242188,2026-08-10T21:03:12.506208+00:00
425.0,314.12,317.33,327.11,,5,1.0000000000000003e-05,call,2026-08-21,SPY,773.0700073242188,2026-08-10T21:03:12.506208+00:00
435.0,304.16,307.38,317.81,3.0,20,1.0000000000000003e-05,call,2026-08-21,SPY,773.0700073242188,2026-08-10T21:03:12.506208+00:00
440.0,315.11,317.91,300.25,5.0,9,1.0000000000000003e-05,call,2026-08-21,SPY,773.0700073242188,2026-08-10T21:03:12.506208+00:00
445.0,326.55,330.07,328.05,4.0,9,1.228519482421875,call,2026-08-21,SPY,773.0700073242188,2026-08-10T21:03:12.506208+00:00
450.0,323.15,323.7,323.32,6.0,930,1.2568396533203123,call,2026-08-21,SPY,773.0700073242188,2026-08-10T21:03:12.506208+00:00
455.0,316.57,320.08,318.34,2.0,0,1.1904337353515624,call,2026-08-21,SPY,773.0700073242188,2026-08-10T21:03:12.506208+00:00
460.0,311.58,315.09,312.16,1.0,16,1.1728556982421874,call,2026-08-21,SPY,773.0700073242188,2026-08-10T21:03:12.506208+00:00
465.0,0.0,0.0,293.58,2.0,0,1.0000000000000003e-05,call,2026-08-21,SPY,773.0700073242188,2026-08-10T21:03:12.506208+00:00
470.0,301.59,305.11,278.18,2.0,13,1.1347699511718752,call,2026-08-21,SPY,773.0700073242188,2026-08-10T21:03:12.506208+00:00
475.0,296.6,300.11,265.0,20.0,29,1.115238798828125,call,2026-08-21,SPY,773.0700073242188,2026-08-10T21:03:12.506208+00:00
480.0,291.61,295.12,292.6,3.0,10,1.0976607617187502,call,2026-08-21,SPY,773.0700073242188,2026-08-10T21:03:12.506208+00:00
485.0,269.13,272.47,260.19,1.0,3,1.0000000000000003e-05,call,2026-08-21,SPY,773.0700073242188,2026-08-10T21:03:12.506208+00:00
490.0,281.62,285.14,254.46,1.0,32,1.0595750146484377,call,2026-08-21,SPY,773.0700073242188,2026-08-10T21:03:12.506208+00:00
495.0,276.63,280.14,248.28,1.0,1,1.040043862304688,call,2026-08-21,SPY,773.0700073242188,2026-08-10T21:03:12.506208+00:00
500.0,273.23,273.77,273.69,6.0,399,1.056645341796875,call,2026-08-21,SPY,773.0700073242188,2026-08-10T21:03:12.506208+00:00
505.0,266.64,270.16,268.71,6.0,6,1.003422951660156,call,2026-08-21,SPY,773.0700073242188,2026-08-10T21:03:12.506208+00:00
510.0,261.65,265.17,259.49,12.0,16,0.9858399853515626,call,2026-08-21,SPY,773.0700073242188,2026-08-10T21:03:12.506208+00:00
515.0,256.66,260.17,221.4,1.0,37,0.96679720703125,call,2026-08-21,SPY,773.0700073242188,2026-08-10T21:03:12.506208+00:00
520.0,251.67,255.18,253.83,2.0,19,0.9492192578124999,call,2026-08-21,SPY,773.0700073242188,2026-08-10T21:03:12.506208+00:00
525.0,246.68,250.19,248.91,1.0,24,0.93164130859375,call,2026-08-21,SPY,773.0700073242188,2026-08-10T21:03:12.506208+00:00
530.0,241.68,245.2,243.31,1.0,14,0.9125985302734375,call,2026-08-21,SPY,773.0700073242188,2026-08-10T21:03:12.506208+00:00
535.0,236.69,240.2,217.13,1.0,8,0.893555751953125,call,2026-08-21,SPY,773.0700073242188,2026-08-10T21:03:12.506208+00:00
540.0,231.7,235.21,232.51,2.0,7,0.875977802734375,call,2026-08-21,SPY,773.0700073242188,2026-08-10T21:03:12.506208+00:00
545.0,228.3,228.84,227.51,2.0,237,0.88476677734375,call,2026-08-21,SPY,773.0700073242188,2026-08-10T21:03:12.506208+00:00
550.0,223.31,223.85,226.6,1.0,339,0.866212275390625,call,2026-08-21,SPY,773.0700073242188,2026-08-10T21:03:12.506208+00:00
555.0,218.31,218.86,219.01,13.0,124,0.8471694970703124,call,2026-08-21,SPY,773.0700073242188,2026-08-10T21:03:12.506208+00:00
560.0,211.73,215.24,213.94,12.0,35,0.8042011767578124,call,2026-08-21,SPY,773.0700073242188,2026-08-10T21:03:12.506208+00:00
565.0,206.74,210.25,204.68,3.0,36,0.7866232275390624,call,2026-08-21,SPY,773.0700073242188,2026-08-10T21:03:12.506208+00:00
570.0,201.75,205.26,203.97,1.0,40,0.7695335546875001,call,2026-08-21,SPY,773.0700073242188,2026-08-10T21:03:12.506208+00:00
575.0,196.76,200.27,199.0,1.0,55,0.7521997436523438,call,2026-08-21,SPY,773.0700073242188,2026-08-10T21:03:12.506208+00:00
580.0,193.35,193.9,193.64,2.0,362,0.754885263671875,call,2026-08-21,SPY,773.0700073242188,2026-08-10T21:03:12.506208+00:00
585.0,186.77,190.29,188.66,3.0,49,0.71679970703125,call,2026-08-21,SPY,773.0700073242188,2026-08-10T21:03:12.506208+00:00
590.0,181.78,185.29,183.43,4.0,47,0.6982452050781252,call,2026-08-21,SPY,773.0700073242188,2026-08-10T21:03:12.506208+00:00
595.0,178.38,178.92,178.22,2.0,555,0.700198310546875,call,2026-08-21,SPY,773.0700073242188,2026-08-10T21:03:12.506208+00:00
600.0,173.39,173.93,173.71,5.0,748,0.6823762231445314,call,2026-08-21,SPY,773.0700073242188,2026-08-10T21:03:12.506208+00:00
605.0,168.4,168.94,168.99,2.0,113,0.6645541357421877,call,2026-08-21,SPY,773.0700073242188,2026-08-10T21:03:12.506208+00:00
610.0,163.4,163.95,163.11,9.0,448,0.6459996337890624,call,2026-08-21,SPY,773.0700073242188,2026-08-10T21:03:12.506208+00:00
615.0,156.82,160.34,159.02,10.0,71,0.611576149902344,call,2026-08-21,SPY,773.0700073242188,2026-08-10T21:03:12.506208+00:00
620.0,151.83,155.35,153.31,25.0,83,0.5944864770507813,call,2026-08-21,SPY,773.0700073242188,2026-08-10T21:03:12.506208+00:00
625.0,148.43,148.98,148.95,8.0,129,0.5927775097656252,call,2026-08-21,SPY,773.0700073242188,2026-08-10T21:03:12.506208+00:00
630.0,143.44,143.98,143.1,21.0,510,0.5744671459960937,call,2026-08-21,SPY,773.0700073242188,2026-08-10T21:03:12.506208+00:00
635.0,138.45,138.99,138.68,1.0,103,0.5566450585937501,call,2026-08-21,SPY,773.0700073242188,2026-08-10T21:03:12.506208+00:00
640.0,133.46,134.0,133.51,7.0,2590,0.5390671093750001,call,2026-08-21,SPY,773.0700073242188,2026-08-10T21:03:12.506208+00:00
645.0,128.47,129.01,128.37,2.0,236,0.5212450219726561,call,2026-08-21,SPY,773.0700073242188,2026-08-10T21:03:12.506208+00:00
650.0,123.48,124.01,123.75,2.0,792,0.5029346582031251,call,2026-08-21,SPY,773.0700073242188,2026-08-10T21:03:12.506208+00:00
651.0,105.85,108.65,89.64,1.0,15,1.0000000000000003e-05,call,2026-08-21,SPY,773.0700073242188,2026-08-10T21:03:12.506208+00:00
652.0,119.9,123.41,88.51,1.0,14,0.6272009936523439,call,2026-08-21,SPY,773.0700073242188,2026-08-10T21:03:12.506208+00:00
653.0,118.9,122.41,120.2,2.0,4,0.6226844372558593,call,2026-08-21,SPY,773.0700073242188,2026-08-10T21:03:12.506208+00:00
654.0,117.9,121.41,119.21,2.0,14,0.618289949951172,call,2026-08-21,SPY,773.0700073242188,2026-08-10T21:03:12.506208+00:00
655.0,118.49,119.04,118.77,4.0,328,0.514653291015625,call,2026-08-21,SPY,773.0700073242188,2026-08-10T21:03:12.506208+00:00
656.0,115.91,119.42,86.16,2.0,12,0.6098671826171876,call,2026-08-21,SPY,773.0700073242188,2026-08-10T21:03:12.506208+00:00
657.0,114.91,118.42,89.34,1.0,36,0.6053506262207033,call,2026-08-21,SPY,773.0700073242188,2026-08-10T21:03:12.506208+00:00
658.0,113.91,117.42,101.17,2.0,36,0.6009561389160158,call,2026-08-21,SPY,773.0700073242188,2026-08-10T21:03:12.506208+00:00
659.0,112.91,116.43,115.26,2.0,18,0.5970499279785157,call,2026-08-21,SPY,773.0700073242188,2026-08-10T21:03:12.506208+00:00
660.0,113.51,114.05,114.26,4.0,613,0.4958546508789063,call,2026-08-21,SPY,773.0700073242188,2026-08-10T21:03:12.506208+00:00
661.0,110.92,114.43,113.29,1.0,7,0.5881388842773438,call,2026-08-21,SPY,773.0700073242188,2026-08-10T21:03:12.506208+00:00
662.0,109.92,113.43,94.49,1.0,29,0.5836223278808592,call,2026-08-21,SPY,773.0700073242188,2026-08-10T21:03:12.506208+00:00
663.0,108.92,112.44,82.63,2.0,3,0.5797161169433593,call,2026-08-21,SPY,773.0700073242188,2026-08-10T21:03:12.506208+00:00
664.0,107.93,111.44,105.87,4.0,6,0.5751995605468749,call,2026-08-21,SPY,773.0700073242188,2026-08-10T21:03:12.506208+00:00
665.0,108.52,109.05,108.79,1.0,1671,0.47632359619140624,call,2026-08-21,SPY,773.0700073242188,2026-08-10T21:03:12.506208+00:00
666.0,105.93,109.44,81.51,1.0,64,0.5662885168457032,call,2026-08-21,SPY,773.0700073242188,2026-08-10T21:03:12.506208+00:00
667.0,104.93,108.44,76.18,1.0,2,0.5618329949951173,call,2026-08-21,SPY,773.0700073242188,2026-08-10T21:03:12.506208+00:00
668.0,103.94,107.45,78.97,2.0,9,0.5578657495117189,call,2026-08-21,SPY,773.0700073242188,2026-08-10T21:03:12.506208+00:00
669.0,102.94,106.45,85.34,1.0,3,0.5534712622070312,call,2026-08-21,SPY,773.0700073242188,2026-08-10T21:03:12.506208+00:00
670.0,103.53,104.07,103.56,7.0,1745,0.45825737060546884,call,2026-08-21,SPY,773.0700073242188,2026-08-10T21:03:12.506208+00:00
671.0,100.94,104.45,85.26,1.0,4,0.5445602185058593,call,2026-08-21,SPY,773.0700073242188,2026-08-10T21:03:12.506208+00:00
672.0,99.95,103.46,72.48,3.0,6,0.540592973022461,call,2026-08-21,SPY,773.0700073242188,2026-08-10T21:03:12.506208+00:00
673.0,98.95,102.46,67.42,2.0,35,0.5361374511718751,call,2026-08-21,SPY,773.0700073242188,2026-08-10T21:03:12.506208+00:00
674.0,97.95,101.46,95.6,4.0,48,0.5316208947753907,call,2026-08-21,SPY,773.0700073242188,2026-08-10T21:03:12.506208+00:00
675.0,98.55,99.09,98.25,2.0,4766,0.44031321411132807,call,2026-08-21,SPY,773.0700073242188,2026-08-10T21:03:12.506208+00:00
676.0,95.96,99.47,56.97,1.0,5,0.5231981274414061,call,2026-08-21,SPY,773.0700073242188,2026-08-10T21:03:12.506208+00:00
677.0,94.96,98.47,96.41,1.0,5,0.5188036401367188,call,2026-08-21,SPY,773.0700073242188,2026-08-10T21:03:12.506208+00:00
678.0,93.96,97.47,55.06,7.0,22,0.5142870837402342,call,2026-08-21,SPY,773.0700073242188,2026-08-10T21:03:12.506208+00:00
679.0,92.97,96.48,63.65,4.0,5,0.5103808728027344,call,2026-08-21,SPY,773.0700073242188,2026-08-10T21:03:12.506208+00:00
680.0,93.56,94.1,94.46,1.0,2263,0.42139250488281255,call,2026-08-21,SPY,773.0700073242188,2026-08-10T21:03:12.506208+00:00
681.0,90.97,94.48,58.09,2.0,66,0.5014087945556642,call,2026-08-21,SPY,773.0700073242188,2026-08-10T21:03:12.506208+00:00
682.0,89.98,93.49,92.67,25.0,12,0.4974415490722657,call,2026-08-21,SPY,773.0700073242188,2026-08-10T21:03:12.506208+00:00
683.0,88.98,92.49,57.38,1.0,18,0.4929249926757813,call,2026-08-21,SPY,773.0700073242188,2026-08-10T21:03:12.506208+00:00
684.0,87.98,91.49,85.96,4.0,9,0.4885305053710938,call,2026-08-21,SPY,773.0700073242188,2026-08-10T21:03:12.506208+00:00
685.0,88.58,89.12,88.7,1.0,1601,0.40320421020507813,call,2026-08-21,SPY,773.0700073242188,2026-08-10T21:03:12.506208+00:00
686.0,85.99,89.5,85.02,1.0,86,0.47998566894531247,call,2026-08-21,SPY,773.0700073242188,2026-08-10T21:03:12.506208+00:00
687.0,86.59,87.12,84.21,1.0,101,0.3952697192382813,call,2026-08-21,SPY,773.0700073242188,2026-08-10T21:03:12.506208+00:00
688.0,85.59,86.13,81.58,4.0,217,0.3920959228515625,call,2026-08-21,SPY,773.0700073242188,2026-08-10T21:03:12.506208+00:00
689.0,84.59,85.13,82.4,1.0,223,0.3881897119140625,call,2026-08-21,SPY,773.0700073242188,2026-08-10T21:03:12.506208+00:00
690.0,83.71,83.85,83.51,78.0,5803,0.36255520263671875,call,2026-08-21,SPY,773.0700073242188,2026-08-10T21:03:12.506208+00:00
691.0,81.01,84.52,81.99,1.0,15,0.4585015087890626,call,2026-08-21,SPY,773.0700073242188,2026-08-10T21:03:12.506208+00:00
692.0,80.01,83.52,78.34,2.0,12,0.45404598693847653,call,2026-08-21,SPY,773.0700073242188,2026-08-10T21:03:12.506208+00:00
693.0,80.61,81.15,77.35,2.0,105,0.37366348999023435,call,2026-08-21,SPY,773.0700073242188,2026-08-10T21:03:12.506208+00:00
694.0,79.61,80.15,48.47,7.0,288,0.36975727905273437,call,2026-08-21,SPY,773.0700073242188,2026-08-10T21:03:12.506208+00:00
695.0,78.62,79.15,80.11,7.0,3122,0.3657289990234375,call,2026-08-21,SPY,773.0700073242188,2026-08-10T21:03:12.506208+00:00
696.0,77.62,78.16,46.5,3.0,150,0.3624331335449219,call,2026-08-21,SPY,773.0700073242188,2026-08-10T21:03:12.506208+00:00
697.0,76.63,77.16,73.31,1.0,234,0.3585269226074219,call,2026-08-21,SPY,773.0700073242188,2026-08-10T21:03:12.506208+00:00
698.0,75.63,76.17,77.23,1.0,494,0.3552310571289062,call,2026-08-21,SPY,773.0700073242188,2026-08-10T21:03:12.506208+00:00
699.0,74.64,75.17,73.96,1.0,468,0.35120277709960934,call,2026-08-21,SPY,773.0700073242188,2026-08-10T21:03:12.506208+00:00
700.0,73.75,73.89,74.02,40.0,6204,0.3276434423828125,call,2026-08-21,SPY,773.0700073242188,2026-08-10T21:03:12.506208+00:00
701.0,72.65,73.18,73.26,1.0,123,0.3438786315917969,call,2026-08-21,SPY,773.0700073242188,2026-08-10T21:03:12.506208+00:00
702.0,70.06,73.57,68.14,1.0,45,0.41119973571777346,call,2026-08-21,SPY,773.0700073242188,2026-08-10T21:03:12.506208+00:00
703.0,69.06,72.57,73.76,5.0,24,0.4066221447753906,call,2026-08-21,SPY,773.0700073242188,2026-08-10T21:03:12.506208+00:00
704.0,68.07,71.58,69.4,2.0,81,0.40253283020019537,call,2026-08-21,SPY,773.0700073242188,2026-08-10T21:03:12.506208+00:00
705.0,68.67,69.2,68.77,85.0,2966,0.32910827148437494,call,2026-08-21,SPY,773.0700073242188,2026-08-10T21:03:12.506208+00:00
706.0,66.08,69.59,44.59,1.0,51,0.39386592468261716,call,2026-08-21,SPY,773.0700073242188,2026-08-10T21:03:12.506208+00:00
707.0,65.09,68.6,65.92,1.0,23,0.3897155755615235,call,2026-08-21,SPY,773.0700073242188,2026-08-10T21:03:12.506208+00:00
708.0,65.68,66.22,66.03,1.0,204,0.3182441223144531,call,2026-08-21,SPY,773.0700073242188,2026-08-10T21:03:12.506208+00:00
709.0,64.69,65.23,64.21,2.0,531,0.31482618774414056,call,2026-08-21,SPY,773.0700073242188,2026-08-10T21:03:12.506208+00:00
710.0,63.7,64.23,64.4,8.0,3961,0.3107979077148437,call,2026-08-21,SPY,773.0700073242188,2026-08-10T21:03:12.506208+00:00
711.0,62.7,63.24,64.3,1.0,124,0.3073799731445312,call,2026-08-21,SPY,773.0700073242188,2026-08-10T21:03:12.506208+00:00
712.0,60.12,63.63,62.16,1.0,85,0.36804831176757813,call,2026-08-21,SPY,773.0700073242188,2026-08-10T21:03:12.506208+00:00
713.0,60.72,61.25,60.57,1.0,114,0.299811689453125,call,2026-08-21,SPY,773.0700073242188,2026-08-10T21:03:12.506208+00:00
714.0,58.14,61.65,60.2,5.0,18,0.35962554443359374,call,2026-08-21,SPY,773.0700073242188,2026-08-10T21:03:12.506208+00:00
715.0,58.74,59.27,58.92,2.0,1553,0.29273168212890616,call,2026-08-21,SPY,773.0700073242188,2026-08-10T21:03:12.506208+00:00
716.0,56.15,59.67,58.93,23.0,66,0.35120277709960934,call,2026-08-21,SPY,773.0700073242188,2026-08-10T21:03:12.506208+00:00
717.0,55.16,58.67,57.93,1.0,21,0.34656415161132803,call,2026-08-21,SPY,773.0700073242188,2026-08-10T21:03:12.506208+00:00
718.0,54.17,57.68,55.7,4.0,27,0.34229173339843744,call,2026-08-21,SPY,773.0700073242188,2026-08-10T21:03:12.506208+00:00
719.0,53.18,56.69,54.02,2.0,37,0.33801931518554684,call,2026-08-21,SPY,773.0700073242188,2026-08-10T21:03:12.506208+00:00
720.0,53.89,54.03,53.73,6.0,5213,0.25916268188476566,call,2026-08-21,SPY,773.0700073242188,2026-08-10T21:03:12.506208+00:00
721.0,51.2,53.36,52.51,45.0,77,0.2727733856201171,call,2026-08-21,SPY,773.0700073242188,2026-08-10T21:03:12.506208+00:00
722.0,51.8,52.33,51.79,1.0,130,0.26709717285156254,call,2026-08-21,SPY,773.0700073242188,2026-08-10T21:03:12.506208+00:00
723.0,49.23,52.74,51.13,3.0,55,0.32117378051757806,call,2026-08-21,SPY,773.0700073242188,2026-08-10T21:03:12.506208+00:00
724.0,49.83,50.36,48.52,3.0,122,0.2602613037109375,call,2026-08-21,SPY,773.0700073242188,2026-08-10T21:03:12.506208+00:00
725.0,48.84,49.37,49.94,4.0,3164,0.25659923095703124,call,2026-08-21,SPY,773.0700073242188,2026-08-10T21:03:12.506208+00:00
726.0,47.85,48.38,44.37,16.0,1815,0.25287612365722656,call,2026-08-21,SPY,773.0700073242188,2026-08-10T21:03:12.506208+00:00
727.0,46.87,47.4,46.8,6.0,269,0.24958025817871093,call,2026-08-21,SPY,773.0700073242188,2026-08-10T21:03:12.506208+00:00
728.0,45.88,46.41,46.34,5.0,137,0.24585715087890625,call,2026-08-21,SPY,773.0700073242188,2026-08-10T21:03:12.506208+00:00
729.0,44.9,45.43,43.56,9.0,194,0.24250025085449217,call,2026-08-21,SPY,773.0700073242188,2026-08-10T21:03:12.506208+00:00
730.0,44.03,44.17,44.3,40.0,20354,0.22620402709960938,call,2026-08-21,SPY,773.0700073242188,2026-08-10T21:03:12.506208+00:00
731.0,42.94,43.46,41.72,1.0,188,0.23529817443847656,call,2026-08-21,SPY,773.0700073242188,2026-08-10T21:03:12.506208+00:00
732.0,41.95,42.48,42.56,12.0,316,0.2318192053222656,call,2026-08-21,SPY,773.0700073242188,2026-08-10T21:03:12.506208+00:00
733.0,40.97,41.5,41.79,2.0,266,0.22840127075195313,call,2026-08-21,SPY,773.0700073242188,2026-08-10T21:03:12.506208+00:00
734.0,40.0,40.52,41.53,2.0,1013,0.22486126708984372,call,2026-08-21,SPY,773.0700073242188,2026-08-10T21:03:12.506208+00:00
735.0,39.13,39.27,39.4,22.0,11519,0.20996883789062498,call,2026-08-21,SPY,773.0700073242188,2026-08-10T21:03:12.506208+00:00
736.0,38.04,38.57,35.44,2.0,792,0.2181474670410156,call,2026-08-21,SPY,773.0700073242188,2026-08-10T21:03:12.506208+00:00
737.0,37.07,37.59,38.6,96.0,2268,0.21454642883300779,call,2026-08-21,SPY,773.0700073242188,2026-08-10T21:03:12.506208+00:00
738.0,36.1,36.62,36.33,1.0,2343,0.21125056335449216,call,2026-08-21,SPY,773.0700073242188,2026-08-10T21:03:12.506208+00:00
739.0,35.13,35.65,35.5,3.0,1563,0.20789366333007808,call,2026-08-21,SPY,773.0700073242188,2026-08-10T21:03:12.506208+00:00
740.0,34.27,34.41,34.44,176.0,9128,0.194343994140625,call,2026-08-21,SPY,773.0700073242188,2026-08-10T21:03:12.506208+00:00
741.0,33.31,33.44,33.44,27.0,5098,0.1911091632080078,call,2026-08-21,SPY,773.0700073242188,2026-08-10T21:03:12.506208+00:00
742.0,32.23,32.75,32.64,106.0,2225,0.1979450323486328,call,2026-08-21,SPY,773.0700073242188,2026-08-10T21:03:12.506208+00:00
743.0,31.27,31.79,31.67,84.0,2492,0.19477123596191404,call,2026-08-21,SPY,773.0700073242188,2026-08-10T21:03:12.506208+00:00
744.0,30.43,30.56,30.62,54.0,5423,0.1821370849609375,call,2026-08-21,SPY,773.0700073242188,2026-08-10T21:03:12.506208+00:00
745.0,29.47,29.61,29.66,282.0,12599,0.17939053039550779,call,2026-08-21,SPY,773.0700073242188,2026-08-10T21:03:12.506208+00:00
746.0,28.41,28.92,28.96,9.0,2696,0.18506674316406246,call,2026-08-21,SPY,773.0700073242188,2026-08-10T21:03:12.506208+00:00
747.0,27.47,27.97,27.74,49.0,2461,0.1818319122314453,call,2026-08-21,SPY,773.0700073242188,2026-08-10T21:03:12.506208+00:00
748.0,26.52,27.03,26.81,64.0,3935,0.1789022540283203,call,2026-08-21,SPY,773.0700073242188,2026-08-10T21:03:12.506208+00:00
749.0,25.59,25.99,25.86,36.0,3614,0.17285983398437502,call,2026-08-21,SPY,773.0700073242188,2026-08-10T21:03:12.506208+00:00
750.0,24.76,24.9,25.0,287.0,32517,0.16529155029296877,call,2026-08-21,SPY,773.0700073242188,2026-08-10T21:03:12.506208+00:00
751.0,23.73,24.23,23.78,18.0,4392,0.16999121032714848,call,2026-08-21,SPY,773.0700073242188,2026-08-10T21:03:12.506208+00:00
752.0,22.92,23.05,23.08,96.0,6922,0.1598594757080078,call,2026-08-21,SPY,773.0700073242188,2026-08-10T21:03:12.506208+00:00
753.0,22.0,22.39,22.33,13.0,3240,0.1641929284667969,call,2026-08-21,SPY,773.0700073242188,2026-08-10T21:03:12.506208+00:00
754.0,21.01,21.36,21.27,44.0,4968,0.15821154296875,call,2026-08-21,SPY,773.0700073242188,2026-08-10T21:03:12.506208+00:00
755.0,20.2,20.33,20.07,206.0,10757,0.15223015747070315,call,2026-08-21,SPY,773.0700073242188,2026-08-10T21:03:12.506208+00:00
756.0,19.31,19.44,19.55,36.0,13063,0.14978877563476564,call,2026-08-21,SPY,773.0700073242188,2026-08-10T21:03:12.506208+00:00
757.0,18.37,18.68,18.26,13.0,4646,0.15033808654785158,call,2026-08-21,SPY,773.0700073242188,2026-08-10T21:03:12.506208+00:00
758.0,17.47,17.82,17.78,9.0,2848,0.14817136016845706,call,2026-08-21,SPY,773.0700073242188,2026-08-10T21:03:12.506208+00:00
759.0,16.6,16.94,16.9,36.0,3102,0.1453332537841797,call,2026-08-21,SPY,773.0700073242188,2026-08-10T21:03:12.506208+00:00
760.0,15.86,15.99,16.0,1060.0,17377,0.14075566284179689,call,2026-08-21,SPY,773.0700073242188,2026-08-10T21:03:12.506208+00:00
761.0,14.93,15.27,15.24,13.0,2400,0.14106083557128907,call,2026-08-21,SPY,773.0700073242188,2026-08-10T21:03:12.506208+00:00
762.0,14.11,14.45,14.49,27.0,3773,0.13889410919189454,call,2026-08-21,SPY,773.0700073242188,2026-08-10T21:03:12.506208+00:00
763.0,13.31,13.62,13.39,2109.0,3625,0.1362391064453125,call,2026-08-21,SPY,773.0700073242188,2026-08-10T21:03:12.506208+00:00
764.0,12.53,12.86,12.42,5033.0,3371,0.13480479461669925,call,2026-08-21,SPY,773.0700073242188,2026-08-10T21:03:12.506208+00:00
765.0,11.84,11.97,11.9,5218.0,11431,0.13047134185791015,call,2026-08-21,SPY,773.0700073242188,2026-08-10T21:03:12.506208+00:00
766.0,11.01,11.31,10.94,4410.0,3469,0.13037979003906247,call,2026-08-21,SPY,773.0700073242188,2026-08-10T21:03:12.506208+00:00
767.0,10.28,10.55,10.22,4349.0,4383,0.12802996002197264,call,2026-08-21,SPY,773.0700073242188,2026-08-10T21:03:12.506208+00:00
768.0,9.6,9.85,9.88,4553.0,3155,0.12647357910156248,call,2026-08-21,SPY,773.0700073242188,2026-08-10T21:03:12.506208+00:00
769.0,8.88,9.18,9.08,4496.0,3472,0.12513081909179688,call,2026-08-21,SPY,773.0700073242188,2026-08-10T21:03:12.506208+00:00
770.0,8.31,8.42,8.35,2316.0,27117,0.12177391906738282,call,2026-08-21,SPY,773.0700073242188,2026-08-10T21:03:12.506208+00:00
771.0,7.62,7.83,7.72,148.0,4975,0.12116357360839844,call,2026-08-21,SPY,773.0700073242188,2026-08-10T21:03:12.506208+00:00
772.0,6.99,7.23,7.17,836.0,4405,0.11991236541748046,call,2026-08-21,SPY,773.0700073242188,2026-08-10T21:03:12.506208+00:00
773.0,6.5,6.58,6.54,5828.0,7391,0.11737943176269532,call,2026-08-21,SPY,773.0700073242188,2026-08-10T21:03:12.506208+00:00
774.0,5.94,6.02,6.0,3368.0,3181,0.11603667175292968,call,2026-08-21,SPY,773.0700073242188,2026-08-10T21:03:12.506208+00:00
775.0,5.41,5.48,5.45,16098.0,54851,0.11460235992431642,call,2026-08-21,SPY,773.0700073242188,2026-08-10T21:03:12.506208+00:00
776.0,4.91,4.99,4.72,2136.0,4650,0.11359528991699218,call,2026-08-21,SPY,773.0700073242188,2026-08-10T21:03:12.506208+00:00
777.0,4.45,4.52,4.47,760.0,5416,0.1124966680908203,call,2026-08-21,SPY,773.0700073242188,2026-08-10T21:03:12.506208+00:00
778.0,4.01,4.08,4.04,424.0,4072,0.11145908081054687,call,2026-08-21,SPY,773.0700073242188,2026-08-10T21:03:12.506208+00:00
779.0,3.6,3.67,3.58,669.0,5236,0.11048252807617187,call,2026-08-21,SPY,773.0700073242188,2026-08-10T21:03:12.506208+00:00
780.0,3.21,3.28,3.25,2650.0,26358,0.10941442352294922,call,2026-08-21,SPY,773.0700073242188,2026-08-10T21:03:12.506208+00:00
781.0,2.86,2.93,2.85,217.0,1736,0.10859045715332032,call,2026-08-21,SPY,773.0700073242188,2026-08-10T21:03:12.506208+00:00
782.0,2.55,2.59,2.59,622.0,5016,0.10749183532714844,call,2026-08-21,SPY,773.0700073242188,2026-08-10T21:03:12.506208+00:00
783.0,2.25,2.29,2.27,383.0,5400,0.10666786895751953,call,2026-08-21,SPY,773.0700073242188,2026-08-10T21:03:12.506208+00:00
784.0,1.98,2.01,1.99,1633.0,2255,0.10575235076904296,call,2026-08-21,SPY,773.0700073242188,2026-08-10T21:03:12.506208+00:00
785.0,1.73,1.76,1.75,2584.0,82026,0.1049894189453125,call,2026-08-21,SPY,773.0700073242188,2026-08-10T21:03:12.506208+00:00
786.0,1.51,1.54,1.52,291.0,3005,0.1043790734863281,call,2026-08-21,SPY,773.0700073242188,2026-08-10T21:03:12.506208+00:00
787.0,1.31,1.34,1.37,393.0,1635,0.10376872802734374,call,2026-08-21,SPY,773.0700073242188,2026-08-10T21:03:12.506208+00:00
788.0,1.13,1.16,1.15,662.0,1772,0.10321941711425779,call,2026-08-21,SPY,773.0700073242188,2026-08-10T21:03:12.506208+00:00
789.0,0.97,1.0,0.99,231.0,1293,0.10260907165527343,call,2026-08-21,SPY,773.0700073242188,2026-08-10T21:03:12.506208+00:00
790.0,0.84,0.86,0.85,1765.0,18634,0.10218182983398436,call,2026-08-21,SPY,773.0700073242188,2026-08-10T21:03:12.506208+00:00
791.0,0.72,0.74,0.79,301.0,1599,0.10187665710449219,call,2026-08-21,SPY,773.0700073242188,2026-08-10T21:03:12.506208+00:00
792.0,0.61,0.63,0.59,118.0,1883,0.10144941528320311,call,2026-08-21,SPY,773.0700073242188,2026-08-10T21:03:12.506208+00:00
793.0,0.52,0.54,0.49,197.0,1792,0.1012663116455078,call,2026-08-21,SPY,773.0700073242188,2026-08-10T21:03:12.506208+00:00
794.0,0.45,0.46,0.43,496.0,1293,0.1010832080078125,call,2026-08-21,SPY,773.0700073242188,2026-08-10T21:03:12.506208+00:00
795.0,0.39,0.4,0.4,624.0,10790,0.10144941528320311,call,2026-08-21,SPY,773.0700073242188,2026-08-10T21:03:12.506208+00:00
796.0,0.33,0.34,0.32,142.0,1585,0.10132734619140624,call,2026-08-21,SPY,773.0700073242188,2026-08-10T21:03:12.506208+00:00
797.0,0.28,0.29,0.29,63.0,1953,0.10132734619140624,call,2026-08-21,SPY,773.0700073242188,2026-08-10T21:03:12.506208+00:00
798.0,0.24,0.25,0.25,76.0,1524,0.10169355346679687,call,2026-08-21,SPY,773.0700073242188,2026-08-10T21:03:12.506208+00:00
799.0,0.21,0.22,0.25,28.0,1464,0.10242596801757811,call,2026-08-21,SPY,773.0700073242188,2026-08-10T21:03:12.506208+00:00
800.0,0.18,0.19,0.19,1786.0,25902,0.10279217529296875,call,2026-08-21,SPY,773.0700073242188,2026-08-10T21:03:12.506208+00:00
801.0,0.16,0.17,0.19,288.0,254,0.10401286621093749,call,2026-08-21,SPY,773.0700073242188,2026-08-10T21:03:12.506208+00:00
802.0,0.14,0.15,0.16,9.0,39,0.10474528076171874,call,2026-08-21,SPY,773.0700073242188,2026-08-10T21:03:12.506208+00:00
803.0,0.12,0.13,0.14,107.0,328,0.10523355712890625,call,2026-08-21,SPY,773.0700073242188,2026-08-10T21:03:12.506208+00:00
804.0,0.11,0.12,0.11,41.0,538,0.10669838623046876,call,2026-08-21,SPY,773.0700073242188,2026-08-10T21:03:12.506208+00:00
805.0,0.1,0.11,0.1,231.0,11111,0.10816321533203124,call,2026-08-21,SPY,773.0700073242188,2026-08-10T21:03:12.506208+00:00
806.0,0.09,0.1,0.17,2.0,399,0.10938390625,call,2026-08-21,SPY,773.0700073242188,2026-08-10T21:03:12.506208+00:00
807.0,0.09,0.1,0.15,1.0,997,0.11231356445312499,call,2026-08-21,SPY,773.0700073242188,2026-08-10T21:03:12.506208+00:00
808.0,0.08,0.09,0.11,1.0,205,0.1132901171875,call,2026-08-21,SPY,773.0700073242188,2026-08-10T21:03:12.506208+00:00
809.0,0.08,0.09,0.1,411.0,670,0.11597563720703125,call,2026-08-21,SPY,773.0700073242188,2026-08-10T21:03:12.506208+00:00
810.0,0.07,0.08,0.06,878.0,16440,0.1167080517578125,call,2026-08-21,SPY,773.0700073242188,2026-08-10T21:03:12.506208+00:00
815.0,0.06,0.07,0.06,971.0,2893,0.1274501318359375,call,2026-08-21,SPY,773.0700073242188,2026-08-10T21:03:12.506208+00:00
820.0,0.05,0.06,0.04,41.0,11149,0.13770393554687502,call,2026-08-21,SPY,773.0700073242188,2026-08-10T21:03:12.506208+00:00
825.0,0.04,0.05,0.05,28.0,20915,0.14649291015625,call,2026-08-21,SPY,773.0700073242188,2026-08-10T21:03:12.506208+00:00
830.0,0.03,0.04,0.04,9.0,13763,0.15430533203125002,call,2026-08-21,SPY,773.0700073242188,2026-08-10T21:03:12.506208+00:00
835.0,0.03,0.04,0.04,40.0,2373,0.16602396484375004,call,2026-08-21,SPY,773.0700073242188,2026-08-10T21:03:12.506208+00:00
840.0,0.03,0.04,0.03,8.0,4637,0.17774259765625,call,2026-08-21,SPY,773.0700073242188,2026-08-10T21:03:12.506208+00:00
845.0,0.02,0.03,0.04,2.0,5477,0.18262536132812499,call,2026-08-21,SPY,773.0700073242188,2026-08-10T21:03:12.506208+00:00
850.0,0.02,0.03,0.03,148.0,11474,0.19336744140625,call,2026-08-21,SPY,773.0700073242188,2026-08-10T21:03:12.506208+00:00
855.0,0.02,0.03,0.02,60.0,1726,0.20508607421874997,call,2026-08-21,SPY,773.0700073242188,2026-08-10T21:03:12.506208+00:00
860.0,0.02,0.03,0.02,4.0,7018,0.2148516015625,call,2026-08-21,SPY,773.0700073242188,2026-08-10T21:03:12.506208+00:00
870.0,0.01,0.02,0.02,171.0,5441,0.22657023437499998,call,2026-08-21,SPY,773.0700073242188,2026-08-10T21:03:12.506208+00:00
880.0,0.01,0.02,0.02,6.0,4550,0.2461012890625,call,2026-08-21,SPY,773.0700073242188,2026-08-10T21:03:12.506208+00:00
890.0,0.01,0.02,0.03,145.0,6823,0.26563234375,call,2026-08-21,SPY,773.0700073242188,2026-08-10T21:03:12.506208+00:00
900.0,0.01,0.02,0.01,1071.0,7306,0.28516339843749994,call,2026-08-21,SPY,773.0700073242188,2026-08-10T21:03:12.506208+00:00
905.0,0.01,0.02,0.01,1285.0,5480,0.2929758203124999,call,2026-08-21,SPY,773.0700073242188,2026-08-10T21:03:12.506208+00:00
910.0,0.01,0.02,0.03,2940.0,17351,0.304694453125,call,2026-08-21,SPY,773.0700073242188,2026-08-10T21:03:12.506208+00:00
915.0,0.0,0.01,0.01,483.0,3693,0.29688203124999996,call,2026-08-21,SPY,773.0700073242188,2026-08-10T21:03:12.506208+00:00
920.0,0.0,0.01,0.02,147.0,6672,0.304694453125,call,2026-08-21,SPY,773.0700073242188,2026-08-10T21:03:12.506208+00:00
925.0,0.0,0.01,0.01,1.0,2857,0.31250687499999996,call,2026-08-21,SPY,773.0700073242188,2026-08-10T21:03:12.506208+00:00
930.0,0.0,0.01,0.01,6396.0,14634,0.32031929687499994,call,2026-08-21,SPY,773.0700073242188,2026-08-10T21:03:12.506208+00:00
935.0,0.0,0.01,0.01,1446.0,5869,0.32813171874999997,call,2026-08-21,SPY,773.0700073242188,2026-08-10T21:03:12.506208+00:00
940.0,0.0,0.01,0.01,50.0,6698,0.335944140625,call,2026-08-21,SPY,773.0700073242188,2026-08-10T21:03:12.506208+00:00
945.0,0.0,0.01,0.01,15.0,3947,0.3437565625,call,2026-08-21,SPY,773.0700073242188,2026-08-10T21:03:12.506208+00:00
950.0,0.0,0.01,0.01,2085.0,5299,0.35547519531249994,call,2026-08-21,SPY,773.0700073242188,2026-08-10T21:03:12.506208+00:00
955.0,0.0,0.01,0.01,42.0,32782,0.3632876171875,call,2026-08-21,SPY,773.0700073242188,2026-08-10T21:03:12.506208+00:00
960.0,0.0,0.01,0.01,590.0,1391,0.3711000390625,call,2026-08-21,SPY,773.0700073242188,2026-08-10T21:03:12.506208+00:00
965.0,0.0,0.01,0.01,482.0,3919,0.3789124609375,call,2026-08-21,SPY,773.0700073242188,2026-08-10T21:03:12.506208+00:00
970.0,0.0,0.01,0.01,379.0,4389,0.38672488281249995,call,2026-08-21,SPY,773.0700073242188,2026-08-10T21:03:12.506208+00:00
975.0,0.0,0.01,0.01,379.0,4635,0.39453730468750003,call,2026-08-21,SPY,773.0700073242188,2026-08-10T21:03:12.506208+00:00
980.0,0.0,0.01,0.01,242.0,5937,0.4062559375,call,2026-08-21,SPY,773.0700073242188,2026-08-10T21:03:12.506208+00:00
985.0,0.0,0.01,0.01,44.0,4155,0.414068359375,call,2026-08-21,SPY,773.0700073242188,2026-08-10T21:03:12.506208+00:00
990.0,0.0,0.01,0.01,651.0,4480,0.42188078125,call,2026-08-21,SPY,773.0700073242188,2026-08-10T21:03:12.506208+00:00
995.0,0.0,0.01,0.01,40.0,4034,0.42969320312500003,call,2026-08-21,SPY,773.0700073242188,2026-08-10T21:03:12.506208+00:00
1000.0,0.0,0.01,0.01,1.0,3928,0.437505625,call,2026-08-21,SPY,773.0700073242188,2026-08-10T21:03:12.506208+00:00
360.0,0.0,0.01,0.01,3.0,26722,1.1875040625,put,2026-08-21,SPY,773.0700073242188,2026-08-10T21:03:12.506208+00:00
365.0,0.0,0.01,0.01,607.0,9189,1.15625421875,put,2026-08-21,SPY,773.0700073242188,2026-08-10T21:03:12.506208+00:00
370.0,0.0,0.01,0.01,8.0,15599,1.125004375,put,2026-08-21,SPY,773.0700073242188,2026-08-10T21:03:12.506208+00:00
375.0,0.0,0.01,0.01,1208.0,6782,1.125004375,put,2026-08-21,SPY,773.0700073242188,2026-08-10T21:03:12.506208+00:00
380.0,0.0,0.01,0.01,2.0,11595,1.09375453125,put,2026-08-21,SPY,773.0700073242188,2026-08-10T21:03:12.506208+00:00
385.0,0.0,0.01,0.01,12.0,5429,1.09375453125,put,2026-08-21,SPY,773.0700073242188,2026-08-10T21:03:12.506208+00:00
390.0,0.0,0.01,0.01,200.0,5900,1.0625046875000002,put,2026-08-21,SPY,773.0700073242188,2026-08-10T21:03:12.506208+00:00
395.0,0.0,0.01,0.01,3628.0,9015,1.0312548437500002,put,2026-08-21,SPY,773.0700073242188,2026-08-10T21:03:12.506208+00:00
400.0,0.0,0.01,0.01,3540.0,21288,1.0312548437500002,put,2026-08-21,SPY,773.0700073242188,2026-08-10T21:03:12.506208+00:00
405.0,0.0,0.01,0.01,81.0,6535,1.000005,put,2026-08-21,SPY,773.0700073242188,2026-08-10T21:03:12.506208+00:00
410.0,0.0,0.01,0.01,300.0,10409,0.98437515625,put,2026-08-21,SPY,773.0700073242188,2026-08-10T21:03:12.506208+00:00
415.0,0.0,0.01,0.01,500.0,2101,0.9687503125,put,2026-08-21,SPY,773.0700073242188,2026-08-10T21:03:12.506208+00:00
420.0,0.0,0.01,0.01,1.0,1632,0.9531254687499999,put,2026-08-21,SPY,773.0700073242188,2026-08-10T21:03:12.506208+00:00
425.0,0.0,0.01,0.01,301.0,4758,0.937500625,put,2026-08-21,SPY,773.0700073242188,2026-08-10T21:03:12.506208+00:00
430.0,0.0,0.01,0.01,1741.0,11124,0.9062509375,put,2026-08-21,SPY,773.0700073242188,2026-08-10T21:03:12.506208+00:00
435.0,0.0,0.01,0.01,25.0,3951,0.9062509375,put,2026-08-21,SPY,773.0700073242188,2026-08-10T21:03:12.506208+00:00
440.0,0.0,0.01,0.01,3.0,101615,0.87500125,put,2026-08-21,SPY,773.0700073242188,2026-08-10T21:03:12.506208+00:00
445.0,0.0,0.01,0.01,2.0,1830,0.87500125,put,2026-08-21,SPY,773.0700073242188,2026-08-10T21:03:12.506208+00:00
450.0,0.0,0.01,0.01,1.0,11730,0.8437515624999999,put,2026-08-21,SPY,773.0700073242188,2026-08-10T21:03:12.506208+00:00
455.0,0.0,0.01,0.01,197.0,855,0.8281267187499999,put,2026-08-21,SPY,773.0700073242188,2026-08-10T21:03:12.506208+00:00
460.0,0.0,0.01,0.01,3.0,1206,0.8125018749999999,put,2026-08-21,SPY,773.0700073242188,2026-08-10T21:03:12.506208+00:00
465.0,0.0,0.01,0.01,101.0,2208,0.79687703125,put,2026-08-21,SPY,773.0700073242188,2026-08-10T21:03:12.506208+00:00
470.0,0.0,0.01,0.01,5.0,103159,0.7812521875,put,2026-08-21,SPY,773.0700073242188,2026-08-10T21:03:12.506208+00:00
475.0,0.0,0.01,0.01,1.0,1517,0.7656273437500001,put,2026-08-21,SPY,773.0700073242188,2026-08-10T21:03:12.506208+00:00
480.0,0.0,0.01,0.01,2.0,7456,0.7500025,put,2026-08-21,SPY,773.0700073242188,2026-08-10T21:03:12.506208+00:00
485.0,0.0,0.01,0.01,67.0,1843,0.73437765625,put,2026-08-21,SPY,773.0700073242188,2026-08-10T21:03:12.506208+00:00
490.0,0.0,0.01,0.01,1214.0,1705,0.7187528125,put,2026-08-21,SPY,773.0700073242188,2026-08-10T21:03:12.506208+00:00
495.0,0.0,0.01,0.01,1013.0,3533,0.70312796875,put,2026-08-21,SPY,773.0700073242188,2026-08-10T21:03:12.506208+00:00
500.0,0.0,0.01,0.01,31.0,10921,0.6875031250000001,put,2026-08-21,SPY,773.0700073242188,2026-08-10T21:03:12.506208+00:00
505.0,0.0,0.01,0.01,24.0,1524,0.6718782812500002,put,2026-08-21,SPY,773.0700073242188,2026-08-10T21:03:12.506208+00:00
510.0,0.0,0.01,0.01,1.0,4942,0.6562534375000001,put,2026-08-21,SPY,773.0700073242188,2026-08-10T21:03:12.506208+00:00
515.0,0.0,0.01,0.01,20.0,5998,0.64062859375,put,2026-08-21,SPY,773.0700073242188,2026-08-10T21:03:12.506208+00:00
520.0,0.0,0.01,0.01,16.0,239061,0.6250037500000001,put,2026-08-21,SPY,773.0700073242188,2026-08-10T21:03:12.506208+00:00
525.0,0.0,0.01,0.01,567.0,6601,0.6250037500000001,put,2026-08-21,SPY,773.0700073242188,2026-08-10T21:03:12.506208+00:00
530.0,0.0,0.01,0.01,15.0,5426,0.6093789062500001,put,2026-08-21,SPY,773.0700073242188,2026-08-10T21:03:12.506208+00:00
535.0,0.0,0.01,0.01,4960.0,4749,0.5937540625000001,put,2026-08-21,SPY,773.0700073242188,2026-08-10T21:03:12.506208+00:00
540.0,0.0,0.01,0.01,410.0,14797,0.57812921875,put,2026-08-21,SPY,773.0700073242188,2026-08-10T21:03:12.506208+00:00
545.0,0.0,0.01,0.01,5403.0,1614,0.5625043750000001,put,2026-08-21,SPY,773.0700073242188,2026-08-10T21:03:12.506208+00:00
550.0,0.0,0.01,0.01,2785.0,216777,0.5468795312500001,put,2026-08-21,SPY,773.0700073242188,2026-08-10T21:03:12.506208+00:00
555.0,0.0,0.01,0.01,760.0,5166,0.5312546875,put,2026-08-21,SPY,773.0700073242188,2026-08-10T21:03:12.506208+00:00
560.0,0.01,0.02,0.02,1830.0,8536,0.5625043750000001,put,2026-08-21,SPY,773.0700073242188,2026-08-10T21:03:12.506208+00:00
565.0,0.01,0.02,0.01,2175.0,4668,0.5507857421875001,put,2026-08-21,SPY,773.0700073242188,2026-08-10T21:03:12.506208+00:00
570.0,0.01,0.02,0.01,26.0,2983,0.5351608984375,put,2026-08-21,SPY,773.0700073242188,2026-08-10T21:03:12.506208+00:00
575.0,0.01,0.02,0.02,6.0,5033,0.523442265625,put,2026-08-21,SPY,773.0700073242188,2026-08-10T21:03:12.506208+00:00
580.0,0.01,0.02,0.02,4.0,5334,0.507817421875,put,2026-08-21,SPY,773.0700073242188,2026-08-10T21:03:12.506208+00:00
585.0,0.01,0.02,0.02,518.0,3404,0.5039112109375,put,2026-08-21,SPY,773.0700073242188,2026-08-10T21:03:12.506208+00:00
590.0,0.01,0.02,0.01,10.0,3189,0.49219257812500006,put,2026-08-21,SPY,773.0700073242188,2026-08-10T21:03:12.506208+00:00
595.0,0.01,0.02,0.02,175.0,3996,0.476567734375,put,2026-08-21,SPY,773.0700073242188,2026-08-10T21:03:12.506208+00:00
600.0,0.02,0.03,0.03,276.0,122678,0.47852083984375,put,2026-08-21,SPY,773.0700073242188,2026-08-10T21:03:12.506208+00:00
605.0,0.02,0.03,0.03,3010.0,14873,0.46484910156250003,put,2026-08-21,SPY,773.0700073242188,2026-08-10T21:03:12.506208+00:00
610.0,0.02,0.03,0.02,36.0,4457,0.44922425781249997,put,2026-08-21,SPY,773.0700073242188,2026-08-10T21:03:12.506208+00:00
615.0,0.02,0.03,0.03,79.0,49228,0.43555251953125,put,2026-08-21,SPY,773.0700073242188,2026-08-10T21:03:12.506208+00:00
620.0,0.02,0.03,0.02,12.0,13327,0.42188078125,put,2026-08-21,SPY,773.0700073242188,2026-08-10T21:03:12.506208+00:00
625.0,0.02,0.03,0.02,91.0,7066,0.4062559375,put,2026-08-21,SPY,773.0700073242188,2026-08-10T21:03:12.506208+00:00
630.0,0.03,0.04,0.04,172.0,109044,0.40430283203125,put,2026-08-21,SPY,773.0700073242188,2026-08-10T21:03:12.506208+00:00
635.0,0.03,0.04,0.04,32.0,15414,0.39063109375,put,2026-08-21,SPY,773.0700073242188,2026-08-10T21:03:12.506208+00:00
640.0,0.03,0.04,0.03,247.0,8659,0.37500625,put,2026-08-21,SPY,773.0700073242188,2026-08-10T21:03:12.506208+00:00
645.0,0.03,0.04,0.03,95.0,4496,0.36133451171875,put,2026-08-21,SPY,773.0700073242188,2026-08-10T21:03:12.506208+00:00
650.0,0.04,0.05,0.04,402.0,24441,0.35547519531249994,put,2026-08-21,SPY,773.0700073242188,2026-08-10T21:03:12.506208+00:00
651.0,0.04,0.05,0.04,32.0,1779,0.352545537109375,put,2026-08-21,SPY,773.0700073242188,2026-08-10T21:03:12.506208+00:00
652.0,0.04,0.05,0.07,16.0,3814,0.34961587890624996,put,2026-08-21,SPY,773.0700073242188,2026-08-10T21:03:12.506208+00:00
653.0,0.04,0.05,0.09,3.0,753,0.34668622070312494,put,2026-08-21,SPY,773.0700073242188,2026-08-10T21:03:12.506208+00:00
654.0,0.04,0.05,0.12,10.0,456,0.3437565625,put,2026-08-21,SPY,773.0700073242188,2026-08-10T21:03:12.506208+00:00
655.0,0.04,0.05,0.05,8.0,10294,0.34180345703125,put,2026-08-21,SPY,773.0700073242188,2026-08-10T21:03:12.506208+00:00
656.0,0.04,0.05,0.05,58.0,1458,0.33789724609375,put,2026-08-21,SPY,773.0700073242188,2026-08-10T21:03:12.506208+00:00
657.0,0.04,0.05,0.05,1.0,4249,0.335944140625,put,2026-08-21,SPY,773.0700073242188,2026-08-10T21:03:12.506208+00:00
658.0,0.04,0.05,0.06,858.0,1632,0.3320379296875,put,2026-08-21,SPY,773.0700073242188,2026-08-10T21:03:12.506208+00:00
659.0,0.04,0.05,0.06,918.0,1840,0.33008482421874996,put,2026-08-21,SPY,773.0700073242188,2026-08-10T21:03:12.506208+00:00
660.0,0.04,0.05,0.04,122.0,11239,0.327155166015625,put,2026-08-21,SPY,773.0700073242188,2026-08-10T21:03:12.506208+00:00
661.0,0.04,0.05,0.06,1552.0,1579,0.3242255078124999,put,2026-08-21,SPY,773.0700073242188,2026-08-10T21:03:12.506208+00:00
662.0,0.04,0.05,0.06,2019.0,2954,0.32129584960937496,put,2026-08-21,SPY,773.0700073242188,2026-08-10T21:03:12.506208+00:00
663.0,0.05,0.06,0.06,2204.0,2703,0.3242255078124999,put,2026-08-21,SPY,773.0700073242188,2026-08-10T21:03:12.506208+00:00
664.0,0.05,0.06,0.06,124.0,1580,0.32227240234374993,put,2026-08-21,SPY,773.0700073242188,2026-08-10T21:03:12.506208+00:00
665.0,0.05,0.06,0.04,112.0,4970,0.31836619140624994,put,2026-08-21,SPY,773.0700073242188,2026-08-10T21:03:12.506208+00:00
666.0,0.05,0.06,0.05,100.0,4723,0.31641308593749995,put,2026-08-21,SPY,773.0700073242188,2026-08-10T21:03:12.506208+00:00
667.0,0.05,0.06,0.06,1.0,4524,0.313483427734375,put,2026-08-21,SPY,773.0700073242188,2026-08-10T21:03:12.506208+00:00
668.0,0.05,0.06,0.05,2.0,834,0.31055376953124997,put,2026-08-21,SPY,773.0700073242188,2026-08-10T21:03:12.506208+00:00
669.0,0.05,0.06,0.06,1.0,730,0.30762411132812495,put,2026-08-21,SPY,773.0700073242188,2026-08-10T21:03:12.506208+00:00
670.0,0.05,0.06,0.06,313.0,8225,0.304694453125,put,2026-08-21,SPY,773.0700073242188,2026-08-10T21:03:12.506208+00:00
671.0,0.05,0.06,0.11,200.0,932,0.301764794921875,put,2026-08-21,SPY,773.0700073242188,2026-08-10T21:03:12.506208+00:00
672.0,0.06,0.07,0.12,1.0,2034,0.30371790039062496,put,2026-08-21,SPY,773.0700073242188,2026-08-10T21:03:12.506208+00:00
673.0,0.06,0.07,0.06,3.0,986,0.3007882421875,put,2026-08-21,SPY,773.0700073242188,2026-08-10T21:03:12.506208+00:00
674.0,0.06,0.07,0.06,49.0,1862,0.2978585839843749,put,2026-08-21,SPY,773.0700073242188,2026-08-10T21:03:12.506208+00:00
675.0,0.06,0.07,0.06,170.0,22367,0.29492892578124996,put,2026-08-21,SPY,773.0700073242188,2026-08-10T21:03:12.506208+00:00
676.0,0.06,0.07,0.07,7.0,2567,0.2919992675781249,put,2026-08-21,SPY,773.0700073242188,2026-08-10T21:03:12.506208+00:00
677.0,0.06,0.07,0.09,3.0,2451,0.2890696093749999,put,2026-08-21,SPY,773.0700073242188,2026-08-10T21:03:12.506208+00:00
678.0,0.06,0.07,0.14,8.0,2245,0.2866282275390625,put,2026-08-21,SPY,773.0700073242188,2026-08-10T21:03:12.506208+00:00
679.0,0.06,0.07,0.08,10.0,1597,0.2841868457031249,put,2026-08-21,SPY,773.0700073242188,2026-08-10T21:03:12.506208+00:00
680.0,0.07,0.08,0.07,60.0,20249,0.28516339843749994,put,2026-08-21,SPY,773.0700073242188,2026-08-10T21:03:12.506208+00:00
681.0,0.07,0.08,0.08,65.0,2498,0.282233740234375,put,2026-08-21,SPY,773.0700073242188,2026-08-10T21:03:12.506208+00:00
682.0,0.07,0.08,0.08,4.0,2652,0.27930408203124996,put,2026-08-21,SPY,773.0700073242188,2026-08-10T21:03:12.506208+00:00
683.0,0.07,0.08,0.08,67.0,1881,0.27637442382812494,put,2026-08-21,SPY,773.0700073242188,2026-08-10T21:03:12.506208+00:00
684.0,0.07,0.08,0.07,12.0,2270,0.273444765625,put,2026-08-21,SPY,773.0700073242188,2026-08-10T21:03:12.506208+00:00
685.0,0.07,0.08,0.08,75.0,15562,0.270515107421875,put,2026-08-21,SPY,773.0700073242188,2026-08-10T21:03:12.506208+00:00
686.0,0.08,0.09,0.08,2.0,2814,0.27149166015625,put,2026-08-21,SPY,773.0700073242188,2026-08-10T21:03:12.506208+00:00
687.0,0.08,0.09,0.08,10.0,3532,0.26856200195312496,put,2026-08-21,SPY,773.0700073242188,2026-08-10T21:03:12.506208+00:00
688.0,0.08,0.09,0.07,8.0,1446,0.26563234375,put,2026-08-21,SPY,773.0700073242188,2026-08-10T21:03:12.506208+00:00
689.0,0.08,0.09,0.09,5.0,2118,0.26270268554687504,put,2026-08-21,SPY,773.0700073242188,2026-08-10T21:03:12.506208+00:00
690.0,0.09,0.1,0.09,1470.0,25870,0.26319096191406255,put,2026-08-21,SPY,773.0700073242188,2026-08-10T21:03:12.506208+00:00
691.0,0.09,0.1,0.09,92.0,2025,0.2602613037109375,put,2026-08-21,SPY,773.0700073242188,2026-08-10T21:03:12.506208+00:00
692.0,0.09,0.1,0.09,32.0,1478,0.256843369140625,put,2026-08-21,SPY,773.0700073242188,2026-08-10T21:03:12.506208+00:00
693.0,0.09,0.1,0.09,94.0,1953,0.25391371093750004,put,2026-08-21,SPY,773.0700073242188,2026-08-10T21:03:12.506208+00:00
694.0,0.1,0.11,0.08,2.0,1450,0.25440198730468755,put,2026-08-21,SPY,773.0700073242188,2026-08-10T21:03:12.506208+00:00
695.0,0.09,0.1,0.1,900.0,32861,0.24805439453125,put,2026-08-21,SPY,773.0700073242188,2026-08-10T21:03:12.506208+00:00
696.0,0.1,0.11,0.1,889.0,4287,0.24805439453125,put,2026-08-21,SPY,773.0700073242188,2026-08-10T21:03:12.506208+00:00
697.0,0.1,0.11,0.1,47.0,6091,0.245124736328125,put,2026-08-21,SPY,773.0700073242188,2026-08-10T21:03:12.506208+00:00
698.0,0.11,0.12,0.1,4.0,1931,0.245124736328125,put,2026-08-21,SPY,773.0700073242188,2026-08-10T21:03:12.506208+00:00
699.0,0.11,0.12,0.12,23.0,1537,0.242195078125,put,2026-08-21,SPY,773.0700073242188,2026-08-10T21:03:12.506208+00:00
700.0,0.11,0.12,0.12,268.0,49893,0.2387771435546875,put,2026-08-21,SPY,773.0700073242188,2026-08-10T21:03:12.506208+00:00
701.0,0.12,0.13,0.12,7.0,2179,0.23828886718749998,put,2026-08-21,SPY,773.0700073242188,2026-08-10T21:03:12.506208+00:00
702.0,0.12,0.13,0.12,58.0,10677,0.23535920898437498,put,2026-08-21,SPY,773.0700073242188,2026-08-10T21:03:12.506208+00:00
703.0,0.13,0.14,0.13,53.0,2334,0.2348709326171875,put,2026-08-21,SPY,773.0700073242188,2026-08-10T21:03:12.506208+00:00
704.0,0.13,0.14,0.13,67.0,23687,0.231452998046875,put,2026-08-21,SPY,773.0700073242188,2026-08-10T21:03:12.506208+00:00
705.0,0.14,0.15,0.13,409.0,21775,0.23072058349609376,put,2026-08-21,SPY,773.0700073242188,2026-08-10T21:03:12.506208+00:00
706.0,0.14,0.15,0.15,12.0,36130,0.22754678710937498,put,2026-08-21,SPY,773.0700073242188,2026-08-10T21:03:12.506208+00:00
707.0,0.14,0.15,0.14,3.0,1047,0.22461712890624996,put,2026-08-21,SPY,773.0700073242188,2026-08-10T21:03:12.506208+00:00
708.0,0.15,0.16,0.15,25.0,23155,0.22364057617187497,put,2026-08-21,SPY,773.0700073242188,2026-08-10T21:03:12.506208+00:00
709.0,0.15,0.16,0.15,2.0,7710,0.22022264160156246,put,2026-08-21,SPY,773.0700073242188,2026-08-10T21:03:12.506208+00:00
710.0,0.16,0.17,0.15,726.0,46765,0.2192460888671875,put,2026-08-21,SPY,773.0700073242188,2026-08-10T21:03:12.506208+00:00
711.0,0.17,0.18,0.15,11.0,2202,0.21778125976562498,put,2026-08-21,SPY,773.0700073242188,2026-08-10T21:03:12.506208+00:00
712.0,0.17,0.18,0.17,100.0,17009,0.21460746337890624,put,2026-08-21,SPY,773.0700073242188,2026-08-10T21:03:12.506208+00:00
713.0,0.18,0.19,0.18,52.0,8363,0.21314263427734376,put,2026-08-21,SPY,773.0700073242188,2026-08-10T21:03:12.506208+00:00
714.0,0.18,0.19,0.19,29.0,22892,0.20996883789062498,put,2026-08-21,SPY,773.0700073242188,2026-08-10T21:03:12.506208+00:00
715.0,0.19,0.2,0.19,25244.0,54513,0.20850400878906244,put,2026-08-21,SPY,773.0700073242188,2026-08-10T21:03:12.506208+00:00
716.0,0.2,0.21,0.2,69.0,9880,0.2067950415039062,put,2026-08-21,SPY,773.0700073242188,2026-08-10T21:03:12.506208+00:00
717.0,0.21,0.22,0.21,9.0,2974,0.20508607421874997,put,2026-08-21,SPY,773.0700073242188,2026-08-10T21:03:12.506208+00:00
718.0,0.22,0.23,0.22,33.0,22388,0.20313296874999998,put,2026-08-21,SPY,773.0700073242188,2026-08-10T21:03:12.506208+00:00
719.0,0.22,0.23,0.23,34.0,2466,0.19995917236328126,put,2026-08-21,SPY,773.0700073242188,2026-08-10T21:03:12.506208+00:00
720.0,0.23,0.24,0.23,1549.0,67979,0.19800606689453126,put,2026-08-21,SPY,773.0700073242188,2026-08-10T21:03:12.506208+00:00
721.0,0.24,0.25,0.24,6.0,1872,0.19605296142578127,put,2026-08-21,SPY,773.0700073242188,2026-08-10T21:03:12.506208+00:00
722.0,0.25,0.26,0.25,31.0,10557,0.19385571777343752,put,2026-08-21,SPY,773.0700073242188,2026-08-10T21:03:12.506208+00:00
723.0,0.26,0.27,0.27,416.0,6112,0.19190261230468753,put,2026-08-21,SPY,773.0700073242188,2026-08-10T21:03:12.506208+00:00
724.0,0.27,0.28,0.27,43.0,5312,0.18970536865234378,put,2026-08-21,SPY,773.0700073242188,2026-08-10T21:03:12.506208+00:00
725.0,0.29,0.3,0.29,1847.0,42206,0.188484677734375,put,2026-08-21,SPY,773.0700073242188,2026-08-10T21:03:12.506208+00:00
726.0,0.3,0.31,0.31,81.0,5219,0.1860432958984375,put,2026-08-21,SPY,773.0700073242188,2026-08-10T21:03:12.506208+00:00
727.0,0.31,0.32,0.3,85.0,15060,0.18384605224609374,put,2026-08-21,SPY,773.0700073242188,2026-08-10T21:03:12.506208+00:00
728.0,0.33,0.34,0.31,448.0,4874,0.18238122314453126,put,2026-08-21,SPY,773.0700073242188,2026-08-10T21:03:12.506208+00:00
729.0,0.34,0.35,0.34,459.0,7905,0.179695703125,put,2026-08-21,SPY,773.0700073242188,2026-08-10T21:03:12.506208+00:00
730.0,0.36,0.37,0.36,715.0,55363,0.17810880493164064,put,2026-08-21,SPY,773.0700073242188,2026-08-10T21:03:12.506208+00:00
731.0,0.37,0.38,0.38,488.0,2589,0.17554535400390625,put,2026-08-21,SPY,773.0700073242188,2026-08-10T21:03:12.506208+00:00
732.0,0.39,0.4,0.39,252.0,5288,0.17359224853515626,put,2026-08-21,SPY,773.0700073242188,2026-08-10T21:03:12.506208+00:00
733.0,0.41,0.42,0.4,652.0,7191,0.17163914306640626,put,2026-08-21,SPY,773.0700073242188,2026-08-10T21:03:12.506208+00:00
734.0,0.43,0.44,0.43,525.0,8913,0.16968603759765627,put,2026-08-21,SPY,773.0700073242188,2026-08-10T21:03:12.506208+00:00
735.0,0.45,0.46,0.45,1798.0,59108,0.16748879394531252,put,2026-08-21,SPY,773.0700073242188,2026-08-10T21:03:12.506208+00:00
736.0,0.47,0.49,0.46,90.0,2962,0.16602396484375004,put,2026-08-21,SPY,773.0700073242188,2026-08-10T21:03:12.506208+00:00
737.0,0.5,0.51,0.51,139.0,21944,0.1637046520996094,put,2026-08-21,SPY,773.0700073242188,2026-08-10T21:03:12.506208+00:00
738.0,0.53,0.54,0.53,581.0,3666,0.16187361572265624,put,2026-08-21,SPY,773.0700073242188,2026-08-10T21:03:12.506208+00:00
739.0,0.55,0.57,0.56,254.0,6227,0.16004257934570312,put,2026-08-21,SPY,773.0700073242188,2026-08-10T21:03:12.506208+00:00
740.0,0.59,0.6,0.59,6578.0,33318,0.15796740478515625,put,2026-08-21,SPY,773.0700073242188,2026-08-10T21:03:12.506208+00:00
741.0,0.62,0.63,0.62,474.0,2945,0.15589223022460938,put,2026-08-21,SPY,773.0700073242188,2026-08-10T21:03:12.506208+00:00
742.0,0.65,0.67,0.63,511.0,4235,0.15418326293945314,put,2026-08-21,SPY,773.0700073242188,2026-08-10T21:03:12.506208+00:00
743.0,0.69,0.7,0.7,105.0,7064,0.15174188110351564,put,2026-08-21,SPY,773.0700073242188,2026-08-10T21:03:12.506208+00:00
744.0,0.73,0.75,0.71,60.0,4181,0.15027705200195315,put,2026-08-21,SPY,773.0700073242188,2026-08-10T21:03:12.506208+00:00
745.0,0.78,0.79,0.78,2338.0,32246,0.14820187744140628,put,2026-08-21,SPY,773.0700073242188,2026-08-10T21:03:12.506208+00:00
746.0,0.83,0.84,0.83,723.0,6548,0.1463708410644531,put,2026-08-21,SPY,773.0700073242188,2026-08-10T21:03:12.506208+00:00
747.0,0.88,0.89,0.89,368.0,7431,0.14441773559570312,put,2026-08-21,SPY,773.0700073242188,2026-08-10T21:03:12.506208+00:00
748.0,0.93,0.95,0.95,212.0,3213,0.14270876831054688,put,2026-08-21,SPY,773.0700073242188,2026-08-10T21:03:12.506208+00:00
749.0,0.99,1.02,1.0,93.0,3264,0.1412439392089844,put,2026-08-21,SPY,773.0700073242188,2026-08-10T21:03:12.506208+00:00
750.0,1.06,1.08,1.08,11876.0,59808,0.13916876464843753,put,2026-08-21,SPY,773.0700073242188,2026-08-10T21:03:12.506208+00:00
751.0,1.13,1.16,1.13,704.0,4414,0.1376429010009766,put,2026-08-21,SPY,773.0700073242188,2026-08-10T21:03:12.506208+00:00
752.0,1.21,1.24,1.22,561.0,2718,0.1358728991699219,put,2026-08-21,SPY,773.0700073242188,2026-08-10T21:03:12.506208+00:00
753.0,1.3,1.32,1.33,379.0,1987,0.1339808282470703,put,2026-08-21,SPY,773.0700073242188,2026-08-10T21:03:12.506208+00:00
754.0,1.39,1.41,1.42,1686.0,4535,0.13214979187011722,put,2026-08-21,SPY,773.0700073242188,2026-08-10T21:03:12.506208+00:00
755.0,1.49,1.5,1.49,4098.0,40430,0.13013565185546871,put,2026-08-21,SPY,773.0700073242188,2026-08-10T21:03:12.506208+00:00
756.0,1.6,1.63,1.59,1188.0,3641,0.12903703002929687,put,2026-08-21,SPY,773.0700073242188,2026-08-10T21:03:12.506208+00:00
757.0,1.72,1.74,1.71,664.0,11376,0.12708392456054687,put,2026-08-21,SPY,773.0700073242188,2026-08-10T21:03:12.506208+00:00
758.0,1.85,1.88,1.88,317.0,4322,0.12574116455078127,put,2026-08-21,SPY,773.0700073242188,2026-08-10T21:03:12.506208+00:00
759.0,1.99,2.02,2.01,2507.0,1812,0.12409323181152344,put,2026-08-21,SPY,773.0700073242188,2026-08-10T21:03:12.506208+00:00
760.0,2.14,2.17,2.17,29457.0,29461,0.1223842645263672,put,2026-08-21,SPY,773.0700073242188,2026-08-10T21:03:12.506208+00:00
761.0,2.3,2.34,2.3,3050.0,1902,0.1209194354248047,put,2026-08-21,SPY,773.0700073242188,2026-08-10T21:03:12.506208+00:00
762.0,2.49,2.52,2.57,2541.0,1570,0.11933253723144531,put,2026-08-21,SPY,773.0700073242188,2026-08-10T21:03:12.506208+00:00
763.0,2.68,2.72,2.74,5639.0,1473,0.11792874267578124,put,2026-08-21,SPY,773.0700073242188,2026-08-10T21:03:12.506208+00:00
764.0,2.89,2.93,2.93,8744.0,6685,0.11634184448242188,put,2026-08-21,SPY,773.0700073242188,2026-08-10T21:03:12.506208+00:00
765.0,3.13,3.14,3.14,27938.0,22153,0.11444977355957033,put,2026-08-21,SPY,773.0700073242188,2026-08-10T21:03:12.506208+00:00
766.0,3.37,3.43,3.43,17800.0,5499,0.11380891082763672,put,2026-08-21,SPY,773.0700073242188,2026-08-10T21:03:12.506208+00:00
767.0,3.63,3.7,3.65,4919.0,1156,0.11237459899902343,put,2026-08-21,SPY,773.0700073242188,2026-08-10T21:03:12.506208+00:00
768.0,3.92,4.0,3.93,4613.0,2318,0.11112339080810546,put,2026-08-21,SPY,773.0700073242188,2026-08-10T21:03:12.506208+00:00
769.0,4.24,4.32,4.27,421.0,575,0.10984166534423828,put,2026-08-21,SPY,773.0700073242188,2026-08-10T21:03:12.506208+00:00
770.0,4.58,4.65,4.61,4591.0,5984,0.10834631896972656,put,2026-08-21,SPY,773.0700073242188,2026-08-10T21:03:12.506208+00:00
771.0,4.95,5.01,5.0,851.0,1290,0.1069425244140625,put,2026-08-21,SPY,773.0700073242188,2026-08-10T21:03:12.506208+00:00
772.0,5.34,5.43,5.33,1605.0,1567,0.10614907531738281,put,2026-08-21,SPY,773.0700073242188,2026-08-10T21:03:12.506208+00:00
773.0,5.77,5.85,5.8,996.0,1505,0.10492838439941406,put,2026-08-21,SPY,773.0700073242188,2026-08-10T21:03:12.506208+00:00
774.0,6.22,6.3,6.26,1748.0,943,0.1037076934814453,put,2026-08-21,SPY,773.0700073242188,2026-08-10T21:03:12.506208+00:00
775.0,6.7,6.75,6.7,2160.0,2230,0.10202924346923828,put,2026-08-21,SPY,773.0700073242188,2026-08-10T21:03:12.506208+00:00
776.0,7.09,7.37,7.11,98.0,276,0.10291424438476562,put,2026-08-21,SPY,773.0700073242188,2026-08-10T21:03:12.506208+00:00
777.0,7.64,7.93,7.99,69.0,612,0.10218182983398436,put,2026-08-21,SPY,773.0700073242188,2026-08-10T21:03:12.506208+00:00
778.0,8.25,8.48,8.61,176.0,400,0.10077803527832031,put,2026-08-21,SPY,773.0700073242188,2026-08-10T21:03:12.506208+00:00
779.0,8.79,9.1,9.15,16.0,260,0.1001066552734375,put,2026-08-21,SPY,773.0700073242188,2026-08-10T21:03:12.506208+00:00
780.0,9.49,9.73,9.8,445.0,1266,0.09909958526611329,put,2026-08-21,SPY,773.0700073242188,2026-08-10T21:03:12.506208+00:00
781.0,10.08,10.4,10.35,35.0,309,0.09833665344238281,put,2026-08-21,SPY,773.0700073242188,2026-08-10T21:03:12.506208+00:00
782.0,10.77,11.1,10.71,2.0,298,0.09760423889160157,put,2026-08-21,SPY,773.0700073242188,2026-08-10T21:03:12.506208+00:00
783.0,11.48,11.82,11.55,6.0,3295,0.09674975524902345,put,2026-08-21,SPY,773.0700073242188,2026-08-10T21:03:12.506208+00:00
784.0,12.23,12.58,12.13,8.0,310,0.09626147888183595,put,2026-08-21,SPY,773.0700073242188,2026-08-10T21:03:12.506208+00:00
785.0,13.06,13.34,13.08,10.0,694,0.09510182250976565,put,2026-08-21,SPY,773.0700073242188,2026-08-10T21:03:12.506208+00:00
786.0,13.8,14.17,18.22,16.0,136,0.09528492614746095,put,2026-08-21,SPY,773.0700073242188,2026-08-10T21:03:12.506208+00:00
787.0,14.62,15.0,16.49,4.0,168,0.09485768432617189,put,2026-08-21,SPY,773.0700073242188,2026-08-10T21:03:12.506208+00:00
788.0,15.47,15.85,15.4,1.0,317,0.09449147705078126,put,2026-08-21,SPY,773.0700073242188,2026-08-10T21:03:12.506208+00:00
789.0,16.35,16.73,20.01,9.0,391,0.0945525115966797,put,2026-08-21,SPY,773.0700073242188,2026-08-10T21:03:12.506208+00:00
790.0,17.07,17.65,17.52,9.0,948,0.09565113342285157,put,2026-08-21,SPY,773.0700073242188,2026-08-10T21:03:12.506208+00:00
791.0,17.12,20.18,18.22,3.0,86,0.14624877197265623,put,2026-08-21,SPY,773.0700073242188,2026-08-10T21:03:12.506208+00:00
792.0,18.05,21.11,20.2,104.0,64,0.1492394647216797,put,2026-08-21,SPY,773.0700073242188,2026-08-10T21:03:12.506208+00:00
793.0,18.99,22.05,21.13,4.0,2,0.15241326110839848,put,2026-08-21,SPY,773.0700073242188,2026-08-10T21:03:12.506208+00:00
794.0,19.95,23.01,22.05,2.0,1,0.1559532647705078,put,2026-08-21,SPY,773.0700073242188,2026-08-10T21:03:12.506208+00:00
795.0,21.13,22.5,22.0,16.0,9,0.10834631896972656,put,2026-08-21,SPY,773.0700073242188,2026-08-10T21:03:12.506208+00:00
796.0,21.91,24.97,23.31,2.0,2,0.16407085937500002,put,2026-08-21,SPY,773.0700073242188,2026-08-10T21:03:12.506208+00:00
797.0,22.9,25.95,24.58,166.0,0,0.16797707031250003,put,2026-08-21,SPY,773.0700073242188,2026-08-10T21:03:12.506208+00:00
798.0,23.44,26.95,25.24,,0,0.1724936267089844,put,2026-08-21,SPY,773.0700073242188,2026-08-10T21:03:12.506208+00:00
799.0,24.44,27.95,30.96,654.0,0,0.17688811401367188,put,2026-08-21,SPY,773.0700073242188,2026-08-10T21:03:12.506208+00:00
800.0,25.44,28.95,26.65,48.0,45,0.18128260131835935,put,2026-08-21,SPY,773.0700073242188,2026-08-10T21:03:12.506208+00:00
805.0,30.44,33.95,31.56,16.0,0,0.20282779602050777,put,2026-08-21,SPY,773.0700073242188,2026-08-10T21:03:12.506208+00:00
810.0,35.44,38.95,34.95,210.0,0,0.22357954162597654,put,2026-08-21,SPY,773.0700073242188,2026-08-10T21:03:12.506208+00:00
815.0,40.44,43.95,41.91,4.0,4,0.24372094177246095,put,2026-08-21,SPY,773.0700073242188,2026-08-10T21:03:12.506208+00:00
820.0,45.44,48.95,46.86,2.0,1,0.2633130310058594,put,2026-08-21,SPY,773.0700073242188,2026-08-10T21:03:12.506208+00:00
825.0,50.44,53.95,56.14,,0,0.28247787841796873,put,2026-08-21,SPY,773.0700073242188,2026-08-10T21:03:12.506208+00:00
830.0,55.44,58.95,61.12,1.0,1,0.30121548400878906,put,2026-08-21,SPY,773.0700073242188,2026-08-10T21:03:12.506208+00:00
835.0,60.44,63.95,58.72,,0,0.31952584777832027,put,2026-08-21,SPY,773.0700073242188,2026-08-10T21:03:12.506208+00:00
840.0,65.58,68.95,63.69,2.0,0,0.3375310388183594,put,2026-08-21,SPY,773.0700073242188,2026-08-10T21:03:12.506208+00:00
845.0,70.44,73.95,71.65,,0,0.35510898803710933,put,2026-08-21,SPY,773.0700073242188,2026-08-10T21:03:12.506208+00:00
850.0,75.44,78.95,78.61,2.0,0,0.37244279907226563,put,2026-08-21,SPY,773.0700073242188,2026-08-10T21:03:12.506208+00:00
855.0,80.44,83.95,79.6,,0,0.3895324719238281,put,2026-08-21,SPY,773.0700073242188,2026-08-10T21:03:12.506208+00:00
860.0,85.44,88.95,88.61,,0,0.40631697204589845,put,2026-08-21,SPY,773.0700073242188,2026-08-10T21:03:12.506208+00:00
870.0,95.44,98.95,98.61,,0,0.4390925231933594,put,2026-08-21,SPY,773.0700073242188,2026-08-10T21:03:12.506208+00:00
500.0,272.92,276.43,270.71,,16,0.7685570019531252,call,2026-09-11,SPY,773.0700073242188,2026-08-10T21:03:12.506208+00:00
525.0,248.04,251.55,245.84,,4,0.702151416015625,call,2026-09-11,SPY,773.0700073242188,2026-08-10T21:03:12.506208+00:00
545.0,228.15,231.66,225.96,,4,0.6507603283691408,call,2026-09-11,SPY,773.0700073242188,2026-08-10T21:03:12.506208+00:00
650.0,123.93,127.44,125.61,2.0,3,0.4464166687011719,call,2026-09-11,SPY,773.0700073242188,2026-08-10T21:03:12.506208+00:00
655.0,118.99,122.5,119.92,2.0,2,0.43305010314941406,call,2026-09-11,SPY,773.0700073242188,2026-08-10T21:03:12.506208+00:00
660.0,114.05,117.56,115.92,2.0,2,0.41959198577880863,call,2026-09-11,SPY,773.0700073242188,2026-08-10T21:03:12.506208+00:00
665.0,109.12,112.63,111.31,2.0,3,0.4063474893188477,call,2026-09-11,SPY,773.0700073242188,2026-08-10T21:03:12.506208+00:00
670.0,104.2,107.71,106.04,5.0,5,0.39325557922363286,call,2026-09-11,SPY,773.0700073242188,2026-08-10T21:03:12.506208+00:00
675.0,99.28,102.79,100.38,,3,0.38007211730957036,call,2026-09-11,SPY,773.0700073242188,2026-08-10T21:03:12.506208+00:00
680.0,94.37,97.87,95.97,2.0,5,0.36676658630371095,call,2026-09-11,SPY,773.0700073242188,2026-08-10T21:03:12.506208+00:00
685.0,89.47,92.97,92.01,3.0,4,0.3537662280273437,call,2026-09-11,SPY,773.0700073242188,2026-08-10T21:03:12.506208+00:00
690.0,84.58,88.08,86.16,3.0,4,0.34085742156982424,call,2026-09-11,SPY,773.0700073242188,2026-08-10T21:03:12.506208+00:00
693.0,81.65,85.15,83.5,1.0,1,0.3331060342407227,call,2026-09-11,SPY,773.0700073242188,2026-08-10T21:03:12.506208+00:00
695.0,79.7,83.2,79.59,,1,0.32794861511230466,call,2026-09-11,SPY,773.0700073242188,2026-08-10T21:03:12.506208+00:00
696.0,78.72,82.23,67.93,,2,0.3254767160034179,call,2026-09-11,SPY,773.0700073242188,2026-08-10T21:03:12.506208+00:00
700.0,74.83,78.34,77.46,1.0,14,0.31525342956542957,call,2026-09-11,SPY,773.0700073242188,2026-08-10T21:03:12.506208+00:00
709.0,66.13,69.63,60.9,,40,0.29242650939941395,call,2026-09-11,SPY,773.0700073242188,2026-08-10T21:03:12.506208+00:00
710.0,65.16,68.67,67.04,2.0,2,0.2899851275634765,call,2026-09-11,SPY,773.0700073242188,2026-08-10T21:03:12.506208+00:00
713.0,62.28,64.71,58.34,,1,0.2627942373657227,call,2026-09-11,SPY,773.0700073242188,2026-08-10T21:03:12.506208+00:00
715.0,60.36,63.87,62.42,3.0,7,0.2775035629272461,call,2026-09-11,SPY,773.0700073242188,2026-08-10T21:03:12.506208+00:00
716.0,59.41,62.91,57.42,,2,0.27497062927246096,call,2026-09-11,SPY,773.0700073242188,2026-08-10T21:03:12.506208+00:00
717.0,58.46,61.96,60.29,110.0,55,0.27255976470947263,call,2026-09-11,SPY,773.0700073242188,2026-08-10T21:03:12.506208+00:00
718.0,57.5,61.01,53.03,2.0,1,0.27017941741943363,call,2026-09-11,SPY,773.0700073242188,2026-08-10T21:03:12.506208+00:00
720.0,55.6,59.11,58.48,2.0,5,0.2652966537475586,call,2026-09-11,SPY,773.0700073242188,2026-08-10T21:03:12.506208+00:00
722.0,53.71,57.21,54.73,,5,0.26035285552978515,call,2026-09-11,SPY,773.0700073242188,2026-08-10T21:03:12.506208+00:00
724.0,51.82,55.33,54.45,1.0,1,0.2556531954956055,call,2026-09-11,SPY,773.0700073242188,2026-08-10T21:03:12.506208+00:00
725.0,50.88,54.39,52.38,1.0,13,0.2532728482055664,call,2026-09-11,SPY,773.0700073242188,2026-08-10T21:03:12.506208+00:00
727.0,49.01,52.51,49.84,1.0,2,0.24845111907958983,call,2026-09-11,SPY,773.0700073242188,2026-08-10T21:03:12.506208+00:00
728.0,48.07,51.58,50.87,1.0,2,0.24616232360839846,call,2026-09-11,SPY,773.0700073242188,2026-08-10T21:03:12.506208+00:00
729.0,47.14,50.65,46.08,,4,0.2438430108642578,call,2026-09-11,SPY,773.0700073242188,2026-08-10T21:03:12.506208+00:00
730.0,46.21,49.72,47.25,3.0,56,0.24149318084716798,call,2026-09-11,SPY,773.0700073242188,2026-08-10T21:03:12.506208+00:00
731.0,45.29,48.79,43.2,,7,0.23911283355712887,call,2026-09-11,SPY,773.0700073242188,2026-08-10T21:03:12.506208+00:00
732.0,44.36,47.87,46.45,9.0,66,0.23685455535888672,call,2026-09-11,SPY,773.0700073242188,2026-08-10T21:03:12.506208+00:00
733.0,43.44,46.95,45.65,,1,0.2345657598876953,call,2026-09-11,SPY,773.0700073242188,2026-08-10T21:03:12.506208+00:00
734.0,42.52,46.03,38.38,41.0,44,0.2322464471435547,call,2026-09-11,SPY,773.0700073242188,2026-08-10T21:03:12.506208+00:00
735.0,41.61,45.11,44.0,4.0,60,0.2298966171264648,call,2026-09-11,SPY,773.0700073242188,2026-08-10T21:03:12.506208+00:00
736.0,40.69,44.2,43.43,1.0,10,0.22766885620117186,call,2026-09-11,SPY,773.0700073242188,2026-08-10T21:03:12.506208+00:00
737.0,39.78,43.29,41.36,5.0,47,0.22541057800292968,call,2026-09-11,SPY,773.0700073242188,2026-08-10T21:03:12.506208+00:00
738.0,38.88,42.39,41.28,1.0,86,0.22324385162353516,call,2026-09-11,SPY,773.0700073242188,2026-08-10T21:03:12.506208+00:00
739.0,37.98,41.48,40.22,4.0,6,0.2209245388793945,call,2026-09-11,SPY,773.0700073242188,2026-08-10T21:03:12.506208+00:00
740.0,37.08,40.59,40.24,1.0,328,0.21881884704589843,call,2026-09-11,SPY,773.0700073242188,2026-08-10T21:03:12.506208+00:00
741.0,36.19,39.69,38.58,2.0,60,0.216530051574707,call,2026-09-11,SPY,773.0700073242188,2026-08-10T21:03:12.506208+00:00
742.0,35.3,38.81,37.65,1.0,58,0.21448539428710936,call,2026-09-11,SPY,773.0700073242188,2026-08-10T21:03:12.506208+00:00
743.0,34.47,37.92,36.08,4.0,83,0.2122881506347656,call,2026-09-11,SPY,773.0700073242188,2026-08-10T21:03:12.506208+00:00
744.0,33.53,37.04,35.75,4.0,85,0.21015194152832029,call,2026-09-11,SPY,773.0700073242188,2026-08-10T21:03:12.506208+00:00
745.0,32.65,36.16,34.67,6.0,342,0.20796995651245115,call,2026-09-11,SPY,773.0700073242188,2026-08-10T21:03:12.506208+00:00
746.0,31.78,35.29,35.4,104.0,141,0.20587952331542966,call,2026-09-11,SPY,773.0700073242188,2026-08-10T21:03:12.506208+00:00
747.0,30.92,34.43,29.56,8.0,30,0.20386538330078124,call,2026-09-11,SPY,773.0700073242188,2026-08-10T21:03:12.506208+00:00
748.0,30.09,33.57,30.74,8.0,62,0.20182072601318357,call,2026-09-11,SPY,773.0700073242188,2026-08-10T21:03:12.506208+00:00
749.0,29.2,32.54,30.77,2.0,9,0.19754830780029298,call,2026-09-11,SPY,773.0700073242188,2026-08-10T21:03:12.506208+00:00
750.0,28.36,31.87,29.79,6.0,145,0.19779244598388673,call,2026-09-11,SPY,773.0700073242188,2026-08-10T21:03:12.506208+00:00
751.0,27.52,31.03,28.97,2.0,52,0.1958088232421875,call,2026-09-11,SPY,773.0700073242188,2026-08-10T21:03:12.506208+00:00
752.0,26.68,30.19,29.27,6.0,93,0.19376416595458984,call,2026-09-11,SPY,773.0700073242188,2026-08-10T21:03:12.506208+00:00
753.0,27.48,29.37,28.01,3.0,72,0.19193312957763675,call,2026-09-11,SPY,773.0700073242188,2026-08-10T21:03:12.506208+00:00
754.0,25.03,28.54,27.03,12.0,75,0.18988847229003908,call,2026-09-11,SPY,773.0700073242188,2026-08-10T21:03:12.506208+00:00
755.0,25.87,26.17,25.78,15.0,175,0.16928931304931644,call,2026-09-11,SPY,773.0700073242188,2026-08-10T21:03:12.506208+00:00
756.0,23.41,26.93,23.99,2.0,52,0.1862416581726074,call,2026-09-11,SPY,773.0700073242188,2026-08-10T21:03:12.506208+00:00
757.0,22.62,26.13,25.25,2.0,75,0.18436484588623048,call,2026-09-11,SPY,773.0700073242188,2026-08-10T21:03:12.506208+00:00
758.0,21.83,25.35,23.46,4.0,48,0.18265587860107418,call,2026-09-11,SPY,773.0700073242188,2026-08-10T21:03:12.506208+00:00
759.0,21.06,24.57,22.97,10.0,86,0.1808553594970703,call,2026-09-11,SPY,773.0700073242188,2026-08-10T21:03:12.506208+00:00
760.0,21.94,23.7,22.32,9.0,259,0.17797147720336914,call,2026-09-11,SPY,773.0700073242188,2026-08-10T21:03:12.506208+00:00
761.0,19.53,23.04,20.36,10.0,38,0.17740690765380857,call,2026-09-11,SPY,773.0700073242188,2026-08-10T21:03:12.506208+00:00
762.0,18.78,22.3,20.19,4.0,66,0.17583526809692385,call,2026-09-11,SPY,773.0700073242188,2026-08-10T21:03:12.506208+00:00
763.0,18.05,21.56,20.02,21.0,30,0.17417207672119145,call,2026-09-11,SPY,773.0700073242188,2026-08-10T21:03:12.506208+00:00
764.0,17.32,20.84,19.09,10.0,227,0.17266147171020513,call,2026-09-11,SPY,773.0700073242188,2026-08-10T21:03:12.506208+00:00
765.0,18.27,18.52,18.4,37.0,204,0.15329826202392582,call,2026-09-11,SPY,773.0700073242188,2026-08-10T21:03:12.506208+00:00
766.0,15.91,19.09,17.2,61.0,252,0.16593241302490236,call,2026-09-11,SPY,773.0700073242188,2026-08-10T21:03:12.506208+00:00
767.0,15.22,18.73,18.07,13.0,204,0.1680991394042969,call,2026-09-11,SPY,773.0700073242188,2026-08-10T21:03:12.506208+00:00
768.0,14.55,18.06,16.61,15.0,215,0.1667563793945313,call,2026-09-11,SPY,773.0700073242188,2026-08-10T21:03:12.506208+00:00
769.0,14.85,16.2,15.5,10.0,198,0.15235222656250003,call,2026-09-11,SPY,773.0700073242188,2026-08-10T21:03:12.506208+00:00
770.0,14.21,15.55,15.0,206.0,317,0.15107050109863285,call,2026-09-11,SPY,773.0700073242188,2026-08-10T21:03:12.506208+00:00
771.0,13.59,14.61,14.5,15.0,352,0.14652342742919922,call,2026-09-11,SPY,773.0700073242188,2026-08-10T21:03:12.506208+00:00
772.0,13.0,14.53,13.67,44.0,207,0.15114679428100591,call,2026-09-11,SPY,773.0700073242188,2026-08-10T21:03:12.506208+00:00
773.0,13.11,13.19,13.2,252.0,335,0.14205264694213865,call,2026-09-11,SPY,773.0700073242188,2026-08-10T21:03:12.506208+00:00
774.0,12.52,12.6,12.85,573.0,461,0.14093876647949222,call,2026-09-11,SPY,773.0700073242188,2026-08-10T21:03:12.506208+00:00
775.0,11.94,12.0,11.94,379.0,1335,0.13956548919677736,call,2026-09-11,SPY,773.0700073242188,2026-08-10T21:03:12.506208+00:00
776.0,11.38,11.46,11.43,291.0,471,0.13872626419067385,call,2026-09-11,SPY,773.0700073242188,2026-08-10T21:03:12.506208+00:00
777.0,10.83,10.91,10.93,236.0,183,0.13762764236450198,call,2026-09-11,SPY,773.0700073242188,2026-08-10T21:03:12.506208+00:00
778.0,10.3,10.38,10.3,25.0,116,0.13660531372070314,call,2026-09-11,SPY,773.0700073242188,2026-08-10T21:03:12.506208+00:00
779.0,9.78,9.87,10.02,10.0,106,0.13565927825927737,call,2026-09-11,SPY,773.0700073242188,2026-08-10T21:03:12.506208+00:00
780.0,9.29,9.36,9.33,266.0,1094,0.13459117370605472,call,2026-09-11,SPY,773.0700073242188,2026-08-10T21:03:12.506208+00:00
781.0,8.8,8.89,8.71,49.0,522,0.133797724609375,call,2026-09-11,SPY,773.0700073242188,2026-08-10T21:03:12.506208+00:00
782.0,8.34,8.42,8.22,58.0,309,0.1328516891479492,call,2026-09-11,SPY,773.0700073242188,2026-08-10T21:03:12.506208+00:00
783.0,7.89,7.97,8.0,16.0,92,0.13196668823242189,call,2026-09-11,SPY,773.0700073242188,2026-08-10T21:03:12.506208+00:00
784.0,7.45,7.53,7.35,25.0,99,0.1310511700439453,call,2026-09-11,SPY,773.0700073242188,2026-08-10T21:03:12.506208+00:00
785.0,7.04,7.12,7.14,593.0,651,0.13033401412963863,call,2026-09-11,SPY,773.0700073242188,2026-08-10T21:03:12.506208+00:00
786.0,6.64,6.71,6.68,16.0,90,0.12944901321411134,call,2026-09-11,SPY,773.0700073242188,2026-08-10T21:03:12.506208+00:00
787.0,6.25,6.33,6.96,4.0,200,0.1287623745727539,call,2026-09-11,SPY,773.0700073242188,2026-08-10T21:03:12.506208+00:00
788.0,5.88,5.96,5.82,17.0,339,0.12802996002197264,call,2026-09-11,SPY,773.0700073242188,2026-08-10T21:03:12.506208+00:00
789.0,5.53,5.6,5.56,67.0,211,0.12723651092529298,call,2026-09-11,SPY,773.0700073242188,2026-08-10T21:03:12.506208+00:00
790.0,5.19,5.26,5.23,159.0,658,0.12653461364746094,call,2026-09-11,SPY,773.0700073242188,2026-08-10T21:03:12.506208+00:00
791.0,4.88,4.92,4.98,139.0,180,0.12568013000488282,call,2026-09-11,SPY,773.0700073242188,2026-08-10T21:03:12.506208+00:00
792.0,4.57,4.61,4.64,162.0,200,0.12500875,call,2026-09-11,SPY,773.0700073242188,2026-08-10T21:03:12.506208+00:00
793.0,4.28,4.32,4.39,173.0,138,0.12445943908691406,call,2026-09-11,SPY,773.0700073242188,2026-08-10T21:03:12.506208+00:00
794.0,4.0,4.04,3.96,77.0,203,0.12384909362792969,call,2026-09-11,SPY,773.0700073242188,2026-08-10T21:03:12.506208+00:00
795.0,3.74,3.77,3.76,329.0,668,0.12323874816894533,call,2026-09-11,SPY,773.0700073242188,2026-08-10T21:03:12.506208+00:00
796.0,3.49,3.52,3.61,28.0,150,0.1227199545288086,call,2026-09-11,SPY,773.0700073242188,2026-08-10T21:03:12.506208+00:00
797.0,3.25,3.29,3.37,39.0,144,0.12232322998046877,call,2026-09-11,SPY,773.0700073242188,2026-08-10T21:03:12.506208+00:00
798.0,3.02,3.06,3.01,2.0,269,0.1217434017944336,call,2026-09-11,SPY,773.0700073242188,2026-08-10T21:03:12.506208+00:00
799.0,2.81,2.85,2.87,119.0,694,0.12131615997314452,call,2026-09-11,SPY,773.0700073242188,2026-08-10T21:03:12.506208+00:00
800.0,2.62,2.65,2.55,958.0,601,0.12088891815185548,call,2026-09-11,SPY,773.0700073242188,2026-08-10T21:03:12.506208+00:00
801.0,2.43,2.46,2.52,79.0,175,0.12043115905761718,call,2026-09-11,SPY,773.0700073242188,2026-08-10T21:03:12.506208+00:00
802.0,2.25,2.28,2.34,42.0,93,0.12000391723632811,call,2026-09-11,SPY,773.0700073242188,2026-08-10T21:03:12.506208+00:00
803.0,2.09,2.12,2.18,44.0,172,0.11972926177978514,call,2026-09-11,SPY,773.0700073242188,2026-08-10T21:03:12.506208+00:00
804.0,1.94,1.96,2.0,130.0,668,0.1193020199584961,call,2026-09-11,SPY,773.0700073242188,2026-08-10T21:03:12.506208+00:00
805.0,1.79,1.82,1.73,61.0,402,0.11908839904785155,call,2026-09-11,SPY,773.0700073242188,2026-08-10T21:03:12.506208+00:00
806.0,1.66,1.69,1.74,3.0,105,0.11890529541015624,call,2026-09-11,SPY,773.0700073242188,2026-08-10T21:03:12.506208+00:00
807.0,1.53,1.56,1.58,2.0,146,0.11856960540771484,call,2026-09-11,SPY,773.0700073242188,2026-08-10T21:03:12.506208+00:00
808.0,1.42,1.45,1.41,2.0,80,0.1185085708618164,call,2026-09-11,SPY,773.0700073242188,2026-08-10T21:03:12.506208+00:00
809.0,1.31,1.34,1.34,11.0,49,0.11829494995117187,call,2026-09-11,SPY,773.0700073242188,2026-08-10T21:03:12.506208+00:00
810.0,1.21,1.24,1.23,195.0,285,0.11814236358642577,call,2026-09-11,SPY,773.0700073242188,2026-08-10T21:03:12.506208+00:00
811.0,1.12,1.14,1.12,40.0,103,0.1178677081298828,call,2026-09-11,SPY,773.0700073242188,2026-08-10T21:03:12.506208+00:00
812.0,1.03,1.06,1.11,118.0,207,0.11792874267578124,call,2026-09-11,SPY,773.0700073242188,2026-08-10T21:03:12.506208+00:00
813.0,0.96,0.98,1.14,32.0,88,0.1178677081298828,call,2026-09-11,SPY,773.0700073242188,2026-08-10T21:03:12.506208+00:00
814.0,0.88,0.91,0.89,450.0,230,0.11792874267578124,call,2026-09-11,SPY,773.0700073242188,2026-08-10T21:03:12.506208+00:00
815.0,0.82,0.84,0.88,110.0,197,0.1178677081298828,call,2026-09-11,SPY,773.0700073242188,2026-08-10T21:03:12.506208+00:00
816.0,0.75,0.78,0.79,34.0,87,0.11798977722167968,call,2026-09-11,SPY,773.0700073242188,2026-08-10T21:03:12.506208+00:00
817.0,0.7,0.72,0.7,9.0,398,0.11792874267578124,call,2026-09-11,SPY,773.0700073242188,2026-08-10T21:03:12.506208+00:00
818.0,0.65,0.67,0.7,22.0,106,0.118172880859375,call,2026-09-11,SPY,773.0700073242188,2026-08-10T21:03:12.506208+00:00
819.0,0.6,0.62,0.78,36.0,28,0.11823391540527343,call,2026-09-11,SPY,773.0700073242188,2026-08-10T21:03:12.506208+00:00
820.0,0.55,0.57,0.58,40.0,241,0.118172880859375,call,2026-09-11,SPY,773.0700073242188,2026-08-10T21:03:12.506208+00:00
821.0,0.51,0.53,0.52,32.0,259,0.11841701904296875,call,2026-09-11,SPY,773.0700073242188,2026-08-10T21:03:12.506208+00:00
822.0,0.48,0.5,0.49,101.0,58,0.11890529541015624,call,2026-09-11,SPY,773.0700073242188,2026-08-10T21:03:12.506208+00:00
823.0,0.44,0.46,0.47,5.0,246,0.11890529541015624,call,2026-09-11,SPY,773.0700073242188,2026-08-10T21:03:12.506208+00:00
824.0,0.41,0.43,0.49,3.0,30,0.11927150268554687,call,2026-09-11,SPY,773.0700073242188,2026-08-10T21:03:12.506208+00:00
825.0,0.38,0.4,0.41,21.0,84,0.11951564086914063,call,2026-09-11,SPY,773.0700073242188,2026-08-10T21:03:12.506208+00:00
830.0,0.27,0.29,0.29,41.0,425,0.12171288452148438,call,2026-09-11,SPY,773.0700073242188,2026-08-10T21:03:12.506208+00:00
835.0,0.2,0.21,0.21,47.0,78,0.12378805908203125,call,2026-09-11,SPY,773.0700073242188,2026-08-10T21:03:12.506208+00:00
840.0,0.15,0.16,0.16,2.0,23,0.12696185546875,call,2026-09-11,SPY,773.0700073242188,2026-08-10T21:03:12.506208+00:00
845.0,0.12,0.13,0.13,23.0,9,0.13086806640624998,call,2026-09-11,SPY,773.0700073242188,2026-08-10T21:03:12.506208+00:00
850.0,0.1,0.11,0.11,6.0,200,0.13526255371093754,call,2026-09-11,SPY,773.0700073242188,2026-08-10T21:03:12.506208+00:00
855.0,0.08,0.09,0.09,11.0,11,0.13916876464843753,call,2026-09-11,SPY,773.0700073242188,2026-08-10T21:03:12.506208+00:00
860.0,0.06,0.08,0.08,1.0,23,0.14405152832031248,call,2026-09-11,SPY,773.0700073242188,2026-08-10T21:03:12.506208+00:00
865.0,0.05,0.07,0.1,,21,0.148446015625,call,2026-09-11,SPY,773.0700073242188,2026-08-10T21:03:12.506208+00:00
870.0,0.05,0.06,0.06,2.0,68,0.15284050292968754,call,2026-09-11,SPY,773.0700073242188,2026-08-10T21:03:12.506208+00:00
875.0,0.04,0.05,0.05,1.0,2,0.1562584375,call,2026-09-11,SPY,773.0700073242188,2026-08-10T21:03:12.506208+00:00
880.0,0.03,0.05,0.05,14.0,5,0.1626060302734375,call,2026-09-11,SPY,773.0700073242188,2026-08-10T21:03:12.506208+00:00
885.0,0.03,0.04,0.05,2.0,1,0.165047412109375,call,2026-09-11,SPY,773.0700073242188,2026-08-10T21:03:12.506208+00:00
890.0,0.03,0.04,0.03,,62,0.17090672851562502,call,2026-09-11,SPY,773.0700073242188,2026-08-10T21:03:12.506208+00:00
895.0,0.02,0.03,0.05,,1,0.17188328125000002,call,2026-09-11,SPY,773.0700073242188,2026-08-10T21:03:12.506208+00:00
905.0,0.02,0.03,0.06,,19,0.18360191406249998,call,2026-09-11,SPY,773.0700073242188,2026-08-10T21:03:12.506208+00:00
915.0,0.01,0.03,0.02,,6,0.195320546875,call,2026-09-11,SPY,773.0700073242188,2026-08-10T21:03:12.506208+00:00
920.0,0.01,0.02,0.02,,498,0.19336744140625,call,2026-09-11,SPY,773.0700073242188,2026-08-10T21:03:12.506208+00:00
925.0,0.01,0.02,0.02,,498,0.1992267578125,call,2026-09-11,SPY,773.0700073242188,2026-08-10T21:03:12.506208+00:00
930.0,0.01,0.02,0.01,1.0,1,0.20508607421874997,call,2026-09-11,SPY,773.0700073242188,2026-08-10T21:03:12.506208+00:00
500.0,0.06,0.07,0.06,2.0,11,0.5117236328125,put,2026-09-11,SPY,773.0700073242188,2026-08-10T21:03:12.506208+00:00
505.0,0.06,0.07,0.07,2.0,1,0.500005,put,2026-09-11,SPY,773.0700073242188,2026-08-10T21:03:12.506208+00:00
510.0,0.07,0.08,0.09,1.0,2,0.500005,put,2026-09-11,SPY,773.0700073242188,2026-08-10T21:03:12.506208+00:00
515.0,0.07,0.09,0.09,3.0,10,0.495122236328125,put,2026-09-11,SPY,773.0700073242188,2026-08-10T21:03:12.506208+00:00
520.0,0.08,0.09,0.17,2.0,3,0.48438015625,put,2026-09-11,SPY,773.0700073242188,2026-08-10T21:03:12.506208+00:00
525.0,0.09,0.1,0.36,2.0,1,0.47852083984375,put,2026-09-11,SPY,773.0700073242188,2026-08-10T21:03:12.506208+00:00
530.0,0.09,0.1,0.19,,4,0.467778759765625,put,2026-09-11,SPY,773.0700073242188,2026-08-10T21:03:12.506208+00:00
535.0,0.1,0.11,0.14,200.0,207,0.46143116699218756,put,2026-09-11,SPY,773.0700073242188,2026-08-10T21:03:12.506208+00:00
540.0,0.11,0.12,0.11,4.0,5,0.45508357421875,put,2026-09-11,SPY,773.0700073242188,2026-08-10T21:03:12.506208+00:00
545.0,0.11,0.12,0.2,1.0,7,0.44434149414062496,put,2026-09-11,SPY,773.0700073242188,2026-08-10T21:03:12.506208+00:00
550.0,0.12,0.13,0.11,1.0,60,0.437505625,put,2026-09-11,SPY,773.0700073242188,2026-08-10T21:03:12.506208+00:00
555.0,0.13,0.14,0.13,6.0,7,0.43018147949218755,put,2026-09-11,SPY,773.0700073242188,2026-08-10T21:03:12.506208+00:00
560.0,0.14,0.15,0.23,2.0,5,0.422857333984375,put,2026-09-11,SPY,773.0700073242188,2026-08-10T21:03:12.506208+00:00
565.0,0.15,0.16,0.32,,3,0.4155331884765625,put,2026-09-11,SPY,773.0700073242188,2026-08-10T21:03:12.506208+00:00
570.0,0.16,0.17,0.23,4.0,18,0.40772076660156253,put,2026-09-11,SPY,773.0700073242188,2026-08-10T21:03:12.506208+00:00
575.0,0.17,0.18,0.15,1.0,16,0.39990834472656256,put,2026-09-11,SPY,773.0700073242188,2026-08-10T21:03:12.506208+00:00
580.0,0.18,0.19,0.17,2.0,138,0.39160764648437496,put,2026-09-11,SPY,773.0700073242188,2026-08-10T21:03:12.506208+00:00
585.0,0.19,0.2,0.18,34.0,15,0.3833069482421875,put,2026-09-11,SPY,773.0700073242188,2026-08-10T21:03:12.506208+00:00
590.0,0.2,0.22,0.19,56.0,59,0.37744763183593744,put,2026-09-11,SPY,773.0700073242188,2026-08-10T21:03:12.506208+00:00
595.0,0.22,0.23,0.21,1.0,20,0.36865865722656255,put,2026-09-11,SPY,773.0700073242188,2026-08-10T21:03:12.506208+00:00
600.0,0.24,0.25,0.23,43.0,681,0.36206692626953124,put,2026-09-11,SPY,773.0700073242188,2026-08-10T21:03:12.506208+00:00
605.0,0.25,0.26,0.26,2.0,43,0.3532779516601562,put,2026-09-11,SPY,773.0700073242188,2026-08-10T21:03:12.506208+00:00
610.0,0.27,0.28,0.25,4.0,38,0.3461979443359374,put,2026-09-11,SPY,773.0700073242188,2026-08-10T21:03:12.506208+00:00
615.0,0.29,0.3,0.27,10.0,78,0.3386296606445312,put,2026-09-11,SPY,773.0700073242188,2026-08-10T21:03:12.506208+00:00
620.0,0.31,0.33,0.28,482.0,56,0.33228206787109377,put,2026-09-11,SPY,773.0700073242188,2026-08-10T21:03:12.506208+00:00
625.0,0.34,0.35,0.33,50.0,123,0.3242255078124999,put,2026-09-11,SPY,773.0700073242188,2026-08-10T21:03:12.506208+00:00
630.0,0.36,0.38,0.35,2.0,41,0.317389638671875,put,2026-09-11,SPY,773.0700073242188,2026-08-10T21:03:12.506208+00:00
635.0,0.39,0.4,0.39,15.0,44,0.30884480224609373,put,2026-09-11,SPY,773.0700073242188,2026-08-10T21:03:12.506208+00:00
640.0,0.42,0.43,0.42,8.0,435,0.3012765185546875,put,2026-09-11,SPY,773.0700073242188,2026-08-10T21:03:12.506208+00:00
645.0,0.46,0.47,0.45,12.0,59,0.29444064941406245,put,2026-09-11,SPY,773.0700073242188,2026-08-10T21:03:12.506208+00:00
650.0,0.49,0.51,0.49,3.0,134,0.2873606420898437,put,2026-09-11,SPY,773.0700073242188,2026-08-10T21:03:12.506208+00:00
655.0,0.54,0.55,0.52,21.0,66,0.2797923583984374,put,2026-09-11,SPY,773.0700073242188,2026-08-10T21:03:12.506208+00:00
660.0,0.58,0.59,0.54,25.0,75,0.2718578674316406,put,2026-09-11,SPY,773.0700073242188,2026-08-10T21:03:12.506208+00:00
665.0,0.63,0.64,0.58,26.0,68,0.2644116528320312,put,2026-09-11,SPY,773.0700073242188,2026-08-10T21:03:12.506208+00:00
670.0,0.69,0.7,0.67,51.0,1126,0.2572095764160156,put,2026-09-11,SPY,773.0700073242188,2026-08-10T21:03:12.506208+00:00
675.0,0.75,0.76,0.73,50.0,157,0.24964129272460936,put,2026-09-11,SPY,773.0700073242188,2026-08-10T21:03:12.506208+00:00
680.0,0.82,0.84,0.83,2287.0,323,0.24268335449218748,put,2026-09-11,SPY,773.0700073242188,2026-08-10T21:03:12.506208+00:00
685.0,0.9,0.92,0.89,75.0,6107,0.2352371398925781,put,2026-09-11,SPY,773.0700073242188,2026-08-10T21:03:12.506208+00:00
690.0,0.99,1.01,0.99,543.0,1387,0.22779092529296874,put,2026-09-11,SPY,773.0700073242188,2026-08-10T21:03:12.506208+00:00
691.0,1.01,1.02,1.0,11.0,16,0.2258988543701172,put,2026-09-11,SPY,773.0700073242188,2026-08-10T21:03:12.506208+00:00
692.0,1.03,1.04,1.02,6.0,149,0.22443402526855466,put,2026-09-11,SPY,773.0700073242188,2026-08-10T21:03:12.506208+00:00
693.0,1.05,1.07,1.03,1.0,244,0.22333540344238278,put,2026-09-11,SPY,773.0700073242188,2026-08-10T21:03:12.506208+00:00
694.0,1.07,1.09,1.07,11.0,6663,0.22180953979492185,put,2026-09-11,SPY,773.0700073242188,2026-08-10T21:03:12.506208+00:00
695.0,1.09,1.11,1.08,15.0,456,0.22022264160156246,put,2026-09-11,SPY,773.0700073242188,2026-08-10T21:03:12.506208+00:00
696.0,1.11,1.13,1.11,4.0,243,0.21869677795410153,put,2026-09-11,SPY,773.0700073242188,2026-08-10T21:03:12.506208+00:00
697.0,1.13,1.15,1.05,2.0,38,0.2171098797607422,put,2026-09-11,SPY,773.0700073242188,2026-08-10T21:03:12.506208+00:00
698.0,1.16,1.18,1.12,3.0,83,0.21588918884277342,put,2026-09-11,SPY,773.0700073242188,2026-08-10T21:03:12.506208+00:00
699.0,1.18,1.2,1.17,14.0,164,0.2142412561035156,put,2026-09-11,SPY,773.0700073242188,2026-08-10T21:03:12.506208+00:00
700.0,1.21,1.23,1.21,1112.0,577,0.21295953063964845,put,2026-09-11,SPY,773.0700073242188,2026-08-10T21:03:12.506208+00:00
701.0,1.23,1.25,1.25,3.0,159,0.21125056335449216,put,2026-09-11,SPY,773.0700073242188,2026-08-10T21:03:12.506208+00:00
702.0,1.26,1.28,1.25,3.0,321,0.20990780334472653,put,2026-09-11,SPY,773.0700073242188,2026-08-10T21:03:12.506208+00:00
703.0,1.28,1.31,1.29,10.0,265,0.2085650433349609,put,2026-09-11,SPY,773.0700073242188,2026-08-10T21:03:12.506208+00:00
704.0,1.31,1.33,1.42,5.0,35,0.2067950415039062,put,2026-09-11,SPY,773.0700073242188,2026-08-10T21:03:12.506208+00:00
705.0,1.34,1.36,1.33,67.0,488,0.20533021240234373,put,2026-09-11,SPY,773.0700073242188,2026-08-10T21:03:12.506208+00:00
706.0,1.37,1.39,1.38,10.0,62,0.20392641784667967,put,2026-09-11,SPY,773.0700073242188,2026-08-10T21:03:12.506208+00:00
707.0,1.4,1.42,1.41,26.0,237,0.2024005541992187,put,2026-09-11,SPY,773.0700073242188,2026-08-10T21:03:12.506208+00:00
708.0,1.43,1.46,1.44,14.0,184,0.20124089782714843,put,2026-09-11,SPY,773.0700073242188,2026-08-10T21:03:12.506208+00:00
709.0,1.47,1.49,1.44,7.0,371,0.19965399963378905,put,2026-09-11,SPY,773.0700073242188,2026-08-10T21:03:12.506208+00:00
710.0,1.5,1.52,1.52,342.0,1317,0.1980671014404297,put,2026-09-11,SPY,773.0700073242188,2026-08-10T21:03:12.506208+00:00
711.0,1.53,1.56,1.47,139.0,852,0.19678537597656248,put,2026-09-11,SPY,773.0700073242188,2026-08-10T21:03:12.506208+00:00
712.0,1.57,1.59,1.59,99.0,452,0.1951374432373047,put,2026-09-11,SPY,773.0700073242188,2026-08-10T21:03:12.506208+00:00
713.0,1.61,1.63,1.6,11.0,229,0.19379468322753907,put,2026-09-11,SPY,773.0700073242188,2026-08-10T21:03:12.506208+00:00
714.0,1.65,1.67,1.58,133.0,253,0.192390888671875,put,2026-09-11,SPY,773.0700073242188,2026-08-10T21:03:12.506208+00:00
715.0,1.69,1.71,1.7,1328.0,668,0.1909260595703125,put,2026-09-11,SPY,773.0700073242188,2026-08-10T21:03:12.506208+00:00
716.0,1.73,1.75,1.71,45.0,196,0.18946123046875002,put,2026-09-11,SPY,773.0700073242188,2026-08-10T21:03:12.506208+00:00
717.0,1.77,1.79,1.74,10.0,148,0.18793536682128903,put,2026-09-11,SPY,773.0700073242188,2026-08-10T21:03:12.506208+00:00
718.0,1.81,1.84,1.73,97.0,133,0.18665364135742188,put,2026-09-11,SPY,773.0700073242188,2026-08-10T21:03:12.506208+00:00
719.0,1.86,1.88,1.79,123.0,297,0.18506674316406246,put,2026-09-11,SPY,773.0700073242188,2026-08-10T21:03:12.506208+00:00
720.0,1.91,1.93,1.91,4479.0,1025,0.18372398315429686,put,2026-09-11,SPY,773.0700073242188,2026-08-10T21:03:12.506208+00:00
721.0,1.95,1.98,1.91,167.0,110,0.1823201885986328,put,2026-09-11,SPY,773.0700073242188,2026-08-10T21:03:12.506208+00:00
722.0,2.0,2.03,1.93,104.0,234,0.1808553594970703,put,2026-09-11,SPY,773.0700073242188,2026-08-10T21:03:12.506208+00:00
723.0,2.06,2.08,2.07,22.0,103,0.17939053039550779,put,2026-09-11,SPY,773.0700073242188,2026-08-10T21:03:12.506208+00:00
724.0,2.11,2.14,2.12,234.0,172,0.17810880493164064,put,2026-09-11,SPY,773.0700073242188,2026-08-10T21:03:12.506208+00:00
725.0,2.17,2.19,2.19,373.0,1114,0.17652190673828128,put,2026-09-11,SPY,773.0700073242188,2026-08-10T21:03:12.506208+00:00
726.0,2.23,2.25,2.04,27.0,183,0.17517914672851562,put,2026-09-11,SPY,773.0700073242188,2026-08-10T21:03:12.506208+00:00
727.0,2.29,2.31,2.25,97.0,227,0.17374483489990233,put,2026-09-11,SPY,773.0700073242188,2026-08-10T21:03:12.506208+00:00
728.0,2.35,2.37,2.27,33.0,174,0.17224948852539065,put,2026-09-11,SPY,773.0700073242188,2026-08-10T21:03:12.506208+00:00
729.0,2.41,2.44,2.42,236.0,209,0.17096776306152345,put,2026-09-11,SPY,773.0700073242188,2026-08-10T21:03:12.506208+00:00
730.0,2.48,2.51,2.49,3110.0,1014,0.16962500305175782,put,2026-09-11,SPY,773.0700073242188,2026-08-10T21:03:12.506208+00:00
731.0,2.55,2.58,2.36,35.0,198,0.1682212084960938,put,2026-09-11,SPY,773.0700073242188,2026-08-10T21:03:12.506208+00:00
732.0,2.62,2.65,2.61,13.0,121,0.1667563793945313,put,2026-09-11,SPY,773.0700073242188,2026-08-10T21:03:12.506208+00:00
733.0,2.7,2.73,2.72,36.0,574,0.16544413665771485,put,2026-09-11,SPY,773.0700073242188,2026-08-10T21:03:12.506208+00:00
734.0,2.78,2.81,2.67,7.0,115,0.16407085937500002,put,2026-09-11,SPY,773.0700073242188,2026-08-10T21:03:12.506208+00:00
735.0,2.86,2.89,2.9,297.0,874,0.16266706481933596,put,2026-09-11,SPY,773.0700073242188,2026-08-10T21:03:12.506208+00:00
736.0,2.94,2.97,2.89,54.0,182,0.1611717184448242,put,2026-09-11,SPY,773.0700073242188,2026-08-10T21:03:12.506208+00:00
737.0,3.03,3.06,3.02,13.0,93,0.15982895843505857,put,2026-09-11,SPY,773.0700073242188,2026-08-10T21:03:12.506208+00:00
738.0,3.12,3.15,3.09,64.0,198,0.15842516387939454,put,2026-09-11,SPY,773.0700073242188,2026-08-10T21:03:12.506208+00:00
739.0,3.22,3.25,3.25,148.0,188,0.15711292114257813,put,2026-09-11,SPY,773.0700073242188,2026-08-10T21:03:12.506208+00:00
740.0,3.32,3.35,3.32,134.0,914,0.1557701611328125,put,2026-09-11,SPY,773.0700073242188,2026-08-10T21:03:12.506208+00:00
741.0,3.42,3.45,3.22,106.0,252,0.15433584930419925,put,2026-09-11,SPY,773.0700073242188,2026-08-10T21:03:12.506208+00:00
742.0,3.53,3.56,3.51,138.0,125,0.15302360656738284,put,2026-09-11,SPY,773.0700073242188,2026-08-10T21:03:12.506208+00:00
743.0,3.64,3.67,3.59,220.0,104,0.15161981201171876,put,2026-09-11,SPY,773.0700073242188,2026-08-10T21:03:12.506208+00:00
744.0,3.76,3.79,3.72,2105.0,283,0.15033808654785158,put,2026-09-11,SPY,773.0700073242188,2026-08-10T21:03:12.506208+00:00
745.0,3.88,3.91,3.93,1264.0,1323,0.14896480926513672,put,2026-09-11,SPY,773.0700073242188,2026-08-10T21:03:12.506208+00:00
746.0,4.01,4.04,4.06,81.0,67,0.14768308380126954,put,2026-09-11,SPY,773.0700073242188,2026-08-10T21:03:12.506208+00:00
747.0,4.14,4.17,4.12,61.0,86,0.14630980651855469,put,2026-09-11,SPY,773.0700073242188,2026-08-10T21:03:12.506208+00:00
748.0,4.27,4.31,4.31,179.0,108,0.14499756378173828,put,2026-09-11,SPY,773.0700073242188,2026-08-10T21:03:12.506208+00:00
749.0,4.42,4.46,4.1,30.0,430,0.1437768728637695,put,2026-09-11,SPY,773.0700073242188,2026-08-10T21:03:12.506208+00:00
750.0,4.57,4.61,4.64,338.0,759,0.14246463012695312,put,2026-09-11,SPY,773.0700073242188,2026-08-10T21:03:12.506208+00:00
751.0,4.73,4.77,4.72,73.0,189,0.14118290466308597,put,2026-09-11,SPY,773.0700073242188,2026-08-10T21:03:12.506208+00:00
752.0,4.89,4.93,4.77,35.0,183,0.13984014465332031,put,2026-09-11,SPY,773.0700073242188,2026-08-10T21:03:12.506208+00:00
753.0,5.06,5.1,4.94,31.0,100,0.13854316055297855,put,2026-09-11,SPY,773.0700073242188,2026-08-10T21:03:12.506208+00:00
754.0,5.24,5.28,5.09,29.0,46,0.13727669372558599,put,2026-09-11,SPY,773.0700073242188,2026-08-10T21:03:12.506208+00:00
755.0,5.43,5.47,5.42,141.0,479,0.1360560028076172,put,2026-09-11,SPY,773.0700073242188,2026-08-10T21:03:12.506208+00:00
756.0,5.62,5.67,5.64,105.0,107,0.1348658291625977,put,2026-09-11,SPY,773.0700073242188,2026-08-10T21:03:12.506208+00:00
757.0,5.83,5.87,5.78,55.0,173,0.13355358642578125,put,2026-09-11,SPY,773.0700073242188,2026-08-10T21:03:12.506208+00:00
758.0,6.04,6.09,5.98,81.0,259,0.1324091886901856,put,2026-09-11,SPY,773.0700073242188,2026-08-10T21:03:12.506208+00:00
759.0,6.27,6.31,6.24,46.0,122,0.13114272186279297,put,2026-09-11,SPY,773.0700073242188,2026-08-10T21:03:12.506208+00:00
760.0,6.48,6.57,6.51,182.0,1149,0.1302577209472656,put,2026-09-11,SPY,773.0700073242188,2026-08-10T21:03:12.506208+00:00
761.0,6.72,6.81,6.83,74.0,139,0.12902177139282228,put,2026-09-11,SPY,773.0700073242188,2026-08-10T21:03:12.506208+00:00
762.0,6.98,7.07,6.97,36.0,39,0.1279078909301758,put,2026-09-11,SPY,773.0700073242188,2026-08-10T21:03:12.506208+00:00
763.0,7.25,7.34,7.14,8.0,55,0.1267787518310547,put,2026-09-11,SPY,773.0700073242188,2026-08-10T21:03:12.506208+00:00
764.0,7.52,7.61,7.43,13.0,48,0.12552754364013674,put,2026-09-11,SPY,773.0700073242188,2026-08-10T21:03:12.506208+00:00
765.0,7.81,7.9,7.9,124.0,243,0.12438314590454103,put,2026-09-11,SPY,773.0700073242188,2026-08-10T21:03:12.506208+00:00
766.0,8.11,8.21,8.12,13.0,461,0.12333029998779299,put,2026-09-11,SPY,773.0700073242188,2026-08-10T21:03:12.506208+00:00
767.0,8.43,8.53,8.33,17.0,49,0.12226219543457033,put,2026-09-11,SPY,773.0700073242188,2026-08-10T21:03:12.506208+00:00
768.0,8.76,8.86,8.79,17.0,291,0.12116357360839844,put,2026-09-11,SPY,773.0700073242188,2026-08-10T21:03:12.506208+00:00
769.0,9.1,9.2,9.07,48.0,284,0.12003443450927734,put,2026-09-11,SPY,773.0700073242188,2026-08-10T21:03:12.506208+00:00
770.0,9.45,9.56,9.5,260.0,749,0.11899684722900389,put,2026-09-11,SPY,773.0700073242188,2026-08-10T21:03:12.506208+00:00
771.0,9.82,9.93,9.66,10.0,362,0.11789822540283201,put,2026-09-11,SPY,773.0700073242188,2026-08-10T21:03:12.506208+00:00
772.0,10.21,10.32,10.4,411.0,322,0.1168911553955078,put,2026-09-11,SPY,773.0700073242188,2026-08-10T21:03:12.506208+00:00
773.0,10.61,10.72,10.71,312.0,203,0.11582305084228516,put,2026-09-11,SPY,773.0700073242188,2026-08-10T21:03:12.506208+00:00
774.0,11.03,11.14,11.06,569.0,65,0.11480072219848633,put,2026-09-11,SPY,773.0700073242188,2026-08-10T21:03:12.506208+00:00
775.0,11.46,11.58,11.47,575.0,251,0.11383942810058593,put,2026-09-11,SPY,773.0700073242188,2026-08-10T21:03:12.506208+00:00
776.0,11.91,12.03,12.0,77.0,199,0.11283235809326173,put,2026-09-11,SPY,773.0700073242188,2026-08-10T21:03:12.506208+00:00
777.0,12.38,12.49,11.39,40.0,72,0.11174899490356444,put,2026-09-11,SPY,773.0700073242188,2026-08-10T21:03:12.506208+00:00
778.0,12.86,12.98,12.95,5.0,35,0.11081821807861328,put,2026-09-11,SPY,773.0700073242188,2026-08-10T21:03:12.506208+00:00
779.0,13.36,13.48,15.34,,27,0.10982640670776367,put,2026-09-11,SPY,773.0700073242188,2026-08-10T21:03:12.506208+00:00
780.0,13.12,14.71,13.48,4.0,196,0.11676908630371094,put,2026-09-11,SPY,773.0700073242188,2026-08-10T21:03:12.506208+00:00
781.0,13.63,15.28,14.62,1.0,123,0.11626555130004884,put,2026-09-11,SPY,773.0700073242188,2026-08-10T21:03:12.506208+00:00
782.0,14.17,15.85,18.07,,15,0.11560942993164064,put,2026-09-11,SPY,773.0700073242188,2026-08-10T21:03:12.506208+00:00
783.0,14.72,16.44,14.86,6.0,4,0.11499908447265625,put,2026-09-11,SPY,773.0700073242188,2026-08-10T21:03:12.506208+00:00
784.0,15.29,17.05,15.78,20.0,2,0.11443451492309573,put,2026-09-11,SPY,773.0700073242188,2026-08-10T21:03:12.506208+00:00
785.0,15.87,17.67,15.8,10.0,28,0.11380891082763672,put,2026-09-11,SPY,773.0700073242188,2026-08-10T21:03:12.506208+00:00
786.0,16.48,18.32,16.41,12.0,1,0.11338166900634765,put,2026-09-11,SPY,773.0700073242188,2026-08-10T21:03:12.506208+00:00
787.0,17.1,18.98,20.82,,427,0.11289339263916015,put,2026-09-11,SPY,773.0700073242188,2026-08-10T21:03:12.506208+00:00
788.0,17.74,19.65,18.28,20.0,26,0.11235934036254883,put,2026-09-11,SPY,773.0700073242188,2026-08-10T21:03:12.506208+00:00
789.0,17.64,21.15,19.7,1.0,2,0.12212486770629885,put,2026-09-11,SPY,773.0700073242188,2026-08-10T21:03:12.506208+00:00
790.0,19.06,21.73,19.03,15.0,237,0.1203090899658203,put,2026-09-11,SPY,773.0700073242188,2026-08-10T21:03:12.506208+00:00
791.0,19.04,22.55,20.85,2.0,158,0.12137719451904297,put,2026-09-11,SPY,773.0700073242188,2026-08-10T21:03:12.506208+00:00
792.0,19.77,23.28,25.9,,209,0.12116357360839844,put,2026-09-11,SPY,773.0700073242188,2026-08-10T21:03:12.506208+00:00
793.0,20.51,24.02,26.7,,2,0.1209041767883301,put,2026-09-11,SPY,773.0700073242188,2026-08-10T21:03:12.506208+00:00
794.0,21.27,24.79,27.49,,97,0.1209194354248047,put,2026-09-11,SPY,773.0700073242188,2026-08-10T21:03:12.506208+00:00
795.0,22.05,25.56,28.28,,3,0.1207668490600586,put,2026-09-11,SPY,773.0700073242188,2026-08-10T21:03:12.506208+00:00
796.0,22.84,26.36,24.66,2.0,58,0.1209194354248047,put,2026-09-11,SPY,773.0700073242188,2026-08-10T21:03:12.506208+00:00
797.0,23.65,27.16,25.23,2.0,12,0.1209194354248047,put,2026-09-11,SPY,773.0700073242188,2026-08-10T21:03:12.506208+00:00
798.0,24.48,27.99,31.71,,23,0.12125512542724609,put,2026-09-11,SPY,773.0700073242188,2026-08-10T21:03:12.506208+00:00
799.0,25.32,28.84,32.56,,26,0.12177391906738282,put,2026-09-11,SPY,773.0700073242188,2026-08-10T21:03:12.506208+00:00
800.0,26.18,29.69,28.72,1.0,62,0.12217064361572266,put,2026-09-11,SPY,773.0700073242188,2026-08-10T21:03:12.506208+00:00
801.0,27.05,30.56,30.23,,11,0.12278098907470703,put,2026-09-11,SPY,773.0700073242188,2026-08-10T21:03:12.506208+00:00
802.0,27.94,31.45,31.06,,9,0.12363547271728516,put,2026-09-11,SPY,773.0700073242188,2026-08-10T21:03:12.506208+00:00
803.0,28.84,32.35,31.35,,17,0.12455099090576172,put,2026-09-11,SPY,773.0700073242188,2026-08-10T21:03:12.506208+00:00
804.0,29.76,33.27,32.19,,1,0.1257716818237305,put,2026-09-11,SPY,773.0700073242188,2026-08-10T21:03:12.506208+00:00
805.0,30.69,34.2,33.07,,2,0.12711444183349607,put,2026-09-11,SPY,773.0700073242188,2026-08-10T21:03:12.506208+00:00
806.0,31.62,35.14,33.95,,0,0.12857927093505855,put,2026-09-11,SPY,773.0700073242188,2026-08-10T21:03:12.506208+00:00
807.0,32.57,36.08,34.79,3.0,2,0.12998306549072264,put,2026-09-11,SPY,773.0700073242188,2026-08-10T21:03:12.506208+00:00
808.0,33.53,37.04,37.09,,0,0.13172255004882813,put,2026-09-11,SPY,773.0700073242188,2026-08-10T21:03:12.506208+00:00
809.0,34.5,38.01,38.01,,0,0.13364513824462892,put,2026-09-11,SPY,773.0700073242188,2026-08-10T21:03:12.506208+00:00
810.0,35.8,38.8,38.93,,0,0.13178358459472655,put,2026-09-11,SPY,773.0700073242188,2026-08-10T21:03:12.506208+00:00
811.0,36.46,39.97,39.87,,0,0.13776497009277344,put,2026-09-11,SPY,773.0700073242188,2026-08-10T21:03:12.506208+00:00
812.0,37.44,40.96,40.81,,0,0.14002324829101562,put,2026-09-11,SPY,773.0700073242188,2026-08-10T21:03:12.506208+00:00
813.0,38.44,41.96,40.34,,0,0.14246463012695312,put,2026-09-11,SPY,773.0700073242188,2026-08-10T21:03:12.506208+00:00
814.0,39.44,42.95,44.22,,0,0.14466187377929687,put,2026-09-11,SPY,773.0700073242188,2026-08-10T21:03:12.506208+00:00
815.0,40.44,43.95,42.22,,0,0.14707273834228518,put,2026-09-11,SPY,773.0700073242188,2026-08-10T21:03:12.506208+00:00
816.0,41.44,44.95,43.17,,0,0.14945308563232423,put,2026-09-11,SPY,773.0700073242188,2026-08-10T21:03:12.506208+00:00
817.0,42.44,45.95,44.13,,0,0.1518334329223633,put,2026-09-11,SPY,773.0700073242188,2026-08-10T21:03:12.506208+00:00
818.0,43.57,46.95,45.1,,0,0.15418326293945314,put,2026-09-11,SPY,773.0700073242188,2026-08-10T21:03:12.506208+00:00
819.0,44.44,47.95,46.07,,0,0.15656361022949222,put,2026-09-11,SPY,773.0700073242188,2026-08-10T21:03:12.506208+00:00
820.0,45.57,48.95,47.05,,0,0.15888292297363282,put,2026-09-11,SPY,773.0700073242188,2026-08-10T21:03:12.506208+00:00
821.0,46.44,49.95,48.02,,0,0.16123275299072265,put,2026-09-11,SPY,773.0700073242188,2026-08-10T21:03:12.506208+00:00
822.0,47.44,50.95,49.0,,0,0.1635520657348633,put,2026-09-11,SPY,773.0700073242188,2026-08-10T21:03:12.506208+00:00
823.0,48.44,51.95,51.11,,0,0.16584086120605473,put,2026-09-11,SPY,773.0700073242188,2026-08-10T21:03:12.506208+00:00
824.0,49.44,52.95,52.27,,0,0.16816017395019534,put,2026-09-11,SPY,773.0700073242188,2026-08-10T21:03:12.506208+00:00
825.0,50.44,53.95,53.39,,0,0.17044896942138676,put,2026-09-11,SPY,773.0700073242188,2026-08-10T21:03:12.506208+00:00
830.0,55.44,58.95,57.0,1.0,1,0.18170984313964844,put,2026-09-11,SPY,773.0700073242188,2026-08-10T21:03:12.506208+00:00
835.0,60.44,63.95,61.95,,0,0.19278761322021482,put,2026-09-11,SPY,773.0700073242188,2026-08-10T21:03:12.506208+00:00
840.0,65.44,68.95,66.94,,0,0.2036212451171875,put,2026-09-11,SPY,773.0700073242188,2026-08-10T21:03:12.506208+00:00
845.0,70.44,73.95,71.94,,0,0.2142717733764648,put,2026-09-11,SPY,773.0700073242188,2026-08-10T21:03:12.506208+00:00
850.0,75.44,78.95,78.62,,0,0.22473919799804684,put,2026-09-11,SPY,773.0700073242188,2026-08-10T21:03:12.506208+00:00
855.0,80.44,83.95,82.08,,0,0.23499300170898438,put,2026-09-11,SPY,773.0700073242188,2026-08-10T21:03:12.506208+00:00
860.0,85.44,88.95,87.07,,0,0.245124736328125,put,2026-09-11,SPY,773.0700073242188,2026-08-10T21:03:12.506208+00:00
865.0,90.44,93.95,92.07,,0,0.2551344018554688,put,2026-09-11,SPY,773.0700073242188,2026-08-10T21:03:12.506208+00:00
870.0,95.44,98.95,97.07,,0,0.26496096374511713,put,2026-09-11,SPY,773.0700073242188,2026-08-10T21:03:12.506208+00:00
875.0,100.44,103.95,102.08,,0,0.27466545654296876,put,2026-09-11,SPY,773.0700073242188,2026-08-10T21:03:12.506208+00:00
300.0,472.29,475.75,446.84,50.0,59,0.9956055126953125,call,2026-10-16,SPY,773.0700073242188,2026-08-10T21:03:12.506208+00:00
305.0,450.12,453.61,438.66,,1,1.0000000000000003e-05,call,2026-10-16,SPY,773.0700073242188,2026-08-10T21:03:12.506208+00:00
330.0,442.42,445.89,439.55,,20,0.9185799157714845,call,2026-10-16,SPY,773.0700073242188,2026-08-10T21:03:12.506208+00:00
335.0,404.82,408.16,405.09,,0,1.0000000000000003e-05,call,2026-10-16,SPY,773.0700073242188,2026-08-10T21:03:12.506208+00:00
340.0,0.0,0.0,415.74,,0,1.0000000000000003e-05,call,2026-10-16,SPY,773.0700073242188,2026-08-10T21:03:12.506208+00:00
365.0,407.59,411.06,388.48,,1,0.8354508642578123,call,2026-10-16,SPY,773.0700073242188,2026-08-10T21:03:12.506208+00:00
400.0,372.77,376.24,375.11,2.0,0,0.7575707836914063,call,2026-10-16,SPY,773.0700073242188,2026-08-10T21:03:12.506208+00:00
405.0,351.06,354.54,335.63,,1,1.0000000000000003e-05,call,2026-10-16,SPY,773.0700073242188,2026-08-10T21:03:12.506208+00:00
410.0,346.11,349.62,330.56,,1,1.0000000000000003e-05,call,2026-10-16,SPY,773.0700073242188,2026-08-10T21:03:12.506208+00:00
420.0,320.65,323.97,336.04,,4,1.0000000000000003e-05,call,2026-10-16,SPY,773.0700073242188,2026-08-10T21:03:12.506208+00:00
440.0,333.0,336.49,298.33,,1,0.6752962158203126,call,2026-10-16,SPY,773.0700073242188,2026-08-10T21:03:12.506208+00:00
445.0,0.0,0.0,319.12,2.0,0,1.0000000000000003e-05,call,2026-10-16,SPY,773.0700073242188,2026-08-10T21:03:12.506208+00:00
450.0,291.04,294.33,302.04,1.0,2,1.0000000000000003e-05,call,2026-10-16,SPY,773.0700073242188,2026-08-10T21:03:12.506208+00:00
465.0,308.16,311.66,275.45,1.0,2,0.6262244409179689,call,2026-10-16,SPY,773.0700073242188,2026-08-10T21:03:12.506208+00:00
485.0,288.33,291.85,257.35,3.0,2,0.5902140588378908,call,2026-10-16,SPY,773.0700073242188,2026-08-10T21:03:12.506208+00:00
500.0,273.5,277.02,257.43,5.0,13,0.5648236877441408,call,2026-10-16,SPY,773.0700073242188,2026-08-10T21:03:12.506208+00:00
505.0,268.56,272.08,272.51,1.0,2,0.5564009204101563,call,2026-10-16,SPY,773.0700073242188,2026-08-10T21:03:12.506208+00:00
510.0,263.62,267.14,240.82,1.0,7,0.5480391876220705,call,2026-10-16,SPY,773.0700073242188,2026-08-10T21:03:12.506208+00:00
515.0,258.69,262.2,225.88,,43,0.5397995239257813,call,2026-10-16,SPY,773.0700073242188,2026-08-10T21:03:12.506208+00:00
520.0,253.75,257.26,239.2,1.0,11,0.5313767565917968,call,2026-10-16,SPY,773.0700073242188,2026-08-10T21:03:12.506208+00:00
525.0,248.81,252.33,250.17,5.0,48,0.5230760583496092,call,2026-10-16,SPY,773.0700073242188,2026-08-10T21:03:12.506208+00:00
530.0,212.55,215.78,226.44,4.0,5,1.0000000000000003e-05,call,2026-10-16,SPY,773.0700073242188,2026-08-10T21:03:12.506208+00:00
535.0,207.66,210.9,211.7,,1,1.0000000000000003e-05,call,2026-10-16,SPY,773.0700073242188,2026-08-10T21:03:12.506208+00:00
540.0,234.02,237.53,213.41,1.0,2,0.5537154003906251,call,2026-10-16,SPY,773.0700073242188,2026-08-10T21:03:12.506208+00:00
545.0,0.0,0.0,203.0,,0,1.0000000000000003e-05,call,2026-10-16,SPY,773.0700073242188,2026-08-10T21:03:12.506208+00:00
555.0,219.23,222.74,201.69,1.0,1,0.5246019219970703,call,2026-10-16,SPY,773.0700073242188,2026-08-10T21:03:12.506208+00:00
560.0,214.31,217.82,214.84,1.0,40,0.5151415673828125,call,2026-10-16,SPY,773.0700073242188,2026-08-10T21:03:12.506208+00:00
565.0,209.39,212.9,207.38,3.0,10,0.5056812127685546,call,2026-10-16,SPY,773.0700073242188,2026-08-10T21:03:12.506208+00:00
570.0,204.47,207.98,205.33,1.0,13,0.49622085815429695,call,2026-10-16,SPY,773.0700073242188,2026-08-10T21:03:12.506208+00:00
575.0,199.55,203.06,169.15,1.0,6,0.4867605035400391,call,2026-10-16,SPY,773.0700073242188,2026-08-10T21:03:12.506208+00:00
580.0,194.64,198.15,167.52,1.0,12,0.477544287109375,call,2026-10-16,SPY,773.0700073242188,2026-08-10T21:03:12.506208+00:00
585.0,189.72,193.23,171.3,21.0,22,0.46802289794921875,call,2026-10-16,SPY,773.0700073242188,2026-08-10T21:03:12.506208+00:00
590.0,184.82,188.32,175.07,1.0,8,0.4587456469726563,call,2026-10-16,SPY,773.0700073242188,2026-08-10T21:03:12.506208+00:00
595.0,179.91,183.42,149.88,1.0,9,0.44965149963378903,call,2026-10-16,SPY,773.0700073242188,2026-08-10T21:03:12.506208+00:00
600.0,175.01,178.52,177.61,25.0,264,0.4404963177490234,call,2026-10-16,SPY,773.0700073242188,2026-08-10T21:03:12.506208+00:00
605.0,170.12,173.62,152.95,1.0,11,0.4313411358642578,call,2026-10-16,SPY,773.0700073242188,2026-08-10T21:03:12.506208+00:00
610.0,165.22,168.73,166.79,3.0,41,0.422308023071289,call,2026-10-16,SPY,773.0700073242188,2026-08-10T21:03:12.506208+00:00
615.0,160.33,163.84,129.01,1.0,2,0.4132749102783203,call,2026-10-16,SPY,773.0700073242188,2026-08-10T21:03:12.506208+00:00
620.0,155.45,158.96,124.86,1.0,449,0.4043333493041992,call,2026-10-16,SPY,773.0700073242188,2026-08-10T21:03:12.506208+00:00
625.0,150.57,154.08,152.36,30.0,233,0.3953612710571289,call,2026-10-16,SPY,773.0700073242188,2026-08-10T21:03:12.506208+00:00
630.0,145.7,149.21,147.01,3.0,40,0.3864807446289062,call,2026-10-16,SPY,773.0700073242188,2026-08-10T21:03:12.506208+00:00
635.0,140.88,144.35,142.46,1.0,4346,0.37772228729248036,call,2026-10-16,SPY,773.0700073242188,2026-08-10T21:03:12.506208+00:00
640.0,135.99,139.49,134.34,3.0,426,0.368872278137207,call,2026-10-16,SPY,773.0700073242188,2026-08-10T21:03:12.506208+00:00
645.0,131.14,134.64,136.85,1.0,231,0.360083303527832,call,2026-10-16,SPY,773.0700073242188,2026-08-10T21:03:12.506208+00:00
650.0,126.3,129.81,128.71,210.0,94,0.3515384671020507,call,2026-10-16,SPY,773.0700073242188,2026-08-10T21:03:12.506208+00:00
655.0,121.48,124.98,123.94,1.0,10,0.34287156158447263,call,2026-10-16,SPY,773.0700073242188,2026-08-10T21:03:12.506208+00:00
660.0,116.66,120.17,119.32,81.0,268,0.3343877597045898,call,2026-10-16,SPY,773.0700073242188,2026-08-10T21:03:12.506208+00:00
665.0,111.86,115.37,114.71,92.0,469,0.3259344750976562,call,2026-10-16,SPY,773.0700073242188,2026-08-10T21:03:12.506208+00:00
670.0,107.08,110.58,105.93,1.0,485,0.3174506732177734,call,2026-10-16,SPY,773.0700073242188,2026-08-10T21:03:12.506208+00:00
675.0,102.31,105.81,103.55,5.0,81,0.3090889404296875,call,2026-10-16,SPY,773.0700073242188,2026-08-10T21:03:12.506208+00:00
680.0,97.59,101.06,99.17,1.0,2482,0.3008187594604492,call,2026-10-16,SPY,773.0700073242188,2026-08-10T21:03:12.506208+00:00
685.0,92.83,96.33,94.78,9.0,1689,0.2925943544006347,call,2026-10-16,SPY,773.0700073242188,2026-08-10T21:03:12.506208+00:00
690.0,88.12,91.62,89.9,11.0,1183,0.28441572525024406,call,2026-10-16,SPY,773.0700073242188,2026-08-10T21:03:12.506208+00:00
695.0,83.44,86.93,85.14,4.0,1028,0.2762370960998534,call,2026-10-16,SPY,773.0700073242188,2026-08-10T21:03:12.506208+00:00
700.0,78.78,82.28,80.21,6.0,886,0.2682568292236328,call,2026-10-16,SPY,773.0700073242188,2026-08-10T21:03:12.506208+00:00
701.0,77.86,81.35,66.56,,20,0.26663941375732425,call,2026-10-16,SPY,773.0700073242188,2026-08-10T21:03:12.506208+00:00
702.0,76.93,80.43,78.45,2.0,74,0.26511355010986326,call,2026-10-16,SPY,773.0700073242188,2026-08-10T21:03:12.506208+00:00
703.0,76.01,79.5,77.47,2.0,4,0.2634656173706055,call,2026-10-16,SPY,773.0700073242188,2026-08-10T21:03:12.506208+00:00
704.0,75.09,78.58,76.61,2.0,72,0.26190923645019537,call,2026-10-16,SPY,773.0700073242188,2026-08-10T21:03:12.506208+00:00
705.0,74.16,77.66,75.95,1.0,336,0.26035285552978515,call,2026-10-16,SPY,773.0700073242188,2026-08-10T21:03:12.506208+00:00
706.0,73.24,76.74,60.96,,23,0.2587659573364258,call,2026-10-16,SPY,773.0700073242188,2026-08-10T21:03:12.506208+00:00
707.0,72.33,75.82,60.13,,41,0.2571790591430664,call,2026-10-16,SPY,773.0700073242188,2026-08-10T21:03:12.506208+00:00
708.0,71.41,74.9,59.39,,1,0.2555616436767578,call,2026-10-16,SPY,773.0700073242188,2026-08-10T21:03:12.506208+00:00
709.0,70.49,73.99,58.51,,1,0.25406629730224617,call,2026-10-16,SPY,773.0700073242188,2026-08-10T21:03:12.506208+00:00
710.0,69.58,73.07,70.68,9.0,996,0.2524183645629883,call,2026-10-16,SPY,773.0700073242188,2026-08-10T21:03:12.506208+00:00
711.0,68.66,72.16,41.73,42.0,3,0.2508925009155273,call,2026-10-16,SPY,773.0700073242188,2026-08-10T21:03:12.506208+00:00
712.0,67.75,71.25,45.9,1.0,11,0.24933611999511718,call,2026-10-16,SPY,773.0700073242188,2026-08-10T21:03:12.506208+00:00
713.0,66.84,70.34,56.88,2.0,3,0.2477644804382324,call,2026-10-16,SPY,773.0700073242188,2026-08-10T21:03:12.506208+00:00
714.0,65.97,69.43,68.69,80.0,9,0.24617758224487307,call,2026-10-16,SPY,773.0700073242188,2026-08-10T21:03:12.506208+00:00
715.0,65.03,68.53,66.93,3.0,391,0.24468223587036136,call,2026-10-16,SPY,773.0700073242188,2026-08-10T21:03:12.506208+00:00
716.0,64.13,67.63,66.1,2.0,17,0.243171630859375,call,2026-10-16,SPY,773.0700073242188,2026-08-10T21:03:12.506208+00:00
718.0,62.33,65.83,48.34,,1,0.2401046449279785,call,2026-10-16,SPY,773.0700073242188,2026-08-10T21:03:12.506208+00:00
719.0,61.43,64.93,66.26,1.0,6,0.23853300537109373,call,2026-10-16,SPY,773.0700073242188,2026-08-10T21:03:12.506208+00:00
720.0,60.54,64.04,59.04,1.0,420,0.23706817626953125,call,2026-10-16,SPY,773.0700073242188,2026-08-10T21:03:12.506208+00:00
721.0,59.65,63.15,62.04,4.0,28,0.2355728298950195,call,2026-10-16,SPY,773.0700073242188,2026-08-10T21:03:12.506208+00:00
722.0,58.76,62.26,54.55,1.0,7,0.23404696624755855,call,2026-10-16,SPY,773.0700073242188,2026-08-10T21:03:12.506208+00:00
723.0,57.87,61.37,59.33,4.0,5,0.23252110260009767,call,2026-10-16,SPY,773.0700073242188,2026-08-10T21:03:12.506208+00:00
724.0,56.98,60.49,42.94,,1,0.2310562734985352,call,2026-10-16,SPY,773.0700073242188,2026-08-10T21:03:12.506208+00:00
725.0,56.1,59.6,57.25,1.0,384,0.229499892578125,call,2026-10-16,SPY,773.0700073242188,2026-08-10T21:03:12.506208+00:00
726.0,55.22,58.72,60.4,1.0,18,0.22800454620361327,call,2026-10-16,SPY,773.0700073242188,2026-08-10T21:03:12.506208+00:00
727.0,54.34,57.85,55.44,81.0,84,0.22658549301147457,call,2026-10-16,SPY,773.0700073242188,2026-08-10T21:03:12.506208+00:00
728.0,53.47,56.97,57.5,3.0,8,0.22504437072753902,call,2026-10-16,SPY,773.0700073242188,2026-08-10T21:03:12.506208+00:00
729.0,52.59,56.1,51.53,5.0,18,0.22357954162597654,call,2026-10-16,SPY,773.0700073242188,2026-08-10T21:03:12.506208+00:00
730.0,51.72,55.23,53.07,28.0,818,0.2220994538879394,call,2026-10-16,SPY,773.0700073242188,2026-08-10T21:03:12.506208+00:00
731.0,50.86,54.37,47.0,1.0,54,0.22069565933227536,call,2026-10-16,SPY,773.0700073242188,2026-08-10T21:03:12.506208+00:00
732.0,50.0,53.51,52.12,4.0,30,0.2192613475036621,call,2026-10-16,SPY,773.0700073242188,2026-08-10T21:03:12.506208+00:00
733.0,49.14,52.65,47.68,1.0,176,0.21781177703857418,call,2026-10-16,SPY,773.0700073242188,2026-08-10T21:03:12.506208+00:00
734.0,48.28,51.8,26.26,1.0,27,0.21640798248291016,call,2026-10-16,SPY,773.0700073242188,2026-08-10T21:03:12.506208+00:00
735.0,47.46,50.95,48.83,28.0,1736,0.21500418792724607,call,2026-10-16,SPY,773.0700073242188,2026-08-10T21:03:12.506208+00:00
736.0,46.59,50.1,42.61,44.0,49,0.21356987609863282,call,2026-10-16,SPY,773.0700073242188,2026-08-10T21:03:12.506208+00:00
737.0,45.74,49.26,46.95,10.0,167,0.21218134017944335,call,2026-10-16,SPY,773.0700073242188,2026-08-10T21:03:12.506208+00:00
738.0,44.9,48.42,47.01,9.0,153,0.21079280426025387,call,2026-10-16,SPY,773.0700073242188,2026-08-10T21:03:12.506208+00:00
739.0,44.07,47.58,49.39,10.0,469,0.2093584924316406,call,2026-10-16,SPY,773.0700073242188,2026-08-10T21:03:12.506208+00:00
740.0,43.86,46.75,45.76,122.0,1577,0.20800047378540037,call,2026-10-16,SPY,773.0700073242188,2026-08-10T21:03:12.506208+00:00
741.0,42.4,45.92,43.66,40.0,213,0.2066119378662109,call,2026-10-16,SPY,773.0700073242188,2026-08-10T21:03:12.506208+00:00
742.0,41.58,45.1,42.52,1.0,164,0.20526917785644527,call,2026-10-16,SPY,773.0700073242188,2026-08-10T21:03:12.506208+00:00
743.0,40.76,44.28,41.98,1.0,168,0.20391115921020508,call,2026-10-16,SPY,773.0700073242188,2026-08-10T21:03:12.506208+00:00
744.0,39.95,43.46,42.31,2.0,230,0.20252262329101559,call,2026-10-16,SPY,773.0700073242188,2026-08-10T21:03:12.506208+00:00
745.0,39.14,42.65,40.72,2.0,1648,0.20117986328124998,call,2026-10-16,SPY,773.0700073242188,2026-08-10T21:03:12.506208+00:00
746.0,38.33,41.85,39.55,1.0,245,0.1998981378173828,call,2026-10-16,SPY,773.0700073242188,2026-08-10T21:03:12.506208+00:00
747.0,37.54,41.05,38.76,1.0,238,0.1985858950805664,call,2026-10-16,SPY,773.0700073242188,2026-08-10T21:03:12.506208+00:00
748.0,36.74,40.26,37.97,1.0,54,0.19731942825317383,call,2026-10-16,SPY,773.0700073242188,2026-08-10T21:03:12.506208+00:00
749.0,35.95,39.47,37.35,23.0,354,0.19602244415283204,call,2026-10-16,SPY,773.0700073242188,2026-08-10T21:03:12.506208+00:00
750.0,35.34,38.69,36.9,7.0,2793,0.19477123596191404,call,2026-10-16,SPY,773.0700073242188,2026-08-10T21:03:12.506208+00:00
751.0,34.39,37.91,35.8,47.0,178,0.19348951049804688,call,2026-10-16,SPY,773.0700073242188,2026-08-10T21:03:12.506208+00:00
752.0,33.62,37.14,33.87,1.0,464,0.19225356094360352,call,2026-10-16,SPY,773.0700073242188,2026-08-10T21:03:12.506208+00:00
753.0,32.85,36.37,33.87,2.0,189,0.19098709411621095,call,2026-10-16,SPY,773.0700073242188,2026-08-10T21:03:12.506208+00:00
754.0,32.47,35.19,35.18,6.0,572,0.18640950317382812,call,2026-10-16,SPY,773.0700073242188,2026-08-10T21:03:12.506208+00:00
755.0,31.34,34.43,32.96,12.0,3258,0.18515829498291014,call,2026-10-16,SPY,773.0700073242188,2026-08-10T21:03:12.506208+00:00
756.0,30.59,33.69,33.48,1.0,539,0.18402915588378904,call,2026-10-16,SPY,773.0700073242188,2026-08-10T21:03:12.506208+00:00
757.0,29.85,32.95,31.88,81.0,186,0.1828694995117187,call,2026-10-16,SPY,773.0700073242188,2026-08-10T21:03:12.506208+00:00
758.0,29.12,32.21,28.03,1.0,190,0.1816640672302246,call,2026-10-16,SPY,773.0700073242188,2026-08-10T21:03:12.506208+00:00
759.0,28.4,31.49,27.21,1.0,315,0.18058070404052734,call,2026-10-16,SPY,773.0700073242188,2026-08-10T21:03:12.506208+00:00
760.0,29.22,29.66,29.42,70.0,7598,0.17081517669677737,call,2026-10-16,SPY,773.0700073242188,2026-08-10T21:03:12.506208+00:00
761.0,26.97,30.05,26.93,49.0,360,0.17827664993286135,call,2026-10-16,SPY,773.0700073242188,2026-08-10T21:03:12.506208+00:00
762.0,26.26,29.35,27.56,1.0,230,0.17720854537963865,call,2026-10-16,SPY,773.0700073242188,2026-08-10T21:03:12.506208+00:00
763.0,25.56,28.65,27.59,1.0,363,0.17610992355346683,call,2026-10-16,SPY,773.0700073242188,2026-08-10T21:03:12.506208+00:00
764.0,25.07,27.96,27.5,1.0,280,0.17504181900024413,call,2026-10-16,SPY,773.0700073242188,2026-08-10T21:03:12.506208+00:00
765.0,25.72,26.09,25.67,53.0,5109,0.16491008438110355,call,2026-10-16,SPY,773.0700073242188,2026-08-10T21:03:12.506208+00:00
766.0,23.99,26.58,24.04,1.0,438,0.17275302352905275,call,2026-10-16,SPY,773.0700073242188,2026-08-10T21:03:12.506208+00:00
767.0,23.65,25.65,25.22,2.0,268,0.1697318135070801,call,2026-10-16,SPY,773.0700073242188,2026-08-10T21:03:12.506208+00:00
768.0,22.67,25.25,24.19,82.0,260,0.1706625903320313,call,2026-10-16,SPY,773.0700073242188,2026-08-10T21:03:12.506208+00:00
769.0,22.38,24.3,23.14,20.0,384,0.16739724212646484,call,2026-10-16,SPY,773.0700073242188,2026-08-10T21:03:12.506208+00:00
770.0,22.62,22.8,22.73,268.0,7287,0.15993576889038086,call,2026-10-16,SPY,773.0700073242188,2026-08-10T21:03:12.506208+00:00
771.0,21.94,22.16,22.46,1.0,745,0.15891344024658205,call,2026-10-16,SPY,773.0700073242188,2026-08-10T21:03:12.506208+00:00
772.0,21.24,21.53,21.51,76.0,528,0.1579216288757324,call,2026-10-16,SPY,773.0700073242188,2026-08-10T21:03:12.506208+00:00
773.0,20.8,20.84,20.58,659.0,831,0.1564262825012207,call,2026-10-16,SPY,773.0700073242188,2026-08-10T21:03:12.506208+00:00
774.0,20.19,20.24,20.11,280.0,541,0.15554891090393066,call,2026-10-16,SPY,773.0700073242188,2026-08-10T21:03:12.506208+00:00
775.0,19.6,19.64,19.63,430.0,3741,0.15461050476074223,call,2026-10-16,SPY,773.0700073242188,2026-08-10T21:03:12.506208+00:00
776.0,19.02,19.06,18.85,33.0,420,0.15377127975463867,call,2026-10-16,SPY,773.0700073242188,2026-08-10T21:03:12.506208+00:00
777.0,18.44,18.48,18.35,33.0,320,0.15287102020263676,call,2026-10-16,SPY,773.0700073242188,2026-08-10T21:03:12.506208+00:00
778.0,17.88,17.92,17.72,28.0,1999,0.15206231246948243,call,2026-10-16,SPY,773.0700073242188,2026-08-10T21:03:12.506208+00:00
779.0,17.32,17.36,17.21,24.0,1156,0.15117731155395514,call,2026-10-16,SPY,773.0700073242188,2026-08-10T21:03:12.506208+00:00
780.0,16.78,16.82,16.8,371.0,5144,0.15039912109375003,call,2026-10-16,SPY,773.0700073242188,2026-08-10T21:03:12.506208+00:00
781.0,16.24,16.28,16.25,67.0,777,0.14955989608764647,call,2026-10-16,SPY,773.0700073242188,2026-08-10T21:03:12.506208+00:00
782.0,15.72,15.76,15.85,12.0,536,0.14879696426391603,call,2026-10-16,SPY,773.0700073242188,2026-08-10T21:03:12.506208+00:00
783.0,15.2,15.24,15.37,9.0,575,0.14798825653076175,call,2026-10-16,SPY,773.0700073242188,2026-08-10T21:03:12.506208+00:00
784.0,14.7,14.74,14.8,147.0,860,0.14725584197998048,call,2026-10-16,SPY,773.0700073242188,2026-08-10T21:03:12.506208+00:00
785.0,14.21,14.25,14.21,243.0,2983,0.14652342742919922,call,2026-10-16,SPY,773.0700073242188,2026-08-10T21:03:12.506208+00:00
786.0,13.72,13.76,13.58,16.0,258,0.1457452369689941,call,2026-10-16,SPY,773.0700073242188,2026-08-10T21:03:12.506208+00:00
787.0,13.25,13.29,13.1,10.0,402,0.14504333969116212,call,2026-10-16,SPY,773.0700073242188,2026-08-10T21:03:12.506208+00:00
788.0,12.79,12.83,12.7,7.0,388,0.1443567010498047,call,2026-10-16,SPY,773.0700073242188,2026-08-10T21:03:12.506208+00:00
789.0,12.34,12.38,12.2,37.0,223,0.14367006240844726,call,2026-10-16,SPY,773.0700073242188,2026-08-10T21:03:12.506208+00:00
790.0,11.9,11.93,11.91,322.0,8489,0.14292238922119144,call,2026-10-16,SPY,773.0700073242188,2026-08-10T21:03:12.506208+00:00
791.0,11.46,11.5,11.45,6.0,451,0.14226626785278318,call,2026-10-16,SPY,773.0700073242188,2026-08-10T21:03:12.506208+00:00
792.0,11.04,11.08,10.99,40.0,194,0.1416254051208496,call,2026-10-16,SPY,773.0700073242188,2026-08-10T21:03:12.506208+00:00
793.0,10.64,10.67,10.76,15.0,531,0.14098454238891606,call,2026-10-16,SPY,773.0700073242188,2026-08-10T21:03:12.506208+00:00
794.0,10.24,10.27,10.13,62.0,180,0.1403436796569824,call,2026-10-16,SPY,773.0700073242188,2026-08-10T21:03:12.506208+00:00
795.0,9.85,9.89,9.94,147.0,6754,0.13980962738037112,call,2026-10-16,SPY,773.0700073242188,2026-08-10T21:03:12.506208+00:00
796.0,9.47,9.51,9.39,125.0,822,0.13919928192138675,call,2026-10-16,SPY,773.0700073242188,2026-08-10T21:03:12.506208+00:00
797.0,9.1,9.14,9.21,113.0,1134,0.13860419509887695,call,2026-10-16,SPY,773.0700073242188,2026-08-10T21:03:12.506208+00:00
798.0,8.74,8.78,8.85,66.0,1451,0.1380091082763672,call,2026-10-16,SPY,773.0700073242188,2026-08-10T21:03:12.506208+00:00
799.0,8.4,8.43,8.5,65.0,1126,0.13742928009033206,call,2026-10-16,SPY,773.0700073242188,2026-08-10T21:03:12.506208+00:00
800.0,8.06,8.09,8.15,322.0,7148,0.1368799691772461,call,2026-10-16,SPY,773.0700073242188,2026-08-10T21:03:12.506208+00:00
805.0,6.52,6.55,6.6,78.0,2438,0.13434703552246097,call,2026-10-16,SPY,773.0700073242188,2026-08-10T21:03:12.506208+00:00
810.0,5.22,5.25,5.12,96.0,6858,0.13218030914306644,call,2026-10-16,SPY,773.0700073242188,2026-08-10T21:03:12.506208+00:00
815.0,4.13,4.16,4.2,32.0,8919,0.130242462310791,call,2026-10-16,SPY,773.0700073242188,2026-08-10T21:03:12.506208+00:00
820.0,3.24,3.27,3.31,147.0,7375,0.12867082275390623,call,2026-10-16,SPY,773.0700073242188,2026-08-10T21:03:12.506208+00:00
825.0,2.53,2.56,2.59,21.0,2285,0.1275416836547852,call,2026-10-16,SPY,773.0700073242188,2026-08-10T21:03:12.506208+00:00
830.0,1.96,1.99,1.98,58.0,1705,0.12662616546630856,call,2026-10-16,SPY,773.0700073242188,2026-08-10T21:03:12.506208+00:00
835.0,1.52,1.54,1.54,21.0,484,0.125985302734375,call,2026-10-16,SPY,773.0700073242188,2026-08-10T21:03:12.506208+00:00
840.0,1.17,1.2,1.2,22.0,1507,0.12586323364257812,call,2026-10-16,SPY,773.0700073242188,2026-08-10T21:03:12.506208+00:00
845.0,0.91,0.93,0.94,15.0,944,0.1258021990966797,call,2026-10-16,SPY,773.0700073242188,2026-08-10T21:03:12.506208+00:00
850.0,0.71,0.73,0.74,431.0,8701,0.12629047546386718,call,2026-10-16,SPY,773.0700073242188,2026-08-10T21:03:12.506208+00:00
855.0,0.55,0.57,0.58,8.0,701,0.12671771728515624,call,2026-10-16,SPY,773.0700073242188,2026-08-10T21:03:12.506208+00:00
860.0,0.44,0.45,0.45,14.0,1957,0.1274501318359375,call,2026-10-16,SPY,773.0700073242188,2026-08-10T21:03:12.506208+00:00
865.0,0.35,0.36,0.37,29.0,531,0.12854875366210936,call,2026-10-16,SPY,773.0700073242188,2026-08-10T21:03:12.506208+00:00
870.0,0.28,0.29,0.31,6.0,338,0.1297694445800781,call,2026-10-16,SPY,773.0700073242188,2026-08-10T21:03:12.506208+00:00
875.0,0.23,0.24,0.28,53.0,584,0.13160048095703125,call,2026-10-16,SPY,773.0700073242188,2026-08-10T21:03:12.506208+00:00
880.0,0.19,0.2,0.23,4.0,401,0.1333094482421875,call,2026-10-16,SPY,773.0700073242188,2026-08-10T21:03:12.506208+00:00
885.0,0.16,0.17,0.19,7.0,83,0.1355066918945313,call,2026-10-16,SPY,773.0700073242188,2026-08-10T21:03:12.506208+00:00
890.0,0.14,0.15,0.17,10.0,178,0.1381922119140625,call,2026-10-16,SPY,773.0700073242188,2026-08-10T21:03:12.506208+00:00
895.0,0.12,0.13,0.1,1.0,427,0.14038945556640625,call,2026-10-16,SPY,773.0700073242188,2026-08-10T21:03:12.506208+00:00
900.0,0.1,0.11,0.11,2.0,2400,0.1420984228515625,call,2026-10-16,SPY,773.0700073242188,2026-08-10T21:03:12.506208+00:00
905.0,0.09,0.1,0.1,2.0,65,0.1450280810546875,call,2026-10-16,SPY,773.0700073242188,2026-08-10T21:03:12.506208+00:00
910.0,0.08,0.09,0.09,11.0,329,0.14795773925781253,call,2026-10-16,SPY,773.0700073242188,2026-08-10T21:03:12.506208+00:00
915.0,0.07,0.08,0.05,147.0,840,0.15039912109375003,call,2026-10-16,SPY,773.0700073242188,2026-08-10T21:03:12.506208+00:00
920.0,0.06,0.07,0.06,10.0,187,0.15235222656250003,call,2026-10-16,SPY,773.0700073242188,2026-08-10T21:03:12.506208+00:00
925.0,0.05,0.07,0.07,30.0,90,0.15674671386718753,call,2026-10-16,SPY,773.0700073242188,2026-08-10T21:03:12.506208+00:00
930.0,0.05,0.06,0.16,1.0,371,0.15821154296875,call,2026-10-16,SPY,773.0700073242188,2026-08-10T21:03:12.506208+00:00
935.0,0.05,0.06,0.14,3.0,406,0.16211775390625,call,2026-10-16,SPY,773.0700073242188,2026-08-10T21:03:12.506208+00:00
940.0,0.04,0.05,0.09,4.0,25,0.16309430664062502,call,2026-10-16,SPY,773.0700073242188,2026-08-10T21:03:12.506208+00:00
945.0,0.04,0.05,0.09,9.0,96,0.16700051757812504,call,2026-10-16,SPY,773.0700073242188,2026-08-10T21:03:12.506208+00:00
950.0,0.04,0.05,0.05,20.0,128,0.17090672851562502,call,2026-10-16,SPY,773.0700073242188,2026-08-10T21:03:12.506208+00:00
955.0,0.03,0.04,0.05,500.0,18,0.1713950048828125,call,2026-10-16,SPY,773.0700073242188,2026-08-10T21:03:12.506208+00:00
960.0,0.03,0.04,0.05,32.0,44,0.1753012158203125,call,2026-10-16,SPY,773.0700073242188,2026-08-10T21:03:12.506208+00:00
965.0,0.03,0.04,0.05,1.0,24,0.178719150390625,call,2026-10-16,SPY,773.0700073242188,2026-08-10T21:03:12.506208+00:00
970.0,0.03,0.04,0.04,120.0,30,0.18262536132812499,call,2026-10-16,SPY,773.0700073242188,2026-08-10T21:03:12.506208+00:00
975.0,0.03,0.04,0.04,25.0,554,0.186531572265625,call,2026-10-16,SPY,773.0700073242188,2026-08-10T21:03:12.506208+00:00
980.0,0.02,0.03,0.05,532.0,290,0.18555501953124998,call,2026-10-16,SPY,773.0700073242188,2026-08-10T21:03:12.506208+00:00
985.0,0.02,0.03,0.03,3.0,188,0.188484677734375,call,2026-10-16,SPY,773.0700073242188,2026-08-10T21:03:12.506208+00:00
990.0,0.02,0.03,0.03,8.0,221,0.192390888671875,call,2026-10-16,SPY,773.0700073242188,2026-08-10T21:03:12.506208+00:00
995.0,0.02,0.03,0.03,60.0,71,0.196297099609375,call,2026-10-16,SPY,773.0700073242188,2026-08-10T21:03:12.506208+00:00
1000.0,0.02,0.03,0.03,60.0,1003,0.1992267578125,call,2026-10-16,SPY,773.0700073242188,2026-08-10T21:03:12.506208+00:00
300.0,0.04,0.05,0.04,272.0,3789,0.7148466015625,put,2026-10-16,SPY,773.0700073242188,2026-08-10T21:03:12.506208+00:00
305.0,0.04,0.05,0.04,1.0,196,0.70312796875,put,2026-10-16,SPY,773.0700073242188,2026-08-10T21:03:12.506208+00:00
310.0,0.04,0.05,0.05,80.0,2127,0.6914093359375001,put,2026-10-16,SPY,773.0700073242188,2026-08-10T21:03:12.506208+00:00
315.0,0.04,0.05,0.05,15.0,75,0.6796907031250001,put,2026-10-16,SPY,773.0700073242188,2026-08-10T21:03:12.506208+00:00
320.0,0.05,0.06,0.07,4.0,861,0.6816438085937502,put,2026-10-16,SPY,773.0700073242188,2026-08-10T21:03:12.506208+00:00
325.0,0.05,0.06,0.05,2.0,331,0.6699251757812501,put,2026-10-16,SPY,773.0700073242188,2026-08-10T21:03:12.506208+00:00
330.0,0.05,0.06,0.06,1.0,52,0.65820654296875,put,2026-10-16,SPY,773.0700073242188,2026-08-10T21:03:12.506208+00:00
335.0,0.06,0.07,0.09,1.0,53,0.6562534375000001,put,2026-10-16,SPY,773.0700073242188,2026-08-10T21:03:12.506208+00:00
340.0,0.06,0.07,0.11,5.0,90,0.6455113574218749,put,2026-10-16,SPY,773.0700073242188,2026-08-10T21:03:12.506208+00:00
345.0,0.06,0.07,0.07,1.0,655,0.6347692773437501,put,2026-10-16,SPY,773.0700073242188,2026-08-10T21:03:12.506208+00:00
350.0,0.07,0.08,0.07,2.0,10319,0.631839619140625,put,2026-10-16,SPY,773.0700073242188,2026-08-10T21:03:12.506208+00:00
355.0,0.07,0.08,0.08,120.0,8820,0.6210975390625001,put,2026-10-16,SPY,773.0700073242188,2026-08-10T21:03:12.506208+00:00
360.0,0.08,0.09,0.08,480.0,3499,0.6171913281250001,put,2026-10-16,SPY,773.0700073242188,2026-08-10T21:03:12.506208+00:00
365.0,0.08,0.09,0.08,1.0,1536,0.6074258007812501,put,2026-10-16,SPY,773.0700073242188,2026-08-10T21:03:12.506208+00:00
370.0,0.09,0.1,0.1,15.0,10056,0.6035195898437502,put,2026-10-16,SPY,773.0700073242188,2026-08-10T21:03:12.506208+00:00
375.0,0.09,0.1,0.09,200.0,4055,0.5927775097656252,put,2026-10-16,SPY,773.0700073242188,2026-08-10T21:03:12.506208+00:00
380.0,0.09,0.1,0.1,5.0,898,0.5830119824218749,put,2026-10-16,SPY,773.0700073242188,2026-08-10T21:03:12.506208+00:00
385.0,0.1,0.11,0.11,10.0,255,0.57812921875,put,2026-10-16,SPY,773.0700073242188,2026-08-10T21:03:12.506208+00:00
390.0,0.1,0.11,0.1,245.0,133,0.56836369140625,put,2026-10-16,SPY,773.0700073242188,2026-08-10T21:03:12.506208+00:00
395.0,0.11,0.12,0.12,35.0,161,0.5634809277343751,put,2026-10-16,SPY,773.0700073242188,2026-08-10T21:03:12.506208+00:00
400.0,0.12,0.13,0.12,14.0,21201,0.5576216113281252,put,2026-10-16,SPY,773.0700073242188,2026-08-10T21:03:12.506208+00:00
405.0,0.13,0.14,0.13,15.0,3085,0.5522505712890625,put,2026-10-16,SPY,773.0700073242188,2026-08-10T21:03:12.506208+00:00
410.0,0.14,0.15,0.13,55.0,13358,0.5463912548828126,put,2026-10-16,SPY,773.0700073242188,2026-08-10T21:03:12.506208+00:00
415.0,0.15,0.16,0.15,20.0,1140,0.5400436621093752,put,2026-10-16,SPY,773.0700073242188,2026-08-10T21:03:12.506208+00:00
420.0,0.15,0.16,0.15,30.0,1152,0.5307664111328125,put,2026-10-16,SPY,773.0700073242188,2026-08-10T21:03:12.506208+00:00
425.0,0.16,0.17,0.17,15.0,154618,0.524418818359375,put,2026-10-16,SPY,773.0700073242188,2026-08-10T21:03:12.506208+00:00
430.0,0.17,0.18,0.17,15.0,15056,0.5185595019531251,put,2026-10-16,SPY,773.0700073242188,2026-08-10T21:03:12.506208+00:00
435.0,0.18,0.19,0.18,5.0,99,0.5117236328125,put,2026-10-16,SPY,773.0700073242188,2026-08-10T21:03:12.506208+00:00
440.0,0.19,0.2,0.19,5.0,63,0.5053760400390624,put,2026-10-16,SPY,773.0700073242188,2026-08-10T21:03:12.506208+00:00
445.0,0.2,0.21,0.21,20.0,3249,0.500005,put,2026-10-16,SPY,773.0700073242188,2026-08-10T21:03:12.506208+00:00
450.0,0.21,0.22,0.21,57.0,1236,0.4931691308593751,put,2026-10-16,SPY,773.0700073242188,2026-08-10T21:03:12.506208+00:00
455.0,0.23,0.24,0.25,1.0,2573,0.4887746435546876,put,2026-10-16,SPY,773.0700073242188,2026-08-10T21:03:12.506208+00:00
460.0,0.24,0.25,0.23,4.0,316,0.4819387744140625,put,2026-10-16,SPY,773.0700073242188,2026-08-10T21:03:12.506208+00:00
465.0,0.26,0.27,0.28,65.0,2560,0.476567734375,put,2026-10-16,SPY,773.0700073242188,2026-08-10T21:03:12.506208+00:00
470.0,0.27,0.28,0.27,2.0,212,0.46973186523437505,put,2026-10-16,SPY,773.0700073242188,2026-08-10T21:03:12.506208+00:00
475.0,0.29,0.3,0.29,4.0,174,0.4643608251953125,put,2026-10-16,SPY,773.0700073242188,2026-08-10T21:03:12.506208+00:00
480.0,0.3,0.31,0.3,3.0,6074,0.45703667968750006,put,2026-10-16,SPY,773.0700073242188,2026-08-10T21:03:12.506208+00:00
485.0,0.32,0.33,0.38,4.0,151,0.45117736328125,put,2026-10-16,SPY,773.0700073242188,2026-08-10T21:03:12.506208+00:00
490.0,0.34,0.35,0.33,7.0,58,0.44556218505859374,put,2026-10-16,SPY,773.0700073242188,2026-08-10T21:03:12.506208+00:00
495.0,0.35,0.36,0.36,38.0,187,0.4379939013671875,put,2026-10-16,SPY,773.0700073242188,2026-08-10T21:03:12.506208+00:00
500.0,0.37,0.38,0.37,8.0,3623,0.4321345849609375,put,2026-10-16,SPY,773.0700073242188,2026-08-10T21:03:12.506208+00:00
505.0,0.38,0.39,0.37,113.0,472,0.42456630126953127,put,2026-10-16,SPY,773.0700073242188,2026-08-10T21:03:12.506208+00:00
510.0,0.41,0.42,0.4,1.0,1372,0.41968353759765625,put,2026-10-16,SPY,773.0700073242188,2026-08-10T21:03:12.506208+00:00
515.0,0.44,0.45,0.44,4.0,283,0.4145566357421875,put,2026-10-16,SPY,773.0700073242188,2026-08-10T21:03:12.506208+00:00
520.0,0.46,0.47,0.47,57.0,631,0.40820904296875,put,2026-10-16,SPY,773.0700073242188,2026-08-10T21:03:12.506208+00:00
525.0,0.48,0.49,0.47,3.0,301019,0.40161731201171874,put,2026-10-16,SPY,773.0700073242188,2026-08-10T21:03:12.506208+00:00
530.0,0.51,0.52,0.51,7.0,881,0.39600213378906257,put,2026-10-16,SPY,773.0700073242188,2026-08-10T21:03:12.506208+00:00
535.0,0.54,0.55,0.52,205.0,281,0.39014281738281253,put,2026-10-16,SPY,773.0700073242188,2026-08-10T21:03:12.506208+00:00
540.0,0.57,0.58,0.56,365.0,4293,0.3842835009765625,put,2026-10-16,SPY,773.0700073242188,2026-08-10T21:03:12.506208+00:00
545.0,0.6,0.61,0.58,27.0,439,0.3781800463867187,put,2026-10-16,SPY,773.0700073242188,2026-08-10T21:03:12.506208+00:00
550.0,0.63,0.64,0.63,1549.0,13389,0.372076591796875,put,2026-10-16,SPY,773.0700073242188,2026-08-10T21:03:12.506208+00:00
555.0,0.66,0.68,0.65,112.0,114,0.3667055517578125,put,2026-10-16,SPY,773.0700073242188,2026-08-10T21:03:12.506208+00:00
560.0,0.7,0.71,0.69,72.0,370,0.36023588989257804,put,2026-10-16,SPY,773.0700073242188,2026-08-10T21:03:12.506208+00:00
565.0,0.73,0.74,0.71,1.0,360,0.3537662280273437,put,2026-10-16,SPY,773.0700073242188,2026-08-10T21:03:12.506208+00:00
570.0,0.78,0.79,0.75,27.0,863,0.3485172570800781,put,2026-10-16,SPY,773.0700073242188,2026-08-10T21:03:12.506208+00:00
575.0,0.82,0.84,0.81,4.0,652,0.34314621704101556,put,2026-10-16,SPY,773.0700073242188,2026-08-10T21:03:12.506208+00:00
580.0,0.87,0.88,0.86,769.0,746,0.336920693359375,put,2026-10-16,SPY,773.0700073242188,2026-08-10T21:03:12.506208+00:00
585.0,0.92,0.93,0.9,16.0,1639,0.3311834460449219,put,2026-10-16,SPY,773.0700073242188,2026-08-10T21:03:12.506208+00:00
590.0,0.97,0.99,0.95,22.0,3387,0.32581240600585937,put,2026-10-16,SPY,773.0700073242188,2026-08-10T21:03:12.506208+00:00
595.0,1.03,1.04,0.99,7.0,1595,0.3197089514160155,put,2026-10-16,SPY,773.0700073242188,2026-08-10T21:03:12.506208+00:00
600.0,1.08,1.09,1.07,244.0,11913,0.313483427734375,put,2026-10-16,SPY,773.0700073242188,2026-08-10T21:03:12.506208+00:00
605.0,1.15,1.17,1.31,1.0,2177,0.30847859497070307,put,2026-10-16,SPY,773.0700073242188,2026-08-10T21:03:12.506208+00:00
610.0,1.22,1.23,1.19,16.0,2934,0.3023751403808594,put,2026-10-16,SPY,773.0700073242188,2026-08-10T21:03:12.506208+00:00
615.0,1.29,1.31,1.28,108.0,423,0.29694306579589835,put,2026-10-16,SPY,773.0700073242188,2026-08-10T21:03:12.506208+00:00
620.0,1.37,1.39,1.35,25.0,2898,0.29132788757324213,put,2026-10-16,SPY,773.0700073242188,2026-08-10T21:03:12.506208+00:00
625.0,1.45,1.47,1.43,1059.0,155635,0.2854685711669921,put,2026-10-16,SPY,773.0700073242188,2026-08-10T21:03:12.506208+00:00
630.0,1.55,1.56,1.49,40056.0,1686,0.2797923583984374,put,2026-10-16,SPY,773.0700073242188,2026-08-10T21:03:12.506208+00:00
635.0,1.64,1.66,1.62,88.0,411,0.27417718017578124,put,2026-10-16,SPY,773.0700073242188,2026-08-10T21:03:12.506208+00:00
640.0,1.75,1.77,1.73,29.0,4710,0.26868407104492187,put,2026-10-16,SPY,773.0700073242188,2026-08-10T21:03:12.506208+00:00
645.0,1.86,1.88,1.84,245.0,9133,0.2629468237304688,put,2026-10-16,SPY,773.0700073242188,2026-08-10T21:03:12.506208+00:00
650.0,1.99,2.01,1.99,235.0,18843,0.25751474914550787,put,2026-10-16,SPY,773.0700073242188,2026-08-10T21:03:12.506208+00:00
655.0,2.13,2.15,2.1,26.0,8609,0.2520826745605469,put,2026-10-16,SPY,773.0700073242188,2026-08-10T21:03:12.506208+00:00
660.0,2.27,2.3,2.24,61.0,4824,0.24658956542968752,put,2026-10-16,SPY,773.0700073242188,2026-08-10T21:03:12.506208+00:00
665.0,2.44,2.46,2.41,160.0,1858,0.24100490447998046,put,2026-10-16,SPY,773.0700073242188,2026-08-10T21:03:12.506208+00:00
670.0,2.61,2.64,2.61,58.0,4816,0.2355728298950195,put,2026-10-16,SPY,773.0700073242188,2026-08-10T21:03:12.506208+00:00
675.0,2.81,2.83,2.78,2558.0,4583,0.23001868621826171,put,2026-10-16,SPY,773.0700073242188,2026-08-10T21:03:12.506208+00:00
680.0,3.02,3.04,3.04,901.0,23621,0.22449505981445309,put,2026-10-16,SPY,773.0700073242188,2026-08-10T21:03:12.506208+00:00
685.0,3.25,3.28,3.21,116.0,1285,0.21918505432128904,put,2026-10-16,SPY,773.0700073242188,2026-08-10T21:03:12.506208+00:00
690.0,3.51,3.53,3.5,91.0,7437,0.21363091064453127,put,2026-10-16,SPY,773.0700073242188,2026-08-10T21:03:12.506208+00:00
695.0,3.79,3.82,3.8,30.0,2655,0.20829038787841792,put,2026-10-16,SPY,773.0700073242188,2026-08-10T21:03:12.506208+00:00
700.0,4.1,4.13,4.12,1998.0,20921,0.20282779602050777,put,2026-10-16,SPY,773.0700073242188,2026-08-10T21:03:12.506208+00:00
701.0,4.17,4.2,4.12,4.0,967,0.20182072601318357,put,2026-10-16,SPY,773.0700073242188,2026-08-10T21:03:12.506208+00:00
702.0,4.24,4.27,4.19,117.0,300,0.20075262145996092,put,2026-10-16,SPY,773.0700073242188,2026-08-10T21:03:12.506208+00:00
703.0,4.31,4.34,4.26,10.0,483,0.19968451690673827,put,2026-10-16,SPY,773.0700073242188,2026-08-10T21:03:12.506208+00:00
704.0,4.38,4.41,4.38,12.0,797,0.1985858950805664,put,2026-10-16,SPY,773.0700073242188,2026-08-10T21:03:12.506208+00:00
705.0,4.45,4.48,4.4,264.0,3629,0.19748727325439452,put,2026-10-16,SPY,773.0700073242188,2026-08-10T21:03:12.506208+00:00
706.0,4.52,4.55,4.47,5.0,262,0.1963428755187988,put,2026-10-16,SPY,773.0700073242188,2026-08-10T21:03:12.506208+00:00
707.0,4.6,4.63,4.55,13.0,420,0.195320546875,put,2026-10-16,SPY,773.0700073242188,2026-08-10T21:03:12.506208+00:00
708.0,4.67,4.7,4.62,2.0,323,0.1941608905029297,put,2026-10-16,SPY,773.0700073242188,2026-08-10T21:03:12.506208+00:00
709.0,4.75,4.78,4.7,2.0,759,0.19309278594970702,put,2026-10-16,SPY,773.0700073242188,2026-08-10T21:03:12.506208+00:00
710.0,4.83,4.86,4.77,161.0,12097,0.1920246813964844,put,2026-10-16,SPY,773.0700073242188,2026-08-10T21:03:12.506208+00:00
711.0,4.91,4.94,4.86,213.0,4012,0.19089554229736327,put,2026-10-16,SPY,773.0700073242188,2026-08-10T21:03:12.506208+00:00
712.0,5.0,5.03,4.94,4.0,213,0.1899189895629883,put,2026-10-16,SPY,773.0700073242188,2026-08-10T21:03:12.506208+00:00
713.0,5.08,5.11,5.08,7.0,245,0.18875933319091798,put,2026-10-16,SPY,773.0700073242188,2026-08-10T21:03:12.506208+00:00
714.0,5.17,5.2,5.19,10.0,336,0.1877217459106445,put,2026-10-16,SPY,773.0700073242188,2026-08-10T21:03:12.506208+00:00
715.0,5.26,5.29,5.26,600.0,4478,0.18665364135742188,put,2026-10-16,SPY,773.0700073242188,2026-08-10T21:03:12.506208+00:00
716.0,5.35,5.38,5.29,10.0,462,0.18555501953124998,put,2026-10-16,SPY,773.0700073242188,2026-08-10T21:03:12.506208+00:00
717.0,5.44,5.47,5.21,1.0,176,0.18442588043212887,put,2026-10-16,SPY,773.0700073242188,2026-08-10T21:03:12.506208+00:00
718.0,5.53,5.57,5.48,7.0,898,0.18341881042480468,put,2026-10-16,SPY,773.0700073242188,2026-08-10T21:03:12.506208+00:00
719.0,5.63,5.66,5.38,2.0,128,0.1822438954162598,put,2026-10-16,SPY,773.0700073242188,2026-08-10T21:03:12.506208+00:00
720.0,5.73,5.76,5.73,822.0,10350,0.1811757908630371,put,2026-10-16,SPY,773.0700073242188,2026-08-10T21:03:12.506208+00:00
721.0,5.83,5.86,5.83,16.0,189,0.18007716903686521,put,2026-10-16,SPY,773.0700073242188,2026-08-10T21:03:12.506208+00:00
722.0,5.93,5.97,5.73,211.0,619,0.1790548403930664,put,2026-10-16,SPY,773.0700073242188,2026-08-10T21:03:12.506208+00:00
723.0,6.04,6.08,5.93,50.0,475,0.17801725311279298,put,2026-10-16,SPY,773.0700073242188,2026-08-10T21:03:12.506208+00:00
724.0,6.15,6.19,5.94,3.0,111,0.1769644071960449,put,2026-10-16,SPY,773.0700073242188,2026-08-10T21:03:12.506208+00:00
725.0,6.26,6.3,6.24,89.0,4885,0.1758810440063477,put,2026-10-16,SPY,773.0700073242188,2026-08-10T21:03:12.506208+00:00
726.0,6.38,6.41,6.32,21.0,888,0.17475190490722659,put,2026-10-16,SPY,773.0700073242188,2026-08-10T21:03:12.506208+00:00
727.0,6.49,6.53,6.49,5.0,1440,0.17371431762695314,put,2026-10-16,SPY,773.0700073242188,2026-08-10T21:03:12.506208+00:00
728.0,6.61,6.65,6.56,3.0,1216,0.17264621307373051,put,2026-10-16,SPY,773.0700073242188,2026-08-10T21:03:12.506208+00:00
729.0,6.74,6.77,6.68,41.0,399,0.17154759124755858,put,2026-10-16,SPY,773.0700073242188,2026-08-10T21:03:12.506208+00:00
730.0,6.86,6.9,6.88,285.0,16713,0.17051000396728522,put,2026-10-16,SPY,773.0700073242188,2026-08-10T21:03:12.506208+00:00
731.0,6.99,7.03,6.94,123.0,576,0.16947241668701174,put,2026-10-16,SPY,773.0700073242188,2026-08-10T21:03:12.506208+00:00
732.0,7.13,7.16,7.16,24.0,661,0.16837379486083986,put,2026-10-16,SPY,773.0700073242188,2026-08-10T21:03:12.506208+00:00
733.0,7.26,7.3,7.21,15.0,2440,0.16736672485351564,put,2026-10-16,SPY,773.0700073242188,2026-08-10T21:03:12.506208+00:00
734.0,7.4,7.44,7.37,23.0,365,0.16631387893676763,put,2026-10-16,SPY,773.0700073242188,2026-08-10T21:03:12.506208+00:00
735.0,7.55,7.59,7.58,3895.0,3507,0.1653373262023926,put,2026-10-16,SPY,773.0700073242188,2026-08-10T21:03:12.506208+00:00
736.0,7.7,7.73,7.64,9.0,746,0.16422344573974612,put,2026-10-16,SPY,773.0700073242188,2026-08-10T21:03:12.506208+00:00
737.0,7.85,7.89,7.79,18.0,1208,0.1632621516418457,put,2026-10-16,SPY,773.0700073242188,2026-08-10T21:03:12.506208+00:00
738.0,8.0,8.04,7.95,7.0,2122,0.16217878845214845,put,2026-10-16,SPY,773.0700073242188,2026-08-10T21:03:12.506208+00:00
739.0,8.16,8.2,8.1,378.0,652,0.16115645980834958,put,2026-10-16,SPY,773.0700073242188,2026-08-10T21:03:12.506208+00:00
740.0,8.33,8.37,8.38,723.0,7535,0.16019516571044923,put,2026-10-16,SPY,773.0700073242188,2026-08-10T21:03:12.506208+00:00
741.0,8.5,8.54,8.44,129.0,603,0.159188095703125,put,2026-10-16,SPY,773.0700073242188,2026-08-10T21:03:12.506208+00:00
742.0,8.67,8.71,8.64,33.0,4633,0.15813524978637694,put,2026-10-16,SPY,773.0700073242188,2026-08-10T21:03:12.506208+00:00
743.0,8.85,8.89,8.88,90.0,477,0.15714343841552736,put,2026-10-16,SPY,773.0700073242188,2026-08-10T21:03:12.506208+00:00
744.0,9.03,9.07,9.01,44.0,151,0.15612110977172855,put,2026-10-16,SPY,773.0700073242188,2026-08-10T21:03:12.506208+00:00
745.0,9.22,9.26,9.26,167.0,6088,0.15514455703735353,put,2026-10-16,SPY,773.0700073242188,2026-08-10T21:03:12.506208+00:00
746.0,9.41,9.45,9.35,24.0,358,0.15412222839355472,put,2026-10-16,SPY,773.0700073242188,2026-08-10T21:03:12.506208+00:00
747.0,9.61,9.65,9.68,7.0,343,0.15314567565917972,put,2026-10-16,SPY,773.0700073242188,2026-08-10T21:03:12.506208+00:00
748.0,9.81,9.86,9.75,53.0,257,0.15221489883422856,put,2026-10-16,SPY,773.0700073242188,2026-08-10T21:03:12.506208+00:00
749.0,10.02,10.07,9.88,453.0,242,0.15125360473632815,put,2026-10-16,SPY,773.0700073242188,2026-08-10T21:03:12.506208+00:00
750.0,10.24,10.28,10.25,1751.0,7687,0.15023127609252934,put,2026-10-16,SPY,773.0700073242188,2026-08-10T21:03:12.506208+00:00
751.0,10.46,10.5,10.37,35.0,309,0.14925472335815432,put,2026-10-16,SPY,773.0700073242188,2026-08-10T21:03:12.506208+00:00
752.0,10.69,10.73,10.63,27.0,650,0.14832394653320313,put,2026-10-16,SPY,773.0700073242188,2026-08-10T21:03:12.506208+00:00
753.0,10.92,10.97,10.92,42.0,461,0.14740842834472656,put,2026-10-16,SPY,773.0700073242188,2026-08-10T21:03:12.506208+00:00
754.0,11.16,11.21,11.15,44.0,638,0.14646239288330076,put,2026-10-16,SPY,773.0700073242188,2026-08-10T21:03:12.506208+00:00
755.0,11.41,11.46,11.5,91.0,4174,0.1455468746948242,put,2026-10-16,SPY,773.0700073242188,2026-08-10T21:03:12.506208+00:00
756.0,11.66,11.71,11.6,77.0,315,0.14458558059692384,put,2026-10-16,SPY,773.0700073242188,2026-08-10T21:03:12.506208+00:00
757.0,11.92,11.97,11.86,27.0,214,0.14365480377197265,put,2026-10-16,SPY,773.0700073242188,2026-08-10T21:03:12.506208+00:00
758.0,12.19,12.24,12.12,88.0,154,0.14273928558349608,put,2026-10-16,SPY,773.0700073242188,2026-08-10T21:03:12.506208+00:00
759.0,12.47,12.52,12.4,25.0,276,0.14186954330444335,put,2026-10-16,SPY,773.0700073242188,2026-08-10T21:03:12.506208+00:00
760.0,12.75,12.8,12.88,509.0,2537,0.14093876647949222,put,2026-10-16,SPY,773.0700073242188,2026-08-10T21:03:12.506208+00:00
761.0,13.04,13.09,12.97,14.0,119,0.1400385069274902,put,2026-10-16,SPY,773.0700073242188,2026-08-10T21:03:12.506208+00:00
762.0,13.34,13.39,13.26,12.0,123,0.1391535060119629,put,2026-10-16,SPY,773.0700073242188,2026-08-10T21:03:12.506208+00:00
763.0,13.65,13.7,13.58,35.0,689,0.13828376373291018,put,2026-10-16,SPY,773.0700073242188,2026-08-10T21:03:12.506208+00:00
764.0,13.96,14.01,13.89,27.0,264,0.1373682455444336,put,2026-10-16,SPY,773.0700073242188,2026-08-10T21:03:12.506208+00:00
765.0,14.29,14.34,14.31,406.0,2024,0.13654427917480472,put,2026-10-16,SPY,773.0700073242188,2026-08-10T21:03:12.506208+00:00
766.0,14.62,14.67,14.52,145.0,340,0.13565927825927737,put,2026-10-16,SPY,773.0700073242188,2026-08-10T21:03:12.506208+00:00
767.0,14.96,15.01,14.88,38.0,969,0.13478953598022464,put,2026-10-16,SPY,773.0700073242188,2026-08-10T21:03:12.506208+00:00
768.0,15.31,15.36,15.23,28.0,209,0.13393505233764647,put,2026-10-16,SPY,773.0700073242188,2026-08-10T21:03:12.506208+00:00
769.0,15.66,15.72,15.68,30.0,438,0.13309582733154296,put,2026-10-16,SPY,773.0700073242188,2026-08-10T21:03:12.506208+00:00
770.0,16.03,16.09,16.02,1619.0,4511,0.13227186096191407,put,2026-10-16,SPY,773.0700073242188,2026-08-10T21:03:12.506208+00:00
771.0,16.41,16.46,16.31,13.0,181,0.13138686004638672,put,2026-10-16,SPY,773.0700073242188,2026-08-10T21:03:12.506208+00:00
772.0,16.8,16.85,16.83,159.0,1103,0.1305781523132324,put,2026-10-16,SPY,773.0700073242188,2026-08-10T21:03:12.506208+00:00
773.0,17.19,17.25,17.35,783.0,387,0.12978470321655272,put,2026-10-16,SPY,773.0700073242188,2026-08-10T21:03:12.506208+00:00
774.0,17.6,17.65,17.58,268.0,257,0.1289149609375,put,2026-10-16,SPY,773.0700073242188,2026-08-10T21:03:12.506208+00:00
775.0,18.01,18.07,18.0,519.0,1575,0.1281215118408203,put,2026-10-16,SPY,773.0700073242188,2026-08-10T21:03:12.506208+00:00
776.0,18.44,18.5,18.33,10.0,451,0.12734332138061522,put,2026-10-16,SPY,773.0700073242188,2026-08-10T21:03:12.506208+00:00
777.0,18.88,18.94,18.89,13.0,865,0.12656513092041016,put,2026-10-16,SPY,773.0700073242188,2026-08-10T21:03:12.506208+00:00
778.0,19.32,19.38,19.57,11.0,118,0.12571064727783204,put,2026-10-16,SPY,773.0700073242188,2026-08-10T21:03:12.506208+00:00
779.0,19.78,19.84,19.79,20.0,77,0.12494771545410156,put,2026-10-16,SPY,773.0700073242188,2026-08-10T21:03:12.506208+00:00
780.0,20.25,20.31,20.42,37.0,667,0.1241695249938965,put,2026-10-16,SPY,773.0700073242188,2026-08-10T21:03:12.506208+00:00
781.0,20.73,20.79,20.76,14.0,69,0.12339133453369142,put,2026-10-16,SPY,773.0700073242188,2026-08-10T21:03:12.506208+00:00
782.0,21.22,21.28,20.76,27.0,42,0.12262840270996095,put,2026-10-16,SPY,773.0700073242188,2026-08-10T21:03:12.506208+00:00
783.0,21.72,21.78,21.74,23.0,10,0.12185021224975587,put,2026-10-16,SPY,773.0700073242188,2026-08-10T21:03:12.506208+00:00
784.0,21.95,22.58,22.69,25.0,57,0.12331504135131838,put,2026-10-16,SPY,773.0700073242188,2026-08-10T21:03:12.506208+00:00
785.0,22.46,23.1,22.8,11.0,497,0.1225368508911133,put,2026-10-16,SPY,773.0700073242188,2026-08-10T21:03:12.506208+00:00
787.0,22.84,24.86,23.96,1.0,1,0.12642780319213864,put,2026-10-16,SPY,773.0700073242188,2026-08-10T21:03:12.506208+00:00
789.0,24.66,25.34,24.66,1.0,1,0.11989710678100585,put,2026-10-16,SPY,773.0700073242188,2026-08-10T21:03:12.506208+00:00
790.0,25.24,25.9,25.45,21.0,40,0.11902736450195311,put,2026-10-16,SPY,773.0700073242188,2026-08-10T21:03:12.506208+00:00
791.0,25.09,27.19,28.01,,3,0.124032197265625,put,2026-10-16,SPY,773.0700073242188,2026-08-10T21:03:12.506208+00:00
792.0,25.68,27.8,50.58,,0,0.12345236907958985,put,2026-10-16,SPY,773.0700073242188,2026-08-10T21:03:12.506208+00:00
793.0,26.28,28.42,48.49,4.0,0,0.12288779953002929,put,2026-10-16,SPY,773.0700073242188,2026-08-10T21:03:12.506208+00:00
795.0,27.52,29.7,28.4,1.0,2,0.12181969497680664,put,2026-10-16,SPY,773.0700073242188,2026-08-10T21:03:12.506208+00:00
800.0,30.6,33.74,31.37,52.0,219,0.12528340545654298,put,2026-10-16,SPY,773.0700073242188,2026-08-10T21:03:12.506208+00:00
805.0,33.83,37.34,34.78,1.0,15,0.12314719635009766,put,2026-10-16,SPY,773.0700073242188,2026-08-10T21:03:12.506208+00:00
810.0,37.69,40.96,39.5,1.0,7,0.11890529541015624,put,2026-10-16,SPY,773.0700073242188,2026-08-10T21:03:12.506208+00:00
815.0,41.78,45.3,67.62,6.0,2,0.12064477996826173,put,2026-10-16,SPY,773.0700073242188,2026-08-10T21:03:12.506208+00:00
820.0,46.12,49.64,49.4,3.0,1,0.12088891815185548,put,2026-10-16,SPY,773.0700073242188,2026-08-10T21:03:12.506208+00:00
830.0,0.0,0.0,73.5,6.0,0,1.0000000000000003e-05,put,2026-10-16,SPY,773.0700073242188,2026-08-10T21:03:12.506208+00:00
835.0,60.44,63.96,67.95,1.0,1,0.13459117370605472,put,2026-10-16,SPY,773.0700073242188,2026-08-10T21:03:12.506208+00:00
840.0,65.44,68.95,68.25,,2,0.1419763537597656,put,2026-10-16,SPY,773.0700073242188,2026-08-10T21:03:12.506208+00:00
845.0,70.44,73.95,96.81,1.0,0,0.149422568359375,put,2026-10-16,SPY,773.0700073242188,2026-08-10T21:03:12.506208+00:00
850.0,75.44,78.95,76.27,2.0,2,0.15668567932128907,put,2026-10-16,SPY,773.0700073242188,2026-08-10T21:03:12.506208+00:00
855.0,80.44,83.95,124.98,1.0,0,0.1638877557373047,put,2026-10-16,SPY,773.0700073242188,2026-08-10T21:03:12.506208+00:00
865.0,0.0,0.0,130.29,,0,1.0000000000000003e-05,put,2026-10-16,SPY,773.0700073242188,2026-08-10T21:03:12.506208+00:00
895.0,0.0,0.0,145.67,2.0,0,1.0000000000000003e-05,put,2026-10-16,SPY,773.0700073242188,2026-08-10T21:03:12.506208+00:00
1000.0,259.32,262.51,250.79,,0,0.747469566345215,put,2026-10-16,SPY,773.0700073242188,2026-08-10T21:03:12.506208+00:00
470.0,0.0,0.0,269.45,,0,1.0000000000000003e-05,call,2026-10-30,SPY,773.0700073242188,2026-08-10T21:03:12.506208+00:00
475.0,299.14,302.65,280.94,,15,0.5930216479492189,call,2026-10-30,SPY,773.0700073242188,2026-08-10T21:03:12.506208+00:00
480.0,294.21,297.72,276.16,,1,0.5847819842529296,call,2026-10-30,SPY,773.0700073242188,2026-08-10T21:03:12.506208+00:00
490.0,284.36,287.86,269.8,20.0,60,0.5684247259521484,call,2026-10-30,SPY,773.0700073242188,2026-08-10T21:03:12.506208+00:00
500.0,274.5,278.01,257.14,15.0,0,0.5520064331054688,call,2026-10-30,SPY,773.0700073242188,2026-08-10T21:03:12.506208+00:00
520.0,254.81,258.32,227.68,2.0,8,0.5195360546875,call,2026-10-30,SPY,773.0700073242188,2026-08-10T21:03:12.506208+00:00
530.0,229.04,232.46,212.98,,2,1.0000000000000003e-05,call,2026-10-30,SPY,773.0700073242188,2026-08-10T21:03:12.506208+00:00
550.0,225.33,228.84,226.54,6.0,6,0.5133105310058592,call,2026-10-30,SPY,773.0700073242188,2026-08-10T21:03:12.506208+00:00
555.0,220.43,223.93,195.88,1.0,2,0.5043384527587891,call,2026-10-30,SPY,773.0700073242188,2026-08-10T21:03:12.506208+00:00
560.0,215.52,219.03,217.1,4.0,7,0.4955494781494141,call,2026-10-30,SPY,773.0700073242188,2026-08-10T21:03:12.506208+00:00
565.0,210.62,214.13,183.92,3.0,6,0.48672998626708985,call,2026-10-30,SPY,773.0700073242188,2026-08-10T21:03:12.506208+00:00
570.0,205.73,209.23,207.33,2.0,3,0.4779104943847656,call,2026-10-30,SPY,773.0700073242188,2026-08-10T21:03:12.506208+00:00
575.0,170.15,173.5,171.19,1.0,2,1.0000000000000003e-05,call,2026-10-30,SPY,773.0700073242188,2026-08-10T21:03:12.506208+00:00
585.0,191.06,194.56,151.08,1.0,3,0.4519708123779297,call,2026-10-30,SPY,773.0700073242188,2026-08-10T21:03:12.506208+00:00
590.0,186.18,189.68,157.18,27.0,31,0.4434259759521484,call,2026-10-30,SPY,773.0700073242188,2026-08-10T21:03:12.506208+00:00
595.0,181.3,184.8,182.4,47.0,45,0.4348811395263672,call,2026-10-30,SPY,773.0700073242188,2026-08-10T21:03:12.506208+00:00
600.0,176.42,179.93,177.95,15.0,19,0.4264583721923829,call,2026-10-30,SPY,773.0700073242188,2026-08-10T21:03:12.506208+00:00
605.0,171.56,175.06,143.04,5.0,9,0.4180050875854492,call,2026-10-30,SPY,773.0700073242188,2026-08-10T21:03:12.506208+00:00
610.0,166.7,170.19,166.44,7.0,37,0.4094907684326171,call,2026-10-30,SPY,773.0700073242188,2026-08-10T21:03:12.506208+00:00
615.0,132.07,135.47,145.68,2.0,1,1.0000000000000003e-05,call,2026-10-30,SPY,773.0700073242188,2026-08-10T21:03:12.506208+00:00
620.0,157.0,160.49,139.17,1.0,4,0.3929809237670898,call,2026-10-30,SPY,773.0700073242188,2026-08-10T21:03:12.506208+00:00
625.0,152.15,155.65,138.49,2.0,0,0.38477177734374995,call,2026-10-30,SPY,773.0700073242188,2026-08-10T21:03:12.506208+00:00
630.0,147.32,150.82,144.78,1.0,7,0.37665418273925777,call,2026-10-30,SPY,773.0700073242188,2026-08-10T21:03:12.506208+00:00
635.0,142.5,145.99,148.27,2.0,5,0.36844503631591796,call,2026-10-30,SPY,773.0700073242188,2026-08-10T21:03:12.506208+00:00
640.0,137.68,141.18,143.46,2.0,86,0.3604189935302734,call,2026-10-30,SPY,773.0700073242188,2026-08-10T21:03:12.506208+00:00
641.0,136.77,139.77,117.69,3.0,3238,0.352545537109375,call,2026-10-30,SPY,773.0700073242188,2026-08-10T21:03:12.506208+00:00
642.0,135.81,138.81,105.71,3.0,3,0.35100441482543937,call,2026-10-30,SPY,773.0700073242188,2026-08-10T21:03:12.506208+00:00
646.0,131.92,135.42,118.61,8.0,9,0.35086708709716785,call,2026-10-30,SPY,773.0700073242188,2026-08-10T21:03:12.506208+00:00
649.0,129.05,132.54,124.55,1.0,0,0.3460148406982422,call,2026-10-30,SPY,773.0700073242188,2026-08-10T21:03:12.506208+00:00
650.0,128.09,131.58,129.61,1.0,125,0.3443974252319336,call,2026-10-30,SPY,773.0700073242188,2026-08-10T21:03:12.506208+00:00
651.0,0.0,0.0,120.1,1.0,0,1.0000000000000003e-05,call,2026-10-30,SPY,773.0700073242188,2026-08-10T21:03:12.506208+00:00
652.0,102.54,106.06,91.89,,2,1.0000000000000003e-05,call,2026-10-30,SPY,773.0700073242188,2026-08-10T21:03:12.506208+00:00
654.0,124.27,127.76,121.7,,4,0.3381108670043945,call,2026-10-30,SPY,773.0700073242188,2026-08-10T21:03:12.506208+00:00
655.0,123.35,126.35,124.89,4.0,11,0.33066465240478515,call,2026-10-30,SPY,773.0700073242188,2026-08-10T21:03:12.506208+00:00
658.0,0.0,0.0,99.65,2.0,0,1.0000000000000003e-05,call,2026-10-30,SPY,773.0700073242188,2026-08-10T21:03:12.506208+00:00
659.0,0.0,0.0,109.99,,0,1.0000000000000003e-05,call,2026-10-30,SPY,773.0700073242188,2026-08-10T21:03:12.506208+00:00
660.0,118.55,122.04,116.91,1.0,26,0.3286810296630859,call,2026-10-30,SPY,773.0700073242188,2026-08-10T21:03:12.506208+00:00
661.0,94.72,98.24,94.52,,1,1.0000000000000003e-05,call,2026-10-30,SPY,773.0700073242188,2026-08-10T21:03:12.506208+00:00
662.0,104.82,106.83,99.34,6.0,7,1.0000000000000003e-05,call,2026-10-30,SPY,773.0700073242188,2026-08-10T21:03:12.506208+00:00
664.0,101.09,104.53,86.5,,1,1.0000000000000003e-05,call,2026-10-30,SPY,773.0700073242188,2026-08-10T21:03:12.506208+00:00
665.0,113.8,117.29,88.65,,1,0.3208838664245605,call,2026-10-30,SPY,773.0700073242188,2026-08-10T21:03:12.506208+00:00
666.0,99.26,102.74,93.89,1.0,2,1.0000000000000003e-05,call,2026-10-30,SPY,773.0700073242188,2026-08-10T21:03:12.506208+00:00
668.0,88.71,92.23,88.65,,1,1.0000000000000003e-05,call,2026-10-30,SPY,773.0700073242188,2026-08-10T21:03:12.506208+00:00
669.0,96.53,99.9,78.44,,1,1.0000000000000003e-05,call,2026-10-30,SPY,773.0700073242188,2026-08-10T21:03:12.506208+00:00
670.0,109.07,112.56,110.22,4.0,21,0.31317825500488283,call,2026-10-30,SPY,773.0700073242188,2026-08-10T21:03:12.506208+00:00
671.0,108.13,111.62,81.23,1.0,0,0.31168290863037107,call,2026-10-30,SPY,773.0700073242188,2026-08-10T21:03:12.506208+00:00
672.0,107.18,110.67,109.65,1.0,4,0.3100654931640625,call,2026-10-30,SPY,773.0700073242188,2026-08-10T21:03:12.506208+00:00
673.0,106.24,109.73,77.92,29.0,29,0.30857014678955075,call,2026-10-30,SPY,773.0700073242188,2026-08-10T21:03:12.506208+00:00
674.0,105.3,108.79,98.38,1.0,3,0.30704428314208976,call,2026-10-30,SPY,773.0700073242188,2026-08-10T21:03:12.506208+00:00
675.0,104.36,107.85,106.12,1.0,12,0.3055336781311035,call,2026-10-30,SPY,773.0700073242188,2026-08-10T21:03:12.506208+00:00
677.0,102.48,105.97,103.49,3.0,2,0.302466692199707,call,2026-10-30,SPY,773.0700073242188,2026-08-10T21:03:12.506208+00:00
678.0,0.0,0.0,90.57,1.0,0,1.0000000000000003e-05,call,2026-10-30,SPY,773.0700073242188,2026-08-10T21:03:12.506208+00:00
680.0,99.67,103.16,103.16,3.0,37,0.2979501358032226,call,2026-10-30,SPY,773.0700073242188,2026-08-10T21:03:12.506208+00:00
681.0,98.73,102.22,100.65,32.0,16,0.2963784962463379,call,2026-10-30,SPY,773.0700073242188,2026-08-10T21:03:12.506208+00:00
682.0,0.0,0.0,78.91,1.0,0,1.0000000000000003e-05,call,2026-10-30,SPY,773.0700073242188,2026-08-10T21:03:12.506208+00:00
683.0,70.37,73.76,74.02,3.0,0,1.0000000000000003e-05,call,2026-10-30,SPY,773.0700073242188,2026-08-10T21:03:12.506208+00:00
684.0,85.46,87.5,87.19,,1,1.0000000000000003e-05,call,2026-10-30,SPY,773.0700073242188,2026-08-10T21:03:12.506208+00:00
685.0,95.0,98.49,97.0,2.0,11,0.29038185211181633,call,2026-10-30,SPY,773.0700073242188,2026-08-10T21:03:12.506208+00:00
686.0,94.07,97.56,69.87,1.0,17,0.28888650573730457,call,2026-10-30,SPY,773.0700073242188,2026-08-10T21:03:12.506208+00:00
687.0,93.14,96.63,95.62,1.0,0,0.2873911593627929,call,2026-10-30,SPY,773.0700073242188,2026-08-10T21:03:12.506208+00:00
688.0,92.21,95.7,93.72,608.0,69,0.28586529571533204,call,2026-10-30,SPY,773.0700073242188,2026-08-10T21:03:12.506208+00:00
689.0,91.28,94.77,92.73,1029.0,35,0.28433943206787105,call,2026-10-30,SPY,773.0700073242188,2026-08-10T21:03:12.506208+00:00
690.0,90.35,93.84,94.07,4.0,651,0.28281356842041017,call,2026-10-30,SPY,773.0700073242188,2026-08-10T21:03:12.506208+00:00
691.0,89.43,92.92,87.19,1.0,1,0.28137925659179686,call,2026-10-30,SPY,773.0700073242188,2026-08-10T21:03:12.506208+00:00
692.0,88.5,91.99,89.47,2.0,141,0.27983813430786125,call,2026-10-30,SPY,773.0700073242188,2026-08-10T21:03:12.506208+00:00
693.0,87.58,91.07,89.04,423.0,83,0.27838856384277344,call,2026-10-30,SPY,773.0700073242188,2026-08-10T21:03:12.506208+00:00
694.0,77.0,80.21,76.0,1.0,26,0.14267825103759768,call,2026-10-30,SPY,773.0700073242188,2026-08-10T21:03:12.506208+00:00
695.0,85.74,89.23,87.72,418.0,209,0.27545890563964837,call,2026-10-30,SPY,773.0700073242188,2026-08-10T21:03:12.506208+00:00
696.0,84.82,88.31,83.79,3.0,25,0.2739635592651367,call,2026-10-30,SPY,773.0700073242188,2026-08-10T21:03:12.506208+00:00
697.0,83.9,87.39,63.91,1.0,4,0.27246821289062495,call,2026-10-30,SPY,773.0700073242188,2026-08-10T21:03:12.506208+00:00
698.0,82.99,86.47,84.82,235.0,90,0.2709728665161133,call,2026-10-30,SPY,773.0700073242188,2026-08-10T21:03:12.506208+00:00
699.0,82.07,85.56,85.5,1.0,45,0.2695538133239746,call,2026-10-30,SPY,773.0700073242188,2026-08-10T21:03:12.506208+00:00
700.0,81.15,84.64,83.22,196.0,664,0.2680279496765136,call,2026-10-30,SPY,773.0700073242188,2026-08-10T21:03:12.506208+00:00
701.0,80.24,83.73,81.56,1.0,0,0.2665936378479004,call,2026-10-30,SPY,773.0700073242188,2026-08-10T21:03:12.506208+00:00
702.0,0.0,0.0,60.07,1.0,0,1.0000000000000003e-05,call,2026-10-30,SPY,773.0700073242188,2026-08-10T21:03:12.506208+00:00
703.0,78.42,81.91,65.99,3.0,4,0.26367923828125,call,2026-10-30,SPY,773.0700073242188,2026-08-10T21:03:12.506208+00:00
704.0,77.51,81.0,61.5,24.0,30,0.2622144091796875,call,2026-10-30,SPY,773.0700073242188,2026-08-10T21:03:12.506208+00:00
705.0,76.6,80.09,77.87,2.0,46,0.2607343214416504,call,2026-10-30,SPY,773.0700073242188,2026-08-10T21:03:12.506208+00:00
706.0,0.0,0.0,73.77,,0,1.0000000000000003e-05,call,2026-10-30,SPY,773.0700073242188,2026-08-10T21:03:12.506208+00:00
707.0,0.0,0.0,65.13,5.0,0,1.0000000000000003e-05,call,2026-10-30,SPY,773.0700073242188,2026-08-10T21:03:12.506208+00:00
708.0,73.88,77.37,75.43,2.0,15,0.25630931686401365,call,2026-10-30,SPY,773.0700073242188,2026-08-10T21:03:12.506208+00:00
709.0,72.98,76.47,60.9,2.0,2,0.25485974639892583,call,2026-10-30,SPY,773.0700073242188,2026-08-10T21:03:12.506208+00:00
710.0,72.08,75.48,74.86,1.0,803,0.252586209564209,call,2026-10-30,SPY,773.0700073242188,2026-08-10T21:03:12.506208+00:00
711.0,71.19,74.68,73.16,2.0,96,0.25205215728759767,call,2026-10-30,SPY,773.0700073242188,2026-08-10T21:03:12.506208+00:00
712.0,70.29,73.78,68.38,10.0,33,0.2505720695495605,call,2026-10-30,SPY,773.0700073242188,2026-08-10T21:03:12.506208+00:00
713.0,69.4,72.89,67.52,10.0,20,0.2491682749938965,call,2026-10-30,SPY,773.0700073242188,2026-08-10T21:03:12.506208+00:00
714.0,44.88,48.39,56.7,28.0,24,1.0000000000000003e-05,call,2026-10-30,SPY,773.0700073242188,2026-08-10T21:03:12.506208+00:00
715.0,67.62,71.11,68.34,2.0,987,0.24633016860961915,call,2026-10-30,SPY,773.0700073242188,2026-08-10T21:03:12.506208+00:00
716.0,66.73,70.05,40.36,36.0,13,0.24338525177001952,call,2026-10-30,SPY,773.0700073242188,2026-08-10T21:03:12.506208+00:00
717.0,65.84,69.34,49.93,13.0,21,0.24352257949829104,call,2026-10-30,SPY,773.0700073242188,2026-08-10T21:03:12.506208+00:00
718.0,64.96,68.45,51.41,1.0,19,0.2420577503967285,call,2026-10-30,SPY,773.0700073242188,2026-08-10T21:03:12.506208+00:00
719.0,64.08,67.4,40.39,1.0,104,0.23917386810302732,call,2026-10-30,SPY,773.0700073242188,2026-08-10T21:03:12.506208+00:00
720.0,63.2,66.69,64.88,1.0,928,0.2392501612854004,call,2026-10-30,SPY,773.0700073242188,2026-08-10T21:03:12.506208+00:00
721.0,62.32,65.81,38.92,1.0,3,0.23781584945678708,call,2026-10-30,SPY,773.0700073242188,2026-08-10T21:03:12.506208+00:00
722.0,61.44,64.94,62.97,2.0,40,0.23645783081054686,call,2026-10-30,SPY,773.0700073242188,2026-08-10T21:03:12.506208+00:00
723.0,60.57,63.95,66.17,2.0,20,0.23407748352050778,call,2026-10-30,SPY,773.0700073242188,2026-08-10T21:03:12.506208+00:00
724.0,59.7,63.2,61.91,1.0,47,0.23369601760864256,call,2026-10-30,SPY,773.0700073242188,2026-08-10T21:03:12.506208+00:00
725.0,58.83,62.33,60.73,6.0,523,0.23229222305297853,call,2026-10-30,SPY,773.0700073242188,2026-08-10T21:03:12.506208+00:00
726.0,57.97,61.47,57.11,16.0,77,0.2309494630432129,call,2026-10-30,SPY,773.0700073242188,2026-08-10T21:03:12.506208+00:00
727.0,57.1,60.61,36.68,2.0,51,0.22959144439697265,call,2026-10-30,SPY,773.0700073242188,2026-08-10T21:03:12.506208+00:00
728.0,56.25,59.75,57.55,3.0,263,0.2282181671142578,call,2026-10-30,SPY,773.0700073242188,2026-08-10T21:03:12.506208+00:00
729.0,55.39,58.89,33.51,1.0,87,0.2268143725585937,call,2026-10-30,SPY,773.0700073242188,2026-08-10T21:03:12.506208+00:00
730.0,54.54,58.04,57.24,1.0,871,0.2254868711853027,call,2026-10-30,SPY,773.0700073242188,2026-08-10T21:03:12.506208+00:00
731.0,53.69,57.2,43.02,42.0,87,0.22422040435791013,call,2026-10-30,SPY,773.0700073242188,2026-08-10T21:03:12.506208+00:00
732.0,52.84,56.35,42.83,14.0,73,0.22284712707519527,call,2026-10-30,SPY,773.0700073242188,2026-08-10T21:03:12.506208+00:00
733.0,52.0,55.51,58.21,2.0,66,0.22153488433837887,call,2026-10-30,SPY,773.0700073242188,2026-08-10T21:03:12.506208+00:00
734.0,51.16,54.67,27.85,3.0,38,0.22020738296508785,call,2026-10-30,SPY,773.0700073242188,2026-08-10T21:03:12.506208+00:00
735.0,50.32,53.83,52.0,40.0,238,0.21886462295532227,call,2026-10-30,SPY,773.0700073242188,2026-08-10T21:03:12.506208+00:00
736.0,49.49,53.0,55.35,1.0,50,0.21756763885498048,call,2026-10-30,SPY,773.0700073242188,2026-08-10T21:03:12.506208+00:00
737.0,48.66,52.17,39.1,2.0,97,0.21625539611816402,call,2026-10-30,SPY,773.0700073242188,2026-08-10T21:03:12.506208+00:00
738.0,47.84,51.35,53.23,1.0,142,0.21500418792724607,call,2026-10-30,SPY,773.0700073242188,2026-08-10T21:03:12.506208+00:00
739.0,47.01,50.52,48.53,1.0,196,0.21364616928100588,call,2026-10-30,SPY,773.0700073242188,2026-08-10T21:03:12.506208+00:00
740.0,46.77,49.41,48.23,7.0,1739,0.21010616561889645,call,2026-10-30,SPY,773.0700073242188,2026-08-10T21:03:12.506208+00:00
741.0,45.38,48.89,48.0,7.0,163,0.21109797698974608,call,2026-10-30,SPY,773.0700073242188,2026-08-10T21:03:12.506208+00:00
742.0,45.11,47.71,48.92,4.0,326,0.20700866241455074,call,2026-10-30,SPY,773.0700073242188,2026-08-10T21:03:12.506208+00:00
743.0,43.77,47.28,45.09,10.0,1064,0.20861081924438474,call,2026-10-30,SPY,773.0700073242188,2026-08-10T21:03:12.506208+00:00
744.0,42.97,46.48,44.82,1.0,252,0.20735961105346679,call,2026-10-30,SPY,773.0700073242188,2026-08-10T21:03:12.506208+00:00
745.0,42.17,45.69,43.53,2.0,984,0.20616943740844723,call,2026-10-30,SPY,773.0700073242188,2026-08-10T21:03:12.506208+00:00
746.0,41.38,44.01,43.44,30.0,276,0.1982959809875488,call,2026-10-30,SPY,773.0700073242188,2026-08-10T21:03:12.506208+00:00
747.0,41.3,44.09,38.37,2.0,12,0.20356021057128904,call,2026-10-30,SPY,773.0700073242188,2026-08-10T21:03:12.506208+00:00
748.0,40.27,43.0,40.86,1.0,25,0.2000659828186035,call,2026-10-30,SPY,773.0700073242188,2026-08-10T21:03:12.506208+00:00
749.0,39.04,42.55,43.46,17.0,362,0.20128667373657227,call,2026-10-30,SPY,773.0700073242188,2026-08-10T21:03:12.506208+00:00
750.0,38.27,41.23,40.26,2.0,2481,0.1960834786987305,call,2026-10-30,SPY,773.0700073242188,2026-08-10T21:03:12.506208+00:00
751.0,37.5,41.01,36.63,5.0,67,0.19890632644653317,call,2026-10-30,SPY,773.0700073242188,2026-08-10T21:03:12.506208+00:00
752.0,36.74,40.25,36.0,1.0,182,0.1977466700744629,call,2026-10-30,SPY,773.0700073242188,2026-08-10T21:03:12.506208+00:00
753.0,35.98,39.5,37.45,4.0,8,0.1966175309753418,call,2026-10-30,SPY,773.0700073242188,2026-08-10T21:03:12.506208+00:00
754.0,35.23,38.75,31.14,2.0,119,0.19547313323974608,call,2026-10-30,SPY,773.0700073242188,2026-08-10T21:03:12.506208+00:00
755.0,34.49,38.01,36.5,16.0,635,0.1943592527770996,call,2026-10-30,SPY,773.0700073242188,2026-08-10T21:03:12.506208+00:00
756.0,33.75,37.27,34.25,4.0,32,0.19323011367797854,call,2026-10-30,SPY,773.0700073242188,2026-08-10T21:03:12.506208+00:00
757.0,33.72,36.54,34.17,1.0,167,0.19213149185180667,call,2026-10-30,SPY,773.0700073242188,2026-08-10T21:03:12.506208+00:00
758.0,32.29,35.81,31.41,4.0,16,0.19100235275268557,call,2026-10-30,SPY,773.0700073242188,2026-08-10T21:03:12.506208+00:00
759.0,31.57,35.09,31.22,1.0,68,0.1899037309265137,call,2026-10-30,SPY,773.0700073242188,2026-08-10T21:03:12.506208+00:00
760.0,31.38,32.8,32.58,22.0,3542,0.1777273390197754,call,2026-10-30,SPY,773.0700073242188,2026-08-10T21:03:12.506208+00:00
761.0,30.15,33.67,31.58,3.0,192,0.18776752182006834,call,2026-10-30,SPY,773.0700073242188,2026-08-10T21:03:12.506208+00:00
762.0,29.45,32.97,31.52,10.0,142,0.1867146759033203,call,2026-10-30,SPY,773.0700073242188,2026-08-10T21:03:12.506208+00:00
763.0,29.1,32.28,30.53,2.0,15,0.18570760589599605,call,2026-10-30,SPY,773.0700073242188,2026-08-10T21:03:12.506208+00:00
764.0,28.41,31.32,29.75,13.0,10,0.1827779476928711,call,2026-10-30,SPY,773.0700073242188,2026-08-10T21:03:12.506208+00:00
765.0,27.67,29.32,29.09,15.0,813,0.17260043716430667,call,2026-10-30,SPY,773.0700073242188,2026-08-10T21:03:12.506208+00:00
766.0,26.72,30.24,28.35,1.0,67,0.18264061996459957,call,2026-10-30,SPY,773.0700073242188,2026-08-10T21:03:12.506208+00:00
767.0,26.05,29.57,28.07,10.0,22,0.18161829132080076,call,2026-10-30,SPY,773.0700073242188,2026-08-10T21:03:12.506208+00:00
768.0,25.4,28.92,28.2,4.0,88,0.1807027731323242,call,2026-10-30,SPY,773.0700073242188,2026-08-10T21:03:12.506208+00:00
769.0,24.75,28.27,25.82,54.0,148,0.17974147903442383,call,2026-10-30,SPY,773.0700073242188,2026-08-10T21:03:12.506208+00:00
770.0,24.6,26.03,25.91,62.0,3405,0.16782448394775396,call,2026-10-30,SPY,773.0700073242188,2026-08-10T21:03:12.506208+00:00
771.0,24.24,26.21,25.59,2.0,189,0.1724936267089844,call,2026-10-30,SPY,773.0700073242188,2026-08-10T21:03:12.506208+00:00
772.0,23.61,25.58,24.54,22.0,43,0.1715552205657959,call,2026-10-30,SPY,773.0700073242188,2026-08-10T21:03:12.506208+00:00
773.0,23.0,24.02,24.0,52.0,61,0.1642081871032715,call,2026-10-30,SPY,773.0700073242188,2026-08-10T21:03:12.506208+00:00
774.0,23.36,23.41,23.08,145.0,22,0.16333081550598147,call,2026-10-30,SPY,773.0700073242188,2026-08-10T21:03:12.506208+00:00
775.0,22.75,22.8,22.63,95.0,5040,0.1624076679992676,call,2026-10-30,SPY,773.0700073242188,2026-08-10T21:03:12.506208+00:00
776.0,22.16,22.21,22.29,9.0,35,0.16156844299316403,call,2026-10-30,SPY,773.0700073242188,2026-08-10T21:03:12.506208+00:00
777.0,21.57,21.62,21.75,3.0,269,0.16069870071411135,call,2026-10-30,SPY,773.0700073242188,2026-08-10T21:03:12.506208+00:00
778.0,20.99,21.04,21.21,12.0,767,0.15983658775329587,call,2026-10-30,SPY,773.0700073242188,2026-08-10T21:03:12.506208+00:00
779.0,20.42,20.47,19.39,46.0,86,0.1590049920654297,call,2026-10-30,SPY,773.0700073242188,2026-08-10T21:03:12.506208+00:00
780.0,19.86,19.91,19.99,177.0,5432,0.15818102569580078,call,2026-10-30,SPY,773.0700073242188,2026-08-10T21:03:12.506208+00:00
781.0,19.31,19.36,19.66,122.0,259,0.15738757659912112,call,2026-10-30,SPY,773.0700073242188,2026-08-10T21:03:12.506208+00:00
782.0,18.77,18.82,18.58,23.0,128,0.15660938613891606,call,2026-10-30,SPY,773.0700073242188,2026-08-10T21:03:12.506208+00:00
783.0,18.23,18.28,18.48,10.0,20754,0.15578541976928711,call,2026-10-30,SPY,773.0700073242188,2026-08-10T21:03:12.506208+00:00
784.0,17.71,17.76,17.7,1.0,15,0.1550530052185059,call,2026-10-30,SPY,773.0700073242188,2026-08-10T21:03:12.506208+00:00
785.0,17.2,17.24,17.97,52.0,5256,0.15425955612182618,call,2026-10-30,SPY,773.0700073242188,2026-08-10T21:03:12.506208+00:00
786.0,16.69,16.74,16.82,3.0,51,0.15355765884399414,call,2026-10-30,SPY,773.0700073242188,2026-08-10T21:03:12.506208+00:00
787.0,16.19,16.24,16.09,21.0,31,0.1528099856567383,call,2026-10-30,SPY,773.0700073242188,2026-08-10T21:03:12.506208+00:00
788.0,15.71,15.75,17.43,,48,0.15206994178771974,call,2026-10-30,SPY,773.0700073242188,2026-08-10T21:03:12.506208+00:00
789.0,15.23,15.28,15.08,4.0,230,0.15142144973754884,call,2026-10-30,SPY,773.0700073242188,2026-08-10T21:03:12.506208+00:00
790.0,14.76,14.81,14.97,48.0,5962,0.15071955245971685,call,2026-10-30,SPY,773.0700073242188,2026-08-10T21:03:12.506208+00:00
791.0,14.3,14.35,14.48,4.0,26,0.1500329138183594,call,2026-10-30,SPY,773.0700073242188,2026-08-10T21:03:12.506208+00:00
792.0,13.85,13.9,13.79,1.0,27,0.14936153381347655,call,2026-10-30,SPY,773.0700073242188,2026-08-10T21:03:12.506208+00:00
793.0,13.41,13.46,11.96,1.0,160,0.14870541244506835,call,2026-10-30,SPY,773.0700073242188,2026-08-10T21:03:12.506208+00:00
794.0,12.98,13.02,12.59,1.0,147,0.14800351516723637,call,2026-10-30,SPY,773.0700073242188,2026-08-10T21:03:12.506208+00:00
795.0,12.56,12.6,12.95,3.0,275,0.14737791107177733,call,2026-10-30,SPY,773.0700073242188,2026-08-10T21:03:12.506208+00:00
796.0,12.15,12.19,12.07,51.0,111,0.14678282424926758,call,2026-10-30,SPY,773.0700073242188,2026-08-10T21:03:12.506208+00:00
797.0,11.74,11.79,11.46,3.0,1736,0.1462029960632324,call,2026-10-30,SPY,773.0700073242188,2026-08-10T21:03:12.506208+00:00
798.0,11.35,11.39,11.56,104.0,51,0.1455468746948242,call,2026-10-30,SPY,773.0700073242188,2026-08-10T21:03:12.506208+00:00
799.0,10.96,11.01,10.96,53.0,50,0.14499756378173828,call,2026-10-30,SPY,773.0700073242188,2026-08-10T21:03:12.506208+00:00
800.0,10.59,10.63,10.6,163.0,5974,0.14438721832275392,call,2026-10-30,SPY,773.0700073242188,2026-08-10T21:03:12.506208+00:00
801.0,10.22,10.27,9.97,136.0,524,0.1438836833190918,call,2026-10-30,SPY,773.0700073242188,2026-08-10T21:03:12.506208+00:00
802.0,9.87,9.91,10.1,1.0,388,0.14330385513305666,call,2026-10-30,SPY,773.0700073242188,2026-08-10T21:03:12.506208+00:00
803.0,9.52,9.56,8.17,5.0,2242,0.1427545442199707,call,2026-10-30,SPY,773.0700073242188,2026-08-10T21:03:12.506208+00:00
804.0,9.18,9.22,8.88,410.0,721,0.14222049194335937,call,2026-10-30,SPY,773.0700073242188,2026-08-10T21:03:12.506208+00:00
805.0,8.85,8.89,8.77,9.0,859,0.14170169830322266,call,2026-10-30,SPY,773.0700073242188,2026-08-10T21:03:12.506208+00:00
806.0,8.53,8.57,8.3,3.0,292,0.1412134219360352,call,2026-10-30,SPY,773.0700073242188,2026-08-10T21:03:12.506208+00:00
807.0,8.22,8.26,8.42,258.0,668,0.1407404042053223,call,2026-10-30,SPY,773.0700073242188,2026-08-10T21:03:12.506208+00:00
808.0,7.91,7.95,7.6,8.0,1031,0.14020635192871095,call,2026-10-30,SPY,773.0700073242188,2026-08-10T21:03:12.506208+00:00
809.0,7.62,7.66,7.62,4.0,264,0.1397791101074219,call,2026-10-30,SPY,773.0700073242188,2026-08-10T21:03:12.506208+00:00
810.0,7.33,7.37,7.35,9.0,2565,0.1392908337402344,call,2026-10-30,SPY,773.0700073242188,2026-08-10T21:03:12.506208+00:00
811.0,7.05,7.09,6.77,2.0,1,0.13881781600952148,call,2026-10-30,SPY,773.0700073242188,2026-08-10T21:03:12.506208+00:00
812.0,6.78,6.82,5.97,6.0,14,0.1383753155517578,call,2026-10-30,SPY,773.0700073242188,2026-08-10T21:03:12.506208+00:00
813.0,6.52,6.56,6.78,,48,0.13797859100341797,call,2026-10-30,SPY,773.0700073242188,2026-08-10T21:03:12.506208+00:00
814.0,6.27,6.31,6.07,1.0,37,0.13759712509155275,call,2026-10-30,SPY,773.0700073242188,2026-08-10T21:03:12.506208+00:00
815.0,6.02,6.06,6.11,18.0,444,0.13715462463378908,call,2026-10-30,SPY,773.0700073242188,2026-08-10T21:03:12.506208+00:00
816.0,5.78,5.82,5.49,82.0,104,0.13674264144897463,call,2026-10-30,SPY,773.0700073242188,2026-08-10T21:03:12.506208+00:00
817.0,5.55,5.59,6.93,5.0,7,0.13636117553710939,call,2026-10-30,SPY,773.0700073242188,2026-08-10T21:03:12.506208+00:00
818.0,5.33,5.37,5.61,1.0,47,0.13601022689819336,call,2026-10-30,SPY,773.0700073242188,2026-08-10T21:03:12.506208+00:00
819.0,5.11,5.15,5.32,5.0,149,0.13561350234985353,call,2026-10-30,SPY,773.0700073242188,2026-08-10T21:03:12.506208+00:00
820.0,4.91,4.94,5.0,447.0,574,0.1352320364379883,call,2026-10-30,SPY,773.0700073242188,2026-08-10T21:03:12.506208+00:00
821.0,4.71,4.74,4.73,1.0,46,0.1349116050720215,call,2026-10-30,SPY,773.0700073242188,2026-08-10T21:03:12.506208+00:00
822.0,4.51,4.55,4.98,5.0,30,0.13462169097900395,call,2026-10-30,SPY,773.0700073242188,2026-08-10T21:03:12.506208+00:00
823.0,4.32,4.36,5.05,3.0,28,0.13428600097656251,call,2026-10-30,SPY,773.0700073242188,2026-08-10T21:03:12.506208+00:00
824.0,4.14,4.18,4.29,1.0,23,0.1339808282470703,call,2026-10-30,SPY,773.0700073242188,2026-08-10T21:03:12.506208+00:00
825.0,3.97,4.01,4.07,3.0,159,0.13373669006347655,call,2026-10-30,SPY,773.0700073242188,2026-08-10T21:03:12.506208+00:00
826.0,3.8,3.84,3.81,1.0,28,0.13341625869750978,call,2026-10-30,SPY,773.0700073242188,2026-08-10T21:03:12.506208+00:00
827.0,3.64,3.68,3.65,1.0,69,0.1331568618774414,call,2026-10-30,SPY,773.0700073242188,2026-08-10T21:03:12.506208+00:00
828.0,3.48,3.52,1.91,,26,0.1328516891479492,call,2026-10-30,SPY,773.0700073242188,2026-08-10T21:03:12.506208+00:00
829.0,3.34,3.37,3.82,15.0,17,0.13257703369140628,call,2026-10-30,SPY,773.0700073242188,2026-08-10T21:03:12.506208+00:00
830.0,3.19,3.23,3.21,20.0,376,0.13239393005371097,call,2026-10-30,SPY,773.0700073242188,2026-08-10T21:03:12.506208+00:00
831.0,3.05,3.09,3.23,,2,0.13214979187011722,call,2026-10-30,SPY,773.0700073242188,2026-08-10T21:03:12.506208+00:00
832.0,2.92,2.96,3.07,2.0,19,0.1319514295959473,call,2026-10-30,SPY,773.0700073242188,2026-08-10T21:03:12.506208+00:00
833.0,2.79,2.83,2.94,96.0,39,0.13172255004882813,call,2026-10-30,SPY,773.0700073242188,2026-08-10T21:03:12.506208+00:00
834.0,2.67,2.7,2.89,4.0,14,0.13141737731933595,call,2026-10-30,SPY,773.0700073242188,2026-08-10T21:03:12.506208+00:00
835.0,2.55,2.59,2.76,7.0,305,0.13132582550048827,call,2026-10-30,SPY,773.0700073242188,2026-08-10T21:03:12.506208+00:00
840.0,2.04,2.07,2.09,6.0,298,0.13050185913085935,call,2026-10-30,SPY,773.0700073242188,2026-08-10T21:03:12.506208+00:00
845.0,1.62,1.65,1.62,3.0,315,0.12992203094482419,call,2026-10-30,SPY,773.0700073242188,2026-08-10T21:03:12.506208+00:00
850.0,1.29,1.32,1.32,18.0,1874,0.12967789276123048,call,2026-10-30,SPY,773.0700073242188,2026-08-10T21:03:12.506208+00:00
855.0,1.03,1.05,1.17,15.0,262,0.12949478912353518,call,2026-10-30,SPY,773.0700073242188,2026-08-10T21:03:12.506208+00:00
860.0,0.82,0.84,0.9,2.0,1422,0.1295863409423828,call,2026-10-30,SPY,773.0700073242188,2026-08-10T21:03:12.506208+00:00
865.0,0.66,0.68,0.73,1.0,763,0.13013565185546871,call,2026-10-30,SPY,773.0700073242188,2026-08-10T21:03:12.506208+00:00
870.0,0.53,0.55,0.56,5.0,468,0.13068496276855468,call,2026-10-30,SPY,773.0700073242188,2026-08-10T21:03:12.506208+00:00
875.0,0.43,0.45,0.49,7.0,312,0.13147841186523437,call,2026-10-30,SPY,773.0700073242188,2026-08-10T21:03:12.506208+00:00
880.0,0.36,0.37,0.39,30.0,693,0.1324549645996094,call,2026-10-30,SPY,773.0700073242188,2026-08-10T21:03:12.506208+00:00
885.0,0.3,0.31,0.31,3.0,277,0.133797724609375,call,2026-10-30,SPY,773.0700073242188,2026-08-10T21:03:12.506208+00:00
890.0,0.25,0.26,0.26,7.0,218,0.13514048461914066,call,2026-10-30,SPY,773.0700073242188,2026-08-10T21:03:12.506208+00:00
895.0,0.21,0.22,0.27,2.0,63,0.13660531372070314,call,2026-10-30,SPY,773.0700073242188,2026-08-10T21:03:12.506208+00:00
900.0,0.18,0.19,0.17,22.0,1460,0.13843635009765626,call,2026-10-30,SPY,773.0700073242188,2026-08-10T21:03:12.506208+00:00
470.0,0.41,0.42,0.39,10.0,663,0.44922425781249997,put,2026-10-30,SPY,773.0700073242188,2026-08-10T21:03:12.506208+00:00
475.0,0.43,0.44,0.75,2.0,199,0.44336494140625,put,2026-10-30,SPY,773.0700073242188,2026-08-10T21:03:12.506208+00:00
480.0,0.45,0.47,0.56,17.0,463,0.4382380395507813,put,2026-10-30,SPY,773.0700073242188,2026-08-10T21:03:12.506208+00:00
485.0,0.48,0.49,0.5,9.0,39,0.4321345849609375,put,2026-10-30,SPY,773.0700073242188,2026-08-10T21:03:12.506208+00:00
490.0,0.5,0.51,0.51,93.0,221,0.42578699218750005,put,2026-10-30,SPY,773.0700073242188,2026-08-10T21:03:12.506208+00:00
495.0,0.52,0.54,0.67,105.0,160,0.4204159521484375,put,2026-10-30,SPY,773.0700073242188,2026-08-10T21:03:12.506208+00:00
500.0,0.55,0.56,0.55,608.0,580,0.414068359375,put,2026-10-30,SPY,773.0700073242188,2026-08-10T21:03:12.506208+00:00
505.0,0.58,0.59,0.61,1.0,101,0.40845318115234375,put,2026-10-30,SPY,773.0700073242188,2026-08-10T21:03:12.506208+00:00
510.0,0.61,0.62,0.58,1.0,737,0.4028380029296875,put,2026-10-30,SPY,773.0700073242188,2026-08-10T21:03:12.506208+00:00
515.0,0.64,0.65,0.64,2.0,216,0.3969786865234375,put,2026-10-30,SPY,773.0700073242188,2026-08-10T21:03:12.506208+00:00
520.0,0.67,0.68,0.7,4.0,419,0.39111937011718745,put,2026-10-30,SPY,773.0700073242188,2026-08-10T21:03:12.506208+00:00
525.0,0.7,0.71,0.69,8.0,458,0.38513798461914056,put,2026-10-30,SPY,773.0700073242188,2026-08-10T21:03:12.506208+00:00
530.0,0.74,0.75,0.73,11.0,387,0.379889013671875,put,2026-10-30,SPY,773.0700073242188,2026-08-10T21:03:12.506208+00:00
535.0,0.77,0.79,0.77,2.0,129,0.37439590454101557,put,2026-10-30,SPY,773.0700073242188,2026-08-10T21:03:12.506208+00:00
540.0,0.81,0.83,0.8,3.0,573,0.3687807263183594,put,2026-10-30,SPY,773.0700073242188,2026-08-10T21:03:12.506208+00:00
545.0,0.86,0.87,1.0,12.0,183,0.3631655480957031,put,2026-10-30,SPY,773.0700073242188,2026-08-10T21:03:12.506208+00:00
550.0,0.9,0.91,0.88,11.0,696,0.3573062316894531,put,2026-10-30,SPY,773.0700073242188,2026-08-10T21:03:12.506208+00:00
555.0,0.95,0.96,0.93,6.0,413,0.35193519165039056,put,2026-10-30,SPY,773.0700073242188,2026-08-10T21:03:12.506208+00:00
560.0,1.0,1.01,0.96,2.0,296,0.34656415161132803,put,2026-10-30,SPY,773.0700073242188,2026-08-10T21:03:12.506208+00:00
565.0,1.05,1.06,1.25,2.0,189,0.3409489733886719,put,2026-10-30,SPY,773.0700073242188,2026-08-10T21:03:12.506208+00:00
570.0,1.1,1.12,1.1,10.0,567,0.33570000244140624,put,2026-10-30,SPY,773.0700073242188,2026-08-10T21:03:12.506208+00:00
575.0,1.16,1.18,1.16,1.0,916,0.3303289624023437,put,2026-10-30,SPY,773.0700073242188,2026-08-10T21:03:12.506208+00:00
580.0,1.22,1.24,1.2,1.0,542,0.3247748187255859,put,2026-10-30,SPY,773.0700073242188,2026-08-10T21:03:12.506208+00:00
585.0,1.29,1.31,1.37,65.0,272,0.31958688232421867,put,2026-10-30,SPY,773.0700073242188,2026-08-10T21:03:12.506208+00:00
590.0,1.36,1.38,1.35,2.0,514,0.31415480773925775,put,2026-10-30,SPY,773.0700073242188,2026-08-10T21:03:12.506208+00:00
595.0,1.44,1.45,1.39,6.0,20803,0.3086006640625,put,2026-10-30,SPY,773.0700073242188,2026-08-10T21:03:12.506208+00:00
600.0,1.51,1.53,1.48,8.0,20443,0.30322962402343745,put,2026-10-30,SPY,773.0700073242188,2026-08-10T21:03:12.506208+00:00
605.0,1.6,1.62,1.58,7.0,533,0.2981027221679687,put,2026-10-30,SPY,773.0700073242188,2026-08-10T21:03:12.506208+00:00
610.0,1.69,1.71,1.61,192.0,647,0.29279271667480455,put,2026-10-30,SPY,773.0700073242188,2026-08-10T21:03:12.506208+00:00
615.0,1.79,1.81,1.78,129.0,354,0.2876047802734374,put,2026-10-30,SPY,773.0700073242188,2026-08-10T21:03:12.506208+00:00
620.0,1.89,1.91,1.87,11.0,1624,0.2821727056884765,put,2026-10-30,SPY,773.0700073242188,2026-08-10T21:03:12.506208+00:00
625.0,2.0,2.03,1.91,8.0,1215,0.2771678729248046,put,2026-10-30,SPY,773.0700073242188,2026-08-10T21:03:12.506208+00:00
630.0,2.12,2.15,2.12,14.0,1265,0.2719494192504882,put,2026-10-30,SPY,773.0700073242188,2026-08-10T21:03:12.506208+00:00
635.0,2.25,2.28,2.22,330.0,454,0.26676148284912116,put,2026-10-30,SPY,773.0700073242188,2026-08-10T21:03:12.506208+00:00
640.0,2.39,2.42,2.35,2.0,367,0.2616040637207031,put,2026-10-30,SPY,773.0700073242188,2026-08-10T21:03:12.506208+00:00
641.0,2.42,2.45,2.38,2.0,222,0.26056647644042963,put,2026-10-30,SPY,773.0700073242188,2026-08-10T21:03:12.506208+00:00
642.0,2.45,2.48,2.41,1.0,122,0.2595594064331055,put,2026-10-30,SPY,773.0700073242188,2026-08-10T21:03:12.506208+00:00
643.0,2.48,2.51,3.3,3.0,352,0.2585218191528321,put,2026-10-30,SPY,773.0700073242188,2026-08-10T21:03:12.506208+00:00
644.0,2.51,2.54,2.4,1.0,388,0.25748423187255864,put,2026-10-30,SPY,773.0700073242188,2026-08-10T21:03:12.506208+00:00
645.0,2.55,2.57,2.56,4.0,359,0.25641612731933594,put,2026-10-30,SPY,773.0700073242188,2026-08-10T21:03:12.506208+00:00
646.0,2.58,2.6,2.87,1.0,155,0.2553785400390626,put,2026-10-30,SPY,773.0700073242188,2026-08-10T21:03:12.506208+00:00
647.0,2.61,2.64,2.56,2.0,40,0.25452405639648445,put,2026-10-30,SPY,773.0700073242188,2026-08-10T21:03:12.506208+00:00
648.0,2.64,2.67,2.97,2.0,401,0.2534254345703125,put,2026-10-30,SPY,773.0700073242188,2026-08-10T21:03:12.506208+00:00
649.0,2.68,2.7,2.62,1.0,32,0.2523268127441406,put,2026-10-30,SPY,773.0700073242188,2026-08-10T21:03:12.506208+00:00
650.0,2.71,2.74,2.66,55.0,1492,0.2514723291015625,put,2026-10-30,SPY,773.0700073242188,2026-08-10T21:03:12.506208+00:00
651.0,2.74,2.77,2.73,6.0,52,0.25034319000244143,put,2026-10-30,SPY,773.0700073242188,2026-08-10T21:03:12.506208+00:00
652.0,2.78,2.81,2.72,2.0,322,0.2494276718139648,put,2026-10-30,SPY,773.0700073242188,2026-08-10T21:03:12.506208+00:00
653.0,2.81,2.84,2.76,1.0,262,0.24829853271484376,put,2026-10-30,SPY,773.0700073242188,2026-08-10T21:03:12.506208+00:00
654.0,2.85,2.88,2.79,1.0,60,0.24735249725341796,put,2026-10-30,SPY,773.0700073242188,2026-08-10T21:03:12.506208+00:00
655.0,2.89,2.91,2.85,7.0,159,0.24622335815429688,put,2026-10-30,SPY,773.0700073242188,2026-08-10T21:03:12.506208+00:00
656.0,2.92,2.95,3.04,10.0,26,0.2452468054199219,put,2026-10-30,SPY,773.0700073242188,2026-08-10T21:03:12.506208+00:00
657.0,2.96,2.99,2.79,1.0,67,0.2442702526855469,put,2026-10-30,SPY,773.0700073242188,2026-08-10T21:03:12.506208+00:00
658.0,3.0,3.03,2.97,4.0,59,0.24329369995117187,put,2026-10-30,SPY,773.0700073242188,2026-08-10T21:03:12.506208+00:00
659.0,3.04,3.07,2.98,1.0,63,0.24231714721679687,put,2026-10-30,SPY,773.0700073242188,2026-08-10T21:03:12.506208+00:00
660.0,3.08,3.1,2.94,104.0,412,0.24109645629882812,put,2026-10-30,SPY,773.0700073242188,2026-08-10T21:03:12.506208+00:00
661.0,3.12,3.14,3.05,1.0,58,0.2400893862915039,put,2026-10-30,SPY,773.0700073242188,2026-08-10T21:03:12.506208+00:00
662.0,3.16,3.19,3.09,1.0,96,0.23923490264892577,put,2026-10-30,SPY,773.0700073242188,2026-08-10T21:03:12.506208+00:00
663.0,3.2,3.23,3.13,1.0,43,0.2381973153686523,put,2026-10-30,SPY,773.0700073242188,2026-08-10T21:03:12.506208+00:00
664.0,3.24,3.27,3.05,1.0,60,0.23712921081542968,put,2026-10-30,SPY,773.0700073242188,2026-08-10T21:03:12.506208+00:00
665.0,3.28,3.31,3.22,1.0,322,0.23609162353515623,put,2026-10-30,SPY,773.0700073242188,2026-08-10T21:03:12.506208+00:00
666.0,3.33,3.35,3.26,1.0,43,0.23499300170898438,put,2026-10-30,SPY,773.0700073242188,2026-08-10T21:03:12.506208+00:00
667.0,3.37,3.4,3.45,2.0,36,0.234108000793457,put,2026-10-30,SPY,773.0700073242188,2026-08-10T21:03:12.506208+00:00
668.0,3.41,3.44,3.28,1.0,54,0.23300937896728519,put,2026-10-30,SPY,773.0700073242188,2026-08-10T21:03:12.506208+00:00
669.0,3.46,3.49,3.72,1.0,50,0.23206334350585936,put,2026-10-30,SPY,773.0700073242188,2026-08-10T21:03:12.506208+00:00
670.0,3.51,3.54,3.45,4.0,355,0.2311173080444336,put,2026-10-30,SPY,773.0700073242188,2026-08-10T21:03:12.506208+00:00
671.0,3.55,3.58,3.93,50.0,69,0.2299881689453125,put,2026-10-30,SPY,773.0700073242188,2026-08-10T21:03:12.506208+00:00
672.0,3.6,3.63,3.9,1.0,29,0.22901161621093752,put,2026-10-30,SPY,773.0700073242188,2026-08-10T21:03:12.506208+00:00
673.0,3.65,3.68,3.92,2.0,214,0.22800454620361327,put,2026-10-30,SPY,773.0700073242188,2026-08-10T21:03:12.506208+00:00
674.0,3.7,3.73,3.77,2.0,182,0.22699747619628902,put,2026-10-30,SPY,773.0700073242188,2026-08-10T21:03:12.506208+00:00
675.0,3.75,3.78,3.74,27.0,401,0.22599040618896482,put,2026-10-30,SPY,773.0700073242188,2026-08-10T21:03:12.506208+00:00
676.0,3.8,3.83,3.74,2.0,67,0.2249528189086914,put,2026-10-30,SPY,773.0700073242188,2026-08-10T21:03:12.506208+00:00
677.0,3.85,3.88,3.62,1.0,166,0.22391523162841792,put,2026-10-30,SPY,773.0700073242188,2026-08-10T21:03:12.506208+00:00
678.0,3.91,3.94,4.0,6.0,284,0.2230302307128906,put,2026-10-30,SPY,773.0700073242188,2026-08-10T21:03:12.506208+00:00
679.0,3.96,3.99,4.44,10.0,274,0.22196212615966793,put,2026-10-30,SPY,773.0700073242188,2026-08-10T21:03:12.506208+00:00
680.0,4.01,4.05,4.02,253.0,1087,0.22101609069824218,put,2026-10-30,SPY,773.0700073242188,2026-08-10T21:03:12.506208+00:00
681.0,4.07,4.1,4.0,1.0,267,0.21991746887207028,put,2026-10-30,SPY,773.0700073242188,2026-08-10T21:03:12.506208+00:00
682.0,4.13,4.16,4.0,1.0,131,0.2189714334106445,put,2026-10-30,SPY,773.0700073242188,2026-08-10T21:03:12.506208+00:00
683.0,4.18,4.22,4.64,3.0,1702,0.2179948806762695,put,2026-10-30,SPY,773.0700073242188,2026-08-10T21:03:12.506208+00:00
684.0,4.24,4.28,4.19,1.0,481,0.2169878106689453,put,2026-10-30,SPY,773.0700073242188,2026-08-10T21:03:12.506208+00:00
685.0,4.3,4.34,4.11,21.0,1310,0.2159807406616211,put,2026-10-30,SPY,773.0700073242188,2026-08-10T21:03:12.506208+00:00
686.0,4.36,4.4,4.99,2.0,299,0.21497367065429687,put,2026-10-30,SPY,773.0700073242188,2026-08-10T21:03:12.506208+00:00
687.0,4.42,4.46,4.44,1.0,153,0.21393608337402342,put,2026-10-30,SPY,773.0700073242188,2026-08-10T21:03:12.506208+00:00
688.0,4.49,4.52,4.44,601.0,143,0.21289849609375,put,2026-10-30,SPY,773.0700073242188,2026-08-10T21:03:12.506208+00:00
689.0,4.55,4.58,4.52,1001.0,92,0.2118303915405273,put,2026-10-30,SPY,773.0700073242188,2026-08-10T21:03:12.506208+00:00
690.0,4.62,4.65,4.57,113.0,1131,0.21088435607910155,put,2026-10-30,SPY,773.0700073242188,2026-08-10T21:03:12.506208+00:00
691.0,4.68,4.72,4.68,1.0,153,0.20993832061767576,put,2026-10-30,SPY,773.0700073242188,2026-08-10T21:03:12.506208+00:00
692.0,4.75,4.78,4.67,1.0,64,0.20882444015502927,put,2026-10-30,SPY,773.0700073242188,2026-08-10T21:03:12.506208+00:00
693.0,4.82,4.85,4.79,401.0,103,0.20783262878417966,put,2026-10-30,SPY,773.0700073242188,2026-08-10T21:03:12.506208+00:00
694.0,4.89,4.92,4.65,1.0,47,0.20682555877685543,put,2026-10-30,SPY,773.0700073242188,2026-08-10T21:03:12.506208+00:00
695.0,4.96,4.99,4.95,505.0,352,0.20581848876953124,put,2026-10-30,SPY,773.0700073242188,2026-08-10T21:03:12.506208+00:00
696.0,5.03,5.06,4.95,1.0,38,0.20478090148925776,put,2026-10-30,SPY,773.0700073242188,2026-08-10T21:03:12.506208+00:00
697.0,5.1,5.14,5.03,202.0,56,0.20383486602783202,put,2026-10-30,SPY,773.0700073242188,2026-08-10T21:03:12.506208+00:00
698.0,5.18,5.21,5.13,227.0,92,0.20276676147460934,put,2026-10-30,SPY,773.0700073242188,2026-08-10T21:03:12.506208+00:00
699.0,5.25,5.29,5.21,198.0,113,0.20182072601318357,put,2026-10-30,SPY,773.0700073242188,2026-08-10T21:03:12.506208+00:00
700.0,5.33,5.37,5.34,363.0,2364,0.20082891464233393,put,2026-10-30,SPY,773.0700073242188,2026-08-10T21:03:12.506208+00:00
701.0,5.41,5.44,5.33,2.0,56,0.1997150341796875,put,2026-10-30,SPY,773.0700073242188,2026-08-10T21:03:12.506208+00:00
702.0,5.49,5.53,5.69,1.0,65,0.19881477462768554,put,2026-10-30,SPY,773.0700073242188,2026-08-10T21:03:12.506208+00:00
703.0,5.57,5.61,5.57,1.0,74,0.19777718734741212,put,2026-10-30,SPY,773.0700073242188,2026-08-10T21:03:12.506208+00:00
704.0,5.65,5.69,5.63,1.0,58,0.19672434143066403,put,2026-10-30,SPY,773.0700073242188,2026-08-10T21:03:12.506208+00:00
705.0,5.74,5.78,5.71,4.0,202,0.1957783059692383,put,2026-10-30,SPY,773.0700073242188,2026-08-10T21:03:12.506208+00:00
706.0,5.82,5.86,6.01,2.0,175,0.1946796841430664,put,2026-10-30,SPY,773.0700073242188,2026-08-10T21:03:12.506208+00:00
707.0,5.91,5.95,5.86,7.0,20612,0.19370313140869144,put,2026-10-30,SPY,773.0700073242188,2026-08-10T21:03:12.506208+00:00
708.0,6.0,6.04,5.93,3.0,106,0.1926960614013672,put,2026-10-30,SPY,773.0700073242188,2026-08-10T21:03:12.506208+00:00
709.0,6.09,6.13,5.99,1.0,349,0.19165847412109377,put,2026-10-30,SPY,773.0700073242188,2026-08-10T21:03:12.506208+00:00
710.0,6.19,6.22,6.17,6.0,1653,0.19062088684082032,put,2026-10-30,SPY,773.0700073242188,2026-08-10T21:03:12.506208+00:00
711.0,6.28,6.32,6.29,4.0,98,0.18964433410644532,put,2026-10-30,SPY,773.0700073242188,2026-08-10T21:03:12.506208+00:00
712.0,6.38,6.42,6.38,3.0,266,0.1886677813720703,put,2026-10-30,SPY,773.0700073242188,2026-08-10T21:03:12.506208+00:00
713.0,6.47,6.51,6.28,1.0,744,0.18756915954589842,put,2026-10-30,SPY,773.0700073242188,2026-08-10T21:03:12.506208+00:00
714.0,6.57,6.61,7.08,3.0,109,0.18654683090209961,put,2026-10-30,SPY,773.0700073242188,2026-08-10T21:03:12.506208+00:00
715.0,6.68,6.72,6.31,2.0,840,0.18561605407714843,put,2026-10-30,SPY,773.0700073242188,2026-08-10T21:03:12.506208+00:00
716.0,6.78,6.82,6.78,142.0,85,0.18454794952392578,put,2026-10-30,SPY,773.0700073242188,2026-08-10T21:03:12.506208+00:00
717.0,6.89,6.93,6.7,1.0,178,0.18357139678955076,put,2026-10-30,SPY,773.0700073242188,2026-08-10T21:03:12.506208+00:00
718.0,7.0,7.04,8.07,2.0,89,0.18257958541870117,put,2026-10-30,SPY,773.0700073242188,2026-08-10T21:03:12.506208+00:00
719.0,7.11,7.15,6.96,4.0,165,0.1815572567749023,put,2026-10-30,SPY,773.0700073242188,2026-08-10T21:03:12.506208+00:00
720.0,7.22,7.26,7.1,18.0,1101,0.1805196694946289,put,2026-10-30,SPY,773.0700073242188,2026-08-10T21:03:12.506208+00:00
721.0,7.34,7.38,7.1,1.0,132,0.17954311676025392,put,2026-10-30,SPY,773.0700073242188,2026-08-10T21:03:12.506208+00:00
722.0,7.46,7.5,7.72,6.0,94,0.17855130538940428,put,2026-10-30,SPY,773.0700073242188,2026-08-10T21:03:12.506208+00:00
723.0,7.58,7.62,7.46,3.0,51,0.17754423538208008,put,2026-10-30,SPY,773.0700073242188,2026-08-10T21:03:12.506208+00:00
724.0,7.7,7.74,7.63,5.0,120,0.17650664810180666,put,2026-10-30,SPY,773.0700073242188,2026-08-10T21:03:12.506208+00:00
725.0,7.83,7.87,7.55,192.0,1134,0.17553009536743164,put,2026-10-30,SPY,773.0700073242188,2026-08-10T21:03:12.506208+00:00
726.0,7.95,8.0,7.86,2.0,79,0.17453828399658206,put,2026-10-30,SPY,773.0700073242188,2026-08-10T21:03:12.506208+00:00
727.0,8.09,8.13,7.97,62.0,134,0.1735312139892578,put,2026-10-30,SPY,773.0700073242188,2026-08-10T21:03:12.506208+00:00
728.0,8.22,8.26,8.0,1.0,94,0.1724936267089844,put,2026-10-30,SPY,773.0700073242188,2026-08-10T21:03:12.506208+00:00
729.0,8.36,8.4,8.23,3.0,69,0.17151707397460939,put,2026-10-30,SPY,773.0700073242188,2026-08-10T21:03:12.506208+00:00
730.0,8.5,8.55,8.47,98.0,1405,0.17060155578613284,put,2026-10-30,SPY,773.0700073242188,2026-08-10T21:03:12.506208+00:00
731.0,8.64,8.69,8.58,6.0,50,0.16957922714233398,put,2026-10-30,SPY,773.0700073242188,2026-08-10T21:03:12.506208+00:00
732.0,8.79,8.84,8.86,61.0,367,0.16861793304443362,put,2026-10-30,SPY,773.0700073242188,2026-08-10T21:03:12.506208+00:00
733.0,8.94,8.99,8.99,15.0,161,0.1676108630371094,put,2026-10-30,SPY,773.0700073242188,2026-08-10T21:03:12.506208+00:00
734.0,9.1,9.15,8.71,1.0,295,0.16668008621215824,put,2026-10-30,SPY,773.0700073242188,2026-08-10T21:03:12.506208+00:00
735.0,9.26,9.3,8.93,3.0,998,0.16564249893188482,put,2026-10-30,SPY,773.0700073242188,2026-08-10T21:03:12.506208+00:00
736.0,9.42,9.47,9.38,1.0,124,0.1647269807434082,put,2026-10-30,SPY,773.0700073242188,2026-08-10T21:03:12.506208+00:00
737.0,9.59,9.63,9.52,6.0,168,0.1637046520996094,put,2026-10-30,SPY,773.0700073242188,2026-08-10T21:03:12.506208+00:00
738.0,9.76,9.8,9.7,2.0,1140,0.16274335800170897,put,2026-10-30,SPY,773.0700073242188,2026-08-10T21:03:12.506208+00:00
739.0,9.93,9.98,9.98,1.0,227,0.1618278398132324,put,2026-10-30,SPY,773.0700073242188,2026-08-10T21:03:12.506208+00:00
740.0,10.11,10.16,10.14,30.0,1731,0.16089706298828127,put,2026-10-30,SPY,773.0700073242188,2026-08-10T21:03:12.506208+00:00
741.0,10.29,10.34,10.13,1.0,128,0.15992051025390625,put,2026-10-30,SPY,773.0700073242188,2026-08-10T21:03:12.506208+00:00
742.0,10.48,10.53,10.56,65.0,320,0.15898973342895512,put,2026-10-30,SPY,773.0700073242188,2026-08-10T21:03:12.506208+00:00
743.0,10.67,10.72,13.27,1.0,404,0.1580284393310547,put,2026-10-30,SPY,773.0700073242188,2026-08-10T21:03:12.506208+00:00
744.0,10.87,10.92,10.83,5.0,105,0.15711292114257813,put,2026-10-30,SPY,773.0700073242188,2026-08-10T21:03:12.506208+00:00
745.0,11.07,11.12,11.06,40.0,1296,0.15616688568115233,put,2026-10-30,SPY,773.0700073242188,2026-08-10T21:03:12.506208+00:00
746.0,11.27,11.32,11.4,90.0,564,0.15519033294677737,put,2026-10-30,SPY,773.0700073242188,2026-08-10T21:03:12.506208+00:00
747.0,11.48,11.53,12.26,1.0,14,0.15425955612182618,put,2026-10-30,SPY,773.0700073242188,2026-08-10T21:03:12.506208+00:00
748.0,11.7,11.75,11.82,2.0,198,0.15335929656982422,put,2026-10-30,SPY,773.0700073242188,2026-08-10T21:03:12.506208+00:00
749.0,11.92,11.97,12.76,128.0,191,0.1524285197448731,put,2026-10-30,SPY,773.0700073242188,2026-08-10T21:03:12.506208+00:00
750.0,12.15,12.2,12.01,104.0,3236,0.15154351882934575,put,2026-10-30,SPY,773.0700073242188,2026-08-10T21:03:12.506208+00:00
751.0,12.38,12.43,12.54,1.0,10,0.15061274200439456,put,2026-10-30,SPY,773.0700073242188,2026-08-10T21:03:12.506208+00:00
752.0,12.62,12.67,12.2,4.0,256,0.1497124824523926,put,2026-10-30,SPY,773.0700073242188,2026-08-10T21:03:12.506208+00:00
753.0,12.86,12.91,12.46,2.0,7,0.14878170562744142,put,2026-10-30,SPY,773.0700073242188,2026-08-10T21:03:12.506208+00:00
754.0,13.11,13.17,13.11,10.0,61,0.14795773925781253,put,2026-10-30,SPY,773.0700073242188,2026-08-10T21:03:12.506208+00:00
755.0,13.36,13.42,13.6,56.0,945,0.14702696243286134,put,2026-10-30,SPY,773.0700073242188,2026-08-10T21:03:12.506208+00:00
756.0,13.62,13.68,13.85,1.0,16,0.14611144424438477,put,2026-10-30,SPY,773.0700073242188,2026-08-10T21:03:12.506208+00:00
757.0,13.89,13.95,13.77,10.0,105,0.14524170196533204,put,2026-10-30,SPY,773.0700073242188,2026-08-10T21:03:12.506208+00:00
758.0,14.17,14.23,13.73,2.0,71,0.14440247695922853,put,2026-10-30,SPY,773.0700073242188,2026-08-10T21:03:12.506208+00:00
759.0,14.45,14.51,13.9,2.0,5,0.1435174760437012,put,2026-10-30,SPY,773.0700073242188,2026-08-10T21:03:12.506208+00:00
760.0,14.74,14.8,14.74,22.0,805,0.14264773376464845,put,2026-10-30,SPY,773.0700073242188,2026-08-10T21:03:12.506208+00:00
761.0,15.03,15.1,15.16,15.0,33,0.1418237673950195,put,2026-10-30,SPY,773.0700073242188,2026-08-10T21:03:12.506208+00:00
762.0,15.33,15.4,14.95,4.0,19,0.14093876647949222,put,2026-10-30,SPY,773.0700073242188,2026-08-10T21:03:12.506208+00:00
763.0,15.64,15.71,15.59,2.0,20,0.14008428283691404,put,2026-10-30,SPY,773.0700073242188,2026-08-10T21:03:12.506208+00:00
764.0,15.96,16.02,17.73,21.0,31,0.13918402328491214,put,2026-10-30,SPY,773.0700073242188,2026-08-10T21:03:12.506208+00:00
765.0,16.28,16.35,16.31,80.0,674,0.1383753155517578,put,2026-10-30,SPY,773.0700073242188,2026-08-10T21:03:12.506208+00:00
766.0,16.62,16.68,17.34,2.0,7,0.1375208319091797,put,2026-10-30,SPY,773.0700073242188,2026-08-10T21:03:12.506208+00:00
767.0,16.96,17.02,17.0,34.0,19,0.13668160690307618,put,2026-10-30,SPY,773.0700073242188,2026-08-10T21:03:12.506208+00:00
768.0,17.31,17.37,17.25,1.0,44,0.1358576405334473,put,2026-10-30,SPY,773.0700073242188,2026-08-10T21:03:12.506208+00:00
769.0,17.66,17.73,17.98,6.0,37,0.13506419143676762,put,2026-10-30,SPY,773.0700073242188,2026-08-10T21:03:12.506208+00:00
770.0,18.03,18.09,17.85,121.0,601,0.13420970779418945,put,2026-10-30,SPY,773.0700073242188,2026-08-10T21:03:12.506208+00:00
771.0,18.4,18.47,18.25,16.0,30,0.13344677597045895,put,2026-10-30,SPY,773.0700073242188,2026-08-10T21:03:12.506208+00:00
772.0,18.78,18.85,18.92,101.0,86,0.13262280960083012,put,2026-10-30,SPY,773.0700073242188,2026-08-10T21:03:12.506208+00:00
773.0,19.17,19.24,19.2,80.0,29,0.13181410186767578,put,2026-10-30,SPY,773.0700073242188,2026-08-10T21:03:12.506208+00:00
774.0,19.57,19.64,19.61,24.0,146,0.13102065277099606,put,2026-10-30,SPY,773.0700073242188,2026-08-10T21:03:12.506208+00:00
775.0,19.98,20.05,20.01,34.0,123,0.1302348329925537,put,2026-10-30,SPY,773.0700073242188,2026-08-10T21:03:12.506208+00:00
776.0,20.4,20.47,20.4,122.0,61,0.12946427185058595,put,2026-10-30,SPY,773.0700073242188,2026-08-10T21:03:12.506208+00:00
777.0,20.82,20.89,20.97,120.0,277,0.1286326761627197,put,2026-10-30,SPY,773.0700073242188,2026-08-10T21:03:12.506208+00:00
778.0,21.26,21.33,21.04,16.0,2,0.12787737365722657,put,2026-10-30,SPY,773.0700073242188,2026-08-10T21:03:12.506208+00:00
779.0,21.7,21.77,23.72,,9,0.1270686659240723,put,2026-10-30,SPY,773.0700073242188,2026-08-10T21:03:12.506208+00:00
780.0,22.15,22.23,22.15,21.0,162,0.12633625137329102,put,2026-10-30,SPY,773.0700073242188,2026-08-10T21:03:12.506208+00:00
781.0,22.62,22.69,46.5,1.0,1,0.12554280227661135,put,2026-10-30,SPY,773.0700073242188,2026-08-10T21:03:12.506208+00:00
782.0,23.09,23.17,23.24,240.0,63,0.12481038772583009,put,2026-10-30,SPY,773.0700073242188,2026-08-10T21:03:12.506208+00:00
783.0,23.58,23.65,23.98,1.0,2,0.124032197265625,put,2026-10-30,SPY,773.0700073242188,2026-08-10T21:03:12.506208+00:00
785.0,24.57,24.65,24.78,58.0,13,0.1225368508911133,put,2026-10-30,SPY,773.0700073242188,2026-08-10T21:03:12.506208+00:00
787.0,24.5,26.75,25.77,5.0,1,0.12859452957153317,put,2026-10-30,SPY,773.0700073242188,2026-08-10T21:03:12.506208+00:00
788.0,25.03,27.3,31.36,,1,0.12801470138549803,put,2026-10-30,SPY,773.0700073242188,2026-08-10T21:03:12.506208+00:00
789.0,25.87,27.86,25.65,1.0,1,0.1274501318359375,put,2026-10-30,SPY,773.0700073242188,2026-08-10T21:03:12.506208+00:00
790.0,26.42,28.15,26.9,25.0,54,0.1248561636352539,put,2026-10-30,SPY,773.0700073242188,2026-08-10T21:03:12.506208+00:00
791.0,26.66,29.0,31.9,35.0,31,0.12625995819091795,put,2026-10-30,SPY,773.0700073242188,2026-08-10T21:03:12.506208+00:00
795.0,28.98,31.41,29.43,1.0,1,0.12404745590209962,put,2026-10-30,SPY,773.0700073242188,2026-08-10T21:03:12.506208+00:00
797.0,30.2,32.67,56.13,10.0,0,0.12296409271240236,put,2026-10-30,SPY,773.0700073242188,2026-08-10T21:03:12.506208+00:00
798.0,31.62,33.32,33.3,2.0,3,0.12246055770874026,put,2026-10-30,SPY,773.0700073242188,2026-08-10T21:03:12.506208+00:00
799.0,31.46,33.98,33.78,,1,0.12197228134155275,put,2026-10-30,SPY,773.0700073242188,2026-08-10T21:03:12.506208+00:00
800.0,32.36,34.64,33.39,15.0,62,0.12142297042846678,put,2026-10-30,SPY,773.0700073242188,2026-08-10T21:03:12.506208+00:00
802.0,33.34,36.05,37.84,,1,0.12082788360595703,put,2026-10-30,SPY,773.0700073242188,2026-08-10T21:03:12.506208+00:00
805.0,35.09,38.6,55.85,,0,0.12316245498657227,put,2026-10-30,SPY,773.0700073242188,2026-08-10T21:03:12.506208+00:00
810.0,38.77,42.28,63.0,4.0,1,0.1210872804260254,put,2026-10-30,SPY,773.0700073242188,2026-08-10T21:03:12.506208+00:00
815.0,42.67,46.18,44.9,1.0,1,0.1193020199584961,put,2026-10-30,SPY,773.0700073242188,2026-08-10T21:03:12.506208+00:00
820.0,0.0,0.0,78.0,154.0,0,1.0000000000000003e-05,put,2026-10-30,SPY,773.0700073242188,2026-08-10T21:03:12.506208+00:00
825.0,68.79,72.3,102.0,,0,0.2731243342590332,put,2026-10-30,SPY,773.0700073242188,2026-08-10T21:03:12.506208+00:00
835.0,60.52,64.03,63.77,1.0,1,0.12372702453613281,put,2026-10-30,SPY,773.0700073242188,2026-08-10T21:03:12.506208+00:00
840.0,65.44,68.96,66.25,2.0,20,0.12952530639648438,put,2026-10-30,SPY,773.0700073242188,2026-08-10T21:03:12.506208+00:00
845.0,70.44,73.96,105.93,1.0,0,0.13626962371826173,put,2026-10-30,SPY,773.0700073242188,2026-08-10T21:03:12.506208+00:00
855.0,114.71,118.08,131.84,1.0,0,0.4531762446594238,put,2026-10-30,SPY,773.0700073242188,2026-08-10T21:03:12.506208+00:00
860.0,119.7,123.07,136.74,1.0,0,0.46330797927856443,put,2026-10-30,SPY,773.0700073242188,2026-08-10T21:03:12.506208+00:00
865.0,0.0,0.0,124.27,,0,1.0000000000000003e-05,put,2026-10-30,SPY,773.0700073242188,2026-08-10T21:03:12.506208+00:00
875.0,100.57,103.95,145.54,1.0,0,0.1744467321777344,put,2026-10-30,SPY,773.0700073242188,2026-08-10T21:03:12.506208+00:00
900.0,143.85,147.3,145.02,,0,0.4126950820922851,put,2026-10-30,SPY,773.0700073242188,2026-08-10T21:03:12.506208+00:00
