strike,bid,ask,last_price,volume,open_interest,vendor_implied_volatility,option_type,expiration,ticker,spot,download_timestamp
500.0,261.14,265.04,263.12,10.0,0.0,1.478518232421875,call,2026-09-25,SPY,761.6300048828125,2026-09-18T22:35:11.743583+00:00
520.0,241.16,245.06,243.12,10.0,0.0,1.361331318359375,call,2026-09-25,SPY,761.6300048828125,2026-09-18T22:35:11.743583+00:00
550.0,211.26,215.1,213.0,5.0,0.0,1.1975137780761718,call,2026-09-25,SPY,761.6300048828125,2026-09-18T22:35:11.743583+00:00
555.0,206.19,210.1,208.11,5.0,0.0,1.164310819091797,call,2026-09-25,SPY,761.6300048828125,2026-09-18T22:35:11.743583+00:00
565.0,196.2,200.12,198.08,5.0,0.0,1.1101118713378906,call,2026-09-25,SPY,761.6300048828125,2026-09-18T22:35:11.743583+00:00
570.0,191.28,195.11,193.11,5.0,0.0,1.0869186279296876,call,2026-09-25,SPY,761.6300048828125,2026-09-18T22:35:11.743583+00:00
575.0,186.21,190.12,188.08,5.0,0.0,1.0551805053710939,call,2026-09-25,SPY,761.6300048828125,2026-09-18T22:35:11.743583+00:00
580.0,181.29,185.12,183.08,5.0,0.0,1.0327196801757816,call,2026-09-25,SPY,761.6300048828125,2026-09-18T22:35:11.743583+00:00
585.0,176.22,179.09,174.62,36.0,0.0,0.9289557885742188,call,2026-09-25,SPY,761.6300048828125,2026-09-18T22:35:11.743583+00:00
590.0,171.3,175.14,173.11,5.0,0.0,0.9799806689453125,call,2026-09-25,SPY,761.6300048828125,2026-09-18T22:35:11.743583+00:00
595.0,166.23,170.14,164.74,2.0,0.0,0.9484868432617187,call,2026-09-25,SPY,761.6300048828125,2026-09-18T22:35:11.743583+00:00
600.0,161.27,165.15,163.04,1.0,3.0,0.9245613012695313,call,2026-09-25,SPY,761.6300048828125,2026-09-18T22:35:11.743583+00:00
605.0,156.24,160.16,158.08,5.0,0.0,0.8964854101562498,call,2026-09-25,SPY,761.6300048828125,2026-09-18T22:35:11.743583+00:00
610.0,151.28,155.16,153.0,5.0,0.0,0.871949522705078,call,2026-09-25,SPY,761.6300048828125,2026-09-18T22:35:11.743583+00:00
615.0,146.25,150.17,148.01,5.0,0.0,0.8442398388671875,call,2026-09-25,SPY,761.6300048828125,2026-09-18T22:35:11.743583+00:00
620.0,141.26,145.17,139.79,20.0,21.0,0.818239122314453,call,2026-09-25,SPY,761.6300048828125,2026-09-18T22:35:11.743583+00:00
625.0,136.34,140.18,138.08,5.0,0.0,0.7963887548828125,call,2026-09-25,SPY,761.6300048828125,2026-09-18T22:35:11.743583+00:00
630.0,131.27,135.2,133.08,5.0,0.0,0.7674583801269532,call,2026-09-25,SPY,761.6300048828125,2026-09-18T22:35:11.743583+00:00
640.0,121.28,125.21,123.15,1365.0,0.0,0.7158231542968749,call,2026-09-25,SPY,761.6300048828125,2026-09-18T22:35:11.743583+00:00
645.0,116.29,120.22,118.06,160.0,0.0,0.6906769213867189,call,2026-09-25,SPY,761.6300048828125,2026-09-18T22:35:11.743583+00:00
650.0,111.38,115.23,111.58,8.0,1.0,0.6689486230468751,call,2026-09-25,SPY,761.6300048828125,2026-09-18T22:35:11.743583+00:00
655.0,106.44,110.23,108.08,6.0,0.0,0.6452672192382812,call,2026-09-25,SPY,761.6300048828125,2026-09-18T22:35:11.743583+00:00
660.0,101.45,105.24,102.96,5.0,0.0,0.6198768481445314,call,2026-09-25,SPY,761.6300048828125,2026-09-18T22:35:11.743583+00:00
665.0,96.32,100.25,98.07,5.0,0.0,0.5888712988281251,call,2026-09-25,SPY,761.6300048828125,2026-09-18T22:35:11.743583+00:00
670.0,91.33,95.27,89.8,1.0,1.0,0.5639692041015626,call,2026-09-25,SPY,761.6300048828125,2026-09-18T22:35:11.743583+00:00
675.0,86.34,90.28,88.08,5.0,0.0,0.5387009020996094,call,2026-09-25,SPY,761.6300048828125,2026-09-18T22:35:11.743583+00:00
680.0,81.36,85.28,83.08,21.0,0.0,0.5133105310058592,call,2026-09-25,SPY,761.6300048828125,2026-09-18T22:35:11.743583+00:00
685.0,76.37,80.3,77.98,21.0,1.0,0.5986368261718751,call,2026-09-25,SPY,761.6300048828125,2026-09-18T22:35:11.743583+00:00
690.0,71.37,75.31,72.99,50.0,0.0,0.5692181750488281,call,2026-09-25,SPY,761.6300048828125,2026-09-18T22:35:11.743583+00:00
695.0,66.53,70.33,67.87,85.0,0.0,0.5400436621093752,call,2026-09-25,SPY,761.6300048828125,2026-09-18T22:35:11.743583+00:00
700.0,61.48,65.35,62.2,5.0,2.0,0.5106250109863282,call,2026-09-25,SPY,761.6300048828125,2026-09-18T22:35:11.743583+00:00
705.0,56.55,60.37,57.85,113.0,0.0,0.4809622216796875,call,2026-09-25,SPY,761.6300048828125,2026-09-18T22:35:11.743583+00:00
710.0,51.57,55.39,50.04,3.0,11.0,0.4510552941894531,call,2026-09-25,SPY,761.6300048828125,2026-09-18T22:35:11.743583+00:00
715.0,46.53,50.44,45.29,7.0,0.0,0.42200285034179685,call,2026-09-25,SPY,761.6300048828125,2026-09-18T22:35:11.743583+00:00
720.0,41.62,45.47,43.13,97.0,2.0,0.39160764648437496,call,2026-09-25,SPY,761.6300048828125,2026-09-18T22:35:11.743583+00:00
721.0,40.63,44.48,42.09,12.0,0.0,0.385626260986328,call,2026-09-25,SPY,761.6300048828125,2026-09-18T22:35:11.743583+00:00
722.0,39.53,43.49,41.09,27.0,0.0,0.37958384094238284,call,2026-09-25,SPY,761.6300048828125,2026-09-18T22:35:11.743583+00:00
723.0,38.54,42.5,37.08,2.0,2.0,0.37354142089843745,call,2026-09-25,SPY,761.6300048828125,2026-09-18T22:35:11.743583+00:00
724.0,37.6,41.5,36.39,2.0,0.0,0.36713279357910156,call,2026-09-25,SPY,761.6300048828125,2026-09-18T22:35:11.743583+00:00
725.0,36.66,40.51,37.38,10.0,0.0,0.3610293389892578,call,2026-09-25,SPY,761.6300048828125,2026-09-18T22:35:11.743583+00:00
726.0,35.67,39.56,36.54,2.0,0.0,0.35632967895507806,call,2026-09-25,SPY,761.6300048828125,2026-09-18T22:35:11.743583+00:00
727.0,34.58,38.57,32.95,3.0,0.0,0.35016518981933586,call,2026-09-25,SPY,761.6300048828125,2026-09-18T22:35:11.743583+00:00
728.0,33.64,37.58,34.33,4.0,0.0,0.34393966613769533,call,2026-09-25,SPY,761.6300048828125,2026-09-18T22:35:11.743583+00:00
729.0,32.71,36.6,33.42,6.0,0.0,0.33801931518554684,call,2026-09-25,SPY,761.6300048828125,2026-09-18T22:35:11.743583+00:00
730.0,31.72,35.65,32.48,19.0,1.0,0.3330755169677735,call,2026-09-25,SPY,761.6300048828125,2026-09-18T22:35:11.743583+00:00
731.0,30.69,34.65,31.49,14.0,0.0,0.3264837860107421,call,2026-09-25,SPY,761.6300048828125,2026-09-18T22:35:11.743583+00:00
732.0,29.7,33.69,30.52,13.0,0.0,0.3210517114257812,call,2026-09-25,SPY,761.6300048828125,2026-09-18T22:35:11.743583+00:00
733.0,28.77,32.71,29.46,18.0,0.0,0.31500929138183587,call,2026-09-25,SPY,761.6300048828125,2026-09-18T22:35:11.743583+00:00
734.0,27.79,31.76,28.64,12.0,0.0,0.30982135498046875,call,2026-09-25,SPY,761.6300048828125,2026-09-18T22:35:11.743583+00:00
735.0,26.81,30.78,27.63,938.0,1.0,0.30359583129882806,call,2026-09-25,SPY,761.6300048828125,2026-09-18T22:35:11.743583+00:00
736.0,25.84,29.83,26.23,16.0,0.0,0.298285825805664,call,2026-09-25,SPY,761.6300048828125,2026-09-18T22:35:11.743583+00:00
737.0,25.15,28.71,25.52,42.0,1.0,0.2877268493652343,call,2026-09-25,SPY,761.6300048828125,2026-09-18T22:35:11.743583+00:00
738.0,24.09,27.74,26.0,15.0,4.0,0.28174546386718746,call,2026-09-25,SPY,761.6300048828125,2026-09-18T22:35:11.743583+00:00
739.0,23.12,26.77,23.68,57.0,0.0,0.2757030438232422,call,2026-09-25,SPY,761.6300048828125,2026-09-18T22:35:11.743583+00:00
740.0,22.15,25.81,23.5,525.0,300.0,0.26984372741699214,call,2026-09-25,SPY,761.6300048828125,2026-09-18T22:35:11.743583+00:00
741.0,21.19,23.89,21.7,1186.0,197.0,0.23529817443847656,call,2026-09-25,SPY,761.6300048828125,2026-09-18T22:35:11.743583+00:00
742.0,20.23,23.2,20.55,447.0,287.0,0.23780059082031246,call,2026-09-25,SPY,761.6300048828125,2026-09-18T22:35:11.743583+00:00
743.0,19.36,22.25,19.43,120.0,207.0,0.23230748168945312,call,2026-09-25,SPY,761.6300048828125,2026-09-18T22:35:11.743583+00:00
744.0,18.33,21.3,18.49,1492.0,521.0,0.22669230346679686,call,2026-09-25,SPY,761.6300048828125,2026-09-18T22:35:11.743583+00:00
745.0,17.38,20.36,16.96,261.0,191.0,0.22126022888183594,call,2026-09-25,SPY,761.6300048828125,2026-09-18T22:35:11.743583+00:00
746.0,16.44,19.41,16.63,47.0,182.0,0.21540091247558596,call,2026-09-25,SPY,761.6300048828125,2026-09-18T22:35:11.743583+00:00
747.0,16.26,18.44,17.05,27.0,161.0,0.2089312506103515,call,2026-09-25,SPY,761.6300048828125,2026-09-18T22:35:11.743583+00:00
748.0,15.41,17.49,15.14,116.0,156.0,0.20282779602050777,call,2026-09-25,SPY,761.6300048828125,2026-09-18T22:35:11.743583+00:00
749.0,14.56,16.51,14.1,408.0,359.0,0.19586985778808597,call,2026-09-25,SPY,761.6300048828125,2026-09-18T22:35:11.743583+00:00
750.0,13.96,15.5,13.96,1936.0,563.0,0.18793536682128903,call,2026-09-25,SPY,761.6300048828125,2026-09-18T22:35:11.743583+00:00
751.0,12.9,14.53,12.51,1940.0,289.0,0.18097742858886717,call,2026-09-25,SPY,761.6300048828125,2026-09-18T22:35:11.743583+00:00
752.0,12.09,13.58,11.91,1707.0,502.0,0.17438569763183598,call,2026-09-25,SPY,761.6300048828125,2026-09-18T22:35:11.743583+00:00
753.0,11.28,12.65,10.81,980.0,356.0,0.1680991394042969,call,2026-09-25,SPY,761.6300048828125,2026-09-18T22:35:11.743583+00:00
754.0,10.5,11.71,11.0,1880.0,990.0,0.1613548220825195,call,2026-09-25,SPY,761.6300048828125,2026-09-18T22:35:11.743583+00:00
755.0,9.96,10.58,10.05,856.0,1235.0,0.14981929290771484,call,2026-09-25,SPY,761.6300048828125,2026-09-18T22:35:11.743583+00:00
756.0,9.0,9.92,9.09,439.0,820.0,0.14933101654052733,call,2026-09-25,SPY,761.6300048828125,2026-09-18T22:35:11.743583+00:00
757.0,8.44,8.98,8.33,593.0,1205.0,0.1418237673950195,call,2026-09-25,SPY,761.6300048828125,2026-09-18T22:35:11.743583+00:00
758.0,7.7,8.22,7.5,895.0,1670.0,0.13816169464111328,call,2026-09-25,SPY,761.6300048828125,2026-09-18T22:35:11.743583+00:00
759.0,6.96,7.28,6.99,3085.0,1397.0,0.1299525482177734,call,2026-09-25,SPY,761.6300048828125,2026-09-18T22:35:11.743583+00:00
760.0,6.22,6.56,6.46,14111.0,3613.0,0.12629047546386718,call,2026-09-25,SPY,761.6300048828125,2026-09-18T22:35:11.743583+00:00
761.0,5.59,5.71,5.8,6169.0,1987.0,0.11914943359374999,call,2026-09-25,SPY,761.6300048828125,2026-09-18T22:35:11.743583+00:00
762.0,4.93,5.1,5.05,4278.0,1799.0,0.11673856903076171,call,2026-09-25,SPY,761.6300048828125,2026-09-18T22:35:11.743583+00:00
763.0,4.4,4.46,4.45,3942.0,3331.0,0.11298494445800782,call,2026-09-25,SPY,761.6300048828125,2026-09-18T22:35:11.743583+00:00
764.0,3.83,3.89,3.97,9504.0,1089.0,0.1100552862548828,call,2026-09-25,SPY,761.6300048828125,2026-09-18T22:35:11.743583+00:00
765.0,3.31,3.34,3.36,9730.0,7859.0,0.10678993804931641,call,2026-09-25,SPY,761.6300048828125,2026-09-18T22:35:11.743583+00:00
766.0,2.82,2.87,2.84,2050.0,2410.0,0.10450114257812498,call,2026-09-25,SPY,761.6300048828125,2026-09-18T22:35:11.743583+00:00
767.0,2.38,2.43,2.4,4942.0,1761.0,0.10202924346923828,call,2026-09-25,SPY,761.6300048828125,2026-09-18T22:35:11.743583+00:00
768.0,1.99,2.04,2.04,2127.0,2656.0,0.09983199981689453,call,2026-09-25,SPY,761.6300048828125,2026-09-18T22:35:11.743583+00:00
769.0,1.64,1.69,1.69,2255.0,1368.0,0.0976652734375,call,2026-09-25,SPY,761.6300048828125,2026-09-18T22:35:11.743583+00:00
770.0,1.35,1.38,1.37,9678.0,6621.0,0.0955290643310547,call,2026-09-25,SPY,761.6300048828125,2026-09-18T22:35:11.743583+00:00
771.0,1.09,1.12,1.12,2301.0,1545.0,0.09382009704589844,call,2026-09-25,SPY,761.6300048828125,2026-09-18T22:35:11.743583+00:00
772.0,0.87,0.9,0.9,5275.0,26482.0,0.0922942333984375,call,2026-09-25,SPY,761.6300048828125,2026-09-18T22:35:11.743583+00:00
773.0,0.69,0.71,0.71,3576.0,1773.0,0.09070733520507812,call,2026-09-25,SPY,761.6300048828125,2026-09-18T22:35:11.743583+00:00
774.0,0.54,0.56,0.55,4368.0,6636.0,0.08948664428710937,call,2026-09-25,SPY,761.6300048828125,2026-09-18T22:35:11.743583+00:00
775.0,0.42,0.43,0.43,9423.0,8625.0,0.08814388427734376,call,2026-09-25,SPY,761.6300048828125,2026-09-18T22:35:11.743583+00:00
776.0,0.32,0.33,0.32,2699.0,1272.0,0.08704526245117189,call,2026-09-25,SPY,761.6300048828125,2026-09-18T22:35:11.743583+00:00
777.0,0.24,0.25,0.25,1886.0,1858.0,0.08619077880859377,call,2026-09-25,SPY,761.6300048828125,2026-09-18T22:35:11.743583+00:00
778.0,0.18,0.19,0.19,886.0,1362.0,0.08545836425781252,call,2026-09-25,SPY,761.6300048828125,2026-09-18T22:35:11.743583+00:00
779.0,0.13,0.14,0.14,1581.0,1071.0,0.08472594970703126,call,2026-09-25,SPY,761.6300048828125,2026-09-18T22:35:11.743583+00:00
780.0,0.1,0.11,0.11,14063.0,10934.0,0.08497008789062502,call,2026-09-25,SPY,761.6300048828125,2026-09-18T22:35:11.743583+00:00
781.0,0.08,0.09,0.09,713.0,1423.0,0.08594664062500001,call,2026-09-25,SPY,761.6300048828125,2026-09-18T22:35:11.743583+00:00
782.0,0.06,0.07,0.06,726.0,5057.0,0.08594664062500001,call,2026-09-25,SPY,761.6300048828125,2026-09-18T22:35:11.743583+00:00
783.0,0.04,0.05,0.05,167.0,1093.0,0.08545836425781252,call,2026-09-25,SPY,761.6300048828125,2026-09-18T22:35:11.743583+00:00
784.0,0.03,0.04,0.04,242.0,839.0,0.08594664062500001,call,2026-09-25,SPY,761.6300048828125,2026-09-18T22:35:11.743583+00:00
785.0,0.03,0.04,0.04,1276.0,24433.0,0.0893645751953125,call,2026-09-25,SPY,761.6300048828125,2026-09-18T22:35:11.743583+00:00
786.0,0.02,0.03,0.02,3620.0,5821.0,0.0893645751953125,call,2026-09-25,SPY,761.6300048828125,2026-09-18T22:35:11.743583+00:00
787.0,0.02,0.03,0.02,3118.0,1060.0,0.092782509765625,call,2026-09-25,SPY,761.6300048828125,2026-09-18T22:35:11.743583+00:00
788.0,0.02,0.03,0.02,394.0,926.0,0.09571216796875001,call,2026-09-25,SPY,761.6300048828125,2026-09-18T22:35:11.743583+00:00
789.0,0.01,0.02,0.01,108.0,448.0,0.0937590625,call,2026-09-25,SPY,761.6300048828125,2026-09-18T22:35:11.743583+00:00
790.0,0.01,0.02,0.01,854.0,29665.0,0.0976652734375,call,2026-09-25,SPY,761.6300048828125,2026-09-18T22:35:11.743583+00:00
791.0,0.01,0.02,0.01,146.0,1264.0,0.09961837890625,call,2026-09-25,SPY,761.6300048828125,2026-09-18T22:35:11.743583+00:00
792.0,0.01,0.02,0.02,8.0,887.0,0.10352458984374999,call,2026-09-25,SPY,761.6300048828125,2026-09-18T22:35:11.743583+00:00
793.0,0.01,0.02,0.01,27.0,1309.0,0.106454248046875,call,2026-09-25,SPY,761.6300048828125,2026-09-18T22:35:11.743583+00:00
794.0,0.01,0.02,0.01,5073.0,767.0,0.10938390625,call,2026-09-25,SPY,761.6300048828125,2026-09-18T22:35:11.743583+00:00
795.0,0.01,0.02,0.02,2828.0,1140.0,0.11231356445312499,call,2026-09-25,SPY,761.6300048828125,2026-09-18T22:35:11.743583+00:00
796.0,0.01,0.02,0.02,2091.0,985.0,0.11524322265625,call,2026-09-25,SPY,761.6300048828125,2026-09-18T22:35:11.743583+00:00
797.0,0.01,0.02,0.01,315.0,823.0,0.117196328125,call,2026-09-25,SPY,761.6300048828125,2026-09-18T22:35:11.743583+00:00
798.0,0.01,0.02,0.01,51.0,1326.0,0.1211025390625,call,2026-09-25,SPY,761.6300048828125,2026-09-18T22:35:11.743583+00:00
799.0,0.01,0.02,0.01,9.0,557.0,0.12305564453125001,call,2026-09-25,SPY,761.6300048828125,2026-09-18T22:35:11.743583+00:00
800.0,0.01,0.02,0.01,243.0,6039.0,0.12696185546875,call,2026-09-25,SPY,761.6300048828125,2026-09-18T22:35:11.743583+00:00
801.0,0.01,0.02,0.01,76.0,566.0,0.1289149609375,call,2026-09-25,SPY,761.6300048828125,2026-09-18T22:35:11.743583+00:00
802.0,0.01,0.02,0.01,24.0,450.0,0.132821171875,call,2026-09-25,SPY,761.6300048828125,2026-09-18T22:35:11.743583+00:00
803.0,0.01,0.02,0.01,8.0,595.0,0.13477427734375003,call,2026-09-25,SPY,761.6300048828125,2026-09-18T22:35:11.743583+00:00
804.0,0.01,0.02,0.01,1.0,683.0,0.13770393554687502,call,2026-09-25,SPY,761.6300048828125,2026-09-18T22:35:11.743583+00:00
805.0,0.01,0.02,0.01,179.0,1664.0,0.14063359375,call,2026-09-25,SPY,761.6300048828125,2026-09-18T22:35:11.743583+00:00
806.0,0.0,0.01,0.02,2.0,776.0,0.132821171875,call,2026-09-25,SPY,761.6300048828125,2026-09-18T22:35:11.743583+00:00
807.0,0.0,0.01,0.02,5.0,675.0,0.13672738281250002,call,2026-09-25,SPY,761.6300048828125,2026-09-18T22:35:11.743583+00:00
808.0,0.0,0.01,0.01,1.0,485.0,0.13868048828125001,call,2026-09-25,SPY,761.6300048828125,2026-09-18T22:35:11.743583+00:00
809.0,0.0,0.01,0.01,2500.0,2641.0,0.14063359375,call,2026-09-25,SPY,761.6300048828125,2026-09-18T22:35:11.743583+00:00
810.0,0.0,0.01,0.01,7.0,766.0,0.1445398046875,call,2026-09-25,SPY,761.6300048828125,2026-09-18T22:35:11.743583+00:00
811.0,0.0,0.01,0.02,99.0,197.0,0.148446015625,call,2026-09-25,SPY,761.6300048828125,2026-09-18T22:35:11.743583+00:00
812.0,0.0,0.01,0.01,8.0,304.0,0.148446015625,call,2026-09-25,SPY,761.6300048828125,2026-09-18T22:35:11.743583+00:00
813.0,0.0,0.01,0.02,70.0,529.0,0.15235222656250003,call,2026-09-25,SPY,761.6300048828125,2026-09-18T22:35:11.743583+00:00
814.0,0.0,0.01,0.02,40.0,206.0,0.1562584375,call,2026-09-25,SPY,761.6300048828125,2026-09-18T22:35:11.743583+00:00
815.0,0.0,0.01,0.01,24.0,1369.0,0.1562584375,call,2026-09-25,SPY,761.6300048828125,2026-09-18T22:35:11.743583+00:00
816.0,0.0,0.01,0.01,29.0,703.0,0.1601646484375,call,2026-09-25,SPY,761.6300048828125,2026-09-18T22:35:11.743583+00:00
817.0,0.0,0.01,0.02,482.0,571.0,0.16407085937500002,call,2026-09-25,SPY,761.6300048828125,2026-09-18T22:35:11.743583+00:00
818.0,0.0,0.01,0.01,78.0,193.0,0.16407085937500002,call,2026-09-25,SPY,761.6300048828125,2026-09-18T22:35:11.743583+00:00
819.0,0.0,0.01,0.01,14.0,1698.0,0.16797707031250003,call,2026-09-25,SPY,761.6300048828125,2026-09-18T22:35:11.743583+00:00
820.0,0.0,0.01,0.02,2.0,2456.0,0.17188328125000002,call,2026-09-25,SPY,761.6300048828125,2026-09-18T22:35:11.743583+00:00
821.0,0.0,0.01,0.02,3771.0,4111.0,0.17188328125000002,call,2026-09-25,SPY,761.6300048828125,2026-09-18T22:35:11.743583+00:00
822.0,0.0,0.01,0.01,11.0,101.0,0.1757894921875,call,2026-09-25,SPY,761.6300048828125,2026-09-18T22:35:11.743583+00:00
823.0,0.0,0.01,0.02,208.0,521.0,0.17774259765625,call,2026-09-25,SPY,761.6300048828125,2026-09-18T22:35:11.743583+00:00
824.0,0.0,0.01,0.02,193.0,217.0,0.179695703125,call,2026-09-25,SPY,761.6300048828125,2026-09-18T22:35:11.743583+00:00
825.0,0.0,0.01,0.02,1.0,2128.0,0.18360191406249998,call,2026-09-25,SPY,761.6300048828125,2026-09-18T22:35:11.743583+00:00
830.0,0.0,0.01,0.02,5.0,287.0,0.195320546875,call,2026-09-25,SPY,761.6300048828125,2026-09-18T22:35:11.743583+00:00
835.0,0.0,0.01,0.02,37.0,283.0,0.20703917968749996,call,2026-09-25,SPY,761.6300048828125,2026-09-18T22:35:11.743583+00:00
840.0,0.0,0.01,0.03,140.0,182.0,0.21875781249999998,call,2026-09-25,SPY,761.6300048828125,2026-09-18T22:35:11.743583+00:00
845.0,0.0,0.01,0.01,1.0,448.0,0.23438265625,call,2026-09-25,SPY,761.6300048828125,2026-09-18T22:35:11.743583+00:00
850.0,0.0,0.01,0.01,50.0,158.0,0.2461012890625,call,2026-09-25,SPY,761.6300048828125,2026-09-18T22:35:11.743583+00:00
855.0,0.0,0.01,0.01,11.0,203.0,0.257819921875,call,2026-09-25,SPY,761.6300048828125,2026-09-18T22:35:11.743583+00:00
860.0,0.0,0.01,0.02,25.0,94.0,0.2695385546875,call,2026-09-25,SPY,761.6300048828125,2026-09-18T22:35:11.743583+00:00
865.0,0.0,0.01,0.01,1.0,59.0,0.28125718749999995,call,2026-09-25,SPY,761.6300048828125,2026-09-18T22:35:11.743583+00:00
870.0,0.0,0.01,0.01,192.0,243.0,0.2890696093749999,call,2026-09-25,SPY,761.6300048828125,2026-09-18T22:35:11.743583+00:00
875.0,0.0,0.01,0.02,1.0,12.0,0.304694453125,call,2026-09-25,SPY,761.6300048828125,2026-09-18T22:35:11.743583+00:00
880.0,0.0,0.01,0.01,1.0,27.0,0.31250687499999996,call,2026-09-25,SPY,761.6300048828125,2026-09-18T22:35:11.743583+00:00
885.0,0.0,0.01,0.03,1.0,3.0,0.3242255078124999,call,2026-09-25,SPY,761.6300048828125,2026-09-18T22:35:11.743583+00:00
890.0,0.0,0.01,0.01,3.0,6.0,0.335944140625,call,2026-09-25,SPY,761.6300048828125,2026-09-18T22:35:11.743583+00:00
895.0,0.0,0.01,0.02,1520.0,2755.0,0.34766277343749996,call,2026-09-25,SPY,761.6300048828125,2026-09-18T22:35:11.743583+00:00
900.0,0.0,0.01,0.01,1480.0,2688.0,0.35938140625,call,2026-09-25,SPY,761.6300048828125,2026-09-18T22:35:11.743583+00:00
910.0,0.0,0.01,0.04,,10.0,0.38281867187499996,call,2026-09-25,SPY,761.6300048828125,2026-09-18T22:35:11.743583+00:00
915.0,0.0,0.01,0.01,40.0,32.0,0.39063109375,call,2026-09-25,SPY,761.6300048828125,2026-09-18T22:35:11.743583+00:00
920.0,0.0,0.01,0.03,,30.0,0.398443515625,call,2026-09-25,SPY,761.6300048828125,2026-09-18T22:35:11.743583+00:00
925.0,0.0,0.01,0.01,1.0,2.0,0.414068359375,call,2026-09-25,SPY,761.6300048828125,2026-09-18T22:35:11.743583+00:00
930.0,0.0,0.01,0.01,1.0,2.0,0.42188078125,call,2026-09-25,SPY,761.6300048828125,2026-09-18T22:35:11.743583+00:00
500.0,0.0,0.01,0.01,10.0,2473.0,0.8125018749999999,put,2026-09-25,SPY,761.6300048828125,2026-09-18T22:35:11.743583+00:00
505.0,0.0,0.01,0.02,100.0,757.0,0.79687703125,put,2026-09-25,SPY,761.6300048828125,2026-09-18T22:35:11.743583+00:00
510.0,0.0,0.01,0.03,63.0,228.0,0.7812521875,put,2026-09-25,SPY,761.6300048828125,2026-09-18T22:35:11.743583+00:00
515.0,0.0,0.01,0.02,1.0,78.0,0.7656273437500001,put,2026-09-25,SPY,761.6300048828125,2026-09-18T22:35:11.743583+00:00
520.0,0.0,0.01,0.02,600.0,645.0,0.7500025,put,2026-09-25,SPY,761.6300048828125,2026-09-18T22:35:11.743583+00:00
525.0,0.0,0.01,0.01,2.0,110.0,0.73437765625,put,2026-09-25,SPY,761.6300048828125,2026-09-18T22:35:11.743583+00:00
530.0,0.0,0.01,0.01,32.0,18140.0,0.7187528125,put,2026-09-25,SPY,761.6300048828125,2026-09-18T22:35:11.743583+00:00
535.0,0.0,0.01,0.01,17.0,116.0,0.6875031250000001,put,2026-09-25,SPY,761.6300048828125,2026-09-18T22:35:11.743583+00:00
540.0,0.0,0.01,0.01,410.0,506.0,0.6718782812500002,put,2026-09-25,SPY,761.6300048828125,2026-09-18T22:35:11.743583+00:00
545.0,0.0,0.01,0.01,53.0,116.0,0.6562534375000001,put,2026-09-25,SPY,761.6300048828125,2026-09-18T22:35:11.743583+00:00
550.0,0.0,0.01,0.01,39.0,237.0,0.64062859375,put,2026-09-25,SPY,761.6300048828125,2026-09-18T22:35:11.743583+00:00
555.0,0.0,0.01,0.01,110.0,247.0,0.6250037500000001,put,2026-09-25,SPY,761.6300048828125,2026-09-18T22:35:11.743583+00:00
560.0,0.0,0.01,0.01,10.0,1158.0,0.6093789062500001,put,2026-09-25,SPY,761.6300048828125,2026-09-18T22:35:11.743583+00:00
565.0,0.0,0.01,0.01,4.0,24.0,0.5937540625000001,put,2026-09-25,SPY,761.6300048828125,2026-09-18T22:35:11.743583+00:00
570.0,0.0,0.01,0.01,1.0,87.0,0.57812921875,put,2026-09-25,SPY,761.6300048828125,2026-09-18T22:35:11.743583+00:00
575.0,0.0,0.01,0.01,40.0,156.0,0.5625043750000001,put,2026-09-25,SPY,761.6300048828125,2026-09-18T22:35:11.743583+00:00
580.0,0.0,0.01,0.01,52.0,188.0,0.5468795312500001,put,2026-09-25,SPY,761.6300048828125,2026-09-18T22:35:11.743583+00:00
585.0,0.01,0.02,0.01,30.0,34.0,0.5742230078125,put,2026-09-25,SPY,761.6300048828125,2026-09-18T22:35:11.743583+00:00
590.0,0.01,0.02,0.01,31.0,382.0,0.5546919531250001,put,2026-09-25,SPY,761.6300048828125,2026-09-18T22:35:11.743583+00:00
595.0,0.01,0.02,0.01,2133.0,33.0,0.5390671093750001,put,2026-09-25,SPY,761.6300048828125,2026-09-18T22:35:11.743583+00:00
600.0,0.01,0.02,0.01,2.0,603.0,0.523442265625,put,2026-09-25,SPY,761.6300048828125,2026-09-18T22:35:11.743583+00:00
605.0,0.01,0.02,0.01,406.0,632.0,0.507817421875,put,2026-09-25,SPY,761.6300048828125,2026-09-18T22:35:11.743583+00:00
610.0,0.01,0.02,0.01,92.0,881.0,0.500005,put,2026-09-25,SPY,761.6300048828125,2026-09-18T22:35:11.743583+00:00
615.0,0.01,0.02,0.01,202.0,809.0,0.48438015625,put,2026-09-25,SPY,761.6300048828125,2026-09-18T22:35:11.743583+00:00
620.0,0.01,0.02,0.01,65.0,2130.0,0.4687553125,put,2026-09-25,SPY,761.6300048828125,2026-09-18T22:35:11.743583+00:00
625.0,0.02,0.03,0.03,92.0,645.0,0.4687553125,put,2026-09-25,SPY,761.6300048828125,2026-09-18T22:35:11.743583+00:00
630.0,0.02,0.03,0.03,130.0,884.0,0.44922425781249997,put,2026-09-25,SPY,761.6300048828125,2026-09-18T22:35:11.743583+00:00
635.0,0.02,0.03,0.01,2.0,1260.0,0.4335994140625,put,2026-09-25,SPY,761.6300048828125,2026-09-18T22:35:11.743583+00:00
640.0,0.02,0.03,0.03,19.0,248.0,0.41602146484374997,put,2026-09-25,SPY,761.6300048828125,2026-09-18T22:35:11.743583+00:00
645.0,0.03,0.04,0.02,4.0,216.0,0.4101621484375,put,2026-09-25,SPY,761.6300048828125,2026-09-18T22:35:11.743583+00:00
650.0,0.03,0.04,0.03,165.0,804.0,0.39258419921875,put,2026-09-25,SPY,761.6300048828125,2026-09-18T22:35:11.743583+00:00
655.0,0.03,0.04,0.04,13.0,1089.0,0.37500625,put,2026-09-25,SPY,761.6300048828125,2026-09-18T22:35:11.743583+00:00
660.0,0.04,0.05,0.05,1138.0,597.0,0.367193828125,put,2026-09-25,SPY,761.6300048828125,2026-09-18T22:35:11.743583+00:00
665.0,0.04,0.05,0.04,75.0,2665.0,0.34961587890624996,put,2026-09-25,SPY,761.6300048828125,2026-09-18T22:35:11.743583+00:00
670.0,0.05,0.06,0.05,8007.0,1033.0,0.33887379882812496,put,2026-09-25,SPY,761.6300048828125,2026-09-18T22:35:11.743583+00:00
675.0,0.05,0.06,0.06,6796.0,2880.0,0.32129584960937496,put,2026-09-25,SPY,761.6300048828125,2026-09-18T22:35:11.743583+00:00
680.0,0.06,0.07,0.06,2236.0,1397.0,0.3086006640625,put,2026-09-25,SPY,761.6300048828125,2026-09-18T22:35:11.743583+00:00
685.0,0.07,0.08,0.07,779.0,2169.0,0.295905478515625,put,2026-09-25,SPY,761.6300048828125,2026-09-18T22:35:11.743583+00:00
690.0,0.07,0.08,0.07,948.0,2064.0,0.27735097656249996,put,2026-09-25,SPY,761.6300048828125,2026-09-18T22:35:11.743583+00:00
695.0,0.08,0.09,0.09,94.0,3779.0,0.26367923828125,put,2026-09-25,SPY,761.6300048828125,2026-09-18T22:35:11.743583+00:00
700.0,0.09,0.1,0.09,880.0,2363.0,0.2485426708984375,put,2026-09-25,SPY,761.6300048828125,2026-09-18T22:35:11.743583+00:00
705.0,0.1,0.11,0.1,282.0,2052.0,0.233406103515625,put,2026-09-25,SPY,761.6300048828125,2026-09-18T22:35:11.743583+00:00
710.0,0.12,0.13,0.12,469.0,3534.0,0.21973436523437498,put,2026-09-25,SPY,761.6300048828125,2026-09-18T22:35:11.743583+00:00
715.0,0.13,0.14,0.15,4288.0,4090.0,0.20264469238281246,put,2026-09-25,SPY,761.6300048828125,2026-09-18T22:35:11.743583+00:00
720.0,0.16,0.17,0.16,4403.0,6724.0,0.1889729541015625,put,2026-09-25,SPY,761.6300048828125,2026-09-18T22:35:11.743583+00:00
721.0,0.16,0.17,0.17,92.0,577.0,0.18506674316406246,put,2026-09-25,SPY,761.6300048828125,2026-09-18T22:35:11.743583+00:00
722.0,0.17,0.18,0.18,361.0,1117.0,0.18262536132812499,put,2026-09-25,SPY,761.6300048828125,2026-09-18T22:35:11.743583+00:00
723.0,0.18,0.19,0.19,443.0,565.0,0.1801839794921875,put,2026-09-25,SPY,761.6300048828125,2026-09-18T22:35:11.743583+00:00
724.0,0.18,0.19,0.2,248.0,900.0,0.17627776855468752,put,2026-09-25,SPY,761.6300048828125,2026-09-18T22:35:11.743583+00:00
725.0,0.19,0.2,0.21,3749.0,2850.0,0.17359224853515626,put,2026-09-25,SPY,761.6300048828125,2026-09-18T22:35:11.743583+00:00
726.0,0.2,0.21,0.21,274.0,600.0,0.17090672851562502,put,2026-09-25,SPY,761.6300048828125,2026-09-18T22:35:11.743583+00:00
727.0,0.21,0.22,0.23,440.0,16172.0,0.1682212084960938,put,2026-09-25,SPY,761.6300048828125,2026-09-18T22:35:11.743583+00:00
728.0,0.22,0.23,0.23,547.0,1043.0,0.16529155029296877,put,2026-09-25,SPY,761.6300048828125,2026-09-18T22:35:11.743583+00:00
729.0,0.23,0.25,0.25,188.0,727.0,0.16358258300781253,put,2026-09-25,SPY,761.6300048828125,2026-09-18T22:35:11.743583+00:00
730.0,0.25,0.26,0.26,1733.0,129810.0,0.16040878662109376,put,2026-09-25,SPY,761.6300048828125,2026-09-18T22:35:11.743583+00:00
731.0,0.26,0.27,0.28,773.0,867.0,0.157234990234375,put,2026-09-25,SPY,761.6300048828125,2026-09-18T22:35:11.743583+00:00
732.0,0.28,0.29,0.3,449.0,1083.0,0.1550377465820313,put,2026-09-25,SPY,761.6300048828125,2026-09-18T22:35:11.743583+00:00
733.0,0.29,0.31,0.32,638.0,1031.0,0.15259636474609378,put,2026-09-25,SPY,761.6300048828125,2026-09-18T22:35:11.743583+00:00
734.0,0.31,0.33,0.31,523.0,630.0,0.15015498291015628,put,2026-09-25,SPY,761.6300048828125,2026-09-18T22:35:11.743583+00:00
735.0,0.33,0.35,0.34,4376.0,3484.0,0.147469462890625,put,2026-09-25,SPY,761.6300048828125,2026-09-18T22:35:11.743583+00:00
736.0,0.36,0.37,0.38,1756.0,1344.0,0.1445398046875,put,2026-09-25,SPY,761.6300048828125,2026-09-18T22:35:11.743583+00:00
737.0,0.38,0.39,0.38,1573.0,1483.0,0.141610146484375,put,2026-09-25,SPY,761.6300048828125,2026-09-18T22:35:11.743583+00:00
738.0,0.41,0.42,0.42,1839.0,1658.0,0.13916876464843753,put,2026-09-25,SPY,761.6300048828125,2026-09-18T22:35:11.743583+00:00
739.0,0.44,0.45,0.45,1081.0,2071.0,0.13660531372070314,put,2026-09-25,SPY,761.6300048828125,2026-09-18T22:35:11.743583+00:00
740.0,0.47,0.49,0.47,8641.0,21412.0,0.13453013916015627,put,2026-09-25,SPY,761.6300048828125,2026-09-18T22:35:11.743583+00:00
741.0,0.51,0.52,0.52,3011.0,1228.0,0.13160048095703125,put,2026-09-25,SPY,761.6300048828125,2026-09-18T22:35:11.743583+00:00
742.0,0.55,0.56,0.56,853.0,1163.0,0.12897599548339844,put,2026-09-25,SPY,761.6300048828125,2026-09-18T22:35:11.743583+00:00
743.0,0.6,0.61,0.61,1342.0,2305.0,0.12671771728515624,put,2026-09-25,SPY,761.6300048828125,2026-09-18T22:35:11.743583+00:00
744.0,0.65,0.66,0.66,1454.0,3626.0,0.12415426635742188,put,2026-09-25,SPY,761.6300048828125,2026-09-18T22:35:11.743583+00:00
745.0,0.71,0.72,0.72,18233.0,151872.0,0.1218959881591797,put,2026-09-25,SPY,761.6300048828125,2026-09-18T22:35:11.743583+00:00
746.0,0.77,0.78,0.77,4511.0,2237.0,0.11927150268554687,put,2026-09-25,SPY,761.6300048828125,2026-09-18T22:35:11.743583+00:00
747.0,0.83,0.85,0.84,1899.0,1475.0,0.11683012084960936,put,2026-09-25,SPY,761.6300048828125,2026-09-18T22:35:11.743583+00:00
748.0,0.91,0.93,0.92,1660.0,1593.0,0.11444977355957033,put,2026-09-25,SPY,761.6300048828125,2026-09-18T22:35:11.743583+00:00
749.0,1.0,1.02,1.0,1650.0,1836.0,0.11213046081542967,put,2026-09-25,SPY,761.6300048828125,2026-09-18T22:35:11.743583+00:00
750.0,1.1,1.12,1.1,20685.0,16650.0,0.10975011352539063,put,2026-09-25,SPY,761.6300048828125,2026-09-18T22:35:11.743583+00:00
751.0,1.21,1.23,1.2,2244.0,2143.0,0.10730873168945312,put,2026-09-25,SPY,761.6300048828125,2026-09-18T22:35:11.743583+00:00
752.0,1.33,1.35,1.32,2265.0,2815.0,0.10480631530761718,put,2026-09-25,SPY,761.6300048828125,2026-09-18T22:35:11.743583+00:00
753.0,1.47,1.49,1.49,2121.0,677.0,0.10248700256347655,put,2026-09-25,SPY,761.6300048828125,2026-09-18T22:35:11.743583+00:00
754.0,1.61,1.64,1.62,1106.0,1445.0,0.0999235516357422,put,2026-09-25,SPY,761.6300048828125,2026-09-18T22:35:11.743583+00:00
755.0,1.78,1.81,1.78,18291.0,5941.0,0.09742113525390625,put,2026-09-25,SPY,761.6300048828125,2026-09-18T22:35:11.743583+00:00
756.0,1.97,2.01,1.95,1280.0,975.0,0.09516285705566407,put,2026-09-25,SPY,761.6300048828125,2026-09-18T22:35:11.743583+00:00
757.0,2.18,2.22,2.2,1973.0,962.0,0.09253837158203124,put,2026-09-25,SPY,761.6300048828125,2026-09-18T22:35:11.743583+00:00
758.0,2.42,2.46,2.39,4727.0,1850.0,0.09003595520019532,put,2026-09-25,SPY,761.6300048828125,2026-09-18T22:35:11.743583+00:00
759.0,2.68,2.72,2.67,3312.0,2176.0,0.08728940063476565,put,2026-09-25,SPY,761.6300048828125,2026-09-18T22:35:11.743583+00:00
760.0,2.97,3.02,2.99,14143.0,19485.0,0.08469543243408204,put,2026-09-25,SPY,761.6300048828125,2026-09-18T22:35:11.743583+00:00
761.0,3.29,3.35,3.29,2857.0,2942.0,0.08197939514160157,put,2026-09-25,SPY,761.6300048828125,2026-09-18T22:35:11.743583+00:00
762.0,3.65,3.71,3.65,5167.0,3463.0,0.07898870239257813,put,2026-09-25,SPY,761.6300048828125,2026-09-18T22:35:11.743583+00:00
763.0,4.07,4.09,4.0,1570.0,1289.0,0.07541818145751955,put,2026-09-25,SPY,761.6300048828125,2026-09-18T22:35:11.743583+00:00
764.0,4.49,4.55,4.48,1306.0,1004.0,0.07251904052734376,put,2026-09-25,SPY,761.6300048828125,2026-09-18T22:35:11.743583+00:00
765.0,4.84,5.12,5.0,2235.0,3085.0,0.07093214233398437,put,2026-09-25,SPY,761.6300048828125,2026-09-18T22:35:11.743583+00:00
766.0,5.31,5.66,5.43,591.0,1958.0,0.0672090350341797,put,2026-09-25,SPY,761.6300048828125,2026-09-18T22:35:11.743583+00:00
767.0,5.85,6.24,5.98,813.0,2348.0,0.06263144409179688,put,2026-09-25,SPY,761.6300048828125,2026-09-18T22:35:11.743583+00:00
768.0,6.38,7.0,7.02,1264.0,1819.0,0.06147178771972657,put,2026-09-25,SPY,761.6300048828125,2026-09-18T22:35:11.743583+00:00
769.0,6.98,7.7,7.69,2175.0,1845.0,0.05591764404296875,put,2026-09-25,SPY,761.6300048828125,2026-09-18T22:35:11.743583+00:00
770.0,7.59,8.43,7.95,2126.0,1568.0,0.045907978515625,put,2026-09-25,SPY,761.6300048828125,2026-09-18T22:35:11.743583+00:00
771.0,8.18,9.33,9.82,569.0,874.0,0.0376072802734375,put,2026-09-25,SPY,761.6300048828125,2026-09-18T22:35:11.743583+00:00
772.0,8.84,10.59,10.19,68.0,684.0,0.06556110229492187,put,2026-09-25,SPY,761.6300048828125,2026-09-18T22:35:11.743583+00:00
773.0,9.55,11.54,12.37,27.0,800.0,0.06714800048828126,put,2026-09-25,SPY,761.6300048828125,2026-09-18T22:35:11.743583+00:00
774.0,10.16,12.46,12.57,55.0,381.0,0.065439033203125,put,2026-09-25,SPY,761.6300048828125,2026-09-18T22:35:11.743583+00:00
775.0,12.0,13.48,13.25,100.0,730.0,0.071298349609375,put,2026-09-25,SPY,761.6300048828125,2026-09-18T22:35:11.743583+00:00
776.0,12.0,14.42,16.21,6.0,297.0,0.06958938232421877,put,2026-09-25,SPY,761.6300048828125,2026-09-18T22:35:11.743583+00:00
777.0,12.95,15.41,18.7,2.0,309.0,0.07227490234375,put,2026-09-25,SPY,761.6300048828125,2026-09-18T22:35:11.743583+00:00
778.0,13.91,16.88,19.43,5.0,75.0,0.11011632080078124,put,2026-09-25,SPY,761.6300048828125,2026-09-18T22:35:11.743583+00:00
779.0,14.9,17.86,19.74,3.0,96.0,0.11390046264648437,put,2026-09-25,SPY,761.6300048828125,2026-09-18T22:35:11.743583+00:00
780.0,15.9,18.85,20.16,11.0,653.0,0.118172880859375,put,2026-09-25,SPY,761.6300048828125,2026-09-18T22:35:11.743583+00:00
781.0,16.9,19.88,23.16,1.0,16.0,0.1245204736328125,put,2026-09-25,SPY,761.6300048828125,2026-09-18T22:35:11.743583+00:00
782.0,17.9,21.15,23.2,2.0,12.0,0.14313601013183597,put,2026-09-25,SPY,761.6300048828125,2026-09-18T22:35:11.743583+00:00
783.0,18.9,22.15,24.0,1.0,28.0,0.1480798083496094,put,2026-09-25,SPY,761.6300048828125,2026-09-18T22:35:11.743583+00:00
784.0,19.9,21.75,23.21,1.0,12.0,1.0000000000000003e-05,put,2026-09-25,SPY,761.6300048828125,2026-09-18T22:35:11.743583+00:00
785.0,20.9,24.15,27.25,3.0,116.0,0.1579063702392578,put,2026-09-25,SPY,761.6300048828125,2026-09-18T22:35:11.743583+00:00
786.0,21.9,25.15,22.6,32.0,11.0,0.16272809936523439,put,2026-09-25,SPY,761.6300048828125,2026-09-18T22:35:11.743583+00:00
787.0,22.19,26.15,21.88,2.0,3.0,0.16754982849121097,put,2026-09-25,SPY,761.6300048828125,2026-09-18T22:35:11.743583+00:00
788.0,23.21,27.15,28.77,20.0,46.0,0.17231052307128908,put,2026-09-25,SPY,761.6300048828125,2026-09-18T22:35:11.743583+00:00
789.0,24.18,28.15,23.12,10.0,11.0,0.17701018310546873,put,2026-09-25,SPY,761.6300048828125,2026-09-18T22:35:11.743583+00:00
790.0,25.18,29.15,31.2,2.0,39.0,0.18177087768554687,put,2026-09-25,SPY,761.6300048828125,2026-09-18T22:35:11.743583+00:00
791.0,26.18,30.15,33.41,1.0,53.0,0.18640950317382812,put,2026-09-25,SPY,761.6300048828125,2026-09-18T22:35:11.743583+00:00
793.0,28.19,32.15,22.6,28.0,20.0,0.19556468505859376,put,2026-09-25,SPY,761.6300048828125,2026-09-18T22:35:11.743583+00:00
794.0,29.19,33.15,22.42,20.0,20.0,0.20020331054687499,put,2026-09-25,SPY,761.6300048828125,2026-09-18T22:35:11.743583+00:00
795.0,30.23,34.11,35.25,5.0,4.0,0.20227848510742186,put,2026-09-25,SPY,761.6300048828125,2026-09-18T22:35:11.743583+00:00
798.0,33.23,36.88,33.1,1.0,1.0,0.19995917236328126,put,2026-09-25,SPY,761.6300048828125,2026-09-18T22:35:11.743583+00:00
800.0,35.23,38.88,39.5,1.0,17.0,0.20838193969726557,put,2026-09-25,SPY,761.6300048828125,2026-09-18T22:35:11.743583+00:00
805.0,40.23,43.88,43.64,,1.0,0.22888954711914064,put,2026-09-25,SPY,761.6300048828125,2026-09-18T22:35:11.743583+00:00
807.0,42.23,45.88,42.55,2.0,0.0,0.23694610717773437,put,2026-09-25,SPY,761.6300048828125,2026-09-18T22:35:11.743583+00:00
810.0,45.23,48.88,35.4,19.0,0.0,0.249030947265625,put,2026-09-25,SPY,761.6300048828125,2026-09-18T22:35:11.743583+00:00
811.0,46.23,49.89,50.2,2.0,2.0,0.25379164184570313,put,2026-09-25,SPY,761.6300048828125,2026-09-18T22:35:11.743583+00:00
823.0,58.23,61.86,46.77,,0.0,0.2973703076171874,put,2026-09-25,SPY,761.6300048828125,2026-09-18T22:35:11.743583+00:00
824.0,59.23,62.86,51.8,2.0,0.0,0.30103238037109376,put,2026-09-25,SPY,761.6300048828125,2026-09-18T22:35:11.743583+00:00
855.0,90.23,93.85,78.1,,0.0,0.4106504248046875,put,2026-09-25,SPY,761.6300048828125,2026-09-18T22:35:11.743583+00:00
865.0,100.23,103.85,94.35,,0.0,0.4445856323242187,put,2026-09-25,SPY,761.6300048828125,2026-09-18T22:35:11.743583+00:00
870.0,105.23,108.85,99.33,,0.0,0.46094289062500005,put,2026-09-25,SPY,761.6300048828125,2026-09-18T22:35:11.743583+00:00
500.0,261.59,265.47,261.57,4.0,0.0,1.1313519995117187,call,2026-10-02,SPY,761.6300048828125,2026-09-18T22:35:11.743583+00:00
505.0,256.61,260.45,257.92,,0.0,1.1081587561035158,call,2026-10-02,SPY,761.6300048828125,2026-09-18T22:35:11.743583+00:00
510.0,251.62,255.48,252.94,,0.0,1.0874069067382814,call,2026-10-02,SPY,761.6300048828125,2026-09-18T22:35:11.743583+00:00
515.0,246.62,250.49,247.95,,0.0,1.0651902209472657,call,2026-10-02,SPY,761.6300048828125,2026-09-18T22:35:11.743583+00:00
520.0,241.63,245.5,245.73,2.0,0.0,1.043705953369141,call,2026-10-02,SPY,761.6300048828125,2026-09-18T22:35:11.743583+00:00
580.0,181.75,185.61,185.28,,,0.7941915112304687,call,2026-10-02,SPY,761.6300048828125,2026-09-18T22:35:11.743583+00:00
590.0,171.91,175.64,171.69,10.0,0.0,0.7596459582519532,call,2026-10-02,SPY,761.6300048828125,2026-09-18T22:35:11.743583+00:00
595.0,166.79,170.65,170.85,2.0,1.0,0.7348659326171875,call,2026-10-02,SPY,761.6300048828125,2026-09-18T22:35:11.743583+00:00
600.0,161.79,165.66,162.63,2.0,2.0,0.7147245324707032,call,2026-10-02,SPY,761.6300048828125,2026-09-18T22:35:11.743583+00:00
605.0,156.81,160.68,158.43,,0.0,0.6955596850585939,call,2026-10-02,SPY,761.6300048828125,2026-09-18T22:35:11.743583+00:00
610.0,151.96,155.69,157.91,2.0,1.0,0.6805451867675782,call,2026-10-02,SPY,761.6300048828125,2026-09-18T22:35:11.743583+00:00
615.0,146.83,150.7,145.63,2.0,0.0,0.6562534375000001,call,2026-10-02,SPY,761.6300048828125,2026-09-18T22:35:11.743583+00:00
620.0,141.86,145.72,140.44,20.0,0.0,0.637576866455078,call,2026-10-02,SPY,761.6300048828125,2026-09-18T22:35:11.743583+00:00
625.0,136.86,140.73,139.15,2.0,0.0,0.6175575354003908,call,2026-10-02,SPY,761.6300048828125,2026-09-18T22:35:11.743583+00:00
630.0,131.89,135.75,134.74,1.0,0.0,0.5990030334472658,call,2026-10-02,SPY,761.6300048828125,2026-09-18T22:35:11.743583+00:00
635.0,126.89,130.78,129.18,2.0,0.0,0.5797161169433593,call,2026-10-02,SPY,761.6300048828125,2026-09-18T22:35:11.743583+00:00
640.0,122.05,125.78,124.19,,,0.5642133422851563,call,2026-10-02,SPY,761.6300048828125,2026-09-18T22:35:11.743583+00:00
645.0,116.94,120.8,119.21,,,0.5415084912109377,call,2026-10-02,SPY,761.6300048828125,2026-09-18T22:35:11.743583+00:00
650.0,111.94,115.81,110.69,21.0,1.0,0.5217332983398437,call,2026-10-02,SPY,761.6300048828125,2026-09-18T22:35:11.743583+00:00
655.0,107.0,110.86,99.18,2.0,2.0,0.5045825909423829,call,2026-10-02,SPY,761.6300048828125,2026-09-18T22:35:11.743583+00:00
660.0,102.02,105.87,100.83,4.0,4.0,0.5681805877685546,call,2026-10-02,SPY,761.6300048828125,2026-09-18T22:35:11.743583+00:00
665.0,97.04,100.9,94.08,2.0,1.0,0.547001600341797,call,2026-10-02,SPY,761.6300048828125,2026-09-18T22:35:11.743583+00:00
670.0,92.06,95.92,89.42,4.0,0.0,0.52539537109375,call,2026-10-02,SPY,761.6300048828125,2026-09-18T22:35:11.743583+00:00
675.0,87.07,90.95,84.06,2.0,0.0,0.5040943145751953,call,2026-10-02,SPY,761.6300048828125,2026-09-18T22:35:11.743583+00:00
680.0,82.12,85.98,81.17,1.0,0.0,0.4826711889648438,call,2026-10-02,SPY,761.6300048828125,2026-09-18T22:35:11.743583+00:00
685.0,77.15,81.01,76.82,8.0,1.0,0.4611870288085938,call,2026-10-02,SPY,761.6300048828125,2026-09-18T22:35:11.743583+00:00
690.0,72.18,76.11,71.52,10.0,0.0,0.44171700866699215,call,2026-10-02,SPY,761.6300048828125,2026-09-18T22:35:11.743583+00:00
695.0,67.23,71.16,66.08,2.0,33.0,0.420476986694336,call,2026-10-02,SPY,761.6300048828125,2026-09-18T22:35:11.743583+00:00
700.0,62.25,66.23,59.52,500.0,7.0,0.39954213745117195,call,2026-10-02,SPY,761.6300048828125,2026-09-18T22:35:11.743583+00:00
705.0,57.33,61.31,56.6,1.0,69.0,0.3786683227539062,call,2026-10-02,SPY,761.6300048828125,2026-09-18T22:35:11.743583+00:00
710.0,52.51,56.4,51.25,2.0,238.0,0.35767243896484374,call,2026-10-02,SPY,761.6300048828125,2026-09-18T22:35:11.743583+00:00
715.0,47.6,51.53,48.32,1.0,232.0,0.33731741790771486,call,2026-10-02,SPY,761.6300048828125,2026-09-18T22:35:11.743583+00:00
720.0,42.88,46.54,42.35,1.0,105.0,0.31342239318847653,call,2026-10-02,SPY,761.6300048828125,2026-09-18T22:35:11.743583+00:00
721.0,42.02,45.57,32.37,10.0,170.0,0.30930256134033207,call,2026-10-02,SPY,761.6300048828125,2026-09-18T22:35:11.743583+00:00
722.0,40.93,44.6,41.05,6.0,243.0,0.30512169494628905,call,2026-10-02,SPY,761.6300048828125,2026-09-18T22:35:11.743583+00:00
723.0,39.96,43.62,40.13,10.0,206.0,0.30072720764160155,call,2026-10-02,SPY,761.6300048828125,2026-09-18T22:35:11.743583+00:00
724.0,39.11,42.65,38.76,2.0,168.0,0.29651582397460935,call,2026-10-02,SPY,761.6300048828125,2026-09-18T22:35:11.743583+00:00
725.0,38.02,41.68,36.71,3.0,173.0,0.29224340576171864,call,2026-10-02,SPY,761.6300048828125,2026-09-18T22:35:11.743583+00:00
726.0,37.05,40.72,35.83,6.0,196.0,0.2882151257324218,call,2026-10-02,SPY,761.6300048828125,2026-09-18T22:35:11.743583+00:00
727.0,36.08,39.75,36.35,2.0,56.0,0.28388167297363276,call,2026-10-02,SPY,761.6300048828125,2026-09-18T22:35:11.743583+00:00
728.0,35.24,38.79,34.15,1.0,299.0,0.2797923583984374,call,2026-10-02,SPY,761.6300048828125,2026-09-18T22:35:11.743583+00:00
729.0,34.16,37.83,35.25,1.0,109.0,0.2756420092773437,call,2026-10-02,SPY,761.6300048828125,2026-09-18T22:35:11.743583+00:00
730.0,33.2,36.87,35.0,100.0,105.0,0.2714611428833008,call,2026-10-02,SPY,761.6300048828125,2026-09-18T22:35:11.743583+00:00
731.0,32.24,35.91,26.1,35.0,116.0,0.2672192419433594,call,2026-10-02,SPY,761.6300048828125,2026-09-18T22:35:11.743583+00:00
732.0,31.32,34.96,25.32,25.0,126.0,0.26319096191406255,call,2026-10-02,SPY,761.6300048828125,2026-09-18T22:35:11.743583+00:00
733.0,30.37,34.01,30.38,2.0,70.0,0.2591016473388672,call,2026-10-02,SPY,761.6300048828125,2026-09-18T22:35:11.743583+00:00
734.0,29.39,33.06,23.32,1.0,149.0,0.2549512982177735,call,2026-10-02,SPY,761.6300048828125,2026-09-18T22:35:11.743583+00:00
735.0,28.45,32.12,29.03,5.0,96.0,0.25098405273437496,call,2026-10-02,SPY,761.6300048828125,2026-09-18T22:35:11.743583+00:00
736.0,27.51,31.18,28.3,4.0,63.0,0.2469252554321289,call,2026-10-02,SPY,761.6300048828125,2026-09-18T22:35:11.743583+00:00
737.0,26.6,30.25,27.17,20.0,53.0,0.2430495617675781,call,2026-10-02,SPY,761.6300048828125,2026-09-18T22:35:11.743583+00:00
738.0,26.29,28.35,26.06,2.0,130.0,0.21891039886474606,call,2026-10-02,SPY,761.6300048828125,2026-09-18T22:35:11.743583+00:00
739.0,25.4,27.4,24.09,5.0,77.0,0.21472953247070312,call,2026-10-02,SPY,761.6300048828125,2026-09-18T22:35:11.743583+00:00
740.0,24.51,26.44,24.03,17.0,87.0,0.2102740106201172,call,2026-10-02,SPY,761.6300048828125,2026-09-18T22:35:11.743583+00:00
741.0,23.64,25.49,17.89,50.0,58.0,0.20600159240722654,call,2026-10-02,SPY,761.6300048828125,2026-09-18T22:35:11.743583+00:00
742.0,22.79,24.54,22.19,31.0,33.0,0.20163762237548827,call,2026-10-02,SPY,761.6300048828125,2026-09-18T22:35:11.743583+00:00
743.0,22.2,23.6,21.4,44.0,180.0,0.19739572143554687,call,2026-10-02,SPY,761.6300048828125,2026-09-18T22:35:11.743583+00:00
744.0,21.28,22.67,20.5,20.0,412.0,0.19330640686035155,call,2026-10-02,SPY,761.6300048828125,2026-09-18T22:35:11.743583+00:00
745.0,20.24,21.71,19.83,28.0,649.0,0.18854571228027345,call,2026-10-02,SPY,761.6300048828125,2026-09-18T22:35:11.743583+00:00
746.0,19.64,20.79,17.81,58.0,360.0,0.1844563977050781,call,2026-10-02,SPY,761.6300048828125,2026-09-18T22:35:11.743583+00:00
747.0,18.53,19.91,16.97,69.0,754.0,0.1810384631347656,call,2026-10-02,SPY,761.6300048828125,2026-09-18T22:35:11.743583+00:00
748.0,17.97,18.88,16.54,14.0,133.0,0.17469087036132813,call,2026-10-02,SPY,761.6300048828125,2026-09-18T22:35:11.743583+00:00
749.0,17.15,18.1,16.45,25.0,278.0,0.17292086853027344,call,2026-10-02,SPY,761.6300048828125,2026-09-18T22:35:11.743583+00:00
750.0,16.48,17.05,16.85,135.0,1826.0,0.16605448211669926,call,2026-10-02,SPY,761.6300048828125,2026-09-18T22:35:11.743583+00:00
751.0,15.32,16.33,13.06,4.0,235.0,0.165047412109375,call,2026-10-02,SPY,761.6300048828125,2026-09-18T22:35:11.743583+00:00
752.0,14.76,15.48,15.13,21.0,88.0,0.1615379257202148,call,2026-10-02,SPY,761.6300048828125,2026-09-18T22:35:11.743583+00:00
753.0,14.01,14.63,13.46,9.0,99.0,0.15784533569335937,call,2026-10-02,SPY,761.6300048828125,2026-09-18T22:35:11.743583+00:00
754.0,13.22,13.8,12.68,894.0,433.0,0.15436636657714847,call,2026-10-02,SPY,761.6300048828125,2026-09-18T22:35:11.743583+00:00
755.0,12.46,12.99,12.55,372.0,612.0,0.15100946655273442,call,2026-10-02,SPY,761.6300048828125,2026-09-18T22:35:11.743583+00:00
756.0,11.66,12.18,11.03,251.0,166.0,0.147469462890625,call,2026-10-02,SPY,761.6300048828125,2026-09-18T22:35:11.743583+00:00
757.0,10.91,11.4,10.42,236.0,563.0,0.1442346319580078,call,2026-10-02,SPY,761.6300048828125,2026-09-18T22:35:11.743583+00:00
758.0,10.19,10.64,10.55,1040.0,568.0,0.14106083557128907,call,2026-10-02,SPY,761.6300048828125,2026-09-18T22:35:11.743583+00:00
759.0,9.48,9.89,9.4,582.0,301.0,0.1378260046386719,call,2026-10-02,SPY,761.6300048828125,2026-09-18T22:35:11.743583+00:00
760.0,8.79,9.15,9.17,4305.0,2149.0,0.13449962188720704,call,2026-10-02,SPY,761.6300048828125,2026-09-18T22:35:11.743583+00:00
761.0,8.14,8.48,8.12,871.0,565.0,0.1320277227783203,call,2026-10-02,SPY,761.6300048828125,2026-09-18T22:35:11.743583+00:00
762.0,7.5,7.8,7.73,1728.0,1030.0,0.12906754730224607,call,2026-10-02,SPY,761.6300048828125,2026-09-18T22:35:11.743583+00:00
763.0,7.0,7.07,7.11,849.0,781.0,0.12497823272705078,call,2026-10-02,SPY,761.6300048828125,2026-09-18T22:35:11.743583+00:00
764.0,6.4,6.47,6.12,262.0,672.0,0.12265891998291016,call,2026-10-02,SPY,761.6300048828125,2026-09-18T22:35:11.743583+00:00
765.0,5.83,5.9,5.89,1090.0,2730.0,0.1204616763305664,call,2026-10-02,SPY,761.6300048828125,2026-09-18T22:35:11.743583+00:00
766.0,5.29,5.35,5.35,657.0,902.0,0.11820339813232422,call,2026-10-02,SPY,761.6300048828125,2026-09-18T22:35:11.743583+00:00
767.0,4.77,4.84,4.66,568.0,914.0,0.116219775390625,call,2026-10-02,SPY,761.6300048828125,2026-09-18T22:35:11.743583+00:00
768.0,4.29,4.36,4.38,683.0,844.0,0.11429718719482423,call,2026-10-02,SPY,761.6300048828125,2026-09-18T22:35:11.743583+00:00
769.0,3.84,3.9,3.92,337.0,922.0,0.11231356445312499,call,2026-10-02,SPY,761.6300048828125,2026-09-18T22:35:11.743583+00:00
770.0,3.42,3.47,3.47,2513.0,3667.0,0.11036045898437499,call,2026-10-02,SPY,761.6300048828125,2026-09-18T22:35:11.743583+00:00
771.0,3.03,3.09,3.11,195.0,1086.0,0.10886511260986328,call,2026-10-02,SPY,761.6300048828125,2026-09-18T22:35:11.743583+00:00
772.0,2.67,2.73,2.75,5925.0,10857.0,0.10724769714355468,call,2026-10-02,SPY,761.6300048828125,2026-09-18T22:35:11.743583+00:00
773.0,2.35,2.4,2.36,594.0,1977.0,0.10572183349609374,call,2026-10-02,SPY,761.6300048828125,2026-09-18T22:35:11.743583+00:00
774.0,2.05,2.1,2.05,256.0,2137.0,0.10431803894042967,call,2026-10-02,SPY,761.6300048828125,2026-09-18T22:35:11.743583+00:00
775.0,1.79,1.82,1.8,3832.0,3218.0,0.10276165802001952,call,2026-10-02,SPY,761.6300048828125,2026-09-18T22:35:11.743583+00:00
776.0,1.55,1.58,1.6,414.0,765.0,0.10160200164794922,call,2026-10-02,SPY,761.6300048828125,2026-09-18T22:35:11.743583+00:00
777.0,1.34,1.36,1.39,808.0,803.0,0.10035079345703124,call,2026-10-02,SPY,761.6300048828125,2026-09-18T22:35:11.743583+00:00
778.0,1.15,1.17,1.2,595.0,530.0,0.09937424072265624,call,2026-10-02,SPY,761.6300048828125,2026-09-18T22:35:11.743583+00:00
779.0,0.98,1.01,0.91,376.0,1236.0,0.09870286071777344,call,2026-10-02,SPY,761.6300048828125,2026-09-18T22:35:11.743583+00:00
780.0,0.84,0.86,0.86,1018.0,3446.0,0.09778734252929688,call,2026-10-02,SPY,761.6300048828125,2026-09-18T22:35:11.743583+00:00
781.0,0.71,0.74,0.68,653.0,2402.0,0.09729906616210937,call,2026-10-02,SPY,761.6300048828125,2026-09-18T22:35:11.743583+00:00
782.0,0.61,0.63,0.57,632.0,971.0,0.09674975524902345,call,2026-10-02,SPY,761.6300048828125,2026-09-18T22:35:11.743583+00:00
783.0,0.52,0.54,0.55,132.0,1897.0,0.09644458251953125,call,2026-10-02,SPY,761.6300048828125,2026-09-18T22:35:11.743583+00:00
784.0,0.44,0.46,0.42,168.0,870.0,0.09607837524414065,call,2026-10-02,SPY,761.6300048828125,2026-09-18T22:35:11.743583+00:00
785.0,0.37,0.39,0.37,5280.0,2162.0,0.09577320251464845,call,2026-10-02,SPY,761.6300048828125,2026-09-18T22:35:11.743583+00:00
786.0,0.32,0.33,0.33,314.0,1168.0,0.09546802978515626,call,2026-10-02,SPY,761.6300048828125,2026-09-18T22:35:11.743583+00:00
787.0,0.27,0.29,0.2,308.0,1006.0,0.09607837524414065,call,2026-10-02,SPY,761.6300048828125,2026-09-18T22:35:11.743583+00:00
788.0,0.23,0.25,0.18,158.0,1078.0,0.09620044433593751,call,2026-10-02,SPY,761.6300048828125,2026-09-18T22:35:11.743583+00:00
789.0,0.2,0.21,0.15,244.0,951.0,0.09595630615234377,call,2026-10-02,SPY,761.6300048828125,2026-09-18T22:35:11.743583+00:00
790.0,0.17,0.19,0.17,369.0,2098.0,0.09705492797851564,call,2026-10-02,SPY,761.6300048828125,2026-09-18T22:35:11.743583+00:00
791.0,0.15,0.16,0.12,54.0,2938.0,0.09693285888671876,call,2026-10-02,SPY,761.6300048828125,2026-09-18T22:35:11.743583+00:00
792.0,0.13,0.14,0.12,183.0,1316.0,0.09754320434570313,call,2026-10-02,SPY,761.6300048828125,2026-09-18T22:35:11.743583+00:00
793.0,0.12,0.13,0.09,180.0,953.0,0.09888596435546876,call,2026-10-02,SPY,761.6300048828125,2026-09-18T22:35:11.743583+00:00
794.0,0.1,0.11,0.11,165.0,1383.0,0.0991301025390625,call,2026-10-02,SPY,761.6300048828125,2026-09-18T22:35:11.743583+00:00
795.0,0.09,0.1,0.1,84.0,4890.0,0.1001066552734375,call,2026-10-02,SPY,761.6300048828125,2026-09-18T22:35:11.743583+00:00
796.0,0.08,0.09,0.07,4.0,860.0,0.1010832080078125,call,2026-10-02,SPY,761.6300048828125,2026-09-18T22:35:11.743583+00:00
797.0,0.08,0.09,0.08,209.0,1322.0,0.10352458984374999,call,2026-10-02,SPY,761.6300048828125,2026-09-18T22:35:11.743583+00:00
798.0,0.07,0.08,0.06,51.0,325.0,0.10425700439453123,call,2026-10-02,SPY,761.6300048828125,2026-09-18T22:35:11.743583+00:00
799.0,0.06,0.08,0.1,601.0,1960.0,0.10669838623046876,call,2026-10-02,SPY,761.6300048828125,2026-09-18T22:35:11.743583+00:00
800.0,0.06,0.07,0.06,491.0,7403.0,0.10718666259765625,call,2026-10-02,SPY,761.6300048828125,2026-09-18T22:35:11.743583+00:00
801.0,0.06,0.07,0.08,273.0,790.0,0.10938390625,call,2026-10-02,SPY,761.6300048828125,2026-09-18T22:35:11.743583+00:00
802.0,0.05,0.06,0.06,5.0,163.0,0.1098721826171875,call,2026-10-02,SPY,761.6300048828125,2026-09-18T22:35:11.743583+00:00
803.0,0.05,0.06,0.05,17.0,212.0,0.11182528808593749,call,2026-10-02,SPY,761.6300048828125,2026-09-18T22:35:11.743583+00:00
804.0,0.05,0.06,0.07,2.0,140.0,0.11426666992187501,call,2026-10-02,SPY,761.6300048828125,2026-09-18T22:35:11.743583+00:00
805.0,0.04,0.05,0.05,43.0,768.0,0.1137783935546875,call,2026-10-02,SPY,761.6300048828125,2026-09-18T22:35:11.743583+00:00
806.0,0.04,0.05,0.04,6.0,723.0,0.116219775390625,call,2026-10-02,SPY,761.6300048828125,2026-09-18T22:35:11.743583+00:00
807.0,0.04,0.05,0.07,28.0,285.0,0.118172880859375,call,2026-10-02,SPY,761.6300048828125,2026-09-18T22:35:11.743583+00:00
808.0,0.04,0.05,0.04,5.0,176.0,0.1206142626953125,call,2026-10-02,SPY,761.6300048828125,2026-09-18T22:35:11.743583+00:00
809.0,0.03,0.04,0.06,1.0,138.0,0.11963770996093749,call,2026-10-02,SPY,761.6300048828125,2026-09-18T22:35:11.743583+00:00
810.0,0.03,0.04,0.03,2.0,624.0,0.12207909179687501,call,2026-10-02,SPY,761.6300048828125,2026-09-18T22:35:11.743583+00:00
811.0,0.03,0.04,0.05,1.0,533.0,0.124032197265625,call,2026-10-02,SPY,761.6300048828125,2026-09-18T22:35:11.743583+00:00
812.0,0.03,0.04,0.04,3.0,201.0,0.125985302734375,call,2026-10-02,SPY,761.6300048828125,2026-09-18T22:35:11.743583+00:00
813.0,0.03,0.04,0.03,10.0,154.0,0.127938408203125,call,2026-10-02,SPY,761.6300048828125,2026-09-18T22:35:11.743583+00:00
814.0,0.03,0.04,0.03,49.0,209.0,0.13037979003906247,call,2026-10-02,SPY,761.6300048828125,2026-09-18T22:35:11.743583+00:00
815.0,0.02,0.03,0.03,13.0,851.0,0.127938408203125,call,2026-10-02,SPY,761.6300048828125,2026-09-18T22:35:11.743583+00:00
816.0,0.02,0.03,0.02,6.0,83.0,0.13037979003906247,call,2026-10-02,SPY,761.6300048828125,2026-09-18T22:35:11.743583+00:00
817.0,0.02,0.03,0.04,10.0,107.0,0.132821171875,call,2026-10-02,SPY,761.6300048828125,2026-09-18T22:35:11.743583+00:00
818.0,0.02,0.03,0.04,4.0,307.0,0.13477427734375003,call,2026-10-02,SPY,761.6300048828125,2026-09-18T22:35:11.743583+00:00
819.0,0.02,0.03,0.04,14.0,35.0,0.13672738281250002,call,2026-10-02,SPY,761.6300048828125,2026-09-18T22:35:11.743583+00:00
820.0,0.02,0.03,0.02,5.0,323.0,0.13868048828125001,call,2026-10-02,SPY,761.6300048828125,2026-09-18T22:35:11.743583+00:00
821.0,0.02,0.03,0.03,24.0,86.0,0.14063359375,call,2026-10-02,SPY,761.6300048828125,2026-09-18T22:35:11.743583+00:00
822.0,0.02,0.03,0.04,1.0,9.0,0.14258669921875,call,2026-10-02,SPY,761.6300048828125,2026-09-18T22:35:11.743583+00:00
823.0,0.01,0.03,0.04,1.0,141.0,0.1445398046875,call,2026-10-02,SPY,761.6300048828125,2026-09-18T22:35:11.743583+00:00
824.0,0.01,0.02,0.05,11.0,84.0,0.14063359375,call,2026-10-02,SPY,761.6300048828125,2026-09-18T22:35:11.743583+00:00
825.0,0.01,0.02,0.02,9.0,370.0,0.14258669921875,call,2026-10-02,SPY,761.6300048828125,2026-09-18T22:35:11.743583+00:00
830.0,0.01,0.02,0.01,13.0,690.0,0.15235222656250003,call,2026-10-02,SPY,761.6300048828125,2026-09-18T22:35:11.743583+00:00
835.0,0.01,0.02,0.02,99.0,642.0,0.16211775390625,call,2026-10-02,SPY,761.6300048828125,2026-09-18T22:35:11.743583+00:00
840.0,0.01,0.02,0.02,10.0,761.0,0.17188328125000002,call,2026-10-02,SPY,761.6300048828125,2026-09-18T22:35:11.743583+00:00
845.0,0.0,0.01,0.02,1.0,115.0,0.16993017578125003,call,2026-10-02,SPY,761.6300048828125,2026-09-18T22:35:11.743583+00:00
850.0,0.0,0.01,0.02,21.0,142.0,0.179695703125,call,2026-10-02,SPY,761.6300048828125,2026-09-18T22:35:11.743583+00:00
855.0,0.0,0.01,0.02,1.0,53.0,0.187508125,call,2026-10-02,SPY,761.6300048828125,2026-09-18T22:35:11.743583+00:00
860.0,0.0,0.01,0.01,3.0,170.0,0.195320546875,call,2026-10-02,SPY,761.6300048828125,2026-09-18T22:35:11.743583+00:00
865.0,0.0,0.01,0.01,50.0,168.0,0.20313296874999998,call,2026-10-02,SPY,761.6300048828125,2026-09-18T22:35:11.743583+00:00
870.0,0.0,0.01,0.01,5.0,56.0,0.21289849609375,call,2026-10-02,SPY,761.6300048828125,2026-09-18T22:35:11.743583+00:00
875.0,0.0,0.01,0.01,10.0,22.0,0.22266402343749997,call,2026-10-02,SPY,761.6300048828125,2026-09-18T22:35:11.743583+00:00
880.0,0.0,0.01,0.01,1.0,14.0,0.2304764453125,call,2026-10-02,SPY,761.6300048828125,2026-09-18T22:35:11.743583+00:00
890.0,0.0,0.01,0.01,10.0,13.0,0.2461012890625,call,2026-10-02,SPY,761.6300048828125,2026-09-18T22:35:11.743583+00:00
895.0,0.0,0.01,0.02,1.0,1.0,0.25391371093750004,call,2026-10-02,SPY,761.6300048828125,2026-09-18T22:35:11.743583+00:00
900.0,0.0,0.01,0.01,5.0,7.0,0.2617261328125,call,2026-10-02,SPY,761.6300048828125,2026-09-18T22:35:11.743583+00:00
905.0,0.0,0.01,0.01,3.0,3.0,0.2695385546875,call,2026-10-02,SPY,761.6300048828125,2026-09-18T22:35:11.743583+00:00
910.0,0.0,0.01,0.02,1.0,1.0,0.27735097656249996,call,2026-10-02,SPY,761.6300048828125,2026-09-18T22:35:11.743583+00:00
915.0,0.0,0.01,0.01,,450.0,0.28516339843749994,call,2026-10-02,SPY,761.6300048828125,2026-09-18T22:35:11.743583+00:00
920.0,0.0,0.01,0.01,540.0,659.0,0.2929758203124999,call,2026-10-02,SPY,761.6300048828125,2026-09-18T22:35:11.743583+00:00
925.0,0.0,0.01,0.01,,320.0,0.3007882421875,call,2026-10-02,SPY,761.6300048828125,2026-09-18T22:35:11.743583+00:00
930.0,0.0,0.01,0.01,1.0,11.0,0.3086006640625,call,2026-10-02,SPY,761.6300048828125,2026-09-18T22:35:11.743583+00:00
500.0,0.01,0.02,0.01,6.0,750.0,0.648441015625,put,2026-10-02,SPY,761.6300048828125,2026-09-18T22:35:11.743583+00:00
505.0,0.01,0.02,0.05,18.0,20.0,0.632816171875,put,2026-10-02,SPY,761.6300048828125,2026-09-18T22:35:11.743583+00:00
510.0,0.01,0.02,0.02,100.0,244.0,0.6171913281250001,put,2026-10-02,SPY,761.6300048828125,2026-09-18T22:35:11.743583+00:00
515.0,0.01,0.02,0.07,2.0,87.0,0.6054726953125001,put,2026-10-02,SPY,761.6300048828125,2026-09-18T22:35:11.743583+00:00
520.0,0.01,0.02,0.02,2.0,62.0,0.5937540625000001,put,2026-10-02,SPY,761.6300048828125,2026-09-18T22:35:11.743583+00:00
525.0,0.01,0.02,0.02,200.0,76.0,0.57812921875,put,2026-10-02,SPY,761.6300048828125,2026-09-18T22:35:11.743583+00:00
530.0,0.02,0.03,0.02,1.0,86.0,0.5898478515625001,put,2026-10-02,SPY,761.6300048828125,2026-09-18T22:35:11.743583+00:00
535.0,0.02,0.03,0.02,70.0,133.0,0.5742230078125,put,2026-10-02,SPY,761.6300048828125,2026-09-18T22:35:11.743583+00:00
540.0,0.02,0.03,0.02,29.0,114.0,0.5585981640625001,put,2026-10-02,SPY,761.6300048828125,2026-09-18T22:35:11.743583+00:00
545.0,0.02,0.03,0.09,1.0,105.0,0.5468795312500001,put,2026-10-02,SPY,761.6300048828125,2026-09-18T22:35:11.743583+00:00
550.0,0.02,0.03,0.03,48.0,73.0,0.5312546875,put,2026-10-02,SPY,761.6300048828125,2026-09-18T22:35:11.743583+00:00
555.0,0.02,0.03,0.03,5306.0,260.0,0.5195360546875,put,2026-10-02,SPY,761.6300048828125,2026-09-18T22:35:11.743583+00:00
560.0,0.03,0.04,0.03,10391.0,131.0,0.5195360546875,put,2026-10-02,SPY,761.6300048828125,2026-09-18T22:35:11.743583+00:00
565.0,0.03,0.04,0.03,24.0,150.0,0.50586431640625,put,2026-10-02,SPY,761.6300048828125,2026-09-18T22:35:11.743583+00:00
570.0,0.03,0.04,0.04,130.0,243.0,0.49805189453125004,put,2026-10-02,SPY,761.6300048828125,2026-09-18T22:35:11.743583+00:00
575.0,0.03,0.04,0.04,8.0,360.0,0.48438015625,put,2026-10-02,SPY,761.6300048828125,2026-09-18T22:35:11.743583+00:00
580.0,0.04,0.05,0.04,62.0,1086.0,0.4804739453125,put,2026-10-02,SPY,761.6300048828125,2026-09-18T22:35:11.743583+00:00
585.0,0.04,0.05,0.04,7.0,52.0,0.46680220703125,put,2026-10-02,SPY,761.6300048828125,2026-09-18T22:35:11.743583+00:00
590.0,0.04,0.05,0.05,74.0,144.0,0.45313046875,put,2026-10-02,SPY,761.6300048828125,2026-09-18T22:35:11.743583+00:00
595.0,0.05,0.06,0.05,41.0,263.0,0.44727115234375,put,2026-10-02,SPY,761.6300048828125,2026-09-18T22:35:11.743583+00:00
600.0,0.05,0.06,0.06,7114.0,382.0,0.4335994140625,put,2026-10-02,SPY,761.6300048828125,2026-09-18T22:35:11.743583+00:00
605.0,0.06,0.07,0.09,261.0,305.0,0.42676354492187507,put,2026-10-02,SPY,761.6300048828125,2026-09-18T22:35:11.743583+00:00
610.0,0.06,0.07,0.07,436.0,285.0,0.41211525390625,put,2026-10-02,SPY,761.6300048828125,2026-09-18T22:35:11.743583+00:00
615.0,0.07,0.08,0.08,21.0,313.0,0.40430283203125,put,2026-10-02,SPY,761.6300048828125,2026-09-18T22:35:11.743583+00:00
620.0,0.07,0.08,0.07,93.0,319.0,0.39063109375,put,2026-10-02,SPY,761.6300048828125,2026-09-18T22:35:11.743583+00:00
625.0,0.08,0.09,0.13,4.0,185.0,0.38184211914062494,put,2026-10-02,SPY,761.6300048828125,2026-09-18T22:35:11.743583+00:00
630.0,0.08,0.09,0.1,223.0,1085.0,0.36817038085937503,put,2026-10-02,SPY,761.6300048828125,2026-09-18T22:35:11.743583+00:00
635.0,0.09,0.1,0.1,155.0,621.0,0.358404853515625,put,2026-10-02,SPY,761.6300048828125,2026-09-18T22:35:11.743583+00:00
640.0,0.1,0.11,0.1,4.0,384.0,0.348639326171875,put,2026-10-02,SPY,761.6300048828125,2026-09-18T22:35:11.743583+00:00
645.0,0.11,0.12,0.11,5.0,467.0,0.33789724609375,put,2026-10-02,SPY,761.6300048828125,2026-09-18T22:35:11.743583+00:00
650.0,0.12,0.13,0.12,97.0,2770.0,0.327155166015625,put,2026-10-02,SPY,761.6300048828125,2026-09-18T22:35:11.743583+00:00
655.0,0.13,0.14,0.14,30.0,301.0,0.31592480957031244,put,2026-10-02,SPY,761.6300048828125,2026-09-18T22:35:11.743583+00:00
660.0,0.14,0.15,0.15,203.0,342.0,0.3042061767578125,put,2026-10-02,SPY,761.6300048828125,2026-09-18T22:35:11.743583+00:00
665.0,0.15,0.16,0.16,367.0,214.0,0.2924875439453124,put,2026-10-02,SPY,761.6300048828125,2026-09-18T22:35:11.743583+00:00
670.0,0.17,0.18,0.17,253.0,1706.0,0.2827220166015625,put,2026-10-02,SPY,761.6300048828125,2026-09-18T22:35:11.743583+00:00
675.0,0.18,0.19,0.18,70.0,2367.0,0.270515107421875,put,2026-10-02,SPY,761.6300048828125,2026-09-18T22:35:11.743583+00:00
680.0,0.2,0.21,0.21,2009.0,5323.0,0.25977302734375,put,2026-10-02,SPY,761.6300048828125,2026-09-18T22:35:11.743583+00:00
685.0,0.22,0.23,0.23,28.0,455.0,0.24829853271484376,put,2026-10-02,SPY,761.6300048828125,2026-09-18T22:35:11.743583+00:00
690.0,0.25,0.26,0.28,653.0,853.0,0.23804472900390622,put,2026-10-02,SPY,761.6300048828125,2026-09-18T22:35:11.743583+00:00
695.0,0.28,0.29,0.3,447.0,3577.0,0.2268143725585937,put,2026-10-02,SPY,761.6300048828125,2026-09-18T22:35:11.743583+00:00
700.0,0.32,0.33,0.34,1131.0,10223.0,0.21631643066406248,put,2026-10-02,SPY,761.6300048828125,2026-09-18T22:35:11.743583+00:00
705.0,0.37,0.38,0.38,246.0,2424.0,0.20581848876953124,put,2026-10-02,SPY,761.6300048828125,2026-09-18T22:35:11.743583+00:00
710.0,0.43,0.44,0.44,280.0,7673.0,0.19507640869140624,put,2026-10-02,SPY,761.6300048828125,2026-09-18T22:35:11.743583+00:00
715.0,0.5,0.52,0.55,173.0,4244.0,0.1848226049804687,put,2026-10-02,SPY,761.6300048828125,2026-09-18T22:35:11.743583+00:00
720.0,0.6,0.62,0.64,560.0,2745.0,0.1744467321777344,put,2026-10-02,SPY,761.6300048828125,2026-09-18T22:35:11.743583+00:00
721.0,0.63,0.64,0.66,72.0,1575.0,0.17212741943359378,put,2026-10-02,SPY,761.6300048828125,2026-09-18T22:35:11.743583+00:00
722.0,0.65,0.67,0.71,337.0,572.0,0.17041845214843754,put,2026-10-02,SPY,761.6300048828125,2026-09-18T22:35:11.743583+00:00
723.0,0.68,0.69,0.73,9.0,1781.0,0.16797707031250003,put,2026-10-02,SPY,761.6300048828125,2026-09-18T22:35:11.743583+00:00
724.0,0.7,0.72,0.75,53.0,1678.0,0.16602396484375004,put,2026-10-02,SPY,761.6300048828125,2026-09-18T22:35:11.743583+00:00
725.0,0.73,0.75,0.76,636.0,1913.0,0.16407085937500002,put,2026-10-02,SPY,761.6300048828125,2026-09-18T22:35:11.743583+00:00
726.0,0.77,0.78,0.82,138.0,511.0,0.16199568481445312,put,2026-10-02,SPY,761.6300048828125,2026-09-18T22:35:11.743583+00:00
727.0,0.8,0.82,0.85,646.0,1084.0,0.16022568298339845,put,2026-10-02,SPY,761.6300048828125,2026-09-18T22:35:11.743583+00:00
728.0,0.83,0.85,0.87,308.0,528.0,0.15796740478515625,put,2026-10-02,SPY,761.6300048828125,2026-09-18T22:35:11.743583+00:00
729.0,0.87,0.89,0.93,674.0,896.0,0.1560753338623047,put,2026-10-02,SPY,761.6300048828125,2026-09-18T22:35:11.743583+00:00
730.0,0.91,0.93,0.91,12871.0,5329.0,0.15406119384765626,put,2026-10-02,SPY,761.6300048828125,2026-09-18T22:35:11.743583+00:00
731.0,0.96,0.98,1.0,121.0,563.0,0.15235222656250003,put,2026-10-02,SPY,761.6300048828125,2026-09-18T22:35:11.743583+00:00
732.0,1.0,1.02,1.04,649.0,996.0,0.15015498291015628,put,2026-10-02,SPY,761.6300048828125,2026-09-18T22:35:11.743583+00:00
733.0,1.05,1.07,1.08,393.0,822.0,0.14820187744140628,put,2026-10-02,SPY,761.6300048828125,2026-09-18T22:35:11.743583+00:00
734.0,1.1,1.12,1.13,174.0,466.0,0.14612670288085935,put,2026-10-02,SPY,761.6300048828125,2026-09-18T22:35:11.743583+00:00
735.0,1.16,1.18,1.17,1390.0,3088.0,0.14429566650390624,put,2026-10-02,SPY,761.6300048828125,2026-09-18T22:35:11.743583+00:00
736.0,1.21,1.24,1.25,35.0,499.0,0.14234256103515625,put,2026-10-02,SPY,761.6300048828125,2026-09-18T22:35:11.743583+00:00
737.0,1.28,1.31,1.32,29.0,613.0,0.14063359375,put,2026-10-02,SPY,761.6300048828125,2026-09-18T22:35:11.743583+00:00
738.0,1.35,1.37,1.35,655.0,988.0,0.1383753155517578,put,2026-10-02,SPY,761.6300048828125,2026-09-18T22:35:11.743583+00:00
739.0,1.42,1.44,1.55,60.0,1285.0,0.13636117553710939,put,2026-10-02,SPY,761.6300048828125,2026-09-18T22:35:11.743583+00:00
740.0,1.5,1.52,1.53,3928.0,4537.0,0.13446910461425782,put,2026-10-02,SPY,761.6300048828125,2026-09-18T22:35:11.743583+00:00
741.0,1.58,1.6,1.64,457.0,1848.0,0.1324549645996094,put,2026-10-02,SPY,761.6300048828125,2026-09-18T22:35:11.743583+00:00
742.0,1.67,1.69,1.81,97.0,1023.0,0.13056289367675777,put,2026-10-02,SPY,761.6300048828125,2026-09-18T22:35:11.743583+00:00
743.0,1.77,1.79,1.86,239.0,1293.0,0.1287318572998047,put,2026-10-02,SPY,761.6300048828125,2026-09-18T22:35:11.743583+00:00
744.0,1.87,1.89,1.88,172.0,897.0,0.12671771728515624,put,2026-10-02,SPY,761.6300048828125,2026-09-18T22:35:11.743583+00:00
745.0,1.97,2.0,1.99,1380.0,3816.0,0.12479512908935547,put,2026-10-02,SPY,761.6300048828125,2026-09-18T22:35:11.743583+00:00
746.0,2.09,2.12,2.11,721.0,7604.0,0.12293357543945313,put,2026-10-02,SPY,761.6300048828125,2026-09-18T22:35:11.743583+00:00
747.0,2.22,2.24,2.22,991.0,12622.0,0.12085840087890626,put,2026-10-02,SPY,761.6300048828125,2026-09-18T22:35:11.743583+00:00
748.0,2.35,2.38,2.44,2184.0,602.0,0.11899684722900389,put,2026-10-02,SPY,761.6300048828125,2026-09-18T22:35:11.743583+00:00
749.0,2.49,2.52,2.58,599.0,563.0,0.11695218994140624,put,2026-10-02,SPY,761.6300048828125,2026-09-18T22:35:11.743583+00:00
750.0,2.65,2.67,2.66,3986.0,5562.0,0.11487701538085937,put,2026-10-02,SPY,761.6300048828125,2026-09-18T22:35:11.743583+00:00
751.0,2.81,2.84,2.91,1020.0,632.0,0.11298494445800782,put,2026-10-02,SPY,761.6300048828125,2026-09-18T22:35:11.743583+00:00
752.0,2.98,3.03,3.09,802.0,933.0,0.11121494262695311,put,2026-10-02,SPY,761.6300048828125,2026-09-18T22:35:11.743583+00:00
753.0,3.17,3.22,3.19,938.0,330.0,0.10917028533935547,put,2026-10-02,SPY,761.6300048828125,2026-09-18T22:35:11.743583+00:00
754.0,3.37,3.43,3.38,641.0,845.0,0.10724769714355468,put,2026-10-02,SPY,761.6300048828125,2026-09-18T22:35:11.743583+00:00
755.0,3.59,3.65,3.63,3108.0,2111.0,0.10520303985595703,put,2026-10-02,SPY,761.6300048828125,2026-09-18T22:35:11.743583+00:00
756.0,3.82,3.88,3.8,177.0,846.0,0.10303631347656249,put,2026-10-02,SPY,761.6300048828125,2026-09-18T22:35:11.743583+00:00
757.0,4.08,4.14,4.45,453.0,786.0,0.10105269073486328,put,2026-10-02,SPY,761.6300048828125,2026-09-18T22:35:11.743583+00:00
758.0,4.35,4.41,4.47,894.0,491.0,0.09891648162841798,put,2026-10-02,SPY,761.6300048828125,2026-09-18T22:35:11.743583+00:00
759.0,4.64,4.7,4.66,1395.0,598.0,0.09674975524902345,put,2026-10-02,SPY,761.6300048828125,2026-09-18T22:35:11.743583+00:00
760.0,4.95,5.02,4.97,3272.0,5639.0,0.09470509796142579,put,2026-10-02,SPY,761.6300048828125,2026-09-18T22:35:11.743583+00:00
761.0,5.28,5.36,5.26,726.0,699.0,0.09256888885498046,put,2026-10-02,SPY,761.6300048828125,2026-09-18T22:35:11.743583+00:00
762.0,5.64,5.72,5.62,1229.0,957.0,0.0903411279296875,put,2026-10-02,SPY,761.6300048828125,2026-09-18T22:35:11.743583+00:00
763.0,6.02,6.1,6.05,233.0,684.0,0.08793026336669924,put,2026-10-02,SPY,761.6300048828125,2026-09-18T22:35:11.743583+00:00
764.0,6.44,6.52,6.61,1020.0,678.0,0.08570250244140626,put,2026-10-02,SPY,761.6300048828125,2026-09-18T22:35:11.743583+00:00
765.0,6.88,6.96,6.85,263.0,2309.0,0.08323060333251955,put,2026-10-02,SPY,761.6300048828125,2026-09-18T22:35:11.743583+00:00
766.0,7.34,7.43,7.57,131.0,754.0,0.08066715240478516,put,2026-10-02,SPY,761.6300048828125,2026-09-18T22:35:11.743583+00:00
767.0,7.69,8.1,8.76,280.0,853.0,0.08097232513427735,put,2026-10-02,SPY,761.6300048828125,2026-09-18T22:35:11.743583+00:00
768.0,8.17,8.66,9.46,112.0,1713.0,0.07874456420898437,put,2026-10-02,SPY,761.6300048828125,2026-09-18T22:35:11.743583+00:00
769.0,8.69,9.24,9.25,2.0,539.0,0.07615059600830079,put,2026-10-02,SPY,761.6300048828125,2026-09-18T22:35:11.743583+00:00
770.0,9.3,9.85,10.0,353.0,858.0,0.073251455078125,put,2026-10-02,SPY,761.6300048828125,2026-09-18T22:35:11.743583+00:00
771.0,9.82,10.49,10.67,43.0,478.0,0.07001662414550781,put,2026-10-02,SPY,761.6300048828125,2026-09-18T22:35:11.743583+00:00
772.0,10.46,11.16,10.9,24.0,279.0,0.06617144775390627,put,2026-10-02,SPY,761.6300048828125,2026-09-18T22:35:11.743583+00:00
773.0,11.12,11.88,13.11,9.0,923.0,0.06202109863281251,put,2026-10-02,SPY,761.6300048828125,2026-09-18T22:35:11.743583+00:00
774.0,11.73,12.63,14.82,7.0,647.0,0.05652798950195313,put,2026-10-02,SPY,761.6300048828125,2026-09-18T22:35:11.743583+00:00
775.0,12.44,13.52,14.93,443.0,313.0,0.054513849487304686,put,2026-10-02,SPY,761.6300048828125,2026-09-18T22:35:11.743583+00:00
776.0,13.2,14.38,15.22,102.0,214.0,0.0473728076171875,put,2026-10-02,SPY,761.6300048828125,2026-09-18T22:35:11.743583+00:00
777.0,13.68,15.48,16.6,1.0,112.0,0.058359025878906255,put,2026-10-02,SPY,761.6300048828125,2026-09-18T22:35:11.743583+00:00
778.0,14.41,16.43,18.08,1.0,145.0,0.05762661132812501,put,2026-10-02,SPY,761.6300048828125,2026-09-18T22:35:11.743583+00:00
779.0,15.15,18.23,20.62,4.0,183.0,0.0960173406982422,put,2026-10-02,SPY,761.6300048828125,2026-09-18T22:35:11.743583+00:00
780.0,16.06,18.49,18.64,28.0,390.0,0.06800248413085938,put,2026-10-02,SPY,761.6300048828125,2026-09-18T22:35:11.743583+00:00
781.0,16.98,20.03,25.83,4.0,62.0,0.09668872070312501,put,2026-10-02,SPY,761.6300048828125,2026-09-18T22:35:11.743583+00:00
782.0,17.93,20.99,33.5,2.0,38.0,0.09876389526367188,put,2026-10-02,SPY,761.6300048828125,2026-09-18T22:35:11.743583+00:00
783.0,18.89,21.95,22.51,18.0,22.0,0.10071700073242187,put,2026-10-02,SPY,761.6300048828125,2026-09-18T22:35:11.743583+00:00
784.0,19.86,22.92,23.61,2.0,13.0,0.10291424438476562,put,2026-10-02,SPY,761.6300048828125,2026-09-18T22:35:11.743583+00:00
785.0,20.85,23.9,25.17,7.0,36.0,0.1054776953125,put,2026-10-02,SPY,761.6300048828125,2026-09-18T22:35:11.743583+00:00
786.0,21.85,24.86,28.98,1.0,5.0,0.10700355895996094,put,2026-10-02,SPY,761.6300048828125,2026-09-18T22:35:11.743583+00:00
787.0,22.23,25.88,28.0,5.0,37.0,0.11121494262695311,put,2026-10-02,SPY,761.6300048828125,2026-09-18T22:35:11.743583+00:00
789.0,24.22,28.22,31.47,1.0,36.0,0.1320277227783203,put,2026-10-02,SPY,761.6300048828125,2026-09-18T22:35:11.743583+00:00
790.0,25.22,29.22,34.52,1.0,26.0,0.1355066918945313,put,2026-10-02,SPY,761.6300048828125,2026-09-18T22:35:11.743583+00:00
792.0,27.26,31.22,34.28,1.0,18.0,0.14234256103515625,put,2026-10-02,SPY,761.6300048828125,2026-09-18T22:35:11.743583+00:00
795.0,30.2,34.22,36.61,11.0,11.0,0.15253533020019533,put,2026-10-02,SPY,761.6300048828125,2026-09-18T22:35:11.743583+00:00
796.0,31.2,35.22,39.93,24.0,20.0,0.15589223022460938,put,2026-10-02,SPY,761.6300048828125,2026-09-18T22:35:11.743583+00:00
797.0,32.2,36.22,35.24,,11.0,0.159188095703125,put,2026-10-02,SPY,761.6300048828125,2026-09-18T22:35:11.743583+00:00
799.0,34.2,38.22,34.0,,1.0,0.16577982666015628,put,2026-10-02,SPY,761.6300048828125,2026-09-18T22:35:11.743583+00:00
800.0,35.26,39.22,39.28,3.0,498.0,0.16901465759277345,put,2026-10-02,SPY,761.6300048828125,2026-09-18T22:35:11.743583+00:00
801.0,36.2,40.22,27.92,,1.0,0.17224948852539065,put,2026-10-02,SPY,761.6300048828125,2026-09-18T22:35:11.743583+00:00
802.0,37.2,41.22,38.0,,1.0,0.1754843194580078,put,2026-10-02,SPY,761.6300048828125,2026-09-18T22:35:11.743583+00:00
805.0,40.2,44.22,52.0,1.0,1.0,0.18506674316406246,put,2026-10-02,SPY,761.6300048828125,2026-09-18T22:35:11.743583+00:00
806.0,41.2,45.22,35.8,,1.0,0.18824053955078124,put,2026-10-02,SPY,761.6300048828125,2026-09-18T22:35:11.743583+00:00
810.0,45.23,49.1,44.1,,1.0,0.19458813232421873,put,2026-10-02,SPY,761.6300048828125,2026-09-18T22:35:11.743583+00:00
811.0,46.23,50.08,44.56,,0.0,0.19654123779296873,put,2026-10-02,SPY,761.6300048828125,2026-09-18T22:35:11.743583+00:00
813.0,48.23,52.05,42.39,2.0,2.0,0.20087469055175777,put,2026-10-02,SPY,761.6300048828125,2026-09-18T22:35:11.743583+00:00
816.0,51.23,55.05,53.4,1.0,1.0,0.20972469970703123,put,2026-10-02,SPY,761.6300048828125,2026-09-18T22:35:11.743583+00:00
822.0,57.23,60.88,49.8,,0.0,0.21595022338867187,put,2026-10-02,SPY,761.6300048828125,2026-09-18T22:35:11.743583+00:00
830.0,65.23,68.88,60.04,,0.0,0.23780059082031246,put,2026-10-02,SPY,761.6300048828125,2026-09-18T22:35:11.743583+00:00
855.0,90.23,93.86,88.2,1.0,1.0,0.30103238037109376,put,2026-10-02,SPY,761.6300048828125,2026-09-18T22:35:11.743583+00:00
300.0,461.89,465.64,463.08,50.0,0.0,1.6831070532226562,call,2026-10-16,SPY,761.6300048828125,2026-09-18T22:35:11.743583+00:00
305.0,456.89,460.65,454.74,84.0,62.0,1.65625171875,call,2026-10-16,SPY,761.6300048828125,2026-09-18T22:35:11.743583+00:00
310.0,451.91,455.67,457.48,,0.0,1.6315936389160153,call,2026-10-16,SPY,761.6300048828125,2026-09-18T22:35:11.743583+00:00
315.0,446.94,450.65,447.83,5.0,0.0,1.6057148620605468,call,2026-10-16,SPY,761.6300048828125,2026-09-18T22:35:11.743583+00:00
320.0,441.96,445.7,447.65,,0.0,1.583742315673828,call,2026-10-16,SPY,761.6300048828125,2026-09-18T22:35:11.743583+00:00
325.0,436.96,440.68,442.67,,0.0,1.5566428417968747,call,2026-10-16,SPY,761.6300048828125,2026-09-18T22:35:11.743583+00:00
330.0,431.99,435.73,437.51,15.0,0.0,1.5358909924316406,call,2026-10-16,SPY,761.6300048828125,2026-09-18T22:35:11.743583+00:00
335.0,427.01,430.73,432.71,15.0,0.0,1.511965330810547,call,2026-10-16,SPY,761.6300048828125,2026-09-18T22:35:11.743583+00:00
340.0,0.0,0.0,415.74,,0.0,1.0000000000000003e-05,call,2026-10-16,SPY,761.6300048828125,2026-09-18T22:35:11.743583+00:00
350.0,412.06,415.77,409.44,3.0,0.0,1.4437283673095702,call,2026-10-16,SPY,761.6300048828125,2026-09-18T22:35:11.743583+00:00
360.0,402.07,405.83,411.77,3.0,0.0,1.4001494836425783,call,2026-10-16,SPY,761.6300048828125,2026-09-18T22:35:11.743583+00:00
365.0,398.31,400.99,388.48,,1.0,1.4437283673095702,call,2026-10-16,SPY,761.6300048828125,2026-09-18T22:35:11.743583+00:00
390.0,372.2,375.95,369.2,,1.0,1.2774694329833982,call,2026-10-16,SPY,761.6300048828125,2026-09-18T22:35:11.743583+00:00
400.0,362.23,365.95,375.11,2.0,0.0,1.235843664550781,call,2026-10-16,SPY,761.6300048828125,2026-09-18T22:35:11.743583+00:00
405.0,351.06,354.54,335.63,,1.0,1.0000000000000003e-05,call,2026-10-16,SPY,761.6300048828125,2026-09-18T22:35:11.743583+00:00
410.0,346.11,349.62,330.56,,1.0,1.0000000000000003e-05,call,2026-10-16,SPY,761.6300048828125,2026-09-18T22:35:11.743583+00:00
420.0,342.3,346.09,352.54,4.0,0.0,1.16174735534668,call,2026-10-16,SPY,761.6300048828125,2026-09-18T22:35:11.743583+00:00
440.0,323.5,326.28,298.33,,1.0,1.1325726965332032,call,2026-10-16,SPY,761.6300048828125,2026-09-18T22:35:11.743583+00:00
445.0,317.37,321.17,314.16,36.0,0.0,1.0682419635009768,call,2026-10-16,SPY,761.6300048828125,2026-09-18T22:35:11.743583+00:00
450.0,312.41,316.17,312.53,700.0,2.0,1.0504197869873046,call,2026-10-16,SPY,761.6300048828125,2026-09-18T22:35:11.743583+00:00
465.0,297.47,301.26,298.0,9.0,0.0,0.9989013781738281,call,2026-10-16,SPY,761.6300048828125,2026-09-18T22:35:11.743583+00:00
480.0,282.53,286.32,283.04,8.0,0.0,0.9473882214355469,call,2026-10-16,SPY,761.6300048828125,2026-09-18T22:35:11.743583+00:00
485.0,277.55,281.26,278.24,11.0,0.0,0.9278571667480469,call,2026-10-16,SPY,761.6300048828125,2026-09-18T22:35:11.743583+00:00
495.0,267.59,271.34,273.4,,0.0,0.8957529956054686,call,2026-10-16,SPY,761.6300048828125,2026-09-18T22:35:11.743583+00:00
500.0,262.61,266.36,260.88,32.0,23.0,0.8792736682128905,call,2026-10-16,SPY,761.6300048828125,2026-09-18T22:35:11.743583+00:00
505.0,257.63,261.38,263.54,36.0,0.0,0.8627943408203125,call,2026-10-16,SPY,761.6300048828125,2026-09-18T22:35:11.743583+00:00
510.0,252.65,256.4,250.68,1.0,1.0,0.8464370825195311,call,2026-10-16,SPY,761.6300048828125,2026-09-18T22:35:11.743583+00:00
515.0,247.67,251.44,248.17,43.0,43.0,0.8308122387695311,call,2026-10-16,SPY,761.6300048828125,2026-09-18T22:35:11.743583+00:00
520.0,242.71,246.48,230.82,1.0,73.0,0.8157977404785155,call,2026-10-16,SPY,761.6300048828125,2026-09-18T22:35:11.743583+00:00
525.0,237.72,241.47,238.21,43.0,5.0,0.7985859985351562,call,2026-10-16,SPY,761.6300048828125,2026-09-18T22:35:11.743583+00:00
530.0,232.74,236.49,232.98,1.0,84.0,0.7825949475097658,call,2026-10-16,SPY,761.6300048828125,2026-09-18T22:35:11.743583+00:00
535.0,227.73,231.52,221.33,1.0,0.0,0.7662376892089844,call,2026-10-16,SPY,761.6300048828125,2026-09-18T22:35:11.743583+00:00
540.0,224.3,227.04,213.41,1.0,2.0,0.799806689453125,call,2026-10-16,SPY,761.6300048828125,2026-09-18T22:35:11.743583+00:00
545.0,0.0,0.0,203.0,,0.0,1.0000000000000003e-05,call,2026-10-16,SPY,761.6300048828125,2026-09-18T22:35:11.743583+00:00
550.0,212.84,216.61,217.85,1.0,2.0,0.7210721252441408,call,2026-10-16,SPY,761.6300048828125,2026-09-18T22:35:11.743583+00:00
555.0,207.88,211.62,199.43,1.0,3.0,0.7056914196777344,call,2026-10-16,SPY,761.6300048828125,2026-09-18T22:35:11.743583+00:00
560.0,202.89,206.67,202.44,4.0,30.0,0.6906769213867189,call,2026-10-16,SPY,761.6300048828125,2026-09-18T22:35:11.743583+00:00
565.0,197.92,201.67,194.39,7.0,12.0,0.6749300085449221,call,2026-10-16,SPY,761.6300048828125,2026-09-18T22:35:11.743583+00:00
570.0,192.95,196.72,191.34,2.0,24.0,0.6604037866210939,call,2026-10-16,SPY,761.6300048828125,2026-09-18T22:35:11.743583+00:00
575.0,187.93,191.76,187.93,49.0,50.0,0.6446568737792968,call,2026-10-16,SPY,761.6300048828125,2026-09-18T22:35:11.743583+00:00
580.0,183.07,186.79,182.97,2.0,22.0,0.6321447918701173,call,2026-10-16,SPY,761.6300048828125,2026-09-18T22:35:11.743583+00:00
585.0,178.1,181.82,176.33,1.0,24.0,0.6172523626708986,call,2026-10-16,SPY,761.6300048828125,2026-09-18T22:35:11.743583+00:00
590.0,173.13,176.83,167.6,5.0,282.0,0.6019937261962893,call,2026-10-16,SPY,761.6300048828125,2026-09-18T22:35:11.743583+00:00
595.0,168.16,171.88,166.46,2.0,57.0,0.5875895733642578,call,2026-10-16,SPY,761.6300048828125,2026-09-18T22:35:11.743583+00:00
600.0,163.19,166.88,163.14,3.0,422.0,0.5722088677978516,call,2026-10-16,SPY,761.6300048828125,2026-09-18T22:35:11.743583+00:00
605.0,158.22,161.96,150.06,6.0,44.0,0.5584150604248048,call,2026-10-16,SPY,761.6300048828125,2026-09-18T22:35:11.743583+00:00
610.0,153.26,156.98,152.54,24.0,73.0,0.543644700317383,call,2026-10-16,SPY,761.6300048828125,2026-09-18T22:35:11.743583+00:00
615.0,148.29,152.02,148.55,12.0,211.0,0.5290574438476563,call,2026-10-16,SPY,761.6300048828125,2026-09-18T22:35:11.743583+00:00
620.0,143.33,147.06,131.65,15.0,193.0,0.514653291015625,call,2026-10-16,SPY,761.6300048828125,2026-09-18T22:35:11.743583+00:00
625.0,138.36,142.12,138.65,10.0,238.0,0.5004322418212892,call,2026-10-16,SPY,761.6300048828125,2026-09-18T22:35:11.743583+00:00
630.0,133.4,137.13,131.5,1.0,53.0,0.5422409057617189,call,2026-10-16,SPY,761.6300048828125,2026-09-18T22:35:11.743583+00:00
635.0,128.45,132.19,126.8,1.0,4348.0,0.5269212347412109,call,2026-10-16,SPY,761.6300048828125,2026-09-18T22:35:11.743583+00:00
640.0,123.49,127.26,123.6,200.0,422.0,0.5118457019042968,call,2026-10-16,SPY,761.6300048828125,2026-09-18T22:35:11.743583+00:00
645.0,118.54,122.3,120.5,1.0,249.0,0.4959156854248047,call,2026-10-16,SPY,761.6300048828125,2026-09-18T22:35:11.743583+00:00
650.0,113.59,117.36,113.8,7.0,334.0,0.4804739453125,call,2026-10-16,SPY,761.6300048828125,2026-09-18T22:35:11.743583+00:00
655.0,108.64,112.38,108.13,9.0,33.0,0.4639946179199219,call,2026-10-16,SPY,761.6300048828125,2026-09-18T22:35:11.743583+00:00
660.0,103.7,107.47,103.74,11.0,286.0,0.44919374053955075,call,2026-10-16,SPY,761.6300048828125,2026-09-18T22:35:11.743583+00:00
665.0,98.76,102.53,98.86,4.0,475.0,0.4335994140625,call,2026-10-16,SPY,761.6300048828125,2026-09-18T22:35:11.743583+00:00
670.0,93.83,97.6,92.5,2.0,500.0,0.41809663940429687,call,2026-10-16,SPY,761.6300048828125,2026-09-18T22:35:11.743583+00:00
675.0,88.9,92.67,89.35,61.0,108.0,0.40253283020019537,call,2026-10-16,SPY,761.6300048828125,2026-09-18T22:35:11.743583+00:00
680.0,83.98,87.75,82.44,9.0,2417.0,0.38709109008789055,call,2026-10-16,SPY,761.6300048828125,2026-09-18T22:35:11.743583+00:00
685.0,79.07,82.85,79.48,96.0,1548.0,0.37189348815917966,call,2026-10-16,SPY,761.6300048828125,2026-09-18T22:35:11.743583+00:00
690.0,74.18,77.95,73.06,4.0,1197.0,0.3565127825927734,call,2026-10-16,SPY,761.6300048828125,2026-09-18T22:35:11.743583+00:00
695.0,69.4,73.07,69.75,106.0,1075.0,0.3413151806640625,call,2026-10-16,SPY,761.6300048828125,2026-09-18T22:35:11.743583+00:00
700.0,64.56,68.2,66.51,313.0,916.0,0.3260870614624023,call,2026-10-16,SPY,761.6300048828125,2026-09-18T22:35:11.743583+00:00
701.0,63.68,67.23,63.86,606.0,34.0,0.32306585144042954,call,2026-10-16,SPY,761.6300048828125,2026-09-18T22:35:11.743583+00:00
702.0,62.59,66.26,61.45,2.0,75.0,0.320044641418457,call,2026-10-16,SPY,761.6300048828125,2026-09-18T22:35:11.743583+00:00
703.0,61.62,65.3,60.49,2.0,29.0,0.3172065350341796,call,2026-10-16,SPY,761.6300048828125,2026-09-18T22:35:11.743583+00:00
704.0,60.77,64.33,59.53,2.0,74.0,0.31415480773925775,call,2026-10-16,SPY,761.6300048828125,2026-09-18T22:35:11.743583+00:00
705.0,59.72,63.36,58.57,49.0,305.0,0.3111030804443359,call,2026-10-16,SPY,761.6300048828125,2026-09-18T22:35:11.743583+00:00
706.0,58.75,62.4,58.15,3.0,25.0,0.30820393951416014,call,2026-10-16,SPY,761.6300048828125,2026-09-18T22:35:11.743583+00:00
707.0,57.76,61.43,55.97,1.0,42.0,0.30512169494628905,call,2026-10-16,SPY,761.6300048828125,2026-09-18T22:35:11.743583+00:00
708.0,56.91,60.47,56.74,1.0,16.0,0.3021920367431641,call,2026-10-16,SPY,761.6300048828125,2026-09-18T22:35:11.743583+00:00
709.0,55.83,59.51,66.69,4.0,6.0,0.299262378540039,call,2026-10-16,SPY,761.6300048828125,2026-09-18T22:35:11.743583+00:00
710.0,54.87,58.55,53.5,85.0,1186.0,0.2963022030639648,call,2026-10-16,SPY,761.6300048828125,2026-09-18T22:35:11.743583+00:00
711.0,54.03,57.59,47.15,3.0,9.0,0.2933420275878905,call,2026-10-16,SPY,761.6300048828125,2026-09-18T22:35:11.743583+00:00
712.0,53.07,56.63,51.63,1.0,329.0,0.2903513348388671,call,2026-10-16,SPY,761.6300048828125,2026-09-18T22:35:11.743583+00:00
713.0,52.03,55.68,50.69,1.0,9.0,0.28748271118164054,call,2026-10-16,SPY,761.6300048828125,2026-09-18T22:35:11.743583+00:00
714.0,51.16,54.73,51.31,92.0,194.0,0.2846446047973632,call,2026-10-16,SPY,761.6300048828125,2026-09-18T22:35:11.743583+00:00
715.0,50.21,53.77,51.11,23.0,363.0,0.28159287750244133,call,2026-10-16,SPY,761.6300048828125,2026-09-18T22:35:11.743583+00:00
716.0,49.26,52.82,47.65,1.0,19.0,0.2786937365722656,call,2026-10-16,SPY,761.6300048828125,2026-09-18T22:35:11.743583+00:00
717.0,48.31,51.87,48.33,1.0,8.0,0.2757640783691406,call,2026-10-16,SPY,761.6300048828125,2026-09-18T22:35:11.743583+00:00
718.0,47.25,50.93,46.01,1.0,31.0,0.2729870065307617,call,2026-10-16,SPY,761.6300048828125,2026-09-18T22:35:11.743583+00:00
719.0,46.41,49.98,50.85,1.0,12.0,0.2700268310546875,call,2026-10-16,SPY,761.6300048828125,2026-09-18T22:35:11.743583+00:00
720.0,46.04,49.04,45.6,3.0,549.0,0.2671887246704102,call,2026-10-16,SPY,761.6300048828125,2026-09-18T22:35:11.743583+00:00
721.0,44.42,48.1,44.65,17.0,54.0,0.2643201010131836,call,2026-10-16,SPY,761.6300048828125,2026-09-18T22:35:11.743583+00:00
722.0,44.19,46.17,44.15,1.0,78.0,0.24573508178710937,call,2026-10-16,SPY,761.6300048828125,2026-09-18T22:35:11.743583+00:00
723.0,43.29,45.22,43.27,1.0,20.0,0.24280542358398435,call,2026-10-16,SPY,761.6300048828125,2026-09-18T22:35:11.743583+00:00
724.0,42.37,44.27,42.1,2.0,13.0,0.23984524810791014,call,2026-10-16,SPY,761.6300048828125,2026-09-18T22:35:11.743583+00:00
725.0,41.47,43.25,39.37,3.0,1123.0,0.2357559335327148,call,2026-10-16,SPY,761.6300048828125,2026-09-18T22:35:11.743583+00:00
726.0,40.56,42.37,39.49,4.0,26.0,0.23386386260986325,call,2026-10-16,SPY,761.6300048828125,2026-09-18T22:35:11.743583+00:00
727.0,39.66,41.42,37.29,1.0,92.0,0.23084265258789063,call,2026-10-16,SPY,761.6300048828125,2026-09-18T22:35:11.743583+00:00
728.0,38.7,40.53,30.26,3.0,182.0,0.22867592620849608,call,2026-10-16,SPY,761.6300048828125,2026-09-18T22:35:11.743583+00:00
729.0,37.81,39.59,38.87,18.0,42.0,0.22574626800537106,call,2026-10-16,SPY,761.6300048828125,2026-09-18T22:35:11.743583+00:00
730.0,36.92,38.65,37.82,11.0,1088.0,0.22278609252929685,call,2026-10-16,SPY,761.6300048828125,2026-09-18T22:35:11.743583+00:00
731.0,36.2,37.72,32.75,1.0,285.0,0.21991746887207028,call,2026-10-16,SPY,761.6300048828125,2026-09-18T22:35:11.743583+00:00
732.0,35.17,36.78,34.6,3.0,140.0,0.21686574157714844,call,2026-10-16,SPY,761.6300048828125,2026-09-18T22:35:11.743583+00:00
733.0,34.28,35.87,26.14,3.0,158.0,0.2142412561035156,call,2026-10-16,SPY,761.6300048828125,2026-09-18T22:35:11.743583+00:00
734.0,33.4,34.92,33.1,15.0,223.0,0.21097590789794918,call,2026-10-16,SPY,761.6300048828125,2026-09-18T22:35:11.743583+00:00
735.0,32.52,34.01,32.09,35.0,2686.0,0.2082598706054687,call,2026-10-16,SPY,761.6300048828125,2026-09-18T22:35:11.743583+00:00
736.0,31.81,33.11,30.91,1.0,158.0,0.20563538513183593,call,2026-10-16,SPY,761.6300048828125,2026-09-18T22:35:11.743583+00:00
737.0,30.81,32.19,30.48,2.0,181.0,0.20270572692871092,call,2026-10-16,SPY,761.6300048828125,2026-09-18T22:35:11.743583+00:00
738.0,29.96,31.29,30.6,3.0,411.0,0.19998968963623048,call,2026-10-16,SPY,761.6300048828125,2026-09-18T22:35:11.743583+00:00
739.0,28.03,30.4,27.8,3.0,658.0,0.19736520416259767,call,2026-10-16,SPY,761.6300048828125,2026-09-18T22:35:11.743583+00:00
740.0,28.28,29.5,28.34,175.0,5104.0,0.1945423564147949,call,2026-10-16,SPY,761.6300048828125,2026-09-18T22:35:11.743583+00:00
741.0,27.36,28.62,21.78,3.0,458.0,0.19193312957763675,call,2026-10-16,SPY,761.6300048828125,2026-09-18T22:35:11.743583+00:00
742.0,25.43,27.75,24.76,3.0,247.0,0.1894307131958008,call,2026-10-16,SPY,761.6300048828125,2026-09-18T22:35:11.743583+00:00
743.0,25.77,26.86,23.3,2.0,475.0,0.18656208953857423,call,2026-10-16,SPY,761.6300048828125,2026-09-18T22:35:11.743583+00:00
744.0,24.89,26.06,24.54,2.0,192.0,0.18485312225341793,call,2026-10-16,SPY,761.6300048828125,2026-09-18T22:35:11.743583+00:00
745.0,24.21,25.14,23.4,31.0,2657.0,0.18146570495605469,call,2026-10-16,SPY,761.6300048828125,2026-09-18T22:35:11.743583+00:00
746.0,23.46,24.26,24.13,63.0,257.0,0.1785665640258789,call,2026-10-16,SPY,761.6300048828125,2026-09-18T22:35:11.743583+00:00
747.0,22.57,23.41,21.87,6.0,248.0,0.1759725958251953,call,2026-10-16,SPY,761.6300048828125,2026-09-18T22:35:11.743583+00:00
748.0,21.77,23.51,21.96,3.0,183.0,0.18524984680175777,call,2026-10-16,SPY,761.6300048828125,2026-09-18T22:35:11.743583+00:00
749.0,21.16,21.74,20.12,5.0,373.0,0.17093724578857422,call,2026-10-16,SPY,761.6300048828125,2026-09-18T22:35:11.743583+00:00
750.0,20.36,20.94,20.7,728.0,8666.0,0.16874000213623053,call,2026-10-16,SPY,761.6300048828125,2026-09-18T22:35:11.743583+00:00
751.0,19.58,20.13,19.2,16.0,388.0,0.16629862030029302,call,2026-10-16,SPY,761.6300048828125,2026-09-18T22:35:11.743583+00:00
752.0,18.81,19.32,17.96,40.0,463.0,0.16379620391845706,call,2026-10-16,SPY,761.6300048828125,2026-09-18T22:35:11.743583+00:00
753.0,17.94,18.55,17.21,350.0,408.0,0.1616599948120117,call,2026-10-16,SPY,761.6300048828125,2026-09-18T22:35:11.743583+00:00
754.0,17.28,17.77,16.41,92.0,779.0,0.1593254234313965,call,2026-10-16,SPY,761.6300048828125,2026-09-18T22:35:11.743583+00:00
755.0,16.53,17.0,16.86,218.0,4375.0,0.15699085205078128,call,2026-10-16,SPY,761.6300048828125,2026-09-18T22:35:11.743583+00:00
756.0,15.8,16.25,15.85,648.0,1030.0,0.15479360839843753,call,2026-10-16,SPY,761.6300048828125,2026-09-18T22:35:11.743583+00:00
757.0,15.08,15.52,15.45,863.0,847.0,0.15268791656494146,call,2026-10-16,SPY,761.6300048828125,2026-09-18T22:35:11.743583+00:00
758.0,14.37,14.79,14.53,323.0,1486.0,0.1504906729125977,call,2026-10-16,SPY,761.6300048828125,2026-09-18T22:35:11.743583+00:00
759.0,13.68,14.11,14.0,405.0,1199.0,0.1487511883544922,call,2026-10-16,SPY,761.6300048828125,2026-09-18T22:35:11.743583+00:00
760.0,13.01,13.42,13.33,3279.0,10211.0,0.14673704833984375,call,2026-10-16,SPY,761.6300048828125,2026-09-18T22:35:11.743583+00:00
761.0,12.33,12.74,12.34,3640.0,1488.0,0.1447229083251953,call,2026-10-16,SPY,761.6300048828125,2026-09-18T22:35:11.743583+00:00
762.0,11.72,12.05,11.7,2371.0,2027.0,0.14243411285400392,call,2026-10-16,SPY,761.6300048828125,2026-09-18T22:35:11.743583+00:00
763.0,11.2,11.29,11.28,2155.0,1786.0,0.13916876464843753,call,2026-10-16,SPY,761.6300048828125,2026-09-18T22:35:11.743583+00:00
764.0,10.58,10.67,10.62,1046.0,2495.0,0.13739876281738284,call,2026-10-16,SPY,761.6300048828125,2026-09-18T22:35:11.743583+00:00
765.0,9.98,10.06,10.03,3295.0,7098.0,0.1355829850769043,call,2026-10-16,SPY,761.6300048828125,2026-09-18T22:35:11.743583+00:00
766.0,9.39,9.48,9.3,968.0,6194.0,0.13395031097412108,call,2026-10-16,SPY,761.6300048828125,2026-09-18T22:35:11.743583+00:00
767.0,8.82,8.9,8.91,655.0,7513.0,0.132119274597168,call,2026-10-16,SPY,761.6300048828125,2026-09-18T22:35:11.743583+00:00
768.0,8.28,8.35,8.35,608.0,4750.0,0.13047134185791015,call,2026-10-16,SPY,761.6300048828125,2026-09-18T22:35:11.743583+00:00
769.0,7.75,7.83,7.83,568.0,2313.0,0.12900651275634767,call,2026-10-16,SPY,761.6300048828125,2026-09-18T22:35:11.743583+00:00
770.0,7.28,7.31,7.29,3359.0,18267.0,0.12732806274414063,call,2026-10-16,SPY,761.6300048828125,2026-09-18T22:35:11.743583+00:00
771.0,6.75,6.83,6.68,491.0,3272.0,0.1259547854614258,call,2026-10-16,SPY,761.6300048828125,2026-09-18T22:35:11.743583+00:00
772.0,6.29,6.35,6.37,749.0,2662.0,0.12436788726806641,call,2026-10-16,SPY,761.6300048828125,2026-09-18T22:35:11.743583+00:00
773.0,5.84,5.91,5.73,529.0,2229.0,0.12305564453125001,call,2026-10-16,SPY,761.6300048828125,2026-09-18T22:35:11.743583+00:00
774.0,5.41,5.48,5.33,265.0,1815.0,0.12168236724853515,call,2026-10-16,SPY,761.6300048828125,2026-09-18T22:35:11.743583+00:00
775.0,5.01,5.07,5.05,3472.0,13145.0,0.12033960723876952,call,2026-10-16,SPY,761.6300048828125,2026-09-18T22:35:11.743583+00:00
776.0,4.63,4.69,4.71,512.0,1747.0,0.11914943359374999,call,2026-10-16,SPY,761.6300048828125,2026-09-18T22:35:11.743583+00:00
777.0,4.27,4.33,4.32,355.0,1887.0,0.11802029449462889,call,2026-10-16,SPY,761.6300048828125,2026-09-18T22:35:11.743583+00:00
778.0,3.93,3.99,3.86,1155.0,3845.0,0.11692167266845702,call,2026-10-16,SPY,761.6300048828125,2026-09-18T22:35:11.743583+00:00
779.0,3.61,3.67,3.56,344.0,1921.0,0.1158840853881836,call,2026-10-16,SPY,761.6300048828125,2026-09-18T22:35:11.743583+00:00
780.0,3.31,3.37,3.4,8164.0,13157.0,0.1149075326538086,call,2026-10-16,SPY,761.6300048828125,2026-09-18T22:35:11.743583+00:00
781.0,3.04,3.08,2.71,1533.0,3409.0,0.11380891082763672,call,2026-10-16,SPY,761.6300048828125,2026-09-18T22:35:11.743583+00:00
782.0,2.78,2.82,2.72,390.0,2881.0,0.1129544271850586,call,2026-10-16,SPY,761.6300048828125,2026-09-18T22:35:11.743583+00:00
783.0,2.54,2.57,2.29,723.0,2292.0,0.112038908996582,call,2026-10-16,SPY,761.6300048828125,2026-09-18T22:35:11.743583+00:00
784.0,2.32,2.35,2.14,273.0,2473.0,0.11136752899169922,call,2026-10-16,SPY,761.6300048828125,2026-09-18T22:35:11.743583+00:00
785.0,2.11,2.14,2.15,952.0,13125.0,0.11060459716796875,call,2026-10-16,SPY,761.6300048828125,2026-09-18T22:35:11.743583+00:00
786.0,1.92,1.95,1.9,711.0,4363.0,0.10999425170898436,call,2026-10-16,SPY,761.6300048828125,2026-09-18T22:35:11.743583+00:00
787.0,1.75,1.77,1.55,744.0,2064.0,0.10935338897705077,call,2026-10-16,SPY,761.6300048828125,2026-09-18T22:35:11.743583+00:00
788.0,1.59,1.61,1.61,603.0,1712.0,0.10883459533691406,call,2026-10-16,SPY,761.6300048828125,2026-09-18T22:35:11.743583+00:00
789.0,1.44,1.47,1.45,708.0,1539.0,0.1085599398803711,call,2026-10-16,SPY,761.6300048828125,2026-09-18T22:35:11.743583+00:00
790.0,1.31,1.33,1.3,6318.0,21273.0,0.10804114624023436,call,2026-10-16,SPY,761.6300048828125,2026-09-18T22:35:11.743583+00:00
791.0,1.19,1.21,1.2,447.0,1900.0,0.1077359735107422,call,2026-10-16,SPY,761.6300048828125,2026-09-18T22:35:11.743583+00:00
792.0,1.08,1.1,0.96,509.0,2014.0,0.10749183532714844,call,2026-10-16,SPY,761.6300048828125,2026-09-18T22:35:11.743583+00:00
793.0,0.98,1.0,0.83,392.0,7321.0,0.10730873168945312,call,2026-10-16,SPY,761.6300048828125,2026-09-18T22:35:11.743583+00:00
794.0,0.89,0.91,0.79,153.0,3957.0,0.10718666259765625,call,2026-10-16,SPY,761.6300048828125,2026-09-18T22:35:11.743583+00:00
795.0,0.81,0.82,0.81,5342.0,10409.0,0.10682045532226564,call,2026-10-16,SPY,761.6300048828125,2026-09-18T22:35:11.743583+00:00
796.0,0.73,0.75,0.7,75.0,2470.0,0.1069425244140625,call,2026-10-16,SPY,761.6300048828125,2026-09-18T22:35:11.743583+00:00
797.0,0.66,0.68,0.59,1420.0,11643.0,0.10682045532226564,call,2026-10-16,SPY,761.6300048828125,2026-09-18T22:35:11.743583+00:00
798.0,0.6,0.61,0.58,2103.0,1679.0,0.10651528259277344,call,2026-10-16,SPY,761.6300048828125,2026-09-18T22:35:11.743583+00:00
799.0,0.55,0.56,0.55,1304.0,2812.0,0.1067594207763672,call,2026-10-16,SPY,761.6300048828125,2026-09-18T22:35:11.743583+00:00
800.0,0.5,0.51,0.51,5351.0,22107.0,0.10682045532226564,call,2026-10-16,SPY,761.6300048828125,2026-09-18T22:35:11.743583+00:00
805.0,0.33,0.34,0.34,982.0,10081.0,0.10877356079101563,call,2026-10-16,SPY,761.6300048828125,2026-09-18T22:35:11.743583+00:00
810.0,0.22,0.23,0.23,1767.0,15187.0,0.11109287353515623,call,2026-10-16,SPY,761.6300048828125,2026-09-18T22:35:11.743583+00:00
815.0,0.16,0.17,0.14,191.0,16309.0,0.11487701538085937,call,2026-10-16,SPY,761.6300048828125,2026-09-18T22:35:11.743583+00:00
820.0,0.12,0.13,0.12,1125.0,14361.0,0.11890529541015624,call,2026-10-16,SPY,761.6300048828125,2026-09-18T22:35:11.743583+00:00
825.0,0.09,0.1,0.09,138.0,16091.0,0.12305564453125001,call,2026-10-16,SPY,761.6300048828125,2026-09-18T22:35:11.743583+00:00
830.0,0.07,0.08,0.07,20.0,18376.0,0.1274501318359375,call,2026-10-16,SPY,761.6300048828125,2026-09-18T22:35:11.743583+00:00
835.0,0.06,0.07,0.06,10.0,3413.0,0.13306531005859373,call,2026-10-16,SPY,761.6300048828125,2026-09-18T22:35:11.743583+00:00
840.0,0.05,0.06,0.06,42.0,3068.0,0.1381922119140625,call,2026-10-16,SPY,761.6300048828125,2026-09-18T22:35:11.743583+00:00
845.0,0.04,0.05,0.03,4.0,1886.0,0.14258669921875,call,2026-10-16,SPY,761.6300048828125,2026-09-18T22:35:11.743583+00:00
850.0,0.03,0.04,0.04,6.0,9894.0,0.14649291015625,call,2026-10-16,SPY,761.6300048828125,2026-09-18T22:35:11.743583+00:00
855.0,0.02,0.03,0.03,2.0,714.0,0.148446015625,call,2026-10-16,SPY,761.6300048828125,2026-09-18T22:35:11.743583+00:00
860.0,0.02,0.03,0.02,30.0,2031.0,0.15528188476562502,call,2026-10-16,SPY,761.6300048828125,2026-09-18T22:35:11.743583+00:00
865.0,0.01,0.02,0.01,11.0,509.0,0.1562584375,call,2026-10-16,SPY,761.6300048828125,2026-09-18T22:35:11.743583+00:00
870.0,0.01,0.02,0.02,2.0,2233.0,0.16211775390625,call,2026-10-16,SPY,761.6300048828125,2026-09-18T22:35:11.743583+00:00
875.0,0.01,0.02,0.02,1.0,1434.0,0.16895362304687503,call,2026-10-16,SPY,761.6300048828125,2026-09-18T22:35:11.743583+00:00
880.0,0.01,0.02,0.01,1.0,433.0,0.1757894921875,call,2026-10-16,SPY,761.6300048828125,2026-09-18T22:35:11.743583+00:00
885.0,0.0,0.01,0.01,300.0,2389.0,0.17188328125000002,call,2026-10-16,SPY,761.6300048828125,2026-09-18T22:35:11.743583+00:00
890.0,0.0,0.01,0.01,50.0,2596.0,0.1757894921875,call,2026-10-16,SPY,761.6300048828125,2026-09-18T22:35:11.743583+00:00
895.0,0.0,0.01,0.01,100.0,462.0,0.18360191406249998,call,2026-10-16,SPY,761.6300048828125,2026-09-18T22:35:11.743583+00:00
900.0,0.0,0.01,0.01,1000.0,3063.0,0.187508125,call,2026-10-16,SPY,761.6300048828125,2026-09-18T22:35:11.743583+00:00
905.0,0.0,0.01,0.01,9.0,106.0,0.195320546875,call,2026-10-16,SPY,761.6300048828125,2026-09-18T22:35:11.743583+00:00
910.0,0.0,0.01,0.01,276.0,3867.0,0.1992267578125,call,2026-10-16,SPY,761.6300048828125,2026-09-18T22:35:11.743583+00:00
915.0,0.0,0.01,0.01,9.0,3971.0,0.20508607421874997,call,2026-10-16,SPY,761.6300048828125,2026-09-18T22:35:11.743583+00:00
920.0,0.0,0.01,0.01,280.0,368.0,0.21094539062499998,call,2026-10-16,SPY,761.6300048828125,2026-09-18T22:35:11.743583+00:00
925.0,0.0,0.01,0.01,280.0,360.0,0.2148516015625,call,2026-10-16,SPY,761.6300048828125,2026-09-18T22:35:11.743583+00:00
930.0,0.0,0.01,0.01,1.0,371.0,0.22266402343749997,call,2026-10-16,SPY,761.6300048828125,2026-09-18T22:35:11.743583+00:00
935.0,0.0,0.01,0.01,1.0,598.0,0.22657023437499998,call,2026-10-16,SPY,761.6300048828125,2026-09-18T22:35:11.743583+00:00
940.0,0.0,0.01,0.01,28.0,1022.0,0.23438265625,call,2026-10-16,SPY,761.6300048828125,2026-09-18T22:35:11.743583+00:00
945.0,0.0,0.01,0.02,1101.0,1136.0,0.23828886718749998,call,2026-10-16,SPY,761.6300048828125,2026-09-18T22:35:11.743583+00:00
950.0,0.0,0.01,0.01,200.0,1177.0,0.242195078125,call,2026-10-16,SPY,761.6300048828125,2026-09-18T22:35:11.743583+00:00
955.0,0.0,0.01,0.01,1.0,18.0,0.2500075,call,2026-10-16,SPY,761.6300048828125,2026-09-18T22:35:11.743583+00:00
960.0,0.0,0.01,0.01,596.0,1188.0,0.25391371093750004,call,2026-10-16,SPY,761.6300048828125,2026-09-18T22:35:11.743583+00:00
965.0,0.0,0.01,0.01,206.0,785.0,0.257819921875,call,2026-10-16,SPY,761.6300048828125,2026-09-18T22:35:11.743583+00:00
970.0,0.0,0.01,0.01,10.0,782.0,0.26563234375,call,2026-10-16,SPY,761.6300048828125,2026-09-18T22:35:11.743583+00:00
975.0,0.0,0.01,0.01,745.0,1299.0,0.2695385546875,call,2026-10-16,SPY,761.6300048828125,2026-09-18T22:35:11.743583+00:00
980.0,0.0,0.01,0.05,532.0,290.0,0.273444765625,call,2026-10-16,SPY,761.6300048828125,2026-09-18T22:35:11.743583+00:00
985.0,0.0,0.01,0.01,407.0,595.0,0.28125718749999995,call,2026-10-16,SPY,761.6300048828125,2026-09-18T22:35:11.743583+00:00
990.0,0.0,0.01,0.01,407.0,628.0,0.28516339843749994,call,2026-10-16,SPY,761.6300048828125,2026-09-18T22:35:11.743583+00:00
995.0,0.0,0.01,0.01,1.0,72.0,0.2890696093749999,call,2026-10-16,SPY,761.6300048828125,2026-09-18T22:35:11.743583+00:00
1000.0,0.0,0.01,0.01,1.0,1252.0,0.2929758203124999,call,2026-10-16,SPY,761.6300048828125,2026-09-18T22:35:11.743583+00:00
300.0,0.0,0.01,0.01,2.0,5205.0,0.92187578125,put,2026-10-16,SPY,761.6300048828125,2026-09-18T22:35:11.743583+00:00
305.0,0.0,0.01,0.01,700.0,2490.0,0.9062509375,put,2026-10-16,SPY,761.6300048828125,2026-09-18T22:35:11.743583+00:00
310.0,0.0,0.01,0.01,220.0,4501.0,0.8906260937499999,put,2026-10-16,SPY,761.6300048828125,2026-09-18T22:35:11.743583+00:00
315.0,0.0,0.01,0.01,600.0,3539.0,0.87500125,put,2026-10-16,SPY,761.6300048828125,2026-09-18T22:35:11.743583+00:00
320.0,0.0,0.01,0.02,1641.0,2456.0,0.85937640625,put,2026-10-16,SPY,761.6300048828125,2026-09-18T22:35:11.743583+00:00
325.0,0.0,0.01,0.02,106.0,434.0,0.8437515624999999,put,2026-10-16,SPY,761.6300048828125,2026-09-18T22:35:11.743583+00:00
330.0,0.0,0.01,0.01,200.0,4675.0,0.8281267187499999,put,2026-10-16,SPY,761.6300048828125,2026-09-18T22:35:11.743583+00:00
335.0,0.0,0.01,0.01,2.0,1158.0,0.8125018749999999,put,2026-10-16,SPY,761.6300048828125,2026-09-18T22:35:11.743583+00:00
340.0,0.0,0.01,0.03,400.0,673.0,0.79687703125,put,2026-10-16,SPY,761.6300048828125,2026-09-18T22:35:11.743583+00:00
345.0,0.0,0.01,0.02,200.0,1045.0,0.7812521875,put,2026-10-16,SPY,761.6300048828125,2026-09-18T22:35:11.743583+00:00
350.0,0.0,0.01,0.01,1.0,6258.0,0.7812521875,put,2026-10-16,SPY,761.6300048828125,2026-09-18T22:35:11.743583+00:00
355.0,0.0,0.01,0.02,110.0,11301.0,0.7500025,put,2026-10-16,SPY,761.6300048828125,2026-09-18T22:35:11.743583+00:00
360.0,0.0,0.01,0.01,952.0,5728.0,0.7500025,put,2026-10-16,SPY,761.6300048828125,2026-09-18T22:35:11.743583+00:00
365.0,0.0,0.01,0.01,48.0,1815.0,0.73437765625,put,2026-10-16,SPY,761.6300048828125,2026-09-18T22:35:11.743583+00:00
370.0,0.0,0.01,0.01,102.0,10612.0,0.7187528125,put,2026-10-16,SPY,761.6300048828125,2026-09-18T22:35:11.743583+00:00
375.0,0.0,0.01,0.02,140.0,6869.0,0.70312796875,put,2026-10-16,SPY,761.6300048828125,2026-09-18T22:35:11.743583+00:00
380.0,0.0,0.01,0.01,1200.0,1913.0,0.6875031250000001,put,2026-10-16,SPY,761.6300048828125,2026-09-18T22:35:11.743583+00:00
385.0,0.01,0.02,0.04,31.0,3791.0,0.73437765625,put,2026-10-16,SPY,761.6300048828125,2026-09-18T22:35:11.743583+00:00
390.0,0.01,0.02,0.03,100.0,4633.0,0.726565234375,put,2026-10-16,SPY,761.6300048828125,2026-09-18T22:35:11.743583+00:00
395.0,0.01,0.02,0.02,2440.0,4123.0,0.710940390625,put,2026-10-16,SPY,761.6300048828125,2026-09-18T22:35:11.743583+00:00
400.0,0.01,0.02,0.02,1.0,21657.0,0.6953155468750001,put,2026-10-16,SPY,761.6300048828125,2026-09-18T22:35:11.743583+00:00
405.0,0.01,0.02,0.02,25.0,3749.0,0.6875031250000001,put,2026-10-16,SPY,761.6300048828125,2026-09-18T22:35:11.743583+00:00
410.0,0.01,0.02,0.01,86.0,12728.0,0.6718782812500002,put,2026-10-16,SPY,761.6300048828125,2026-09-18T22:35:11.743583+00:00
415.0,0.01,0.02,0.02,136.0,964.0,0.6562534375000001,put,2026-10-16,SPY,761.6300048828125,2026-09-18T22:35:11.743583+00:00
420.0,0.01,0.02,0.01,8.0,1486.0,0.648441015625,put,2026-10-16,SPY,761.6300048828125,2026-09-18T22:35:11.743583+00:00
425.0,0.02,0.03,0.02,124.0,154944.0,0.6601596484375001,put,2026-10-16,SPY,761.6300048828125,2026-09-18T22:35:11.743583+00:00
430.0,0.02,0.03,0.03,134.0,15652.0,0.648441015625,put,2026-10-16,SPY,761.6300048828125,2026-09-18T22:35:11.743583+00:00
435.0,0.02,0.03,0.03,48.0,1209.0,0.6367223828125,put,2026-10-16,SPY,761.6300048828125,2026-09-18T22:35:11.743583+00:00
440.0,0.02,0.03,0.02,125.0,534.0,0.6250037500000001,put,2026-10-16,SPY,761.6300048828125,2026-09-18T22:35:11.743583+00:00
445.0,0.02,0.03,0.03,48.0,4472.0,0.6132851171875001,put,2026-10-16,SPY,761.6300048828125,2026-09-18T22:35:11.743583+00:00
450.0,0.02,0.03,0.03,72.0,1541.0,0.5976602734375001,put,2026-10-16,SPY,761.6300048828125,2026-09-18T22:35:11.743583+00:00
455.0,0.03,0.04,0.03,24.0,2947.0,0.6054726953125001,put,2026-10-16,SPY,761.6300048828125,2026-09-18T22:35:11.743583+00:00
460.0,0.03,0.04,0.04,241.0,1834.0,0.5937540625000001,put,2026-10-16,SPY,761.6300048828125,2026-09-18T22:35:11.743583+00:00
465.0,0.03,0.04,0.04,151.0,2817.0,0.5800823242187501,put,2026-10-16,SPY,761.6300048828125,2026-09-18T22:35:11.743583+00:00
470.0,0.03,0.04,0.04,25.0,4165.0,0.56836369140625,put,2026-10-16,SPY,761.6300048828125,2026-09-18T22:35:11.743583+00:00
475.0,0.04,0.05,0.04,47.0,257.0,0.570316796875,put,2026-10-16,SPY,761.6300048828125,2026-09-18T22:35:11.743583+00:00
480.0,0.04,0.05,0.06,20.0,2233.0,0.5585981640625001,put,2026-10-16,SPY,761.6300048828125,2026-09-18T22:35:11.743583+00:00
485.0,0.04,0.05,0.08,1.0,134.0,0.5468795312500001,put,2026-10-16,SPY,761.6300048828125,2026-09-18T22:35:11.743583+00:00
490.0,0.05,0.06,0.06,10.0,79.0,0.5449264257812501,put,2026-10-16,SPY,761.6300048828125,2026-09-18T22:35:11.743583+00:00
495.0,0.05,0.06,0.12,41.0,229.0,0.53320779296875,put,2026-10-16,SPY,761.6300048828125,2026-09-18T22:35:11.743583+00:00
500.0,0.05,0.06,0.05,1717.0,3946.0,0.5214891601562499,put,2026-10-16,SPY,761.6300048828125,2026-09-18T22:35:11.743583+00:00
505.0,0.06,0.07,0.07,1.0,479.0,0.51758294921875,put,2026-10-16,SPY,761.6300048828125,2026-09-18T22:35:11.743583+00:00
510.0,0.06,0.07,0.08,4.0,1512.0,0.50586431640625,put,2026-10-16,SPY,761.6300048828125,2026-09-18T22:35:11.743583+00:00
515.0,0.07,0.08,0.08,1.0,337.0,0.5019581054687501,put,2026-10-16,SPY,761.6300048828125,2026-09-18T22:35:11.743583+00:00
520.0,0.08,0.09,0.09,10.0,948.0,0.499028447265625,put,2026-10-16,SPY,761.6300048828125,2026-09-18T22:35:11.743583+00:00
525.0,0.08,0.09,0.08,31.0,301531.0,0.48828636718750007,put,2026-10-16,SPY,761.6300048828125,2026-09-18T22:35:11.743583+00:00
530.0,0.09,0.1,0.09,6.0,827.0,0.481450498046875,put,2026-10-16,SPY,761.6300048828125,2026-09-18T22:35:11.743583+00:00
535.0,0.1,0.11,0.1,3.0,631.0,0.47461462890625,put,2026-10-16,SPY,761.6300048828125,2026-09-18T22:35:11.743583+00:00
540.0,0.1,0.11,0.11,417.0,4900.0,0.4633842724609375,put,2026-10-16,SPY,761.6300048828125,2026-09-18T22:35:11.743583+00:00
545.0,0.11,0.12,0.12,7.0,692.0,0.45606012695312503,put,2026-10-16,SPY,761.6300048828125,2026-09-18T22:35:11.743583+00:00
550.0,0.12,0.13,0.13,17.0,12520.0,0.44873598144531246,put,2026-10-16,SPY,761.6300048828125,2026-09-18T22:35:11.743583+00:00
555.0,0.13,0.14,0.14,107.0,567.0,0.4414118359375,put,2026-10-16,SPY,761.6300048828125,2026-09-18T22:35:11.743583+00:00
560.0,0.14,0.15,0.15,45.0,370.0,0.4331111376953125,put,2026-10-16,SPY,761.6300048828125,2026-09-18T22:35:11.743583+00:00
565.0,0.15,0.16,0.17,157.0,858.0,0.424810439453125,put,2026-10-16,SPY,761.6300048828125,2026-09-18T22:35:11.743583+00:00
570.0,0.16,0.17,0.16,149.0,853.0,0.4165097412109374,put,2026-10-16,SPY,761.6300048828125,2026-09-18T22:35:11.743583+00:00
575.0,0.17,0.18,0.2,68.0,1265.0,0.40772076660156253,put,2026-10-16,SPY,761.6300048828125,2026-09-18T22:35:11.743583+00:00
580.0,0.18,0.19,0.19,19.0,1769.0,0.39893179199218753,put,2026-10-16,SPY,761.6300048828125,2026-09-18T22:35:11.743583+00:00
585.0,0.19,0.2,0.2,11.0,1804.0,0.39014281738281253,put,2026-10-16,SPY,761.6300048828125,2026-09-18T22:35:11.743583+00:00
590.0,0.21,0.22,0.25,174.0,3207.0,0.3833069482421875,put,2026-10-16,SPY,761.6300048828125,2026-09-18T22:35:11.743583+00:00
595.0,0.22,0.23,0.26,21.0,1690.0,0.3742738354492187,put,2026-10-16,SPY,761.6300048828125,2026-09-18T22:35:11.743583+00:00
600.0,0.24,0.25,0.24,1123.0,12035.0,0.3667055517578125,put,2026-10-16,SPY,761.6300048828125,2026-09-18T22:35:11.743583+00:00
605.0,0.26,0.27,0.27,20.0,2517.0,0.3591372680664062,put,2026-10-16,SPY,761.6300048828125,2026-09-18T22:35:11.743583+00:00
610.0,0.27,0.28,0.28,145.0,3706.0,0.3493717407226562,put,2026-10-16,SPY,761.6300048828125,2026-09-18T22:35:11.743583+00:00
615.0,0.29,0.3,0.3,30.0,1241.0,0.3413151806640625,put,2026-10-16,SPY,761.6300048828125,2026-09-18T22:35:11.743583+00:00
620.0,0.31,0.32,0.31,133.0,4284.0,0.3327703442382813,put,2026-10-16,SPY,761.6300048828125,2026-09-18T22:35:11.743583+00:00
625.0,0.33,0.34,0.35,868.0,156877.0,0.3242255078124999,put,2026-10-16,SPY,761.6300048828125,2026-09-18T22:35:11.743583+00:00
630.0,0.35,0.36,0.38,538.0,33352.0,0.31519239501953117,put,2026-10-16,SPY,761.6300048828125,2026-09-18T22:35:11.743583+00:00
635.0,0.38,0.39,0.4,970.0,2570.0,0.3073799731445312,put,2026-10-16,SPY,761.6300048828125,2026-09-18T22:35:11.743583+00:00
640.0,0.41,0.42,0.41,484.0,6246.0,0.29920134399414056,put,2026-10-16,SPY,761.6300048828125,2026-09-18T22:35:11.743583+00:00
645.0,0.44,0.45,0.45,106.0,5404.0,0.29077857666015616,put,2026-10-16,SPY,761.6300048828125,2026-09-18T22:35:11.743583+00:00
650.0,0.47,0.48,0.47,841.0,25232.0,0.2819896020507812,put,2026-10-16,SPY,761.6300048828125,2026-09-18T22:35:11.743583+00:00
655.0,0.5,0.52,0.52,571.0,14070.0,0.27368890380859373,put,2026-10-16,SPY,761.6300048828125,2026-09-18T22:35:11.743583+00:00
660.0,0.54,0.56,0.58,1413.0,14206.0,0.2651440673828125,put,2026-10-16,SPY,761.6300048828125,2026-09-18T22:35:11.743583+00:00
665.0,0.59,0.6,0.6,361.0,4576.0,0.2563550927734375,put,2026-10-16,SPY,761.6300048828125,2026-09-18T22:35:11.743583+00:00
670.0,0.64,0.65,0.67,1468.0,16057.0,0.24781025634765624,put,2026-10-16,SPY,761.6300048828125,2026-09-18T22:35:11.743583+00:00
675.0,0.7,0.71,0.72,417.0,14284.0,0.23963162719726558,put,2026-10-16,SPY,761.6300048828125,2026-09-18T22:35:11.743583+00:00
680.0,0.76,0.78,0.79,1848.0,28072.0,0.231452998046875,put,2026-10-16,SPY,761.6300048828125,2026-09-18T22:35:11.743583+00:00
685.0,0.83,0.85,0.86,6133.0,4663.0,0.22278609252929685,put,2026-10-16,SPY,761.6300048828125,2026-09-18T22:35:11.743583+00:00
690.0,0.92,0.94,0.94,839.0,12872.0,0.21460746337890624,put,2026-10-16,SPY,761.6300048828125,2026-09-18T22:35:11.743583+00:00
695.0,1.02,1.04,1.05,438.0,7977.0,0.2063067651367187,put,2026-10-16,SPY,761.6300048828125,2026-09-18T22:35:11.743583+00:00
700.0,1.15,1.16,1.15,4883.0,32918.0,0.1980671014404297,put,2026-10-16,SPY,761.6300048828125,2026-09-18T22:35:11.743583+00:00
701.0,1.17,1.19,1.23,583.0,2782.0,0.19660227233886718,put,2026-10-16,SPY,761.6300048828125,2026-09-18T22:35:11.743583+00:00
702.0,1.2,1.22,1.48,67.0,1174.0,0.19507640869140624,put,2026-10-16,SPY,761.6300048828125,2026-09-18T22:35:11.743583+00:00
703.0,1.23,1.25,1.29,281.0,1268.0,0.19348951049804688,put,2026-10-16,SPY,761.6300048828125,2026-09-18T22:35:11.743583+00:00
704.0,1.26,1.28,1.34,56.0,1545.0,0.19184157775878907,put,2026-10-16,SPY,761.6300048828125,2026-09-18T22:35:11.743583+00:00
705.0,1.29,1.31,1.31,2889.0,14218.0,0.1901936450195313,put,2026-10-16,SPY,761.6300048828125,2026-09-18T22:35:11.743583+00:00
706.0,1.32,1.34,1.45,33.0,1107.0,0.18854571228027345,put,2026-10-16,SPY,761.6300048828125,2026-09-18T22:35:11.743583+00:00
707.0,1.36,1.37,1.49,105.0,1048.0,0.1868367449951172,put,2026-10-16,SPY,761.6300048828125,2026-09-18T22:35:11.743583+00:00
708.0,1.39,1.41,1.42,39.0,2937.0,0.18537191589355467,put,2026-10-16,SPY,761.6300048828125,2026-09-18T22:35:11.743583+00:00
709.0,1.42,1.45,1.51,163.0,1666.0,0.1839070867919922,put,2026-10-16,SPY,761.6300048828125,2026-09-18T22:35:11.743583+00:00
710.0,1.47,1.48,1.48,4748.0,14220.0,0.18207605041503905,put,2026-10-16,SPY,761.6300048828125,2026-09-18T22:35:11.743583+00:00
711.0,1.5,1.52,1.72,137.0,3789.0,0.1805501867675781,put,2026-10-16,SPY,761.6300048828125,2026-09-18T22:35:11.743583+00:00
712.0,1.54,1.56,1.61,89.0,1201.0,0.17896328857421873,put,2026-10-16,SPY,761.6300048828125,2026-09-18T22:35:11.743583+00:00
713.0,1.58,1.6,1.61,160.0,1316.0,0.17731535583496094,put,2026-10-16,SPY,761.6300048828125,2026-09-18T22:35:11.743583+00:00
714.0,1.63,1.65,1.74,841.0,4573.0,0.17591156127929689,put,2026-10-16,SPY,761.6300048828125,2026-09-18T22:35:11.743583+00:00
715.0,1.67,1.69,1.67,4903.0,9695.0,0.17420259399414065,put,2026-10-16,SPY,761.6300048828125,2026-09-18T22:35:11.743583+00:00
716.0,1.72,1.74,1.74,273.0,11269.0,0.1726767303466797,put,2026-10-16,SPY,761.6300048828125,2026-09-18T22:35:11.743583+00:00
717.0,1.77,1.79,1.84,16.0,1461.0,0.17115086669921875,put,2026-10-16,SPY,761.6300048828125,2026-09-18T22:35:11.743583+00:00
718.0,1.82,1.84,1.9,254.0,4842.0,0.1695639685058594,put,2026-10-16,SPY,761.6300048828125,2026-09-18T22:35:11.743583+00:00
719.0,1.87,1.89,1.98,103.0,1446.0,0.16791603576660158,put,2026-10-16,SPY,761.6300048828125,2026-09-18T22:35:11.743583+00:00
720.0,1.94,1.95,1.95,1404.0,33509.0,0.1664512066650391,put,2026-10-16,SPY,761.6300048828125,2026-09-18T22:35:11.743583+00:00
721.0,1.98,2.0,2.16,66.0,935.0,0.1647422393798828,put,2026-10-16,SPY,761.6300048828125,2026-09-18T22:35:11.743583+00:00
722.0,2.04,2.06,2.14,68.0,20855.0,0.16315534118652347,put,2026-10-16,SPY,761.6300048828125,2026-09-18T22:35:11.743583+00:00
723.0,2.1,2.13,2.17,333.0,5423.0,0.16181258117675779,put,2026-10-16,SPY,761.6300048828125,2026-09-18T22:35:11.743583+00:00
724.0,2.18,2.19,2.22,6254.0,29473.0,0.16010361389160155,put,2026-10-16,SPY,761.6300048828125,2026-09-18T22:35:11.743583+00:00
725.0,2.25,2.26,2.24,3546.0,44189.0,0.15863878479003907,put,2026-10-16,SPY,761.6300048828125,2026-09-18T22:35:11.743583+00:00
726.0,2.31,2.33,2.32,639.0,10398.0,0.1570518865966797,put,2026-10-16,SPY,761.6300048828125,2026-09-18T22:35:11.743583+00:00
727.0,2.38,2.4,2.4,175.0,12307.0,0.15543447113037112,put,2026-10-16,SPY,761.6300048828125,2026-09-18T22:35:11.743583+00:00
728.0,2.46,2.48,2.53,132.0,24147.0,0.15393912475585939,put,2026-10-16,SPY,761.6300048828125,2026-09-18T22:35:11.743583+00:00
729.0,2.54,2.56,2.57,91.0,2089.0,0.15241326110839848,put,2026-10-16,SPY,761.6300048828125,2026-09-18T22:35:11.743583+00:00
730.0,2.62,2.64,2.63,5915.0,43666.0,0.15079584564208987,put,2026-10-16,SPY,761.6300048828125,2026-09-18T22:35:11.743583+00:00
731.0,2.7,2.74,2.72,83.0,1598.0,0.14948360290527346,put,2026-10-16,SPY,761.6300048828125,2026-09-18T22:35:11.743583+00:00
732.0,2.79,2.83,2.8,96.0,36522.0,0.1479272219848633,put,2026-10-16,SPY,761.6300048828125,2026-09-18T22:35:11.743583+00:00
733.0,2.89,2.92,3.07,125.0,3754.0,0.14627928924560546,put,2026-10-16,SPY,761.6300048828125,2026-09-18T22:35:11.743583+00:00
734.0,2.99,3.02,3.11,81.0,3510.0,0.14475342559814453,put,2026-10-16,SPY,761.6300048828125,2026-09-18T22:35:11.743583+00:00
735.0,3.09,3.12,3.08,2386.0,27223.0,0.14313601013183597,put,2026-10-16,SPY,761.6300048828125,2026-09-18T22:35:11.743583+00:00
736.0,3.2,3.23,3.34,166.0,26681.0,0.141610146484375,put,2026-10-16,SPY,761.6300048828125,2026-09-18T22:35:11.743583+00:00
737.0,3.31,3.34,3.36,194.0,3236.0,0.14002324829101562,put,2026-10-16,SPY,761.6300048828125,2026-09-18T22:35:11.743583+00:00
738.0,3.43,3.46,3.48,351.0,6584.0,0.1384973846435547,put,2026-10-16,SPY,761.6300048828125,2026-09-18T22:35:11.743583+00:00
739.0,3.56,3.58,3.68,402.0,2823.0,0.13691048645019532,put,2026-10-16,SPY,761.6300048828125,2026-09-18T22:35:11.743583+00:00
740.0,3.68,3.71,3.67,17167.0,31086.0,0.13538462280273442,put,2026-10-16,SPY,761.6300048828125,2026-09-18T22:35:11.743583+00:00
741.0,3.81,3.85,3.88,1046.0,3620.0,0.13388927642822268,put,2026-10-16,SPY,761.6300048828125,2026-09-18T22:35:11.743583+00:00
742.0,3.95,3.99,4.02,858.0,6257.0,0.13233289550781252,put,2026-10-16,SPY,761.6300048828125,2026-09-18T22:35:11.743583+00:00
743.0,4.1,4.14,4.37,223.0,2161.0,0.13080703186035153,put,2026-10-16,SPY,761.6300048828125,2026-09-18T22:35:11.743583+00:00
744.0,4.26,4.29,4.28,163.0,2601.0,0.12918961639404297,put,2026-10-16,SPY,761.6300048828125,2026-09-18T22:35:11.743583+00:00
745.0,4.42,4.46,4.37,2701.0,42311.0,0.1277247872924805,put,2026-10-16,SPY,761.6300048828125,2026-09-18T22:35:11.743583+00:00
746.0,4.58,4.64,4.6,111.0,2070.0,0.1263209927368164,put,2026-10-16,SPY,761.6300048828125,2026-09-18T22:35:11.743583+00:00
747.0,4.75,4.82,4.98,445.0,2832.0,0.12479512908935547,put,2026-10-16,SPY,761.6300048828125,2026-09-18T22:35:11.743583+00:00
748.0,4.94,5.0,4.91,1443.0,2450.0,0.12314719635009766,put,2026-10-16,SPY,761.6300048828125,2026-09-18T22:35:11.743583+00:00
749.0,5.14,5.2,5.14,259.0,2002.0,0.12162133270263673,put,2026-10-16,SPY,761.6300048828125,2026-09-18T22:35:11.743583+00:00
750.0,5.33,5.4,5.35,6288.0,37975.0,0.12000391723632811,put,2026-10-16,SPY,761.6300048828125,2026-09-18T22:35:11.743583+00:00
751.0,5.55,5.61,5.53,168.0,2147.0,0.11837124313354491,put,2026-10-16,SPY,761.6300048828125,2026-09-18T22:35:11.743583+00:00
752.0,5.78,5.84,5.92,202.0,5634.0,0.11686063812255859,put,2026-10-16,SPY,761.6300048828125,2026-09-18T22:35:11.743583+00:00
753.0,6.0,6.07,6.02,604.0,28205.0,0.11521270538330078,put,2026-10-16,SPY,761.6300048828125,2026-09-18T22:35:11.743583+00:00
754.0,6.24,6.32,6.66,295.0,1698.0,0.11365632446289062,put,2026-10-16,SPY,761.6300048828125,2026-09-18T22:35:11.743583+00:00
755.0,6.5,6.57,6.53,6022.0,16746.0,0.11194735717773435,put,2026-10-16,SPY,761.6300048828125,2026-09-18T22:35:11.743583+00:00
756.0,6.77,6.85,6.76,436.0,2131.0,0.11045201080322264,put,2026-10-16,SPY,761.6300048828125,2026-09-18T22:35:11.743583+00:00
757.0,7.06,7.13,7.1,605.0,28155.0,0.10880407806396485,put,2026-10-16,SPY,761.6300048828125,2026-09-18T22:35:11.743583+00:00
758.0,7.34,7.42,7.36,1986.0,3203.0,0.1070951107788086,put,2026-10-16,SPY,761.6300048828125,2026-09-18T22:35:11.743583+00:00
759.0,7.65,7.73,7.82,2865.0,2153.0,0.10543191940307617,put,2026-10-16,SPY,761.6300048828125,2026-09-18T22:35:11.743583+00:00
760.0,7.97,8.06,8.0,5335.0,15889.0,0.10382976257324218,put,2026-10-16,SPY,761.6300048828125,2026-09-18T22:35:11.743583+00:00
761.0,8.31,8.4,8.33,3301.0,1576.0,0.10212079528808593,put,2026-10-16,SPY,761.6300048828125,2026-09-18T22:35:11.743583+00:00
762.0,8.68,8.75,8.7,2074.0,2064.0,0.10035079345703124,put,2026-10-16,SPY,761.6300048828125,2026-09-18T22:35:11.743583+00:00
763.0,9.03,9.12,9.0,1397.0,2423.0,0.09859605026245116,put,2026-10-16,SPY,761.6300048828125,2026-09-18T22:35:11.743583+00:00
764.0,9.42,9.52,9.87,370.0,1485.0,0.09696337615966799,put,2026-10-16,SPY,761.6300048828125,2026-09-18T22:35:11.743583+00:00
765.0,9.84,9.93,10.02,921.0,13267.0,0.0951933743286133,put,2026-10-16,SPY,761.6300048828125,2026-09-18T22:35:11.743583+00:00
766.0,10.27,10.36,10.96,422.0,4467.0,0.09342337249755861,put,2026-10-16,SPY,761.6300048828125,2026-09-18T22:35:11.743583+00:00
767.0,10.7,10.81,10.87,130.0,5846.0,0.09162285339355468,put,2026-10-16,SPY,761.6300048828125,2026-09-18T22:35:11.743583+00:00
768.0,11.18,11.28,11.7,23.0,3532.0,0.08979181701660156,put,2026-10-16,SPY,761.6300048828125,2026-09-18T22:35:11.743583+00:00
769.0,11.3,12.08,12.78,13.0,3065.0,0.09174492248535156,put,2026-10-16,SPY,761.6300048828125,2026-09-18T22:35:11.743583+00:00
770.0,12.0,12.54,12.2,847.0,9558.0,0.08924250610351564,put,2026-10-16,SPY,761.6300048828125,2026-09-18T22:35:11.743583+00:00
771.0,12.31,13.15,13.84,10.0,1442.0,0.08832698791503907,put,2026-10-16,SPY,761.6300048828125,2026-09-18T22:35:11.743583+00:00
772.0,12.86,13.7,13.7,28.0,2212.0,0.08628233062744142,put,2026-10-16,SPY,761.6300048828125,2026-09-18T22:35:11.743583+00:00
773.0,13.56,14.26,15.06,20.0,1141.0,0.08402405242919925,put,2026-10-16,SPY,761.6300048828125,2026-09-18T22:35:11.743583+00:00
774.0,14.16,14.84,15.03,10.0,1050.0,0.08158267059326174,put,2026-10-16,SPY,761.6300048828125,2026-09-18T22:35:11.743583+00:00
775.0,14.59,15.57,15.0,249.0,6894.0,0.08097232513427735,put,2026-10-16,SPY,761.6300048828125,2026-09-18T22:35:11.743583+00:00
776.0,15.36,16.14,18.7,13.0,860.0,0.07740180419921877,put,2026-10-16,SPY,761.6300048828125,2026-09-18T22:35:11.743583+00:00
777.0,15.21,16.92,17.68,1.0,1229.0,0.07682197601318361,put,2026-10-16,SPY,761.6300048828125,2026-09-18T22:35:11.743583+00:00
778.0,16.56,17.64,18.13,55.0,590.0,0.07471628417968751,put,2026-10-16,SPY,761.6300048828125,2026-09-18T22:35:11.743583+00:00
779.0,17.38,18.3,19.16,22.0,605.0,0.07065748687744142,put,2026-10-16,SPY,761.6300048828125,2026-09-18T22:35:11.743583+00:00
780.0,17.95,20.31,19.78,1889.0,2747.0,0.09296561340332031,put,2026-10-16,SPY,761.6300048828125,2026-09-18T22:35:11.743583+00:00
781.0,18.64,19.97,21.22,4.0,346.0,0.06803300140380861,put,2026-10-16,SPY,761.6300048828125,2026-09-18T22:35:11.743583+00:00
782.0,19.5,20.84,25.25,1.0,205.0,0.06678179321289063,put,2026-10-16,SPY,761.6300048828125,2026-09-18T22:35:11.743583+00:00
783.0,20.05,21.73,22.81,25.0,167.0,0.06556110229492187,put,2026-10-16,SPY,761.6300048828125,2026-09-18T22:35:11.743583+00:00
784.0,20.7,22.71,23.94,2.0,225.0,0.0672090350341797,put,2026-10-16,SPY,761.6300048828125,2026-09-18T22:35:11.743583+00:00
785.0,21.73,23.4,25.84,1633.0,403.0,0.05323212402343751,put,2026-10-16,SPY,761.6300048828125,2026-09-18T22:35:11.743583+00:00
786.0,22.31,25.32,25.28,21.0,122.0,0.08997492065429688,put,2026-10-16,SPY,761.6300048828125,2026-09-18T22:35:11.743583+00:00
787.0,23.21,26.22,24.92,2.0,72.0,0.08997492065429688,put,2026-10-16,SPY,761.6300048828125,2026-09-18T22:35:11.743583+00:00
788.0,24.12,27.13,32.75,1.0,3.0,0.09003595520019532,put,2026-10-16,SPY,761.6300048828125,2026-09-18T22:35:11.743583+00:00
789.0,24.41,28.08,31.52,2.0,17.0,0.09107354248046876,put,2026-10-16,SPY,761.6300048828125,2026-09-18T22:35:11.743583+00:00
790.0,25.35,29.0,31.0,308.0,118.0,0.09107354248046876,put,2026-10-16,SPY,761.6300048828125,2026-09-18T22:35:11.743583+00:00
791.0,26.3,29.98,29.6,5.0,142.0,0.092782509765625,put,2026-10-16,SPY,761.6300048828125,2026-09-18T22:35:11.743583+00:00
792.0,27.27,30.95,30.0,9.0,11.0,0.09412526977539062,put,2026-10-16,SPY,761.6300048828125,2026-09-18T22:35:11.743583+00:00
793.0,28.25,31.92,31.58,1.0,3.0,0.09540699523925782,put,2026-10-16,SPY,761.6300048828125,2026-09-18T22:35:11.743583+00:00
794.0,29.24,32.9,32.89,1.0,1.0,0.0969938934326172,put,2026-10-16,SPY,761.6300048828125,2026-09-18T22:35:11.743583+00:00
795.0,30.23,33.86,35.65,2.0,27.0,0.09778734252929688,put,2026-10-16,SPY,761.6300048828125,2026-09-18T22:35:11.743583+00:00
796.0,31.23,34.86,40.54,1.0,1.0,0.09998458618164063,put,2026-10-16,SPY,761.6300048828125,2026-09-18T22:35:11.743583+00:00
797.0,32.23,35.86,35.9,80.0,40.0,0.10218182983398436,put,2026-10-16,SPY,761.6300048828125,2026-09-18T22:35:11.743583+00:00
798.0,33.23,36.86,27.23,2.0,28.0,0.1043790734863281,put,2026-10-16,SPY,761.6300048828125,2026-09-18T22:35:11.743583+00:00
799.0,34.23,37.88,30.8,,100.0,0.10743080078125,put,2026-10-16,SPY,761.6300048828125,2026-09-18T22:35:11.743583+00:00
800.0,35.15,39.17,40.23,302.0,491.0,0.12000391723632811,put,2026-10-16,SPY,761.6300048828125,2026-09-18T22:35:11.743583+00:00
805.0,40.1,44.18,44.09,5.0,18.0,0.131844619140625,put,2026-10-16,SPY,761.6300048828125,2026-09-18T22:35:11.743583+00:00
810.0,46.0,49.18,48.9,6.0,88.0,0.1430749755859375,put,2026-10-16,SPY,761.6300048828125,2026-09-18T22:35:11.743583+00:00
815.0,50.11,54.18,53.62,4.0,8.0,0.1540001593017578,put,2026-10-16,SPY,761.6300048828125,2026-09-18T22:35:11.743583+00:00
820.0,55.17,59.18,58.51,8.0,9.0,0.1647422393798828,put,2026-10-16,SPY,761.6300048828125,2026-09-18T22:35:11.743583+00:00
825.0,60.18,64.18,72.75,2.0,2.0,0.1753012158203125,put,2026-10-16,SPY,761.6300048828125,2026-09-18T22:35:11.743583+00:00
830.0,65.13,69.18,69.92,1.0,50.0,0.18567708862304685,put,2026-10-16,SPY,761.6300048828125,2026-09-18T22:35:11.743583+00:00
835.0,70.15,74.18,73.56,4.0,4.0,0.1958088232421875,put,2026-10-16,SPY,761.6300048828125,2026-09-18T22:35:11.743583+00:00
840.0,75.23,78.98,80.73,1.0,2.0,0.1959308923339844,put,2026-10-16,SPY,761.6300048828125,2026-09-18T22:35:11.743583+00:00
845.0,80.23,83.99,83.59,1.0,1.0,0.20606262695312497,put,2026-10-16,SPY,761.6300048828125,2026-09-18T22:35:11.743583+00:00
850.0,85.23,88.88,89.15,1.0,12.0,0.20887021606445308,put,2026-10-16,SPY,761.6300048828125,2026-09-18T22:35:11.743583+00:00
855.0,90.23,93.88,94.8,1.0,2.0,0.2180253979492187,put,2026-10-16,SPY,761.6300048828125,2026-09-18T22:35:11.743583+00:00
865.0,100.23,103.86,99.46,1.0,0.0,0.23450472534179687,put,2026-10-16,SPY,761.6300048828125,2026-09-18T22:35:11.743583+00:00
880.0,115.23,118.85,115.9,,91.0,0.25965095825195317,put,2026-10-16,SPY,761.6300048828125,2026-09-18T22:35:11.743583+00:00
895.0,130.23,133.85,133.43,4.0,4.0,0.2846751220703124,put,2026-10-16,SPY,761.6300048828125,2026-09-18T22:35:11.743583+00:00
930.0,165.23,168.85,164.9,,1.0,0.34009448974609374,put,2026-10-16,SPY,761.6300048828125,2026-09-18T22:35:11.743583+00:00
1000.0,259.32,262.51,250.79,,0.0,1.0143481900024414,put,2026-10-16,SPY,761.6300048828125,2026-09-18T22:35:11.743583+00:00
300.0,463.27,466.92,463.12,5.0,89.0,1.2334022705078125,call,2026-11-20,SPY,761.6300048828125,2026-09-18T22:35:11.743583+00:00
325.0,431.32,434.78,419.74,,1.0,1.0000000000000003e-05,call,2026-11-20,SPY,761.6300048828125,2026-09-18T22:35:11.743583+00:00
340.0,416.6,420.11,400.8,,1.0,1.0000000000000003e-05,call,2026-11-20,SPY,761.6300048828125,2026-09-18T22:35:11.743583+00:00
345.0,418.63,422.29,417.85,,0.0,1.0854537915039062,call,2026-11-20,SPY,761.6300048828125,2026-09-18T22:35:11.743583+00:00
350.0,413.67,417.33,411.43,1.0,2.0,1.069950939331055,call,2026-11-20,SPY,761.6300048828125,2026-09-18T22:35:11.743583+00:00
380.0,377.36,380.87,349.59,,1.0,1.0000000000000003e-05,call,2026-11-20,SPY,761.6300048828125,2026-09-18T22:35:11.743583+00:00
395.0,369.04,372.72,383.68,,1.0,0.9390875231933593,call,2026-11-20,SPY,761.6300048828125,2026-09-18T22:35:11.743583+00:00
400.0,364.09,367.77,364.1,11.0,22.0,0.9256599230957032,call,2026-11-20,SPY,761.6300048828125,2026-09-18T22:35:11.743583+00:00
410.0,355.02,357.71,345.76,,1.0,0.9128426684570312,call,2026-11-20,SPY,761.6300048828125,2026-09-18T22:35:11.743583+00:00
415.0,349.22,352.9,342.16,1.0,1.0,0.8850109155273438,call,2026-11-20,SPY,761.6300048828125,2026-09-18T22:35:11.743583+00:00
425.0,339.31,343.0,343.99,3.0,8.0,0.8588881298828125,call,2026-11-20,SPY,761.6300048828125,2026-09-18T22:35:11.743583+00:00
430.0,340.02,343.54,311.32,,1.0,1.0200244311523439,call,2026-11-20,SPY,761.6300048828125,2026-09-18T22:35:11.743583+00:00
435.0,329.4,333.09,328.97,2.0,22.0,0.8329484478759763,call,2026-11-20,SPY,761.6300048828125,2026-09-18T22:35:11.743583+00:00
440.0,0.0,0.0,325.14,1.0,0.0,1.0000000000000003e-05,call,2026-11-20,SPY,761.6300048828125,2026-09-18T22:35:11.743583+00:00
445.0,319.5,323.23,323.45,,4.0,0.8084735949707031,call,2026-11-20,SPY,761.6300048828125,2026-09-18T22:35:11.743583+00:00
450.0,314.54,318.29,314.44,2.0,16.0,0.7960225476074219,call,2026-11-20,SPY,761.6300048828125,2026-09-18T22:35:11.743583+00:00
460.0,304.64,308.38,299.23,1.0,17.0,0.7711204528808593,call,2026-11-20,SPY,761.6300048828125,2026-09-18T22:35:11.743583+00:00
465.0,299.8,303.39,302.88,1.0,3.0,0.7601342346191409,call,2026-11-20,SPY,761.6300048828125,2026-09-18T22:35:11.743583+00:00
470.0,294.85,298.45,292.39,1.0,6.0,0.7481104290771485,call,2026-11-20,SPY,761.6300048828125,2026-09-18T22:35:11.743583+00:00
480.0,284.95,288.6,279.38,3.0,11.0,0.7247341979980468,call,2026-11-20,SPY,761.6300048828125,2026-09-18T22:35:11.743583+00:00
485.0,280.0,283.66,277.5,1.0,5.0,0.7129545306396485,call,2026-11-20,SPY,761.6300048828125,2026-09-18T22:35:11.743583+00:00
490.0,280.74,284.26,254.08,20.0,33.0,0.8430191479492187,call,2026-11-20,SPY,761.6300048828125,2026-09-18T22:35:11.743583+00:00
495.0,270.11,273.74,269.63,5.0,6.0,0.689028988647461,call,2026-11-20,SPY,761.6300048828125,2026-09-18T22:35:11.743583+00:00
500.0,265.17,268.83,272.1,1.0,24.0,0.6779817358398439,call,2026-11-20,SPY,761.6300048828125,2026-09-18T22:35:11.743583+00:00
505.0,260.23,263.89,259.88,2.0,3.0,0.6665072412109377,call,2026-11-20,SPY,761.6300048828125,2026-09-18T22:35:11.743583+00:00
510.0,255.28,258.95,255.08,4.0,14.0,0.6549717120361329,call,2026-11-20,SPY,761.6300048828125,2026-09-18T22:35:11.743583+00:00
515.0,250.34,254.01,245.68,4.0,97.0,0.6436192864990236,call,2026-11-20,SPY,761.6300048828125,2026-09-18T22:35:11.743583+00:00
520.0,245.4,249.08,240.19,5.0,52.0,0.6324499645996093,call,2026-11-20,SPY,761.6300048828125,2026-09-18T22:35:11.743583+00:00
525.0,240.47,244.14,235.84,4.0,6.0,0.6213416772460938,call,2026-11-20,SPY,761.6300048828125,2026-09-18T22:35:11.743583+00:00
530.0,235.53,239.2,233.58,24.0,82.0,0.6101113208007813,call,2026-11-20,SPY,761.6300048828125,2026-09-18T22:35:11.743583+00:00
535.0,230.59,234.27,226.03,4.0,10.0,0.5990030334472658,call,2026-11-20,SPY,761.6300048828125,2026-09-18T22:35:11.743583+00:00
540.0,225.66,229.35,221.08,4.0,8.0,0.5882304360961915,call,2026-11-20,SPY,761.6300048828125,2026-09-18T22:35:11.743583+00:00
545.0,220.73,224.43,220.49,1.0,5.0,0.5774578387451172,call,2026-11-20,SPY,761.6300048828125,2026-09-18T22:35:11.743583+00:00
550.0,215.79,219.49,213.77,1.0,24.0,0.5663495513916017,call,2026-11-20,SPY,761.6300048828125,2026-09-18T22:35:11.743583+00:00
555.0,210.86,214.57,209.61,1.0,10.0,0.5556074713134767,call,2026-11-20,SPY,761.6300048828125,2026-09-18T22:35:11.743583+00:00
560.0,205.94,209.61,205.08,4.0,20.0,0.5445602185058593,call,2026-11-20,SPY,761.6300048828125,2026-09-18T22:35:11.743583+00:00
565.0,201.01,204.72,196.11,5.0,14.0,0.534184345703125,call,2026-11-20,SPY,761.6300048828125,2026-09-18T22:35:11.743583+00:00
570.0,196.09,199.81,191.65,4.0,5.0,0.5236864038085938,call,2026-11-20,SPY,761.6300048828125,2026-09-18T22:35:11.743583+00:00
575.0,191.17,194.88,189.39,2.0,40.0,0.5130053582763672,call,2026-11-20,SPY,761.6300048828125,2026-09-18T22:35:11.743583+00:00
580.0,186.25,189.94,186.05,1.0,53.0,0.5022022436523439,call,2026-11-20,SPY,761.6300048828125,2026-09-18T22:35:11.743583+00:00
585.0,181.33,185.05,172.9,5.0,14.0,0.5279588220214844,call,2026-11-20,SPY,761.6300048828125,2026-09-18T22:35:11.743583+00:00
590.0,176.42,180.16,175.94,2.0,6.0,0.5171557073974609,call,2026-11-20,SPY,761.6300048828125,2026-09-18T22:35:11.743583+00:00
595.0,171.51,175.26,171.22,66.0,74.0,0.5061694891357422,call,2026-11-20,SPY,761.6300048828125,2026-09-18T22:35:11.743583+00:00
600.0,166.61,170.35,166.0,9.0,1553.0,0.4950001672363281,call,2026-11-20,SPY,761.6300048828125,2026-09-18T22:35:11.743583+00:00
605.0,161.71,165.45,158.49,3.0,3.0,0.48398343170166025,call,2026-11-20,SPY,761.6300048828125,2026-09-18T22:35:11.743583+00:00
610.0,156.81,160.56,155.23,1.0,35.0,0.4731497998046875,call,2026-11-20,SPY,761.6300048828125,2026-09-18T22:35:11.743583+00:00
615.0,151.92,155.69,150.33,2.0,23.0,0.46259082336425783,call,2026-11-20,SPY,761.6300048828125,2026-09-18T22:35:11.743583+00:00
620.0,147.03,150.78,146.92,23.0,39.0,0.4513604669189454,call,2026-11-20,SPY,761.6300048828125,2026-09-18T22:35:11.743583+00:00
625.0,142.15,145.92,141.93,1.0,5.0,0.44086252502441403,call,2026-11-20,SPY,761.6300048828125,2026-09-18T22:35:11.743583+00:00
630.0,137.27,141.05,131.71,2.0,783.0,0.43018147949218755,call,2026-11-20,SPY,761.6300048828125,2026-09-18T22:35:11.743583+00:00
635.0,132.4,136.18,134.7,1.0,139.0,0.4194699166870117,call,2026-11-20,SPY,761.6300048828125,2026-09-18T22:35:11.743583+00:00
640.0,127.54,131.32,126.11,1.0,427.0,0.40881938842773435,call,2026-11-20,SPY,761.6300048828125,2026-09-18T22:35:11.743583+00:00
645.0,122.68,126.46,122.76,1.0,69.0,0.39812308425903326,call,2026-11-20,SPY,761.6300048828125,2026-09-18T22:35:11.743583+00:00
650.0,118.05,121.62,118.33,56.0,2067.0,0.3876404010009765,call,2026-11-20,SPY,761.6300048828125,2026-09-18T22:35:11.743583+00:00
655.0,113.13,116.78,111.2,86.0,153.0,0.3770509072875976,call,2026-11-20,SPY,761.6300048828125,2026-09-18T22:35:11.743583+00:00
660.0,108.39,111.96,106.25,49.0,305.0,0.36664451721191404,call,2026-11-20,SPY,761.6300048828125,2026-09-18T22:35:11.743583+00:00
665.0,103.58,107.15,93.98,3.0,100.0,0.356253385772705,call,2026-11-20,SPY,761.6300048828125,2026-09-18T22:35:11.743583+00:00
670.0,98.79,102.36,100.86,12.0,529.0,0.34598432342529295,call,2026-11-20,SPY,761.6300048828125,2026-09-18T22:35:11.743583+00:00
675.0,94.01,97.59,92.56,1.0,78.0,0.3358373301696777,call,2026-11-20,SPY,761.6300048828125,2026-09-18T22:35:11.743583+00:00
680.0,89.25,92.83,87.66,9.0,695.0,0.325629302368164,call,2026-11-20,SPY,761.6300048828125,2026-09-18T22:35:11.743583+00:00
685.0,84.51,88.1,84.55,2.0,302.0,0.3156196368408203,call,2026-11-20,SPY,761.6300048828125,2026-09-18T22:35:11.743583+00:00
690.0,79.72,83.39,80.72,40.0,1472.0,0.30560997131347656,call,2026-11-20,SPY,761.6300048828125,2026-09-18T22:35:11.743583+00:00
695.0,75.95,77.88,74.04,3.0,126.0,0.2866434861755371,call,2026-11-20,SPY,761.6300048828125,2026-09-18T22:35:11.743583+00:00
700.0,71.26,73.22,68.88,24.0,5790.0,0.27696951065063474,call,2026-11-20,SPY,761.6300048828125,2026-09-18T22:35:11.743583+00:00
705.0,66.04,69.21,65.35,1.0,420.0,0.2737346797180175,call,2026-11-20,SPY,761.6300048828125,2026-09-18T22:35:11.743583+00:00
710.0,62.22,63.92,60.34,2.0,426.0,0.2569654382324219,call,2026-11-20,SPY,761.6300048828125,2026-09-18T22:35:11.743583+00:00
715.0,56.7,59.36,57.17,9.0,138.0,0.24735249725341796,call,2026-11-20,SPY,761.6300048828125,2026-09-18T22:35:11.743583+00:00
720.0,52.24,54.8,52.65,24.0,1899.0,0.2373733489990234,call,2026-11-20,SPY,761.6300048828125,2026-09-18T22:35:11.743583+00:00
725.0,49.13,50.39,48.35,27.0,1614.0,0.2283402362060547,call,2026-11-20,SPY,761.6300048828125,2026-09-18T22:35:11.743583+00:00
730.0,43.57,46.04,44.83,7.0,1774.0,0.21930712341308595,call,2026-11-20,SPY,761.6300048828125,2026-09-18T22:35:11.743583+00:00
735.0,39.36,41.72,39.9,25.0,2051.0,0.20995357925415037,call,2026-11-20,SPY,761.6300048828125,2026-09-18T22:35:11.743583+00:00
740.0,36.72,37.5,36.86,49.0,2971.0,0.20078313873291015,call,2026-11-20,SPY,761.6300048828125,2026-09-18T22:35:11.743583+00:00
745.0,31.79,33.48,33.0,9.0,2990.0,0.19249769912719727,call,2026-11-20,SPY,761.6300048828125,2026-09-18T22:35:11.743583+00:00
750.0,29.04,29.56,28.79,251.0,6488.0,0.18412070770263672,call,2026-11-20,SPY,761.6300048828125,2026-09-18T22:35:11.743583+00:00
755.0,25.42,25.8,25.26,203.0,1747.0,0.1759725958251953,call,2026-11-20,SPY,761.6300048828125,2026-09-18T22:35:11.743583+00:00
760.0,21.94,22.28,22.0,1117.0,5693.0,0.1685416398620606,call,2026-11-20,SPY,761.6300048828125,2026-09-18T22:35:11.743583+00:00
765.0,18.83,18.94,19.0,345.0,5756.0,0.16115645980834958,call,2026-11-20,SPY,761.6300048828125,2026-09-18T22:35:11.743583+00:00
770.0,15.82,15.91,15.87,1705.0,5800.0,0.15465628067016607,call,2026-11-20,SPY,761.6300048828125,2026-09-18T22:35:11.743583+00:00
775.0,13.1,13.18,13.0,1150.0,9481.0,0.14881222290039062,call,2026-11-20,SPY,761.6300048828125,2026-09-18T22:35:11.743583+00:00
780.0,10.68,10.75,10.77,1539.0,10187.0,0.14350221740722657,call,2026-11-20,SPY,761.6300048828125,2026-09-18T22:35:11.743583+00:00
785.0,8.55,8.64,8.48,321.0,6551.0,0.1388330746459961,call,2026-11-20,SPY,761.6300048828125,2026-09-18T22:35:11.743583+00:00
790.0,6.76,6.83,6.75,2986.0,8149.0,0.13465220825195315,call,2026-11-20,SPY,761.6300048828125,2026-09-18T22:35:11.743583+00:00
795.0,5.26,5.33,5.17,529.0,5054.0,0.1311732391357422,call,2026-11-20,SPY,761.6300048828125,2026-09-18T22:35:11.743583+00:00
800.0,4.06,4.1,4.09,1193.0,14012.0,0.12818254638671872,call,2026-11-20,SPY,761.6300048828125,2026-09-18T22:35:11.743583+00:00
805.0,3.09,3.13,2.87,724.0,4317.0,0.12587849227905273,call,2026-11-20,SPY,761.6300048828125,2026-09-18T22:35:11.743583+00:00
810.0,2.33,2.36,2.34,648.0,16868.0,0.12394064544677735,call,2026-11-20,SPY,761.6300048828125,2026-09-18T22:35:11.743583+00:00
815.0,1.74,1.77,1.77,300.0,3599.0,0.1225368508911133,call,2026-11-20,SPY,761.6300048828125,2026-09-18T22:35:11.743583+00:00
820.0,1.3,1.31,1.28,307.0,3955.0,0.1212856427001953,call,2026-11-20,SPY,761.6300048828125,2026-09-18T22:35:11.743583+00:00
825.0,0.97,0.99,0.99,459.0,5098.0,0.12104150451660156,call,2026-11-20,SPY,761.6300048828125,2026-09-18T22:35:11.743583+00:00
830.0,0.73,0.75,0.74,473.0,4594.0,0.1211025390625,call,2026-11-20,SPY,761.6300048828125,2026-09-18T22:35:11.743583+00:00
835.0,0.56,0.58,0.54,42.0,2152.0,0.12183495361328125,call,2026-11-20,SPY,761.6300048828125,2026-09-18T22:35:11.743583+00:00
840.0,0.43,0.45,0.39,300.0,1123.0,0.12275047180175781,call,2026-11-20,SPY,761.6300048828125,2026-09-18T22:35:11.743583+00:00
845.0,0.34,0.36,0.31,206.0,1107.0,0.12427633544921876,call,2026-11-20,SPY,761.6300048828125,2026-09-18T22:35:11.743583+00:00
850.0,0.28,0.29,0.24,27.0,3565.0,0.125985302734375,call,2026-11-20,SPY,761.6300048828125,2026-09-18T22:35:11.743583+00:00
855.0,0.22,0.23,0.21,57.0,992.0,0.12720599365234375,call,2026-11-20,SPY,761.6300048828125,2026-09-18T22:35:11.743583+00:00
860.0,0.18,0.19,0.17,66.0,725.0,0.12928116821289062,call,2026-11-20,SPY,761.6300048828125,2026-09-18T22:35:11.743583+00:00
865.0,0.15,0.16,0.15,9.0,713.0,0.13160048095703125,call,2026-11-20,SPY,761.6300048828125,2026-09-18T22:35:11.743583+00:00
870.0,0.13,0.14,0.12,2.0,278.0,0.13453013916015627,call,2026-11-20,SPY,761.6300048828125,2026-09-18T22:35:11.743583+00:00
875.0,0.11,0.12,0.11,173.0,23307.0,0.13697152099609378,call,2026-11-20,SPY,761.6300048828125,2026-09-18T22:35:11.743583+00:00
880.0,0.09,0.1,0.08,10.0,1116.0,0.13868048828125001,call,2026-11-20,SPY,761.6300048828125,2026-09-18T22:35:11.743583+00:00
885.0,0.08,0.09,0.07,14.0,758.0,0.14185428466796873,call,2026-11-20,SPY,761.6300048828125,2026-09-18T22:35:11.743583+00:00
890.0,0.07,0.08,0.09,1.0,779.0,0.1445398046875,call,2026-11-20,SPY,761.6300048828125,2026-09-18T22:35:11.743583+00:00
895.0,0.06,0.07,0.06,54.0,994.0,0.1469811865234375,call,2026-11-20,SPY,761.6300048828125,2026-09-18T22:35:11.743583+00:00
900.0,0.05,0.06,0.05,170.0,1950.0,0.1489342919921875,call,2026-11-20,SPY,761.6300048828125,2026-09-18T22:35:11.743583+00:00
905.0,0.04,0.05,0.04,3.0,1205.0,0.15039912109375003,call,2026-11-20,SPY,761.6300048828125,2026-09-18T22:35:11.743583+00:00
910.0,0.03,0.05,0.04,24.0,290.0,0.15528188476562502,call,2026-11-20,SPY,761.6300048828125,2026-09-18T22:35:11.743583+00:00
915.0,0.03,0.04,0.05,4.0,241.0,0.1557701611328125,call,2026-11-20,SPY,761.6300048828125,2026-09-18T22:35:11.743583+00:00
920.0,0.02,0.04,0.03,300.0,1290.0,0.1601646484375,call,2026-11-20,SPY,761.6300048828125,2026-09-18T22:35:11.743583+00:00
925.0,0.02,0.03,0.03,25.0,87.0,0.1601646484375,call,2026-11-20,SPY,761.6300048828125,2026-09-18T22:35:11.743583+00:00
930.0,0.02,0.03,0.03,4.0,77.0,0.16407085937500002,call,2026-11-20,SPY,761.6300048828125,2026-09-18T22:35:11.743583+00:00
935.0,0.01,0.03,0.03,4.0,13.0,0.16797707031250003,call,2026-11-20,SPY,761.6300048828125,2026-09-18T22:35:11.743583+00:00
940.0,0.01,0.02,0.01,84.0,356.0,0.16602396484375004,call,2026-11-20,SPY,761.6300048828125,2026-09-18T22:35:11.743583+00:00
945.0,0.01,0.02,0.02,1.0,273.0,0.16993017578125003,call,2026-11-20,SPY,761.6300048828125,2026-09-18T22:35:11.743583+00:00
950.0,0.01,0.02,0.02,91.0,2395.0,0.17383638671875,call,2026-11-20,SPY,761.6300048828125,2026-09-18T22:35:11.743583+00:00
955.0,0.01,0.02,0.03,7.0,28.0,0.176766044921875,call,2026-11-20,SPY,761.6300048828125,2026-09-18T22:35:11.743583+00:00
960.0,0.01,0.02,0.03,2.0,30.0,0.180672255859375,call,2026-11-20,SPY,761.6300048828125,2026-09-18T22:35:11.743583+00:00
965.0,0.01,0.02,0.04,1.0,51.0,0.18360191406249998,call,2026-11-20,SPY,761.6300048828125,2026-09-18T22:35:11.743583+00:00
970.0,0.01,0.02,0.01,2.0,34.0,0.187508125,call,2026-11-20,SPY,761.6300048828125,2026-09-18T22:35:11.743583+00:00
975.0,0.0,0.02,0.03,40.0,49.0,0.1914143359375,call,2026-11-20,SPY,761.6300048828125,2026-09-18T22:35:11.743583+00:00
980.0,0.0,0.02,0.01,297.0,115.0,0.195320546875,call,2026-11-20,SPY,761.6300048828125,2026-09-18T22:35:11.743583+00:00
985.0,0.0,0.02,0.02,1.0,851.0,0.1992267578125,call,2026-11-20,SPY,761.6300048828125,2026-09-18T22:35:11.743583+00:00
990.0,0.0,0.01,0.02,90.0,526.0,0.1914143359375,call,2026-11-20,SPY,761.6300048828125,2026-09-18T22:35:11.743583+00:00
995.0,0.0,0.01,0.02,50.0,405.0,0.195320546875,call,2026-11-20,SPY,761.6300048828125,2026-09-18T22:35:11.743583+00:00
1000.0,0.0,0.01,0.02,3.0,777.0,0.1992267578125,call,2026-11-20,SPY,761.6300048828125,2026-09-18T22:35:11.743583+00:00
300.0,0.02,0.03,0.02,140.0,4449.0,0.6953155468750001,put,2026-11-20,SPY,761.6300048828125,2026-09-18T22:35:11.743583+00:00
305.0,0.03,0.04,0.03,102.0,1603.0,0.70117486328125,put,2026-11-20,SPY,761.6300048828125,2026-09-18T22:35:11.743583+00:00
310.0,0.03,0.04,0.04,10.0,126.0,0.6875031250000001,put,2026-11-20,SPY,761.6300048828125,2026-09-18T22:35:11.743583+00:00
315.0,0.03,0.04,0.03,12.0,506.0,0.6757844921875001,put,2026-11-20,SPY,761.6300048828125,2026-09-18T22:35:11.743583+00:00
320.0,0.03,0.04,0.05,85.0,391.0,0.6660189648437502,put,2026-11-20,SPY,761.6300048828125,2026-09-18T22:35:11.743583+00:00
325.0,0.04,0.05,0.04,2.0,243.0,0.6679720703125002,put,2026-11-20,SPY,761.6300048828125,2026-09-18T22:35:11.743583+00:00
330.0,0.04,0.05,0.05,104.0,147.0,0.6562534375000001,put,2026-11-20,SPY,761.6300048828125,2026-09-18T22:35:11.743583+00:00
335.0,0.04,0.05,0.05,45.0,87.0,0.6445348046875,put,2026-11-20,SPY,761.6300048828125,2026-09-18T22:35:11.743583+00:00
340.0,0.05,0.06,0.05,12.0,2066.0,0.6445348046875,put,2026-11-20,SPY,761.6300048828125,2026-09-18T22:35:11.743583+00:00
345.0,0.05,0.06,0.08,10.0,374.0,0.6347692773437501,put,2026-11-20,SPY,761.6300048828125,2026-09-18T22:35:11.743583+00:00
350.0,0.05,0.06,0.07,100.0,823.0,0.62305064453125,put,2026-11-20,SPY,761.6300048828125,2026-09-18T22:35:11.743583+00:00
355.0,0.05,0.06,0.06,3.0,2691.0,0.6132851171875001,put,2026-11-20,SPY,761.6300048828125,2026-09-18T22:35:11.743583+00:00
360.0,0.06,0.07,0.07,1.0,2299.0,0.6113320117187502,put,2026-11-20,SPY,761.6300048828125,2026-09-18T22:35:11.743583+00:00
365.0,0.06,0.07,0.07,1181.0,15865.0,0.5996133789062501,put,2026-11-20,SPY,761.6300048828125,2026-09-18T22:35:11.743583+00:00
370.0,0.07,0.08,0.08,2520.0,11600.0,0.5976602734375001,put,2026-11-20,SPY,761.6300048828125,2026-09-18T22:35:11.743583+00:00
375.0,0.07,0.08,0.08,600.0,2023.0,0.586918193359375,put,2026-11-20,SPY,761.6300048828125,2026-09-18T22:35:11.743583+00:00
380.0,0.07,0.09,0.09,49.0,150499.0,0.5800823242187501,put,2026-11-20,SPY,761.6300048828125,2026-09-18T22:35:11.743583+00:00
385.0,0.08,0.09,0.1,1.0,246.0,0.5732464550781251,put,2026-11-20,SPY,761.6300048828125,2026-09-18T22:35:11.743583+00:00
390.0,0.09,0.1,0.1,1.0,104301.0,0.569340244140625,put,2026-11-20,SPY,761.6300048828125,2026-09-18T22:35:11.743583+00:00
395.0,0.09,0.1,0.1,6.0,249.0,0.5585981640625001,put,2026-11-20,SPY,761.6300048828125,2026-09-18T22:35:11.743583+00:00
400.0,0.1,0.11,0.11,135.0,75374.0,0.5537154003906251,put,2026-11-20,SPY,761.6300048828125,2026-09-18T22:35:11.743583+00:00
405.0,0.1,0.11,0.11,1.0,237.0,0.543949873046875,put,2026-11-20,SPY,761.6300048828125,2026-09-18T22:35:11.743583+00:00
410.0,0.11,0.12,0.12,5.0,1501.0,0.5390671093750001,put,2026-11-20,SPY,761.6300048828125,2026-09-18T22:35:11.743583+00:00
415.0,0.12,0.13,0.13,6.0,394.0,0.5336960693359375,put,2026-11-20,SPY,761.6300048828125,2026-09-18T22:35:11.743583+00:00
420.0,0.13,0.14,0.14,6.0,796.0,0.5283250292968751,put,2026-11-20,SPY,761.6300048828125,2026-09-18T22:35:11.743583+00:00
425.0,0.14,0.15,0.15,6.0,334.0,0.5219774365234374,put,2026-11-20,SPY,761.6300048828125,2026-09-18T22:35:11.743583+00:00
430.0,0.15,0.16,0.16,6.0,2762.0,0.51562984375,put,2026-11-20,SPY,761.6300048828125,2026-09-18T22:35:11.743583+00:00
435.0,0.16,0.17,0.17,16.0,148.0,0.5097705273437501,put,2026-11-20,SPY,761.6300048828125,2026-09-18T22:35:11.743583+00:00
440.0,0.17,0.18,0.17,36.0,104.0,0.5029346582031251,put,2026-11-20,SPY,761.6300048828125,2026-09-18T22:35:11.743583+00:00
445.0,0.18,0.19,0.2,15.0,115.0,0.49805189453125004,put,2026-11-20,SPY,761.6300048828125,2026-09-18T22:35:11.743583+00:00
450.0,0.19,0.2,0.2,8.0,1184.0,0.49121602539062503,put,2026-11-20,SPY,761.6300048828125,2026-09-18T22:35:11.743583+00:00
455.0,0.2,0.21,0.35,33.0,190.0,0.48438015625,put,2026-11-20,SPY,761.6300048828125,2026-09-18T22:35:11.743583+00:00
460.0,0.21,0.22,0.24,21.0,830.0,0.477544287109375,put,2026-11-20,SPY,761.6300048828125,2026-09-18T22:35:11.743583+00:00
465.0,0.23,0.24,0.25,7.0,3048.0,0.4726615234375,put,2026-11-20,SPY,761.6300048828125,2026-09-18T22:35:11.743583+00:00
470.0,0.24,0.25,0.26,1.0,5930.0,0.46533737792968755,put,2026-11-20,SPY,761.6300048828125,2026-09-18T22:35:11.743583+00:00
475.0,0.26,0.27,0.28,32.0,3217.0,0.46045461425781253,put,2026-11-20,SPY,761.6300048828125,2026-09-18T22:35:11.743583+00:00
480.0,0.27,0.28,0.29,21.0,5316.0,0.45313046875,put,2026-11-20,SPY,761.6300048828125,2026-09-18T22:35:11.743583+00:00
485.0,0.29,0.3,0.31,5.0,191.0,0.44727115234375,put,2026-11-20,SPY,761.6300048828125,2026-09-18T22:35:11.743583+00:00
490.0,0.3,0.32,0.34,1.0,145.0,0.44165597412109375,put,2026-11-20,SPY,761.6300048828125,2026-09-18T22:35:11.743583+00:00
495.0,0.32,0.33,0.34,1.0,204.0,0.43408769042968753,put,2026-11-20,SPY,761.6300048828125,2026-09-18T22:35:11.743583+00:00
500.0,0.34,0.35,0.35,49.0,303807.0,0.4279842358398438,put,2026-11-20,SPY,761.6300048828125,2026-09-18T22:35:11.743583+00:00
505.0,0.36,0.37,0.4,1.0,197.0,0.42188078125,put,2026-11-20,SPY,761.6300048828125,2026-09-18T22:35:11.743583+00:00
510.0,0.38,0.39,0.39,9.0,200282.0,0.4155331884765625,put,2026-11-20,SPY,761.6300048828125,2026-09-18T22:35:11.743583+00:00
515.0,0.4,0.41,0.42,25.0,8064.0,0.40918559570312496,put,2026-11-20,SPY,761.6300048828125,2026-09-18T22:35:11.743583+00:00
520.0,0.43,0.44,0.43,116.0,152833.0,0.40381455566406255,put,2026-11-20,SPY,761.6300048828125,2026-09-18T22:35:11.743583+00:00
525.0,0.45,0.46,0.46,29.0,469.0,0.39722282470703124,put,2026-11-20,SPY,761.6300048828125,2026-09-18T22:35:11.743583+00:00
530.0,0.48,0.49,0.48,15.0,955.0,0.39148557739257805,put,2026-11-20,SPY,761.6300048828125,2026-09-18T22:35:11.743583+00:00
535.0,0.5,0.51,0.53,115.0,397.0,0.3845276391601562,put,2026-11-20,SPY,761.6300048828125,2026-09-18T22:35:11.743583+00:00
540.0,0.53,0.54,0.56,206.0,738.0,0.3786683227539062,put,2026-11-20,SPY,761.6300048828125,2026-09-18T22:35:11.743583+00:00
545.0,0.56,0.57,0.58,6.0,857.0,0.37256486816406253,put,2026-11-20,SPY,761.6300048828125,2026-09-18T22:35:11.743583+00:00
550.0,0.59,0.6,0.62,17.0,4516.0,0.366217275390625,put,2026-11-20,SPY,761.6300048828125,2026-09-18T22:35:11.743583+00:00
555.0,0.63,0.64,0.63,26.0,786.0,0.3606020971679687,put,2026-11-20,SPY,761.6300048828125,2026-09-18T22:35:11.743583+00:00
560.0,0.67,0.68,0.69,12.0,4833.0,0.3548648498535155,put,2026-11-20,SPY,761.6300048828125,2026-09-18T22:35:11.743583+00:00
565.0,0.7,0.71,0.79,10.0,2033.0,0.3481510498046875,put,2026-11-20,SPY,761.6300048828125,2026-09-18T22:35:11.743583+00:00
570.0,0.74,0.75,0.76,8.0,1153.0,0.34204759521484374,put,2026-11-20,SPY,761.6300048828125,2026-09-18T22:35:11.743583+00:00
575.0,0.78,0.79,0.84,15.0,944.0,0.3358220715332031,put,2026-11-20,SPY,761.6300048828125,2026-09-18T22:35:11.743583+00:00
580.0,0.82,0.84,0.84,3.0,17590.0,0.33008482421874996,put,2026-11-20,SPY,761.6300048828125,2026-09-18T22:35:11.743583+00:00
585.0,0.87,0.88,0.95,6.0,629.0,0.3236151623535155,put,2026-11-20,SPY,761.6300048828125,2026-09-18T22:35:11.743583+00:00
590.0,0.92,0.93,1.0,5.0,1617.0,0.3175117077636719,put,2026-11-20,SPY,761.6300048828125,2026-09-18T22:35:11.743583+00:00
595.0,0.98,0.99,1.06,3.0,625.0,0.3117744604492187,put,2026-11-20,SPY,761.6300048828125,2026-09-18T22:35:11.743583+00:00
600.0,1.04,1.05,1.07,1605.0,5014.0,0.3057930749511719,put,2026-11-20,SPY,761.6300048828125,2026-09-18T22:35:11.743583+00:00
605.0,1.09,1.11,1.13,81.0,770.0,0.29968962036132807,put,2026-11-20,SPY,761.6300048828125,2026-09-18T22:35:11.743583+00:00
610.0,1.16,1.17,1.2,16.0,2366.0,0.2933420275878905,put,2026-11-20,SPY,761.6300048828125,2026-09-18T22:35:11.743583+00:00
615.0,1.23,1.24,1.24,38.0,3320.0,0.2873606420898437,put,2026-11-20,SPY,761.6300048828125,2026-09-18T22:35:11.743583+00:00
620.0,1.3,1.32,1.32,352.0,161328.0,0.2815013256835937,put,2026-11-20,SPY,761.6300048828125,2026-09-18T22:35:11.743583+00:00
625.0,1.39,1.4,1.43,54.0,2558.0,0.27539787109374997,put,2026-11-20,SPY,761.6300048828125,2026-09-18T22:35:11.743583+00:00
630.0,1.47,1.49,1.52,40.0,102821.0,0.26947752014160153,put,2026-11-20,SPY,761.6300048828125,2026-09-18T22:35:11.743583+00:00
635.0,1.56,1.58,1.6,370.0,2237.0,0.2633130310058594,put,2026-11-20,SPY,761.6300048828125,2026-09-18T22:35:11.743583+00:00
640.0,1.67,1.68,1.72,300.0,79449.0,0.2572095764160156,put,2026-11-20,SPY,761.6300048828125,2026-09-18T22:35:11.743583+00:00
645.0,1.78,1.79,1.84,227.0,1636.0,0.2512281909179687,put,2026-11-20,SPY,761.6300048828125,2026-09-18T22:35:11.743583+00:00
650.0,1.9,1.91,1.91,311.0,16387.0,0.24518577087402343,put,2026-11-20,SPY,761.6300048828125,2026-09-18T22:35:11.743583+00:00
655.0,2.03,2.04,2.05,370.0,12006.0,0.23920438537597655,put,2026-11-20,SPY,761.6300048828125,2026-09-18T22:35:11.743583+00:00
660.0,2.17,2.19,2.19,337.0,13864.0,0.233406103515625,put,2026-11-20,SPY,761.6300048828125,2026-09-18T22:35:11.743583+00:00
665.0,2.33,2.34,2.32,63.0,1712.0,0.22730264892578123,put,2026-11-20,SPY,761.6300048828125,2026-09-18T22:35:11.743583+00:00
670.0,2.5,2.52,2.51,182.0,4516.0,0.22150436706542967,put,2026-11-20,SPY,761.6300048828125,2026-09-18T22:35:11.743583+00:00
675.0,2.68,2.71,2.78,457.0,5778.0,0.21555349884033204,put,2026-11-20,SPY,761.6300048828125,2026-09-18T22:35:11.743583+00:00
680.0,2.89,2.92,2.92,2743.0,47752.0,0.20963314788818355,put,2026-11-20,SPY,761.6300048828125,2026-09-18T22:35:11.743583+00:00
685.0,3.13,3.15,3.27,234.0,7298.0,0.20368227966308594,put,2026-11-20,SPY,761.6300048828125,2026-09-18T22:35:11.743583+00:00
690.0,3.39,3.41,3.45,39.0,19632.0,0.19779244598388673,put,2026-11-20,SPY,761.6300048828125,2026-09-18T22:35:11.743583+00:00
695.0,3.68,3.71,3.73,343.0,5084.0,0.19208571594238283,put,2026-11-20,SPY,761.6300048828125,2026-09-18T22:35:11.743583+00:00
700.0,4.0,4.03,4.01,1646.0,33244.0,0.18613484771728517,put,2026-11-20,SPY,761.6300048828125,2026-09-18T22:35:11.743583+00:00
705.0,4.37,4.4,4.35,418.0,7912.0,0.1803670831298828,put,2026-11-20,SPY,761.6300048828125,2026-09-18T22:35:11.743583+00:00
710.0,4.78,4.81,4.74,797.0,8135.0,0.17450776672363283,put,2026-11-20,SPY,761.6300048828125,2026-09-18T22:35:11.743583+00:00
715.0,5.24,5.28,5.24,842.0,23291.0,0.16877051940917973,put,2026-11-20,SPY,761.6300048828125,2026-09-18T22:35:11.743583+00:00
720.0,5.77,5.81,5.77,1773.0,31692.0,0.16298749618530273,put,2026-11-20,SPY,761.6300048828125,2026-09-18T22:35:11.743583+00:00
725.0,6.37,6.41,6.37,189.0,15625.0,0.1571892143249512,put,2026-11-20,SPY,761.6300048828125,2026-09-18T22:35:11.743583+00:00
730.0,7.06,7.1,7.09,3380.0,30059.0,0.15143670837402345,put,2026-11-20,SPY,761.6300048828125,2026-09-18T22:35:11.743583+00:00
735.0,7.84,7.88,7.81,537.0,5863.0,0.14562316787719726,put,2026-11-20,SPY,761.6300048828125,2026-09-18T22:35:11.743583+00:00
740.0,8.73,8.79,8.74,859.0,14008.0,0.13993169647216797,put,2026-11-20,SPY,761.6300048828125,2026-09-18T22:35:11.743583+00:00
745.0,9.75,9.83,9.84,1153.0,35233.0,0.13417919052124022,put,2026-11-20,SPY,761.6300048828125,2026-09-18T22:35:11.743583+00:00
750.0,10.97,11.01,10.93,1685.0,33438.0,0.1282588395690918,put,2026-11-20,SPY,761.6300048828125,2026-09-18T22:35:11.743583+00:00
755.0,12.27,12.37,12.26,2933.0,8805.0,0.12229271270751954,put,2026-11-20,SPY,761.6300048828125,2026-09-18T22:35:11.743583+00:00
760.0,13.86,13.95,13.92,2689.0,7496.0,0.11634184448242188,put,2026-11-20,SPY,761.6300048828125,2026-09-18T22:35:11.743583+00:00
765.0,15.64,15.76,15.67,565.0,5897.0,0.11019261398315428,put,2026-11-20,SPY,761.6300048828125,2026-09-18T22:35:11.743583+00:00
770.0,17.72,17.84,18.23,627.0,12828.0,0.10382976257324218,put,2026-11-20,SPY,761.6300048828125,2026-09-18T22:35:11.743583+00:00
775.0,19.82,20.56,21.17,32.0,3587.0,0.09996932754516602,put,2026-11-20,SPY,761.6300048828125,2026-09-18T22:35:11.743583+00:00
780.0,22.0,23.72,23.11,135.0,3420.0,0.09708544525146486,put,2026-11-20,SPY,761.6300048828125,2026-09-18T22:35:11.743583+00:00
785.0,24.55,27.03,27.67,4.0,668.0,0.09240104385375975,put,2026-11-20,SPY,761.6300048828125,2026-09-18T22:35:11.743583+00:00
790.0,28.15,30.63,29.79,541.0,1427.0,0.08680112426757813,put,2026-11-20,SPY,761.6300048828125,2026-09-18T22:35:11.743583+00:00
795.0,31.52,35.08,42.14,16.0,161.0,0.08863216064453125,put,2026-11-20,SPY,761.6300048828125,2026-09-18T22:35:11.743583+00:00
800.0,35.75,39.42,39.6,2.0,481.0,0.08606870971679689,put,2026-11-20,SPY,761.6300048828125,2026-09-18T22:35:11.743583+00:00
805.0,40.37,44.05,41.99,6.0,28.0,0.08579405426025391,put,2026-11-20,SPY,761.6300048828125,2026-09-18T22:35:11.743583+00:00
810.0,45.23,48.9,49.8,1.0,10.0,0.08899836791992188,put,2026-11-20,SPY,761.6300048828125,2026-09-18T22:35:11.743583+00:00
815.0,50.23,53.88,52.71,3.0,44.0,0.09534596069335938,put,2026-11-20,SPY,761.6300048828125,2026-09-18T22:35:11.743583+00:00
820.0,55.04,59.15,53.5,1.0,6.0,0.11029942443847655,put,2026-11-20,SPY,761.6300048828125,2026-09-18T22:35:11.743583+00:00
825.0,60.07,64.15,64.05,5.0,135.0,0.11737943176269532,put,2026-11-20,SPY,761.6300048828125,2026-09-18T22:35:11.743583+00:00
830.0,65.04,69.15,61.79,1.0,1.0,0.12430685272216799,put,2026-11-20,SPY,761.6300048828125,2026-09-18T22:35:11.743583+00:00
835.0,70.08,74.15,72.34,1.0,0.0,0.13111220458984374,put,2026-11-20,SPY,761.6300048828125,2026-09-18T22:35:11.743583+00:00
840.0,69.47,72.99,68.45,,0.0,1.0000000000000003e-05,put,2026-11-20,SPY,761.6300048828125,2026-09-18T22:35:11.743583+00:00
850.0,109.23,112.51,100.49,19.0,0.0,0.43172260177612304,put,2026-11-20,SPY,761.6300048828125,2026-09-18T22:35:11.743583+00:00
865.0,0.0,0.0,118.14,1.0,0.0,1.0000000000000003e-05,put,2026-11-20,SPY,761.6300048828125,2026-09-18T22:35:11.743583+00:00
900.0,143.85,147.3,145.67,,0.0,0.3675295181274414,put,2026-11-20,SPY,761.6300048828125,2026-09-18T22:35:11.743583+00:00
950.0,185.23,188.85,188.38,1.0,1.0,0.24976336181640624,put,2026-11-20,SPY,761.6300048828125,2026-09-18T22:35:11.743583+00:00
960.0,189.24,192.76,195.82,,0.0,1.0000000000000003e-05,put,2026-11-20,SPY,761.6300048828125,2026-09-18T22:35:11.743583+00:00
150.0,612.55,615.8,596.0,2.0,6.0,1.6521013488769531,call,2026-12-18,SPY,761.6300048828125,2026-09-18T22:35:11.743583+00:00
200.0,563.15,567.03,561.04,7.0,752.0,1.44140904296875,call,2026-12-18,SPY,761.6300048828125,2026-09-18T22:35:11.743583+00:00
210.0,553.26,557.14,551.8,1.0,382.0,1.3989287866210938,call,2026-12-18,SPY,761.6300048828125,2026-09-18T22:35:11.743583+00:00
220.0,519.23,522.72,515.9,71.0,82.0,1.0000000000000003e-05,call,2026-12-18,SPY,761.6300048828125,2026-09-18T22:35:11.743583+00:00
230.0,533.48,537.36,536.7,2.0,14.0,1.3195834802246091,call,2026-12-18,SPY,761.6300048828125,2026-09-18T22:35:11.743583+00:00
240.0,523.79,526.89,511.4,1.0,27.0,1.2703893902587888,call,2026-12-18,SPY,761.6300048828125,2026-09-18T22:35:11.743583+00:00
245.0,424.91,428.79,422.0,4.0,21.0,1.0000000000000003e-05,call,2026-12-18,SPY,761.6300048828125,2026-09-18T22:35:11.743583+00:00
250.0,513.7,517.58,512.4,1.0,147.0,1.2463416589355467,call,2026-12-18,SPY,761.6300048828125,2026-09-18T22:35:11.743583+00:00
255.0,508.76,512.64,512.73,2.0,4.0,1.229129830932617,call,2026-12-18,SPY,761.6300048828125,2026-09-18T22:35:11.743583+00:00
260.0,503.81,507.69,504.85,1.0,15.0,1.2116738635253905,call,2026-12-18,SPY,761.6300048828125,2026-09-18T22:35:11.743583+00:00
265.0,430.6,434.44,427.58,2.0,120.0,1.0000000000000003e-05,call,2026-12-18,SPY,761.6300048828125,2026-09-18T22:35:11.743583+00:00
270.0,486.36,489.87,486.29,2.0,65.0,1.0000000000000003e-05,call,2026-12-18,SPY,761.6300048828125,2026-09-18T22:35:11.743583+00:00
275.0,488.98,492.86,490.09,2.0,124.0,1.1621745993041994,call,2026-12-18,SPY,761.6300048828125,2026-09-18T22:35:11.743583+00:00
280.0,484.03,487.91,488.33,2.0,56.0,1.1458782940673828,call,2026-12-18,SPY,761.6300048828125,2026-09-18T22:35:11.743583+00:00
285.0,385.58,389.46,353.65,2.0,103.0,1.0000000000000003e-05,call,2026-12-18,SPY,761.6300048828125,2026-09-18T22:35:11.743583+00:00
290.0,474.15,478.03,478.48,2.0,16.0,1.1149946594238282,call,2026-12-18,SPY,761.6300048828125,2026-09-18T22:35:11.743583+00:00
295.0,393.0,397.73,404.0,1.0,78.0,1.0000000000000003e-05,call,2026-12-18,SPY,761.6300048828125,2026-09-18T22:35:11.743583+00:00
300.0,464.26,468.02,462.4,1.0,241.0,1.0816696307373046,call,2026-12-18,SPY,761.6300048828125,2026-09-18T22:35:11.743583+00:00
305.0,459.32,463.2,454.68,1.0,6.0,1.0698288696289064,call,2026-12-18,SPY,761.6300048828125,2026-09-18T22:35:11.743583+00:00
310.0,0.0,0.0,446.05,1.0,0.0,1.0000000000000003e-05,call,2026-12-18,SPY,761.6300048828125,2026-09-18T22:35:11.743583+00:00
315.0,449.44,453.32,449.87,1.0,147.0,1.0410204199218753,call,2026-12-18,SPY,761.6300048828125,2026-09-18T22:35:11.743583+00:00
320.0,444.5,448.38,445.4,18.0,29.0,1.0269213693237305,call,2026-12-18,SPY,761.6300048828125,2026-09-18T22:35:11.743583+00:00
325.0,432.54,436.05,411.16,1.0,58.0,1.0000000000000003e-05,call,2026-12-18,SPY,761.6300048828125,2026-09-18T22:35:11.743583+00:00
330.0,434.61,438.49,432.07,7.0,16.0,0.9987793090820312,call,2026-12-18,SPY,761.6300048828125,2026-09-18T22:35:11.743583+00:00
335.0,422.77,426.28,414.01,1.0,11.0,1.0000000000000003e-05,call,2026-12-18,SPY,761.6300048828125,2026-09-18T22:35:11.743583+00:00
340.0,0.0,0.0,308.13,11.0,0.0,1.0000000000000003e-05,call,2026-12-18,SPY,761.6300048828125,2026-09-18T22:35:11.743583+00:00
345.0,0.0,0.0,416.84,2.0,0.0,1.0000000000000003e-05,call,2026-12-18,SPY,761.6300048828125,2026-09-18T22:35:11.743583+00:00
350.0,414.85,418.73,417.89,2.0,72.0,0.945313046875,call,2026-12-18,SPY,761.6300048828125,2026-09-18T22:35:11.743583+00:00
355.0,409.91,413.79,408.49,1.0,13.0,0.9323737231445313,call,2026-12-18,SPY,761.6300048828125,2026-09-18T22:35:11.743583+00:00
360.0,405.64,408.74,396.38,10.0,21.0,0.9296271685791015,call,2026-12-18,SPY,761.6300048828125,2026-09-18T22:35:11.743583+00:00
365.0,400.04,403.92,414.5,1.0,75.0,0.9071664556884764,call,2026-12-18,SPY,761.6300048828125,2026-09-18T22:35:11.743583+00:00
370.0,395.1,398.98,393.76,1.0,109.0,0.8945323046874999,call,2026-12-18,SPY,761.6300048828125,2026-09-18T22:35:11.743583+00:00
375.0,390.16,394.04,383.46,1.0,16.0,0.8820812573242187,call,2026-12-18,SPY,761.6300048828125,2026-09-18T22:35:11.743583+00:00
380.0,385.23,389.11,384.83,2.0,39.0,0.870118486328125,call,2026-12-18,SPY,761.6300048828125,2026-09-18T22:35:11.743583+00:00
385.0,380.29,384.17,375.75,7.0,26.0,0.8578505426025391,call,2026-12-18,SPY,761.6300048828125,2026-09-18T22:35:11.743583+00:00
390.0,375.35,379.23,372.09,4.0,143.0,0.8457657025146483,call,2026-12-18,SPY,761.6300048828125,2026-09-18T22:35:11.743583+00:00
395.0,370.42,374.3,375.82,100.0,93.0,0.8340470697021483,call,2026-12-18,SPY,761.6300048828125,2026-09-18T22:35:11.743583+00:00
400.0,365.48,369.36,363.62,4.0,13716.0,0.822145333251953,call,2026-12-18,SPY,761.6300048828125,2026-09-18T22:35:11.743583+00:00
405.0,360.55,364.43,362.09,4.0,254.0,0.8106708386230468,call,2026-12-18,SPY,761.6300048828125,2026-09-18T22:35:11.743583+00:00
410.0,355.62,359.5,357.69,2.0,183.0,0.7993184130859375,call,2026-12-18,SPY,761.6300048828125,2026-09-18T22:35:11.743583+00:00
415.0,350.68,354.56,350.57,1.0,329.0,0.7876608148193358,call,2026-12-18,SPY,761.6300048828125,2026-09-18T22:35:11.743583+00:00
420.0,345.75,349.63,348.95,1.0,173.0,0.776491492919922,call,2026-12-18,SPY,761.6300048828125,2026-09-18T22:35:11.743583+00:00
425.0,340.82,344.7,338.75,1.0,283.0,0.7653221710205078,call,2026-12-18,SPY,761.6300048828125,2026-09-18T22:35:11.743583+00:00
430.0,335.89,339.77,340.18,54.0,216.0,0.7542749182128907,call,2026-12-18,SPY,761.6300048828125,2026-09-18T22:35:11.743583+00:00
435.0,330.96,334.84,325.92,7.0,145.0,0.7432886999511719,call,2026-12-18,SPY,761.6300048828125,2026-09-18T22:35:11.743583+00:00
440.0,326.03,329.91,329.36,1.0,336.0,0.7323940335083007,call,2026-12-18,SPY,761.6300048828125,2026-09-18T22:35:11.743583+00:00
445.0,321.1,324.98,320.58,1.0,123.0,0.7215604016113282,call,2026-12-18,SPY,761.6300048828125,2026-09-18T22:35:11.743583+00:00
450.0,316.17,320.05,314.12,2.0,465.0,0.7108183215332031,call,2026-12-18,SPY,761.6300048828125,2026-09-18T22:35:11.743583+00:00
455.0,311.25,315.13,314.78,2.0,86.0,0.7003814141845703,call,2026-12-18,SPY,761.6300048828125,2026-09-18T22:35:11.743583+00:00
460.0,306.32,310.2,310.16,2.0,224.0,0.6897308859252932,call,2026-12-18,SPY,761.6300048828125,2026-09-18T22:35:11.743583+00:00
465.0,301.4,305.28,297.1,2.0,92.0,0.6793855303955079,call,2026-12-18,SPY,761.6300048828125,2026-09-18T22:35:11.743583+00:00
470.0,296.47,300.35,292.17,2.0,246.0,0.6688875885009766,call,2026-12-18,SPY,761.6300048828125,2026-09-18T22:35:11.743583+00:00
475.0,291.55,295.43,287.47,4.0,1083.0,0.6586948193359375,call,2026-12-18,SPY,761.6300048828125,2026-09-18T22:35:11.743583+00:00
480.0,286.63,290.51,286.2,2.0,203.0,0.6485020501708985,call,2026-12-18,SPY,761.6300048828125,2026-09-18T22:35:11.743583+00:00
485.0,281.71,285.59,282.66,7.0,866.0,0.6384008328247069,call,2026-12-18,SPY,761.6300048828125,2026-09-18T22:35:11.743583+00:00
490.0,276.79,280.67,271.5,1.0,820.0,0.6283301327514649,call,2026-12-18,SPY,761.6300048828125,2026-09-18T22:35:11.743583+00:00
495.0,271.88,275.76,267.79,1.0,1977.0,0.6185035708618166,call,2026-12-18,SPY,761.6300048828125,2026-09-18T22:35:11.743583+00:00
500.0,266.96,270.84,267.0,4.0,3721.0,0.608524422607422,call,2026-12-18,SPY,761.6300048828125,2026-09-18T22:35:11.743583+00:00
505.0,262.05,265.93,262.41,2.0,1447.0,0.598758895263672,call,2026-12-18,SPY,761.6300048828125,2026-09-18T22:35:11.743583+00:00
510.0,257.14,261.02,256.84,1.0,1953.0,0.5890544024658204,call,2026-12-18,SPY,761.6300048828125,2026-09-18T22:35:11.743583+00:00
515.0,252.23,256.11,250.59,1.0,2045.0,0.5793804269409181,call,2026-12-18,SPY,761.6300048828125,2026-09-18T22:35:11.743583+00:00
520.0,247.32,251.2,242.0,3.0,3030.0,0.569736968688965,call,2026-12-18,SPY,761.6300048828125,2026-09-18T22:35:11.743583+00:00
525.0,242.41,246.29,239.78,1.0,854.0,0.5600935104370117,call,2026-12-18,SPY,761.6300048828125,2026-09-18T22:35:11.743583+00:00
530.0,237.51,241.39,235.68,24.0,2135.0,0.5506941903686525,call,2026-12-18,SPY,761.6300048828125,2026-09-18T22:35:11.743583+00:00
535.0,232.6,236.48,231.25,1.0,2369.0,0.5411117666625979,call,2026-12-18,SPY,761.6300048828125,2026-09-18T22:35:11.743583+00:00
540.0,227.7,231.58,225.92,2.0,3482.0,0.5317124465942383,call,2026-12-18,SPY,761.6300048828125,2026-09-18T22:35:11.743583+00:00
545.0,222.8,226.68,222.28,2.0,1688.0,0.522343643798828,call,2026-12-18,SPY,761.6300048828125,2026-09-18T22:35:11.743583+00:00
550.0,217.91,221.79,217.83,22.0,3990.0,0.5131884619140624,call,2026-12-18,SPY,761.6300048828125,2026-09-18T22:35:11.743583+00:00
555.0,213.01,216.89,215.0,3.0,1678.0,0.5038196591186525,call,2026-12-18,SPY,761.6300048828125,2026-09-18T22:35:11.743583+00:00
560.0,208.12,212.0,207.6,14.0,1927.0,0.5254258883666992,call,2026-12-18,SPY,761.6300048828125,2026-09-18T22:35:11.743583+00:00
565.0,203.24,207.12,198.16,3.0,1684.0,0.5158129473876953,call,2026-12-18,SPY,761.6300048828125,2026-09-18T22:35:11.743583+00:00
570.0,198.35,202.23,198.15,2.0,5220.0,0.5060474200439453,call,2026-12-18,SPY,761.6300048828125,2026-09-18T22:35:11.743583+00:00
575.0,193.47,197.35,184.53,2.0,847.0,0.4964344790649414,call,2026-12-18,SPY,761.6300048828125,2026-09-18T22:35:11.743583+00:00
580.0,188.59,192.47,188.54,3.0,1989.0,0.48682153808593753,call,2026-12-18,SPY,761.6300048828125,2026-09-18T22:35:11.743583+00:00
585.0,183.72,187.23,182.5,2.0,957.0,0.4722037643432617,call,2026-12-18,SPY,761.6300048828125,2026-09-18T22:35:11.743583+00:00
590.0,178.85,181.81,177.13,1.0,2450.0,0.4552056433105469,call,2026-12-18,SPY,761.6300048828125,2026-09-18T22:35:11.743583+00:00
595.0,173.99,177.51,174.19,3.0,1513.0,0.45371029693603515,call,2026-12-18,SPY,761.6300048828125,2026-09-18T22:35:11.743583+00:00
600.0,169.16,172.66,167.21,5.0,4509.0,0.44455511505126954,call,2026-12-18,SPY,761.6300048828125,2026-09-18T22:35:11.743583+00:00
605.0,164.29,167.81,163.0,1.0,2748.0,0.4353846745300293,call,2026-12-18,SPY,761.6300048828125,2026-09-18T22:35:11.743583+00:00
610.0,159.44,162.93,157.96,1.0,1357.0,0.4258175094604493,call,2026-12-18,SPY,761.6300048828125,2026-09-18T22:35:11.743583+00:00
615.0,154.6,158.09,153.12,1.0,1468.0,0.4167081034851074,call,2026-12-18,SPY,761.6300048828125,2026-09-18T22:35:11.743583+00:00
620.0,149.77,153.3,149.0,1.0,2734.0,0.4081785256958008,call,2026-12-18,SPY,761.6300048828125,2026-09-18T22:35:11.743583+00:00
625.0,145.18,148.49,145.15,10.0,1617.0,0.3993590338134766,call,2026-12-18,SPY,761.6300048828125,2026-09-18T22:35:11.743583+00:00
630.0,140.37,143.71,140.19,10.0,905.0,0.3908141973876953,call,2026-12-18,SPY,761.6300048828125,2026-09-18T22:35:11.743583+00:00
635.0,135.56,138.91,135.32,1.0,1766.0,0.38196418823242184,call,2026-12-18,SPY,761.6300048828125,2026-09-18T22:35:11.743583+00:00
640.0,130.77,134.15,129.45,1.0,2240.0,0.3735109036254882,call,2026-12-18,SPY,761.6300048828125,2026-09-18T22:35:11.743583+00:00
645.0,125.98,129.39,127.75,19.0,1160.0,0.3649508085632324,call,2026-12-18,SPY,761.6300048828125,2026-09-18T22:35:11.743583+00:00
650.0,121.21,124.87,120.7,130.0,3529.0,0.35883209533691407,call,2026-12-18,SPY,761.6300048828125,2026-09-18T22:35:11.743583+00:00
655.0,116.45,120.11,114.61,3.0,1090.0,0.35004312072753896,call,2026-12-18,SPY,761.6300048828125,2026-09-18T22:35:11.743583+00:00
660.0,111.71,115.37,112.77,2.0,1396.0,0.34134569793701175,call,2026-12-18,SPY,761.6300048828125,2026-09-18T22:35:11.743583+00:00
665.0,106.99,110.65,107.83,3.0,1675.0,0.3327398269653321,call,2026-12-18,SPY,761.6300048828125,2026-09-18T22:35:11.743583+00:00
670.0,102.28,105.95,101.09,7.0,2354.0,0.3241949905395507,call,2026-12-18,SPY,761.6300048828125,2026-09-18T22:35:11.743583+00:00
675.0,97.61,101.27,97.89,3.0,4298.0,0.31571118865966785,call,2026-12-18,SPY,761.6300048828125,2026-09-18T22:35:11.743583+00:00
680.0,92.95,96.62,93.57,2.0,4727.0,0.307349455871582,call,2026-12-18,SPY,761.6300048828125,2026-09-18T22:35:11.743583+00:00
685.0,88.32,91.99,88.96,5.0,2845.0,0.2990029817199707,call,2026-12-18,SPY,761.6300048828125,2026-09-18T22:35:11.743583+00:00
690.0,83.71,87.39,76.47,9.0,3487.0,0.2907328007507323,call,2026-12-18,SPY,761.6300048828125,2026-09-18T22:35:11.743583+00:00
695.0,79.15,82.82,79.52,6.0,2169.0,0.2825083956909179,call,2026-12-18,SPY,761.6300048828125,2026-09-18T22:35:11.743583+00:00
700.0,74.62,78.29,75.53,44.0,10118.0,0.2743908010864258,call,2026-12-18,SPY,761.6300048828125,2026-09-18T22:35:11.743583+00:00
705.0,70.13,73.81,68.5,9.0,3577.0,0.2664410514831543,call,2026-12-18,SPY,761.6300048828125,2026-09-18T22:35:11.743583+00:00
710.0,65.69,69.37,66.27,3.0,7393.0,0.2585218191528321,call,2026-12-18,SPY,761.6300048828125,2026-09-18T22:35:11.743583+00:00
715.0,61.3,64.99,62.0,6.0,2491.0,0.2507551731872558,call,2026-12-18,SPY,761.6300048828125,2026-09-18T22:35:11.743583+00:00
720.0,56.96,60.65,56.72,13.0,4494.0,0.24295800994873046,call,2026-12-18,SPY,761.6300048828125,2026-09-18T22:35:11.743583+00:00
725.0,52.69,56.39,51.85,5.0,5043.0,0.23538972625732418,call,2026-12-18,SPY,761.6300048828125,2026-09-18T22:35:11.743583+00:00
730.0,48.5,52.21,47.81,5.0,8449.0,0.22797402893066404,call,2026-12-18,SPY,761.6300048828125,2026-09-18T22:35:11.743583+00:00
735.0,44.4,48.11,45.31,1.0,4573.0,0.22066514205932614,call,2026-12-18,SPY,761.6300048828125,2026-09-18T22:35:11.743583+00:00
740.0,40.4,43.64,39.9,17.0,6890.0,0.2102892692565918,call,2026-12-18,SPY,761.6300048828125,2026-09-18T22:35:11.743583+00:00
745.0,36.5,39.78,38.5,22.0,8260.0,0.20359072784423826,call,2026-12-18,SPY,761.6300048828125,2026-09-18T22:35:11.743583+00:00
750.0,32.73,35.0,34.79,213.0,29733.0,0.1901020932006836,call,2026-12-18,SPY,761.6300048828125,2026-09-18T22:35:11.743583+00:00
755.0,30.37,31.42,30.15,129.0,10556.0,0.18399863861083982,call,2026-12-18,SPY,761.6300048828125,2026-09-18T22:35:11.743583+00:00
760.0,26.95,27.95,27.52,385.0,15191.0,0.17780363220214845,call,2026-12-18,SPY,761.6300048828125,2026-09-18T22:35:11.743583+00:00
765.0,24.18,24.29,24.27,741.0,11136.0,0.16947241668701174,call,2026-12-18,SPY,761.6300048828125,2026-09-18T22:35:11.743583+00:00
770.0,21.09,21.2,20.97,804.0,13221.0,0.16387249710083013,call,2026-12-18,SPY,761.6300048828125,2026-09-18T22:35:11.743583+00:00
775.0,18.22,18.33,17.57,607.0,11776.0,0.15860826751708984,call,2026-12-18,SPY,761.6300048828125,2026-09-18T22:35:11.743583+00:00
780.0,15.58,15.7,15.45,282.0,29144.0,0.15375602111816405,call,2026-12-18,SPY,761.6300048828125,2026-09-18T22:35:11.743583+00:00
785.0,13.21,13.31,12.63,233.0,15701.0,0.14926235267639162,call,2026-12-18,SPY,761.6300048828125,2026-09-18T22:35:11.743583+00:00
790.0,11.08,11.17,10.75,146.0,14149.0,0.14515015014648439,call,2026-12-18,SPY,761.6300048828125,2026-09-18T22:35:11.743583+00:00
795.0,9.21,9.29,9.25,90.0,9957.0,0.14151859466552735,call,2026-12-18,SPY,761.6300048828125,2026-09-18T22:35:11.743583+00:00
800.0,7.58,7.66,7.66,860.0,66603.0,0.13831428100585938,call,2026-12-18,SPY,761.6300048828125,2026-09-18T22:35:11.743583+00:00
805.0,6.22,6.25,6.24,237.0,12575.0,0.13541514007568362,call,2026-12-18,SPY,761.6300048828125,2026-09-18T22:35:11.743583+00:00
810.0,5.04,5.08,5.09,582.0,23093.0,0.13309582733154296,call,2026-12-18,SPY,761.6300048828125,2026-09-18T22:35:11.743583+00:00
815.0,4.06,4.1,3.82,354.0,15229.0,0.13111220458984374,call,2026-12-18,SPY,761.6300048828125,2026-09-18T22:35:11.743583+00:00
820.0,3.25,3.28,3.25,325.0,14315.0,0.12934220275878905,call,2026-12-18,SPY,761.6300048828125,2026-09-18T22:35:11.743583+00:00
825.0,2.58,2.61,2.53,207.0,14532.0,0.12787737365722657,call,2026-12-18,SPY,761.6300048828125,2026-09-18T22:35:11.743583+00:00
830.0,2.05,2.07,2.06,48.0,56922.0,0.12671771728515624,call,2026-12-18,SPY,761.6300048828125,2026-09-18T22:35:11.743583+00:00
835.0,1.62,1.64,1.61,633.0,11030.0,0.12589375091552735,call,2026-12-18,SPY,761.6300048828125,2026-09-18T22:35:11.743583+00:00
840.0,1.28,1.3,1.16,661.0,7256.0,0.12534444000244144,call,2026-12-18,SPY,761.6300048828125,2026-09-18T22:35:11.743583+00:00
845.0,1.01,1.03,0.93,68.0,4937.0,0.12500875,call,2026-12-18,SPY,761.6300048828125,2026-09-18T22:35:11.743583+00:00
850.0,0.81,0.83,0.76,465.0,12076.0,0.12525288818359376,call,2026-12-18,SPY,761.6300048828125,2026-09-18T22:35:11.743583+00:00
855.0,0.65,0.67,0.61,8.0,4002.0,0.1256190954589844,call,2026-12-18,SPY,761.6300048828125,2026-09-18T22:35:11.743583+00:00
860.0,0.53,0.54,0.44,53.0,5055.0,0.12604633728027342,call,2026-12-18,SPY,761.6300048828125,2026-09-18T22:35:11.743583+00:00
865.0,0.43,0.45,0.37,9.0,4116.0,0.12720599365234375,call,2026-12-18,SPY,761.6300048828125,2026-09-18T22:35:11.743583+00:00
870.0,0.36,0.37,0.35,16.0,2614.0,0.12806047729492187,call,2026-12-18,SPY,761.6300048828125,2026-09-18T22:35:11.743583+00:00
875.0,0.3,0.31,0.26,9.0,3464.0,0.12928116821289062,call,2026-12-18,SPY,761.6300048828125,2026-09-18T22:35:11.743583+00:00
880.0,0.26,0.27,0.22,24.0,5505.0,0.13123427368164062,call,2026-12-18,SPY,761.6300048828125,2026-09-18T22:35:11.743583+00:00
885.0,0.22,0.23,0.2,2.0,3956.0,0.13269910278320313,call,2026-12-18,SPY,761.6300048828125,2026-09-18T22:35:11.743583+00:00
890.0,0.19,0.2,0.19,5.0,2331.0,0.13453013916015627,call,2026-12-18,SPY,761.6300048828125,2026-09-18T22:35:11.743583+00:00
895.0,0.17,0.18,0.16,1.0,1406.0,0.13672738281250002,call,2026-12-18,SPY,761.6300048828125,2026-09-18T22:35:11.743583+00:00
900.0,0.15,0.16,0.13,1.0,8390.0,0.13892462646484377,call,2026-12-18,SPY,761.6300048828125,2026-09-18T22:35:11.743583+00:00
905.0,0.13,0.14,0.22,2.0,2621.0,0.14063359375,call,2026-12-18,SPY,761.6300048828125,2026-09-18T22:35:11.743583+00:00
910.0,0.12,0.13,0.1,11.0,3936.0,0.14331911376953127,call,2026-12-18,SPY,761.6300048828125,2026-09-18T22:35:11.743583+00:00
915.0,0.1,0.12,0.09,1.0,2367.0,0.14576049560546872,call,2026-12-18,SPY,761.6300048828125,2026-09-18T22:35:11.743583+00:00
920.0,0.09,0.1,0.09,1.0,704.0,0.14649291015625,call,2026-12-18,SPY,761.6300048828125,2026-09-18T22:35:11.743583+00:00
925.0,0.08,0.09,0.07,1.0,1230.0,0.148446015625,call,2026-12-18,SPY,761.6300048828125,2026-09-18T22:35:11.743583+00:00
930.0,0.07,0.09,0.07,4.0,1713.0,0.15210808837890627,call,2026-12-18,SPY,761.6300048828125,2026-09-18T22:35:11.743583+00:00
935.0,0.07,0.08,0.08,20.0,1991.0,0.1538170556640625,call,2026-12-18,SPY,761.6300048828125,2026-09-18T22:35:11.743583+00:00
940.0,0.06,0.07,0.05,1.0,435.0,0.15528188476562502,call,2026-12-18,SPY,761.6300048828125,2026-09-18T22:35:11.743583+00:00
945.0,0.05,0.06,0.12,3.0,56.0,0.1562584375,call,2026-12-18,SPY,761.6300048828125,2026-09-18T22:35:11.743583+00:00
950.0,0.05,0.06,0.05,1.0,11226.0,0.1596763720703125,call,2026-12-18,SPY,761.6300048828125,2026-09-18T22:35:11.743583+00:00
955.0,0.04,0.05,0.05,5.0,168.0,0.1601646484375,call,2026-12-18,SPY,761.6300048828125,2026-09-18T22:35:11.743583+00:00
960.0,0.04,0.05,0.06,1.0,941.0,0.16358258300781253,call,2026-12-18,SPY,761.6300048828125,2026-09-18T22:35:11.743583+00:00
965.0,0.03,0.05,0.04,1.0,571.0,0.16700051757812504,call,2026-12-18,SPY,761.6300048828125,2026-09-18T22:35:11.743583+00:00
970.0,0.03,0.04,0.04,24.0,1031.0,0.16651224121093755,call,2026-12-18,SPY,761.6300048828125,2026-09-18T22:35:11.743583+00:00
975.0,0.03,0.04,0.1,5.0,1070.0,0.16993017578125003,call,2026-12-18,SPY,761.6300048828125,2026-09-18T22:35:11.743583+00:00
980.0,0.02,0.04,0.04,1.0,1298.0,0.17285983398437502,call,2026-12-18,SPY,761.6300048828125,2026-09-18T22:35:11.743583+00:00
985.0,0.02,0.03,0.03,100.0,640.0,0.17188328125000002,call,2026-12-18,SPY,761.6300048828125,2026-09-18T22:35:11.743583+00:00
990.0,0.02,0.03,0.05,3.0,868.0,0.174812939453125,call,2026-12-18,SPY,761.6300048828125,2026-09-18T22:35:11.743583+00:00
995.0,0.02,0.03,0.05,6.0,2272.0,0.17774259765625,call,2026-12-18,SPY,761.6300048828125,2026-09-18T22:35:11.743583+00:00
1000.0,0.02,0.03,0.02,12.0,2922.0,0.180672255859375,call,2026-12-18,SPY,761.6300048828125,2026-09-18T22:35:11.743583+00:00
150.0,0.01,0.02,0.01,10.0,32700.0,0.9609378906249999,put,2026-12-18,SPY,761.6300048828125,2026-09-18T22:35:11.743583+00:00
200.0,0.02,0.03,0.02,72.0,32364.0,0.8203142968749999,put,2026-12-18,SPY,761.6300048828125,2026-09-18T22:35:11.743583+00:00
210.0,0.02,0.03,0.02,6.0,4816.0,0.7929708203125,put,2026-12-18,SPY,761.6300048828125,2026-09-18T22:35:11.743583+00:00
220.0,0.02,0.04,0.04,20.0,2884.0,0.773439765625,put,2026-12-18,SPY,761.6300048828125,2026-09-18T22:35:11.743583+00:00
230.0,0.03,0.04,0.05,120.0,8249.0,0.7578149218750001,put,2026-12-18,SPY,761.6300048828125,2026-09-18T22:35:11.743583+00:00
240.0,0.03,0.05,0.05,129.0,48888.0,0.7382838671874999,put,2026-12-18,SPY,761.6300048828125,2026-09-18T22:35:11.743583+00:00
245.0,0.04,0.05,0.05,110.0,475.0,0.73437765625,put,2026-12-18,SPY,761.6300048828125,2026-09-18T22:35:11.743583+00:00
250.0,0.05,0.06,0.05,200.0,5322.0,0.7324245507812499,put,2026-12-18,SPY,761.6300048828125,2026-09-18T22:35:11.743583+00:00
255.0,0.05,0.06,0.08,2.0,1440.0,0.72070591796875,put,2026-12-18,SPY,761.6300048828125,2026-09-18T22:35:11.743583+00:00
260.0,0.05,0.06,0.09,1.0,5248.0,0.70898728515625,put,2026-12-18,SPY,761.6300048828125,2026-09-18T22:35:11.743583+00:00
265.0,0.05,0.06,0.08,12.0,256.0,0.6953155468750001,put,2026-12-18,SPY,761.6300048828125,2026-09-18T22:35:11.743583+00:00
270.0,0.06,0.07,0.09,33.0,678.0,0.694338994140625,put,2026-12-18,SPY,761.6300048828125,2026-09-18T22:35:11.743583+00:00
275.0,0.06,0.07,0.07,800.0,6340.0,0.6816438085937502,put,2026-12-18,SPY,761.6300048828125,2026-09-18T22:35:11.743583+00:00
280.0,0.06,0.08,0.07,801.0,5244.0,0.6757844921875001,put,2026-12-18,SPY,761.6300048828125,2026-09-18T22:35:11.743583+00:00
285.0,0.07,0.08,0.08,1301.0,1914.0,0.6679720703125002,put,2026-12-18,SPY,761.6300048828125,2026-09-18T22:35:11.743583+00:00
290.0,0.07,0.08,0.09,500.0,15213.0,0.6562534375000001,put,2026-12-18,SPY,761.6300048828125,2026-09-18T22:35:11.743583+00:00
295.0,0.08,0.09,0.08,262.0,2544.0,0.6523472265625001,put,2026-12-18,SPY,761.6300048828125,2026-09-18T22:35:11.743583+00:00
300.0,0.08,0.09,0.1,6.0,9261.0,0.6425816992187501,put,2026-12-18,SPY,761.6300048828125,2026-09-18T22:35:11.743583+00:00
305.0,0.09,0.1,0.09,2.0,449.0,0.637698935546875,put,2026-12-18,SPY,761.6300048828125,2026-09-18T22:35:11.743583+00:00
310.0,0.09,0.11,0.11,15.0,2192.0,0.629886513671875,put,2026-12-18,SPY,761.6300048828125,2026-09-18T22:35:11.743583+00:00
315.0,0.1,0.11,0.12,65.0,953.0,0.622074091796875,put,2026-12-18,SPY,761.6300048828125,2026-09-18T22:35:11.743583+00:00
320.0,0.11,0.12,0.11,10.0,1561.0,0.6171913281250001,put,2026-12-18,SPY,761.6300048828125,2026-09-18T22:35:11.743583+00:00
325.0,0.11,0.12,0.12,16.0,3229.0,0.6064492480468751,put,2026-12-18,SPY,761.6300048828125,2026-09-18T22:35:11.743583+00:00
330.0,0.12,0.13,0.13,15.0,1064.0,0.6005899316406251,put,2026-12-18,SPY,761.6300048828125,2026-09-18T22:35:11.743583+00:00
335.0,0.13,0.14,0.14,20.0,278.0,0.5952188916015625,put,2026-12-18,SPY,761.6300048828125,2026-09-18T22:35:11.743583+00:00
340.0,0.14,0.15,0.15,15.0,2244.0,0.5893595751953126,put,2026-12-18,SPY,761.6300048828125,2026-09-18T22:35:11.743583+00:00
345.0,0.14,0.15,0.15,2020.0,1494.0,0.579105771484375,put,2026-12-18,SPY,761.6300048828125,2026-09-18T22:35:11.743583+00:00
350.0,0.15,0.16,0.17,15.0,157116.0,0.5732464550781251,put,2026-12-18,SPY,761.6300048828125,2026-09-18T22:35:11.743583+00:00
355.0,0.16,0.17,0.18,26.0,1337.0,0.5668988623046876,put,2026-12-18,SPY,761.6300048828125,2026-09-18T22:35:11.743583+00:00
360.0,0.17,0.18,0.17,17.0,3455.0,0.56055126953125,put,2026-12-18,SPY,761.6300048828125,2026-09-18T22:35:11.743583+00:00
365.0,0.18,0.19,0.2,15.0,1905.0,0.5542036767578126,put,2026-12-18,SPY,761.6300048828125,2026-09-18T22:35:11.743583+00:00
370.0,0.19,0.2,0.2,21.0,2827.0,0.5478560839843751,put,2026-12-18,SPY,761.6300048828125,2026-09-18T22:35:11.743583+00:00
375.0,0.2,0.21,0.22,20.0,7738.0,0.5410202148437502,put,2026-12-18,SPY,761.6300048828125,2026-09-18T22:35:11.743583+00:00
380.0,0.22,0.23,0.3,1.0,2442.0,0.5371140039062501,put,2026-12-18,SPY,761.6300048828125,2026-09-18T22:35:11.743583+00:00
385.0,0.23,0.24,0.25,7.0,3416.0,0.5302781347656251,put,2026-12-18,SPY,761.6300048828125,2026-09-18T22:35:11.743583+00:00
390.0,0.24,0.25,0.27,303.0,4337.0,0.523442265625,put,2026-12-18,SPY,761.6300048828125,2026-09-18T22:35:11.743583+00:00
395.0,0.25,0.27,0.27,5.0,7583.0,0.51758294921875,put,2026-12-18,SPY,761.6300048828125,2026-09-18T22:35:11.743583+00:00
400.0,0.27,0.28,0.29,30.0,28731.0,0.5114794946289063,put,2026-12-18,SPY,761.6300048828125,2026-09-18T22:35:11.743583+00:00
405.0,0.28,0.29,0.29,12.0,1246.0,0.5043994873046875,put,2026-12-18,SPY,761.6300048828125,2026-09-18T22:35:11.743583+00:00
410.0,0.3,0.31,0.37,1.0,16334.0,0.5002491381835938,put,2026-12-18,SPY,761.6300048828125,2026-09-18T22:35:11.743583+00:00
415.0,0.31,0.33,0.42,1.0,5035.0,0.49487809814453126,put,2026-12-18,SPY,761.6300048828125,2026-09-18T22:35:11.743583+00:00
420.0,0.33,0.34,0.36,5.0,4665.0,0.4875539526367188,put,2026-12-18,SPY,761.6300048828125,2026-09-18T22:35:11.743583+00:00
425.0,0.35,0.36,0.37,1.0,8508.0,0.4819387744140625,put,2026-12-18,SPY,761.6300048828125,2026-09-18T22:35:11.743583+00:00
430.0,0.37,0.38,0.39,7.0,2391.0,0.47632359619140624,put,2026-12-18,SPY,761.6300048828125,2026-09-18T22:35:11.743583+00:00
435.0,0.39,0.4,0.4,2.0,1116.0,0.47046427978515626,put,2026-12-18,SPY,761.6300048828125,2026-09-18T22:35:11.743583+00:00
440.0,0.41,0.42,0.52,46.0,672.0,0.4643608251953125,put,2026-12-18,SPY,761.6300048828125,2026-09-18T22:35:11.743583+00:00
445.0,0.43,0.44,0.45,3.0,1850.0,0.4585015087890626,put,2026-12-18,SPY,761.6300048828125,2026-09-18T22:35:11.743583+00:00
450.0,0.45,0.46,0.46,310.0,27686.0,0.4523980541992188,put,2026-12-18,SPY,761.6300048828125,2026-09-18T22:35:11.743583+00:00
455.0,0.47,0.48,0.48,32.0,844.0,0.446294599609375,put,2026-12-18,SPY,761.6300048828125,2026-09-18T22:35:11.743583+00:00
460.0,0.5,0.51,0.53,3.0,2777.0,0.44116769775390624,put,2026-12-18,SPY,761.6300048828125,2026-09-18T22:35:11.743583+00:00
465.0,0.52,0.53,0.56,5.0,1241.0,0.4348201049804688,put,2026-12-18,SPY,761.6300048828125,2026-09-18T22:35:11.743583+00:00
470.0,0.55,0.56,0.57,51.0,6935.0,0.4294490649414063,put,2026-12-18,SPY,761.6300048828125,2026-09-18T22:35:11.743583+00:00
475.0,0.57,0.59,0.6,1.0,4482.0,0.42383388671875,put,2026-12-18,SPY,761.6300048828125,2026-09-18T22:35:11.743583+00:00
480.0,0.6,0.61,0.63,17.0,311425.0,0.41736422485351554,put,2026-12-18,SPY,761.6300048828125,2026-09-18T22:35:11.743583+00:00
485.0,0.63,0.64,0.66,1.0,3681.0,0.41174904663085937,put,2026-12-18,SPY,761.6300048828125,2026-09-18T22:35:11.743583+00:00
490.0,0.66,0.68,0.68,2.0,10980.0,0.4067442138671875,put,2026-12-18,SPY,761.6300048828125,2026-09-18T22:35:11.743583+00:00
495.0,0.69,0.71,0.9,19.0,1813.0,0.4008848974609375,put,2026-12-18,SPY,761.6300048828125,2026-09-18T22:35:11.743583+00:00
500.0,0.73,0.74,0.75,1027.0,18821.0,0.39502558105468755,put,2026-12-18,SPY,761.6300048828125,2026-09-18T22:35:11.743583+00:00
505.0,0.76,0.78,0.82,2.0,1853.0,0.389654541015625,put,2026-12-18,SPY,761.6300048828125,2026-09-18T22:35:11.743583+00:00
510.0,0.8,0.82,0.83,18.0,3909.0,0.3842835009765625,put,2026-12-18,SPY,761.6300048828125,2026-09-18T22:35:11.743583+00:00
515.0,0.84,0.85,0.86,1.0,4563.0,0.37805797729492185,put,2026-12-18,SPY,761.6300048828125,2026-09-18T22:35:11.743583+00:00
520.0,0.88,0.9,0.91,1.0,12039.0,0.37305314453125,put,2026-12-18,SPY,761.6300048828125,2026-09-18T22:35:11.743583+00:00
525.0,0.93,0.94,0.94,23.0,5098.0,0.3673158972167969,put,2026-12-18,SPY,761.6300048828125,2026-09-18T22:35:11.743583+00:00
530.0,0.97,0.98,1.0,4.0,6102.0,0.3614565808105469,put,2026-12-18,SPY,761.6300048828125,2026-09-18T22:35:11.743583+00:00
535.0,1.02,1.03,1.05,30.0,3293.0,0.35608554077148435,put,2026-12-18,SPY,761.6300048828125,2026-09-18T22:35:11.743583+00:00
540.0,1.07,1.08,1.09,6.0,5583.0,0.3506534661865234,put,2026-12-18,SPY,761.6300048828125,2026-09-18T22:35:11.743583+00:00
545.0,1.12,1.13,1.16,28.0,5181.0,0.3450993225097656,put,2026-12-18,SPY,761.6300048828125,2026-09-18T22:35:11.743583+00:00
550.0,1.17,1.19,1.22,582.0,14826.0,0.3398503515625,put,2026-12-18,SPY,761.6300048828125,2026-09-18T22:35:11.743583+00:00
555.0,1.23,1.25,1.34,11.0,4140.0,0.33447931152343746,put,2026-12-18,SPY,761.6300048828125,2026-09-18T22:35:11.743583+00:00
560.0,1.29,1.31,1.35,21.0,11577.0,0.32898620239257803,put,2026-12-18,SPY,761.6300048828125,2026-09-18T22:35:11.743583+00:00
565.0,1.36,1.37,1.4,1.0,2754.0,0.3233710241699218,put,2026-12-18,SPY,761.6300048828125,2026-09-18T22:35:11.743583+00:00
570.0,1.42,1.44,1.48,5.0,5191.0,0.31806101867675773,put,2026-12-18,SPY,761.6300048828125,2026-09-18T22:35:11.743583+00:00
575.0,1.49,1.51,1.58,25.0,7402.0,0.3125679095458984,put,2026-12-18,SPY,761.6300048828125,2026-09-18T22:35:11.743583+00:00
580.0,1.57,1.59,1.64,9.0,10157.0,0.3073799731445312,put,2026-12-18,SPY,761.6300048828125,2026-09-18T22:35:11.743583+00:00
585.0,1.65,1.67,1.65,11.0,5768.0,0.3020089331054688,put,2026-12-18,SPY,761.6300048828125,2026-09-18T22:35:11.743583+00:00
590.0,1.73,1.75,1.75,28.0,11572.0,0.29645478942871095,put,2026-12-18,SPY,761.6300048828125,2026-09-18T22:35:11.743583+00:00
595.0,1.82,1.84,1.95,14.0,4122.0,0.29114478393554677,put,2026-12-18,SPY,761.6300048828125,2026-09-18T22:35:11.743583+00:00
600.0,1.92,1.94,1.98,92.0,25780.0,0.2858958129882812,put,2026-12-18,SPY,761.6300048828125,2026-09-18T22:35:11.743583+00:00
605.0,2.02,2.04,2.09,900.0,8949.0,0.2805247729492187,put,2026-12-18,SPY,761.6300048828125,2026-09-18T22:35:11.743583+00:00
610.0,2.13,2.15,2.15,791.0,158156.0,0.2752758020019531,put,2026-12-18,SPY,761.6300048828125,2026-09-18T22:35:11.743583+00:00
615.0,2.24,2.26,2.3,657.0,6322.0,0.26984372741699214,put,2026-12-18,SPY,761.6300048828125,2026-09-18T22:35:11.743583+00:00
620.0,2.37,2.39,2.44,24.0,25941.0,0.2647778601074219,put,2026-12-18,SPY,761.6300048828125,2026-09-18T22:35:11.743583+00:00
625.0,2.5,2.52,2.58,662.0,23953.0,0.2594678546142578,put,2026-12-18,SPY,761.6300048828125,2026-09-18T22:35:11.743583+00:00
630.0,2.64,2.66,2.72,62.0,40085.0,0.2541578491210938,put,2026-12-18,SPY,761.6300048828125,2026-09-18T22:35:11.743583+00:00
635.0,2.8,2.82,2.88,9.0,6322.0,0.24912249908447265,put,2026-12-18,SPY,761.6300048828125,2026-09-18T22:35:11.743583+00:00
640.0,2.96,2.98,3.03,38.0,10912.0,0.2438430108642578,put,2026-12-18,SPY,761.6300048828125,2026-09-18T22:35:11.743583+00:00
645.0,3.13,3.16,3.24,9.0,8091.0,0.23871610900878903,put,2026-12-18,SPY,761.6300048828125,2026-09-18T22:35:11.743583+00:00
650.0,3.32,3.35,3.35,7780.0,15370.0,0.23352817260742187,put,2026-12-18,SPY,761.6300048828125,2026-09-18T22:35:11.743583+00:00
655.0,3.53,3.55,3.65,40.0,5704.0,0.22827920166015625,put,2026-12-18,SPY,761.6300048828125,2026-09-18T22:35:11.743583+00:00
660.0,3.75,3.78,3.87,134.0,134881.0,0.22324385162353516,put,2026-12-18,SPY,761.6300048828125,2026-09-18T22:35:11.743583+00:00
665.0,3.99,4.02,4.06,278.0,17497.0,0.21808643249511717,put,2026-12-18,SPY,761.6300048828125,2026-09-18T22:35:11.743583+00:00
670.0,4.25,4.28,4.31,1512.0,35600.0,0.21292901336669923,put,2026-12-18,SPY,761.6300048828125,2026-09-18T22:35:11.743583+00:00
675.0,4.54,4.57,4.62,275.0,9981.0,0.20789366333007808,put,2026-12-18,SPY,761.6300048828125,2026-09-18T22:35:11.743583+00:00
680.0,4.85,4.88,4.91,331.0,12774.0,0.20276676147460934,put,2026-12-18,SPY,761.6300048828125,2026-09-18T22:35:11.743583+00:00
685.0,5.19,5.22,5.38,700.0,6399.0,0.19770089416503905,put,2026-12-18,SPY,761.6300048828125,2026-09-18T22:35:11.743583+00:00
690.0,5.56,5.59,5.6,594.0,11337.0,0.1926045095825195,put,2026-12-18,SPY,761.6300048828125,2026-09-18T22:35:11.743583+00:00
695.0,5.97,6.0,6.0,522.0,11679.0,0.18756915954589842,put,2026-12-18,SPY,761.6300048828125,2026-09-18T22:35:11.743583+00:00
700.0,6.41,6.44,6.48,2218.0,37391.0,0.1824269990539551,put,2026-12-18,SPY,761.6300048828125,2026-09-18T22:35:11.743583+00:00
705.0,6.9,6.93,6.97,64.0,4091.0,0.17734587310791017,put,2026-12-18,SPY,761.6300048828125,2026-09-18T22:35:11.743583+00:00
710.0,7.44,7.47,7.53,1448.0,17851.0,0.17228000579833985,put,2026-12-18,SPY,761.6300048828125,2026-09-18T22:35:11.743583+00:00
715.0,8.04,8.07,8.03,96.0,4920.0,0.16722939712524415,put,2026-12-18,SPY,761.6300048828125,2026-09-18T22:35:11.743583+00:00
720.0,8.69,8.73,8.72,803.0,6342.0,0.16214827117919922,put,2026-12-18,SPY,761.6300048828125,2026-09-18T22:35:11.743583+00:00
725.0,9.42,9.46,9.47,440.0,6405.0,0.1570518865966797,put,2026-12-18,SPY,761.6300048828125,2026-09-18T22:35:11.743583+00:00
730.0,10.22,10.28,10.31,340.0,15835.0,0.15200127792358398,put,2026-12-18,SPY,761.6300048828125,2026-09-18T22:35:11.743583+00:00
735.0,11.12,11.19,11.24,238.0,33480.0,0.14693541061401366,put,2026-12-18,SPY,761.6300048828125,2026-09-18T22:35:11.743583+00:00
740.0,12.12,12.2,12.12,300.0,16579.0,0.1418085087585449,put,2026-12-18,SPY,761.6300048828125,2026-09-18T22:35:11.743583+00:00
745.0,13.24,13.32,13.63,285.0,6006.0,0.13659005508422856,put,2026-12-18,SPY,761.6300048828125,2026-09-18T22:35:11.743583+00:00
750.0,14.48,14.57,14.53,690.0,20610.0,0.13134108413696288,put,2026-12-18,SPY,761.6300048828125,2026-09-18T22:35:11.743583+00:00
755.0,15.88,15.98,15.92,320.0,6812.0,0.12609211318969726,put,2026-12-18,SPY,761.6300048828125,2026-09-18T22:35:11.743583+00:00
760.0,17.46,17.56,17.41,4376.0,20202.0,0.12078210769653322,put,2026-12-18,SPY,761.6300048828125,2026-09-18T22:35:11.743583+00:00
765.0,19.24,19.34,19.26,904.0,6142.0,0.11543395561218261,put,2026-12-18,SPY,761.6300048828125,2026-09-18T22:35:11.743583+00:00
770.0,21.22,21.34,21.8,103.0,7570.0,0.11000951034545897,put,2026-12-18,SPY,761.6300048828125,2026-09-18T22:35:11.743583+00:00
775.0,23.46,23.58,23.94,198.0,3307.0,0.10442484939575195,put,2026-12-18,SPY,761.6300048828125,2026-09-18T22:35:11.743583+00:00
780.0,25.48,26.54,27.3,129.0,12247.0,0.10192243301391601,put,2026-12-18,SPY,761.6300048828125,2026-09-18T22:35:11.743583+00:00
785.0,28.19,29.41,29.64,267.0,1206.0,0.0966734620666504,put,2026-12-18,SPY,761.6300048828125,2026-09-18T22:35:11.743583+00:00
790.0,31.57,33.17,33.09,65.0,1240.0,0.09627673751831056,put,2026-12-18,SPY,761.6300048828125,2026-09-18T22:35:11.743583+00:00
795.0,33.78,37.06,36.5,1.0,749.0,0.09520863296508791,put,2026-12-18,SPY,761.6300048828125,2026-09-18T22:35:11.743583+00:00
800.0,37.43,40.44,41.92,270.0,2101.0,0.08597715789794924,put,2026-12-18,SPY,761.6300048828125,2026-09-18T22:35:11.743583+00:00
805.0,41.4,44.52,43.0,20.0,51.0,0.08027042785644532,put,2026-12-18,SPY,761.6300048828125,2026-09-18T22:35:11.743583+00:00
810.0,45.87,49.28,49.23,17.0,114.0,0.08252870605468751,put,2026-12-18,SPY,761.6300048828125,2026-09-18T22:35:11.743583+00:00
815.0,50.58,53.98,54.75,1.0,37.0,0.08222353332519532,put,2026-12-18,SPY,761.6300048828125,2026-09-18T22:35:11.743583+00:00
820.0,55.24,58.91,62.0,1.0,645.0,0.08625181335449221,put,2026-12-18,SPY,761.6300048828125,2026-09-18T22:35:11.743583+00:00
825.0,60.24,63.87,53.25,88.0,198.0,0.09070733520507812,put,2026-12-18,SPY,761.6300048828125,2026-09-18T22:35:11.743583+00:00
830.0,65.04,69.06,70.94,15.0,612.0,0.10157148437499999,put,2026-12-18,SPY,761.6300048828125,2026-09-18T22:35:11.743583+00:00
835.0,70.04,74.07,62.26,52.0,39.0,0.10743080078125,put,2026-12-18,SPY,761.6300048828125,2026-09-18T22:35:11.743583+00:00
840.0,75.04,79.09,70.12,1.0,1.0,0.11353425537109374,put,2026-12-18,SPY,761.6300048828125,2026-09-18T22:35:11.743583+00:00
845.0,80.04,84.11,71.74,2.0,0.0,0.11957667541503905,put,2026-12-18,SPY,761.6300048828125,2026-09-18T22:35:11.743583+00:00
850.0,85.04,89.13,88.5,1.0,16.0,0.12555806091308597,put,2026-12-18,SPY,761.6300048828125,2026-09-18T22:35:11.743583+00:00
855.0,90.04,94.15,89.72,2.0,0.0,0.13150892913818357,put,2026-12-18,SPY,761.6300048828125,2026-09-18T22:35:11.743583+00:00
860.0,95.04,99.15,94.7,2.0,0.0,0.13678841735839847,put,2026-12-18,SPY,761.6300048828125,2026-09-18T22:35:11.743583+00:00
865.0,100.04,104.15,99.71,2.0,0.0,0.14203738830566404,put,2026-12-18,SPY,761.6300048828125,2026-09-18T22:35:11.743583+00:00
870.0,105.04,109.15,104.69,2.0,0.0,0.14722532470703126,put,2026-12-18,SPY,761.6300048828125,2026-09-18T22:35:11.743583+00:00
875.0,110.04,114.15,109.71,2.0,0.0,0.15235222656250003,put,2026-12-18,SPY,761.6300048828125,2026-09-18T22:35:11.743583+00:00
880.0,115.04,119.15,114.71,2.0,0.0,0.1573570593261719,put,2026-12-18,SPY,761.6300048828125,2026-09-18T22:35:11.743583+00:00
885.0,120.04,124.15,119.69,,0.0,0.16236189208984375,put,2026-12-18,SPY,761.6300048828125,2026-09-18T22:35:11.743583+00:00
900.0,135.04,139.15,129.64,5.0,22.0,0.17701018310546873,put,2026-12-18,SPY,761.6300048828125,2026-09-18T22:35:11.743583+00:00
905.0,140.04,144.15,127.09,1.0,0.0,0.1818319122314453,put,2026-12-18,SPY,761.6300048828125,2026-09-18T22:35:11.743583+00:00
910.0,242.52,247.5,252.32,1.0,0.0,0.968048415222168,put,2026-12-18,SPY,761.6300048828125,2026-09-18T22:35:11.743583+00:00
925.0,230.21,235.46,253.05,,0.0,0.8125018749999999,put,2026-12-18,SPY,761.6300048828125,2026-09-18T22:35:11.743583+00:00
930.0,176.39,179.69,191.5,1.0,0.0,0.3716646086120606,put,2026-12-18,SPY,761.6300048828125,2026-09-18T22:35:11.743583+00:00
935.0,241.25,245.25,247.55,1.0,0.0,0.8320253003692626,put,2026-12-18,SPY,761.6300048828125,2026-09-18T22:35:11.743583+00:00
965.0,200.23,203.85,198.43,5.0,0.0,0.2210771252441406,put,2026-12-18,SPY,761.6300048828125,2026-09-18T22:35:11.743583+00:00
970.0,205.23,208.85,203.41,10.0,0.0,0.22522747436523435,put,2026-12-18,SPY,761.6300048828125,2026-09-18T22:35:11.743583+00:00
980.0,215.23,218.85,213.07,,0.0,0.23316196533203126,put,2026-12-18,SPY,761.6300048828125,2026-09-18T22:35:11.743583+00:00
1000.0,235.23,238.85,238.62,3.0,3.0,0.24890887817382812,put,2026-12-18,SPY,761.6300048828125,2026-09-18T22:35:11.743583+00:00
