strike,bid,ask,last_price,volume,open_interest,vendor_implied_volatility,option_type,expiration,ticker,spot,download_timestamp
700.0,68.57,71.99,70.78,4.0,9,0.45862357788085945,call,2026-09-14,SPY,770.239990234375,2026-09-07T22:51:08.864141+00:00
715.0,53.61,57.03,55.27,28.0,1,0.3813538427734374,call,2026-09-14,SPY,770.239990234375,2026-09-07T22:51:08.864141+00:00
720.0,48.63,52.05,50.54,24.0,4,0.35547519531249994,call,2026-09-14,SPY,770.239990234375,2026-09-07T22:51:08.864141+00:00
725.0,43.66,47.08,45.52,107.0,6,0.32971861694335935,call,2026-09-14,SPY,770.239990234375,2026-09-07T22:51:08.864141+00:00
730.0,38.69,42.12,40.84,164.0,1,0.3039620385742187,call,2026-09-14,SPY,770.239990234375,2026-09-07T22:51:08.864141+00:00
735.0,33.74,37.17,35.65,106.0,0,0.27808339111328123,call,2026-09-14,SPY,770.239990234375,2026-09-07T22:51:08.864141+00:00
740.0,28.83,32.25,30.65,903.0,4,0.25263198547363286,call,2026-09-14,SPY,770.239990234375,2026-09-07T22:51:08.864141+00:00
745.0,23.96,27.38,26.1,1616.0,15,0.22791299438476562,call,2026-09-14,SPY,770.239990234375,2026-09-07T22:51:08.864141+00:00
750.0,20.53,21.98,21.3,2334.0,249,0.18329674133300777,call,2026-09-14,SPY,770.239990234375,2026-09-07T22:51:08.864141+00:00
755.0,15.99,16.41,16.32,3072.0,499,0.132821171875,call,2026-09-14,SPY,770.239990234375,2026-09-07T22:51:08.864141+00:00
760.0,11.67,11.98,11.96,5747.0,607,0.12012598632812499,call,2026-09-14,SPY,770.239990234375,2026-09-07T22:51:08.864141+00:00
765.0,7.77,8.01,8.16,5115.0,1015,0.1100552862548828,call,2026-09-14,SPY,770.239990234375,2026-09-07T22:51:08.864141+00:00
770.0,4.55,4.58,4.6,2438.0,1040,0.09858079162597656,call,2026-09-14,SPY,770.239990234375,2026-09-07T22:51:08.864141+00:00
775.0,2.23,2.26,2.26,5060.0,1085,0.09284354431152343,call,2026-09-14,SPY,770.239990234375,2026-09-07T22:51:08.864141+00:00
780.0,0.91,0.93,0.94,3111.0,1051,0.08942560974121094,call,2026-09-14,SPY,770.239990234375,2026-09-07T22:51:08.864141+00:00
785.0,0.32,0.33,0.34,4245.0,1536,0.08838802246093751,call,2026-09-14,SPY,770.239990234375,2026-09-07T22:51:08.864141+00:00
790.0,0.11,0.12,0.12,1489.0,658,0.090829404296875,call,2026-09-14,SPY,770.239990234375,2026-09-07T22:51:08.864141+00:00
795.0,0.05,0.06,0.06,1308.0,4047,0.098641826171875,call,2026-09-14,SPY,770.239990234375,2026-09-07T22:51:08.864141+00:00
800.0,0.03,0.04,0.03,577.0,5370,0.10938390625,call,2026-09-14,SPY,770.239990234375,2026-09-07T22:51:08.864141+00:00
805.0,0.02,0.03,0.03,139.0,455,0.12012598632812499,call,2026-09-14,SPY,770.239990234375,2026-09-07T22:51:08.864141+00:00
810.0,0.02,0.03,0.02,358.0,122,0.13477427734375003,call,2026-09-14,SPY,770.239990234375,2026-09-07T22:51:08.864141+00:00
815.0,0.01,0.02,0.02,100.0,30,0.143563251953125,call,2026-09-14,SPY,770.239990234375,2026-09-07T22:51:08.864141+00:00
820.0,0.01,0.02,0.02,1.0,12,0.157234990234375,call,2026-09-14,SPY,770.239990234375,2026-09-07T22:51:08.864141+00:00
825.0,0.01,0.02,0.01,,5,0.16993017578125003,call,2026-09-14,SPY,770.239990234375,2026-09-07T22:51:08.864141+00:00
830.0,0.01,0.02,0.01,3.0,1006,0.18360191406249998,call,2026-09-14,SPY,770.239990234375,2026-09-07T22:51:08.864141+00:00
835.0,0.0,0.01,0.01,8.0,1,0.18360191406249998,call,2026-09-14,SPY,770.239990234375,2026-09-07T22:51:08.864141+00:00
840.0,0.0,0.01,0.01,,2304,0.19727365234375,call,2026-09-14,SPY,770.239990234375,2026-09-07T22:51:08.864141+00:00
845.0,0.0,0.01,0.01,,120,0.21094539062499998,call,2026-09-14,SPY,770.239990234375,2026-09-07T22:51:08.864141+00:00
700.0,0.1,0.11,0.1,225.0,310,0.2802806347656249,put,2026-09-14,SPY,770.239990234375,2026-09-07T22:51:08.864141+00:00
705.0,0.11,0.12,0.08,20.0,84,0.264655791015625,put,2026-09-14,SPY,770.239990234375,2026-09-07T22:51:08.864141+00:00
710.0,0.12,0.13,0.11,8.0,52,0.249030947265625,put,2026-09-14,SPY,770.239990234375,2026-09-07T22:51:08.864141+00:00
715.0,0.13,0.14,0.09,5.0,209,0.23242955078125,put,2026-09-14,SPY,770.239990234375,2026-09-07T22:51:08.864141+00:00
720.0,0.15,0.16,0.14,46.0,237,0.21778125976562498,put,2026-09-14,SPY,770.239990234375,2026-09-07T22:51:08.864141+00:00
725.0,0.17,0.18,0.17,68.0,1739,0.20215641601562498,put,2026-09-14,SPY,770.239990234375,2026-09-07T22:51:08.864141+00:00
730.0,0.2,0.21,0.21,184.0,429,0.1870198486328125,put,2026-09-14,SPY,770.239990234375,2026-09-07T22:51:08.864141+00:00
735.0,0.25,0.26,0.26,313.0,525,0.1733481103515625,put,2026-09-14,SPY,770.239990234375,2026-09-07T22:51:08.864141+00:00
740.0,0.33,0.34,0.35,619.0,682,0.16040878662109376,put,2026-09-14,SPY,770.239990234375,2026-09-07T22:51:08.864141+00:00
745.0,0.45,0.47,0.46,1301.0,630,0.14820187744140628,put,2026-09-14,SPY,770.239990234375,2026-09-07T22:51:08.864141+00:00
750.0,0.67,0.68,0.68,3037.0,1796,0.13660531372070314,put,2026-09-14,SPY,770.239990234375,2026-09-07T22:51:08.864141+00:00
755.0,1.03,1.04,1.02,3092.0,820,0.125985302734375,put,2026-09-14,SPY,770.239990234375,2026-09-07T22:51:08.864141+00:00
760.0,1.63,1.65,1.64,3903.0,1439,0.11603667175292968,put,2026-09-14,SPY,770.239990234375,2026-09-07T22:51:08.864141+00:00
765.0,2.66,2.69,2.64,1863.0,967,0.10700355895996094,put,2026-09-14,SPY,770.239990234375,2026-09-07T22:51:08.864141+00:00
770.0,4.39,4.41,4.34,6555.0,632,0.09906906799316406,put,2026-09-14,SPY,770.239990234375,2026-09-07T22:51:08.864141+00:00
775.0,6.98,7.26,7.19,1728.0,709,0.09748216979980469,put,2026-09-14,SPY,770.239990234375,2026-09-07T22:51:08.864141+00:00
780.0,10.62,11.19,10.41,4366.0,40,0.10407390075683592,put,2026-09-14,SPY,770.239990234375,2026-09-07T22:51:08.864141+00:00
785.0,14.08,17.05,15.44,1004.0,5,0.1613243048095703,put,2026-09-14,SPY,770.239990234375,2026-09-07T22:51:08.864141+00:00
790.0,18.98,21.97,20.29,219.0,2,0.1889729541015625,put,2026-09-14,SPY,770.239990234375,2026-09-07T22:51:08.864141+00:00
795.0,23.7,26.95,23.73,12.0,0,0.21680470703125,put,2026-09-14,SPY,770.239990234375,2026-09-07T22:51:08.864141+00:00
800.0,28.58,31.95,30.34,44.0,41,0.24402611450195313,put,2026-09-14,SPY,770.239990234375,2026-09-07T22:51:08.864141+00:00
300.0,468.16,471.67,467.93,1.0,721,2.5048865502929685,call,2026-09-18,SPY,770.239990234375,2026-09-07T22:51:08.864141+00:00
305.0,463.16,466.68,468.66,2.0,484,2.4668007080078125,call,2026-09-18,SPY,770.239990234375,2026-09-07T22:51:08.864141+00:00
310.0,443.75,447.02,436.37,4.0,319,1.0000000000000003e-05,call,2026-09-18,SPY,770.239990234375,2026-09-07T22:51:08.864141+00:00
315.0,0.0,0.0,361.14,75.0,0,1.0000000000000003e-05,call,2026-09-18,SPY,770.239990234375,2026-09-07T22:51:08.864141+00:00
320.0,419.56,422.88,430.29,1.0,137,1.0000000000000003e-05,call,2026-09-18,SPY,770.239990234375,2026-09-07T22:51:08.864141+00:00
325.0,443.18,446.7,445.77,1.0,96,2.3151897589111323,call,2026-09-18,SPY,770.239990234375,2026-09-07T22:51:08.864141+00:00
330.0,438.19,441.7,441.16,5.0,213,2.2773480566406246,call,2026-09-18,SPY,770.239990234375,2026-09-07T22:51:08.864141+00:00
335.0,330.29,333.71,360.23,1.0,1,1.0000000000000003e-05,call,2026-09-18,SPY,770.239990234375,2026-09-07T22:51:08.864141+00:00
340.0,415.72,418.5,387.24,3.0,8,1.0000000000000003e-05,call,2026-09-18,SPY,770.239990234375,2026-09-07T22:51:08.864141+00:00
345.0,423.21,426.72,428.02,12.0,13,2.172367850341797,call,2026-09-18,SPY,770.239990234375,2026-09-07T22:51:08.864141+00:00
350.0,418.21,421.73,419.92,1.0,17,2.139164808349609,call,2026-09-18,SPY,770.239990234375,2026-09-07T22:51:08.864141+00:00
355.0,413.22,416.73,417.9,1.0,13,2.1040086462402336,call,2026-09-18,SPY,770.239990234375,2026-09-07T22:51:08.864141+00:00
360.0,408.22,411.74,406.88,1.0,9,2.0712938842773436,call,2026-09-18,SPY,770.239990234375,2026-09-07T22:51:08.864141+00:00
365.0,403.23,406.74,405.87,10.0,10,2.037358422241211,call,2026-09-18,SPY,770.239990234375,2026-09-07T22:51:08.864141+00:00
370.0,369.93,373.25,381.24,1.0,7,1.0000000000000003e-05,call,2026-09-18,SPY,770.239990234375,2026-09-07T22:51:08.864141+00:00
375.0,381.0,383.79,363.5,1.0,4,1.0000000000000003e-05,call,2026-09-18,SPY,770.239990234375,2026-09-07T22:51:08.864141+00:00
380.0,388.25,391.76,394.1,2.0,5,1.9414065429687501,call,2026-09-18,SPY,770.239990234375,2026-09-07T22:51:08.864141+00:00
385.0,383.25,386.77,381.65,18.0,114,1.9111332568359378,call,2026-09-18,SPY,770.239990234375,2026-09-07T22:51:08.864141+00:00
390.0,373.28,376.06,357.22,3.0,2,1.0000000000000003e-05,call,2026-09-18,SPY,770.239990234375,2026-09-07T22:51:08.864141+00:00
395.0,373.26,376.78,382.27,1.0,50,1.8491218481445313,call,2026-09-18,SPY,770.239990234375,2026-09-07T22:51:08.864141+00:00
400.0,368.27,371.78,369.87,1.0,766,1.8178720043945313,call,2026-09-18,SPY,770.239990234375,2026-09-07T22:51:08.864141+00:00
405.0,363.27,366.79,359.25,4.0,29,1.788819415283203,call,2026-09-18,SPY,770.239990234375,2026-09-07T22:51:08.864141+00:00
410.0,358.28,361.8,365.31,5.0,20,1.7600109655761718,call,2026-09-18,SPY,770.239990234375,2026-09-07T22:51:08.864141+00:00
415.0,353.29,356.8,355.09,2.0,110,1.7297376794433594,call,2026-09-18,SPY,770.239990234375,2026-09-07T22:51:08.864141+00:00
420.0,348.29,351.81,343.87,4.0,72,1.7016616479492188,call,2026-09-18,SPY,770.239990234375,2026-09-07T22:51:08.864141+00:00
425.0,343.3,346.81,346.25,1.0,16,1.671876640625,call,2026-09-18,SPY,770.239990234375,2026-09-07T22:51:08.864141+00:00
430.0,338.3,341.82,308.94,1.0,797,1.644288887939453,call,2026-09-18,SPY,770.239990234375,2026-09-07T22:51:08.864141+00:00
435.0,333.31,336.83,331.32,3.0,28,1.6169452746582031,call,2026-09-18,SPY,770.239990234375,2026-09-07T22:51:08.864141+00:00
440.0,328.32,331.83,322.05,4.0,26,1.5883809643554683,call,2026-09-18,SPY,770.239990234375,2026-09-07T22:51:08.864141+00:00
445.0,323.32,326.84,321.55,4.0,7,1.5615256298828122,call,2026-09-18,SPY,770.239990234375,2026-09-07T22:51:08.864141+00:00
450.0,318.33,321.84,313.04,4.0,823,1.5334495983886716,call,2026-09-18,SPY,770.239990234375,2026-09-07T22:51:08.864141+00:00
455.0,313.33,316.85,311.94,1.0,253,1.5070825427246093,call,2026-09-18,SPY,770.239990234375,2026-09-07T22:51:08.864141+00:00
460.0,308.34,311.86,302.92,2.0,136,1.480959626464844,call,2026-09-18,SPY,770.239990234375,2026-09-07T22:51:08.864141+00:00
465.0,303.35,306.86,297.35,2.0,13,1.4536160131835936,call,2026-09-18,SPY,770.239990234375,2026-09-07T22:51:08.864141+00:00
470.0,298.35,301.87,302.47,1.0,176,1.4282255151367185,call,2026-09-18,SPY,770.239990234375,2026-09-07T22:51:08.864141+00:00
475.0,293.36,296.87,305.34,8.0,16,1.4013701806640624,call,2026-09-18,SPY,770.239990234375,2026-09-07T22:51:08.864141+00:00
480.0,288.37,291.88,290.43,1.0,23,1.3759796826171873,call,2026-09-18,SPY,770.239990234375,2026-09-07T22:51:08.864141+00:00
485.0,283.37,286.89,285.43,1.0,21,1.351077463378906,call,2026-09-18,SPY,770.239990234375,2026-09-07T22:51:08.864141+00:00
490.0,278.38,281.89,277.56,25.0,52,1.3249545471191406,call,2026-09-18,SPY,770.239990234375,2026-09-07T22:51:08.864141+00:00
495.0,273.38,276.9,270.91,1.0,86,1.3005406066894527,call,2026-09-18,SPY,770.239990234375,2026-09-07T22:51:08.864141+00:00
500.0,268.39,271.9,268.48,5.0,215,1.2746618298339842,call,2026-09-18,SPY,770.239990234375,2026-09-07T22:51:08.864141+00:00
505.0,263.4,266.91,267.54,2.0,52,1.2504920288085937,call,2026-09-18,SPY,770.239990234375,2026-09-07T22:51:08.864141+00:00
510.0,258.4,261.92,262.57,2.0,128,1.2265663671875,call,2026-09-18,SPY,770.239990234375,2026-09-07T22:51:08.864141+00:00
515.0,253.41,256.92,259.12,30.0,3361,1.2014200085449218,call,2026-09-18,SPY,770.239990234375,2026-09-07T22:51:08.864141+00:00
520.0,248.42,251.93,253.69,1.0,90,1.1777384863281248,call,2026-09-18,SPY,770.239990234375,2026-09-07T22:51:08.864141+00:00
525.0,243.42,246.94,249.31,2.0,59,1.154301103515625,call,2026-09-18,SPY,770.239990234375,2026-09-07T22:51:08.864141+00:00
530.0,238.43,241.94,240.37,1.0,100,1.1296430236816408,call,2026-09-18,SPY,770.239990234375,2026-09-07T22:51:08.864141+00:00
535.0,233.44,236.95,239.0,2.0,72,0.5625043750000001,call,2026-09-18,SPY,770.239990234375,2026-09-07T22:51:08.864141+00:00
540.0,228.44,231.96,232.54,1.0,90,0.5937540625000001,call,2026-09-18,SPY,770.239990234375,2026-09-07T22:51:08.864141+00:00
545.0,223.45,226.96,226.64,3.0,66,0.5937540625000001,call,2026-09-18,SPY,770.239990234375,2026-09-07T22:51:08.864141+00:00
550.0,218.46,221.97,219.75,5.0,1136,0.6093789062500001,call,2026-09-18,SPY,770.239990234375,2026-09-07T22:51:08.864141+00:00
555.0,213.46,216.98,217.38,1.0,108,0.6054726953125001,call,2026-09-18,SPY,770.239990234375,2026-09-07T22:51:08.864141+00:00
560.0,208.47,211.98,206.49,2.0,105,0.5976602734375001,call,2026-09-18,SPY,770.239990234375,2026-09-07T22:51:08.864141+00:00
565.0,203.48,206.99,203.84,1.0,1364,0.59570716796875,call,2026-09-18,SPY,770.239990234375,2026-09-07T22:51:08.864141+00:00
570.0,198.49,202.0,195.7,1.0,142,0.5918009570312501,call,2026-09-18,SPY,770.239990234375,2026-09-07T22:51:08.864141+00:00
575.0,193.49,197.01,196.8,12.0,147,0.5800823242187501,call,2026-09-18,SPY,770.239990234375,2026-09-07T22:51:08.864141+00:00
580.0,188.5,192.01,190.33,2.0,220,0.570316796875,call,2026-09-18,SPY,770.239990234375,2026-09-07T22:51:08.864141+00:00
585.0,183.51,187.02,181.53,2.0,809,0.5625043750000001,call,2026-09-18,SPY,770.239990234375,2026-09-07T22:51:08.864141+00:00
590.0,178.52,182.03,183.54,1.0,113,0.5537154003906251,call,2026-09-18,SPY,770.239990234375,2026-09-07T22:51:08.864141+00:00
595.0,173.53,177.04,176.7,12.0,440,0.543949873046875,call,2026-09-18,SPY,770.239990234375,2026-09-07T22:51:08.864141+00:00
600.0,168.53,172.05,170.28,6.0,5205,0.5312546875,call,2026-09-18,SPY,770.239990234375,2026-09-07T22:51:08.864141+00:00
601.0,167.54,171.05,142.41,2.0,1,0.5312546875,call,2026-09-18,SPY,770.239990234375,2026-09-07T22:51:08.864141+00:00
602.0,166.54,170.05,171.32,4.0,1,0.5273484765625001,call,2026-09-18,SPY,770.239990234375,2026-09-07T22:51:08.864141+00:00
604.0,164.54,168.06,168.6,1.0,33,0.523442265625,call,2026-09-18,SPY,770.239990234375,2026-09-07T22:51:08.864141+00:00
605.0,163.54,167.06,165.45,5.0,261,0.5205126074218749,call,2026-09-18,SPY,770.239990234375,2026-09-07T22:51:08.864141+00:00
610.0,158.55,162.07,160.55,2.0,340,0.5097705273437501,call,2026-09-18,SPY,770.239990234375,2026-09-07T22:51:08.864141+00:00
611.0,157.55,161.07,152.29,1.0,10,0.506840869140625,call,2026-09-18,SPY,770.239990234375,2026-09-07T22:51:08.864141+00:00
612.0,156.56,160.07,152.92,8.0,4,0.50586431640625,call,2026-09-18,SPY,770.239990234375,2026-09-07T22:51:08.864141+00:00
613.0,155.56,159.07,151.8,6.0,3,0.5019581054687501,call,2026-09-18,SPY,770.239990234375,2026-09-07T22:51:08.864141+00:00
614.0,154.56,158.07,150.75,34.0,17,0.7521997436523438,call,2026-09-18,SPY,770.239990234375,2026-09-07T22:51:08.864141+00:00
615.0,153.56,157.08,151.45,1.0,212,0.7485376708984376,call,2026-09-18,SPY,770.239990234375,2026-09-07T22:51:08.864141+00:00
616.0,152.56,156.08,146.17,1.0,12,0.74414318359375,call,2026-09-18,SPY,770.239990234375,2026-09-07T22:51:08.864141+00:00
617.0,151.57,155.08,147.94,142.0,70,0.7396266271972656,call,2026-09-18,SPY,770.239990234375,2026-09-07T22:51:08.864141+00:00
618.0,150.57,154.08,149.9,1.0,58,0.7351100708007812,call,2026-09-18,SPY,770.239990234375,2026-09-07T22:51:08.864141+00:00
619.0,149.57,153.08,145.93,42.0,23,0.7307155834960937,call,2026-09-18,SPY,770.239990234375,2026-09-07T22:51:08.864141+00:00
620.0,148.57,152.09,150.47,13.0,780,0.7270535107421875,call,2026-09-18,SPY,770.239990234375,2026-09-07T22:51:08.864141+00:00
621.0,147.57,151.09,144.5,1.0,59,0.7226590234375,call,2026-09-18,SPY,770.239990234375,2026-09-07T22:51:08.864141+00:00
622.0,146.58,150.09,143.42,1.0,30,0.7182645361328125,call,2026-09-18,SPY,770.239990234375,2026-09-07T22:51:08.864141+00:00
623.0,145.58,149.09,141.88,98.0,53,0.7138700488281251,call,2026-09-18,SPY,770.239990234375,2026-09-07T22:51:08.864141+00:00
624.0,144.58,148.09,141.33,2.0,72,0.7093534924316407,call,2026-09-18,SPY,770.239990234375,2026-09-07T22:51:08.864141+00:00
625.0,143.58,147.1,145.71,13.0,785,0.7056914196777344,call,2026-09-18,SPY,770.239990234375,2026-09-07T22:51:08.864141+00:00
626.0,142.58,146.1,139.16,134.0,68,0.7012969323730469,call,2026-09-18,SPY,770.239990234375,2026-09-07T22:51:08.864141+00:00
627.0,141.59,145.1,138.17,114.0,107,0.6969024450683594,call,2026-09-18,SPY,770.239990234375,2026-09-07T22:51:08.864141+00:00
628.0,140.59,144.1,137.15,108.0,54,0.6925079577636719,call,2026-09-18,SPY,770.239990234375,2026-09-07T22:51:08.864141+00:00
629.0,139.59,143.1,136.18,10.0,5,0.6881134704589844,call,2026-09-18,SPY,770.239990234375,2026-09-07T22:51:08.864141+00:00
630.0,138.59,142.11,140.25,15.0,1020,0.6844513977050781,call,2026-09-18,SPY,770.239990234375,2026-09-07T22:51:08.864141+00:00
631.0,137.59,141.11,134.16,56.0,28,0.6800569104003908,call,2026-09-18,SPY,770.239990234375,2026-09-07T22:51:08.864141+00:00
632.0,136.6,140.11,133.2,6.0,3,0.6756624230957033,call,2026-09-18,SPY,770.239990234375,2026-09-07T22:51:08.864141+00:00
635.0,133.6,137.12,135.4,1.0,1000,0.6630893066406252,call,2026-09-18,SPY,770.239990234375,2026-09-07T22:51:08.864141+00:00
637.0,131.61,135.12,131.22,4.0,6,0.6543003320312502,call,2026-09-18,SPY,770.239990234375,2026-09-07T22:51:08.864141+00:00
640.0,128.61,132.13,130.58,6.0,2077,0.6419713537597658,call,2026-09-18,SPY,770.239990234375,2026-09-07T22:51:08.864141+00:00
641.0,123.3,126.09,106.02,,1,1.0000000000000003e-05,call,2026-09-18,SPY,770.239990234375,2026-09-07T22:51:08.864141+00:00
643.0,125.62,129.13,124.53,2.0,2,0.6287878918457033,call,2026-09-18,SPY,770.239990234375,2026-09-07T22:51:08.864141+00:00
644.0,124.62,128.14,105.6,2.0,13,0.625125819091797,call,2026-09-18,SPY,770.239990234375,2026-09-07T22:51:08.864141+00:00
645.0,123.62,127.14,125.69,10.0,1004,0.6207313317871095,call,2026-09-18,SPY,770.239990234375,2026-09-07T22:51:08.864141+00:00
646.0,122.63,126.14,121.62,1.0,18,0.616336844482422,call,2026-09-18,SPY,770.239990234375,2026-09-07T22:51:08.864141+00:00
647.0,121.63,125.14,117.92,2.0,3,0.6119423571777345,call,2026-09-18,SPY,770.239990234375,2026-09-07T22:51:08.864141+00:00
648.0,120.63,124.15,116.92,1.0,2,0.6082802844238282,call,2026-09-18,SPY,770.239990234375,2026-09-07T22:51:08.864141+00:00
649.0,119.63,123.15,129.75,3.0,4,0.6038857971191409,call,2026-09-18,SPY,770.239990234375,2026-09-07T22:51:08.864141+00:00
650.0,118.64,122.15,120.7,32.0,3205,0.5996133789062501,call,2026-09-18,SPY,770.239990234375,2026-09-07T22:51:08.864141+00:00
651.0,117.64,121.15,114.21,52.0,27,0.5952188916015625,call,2026-09-18,SPY,770.239990234375,2026-09-07T22:51:08.864141+00:00
652.0,116.64,120.16,110.05,2.0,1,0.5914347497558594,call,2026-09-18,SPY,770.239990234375,2026-09-07T22:51:08.864141+00:00
653.0,115.64,119.16,108.4,3.0,311,0.5871623315429688,call,2026-09-18,SPY,770.239990234375,2026-09-07T22:51:08.864141+00:00
654.0,114.65,118.16,117.04,1.0,32,0.5827678442382812,call,2026-09-18,SPY,770.239990234375,2026-09-07T22:51:08.864141+00:00
655.0,113.65,117.16,115.12,266.0,1121,0.5783733569335938,call,2026-09-18,SPY,770.239990234375,2026-09-07T22:51:08.864141+00:00
656.0,112.65,116.17,110.55,1.0,11,0.5747112841796875,call,2026-09-18,SPY,770.239990234375,2026-09-07T22:51:08.864141+00:00
657.0,111.65,115.17,108.25,34.0,17,0.570316796875,call,2026-09-18,SPY,770.239990234375,2026-09-07T22:51:08.864141+00:00
660.0,108.66,112.18,111.4,1.0,4105,0.5578657495117189,call,2026-09-18,SPY,770.239990234375,2026-09-07T22:51:08.864141+00:00
661.0,107.66,111.18,107.85,1.0,1,0.5534712622070312,call,2026-09-18,SPY,770.239990234375,2026-09-07T22:51:08.864141+00:00
662.0,106.67,110.18,116.18,1.0,3,0.5491988439941409,call,2026-09-18,SPY,770.239990234375,2026-09-07T22:51:08.864141+00:00
663.0,105.67,109.18,113.79,1.0,2,0.5448043566894532,call,2026-09-18,SPY,770.239990234375,2026-09-07T22:51:08.864141+00:00
664.0,104.67,108.19,102.46,4.0,4,0.5410202148437502,call,2026-09-18,SPY,770.239990234375,2026-09-07T22:51:08.864141+00:00
665.0,103.67,107.19,108.63,1.0,4511,0.5367477966308594,call,2026-09-18,SPY,770.239990234375,2026-09-07T22:51:08.864141+00:00
666.0,102.68,106.19,102.73,3.0,2,0.5323533093261719,call,2026-09-18,SPY,770.239990234375,2026-09-07T22:51:08.864141+00:00
667.0,101.68,105.19,98.98,1.0,3,0.5279588220214844,call,2026-09-18,SPY,770.239990234375,2026-09-07T22:51:08.864141+00:00
668.0,100.68,104.2,99.44,1.0,4,0.5242967492675781,call,2026-09-18,SPY,770.239990234375,2026-09-07T22:51:08.864141+00:00
669.0,99.68,103.2,101.85,15.0,26,0.5199022619628906,call,2026-09-18,SPY,770.239990234375,2026-09-07T22:51:08.864141+00:00
670.0,98.69,102.2,100.53,3.0,3294,0.5155077746582031,call,2026-09-18,SPY,770.239990234375,2026-09-07T22:51:08.864141+00:00
671.0,93.59,96.38,74.96,1.0,1,1.0000000000000003e-05,call,2026-09-18,SPY,770.239990234375,2026-09-07T22:51:08.864141+00:00
672.0,96.69,100.21,91.4,1.0,6,0.5074512145996093,call,2026-09-18,SPY,770.239990234375,2026-09-07T22:51:08.864141+00:00
673.0,95.7,99.21,95.56,1.0,2,0.503056727294922,call,2026-09-18,SPY,770.239990234375,2026-09-07T22:51:08.864141+00:00
674.0,94.7,98.21,71.8,,3,0.4986622399902344,call,2026-09-18,SPY,770.239990234375,2026-09-07T22:51:08.864141+00:00
675.0,93.7,97.22,95.47,6.0,5495,0.49487809814453126,call,2026-09-18,SPY,770.239990234375,2026-09-07T22:51:08.864141+00:00
676.0,92.71,96.22,87.14,2.0,3,0.49060567993164067,call,2026-09-18,SPY,770.239990234375,2026-09-07T22:51:08.864141+00:00
677.0,91.71,95.22,89.92,1.0,30,0.4862111926269531,call,2026-09-18,SPY,770.239990234375,2026-09-07T22:51:08.864141+00:00
678.0,90.71,94.23,89.35,1.0,2,0.48242705078125003,call,2026-09-18,SPY,770.239990234375,2026-09-07T22:51:08.864141+00:00
679.0,89.72,93.23,87.75,1.0,2,0.47803256347656253,call,2026-09-18,SPY,770.239990234375,2026-09-07T22:51:08.864141+00:00
680.0,88.72,92.23,90.4,24.0,4926,0.47363807617187503,call,2026-09-18,SPY,770.239990234375,2026-09-07T22:51:08.864141+00:00
681.0,87.72,91.24,91.88,1.0,3,0.46985393432617195,call,2026-09-18,SPY,770.239990234375,2026-09-07T22:51:08.864141+00:00
682.0,86.73,90.24,85.67,1.0,9,0.46545944702148445,call,2026-09-18,SPY,770.239990234375,2026-09-07T22:51:08.864141+00:00
683.0,85.73,89.24,85.39,4.0,20,0.4611870288085938,call,2026-09-18,SPY,770.239990234375,2026-09-07T22:51:08.864141+00:00
684.0,84.73,88.25,90.17,1.0,25,0.4572808178710938,call,2026-09-18,SPY,770.239990234375,2026-09-07T22:51:08.864141+00:00
685.0,83.74,87.25,85.53,183.0,4828,0.45288633056640626,call,2026-09-18,SPY,770.239990234375,2026-09-07T22:51:08.864141+00:00
686.0,82.74,86.26,90.69,1.0,4,0.44910218872070307,call,2026-09-18,SPY,770.239990234375,2026-09-07T22:51:08.864141+00:00
687.0,81.74,85.26,79.25,14.0,14,0.44470770141601557,call,2026-09-18,SPY,770.239990234375,2026-09-07T22:51:08.864141+00:00
688.0,80.75,84.26,79.68,1.0,12,0.44031321411132807,call,2026-09-18,SPY,770.239990234375,2026-09-07T22:51:08.864141+00:00
689.0,79.75,83.27,78.43,1.0,19,0.43646803771972653,call,2026-09-18,SPY,770.239990234375,2026-09-07T22:51:08.864141+00:00
690.0,78.76,82.27,80.49,282.0,6248,0.4321345849609375,call,2026-09-18,SPY,770.239990234375,2026-09-07T22:51:08.864141+00:00
691.0,77.76,81.28,75.87,2.0,19,0.4282283740234375,call,2026-09-18,SPY,770.239990234375,2026-09-07T22:51:08.864141+00:00
692.0,76.76,80.28,72.09,1.0,14,0.42383388671875,call,2026-09-18,SPY,770.239990234375,2026-09-07T22:51:08.864141+00:00
693.0,75.77,79.29,73.34,1.0,11,0.41992767578125,call,2026-09-18,SPY,770.239990234375,2026-09-07T22:51:08.864141+00:00
694.0,74.77,78.29,76.7,1.0,31,0.4155331884765625,call,2026-09-18,SPY,770.239990234375,2026-09-07T22:51:08.864141+00:00
695.0,73.78,77.29,79.45,2.0,8592,0.411138701171875,call,2026-09-18,SPY,770.239990234375,2026-09-07T22:51:08.864141+00:00
696.0,72.78,76.3,78.04,2.0,13,0.407232490234375,call,2026-09-18,SPY,770.239990234375,2026-09-07T22:51:08.864141+00:00
697.0,71.79,75.3,74.7,1.0,5,0.4028380029296875,call,2026-09-18,SPY,770.239990234375,2026-09-07T22:51:08.864141+00:00
698.0,70.79,74.31,76.06,2.0,23,0.39893179199218753,call,2026-09-18,SPY,770.239990234375,2026-09-07T22:51:08.864141+00:00
699.0,69.8,73.31,75.06,2.0,30,0.3944762701416016,call,2026-09-18,SPY,770.239990234375,2026-09-07T22:51:08.864141+00:00
700.0,68.8,72.32,71.46,9.0,8704,0.39050902465820314,call,2026-09-18,SPY,770.239990234375,2026-09-07T22:51:08.864141+00:00
701.0,67.81,71.32,69.83,2.0,47,0.38611453735351553,call,2026-09-18,SPY,770.239990234375,2026-09-07T22:51:08.864141+00:00
702.0,66.81,70.33,68.89,2.0,32,0.3821472918701171,call,2026-09-18,SPY,770.239990234375,2026-09-07T22:51:08.864141+00:00
703.0,65.82,69.33,69.63,6.0,15,0.3776917700195312,call,2026-09-18,SPY,770.239990234375,2026-09-07T22:51:08.864141+00:00
704.0,64.82,68.34,68.1,1.0,4,0.3737245245361328,call,2026-09-18,SPY,770.239990234375,2026-09-07T22:51:08.864141+00:00
705.0,63.83,67.35,65.33,2.0,8522,0.36975727905273437,call,2026-09-18,SPY,770.239990234375,2026-09-07T22:51:08.864141+00:00
706.0,62.84,66.35,64.46,1.0,8,0.36524072265625,call,2026-09-18,SPY,770.239990234375,2026-09-07T22:51:08.864141+00:00
707.0,61.84,65.36,66.4,5.0,37,0.3612734771728515,call,2026-09-18,SPY,770.239990234375,2026-09-07T22:51:08.864141+00:00
708.0,60.85,64.37,62.9,2.0,26,0.3572451971435546,call,2026-09-18,SPY,770.239990234375,2026-09-07T22:51:08.864141+00:00
709.0,59.86,63.37,58.46,1.0,7,0.35278967529296873,call,2026-09-18,SPY,770.239990234375,2026-09-07T22:51:08.864141+00:00
710.0,58.86,62.38,59.44,54.0,6399,0.3487613952636719,call,2026-09-18,SPY,770.239990234375,2026-09-07T22:51:08.864141+00:00
711.0,57.87,61.39,59.0,2.0,23,0.34467208068847655,call,2026-09-18,SPY,770.239990234375,2026-09-07T22:51:08.864141+00:00
712.0,56.88,60.4,54.67,1.0,10,0.34058276611328125,call,2026-09-18,SPY,770.239990234375,2026-09-07T22:51:08.864141+00:00
713.0,55.89,59.41,60.1,1.0,12,0.33649345153808596,call,2026-09-18,SPY,770.239990234375,2026-09-07T22:51:08.864141+00:00
714.0,54.9,58.41,56.76,8.0,39,0.33197689514160156,call,2026-09-18,SPY,770.239990234375,2026-09-07T22:51:08.864141+00:00
715.0,53.9,57.42,56.24,55.0,12765,0.3278875805664062,call,2026-09-18,SPY,770.239990234375,2026-09-07T22:51:08.864141+00:00
716.0,52.92,56.43,54.59,5.0,123,0.3237372314453124,call,2026-09-18,SPY,770.239990234375,2026-09-07T22:51:08.864141+00:00
717.0,51.93,55.44,58.21,5.0,107,0.31958688232421867,call,2026-09-18,SPY,770.239990234375,2026-09-07T22:51:08.864141+00:00
718.0,50.94,54.46,53.05,1.0,50,0.315863775024414,call,2026-09-18,SPY,770.239990234375,2026-09-07T22:51:08.864141+00:00
719.0,49.95,53.47,51.78,5.0,59,0.31165239135742184,call,2026-09-18,SPY,770.239990234375,2026-09-07T22:51:08.864141+00:00
720.0,48.96,52.48,50.8,39.0,17017,0.30750204223632804,call,2026-09-18,SPY,770.239990234375,2026-09-07T22:51:08.864141+00:00
721.0,47.97,51.49,49.99,3.0,87,0.3032906585693359,call,2026-09-18,SPY,770.239990234375,2026-09-07T22:51:08.864141+00:00
722.0,46.99,50.51,49.92,3.0,56,0.29944548217773437,call,2026-09-18,SPY,770.239990234375,2026-09-07T22:51:08.864141+00:00
723.0,46.0,49.52,47.97,7.0,17,0.2951730639648437,call,2026-09-18,SPY,770.239990234375,2026-09-07T22:51:08.864141+00:00
724.0,45.02,48.54,50.72,3.0,41,0.29132788757324213,call,2026-09-18,SPY,770.239990234375,2026-09-07T22:51:08.864141+00:00
725.0,44.03,47.55,45.79,55.0,17551,0.28705546936035153,call,2026-09-18,SPY,770.239990234375,2026-09-07T22:51:08.864141+00:00
726.0,43.05,46.57,45.52,7.0,159,0.2830882238769531,call,2026-09-18,SPY,770.239990234375,2026-09-07T22:51:08.864141+00:00
727.0,42.07,45.59,46.3,5.0,71,0.27912097839355465,call,2026-09-18,SPY,770.239990234375,2026-09-07T22:51:08.864141+00:00
728.0,41.09,44.61,38.4,2.0,53,0.2751537329101562,call,2026-09-18,SPY,770.239990234375,2026-09-07T22:51:08.864141+00:00
729.0,40.11,43.63,35.31,6.0,96,0.2711254528808594,call,2026-09-18,SPY,770.239990234375,2026-09-07T22:51:08.864141+00:00
730.0,40.5,42.65,40.95,114.0,30016,0.2670361383056641,call,2026-09-18,SPY,770.239990234375,2026-09-07T22:51:08.864141+00:00
731.0,38.16,41.68,39.46,1.0,305,0.2633130310058594,call,2026-09-18,SPY,770.239990234375,2026-09-07T22:51:08.864141+00:00
732.0,37.19,40.71,41.67,8.0,175,0.25952888916015626,call,2026-09-18,SPY,770.239990234375,2026-09-07T22:51:08.864141+00:00
733.0,36.21,39.73,35.55,1.0,713,0.2553785400390626,call,2026-09-18,SPY,770.239990234375,2026-09-07T22:51:08.864141+00:00
734.0,35.24,38.76,37.46,2.0,354,0.25153336364746093,call,2026-09-18,SPY,770.239990234375,2026-09-07T22:51:08.864141+00:00
735.0,34.28,37.8,36.38,20.0,12275,0.24793232543945312,call,2026-09-18,SPY,770.239990234375,2026-09-07T22:51:08.864141+00:00
736.0,33.31,36.83,35.62,2.0,645,0.2439650799560547,call,2026-09-18,SPY,770.239990234375,2026-09-07T22:51:08.864141+00:00
737.0,32.35,35.87,34.1,2.0,717,0.24030300720214842,call,2026-09-18,SPY,770.239990234375,2026-09-07T22:51:08.864141+00:00
738.0,31.39,34.91,33.04,1.0,968,0.23657989990234374,call,2026-09-18,SPY,770.239990234375,2026-09-07T22:51:08.864141+00:00
739.0,30.43,33.95,32.11,16.0,1774,0.23279575805664063,call,2026-09-18,SPY,770.239990234375,2026-09-07T22:51:08.864141+00:00
740.0,29.48,33.0,31.16,39.0,13004,0.22919471984863282,call,2026-09-18,SPY,770.239990234375,2026-09-07T22:51:08.864141+00:00
741.0,28.53,32.05,30.51,1.0,1650,0.225593681640625,call,2026-09-18,SPY,770.239990234375,2026-09-07T22:51:08.864141+00:00
742.0,27.58,31.1,29.28,11.0,2050,0.2219316088867187,call,2026-09-18,SPY,770.239990234375,2026-09-07T22:51:08.864141+00:00
743.0,26.64,30.16,28.29,3.0,1172,0.21845263977050777,call,2026-09-18,SPY,770.239990234375,2026-09-07T22:51:08.864141+00:00
744.0,25.7,29.22,27.72,1.0,973,0.21491263610839845,call,2026-09-18,SPY,770.239990234375,2026-09-07T22:51:08.864141+00:00
745.0,24.77,28.29,26.72,28.0,16601,0.21152521881103514,call,2026-09-18,SPY,770.239990234375,2026-09-07T22:51:08.864141+00:00
746.0,23.84,27.34,27.6,1.0,1350,0.20752745605468748,call,2026-09-18,SPY,770.239990234375,2026-09-07T22:51:08.864141+00:00
747.0,22.91,26.42,24.81,1.0,2097,0.20429262512207028,call,2026-09-18,SPY,770.239990234375,2026-09-07T22:51:08.864141+00:00
748.0,21.99,25.43,24.0,5.0,1881,0.1991046887207031,call,2026-09-18,SPY,770.239990234375,2026-09-07T22:51:08.864141+00:00
749.0,21.08,24.59,22.95,6.0,2048,0.19763985961914063,call,2026-09-18,SPY,770.239990234375,2026-09-07T22:51:08.864141+00:00
750.0,21.67,22.0,21.96,669.0,34664,0.15021601745605473,call,2026-09-18,SPY,770.239990234375,2026-09-07T22:51:08.864141+00:00
751.0,19.28,22.77,20.91,1.0,414,0.19086502502441405,call,2026-09-18,SPY,770.239990234375,2026-09-07T22:51:08.864141+00:00
752.0,18.39,21.88,21.2,73.0,1379,0.18775226318359373,call,2026-09-18,SPY,770.239990234375,2026-09-07T22:51:08.864141+00:00
753.0,17.5,20.99,20.03,13.0,885,0.18451743225097655,call,2026-09-18,SPY,770.239990234375,2026-09-07T22:51:08.864141+00:00
754.0,16.98,20.15,18.08,38.0,1945,0.18225915405273438,call,2026-09-18,SPY,770.239990234375,2026-09-07T22:51:08.864141+00:00
755.0,17.27,17.77,17.44,193.0,17505,0.14460083923339845,call,2026-09-18,SPY,770.239990234375,2026-09-07T22:51:08.864141+00:00
756.0,15.25,18.43,16.74,113.0,1453,0.17630828582763675,call,2026-09-18,SPY,770.239990234375,2026-09-07T22:51:08.864141+00:00
757.0,14.39,17.59,16.11,10.0,1816,0.1735312139892578,call,2026-09-18,SPY,770.239990234375,2026-09-07T22:51:08.864141+00:00
758.0,13.55,16.76,15.21,52.0,955,0.17075414215087892,call,2026-09-18,SPY,770.239990234375,2026-09-07T22:51:08.864141+00:00
759.0,13.75,15.92,14.31,40.0,830,0.1675803457641602,call,2026-09-18,SPY,770.239990234375,2026-09-07T22:51:08.864141+00:00
760.0,13.18,13.56,13.3,482.0,24665,0.1331568618774414,call,2026-09-18,SPY,770.239990234375,2026-09-07T22:51:08.864141+00:00
761.0,12.17,14.19,12.7,48.0,1067,0.15970688934326172,call,2026-09-18,SPY,770.239990234375,2026-09-07T22:51:08.864141+00:00
762.0,11.4,12.3,12.13,95.0,2690,0.13538462280273442,call,2026-09-18,SPY,770.239990234375,2026-09-07T22:51:08.864141+00:00
763.0,10.64,12.61,11.4,59.0,2130,0.15393912475585939,call,2026-09-18,SPY,770.239990234375,2026-09-07T22:51:08.864141+00:00
764.0,9.95,10.81,10.02,176.0,4314,0.1315394464111328,call,2026-09-18,SPY,770.239990234375,2026-09-07T22:51:08.864141+00:00
765.0,9.41,9.81,9.94,2537.0,18330,0.12436788726806641,call,2026-09-18,SPY,770.239990234375,2026-09-07T22:51:08.864141+00:00
766.0,8.53,8.97,8.86,284.0,3229,0.11994288269042967,call,2026-09-18,SPY,770.239990234375,2026-09-07T22:51:08.864141+00:00
767.0,8.25,8.29,8.24,684.0,1919,0.118172880859375,call,2026-09-18,SPY,770.239990234375,2026-09-07T22:51:08.864141+00:00
768.0,7.6,7.64,7.63,495.0,3140,0.11655546539306641,call,2026-09-18,SPY,770.239990234375,2026-09-07T22:51:08.864141+00:00
769.0,6.99,7.02,7.22,2360.0,5122,0.11506011901855469,call,2026-09-18,SPY,770.239990234375,2026-09-07T22:51:08.864141+00:00
770.0,6.4,6.43,6.45,4996.0,17343,0.11368684173583984,call,2026-09-18,SPY,770.239990234375,2026-09-07T22:51:08.864141+00:00
771.0,5.83,5.87,5.82,1809.0,2774,0.11240511627197264,call,2026-09-18,SPY,770.239990234375,2026-09-07T22:51:08.864141+00:00
772.0,5.3,5.34,5.31,1755.0,2279,0.11118442535400389,call,2026-09-18,SPY,770.239990234375,2026-09-07T22:51:08.864141+00:00
773.0,4.81,4.83,4.83,1000.0,2662,0.1098721826171875,call,2026-09-18,SPY,770.239990234375,2026-09-07T22:51:08.864141+00:00
774.0,4.34,4.36,4.4,2696.0,2545,0.10877356079101563,call,2026-09-18,SPY,770.239990234375,2026-09-07T22:51:08.864141+00:00
775.0,3.88,3.92,3.91,3025.0,18683,0.1077359735107422,call,2026-09-18,SPY,770.239990234375,2026-09-07T22:51:08.864141+00:00
776.0,3.48,3.5,3.52,431.0,2470,0.10657631713867188,call,2026-09-18,SPY,770.239990234375,2026-09-07T22:51:08.864141+00:00
777.0,3.09,3.12,3.11,603.0,3862,0.10563028167724609,call,2026-09-18,SPY,770.239990234375,2026-09-07T22:51:08.864141+00:00
778.0,2.74,2.77,2.7,502.0,3940,0.10474528076171874,call,2026-09-18,SPY,770.239990234375,2026-09-07T22:51:08.864141+00:00
779.0,2.43,2.45,2.42,428.0,40048,0.10395183166503905,call,2026-09-18,SPY,770.239990234375,2026-09-07T22:51:08.864141+00:00
780.0,2.12,2.15,2.15,9997.0,27004,0.10303631347656249,call,2026-09-18,SPY,770.239990234375,2026-09-07T22:51:08.864141+00:00
781.0,1.87,1.89,1.88,827.0,3243,0.10248700256347655,call,2026-09-18,SPY,770.239990234375,2026-09-07T22:51:08.864141+00:00
782.0,1.63,1.65,1.63,850.0,7213,0.10181562255859375,call,2026-09-18,SPY,770.239990234375,2026-09-07T22:51:08.864141+00:00
783.0,1.4,1.43,1.42,865.0,3137,0.1010832080078125,call,2026-09-18,SPY,770.239990234375,2026-09-07T22:51:08.864141+00:00
784.0,1.21,1.24,1.24,363.0,2934,0.100594931640625,call,2026-09-18,SPY,770.239990234375,2026-09-07T22:51:08.864141+00:00
785.0,1.05,1.07,1.06,3442.0,22493,0.1001066552734375,call,2026-09-18,SPY,770.239990234375,2026-09-07T22:51:08.864141+00:00
786.0,0.9,0.92,0.95,462.0,2356,0.09967941345214844,call,2026-09-18,SPY,770.239990234375,2026-09-07T22:51:08.864141+00:00
787.0,0.77,0.79,0.81,576.0,2544,0.09937424072265624,call,2026-09-18,SPY,770.239990234375,2026-09-07T22:51:08.864141+00:00
788.0,0.65,0.67,0.67,823.0,2692,0.09888596435546876,call,2026-09-18,SPY,770.239990234375,2026-09-07T22:51:08.864141+00:00
789.0,0.56,0.58,0.57,573.0,5230,0.09900803344726564,call,2026-09-18,SPY,770.239990234375,2026-09-07T22:51:08.864141+00:00
790.0,0.47,0.49,0.49,4095.0,61269,0.098641826171875,call,2026-09-18,SPY,770.239990234375,2026-09-07T22:51:08.864141+00:00
791.0,0.4,0.42,0.45,328.0,2605,0.09876389526367188,call,2026-09-18,SPY,770.239990234375,2026-09-07T22:51:08.864141+00:00
792.0,0.34,0.36,0.37,372.0,1674,0.09888596435546876,call,2026-09-18,SPY,770.239990234375,2026-09-07T22:51:08.864141+00:00
793.0,0.29,0.31,0.31,6606.0,6211,0.09925217163085936,call,2026-09-18,SPY,770.239990234375,2026-09-07T22:51:08.864141+00:00
794.0,0.25,0.27,0.27,550.0,3938,0.09986251708984376,call,2026-09-18,SPY,770.239990234375,2026-09-07T22:51:08.864141+00:00
795.0,0.22,0.23,0.21,819.0,13860,0.09998458618164063,call,2026-09-18,SPY,770.239990234375,2026-09-07T22:51:08.864141+00:00
796.0,0.19,0.2,0.2,381.0,4284,0.100594931640625,call,2026-09-18,SPY,770.239990234375,2026-09-07T22:51:08.864141+00:00
797.0,0.17,0.18,0.17,656.0,1859,0.10181562255859375,call,2026-09-18,SPY,770.239990234375,2026-09-07T22:51:08.864141+00:00
798.0,0.15,0.16,0.16,493.0,3789,0.10279217529296875,call,2026-09-18,SPY,770.239990234375,2026-09-07T22:51:08.864141+00:00
799.0,0.13,0.14,0.13,53.0,3109,0.10352458984374999,call,2026-09-18,SPY,770.239990234375,2026-09-07T22:51:08.864141+00:00
800.0,0.11,0.12,0.12,2438.0,25828,0.10376872802734374,call,2026-09-18,SPY,770.239990234375,2026-09-07T22:51:08.864141+00:00
801.0,0.1,0.11,0.12,6.0,4353,0.10523355712890625,call,2026-09-18,SPY,770.239990234375,2026-09-07T22:51:08.864141+00:00
802.0,0.09,0.1,0.1,59.0,1854,0.106454248046875,call,2026-09-18,SPY,770.239990234375,2026-09-07T22:51:08.864141+00:00
803.0,0.09,0.1,0.09,41.0,5292,0.10938390625,call,2026-09-18,SPY,770.239990234375,2026-09-07T22:51:08.864141+00:00
804.0,0.08,0.09,0.07,34.0,2334,0.11036045898437499,call,2026-09-18,SPY,770.239990234375,2026-09-07T22:51:08.864141+00:00
805.0,0.07,0.08,0.07,88.0,8646,0.11133701171874999,call,2026-09-18,SPY,770.239990234375,2026-09-07T22:51:08.864141+00:00
806.0,0.07,0.08,0.07,2.0,1932,0.11402253173828125,call,2026-09-18,SPY,770.239990234375,2026-09-07T22:51:08.864141+00:00
807.0,0.06,0.07,0.06,963.0,1069,0.1147549462890625,call,2026-09-18,SPY,770.239990234375,2026-09-07T22:51:08.864141+00:00
808.0,0.06,0.07,0.04,116.0,1006,0.117196328125,call,2026-09-18,SPY,770.239990234375,2026-09-07T22:51:08.864141+00:00
809.0,0.06,0.07,0.06,5.0,1648,0.11963770996093749,call,2026-09-18,SPY,770.239990234375,2026-09-07T22:51:08.864141+00:00
810.0,0.05,0.06,0.05,75.0,8462,0.12012598632812499,call,2026-09-18,SPY,770.239990234375,2026-09-07T22:51:08.864141+00:00
811.0,0.05,0.06,0.05,41.0,958,0.12256736816406251,call,2026-09-18,SPY,770.239990234375,2026-09-07T22:51:08.864141+00:00
812.0,0.05,0.06,0.04,3.0,1080,0.12500875,call,2026-09-18,SPY,770.239990234375,2026-09-07T22:51:08.864141+00:00
813.0,0.04,0.05,0.04,89.0,4195,0.12500875,call,2026-09-18,SPY,770.239990234375,2026-09-07T22:51:08.864141+00:00
814.0,0.04,0.05,0.03,5.0,1034,0.12696185546875,call,2026-09-18,SPY,770.239990234375,2026-09-07T22:51:08.864141+00:00
815.0,0.04,0.05,0.04,97.0,13630,0.129891513671875,call,2026-09-18,SPY,770.239990234375,2026-09-07T22:51:08.864141+00:00
816.0,0.04,0.05,0.07,3.0,1559,0.131844619140625,call,2026-09-18,SPY,770.239990234375,2026-09-07T22:51:08.864141+00:00
817.0,0.04,0.05,0.04,35.0,769,0.13477427734375003,call,2026-09-18,SPY,770.239990234375,2026-09-07T22:51:08.864141+00:00
818.0,0.04,0.05,0.05,8.0,3264,0.13672738281250002,call,2026-09-18,SPY,770.239990234375,2026-09-07T22:51:08.864141+00:00
819.0,0.04,0.05,0.02,1.0,851,0.139657041015625,call,2026-09-18,SPY,770.239990234375,2026-09-07T22:51:08.864141+00:00
820.0,0.03,0.04,0.03,170.0,32773,0.1381922119140625,call,2026-09-18,SPY,770.239990234375,2026-09-07T22:51:08.864141+00:00
821.0,0.03,0.04,0.03,151.0,802,0.14063359375,call,2026-09-18,SPY,770.239990234375,2026-09-07T22:51:08.864141+00:00
822.0,0.03,0.04,0.03,2.0,1633,0.1430749755859375,call,2026-09-18,SPY,770.239990234375,2026-09-07T22:51:08.864141+00:00
823.0,0.03,0.04,0.04,40.0,1374,0.145516357421875,call,2026-09-18,SPY,770.239990234375,2026-09-07T22:51:08.864141+00:00
824.0,0.03,0.04,0.04,8.0,1328,0.147469462890625,call,2026-09-18,SPY,770.239990234375,2026-09-07T22:51:08.864141+00:00
825.0,0.03,0.04,0.03,62.0,9541,0.15039912109375003,call,2026-09-18,SPY,770.239990234375,2026-09-07T22:51:08.864141+00:00
830.0,0.02,0.03,0.02,5021.0,7957,0.1562584375,call,2026-09-18,SPY,770.239990234375,2026-09-07T22:51:08.864141+00:00
835.0,0.02,0.03,0.01,6.0,4873,0.16797707031250003,call,2026-09-18,SPY,770.239990234375,2026-09-07T22:51:08.864141+00:00
840.0,0.02,0.03,0.02,3.0,5534,0.178719150390625,call,2026-09-18,SPY,770.239990234375,2026-09-07T22:51:08.864141+00:00
845.0,0.01,0.02,0.02,16.0,11041,0.18164880859375,call,2026-09-18,SPY,770.239990234375,2026-09-07T22:51:08.864141+00:00
850.0,0.01,0.02,0.01,17.0,9504,0.19336744140625,call,2026-09-18,SPY,770.239990234375,2026-09-07T22:51:08.864141+00:00
855.0,0.01,0.02,0.02,31.0,3417,0.20313296874999998,call,2026-09-18,SPY,770.239990234375,2026-09-07T22:51:08.864141+00:00
860.0,0.01,0.02,0.01,1512.0,4870,0.21289849609375,call,2026-09-18,SPY,770.239990234375,2026-09-07T22:51:08.864141+00:00
865.0,0.01,0.02,0.02,1433.0,3501,0.22266402343749997,call,2026-09-18,SPY,770.239990234375,2026-09-07T22:51:08.864141+00:00
870.0,0.01,0.02,0.02,101.0,1284,0.23242955078125,call,2026-09-18,SPY,770.239990234375,2026-09-07T22:51:08.864141+00:00
875.0,0.01,0.02,0.01,24.0,4655,0.242195078125,call,2026-09-18,SPY,770.239990234375,2026-09-07T22:51:08.864141+00:00
880.0,0.0,0.01,0.01,24.0,6265,0.23828886718749998,call,2026-09-18,SPY,770.239990234375,2026-09-07T22:51:08.864141+00:00
885.0,0.0,0.01,0.01,6.0,6152,0.2461012890625,call,2026-09-18,SPY,770.239990234375,2026-09-07T22:51:08.864141+00:00
890.0,0.0,0.01,0.01,3383.0,3266,0.257819921875,call,2026-09-18,SPY,770.239990234375,2026-09-07T22:51:08.864141+00:00
895.0,0.0,0.01,0.02,10.0,8578,0.26563234375,call,2026-09-18,SPY,770.239990234375,2026-09-07T22:51:08.864141+00:00
900.0,0.0,0.01,0.01,6.0,16703,0.273444765625,call,2026-09-18,SPY,770.239990234375,2026-09-07T22:51:08.864141+00:00
905.0,0.0,0.01,0.01,4.0,4049,0.28125718749999995,call,2026-09-18,SPY,770.239990234375,2026-09-07T22:51:08.864141+00:00
910.0,0.0,0.01,0.01,50.0,3197,0.2929758203124999,call,2026-09-18,SPY,770.239990234375,2026-09-07T22:51:08.864141+00:00
915.0,0.0,0.01,0.01,1.0,5515,0.3007882421875,call,2026-09-18,SPY,770.239990234375,2026-09-07T22:51:08.864141+00:00
920.0,0.0,0.01,0.01,5.0,5527,0.3086006640625,call,2026-09-18,SPY,770.239990234375,2026-09-07T22:51:08.864141+00:00
925.0,0.0,0.01,0.01,490.0,14020,0.32031929687499994,call,2026-09-18,SPY,770.239990234375,2026-09-07T22:51:08.864141+00:00
930.0,0.0,0.01,0.01,202.0,6436,0.32813171874999997,call,2026-09-18,SPY,770.239990234375,2026-09-07T22:51:08.864141+00:00
935.0,0.0,0.01,0.01,1439.0,2713,0.335944140625,call,2026-09-18,SPY,770.239990234375,2026-09-07T22:51:08.864141+00:00
940.0,0.0,0.01,0.01,817.0,3661,0.3437565625,call,2026-09-18,SPY,770.239990234375,2026-09-07T22:51:08.864141+00:00
945.0,0.0,0.01,0.01,40.0,3736,0.35156898437499995,call,2026-09-18,SPY,770.239990234375,2026-09-07T22:51:08.864141+00:00
950.0,0.0,0.01,0.01,12.0,3023,0.35938140625,call,2026-09-18,SPY,770.239990234375,2026-09-07T22:51:08.864141+00:00
955.0,0.0,0.01,0.03,277.0,3253,0.367193828125,call,2026-09-18,SPY,770.239990234375,2026-09-07T22:51:08.864141+00:00
960.0,0.0,0.01,0.01,15.0,2177,0.37500625,call,2026-09-18,SPY,770.239990234375,2026-09-07T22:51:08.864141+00:00
965.0,0.0,0.01,0.01,1.0,3222,0.38281867187499996,call,2026-09-18,SPY,770.239990234375,2026-09-07T22:51:08.864141+00:00
970.0,0.0,0.01,0.01,10.0,3688,0.39063109375,call,2026-09-18,SPY,770.239990234375,2026-09-07T22:51:08.864141+00:00
975.0,0.0,0.01,0.02,7034.0,8632,0.398443515625,call,2026-09-18,SPY,770.239990234375,2026-09-07T22:51:08.864141+00:00
980.0,0.0,0.01,0.01,1.0,4173,0.4062559375,call,2026-09-18,SPY,770.239990234375,2026-09-07T22:51:08.864141+00:00
985.0,0.0,0.01,0.02,1.0,2927,0.414068359375,call,2026-09-18,SPY,770.239990234375,2026-09-07T22:51:08.864141+00:00
990.0,0.0,0.01,0.01,12.0,17224,0.42188078125,call,2026-09-18,SPY,770.239990234375,2026-09-07T22:51:08.864141+00:00
995.0,0.0,0.01,0.02,1.0,3865,0.42969320312500003,call,2026-09-18,SPY,770.239990234375,2026-09-07T22:51:08.864141+00:00
1000.0,0.0,0.01,0.01,2.0,8564,0.437505625,call,2026-09-18,SPY,770.239990234375,2026-09-07T22:51:08.864141+00:00
300.0,0.0,0.01,0.01,1.0,27654,1.4375028125,put,2026-09-18,SPY,770.239990234375,2026-09-07T22:51:08.864141+00:00
305.0,0.0,0.01,0.01,100.0,8282,1.4375028125,put,2026-09-18,SPY,770.239990234375,2026-09-07T22:51:08.864141+00:00
310.0,0.0,0.01,0.01,25.0,14915,1.40625296875,put,2026-09-18,SPY,770.239990234375,2026-09-07T22:51:08.864141+00:00
315.0,0.0,0.01,0.01,1400.0,5753,1.3750031249999999,put,2026-09-18,SPY,770.239990234375,2026-09-07T22:51:08.864141+00:00
320.0,0.0,0.01,0.01,100.0,4756,1.3437532812499997,put,2026-09-18,SPY,770.239990234375,2026-09-07T22:51:08.864141+00:00
325.0,0.0,0.01,0.01,100.0,5093,1.3125034374999998,put,2026-09-18,SPY,770.239990234375,2026-09-07T22:51:08.864141+00:00
330.0,0.0,0.01,0.01,104.0,8548,1.3125034374999998,put,2026-09-18,SPY,770.239990234375,2026-09-07T22:51:08.864141+00:00
335.0,0.0,0.01,0.01,5.0,4531,1.2812535937499998,put,2026-09-18,SPY,770.239990234375,2026-09-07T22:51:08.864141+00:00
340.0,0.0,0.01,0.01,10.0,1832,1.2500037499999999,put,2026-09-18,SPY,770.239990234375,2026-09-07T22:51:08.864141+00:00
345.0,0.0,0.01,0.01,10.0,2930,1.2500037499999999,put,2026-09-18,SPY,770.239990234375,2026-09-07T22:51:08.864141+00:00
350.0,0.0,0.01,0.01,35.0,19339,1.21875390625,put,2026-09-18,SPY,770.239990234375,2026-09-07T22:51:08.864141+00:00
355.0,0.0,0.01,0.01,4.0,12978,1.1875040625,put,2026-09-18,SPY,770.239990234375,2026-09-07T22:51:08.864141+00:00
360.0,0.0,0.01,0.01,1.0,27624,1.1875040625,put,2026-09-18,SPY,770.239990234375,2026-09-07T22:51:08.864141+00:00
365.0,0.0,0.01,0.01,4.0,16336,1.15625421875,put,2026-09-18,SPY,770.239990234375,2026-09-07T22:51:08.864141+00:00
370.0,0.0,0.01,0.01,200.0,21732,1.125004375,put,2026-09-18,SPY,770.239990234375,2026-09-07T22:51:08.864141+00:00
375.0,0.0,0.01,0.01,809.0,3524,1.125004375,put,2026-09-18,SPY,770.239990234375,2026-09-07T22:51:08.864141+00:00
380.0,0.0,0.01,0.01,1.0,2904,1.09375453125,put,2026-09-18,SPY,770.239990234375,2026-09-07T22:51:08.864141+00:00
385.0,0.0,0.01,0.01,200.0,1084,1.0625046875000002,put,2026-09-18,SPY,770.239990234375,2026-09-07T22:51:08.864141+00:00
390.0,0.0,0.01,0.01,20.0,1166,1.0625046875000002,put,2026-09-18,SPY,770.239990234375,2026-09-07T22:51:08.864141+00:00
395.0,0.0,0.01,0.01,20.0,2548,1.0312548437500002,put,2026-09-18,SPY,770.239990234375,2026-09-07T22:51:08.864141+00:00
400.0,0.0,0.01,0.02,21.0,24195,1.0312548437500002,put,2026-09-18,SPY,770.239990234375,2026-09-07T22:51:08.864141+00:00
405.0,0.0,0.01,0.01,20.0,2943,1.000005,put,2026-09-18,SPY,770.239990234375,2026-09-07T22:51:08.864141+00:00
410.0,0.0,0.01,0.01,51.0,672,0.9687503125,put,2026-09-18,SPY,770.239990234375,2026-09-07T22:51:08.864141+00:00
415.0,0.0,0.01,0.01,2779.0,105681,0.9687503125,put,2026-09-18,SPY,770.239990234375,2026-09-07T22:51:08.864141+00:00
420.0,0.0,0.01,0.02,220.0,107093,0.937500625,put,2026-09-18,SPY,770.239990234375,2026-09-07T22:51:08.864141+00:00
425.0,0.0,0.01,0.01,10.0,100752,0.937500625,put,2026-09-18,SPY,770.239990234375,2026-09-07T22:51:08.864141+00:00
430.0,0.0,0.01,0.01,524.0,2551,0.9062509375,put,2026-09-18,SPY,770.239990234375,2026-09-07T22:51:08.864141+00:00
435.0,0.0,0.01,0.01,20.0,1874,0.8906260937499999,put,2026-09-18,SPY,770.239990234375,2026-09-07T22:51:08.864141+00:00
440.0,0.0,0.01,0.01,10.0,6707,0.87500125,put,2026-09-18,SPY,770.239990234375,2026-09-07T22:51:08.864141+00:00
445.0,0.0,0.01,0.01,45.0,1019,0.85937640625,put,2026-09-18,SPY,770.239990234375,2026-09-07T22:51:08.864141+00:00
450.0,0.01,0.02,0.01,720.0,12790,0.914063359375,put,2026-09-18,SPY,770.239990234375,2026-09-07T22:51:08.864141+00:00
455.0,0.01,0.02,0.01,20.0,4309,0.8906260937499999,put,2026-09-18,SPY,770.239990234375,2026-09-07T22:51:08.864141+00:00
460.0,0.01,0.02,0.02,5.0,1745,0.87500125,put,2026-09-18,SPY,770.239990234375,2026-09-07T22:51:08.864141+00:00
465.0,0.01,0.02,0.02,25.0,1949,0.85937640625,put,2026-09-18,SPY,770.239990234375,2026-09-07T22:51:08.864141+00:00
470.0,0.01,0.02,0.02,1.0,9574,0.8437515624999999,put,2026-09-18,SPY,770.239990234375,2026-09-07T22:51:08.864141+00:00
475.0,0.01,0.02,0.02,19.0,5647,0.8281267187499999,put,2026-09-18,SPY,770.239990234375,2026-09-07T22:51:08.864141+00:00
480.0,0.01,0.02,0.01,5.0,10858,0.8125018749999999,put,2026-09-18,SPY,770.239990234375,2026-09-07T22:51:08.864141+00:00
485.0,0.01,0.02,0.01,9.0,790,0.789064609375,put,2026-09-18,SPY,770.239990234375,2026-09-07T22:51:08.864141+00:00
490.0,0.01,0.02,0.03,50.0,3550,0.773439765625,put,2026-09-18,SPY,770.239990234375,2026-09-07T22:51:08.864141+00:00
495.0,0.01,0.02,0.03,36.0,5016,0.7578149218750001,put,2026-09-18,SPY,770.239990234375,2026-09-07T22:51:08.864141+00:00
500.0,0.02,0.03,0.02,24.0,10684,0.773439765625,put,2026-09-18,SPY,770.239990234375,2026-09-07T22:51:08.864141+00:00
505.0,0.02,0.03,0.02,53.0,5612,0.7578149218750001,put,2026-09-18,SPY,770.239990234375,2026-09-07T22:51:08.864141+00:00
510.0,0.02,0.03,0.02,2.0,2449,0.7421900781249999,put,2026-09-18,SPY,770.239990234375,2026-09-07T22:51:08.864141+00:00
515.0,0.02,0.03,0.02,22.0,201941,0.7226590234375,put,2026-09-18,SPY,770.239990234375,2026-09-07T22:51:08.864141+00:00
520.0,0.02,0.03,0.03,43.0,211147,0.7070341796875,put,2026-09-18,SPY,770.239990234375,2026-09-07T22:51:08.864141+00:00
525.0,0.02,0.03,0.03,2.0,209940,0.6914093359375001,put,2026-09-18,SPY,770.239990234375,2026-09-07T22:51:08.864141+00:00
530.0,0.02,0.03,0.02,4.0,3981,0.6757844921875001,put,2026-09-18,SPY,770.239990234375,2026-09-07T22:51:08.864141+00:00
535.0,0.02,0.03,0.02,7.0,1923,0.6601596484375001,put,2026-09-18,SPY,770.239990234375,2026-09-07T22:51:08.864141+00:00
540.0,0.03,0.04,0.04,28.0,3350,0.6640658593750002,put,2026-09-18,SPY,770.239990234375,2026-09-07T22:51:08.864141+00:00
545.0,0.03,0.04,0.03,2.0,5776,0.648441015625,put,2026-09-18,SPY,770.239990234375,2026-09-07T22:51:08.864141+00:00
550.0,0.03,0.04,0.03,68.0,16749,0.632816171875,put,2026-09-18,SPY,770.239990234375,2026-09-07T22:51:08.864141+00:00
555.0,0.03,0.04,0.03,5112.0,1220,0.6171913281250001,put,2026-09-18,SPY,770.239990234375,2026-09-07T22:51:08.864141+00:00
560.0,0.03,0.04,0.04,3.0,4763,0.6015664843750002,put,2026-09-18,SPY,770.239990234375,2026-09-07T22:51:08.864141+00:00
565.0,0.04,0.05,0.05,37.0,10880,0.5976602734375001,put,2026-09-18,SPY,770.239990234375,2026-09-07T22:51:08.864141+00:00
570.0,0.04,0.05,0.05,13.0,8456,0.5820354296875,put,2026-09-18,SPY,770.239990234375,2026-09-07T22:51:08.864141+00:00
575.0,0.04,0.05,0.04,28.0,13282,0.5664105859375,put,2026-09-18,SPY,770.239990234375,2026-09-07T22:51:08.864141+00:00
580.0,0.04,0.05,0.04,12.0,9984,0.5507857421875001,put,2026-09-18,SPY,770.239990234375,2026-09-07T22:51:08.864141+00:00
585.0,0.05,0.06,0.05,1.0,8943,0.5468795312500001,put,2026-09-18,SPY,770.239990234375,2026-09-07T22:51:08.864141+00:00
590.0,0.05,0.06,0.05,142.0,20173,0.5312546875,put,2026-09-18,SPY,770.239990234375,2026-09-07T22:51:08.864141+00:00
595.0,0.05,0.06,0.06,23.0,8885,0.51562984375,put,2026-09-18,SPY,770.239990234375,2026-09-07T22:51:08.864141+00:00
600.0,0.06,0.07,0.06,135.0,62864,0.508793974609375,put,2026-09-18,SPY,770.239990234375,2026-09-07T22:51:08.864141+00:00
601.0,0.06,0.07,0.05,23.0,1689,0.50586431640625,put,2026-09-18,SPY,770.239990234375,2026-09-07T22:51:08.864141+00:00
602.0,0.06,0.07,0.11,10.0,125,0.5019581054687501,put,2026-09-18,SPY,770.239990234375,2026-09-07T22:51:08.864141+00:00
603.0,0.06,0.07,0.06,12.0,1560,0.500005,put,2026-09-18,SPY,770.239990234375,2026-09-07T22:51:08.864141+00:00
604.0,0.06,0.07,0.05,25.0,1339,0.500005,put,2026-09-18,SPY,770.239990234375,2026-09-07T22:51:08.864141+00:00
605.0,0.06,0.07,0.06,199.0,52217,0.49707534179687507,put,2026-09-18,SPY,770.239990234375,2026-09-07T22:51:08.864141+00:00
606.0,0.06,0.07,0.06,74.0,518,0.49414568359375005,put,2026-09-18,SPY,770.239990234375,2026-09-07T22:51:08.864141+00:00
607.0,0.06,0.07,0.11,2.0,666,0.49121602539062503,put,2026-09-18,SPY,770.239990234375,2026-09-07T22:51:08.864141+00:00
608.0,0.07,0.08,0.06,40.0,1511,0.49414568359375005,put,2026-09-18,SPY,770.239990234375,2026-09-07T22:51:08.864141+00:00
609.0,0.07,0.08,0.08,2816.0,143,0.49219257812500006,put,2026-09-18,SPY,770.239990234375,2026-09-07T22:51:08.864141+00:00
610.0,0.07,0.08,0.07,3007.0,51606,0.48828636718750007,put,2026-09-18,SPY,770.239990234375,2026-09-07T22:51:08.864141+00:00
611.0,0.07,0.08,0.06,304.0,399,0.485356708984375,put,2026-09-18,SPY,770.239990234375,2026-09-07T22:51:08.864141+00:00
612.0,0.07,0.08,0.07,145.0,343,0.48242705078125003,put,2026-09-18,SPY,770.239990234375,2026-09-07T22:51:08.864141+00:00
613.0,0.07,0.08,0.14,104.0,453,0.47949739257812496,put,2026-09-18,SPY,770.239990234375,2026-09-07T22:51:08.864141+00:00
614.0,0.07,0.08,0.11,16.0,1154,0.476567734375,put,2026-09-18,SPY,770.239990234375,2026-09-07T22:51:08.864141+00:00
615.0,0.07,0.08,0.06,73.0,104404,0.4726615234375,put,2026-09-18,SPY,770.239990234375,2026-09-07T22:51:08.864141+00:00
616.0,0.07,0.08,0.15,2.0,479,0.46973186523437505,put,2026-09-18,SPY,770.239990234375,2026-09-07T22:51:08.864141+00:00
617.0,0.07,0.09,0.08,317.0,589,0.4726615234375,put,2026-09-18,SPY,770.239990234375,2026-09-07T22:51:08.864141+00:00
618.0,0.08,0.09,0.07,450.0,762,0.46973186523437505,put,2026-09-18,SPY,770.239990234375,2026-09-07T22:51:08.864141+00:00
619.0,0.08,0.09,0.09,12.0,326,0.46680220703125,put,2026-09-18,SPY,770.239990234375,2026-09-07T22:51:08.864141+00:00
620.0,0.08,0.09,0.08,633.0,157802,0.46289599609375004,put,2026-09-18,SPY,770.239990234375,2026-09-07T22:51:08.864141+00:00
621.0,0.08,0.09,0.07,3.0,713,0.459966337890625,put,2026-09-18,SPY,770.239990234375,2026-09-07T22:51:08.864141+00:00
622.0,0.08,0.09,0.06,5.0,937,0.45703667968750006,put,2026-09-18,SPY,770.239990234375,2026-09-07T22:51:08.864141+00:00
623.0,0.08,0.09,0.17,61.0,332,0.454107021484375,put,2026-09-18,SPY,770.239990234375,2026-09-07T22:51:08.864141+00:00
624.0,0.08,0.09,0.25,400.0,1139,0.45117736328125,put,2026-09-18,SPY,770.239990234375,2026-09-07T22:51:08.864141+00:00
625.0,0.08,0.09,0.08,112.0,132638,0.44824770507812495,put,2026-09-18,SPY,770.239990234375,2026-09-07T22:51:08.864141+00:00
626.0,0.09,0.1,0.1,22.0,514,0.450200810546875,put,2026-09-18,SPY,770.239990234375,2026-09-07T22:51:08.864141+00:00
627.0,0.09,0.1,0.07,41.0,406,0.44727115234375,put,2026-09-18,SPY,770.239990234375,2026-09-07T22:51:08.864141+00:00
628.0,0.09,0.1,0.08,613.0,360,0.44336494140625,put,2026-09-18,SPY,770.239990234375,2026-09-07T22:51:08.864141+00:00
629.0,0.09,0.1,0.1,9.0,270,0.44043528320312497,put,2026-09-18,SPY,770.239990234375,2026-09-07T22:51:08.864141+00:00
630.0,0.09,0.1,0.08,108.0,10228,0.437505625,put,2026-09-18,SPY,770.239990234375,2026-09-07T22:51:08.864141+00:00
631.0,0.09,0.1,0.09,121.0,497,0.43457596679687505,put,2026-09-18,SPY,770.239990234375,2026-09-07T22:51:08.864141+00:00
632.0,0.09,0.1,0.07,34.0,493,0.43164630859375,put,2026-09-18,SPY,770.239990234375,2026-09-07T22:51:08.864141+00:00
633.0,0.09,0.1,0.08,5.0,834,0.4282283740234375,put,2026-09-18,SPY,770.239990234375,2026-09-07T22:51:08.864141+00:00
634.0,0.1,0.11,0.09,1.0,790,0.42969320312500003,put,2026-09-18,SPY,770.239990234375,2026-09-07T22:51:08.864141+00:00
635.0,0.1,0.11,0.09,316.0,8358,0.42676354492187507,put,2026-09-18,SPY,770.239990234375,2026-09-07T22:51:08.864141+00:00
636.0,0.1,0.11,0.13,3.0,358,0.42383388671875,put,2026-09-18,SPY,770.239990234375,2026-09-07T22:51:08.864141+00:00
637.0,0.1,0.11,0.08,319.0,736,0.4204159521484375,put,2026-09-18,SPY,770.239990234375,2026-09-07T22:51:08.864141+00:00
638.0,0.1,0.11,0.1,376.0,952,0.41699801757812494,put,2026-09-18,SPY,770.239990234375,2026-09-07T22:51:08.864141+00:00
639.0,0.1,0.11,0.26,70.0,742,0.414068359375,put,2026-09-18,SPY,770.239990234375,2026-09-07T22:51:08.864141+00:00
640.0,0.1,0.11,0.1,52.0,12380,0.411138701171875,put,2026-09-18,SPY,770.239990234375,2026-09-07T22:51:08.864141+00:00
641.0,0.1,0.11,0.08,4.0,641,0.40820904296875,put,2026-09-18,SPY,770.239990234375,2026-09-07T22:51:08.864141+00:00
642.0,0.11,0.12,0.18,5.0,1038,0.40918559570312496,put,2026-09-18,SPY,770.239990234375,2026-09-07T22:51:08.864141+00:00
643.0,0.11,0.12,0.14,1.0,334,0.4062559375,put,2026-09-18,SPY,770.239990234375,2026-09-07T22:51:08.864141+00:00
644.0,0.11,0.12,0.14,1.0,208,0.4028380029296875,put,2026-09-18,SPY,770.239990234375,2026-09-07T22:51:08.864141+00:00
645.0,0.11,0.12,0.1,68.0,6776,0.39942006835937505,put,2026-09-18,SPY,770.239990234375,2026-09-07T22:51:08.864141+00:00
646.0,0.11,0.12,0.14,1.0,488,0.39649041015625003,put,2026-09-18,SPY,770.239990234375,2026-09-07T22:51:08.864141+00:00
647.0,0.11,0.12,0.13,1.0,249,0.393560751953125,put,2026-09-18,SPY,770.239990234375,2026-09-07T22:51:08.864141+00:00
648.0,0.11,0.13,0.09,1.0,335,0.3940490283203125,put,2026-09-18,SPY,770.239990234375,2026-09-07T22:51:08.864141+00:00
649.0,0.12,0.13,0.11,2.0,794,0.39063109375,put,2026-09-18,SPY,770.239990234375,2026-09-07T22:51:08.864141+00:00
650.0,0.12,0.13,0.12,307.0,79451,0.387701435546875,put,2026-09-18,SPY,770.239990234375,2026-09-07T22:51:08.864141+00:00
651.0,0.12,0.13,0.09,4.0,1249,0.38477177734374995,put,2026-09-18,SPY,770.239990234375,2026-09-07T22:51:08.864141+00:00
652.0,0.12,0.13,0.1,14.0,437,0.38184211914062494,put,2026-09-18,SPY,770.239990234375,2026-09-07T22:51:08.864141+00:00
653.0,0.12,0.13,0.1,14.0,571,0.37842418457031246,put,2026-09-18,SPY,770.239990234375,2026-09-07T22:51:08.864141+00:00
654.0,0.12,0.13,0.1,89.0,536,0.37500625,put,2026-09-18,SPY,770.239990234375,2026-09-07T22:51:08.864141+00:00
655.0,0.13,0.14,0.11,19.0,30800,0.3754945263671875,put,2026-09-18,SPY,770.239990234375,2026-09-07T22:51:08.864141+00:00
656.0,0.13,0.14,0.11,2.0,553,0.37256486816406253,put,2026-09-18,SPY,770.239990234375,2026-09-07T22:51:08.864141+00:00
657.0,0.13,0.14,0.11,8.0,825,0.36914693359375,put,2026-09-18,SPY,770.239990234375,2026-09-07T22:51:08.864141+00:00
658.0,0.13,0.14,0.11,513.0,627,0.366217275390625,put,2026-09-18,SPY,770.239990234375,2026-09-07T22:51:08.864141+00:00
659.0,0.13,0.14,0.3,1.0,643,0.3632876171875,put,2026-09-18,SPY,770.239990234375,2026-09-07T22:51:08.864141+00:00
660.0,0.13,0.15,0.12,224.0,89628,0.3632876171875,put,2026-09-18,SPY,770.239990234375,2026-09-07T22:51:08.864141+00:00
661.0,0.14,0.15,0.12,2.0,625,0.35986968261718744,put,2026-09-18,SPY,770.239990234375,2026-09-07T22:51:08.864141+00:00
662.0,0.14,0.15,0.12,6.0,1346,0.35645174804687496,put,2026-09-18,SPY,770.239990234375,2026-09-07T22:51:08.864141+00:00
663.0,0.14,0.15,0.15,2.0,1167,0.35352208984374994,put,2026-09-18,SPY,770.239990234375,2026-09-07T22:51:08.864141+00:00
664.0,0.14,0.15,0.13,695.0,585,0.3505924316406249,put,2026-09-18,SPY,770.239990234375,2026-09-07T22:51:08.864141+00:00
665.0,0.14,0.16,0.12,17.0,14447,0.3501041552734374,put,2026-09-18,SPY,770.239990234375,2026-09-07T22:51:08.864141+00:00
666.0,0.15,0.16,0.12,87.0,1195,0.34717449707031245,put,2026-09-18,SPY,770.239990234375,2026-09-07T22:51:08.864141+00:00
667.0,0.15,0.16,0.15,4.0,1307,0.3437565625,put,2026-09-18,SPY,770.239990234375,2026-09-07T22:51:08.864141+00:00
668.0,0.15,0.16,0.35,12.0,1600,0.340826904296875,put,2026-09-18,SPY,770.239990234375,2026-09-07T22:51:08.864141+00:00
669.0,0.15,0.16,0.13,213.0,995,0.33740896972656254,put,2026-09-18,SPY,770.239990234375,2026-09-07T22:51:08.864141+00:00
670.0,0.15,0.17,0.14,481.0,61637,0.336920693359375,put,2026-09-18,SPY,770.239990234375,2026-09-07T22:51:08.864141+00:00
671.0,0.16,0.17,0.16,100.0,3946,0.33399103515625,put,2026-09-18,SPY,770.239990234375,2026-09-07T22:51:08.864141+00:00
672.0,0.16,0.17,0.17,21.0,1124,0.3305731005859375,put,2026-09-18,SPY,770.239990234375,2026-09-07T22:51:08.864141+00:00
673.0,0.16,0.17,0.14,44.0,979,0.3276434423828125,put,2026-09-18,SPY,770.239990234375,2026-09-07T22:51:08.864141+00:00
674.0,0.16,0.17,0.16,2.0,3054,0.3242255078124999,put,2026-09-18,SPY,770.239990234375,2026-09-07T22:51:08.864141+00:00
675.0,0.17,0.18,0.15,58.0,22763,0.3237372314453124,put,2026-09-18,SPY,770.239990234375,2026-09-07T22:51:08.864141+00:00
676.0,0.17,0.18,0.15,14.0,1112,0.32031929687499994,put,2026-09-18,SPY,770.239990234375,2026-09-07T22:51:08.864141+00:00
677.0,0.17,0.18,0.17,33.0,1301,0.317389638671875,put,2026-09-18,SPY,770.239990234375,2026-09-07T22:51:08.864141+00:00
678.0,0.17,0.18,0.16,2.0,1083,0.3139717041015625,put,2026-09-18,SPY,770.239990234375,2026-09-07T22:51:08.864141+00:00
679.0,0.18,0.19,0.14,55.0,1265,0.3129951513671875,put,2026-09-18,SPY,770.239990234375,2026-09-07T22:51:08.864141+00:00
680.0,0.18,0.19,0.17,142.0,29989,0.3100654931640625,put,2026-09-18,SPY,770.239990234375,2026-09-07T22:51:08.864141+00:00
681.0,0.18,0.19,0.15,2.0,855,0.30664755859375,put,2026-09-18,SPY,770.239990234375,2026-09-07T22:51:08.864141+00:00
682.0,0.19,0.2,0.18,4.0,966,0.305671005859375,put,2026-09-18,SPY,770.239990234375,2026-09-07T22:51:08.864141+00:00
683.0,0.19,0.2,0.2,5.0,679,0.30274134765625,put,2026-09-18,SPY,770.239990234375,2026-09-07T22:51:08.864141+00:00
684.0,0.19,0.2,0.18,28.0,702,0.29932341308593746,put,2026-09-18,SPY,770.239990234375,2026-09-07T22:51:08.864141+00:00
685.0,0.2,0.21,0.19,111.0,14452,0.29834686035156244,put,2026-09-18,SPY,770.239990234375,2026-09-07T22:51:08.864141+00:00
686.0,0.2,0.21,0.18,36.0,995,0.29492892578124996,put,2026-09-18,SPY,770.239990234375,2026-09-07T22:51:08.864141+00:00
687.0,0.2,0.21,0.18,5.0,598,0.29175512939453113,put,2026-09-18,SPY,770.239990234375,2026-09-07T22:51:08.864141+00:00
688.0,0.21,0.22,0.18,49.0,2024,0.29053443847656246,put,2026-09-18,SPY,770.239990234375,2026-09-07T22:51:08.864141+00:00
689.0,0.21,0.22,0.24,27.0,824,0.28711650390624993,put,2026-09-18,SPY,770.239990234375,2026-09-07T22:51:08.864141+00:00
690.0,0.21,0.22,0.2,174.0,21941,0.28394270751953116,put,2026-09-18,SPY,770.239990234375,2026-09-07T22:51:08.864141+00:00
691.0,0.22,0.23,0.21,11.0,447,0.28247787841796873,put,2026-09-18,SPY,770.239990234375,2026-09-07T22:51:08.864141+00:00
692.0,0.22,0.23,0.22,508.0,2327,0.27930408203124996,put,2026-09-18,SPY,770.239990234375,2026-09-07T22:51:08.864141+00:00
693.0,0.23,0.24,0.24,128.0,1148,0.2778392529296875,put,2026-09-18,SPY,770.239990234375,2026-09-07T22:51:08.864141+00:00
694.0,0.23,0.24,0.24,12.0,1073,0.274421318359375,put,2026-09-18,SPY,770.239990234375,2026-09-07T22:51:08.864141+00:00
695.0,0.23,0.24,0.24,60.0,8900,0.2712475219726562,put,2026-09-18,SPY,770.239990234375,2026-09-07T22:51:08.864141+00:00
696.0,0.24,0.25,0.21,56.0,1122,0.2695385546875,put,2026-09-18,SPY,770.239990234375,2026-09-07T22:51:08.864141+00:00
697.0,0.24,0.25,0.21,2.0,795,0.26636475830078127,put,2026-09-18,SPY,770.239990234375,2026-09-07T22:51:08.864141+00:00
698.0,0.25,0.26,0.25,50.0,2509,0.264655791015625,put,2026-09-18,SPY,770.239990234375,2026-09-07T22:51:08.864141+00:00
699.0,0.25,0.26,0.22,2.0,1633,0.2612378564453125,put,2026-09-18,SPY,770.239990234375,2026-09-07T22:51:08.864141+00:00
700.0,0.26,0.27,0.27,2442.0,41764,0.25952888916015626,put,2026-09-18,SPY,770.239990234375,2026-09-07T22:51:08.864141+00:00
701.0,0.27,0.28,0.23,198.0,1521,0.25757578369140627,put,2026-09-18,SPY,770.239990234375,2026-09-07T22:51:08.864141+00:00
702.0,0.27,0.28,0.23,8.0,803,0.25440198730468755,put,2026-09-18,SPY,770.239990234375,2026-09-07T22:51:08.864141+00:00
703.0,0.28,0.29,0.26,1.0,698,0.2524488818359375,put,2026-09-18,SPY,770.239990234375,2026-09-07T22:51:08.864141+00:00
704.0,0.28,0.29,0.26,50.0,1248,0.249030947265625,put,2026-09-18,SPY,770.239990234375,2026-09-07T22:51:08.864141+00:00
705.0,0.29,0.3,0.27,167.0,9545,0.247077841796875,put,2026-09-18,SPY,770.239990234375,2026-09-07T22:51:08.864141+00:00
706.0,0.3,0.31,0.28,24.0,848,0.24488059814453128,put,2026-09-18,SPY,770.239990234375,2026-09-07T22:51:08.864141+00:00
707.0,0.3,0.31,0.26,1.0,1837,0.2417068017578125,put,2026-09-18,SPY,770.239990234375,2026-09-07T22:51:08.864141+00:00
708.0,0.31,0.32,0.27,2.0,1261,0.2395095581054687,put,2026-09-18,SPY,770.239990234375,2026-09-07T22:51:08.864141+00:00
709.0,0.32,0.33,0.31,17.0,7291,0.23731231445312498,put,2026-09-18,SPY,770.239990234375,2026-09-07T22:51:08.864141+00:00
710.0,0.33,0.34,0.34,296.0,59186,0.23511507080078126,put,2026-09-18,SPY,770.239990234375,2026-09-07T22:51:08.864141+00:00
711.0,0.34,0.35,0.3,7.0,2660,0.23267368896484375,put,2026-09-18,SPY,770.239990234375,2026-09-07T22:51:08.864141+00:00
712.0,0.35,0.36,0.32,57.0,2305,0.2304764453125,put,2026-09-18,SPY,770.239990234375,2026-09-07T22:51:08.864141+00:00
713.0,0.36,0.37,0.29,47.0,1396,0.2280350634765625,put,2026-09-18,SPY,770.239990234375,2026-09-07T22:51:08.864141+00:00
714.0,0.37,0.38,0.36,15.0,1789,0.225593681640625,put,2026-09-18,SPY,770.239990234375,2026-09-07T22:51:08.864141+00:00
715.0,0.38,0.39,0.35,1761.0,40574,0.22315229980468748,put,2026-09-18,SPY,770.239990234375,2026-09-07T22:51:08.864141+00:00
716.0,0.39,0.4,0.34,38.0,1780,0.22071091796874998,put,2026-09-18,SPY,770.239990234375,2026-09-07T22:51:08.864141+00:00
717.0,0.4,0.41,0.36,33.0,2501,0.2181474670410156,put,2026-09-18,SPY,770.239990234375,2026-09-07T22:51:08.864141+00:00
718.0,0.42,0.43,0.39,35.0,2596,0.21656056884765623,put,2026-09-18,SPY,770.239990234375,2026-09-07T22:51:08.864141+00:00
719.0,0.43,0.44,0.45,203.0,4424,0.213875048828125,put,2026-09-18,SPY,770.239990234375,2026-09-07T22:51:08.864141+00:00
720.0,0.44,0.45,0.46,1911.0,43236,0.2111895288085937,put,2026-09-18,SPY,770.239990234375,2026-09-07T22:51:08.864141+00:00
721.0,0.46,0.47,0.43,163.0,3156,0.2092364233398437,put,2026-09-18,SPY,770.239990234375,2026-09-07T22:51:08.864141+00:00
722.0,0.48,0.49,0.48,105.0,3163,0.2074053869628906,put,2026-09-18,SPY,770.239990234375,2026-09-07T22:51:08.864141+00:00
723.0,0.49,0.51,0.46,1691.0,2602,0.20533021240234373,put,2026-09-18,SPY,770.239990234375,2026-09-07T22:51:08.864141+00:00
724.0,0.51,0.52,0.44,154.0,4967,0.2024005541992187,put,2026-09-18,SPY,770.239990234375,2026-09-07T22:51:08.864141+00:00
725.0,0.53,0.54,0.55,2781.0,25345,0.20032537963867186,put,2026-09-18,SPY,770.239990234375,2026-09-07T22:51:08.864141+00:00
726.0,0.55,0.57,0.56,520.0,10690,0.19873848144531248,put,2026-09-18,SPY,770.239990234375,2026-09-07T22:51:08.864141+00:00
727.0,0.58,0.59,0.55,418.0,1851,0.19641916870117188,put,2026-09-18,SPY,770.239990234375,2026-09-07T22:51:08.864141+00:00
728.0,0.6,0.62,0.57,296.0,20227,0.1947102014160156,put,2026-09-18,SPY,770.239990234375,2026-09-07T22:51:08.864141+00:00
729.0,0.63,0.64,0.65,698.0,9513,0.19214675048828128,put,2026-09-18,SPY,770.239990234375,2026-09-07T22:51:08.864141+00:00
730.0,0.66,0.67,0.68,8105.0,45341,0.19031571411132814,put,2026-09-18,SPY,770.239990234375,2026-09-07T22:51:08.864141+00:00
731.0,0.69,0.7,0.7,182.0,3011,0.18824053955078124,put,2026-09-18,SPY,770.239990234375,2026-09-07T22:51:08.864141+00:00
732.0,0.72,0.73,0.69,509.0,25155,0.1860432958984375,put,2026-09-18,SPY,770.239990234375,2026-09-07T22:51:08.864141+00:00
733.0,0.75,0.77,0.76,281.0,25000,0.1844563977050781,put,2026-09-18,SPY,770.239990234375,2026-09-07T22:51:08.864141+00:00
734.0,0.79,0.8,0.8,939.0,18102,0.18207605041503905,put,2026-09-18,SPY,770.239990234375,2026-09-07T22:51:08.864141+00:00
735.0,0.83,0.84,0.87,3692.0,35109,0.1801839794921875,put,2026-09-18,SPY,770.239990234375,2026-09-07T22:51:08.864141+00:00
736.0,0.87,0.88,0.9,534.0,14495,0.17810880493164064,put,2026-09-18,SPY,770.239990234375,2026-09-07T22:51:08.864141+00:00
737.0,0.92,0.93,0.94,343.0,3984,0.17646087219238282,put,2026-09-18,SPY,770.239990234375,2026-09-07T22:51:08.864141+00:00
738.0,0.97,0.98,1.01,1023.0,4555,0.17469087036132813,put,2026-09-18,SPY,770.239990234375,2026-09-07T22:51:08.864141+00:00
739.0,1.02,1.03,1.07,481.0,21046,0.17273776489257814,put,2026-09-18,SPY,770.239990234375,2026-09-07T22:51:08.864141+00:00
740.0,1.07,1.08,1.08,4259.0,50210,0.1706625903320313,put,2026-09-18,SPY,770.239990234375,2026-09-07T22:51:08.864141+00:00
741.0,1.13,1.14,1.14,706.0,4179,0.16883155395507815,put,2026-09-18,SPY,770.239990234375,2026-09-07T22:51:08.864141+00:00
742.0,1.2,1.22,1.24,750.0,4003,0.16767189758300782,put,2026-09-18,SPY,770.239990234375,2026-09-07T22:51:08.864141+00:00
743.0,1.27,1.28,1.31,4478.0,29489,0.16553568847656253,put,2026-09-18,SPY,770.239990234375,2026-09-07T22:51:08.864141+00:00
744.0,1.34,1.36,1.37,648.0,3567,0.1640098248291016,put,2026-09-18,SPY,770.239990234375,2026-09-07T22:51:08.864141+00:00
745.0,1.42,1.44,1.45,39829.0,20766,0.1623008575439453,put,2026-09-18,SPY,770.239990234375,2026-09-07T22:51:08.864141+00:00
746.0,1.51,1.52,1.51,1571.0,6339,0.16040878662109376,put,2026-09-18,SPY,770.239990234375,2026-09-07T22:51:08.864141+00:00
747.0,1.6,1.61,1.6,15665.0,3906,0.15863878479003907,put,2026-09-18,SPY,770.239990234375,2026-09-07T22:51:08.864141+00:00
748.0,1.7,1.71,1.68,1665.0,3004,0.1570518865966797,put,2026-09-18,SPY,770.239990234375,2026-09-07T22:51:08.864141+00:00
749.0,1.8,1.81,1.78,2147.0,4282,0.1552208502197266,put,2026-09-18,SPY,770.239990234375,2026-09-07T22:51:08.864141+00:00
750.0,1.91,1.92,1.91,7854.0,62130,0.15351188293457033,put,2026-09-18,SPY,770.239990234375,2026-09-07T22:51:08.864141+00:00
751.0,2.03,2.05,2.08,1599.0,3978,0.15210808837890627,put,2026-09-18,SPY,770.239990234375,2026-09-07T22:51:08.864141+00:00
752.0,2.16,2.18,2.14,1107.0,3849,0.1505211901855469,put,2026-09-18,SPY,770.239990234375,2026-09-07T22:51:08.864141+00:00
753.0,2.3,2.31,2.31,713.0,2850,0.14869015380859374,put,2026-09-18,SPY,770.239990234375,2026-09-07T22:51:08.864141+00:00
754.0,2.45,2.47,2.42,1701.0,3268,0.14740842834472656,put,2026-09-18,SPY,770.239990234375,2026-09-07T22:51:08.864141+00:00
755.0,2.61,2.62,2.6,3384.0,41485,0.14563842651367187,put,2026-09-18,SPY,770.239990234375,2026-09-07T22:51:08.864141+00:00
756.0,2.78,2.8,2.74,1223.0,3134,0.14429566650390624,put,2026-09-18,SPY,770.239990234375,2026-09-07T22:51:08.864141+00:00
757.0,2.97,2.99,3.01,2935.0,7127,0.14292238922119144,put,2026-09-18,SPY,770.239990234375,2026-09-07T22:51:08.864141+00:00
758.0,3.16,3.17,3.14,1225.0,7232,0.14106083557128907,put,2026-09-18,SPY,770.239990234375,2026-09-07T22:51:08.864141+00:00
759.0,3.38,3.39,3.44,429.0,3501,0.1397791101074219,put,2026-09-18,SPY,770.239990234375,2026-09-07T22:51:08.864141+00:00
760.0,3.6,3.63,3.6,54980.0,70613,0.1386499710083008,put,2026-09-18,SPY,770.239990234375,2026-09-07T22:51:08.864141+00:00
761.0,3.85,3.87,3.93,511.0,2148,0.13721565917968753,put,2026-09-18,SPY,770.239990234375,2026-09-07T22:51:08.864141+00:00
762.0,4.11,4.13,4.12,839.0,2704,0.13584238189697267,put,2026-09-18,SPY,770.239990234375,2026-09-07T22:51:08.864141+00:00
763.0,4.39,4.42,4.39,752.0,3678,0.1347437600708008,put,2026-09-18,SPY,770.239990234375,2026-09-07T22:51:08.864141+00:00
764.0,4.69,4.72,4.76,601.0,4257,0.1334925518798828,put,2026-09-18,SPY,770.239990234375,2026-09-07T22:51:08.864141+00:00
765.0,5.02,5.04,5.02,5525.0,27726,0.1323023782348633,put,2026-09-18,SPY,770.239990234375,2026-09-07T22:51:08.864141+00:00
766.0,5.36,5.38,5.4,891.0,3110,0.13111220458984374,put,2026-09-18,SPY,770.239990234375,2026-09-07T22:51:08.864141+00:00
767.0,5.73,5.75,5.63,971.0,2760,0.13013565185546871,put,2026-09-18,SPY,770.239990234375,2026-09-07T22:51:08.864141+00:00
768.0,6.13,6.14,6.16,1236.0,3120,0.12912858184814452,put,2026-09-18,SPY,770.239990234375,2026-09-07T22:51:08.864141+00:00
769.0,6.55,6.56,6.6,3793.0,3775,0.1282740982055664,put,2026-09-18,SPY,770.239990234375,2026-09-07T22:51:08.864141+00:00
770.0,7.0,7.01,6.99,6287.0,19167,0.12757220092773439,put,2026-09-18,SPY,770.239990234375,2026-09-07T22:51:08.864141+00:00
771.0,7.28,7.73,7.37,1293.0,2684,0.13129530822753904,put,2026-09-18,SPY,770.239990234375,2026-09-07T22:51:08.864141+00:00
772.0,7.67,8.26,7.9,1642.0,3784,0.13126479095458982,put,2026-09-18,SPY,770.239990234375,2026-09-07T22:51:08.864141+00:00
773.0,8.42,8.55,8.62,854.0,4250,0.12644306182861326,put,2026-09-18,SPY,770.239990234375,2026-09-07T22:51:08.864141+00:00
774.0,8.77,9.36,9.1,145.0,4903,0.13068496276855468,put,2026-09-18,SPY,770.239990234375,2026-09-07T22:51:08.864141+00:00
775.0,9.36,9.83,9.75,436.0,7752,0.1283351327514648,put,2026-09-18,SPY,770.239990234375,2026-09-07T22:51:08.864141+00:00
776.0,10.02,10.57,10.02,68.0,2038,0.13056289367675777,put,2026-09-18,SPY,770.239990234375,2026-09-07T22:51:08.864141+00:00
777.0,10.66,11.23,10.92,57.0,1630,0.13099013549804686,put,2026-09-18,SPY,770.239990234375,2026-09-07T22:51:08.864141+00:00
778.0,11.31,11.9,11.2,94.0,1532,0.1311732391357422,put,2026-09-18,SPY,770.239990234375,2026-09-07T22:51:08.864141+00:00
779.0,10.64,14.15,12.15,348.0,1119,0.16196516754150392,put,2026-09-18,SPY,770.239990234375,2026-09-07T22:51:08.864141+00:00
780.0,12.45,13.98,13.22,634.0,4805,0.14545532287597657,put,2026-09-18,SPY,770.239990234375,2026-09-07T22:51:08.864141+00:00
781.0,12.17,15.66,13.42,8.0,1218,0.16526103302001954,put,2026-09-18,SPY,770.239990234375,2026-09-07T22:51:08.864141+00:00
782.0,12.94,16.44,13.59,1.0,4257,0.16706155212402346,put,2026-09-18,SPY,770.239990234375,2026-09-07T22:51:08.864141+00:00
783.0,13.76,17.25,13.5,4.0,815,0.16919776123046876,put,2026-09-18,SPY,770.239990234375,2026-09-07T22:51:08.864141+00:00
784.0,14.57,18.08,16.16,8.0,132,0.1715781085205078,put,2026-09-18,SPY,770.239990234375,2026-09-07T22:51:08.864141+00:00
785.0,15.63,18.65,16.4,43.0,3663,0.16819069122314456,put,2026-09-18,SPY,770.239990234375,2026-09-07T22:51:08.864141+00:00
786.0,16.29,19.8,17.84,11.0,310,0.17707121765136719,put,2026-09-18,SPY,770.239990234375,2026-09-07T22:51:08.864141+00:00
787.0,17.24,20.69,18.7,5.0,393,0.1801839794921875,put,2026-09-18,SPY,770.239990234375,2026-09-07T22:51:08.864141+00:00
788.0,18.15,21.59,19.63,10.0,566,0.18341881042480468,put,2026-09-18,SPY,770.239990234375,2026-09-07T22:51:08.864141+00:00
789.0,19.03,22.5,20.53,12.0,504,0.18677571044921876,put,2026-09-18,SPY,770.239990234375,2026-09-07T22:51:08.864141+00:00
790.0,19.95,23.43,22.0,29.0,1905,0.19043778320312502,put,2026-09-18,SPY,770.239990234375,2026-09-07T22:51:08.864141+00:00
791.0,20.85,24.37,22.74,4.0,611,0.19422192504882813,put,2026-09-18,SPY,770.239990234375,2026-09-07T22:51:08.864141+00:00
792.0,21.8,25.31,23.67,4.0,596,0.1979450323486328,put,2026-09-18,SPY,770.239990234375,2026-09-07T22:51:08.864141+00:00
793.0,22.75,26.27,28.01,1.0,36,0.20206486419677733,put,2026-09-18,SPY,770.239990234375,2026-09-07T22:51:08.864141+00:00
794.0,23.71,27.23,26.5,2.0,7,0.20609314422607417,put,2026-09-18,SPY,770.239990234375,2026-09-07T22:51:08.864141+00:00
795.0,24.68,28.2,25.8,3.0,402,0.21030452789306642,put,2026-09-18,SPY,770.239990234375,2026-09-07T22:51:08.864141+00:00
796.0,25.65,29.17,23.55,3.0,4,0.21448539428710936,put,2026-09-18,SPY,770.239990234375,2026-09-07T22:51:08.864141+00:00
797.0,26.63,30.14,24.4,3.0,2,0.21857470886230468,put,2026-09-18,SPY,770.239990234375,2026-09-07T22:51:08.864141+00:00
798.0,27.61,31.13,25.63,3.0,4,0.22309126525878903,put,2026-09-18,SPY,770.239990234375,2026-09-07T22:51:08.864141+00:00
799.0,28.59,32.11,31.42,2.0,17,0.22736368347167968,put,2026-09-18,SPY,770.239990234375,2026-09-07T22:51:08.864141+00:00
800.0,29.58,33.09,31.6,6.0,85,0.23157506713867188,put,2026-09-18,SPY,770.239990234375,2026-09-07T22:51:08.864141+00:00
801.0,30.57,34.08,28.26,3.0,3,0.23596955444335935,put,2026-09-18,SPY,770.239990234375,2026-09-07T22:51:08.864141+00:00
802.0,31.55,35.07,29.15,3.0,7500,0.24036404174804685,put,2026-09-18,SPY,770.239990234375,2026-09-07T22:51:08.864141+00:00
803.0,32.55,36.06,30.42,1.0,2,0.24469749450683598,put,2026-09-18,SPY,770.239990234375,2026-09-07T22:51:08.864141+00:00
804.0,33.54,37.06,32.69,2.0,0,0.24927508544921873,put,2026-09-18,SPY,770.239990234375,2026-09-07T22:51:08.864141+00:00
805.0,34.53,38.05,40.0,1.0,11,0.25354750366210943,put,2026-09-18,SPY,770.239990234375,2026-09-07T22:51:08.864141+00:00
806.0,35.53,39.04,41.87,20.0,3,0.25775888732910157,put,2026-09-18,SPY,770.239990234375,2026-09-07T22:51:08.864141+00:00
807.0,36.52,40.04,45.13,1.0,2,0.26224492645263675,put,2026-09-18,SPY,770.239990234375,2026-09-07T22:51:08.864141+00:00
808.0,37.52,41.03,43.25,2.0,0,0.26642579284667967,put,2026-09-18,SPY,770.239990234375,2026-09-07T22:51:08.864141+00:00
809.0,38.51,42.03,35.9,,0,0.27082028015136717,put,2026-09-18,SPY,770.239990234375,2026-09-07T22:51:08.864141+00:00
810.0,39.51,43.02,45.55,1.0,1,0.27497062927246096,put,2026-09-18,SPY,770.239990234375,2026-09-07T22:51:08.864141+00:00
811.0,40.5,44.02,40.63,1.0,0,0.27930408203124996,put,2026-09-18,SPY,770.239990234375,2026-09-07T22:51:08.864141+00:00
812.0,41.5,45.02,41.0,,0,0.28363753479003895,put,2026-09-18,SPY,770.239990234375,2026-09-07T22:51:08.864141+00:00
813.0,42.5,46.01,40.93,,0,0.28766581481933584,put,2026-09-18,SPY,770.239990234375,2026-09-07T22:51:08.864141+00:00
814.0,43.49,47.01,49.16,1.0,1,0.29193823303222644,put,2026-09-18,SPY,770.239990234375,2026-09-07T22:51:08.864141+00:00
815.0,44.49,48.01,43.52,4.0,0,0.29621065124511714,put,2026-09-18,SPY,770.239990234375,2026-09-07T22:51:08.864141+00:00
816.0,45.49,49.0,45.23,,0,0.3001778967285156,put,2026-09-18,SPY,770.239990234375,2026-09-07T22:51:08.864141+00:00
817.0,46.48,50.0,46.16,,0,0.30438928039550783,put,2026-09-18,SPY,770.239990234375,2026-09-07T22:51:08.864141+00:00
818.0,47.48,51.0,50.7,1.0,0,0.3086006640625,put,2026-09-18,SPY,770.239990234375,2026-09-07T22:51:08.864141+00:00
819.0,48.48,52.0,47.05,,0,0.3127510131835937,put,2026-09-18,SPY,770.239990234375,2026-09-07T22:51:08.864141+00:00
820.0,49.48,52.99,42.17,5.0,0,0.3165961895751953,put,2026-09-18,SPY,770.239990234375,2026-09-07T22:51:08.864141+00:00
821.0,50.47,53.99,48.38,1.0,0,0.320746538696289,put,2026-09-18,SPY,770.239990234375,2026-09-07T22:51:08.864141+00:00
823.0,52.47,55.99,56.49,,1,0.32898620239257803,put,2026-09-18,SPY,770.239990234375,2026-09-07T22:51:08.864141+00:00
825.0,54.46,57.98,52.5,1.0,1,0.3367986242675781,put,2026-09-18,SPY,770.239990234375,2026-09-07T22:51:08.864141+00:00
830.0,59.45,62.97,63.82,110.0,0,0.35645174804687496,put,2026-09-18,SPY,770.239990234375,2026-09-07T22:51:08.864141+00:00
840.0,184.15,188.03,190.24,,0,2.5761754345703123,put,2026-09-18,SPY,770.239990234375,2026-09-07T22:51:08.864141+00:00
850.0,79.41,82.93,72.5,1.0,0,0.4310969976806641,put,2026-09-18,SPY,770.239990234375,2026-09-07T22:51:08.864141+00:00
860.0,89.39,92.91,86.9,1.0,0,0.466374965209961,put,2026-09-18,SPY,770.239990234375,2026-09-07T22:51:08.864141+00:00
865.0,0.0,0.0,113.93,2.0,0,1.0000000000000003e-05,put,2026-09-18,SPY,770.239990234375,2026-09-07T22:51:08.864141+00:00
870.0,114.14,116.94,139.9,,0,0.8579115771484375,put,2026-09-18,SPY,770.239990234375,2026-09-07T22:51:08.864141+00:00
875.0,0.0,0.0,136.7,,0,1.0000000000000003e-05,put,2026-09-18,SPY,770.239990234375,2026-09-07T22:51:08.864141+00:00
885.0,129.13,131.93,149.01,,0,0.9233406103515626,put,2026-09-18,SPY,770.239990234375,2026-09-07T22:51:08.864141+00:00
895.0,124.34,127.85,130.3,1.0,1,0.5816692224121094,put,2026-09-18,SPY,770.239990234375,2026-09-07T22:51:08.864141+00:00
900.0,129.33,132.85,135.27,1.0,6,0.5976602734375001,put,2026-09-18,SPY,770.239990234375,2026-09-07T22:51:08.864141+00:00
905.0,134.32,137.84,140.31,1.0,1,0.5105029418945313,put,2026-09-18,SPY,770.239990234375,2026-09-07T22:51:08.864141+00:00
910.0,139.31,142.83,145.3,,1,0.5236864038085938,put,2026-09-18,SPY,770.239990234375,2026-09-07T22:51:08.864141+00:00
915.0,144.31,147.82,150.28,,1,0.5368698657226563,put,2026-09-18,SPY,770.239990234375,2026-09-07T22:51:08.864141+00:00
930.0,174.13,176.93,205.83,,0,1.104618734741211,put,2026-09-18,SPY,770.239990234375,2026-09-07T22:51:08.864141+00:00
940.0,186.45,189.56,201.8,2.0,0,1.2049600299072265,put,2026-09-18,SPY,770.239990234375,2026-09-07T22:51:08.864141+00:00
945.0,0.0,0.0,192.34,1.0,0,1.0000000000000003e-05,put,2026-09-18,SPY,770.239990234375,2026-09-07T22:51:08.864141+00:00
975.0,204.22,207.73,210.12,,1,0.6826203613281252,put,2026-09-18,SPY,770.239990234375,2026-09-07T22:51:08.864141+00:00
980.0,209.21,212.73,215.11,,1,0.6940948559570312,put,2026-09-18,SPY,770.239990234375,2026-09-07T22:51:08.864141+00:00
985.0,0.0,0.0,232.15,,0,1.0000000000000003e-05,put,2026-09-18,SPY,770.239990234375,2026-09-07T22:51:08.864141+00:00
990.0,0.0,0.0,251.7,,0,1.0000000000000003e-05,put,2026-09-18,SPY,770.239990234375,2026-09-07T22:51:08.864141+00:00
550.0,218.77,222.05,220.46,2.0,0,0.6300085827636719,call,2026-10-09,SPY,770.239990234375,2026-09-07T22:51:08.864141+00:00
555.0,213.78,217.06,211.28,,1,0.6162147753906251,call,2026-10-09,SPY,770.239990234375,2026-09-07T22:51:08.864141+00:00
560.0,208.8,212.08,206.28,,21,0.6031533825683595,call,2026-10-09,SPY,770.239990234375,2026-09-07T22:51:08.864141+00:00
565.0,203.81,207.09,197.19,,28,0.5894816442871094,call,2026-10-09,SPY,770.239990234375,2026-09-07T22:51:08.864141+00:00
575.0,193.85,197.13,195.49,44.0,0,0.5634809277343751,call,2026-10-09,SPY,770.239990234375,2026-09-07T22:51:08.864141+00:00
580.0,188.86,192.15,190.44,40.0,34,0.5506026385498048,call,2026-10-09,SPY,770.239990234375,2026-09-07T22:51:08.864141+00:00
585.0,183.88,187.17,185.53,20.0,1,0.5377243493652344,call,2026-10-09,SPY,770.239990234375,2026-09-07T22:51:08.864141+00:00
590.0,178.9,182.19,180.49,46.0,81,0.5249070947265625,call,2026-10-09,SPY,770.239990234375,2026-09-07T22:51:08.864141+00:00
595.0,173.93,177.21,175.49,206.0,1,0.5120898400878906,call,2026-10-09,SPY,770.239990234375,2026-09-07T22:51:08.864141+00:00
605.0,163.98,167.26,165.0,85.0,1,0.48694360717773444,call,2026-10-09,SPY,770.239990234375,2026-09-07T22:51:08.864141+00:00
610.0,159.0,162.29,161.96,5.0,1,0.4746756634521484,call,2026-10-09,SPY,770.239990234375,2026-09-07T22:51:08.864141+00:00
615.0,154.03,157.31,156.68,395.0,1,0.46191944335937507,call,2026-10-09,SPY,770.239990234375,2026-09-07T22:51:08.864141+00:00
620.0,149.06,152.35,152.08,3.0,2,0.4500787414550781,call,2026-10-09,SPY,770.239990234375,2026-09-07T22:51:08.864141+00:00
635.0,134.17,137.45,138.98,,1,0.41345801391601555,call,2026-10-09,SPY,770.239990234375,2026-09-07T22:51:08.864141+00:00
650.0,119.32,122.6,121.09,1.0,1,0.37842418457031246,call,2026-10-09,SPY,770.239990234375,2026-09-07T22:51:08.864141+00:00
655.0,114.37,117.66,115.63,2.0,0,0.36694968994140625,call,2026-10-09,SPY,770.239990234375,2026-09-07T22:51:08.864141+00:00
665.0,104.51,107.79,102.25,,0,0.34393966613769533,call,2026-10-09,SPY,770.239990234375,2026-09-07T22:51:08.864141+00:00
670.0,99.58,102.87,98.1,,1,0.3327703442382813,call,2026-10-09,SPY,770.239990234375,2026-09-07T22:51:08.864141+00:00
675.0,94.67,97.95,93.94,,1,0.3213568841552734,call,2026-10-09,SPY,770.239990234375,2026-09-07T22:51:08.864141+00:00
680.0,89.76,93.05,87.85,,2,0.31037066589355466,call,2026-10-09,SPY,770.239990234375,2026-09-07T22:51:08.864141+00:00
690.0,79.98,83.27,85.18,1.0,2,0.28827616027832026,call,2026-10-09,SPY,770.239990234375,2026-09-07T22:51:08.864141+00:00
695.0,75.12,78.4,76.78,1.0,2,0.27735097656249996,call,2026-10-09,SPY,770.239990234375,2026-09-07T22:51:08.864141+00:00
700.0,70.27,73.55,72.22,9.0,5,0.266608896484375,call,2026-10-09,SPY,770.239990234375,2026-09-07T22:51:08.864141+00:00
705.0,65.45,68.73,69.32,1.0,10,0.256141471862793,call,2026-10-09,SPY,770.239990234375,2026-09-07T22:51:08.864141+00:00
710.0,60.65,63.93,64.62,9.0,4,0.24567404724121095,call,2026-10-09,SPY,770.239990234375,2026-09-07T22:51:08.864141+00:00
715.0,55.89,59.17,50.72,6.0,11,0.23548127807617186,call,2026-10-09,SPY,770.239990234375,2026-09-07T22:51:08.864141+00:00
720.0,51.16,54.45,46.22,,3,0.2255021298217773,call,2026-10-09,SPY,770.239990234375,2026-09-07T22:51:08.864141+00:00
721.0,50.22,53.51,48.5,,7,0.22348798980712886,call,2026-10-09,SPY,770.239990234375,2026-09-07T22:51:08.864141+00:00
724.0,47.42,50.71,46.21,,5,0.2176591906738281,call,2026-10-09,SPY,770.239990234375,2026-09-07T22:51:08.864141+00:00
725.0,46.49,49.78,45.31,,2,0.2157060852050781,call,2026-10-09,SPY,770.239990234375,2026-09-07T22:51:08.864141+00:00
726.0,45.56,48.86,41.0,,2,0.213875048828125,call,2026-10-09,SPY,770.239990234375,2026-09-07T22:51:08.864141+00:00
727.0,44.64,47.93,49.34,,1,0.21186090881347652,call,2026-10-09,SPY,770.239990234375,2026-09-07T22:51:08.864141+00:00
728.0,43.72,47.01,42.23,2.0,5,0.2099993551635742,call,2026-10-09,SPY,770.239990234375,2026-09-07T22:51:08.864141+00:00
730.0,41.88,45.18,45.71,,30,0.20627624786376947,call,2026-10-09,SPY,770.239990234375,2026-09-07T22:51:08.864141+00:00
731.0,40.97,44.26,46.09,,1,0.20426210784912108,call,2026-10-09,SPY,770.239990234375,2026-09-07T22:51:08.864141+00:00
732.0,40.06,43.35,45.18,,0,0.2024005541992187,call,2026-10-09,SPY,770.239990234375,2026-09-07T22:51:08.864141+00:00
733.0,40.53,42.45,38.66,,3,0.20063055236816402,call,2026-10-09,SPY,770.239990234375,2026-09-07T22:51:08.864141+00:00
734.0,38.25,41.55,42.79,1.0,15,0.19883003326416016,call,2026-10-09,SPY,770.239990234375,2026-09-07T22:51:08.864141+00:00
735.0,37.38,40.65,35.57,29.0,284,0.196998996887207,call,2026-10-09,SPY,770.239990234375,2026-09-07T22:51:08.864141+00:00
738.0,36.05,37.91,33.39,17.0,10,0.19059036956787112,call,2026-10-09,SPY,770.239990234375,2026-09-07T22:51:08.864141+00:00
739.0,33.96,37.09,36.26,2.0,9,0.1897206272888184,call,2026-10-09,SPY,770.239990234375,2026-09-07T22:51:08.864141+00:00
740.0,33.07,36.22,35.96,7.0,266,0.18805743591308594,call,2026-10-09,SPY,770.239990234375,2026-09-07T22:51:08.864141+00:00
741.0,32.03,35.34,34.51,3.0,3,0.1862263995361328,call,2026-10-09,SPY,770.239990234375,2026-09-07T22:51:08.864141+00:00
743.0,31.7,33.61,29.77,,2,0.1827779476928711,call,2026-10-09,SPY,770.239990234375,2026-09-07T22:51:08.864141+00:00
744.0,29.44,32.75,33.86,1.0,3,0.1810384631347656,call,2026-10-09,SPY,770.239990234375,2026-09-07T22:51:08.864141+00:00
745.0,30.07,31.9,31.13,3.0,434,0.17936001312255856,call,2026-10-09,SPY,770.239990234375,2026-09-07T22:51:08.864141+00:00
746.0,27.93,31.06,29.66,9.0,1,0.17775785629272461,call,2026-10-09,SPY,770.239990234375,2026-09-07T22:51:08.864141+00:00
747.0,26.9,30.22,28.3,19.0,1,0.17609466491699222,call,2026-10-09,SPY,770.239990234375,2026-09-07T22:51:08.864141+00:00
748.0,27.46,29.38,28.24,36.0,0,0.17435518035888675,call,2026-10-09,SPY,770.239990234375,2026-09-07T22:51:08.864141+00:00
749.0,26.66,28.55,27.55,14.0,9,0.1726767303466797,call,2026-10-09,SPY,770.239990234375,2026-09-07T22:51:08.864141+00:00
750.0,25.89,26.18,25.39,2.0,488,0.151299380645752,call,2026-10-09,SPY,770.239990234375,2026-09-07T22:51:08.864141+00:00
751.0,24.79,25.63,25.07,8.0,2,0.15329826202392582,call,2026-10-09,SPY,770.239990234375,2026-09-07T22:51:08.864141+00:00
752.0,24.23,25.87,23.82,3.0,2,0.16492534301757814,call,2026-10-09,SPY,770.239990234375,2026-09-07T22:51:08.864141+00:00
753.0,23.19,24.03,28.08,,1,0.15058222473144534,call,2026-10-09,SPY,770.239990234375,2026-09-07T22:51:08.864141+00:00
754.0,22.41,23.24,18.79,,10,0.14920894744873048,call,2026-10-09,SPY,770.239990234375,2026-09-07T22:51:08.864141+00:00
755.0,21.91,22.2,22.04,11.0,64,0.1447229083251953,call,2026-10-09,SPY,770.239990234375,2026-09-07T22:51:08.864141+00:00
756.0,20.11,22.42,21.24,1.0,2,0.1552208502197266,call,2026-10-09,SPY,770.239990234375,2026-09-07T22:51:08.864141+00:00
757.0,20.1,22.09,20.31,1.0,4,0.1588524057006836,call,2026-10-09,SPY,770.239990234375,2026-09-07T22:51:08.864141+00:00
758.0,19.35,21.24,19.77,1202.0,1207,0.15628895477294924,call,2026-10-09,SPY,770.239990234375,2026-09-07T22:51:08.864141+00:00
759.0,18.61,20.22,18.92,1.0,6,0.1516808465576172,call,2026-10-09,SPY,770.239990234375,2026-09-07T22:51:08.864141+00:00
760.0,18.18,18.35,18.11,2.0,163,0.1373072109985352,call,2026-10-09,SPY,770.239990234375,2026-09-07T22:51:08.864141+00:00
761.0,17.19,17.95,18.3,1.0,56,0.13971807556152344,call,2026-10-09,SPY,770.239990234375,2026-09-07T22:51:08.864141+00:00
762.0,16.46,17.27,16.77,4.0,117,0.1388025573730469,call,2026-10-09,SPY,770.239990234375,2026-09-07T22:51:08.864141+00:00
763.0,15.77,16.53,15.96,1202.0,1231,0.13709359008789065,call,2026-10-09,SPY,770.239990234375,2026-09-07T22:51:08.864141+00:00
764.0,15.09,15.89,18.19,29.0,60,0.13639169281005858,call,2026-10-09,SPY,770.239990234375,2026-09-07T22:51:08.864141+00:00
765.0,14.7,14.91,14.71,29.0,222,0.13179884323120117,call,2026-10-09,SPY,770.239990234375,2026-09-07T22:51:08.864141+00:00
766.0,13.79,14.56,14.15,37.0,99,0.13402660415649414,call,2026-10-09,SPY,770.239990234375,2026-09-07T22:51:08.864141+00:00
767.0,13.15,13.92,13.55,6.0,138,0.13294324096679688,call,2026-10-09,SPY,770.239990234375,2026-09-07T22:51:08.864141+00:00
768.0,12.85,12.9,12.6,14.0,297,0.12757220092773439,call,2026-10-09,SPY,770.239990234375,2026-09-07T22:51:08.864141+00:00
769.0,12.24,12.28,12.24,263.0,62,0.12644306182861326,call,2026-10-09,SPY,770.239990234375,2026-09-07T22:51:08.864141+00:00
770.0,11.64,11.68,11.91,1755.0,242,0.12537495727539064,call,2026-10-09,SPY,770.239990234375,2026-09-07T22:51:08.864141+00:00
771.0,11.05,11.1,11.3,315.0,188,0.12438314590454103,call,2026-10-09,SPY,770.239990234375,2026-09-07T22:51:08.864141+00:00
772.0,10.49,10.53,10.6,197.0,224,0.1233608172607422,call,2026-10-09,SPY,770.239990234375,2026-09-07T22:51:08.864141+00:00
773.0,9.94,9.98,10.06,662.0,312,0.1223842645263672,call,2026-10-09,SPY,770.239990234375,2026-09-07T22:51:08.864141+00:00
774.0,9.4,9.44,9.41,782.0,277,0.12136193588256836,call,2026-10-09,SPY,770.239990234375,2026-09-07T22:51:08.864141+00:00
775.0,8.88,8.92,8.93,324.0,476,0.12040064178466797,call,2026-10-09,SPY,770.239990234375,2026-09-07T22:51:08.864141+00:00
776.0,8.38,8.42,8.69,70.0,260,0.1194851235961914,call,2026-10-09,SPY,770.239990234375,2026-09-07T22:51:08.864141+00:00
777.0,7.89,7.93,7.86,228.0,404,0.11852382949829102,call,2026-10-09,SPY,770.239990234375,2026-09-07T22:51:08.864141+00:00
778.0,7.45,7.47,7.47,214.0,506,0.11773038040161132,call,2026-10-09,SPY,770.239990234375,2026-09-07T22:51:08.864141+00:00
779.0,6.98,7.02,7.0,189.0,181,0.11686063812255859,call,2026-10-09,SPY,770.239990234375,2026-09-07T22:51:08.864141+00:00
780.0,6.56,6.58,6.69,127.0,482,0.11594511993408202,call,2026-10-09,SPY,770.239990234375,2026-09-07T22:51:08.864141+00:00
781.0,6.15,6.17,6.27,81.0,502,0.11518218811035157,call,2026-10-09,SPY,770.239990234375,2026-09-07T22:51:08.864141+00:00
782.0,5.75,5.77,5.86,142.0,128,0.11437348037719727,call,2026-10-09,SPY,770.239990234375,2026-09-07T22:51:08.864141+00:00
783.0,5.37,5.39,5.54,76.0,138,0.11359528991699218,call,2026-10-09,SPY,770.239990234375,2026-09-07T22:51:08.864141+00:00
784.0,5.01,5.03,5.03,144.0,285,0.11289339263916015,call,2026-10-09,SPY,770.239990234375,2026-09-07T22:51:08.864141+00:00
785.0,4.67,4.69,4.8,290.0,522,0.11225252990722655,call,2026-10-09,SPY,770.239990234375,2026-09-07T22:51:08.864141+00:00
786.0,4.34,4.36,4.29,522.0,207,0.1115201153564453,call,2026-10-09,SPY,770.239990234375,2026-09-07T22:51:08.864141+00:00
787.0,4.03,4.05,4.02,248.0,118,0.1108792526245117,call,2026-10-09,SPY,770.239990234375,2026-09-07T22:51:08.864141+00:00
788.0,3.74,3.76,3.72,303.0,172,0.11029942443847655,call,2026-10-09,SPY,770.239990234375,2026-09-07T22:51:08.864141+00:00
789.0,3.46,3.48,3.5,87.0,320,0.10965856170654298,call,2026-10-09,SPY,770.239990234375,2026-09-07T22:51:08.864141+00:00
790.0,3.2,3.22,3.3,134.0,202,0.10910925079345701,call,2026-10-09,SPY,770.239990234375,2026-09-07T22:51:08.864141+00:00
791.0,2.95,2.97,2.82,24.0,55,0.10849890533447265,call,2026-10-09,SPY,770.239990234375,2026-09-07T22:51:08.864141+00:00
792.0,2.72,2.74,2.68,282.0,84,0.10798011169433594,call,2026-10-09,SPY,770.239990234375,2026-09-07T22:51:08.864141+00:00
793.0,2.51,2.53,2.54,241.0,579,0.1075833871459961,call,2026-10-09,SPY,770.239990234375,2026-09-07T22:51:08.864141+00:00
794.0,2.31,2.33,2.34,27.0,98,0.10715614532470702,call,2026-10-09,SPY,770.239990234375,2026-09-07T22:51:08.864141+00:00
795.0,2.12,2.14,2.1,187.0,503,0.10669838623046876,call,2026-10-09,SPY,770.239990234375,2026-09-07T22:51:08.864141+00:00
796.0,1.95,1.96,1.94,35.0,386,0.10621010986328125,call,2026-10-09,SPY,770.239990234375,2026-09-07T22:51:08.864141+00:00
797.0,1.77,1.8,1.78,663.0,218,0.10590493713378905,call,2026-10-09,SPY,770.239990234375,2026-09-07T22:51:08.864141+00:00
798.0,1.64,1.65,1.62,105.0,62,0.10556924713134765,call,2026-10-09,SPY,770.239990234375,2026-09-07T22:51:08.864141+00:00
799.0,1.49,1.51,1.49,120.0,37,0.10523355712890625,call,2026-10-09,SPY,770.239990234375,2026-09-07T22:51:08.864141+00:00
800.0,1.37,1.39,1.36,1162.0,864,0.10517252258300781,call,2026-10-09,SPY,770.239990234375,2026-09-07T22:51:08.864141+00:00
801.0,1.25,1.27,1.25,51.0,394,0.10486734985351562,call,2026-10-09,SPY,770.239990234375,2026-09-07T22:51:08.864141+00:00
802.0,1.14,1.16,1.14,204.0,257,0.10465372894287109,call,2026-10-09,SPY,770.239990234375,2026-09-07T22:51:08.864141+00:00
803.0,1.04,1.06,1.13,52.0,61,0.10447062530517576,call,2026-10-09,SPY,770.239990234375,2026-09-07T22:51:08.864141+00:00
804.0,0.95,0.97,0.95,3.0,88,0.1043790734863281,call,2026-10-09,SPY,770.239990234375,2026-09-07T22:51:08.864141+00:00
805.0,0.87,0.89,0.94,62.0,321,0.1043790734863281,call,2026-10-09,SPY,770.239990234375,2026-09-07T22:51:08.864141+00:00
806.0,0.79,0.81,0.81,5.0,41,0.10419596984863279,call,2026-10-09,SPY,770.239990234375,2026-09-07T22:51:08.864141+00:00
807.0,0.72,0.74,0.73,42.0,129,0.10419596984863279,call,2026-10-09,SPY,770.239990234375,2026-09-07T22:51:08.864141+00:00
808.0,0.66,0.68,0.74,5.0,207,0.10431803894042967,call,2026-10-09,SPY,770.239990234375,2026-09-07T22:51:08.864141+00:00
809.0,0.6,0.62,0.61,5.0,39,0.10425700439453123,call,2026-10-09,SPY,770.239990234375,2026-09-07T22:51:08.864141+00:00
810.0,0.55,0.57,0.56,92.0,168,0.10444010803222654,call,2026-10-09,SPY,770.239990234375,2026-09-07T22:51:08.864141+00:00
811.0,0.51,0.52,0.72,1.0,11,0.10444010803222654,call,2026-10-09,SPY,770.239990234375,2026-09-07T22:51:08.864141+00:00
812.0,0.46,0.48,0.51,13.0,39,0.10474528076171874,call,2026-10-09,SPY,770.239990234375,2026-09-07T22:51:08.864141+00:00
813.0,0.43,0.45,0.52,30.0,38,0.10535562622070313,call,2026-10-09,SPY,770.239990234375,2026-09-07T22:51:08.864141+00:00
814.0,0.39,0.41,0.4,6.0,61,0.10535562622070313,call,2026-10-09,SPY,770.239990234375,2026-09-07T22:51:08.864141+00:00
815.0,0.36,0.38,0.39,47.0,192,0.10572183349609374,call,2026-10-09,SPY,770.239990234375,2026-09-07T22:51:08.864141+00:00
816.0,0.34,0.35,0.31,16.0,24,0.10602700622558593,call,2026-10-09,SPY,770.239990234375,2026-09-07T22:51:08.864141+00:00
817.0,0.31,0.33,0.3,24.0,41,0.10669838623046876,call,2026-10-09,SPY,770.239990234375,2026-09-07T22:51:08.864141+00:00
818.0,0.29,0.3,0.27,1.0,40,0.10682045532226564,call,2026-10-09,SPY,770.239990234375,2026-09-07T22:51:08.864141+00:00
819.0,0.27,0.28,0.29,6.0,16,0.10730873168945312,call,2026-10-09,SPY,770.239990234375,2026-09-07T22:51:08.864141+00:00
820.0,0.25,0.26,0.27,212.0,165,0.10767493896484376,call,2026-10-09,SPY,770.239990234375,2026-09-07T22:51:08.864141+00:00
821.0,0.23,0.25,0.22,4.0,25,0.10877356079101563,call,2026-10-09,SPY,770.239990234375,2026-09-07T22:51:08.864141+00:00
822.0,0.22,0.23,0.2,2.0,11,0.10901769897460936,call,2026-10-09,SPY,770.239990234375,2026-09-07T22:51:08.864141+00:00
823.0,0.21,0.22,0.22,54.0,9,0.1098721826171875,call,2026-10-09,SPY,770.239990234375,2026-09-07T22:51:08.864141+00:00
824.0,0.19,0.2,0.32,,13,0.10999425170898436,call,2026-10-09,SPY,770.239990234375,2026-09-07T22:51:08.864141+00:00
825.0,0.18,0.19,0.16,1.0,63,0.11084873535156249,call,2026-10-09,SPY,770.239990234375,2026-09-07T22:51:08.864141+00:00
830.0,0.14,0.15,0.12,3.0,81,0.11499908447265625,call,2026-10-09,SPY,770.239990234375,2026-09-07T22:51:08.864141+00:00
835.0,0.11,0.12,0.1,1.0,174,0.11914943359374999,call,2026-10-09,SPY,770.239990234375,2026-09-07T22:51:08.864141+00:00
840.0,0.09,0.1,0.08,62.0,14,0.12378805908203125,call,2026-10-09,SPY,770.239990234375,2026-09-07T22:51:08.864141+00:00
845.0,0.07,0.08,0.09,,18,0.1274501318359375,call,2026-10-09,SPY,770.239990234375,2026-09-07T22:51:08.864141+00:00
850.0,0.06,0.07,0.07,27.0,131,0.13233289550781252,call,2026-10-09,SPY,770.239990234375,2026-09-07T22:51:08.864141+00:00
855.0,0.05,0.06,0.05,,24,0.13721565917968753,call,2026-10-09,SPY,770.239990234375,2026-09-07T22:51:08.864141+00:00
860.0,0.05,0.06,0.04,10.0,34,0.143563251953125,call,2026-10-09,SPY,770.239990234375,2026-09-07T22:51:08.864141+00:00
865.0,0.04,0.05,0.05,15.0,90,0.147469462890625,call,2026-10-09,SPY,770.239990234375,2026-09-07T22:51:08.864141+00:00
870.0,0.03,0.05,0.03,,24,0.1538170556640625,call,2026-10-09,SPY,770.239990234375,2026-09-07T22:51:08.864141+00:00
875.0,0.03,0.04,0.02,,1,0.15674671386718753,call,2026-10-09,SPY,770.239990234375,2026-09-07T22:51:08.864141+00:00
500.0,0.08,0.09,0.09,1.0,97,0.5214891601562499,put,2026-10-09,SPY,770.239990234375,2026-09-07T22:51:08.864141+00:00
505.0,0.1,0.11,0.15,,183,0.5205126074218749,put,2026-10-09,SPY,770.239990234375,2026-09-07T22:51:08.864141+00:00
510.0,0.1,0.11,0.16,1.0,380,0.5097705273437501,put,2026-10-09,SPY,770.239990234375,2026-09-07T22:51:08.864141+00:00
515.0,0.11,0.12,0.15,,182,0.5029346582031251,put,2026-10-09,SPY,770.239990234375,2026-09-07T22:51:08.864141+00:00
525.0,0.12,0.13,0.14,,4,0.48730981445312505,put,2026-10-09,SPY,770.239990234375,2026-09-07T22:51:08.864141+00:00
530.0,0.13,0.14,0.12,1.0,2,0.4804739453125,put,2026-10-09,SPY,770.239990234375,2026-09-07T22:51:08.864141+00:00
535.0,0.14,0.15,0.11,22.0,1,0.4726615234375,put,2026-10-09,SPY,770.239990234375,2026-09-07T22:51:08.864141+00:00
540.0,0.15,0.16,0.15,6.0,2,0.46533737792968755,put,2026-10-09,SPY,770.239990234375,2026-09-07T22:51:08.864141+00:00
545.0,0.16,0.17,0.23,,1,0.45703667968750006,put,2026-10-09,SPY,770.239990234375,2026-09-07T22:51:08.864141+00:00
550.0,0.17,0.18,0.16,25.0,31,0.44922425781249997,put,2026-10-09,SPY,770.239990234375,2026-09-07T22:51:08.864141+00:00
555.0,0.18,0.19,0.15,2.0,23,0.4409235595703125,put,2026-10-09,SPY,770.239990234375,2026-09-07T22:51:08.864141+00:00
560.0,0.19,0.2,0.19,,63,0.432622861328125,put,2026-10-09,SPY,770.239990234375,2026-09-07T22:51:08.864141+00:00
565.0,0.2,0.21,0.31,,3,0.4243221630859375,put,2026-10-09,SPY,770.239990234375,2026-09-07T22:51:08.864141+00:00
570.0,0.21,0.22,0.19,1.0,1,0.41602146484374997,put,2026-10-09,SPY,770.239990234375,2026-09-07T22:51:08.864141+00:00
575.0,0.22,0.23,0.25,1.0,6,0.407232490234375,put,2026-10-09,SPY,770.239990234375,2026-09-07T22:51:08.864141+00:00
580.0,0.24,0.25,0.23,45.0,61,0.40039662109375,put,2026-10-09,SPY,770.239990234375,2026-09-07T22:51:08.864141+00:00
585.0,0.25,0.26,0.23,,2,0.39160764648437496,put,2026-10-09,SPY,770.239990234375,2026-09-07T22:51:08.864141+00:00
590.0,0.27,0.28,0.24,1.0,27,0.3842835009765625,put,2026-10-09,SPY,770.239990234375,2026-09-07T22:51:08.864141+00:00
595.0,0.28,0.29,0.28,2.0,6,0.37525038818359374,put,2026-10-09,SPY,770.239990234375,2026-09-07T22:51:08.864141+00:00
600.0,0.3,0.31,0.3,30.0,78,0.3676821044921875,put,2026-10-09,SPY,770.239990234375,2026-09-07T22:51:08.864141+00:00
605.0,0.32,0.33,0.46,,12,0.35986968261718744,put,2026-10-09,SPY,770.239990234375,2026-09-07T22:51:08.864141+00:00
610.0,0.34,0.35,0.34,1.0,26,0.3518131225585937,put,2026-10-09,SPY,770.239990234375,2026-09-07T22:51:08.864141+00:00
615.0,0.36,0.37,0.33,2.0,24,0.3437565625,put,2026-10-09,SPY,770.239990234375,2026-09-07T22:51:08.864141+00:00
620.0,0.38,0.39,0.35,57.0,121,0.33521172607421873,put,2026-10-09,SPY,770.239990234375,2026-09-07T22:51:08.864141+00:00
625.0,0.41,0.42,0.4,1.0,66,0.3278875805664062,put,2026-10-09,SPY,770.239990234375,2026-09-07T22:51:08.864141+00:00
630.0,0.43,0.44,0.39,3.0,68,0.319220675048828,put,2026-10-09,SPY,770.239990234375,2026-09-07T22:51:08.864141+00:00
635.0,0.46,0.47,0.43,3.0,37,0.3112861840820312,put,2026-10-09,SPY,770.239990234375,2026-09-07T22:51:08.864141+00:00
640.0,0.5,0.51,0.44,18.0,29,0.3042061767578125,put,2026-10-09,SPY,770.239990234375,2026-09-07T22:51:08.864141+00:00
645.0,0.53,0.54,0.46,4.0,19,0.295905478515625,put,2026-10-09,SPY,770.239990234375,2026-09-07T22:51:08.864141+00:00
650.0,0.57,0.58,0.57,12.0,45,0.2880930566406249,put,2026-10-09,SPY,770.239990234375,2026-09-07T22:51:08.864141+00:00
655.0,0.61,0.62,0.55,2.0,40,0.28003649658203117,put,2026-10-09,SPY,770.239990234375,2026-09-07T22:51:08.864141+00:00
660.0,0.66,0.67,0.62,60.0,58,0.27234614379882804,put,2026-10-09,SPY,770.239990234375,2026-09-07T22:51:08.864141+00:00
665.0,0.71,0.72,0.68,14.0,56,0.2644116528320312,put,2026-10-09,SPY,770.239990234375,2026-09-07T22:51:08.864141+00:00
670.0,0.76,0.78,0.74,37.0,88,0.2567213000488281,put,2026-10-09,SPY,770.239990234375,2026-09-07T22:51:08.864141+00:00
675.0,0.83,0.84,0.84,22.0,200,0.2486647399902344,put,2026-10-09,SPY,770.239990234375,2026-09-07T22:51:08.864141+00:00
680.0,0.9,0.92,0.89,48.0,806,0.241218525390625,put,2026-10-09,SPY,770.239990234375,2026-09-07T22:51:08.864141+00:00
685.0,0.99,1.0,1.0,92.0,77,0.23334506896972657,put,2026-10-09,SPY,770.239990234375,2026-09-07T22:51:08.864141+00:00
690.0,1.08,1.1,1.1,50.0,169,0.2258988543701172,put,2026-10-09,SPY,770.239990234375,2026-09-07T22:51:08.864141+00:00
695.0,1.2,1.22,1.18,156.0,111,0.2186357434082031,put,2026-10-09,SPY,770.239990234375,2026-09-07T22:51:08.864141+00:00
700.0,1.33,1.35,1.35,247.0,1093,0.2111895288085937,put,2026-10-09,SPY,770.239990234375,2026-09-07T22:51:08.864141+00:00
705.0,1.49,1.51,1.35,105.0,323,0.2039874523925781,put,2026-10-09,SPY,770.239990234375,2026-09-07T22:51:08.864141+00:00
710.0,1.67,1.7,1.69,239.0,436,0.19696847961425779,put,2026-10-09,SPY,770.239990234375,2026-09-07T22:51:08.864141+00:00
715.0,1.89,1.92,1.86,572.0,370,0.18994950683593753,put,2026-10-09,SPY,770.239990234375,2026-09-07T22:51:08.864141+00:00
720.0,2.16,2.18,2.21,747.0,404,0.18293053405761717,put,2026-10-09,SPY,770.239990234375,2026-09-07T22:51:08.864141+00:00
721.0,2.22,2.24,2.12,77.0,431,0.18158777404785154,put,2026-10-09,SPY,770.239990234375,2026-09-07T22:51:08.864141+00:00
722.0,2.28,2.3,2.17,276.0,91,0.1801839794921875,put,2026-10-09,SPY,770.239990234375,2026-09-07T22:51:08.864141+00:00
723.0,2.34,2.36,2.29,24.0,77,0.1787496676635742,put,2026-10-09,SPY,770.239990234375,2026-09-07T22:51:08.864141+00:00
724.0,2.4,2.43,2.33,43.0,138,0.17749845947265624,put,2026-10-09,SPY,770.239990234375,2026-09-07T22:51:08.864141+00:00
725.0,2.47,2.49,2.48,627.0,330,0.1759725958251953,put,2026-10-09,SPY,770.239990234375,2026-09-07T22:51:08.864141+00:00
726.0,2.54,2.56,2.43,91.0,40,0.1746298358154297,put,2026-10-09,SPY,770.239990234375,2026-09-07T22:51:08.864141+00:00
727.0,2.62,2.64,2.43,54.0,47,0.17340914489746095,put,2026-10-09,SPY,770.239990234375,2026-09-07T22:51:08.864141+00:00
728.0,2.69,2.71,2.61,159.0,98,0.17194431579589847,put,2026-10-09,SPY,770.239990234375,2026-09-07T22:51:08.864141+00:00
729.0,2.77,2.79,2.82,266.0,87,0.17063207305908207,put,2026-10-09,SPY,770.239990234375,2026-09-07T22:51:08.864141+00:00
730.0,2.85,2.87,2.85,203.0,707,0.1692587957763672,put,2026-10-09,SPY,770.239990234375,2026-09-07T22:51:08.864141+00:00
731.0,2.94,2.96,2.94,284.0,53,0.16803810485839848,put,2026-10-09,SPY,770.239990234375,2026-09-07T22:51:08.864141+00:00
732.0,3.02,3.05,3.05,38.0,234,0.1667563793945313,put,2026-10-09,SPY,770.239990234375,2026-09-07T22:51:08.864141+00:00
733.0,3.12,3.14,3.14,186.0,115,0.16538310211181645,put,2026-10-09,SPY,770.239990234375,2026-09-07T22:51:08.864141+00:00
734.0,3.21,3.24,3.12,25.0,90,0.16416241119384767,put,2026-10-09,SPY,770.239990234375,2026-09-07T22:51:08.864141+00:00
735.0,3.31,3.34,3.21,365.0,500,0.16285016845703126,put,2026-10-09,SPY,770.239990234375,2026-09-07T22:51:08.864141+00:00
736.0,3.41,3.44,3.34,89.0,164,0.1615074084472656,put,2026-10-09,SPY,770.239990234375,2026-09-07T22:51:08.864141+00:00
737.0,3.52,3.55,3.29,121.0,91,0.16025620025634768,put,2026-10-09,SPY,770.239990234375,2026-09-07T22:51:08.864141+00:00
738.0,3.63,3.66,3.51,122.0,230,0.15891344024658205,put,2026-10-09,SPY,770.239990234375,2026-09-07T22:51:08.864141+00:00
739.0,3.75,3.77,3.6,23.0,63,0.1575401629638672,put,2026-10-09,SPY,770.239990234375,2026-09-07T22:51:08.864141+00:00
740.0,3.87,3.89,3.87,170.0,390,0.1562279202270508,put,2026-10-09,SPY,770.239990234375,2026-09-07T22:51:08.864141+00:00
741.0,4.0,4.02,4.01,21.0,57,0.1550377465820313,put,2026-10-09,SPY,770.239990234375,2026-09-07T22:51:08.864141+00:00
742.0,4.13,4.15,4.12,51.0,68,0.15375602111816405,put,2026-10-09,SPY,770.239990234375,2026-09-07T22:51:08.864141+00:00
743.0,4.26,4.29,3.96,132.0,92,0.15253533020019533,put,2026-10-09,SPY,770.239990234375,2026-09-07T22:51:08.864141+00:00
744.0,4.4,4.43,4.22,57.0,88,0.15125360473632815,put,2026-10-09,SPY,770.239990234375,2026-09-07T22:51:08.864141+00:00
745.0,4.55,4.58,4.47,205.0,340,0.1500329138183594,put,2026-10-09,SPY,770.239990234375,2026-09-07T22:51:08.864141+00:00
746.0,4.71,4.73,4.57,38.0,36,0.14872067108154297,put,2026-10-09,SPY,770.239990234375,2026-09-07T22:51:08.864141+00:00
747.0,4.87,4.89,4.9,131.0,75,0.147469462890625,put,2026-10-09,SPY,770.239990234375,2026-09-07T22:51:08.864141+00:00
748.0,5.04,5.06,4.96,29.0,123,0.14627928924560546,put,2026-10-09,SPY,770.239990234375,2026-09-07T22:51:08.864141+00:00
749.0,5.21,5.23,5.19,55.0,68,0.14499756378173828,put,2026-10-09,SPY,770.239990234375,2026-09-07T22:51:08.864141+00:00
750.0,5.39,5.41,5.36,294.0,381,0.1437768728637695,put,2026-10-09,SPY,770.239990234375,2026-09-07T22:51:08.864141+00:00
751.0,5.58,5.6,5.47,46.0,80,0.14258669921875,put,2026-10-09,SPY,770.239990234375,2026-09-07T22:51:08.864141+00:00
752.0,5.78,5.8,5.61,37.0,203,0.1414270428466797,put,2026-10-09,SPY,770.239990234375,2026-09-07T22:51:08.864141+00:00
753.0,5.99,6.01,5.95,35.0,163,0.14028264511108396,put,2026-10-09,SPY,770.239990234375,2026-09-07T22:51:08.864141+00:00
754.0,6.2,6.22,6.02,48.0,87,0.13904669555664065,put,2026-10-09,SPY,770.239990234375,2026-09-07T22:51:08.864141+00:00
755.0,6.42,6.45,6.3,66.0,182,0.13797859100341797,put,2026-10-09,SPY,770.239990234375,2026-09-07T22:51:08.864141+00:00
756.0,6.66,6.68,6.48,208.0,116,0.13677315872192386,put,2026-10-09,SPY,770.239990234375,2026-09-07T22:51:08.864141+00:00
757.0,6.9,6.92,6.8,403.0,163,0.13559824371337892,put,2026-10-09,SPY,770.239990234375,2026-09-07T22:51:08.864141+00:00
758.0,7.15,7.17,6.97,7.0,28,0.13442332870483398,put,2026-10-09,SPY,770.239990234375,2026-09-07T22:51:08.864141+00:00
759.0,7.42,7.44,7.27,7.0,51,0.13337048278808594,put,2026-10-09,SPY,770.239990234375,2026-09-07T22:51:08.864141+00:00
760.0,7.69,7.72,7.73,139.0,346,0.13233289550781252,put,2026-10-09,SPY,770.239990234375,2026-09-07T22:51:08.864141+00:00
761.0,7.98,8.0,7.78,33.0,116,0.13114272186279297,put,2026-10-09,SPY,770.239990234375,2026-09-07T22:51:08.864141+00:00
762.0,8.28,8.32,8.14,38.0,218,0.13031875549316402,put,2026-10-09,SPY,770.239990234375,2026-09-07T22:51:08.864141+00:00
763.0,8.59,8.61,8.68,108.0,130,0.12900651275634767,put,2026-10-09,SPY,770.239990234375,2026-09-07T22:51:08.864141+00:00
764.0,8.91,8.94,9.0,50.0,185,0.12802996002197264,put,2026-10-09,SPY,770.239990234375,2026-09-07T22:51:08.864141+00:00
765.0,9.25,9.28,9.04,177.0,260,0.12702289001464845,put,2026-10-09,SPY,770.239990234375,2026-09-07T22:51:08.864141+00:00
766.0,9.61,9.63,9.53,88.0,122,0.125985302734375,put,2026-10-09,SPY,770.239990234375,2026-09-07T22:51:08.864141+00:00
767.0,9.97,10.0,9.76,317.0,206,0.12503926727294923,put,2026-10-09,SPY,770.239990234375,2026-09-07T22:51:08.864141+00:00
768.0,10.36,10.38,10.08,113.0,119,0.12406271453857423,put,2026-10-09,SPY,770.239990234375,2026-09-07T22:51:08.864141+00:00
769.0,10.76,10.78,10.67,232.0,117,0.12314719635009766,put,2026-10-09,SPY,770.239990234375,2026-09-07T22:51:08.864141+00:00
770.0,11.17,11.2,11.28,569.0,239,0.12230797134399415,put,2026-10-09,SPY,770.239990234375,2026-09-07T22:51:08.864141+00:00
771.0,11.61,11.62,11.47,546.0,110,0.12131615997314452,put,2026-10-09,SPY,770.239990234375,2026-09-07T22:51:08.864141+00:00
772.0,12.05,12.07,11.97,155.0,128,0.12049219360351562,put,2026-10-09,SPY,770.239990234375,2026-09-07T22:51:08.864141+00:00
773.0,12.52,12.53,12.43,84.0,222,0.11963770996093749,put,2026-10-09,SPY,770.239990234375,2026-09-07T22:51:08.864141+00:00
774.0,13.0,13.02,12.48,23.0,55,0.11893581268310546,put,2026-10-09,SPY,770.239990234375,2026-09-07T22:51:08.864141+00:00
775.0,12.78,14.21,13.51,69.0,161,0.12572590591430666,put,2026-10-09,SPY,770.239990234375,2026-09-07T22:51:08.864141+00:00
776.0,13.29,14.5,13.19,23.0,23,0.1225368508911133,put,2026-10-09,SPY,770.239990234375,2026-09-07T22:51:08.864141+00:00
777.0,13.81,15.27,14.34,50.0,2,0.12448995635986329,put,2026-10-09,SPY,770.239990234375,2026-09-07T22:51:08.864141+00:00
778.0,14.35,15.86,14.93,2.0,14,0.12430685272216799,put,2026-10-09,SPY,770.239990234375,2026-09-07T22:51:08.864141+00:00
779.0,14.91,16.43,14.85,20.0,0,0.12372702453613281,put,2026-10-09,SPY,770.239990234375,2026-09-07T22:51:08.864141+00:00
780.0,16.17,17.06,16.25,66.0,8,0.1236965072631836,put,2026-10-09,SPY,770.239990234375,2026-09-07T22:51:08.864141+00:00
781.0,15.65,17.71,16.09,20.0,1,0.12372702453613281,put,2026-10-09,SPY,770.239990234375,2026-09-07T22:51:08.864141+00:00
783.0,17.73,18.66,16.76,1.0,1,0.11921046813964843,put,2026-10-09,SPY,770.239990234375,2026-09-07T22:51:08.864141+00:00
785.0,18.54,20.36,18.7,2.0,21,0.12299460998535157,put,2026-10-09,SPY,770.239990234375,2026-09-07T22:51:08.864141+00:00
786.0,18.54,21.88,19.96,3.0,3,0.1329737582397461,put,2026-10-09,SPY,770.239990234375,2026-09-07T22:51:08.864141+00:00
787.0,19.27,22.61,24.92,,3,0.13327893096923826,put,2026-10-09,SPY,770.239990234375,2026-09-07T22:51:08.864141+00:00
788.0,20.08,23.35,21.48,4.0,0,0.13355358642578125,put,2026-10-09,SPY,770.239990234375,2026-09-07T22:51:08.864141+00:00
790.0,21.55,24.88,20.93,2.0,21,0.1344080700683594,put,2026-10-09,SPY,770.239990234375,2026-09-07T22:51:08.864141+00:00
792.0,23.16,26.48,28.38,,3,0.13572031280517582,put,2026-10-09,SPY,770.239990234375,2026-09-07T22:51:08.864141+00:00
793.0,23.99,27.3,25.5,2.0,1,0.13648324462890626,put,2026-10-09,SPY,770.239990234375,2026-09-07T22:51:08.864141+00:00
794.0,24.83,28.14,26.2,4.0,0,0.13742928009033206,put,2026-10-09,SPY,770.239990234375,2026-09-07T22:51:08.864141+00:00
795.0,25.68,28.99,27.75,6.0,6,0.13843635009765626,put,2026-10-09,SPY,770.239990234375,2026-09-07T22:51:08.864141+00:00
803.0,32.95,36.22,41.74,,0,0.15021601745605473,put,2026-10-09,SPY,770.239990234375,2026-09-07T22:51:08.864141+00:00
804.0,33.88,37.16,44.0,,2,0.15204705383300782,put,2026-10-09,SPY,770.239990234375,2026-09-07T22:51:08.864141+00:00
806.0,35.79,39.07,44.71,,1,0.15601429931640626,put,2026-10-09,SPY,770.239990234375,2026-09-07T22:51:08.864141+00:00
810.0,39.66,42.94,48.2,,4,0.16443706665039062,put,2026-10-09,SPY,770.239990234375,2026-09-07T22:51:08.864141+00:00
814.0,43.58,46.86,47.81,,1,0.17337862762451173,put,2026-10-09,SPY,770.239990234375,2026-09-07T22:51:08.864141+00:00
824.0,53.49,56.76,55.05,1.0,0,0.19635813415527342,put,2026-10-09,SPY,770.239990234375,2026-09-07T22:51:08.864141+00:00
470.0,0.0,0.0,269.45,,0,1.0000000000000003e-05,call,2026-10-30,SPY,770.239990234375,2026-09-07T22:51:08.864141+00:00
475.0,289.53,292.71,280.94,,15,1.0000000000000003e-05,call,2026-10-30,SPY,770.239990234375,2026-09-07T22:51:08.864141+00:00
480.0,284.59,287.77,276.16,,1,1.0000000000000003e-05,call,2026-10-30,SPY,770.239990234375,2026-09-07T22:51:08.864141+00:00
490.0,279.54,282.82,277.15,10.0,70,0.5720257641601563,call,2026-10-30,SPY,770.239990234375,2026-09-07T22:51:08.864141+00:00
500.0,264.83,268.01,257.14,15.0,0,1.0000000000000003e-05,call,2026-10-30,SPY,770.239990234375,2026-09-07T22:51:08.864141+00:00
520.0,249.82,253.1,227.68,2.0,8,0.5258836474609375,call,2026-10-30,SPY,770.239990234375,2026-09-07T22:51:08.864141+00:00
530.0,229.04,232.46,212.98,,2,1.0000000000000003e-05,call,2026-10-30,SPY,770.239990234375,2026-09-07T22:51:08.864141+00:00
540.0,230.02,233.29,231.36,1.0,2,0.5687909332275392,call,2026-10-30,SPY,770.239990234375,2026-09-07T22:51:08.864141+00:00
545.0,225.07,228.35,219.34,1.0,2,0.5587202331542969,call,2026-10-30,SPY,770.239990234375,2026-09-07T22:51:08.864141+00:00
550.0,220.13,223.4,224.58,1.0,3,0.5482833258056643,call,2026-10-30,SPY,770.239990234375,2026-09-07T22:51:08.864141+00:00
555.0,210.56,213.78,195.88,1.0,2,1.0000000000000003e-05,call,2026-10-30,SPY,770.239990234375,2026-09-07T22:51:08.864141+00:00
560.0,210.24,213.51,217.1,4.0,4,0.5277757183837892,call,2026-10-30,SPY,770.239990234375,2026-09-07T22:51:08.864141+00:00
565.0,205.3,208.57,183.92,3.0,6,0.5177050183105469,call,2026-10-30,SPY,770.239990234375,2026-09-07T22:51:08.864141+00:00
570.0,200.36,203.63,206.62,1283.0,1285,0.5075732836914062,call,2026-10-30,SPY,770.239990234375,2026-09-07T22:51:08.864141+00:00
575.0,195.42,198.69,199.45,2.0,14,0.4974415490722657,call,2026-10-30,SPY,770.239990234375,2026-09-07T22:51:08.864141+00:00
580.0,190.48,193.75,197.46,176.0,178,0.48730981445312505,call,2026-10-30,SPY,770.239990234375,2026-09-07T22:51:08.864141+00:00
585.0,185.55,188.82,181.53,1.0,6,0.47748325256347657,call,2026-10-30,SPY,770.239990234375,2026-09-07T22:51:08.864141+00:00
590.0,180.61,183.89,181.52,2.0,33,0.46759565612792964,call,2026-10-30,SPY,770.239990234375,2026-09-07T22:51:08.864141+00:00
595.0,175.68,178.96,182.63,275.0,320,0.45770805969238293,call,2026-10-30,SPY,770.239990234375,2026-09-07T22:51:08.864141+00:00
600.0,170.76,174.03,174.2,1.0,25,0.44775942871093743,call,2026-10-30,SPY,770.239990234375,2026-09-07T22:51:08.864141+00:00
605.0,165.83,169.1,162.11,2.0,9,0.43774976318359377,call,2026-10-30,SPY,770.239990234375,2026-09-07T22:51:08.864141+00:00
610.0,160.91,164.18,166.29,3.0,40,0.42804527038574225,call,2026-10-30,SPY,770.239990234375,2026-09-07T22:51:08.864141+00:00
615.0,155.99,159.26,167.37,1.0,2,0.4182187084960937,call,2026-10-30,SPY,770.239990234375,2026-09-07T22:51:08.864141+00:00
620.0,151.08,154.35,145.1,3.0,24,0.408636284790039,call,2026-10-30,SPY,770.239990234375,2026-09-07T22:51:08.864141+00:00
625.0,141.99,145.22,138.49,2.0,0,0.18360191406249998,call,2026-10-30,SPY,770.239990234375,2026-09-07T22:51:08.864141+00:00
630.0,141.27,144.54,144.39,1.0,12,0.38947143737792966,call,2026-10-30,SPY,770.239990234375,2026-09-07T22:51:08.864141+00:00
635.0,136.36,139.64,133.02,1.0,132,0.379889013671875,call,2026-10-30,SPY,770.239990234375,2026-09-07T22:51:08.864141+00:00
640.0,131.47,134.74,129.78,3.0,87,0.3702455554199219,call,2026-10-30,SPY,770.239990234375,2026-09-07T22:51:08.864141+00:00
641.0,126.46,129.71,117.69,3.0,3238,0.23609162353515623,call,2026-10-30,SPY,770.239990234375,2026-09-07T22:51:08.864141+00:00
642.0,129.51,132.78,136.47,50.0,53,0.3663393444824219,call,2026-10-30,SPY,770.239990234375,2026-09-07T22:51:08.864141+00:00
645.0,126.58,129.85,126.77,1.0,30,0.36072416625976556,call,2026-10-30,SPY,770.239990234375,2026-09-07T22:51:08.864141+00:00
646.0,121.63,124.88,118.61,8.0,9,0.23828886718749998,call,2026-10-30,SPY,770.239990234375,2026-09-07T22:51:08.864141+00:00
649.0,122.68,125.95,124.55,1.0,0,0.3532779516601562,call,2026-10-30,SPY,770.239990234375,2026-09-07T22:51:08.864141+00:00
650.0,121.7,124.97,118.02,1.0,98,0.3512638116455078,call,2026-10-30,SPY,770.239990234375,2026-09-07T22:51:08.864141+00:00
651.0,0.0,0.0,120.1,1.0,0,1.0000000000000003e-05,call,2026-10-30,SPY,770.239990234375,2026-09-07T22:51:08.864141+00:00
652.0,102.54,106.06,91.89,,2,1.0000000000000003e-05,call,2026-10-30,SPY,770.239990234375,2026-09-07T22:51:08.864141+00:00
654.0,117.8,121.07,121.7,,4,0.3437565625,call,2026-10-30,SPY,770.239990234375,2026-09-07T22:51:08.864141+00:00
655.0,116.83,120.1,121.5,1.0,67,0.34192552612304683,call,2026-10-30,SPY,770.239990234375,2026-09-07T22:51:08.864141+00:00
656.0,115.86,119.13,113.69,,23,0.3401250070190429,call,2026-10-30,SPY,770.239990234375,2026-09-07T22:51:08.864141+00:00
658.0,0.0,0.0,99.65,2.0,0,1.0000000000000003e-05,call,2026-10-30,SPY,770.239990234375,2026-09-07T22:51:08.864141+00:00
659.0,0.0,0.0,109.99,,0,1.0000000000000003e-05,call,2026-10-30,SPY,770.239990234375,2026-09-07T22:51:08.864141+00:00
660.0,111.97,115.23,117.46,1.0,75,0.33246517150878907,call,2026-10-30,SPY,770.239990234375,2026-09-07T22:51:08.864141+00:00
661.0,110.99,114.26,112.1,25.0,28,0.3306341351318359,call,2026-10-30,SPY,770.239990234375,2026-09-07T22:51:08.864141+00:00
662.0,104.82,106.83,99.34,6.0,7,1.0000000000000003e-05,call,2026-10-30,SPY,770.239990234375,2026-09-07T22:51:08.864141+00:00
664.0,108.08,111.35,108.77,1.0,1,0.32511050872802727,call,2026-10-30,SPY,770.239990234375,2026-09-07T22:51:08.864141+00:00
665.0,107.11,110.38,104.88,5.0,54,0.3232489550781249,call,2026-10-30,SPY,770.239990234375,2026-09-07T22:51:08.864141+00:00
666.0,99.26,102.74,93.89,1.0,2,1.0000000000000003e-05,call,2026-10-30,SPY,770.239990234375,2026-09-07T22:51:08.864141+00:00
668.0,104.21,107.47,111.57,3.0,4,0.31763377685546873,call,2026-10-30,SPY,770.239990234375,2026-09-07T22:51:08.864141+00:00
669.0,96.53,99.9,78.44,,1,1.0000000000000003e-05,call,2026-10-30,SPY,770.239990234375,2026-09-07T22:51:08.864141+00:00
670.0,102.27,105.54,100.48,1.0,25,0.31403273864746095,call,2026-10-30,SPY,770.239990234375,2026-09-07T22:51:08.864141+00:00
671.0,97.69,100.96,81.23,1.0,0,0.23395541442871093,call,2026-10-30,SPY,770.239990234375,2026-09-07T22:51:08.864141+00:00
672.0,100.34,103.6,108.72,1.0,4,0.31021807952880853,call,2026-10-30,SPY,770.239990234375,2026-09-07T22:51:08.864141+00:00
673.0,95.79,99.06,77.92,29.0,29,0.23279575805664063,call,2026-10-30,SPY,770.239990234375,2026-09-07T22:51:08.864141+00:00
674.0,98.41,101.67,98.38,1.0,3,0.3065865240478516,call,2026-10-30,SPY,770.239990234375,2026-09-07T22:51:08.864141+00:00
675.0,97.44,100.71,92.2,6.0,6,0.3048165222167969,call,2026-10-30,SPY,770.239990234375,2026-09-07T22:51:08.864141+00:00
677.0,95.52,98.78,104.03,1.0,3,0.3011239321899414,call,2026-10-30,SPY,770.239990234375,2026-09-07T22:51:08.864141+00:00
678.0,94.56,97.82,94.03,2.0,2,0.2993539303588867,call,2026-10-30,SPY,770.239990234375,2026-09-07T22:51:08.864141+00:00
679.0,93.59,96.86,92.51,1.0,3,0.29755341125488277,call,2026-10-30,SPY,770.239990234375,2026-09-07T22:51:08.864141+00:00
680.0,92.63,95.9,91.26,2.0,68,0.29575289215087885,call,2026-10-30,SPY,770.239990234375,2026-09-07T22:51:08.864141+00:00
681.0,91.67,94.94,91.2,3.0,18,0.29395237304687494,call,2026-10-30,SPY,770.239990234375,2026-09-07T22:51:08.864141+00:00
682.0,90.71,93.98,91.39,1.0,2,0.292151853942871,call,2026-10-30,SPY,770.239990234375,2026-09-07T22:51:08.864141+00:00
683.0,89.75,93.02,89.74,1.0,1,0.2903208175659179,call,2026-10-30,SPY,770.239990234375,2026-09-07T22:51:08.864141+00:00
684.0,88.79,92.06,88.42,2.0,2,0.28848978118896473,call,2026-10-30,SPY,770.239990234375,2026-09-07T22:51:08.864141+00:00
685.0,87.84,91.1,86.71,4.0,16,0.2866282275390625,call,2026-10-30,SPY,770.239990234375,2026-09-07T22:51:08.864141+00:00
686.0,86.88,90.15,84.09,1.0,19,0.28494977752685535,call,2026-10-30,SPY,770.239990234375,2026-09-07T22:51:08.864141+00:00
687.0,85.92,89.19,85.64,18.0,9,0.2830882238769531,call,2026-10-30,SPY,770.239990234375,2026-09-07T22:51:08.864141+00:00
688.0,84.97,88.23,86.92,60.0,2986,0.2812266702270507,call,2026-10-30,SPY,770.239990234375,2026-09-07T22:51:08.864141+00:00
689.0,84.01,87.28,85.86,58.0,2957,0.27948718566894526,call,2026-10-30,SPY,770.239990234375,2026-09-07T22:51:08.864141+00:00
690.0,83.06,86.33,84.56,3.0,658,0.2777477011108398,call,2026-10-30,SPY,770.239990234375,2026-09-07T22:51:08.864141+00:00
691.0,82.11,85.38,83.32,10.0,2,0.27600821655273433,call,2026-10-30,SPY,770.239990234375,2026-09-07T22:51:08.864141+00:00
692.0,81.16,84.43,82.39,10.0,142,0.27423821472167964,call,2026-10-30,SPY,770.239990234375,2026-09-07T22:51:08.864141+00:00
693.0,80.21,83.48,82.08,43.0,1910,0.27246821289062495,call,2026-10-30,SPY,770.239990234375,2026-09-07T22:51:08.864141+00:00
694.0,79.26,82.53,81.76,1.0,28,0.27069821105957037,call,2026-10-30,SPY,770.239990234375,2026-09-07T22:51:08.864141+00:00
695.0,78.31,81.58,79.87,33.0,1888,0.26889769195556634,call,2026-10-30,SPY,770.239990234375,2026-09-07T22:51:08.864141+00:00
696.0,77.37,80.63,77.9,5.0,22,0.26709717285156254,call,2026-10-30,SPY,770.239990234375,2026-09-07T22:51:08.864141+00:00
697.0,76.42,79.69,73.18,4.0,7,0.2654187228393554,call,2026-10-30,SPY,770.239990234375,2026-09-07T22:51:08.864141+00:00
698.0,75.48,78.74,77.32,53.0,1137,0.2635876864624024,call,2026-10-30,SPY,770.239990234375,2026-09-07T22:51:08.864141+00:00
699.0,74.53,77.8,80.03,15.0,47,0.26189397781372076,call,2026-10-30,SPY,770.239990234375,2026-09-07T22:51:08.864141+00:00
700.0,73.59,76.86,75.47,52.0,1336,0.2601697518920898,call,2026-10-30,SPY,770.239990234375,2026-09-07T22:51:08.864141+00:00
701.0,72.65,75.92,78.14,10.0,1,0.25846078460693367,call,2026-10-30,SPY,770.239990234375,2026-09-07T22:51:08.864141+00:00
702.0,71.71,74.98,77.19,10.0,2,0.2567213000488281,call,2026-10-30,SPY,770.239990234375,2026-09-07T22:51:08.864141+00:00
703.0,70.77,74.04,65.99,3.0,4,0.2549512982177735,call,2026-10-30,SPY,770.239990234375,2026-09-07T22:51:08.864141+00:00
704.0,69.83,73.1,73.25,1.0,30,0.25318129638671877,call,2026-10-30,SPY,770.239990234375,2026-09-07T22:51:08.864141+00:00
705.0,68.89,72.16,67.08,1.0,54,0.251411294555664,call,2026-10-30,SPY,770.239990234375,2026-09-07T22:51:08.864141+00:00
706.0,0.0,0.0,73.77,,0,1.0000000000000003e-05,call,2026-10-30,SPY,770.239990234375,2026-09-07T22:51:08.864141+00:00
707.0,67.03,70.3,66.46,1.0,3,0.24805439453125,call,2026-10-30,SPY,770.239990234375,2026-09-07T22:51:08.864141+00:00
708.0,66.1,69.37,75.43,2.0,15,0.24634542724609376,call,2026-10-30,SPY,770.239990234375,2026-09-07T22:51:08.864141+00:00
709.0,65.17,68.44,63.94,7.0,9,0.24463645996093752,call,2026-10-30,SPY,770.239990234375,2026-09-07T22:51:08.864141+00:00
710.0,64.24,67.51,66.17,13.0,799,0.24291223403930662,call,2026-10-30,SPY,770.239990234375,2026-09-07T22:51:08.864141+00:00
711.0,63.31,66.59,59.18,5.0,97,0.24127955993652345,call,2026-10-30,SPY,770.239990234375,2026-09-07T22:51:08.864141+00:00
712.0,62.39,65.66,64.73,1.0,36,0.2395248167419433,call,2026-10-30,SPY,770.239990234375,2026-09-07T22:51:08.864141+00:00
713.0,61.47,64.74,66.14,3.0,25,0.23786162536621092,call,2026-10-30,SPY,770.239990234375,2026-09-07T22:51:08.864141+00:00
714.0,60.55,63.82,63.07,2.0,27,0.2361831753540039,call,2026-10-30,SPY,770.239990234375,2026-09-07T22:51:08.864141+00:00
715.0,59.63,62.9,65.29,1.0,993,0.23450472534179687,call,2026-10-30,SPY,770.239990234375,2026-09-07T22:51:08.864141+00:00
716.0,58.71,61.98,61.53,1.0,13,0.23279575805664063,call,2026-10-30,SPY,770.239990234375,2026-09-07T22:51:08.864141+00:00
717.0,57.79,61.07,58.29,1.0,22,0.23117834259033204,call,2026-10-30,SPY,770.239990234375,2026-09-07T22:51:08.864141+00:00
718.0,56.88,60.16,61.5,5.0,19,0.22956092712402343,call,2026-10-30,SPY,770.239990234375,2026-09-07T22:51:08.864141+00:00
719.0,55.97,59.25,58.32,7.0,104,0.22789773574829103,call,2026-10-30,SPY,770.239990234375,2026-09-07T22:51:08.864141+00:00
720.0,55.07,58.34,60.69,6.0,951,0.22623454437255858,call,2026-10-30,SPY,770.239990234375,2026-09-07T22:51:08.864141+00:00
721.0,54.15,57.43,50.18,1.0,7,0.22452557708740228,call,2026-10-30,SPY,770.239990234375,2026-09-07T22:51:08.864141+00:00
722.0,53.25,56.53,52.22,10.0,50,0.22293867889404295,call,2026-10-30,SPY,770.239990234375,2026-09-07T22:51:08.864141+00:00
723.0,52.35,55.63,50.69,2.0,33,0.22130600479125978,call,2026-10-30,SPY,770.239990234375,2026-09-07T22:51:08.864141+00:00
724.0,51.61,54.73,52.39,1.0,55,0.21967333068847655,call,2026-10-30,SPY,770.239990234375,2026-09-07T22:51:08.864141+00:00
725.0,50.55,53.84,46.98,2.0,506,0.2181169497680664,call,2026-10-30,SPY,770.239990234375,2026-09-07T22:51:08.864141+00:00
726.0,51.02,52.95,50.81,1.0,78,0.216530051574707,call,2026-10-30,SPY,770.239990234375,2026-09-07T22:51:08.864141+00:00
727.0,48.96,52.06,51.05,1.0,49,0.21491263610839845,call,2026-10-30,SPY,770.239990234375,2026-09-07T22:51:08.864141+00:00
728.0,47.99,51.17,49.92,10.0,278,0.21329522064208983,call,2026-10-30,SPY,770.239990234375,2026-09-07T22:51:08.864141+00:00
729.0,47.15,50.29,49.58,1.0,95,0.21173883972167967,call,2026-10-30,SPY,770.239990234375,2026-09-07T22:51:08.864141+00:00
730.0,46.17,49.41,48.69,7.0,888,0.21015194152832029,call,2026-10-30,SPY,770.239990234375,2026-09-07T22:51:08.864141+00:00
731.0,45.24,48.53,43.45,5.0,90,0.2085650433349609,call,2026-10-30,SPY,770.239990234375,2026-09-07T22:51:08.864141+00:00
732.0,45.74,47.65,43.1,6.0,66,0.20691711059570309,call,2026-10-30,SPY,770.239990234375,2026-09-07T22:51:08.864141+00:00
733.0,43.62,46.78,44.53,3.0,71,0.20536072967529295,call,2026-10-30,SPY,770.239990234375,2026-09-07T22:51:08.864141+00:00
734.0,42.87,45.92,44.48,15.0,39,0.20389590057373047,call,2026-10-30,SPY,770.239990234375,2026-09-07T22:51:08.864141+00:00
735.0,41.76,45.06,43.51,1.0,211,0.20237003692626948,call,2026-10-30,SPY,770.239990234375,2026-09-07T22:51:08.864141+00:00
736.0,40.9,44.2,46.19,2.0,57,0.20084417327880855,call,2026-10-30,SPY,770.239990234375,2026-09-07T22:51:08.864141+00:00
737.0,41.43,43.34,38.82,5.0,100,0.19925727508544921,call,2026-10-30,SPY,770.239990234375,2026-09-07T22:51:08.864141+00:00
738.0,39.19,42.5,43.76,2.0,142,0.1978534805297852,call,2026-10-30,SPY,770.239990234375,2026-09-07T22:51:08.864141+00:00
739.0,38.34,41.65,34.55,4.0,203,0.1963276168823242,call,2026-10-30,SPY,770.239990234375,2026-09-07T22:51:08.864141+00:00
740.0,38.9,40.79,39.63,37.0,1741,0.19464916687011719,call,2026-10-30,SPY,770.239990234375,2026-09-07T22:51:08.864141+00:00
741.0,36.66,39.97,38.41,2.0,164,0.19333692413330078,call,2026-10-30,SPY,770.239990234375,2026-09-07T22:51:08.864141+00:00
742.0,35.83,39.14,42.0,1.0,370,0.1918873536682129,call,2026-10-30,SPY,770.239990234375,2026-09-07T22:51:08.864141+00:00
743.0,36.4,38.31,36.51,2.0,1064,0.1903920072937012,call,2026-10-30,SPY,770.239990234375,2026-09-07T22:51:08.864141+00:00
744.0,34.17,37.49,36.28,2.0,248,0.1889729541015625,call,2026-10-30,SPY,770.239990234375,2026-09-07T22:51:08.864141+00:00
745.0,33.35,35.16,38.26,2.0,989,0.17292086853027344,call,2026-10-30,SPY,770.239990234375,2026-09-07T22:51:08.864141+00:00
746.0,32.92,35.41,37.08,1.0,287,0.18180139495849607,call,2026-10-30,SPY,770.239990234375,2026-09-07T22:51:08.864141+00:00
747.0,32.94,33.77,35.19,158.0,24,0.17247836807250982,call,2026-10-30,SPY,770.239990234375,2026-09-07T22:51:08.864141+00:00
748.0,31.37,33.77,33.47,2.0,33,0.17873440902709958,call,2026-10-30,SPY,770.239990234375,2026-09-07T22:51:08.864141+00:00
749.0,30.53,33.0,29.16,4.0,361,0.17759001129150392,call,2026-10-30,SPY,770.239990234375,2026-09-07T22:51:08.864141+00:00
750.0,30.85,31.13,30.73,30.0,2628,0.16617655120849611,call,2026-10-30,SPY,770.239990234375,2026-09-07T22:51:08.864141+00:00
751.0,29.74,30.65,30.03,1.0,68,0.16770241485595705,call,2026-10-30,SPY,770.239990234375,2026-09-07T22:51:08.864141+00:00
752.0,29.01,31.03,29.96,1.0,182,0.17701018310546873,call,2026-10-30,SPY,770.239990234375,2026-09-07T22:51:08.864141+00:00
753.0,27.46,29.87,32.34,2.0,13,0.17211216079711916,call,2026-10-30,SPY,770.239990234375,2026-09-07T22:51:08.864141+00:00
754.0,26.66,29.15,27.91,3.0,147,0.1711966426086426,call,2026-10-30,SPY,770.239990234375,2026-09-07T22:51:08.864141+00:00
755.0,26.73,28.75,27.04,2.0,645,0.17307345489501952,call,2026-10-30,SPY,770.239990234375,2026-09-07T22:51:08.864141+00:00
756.0,26.02,26.84,29.28,19.0,44,0.16141585662841795,call,2026-10-30,SPY,770.239990234375,2026-09-07T22:51:08.864141+00:00
757.0,24.15,25.82,25.59,2.0,165,0.15769274932861327,call,2026-10-30,SPY,770.239990234375,2026-09-07T22:51:08.864141+00:00
758.0,23.87,25.97,25.62,1.0,49,0.16428448028564452,call,2026-10-30,SPY,770.239990234375,2026-09-07T22:51:08.864141+00:00
759.0,23.76,24.66,24.64,1.0,86,0.1579063702392578,call,2026-10-30,SPY,770.239990234375,2026-09-07T22:51:08.864141+00:00
760.0,23.38,23.62,23.58,45.0,3521,0.15387809020996096,call,2026-10-30,SPY,770.239990234375,2026-09-07T22:51:08.864141+00:00
761.0,22.42,23.25,22.63,7.0,233,0.15564809204101562,call,2026-10-30,SPY,770.239990234375,2026-09-07T22:51:08.864141+00:00
762.0,21.7,22.55,24.57,11.0,182,0.1544579183959961,call,2026-10-30,SPY,770.239990234375,2026-09-07T22:51:08.864141+00:00
763.0,20.97,21.86,23.85,10.0,20,0.15331352066040044,call,2026-10-30,SPY,770.239990234375,2026-09-07T22:51:08.864141+00:00
764.0,20.3,20.95,20.56,7.0,164,0.15020075881958012,call,2026-10-30,SPY,770.239990234375,2026-09-07T22:51:08.864141+00:00
765.0,19.96,20.17,20.18,12.0,1086,0.14814084289550783,call,2026-10-30,SPY,770.239990234375,2026-09-07T22:51:08.864141+00:00
766.0,19.02,19.85,18.95,31.0,422,0.14994136199951175,call,2026-10-30,SPY,770.239990234375,2026-09-07T22:51:08.864141+00:00
767.0,18.4,19.21,18.56,8.0,1179,0.1489342919921875,call,2026-10-30,SPY,770.239990234375,2026-09-07T22:51:08.864141+00:00
768.0,17.7,18.54,18.13,16.0,629,0.14760679061889648,call,2026-10-30,SPY,770.239990234375,2026-09-07T22:51:08.864141+00:00
769.0,17.12,17.94,17.3,27.0,273,0.1467980828857422,call,2026-10-30,SPY,770.239990234375,2026-09-07T22:51:08.864141+00:00
770.0,16.83,16.88,16.92,124.0,3690,0.1420068710327148,call,2026-10-30,SPY,770.239990234375,2026-09-07T22:51:08.864141+00:00
771.0,16.23,16.28,16.36,22.0,257,0.14104557693481445,call,2026-10-30,SPY,770.239990234375,2026-09-07T22:51:08.864141+00:00
772.0,15.64,15.68,15.79,56.0,143,0.14000798965454103,call,2026-10-30,SPY,770.239990234375,2026-09-07T22:51:08.864141+00:00
773.0,15.06,15.1,15.25,123.0,306,0.13904669555664065,call,2026-10-30,SPY,770.239990234375,2026-09-07T22:51:08.864141+00:00
774.0,14.49,14.54,14.68,11.0,457,0.1381769532775879,call,2026-10-30,SPY,770.239990234375,2026-09-07T22:51:08.864141+00:00
775.0,13.93,13.98,14.1,91.0,5344,0.13723091781616215,call,2026-10-30,SPY,770.239990234375,2026-09-07T22:51:08.864141+00:00
776.0,13.39,13.43,13.58,66.0,216,0.13626962371826173,call,2026-10-30,SPY,770.239990234375,2026-09-07T22:51:08.864141+00:00
777.0,12.86,12.9,13.43,3.0,336,0.135399881439209,call,2026-10-30,SPY,770.239990234375,2026-09-07T22:51:08.864141+00:00
778.0,12.34,12.38,12.13,1.0,894,0.13453013916015627,call,2026-10-30,SPY,770.239990234375,2026-09-07T22:51:08.864141+00:00
779.0,11.83,11.87,11.75,1.0,334,0.13364513824462892,call,2026-10-30,SPY,770.239990234375,2026-09-07T22:51:08.864141+00:00
780.0,11.34,11.38,11.58,68.0,6883,0.1328516891479492,call,2026-10-30,SPY,770.239990234375,2026-09-07T22:51:08.864141+00:00
781.0,10.85,10.9,11.02,35.0,641,0.13204298141479492,call,2026-10-30,SPY,770.239990234375,2026-09-07T22:51:08.864141+00:00
782.0,10.39,10.43,10.42,4.0,336,0.13123427368164062,call,2026-10-30,SPY,770.239990234375,2026-09-07T22:51:08.864141+00:00
783.0,9.93,9.97,10.04,23.0,21179,0.1304103073120117,call,2026-10-30,SPY,770.239990234375,2026-09-07T22:51:08.864141+00:00
784.0,9.49,9.53,9.65,5.0,98,0.12966263412475587,call,2026-10-30,SPY,770.239990234375,2026-09-07T22:51:08.864141+00:00
785.0,9.08,9.1,8.99,434.0,6555,0.1289149609375,call,2026-10-30,SPY,770.239990234375,2026-09-07T22:51:08.864141+00:00
786.0,8.66,8.68,8.26,9.0,212,0.1281520291137695,call,2026-10-30,SPY,770.239990234375,2026-09-07T22:51:08.864141+00:00
787.0,8.26,8.28,8.45,9.0,131,0.12748064910888673,call,2026-10-30,SPY,770.239990234375,2026-09-07T22:51:08.864141+00:00
788.0,7.86,7.89,7.83,7.0,269,0.1267940104675293,call,2026-10-30,SPY,770.239990234375,2026-09-07T22:51:08.864141+00:00
789.0,7.49,7.51,6.34,67.0,285,0.12609211318969726,call,2026-10-30,SPY,770.239990234375,2026-09-07T22:51:08.864141+00:00
790.0,7.12,7.15,7.28,55.0,6169,0.1254817677307129,call,2026-10-30,SPY,770.239990234375,2026-09-07T22:51:08.864141+00:00
791.0,6.77,6.8,6.8,5.0,43,0.12487142227172851,call,2026-10-30,SPY,770.239990234375,2026-09-07T22:51:08.864141+00:00
792.0,6.43,6.46,6.62,2.0,53,0.12424581817626953,call,2026-10-30,SPY,770.239990234375,2026-09-07T22:51:08.864141+00:00
793.0,6.11,6.13,6.19,31.0,266,0.12362021408081056,call,2026-10-30,SPY,770.239990234375,2026-09-07T22:51:08.864141+00:00
794.0,5.79,5.82,5.62,20.0,166,0.12308616180419923,call,2026-10-30,SPY,770.239990234375,2026-09-07T22:51:08.864141+00:00
795.0,5.49,5.51,5.51,161.0,688,0.12244529907226565,call,2026-10-30,SPY,770.239990234375,2026-09-07T22:51:08.864141+00:00
796.0,5.19,5.22,5.22,18.0,138,0.1218959881591797,call,2026-10-30,SPY,770.239990234375,2026-09-07T22:51:08.864141+00:00
797.0,4.91,4.95,6.53,5.0,1728,0.12145348770141601,call,2026-10-30,SPY,770.239990234375,2026-09-07T22:51:08.864141+00:00
798.0,4.66,4.68,4.8,51.0,203,0.1209194354248047,call,2026-10-30,SPY,770.239990234375,2026-09-07T22:51:08.864141+00:00
799.0,4.4,4.43,4.21,3.0,490,0.12047693496704101,call,2026-10-30,SPY,770.239990234375,2026-09-07T22:51:08.864141+00:00
800.0,4.16,4.18,4.3,605.0,15994,0.11994288269042967,call,2026-10-30,SPY,770.239990234375,2026-09-07T22:51:08.864141+00:00
801.0,3.93,3.95,3.9,18.0,810,0.11951564086914063,call,2026-10-30,SPY,770.239990234375,2026-09-07T22:51:08.864141+00:00
802.0,3.71,3.73,3.53,9.0,553,0.11911891632080077,call,2026-10-30,SPY,770.239990234375,2026-09-07T22:51:08.864141+00:00
803.0,3.49,3.52,3.42,7.0,2348,0.11872219177246093,call,2026-10-30,SPY,770.239990234375,2026-09-07T22:51:08.864141+00:00
804.0,3.29,3.32,3.22,4.0,776,0.11835598449707031,call,2026-10-30,SPY,770.239990234375,2026-09-07T22:51:08.864141+00:00
805.0,3.1,3.12,3.16,26.0,960,0.1178677081298828,call,2026-10-30,SPY,770.239990234375,2026-09-07T22:51:08.864141+00:00
806.0,2.92,2.94,2.93,20.0,364,0.1175320181274414,call,2026-10-30,SPY,770.239990234375,2026-09-07T22:51:08.864141+00:00
807.0,2.75,2.77,2.73,11.0,699,0.11725736267089844,call,2026-10-30,SPY,770.239990234375,2026-09-07T22:51:08.864141+00:00
808.0,2.58,2.6,2.54,243.0,1074,0.11683012084960936,call,2026-10-30,SPY,770.239990234375,2026-09-07T22:51:08.864141+00:00
809.0,2.43,2.45,2.43,33.0,538,0.11661649993896485,call,2026-10-30,SPY,770.239990234375,2026-09-07T22:51:08.864141+00:00
810.0,2.28,2.3,2.25,51.0,3068,0.11628080993652344,call,2026-10-30,SPY,770.239990234375,2026-09-07T22:51:08.864141+00:00
811.0,2.14,2.16,2.08,18.0,450,0.11600615447998047,call,2026-10-30,SPY,770.239990234375,2026-09-07T22:51:08.864141+00:00
812.0,2.01,2.03,1.98,11.0,109,0.11579253356933594,call,2026-10-30,SPY,770.239990234375,2026-09-07T22:51:08.864141+00:00
813.0,1.89,1.91,2.16,1.0,53,0.11560942993164064,call,2026-10-30,SPY,770.239990234375,2026-09-07T22:51:08.864141+00:00
814.0,1.76,1.79,1.71,5.0,198,0.11536529174804688,call,2026-10-30,SPY,770.239990234375,2026-09-07T22:51:08.864141+00:00
815.0,1.66,1.68,1.73,29.0,2477,0.11518218811035157,call,2026-10-30,SPY,770.239990234375,2026-09-07T22:51:08.864141+00:00
816.0,1.55,1.58,1.51,7.0,336,0.11506011901855469,call,2026-10-30,SPY,770.239990234375,2026-09-07T22:51:08.864141+00:00
817.0,1.46,1.48,1.45,1.0,1259,0.11487701538085937,call,2026-10-30,SPY,770.239990234375,2026-09-07T22:51:08.864141+00:00
818.0,1.36,1.39,2.05,2.0,625,0.1147549462890625,call,2026-10-30,SPY,770.239990234375,2026-09-07T22:51:08.864141+00:00
819.0,1.28,1.3,1.02,1.0,153,0.1145718426513672,call,2026-10-30,SPY,770.239990234375,2026-09-07T22:51:08.864141+00:00
820.0,1.2,1.22,1.26,54.0,1177,0.11448029083251954,call,2026-10-30,SPY,770.239990234375,2026-09-07T22:51:08.864141+00:00
821.0,1.13,1.15,1.67,2.0,688,0.11454132537841799,call,2026-10-30,SPY,770.239990234375,2026-09-07T22:51:08.864141+00:00
822.0,1.06,1.08,1.06,3.0,798,0.11451080810546876,call,2026-10-30,SPY,770.239990234375,2026-09-07T22:51:08.864141+00:00
823.0,0.99,1.01,0.93,4.0,56,0.11438873901367189,call,2026-10-30,SPY,770.239990234375,2026-09-07T22:51:08.864141+00:00
824.0,0.93,0.95,1.41,3.0,786,0.11441925628662111,call,2026-10-30,SPY,770.239990234375,2026-09-07T22:51:08.864141+00:00
825.0,0.87,0.89,0.88,9.0,857,0.11438873901367189,call,2026-10-30,SPY,770.239990234375,2026-09-07T22:51:08.864141+00:00
826.0,0.82,0.84,0.78,3.0,34,0.11451080810546876,call,2026-10-30,SPY,770.239990234375,2026-09-07T22:51:08.864141+00:00
827.0,0.77,0.79,1.13,13.0,62,0.1145718426513672,call,2026-10-30,SPY,770.239990234375,2026-09-07T22:51:08.864141+00:00
828.0,0.72,0.74,0.69,8.0,29,0.1145718426513672,call,2026-10-30,SPY,770.239990234375,2026-09-07T22:51:08.864141+00:00
829.0,0.68,0.7,1.02,1.0,66,0.1147549462890625,call,2026-10-30,SPY,770.239990234375,2026-09-07T22:51:08.864141+00:00
830.0,0.64,0.66,0.61,14.0,9978,0.11493804992675781,call,2026-10-30,SPY,770.239990234375,2026-09-07T22:51:08.864141+00:00
831.0,0.6,0.62,0.73,31.0,46,0.11499908447265625,call,2026-10-30,SPY,770.239990234375,2026-09-07T22:51:08.864141+00:00
832.0,0.57,0.59,0.54,1.0,393,0.11536529174804688,call,2026-10-30,SPY,770.239990234375,2026-09-07T22:51:08.864141+00:00
833.0,0.54,0.55,0.52,14.0,109,0.11530425720214844,call,2026-10-30,SPY,770.239990234375,2026-09-07T22:51:08.864141+00:00
834.0,0.51,0.52,0.52,4.0,111,0.11548736083984376,call,2026-10-30,SPY,770.239990234375,2026-09-07T22:51:08.864141+00:00
835.0,0.48,0.49,0.45,7.0,419,0.1157314990234375,call,2026-10-30,SPY,770.239990234375,2026-09-07T22:51:08.864141+00:00
840.0,0.37,0.38,0.35,11.0,815,0.11744046630859376,call,2026-10-30,SPY,770.239990234375,2026-09-07T22:51:08.864141+00:00
845.0,0.29,0.3,0.38,7.0,491,0.11939357177734375,call,2026-10-30,SPY,770.239990234375,2026-09-07T22:51:08.864141+00:00
850.0,0.23,0.24,0.31,56.0,2060,0.1215908154296875,call,2026-10-30,SPY,770.239990234375,2026-09-07T22:51:08.864141+00:00
855.0,0.18,0.2,0.15,1.0,955,0.1245204736328125,call,2026-10-30,SPY,770.239990234375,2026-09-07T22:51:08.864141+00:00
860.0,0.15,0.16,0.18,16.0,1597,0.12647357910156248,call,2026-10-30,SPY,770.239990234375,2026-09-07T22:51:08.864141+00:00
865.0,0.13,0.14,0.11,33.0,835,0.129891513671875,call,2026-10-30,SPY,770.239990234375,2026-09-07T22:51:08.864141+00:00
870.0,0.11,0.12,0.1,22.0,520,0.13306531005859373,call,2026-10-30,SPY,770.239990234375,2026-09-07T22:51:08.864141+00:00
875.0,0.09,0.1,0.07,10.0,374,0.13526255371093754,call,2026-10-30,SPY,770.239990234375,2026-09-07T22:51:08.864141+00:00
880.0,0.08,0.09,0.08,1.0,511,0.13892462646484377,call,2026-10-30,SPY,770.239990234375,2026-09-07T22:51:08.864141+00:00
885.0,0.07,0.08,0.06,10.0,270,0.1420984228515625,call,2026-10-30,SPY,770.239990234375,2026-09-07T22:51:08.864141+00:00
890.0,0.06,0.07,0.05,11.0,245,0.1450280810546875,call,2026-10-30,SPY,770.239990234375,2026-09-07T22:51:08.864141+00:00
895.0,0.05,0.06,0.05,10.0,87,0.147469462890625,call,2026-10-30,SPY,770.239990234375,2026-09-07T22:51:08.864141+00:00
900.0,0.05,0.06,0.06,11.0,1456,0.15235222656250003,call,2026-10-30,SPY,770.239990234375,2026-09-07T22:51:08.864141+00:00
470.0,0.17,0.18,0.17,3.0,76186,0.49805189453125004,put,2026-10-30,SPY,770.239990234375,2026-09-07T22:51:08.864141+00:00
475.0,0.18,0.19,0.22,3.0,124,0.49121602539062503,put,2026-10-30,SPY,770.239990234375,2026-09-07T22:51:08.864141+00:00
480.0,0.19,0.21,0.19,3.0,421,0.48682153808593753,put,2026-10-30,SPY,770.239990234375,2026-09-07T22:51:08.864141+00:00
485.0,0.21,0.22,0.3,6.0,45,0.47949739257812496,put,2026-10-30,SPY,770.239990234375,2026-09-07T22:51:08.864141+00:00
490.0,0.22,0.23,0.21,30.0,234,0.4721732470703125,put,2026-10-30,SPY,770.239990234375,2026-09-07T22:51:08.864141+00:00
495.0,0.23,0.24,0.2,1.0,203,0.46484910156250003,put,2026-10-30,SPY,770.239990234375,2026-09-07T22:51:08.864141+00:00
500.0,0.24,0.25,0.21,1.0,1101,0.45752495605468757,put,2026-10-30,SPY,770.239990234375,2026-09-07T22:51:08.864141+00:00
505.0,0.26,0.27,0.22,31.0,153,0.4519097778320313,put,2026-10-30,SPY,770.239990234375,2026-09-07T22:51:08.864141+00:00
510.0,0.27,0.28,0.26,214.0,797,0.44434149414062496,put,2026-10-30,SPY,770.239990234375,2026-09-07T22:51:08.864141+00:00
515.0,0.29,0.3,0.26,6.0,407,0.43848217773437503,put,2026-10-30,SPY,770.239990234375,2026-09-07T22:51:08.864141+00:00
520.0,0.3,0.31,0.3,3.0,425,0.43066975585937506,put,2026-10-30,SPY,770.239990234375,2026-09-07T22:51:08.864141+00:00
525.0,0.32,0.33,0.31,10.0,504,0.42456630126953127,put,2026-10-30,SPY,770.239990234375,2026-09-07T22:51:08.864141+00:00
530.0,0.34,0.35,0.3,1.0,599,0.4182187084960937,put,2026-10-30,SPY,770.239990234375,2026-09-07T22:51:08.864141+00:00
535.0,0.36,0.37,0.33,3.0,323,0.4116269775390625,put,2026-10-30,SPY,770.239990234375,2026-09-07T22:51:08.864141+00:00
540.0,0.37,0.38,0.38,1.0,839,0.4035704174804688,put,2026-10-30,SPY,770.239990234375,2026-09-07T22:51:08.864141+00:00
545.0,0.4,0.41,0.39,12.0,376,0.39819937744140627,put,2026-10-30,SPY,770.239990234375,2026-09-07T22:51:08.864141+00:00
550.0,0.42,0.43,0.4,35.0,723,0.3913635083007812,put,2026-10-30,SPY,770.239990234375,2026-09-07T22:51:08.864141+00:00
555.0,0.44,0.45,0.43,14.0,455,0.38440557006835935,put,2026-10-30,SPY,770.239990234375,2026-09-07T22:51:08.864141+00:00
560.0,0.47,0.48,0.46,2.0,327,0.37842418457031246,put,2026-10-30,SPY,770.239990234375,2026-09-07T22:51:08.864141+00:00
565.0,0.49,0.5,0.46,1.0,208,0.3711000390625,put,2026-10-30,SPY,770.239990234375,2026-09-07T22:51:08.864141+00:00
570.0,0.52,0.53,0.52,17.0,150710,0.3648745153808594,put,2026-10-30,SPY,770.239990234375,2026-09-07T22:51:08.864141+00:00
575.0,0.55,0.56,0.53,44.0,1002,0.358404853515625,put,2026-10-30,SPY,770.239990234375,2026-09-07T22:51:08.864141+00:00
580.0,0.58,0.59,0.53,2.0,3665,0.3518131225585937,put,2026-10-30,SPY,770.239990234375,2026-09-07T22:51:08.864141+00:00
585.0,0.61,0.62,0.56,10.0,281,0.34497725341796875,put,2026-10-30,SPY,770.239990234375,2026-09-07T22:51:08.864141+00:00
590.0,0.65,0.66,0.6,1.0,620,0.33887379882812496,put,2026-10-30,SPY,770.239990234375,2026-09-07T22:51:08.864141+00:00
595.0,0.69,0.7,0.68,19.0,21048,0.3325262060546875,put,2026-10-30,SPY,770.239990234375,2026-09-07T22:51:08.864141+00:00
600.0,0.73,0.74,0.73,364.0,20970,0.32605654418945307,put,2026-10-30,SPY,770.239990234375,2026-09-07T22:51:08.864141+00:00
605.0,0.77,0.78,0.84,10.0,645,0.3193427441406249,put,2026-10-30,SPY,770.239990234375,2026-09-07T22:51:08.864141+00:00
610.0,0.82,0.83,0.8,53.0,591,0.31323928955078123,put,2026-10-30,SPY,770.239990234375,2026-09-07T22:51:08.864141+00:00
615.0,0.87,0.88,0.84,3.0,629,0.30676962768554683,put,2026-10-30,SPY,770.239990234375,2026-09-07T22:51:08.864141+00:00
620.0,0.92,0.93,0.87,242.0,1644,0.3001778967285156,put,2026-10-30,SPY,770.239990234375,2026-09-07T22:51:08.864141+00:00
625.0,0.98,0.99,0.94,2.0,812,0.2938913385009765,put,2026-10-30,SPY,770.239990234375,2026-09-07T22:51:08.864141+00:00
630.0,1.04,1.06,1.05,179.0,1668,0.28784891845703114,put,2026-10-30,SPY,770.239990234375,2026-09-07T22:51:08.864141+00:00
635.0,1.11,1.13,1.07,63.0,667,0.28162339477539056,put,2026-10-30,SPY,770.239990234375,2026-09-07T22:51:08.864141+00:00
640.0,1.19,1.2,1.11,19.0,386,0.27509269836425776,put,2026-10-30,SPY,770.239990234375,2026-09-07T22:51:08.864141+00:00
641.0,1.2,1.22,1.14,3.0,268,0.2740551110839844,put,2026-10-30,SPY,770.239990234375,2026-09-07T22:51:08.864141+00:00
642.0,1.22,1.23,1.2,1.0,130,0.2725292474365234,put,2026-10-30,SPY,770.239990234375,2026-09-07T22:51:08.864141+00:00
643.0,1.23,1.25,1.15,1.0,356,0.2714306256103516,put,2026-10-30,SPY,770.239990234375,2026-09-07T22:51:08.864141+00:00
644.0,1.25,1.27,1.15,1.0,390,0.27027096923828126,put,2026-10-30,SPY,770.239990234375,2026-09-07T22:51:08.864141+00:00
645.0,1.27,1.28,1.24,7.0,320,0.2688061401367187,put,2026-10-30,SPY,770.239990234375,2026-09-07T22:51:08.864141+00:00
646.0,1.28,1.3,1.21,2.0,141,0.2676464837646484,put,2026-10-30,SPY,770.239990234375,2026-09-07T22:51:08.864141+00:00
647.0,1.3,1.32,1.28,2.0,49,0.2664868273925781,put,2026-10-30,SPY,770.239990234375,2026-09-07T22:51:08.864141+00:00
648.0,1.32,1.33,1.45,27.0,402,0.26489992919921873,put,2026-10-30,SPY,770.239990234375,2026-09-07T22:51:08.864141+00:00
649.0,1.33,1.35,1.63,139.0,155,0.2637402728271484,put,2026-10-30,SPY,770.239990234375,2026-09-07T22:51:08.864141+00:00
650.0,1.35,1.37,1.32,150.0,14966,0.26258061645507813,put,2026-10-30,SPY,770.239990234375,2026-09-07T22:51:08.864141+00:00
651.0,1.37,1.39,2.06,4.0,58,0.2613599255371094,put,2026-10-30,SPY,770.239990234375,2026-09-07T22:51:08.864141+00:00
652.0,1.39,1.41,1.34,1.0,316,0.2601392346191406,put,2026-10-30,SPY,770.239990234375,2026-09-07T22:51:08.864141+00:00
653.0,1.41,1.42,1.36,2.0,430,0.2585523364257813,put,2026-10-30,SPY,770.239990234375,2026-09-07T22:51:08.864141+00:00
654.0,1.43,1.44,1.33,27.0,71,0.2573316455078125,put,2026-10-30,SPY,770.239990234375,2026-09-07T22:51:08.864141+00:00
655.0,1.45,1.47,1.36,1.0,150,0.25641612731933594,put,2026-10-30,SPY,770.239990234375,2026-09-07T22:51:08.864141+00:00
656.0,1.47,1.48,1.42,1.0,183,0.2548292291259766,put,2026-10-30,SPY,770.239990234375,2026-09-07T22:51:08.864141+00:00
657.0,1.49,1.51,1.64,8.0,417,0.25391371093750004,put,2026-10-30,SPY,770.239990234375,2026-09-07T22:51:08.864141+00:00
658.0,1.51,1.53,1.4,1.0,79,0.2525709509277344,put,2026-10-30,SPY,770.239990234375,2026-09-07T22:51:08.864141+00:00
659.0,1.53,1.55,1.91,2.0,57,0.2512892254638671,put,2026-10-30,SPY,770.239990234375,2026-09-07T22:51:08.864141+00:00
660.0,1.55,1.57,1.54,7.0,618,0.2500075,put,2026-10-30,SPY,770.239990234375,2026-09-07T22:51:08.864141+00:00
661.0,1.57,1.59,1.57,5.0,69,0.2486647399902344,put,2026-10-30,SPY,770.239990234375,2026-09-07T22:51:08.864141+00:00
662.0,1.6,1.62,2.2,2.0,814,0.24762715270996094,put,2026-10-30,SPY,770.239990234375,2026-09-07T22:51:08.864141+00:00
663.0,1.62,1.64,1.93,1.0,43,0.2462843927001953,put,2026-10-30,SPY,770.239990234375,2026-09-07T22:51:08.864141+00:00
664.0,1.64,1.66,1.53,26.0,805,0.2449416326904297,put,2026-10-30,SPY,770.239990234375,2026-09-07T22:51:08.864141+00:00
665.0,1.67,1.69,1.66,12.0,233,0.24390404541015626,put,2026-10-30,SPY,770.239990234375,2026-09-07T22:51:08.864141+00:00
666.0,1.69,1.71,1.68,3.0,41,0.24250025085449217,put,2026-10-30,SPY,770.239990234375,2026-09-07T22:51:08.864141+00:00
667.0,1.71,1.74,1.58,2.0,48,0.2414016290283203,put,2026-10-30,SPY,770.239990234375,2026-09-07T22:51:08.864141+00:00
668.0,1.74,1.76,2.24,1.0,51,0.2399978344726562,put,2026-10-30,SPY,770.239990234375,2026-09-07T22:51:08.864141+00:00
669.0,1.77,1.79,2.69,1.0,48,0.23889921264648437,put,2026-10-30,SPY,770.239990234375,2026-09-07T22:51:08.864141+00:00
670.0,1.79,1.81,1.79,45.0,75889,0.23743438354492186,put,2026-10-30,SPY,770.239990234375,2026-09-07T22:51:08.864141+00:00
671.0,1.82,1.84,1.76,1.0,72,0.23627472717285153,put,2026-10-30,SPY,770.239990234375,2026-09-07T22:51:08.864141+00:00
672.0,1.85,1.87,1.75,20.0,29,0.23511507080078126,put,2026-10-30,SPY,770.239990234375,2026-09-07T22:51:08.864141+00:00
673.0,1.88,1.9,1.94,1.0,319,0.23395541442871093,put,2026-10-30,SPY,770.239990234375,2026-09-07T22:51:08.864141+00:00
674.0,1.9,1.93,2.26,1.0,182,0.2327347235107422,put,2026-10-30,SPY,770.239990234375,2026-09-07T22:51:08.864141+00:00
675.0,1.93,1.96,1.82,515.0,545,0.23151403259277342,put,2026-10-30,SPY,770.239990234375,2026-09-07T22:51:08.864141+00:00
676.0,1.96,1.99,1.91,3.0,81,0.23026282440185547,put,2026-10-30,SPY,770.239990234375,2026-09-07T22:51:08.864141+00:00
677.0,1.99,2.02,1.97,2.0,165,0.22901161621093752,put,2026-10-30,SPY,770.239990234375,2026-09-07T22:51:08.864141+00:00
678.0,2.03,2.05,2.01,1.0,285,0.22772989074707028,put,2026-10-30,SPY,770.239990234375,2026-09-07T22:51:08.864141+00:00
679.0,2.06,2.08,1.94,1.0,218,0.2264481652832031,put,2026-10-30,SPY,770.239990234375,2026-09-07T22:51:08.864141+00:00
680.0,2.09,2.11,2.05,14.0,1282,0.22516643981933593,put,2026-10-30,SPY,770.239990234375,2026-09-07T22:51:08.864141+00:00
681.0,2.13,2.15,2.07,2.0,274,0.22409833526611322,put,2026-10-30,SPY,770.239990234375,2026-09-07T22:51:08.864141+00:00
682.0,2.16,2.18,2.34,5.0,172,0.22278609252929685,put,2026-10-30,SPY,770.239990234375,2026-09-07T22:51:08.864141+00:00
683.0,2.19,2.22,2.09,30.0,1690,0.22168747070312497,put,2026-10-30,SPY,770.239990234375,2026-09-07T22:51:08.864141+00:00
684.0,2.23,2.25,2.11,1.0,512,0.22028367614746092,put,2026-10-30,SPY,770.239990234375,2026-09-07T22:51:08.864141+00:00
685.0,2.27,2.29,2.23,11.0,1313,0.21915453704833981,put,2026-10-30,SPY,770.239990234375,2026-09-07T22:51:08.864141+00:00
686.0,2.3,2.33,2.27,3.0,302,0.2179948806762695,put,2026-10-30,SPY,770.239990234375,2026-09-07T22:51:08.864141+00:00
687.0,2.34,2.37,2.19,2.0,131,0.21680470703125,put,2026-10-30,SPY,770.239990234375,2026-09-07T22:51:08.864141+00:00
688.0,2.38,2.41,2.39,46.0,3007,0.2156145333862305,put,2026-10-30,SPY,770.239990234375,2026-09-07T22:51:08.864141+00:00
689.0,2.42,2.45,2.43,73.0,2780,0.2143938424682617,put,2026-10-30,SPY,770.239990234375,2026-09-07T22:51:08.864141+00:00
690.0,2.46,2.48,2.47,19.0,1789,0.21295953063964845,put,2026-10-30,SPY,770.239990234375,2026-09-07T22:51:08.864141+00:00
691.0,2.51,2.53,2.29,1.0,145,0.21189142608642575,put,2026-10-30,SPY,770.239990234375,2026-09-07T22:51:08.864141+00:00
692.0,2.55,2.57,2.81,1.0,79,0.2106402178955078,put,2026-10-30,SPY,770.239990234375,2026-09-07T22:51:08.864141+00:00
693.0,2.59,2.62,2.6,32.0,1481,0.20954159606933592,put,2026-10-30,SPY,770.239990234375,2026-09-07T22:51:08.864141+00:00
694.0,2.64,2.66,2.41,15.0,137,0.20822935333251946,put,2026-10-30,SPY,770.239990234375,2026-09-07T22:51:08.864141+00:00
695.0,2.69,2.71,2.68,38.0,1891,0.20710021423339842,put,2026-10-30,SPY,770.239990234375,2026-09-07T22:51:08.864141+00:00
696.0,2.73,2.76,3.35,5.0,270,0.2059405578613281,put,2026-10-30,SPY,770.239990234375,2026-09-07T22:51:08.864141+00:00
697.0,2.78,2.8,2.74,2.0,273,0.20456728057861323,put,2026-10-30,SPY,770.239990234375,2026-09-07T22:51:08.864141+00:00
698.0,2.83,2.86,2.84,51.0,858,0.20356021057128904,put,2026-10-30,SPY,770.239990234375,2026-09-07T22:51:08.864141+00:00
699.0,2.88,2.91,2.77,44.0,330,0.20233951965332028,put,2026-10-30,SPY,770.239990234375,2026-09-07T22:51:08.864141+00:00
700.0,2.93,2.96,2.94,1685.0,3629,0.20111882873535153,put,2026-10-30,SPY,770.239990234375,2026-09-07T22:51:08.864141+00:00
701.0,2.99,3.01,2.72,1.0,214,0.19983710327148438,put,2026-10-30,SPY,770.239990234375,2026-09-07T22:51:08.864141+00:00
702.0,3.04,3.07,2.94,4.0,302,0.19873848144531248,put,2026-10-30,SPY,770.239990234375,2026-09-07T22:51:08.864141+00:00
703.0,3.1,3.13,3.0,12.0,85,0.19763985961914063,put,2026-10-30,SPY,770.239990234375,2026-09-07T22:51:08.864141+00:00
704.0,3.15,3.18,3.05,1.0,102,0.196297099609375,put,2026-10-30,SPY,770.239990234375,2026-09-07T22:51:08.864141+00:00
705.0,3.21,3.24,3.13,21.0,508,0.1951374432373047,put,2026-10-30,SPY,770.239990234375,2026-09-07T22:51:08.864141+00:00
706.0,3.27,3.3,3.02,11.0,183,0.19391675231933597,put,2026-10-30,SPY,770.239990234375,2026-09-07T22:51:08.864141+00:00
707.0,3.34,3.37,3.32,12.0,20984,0.1928791650390625,put,2026-10-30,SPY,770.239990234375,2026-09-07T22:51:08.864141+00:00
708.0,3.4,3.43,3.29,28.0,116,0.19162795684814454,put,2026-10-30,SPY,770.239990234375,2026-09-07T22:51:08.864141+00:00
709.0,3.47,3.5,3.4,26.0,393,0.19052933502197267,put,2026-10-30,SPY,770.239990234375,2026-09-07T22:51:08.864141+00:00
710.0,3.53,3.56,3.46,33.0,2115,0.18921709228515626,put,2026-10-30,SPY,770.239990234375,2026-09-07T22:51:08.864141+00:00
711.0,3.6,3.63,3.54,6.0,120,0.18805743591308594,put,2026-10-30,SPY,770.239990234375,2026-09-07T22:51:08.864141+00:00
712.0,3.67,3.7,3.65,11.0,322,0.18686726226806644,put,2026-10-30,SPY,770.239990234375,2026-09-07T22:51:08.864141+00:00
713.0,3.74,3.77,3.54,2.0,755,0.18564657135009766,put,2026-10-30,SPY,770.239990234375,2026-09-07T22:51:08.864141+00:00
714.0,3.82,3.85,3.62,4.0,127,0.18454794952392578,put,2026-10-30,SPY,770.239990234375,2026-09-07T22:51:08.864141+00:00
715.0,3.89,3.93,3.66,104.0,1023,0.1834493276977539,put,2026-10-30,SPY,770.239990234375,2026-09-07T22:51:08.864141+00:00
716.0,3.97,4.0,3.87,1.0,344,0.1821370849609375,put,2026-10-30,SPY,770.239990234375,2026-09-07T22:51:08.864141+00:00
717.0,4.05,4.08,3.85,4.0,678,0.18094691131591795,put,2026-10-30,SPY,770.239990234375,2026-09-07T22:51:08.864141+00:00
718.0,4.14,4.17,4.04,2.0,146,0.1798940653991699,put,2026-10-30,SPY,770.239990234375,2026-09-07T22:51:08.864141+00:00
719.0,4.22,4.25,3.96,3.0,236,0.17865811584472657,put,2026-10-30,SPY,770.239990234375,2026-09-07T22:51:08.864141+00:00
720.0,4.31,4.34,4.31,78.0,3942,0.17752897674560547,put,2026-10-30,SPY,770.239990234375,2026-09-07T22:51:08.864141+00:00
721.0,4.4,4.43,4.33,1.0,162,0.1763693203735352,put,2026-10-30,SPY,770.239990234375,2026-09-07T22:51:08.864141+00:00
722.0,4.49,4.52,4.5,11.0,138,0.17517914672851562,put,2026-10-30,SPY,770.239990234375,2026-09-07T22:51:08.864141+00:00
723.0,4.59,4.62,4.47,7.0,69,0.17408052490234377,put,2026-10-30,SPY,770.239990234375,2026-09-07T22:51:08.864141+00:00
724.0,4.68,4.72,4.31,7.0,120,0.17295138580322267,put,2026-10-30,SPY,770.239990234375,2026-09-07T22:51:08.864141+00:00
725.0,4.78,4.82,4.63,615.0,4565,0.17179172943115234,put,2026-10-30,SPY,770.239990234375,2026-09-07T22:51:08.864141+00:00
726.0,4.89,4.92,4.6,2.0,110,0.17060155578613284,put,2026-10-30,SPY,770.239990234375,2026-09-07T22:51:08.864141+00:00
727.0,4.99,5.03,4.89,6.0,683,0.16950293395996097,put,2026-10-30,SPY,770.239990234375,2026-09-07T22:51:08.864141+00:00
728.0,5.1,5.14,5.01,11.0,183,0.16835853622436525,put,2026-10-30,SPY,770.239990234375,2026-09-07T22:51:08.864141+00:00
729.0,5.22,5.25,4.89,13.0,132,0.16718362121582034,put,2026-10-30,SPY,770.239990234375,2026-09-07T22:51:08.864141+00:00
730.0,5.33,5.37,5.4,265.0,11708,0.1660849993896485,put,2026-10-30,SPY,770.239990234375,2026-09-07T22:51:08.864141+00:00
731.0,5.45,5.49,5.39,66.0,109,0.16495586029052733,put,2026-10-30,SPY,770.239990234375,2026-09-07T22:51:08.864141+00:00
732.0,5.57,5.61,5.45,145.0,571,0.16379620391845706,put,2026-10-30,SPY,770.239990234375,2026-09-07T22:51:08.864141+00:00
733.0,5.7,5.74,5.6,1.0,218,0.1626975820922852,put,2026-10-30,SPY,770.239990234375,2026-09-07T22:51:08.864141+00:00
734.0,5.83,5.86,5.77,11.0,293,0.16144637390136718,put,2026-10-30,SPY,770.239990234375,2026-09-07T22:51:08.864141+00:00
735.0,5.96,6.0,6.0,299.0,4000,0.16039352798461914,put,2026-10-30,SPY,770.239990234375,2026-09-07T22:51:08.864141+00:00
736.0,6.1,6.14,5.8,10.0,149,0.15929490615844727,put,2026-10-30,SPY,770.239990234375,2026-09-07T22:51:08.864141+00:00
737.0,6.25,6.28,6.0,1.0,178,0.15815050842285155,put,2026-10-30,SPY,770.239990234375,2026-09-07T22:51:08.864141+00:00
738.0,6.39,6.43,6.28,10.0,1135,0.1570671452331543,put,2026-10-30,SPY,770.239990234375,2026-09-07T22:51:08.864141+00:00
739.0,6.54,6.58,6.13,353.0,599,0.1559380061340332,put,2026-10-30,SPY,770.239990234375,2026-09-07T22:51:08.864141+00:00
740.0,6.7,6.74,6.55,120.0,2111,0.1548851602172852,put,2026-10-30,SPY,770.239990234375,2026-09-07T22:51:08.864141+00:00
741.0,6.86,6.9,6.74,3.0,662,0.15375602111816405,put,2026-10-30,SPY,770.239990234375,2026-09-07T22:51:08.864141+00:00
742.0,7.03,7.07,6.95,38.0,379,0.15271843383789066,put,2026-10-30,SPY,770.239990234375,2026-09-07T22:51:08.864141+00:00
743.0,7.2,7.24,7.07,3.0,381,0.15160455337524414,put,2026-10-30,SPY,770.239990234375,2026-09-07T22:51:08.864141+00:00
744.0,7.37,7.41,6.73,1.0,167,0.15046015563964849,put,2026-10-30,SPY,770.239990234375,2026-09-07T22:51:08.864141+00:00
745.0,7.56,7.6,7.44,421.0,1988,0.14945308563232423,put,2026-10-30,SPY,770.239990234375,2026-09-07T22:51:08.864141+00:00
746.0,7.75,7.79,7.29,36.0,677,0.14838498107910159,put,2026-10-30,SPY,770.239990234375,2026-09-07T22:51:08.864141+00:00
747.0,7.94,7.98,7.87,42.0,190,0.1472863592529297,put,2026-10-30,SPY,770.239990234375,2026-09-07T22:51:08.864141+00:00
748.0,8.14,8.18,8.0,1.0,404,0.146218254699707,put,2026-10-30,SPY,770.239990234375,2026-09-07T22:51:08.864141+00:00
749.0,8.35,8.39,7.78,14.0,322,0.14518066741943358,put,2026-10-30,SPY,770.239990234375,2026-09-07T22:51:08.864141+00:00
750.0,8.56,8.6,8.6,2930.0,8570,0.14411256286621094,put,2026-10-30,SPY,770.239990234375,2026-09-07T22:51:08.864141+00:00
751.0,8.78,8.82,8.0,13.0,783,0.1430597169494629,put,2026-10-30,SPY,770.239990234375,2026-09-07T22:51:08.864141+00:00
752.0,9.01,9.05,8.85,4.0,399,0.14203738830566404,put,2026-10-30,SPY,770.239990234375,2026-09-07T22:51:08.864141+00:00
753.0,9.24,9.29,9.15,52.0,119,0.14106083557128907,put,2026-10-30,SPY,770.239990234375,2026-09-07T22:51:08.864141+00:00
754.0,9.48,9.53,9.32,5.0,384,0.14002324829101562,put,2026-10-30,SPY,770.239990234375,2026-09-07T22:51:08.864141+00:00
755.0,9.73,9.78,9.69,661.0,1404,0.13900091964721684,put,2026-10-30,SPY,770.239990234375,2026-09-07T22:51:08.864141+00:00
756.0,9.99,10.03,9.34,5.0,314,0.13791755645751952,put,2026-10-30,SPY,770.239990234375,2026-09-07T22:51:08.864141+00:00
757.0,10.25,10.3,10.1,92.0,435,0.13694100372314455,put,2026-10-30,SPY,770.239990234375,2026-09-07T22:51:08.864141+00:00
758.0,10.52,10.57,9.88,305.0,1109,0.13590341644287113,put,2026-10-30,SPY,770.239990234375,2026-09-07T22:51:08.864141+00:00
759.0,10.81,10.86,10.7,18.0,486,0.13497263961791994,put,2026-10-30,SPY,770.239990234375,2026-09-07T22:51:08.864141+00:00
760.0,11.1,11.14,11.18,2628.0,2106,0.13388927642822268,put,2026-10-30,SPY,770.239990234375,2026-09-07T22:51:08.864141+00:00
761.0,11.4,11.45,11.38,23.0,258,0.13298901687622072,put,2026-10-30,SPY,770.239990234375,2026-09-07T22:51:08.864141+00:00
762.0,11.71,11.76,11.37,2.0,414,0.1320124641418457,put,2026-10-30,SPY,770.239990234375,2026-09-07T22:51:08.864141+00:00
763.0,12.03,12.08,11.99,17.0,188,0.1310511700439453,put,2026-10-30,SPY,770.239990234375,2026-09-07T22:51:08.864141+00:00
764.0,12.36,12.41,12.3,82.0,466,0.13008987594604488,put,2026-10-30,SPY,770.239990234375,2026-09-07T22:51:08.864141+00:00
765.0,12.7,12.75,12.55,252.0,1310,0.12914384048461913,put,2026-10-30,SPY,770.239990234375,2026-09-07T22:51:08.864141+00:00
766.0,13.06,13.11,12.57,4.0,724,0.1282740982055664,put,2026-10-30,SPY,770.239990234375,2026-09-07T22:51:08.864141+00:00
767.0,13.42,13.47,13.06,8.0,373,0.12734332138061522,put,2026-10-30,SPY,770.239990234375,2026-09-07T22:51:08.864141+00:00
768.0,13.79,13.85,13.54,27.0,295,0.12647357910156248,put,2026-10-30,SPY,770.239990234375,2026-09-07T22:51:08.864141+00:00
769.0,14.18,14.22,14.13,54.0,247,0.12545125045776367,put,2026-10-30,SPY,770.239990234375,2026-09-07T22:51:08.864141+00:00
770.0,14.58,14.63,14.58,433.0,3557,0.1246730599975586,put,2026-10-30,SPY,770.239990234375,2026-09-07T22:51:08.864141+00:00
771.0,14.99,15.04,14.87,31.0,148,0.12380331771850586,put,2026-10-30,SPY,770.239990234375,2026-09-07T22:51:08.864141+00:00
772.0,15.41,15.47,15.31,66.0,298,0.12300986862182617,put,2026-10-30,SPY,770.239990234375,2026-09-07T22:51:08.864141+00:00
773.0,15.85,15.89,15.7,126.0,318,0.12203331588745117,put,2026-10-30,SPY,770.239990234375,2026-09-07T22:51:08.864141+00:00
774.0,16.3,16.34,16.15,15.0,336,0.12122460815429686,put,2026-10-30,SPY,770.239990234375,2026-09-07T22:51:08.864141+00:00
775.0,16.76,16.79,16.55,38.0,573,0.1203090899658203,put,2026-10-30,SPY,770.239990234375,2026-09-07T22:51:08.864141+00:00
776.0,17.23,17.28,17.1,246.0,398,0.11965296859741209,put,2026-10-30,SPY,770.239990234375,2026-09-07T22:51:08.864141+00:00
777.0,17.72,17.75,17.58,64.0,776,0.11870693313598632,put,2026-10-30,SPY,770.239990234375,2026-09-07T22:51:08.864141+00:00
778.0,18.23,18.28,16.4,4.0,69,0.11818813949584961,put,2026-10-30,SPY,770.239990234375,2026-09-07T22:51:08.864141+00:00
779.0,17.88,19.83,17.91,16.0,306,0.12639728591918942,put,2026-10-30,SPY,770.239990234375,2026-09-07T22:51:08.864141+00:00
780.0,18.4,20.38,19.2,21.0,623,0.12590900955200196,put,2026-10-30,SPY,770.239990234375,2026-09-07T22:51:08.864141+00:00
781.0,18.93,20.95,22.8,17.0,331,0.12549702636718751,put,2026-10-30,SPY,770.239990234375,2026-09-07T22:51:08.864141+00:00
782.0,20.03,21.29,19.93,1.0,315,0.12294883407592774,put,2026-10-30,SPY,770.239990234375,2026-09-07T22:51:08.864141+00:00
783.0,20.04,22.13,19.94,1.0,55,0.12473409454345702,put,2026-10-30,SPY,770.239990234375,2026-09-07T22:51:08.864141+00:00
784.0,20.61,22.74,21.0,3.0,194,0.12439840454101564,put,2026-10-30,SPY,770.239990234375,2026-09-07T22:51:08.864141+00:00
785.0,21.78,22.63,22.23,1.0,185,0.11737943176269532,put,2026-10-30,SPY,770.239990234375,2026-09-07T22:51:08.864141+00:00
786.0,21.24,24.36,22.48,13.0,24,0.1270686659240723,put,2026-10-30,SPY,770.239990234375,2026-09-07T22:51:08.864141+00:00
787.0,21.74,25.03,23.0,105.0,409,0.12702289001464845,put,2026-10-30,SPY,770.239990234375,2026-09-07T22:51:08.864141+00:00
788.0,22.39,25.7,23.75,4.0,521,0.12690082092285154,put,2026-10-30,SPY,770.239990234375,2026-09-07T22:51:08.864141+00:00
789.0,23.04,26.38,28.86,1.0,216,0.1267787518310547,put,2026-10-30,SPY,770.239990234375,2026-09-07T22:51:08.864141+00:00
790.0,24.95,26.7,24.91,46.0,389,0.12310142044067385,put,2026-10-30,SPY,770.239990234375,2026-09-07T22:51:08.864141+00:00
791.0,25.62,26.71,24.12,1.0,89,0.11611296493530274,put,2026-10-30,SPY,770.239990234375,2026-09-07T22:51:08.864141+00:00
792.0,25.13,28.46,30.0,,1,0.12622944091796873,put,2026-10-30,SPY,770.239990234375,2026-09-07T22:51:08.864141+00:00
793.0,25.85,29.18,27.8,15.0,85,0.1261378890991211,put,2026-10-30,SPY,770.239990234375,2026-09-07T22:51:08.864141+00:00
794.0,26.59,29.92,26.26,3.0,4,0.12615314773559572,put,2026-10-30,SPY,770.239990234375,2026-09-07T22:51:08.864141+00:00
795.0,27.34,30.67,27.6,2.0,2,0.1261989236450195,put,2026-10-30,SPY,770.239990234375,2026-09-07T22:51:08.864141+00:00
797.0,28.89,32.21,27.91,1.0,1,0.12642780319213864,put,2026-10-30,SPY,770.239990234375,2026-09-07T22:51:08.864141+00:00
798.0,29.68,33.01,33.37,1.0,2,0.12674823455810547,put,2026-10-30,SPY,770.239990234375,2026-09-07T22:51:08.864141+00:00
799.0,30.49,33.81,32.02,1.0,2,0.12699237274169922,put,2026-10-30,SPY,770.239990234375,2026-09-07T22:51:08.864141+00:00
800.0,31.57,34.61,32.75,1.0,65,0.1271602177429199,put,2026-10-30,SPY,770.239990234375,2026-09-07T22:51:08.864141+00:00
802.0,33.01,36.3,35.92,7.0,8,0.1283046154785156,put,2026-10-30,SPY,770.239990234375,2026-09-07T22:51:08.864141+00:00
804.0,34.72,38.02,37.14,,1,0.1295710823059082,put,2026-10-30,SPY,770.239990234375,2026-09-07T22:51:08.864141+00:00
805.0,35.59,38.89,40.76,2.0,6,0.1302272036743164,put,2026-10-30,SPY,770.239990234375,2026-09-07T22:51:08.864141+00:00
808.0,38.29,41.58,43.09,1.0,1,0.13291272369384766,put,2026-10-30,SPY,770.239990234375,2026-09-07T22:51:08.864141+00:00
809.0,39.2,42.49,40.0,1.0,0,0.13388927642822268,put,2026-10-30,SPY,770.239990234375,2026-09-07T22:51:08.864141+00:00
810.0,40.12,43.41,45.25,4.0,6,0.13497263961791994,put,2026-10-30,SPY,770.239990234375,2026-09-07T22:51:08.864141+00:00
815.0,44.83,48.12,44.9,1.0,1,0.14133549102783205,put,2026-10-30,SPY,770.239990234375,2026-09-07T22:51:08.864141+00:00
818.0,47.72,51.0,53.12,3.0,3,0.14560790924072264,put,2026-10-30,SPY,770.239990234375,2026-09-07T22:51:08.864141+00:00
819.0,48.69,51.97,55.48,2.0,2,0.14713377288818358,put,2026-10-30,SPY,770.239990234375,2026-09-07T22:51:08.864141+00:00
820.0,49.66,52.94,47.7,28.0,0,0.14862911926269531,put,2026-10-30,SPY,770.239990234375,2026-09-07T22:51:08.864141+00:00
825.0,54.56,57.83,58.9,4.0,4,0.15656361022949222,put,2026-10-30,SPY,770.239990234375,2026-09-07T22:51:08.864141+00:00
835.0,64.47,67.74,65.38,1.0,1,0.17359224853515626,put,2026-10-30,SPY,770.239990234375,2026-09-07T22:51:08.864141+00:00
840.0,69.44,72.71,80.0,10.0,17,0.18201501586914062,put,2026-10-30,SPY,770.239990234375,2026-09-07T22:51:08.864141+00:00
845.0,79.61,82.81,105.93,1.0,0,0.26378604873657224,put,2026-10-30,SPY,770.239990234375,2026-09-07T22:51:08.864141+00:00
850.0,79.41,82.6,82.0,,1,0.19736520416259767,put,2026-10-30,SPY,770.239990234375,2026-09-07T22:51:08.864141+00:00
855.0,114.71,118.08,131.84,1.0,0,0.5262193374633789,put,2026-10-30,SPY,770.239990234375,2026-09-07T22:51:08.864141+00:00
860.0,89.39,92.66,94.34,10.0,10,0.21524832611083983,put,2026-10-30,SPY,770.239990234375,2026-09-07T22:51:08.864141+00:00
865.0,0.0,0.0,124.27,,0,1.0000000000000003e-05,put,2026-10-30,SPY,770.239990234375,2026-09-07T22:51:08.864141+00:00
875.0,109.61,112.82,145.54,1.0,0,0.32248602325439446,put,2026-10-30,SPY,770.239990234375,2026-09-07T22:51:08.864141+00:00
900.0,143.85,147.3,145.02,,0,0.4849905017089844,put,2026-10-30,SPY,770.239990234375,2026-09-07T22:51:08.864141+00:00
475.0,296.0,299.53,292.06,2.0,1,0.5675092077636719,call,2026-11-30,SPY,770.239990234375,2026-09-07T22:51:08.864141+00:00
480.0,291.07,294.6,287.22,,0,0.5597578204345703,call,2026-11-30,SPY,770.239990234375,2026-09-07T22:51:08.864141+00:00
485.0,286.14,289.67,282.21,,25,0.5518843640136719,call,2026-11-30,SPY,770.239990234375,2026-09-07T22:51:08.864141+00:00
500.0,266.95,270.07,262.32,1.0,1,1.0000000000000003e-05,call,2026-11-30,SPY,770.239990234375,2026-09-07T22:51:08.864141+00:00
520.0,251.73,255.2,256.0,,2,0.547001600341797,call,2026-11-30,SPY,770.239990234375,2026-09-07T22:51:08.864141+00:00
545.0,227.11,230.63,237.06,1.0,4,0.5029651754760743,call,2026-11-30,SPY,770.239990234375,2026-09-07T22:51:08.864141+00:00
550.0,222.2,225.73,220.7,2.0,2,0.49445085632324226,call,2026-11-30,SPY,770.239990234375,2026-09-07T22:51:08.864141+00:00
555.0,217.29,220.82,190.19,1.0,1,0.4857229162597656,call,2026-11-30,SPY,770.239990234375,2026-09-07T22:51:08.864141+00:00
560.0,212.43,215.92,192.07,1.0,3,0.47720859710693364,call,2026-11-30,SPY,770.239990234375,2026-09-07T22:51:08.864141+00:00
570.0,198.5,201.64,187.96,2.0,1,0.340826904296875,call,2026-11-30,SPY,770.239990234375,2026-09-07T22:51:08.864141+00:00
575.0,197.7,201.22,205.76,1.0,2,0.4515435705566406,call,2026-11-30,SPY,770.239990234375,2026-09-07T22:51:08.864141+00:00
580.0,192.81,196.33,192.14,1.0,11,0.44312080322265623,call,2026-11-30,SPY,770.239990234375,2026-09-07T22:51:08.864141+00:00
585.0,187.92,191.45,188.45,10.0,11,0.4348811395263672,call,2026-11-30,SPY,770.239990234375,2026-09-07T22:51:08.864141+00:00
590.0,0.0,0.0,178.49,,0,1.0000000000000003e-05,call,2026-11-30,SPY,770.239990234375,2026-09-07T22:51:08.864141+00:00
595.0,174.22,177.37,165.59,1.0,2,0.3237372314453124,call,2026-11-30,SPY,770.239990234375,2026-09-07T22:51:08.864141+00:00
600.0,173.28,176.81,181.24,10.0,20,0.40991801025390623,call,2026-11-30,SPY,770.239990234375,2026-09-07T22:51:08.864141+00:00
605.0,168.41,171.94,162.67,6.0,7,0.40170886383056637,call,2026-11-30,SPY,770.239990234375,2026-09-07T22:51:08.864141+00:00
610.0,163.55,167.07,171.85,,2,0.3934386828613281,call,2026-11-30,SPY,770.239990234375,2026-09-07T22:51:08.864141+00:00
615.0,158.69,162.22,153.85,,2,0.38541264007568354,call,2026-11-30,SPY,770.239990234375,2026-09-07T22:51:08.864141+00:00
620.0,153.84,157.37,148.74,1.0,12,0.37735608001708976,call,2026-11-30,SPY,770.239990234375,2026-09-07T22:51:08.864141+00:00
622.0,151.9,155.43,154.99,,1,0.3740907318115234,call,2026-11-30,SPY,770.239990234375,2026-09-07T22:51:08.864141+00:00
625.0,149.0,152.52,133.89,2.0,0,0.3692079681396484,call,2026-11-30,SPY,770.239990234375,2026-09-07T22:51:08.864141+00:00
630.0,144.16,147.68,149.59,1.0,3,0.3611514080810546,call,2026-11-30,SPY,770.239990234375,2026-09-07T22:51:08.864141+00:00
635.0,139.33,142.85,144.8,1.0,2,0.35315588256835934,call,2026-11-30,SPY,770.239990234375,2026-09-07T22:51:08.864141+00:00
640.0,134.51,138.03,136.2,1.0,164,0.3452213916015625,call,2026-11-30,SPY,770.239990234375,2026-09-07T22:51:08.864141+00:00
645.0,129.7,133.22,114.62,1.0,16,0.33731741790771486,call,2026-11-30,SPY,770.239990234375,2026-09-07T22:51:08.864141+00:00
650.0,124.9,128.43,126.37,4000.0,14,0.32959654785156245,call,2026-11-30,SPY,770.239990234375,2026-09-07T22:51:08.864141+00:00
655.0,120.14,123.64,122.29,51.0,745,0.32175360870361325,call,2026-11-30,SPY,770.239990234375,2026-09-07T22:51:08.864141+00:00
660.0,115.36,118.87,117.46,51.0,593,0.31403273864746095,call,2026-11-30,SPY,770.239990234375,2026-09-07T22:51:08.864141+00:00
665.0,110.59,114.11,112.38,13.0,1270,0.306296609954834,call,2026-11-30,SPY,770.239990234375,2026-09-07T22:51:08.864141+00:00
670.0,105.85,109.37,107.64,50.0,1242,0.2986520330810546,call,2026-11-30,SPY,770.239990234375,2026-09-07T22:51:08.864141+00:00
672.0,100.95,104.14,95.99,2.0,1,0.2545698323059083,call,2026-11-30,SPY,770.239990234375,2026-09-07T22:51:08.864141+00:00
673.0,103.02,106.52,104.78,13.0,244,0.2939218557739257,call,2026-11-30,SPY,770.239990234375,2026-09-07T22:51:08.864141+00:00
674.0,102.07,105.6,103.84,8.0,100,0.29267064758300776,call,2026-11-30,SPY,770.239990234375,2026-09-07T22:51:08.864141+00:00
675.0,101.13,104.66,102.87,20.0,185,0.2911905598449706,call,2026-11-30,SPY,770.239990234375,2026-09-07T22:51:08.864141+00:00
676.0,100.19,103.71,102.32,16.0,30,0.28958840301513666,call,2026-11-30,SPY,770.239990234375,2026-09-07T22:51:08.864141+00:00
677.0,93.89,97.25,76.73,,1,0.2181474670410156,call,2026-11-30,SPY,770.239990234375,2026-09-07T22:51:08.864141+00:00
678.0,98.31,101.83,99.25,1.0,127,0.28659771026611325,call,2026-11-30,SPY,770.239990234375,2026-09-07T22:51:08.864141+00:00
679.0,97.46,100.9,99.09,19.0,86,0.28519391571044916,call,2026-11-30,SPY,770.239990234375,2026-09-07T22:51:08.864141+00:00
680.0,96.43,99.96,98.15,24.0,88,0.2836680520629882,call,2026-11-30,SPY,770.239990234375,2026-09-07T22:51:08.864141+00:00
681.0,95.49,99.02,97.37,20.0,33,0.2821421884155273,call,2026-11-30,SPY,770.239990234375,2026-09-07T22:51:08.864141+00:00
682.0,94.56,98.08,94.15,8.0,58,0.2806010661315917,call,2026-11-30,SPY,770.239990234375,2026-09-07T22:51:08.864141+00:00
683.0,93.62,97.15,92.5,4.0,40,0.2791667543029785,call,2026-11-30,SPY,770.239990234375,2026-09-07T22:51:08.864141+00:00
684.0,92.69,96.21,94.14,56.0,109,0.27761037338256833,call,2026-11-30,SPY,770.239990234375,2026-09-07T22:51:08.864141+00:00
685.0,91.75,95.28,86.98,2.0,22,0.27616080291748035,call,2026-11-30,SPY,770.239990234375,2026-09-07T22:51:08.864141+00:00
686.0,90.82,94.34,92.47,4.0,54,0.27460442199707036,call,2026-11-30,SPY,770.239990234375,2026-09-07T22:51:08.864141+00:00
687.0,89.97,93.41,93.54,19.0,39,0.2731243342590332,call,2026-11-30,SPY,770.239990234375,2026-09-07T22:51:08.864141+00:00
688.0,88.96,92.48,89.27,9.0,31,0.27164424652099606,call,2026-11-30,SPY,770.239990234375,2026-09-07T22:51:08.864141+00:00
689.0,88.11,91.55,89.79,14.0,296,0.2701489001464844,call,2026-11-30,SPY,770.239990234375,2026-09-07T22:51:08.864141+00:00
690.0,87.1,90.62,88.81,3.0,83,0.26865355377197264,call,2026-11-30,SPY,770.239990234375,2026-09-07T22:51:08.864141+00:00
691.0,86.17,89.7,84.08,1.0,51,0.26724975921630856,call,2026-11-30,SPY,770.239990234375,2026-09-07T22:51:08.864141+00:00
692.0,85.26,88.77,90.51,4.0,5,0.2657391542053223,call,2026-11-30,SPY,770.239990234375,2026-09-07T22:51:08.864141+00:00
693.0,84.33,87.85,83.68,124.0,196,0.2643201010131836,call,2026-11-30,SPY,770.239990234375,2026-09-07T22:51:08.864141+00:00
694.0,83.49,86.93,83.53,4.0,14,0.2628857891845704,call,2026-11-30,SPY,770.239990234375,2026-09-07T22:51:08.864141+00:00
695.0,82.48,86.01,82.08,6.0,16,0.26143621871948247,call,2026-11-30,SPY,770.239990234375,2026-09-07T22:51:08.864141+00:00
696.0,81.56,85.09,80.14,3.0,102,0.25998664825439455,call,2026-11-30,SPY,770.239990234375,2026-09-07T22:51:08.864141+00:00
697.0,80.73,84.17,90.26,10.0,20,0.2585218191528321,call,2026-11-30,SPY,770.239990234375,2026-09-07T22:51:08.864141+00:00
698.0,79.81,83.25,81.58,13.0,13,0.25704173141479497,call,2026-11-30,SPY,770.239990234375,2026-09-07T22:51:08.864141+00:00
699.0,78.81,82.33,90.15,125.0,126,0.2555616436767578,call,2026-11-30,SPY,770.239990234375,2026-09-07T22:51:08.864141+00:00
700.0,77.89,81.42,82.85,7.0,323,0.2541578491210938,call,2026-11-30,SPY,770.239990234375,2026-09-07T22:51:08.864141+00:00
701.0,76.98,80.5,79.72,3.0,18,0.25264724411010747,call,2026-11-30,SPY,770.239990234375,2026-09-07T22:51:08.864141+00:00
702.0,76.07,79.59,84.69,24.0,24,0.2512281909179687,call,2026-11-30,SPY,770.239990234375,2026-09-07T22:51:08.864141+00:00
703.0,75.16,78.68,75.95,13.0,23,0.24979387908935546,call,2026-11-30,SPY,770.239990234375,2026-09-07T22:51:08.864141+00:00
704.0,74.38,77.77,78.88,1.0,11,0.2483443086242676,call,2026-11-30,SPY,770.239990234375,2026-09-07T22:51:08.864141+00:00
705.0,73.45,76.86,79.14,1.0,278,0.2468947381591797,call,2026-11-30,SPY,770.239990234375,2026-09-07T22:51:08.864141+00:00
706.0,72.43,75.96,82.53,34.0,40,0.24552146087646481,call,2026-11-30,SPY,770.239990234375,2026-09-07T22:51:08.864141+00:00
707.0,71.61,75.05,78.02,43.0,42,0.24402611450195313,call,2026-11-30,SPY,770.239990234375,2026-09-07T22:51:08.864141+00:00
708.0,70.71,74.15,69.75,4.0,12,0.24262231994628902,call,2026-11-30,SPY,770.239990234375,2026-09-07T22:51:08.864141+00:00
709.0,69.72,73.25,69.81,1.0,21,0.241218525390625,call,2026-11-30,SPY,770.239990234375,2026-09-07T22:51:08.864141+00:00
710.0,68.83,72.33,67.62,1.0,158,0.23960110992431638,call,2026-11-30,SPY,770.239990234375,2026-09-07T22:51:08.864141+00:00
711.0,68.01,71.45,64.5,3.0,9,0.23834990173339843,call,2026-11-30,SPY,770.239990234375,2026-09-07T22:51:08.864141+00:00
712.0,67.22,70.54,77.86,4.0,30,0.23679352081298827,call,2026-11-30,SPY,770.239990234375,2026-09-07T22:51:08.864141+00:00
713.0,66.26,69.67,68.6,1.0,26,0.2356033471679687,call,2026-11-30,SPY,770.239990234375,2026-09-07T22:51:08.864141+00:00
714.0,65.4,68.78,73.26,10.0,10,0.23419955261230468,call,2026-11-30,SPY,770.239990234375,2026-09-07T22:51:08.864141+00:00
715.0,64.47,67.89,64.27,1.0,151,0.23279575805664063,call,2026-11-30,SPY,770.239990234375,2026-09-07T22:51:08.864141+00:00
716.0,63.58,67.0,65.58,1.0,155,0.23136144622802735,call,2026-11-30,SPY,770.239990234375,2026-09-07T22:51:08.864141+00:00
717.0,62.81,66.11,62.36,2.0,84,0.22992713439941403,call,2026-11-30,SPY,770.239990234375,2026-09-07T22:51:08.864141+00:00
718.0,61.95,65.23,63.78,1.0,59,0.22855385711669923,call,2026-11-30,SPY,770.239990234375,2026-09-07T22:51:08.864141+00:00
719.0,61.05,64.35,60.65,2.0,12,0.22718057983398435,call,2026-11-30,SPY,770.239990234375,2026-09-07T22:51:08.864141+00:00
720.0,60.04,63.47,61.73,2.0,386,0.2257767852783203,call,2026-11-30,SPY,770.239990234375,2026-09-07T22:51:08.864141+00:00
721.0,59.45,62.61,61.98,1.0,22,0.22452557708740228,call,2026-11-30,SPY,770.239990234375,2026-09-07T22:51:08.864141+00:00
722.0,58.27,61.73,58.07,2.0,25,0.22309126525878903,call,2026-11-30,SPY,770.239990234375,2026-09-07T22:51:08.864141+00:00
723.0,57.7,60.86,62.78,1.0,1,0.22173324661254878,call,2026-11-30,SPY,770.239990234375,2026-09-07T22:51:08.864141+00:00
724.0,56.83,60.0,56.39,2.0,170,0.220436262512207,call,2026-11-30,SPY,770.239990234375,2026-09-07T22:51:08.864141+00:00
725.0,55.97,59.13,51.95,1.0,234,0.21903246795654296,call,2026-11-30,SPY,770.239990234375,2026-09-07T22:51:08.864141+00:00
726.0,55.1,58.27,57.55,1.0,213,0.21770496658325195,call,2026-11-30,SPY,770.239990234375,2026-09-07T22:51:08.864141+00:00
727.0,54.24,57.41,53.86,6.0,9,0.2163469479370117,call,2026-11-30,SPY,770.239990234375,2026-09-07T22:51:08.864141+00:00
728.0,53.38,56.56,53.01,2.0,212,0.2150499638366699,call,2026-11-30,SPY,770.239990234375,2026-09-07T22:51:08.864141+00:00
729.0,52.56,55.7,50.63,2.0,29,0.2136614279174805,call,2026-11-30,SPY,770.239990234375,2026-09-07T22:51:08.864141+00:00
730.0,51.71,54.86,56.17,5.0,662,0.2124102197265625,call,2026-11-30,SPY,770.239990234375,2026-09-07T22:51:08.864141+00:00
731.0,50.83,54.01,51.85,1.0,18,0.21106745971679686,call,2026-11-30,SPY,770.239990234375,2026-09-07T22:51:08.864141+00:00
732.0,49.98,53.17,54.69,1.0,383,0.20977047561645507,call,2026-11-30,SPY,770.239990234375,2026-09-07T22:51:08.864141+00:00
733.0,49.14,52.33,48.35,3.0,205,0.2084582328796386,call,2026-11-30,SPY,770.239990234375,2026-09-07T22:51:08.864141+00:00
734.0,48.31,51.49,51.24,21.0,45,0.20713073150634764,call,2026-11-30,SPY,770.239990234375,2026-09-07T22:51:08.864141+00:00
735.0,47.46,50.66,48.28,1.0,822,0.20584900604248046,call,2026-11-30,SPY,770.239990234375,2026-09-07T22:51:08.864141+00:00
736.0,46.63,49.83,47.0,20.0,276,0.20455202194213862,call,2026-11-30,SPY,770.239990234375,2026-09-07T22:51:08.864141+00:00
737.0,45.89,49.0,46.1,403.0,350,0.20322452056884766,call,2026-11-30,SPY,770.239990234375,2026-09-07T22:51:08.864141+00:00
738.0,44.98,48.18,45.14,100.0,84,0.2019580537414551,call,2026-11-30,SPY,770.239990234375,2026-09-07T22:51:08.864141+00:00
739.0,44.15,47.36,44.65,164.0,97,0.20067632827758786,call,2026-11-30,SPY,770.239990234375,2026-09-07T22:51:08.864141+00:00
740.0,43.34,46.55,40.16,1.0,617,0.1994251200866699,call,2026-11-30,SPY,770.239990234375,2026-09-07T22:51:08.864141+00:00
741.0,42.66,45.74,42.74,46.0,164,0.19817391189575195,call,2026-11-30,SPY,770.239990234375,2026-09-07T22:51:08.864141+00:00
742.0,41.72,44.93,42.99,4.0,103,0.19687692779541016,call,2026-11-30,SPY,770.239990234375,2026-09-07T22:51:08.864141+00:00
743.0,41.2,43.92,41.62,280.0,255,0.19408459732055666,call,2026-11-30,SPY,770.239990234375,2026-09-07T22:51:08.864141+00:00
744.0,40.12,43.34,40.87,83.0,506,0.19445080459594727,call,2026-11-30,SPY,770.239990234375,2026-09-07T22:51:08.864141+00:00
745.0,39.32,42.55,37.92,4.0,489,0.19323011367797854,call,2026-11-30,SPY,770.239990234375,2026-09-07T22:51:08.864141+00:00
746.0,38.53,41.72,35.35,2.0,504,0.1917042500305176,call,2026-11-30,SPY,770.239990234375,2026-09-07T22:51:08.864141+00:00
747.0,38.02,40.57,42.08,2.0,708,0.18781329772949218,call,2026-11-30,SPY,770.239990234375,2026-09-07T22:51:08.864141+00:00
748.0,36.96,40.2,33.65,1.0,91,0.1895680409240723,call,2026-11-30,SPY,770.239990234375,2026-09-07T22:51:08.864141+00:00
749.0,36.53,38.99,41.54,1.0,152,0.18521932952880854,call,2026-11-30,SPY,770.239990234375,2026-09-07T22:51:08.864141+00:00
750.0,36.55,38.33,37.03,3.0,634,0.1848073463439941,call,2026-11-30,SPY,770.239990234375,2026-09-07T22:51:08.864141+00:00
751.0,35.79,37.67,36.4,3.0,149,0.18436484588623048,call,2026-11-30,SPY,770.239990234375,2026-09-07T22:51:08.864141+00:00
752.0,35.04,36.02,37.36,1.0,108,0.17685759674072266,call,2026-11-30,SPY,770.239990234375,2026-09-07T22:51:08.864141+00:00
753.0,34.29,35.27,33.39,1.0,225,0.17572845764160155,call,2026-11-30,SPY,770.239990234375,2026-09-07T22:51:08.864141+00:00
754.0,33.54,34.52,34.14,2.0,124,0.17456880126953128,call,2026-11-30,SPY,770.239990234375,2026-09-07T22:51:08.864141+00:00
755.0,32.8,33.78,30.59,8.0,316,0.1734549208068848,call,2026-11-30,SPY,770.239990234375,2026-09-07T22:51:08.864141+00:00
756.0,31.11,33.97,32.65,3.0,351,0.17879544357299804,call,2026-11-30,SPY,770.239990234375,2026-09-07T22:51:08.864141+00:00
757.0,30.28,32.32,33.37,1.0,183,0.17124241851806643,call,2026-11-30,SPY,770.239990234375,2026-09-07T22:51:08.864141+00:00
758.0,30.63,31.6,31.27,2.0,592,0.17015905532836917,call,2026-11-30,SPY,770.239990234375,2026-09-07T22:51:08.864141+00:00
759.0,28.98,30.85,30.51,4.0,113,0.16883155395507815,call,2026-11-30,SPY,770.239990234375,2026-09-07T22:51:08.864141+00:00
760.0,29.51,29.75,29.9,20.0,603,0.16506267074584963,call,2026-11-30,SPY,770.239990234375,2026-09-07T22:51:08.864141+00:00
761.0,28.51,29.47,32.1,4.0,123,0.16689370712280277,call,2026-11-30,SPY,770.239990234375,2026-09-07T22:51:08.864141+00:00
762.0,27.82,28.78,29.79,5.0,576,0.16587137847900396,call,2026-11-30,SPY,770.239990234375,2026-09-07T22:51:08.864141+00:00
763.0,27.13,28.09,27.36,9.0,706,0.16480327392578126,call,2026-11-30,SPY,770.239990234375,2026-09-07T22:51:08.864141+00:00
764.0,26.46,27.41,26.79,1.0,273,0.16377331596374514,call,2026-11-30,SPY,770.239990234375,2026-09-07T22:51:08.864141+00:00
765.0,25.79,26.71,26.07,7.0,412,0.16256025436401367,call,2026-11-30,SPY,770.239990234375,2026-09-07T22:51:08.864141+00:00
766.0,25.12,26.08,27.0,1.0,150,0.16178206390380856,call,2026-11-30,SPY,770.239990234375,2026-09-07T22:51:08.864141+00:00
767.0,24.47,25.42,24.65,1.0,84,0.1607597352600098,call,2026-11-30,SPY,770.239990234375,2026-09-07T22:51:08.864141+00:00
768.0,23.83,24.78,24.55,1.0,345,0.15982895843505857,call,2026-11-30,SPY,770.239990234375,2026-09-07T22:51:08.864141+00:00
769.0,23.44,24.14,23.29,95.0,160,0.1588600350189209,call,2026-11-30,SPY,770.239990234375,2026-09-07T22:51:08.864141+00:00
770.0,22.89,23.07,22.94,68.0,1197,0.1549461947631836,call,2026-11-30,SPY,770.239990234375,2026-09-07T22:51:08.864141+00:00
771.0,21.94,22.88,22.26,2.0,458,0.15691455886840822,call,2026-11-30,SPY,770.239990234375,2026-09-07T22:51:08.864141+00:00
772.0,21.72,21.74,21.83,20.0,610,0.1524437783813477,call,2026-11-30,SPY,770.239990234375,2026-09-07T22:51:08.864141+00:00
773.0,21.09,21.14,20.45,49.0,889,0.15155877746582033,call,2026-11-30,SPY,770.239990234375,2026-09-07T22:51:08.864141+00:00
774.0,20.52,20.54,21.09,3.0,320,0.15062800064086918,call,2026-11-30,SPY,770.239990234375,2026-09-07T22:51:08.864141+00:00
775.0,19.93,19.96,20.03,18.0,656,0.14978877563476564,call,2026-11-30,SPY,770.239990234375,2026-09-07T22:51:08.864141+00:00
776.0,19.33,19.38,21.84,24.0,119,0.14888851608276366,call,2026-11-30,SPY,770.239990234375,2026-09-07T22:51:08.864141+00:00
777.0,18.76,18.81,18.77,185.0,167,0.14801877380371098,call,2026-11-30,SPY,770.239990234375,2026-09-07T22:51:08.864141+00:00
778.0,18.2,18.25,18.2,40.0,526,0.1471642901611328,call,2026-11-30,SPY,770.239990234375,2026-09-07T22:51:08.864141+00:00
779.0,17.65,17.7,18.64,10.0,869,0.1463250651550293,call,2026-11-30,SPY,770.239990234375,2026-09-07T22:51:08.864141+00:00
780.0,17.11,17.16,16.87,16.0,3714,0.1454858401489258,call,2026-11-30,SPY,770.239990234375,2026-09-07T22:51:08.864141+00:00
781.0,16.6,16.63,17.03,61.0,627,0.14467713241577146,call,2026-11-30,SPY,770.239990234375,2026-09-07T22:51:08.864141+00:00
782.0,16.08,16.11,16.5,1.0,327,0.1438836833190918,call,2026-11-30,SPY,770.239990234375,2026-09-07T22:51:08.864141+00:00
783.0,15.57,15.6,15.98,6.0,237,0.14310549285888674,call,2026-11-30,SPY,770.239990234375,2026-09-07T22:51:08.864141+00:00
784.0,15.07,15.1,14.68,9.0,50,0.14232730239868163,call,2026-11-30,SPY,770.239990234375,2026-09-07T22:51:08.864141+00:00
785.0,14.58,14.61,14.97,2.0,814,0.1415796292114258,call,2026-11-30,SPY,770.239990234375,2026-09-07T22:51:08.864141+00:00
786.0,14.1,14.13,14.22,2.0,27,0.14083195602416992,call,2026-11-30,SPY,770.239990234375,2026-09-07T22:51:08.864141+00:00
787.0,13.63,13.65,13.99,2.0,13,0.1400385069274902,call,2026-11-30,SPY,770.239990234375,2026-09-07T22:51:08.864141+00:00
788.0,13.15,13.19,13.52,1.0,32,0.1393213510131836,call,2026-11-30,SPY,770.239990234375,2026-09-07T22:51:08.864141+00:00
789.0,12.71,12.74,13.06,1.0,942,0.13861945373535156,call,2026-11-30,SPY,770.239990234375,2026-09-07T22:51:08.864141+00:00
790.0,12.28,12.3,11.98,11.0,1396,0.13791755645751952,call,2026-11-30,SPY,770.239990234375,2026-09-07T22:51:08.864141+00:00
791.0,11.85,11.87,12.18,3.0,8,0.13724617645263676,call,2026-11-30,SPY,770.239990234375,2026-09-07T22:51:08.864141+00:00
792.0,11.41,11.45,11.53,5.0,7,0.13657479644775394,call,2026-11-30,SPY,770.239990234375,2026-09-07T22:51:08.864141+00:00
793.0,11.01,11.04,11.37,359.0,30,0.13591867507934574,call,2026-11-30,SPY,770.239990234375,2026-09-07T22:51:08.864141+00:00
794.0,10.61,10.64,10.35,4.0,24,0.13527781234741215,call,2026-11-30,SPY,770.239990234375,2026-09-07T22:51:08.864141+00:00
795.0,10.23,10.25,10.55,77.0,480,0.13465220825195315,call,2026-11-30,SPY,770.239990234375,2026-09-07T22:51:08.864141+00:00
796.0,9.85,9.88,10.12,132.0,21,0.1341028973388672,call,2026-11-30,SPY,770.239990234375,2026-09-07T22:51:08.864141+00:00
797.0,9.48,9.51,10.93,196.0,207,0.1334925518798828,call,2026-11-30,SPY,770.239990234375,2026-09-07T22:51:08.864141+00:00
798.0,9.1,9.15,10.67,2.0,2,0.13291272369384766,call,2026-11-30,SPY,770.239990234375,2026-09-07T22:51:08.864141+00:00
799.0,8.77,8.8,10.09,,10,0.13233289550781252,call,2026-11-30,SPY,770.239990234375,2026-09-07T22:51:08.864141+00:00
800.0,8.44,8.46,8.32,216.0,2084,0.13176832595825194,call,2026-11-30,SPY,770.239990234375,2026-09-07T22:51:08.864141+00:00
801.0,8.09,8.13,9.65,26.0,44,0.13121901504516603,call,2026-11-30,SPY,770.239990234375,2026-09-07T22:51:08.864141+00:00
802.0,7.78,7.81,9.37,6.0,18,0.13068496276855468,call,2026-11-30,SPY,770.239990234375,2026-09-07T22:51:08.864141+00:00
803.0,7.46,7.5,8.86,1.0,3,0.13016616912841794,call,2026-11-30,SPY,770.239990234375,2026-09-07T22:51:08.864141+00:00
804.0,7.18,7.2,7.16,2.0,6,0.12967789276123048,call,2026-11-30,SPY,770.239990234375,2026-09-07T22:51:08.864141+00:00
805.0,6.88,6.91,7.65,1.0,203,0.12918961639404297,call,2026-11-30,SPY,770.239990234375,2026-09-07T22:51:08.864141+00:00
806.0,6.6,6.63,8.03,32.0,20848,0.1287318572998047,call,2026-11-30,SPY,770.239990234375,2026-09-07T22:51:08.864141+00:00
807.0,6.33,6.36,5.45,,4,0.1283046154785156,call,2026-11-30,SPY,770.239990234375,2026-09-07T22:51:08.864141+00:00
808.0,6.07,6.1,6.62,2.0,106,0.12787737365722657,call,2026-11-30,SPY,770.239990234375,2026-09-07T22:51:08.864141+00:00
809.0,5.81,5.84,4.67,3.0,49,0.12740435592651367,call,2026-11-30,SPY,770.239990234375,2026-09-07T22:51:08.864141+00:00
810.0,5.57,5.6,5.76,3.0,656,0.12703814865112306,call,2026-11-30,SPY,770.239990234375,2026-09-07T22:51:08.864141+00:00
811.0,5.34,5.36,6.01,1.0,166,0.12661090682983395,call,2026-11-30,SPY,770.239990234375,2026-09-07T22:51:08.864141+00:00
812.0,5.1,5.13,5.44,1.0,4,0.12621418228149411,call,2026-11-30,SPY,770.239990234375,2026-09-07T22:51:08.864141+00:00
813.0,4.88,4.91,4.84,1.0,1,0.1258327163696289,call,2026-11-30,SPY,770.239990234375,2026-09-07T22:51:08.864141+00:00
815.0,4.46,4.49,4.42,4.0,337,0.12510030181884768,call,2026-11-30,SPY,770.239990234375,2026-09-07T22:51:08.864141+00:00
816.0,4.27,4.29,3.62,,2,0.12473409454345702,call,2026-11-30,SPY,770.239990234375,2026-09-07T22:51:08.864141+00:00
817.0,4.08,4.1,3.43,2.0,4,0.12439840454101564,call,2026-11-30,SPY,770.239990234375,2026-09-07T22:51:08.864141+00:00
819.0,3.72,3.74,4.7,2.0,7,0.12375754180908202,call,2026-11-30,SPY,770.239990234375,2026-09-07T22:51:08.864141+00:00
820.0,3.55,3.57,3.65,71.0,1954,0.12343711044311526,call,2026-11-30,SPY,770.239990234375,2026-09-07T22:51:08.864141+00:00
825.0,2.8,2.82,2.87,1.0,158,0.12207909179687501,call,2026-11-30,SPY,770.239990234375,2026-09-07T22:51:08.864141+00:00
830.0,2.2,2.22,2.56,3.0,1492,0.12107202178955079,call,2026-11-30,SPY,770.239990234375,2026-09-07T22:51:08.864141+00:00
835.0,1.71,1.73,1.73,1.0,647,0.12012598632812499,call,2026-11-30,SPY,770.239990234375,2026-09-07T22:51:08.864141+00:00
840.0,1.33,1.36,1.29,20.0,332,0.11975977905273436,call,2026-11-30,SPY,770.239990234375,2026-09-07T22:51:08.864141+00:00
845.0,1.04,1.06,1.22,1.0,411,0.11942408905029298,call,2026-11-30,SPY,770.239990234375,2026-09-07T22:51:08.864141+00:00
850.0,0.81,0.84,0.78,325.0,4970,0.11969874450683593,call,2026-11-30,SPY,770.239990234375,2026-09-07T22:51:08.864141+00:00
855.0,0.64,0.66,0.83,2.0,122,0.1198208135986328,call,2026-11-30,SPY,770.239990234375,2026-09-07T22:51:08.864141+00:00
860.0,0.51,0.53,0.53,3.0,651,0.1206142626953125,call,2026-11-30,SPY,770.239990234375,2026-09-07T22:51:08.864141+00:00
865.0,0.41,0.43,0.54,1.0,802,0.1215908154296875,call,2026-11-30,SPY,770.239990234375,2026-09-07T22:51:08.864141+00:00
870.0,0.34,0.35,0.35,2.0,1173,0.12256736816406251,call,2026-11-30,SPY,770.239990234375,2026-09-07T22:51:08.864141+00:00
875.0,0.28,0.29,0.22,1.0,58,0.12391012817382813,call,2026-11-30,SPY,770.239990234375,2026-09-07T22:51:08.864141+00:00
880.0,0.24,0.25,0.25,5.0,1092,0.125985302734375,call,2026-11-30,SPY,770.239990234375,2026-09-07T22:51:08.864141+00:00
885.0,0.2,0.21,0.15,1.0,236,0.1274501318359375,call,2026-11-30,SPY,770.239990234375,2026-09-07T22:51:08.864141+00:00
890.0,0.17,0.19,0.2,1.0,259,0.13013565185546871,call,2026-11-30,SPY,770.239990234375,2026-09-07T22:51:08.864141+00:00
895.0,0.15,0.16,0.13,2501.0,3260,0.13160048095703125,call,2026-11-30,SPY,770.239990234375,2026-09-07T22:51:08.864141+00:00
900.0,0.13,0.14,0.14,85.0,3930,0.133797724609375,call,2026-11-30,SPY,770.239990234375,2026-09-07T22:51:08.864141+00:00
905.0,0.12,0.13,0.13,20.0,140,0.13672738281250002,call,2026-11-30,SPY,770.239990234375,2026-09-07T22:51:08.864141+00:00
910.0,0.1,0.12,0.09,5.0,32,0.13941290283203128,call,2026-11-30,SPY,770.239990234375,2026-09-07T22:51:08.864141+00:00
915.0,0.09,0.1,0.08,20.0,47,0.14038945556640625,call,2026-11-30,SPY,770.239990234375,2026-09-07T22:51:08.864141+00:00
920.0,0.08,0.09,0.1,3.0,257,0.14258669921875,call,2026-11-30,SPY,770.239990234375,2026-09-07T22:51:08.864141+00:00
475.0,0.43,0.44,0.4,31.0,899,0.432622861328125,put,2026-11-30,SPY,770.239990234375,2026-09-07T22:51:08.864141+00:00
480.0,0.45,0.46,0.42,1.0,54,0.4265194067382813,put,2026-11-30,SPY,770.239990234375,2026-09-07T22:51:08.864141+00:00
485.0,0.47,0.48,0.47,2.0,162,0.4204159521484375,put,2026-11-30,SPY,770.239990234375,2026-09-07T22:51:08.864141+00:00
490.0,0.49,0.51,0.58,1.0,74,0.41528905029296875,put,2026-11-30,SPY,770.239990234375,2026-09-07T22:51:08.864141+00:00
495.0,0.52,0.53,0.49,1.0,14,0.40918559570312496,put,2026-11-30,SPY,770.239990234375,2026-09-07T22:51:08.864141+00:00
500.0,0.54,0.55,0.5,10.0,300,0.4028380029296875,put,2026-11-30,SPY,770.239990234375,2026-09-07T22:51:08.864141+00:00
505.0,0.57,0.58,0.56,7.0,120,0.3973448937988281,put,2026-11-30,SPY,770.239990234375,2026-09-07T22:51:08.864141+00:00
510.0,0.6,0.61,0.57,1.0,71,0.3918517846679687,put,2026-11-30,SPY,770.239990234375,2026-09-07T22:51:08.864141+00:00
515.0,0.63,0.64,0.59,1.0,38,0.38611453735351553,put,2026-11-30,SPY,770.239990234375,2026-09-07T22:51:08.864141+00:00
520.0,0.66,0.67,0.79,2.0,21,0.3803772900390625,put,2026-11-30,SPY,770.239990234375,2026-09-07T22:51:08.864141+00:00
525.0,0.69,0.7,0.69,2.0,160,0.3745179736328125,put,2026-11-30,SPY,770.239990234375,2026-09-07T22:51:08.864141+00:00
530.0,0.73,0.74,0.7,15.0,530,0.36939107177734376,put,2026-11-30,SPY,770.239990234375,2026-09-07T22:51:08.864141+00:00
535.0,0.77,0.78,0.74,11.0,141,0.3640200317382813,put,2026-11-30,SPY,770.239990234375,2026-09-07T22:51:08.864141+00:00
540.0,0.8,0.81,0.78,4.0,188,0.3579165771484375,put,2026-11-30,SPY,770.239990234375,2026-09-07T22:51:08.864141+00:00
545.0,0.85,0.86,0.84,5.0,59,0.3529117443847656,put,2026-11-30,SPY,770.239990234375,2026-09-07T22:51:08.864141+00:00
550.0,0.89,0.9,0.87,10.0,717,0.34729656616210935,put,2026-11-30,SPY,770.239990234375,2026-09-07T22:51:08.864141+00:00
555.0,0.93,0.94,0.94,6.0,109,0.3414372497558594,put,2026-11-30,SPY,770.239990234375,2026-09-07T22:51:08.864141+00:00
560.0,0.98,0.99,1.0,3.0,953,0.3360662097167969,put,2026-11-30,SPY,770.239990234375,2026-09-07T22:51:08.864141+00:00
565.0,1.03,1.04,0.98,7.0,587,0.3305731005859375,put,2026-11-30,SPY,770.239990234375,2026-09-07T22:51:08.864141+00:00
570.0,1.09,1.1,1.17,3.0,674,0.3255072332763671,put,2026-11-30,SPY,770.239990234375,2026-09-07T22:51:08.864141+00:00
575.0,1.14,1.16,1.11,5.0,726,0.32019722778320303,put,2026-11-30,SPY,770.239990234375,2026-09-07T22:51:08.864141+00:00
580.0,1.2,1.22,1.16,1.0,420,0.31482618774414056,put,2026-11-30,SPY,770.239990234375,2026-09-07T22:51:08.864141+00:00
581.0,1.22,1.23,1.35,,18,0.3136054968261719,put,2026-11-30,SPY,770.239990234375,2026-09-07T22:51:08.864141+00:00
585.0,1.27,1.28,1.2,2.0,1091,0.30927204406738285,put,2026-11-30,SPY,770.239990234375,2026-09-07T22:51:08.864141+00:00
586.0,1.28,1.29,1.22,2.0,2,0.308051353149414,put,2026-11-30,SPY,770.239990234375,2026-09-07T22:51:08.864141+00:00
587.0,1.29,1.31,1.23,1.0,1,0.30725790405273434,put,2026-11-30,SPY,770.239990234375,2026-09-07T22:51:08.864141+00:00
588.0,1.31,1.32,1.24,1.0,1,0.3060372131347656,put,2026-11-30,SPY,770.239990234375,2026-09-07T22:51:08.864141+00:00
589.0,1.32,1.34,1.59,,2,0.30524376403808595,put,2026-11-30,SPY,770.239990234375,2026-09-07T22:51:08.864141+00:00
590.0,1.33,1.35,1.36,20.0,486,0.3039620385742187,put,2026-11-30,SPY,770.239990234375,2026-09-07T22:51:08.864141+00:00
593.0,1.38,1.39,1.81,,10,0.3006661730957031,put,2026-11-30,SPY,770.239990234375,2026-09-07T22:51:08.864141+00:00
595.0,1.41,1.42,1.68,1.0,226,0.2985909985351562,put,2026-11-30,SPY,770.239990234375,2026-09-07T22:51:08.864141+00:00
596.0,1.42,1.44,1.34,1.0,4,0.29767548034667957,put,2026-11-30,SPY,770.239990234375,2026-09-07T22:51:08.864141+00:00
598.0,1.45,1.47,1.67,,7,0.2955392712402344,put,2026-11-30,SPY,770.239990234375,2026-09-07T22:51:08.864141+00:00
599.0,1.47,1.48,1.78,8.0,7,0.2942575457763671,put,2026-11-30,SPY,770.239990234375,2026-09-07T22:51:08.864141+00:00
600.0,1.48,1.5,1.44,1.0,434,0.2933420275878905,put,2026-11-30,SPY,770.239990234375,2026-09-07T22:51:08.864141+00:00
601.0,1.5,1.52,1.7,,1,0.29242650939941395,put,2026-11-30,SPY,770.239990234375,2026-09-07T22:51:08.864141+00:00
603.0,1.53,1.55,1.98,,3,0.2902292657470703,put,2026-11-30,SPY,770.239990234375,2026-09-07T22:51:08.864141+00:00
605.0,1.56,1.58,1.99,50.0,809,0.287970987548828,put,2026-11-30,SPY,770.239990234375,2026-09-07T22:51:08.864141+00:00
606.0,1.58,1.6,2.08,,9,0.2869944348144531,put,2026-11-30,SPY,770.239990234375,2026-09-07T22:51:08.864141+00:00
608.0,1.62,1.63,1.97,,2,0.2847361566162109,put,2026-11-30,SPY,770.239990234375,2026-09-07T22:51:08.864141+00:00
609.0,1.63,1.65,2.03,,5,0.28375960388183585,put,2026-11-30,SPY,770.239990234375,2026-09-07T22:51:08.864141+00:00
610.0,1.65,1.67,1.56,7.0,817,0.2827220166015625,put,2026-11-30,SPY,770.239990234375,2026-09-07T22:51:08.864141+00:00
611.0,1.67,1.69,2.16,,6,0.28174546386718746,put,2026-11-30,SPY,770.239990234375,2026-09-07T22:51:08.864141+00:00
612.0,1.69,1.71,1.93,20022.0,20400,0.28076891113281244,put,2026-11-30,SPY,770.239990234375,2026-09-07T22:51:08.864141+00:00
615.0,1.74,1.76,1.73,5.0,633,0.27735097656249996,put,2026-11-30,SPY,770.239990234375,2026-09-07T22:51:08.864141+00:00
616.0,1.76,1.78,2.12,1.0,4,0.2763133892822265,put,2026-11-30,SPY,770.239990234375,2026-09-07T22:51:08.864141+00:00
617.0,1.78,1.8,2.11,,1,0.2752758020019531,put,2026-11-30,SPY,770.239990234375,2026-09-07T22:51:08.864141+00:00
618.0,1.8,1.82,1.75,,1,0.27423821472167964,put,2026-11-30,SPY,770.239990234375,2026-09-07T22:51:08.864141+00:00
619.0,1.82,1.84,2.39,,9,0.2731395928955078,put,2026-11-30,SPY,770.239990234375,2026-09-07T22:51:08.864141+00:00
620.0,1.84,1.86,1.86,5.0,486,0.27210200561523434,put,2026-11-30,SPY,770.239990234375,2026-09-07T22:51:08.864141+00:00
624.0,1.93,1.95,2.29,,1,0.2680432083129882,put,2026-11-30,SPY,770.239990234375,2026-09-07T22:51:08.864141+00:00
625.0,1.95,1.97,1.86,11.0,409,0.2669140692138672,put,2026-11-30,SPY,770.239990234375,2026-09-07T22:51:08.864141+00:00
627.0,1.99,2.01,2.31,,3,0.26471682556152343,put,2026-11-30,SPY,770.239990234375,2026-09-07T22:51:08.864141+00:00
630.0,2.06,2.09,1.98,44.0,185,0.2618482019042969,put,2026-11-30,SPY,770.239990234375,2026-09-07T22:51:08.864141+00:00
631.0,2.09,2.11,2.65,,4,0.26068854553222653,put,2026-11-30,SPY,770.239990234375,2026-09-07T22:51:08.864141+00:00
633.0,2.13,2.16,2.02,1.0,0,0.2586133709716797,put,2026-11-30,SPY,770.239990234375,2026-09-07T22:51:08.864141+00:00
635.0,2.18,2.21,2.17,16.0,52,0.25653819641113285,put,2026-11-30,SPY,770.239990234375,2026-09-07T22:51:08.864141+00:00
636.0,2.21,2.24,2.16,1.0,1,0.25559216094970705,put,2026-11-30,SPY,770.239990234375,2026-09-07T22:51:08.864141+00:00
638.0,2.26,2.29,2.4,,2,0.2534254345703125,put,2026-11-30,SPY,770.239990234375,2026-09-07T22:51:08.864141+00:00
639.0,2.29,2.31,2.44,,1,0.2522352609252929,put,2026-11-30,SPY,770.239990234375,2026-09-07T22:51:08.864141+00:00
640.0,2.32,2.34,2.31,201.0,515,0.2512587081909179,put,2026-11-30,SPY,770.239990234375,2026-09-07T22:51:08.864141+00:00
643.0,2.4,2.43,2.55,,1,0.24826801544189453,put,2026-11-30,SPY,770.239990234375,2026-09-07T22:51:08.864141+00:00
645.0,2.46,2.48,2.31,1.0,46,0.24597921997070313,put,2026-11-30,SPY,770.239990234375,2026-09-07T22:51:08.864141+00:00
646.0,2.49,2.52,2.92,,2,0.24518577087402343,put,2026-11-30,SPY,770.239990234375,2026-09-07T22:51:08.864141+00:00
647.0,2.52,2.54,2.68,,6,0.24390404541015626,put,2026-11-30,SPY,770.239990234375,2026-09-07T22:51:08.864141+00:00
648.0,2.55,2.58,2.52,,2,0.2430800790405273,put,2026-11-30,SPY,770.239990234375,2026-09-07T22:51:08.864141+00:00
649.0,2.58,2.61,2.53,60.0,0,0.2420119744873047,put,2026-11-30,SPY,770.239990234375,2026-09-07T22:51:08.864141+00:00
650.0,2.61,2.64,2.59,120.0,436,0.240943869934082,put,2026-11-30,SPY,770.239990234375,2026-09-07T22:51:08.864141+00:00
651.0,2.65,2.67,2.55,3.0,2,0.23987576538085933,put,2026-11-30,SPY,770.239990234375,2026-09-07T22:51:08.864141+00:00
652.0,2.68,2.71,2.85,1.0,154,0.2389602471923828,put,2026-11-30,SPY,770.239990234375,2026-09-07T22:51:08.864141+00:00
653.0,2.71,2.74,2.88,,1,0.23786162536621092,put,2026-11-30,SPY,770.239990234375,2026-09-07T22:51:08.864141+00:00
655.0,2.78,2.81,2.79,51.0,734,0.23584748535156247,put,2026-11-30,SPY,770.239990234375,2026-09-07T22:51:08.864141+00:00
656.0,2.82,2.84,3.0,,2,0.23471834625244142,put,2026-11-30,SPY,770.239990234375,2026-09-07T22:51:08.864141+00:00
657.0,2.85,2.88,2.68,2.0,3,0.2337723107910156,put,2026-11-30,SPY,770.239990234375,2026-09-07T22:51:08.864141+00:00
658.0,2.89,2.92,3.64,,1,0.23282627532958983,put,2026-11-30,SPY,770.239990234375,2026-09-07T22:51:08.864141+00:00
659.0,2.93,2.96,2.75,2.0,5,0.2318497225952148,put,2026-11-30,SPY,770.239990234375,2026-09-07T22:51:08.864141+00:00
660.0,2.96,2.99,2.98,64.0,649,0.2306595489501953,put,2026-11-30,SPY,770.239990234375,2026-09-07T22:51:08.864141+00:00
661.0,3.0,3.03,3.19,1.0,4,0.2296829962158203,put,2026-11-30,SPY,770.239990234375,2026-09-07T22:51:08.864141+00:00
662.0,3.04,3.07,2.85,2.0,2,0.22867592620849608,put,2026-11-30,SPY,770.239990234375,2026-09-07T22:51:08.864141+00:00
663.0,3.08,3.11,3.5,2.0,2,0.22766885620117186,put,2026-11-30,SPY,770.239990234375,2026-09-07T22:51:08.864141+00:00
664.0,3.12,3.15,3.03,7.0,9,0.2266312689208984,put,2026-11-30,SPY,770.239990234375,2026-09-07T22:51:08.864141+00:00
665.0,3.16,3.19,3.12,21.0,273,0.225593681640625,put,2026-11-30,SPY,770.239990234375,2026-09-07T22:51:08.864141+00:00
666.0,3.2,3.23,3.15,3.0,7,0.2245560943603515,put,2026-11-30,SPY,770.239990234375,2026-09-07T22:51:08.864141+00:00
668.0,3.29,3.32,3.08,2.0,5,0.22260298889160152,put,2026-11-30,SPY,770.239990234375,2026-09-07T22:51:08.864141+00:00
670.0,3.38,3.41,3.31,60.0,526,0.2205888488769531,put,2026-11-30,SPY,770.239990234375,2026-09-07T22:51:08.864141+00:00
671.0,3.42,3.45,3.89,2.0,2,0.21949022705078125,put,2026-11-30,SPY,770.239990234375,2026-09-07T22:51:08.864141+00:00
672.0,3.47,3.5,3.35,3.0,10,0.21854419158935545,put,2026-11-30,SPY,770.239990234375,2026-09-07T22:51:08.864141+00:00
673.0,3.52,3.55,3.41,13.0,148,0.21756763885498048,put,2026-11-30,SPY,770.239990234375,2026-09-07T22:51:08.864141+00:00
674.0,3.56,3.59,3.46,8.0,99,0.21643849975585935,put,2026-11-30,SPY,770.239990234375,2026-09-07T22:51:08.864141+00:00
675.0,3.61,3.64,3.52,21.0,285,0.21546194702148438,put,2026-11-30,SPY,770.239990234375,2026-09-07T22:51:08.864141+00:00
676.0,3.66,3.69,3.58,18.0,142,0.21445487701416016,put,2026-11-30,SPY,770.239990234375,2026-09-07T22:51:08.864141+00:00
677.0,3.71,3.74,3.68,34.0,264,0.21341728973388674,put,2026-11-30,SPY,770.239990234375,2026-09-07T22:51:08.864141+00:00
678.0,3.76,3.79,3.92,1.0,184,0.2124102197265625,put,2026-11-30,SPY,770.239990234375,2026-09-07T22:51:08.864141+00:00
679.0,3.81,3.84,3.7,23.0,388,0.21134211517333978,put,2026-11-30,SPY,770.239990234375,2026-09-07T22:51:08.864141+00:00
680.0,3.86,3.9,3.83,48.0,320,0.2104571142578125,put,2026-11-30,SPY,770.239990234375,2026-09-07T22:51:08.864141+00:00
681.0,3.92,3.95,3.88,255.0,37,0.2093890097045898,put,2026-11-30,SPY,770.239990234375,2026-09-07T22:51:08.864141+00:00
682.0,3.97,4.01,3.72,1.0,17,0.208442974243164,put,2026-11-30,SPY,770.239990234375,2026-09-07T22:51:08.864141+00:00
683.0,4.03,4.06,3.99,259.0,28,0.20734435241699217,put,2026-11-30,SPY,770.239990234375,2026-09-07T22:51:08.864141+00:00
684.0,4.09,4.12,3.82,2.0,18837,0.20636779968261715,put,2026-11-30,SPY,770.239990234375,2026-09-07T22:51:08.864141+00:00
685.0,4.14,4.18,4.1,145.0,4280,0.20539124694824218,put,2026-11-30,SPY,770.239990234375,2026-09-07T22:51:08.864141+00:00
686.0,4.2,4.24,4.16,221.0,36,0.20441469421386715,put,2026-11-30,SPY,770.239990234375,2026-09-07T22:51:08.864141+00:00
687.0,4.26,4.3,4.21,2.0,7,0.20339236557006835,put,2026-11-30,SPY,770.239990234375,2026-09-07T22:51:08.864141+00:00
688.0,4.32,4.36,4.23,3.0,131,0.20237003692626948,put,2026-11-30,SPY,770.239990234375,2026-09-07T22:51:08.864141+00:00
689.0,4.39,4.42,4.34,27.0,233,0.20133244964599606,put,2026-11-30,SPY,770.239990234375,2026-09-07T22:51:08.864141+00:00
690.0,4.45,4.48,4.28,9.0,385,0.2002643450927734,put,2026-11-30,SPY,770.239990234375,2026-09-07T22:51:08.864141+00:00
691.0,4.51,4.55,4.2,1.0,31,0.19934882690429687,put,2026-11-30,SPY,770.239990234375,2026-09-07T22:51:08.864141+00:00
692.0,4.58,4.61,4.53,391.0,730,0.198250205078125,put,2026-11-30,SPY,770.239990234375,2026-09-07T22:51:08.864141+00:00
693.0,4.65,4.68,4.42,2.0,49,0.19727365234375,put,2026-11-30,SPY,770.239990234375,2026-09-07T22:51:08.864141+00:00
694.0,4.71,4.75,4.66,4.0,71,0.196297099609375,put,2026-11-30,SPY,770.239990234375,2026-09-07T22:51:08.864141+00:00
695.0,4.78,4.82,4.73,267.0,250,0.19529002960205077,put,2026-11-30,SPY,770.239990234375,2026-09-07T22:51:08.864141+00:00
696.0,4.86,4.89,4.75,1.0,15,0.19428295959472658,put,2026-11-30,SPY,770.239990234375,2026-09-07T22:51:08.864141+00:00
697.0,4.93,4.96,4.82,4.0,174,0.19324537231445313,put,2026-11-30,SPY,770.239990234375,2026-09-07T22:51:08.864141+00:00
698.0,5.0,5.04,4.66,1.0,256,0.19231459548950197,put,2026-11-30,SPY,770.239990234375,2026-09-07T22:51:08.864141+00:00
699.0,5.08,5.11,4.73,2.0,73,0.19124649093627932,put,2026-11-30,SPY,770.239990234375,2026-09-07T22:51:08.864141+00:00
700.0,5.15,5.19,5.09,89.0,1357,0.1902851968383789,put,2026-11-30,SPY,770.239990234375,2026-09-07T22:51:08.864141+00:00
701.0,5.23,5.27,5.9,2.0,21,0.18930864410400394,put,2026-11-30,SPY,770.239990234375,2026-09-07T22:51:08.864141+00:00
702.0,5.31,5.34,5.12,5.0,106,0.18817950500488279,put,2026-11-30,SPY,770.239990234375,2026-09-07T22:51:08.864141+00:00
703.0,5.39,5.43,6.9,2.0,7,0.1872945040893555,put,2026-11-30,SPY,770.239990234375,2026-09-07T22:51:08.864141+00:00
704.0,5.48,5.51,5.1,2.0,183,0.18625691680908202,put,2026-11-30,SPY,770.239990234375,2026-09-07T22:51:08.864141+00:00
705.0,5.56,5.59,5.44,14.0,474,0.18518881225585934,put,2026-11-30,SPY,770.239990234375,2026-09-07T22:51:08.864141+00:00
706.0,5.65,5.68,5.61,1.0,249,0.18424277679443357,put,2026-11-30,SPY,770.239990234375,2026-09-07T22:51:08.864141+00:00
707.0,5.74,5.77,5.68,201.0,46,0.18326622406005855,put,2026-11-30,SPY,770.239990234375,2026-09-07T22:51:08.864141+00:00
708.0,5.83,5.86,5.63,4.0,34,0.18225915405273438,put,2026-11-30,SPY,770.239990234375,2026-09-07T22:51:08.864141+00:00
709.0,5.92,5.95,5.63,2.0,438,0.18125208404541016,put,2026-11-30,SPY,770.239990234375,2026-09-07T22:51:08.864141+00:00
710.0,6.01,6.05,5.92,29.0,441,0.18030604858398439,put,2026-11-30,SPY,770.239990234375,2026-09-07T22:51:08.864141+00:00
711.0,6.11,6.14,5.65,5.0,208,0.17926846130371094,put,2026-11-30,SPY,770.239990234375,2026-09-07T22:51:08.864141+00:00
712.0,6.2,6.24,6.28,1.0,1254,0.17829190856933597,put,2026-11-30,SPY,770.239990234375,2026-09-07T22:51:08.864141+00:00
713.0,6.3,6.34,6.23,5.0,18,0.17730009719848633,put,2026-11-30,SPY,770.239990234375,2026-09-07T22:51:08.864141+00:00
714.0,6.41,6.44,6.02,1.0,226,0.17627776855468752,put,2026-11-30,SPY,770.239990234375,2026-09-07T22:51:08.864141+00:00
715.0,6.51,6.55,6.07,18.0,233,0.17536225036621095,put,2026-11-30,SPY,770.239990234375,2026-09-07T22:51:08.864141+00:00
716.0,6.62,6.65,8.57,1.0,89,0.1742941458129883,put,2026-11-30,SPY,770.239990234375,2026-09-07T22:51:08.864141+00:00
717.0,6.72,6.75,7.86,1.0,65,0.17322604125976562,put,2026-11-30,SPY,770.239990234375,2026-09-07T22:51:08.864141+00:00
718.0,6.84,6.87,6.57,304.0,54,0.1723257817077637,put,2026-11-30,SPY,770.239990234375,2026-09-07T22:51:08.864141+00:00
719.0,6.95,6.98,8.06,2.0,24,0.17130345306396483,put,2026-11-30,SPY,770.239990234375,2026-09-07T22:51:08.864141+00:00
720.0,7.06,7.1,6.8,43.0,895,0.17035741760253909,put,2026-11-30,SPY,770.239990234375,2026-09-07T22:51:08.864141+00:00
721.0,7.18,7.22,6.92,2.0,190,0.16938086486816406,put,2026-11-30,SPY,770.239990234375,2026-09-07T22:51:08.864141+00:00
722.0,7.3,7.33,7.02,8.0,63,0.16829750167846685,put,2026-11-30,SPY,770.239990234375,2026-09-07T22:51:08.864141+00:00
723.0,7.43,7.46,7.06,1.0,247,0.16736672485351564,put,2026-11-30,SPY,770.239990234375,2026-09-07T22:51:08.864141+00:00
724.0,7.55,7.59,7.45,2.0,393,0.16642068939208987,put,2026-11-30,SPY,770.239990234375,2026-09-07T22:51:08.864141+00:00
725.0,7.68,7.72,7.7,7.0,888,0.16544413665771485,put,2026-11-30,SPY,770.239990234375,2026-09-07T22:51:08.864141+00:00
726.0,7.82,7.85,8.85,1.0,96,0.1644523252868652,put,2026-11-30,SPY,770.239990234375,2026-09-07T22:51:08.864141+00:00
727.0,7.95,7.99,7.65,3.0,20438,0.16352154846191408,put,2026-11-30,SPY,770.239990234375,2026-09-07T22:51:08.864141+00:00
728.0,8.09,8.13,7.65,1.0,310,0.16256025436401367,put,2026-11-30,SPY,770.239990234375,2026-09-07T22:51:08.864141+00:00
729.0,8.23,8.27,7.77,2.0,69,0.16156844299316403,put,2026-11-30,SPY,770.239990234375,2026-09-07T22:51:08.864141+00:00
730.0,8.38,8.42,8.29,54.0,756,0.1606376661682129,put,2026-11-30,SPY,770.239990234375,2026-09-07T22:51:08.864141+00:00
731.0,8.52,8.56,8.06,1.0,61,0.15960007888793942,put,2026-11-30,SPY,770.239990234375,2026-09-07T22:51:08.864141+00:00
732.0,8.68,8.72,8.11,3.0,28,0.15869981933593752,put,2026-11-30,SPY,770.239990234375,2026-09-07T22:51:08.864141+00:00
733.0,8.83,8.87,8.68,1.0,46,0.15769274932861327,put,2026-11-30,SPY,770.239990234375,2026-09-07T22:51:08.864141+00:00
734.0,8.99,9.03,8.73,7.0,99,0.1567314552307129,put,2026-11-30,SPY,770.239990234375,2026-09-07T22:51:08.864141+00:00
735.0,9.15,9.2,9.0,13.0,475,0.15583119567871095,put,2026-11-30,SPY,770.239990234375,2026-09-07T22:51:08.864141+00:00
736.0,9.32,9.37,9.22,68.0,135,0.15490041885375982,put,2026-11-30,SPY,770.239990234375,2026-09-07T22:51:08.864141+00:00
737.0,9.49,9.53,10.94,2.0,184,0.15384757293701173,put,2026-11-30,SPY,770.239990234375,2026-09-07T22:51:08.864141+00:00
738.0,9.67,9.71,11.67,3.0,390,0.15294731338500983,put,2026-11-30,SPY,770.239990234375,2026-09-07T22:51:08.864141+00:00
739.0,9.84,9.89,10.24,13.0,174,0.15200127792358398,put,2026-11-30,SPY,770.239990234375,2026-09-07T22:51:08.864141+00:00
740.0,10.03,10.08,9.85,97.0,1802,0.15110101837158207,put,2026-11-30,SPY,770.239990234375,2026-09-07T22:51:08.864141+00:00
741.0,10.22,10.26,11.06,4.0,115,0.15009394836425782,put,2026-11-30,SPY,770.239990234375,2026-09-07T22:51:08.864141+00:00
742.0,10.41,10.45,12.57,1.0,124,0.1491173956298828,put,2026-11-30,SPY,770.239990234375,2026-09-07T22:51:08.864141+00:00
743.0,10.61,10.65,11.45,2.0,97,0.14820187744140628,put,2026-11-30,SPY,770.239990234375,2026-09-07T22:51:08.864141+00:00
744.0,10.81,10.86,10.18,1.0,48,0.14733213516235355,put,2026-11-30,SPY,770.239990234375,2026-09-07T22:51:08.864141+00:00
745.0,11.02,11.07,10.89,110.0,211,0.14641661697387692,put,2026-11-30,SPY,770.239990234375,2026-09-07T22:51:08.864141+00:00
746.0,11.23,11.28,11.13,11.0,498,0.14547058151245118,put,2026-11-30,SPY,770.239990234375,2026-09-07T22:51:08.864141+00:00
747.0,11.45,11.49,12.49,1.0,61,0.14447877014160154,put,2026-11-30,SPY,770.239990234375,2026-09-07T22:51:08.864141+00:00
748.0,11.67,11.72,13.35,2.0,363,0.1436090278625488,put,2026-11-30,SPY,770.239990234375,2026-09-07T22:51:08.864141+00:00
749.0,11.9,11.95,11.76,3.0,446,0.1426935096740723,put,2026-11-30,SPY,770.239990234375,2026-09-07T22:51:08.864141+00:00
750.0,12.13,12.17,11.99,63.0,2283,0.14167118103027343,put,2026-11-30,SPY,770.239990234375,2026-09-07T22:51:08.864141+00:00
751.0,12.37,12.41,11.44,9.0,63,0.14075566284179689,put,2026-11-30,SPY,770.239990234375,2026-09-07T22:51:08.864141+00:00
752.0,12.62,12.67,12.47,64.0,149,0.13994695510864258,put,2026-11-30,SPY,770.239990234375,2026-09-07T22:51:08.864141+00:00
753.0,12.87,12.91,12.14,1.0,72,0.1389475144195557,put,2026-11-30,SPY,770.239990234375,2026-09-07T22:51:08.864141+00:00
754.0,13.13,13.18,12.97,3.0,88,0.13813117736816405,put,2026-11-30,SPY,770.239990234375,2026-09-07T22:51:08.864141+00:00
755.0,13.39,13.45,13.25,14.0,209,0.13726143508911137,put,2026-11-30,SPY,770.239990234375,2026-09-07T22:51:08.864141+00:00
756.0,13.66,13.7,13.28,1.0,47,0.13620858917236328,put,2026-11-30,SPY,770.239990234375,2026-09-07T22:51:08.864141+00:00
757.0,13.94,14.0,13.25,14.0,297,0.13547617462158207,put,2026-11-30,SPY,770.239990234375,2026-09-07T22:51:08.864141+00:00
758.0,14.22,14.29,16.13,40.0,154,0.13460643234252934,put,2026-11-30,SPY,770.239990234375,2026-09-07T22:51:08.864141+00:00
759.0,14.52,14.58,15.25,52.0,198,0.13370617279052732,put,2026-11-30,SPY,770.239990234375,2026-09-07T22:51:08.864141+00:00
760.0,14.82,14.86,14.86,30.0,2259,0.13269910278320313,put,2026-11-30,SPY,770.239990234375,2026-09-07T22:51:08.864141+00:00
761.0,15.12,15.19,14.38,1.0,867,0.13196668823242189,put,2026-11-30,SPY,770.239990234375,2026-09-07T22:51:08.864141+00:00
762.0,15.44,15.5,14.37,2.0,129,0.1310664286804199,put,2026-11-30,SPY,770.239990234375,2026-09-07T22:51:08.864141+00:00
763.0,15.76,15.81,14.95,1.0,122,0.1301127639007568,put,2026-11-30,SPY,770.239990234375,2026-09-07T22:51:08.864141+00:00
764.0,16.09,16.14,15.36,15.0,63,0.12925065093994142,put,2026-11-30,SPY,770.239990234375,2026-09-07T22:51:08.864141+00:00
765.0,16.43,16.47,16.57,179.0,337,0.12831987411499018,put,2026-11-30,SPY,770.239990234375,2026-09-07T22:51:08.864141+00:00
766.0,16.78,16.83,15.63,197.0,568,0.1275569422912598,put,2026-11-30,SPY,770.239990234375,2026-09-07T22:51:08.864141+00:00
767.0,17.14,17.18,16.19,1.0,75,0.1266719413757324,put,2026-11-30,SPY,770.239990234375,2026-09-07T22:51:08.864141+00:00
768.0,17.5,17.57,16.7,107.0,247,0.12600056137084958,put,2026-11-30,SPY,770.239990234375,2026-09-07T22:51:08.864141+00:00
769.0,17.88,17.92,17.08,71.0,642,0.12500875,put,2026-11-30,SPY,770.239990234375,2026-09-07T22:51:08.864141+00:00
770.0,18.26,18.33,18.42,97.0,668,0.1243526286315918,put,2026-11-30,SPY,770.239990234375,2026-09-07T22:51:08.864141+00:00
771.0,18.65,18.72,17.89,236.0,148,0.1235134036254883,put,2026-11-30,SPY,770.239990234375,2026-09-07T22:51:08.864141+00:00
772.0,19.06,19.1,18.96,129.0,80,0.12255210952758791,put,2026-11-30,SPY,770.239990234375,2026-09-07T22:51:08.864141+00:00
773.0,19.47,19.54,19.16,7.0,352,0.1219265054321289,put,2026-11-30,SPY,770.239990234375,2026-09-07T22:51:08.864141+00:00
774.0,19.89,19.96,19.66,196.0,306,0.1211177976989746,put,2026-11-30,SPY,770.239990234375,2026-09-07T22:51:08.864141+00:00
775.0,20.32,20.39,20.22,8.0,1316,0.1203090899658203,put,2026-11-30,SPY,770.239990234375,2026-09-07T22:51:08.864141+00:00
776.0,20.77,20.81,24.72,3.0,101,0.11937831314086914,put,2026-11-30,SPY,770.239990234375,2026-09-07T22:51:08.864141+00:00
777.0,21.22,21.29,19.95,2.0,181,0.11878322631835936,put,2026-11-30,SPY,770.239990234375,2026-09-07T22:51:08.864141+00:00
778.0,21.68,21.73,19.97,145.0,150,0.1178524494934082,put,2026-11-30,SPY,770.239990234375,2026-09-07T22:51:08.864141+00:00
779.0,22.16,22.21,21.26,3.0,759,0.11712003494262696,put,2026-11-30,SPY,770.239990234375,2026-09-07T22:51:08.864141+00:00
780.0,22.65,22.72,22.46,4.0,166,0.1165402067565918,put,2026-11-30,SPY,770.239990234375,2026-09-07T22:51:08.864141+00:00
781.0,23.14,23.19,22.68,1.0,126,0.11560942993164064,put,2026-11-30,SPY,770.239990234375,2026-09-07T22:51:08.864141+00:00
782.0,23.65,23.73,24.33,2.0,2,0.11510589492797851,put,2026-11-30,SPY,770.239990234375,2026-09-07T22:51:08.864141+00:00
783.0,23.04,25.45,28.3,1.0,3,0.12275047180175781,put,2026-11-30,SPY,770.239990234375,2026-09-07T22:51:08.864141+00:00
785.0,24.08,26.1,25.25,9.0,146,0.11846279495239259,put,2026-11-30,SPY,770.239990234375,2026-09-07T22:51:08.864141+00:00
786.0,24.62,27.15,25.63,,65,0.12133904792785644,put,2026-11-30,SPY,770.239990234375,2026-09-07T22:51:08.864141+00:00
789.0,26.3,28.66,31.72,,1,0.11795925994873047,put,2026-11-30,SPY,770.239990234375,2026-09-07T22:51:08.864141+00:00
790.0,27.66,29.27,27.98,2.0,288,0.11745572494506837,put,2026-11-30,SPY,770.239990234375,2026-09-07T22:51:08.864141+00:00
794.0,29.79,31.7,34.05,1.0,17,0.11464813583374026,put,2026-11-30,SPY,770.239990234375,2026-09-07T22:51:08.864141+00:00
795.0,29.67,33.15,37.15,1.0,19,0.12029383132934571,put,2026-11-30,SPY,770.239990234375,2026-09-07T22:51:08.864141+00:00
800.0,33.17,36.62,32.03,1.0,45,0.11860012268066406,put,2026-11-30,SPY,770.239990234375,2026-09-07T22:51:08.864141+00:00
805.0,36.98,40.5,35.6,1.0,7,0.11878322631835936,put,2026-11-30,SPY,770.239990234375,2026-09-07T22:51:08.864141+00:00
810.0,41.1,44.62,46.83,20.0,85,0.11979029632568358,put,2026-11-30,SPY,770.239990234375,2026-09-07T22:51:08.864141+00:00
813.0,43.69,47.21,49.03,,2,0.12096521133422852,put,2026-11-30,SPY,770.239990234375,2026-09-07T22:51:08.864141+00:00
815.0,45.47,48.99,47.5,1.0,12,0.12210960906982424,put,2026-11-30,SPY,770.239990234375,2026-09-07T22:51:08.864141+00:00
820.0,50.06,53.57,54.82,2.0,4,0.1257869404602051,put,2026-11-30,SPY,770.239990234375,2026-09-07T22:51:08.864141+00:00
825.0,54.79,58.28,56.18,1.0,19,0.13033401412963863,put,2026-11-30,SPY,770.239990234375,2026-09-07T22:51:08.864141+00:00
830.0,59.64,63.16,61.0,15.0,16,0.13649850326538088,put,2026-11-30,SPY,770.239990234375,2026-09-07T22:51:08.864141+00:00
835.0,64.54,68.06,98.95,,1,0.14264773376464845,put,2026-11-30,SPY,770.239990234375,2026-09-07T22:51:08.864141+00:00
840.0,69.48,73.0,61.99,26.0,0,0.1491173956298828,put,2026-11-30,SPY,770.239990234375,2026-09-07T22:51:08.864141+00:00
845.0,74.45,77.97,110.81,1.0,0,0.15580067840576173,put,2026-11-30,SPY,770.239990234375,2026-09-07T22:51:08.864141+00:00
850.0,84.61,87.82,110.88,1.0,0,0.21852893295288084,put,2026-11-30,SPY,770.239990234375,2026-09-07T22:51:08.864141+00:00
860.0,89.39,92.91,93.82,2.0,2,0.17545380218505857,put,2026-11-30,SPY,770.239990234375,2026-09-07T22:51:08.864141+00:00
870.0,99.38,102.89,100.21,,0,0.1883015740966797,put,2026-11-30,SPY,770.239990234375,2026-09-07T22:51:08.864141+00:00
885.0,114.35,117.87,112.05,,0,0.20694762786865228,put,2026-11-30,SPY,770.239990234375,2026-09-07T22:51:08.864141+00:00
900.0,129.32,132.84,133.42,1.0,0,0.22467816345214842,put,2026-11-30,SPY,770.239990234375,2026-09-07T22:51:08.864141+00:00
920.0,149.3,152.81,146.99,,1,0.2474440490722656,put,2026-11-30,SPY,770.239990234375,2026-09-07T22:51:08.864141+00:00
