strike,bid,ask,last_price,volume,open_interest,vendor_implied_volatility,option_type,expiration,ticker,spot,download_timestamp
300.0,477.43,479.94,477.15,2.0,43.0,2.441410146484375,call,2026-10-16,SPY,778.530029296875,2026-10-10T00:03:13.902127+00:00
305.0,472.43,474.92,472.14,2.0,62.0,2.3789103027343748,call,2026-10-16,SPY,778.530029296875,2026-10-10T00:03:13.902127+00:00
310.0,467.44,469.94,467.28,2.0,1.0,2.3710978222656243,call,2026-10-16,SPY,778.530029296875,2026-10-10T00:03:13.902127+00:00
315.0,462.44,464.95,447.83,5.0,0.0,2.339847900390624,call,2026-10-16,SPY,778.530029296875,2026-10-10T00:03:13.902127+00:00
320.0,457.44,459.93,448.74,24.0,3.0,2.285160537109375,call,2026-10-16,SPY,778.530029296875,2026-10-10T00:03:13.902127+00:00
325.0,0.0,0.0,442.67,,0.0,1.0000000000000003e-05,call,2026-10-16,SPY,778.530029296875,2026-10-10T00:03:13.902127+00:00
330.0,0.0,0.0,437.51,15.0,0.0,1.0000000000000003e-05,call,2026-10-16,SPY,778.530029296875,2026-10-10T00:03:13.902127+00:00
335.0,0.0,0.0,432.71,15.0,0.0,1.0000000000000003e-05,call,2026-10-16,SPY,778.530029296875,2026-10-10T00:03:13.902127+00:00
340.0,0.0,0.0,415.74,,0.0,1.0000000000000003e-05,call,2026-10-16,SPY,778.530029296875,2026-10-10T00:03:13.902127+00:00
350.0,427.46,429.92,420.38,3.0,3.0,2.0742235644531246,call,2026-10-16,SPY,778.530029296875,2026-10-10T00:03:13.902127+00:00
355.0,422.46,424.97,414.21,,0.0,2.0781298046874994,call,2026-10-16,SPY,778.530029296875,2026-10-10T00:03:13.902127+00:00
360.0,417.47,419.97,411.77,3.0,0.0,2.050786123046875,call,2026-10-16,SPY,778.530029296875,2026-10-10T00:03:13.902127+00:00
365.0,398.31,400.99,388.48,,1.0,1.0000000000000003e-05,call,2026-10-16,SPY,778.530029296875,2026-10-10T00:03:13.902127+00:00
380.0,397.68,399.97,388.87,6.0,2.0,2.025395561523437,call,2026-10-16,SPY,778.530029296875,2026-10-10T00:03:13.902127+00:00
390.0,387.49,390.02,378.3,1.0,1.0,1.890625546875,call,2026-10-16,SPY,778.530029296875,2026-10-10T00:03:13.902127+00:00
400.0,0.0,0.0,375.11,2.0,0.0,1.0000000000000003e-05,call,2026-10-16,SPY,778.530029296875,2026-10-10T00:03:13.902127+00:00
405.0,351.06,354.54,335.63,,1.0,1.0000000000000003e-05,call,2026-10-16,SPY,778.530029296875,2026-10-10T00:03:13.902127+00:00
410.0,346.11,349.62,330.56,,1.0,1.0000000000000003e-05,call,2026-10-16,SPY,778.530029296875,2026-10-10T00:03:13.902127+00:00
420.0,357.51,360.01,352.54,4.0,0.0,1.7070327148437499,call,2026-10-16,SPY,778.530029296875,2026-10-10T00:03:13.902127+00:00
440.0,323.5,326.28,298.33,,1.0,1.0000000000000003e-05,call,2026-10-16,SPY,778.530029296875,2026-10-10T00:03:13.902127+00:00
445.0,332.58,335.03,314.16,36.0,0.0,1.5947285888671874,call,2026-10-16,SPY,778.530029296875,2026-10-10T00:03:13.902127+00:00
450.0,327.97,329.95,317.93,1.0,701.0,1.6621110644531252,call,2026-10-16,SPY,778.530029296875,2026-10-10T00:03:13.902127+00:00
455.0,322.7,325.04,308.15,,0.0,1.5800802246093748,call,2026-10-16,SPY,778.530029296875,2026-10-10T00:03:13.902127+00:00
460.0,317.54,320.04,302.99,,0.0,1.4960962695312499,call,2026-10-16,SPY,778.530029296875,2026-10-10T00:03:13.902127+00:00
465.0,312.6,315.04,298.0,9.0,0.0,1.4902369238281248,call,2026-10-16,SPY,778.530029296875,2026-10-10T00:03:13.902127+00:00
470.0,307.54,310.07,299.3,,1.0,1.451174619140625,call,2026-10-16,SPY,778.530029296875,2026-10-10T00:03:13.902127+00:00
475.0,302.55,305.03,288.02,,0.0,1.4121123144531251,call,2026-10-16,SPY,778.530029296875,2026-10-10T00:03:13.902127+00:00
480.0,297.55,300.03,296.38,2.0,1.0,1.3847687011718748,call,2026-10-16,SPY,778.530029296875,2026-10-10T00:03:13.902127+00:00
485.0,292.55,295.08,278.24,11.0,0.0,1.3750031249999999,call,2026-10-16,SPY,778.530029296875,2026-10-10T00:03:13.902127+00:00
495.0,282.56,285.06,273.4,,0.0,1.3173862255859374,call,2026-10-16,SPY,778.530029296875,2026-10-10T00:03:13.902127+00:00
500.0,277.57,280.11,273.87,1.0,25.0,1.3085972070312497,call,2026-10-16,SPY,778.530029296875,2026-10-10T00:03:13.902127+00:00
505.0,272.59,275.07,268.93,1.0,1.0,1.2763708056640621,call,2026-10-16,SPY,778.530029296875,2026-10-10T00:03:13.902127+00:00
510.0,267.63,270.07,260.15,1.0,2.0,1.2607458837890624,call,2026-10-16,SPY,778.530029296875,2026-10-10T00:03:13.902127+00:00
515.0,262.58,265.08,248.17,43.0,43.0,1.2236366943359376,call,2026-10-16,SPY,778.530029296875,2026-10-10T00:03:13.902127+00:00
520.0,257.61,260.06,256.77,2.0,72.0,1.2001993115234375,call,2026-10-16,SPY,778.530029296875,2026-10-10T00:03:13.902127+00:00
525.0,252.6,255.12,245.57,1.0,5.0,1.1875040625,call,2026-10-16,SPY,778.530029296875,2026-10-10T00:03:13.902127+00:00
530.0,247.79,250.09,242.11,1.0,85.0,1.1982461962890625,call,2026-10-16,SPY,778.530029296875,2026-10-10T00:03:13.902127+00:00
535.0,242.64,245.13,240.0,2.0,2.0,1.1484417578125,call,2026-10-16,SPY,778.530029296875,2026-10-10T00:03:13.902127+00:00
540.0,237.6,240.1,235.0,2.0,4.0,1.1064497802734377,call,2026-10-16,SPY,778.530029296875,2026-10-10T00:03:13.902127+00:00
545.0,0.0,0.0,203.0,,0.0,1.0000000000000003e-05,call,2026-10-16,SPY,778.530029296875,2026-10-10T00:03:13.902127+00:00
550.0,227.64,230.14,218.5,1.0,1.0,1.0742233789062503,call,2026-10-16,SPY,778.530029296875,2026-10-10T00:03:13.902127+00:00
555.0,222.66,225.11,199.43,1.0,3.0,1.0468797656250002,call,2026-10-16,SPY,778.530029296875,2026-10-10T00:03:13.902127+00:00
560.0,217.61,220.07,205.45,2.0,31.0,1.001958115234375,call,2026-10-16,SPY,778.530029296875,2026-10-10T00:03:13.902127+00:00
565.0,212.67,215.11,207.21,2.0,10.0,0.999023447265625,call,2026-10-16,SPY,778.530029296875,2026-10-10T00:03:13.902127+00:00
570.0,207.78,210.12,191.0,2.0,23.0,0.9970703417968749,call,2026-10-16,SPY,778.530029296875,2026-10-10T00:03:13.902127+00:00
575.0,202.63,205.1,195.66,1.0,49.0,0.940430283203125,call,2026-10-16,SPY,778.530029296875,2026-10-10T00:03:13.902127+00:00
580.0,197.63,200.13,198.46,2.0,21.0,0.9223640576171875,call,2026-10-16,SPY,778.530029296875,2026-10-10T00:03:13.902127+00:00
585.0,192.68,195.11,191.86,1.0,24.0,0.9038095556640625,call,2026-10-16,SPY,778.530029296875,2026-10-10T00:03:13.902127+00:00
590.0,188.08,190.02,187.29,36.0,285.0,0.9282233740234375,call,2026-10-16,SPY,778.530029296875,2026-10-10T00:03:13.902127+00:00
595.0,182.69,185.2,180.5,7.0,58.0,0.8725598681640624,call,2026-10-16,SPY,778.530029296875,2026-10-10T00:03:13.902127+00:00
600.0,178.11,180.04,179.1,4.0,428.0,0.8852550537109375,call,2026-10-16,SPY,778.530029296875,2026-10-10T00:03:13.902127+00:00
605.0,172.65,175.18,167.25,1.0,43.0,0.815431533203125,call,2026-10-16,SPY,778.530029296875,2026-10-10T00:03:13.902127+00:00
610.0,167.66,170.13,168.1,1.0,65.0,0.7856466748046875,call,2026-10-16,SPY,778.530029296875,2026-10-10T00:03:13.902127+00:00
615.0,163.32,165.05,165.43,1.0,211.0,0.8359391406249999,call,2026-10-16,SPY,778.530029296875,2026-10-10T00:03:13.902127+00:00
620.0,158.11,160.05,157.89,4.0,192.0,0.788088056640625,call,2026-10-16,SPY,778.530029296875,2026-10-10T00:03:13.902127+00:00
625.0,153.11,154.98,142.84,6.0,240.0,0.75586181640625,call,2026-10-16,SPY,778.530029296875,2026-10-10T00:03:13.902127+00:00
630.0,147.67,150.21,148.23,8.0,41.0,0.7060576269531251,call,2026-10-16,SPY,778.530029296875,2026-10-10T00:03:13.902127+00:00
635.0,143.1,145.09,142.16,1.0,4351.0,0.7192410888671875,call,2026-10-16,SPY,778.530029296875,2026-10-10T00:03:13.902127+00:00
640.0,138.16,140.07,135.49,1.0,688.0,0.6992217578125001,call,2026-10-16,SPY,778.530029296875,2026-10-10T00:03:13.902127+00:00
645.0,133.12,135.08,133.31,4.0,251.0,0.6723665576171877,call,2026-10-16,SPY,778.530029296875,2026-10-10T00:03:13.902127+00:00
650.0,128.13,130.08,129.16,11.0,378.0,0.649417568359375,call,2026-10-16,SPY,778.530029296875,2026-10-10T00:03:13.902127+00:00
655.0,122.7,125.23,123.35,1.0,28.0,0.5974161352539062,call,2026-10-16,SPY,778.530029296875,2026-10-10T00:03:13.902127+00:00
660.0,118.13,120.09,119.18,4.0,431.0,0.6030313134765627,call,2026-10-16,SPY,778.530029296875,2026-10-10T00:03:13.902127+00:00
665.0,113.16,115.09,110.69,2.0,464.0,0.5820354296875,call,2026-10-16,SPY,778.530029296875,2026-10-10T00:03:13.902127+00:00
670.0,108.56,110.1,109.4,3.0,505.0,0.5891154370117189,call,2026-10-16,SPY,778.530029296875,2026-10-10T00:03:13.902127+00:00
675.0,103.15,105.11,103.48,6.0,517.0,0.5358933129882812,call,2026-10-16,SPY,778.530029296875,2026-10-10T00:03:13.902127+00:00
680.0,98.23,100.13,99.15,4.0,2405.0,0.5197801928710937,call,2026-10-16,SPY,778.530029296875,2026-10-10T00:03:13.902127+00:00
685.0,93.18,95.12,93.78,8.0,1430.0,0.5943644079589845,call,2026-10-16,SPY,778.530029296875,2026-10-10T00:03:13.902127+00:00
690.0,88.17,90.12,89.01,13.0,1175.0,0.567387138671875,call,2026-10-16,SPY,778.530029296875,2026-10-10T00:03:13.902127+00:00
695.0,83.18,84.86,83.87,16.0,914.0,0.5190477783203125,call,2026-10-16,SPY,778.530029296875,2026-10-10T00:03:13.902127+00:00
700.0,78.18,79.95,79.02,6.0,1613.0,0.500005,call,2026-10-16,SPY,778.530029296875,2026-10-10T00:03:13.902127+00:00
701.0,77.26,79.14,79.15,8.0,1080.0,0.5092822509765625,call,2026-10-16,SPY,778.530029296875,2026-10-10T00:03:13.902127+00:00
702.0,75.81,78.29,77.02,4.0,76.0,0.514653291015625,call,2026-10-16,SPY,778.530029296875,2026-10-10T00:03:13.902127+00:00
703.0,74.8,77.28,75.93,4.0,29.0,0.5084277673339843,call,2026-10-16,SPY,778.530029296875,2026-10-10T00:03:13.902127+00:00
704.0,73.8,76.27,74.48,5.0,73.0,0.5023243127441408,call,2026-10-16,SPY,778.530029296875,2026-10-10T00:03:13.902127+00:00
705.0,73.19,75.04,73.32,12.0,298.0,0.4802298071289062,call,2026-10-16,SPY,778.530029296875,2026-10-10T00:03:13.902127+00:00
706.0,71.78,74.29,73.09,4.0,25.0,0.49268085449218757,call,2026-10-16,SPY,778.530029296875,2026-10-10T00:03:13.902127+00:00
707.0,70.81,73.23,71.94,16.0,42.0,0.48303739624023445,call,2026-10-16,SPY,778.530029296875,2026-10-10T00:03:13.902127+00:00
708.0,69.78,72.32,70.99,5.0,16.0,0.4836477416992188,call,2026-10-16,SPY,778.530029296875,2026-10-10T00:03:13.902127+00:00
709.0,68.83,71.31,70.17,20.0,16.0,0.4774222180175781,call,2026-10-16,SPY,778.530029296875,2026-10-10T00:03:13.902127+00:00
710.0,68.49,70.15,68.86,23.0,1322.0,0.46106495971679695,call,2026-10-16,SPY,778.530029296875,2026-10-10T00:03:13.902127+00:00
711.0,66.79,69.3,68.15,8.0,7.0,0.46570358520507815,call,2026-10-16,SPY,778.530029296875,2026-10-10T00:03:13.902127+00:00
712.0,66.5,67.99,67.99,6.0,329.0,0.43897045410156255,call,2026-10-16,SPY,778.530029296875,2026-10-10T00:03:13.902127+00:00
713.0,64.79,67.3,65.97,6.0,9.0,0.4545952978515625,call,2026-10-16,SPY,778.530029296875,2026-10-10T00:03:13.902127+00:00
714.0,64.49,65.99,65.14,8.0,189.0,0.4282283740234375,call,2026-10-16,SPY,778.530029296875,2026-10-10T00:03:13.902127+00:00
715.0,63.62,64.97,64.97,16.0,537.0,0.42139250488281255,call,2026-10-16,SPY,778.530029296875,2026-10-10T00:03:13.902127+00:00
716.0,61.91,64.31,62.93,24.0,19.0,0.43860424682617194,call,2026-10-16,SPY,778.530029296875,2026-10-10T00:03:13.902127+00:00
717.0,60.83,63.31,62.3,5.0,9.0,0.4329890686035156,call,2026-10-16,SPY,778.530029296875,2026-10-10T00:03:13.902127+00:00
718.0,59.8,62.35,61.13,6.0,12.0,0.42981527221679694,call,2026-10-16,SPY,778.530029296875,2026-10-10T00:03:13.902127+00:00
719.0,58.81,61.32,61.0,15.0,12.0,0.42249112670898437,call,2026-10-16,SPY,778.530029296875,2026-10-10T00:03:13.902127+00:00
720.0,58.63,59.5,58.99,26.0,541.0,0.35962554443359374,call,2026-10-16,SPY,778.530029296875,2026-10-10T00:03:13.902127+00:00
721.0,56.84,59.32,53.93,1.0,53.0,0.4112607702636719,call,2026-10-16,SPY,778.530029296875,2026-10-10T00:03:13.902127+00:00
722.0,55.96,58.32,56.76,2.0,78.0,0.4056455920410156,call,2026-10-16,SPY,778.530029296875,2026-10-10T00:03:13.902127+00:00
723.0,54.85,57.38,56.66,2.0,24.0,0.4035704174804688,call,2026-10-16,SPY,778.530029296875,2026-10-10T00:03:13.902127+00:00
724.0,53.82,56.33,56.28,8.0,13.0,0.39502558105468755,call,2026-10-16,SPY,778.530029296875,2026-10-10T00:03:13.902127+00:00
725.0,53.61,55.02,54.24,5.0,1216.0,0.3706117626953125,call,2026-10-16,SPY,778.530029296875,2026-10-10T00:03:13.902127+00:00
726.0,51.82,54.35,53.13,8.0,22.0,0.3848938464355468,call,2026-10-16,SPY,778.530029296875,2026-10-10T00:03:13.902127+00:00
727.0,50.82,53.36,50.79,22.0,85.0,0.3797669445800781,call,2026-10-16,SPY,778.530029296875,2026-10-10T00:03:13.902127+00:00
728.0,50.26,52.2,50.78,2.0,183.0,0.36499658447265626,call,2026-10-16,SPY,778.530029296875,2026-10-10T00:03:13.902127+00:00
729.0,48.92,51.38,50.02,12.0,41.0,0.3695131408691406,call,2026-10-16,SPY,778.530029296875,2026-10-10T00:03:13.902127+00:00
730.0,48.65,49.47,49.03,47.0,1128.0,0.3064034204101562,call,2026-10-16,SPY,778.530029296875,2026-10-10T00:03:13.902127+00:00
731.0,47.65,48.88,48.88,14.0,290.0,0.32923034057617184,call,2026-10-16,SPY,778.530029296875,2026-10-10T00:03:13.902127+00:00
732.0,46.65,47.48,46.97,19.0,149.0,0.29688203124999996,call,2026-10-16,SPY,778.530029296875,2026-10-10T00:03:13.902127+00:00
733.0,45.28,46.78,46.38,31.0,149.0,0.31201859863281245,call,2026-10-16,SPY,778.530029296875,2026-10-10T00:03:13.902127+00:00
734.0,44.28,45.96,45.04,4.0,221.0,0.31763377685546873,call,2026-10-16,SPY,778.530029296875,2026-10-10T00:03:13.902127+00:00
735.0,43.01,45.11,44.2,46.0,3631.0,0.3206244696044921,call,2026-10-16,SPY,778.530029296875,2026-10-10T00:03:13.902127+00:00
736.0,42.33,44.17,43.2,16.0,158.0,0.3182441223144531,call,2026-10-16,SPY,778.530029296875,2026-10-10T00:03:13.902127+00:00
737.0,41.28,43.23,41.93,2.0,182.0,0.31580274047851553,call,2026-10-16,SPY,778.530029296875,2026-10-10T00:03:13.902127+00:00
738.0,40.31,42.25,41.0,40.0,411.0,0.3110420458984374,call,2026-10-16,SPY,778.530029296875,2026-10-10T00:03:13.902127+00:00
739.0,39.35,41.21,39.81,51.0,652.0,0.3032906585693359,call,2026-10-16,SPY,778.530029296875,2026-10-10T00:03:13.902127+00:00
740.0,38.84,39.51,39.19,15.0,4301.0,0.2574537145996094,call,2026-10-16,SPY,778.530029296875,2026-10-10T00:03:13.902127+00:00
741.0,37.69,38.51,36.75,2.0,488.0,0.25220474365234374,call,2026-10-16,SPY,778.530029296875,2026-10-10T00:03:13.902127+00:00
742.0,36.54,37.52,37.04,36.0,237.0,0.2475661181640625,call,2026-10-16,SPY,778.530029296875,2026-10-10T00:03:13.902127+00:00
743.0,35.35,37.17,35.5,8.0,566.0,0.2782054602050781,call,2026-10-16,SPY,778.530029296875,2026-10-10T00:03:13.902127+00:00
744.0,34.71,35.53,28.79,12.0,182.0,0.2375564526367187,call,2026-10-16,SPY,778.530029296875,2026-10-10T00:03:13.902127+00:00
745.0,33.61,34.95,34.1,47.0,2633.0,0.2556226782226563,call,2026-10-16,SPY,778.530029296875,2026-10-10T00:03:13.902127+00:00
746.0,32.73,34.21,33.06,13.0,348.0,0.26270268554687504,call,2026-10-16,SPY,778.530029296875,2026-10-10T00:03:13.902127+00:00
747.0,31.56,33.16,32.1,26.0,231.0,0.25452405639648445,call,2026-10-16,SPY,778.530029296875,2026-10-10T00:03:13.902127+00:00
748.0,30.47,31.57,30.44,45.0,229.0,0.21851367431640623,call,2026-10-16,SPY,778.530029296875,2026-10-10T00:03:13.902127+00:00
749.0,29.43,30.66,30.27,97.0,313.0,0.2180253979492187,call,2026-10-16,SPY,778.530029296875,2026-10-10T00:03:13.902127+00:00
750.0,29.22,29.33,29.21,434.0,7050.0,0.19348951049804688,call,2026-10-16,SPY,778.530029296875,2026-10-10T00:03:13.902127+00:00
751.0,27.57,29.03,28.18,27.0,442.0,0.2249833361816406,call,2026-10-16,SPY,778.530029296875,2026-10-10T00:03:13.902127+00:00
752.0,26.81,27.82,27.82,38.0,510.0,0.2092364233398437,call,2026-10-16,SPY,778.530029296875,2026-10-10T00:03:13.902127+00:00
753.0,25.51,26.9,26.21,33.0,471.0,0.20728331787109372,call,2026-10-16,SPY,778.530029296875,2026-10-10T00:03:13.902127+00:00
754.0,24.86,25.86,25.48,14.0,737.0,0.19959296508789062,call,2026-10-16,SPY,778.530029296875,2026-10-10T00:03:13.902127+00:00
755.0,23.88,24.68,24.28,287.0,3978.0,0.18531088134765622,call,2026-10-16,SPY,778.530029296875,2026-10-10T00:03:13.902127+00:00
756.0,22.83,23.71,23.71,39.0,1066.0,0.1810384631347656,call,2026-10-16,SPY,778.530029296875,2026-10-10T00:03:13.902127+00:00
757.0,21.94,22.73,21.98,98.0,757.0,0.17615569946289064,call,2026-10-16,SPY,778.530029296875,2026-10-10T00:03:13.902127+00:00
758.0,20.65,22.39,21.84,76.0,1534.0,0.19739572143554687,call,2026-10-16,SPY,778.530029296875,2026-10-10T00:03:13.902127+00:00
759.0,20.27,20.81,20.26,16.0,1230.0,0.16785500122070315,call,2026-10-16,SPY,778.530029296875,2026-10-10T00:03:13.902127+00:00
760.0,19.49,19.6,19.63,213.0,10128.0,0.15271843383789066,call,2026-10-16,SPY,778.530029296875,2026-10-10T00:03:13.902127+00:00
761.0,17.69,19.11,18.34,48.0,2937.0,0.16773293212890628,call,2026-10-16,SPY,778.530029296875,2026-10-10T00:03:13.902127+00:00
762.0,17.31,17.83,17.55,34.0,3027.0,0.1505211901855469,call,2026-10-16,SPY,778.530029296875,2026-10-10T00:03:13.902127+00:00
763.0,16.25,17.02,16.53,55.0,2372.0,0.15161981201171876,call,2026-10-16,SPY,778.530029296875,2026-10-10T00:03:13.902127+00:00
764.0,15.62,15.98,16.41,27.0,2485.0,0.1437463555908203,call,2026-10-16,SPY,778.530029296875,2026-10-10T00:03:13.902127+00:00
765.0,14.82,14.93,14.96,430.0,7787.0,0.1355066918945313,call,2026-10-16,SPY,778.530029296875,2026-10-10T00:03:13.902127+00:00
766.0,13.91,14.02,13.86,143.0,7263.0,0.13221082641601564,call,2026-10-16,SPY,778.530029296875,2026-10-10T00:03:13.902127+00:00
767.0,13.02,13.12,13.15,186.0,7206.0,0.1289149609375,call,2026-10-16,SPY,778.530029296875,2026-10-10T00:03:13.902127+00:00
768.0,12.06,12.35,12.19,153.0,4197.0,0.12946427185058595,call,2026-10-16,SPY,778.530029296875,2026-10-10T00:03:13.902127+00:00
769.0,11.21,11.49,11.4,141.0,3459.0,0.12653461364746094,call,2026-10-16,SPY,778.530029296875,2026-10-10T00:03:13.902127+00:00
770.0,10.43,10.53,10.43,1323.0,19911.0,0.12037012451171875,call,2026-10-16,SPY,778.530029296875,2026-10-10T00:03:13.902127+00:00
771.0,9.56,9.76,9.64,318.0,3529.0,0.11927150268554687,call,2026-10-16,SPY,778.530029296875,2026-10-10T00:03:13.902127+00:00
772.0,8.8,8.91,8.8,2212.0,7410.0,0.11545684356689453,call,2026-10-16,SPY,778.530029296875,2026-10-10T00:03:13.902127+00:00
773.0,7.97,8.19,7.87,643.0,3111.0,0.1145718426513672,call,2026-10-16,SPY,778.530029296875,2026-10-10T00:03:13.902127+00:00
774.0,7.24,7.47,7.33,768.0,4779.0,0.11298494445800782,call,2026-10-16,SPY,778.530029296875,2026-10-10T00:03:13.902127+00:00
775.0,6.57,6.65,6.62,10619.0,23112.0,0.10828528442382812,call,2026-10-16,SPY,778.530029296875,2026-10-10T00:03:13.902127+00:00
776.0,5.87,6.04,5.96,10281.0,5911.0,0.1081021807861328,call,2026-10-16,SPY,778.530029296875,2026-10-10T00:03:13.902127+00:00
777.0,5.23,5.41,5.35,15172.0,4269.0,0.10663735168457032,call,2026-10-16,SPY,778.530029296875,2026-10-10T00:03:13.902127+00:00
778.0,4.68,4.7,4.7,5419.0,6334.0,0.10254803710937499,call,2026-10-16,SPY,778.530029296875,2026-10-10T00:03:13.902127+00:00
779.0,4.11,4.13,4.11,7036.0,3070.0,0.10090010437011719,call,2026-10-16,SPY,778.530029296875,2026-10-10T00:03:13.902127+00:00
780.0,3.59,3.61,3.6,18738.0,20909.0,0.09955734436035156,call,2026-10-16,SPY,778.530029296875,2026-10-10T00:03:13.902127+00:00
781.0,3.1,3.13,3.1,2508.0,9780.0,0.09827561889648437,call,2026-10-16,SPY,778.530029296875,2026-10-10T00:03:13.902127+00:00
782.0,2.66,2.69,2.68,3618.0,5564.0,0.09702441070556642,call,2026-10-16,SPY,778.530029296875,2026-10-10T00:03:13.902127+00:00
783.0,2.26,2.29,2.29,2595.0,8746.0,0.09577320251464845,call,2026-10-16,SPY,778.530029296875,2026-10-10T00:03:13.902127+00:00
784.0,1.91,1.94,1.94,2137.0,7577.0,0.09485768432617189,call,2026-10-16,SPY,778.530029296875,2026-10-10T00:03:13.902127+00:00
785.0,1.61,1.63,1.63,53508.0,44310.0,0.09400320068359375,call,2026-10-16,SPY,778.530029296875,2026-10-10T00:03:13.902127+00:00
786.0,1.34,1.36,1.33,3339.0,6725.0,0.0932707861328125,call,2026-10-16,SPY,778.530029296875,2026-10-10T00:03:13.902127+00:00
787.0,1.11,1.13,1.13,5610.0,3158.0,0.092782509765625,call,2026-10-16,SPY,778.530029296875,2026-10-10T00:03:13.902127+00:00
788.0,0.91,0.92,0.92,2944.0,2183.0,0.09192802612304687,call,2026-10-16,SPY,778.530029296875,2026-10-10T00:03:13.902127+00:00
789.0,0.74,0.75,0.73,1679.0,2425.0,0.09143974975585936,call,2026-10-16,SPY,778.530029296875,2026-10-10T00:03:13.902127+00:00
790.0,0.6,0.61,0.6,8807.0,28870.0,0.09119561157226563,call,2026-10-16,SPY,778.530029296875,2026-10-10T00:03:13.902127+00:00
791.0,0.48,0.49,0.47,1819.0,3096.0,0.090829404296875,call,2026-10-16,SPY,778.530029296875,2026-10-10T00:03:13.902127+00:00
792.0,0.38,0.39,0.38,1909.0,2602.0,0.09046319702148437,call,2026-10-16,SPY,778.530029296875,2026-10-10T00:03:13.902127+00:00
793.0,0.3,0.31,0.3,1727.0,8177.0,0.0903411279296875,call,2026-10-16,SPY,778.530029296875,2026-10-10T00:03:13.902127+00:00
794.0,0.24,0.25,0.23,1117.0,5845.0,0.09058526611328124,call,2026-10-16,SPY,778.530029296875,2026-10-10T00:03:13.902127+00:00
795.0,0.19,0.2,0.18,7286.0,38398.0,0.090829404296875,call,2026-10-16,SPY,778.530029296875,2026-10-10T00:03:13.902127+00:00
796.0,0.15,0.16,0.14,591.0,6760.0,0.0913176806640625,call,2026-10-16,SPY,778.530029296875,2026-10-10T00:03:13.902127+00:00
797.0,0.12,0.13,0.11,2919.0,17158.0,0.09180595703125,call,2026-10-16,SPY,778.530029296875,2026-10-10T00:03:13.902127+00:00
798.0,0.09,0.1,0.09,345.0,6360.0,0.09180595703125,call,2026-10-16,SPY,778.530029296875,2026-10-10T00:03:13.902127+00:00
799.0,0.07,0.08,0.07,620.0,4325.0,0.0922942333984375,call,2026-10-16,SPY,778.530029296875,2026-10-10T00:03:13.902127+00:00
800.0,0.06,0.07,0.07,4768.0,27578.0,0.0942473388671875,call,2026-10-16,SPY,778.530029296875,2026-10-10T00:03:13.902127+00:00
801.0,0.05,0.06,0.05,26.0,639.0,0.09571216796875001,call,2026-10-16,SPY,778.530029296875,2026-10-10T00:03:13.902127+00:00
802.0,0.04,0.05,0.04,590.0,1820.0,0.09668872070312501,call,2026-10-16,SPY,778.530029296875,2026-10-10T00:03:13.902127+00:00
803.0,0.04,0.05,0.04,49.0,4776.0,0.1001066552734375,call,2026-10-16,SPY,778.530029296875,2026-10-10T00:03:13.902127+00:00
804.0,0.03,0.04,0.03,33.0,2902.0,0.100594931640625,call,2026-10-16,SPY,778.530029296875,2026-10-10T00:03:13.902127+00:00
805.0,0.03,0.04,0.03,71.0,11444.0,0.10401286621093749,call,2026-10-16,SPY,778.530029296875,2026-10-10T00:03:13.902127+00:00
806.0,0.03,0.04,0.03,859.0,1799.0,0.10743080078125,call,2026-10-16,SPY,778.530029296875,2026-10-10T00:03:13.902127+00:00
807.0,0.02,0.03,0.02,864.0,1591.0,0.1069425244140625,call,2026-10-16,SPY,778.530029296875,2026-10-10T00:03:13.902127+00:00
808.0,0.02,0.03,0.02,52.0,2018.0,0.11036045898437499,call,2026-10-16,SPY,778.530029296875,2026-10-10T00:03:13.902127+00:00
809.0,0.02,0.03,0.02,1.0,6103.0,0.1132901171875,call,2026-10-16,SPY,778.530029296875,2026-10-10T00:03:13.902127+00:00
810.0,0.02,0.03,0.02,1659.0,18119.0,0.116219775390625,call,2026-10-16,SPY,778.530029296875,2026-10-10T00:03:13.902127+00:00
815.0,0.01,0.02,0.01,18.0,16246.0,0.12696185546875,call,2026-10-16,SPY,778.530029296875,2026-10-10T00:03:13.902127+00:00
820.0,0.01,0.02,0.01,3.0,16089.0,0.141610146484375,call,2026-10-16,SPY,778.530029296875,2026-10-10T00:03:13.902127+00:00
825.0,0.01,0.02,0.02,1.0,15633.0,0.1562584375,call,2026-10-16,SPY,778.530029296875,2026-10-10T00:03:13.902127+00:00
830.0,0.01,0.02,0.01,10.0,18325.0,0.17090672851562502,call,2026-10-16,SPY,778.530029296875,2026-10-10T00:03:13.902127+00:00
835.0,0.01,0.02,0.02,40.0,3170.0,0.18555501953124998,call,2026-10-16,SPY,778.530029296875,2026-10-10T00:03:13.902127+00:00
840.0,0.0,0.01,0.01,29.0,3155.0,0.187508125,call,2026-10-16,SPY,778.530029296875,2026-10-10T00:03:13.902127+00:00
845.0,0.0,0.01,0.01,23.0,1814.0,0.1992267578125,call,2026-10-16,SPY,778.530029296875,2026-10-10T00:03:13.902127+00:00
850.0,0.0,0.01,0.01,8.0,9573.0,0.21289849609375,call,2026-10-16,SPY,778.530029296875,2026-10-10T00:03:13.902127+00:00
855.0,0.0,0.01,0.02,800.0,718.0,0.22657023437499998,call,2026-10-16,SPY,778.530029296875,2026-10-10T00:03:13.902127+00:00
860.0,0.0,0.01,0.01,11.0,2113.0,0.23828886718749998,call,2026-10-16,SPY,778.530029296875,2026-10-10T00:03:13.902127+00:00
865.0,0.0,0.01,0.01,250.0,1478.0,0.2500075,call,2026-10-16,SPY,778.530029296875,2026-10-10T00:03:13.902127+00:00
870.0,0.0,0.01,0.03,6.0,2707.0,0.26563234375,call,2026-10-16,SPY,778.530029296875,2026-10-10T00:03:13.902127+00:00
875.0,0.0,0.01,0.01,4.0,1384.0,0.27735097656249996,call,2026-10-16,SPY,778.530029296875,2026-10-10T00:03:13.902127+00:00
880.0,0.0,0.01,0.01,9.0,395.0,0.2890696093749999,call,2026-10-16,SPY,778.530029296875,2026-10-10T00:03:13.902127+00:00
885.0,0.0,0.01,0.01,5.0,3226.0,0.3007882421875,call,2026-10-16,SPY,778.530029296875,2026-10-10T00:03:13.902127+00:00
890.0,0.0,0.01,0.02,1.0,2619.0,0.31250687499999996,call,2026-10-16,SPY,778.530029296875,2026-10-10T00:03:13.902127+00:00
895.0,0.0,0.01,0.01,1.0,1151.0,0.3242255078124999,call,2026-10-16,SPY,778.530029296875,2026-10-10T00:03:13.902127+00:00
900.0,0.0,0.01,0.01,1.0,5705.0,0.335944140625,call,2026-10-16,SPY,778.530029296875,2026-10-10T00:03:13.902127+00:00
905.0,0.0,0.01,0.01,20.0,4009.0,0.34766277343749996,call,2026-10-16,SPY,778.530029296875,2026-10-10T00:03:13.902127+00:00
910.0,0.0,0.01,0.01,1.0,4029.0,0.35938140625,call,2026-10-16,SPY,778.530029296875,2026-10-10T00:03:13.902127+00:00
915.0,0.0,0.01,0.01,60.0,4488.0,0.3711000390625,call,2026-10-16,SPY,778.530029296875,2026-10-10T00:03:13.902127+00:00
920.0,0.0,0.01,0.01,280.0,368.0,0.38281867187499996,call,2026-10-16,SPY,778.530029296875,2026-10-10T00:03:13.902127+00:00
925.0,0.0,0.01,0.01,4.0,359.0,0.39453730468750003,call,2026-10-16,SPY,778.530029296875,2026-10-10T00:03:13.902127+00:00
930.0,0.0,0.01,0.01,1.0,371.0,0.4062559375,call,2026-10-16,SPY,778.530029296875,2026-10-10T00:03:13.902127+00:00
935.0,0.0,0.01,0.01,1.0,598.0,0.414068359375,call,2026-10-16,SPY,778.530029296875,2026-10-10T00:03:13.902127+00:00
940.0,0.0,0.01,0.01,1.0,1022.0,0.42969320312500003,call,2026-10-16,SPY,778.530029296875,2026-10-10T00:03:13.902127+00:00
945.0,0.0,0.01,0.02,1101.0,1136.0,0.437505625,call,2026-10-16,SPY,778.530029296875,2026-10-10T00:03:13.902127+00:00
950.0,0.0,0.01,0.01,1.0,1178.0,0.44922425781249997,call,2026-10-16,SPY,778.530029296875,2026-10-10T00:03:13.902127+00:00
955.0,0.0,0.01,0.01,1.0,18.0,0.46094289062500005,call,2026-10-16,SPY,778.530029296875,2026-10-10T00:03:13.902127+00:00
960.0,0.0,0.01,0.01,596.0,1188.0,0.4687553125,call,2026-10-16,SPY,778.530029296875,2026-10-10T00:03:13.902127+00:00
965.0,0.0,0.01,0.01,206.0,785.0,0.48438015625,call,2026-10-16,SPY,778.530029296875,2026-10-10T00:03:13.902127+00:00
970.0,0.0,0.01,0.01,10.0,782.0,0.49219257812500006,call,2026-10-16,SPY,778.530029296875,2026-10-10T00:03:13.902127+00:00
975.0,0.0,0.01,0.01,745.0,1299.0,0.500005,call,2026-10-16,SPY,778.530029296875,2026-10-10T00:03:13.902127+00:00
980.0,0.0,0.01,0.05,532.0,290.0,0.51562984375,call,2026-10-16,SPY,778.530029296875,2026-10-10T00:03:13.902127+00:00
985.0,0.0,0.01,0.01,407.0,595.0,0.500005,call,2026-10-16,SPY,778.530029296875,2026-10-10T00:03:13.902127+00:00
990.0,0.0,0.01,0.01,407.0,628.0,0.500005,call,2026-10-16,SPY,778.530029296875,2026-10-10T00:03:13.902127+00:00
995.0,0.0,0.01,0.01,1.0,72.0,0.51562984375,call,2026-10-16,SPY,778.530029296875,2026-10-10T00:03:13.902127+00:00
1000.0,0.0,0.01,0.01,1.0,1254.0,0.5312546875,call,2026-10-16,SPY,778.530029296875,2026-10-10T00:03:13.902127+00:00
300.0,0.0,0.01,0.01,2.0,5236.0,1.9062504687500001,put,2026-10-16,SPY,778.530029296875,2026-10-10T00:03:13.902127+00:00
305.0,0.0,0.01,0.01,1.0,2490.0,1.875000625,put,2026-10-16,SPY,778.530029296875,2026-10-10T00:03:13.902127+00:00
310.0,0.0,0.01,0.01,220.0,4501.0,1.8437507812499998,put,2026-10-16,SPY,778.530029296875,2026-10-10T00:03:13.902127+00:00
315.0,0.0,0.01,0.01,600.0,3539.0,1.8125009374999999,put,2026-10-16,SPY,778.530029296875,2026-10-10T00:03:13.902127+00:00
320.0,0.0,0.01,0.02,1641.0,2456.0,1.78125109375,put,2026-10-16,SPY,778.530029296875,2026-10-10T00:03:13.902127+00:00
325.0,0.0,0.01,0.01,1.0,426.0,1.75000125,put,2026-10-16,SPY,778.530029296875,2026-10-10T00:03:13.902127+00:00
330.0,0.0,0.01,0.01,40.0,4648.0,1.71875140625,put,2026-10-16,SPY,778.530029296875,2026-10-10T00:03:13.902127+00:00
335.0,0.0,0.01,0.01,2.0,1158.0,1.6875015625,put,2026-10-16,SPY,778.530029296875,2026-10-10T00:03:13.902127+00:00
340.0,0.0,0.01,0.03,400.0,673.0,1.6875015625,put,2026-10-16,SPY,778.530029296875,2026-10-10T00:03:13.902127+00:00
345.0,0.0,0.01,0.02,200.0,1045.0,1.625001875,put,2026-10-16,SPY,778.530029296875,2026-10-10T00:03:13.902127+00:00
350.0,0.0,0.01,0.01,25.0,6274.0,1.625001875,put,2026-10-16,SPY,778.530029296875,2026-10-10T00:03:13.902127+00:00
355.0,0.0,0.01,0.01,25.0,11275.0,1.5937520312499998,put,2026-10-16,SPY,778.530029296875,2026-10-10T00:03:13.902127+00:00
360.0,0.0,0.01,0.01,20.0,5713.0,1.5625021874999998,put,2026-10-16,SPY,778.530029296875,2026-10-10T00:03:13.902127+00:00
365.0,0.0,0.01,0.01,48.0,1815.0,1.5312523437499999,put,2026-10-16,SPY,778.530029296875,2026-10-10T00:03:13.902127+00:00
370.0,0.0,0.01,0.29,60.0,10534.0,1.5000025,put,2026-10-16,SPY,778.530029296875,2026-10-10T00:03:13.902127+00:00
375.0,0.0,0.01,0.01,10.0,6865.0,1.46875265625,put,2026-10-16,SPY,778.530029296875,2026-10-10T00:03:13.902127+00:00
380.0,0.0,0.01,0.01,210.0,2763.0,1.4375028125,put,2026-10-16,SPY,778.530029296875,2026-10-10T00:03:13.902127+00:00
385.0,0.0,0.01,0.01,100.0,3690.0,1.4375028125,put,2026-10-16,SPY,778.530029296875,2026-10-10T00:03:13.902127+00:00
390.0,0.0,0.01,0.01,60.0,4563.0,1.40625296875,put,2026-10-16,SPY,778.530029296875,2026-10-10T00:03:13.902127+00:00
395.0,0.0,0.01,0.01,301.0,4012.0,1.3750031249999999,put,2026-10-16,SPY,778.530029296875,2026-10-10T00:03:13.902127+00:00
400.0,0.0,0.01,0.01,50.0,21695.0,1.3437532812499997,put,2026-10-16,SPY,778.530029296875,2026-10-10T00:03:13.902127+00:00
405.0,0.0,0.01,0.01,1503.0,6236.0,1.3125034374999998,put,2026-10-16,SPY,778.530029296875,2026-10-10T00:03:13.902127+00:00
410.0,0.0,0.01,0.01,1500.0,14221.0,1.3125034374999998,put,2026-10-16,SPY,778.530029296875,2026-10-10T00:03:13.902127+00:00
415.0,0.0,0.01,0.01,2.0,1105.0,1.2812535937499998,put,2026-10-16,SPY,778.530029296875,2026-10-10T00:03:13.902127+00:00
420.0,0.0,0.01,0.01,27.0,2102.0,1.2500037499999999,put,2026-10-16,SPY,778.530029296875,2026-10-10T00:03:13.902127+00:00
425.0,0.0,0.01,0.01,3.0,154945.0,1.2500037499999999,put,2026-10-16,SPY,778.530029296875,2026-10-10T00:03:13.902127+00:00
430.0,0.0,0.01,0.01,9.0,15749.0,1.21875390625,put,2026-10-16,SPY,778.530029296875,2026-10-10T00:03:13.902127+00:00
435.0,0.0,0.01,0.01,50.0,1872.0,1.1875040625,put,2026-10-16,SPY,778.530029296875,2026-10-10T00:03:13.902127+00:00
440.0,0.0,0.01,0.01,5.0,1412.0,1.15625421875,put,2026-10-16,SPY,778.530029296875,2026-10-10T00:03:13.902127+00:00
445.0,0.0,0.01,0.01,2.0,4548.0,1.15625421875,put,2026-10-16,SPY,778.530029296875,2026-10-10T00:03:13.902127+00:00
450.0,0.0,0.01,0.01,10.0,3954.0,1.125004375,put,2026-10-16,SPY,778.530029296875,2026-10-10T00:03:13.902127+00:00
455.0,0.0,0.01,0.01,5.0,3373.0,1.09375453125,put,2026-10-16,SPY,778.530029296875,2026-10-10T00:03:13.902127+00:00
460.0,0.0,0.01,0.01,50.0,2248.0,1.09375453125,put,2026-10-16,SPY,778.530029296875,2026-10-10T00:03:13.902127+00:00
465.0,0.0,0.01,0.01,250.0,3710.0,1.0625046875000002,put,2026-10-16,SPY,778.530029296875,2026-10-10T00:03:13.902127+00:00
470.0,0.0,0.01,0.01,250.0,4466.0,1.0312548437500002,put,2026-10-16,SPY,778.530029296875,2026-10-10T00:03:13.902127+00:00
475.0,0.0,0.01,0.02,50.0,3122.0,1.0312548437500002,put,2026-10-16,SPY,778.530029296875,2026-10-10T00:03:13.902127+00:00
480.0,0.0,0.01,0.01,2.0,2420.0,0.98437515625,put,2026-10-16,SPY,778.530029296875,2026-10-10T00:03:13.902127+00:00
485.0,0.0,0.01,0.01,300.0,673.0,0.9687503125,put,2026-10-16,SPY,778.530029296875,2026-10-10T00:03:13.902127+00:00
490.0,0.0,0.01,0.01,1.0,965.0,0.9687503125,put,2026-10-16,SPY,778.530029296875,2026-10-10T00:03:13.902127+00:00
495.0,0.0,0.01,0.01,300.0,2065.0,0.937500625,put,2026-10-16,SPY,778.530029296875,2026-10-10T00:03:13.902127+00:00
500.0,0.0,0.01,0.01,1.0,8933.0,0.9062509375,put,2026-10-16,SPY,778.530029296875,2026-10-10T00:03:13.902127+00:00
505.0,0.0,0.01,0.01,1.0,649.0,0.9062509375,put,2026-10-16,SPY,778.530029296875,2026-10-10T00:03:13.902127+00:00
510.0,0.0,0.01,0.01,10.0,1734.0,0.87500125,put,2026-10-16,SPY,778.530029296875,2026-10-10T00:03:13.902127+00:00
515.0,0.0,0.01,0.02,2840.0,1520.0,0.85937640625,put,2026-10-16,SPY,778.530029296875,2026-10-10T00:03:13.902127+00:00
520.0,0.0,0.01,0.01,25.0,1873.0,0.8437515624999999,put,2026-10-16,SPY,778.530029296875,2026-10-10T00:03:13.902127+00:00
525.0,0.0,0.01,0.01,251.0,302248.0,0.8125018749999999,put,2026-10-16,SPY,778.530029296875,2026-10-10T00:03:13.902127+00:00
530.0,0.0,0.01,0.01,21.0,889.0,0.8125018749999999,put,2026-10-16,SPY,778.530029296875,2026-10-10T00:03:13.902127+00:00
535.0,0.0,0.01,0.01,35.0,854.0,0.7812521875,put,2026-10-16,SPY,778.530029296875,2026-10-10T00:03:13.902127+00:00
540.0,0.01,0.02,0.02,14.0,5094.0,0.8281267187499999,put,2026-10-16,SPY,778.530029296875,2026-10-10T00:03:13.902127+00:00
545.0,0.01,0.02,0.01,5.0,2301.0,0.8125018749999999,put,2026-10-16,SPY,778.530029296875,2026-10-10T00:03:13.902127+00:00
550.0,0.01,0.02,0.01,152.0,16100.0,0.789064609375,put,2026-10-16,SPY,778.530029296875,2026-10-10T00:03:13.902127+00:00
555.0,0.0,0.01,0.01,240.0,12608.0,0.7187528125,put,2026-10-16,SPY,778.530029296875,2026-10-10T00:03:13.902127+00:00
560.0,0.01,0.02,0.01,10.0,19649.0,0.7500025,put,2026-10-16,SPY,778.530029296875,2026-10-10T00:03:13.902127+00:00
565.0,0.01,0.02,0.01,2252.0,19516.0,0.73437765625,put,2026-10-16,SPY,778.530029296875,2026-10-10T00:03:13.902127+00:00
570.0,0.01,0.02,0.02,10.0,1287.0,0.7187528125,put,2026-10-16,SPY,778.530029296875,2026-10-10T00:03:13.902127+00:00
575.0,0.01,0.02,0.01,1.0,1301.0,0.6953155468750001,put,2026-10-16,SPY,778.530029296875,2026-10-10T00:03:13.902127+00:00
580.0,0.01,0.02,0.01,236.0,1657.0,0.6796907031250001,put,2026-10-16,SPY,778.530029296875,2026-10-10T00:03:13.902127+00:00
585.0,0.01,0.02,0.02,116.0,1736.0,0.6601596484375001,put,2026-10-16,SPY,778.530029296875,2026-10-10T00:03:13.902127+00:00
590.0,0.01,0.02,0.02,10.0,3420.0,0.64062859375,put,2026-10-16,SPY,778.530029296875,2026-10-10T00:03:13.902127+00:00
595.0,0.01,0.02,0.01,85.0,1718.0,0.6250037500000001,put,2026-10-16,SPY,778.530029296875,2026-10-10T00:03:13.902127+00:00
600.0,0.01,0.02,0.01,401.0,12177.0,0.6054726953125001,put,2026-10-16,SPY,778.530029296875,2026-10-10T00:03:13.902127+00:00
605.0,0.01,0.02,0.02,18.0,2814.0,0.585941640625,put,2026-10-16,SPY,778.530029296875,2026-10-10T00:03:13.902127+00:00
610.0,0.01,0.02,0.02,7.0,3584.0,0.570316796875,put,2026-10-16,SPY,778.530029296875,2026-10-10T00:03:13.902127+00:00
615.0,0.02,0.03,0.02,369.0,1473.0,0.57812921875,put,2026-10-16,SPY,778.530029296875,2026-10-10T00:03:13.902127+00:00
620.0,0.01,0.02,0.02,372.0,2639.0,0.5351608984375,put,2026-10-16,SPY,778.530029296875,2026-10-10T00:03:13.902127+00:00
625.0,0.02,0.03,0.01,322.0,156175.0,0.5390671093750001,put,2026-10-16,SPY,778.530029296875,2026-10-10T00:03:13.902127+00:00
630.0,0.02,0.03,0.02,120.0,34112.0,0.523442265625,put,2026-10-16,SPY,778.530029296875,2026-10-10T00:03:13.902127+00:00
635.0,0.02,0.03,0.02,10.0,2922.0,0.5039112109375,put,2026-10-16,SPY,778.530029296875,2026-10-10T00:03:13.902127+00:00
640.0,0.02,0.03,0.02,3.0,6229.0,0.49609878906250005,put,2026-10-16,SPY,778.530029296875,2026-10-10T00:03:13.902127+00:00
645.0,0.02,0.03,0.02,4.0,5700.0,0.476567734375,put,2026-10-16,SPY,778.530029296875,2026-10-10T00:03:13.902127+00:00
650.0,0.03,0.04,0.04,217.0,30525.0,0.4726615234375,put,2026-10-16,SPY,778.530029296875,2026-10-10T00:03:13.902127+00:00
655.0,0.03,0.04,0.03,91.0,11686.0,0.45313046875,put,2026-10-16,SPY,778.530029296875,2026-10-10T00:03:13.902127+00:00
660.0,0.03,0.04,0.04,1528.0,12171.0,0.43555251953125,put,2026-10-16,SPY,778.530029296875,2026-10-10T00:03:13.902127+00:00
665.0,0.03,0.04,0.04,363.0,5664.0,0.41797457031249996,put,2026-10-16,SPY,778.530029296875,2026-10-10T00:03:13.902127+00:00
670.0,0.04,0.05,0.04,375.0,16726.0,0.40820904296875,put,2026-10-16,SPY,778.530029296875,2026-10-10T00:03:13.902127+00:00
675.0,0.04,0.05,0.04,1286.0,19204.0,0.39063109375,put,2026-10-16,SPY,778.530029296875,2026-10-10T00:03:13.902127+00:00
680.0,0.05,0.06,0.05,10396.0,29013.0,0.3789124609375,put,2026-10-16,SPY,778.530029296875,2026-10-10T00:03:13.902127+00:00
685.0,0.05,0.06,0.04,11552.0,11448.0,0.36133451171875,put,2026-10-16,SPY,778.530029296875,2026-10-10T00:03:13.902127+00:00
690.0,0.05,0.06,0.05,138.0,23450.0,0.34180345703125,put,2026-10-16,SPY,778.530029296875,2026-10-10T00:03:13.902127+00:00
695.0,0.06,0.07,0.06,339.0,7937.0,0.33008482421874996,put,2026-10-16,SPY,778.530029296875,2026-10-10T00:03:13.902127+00:00
700.0,0.06,0.07,0.07,536.0,30810.0,0.31055376953124997,put,2026-10-16,SPY,778.530029296875,2026-10-10T00:03:13.902127+00:00
701.0,0.07,0.08,0.06,4.0,3873.0,0.31250687499999996,put,2026-10-16,SPY,778.530029296875,2026-10-10T00:03:13.902127+00:00
702.0,0.07,0.08,0.1,1305.0,1962.0,0.3086006640625,put,2026-10-16,SPY,778.530029296875,2026-10-10T00:03:13.902127+00:00
703.0,0.07,0.08,0.07,300.0,1329.0,0.304694453125,put,2026-10-16,SPY,778.530029296875,2026-10-10T00:03:13.902127+00:00
704.0,0.07,0.08,0.06,1052.0,1740.0,0.3007882421875,put,2026-10-16,SPY,778.530029296875,2026-10-10T00:03:13.902127+00:00
705.0,0.07,0.08,0.06,10901.0,13714.0,0.29688203124999996,put,2026-10-16,SPY,778.530029296875,2026-10-10T00:03:13.902127+00:00
706.0,0.07,0.08,0.07,9987.0,1109.0,0.2934640966796874,put,2026-10-16,SPY,778.530029296875,2026-10-10T00:03:13.902127+00:00
707.0,0.07,0.08,0.06,592.0,1187.0,0.29004616210937495,put,2026-10-16,SPY,778.530029296875,2026-10-10T00:03:13.902127+00:00
708.0,0.07,0.08,0.06,162.0,3378.0,0.28613995117187496,put,2026-10-16,SPY,778.530029296875,2026-10-10T00:03:13.902127+00:00
709.0,0.07,0.08,0.06,191.0,2306.0,0.282233740234375,put,2026-10-16,SPY,778.530029296875,2026-10-10T00:03:13.902127+00:00
710.0,0.08,0.09,0.06,567.0,18752.0,0.282233740234375,put,2026-10-16,SPY,778.530029296875,2026-10-10T00:03:13.902127+00:00
711.0,0.08,0.09,0.06,257.0,3955.0,0.278327529296875,put,2026-10-16,SPY,778.530029296875,2026-10-10T00:03:13.902127+00:00
712.0,0.08,0.09,0.07,31.0,1302.0,0.2749095947265625,put,2026-10-16,SPY,778.530029296875,2026-10-10T00:03:13.902127+00:00
713.0,0.08,0.09,0.13,2.0,1092.0,0.2710033837890625,put,2026-10-16,SPY,778.530029296875,2026-10-10T00:03:13.902127+00:00
714.0,0.08,0.09,0.08,20.0,5075.0,0.26758544921875,put,2026-10-16,SPY,778.530029296875,2026-10-10T00:03:13.902127+00:00
715.0,0.08,0.09,0.08,179.0,8132.0,0.26367923828125,put,2026-10-16,SPY,778.530029296875,2026-10-10T00:03:13.902127+00:00
716.0,0.08,0.09,0.09,9.0,10922.0,0.25977302734375,put,2026-10-16,SPY,778.530029296875,2026-10-10T00:03:13.902127+00:00
717.0,0.08,0.09,0.08,2.0,1288.0,0.25586681640625003,put,2026-10-16,SPY,778.530029296875,2026-10-10T00:03:13.902127+00:00
718.0,0.09,0.1,0.1,1.0,4625.0,0.2553785400390626,put,2026-10-16,SPY,778.530029296875,2026-10-10T00:03:13.902127+00:00
719.0,0.09,0.1,0.09,104.0,1289.0,0.25196060546875,put,2026-10-16,SPY,778.530029296875,2026-10-10T00:03:13.902127+00:00
720.0,0.09,0.1,0.08,562.0,31473.0,0.24805439453125,put,2026-10-16,SPY,778.530029296875,2026-10-10T00:03:13.902127+00:00
721.0,0.09,0.1,0.1,101.0,1377.0,0.24414818359375,put,2026-10-16,SPY,778.530029296875,2026-10-10T00:03:13.902127+00:00
722.0,0.09,0.1,0.08,122.0,20713.0,0.24024197265624997,put,2026-10-16,SPY,778.530029296875,2026-10-10T00:03:13.902127+00:00
723.0,0.09,0.1,0.08,1020.0,5792.0,0.23633576171874998,put,2026-10-16,SPY,778.530029296875,2026-10-10T00:03:13.902127+00:00
724.0,0.09,0.1,0.08,136.0,26659.0,0.23242955078125,put,2026-10-16,SPY,778.530029296875,2026-10-10T00:03:13.902127+00:00
725.0,0.1,0.11,0.1,4024.0,45880.0,0.231452998046875,put,2026-10-16,SPY,778.530029296875,2026-10-10T00:03:13.902127+00:00
726.0,0.1,0.11,0.11,43.0,14737.0,0.22754678710937498,put,2026-10-16,SPY,778.530029296875,2026-10-10T00:03:13.902127+00:00
727.0,0.1,0.11,0.09,16.0,16438.0,0.22364057617187497,put,2026-10-16,SPY,778.530029296875,2026-10-10T00:03:13.902127+00:00
728.0,0.1,0.11,0.09,1954.0,22938.0,0.21973436523437498,put,2026-10-16,SPY,778.530029296875,2026-10-10T00:03:13.902127+00:00
729.0,0.1,0.11,0.09,122.0,33132.0,0.215828154296875,put,2026-10-16,SPY,778.530029296875,2026-10-10T00:03:13.902127+00:00
730.0,0.11,0.12,0.11,4786.0,59930.0,0.21436332519531248,put,2026-10-16,SPY,778.530029296875,2026-10-10T00:03:13.902127+00:00
731.0,0.11,0.12,0.11,137.0,2214.0,0.2104571142578125,put,2026-10-16,SPY,778.530029296875,2026-10-10T00:03:13.902127+00:00
732.0,0.11,0.12,0.12,96.0,56373.0,0.20655090332031245,put,2026-10-16,SPY,778.530029296875,2026-10-10T00:03:13.902127+00:00
733.0,0.12,0.13,0.12,618.0,21275.0,0.20508607421874997,put,2026-10-16,SPY,778.530029296875,2026-10-10T00:03:13.902127+00:00
734.0,0.12,0.13,0.1,628.0,15832.0,0.20117986328124998,put,2026-10-16,SPY,778.530029296875,2026-10-10T00:03:13.902127+00:00
735.0,0.12,0.13,0.11,560.0,28198.0,0.19727365234375,put,2026-10-16,SPY,778.530029296875,2026-10-10T00:03:13.902127+00:00
736.0,0.12,0.13,0.12,130.0,37905.0,0.19312330322265625,put,2026-10-16,SPY,778.530029296875,2026-10-10T00:03:13.902127+00:00
737.0,0.13,0.14,0.11,337.0,5299.0,0.19117019775390626,put,2026-10-16,SPY,778.530029296875,2026-10-10T00:03:13.902127+00:00
738.0,0.13,0.14,0.12,1126.0,8805.0,0.1870198486328125,put,2026-10-16,SPY,778.530029296875,2026-10-10T00:03:13.902127+00:00
739.0,0.14,0.15,0.13,244.0,21142.0,0.18506674316406246,put,2026-10-16,SPY,778.530029296875,2026-10-10T00:03:13.902127+00:00
740.0,0.14,0.15,0.14,8088.0,50655.0,0.18091639404296872,put,2026-10-16,SPY,778.530029296875,2026-10-10T00:03:13.902127+00:00
741.0,0.15,0.16,0.15,256.0,3706.0,0.178719150390625,put,2026-10-16,SPY,778.530029296875,2026-10-10T00:03:13.902127+00:00
742.0,0.15,0.16,0.14,609.0,9392.0,0.17456880126953128,put,2026-10-16,SPY,778.530029296875,2026-10-10T00:03:13.902127+00:00
743.0,0.16,0.17,0.15,1247.0,4619.0,0.17212741943359378,put,2026-10-16,SPY,778.530029296875,2026-10-10T00:03:13.902127+00:00
744.0,0.16,0.17,0.15,635.0,3925.0,0.16797707031250003,put,2026-10-16,SPY,778.530029296875,2026-10-10T00:03:13.902127+00:00
745.0,0.17,0.18,0.18,4338.0,32175.0,0.16529155029296877,put,2026-10-16,SPY,778.530029296875,2026-10-10T00:03:13.902127+00:00
746.0,0.18,0.19,0.18,448.0,2108.0,0.1626060302734375,put,2026-10-16,SPY,778.530029296875,2026-10-10T00:03:13.902127+00:00
747.0,0.19,0.2,0.19,310.0,4155.0,0.1596763720703125,put,2026-10-16,SPY,778.530029296875,2026-10-10T00:03:13.902127+00:00
748.0,0.2,0.21,0.2,19496.0,22265.0,0.15674671386718753,put,2026-10-16,SPY,778.530029296875,2026-10-10T00:03:13.902127+00:00
749.0,0.21,0.22,0.21,476.0,5530.0,0.15357291748046875,put,2026-10-16,SPY,778.530029296875,2026-10-10T00:03:13.902127+00:00
750.0,0.22,0.23,0.23,4769.0,68521.0,0.15039912109375003,put,2026-10-16,SPY,778.530029296875,2026-10-10T00:03:13.902127+00:00
751.0,0.23,0.24,0.24,1046.0,14194.0,0.14722532470703126,put,2026-10-16,SPY,778.530029296875,2026-10-10T00:03:13.902127+00:00
752.0,0.25,0.26,0.25,34321.0,5244.0,0.14478394287109375,put,2026-10-16,SPY,778.530029296875,2026-10-10T00:03:13.902127+00:00
753.0,0.27,0.28,0.27,5063.0,33537.0,0.14234256103515625,put,2026-10-16,SPY,778.530029296875,2026-10-10T00:03:13.902127+00:00
754.0,0.29,0.3,0.29,3343.0,3968.0,0.139657041015625,put,2026-10-16,SPY,778.530029296875,2026-10-10T00:03:13.902127+00:00
755.0,0.31,0.32,0.32,25978.0,27821.0,0.13672738281250002,put,2026-10-16,SPY,778.530029296875,2026-10-10T00:03:13.902127+00:00
756.0,0.34,0.35,0.34,2528.0,4861.0,0.13465220825195315,put,2026-10-16,SPY,778.530029296875,2026-10-10T00:03:13.902127+00:00
757.0,0.37,0.38,0.37,5252.0,29146.0,0.13221082641601564,put,2026-10-16,SPY,778.530029296875,2026-10-10T00:03:13.902127+00:00
758.0,0.4,0.41,0.4,5146.0,7489.0,0.12952530639648438,put,2026-10-16,SPY,778.530029296875,2026-10-10T00:03:13.902127+00:00
759.0,0.44,0.45,0.44,2223.0,6614.0,0.12720599365234375,put,2026-10-16,SPY,778.530029296875,2026-10-10T00:03:13.902127+00:00
760.0,0.48,0.49,0.49,15658.0,24185.0,0.12476461181640625,put,2026-10-16,SPY,778.530029296875,2026-10-10T00:03:13.902127+00:00
761.0,0.53,0.54,0.53,2197.0,5454.0,0.12256736816406251,put,2026-10-16,SPY,778.530029296875,2026-10-10T00:03:13.902127+00:00
762.0,0.59,0.6,0.59,4915.0,8283.0,0.1206142626953125,put,2026-10-16,SPY,778.530029296875,2026-10-10T00:03:13.902127+00:00
763.0,0.65,0.66,0.65,3721.0,8405.0,0.11823391540527343,put,2026-10-16,SPY,778.530029296875,2026-10-10T00:03:13.902127+00:00
764.0,0.72,0.73,0.73,2935.0,4062.0,0.11597563720703125,put,2026-10-16,SPY,778.530029296875,2026-10-10T00:03:13.902127+00:00
765.0,0.81,0.82,0.8,8223.0,30167.0,0.11426666992187501,put,2026-10-16,SPY,778.530029296875,2026-10-10T00:03:13.902127+00:00
766.0,0.9,0.91,0.9,3332.0,6142.0,0.11213046081542967,put,2026-10-16,SPY,778.530029296875,2026-10-10T00:03:13.902127+00:00
767.0,1.0,1.02,1.0,3788.0,9826.0,0.11023838989257811,put,2026-10-16,SPY,778.530029296875,2026-10-10T00:03:13.902127+00:00
768.0,1.12,1.14,1.12,3324.0,16595.0,0.10828528442382812,put,2026-10-16,SPY,778.530029296875,2026-10-10T00:03:13.902127+00:00
769.0,1.26,1.27,1.26,1587.0,4160.0,0.10614907531738281,put,2026-10-16,SPY,778.530029296875,2026-10-10T00:03:13.902127+00:00
770.0,1.41,1.43,1.42,15552.0,22525.0,0.10444010803222654,put,2026-10-16,SPY,778.530029296875,2026-10-10T00:03:13.902127+00:00
771.0,1.59,1.6,1.6,2449.0,4163.0,0.10242596801757811,put,2026-10-16,SPY,778.530029296875,2026-10-10T00:03:13.902127+00:00
772.0,1.79,1.8,1.8,32387.0,15109.0,0.10068648345947265,put,2026-10-16,SPY,778.530029296875,2026-10-10T00:03:13.902127+00:00
773.0,2.01,2.03,2.0,1953.0,4296.0,0.09906906799316406,put,2026-10-16,SPY,778.530029296875,2026-10-10T00:03:13.902127+00:00
774.0,2.27,2.28,2.26,3940.0,7573.0,0.09729906616210937,put,2026-10-16,SPY,778.530029296875,2026-10-10T00:03:13.902127+00:00
775.0,2.56,2.57,2.56,10494.0,8689.0,0.09580371978759766,put,2026-10-16,SPY,778.530029296875,2026-10-10T00:03:13.902127+00:00
776.0,2.88,2.89,2.89,6954.0,2471.0,0.0942473388671875,put,2026-10-16,SPY,778.530029296875,2026-10-10T00:03:13.902127+00:00
777.0,3.24,3.26,3.25,13221.0,2135.0,0.09302664794921875,put,2026-10-16,SPY,778.530029296875,2026-10-10T00:03:13.902127+00:00
778.0,3.64,3.65,3.64,10157.0,2151.0,0.09137871520996094,put,2026-10-16,SPY,778.530029296875,2026-10-10T00:03:13.902127+00:00
779.0,4.08,4.1,4.08,4056.0,1364.0,0.09021905883789064,put,2026-10-16,SPY,778.530029296875,2026-10-10T00:03:13.902127+00:00
780.0,4.55,4.58,4.56,5349.0,6928.0,0.08881526428222657,put,2026-10-16,SPY,778.530029296875,2026-10-10T00:03:13.902127+00:00
781.0,5.01,5.21,5.23,170.0,917.0,0.08997492065429688,put,2026-10-16,SPY,778.530029296875,2026-10-10T00:03:13.902127+00:00
782.0,5.58,5.76,5.68,163.0,576.0,0.0882049188232422,put,2026-10-16,SPY,778.530029296875,2026-10-10T00:03:13.902127+00:00
783.0,6.2,6.38,6.4,301.0,503.0,0.08710629699707033,put,2026-10-16,SPY,778.530029296875,2026-10-10T00:03:13.902127+00:00
784.0,6.86,7.05,7.05,369.0,363.0,0.08625181335449221,put,2026-10-16,SPY,778.530029296875,2026-10-10T00:03:13.902127+00:00
785.0,7.6,7.74,7.62,686.0,7031.0,0.0847869842529297,put,2026-10-16,SPY,778.530029296875,2026-10-10T00:03:13.902127+00:00
786.0,8.29,8.56,8.53,210.0,262.0,0.08619077880859377,put,2026-10-16,SPY,778.530029296875,2026-10-10T00:03:13.902127+00:00
787.0,9.02,9.36,9.5,195.0,190.0,0.08606870971679689,put,2026-10-16,SPY,778.530029296875,2026-10-10T00:03:13.902127+00:00
788.0,9.86,10.16,9.97,120.0,106.0,0.08484801879882814,put,2026-10-16,SPY,778.530029296875,2026-10-10T00:03:13.902127+00:00
789.0,10.69,11.02,10.85,86.0,34.0,0.0847869842529297,put,2026-10-16,SPY,778.530029296875,2026-10-10T00:03:13.902127+00:00
790.0,11.39,12.21,11.85,73.0,559.0,0.09851975708007812,put,2026-10-16,SPY,778.530029296875,2026-10-10T00:03:13.902127+00:00
791.0,11.42,13.95,12.73,10.0,3.0,0.1316615155029297,put,2026-10-16,SPY,778.530029296875,2026-10-10T00:03:13.902127+00:00
792.0,12.33,13.8,13.8,70.0,3.0,0.0893645751953125,put,2026-10-16,SPY,778.530029296875,2026-10-10T00:03:13.902127+00:00
793.0,13.34,15.82,14.12,38.0,1.0,0.13959600646972659,put,2026-10-16,SPY,778.530029296875,2026-10-10T00:03:13.902127+00:00
794.0,14.3,16.76,15.56,1.0,0.0,0.14344118286132812,put,2026-10-16,SPY,778.530029296875,2026-10-10T00:03:13.902127+00:00
795.0,15.29,17.69,16.55,19.0,11.0,0.1466760137939453,put,2026-10-16,SPY,778.530029296875,2026-10-10T00:03:13.902127+00:00
796.0,16.27,18.66,18.52,8.0,1.0,0.15125360473632815,put,2026-10-16,SPY,778.530029296875,2026-10-10T00:03:13.902127+00:00
797.0,17.24,19.78,28.02,42.0,0.0,0.16181258117675779,put,2026-10-16,SPY,778.530029296875,2026-10-10T00:03:13.902127+00:00
798.0,18.27,20.77,19.75,3.0,0.0,0.1671225866699219,put,2026-10-16,SPY,778.530029296875,2026-10-10T00:03:13.902127+00:00
799.0,19.23,21.71,31.25,2.0,0.0,0.17029638305664066,put,2026-10-16,SPY,778.530029296875,2026-10-10T00:03:13.902127+00:00
800.0,20.53,22.31,21.3,38.0,525.0,0.15760119750976562,put,2026-10-16,SPY,778.530029296875,2026-10-10T00:03:13.902127+00:00
801.0,21.22,23.76,27.37,12.0,0.0,0.18360191406249998,put,2026-10-16,SPY,778.530029296875,2026-10-10T00:03:13.902127+00:00
802.0,22.26,24.5,25.01,2.0,0.0,0.1772543212890625,put,2026-10-16,SPY,778.530029296875,2026-10-10T00:03:13.902127+00:00
803.0,23.23,25.52,25.5,4.0,0.0,0.1834798449707031,put,2026-10-16,SPY,778.530029296875,2026-10-10T00:03:13.902127+00:00
804.0,24.28,26.75,26.99,2.0,0.0,0.19947089599609374,put,2026-10-16,SPY,778.530029296875,2026-10-10T00:03:13.902127+00:00
805.0,25.21,27.63,26.6,14.0,38.0,0.1992267578125,put,2026-10-16,SPY,778.530029296875,2026-10-10T00:03:13.902127+00:00
806.0,26.35,28.75,28.9,8.0,0.0,0.21021297607421874,put,2026-10-16,SPY,778.530029296875,2026-10-10T00:03:13.902127+00:00
807.0,27.35,29.75,32.68,6.0,0.0,0.21546194702148438,put,2026-10-16,SPY,778.530029296875,2026-10-10T00:03:13.902127+00:00
809.0,29.35,31.75,44.65,,0.0,0.2258988543701172,put,2026-10-16,SPY,778.530029296875,2026-10-10T00:03:13.902127+00:00
810.0,30.35,32.75,30.99,6.0,16.0,0.2310867907714844,put,2026-10-16,SPY,778.530029296875,2026-10-10T00:03:13.902127+00:00
815.0,35.35,37.75,40.16,2.0,2.0,0.25641612731933594,put,2026-10-16,SPY,778.530029296875,2026-10-10T00:03:13.902127+00:00
820.0,40.27,42.75,43.8,1.0,0.0,0.2810130493164062,put,2026-10-16,SPY,778.530029296875,2026-10-10T00:03:13.902127+00:00
825.0,45.23,47.75,50.74,1.0,0.0,0.3050606604003906,put,2026-10-16,SPY,778.530029296875,2026-10-10T00:03:13.902127+00:00
830.0,50.27,52.75,51.04,8.0,10.0,0.3283758569335937,put,2026-10-16,SPY,778.530029296875,2026-10-10T00:03:13.902127+00:00
835.0,55.23,57.75,73.56,4.0,0.0,0.3513248461914062,put,2026-10-16,SPY,778.530029296875,2026-10-10T00:03:13.902127+00:00
840.0,60.2,62.75,72.35,1.0,0.0,0.3737855590820312,put,2026-10-16,SPY,778.530029296875,2026-10-10T00:03:13.902127+00:00
845.0,65.28,67.67,67.87,2.0,0.0,0.3902648864746094,put,2026-10-16,SPY,778.530029296875,2026-10-10T00:03:13.902127+00:00
850.0,70.2,72.75,71.26,9.0,8.0,0.41748629394531245,put,2026-10-16,SPY,778.530029296875,2026-10-10T00:03:13.902127+00:00
855.0,75.2,77.75,81.76,20.0,0.0,0.4387263159179688,put,2026-10-16,SPY,778.530029296875,2026-10-10T00:03:13.902127+00:00
860.0,80.27,82.75,100.0,1.0,0.0,0.45972219970703126,put,2026-10-16,SPY,778.530029296875,2026-10-10T00:03:13.902127+00:00
865.0,0.0,0.0,99.46,1.0,0.0,1.0000000000000003e-05,put,2026-10-16,SPY,778.530029296875,2026-10-10T00:03:13.902127+00:00
870.0,90.27,92.75,108.55,,0.0,0.5007374145507812,put,2026-10-16,SPY,778.530029296875,2026-10-10T00:03:13.902127+00:00
875.0,95.22,97.75,113.44,,0.0,0.5207567456054687,put,2026-10-16,SPY,778.530029296875,2026-10-10T00:03:13.902127+00:00
880.0,100.27,102.7,100.42,106.0,0.0,0.5363815893554689,put,2026-10-16,SPY,778.530029296875,2026-10-10T00:03:13.902127+00:00
885.0,105.22,107.75,105.44,15.0,0.0,0.5600629931640625,put,2026-10-16,SPY,778.530029296875,2026-10-10T00:03:13.902127+00:00
890.0,110.22,112.75,128.43,,0.0,0.5793499096679688,put,2026-10-16,SPY,778.530029296875,2026-10-10T00:03:13.902127+00:00
895.0,115.22,117.75,133.43,4.0,0.0,0.5983926879882813,put,2026-10-16,SPY,778.530029296875,2026-10-10T00:03:13.902127+00:00
925.0,145.27,147.75,163.51,,0.0,0.7082548706054688,put,2026-10-16,SPY,778.530029296875,2026-10-10T00:03:13.902127+00:00
930.0,150.27,152.75,164.9,,0.0,0.7258328198242188,put,2026-10-16,SPY,778.530029296875,2026-10-10T00:03:13.902127+00:00
935.0,155.2,157.75,173.4,,0.0,0.7434107690429688,put,2026-10-16,SPY,778.530029296875,2026-10-10T00:03:13.902127+00:00
940.0,160.28,162.75,178.5,,0.0,0.5205126074218749,put,2026-10-16,SPY,778.530029296875,2026-10-10T00:03:13.902127+00:00
945.0,165.2,167.75,183.5,,0.0,0.5019581054687501,put,2026-10-16,SPY,778.530029296875,2026-10-10T00:03:13.902127+00:00
950.0,170.27,172.6,188.5,,0.0,0.7778342529296876,put,2026-10-16,SPY,778.530029296875,2026-10-10T00:03:13.902127+00:00
960.0,180.2,182.75,198.49,,0.0,0.5371140039062501,put,2026-10-16,SPY,778.530029296875,2026-10-10T00:03:13.902127+00:00
970.0,190.2,192.75,208.58,,0.0,0.5625043750000001,put,2026-10-16,SPY,778.530029296875,2026-10-10T00:03:13.902127+00:00
985.0,205.2,207.75,223.47,,0.0,0.59570716796875,put,2026-10-16,SPY,778.530029296875,2026-10-10T00:03:13.902127+00:00
990.0,210.2,212.75,216.29,2.0,0.0,0.6074258007812501,put,2026-10-16,SPY,778.530029296875,2026-10-10T00:03:13.902127+00:00
1000.0,259.32,262.51,250.79,,0.0,2.442020496520996,put,2026-10-16,SPY,778.530029296875,2026-10-10T00:03:13.902127+00:00
500.0,277.99,280.71,278.14,1.0,26.0,1.0634812451171878,call,2026-10-23,SPY,778.530029296875,2026-10-10T00:03:13.902127+00:00
510.0,268.0,270.72,254.24,1.0,1.0,1.0229541040039063,call,2026-10-23,SPY,778.530029296875,2026-10-10T00:03:13.902127+00:00
515.0,263.01,265.71,244.5,,1.0,1.001958115234375,call,2026-10-23,SPY,778.530029296875,2026-10-10T00:03:13.902127+00:00
520.0,258.02,260.73,237.87,,4.0,0.9841310180664062,call,2026-10-23,SPY,778.530029296875,2026-10-10T00:03:13.902127+00:00
525.0,253.03,255.73,246.04,,1.0,0.9643558251953125,call,2026-10-23,SPY,778.530029296875,2026-10-10T00:03:13.902127+00:00
530.0,248.04,250.76,239.24,1.0,9.0,0.94726615234375,call,2026-10-23,SPY,778.530029296875,2026-10-10T00:03:13.902127+00:00
535.0,243.04,245.77,223.52,,1.0,0.92773509765625,call,2026-10-23,SPY,778.530029296875,2026-10-10T00:03:13.902127+00:00
540.0,238.05,240.77,229.23,1.0,49.0,0.9084481811523437,call,2026-10-23,SPY,778.530029296875,2026-10-10T00:03:13.902127+00:00
550.0,228.07,230.78,219.68,1.0,5.0,0.8706067626953125,call,2026-10-23,SPY,778.530029296875,2026-10-10T00:03:13.902127+00:00
555.0,223.08,225.79,225.04,1.0,1.0,0.852540537109375,call,2026-10-23,SPY,778.530029296875,2026-10-10T00:03:13.902127+00:00
575.0,203.12,205.84,204.73,2.0,1.0,0.7805197729492188,call,2026-10-23,SPY,778.530029296875,2026-10-10T00:03:13.902127+00:00
580.0,198.12,200.85,186.39,,1.0,0.7619652709960938,call,2026-10-23,SPY,778.530029296875,2026-10-10T00:03:13.902127+00:00
585.0,193.14,195.85,177.01,,1.0,0.74414318359375,call,2026-10-23,SPY,778.530029296875,2026-10-10T00:03:13.902127+00:00
590.0,188.14,190.86,192.4,10.0,10.0,0.725588681640625,call,2026-10-23,SPY,778.530029296875,2026-10-10T00:03:13.902127+00:00
595.0,183.15,185.86,169.81,1.0,1.0,0.7070341796875,call,2026-10-23,SPY,778.530029296875,2026-10-10T00:03:13.902127+00:00
600.0,178.16,180.87,173.85,1.0,14.0,0.6894562304687502,call,2026-10-23,SPY,778.530029296875,2026-10-10T00:03:13.902127+00:00
605.0,173.16,175.88,174.86,1.0,2.0,0.6711458666992189,call,2026-10-23,SPY,778.530029296875,2026-10-10T00:03:13.902127+00:00
615.0,163.19,165.91,165.98,1.0,4.0,0.6370885900878906,call,2026-10-23,SPY,778.530029296875,2026-10-10T00:03:13.902127+00:00
620.0,158.21,160.91,159.8,1.0,2.0,0.6196327099609377,call,2026-10-23,SPY,778.530029296875,2026-10-10T00:03:13.902127+00:00
625.0,153.22,155.94,154.74,1.0,4.0,0.6030313134765627,call,2026-10-23,SPY,778.530029296875,2026-10-10T00:03:13.902127+00:00
630.0,148.23,150.94,146.44,2.0,20.0,0.584965087890625,call,2026-10-23,SPY,778.530029296875,2026-10-10T00:03:13.902127+00:00
635.0,143.24,145.95,128.93,,15.0,0.5675092077636719,call,2026-10-23,SPY,778.530029296875,2026-10-10T00:03:13.902127+00:00
640.0,138.25,140.96,141.32,1.0,1.0,0.5500533276367189,call,2026-10-23,SPY,778.530029296875,2026-10-10T00:03:13.902127+00:00
645.0,133.26,135.98,121.1,1.0,2.0,0.5330857238769531,call,2026-10-23,SPY,778.530029296875,2026-10-10T00:03:13.902127+00:00
650.0,128.28,131.0,130.01,22.0,4.0,0.5164843273925781,call,2026-10-23,SPY,778.530029296875,2026-10-10T00:03:13.902127+00:00
655.0,123.61,126.0,112.77,1.0,23.0,0.5117236328125,call,2026-10-23,SPY,778.530029296875,2026-10-10T00:03:13.902127+00:00
660.0,118.3,121.01,121.46,2.0,14.0,0.5692181750488281,call,2026-10-23,SPY,778.530029296875,2026-10-10T00:03:13.902127+00:00
670.0,108.33,111.05,110.22,1.0,9.0,0.5301560656738282,call,2026-10-23,SPY,778.530029296875,2026-10-10T00:03:13.902127+00:00
675.0,103.34,106.05,104.72,1.0,25.0,0.5095263891601562,call,2026-10-23,SPY,778.530029296875,2026-10-10T00:03:13.902127+00:00
680.0,98.35,101.06,90.09,5.0,26.0,0.48944602355957045,call,2026-10-23,SPY,778.530029296875,2026-10-10T00:03:13.902127+00:00
685.0,93.37,96.1,96.79,1.0,7.0,0.47070841796875,call,2026-10-23,SPY,778.530029296875,2026-10-10T00:03:13.902127+00:00
690.0,88.38,91.09,89.12,3.0,5.0,0.4495904650878906,call,2026-10-23,SPY,778.530029296875,2026-10-10T00:03:13.902127+00:00
695.0,83.4,86.1,70.98,1.0,20.0,0.4294490649414063,call,2026-10-23,SPY,778.530029296875,2026-10-10T00:03:13.902127+00:00
700.0,78.42,81.13,80.0,1.0,52.0,0.4099790447998046,call,2026-10-23,SPY,778.530029296875,2026-10-10T00:03:13.902127+00:00
705.0,73.43,76.16,76.19,2.0,44.0,0.39038695556640624,call,2026-10-23,SPY,778.530029296875,2026-10-10T00:03:13.902127+00:00
710.0,68.46,71.13,67.1,1.0,18.0,0.3683534844970704,call,2026-10-23,SPY,778.530029296875,2026-10-10T00:03:13.902127+00:00
715.0,63.48,66.18,64.49,6.0,14.0,0.34931070617675775,call,2026-10-23,SPY,778.530029296875,2026-10-10T00:03:13.902127+00:00
720.0,59.28,60.31,59.91,7.0,182.0,0.2942575457763671,call,2026-10-23,SPY,778.530029296875,2026-10-10T00:03:13.902127+00:00
721.0,57.52,60.22,60.78,5.0,9.0,0.3253851641845703,call,2026-10-23,SPY,778.530029296875,2026-10-10T00:03:13.902127+00:00
722.0,56.52,59.24,46.57,2.0,4.0,0.3218451605224609,call,2026-10-23,SPY,778.530029296875,2026-10-10T00:03:13.902127+00:00
723.0,55.53,58.24,53.28,10.0,13.0,0.31757274230957033,call,2026-10-23,SPY,778.530029296875,2026-10-10T00:03:13.902127+00:00
724.0,54.54,57.19,53.7,1.0,0.0,0.31153032226562494,call,2026-10-23,SPY,778.530029296875,2026-10-10T00:03:13.902127+00:00
725.0,54.26,55.79,54.48,15.0,133.0,0.2930978894042968,call,2026-10-23,SPY,778.530029296875,2026-10-10T00:03:13.902127+00:00
726.0,52.54,55.26,42.8,40.0,6.0,0.30542686767578126,call,2026-10-23,SPY,778.530029296875,2026-10-10T00:03:13.902127+00:00
727.0,52.2,53.8,48.5,1.0,186.0,0.2851023638916015,call,2026-10-23,SPY,778.530029296875,2026-10-10T00:03:13.902127+00:00
728.0,50.57,53.3,51.95,1.0,51.0,0.2981027221679687,call,2026-10-23,SPY,778.530029296875,2026-10-10T00:03:13.902127+00:00
729.0,49.58,52.3,53.85,2.0,8.0,0.2937692694091796,call,2026-10-23,SPY,778.530029296875,2026-10-10T00:03:13.902127+00:00
730.0,49.29,50.97,49.32,5.0,179.0,0.27851063293457035,call,2026-10-23,SPY,778.530029296875,2026-10-10T00:03:13.902127+00:00
731.0,47.6,50.31,40.53,,6.0,0.2854075366210937,call,2026-10-23,SPY,778.530029296875,2026-10-10T00:03:13.902127+00:00
732.0,46.66,49.25,38.56,1.0,30.0,0.2791820129394531,call,2026-10-23,SPY,778.530029296875,2026-10-10T00:03:13.902127+00:00
733.0,45.67,48.33,36.31,2.0,13.0,0.27735097656249996,call,2026-10-23,SPY,778.530029296875,2026-10-10T00:03:13.902127+00:00
734.0,44.64,47.35,39.79,2.0,8.0,0.2735668347167969,call,2026-10-23,SPY,778.530029296875,2026-10-10T00:03:13.902127+00:00
735.0,44.36,46.03,42.93,7.0,178.0,0.2591016473388672,call,2026-10-23,SPY,778.530029296875,2026-10-10T00:03:13.902127+00:00
736.0,42.75,45.33,33.8,1.0,26.0,0.26416751464843746,call,2026-10-23,SPY,778.530029296875,2026-10-10T00:03:13.902127+00:00
737.0,41.67,44.38,37.86,1.0,16.0,0.2612378564453125,call,2026-10-23,SPY,778.530029296875,2026-10-10T00:03:13.902127+00:00
739.0,39.72,42.38,28.03,2.0,10.0,0.25238784729003905,call,2026-10-23,SPY,778.530029296875,2026-10-10T00:03:13.902127+00:00
740.0,39.52,40.42,40.16,11.0,198.0,0.21772022521972656,call,2026-10-23,SPY,778.530029296875,2026-10-10T00:03:13.902127+00:00
741.0,37.85,40.36,25.32,1.0,6.0,0.24286645812988278,call,2026-10-23,SPY,778.530029296875,2026-10-10T00:03:13.902127+00:00
742.0,37.5,39.03,36.63,8.0,118.0,0.2287064434814453,call,2026-10-23,SPY,778.530029296875,2026-10-10T00:03:13.902127+00:00
743.0,35.89,38.34,23.96,1.0,9.0,0.2332840344238281,call,2026-10-23,SPY,778.530029296875,2026-10-10T00:03:13.902127+00:00
744.0,34.96,37.44,34.49,2.0,36.0,0.23157506713867188,call,2026-10-23,SPY,778.530029296875,2026-10-10T00:03:13.902127+00:00
745.0,34.32,36.24,35.42,5.0,171.0,0.22144333251953124,call,2026-10-23,SPY,778.530029296875,2026-10-10T00:03:13.902127+00:00
746.0,33.02,35.45,33.56,4.0,67.0,0.22272505798339842,call,2026-10-23,SPY,778.530029296875,2026-10-10T00:03:13.902127+00:00
747.0,32.07,34.52,30.27,1.0,64.0,0.2199785034179687,call,2026-10-23,SPY,778.530029296875,2026-10-10T00:03:13.902127+00:00
748.0,31.08,33.53,20.02,1.0,58.0,0.21558401611328126,call,2026-10-23,SPY,778.530029296875,2026-10-10T00:03:13.902127+00:00
749.0,30.18,32.5,28.67,2.0,40.0,0.21015194152832029,call,2026-10-23,SPY,778.530029296875,2026-10-10T00:03:13.902127+00:00
750.0,29.77,31.28,29.7,4.0,3045.0,0.19974555145263673,call,2026-10-23,SPY,778.530029296875,2026-10-10T00:03:13.902127+00:00
751.0,28.81,30.27,28.03,4.0,349.0,0.1948322705078125,call,2026-10-23,SPY,778.530029296875,2026-10-10T00:03:13.902127+00:00
752.0,27.94,29.2,28.6,6.0,342.0,0.18836260864257812,call,2026-10-23,SPY,778.530029296875,2026-10-10T00:03:13.902127+00:00
753.0,26.45,28.9,26.18,4.0,90.0,0.2010577941894531,call,2026-10-23,SPY,778.530029296875,2026-10-10T00:03:13.902127+00:00
754.0,26.05,27.52,26.94,2.0,213.0,0.1870198486328125,call,2026-10-23,SPY,778.530029296875,2026-10-10T00:03:13.902127+00:00
755.0,24.78,26.64,26.19,12.0,944.0,0.18512777770996092,call,2026-10-23,SPY,778.530029296875,2026-10-10T00:03:13.902127+00:00
756.0,23.69,25.78,24.9,17.0,66.0,0.18354087951660153,call,2026-10-23,SPY,778.530029296875,2026-10-10T00:03:13.902127+00:00
757.0,23.57,24.0,24.02,15.0,271.0,0.15992051025390625,call,2026-10-23,SPY,778.530029296875,2026-10-10T00:03:13.902127+00:00
758.0,22.67,23.08,23.26,14.0,301.0,0.15714343841552736,call,2026-10-23,SPY,778.530029296875,2026-10-10T00:03:13.902127+00:00
759.0,21.74,22.16,21.75,7.0,708.0,0.15424429748535157,call,2026-10-23,SPY,778.530029296875,2026-10-10T00:03:13.902127+00:00
760.0,20.83,21.25,20.94,55.0,3394.0,0.1514977429199219,call,2026-10-23,SPY,778.530029296875,2026-10-10T00:03:13.902127+00:00
761.0,19.94,20.37,20.5,4.0,494.0,0.14926998199462893,call,2026-10-23,SPY,778.530029296875,2026-10-10T00:03:13.902127+00:00
762.0,19.05,19.45,18.8,11.0,330.0,0.14600463378906248,call,2026-10-23,SPY,778.530029296875,2026-10-10T00:03:13.902127+00:00
763.0,18.16,18.57,18.26,18.0,562.0,0.14350221740722657,call,2026-10-23,SPY,778.530029296875,2026-10-10T00:03:13.902127+00:00
764.0,17.29,17.69,17.6,23.0,536.0,0.1408166973876953,call,2026-10-23,SPY,778.530029296875,2026-10-10T00:03:13.902127+00:00
765.0,16.43,16.82,16.38,131.0,2239.0,0.1381922119140625,call,2026-10-23,SPY,778.530029296875,2026-10-10T00:03:13.902127+00:00
766.0,15.62,15.97,16.12,369.0,1117.0,0.13581186462402345,call,2026-10-23,SPY,778.530029296875,2026-10-10T00:03:13.902127+00:00
767.0,14.76,15.13,14.88,1111.0,649.0,0.13343151733398437,call,2026-10-23,SPY,778.530029296875,2026-10-10T00:03:13.902127+00:00
768.0,13.94,14.3,14.0,1031.0,2105.0,0.13102065277099606,call,2026-10-23,SPY,778.530029296875,2026-10-10T00:03:13.902127+00:00
769.0,13.13,13.49,13.17,944.0,897.0,0.1287928918457031,call,2026-10-23,SPY,778.530029296875,2026-10-10T00:03:13.902127+00:00
770.0,12.34,12.7,12.47,3592.0,3969.0,0.1266566827392578,call,2026-10-23,SPY,778.530029296875,2026-10-10T00:03:13.902127+00:00
771.0,11.55,11.92,11.65,103.0,1665.0,0.12448995635986329,call,2026-10-23,SPY,778.530029296875,2026-10-10T00:03:13.902127+00:00
772.0,10.79,11.16,10.92,142.0,1702.0,0.12241478179931642,call,2026-10-23,SPY,778.530029296875,2026-10-10T00:03:13.902127+00:00
773.0,10.05,10.42,10.13,385.0,1830.0,0.12040064178466797,call,2026-10-23,SPY,778.530029296875,2026-10-10T00:03:13.902127+00:00
774.0,9.49,9.62,9.5,252.0,1109.0,0.11707425903320312,call,2026-10-23,SPY,778.530029296875,2026-10-10T00:03:13.902127+00:00
775.0,8.66,8.98,8.66,1373.0,2371.0,0.11615874084472656,call,2026-10-23,SPY,778.530029296875,2026-10-10T00:03:13.902127+00:00
776.0,8.11,8.28,8.23,856.0,1639.0,0.11390046264648437,call,2026-10-23,SPY,778.530029296875,2026-10-10T00:03:13.902127+00:00
777.0,7.47,7.6,7.33,1118.0,1384.0,0.11164218444824218,call,2026-10-23,SPY,778.530029296875,2026-10-10T00:03:13.902127+00:00
778.0,6.79,7.01,6.86,2292.0,761.0,0.1105130453491211,call,2026-10-23,SPY,778.530029296875,2026-10-10T00:03:13.902127+00:00
779.0,6.29,6.33,6.29,779.0,1465.0,0.10749183532714844,call,2026-10-23,SPY,778.530029296875,2026-10-10T00:03:13.902127+00:00
780.0,5.72,5.76,5.75,3174.0,2724.0,0.10590493713378905,call,2026-10-23,SPY,778.530029296875,2026-10-10T00:03:13.902127+00:00
781.0,5.19,5.23,5.2,625.0,1522.0,0.10456217712402342,call,2026-10-23,SPY,778.530029296875,2026-10-10T00:03:13.902127+00:00
782.0,4.7,4.72,4.71,882.0,1565.0,0.10309734802246093,call,2026-10-23,SPY,778.530029296875,2026-10-10T00:03:13.902127+00:00
783.0,4.22,4.25,4.24,753.0,969.0,0.10187665710449219,call,2026-10-23,SPY,778.530029296875,2026-10-10T00:03:13.902127+00:00
784.0,3.77,3.81,3.78,836.0,1066.0,0.10068648345947265,call,2026-10-23,SPY,778.530029296875,2026-10-10T00:03:13.902127+00:00
785.0,3.37,3.4,3.4,2924.0,2892.0,0.09955734436035156,call,2026-10-23,SPY,778.530029296875,2026-10-10T00:03:13.902127+00:00
786.0,2.98,3.02,3.03,569.0,1483.0,0.09845872253417969,call,2026-10-23,SPY,778.530029296875,2026-10-10T00:03:13.902127+00:00
787.0,2.64,2.67,2.64,571.0,885.0,0.09745165252685548,call,2026-10-23,SPY,778.530029296875,2026-10-10T00:03:13.902127+00:00
788.0,2.33,2.35,2.35,6499.0,1115.0,0.09650561706542969,call,2026-10-23,SPY,778.530029296875,2026-10-10T00:03:13.902127+00:00
789.0,2.04,2.06,2.05,335.0,1942.0,0.09562061614990236,call,2026-10-23,SPY,778.530029296875,2026-10-10T00:03:13.902127+00:00
790.0,1.79,1.8,1.8,24438.0,5254.0,0.09485768432617189,call,2026-10-23,SPY,778.530029296875,2026-10-10T00:03:13.902127+00:00
791.0,1.55,1.57,1.57,409.0,1641.0,0.0942473388671875,call,2026-10-23,SPY,778.530029296875,2026-10-10T00:03:13.902127+00:00
792.0,1.34,1.36,1.33,503.0,889.0,0.0935759588623047,call,2026-10-23,SPY,778.530029296875,2026-10-10T00:03:13.902127+00:00
793.0,1.16,1.17,1.15,314.0,1156.0,0.09290457885742187,call,2026-10-23,SPY,778.530029296875,2026-10-10T00:03:13.902127+00:00
794.0,1.0,1.01,1.01,205.0,983.0,0.0924773370361328,call,2026-10-23,SPY,778.530029296875,2026-10-10T00:03:13.902127+00:00
795.0,0.86,0.87,0.87,439.0,4140.0,0.09217216430664063,call,2026-10-23,SPY,778.530029296875,2026-10-10T00:03:13.902127+00:00
796.0,0.73,0.75,0.74,134.0,962.0,0.09198906066894531,call,2026-10-23,SPY,778.530029296875,2026-10-10T00:03:13.902127+00:00
797.0,0.62,0.64,0.6,290.0,1684.0,0.09168388793945312,call,2026-10-23,SPY,778.530029296875,2026-10-10T00:03:13.902127+00:00
798.0,0.53,0.54,0.55,595.0,1426.0,0.09119561157226563,call,2026-10-23,SPY,778.530029296875,2026-10-10T00:03:13.902127+00:00
799.0,0.45,0.46,0.44,163.0,1474.0,0.09107354248046876,call,2026-10-23,SPY,778.530029296875,2026-10-10T00:03:13.902127+00:00
800.0,0.38,0.39,0.36,2118.0,9303.0,0.09095147338867188,call,2026-10-23,SPY,778.530029296875,2026-10-10T00:03:13.902127+00:00
801.0,0.32,0.33,0.32,5365.0,1054.0,0.090829404296875,call,2026-10-23,SPY,778.530029296875,2026-10-10T00:03:13.902127+00:00
802.0,0.27,0.28,0.28,268.0,1635.0,0.09095147338867188,call,2026-10-23,SPY,778.530029296875,2026-10-10T00:03:13.902127+00:00
803.0,0.23,0.24,0.23,17.0,661.0,0.09119561157226563,call,2026-10-23,SPY,778.530029296875,2026-10-10T00:03:13.902127+00:00
804.0,0.2,0.21,0.22,22.0,646.0,0.09180595703125,call,2026-10-23,SPY,778.530029296875,2026-10-10T00:03:13.902127+00:00
805.0,0.17,0.18,0.19,345.0,999.0,0.09217216430664063,call,2026-10-23,SPY,778.530029296875,2026-10-10T00:03:13.902127+00:00
806.0,0.15,0.16,0.15,296.0,731.0,0.09302664794921875,call,2026-10-23,SPY,778.530029296875,2026-10-10T00:03:13.902127+00:00
807.0,0.13,0.14,0.1,98.0,507.0,0.0937590625,call,2026-10-23,SPY,778.530029296875,2026-10-10T00:03:13.902127+00:00
808.0,0.11,0.12,0.12,17.0,344.0,0.09400320068359375,call,2026-10-23,SPY,778.530029296875,2026-10-10T00:03:13.902127+00:00
809.0,0.1,0.11,0.1,9.0,227.0,0.09546802978515626,call,2026-10-23,SPY,778.530029296875,2026-10-10T00:03:13.902127+00:00
810.0,0.08,0.09,0.08,34.0,708.0,0.09522389160156251,call,2026-10-23,SPY,778.530029296875,2026-10-10T00:03:13.902127+00:00
811.0,0.08,0.09,0.08,6.0,249.0,0.0976652734375,call,2026-10-23,SPY,778.530029296875,2026-10-10T00:03:13.902127+00:00
812.0,0.07,0.08,0.07,5.0,651.0,0.098641826171875,call,2026-10-23,SPY,778.530029296875,2026-10-10T00:03:13.902127+00:00
813.0,0.06,0.07,0.04,6.0,369.0,0.0991301025390625,call,2026-10-23,SPY,778.530029296875,2026-10-10T00:03:13.902127+00:00
814.0,0.06,0.07,0.06,73.0,1117.0,0.10157148437499999,call,2026-10-23,SPY,778.530029296875,2026-10-10T00:03:13.902127+00:00
815.0,0.05,0.06,0.05,10.0,3091.0,0.10205976074218749,call,2026-10-23,SPY,778.530029296875,2026-10-10T00:03:13.902127+00:00
816.0,0.05,0.06,0.1,4.0,518.0,0.10450114257812498,call,2026-10-23,SPY,778.530029296875,2026-10-10T00:03:13.902127+00:00
817.0,0.04,0.05,0.05,2.0,104.0,0.10450114257812498,call,2026-10-23,SPY,778.530029296875,2026-10-10T00:03:13.902127+00:00
818.0,0.04,0.05,0.04,2.0,673.0,0.106454248046875,call,2026-10-23,SPY,778.530029296875,2026-10-10T00:03:13.902127+00:00
819.0,0.04,0.05,0.03,740.0,760.0,0.1088956298828125,call,2026-10-23,SPY,778.530029296875,2026-10-10T00:03:13.902127+00:00
820.0,0.04,0.05,0.04,25.0,463.0,0.11133701171874999,call,2026-10-23,SPY,778.530029296875,2026-10-10T00:03:13.902127+00:00
821.0,0.03,0.04,0.03,12.0,726.0,0.11036045898437499,call,2026-10-23,SPY,778.530029296875,2026-10-10T00:03:13.902127+00:00
822.0,0.03,0.04,0.08,1.0,192.0,0.1128018408203125,call,2026-10-23,SPY,778.530029296875,2026-10-10T00:03:13.902127+00:00
823.0,0.03,0.04,0.03,1.0,272.0,0.1147549462890625,call,2026-10-23,SPY,778.530029296875,2026-10-10T00:03:13.902127+00:00
824.0,0.03,0.04,0.04,6.0,27.0,0.117196328125,call,2026-10-23,SPY,778.530029296875,2026-10-10T00:03:13.902127+00:00
825.0,0.03,0.04,0.03,1.0,1295.0,0.11914943359374999,call,2026-10-23,SPY,778.530029296875,2026-10-10T00:03:13.902127+00:00
830.0,0.02,0.03,0.01,1.0,1557.0,0.125985302734375,call,2026-10-23,SPY,778.530029296875,2026-10-10T00:03:13.902127+00:00
835.0,0.02,0.03,0.02,77.0,605.0,0.13672738281250002,call,2026-10-23,SPY,778.530029296875,2026-10-10T00:03:13.902127+00:00
840.0,0.01,0.02,0.01,99.0,308.0,0.14063359375,call,2026-10-23,SPY,778.530029296875,2026-10-10T00:03:13.902127+00:00
845.0,0.01,0.02,0.01,20.0,198.0,0.15039912109375003,call,2026-10-23,SPY,778.530029296875,2026-10-10T00:03:13.902127+00:00
850.0,0.01,0.02,0.02,1.0,420.0,0.1601646484375,call,2026-10-23,SPY,778.530029296875,2026-10-10T00:03:13.902127+00:00
855.0,0.01,0.02,0.01,4.0,227.0,0.16993017578125003,call,2026-10-23,SPY,778.530029296875,2026-10-10T00:03:13.902127+00:00
860.0,0.01,0.02,0.01,34.0,217.0,0.179695703125,call,2026-10-23,SPY,778.530029296875,2026-10-10T00:03:13.902127+00:00
865.0,0.01,0.02,0.02,5.0,408.0,0.18946123046875002,call,2026-10-23,SPY,778.530029296875,2026-10-10T00:03:13.902127+00:00
870.0,0.0,0.01,0.01,2.0,212.0,0.187508125,call,2026-10-23,SPY,778.530029296875,2026-10-10T00:03:13.902127+00:00
875.0,0.0,0.01,0.02,10.0,213.0,0.195320546875,call,2026-10-23,SPY,778.530029296875,2026-10-10T00:03:13.902127+00:00
880.0,0.0,0.01,0.03,24.0,116.0,0.20313296874999998,call,2026-10-23,SPY,778.530029296875,2026-10-10T00:03:13.902127+00:00
885.0,0.0,0.01,0.01,1.0,601.0,0.21094539062499998,call,2026-10-23,SPY,778.530029296875,2026-10-10T00:03:13.902127+00:00
890.0,0.0,0.01,0.01,418.0,443.0,0.22266402343749997,call,2026-10-23,SPY,778.530029296875,2026-10-10T00:03:13.902127+00:00
895.0,0.0,0.01,0.01,418.0,444.0,0.2304764453125,call,2026-10-23,SPY,778.530029296875,2026-10-10T00:03:13.902127+00:00
905.0,0.0,0.01,0.01,16.0,26.0,0.2461012890625,call,2026-10-23,SPY,778.530029296875,2026-10-10T00:03:13.902127+00:00
915.0,0.0,0.01,0.02,,6.0,0.2617261328125,call,2026-10-23,SPY,778.530029296875,2026-10-10T00:03:13.902127+00:00
920.0,0.0,0.01,0.01,,50.0,0.2695385546875,call,2026-10-23,SPY,778.530029296875,2026-10-10T00:03:13.902127+00:00
930.0,0.0,0.01,0.01,1.0,1.0,0.28516339843749994,call,2026-10-23,SPY,778.530029296875,2026-10-10T00:03:13.902127+00:00
500.0,0.01,0.02,0.02,16.0,2617.0,0.70312796875,put,2026-10-23,SPY,778.530029296875,2026-10-10T00:03:13.902127+00:00
505.0,0.01,0.02,0.03,54.0,156.0,0.6875031250000001,put,2026-10-23,SPY,778.530029296875,2026-10-10T00:03:13.902127+00:00
510.0,0.01,0.02,0.01,5.0,948.0,0.6718782812500002,put,2026-10-23,SPY,778.530029296875,2026-10-10T00:03:13.902127+00:00
515.0,0.01,0.02,0.01,120.0,6170.0,0.6562534375000001,put,2026-10-23,SPY,778.530029296875,2026-10-10T00:03:13.902127+00:00
520.0,0.02,0.03,0.02,600.0,5877.0,0.6718782812500002,put,2026-10-23,SPY,778.530029296875,2026-10-10T00:03:13.902127+00:00
525.0,0.02,0.03,0.03,137.0,983.0,0.6562534375000001,put,2026-10-23,SPY,778.530029296875,2026-10-10T00:03:13.902127+00:00
530.0,0.02,0.03,0.02,20.0,35.0,0.64062859375,put,2026-10-23,SPY,778.530029296875,2026-10-10T00:03:13.902127+00:00
535.0,0.02,0.03,0.02,563.0,1498.0,0.6289099609375001,put,2026-10-23,SPY,778.530029296875,2026-10-10T00:03:13.902127+00:00
540.0,0.02,0.03,0.02,199.0,120.0,0.6132851171875001,put,2026-10-23,SPY,778.530029296875,2026-10-10T00:03:13.902127+00:00
545.0,0.02,0.03,0.03,1.0,108.0,0.5976602734375001,put,2026-10-23,SPY,778.530029296875,2026-10-10T00:03:13.902127+00:00
550.0,0.02,0.03,0.03,6.0,317.0,0.585941640625,put,2026-10-23,SPY,778.530029296875,2026-10-10T00:03:13.902127+00:00
555.0,0.03,0.04,0.03,1.0,14.0,0.585941640625,put,2026-10-23,SPY,778.530029296875,2026-10-10T00:03:13.902127+00:00
560.0,0.03,0.04,0.03,48.0,914.0,0.5722699023437501,put,2026-10-23,SPY,778.530029296875,2026-10-10T00:03:13.902127+00:00
565.0,0.03,0.04,0.04,5.0,242.0,0.5585981640625001,put,2026-10-23,SPY,778.530029296875,2026-10-10T00:03:13.902127+00:00
570.0,0.03,0.04,0.03,108.0,58.0,0.5429733203125001,put,2026-10-23,SPY,778.530029296875,2026-10-10T00:03:13.902127+00:00
575.0,0.03,0.04,0.04,184.0,58.0,0.5312546875,put,2026-10-23,SPY,778.530029296875,2026-10-10T00:03:13.902127+00:00
580.0,0.03,0.04,0.03,96.0,69.0,0.51562984375,put,2026-10-23,SPY,778.530029296875,2026-10-10T00:03:13.902127+00:00
585.0,0.04,0.05,0.04,10.0,48.0,0.5136767382812499,put,2026-10-23,SPY,778.530029296875,2026-10-10T00:03:13.902127+00:00
590.0,0.04,0.05,0.05,2.0,460.0,0.500005,put,2026-10-23,SPY,778.530029296875,2026-10-10T00:03:13.902127+00:00
595.0,0.04,0.05,0.04,195.0,106.0,0.49023947265625006,put,2026-10-23,SPY,778.530029296875,2026-10-10T00:03:13.902127+00:00
600.0,0.04,0.05,0.04,88.0,398.0,0.476567734375,put,2026-10-23,SPY,778.530029296875,2026-10-10T00:03:13.902127+00:00
605.0,0.04,0.05,0.05,6.0,289.0,0.46289599609375004,put,2026-10-23,SPY,778.530029296875,2026-10-10T00:03:13.902127+00:00
610.0,0.05,0.06,0.04,3.0,644.0,0.45703667968750006,put,2026-10-23,SPY,778.530029296875,2026-10-10T00:03:13.902127+00:00
615.0,0.05,0.06,0.05,24.0,125.0,0.44336494140625,put,2026-10-23,SPY,778.530029296875,2026-10-10T00:03:13.902127+00:00
620.0,0.05,0.06,0.05,12.0,339.0,0.42969320312500003,put,2026-10-23,SPY,778.530029296875,2026-10-10T00:03:13.902127+00:00
625.0,0.06,0.07,0.06,91.0,482.0,0.42188078125,put,2026-10-23,SPY,778.530029296875,2026-10-10T00:03:13.902127+00:00
630.0,0.06,0.07,0.06,10.0,107.0,0.40820904296875,put,2026-10-23,SPY,778.530029296875,2026-10-10T00:03:13.902127+00:00
635.0,0.07,0.08,0.06,60.0,328.0,0.40039662109375,put,2026-10-23,SPY,778.530029296875,2026-10-10T00:03:13.902127+00:00
640.0,0.07,0.08,0.07,8.0,367.0,0.3857483300781249,put,2026-10-23,SPY,778.530029296875,2026-10-10T00:03:13.902127+00:00
645.0,0.08,0.09,0.08,12.0,205.0,0.37695935546875,put,2026-10-23,SPY,778.530029296875,2026-10-10T00:03:13.902127+00:00
650.0,0.08,0.09,0.08,85.0,1879.0,0.3632876171875,put,2026-10-23,SPY,778.530029296875,2026-10-10T00:03:13.902127+00:00
655.0,0.09,0.1,0.11,20.0,330.0,0.35352208984374994,put,2026-10-23,SPY,778.530029296875,2026-10-10T00:03:13.902127+00:00
660.0,0.09,0.1,0.08,113.0,792.0,0.3398503515625,put,2026-10-23,SPY,778.530029296875,2026-10-10T00:03:13.902127+00:00
665.0,0.1,0.11,0.09,3.0,974.0,0.32910827148437494,put,2026-10-23,SPY,778.530029296875,2026-10-10T00:03:13.902127+00:00
670.0,0.1,0.11,0.1,351.0,1725.0,0.3154365332031249,put,2026-10-23,SPY,778.530029296875,2026-10-10T00:03:13.902127+00:00
675.0,0.11,0.12,0.11,16.0,2608.0,0.304694453125,put,2026-10-23,SPY,778.530029296875,2026-10-10T00:03:13.902127+00:00
680.0,0.12,0.13,0.12,130.0,2046.0,0.2934640966796874,put,2026-10-23,SPY,778.530029296875,2026-10-10T00:03:13.902127+00:00
685.0,0.12,0.13,0.13,54.0,1660.0,0.27930408203124996,put,2026-10-23,SPY,778.530029296875,2026-10-10T00:03:13.902127+00:00
690.0,0.13,0.14,0.12,62.0,1531.0,0.26807372558593745,put,2026-10-23,SPY,778.530029296875,2026-10-10T00:03:13.902127+00:00
695.0,0.14,0.15,0.14,261.0,3472.0,0.2561109545898438,put,2026-10-23,SPY,778.530029296875,2026-10-10T00:03:13.902127+00:00
700.0,0.15,0.16,0.16,383.0,3129.0,0.24414818359375,put,2026-10-23,SPY,778.530029296875,2026-10-10T00:03:13.902127+00:00
705.0,0.16,0.17,0.16,433.0,1590.0,0.23169713623046873,put,2026-10-23,SPY,778.530029296875,2026-10-10T00:03:13.902127+00:00
710.0,0.18,0.19,0.17,139.0,8044.0,0.22071091796874998,put,2026-10-23,SPY,778.530029296875,2026-10-10T00:03:13.902127+00:00
715.0,0.2,0.21,0.2,1171.0,8023.0,0.2092364233398437,put,2026-10-23,SPY,778.530029296875,2026-10-10T00:03:13.902127+00:00
720.0,0.22,0.23,0.22,154.0,2186.0,0.19727365234375,put,2026-10-23,SPY,778.530029296875,2026-10-10T00:03:13.902127+00:00
721.0,0.22,0.23,0.22,16.0,318.0,0.194343994140625,put,2026-10-23,SPY,778.530029296875,2026-10-10T00:03:13.902127+00:00
722.0,0.23,0.24,0.24,16.0,265.0,0.19263502685546874,put,2026-10-23,SPY,778.530029296875,2026-10-10T00:03:13.902127+00:00
723.0,0.23,0.24,0.25,16.0,261.0,0.18946123046875002,put,2026-10-23,SPY,778.530029296875,2026-10-10T00:03:13.902127+00:00
724.0,0.24,0.25,0.25,3.0,1419.0,0.18775226318359373,put,2026-10-23,SPY,778.530029296875,2026-10-10T00:03:13.902127+00:00
725.0,0.25,0.26,0.25,673.0,29096.0,0.1860432958984375,put,2026-10-23,SPY,778.530029296875,2026-10-10T00:03:13.902127+00:00
726.0,0.25,0.26,0.25,26.0,401.0,0.1828694995117187,put,2026-10-23,SPY,778.530029296875,2026-10-10T00:03:13.902127+00:00
727.0,0.26,0.27,0.26,18.0,688.0,0.18091639404296872,put,2026-10-23,SPY,778.530029296875,2026-10-10T00:03:13.902127+00:00
728.0,0.27,0.28,0.27,427.0,414.0,0.17896328857421873,put,2026-10-23,SPY,778.530029296875,2026-10-10T00:03:13.902127+00:00
729.0,0.28,0.29,0.28,109.0,801.0,0.17701018310546873,put,2026-10-23,SPY,778.530029296875,2026-10-10T00:03:13.902127+00:00
730.0,0.29,0.3,0.28,395.0,2872.0,0.174812939453125,put,2026-10-23,SPY,778.530029296875,2026-10-10T00:03:13.902127+00:00
731.0,0.3,0.31,0.4,14.0,653.0,0.17273776489257814,put,2026-10-23,SPY,778.530029296875,2026-10-10T00:03:13.902127+00:00
732.0,0.31,0.32,0.31,141.0,1191.0,0.1706625903320313,put,2026-10-23,SPY,778.530029296875,2026-10-10T00:03:13.902127+00:00
733.0,0.32,0.33,0.32,19.0,915.0,0.16834327758789067,put,2026-10-23,SPY,778.530029296875,2026-10-10T00:03:13.902127+00:00
734.0,0.33,0.34,0.34,30.0,386.0,0.16602396484375004,put,2026-10-23,SPY,778.530029296875,2026-10-10T00:03:13.902127+00:00
735.0,0.34,0.35,0.34,637.0,2358.0,0.1638267211914063,put,2026-10-23,SPY,778.530029296875,2026-10-10T00:03:13.902127+00:00
736.0,0.36,0.37,0.36,201.0,1916.0,0.16223982299804687,put,2026-10-23,SPY,778.530029296875,2026-10-10T00:03:13.902127+00:00
737.0,0.37,0.38,0.37,153.0,757.0,0.15979844116210937,put,2026-10-23,SPY,778.530029296875,2026-10-10T00:03:13.902127+00:00
738.0,0.39,0.4,0.39,220.0,694.0,0.15808947387695313,put,2026-10-23,SPY,778.530029296875,2026-10-10T00:03:13.902127+00:00
739.0,0.4,0.41,0.41,138.0,520.0,0.15552602294921875,put,2026-10-23,SPY,778.530029296875,2026-10-10T00:03:13.902127+00:00
740.0,0.42,0.43,0.42,3713.0,12429.0,0.15369498657226563,put,2026-10-23,SPY,778.530029296875,2026-10-10T00:03:13.902127+00:00
741.0,0.44,0.45,0.44,59.0,841.0,0.15174188110351564,put,2026-10-23,SPY,778.530029296875,2026-10-10T00:03:13.902127+00:00
742.0,0.46,0.47,0.47,73.0,1576.0,0.14966670654296876,put,2026-10-23,SPY,778.530029296875,2026-10-10T00:03:13.902127+00:00
743.0,0.49,0.5,0.5,115.0,807.0,0.14820187744140628,put,2026-10-23,SPY,778.530029296875,2026-10-10T00:03:13.902127+00:00
744.0,0.51,0.52,0.52,80.0,1036.0,0.14600463378906248,put,2026-10-23,SPY,778.530029296875,2026-10-10T00:03:13.902127+00:00
745.0,0.54,0.55,0.55,264.0,30338.0,0.14429566650390624,put,2026-10-23,SPY,778.530029296875,2026-10-10T00:03:13.902127+00:00
746.0,0.57,0.58,0.57,138.0,753.0,0.14246463012695312,put,2026-10-23,SPY,778.530029296875,2026-10-10T00:03:13.902127+00:00
747.0,0.6,0.61,0.61,367.0,2395.0,0.14057255920410155,put,2026-10-23,SPY,778.530029296875,2026-10-10T00:03:13.902127+00:00
748.0,0.64,0.65,0.65,835.0,528.0,0.13904669555664065,put,2026-10-23,SPY,778.530029296875,2026-10-10T00:03:13.902127+00:00
749.0,0.68,0.69,0.69,168.0,3226.0,0.1373377282714844,put,2026-10-23,SPY,778.530029296875,2026-10-10T00:03:13.902127+00:00
750.0,0.72,0.73,0.71,1525.0,3944.0,0.1355066918945313,put,2026-10-23,SPY,778.530029296875,2026-10-10T00:03:13.902127+00:00
751.0,0.76,0.77,0.77,112.0,614.0,0.1336146209716797,put,2026-10-23,SPY,778.530029296875,2026-10-10T00:03:13.902127+00:00
752.0,0.81,0.82,0.8,150.0,753.0,0.13196668823242189,put,2026-10-23,SPY,778.530029296875,2026-10-10T00:03:13.902127+00:00
753.0,0.86,0.88,0.86,981.0,5211.0,0.13056289367675777,put,2026-10-23,SPY,778.530029296875,2026-10-10T00:03:13.902127+00:00
754.0,0.92,0.93,0.94,445.0,1681.0,0.12860978820800778,put,2026-10-23,SPY,778.530029296875,2026-10-10T00:03:13.902127+00:00
755.0,0.98,1.0,0.99,1771.0,6949.0,0.1272670281982422,put,2026-10-23,SPY,778.530029296875,2026-10-10T00:03:13.902127+00:00
756.0,1.05,1.06,1.05,510.0,1265.0,0.12537495727539064,put,2026-10-23,SPY,778.530029296875,2026-10-10T00:03:13.902127+00:00
757.0,1.12,1.14,1.14,1712.0,2158.0,0.12397116271972657,put,2026-10-23,SPY,778.530029296875,2026-10-10T00:03:13.902127+00:00
758.0,1.2,1.22,1.2,217.0,1064.0,0.1223842645263672,put,2026-10-23,SPY,778.530029296875,2026-10-10T00:03:13.902127+00:00
759.0,1.29,1.31,1.27,460.0,3092.0,0.12085840087890626,put,2026-10-23,SPY,778.530029296875,2026-10-10T00:03:13.902127+00:00
760.0,1.38,1.4,1.37,3525.0,5299.0,0.11914943359374999,put,2026-10-23,SPY,778.530029296875,2026-10-10T00:03:13.902127+00:00
761.0,1.48,1.5,1.47,6560.0,6287.0,0.11756253540039063,put,2026-10-23,SPY,778.530029296875,2026-10-10T00:03:13.902127+00:00
762.0,1.59,1.61,1.6,1399.0,1052.0,0.11597563720703125,put,2026-10-23,SPY,778.530029296875,2026-10-10T00:03:13.902127+00:00
763.0,1.71,1.73,1.7,291.0,3560.0,0.11444977355957033,put,2026-10-23,SPY,778.530029296875,2026-10-10T00:03:13.902127+00:00
764.0,1.84,1.85,1.82,784.0,2191.0,0.11267977172851562,put,2026-10-23,SPY,778.530029296875,2026-10-10T00:03:13.902127+00:00
765.0,1.97,2.0,1.99,2474.0,4102.0,0.11133701171874999,put,2026-10-23,SPY,778.530029296875,2026-10-10T00:03:13.902127+00:00
766.0,2.12,2.15,2.1,1003.0,1362.0,0.10975011352539063,put,2026-10-23,SPY,778.530029296875,2026-10-10T00:03:13.902127+00:00
767.0,2.28,2.31,2.3,2271.0,4456.0,0.10813269805908202,put,2026-10-23,SPY,778.530029296875,2026-10-10T00:03:13.902127+00:00
768.0,2.46,2.49,2.45,1490.0,1800.0,0.10663735168457032,put,2026-10-23,SPY,778.530029296875,2026-10-10T00:03:13.902127+00:00
769.0,2.65,2.68,2.65,888.0,1764.0,0.10505045349121094,put,2026-10-23,SPY,778.530029296875,2026-10-10T00:03:13.902127+00:00
770.0,2.86,2.88,2.85,2047.0,3099.0,0.10337200347900388,put,2026-10-23,SPY,778.530029296875,2026-10-10T00:03:13.902127+00:00
771.0,3.08,3.11,3.07,635.0,2669.0,0.10193769165039063,put,2026-10-23,SPY,778.530029296875,2026-10-10T00:03:13.902127+00:00
772.0,3.33,3.35,3.34,1317.0,1986.0,0.10035079345703124,put,2026-10-23,SPY,778.530029296875,2026-10-10T00:03:13.902127+00:00
773.0,3.59,3.62,3.6,410.0,1538.0,0.09897751617431641,put,2026-10-23,SPY,778.530029296875,2026-10-10T00:03:13.902127+00:00
774.0,3.88,3.91,3.87,508.0,1194.0,0.09757372161865235,put,2026-10-23,SPY,778.530029296875,2026-10-10T00:03:13.902127+00:00
775.0,4.19,4.22,4.2,2502.0,2867.0,0.09610889251708986,put,2026-10-23,SPY,778.530029296875,2026-10-10T00:03:13.902127+00:00
776.0,4.52,4.56,4.54,1239.0,1477.0,0.09476613250732424,put,2026-10-23,SPY,778.530029296875,2026-10-10T00:03:13.902127+00:00
777.0,4.89,4.92,4.89,1424.0,1992.0,0.09333182067871094,put,2026-10-23,SPY,778.530029296875,2026-10-10T00:03:13.902127+00:00
778.0,5.27,5.3,5.3,1589.0,786.0,0.09180595703125,put,2026-10-23,SPY,778.530029296875,2026-10-10T00:03:13.902127+00:00
779.0,5.69,5.73,5.71,1139.0,612.0,0.09061578338623047,put,2026-10-23,SPY,778.530029296875,2026-10-10T00:03:13.902127+00:00
780.0,6.14,6.18,6.18,2353.0,740.0,0.08930354064941406,put,2026-10-23,SPY,778.530029296875,2026-10-10T00:03:13.902127+00:00
781.0,6.62,6.66,6.64,390.0,1183.0,0.08796078063964845,put,2026-10-23,SPY,778.530029296875,2026-10-10T00:03:13.902127+00:00
782.0,7.09,7.23,7.26,254.0,95.0,0.08762509063720703,put,2026-10-23,SPY,778.530029296875,2026-10-10T00:03:13.902127+00:00
783.0,7.63,7.8,7.68,210.0,64.0,0.08680112426757813,put,2026-10-23,SPY,778.530029296875,2026-10-10T00:03:13.902127+00:00
784.0,8.2,8.49,8.1,199.0,181.0,0.08753353881835937,put,2026-10-23,SPY,778.530029296875,2026-10-10T00:03:13.902127+00:00
785.0,8.81,9.03,9.1,293.0,267.0,0.0850921569824219,put,2026-10-23,SPY,778.530029296875,2026-10-10T00:03:13.902127+00:00
786.0,9.34,9.74,9.2,255.0,19.0,0.08515319152832034,put,2026-10-23,SPY,778.530029296875,2026-10-10T00:03:13.902127+00:00
787.0,9.98,10.43,10.29,115.0,30.0,0.08435974243164066,put,2026-10-23,SPY,778.530029296875,2026-10-10T00:03:13.902127+00:00
788.0,10.83,11.15,11.3,57.0,25.0,0.08353577606201174,put,2026-10-23,SPY,778.530029296875,2026-10-10T00:03:13.902127+00:00
789.0,11.43,11.89,11.67,101.0,22.0,0.08255922332763674,put,2026-10-23,SPY,778.530029296875,2026-10-10T00:03:13.902127+00:00
790.0,12.16,12.68,12.52,114.0,317.0,0.08210146423339845,put,2026-10-23,SPY,778.530029296875,2026-10-10T00:03:13.902127+00:00
791.0,12.96,13.48,13.25,15.0,32.0,0.08130801513671876,put,2026-10-23,SPY,778.530029296875,2026-10-10T00:03:13.902127+00:00
792.0,13.78,14.32,13.8,4.0,6.0,0.08100284240722656,put,2026-10-23,SPY,778.530029296875,2026-10-10T00:03:13.902127+00:00
793.0,14.62,15.17,15.34,4.0,4.0,0.0803924969482422,put,2026-10-23,SPY,778.530029296875,2026-10-10T00:03:13.902127+00:00
794.0,14.86,16.84,16.99,2.0,0.0,0.10355510711669921,put,2026-10-23,SPY,778.530029296875,2026-10-10T00:03:13.902127+00:00
795.0,15.69,17.8,17.09,25.0,0.0,0.10672890350341799,put,2026-10-23,SPY,778.530029296875,2026-10-10T00:03:13.902127+00:00
796.0,16.45,18.96,18.84,3.0,0.0,0.11518218811035157,put,2026-10-23,SPY,778.530029296875,2026-10-10T00:03:13.902127+00:00
797.0,17.38,19.82,19.75,2.0,0.0,0.1155483953857422,put,2026-10-23,SPY,778.530029296875,2026-10-10T00:03:13.902127+00:00
798.0,18.25,20.88,20.74,2.0,0.0,0.12134667724609374,put,2026-10-23,SPY,778.530029296875,2026-10-10T00:03:13.902127+00:00
799.0,19.19,21.84,21.69,3.0,0.0,0.12427633544921876,put,2026-10-23,SPY,778.530029296875,2026-10-10T00:03:13.902127+00:00
800.0,20.16,22.72,22.67,6.0,6.0,0.1247035772705078,put,2026-10-23,SPY,778.530029296875,2026-10-10T00:03:13.902127+00:00
801.0,21.14,23.8,23.67,3.0,0.0,0.1310511700439453,put,2026-10-23,SPY,778.530029296875,2026-10-10T00:03:13.902127+00:00
802.0,22.13,24.78,24.65,2.0,0.0,0.13434703552246097,put,2026-10-23,SPY,778.530029296875,2026-10-10T00:03:13.902127+00:00
803.0,23.12,25.77,25.65,3.0,0.0,0.13788703918457032,put,2026-10-23,SPY,778.530029296875,2026-10-10T00:03:13.902127+00:00
805.0,25.03,27.76,27.65,2.0,0.0,0.1452111846923828,put,2026-10-23,SPY,778.530029296875,2026-10-10T00:03:13.902127+00:00
806.0,26.03,28.76,28.65,2.0,0.0,0.14899532653808595,put,2026-10-23,SPY,778.530029296875,2026-10-10T00:03:13.902127+00:00
807.0,27.02,29.75,29.65,2.0,0.0,0.15241326110839848,put,2026-10-23,SPY,778.530029296875,2026-10-10T00:03:13.902127+00:00
808.0,28.02,30.75,37.22,18.0,0.0,0.15613636840820314,put,2026-10-23,SPY,778.530029296875,2026-10-10T00:03:13.902127+00:00
809.0,29.01,31.75,37.65,2.0,0.0,0.15979844116210937,put,2026-10-23,SPY,778.530029296875,2026-10-10T00:03:13.902127+00:00
810.0,30.02,32.75,38.87,3.0,0.0,0.16346051391601565,put,2026-10-23,SPY,778.530029296875,2026-10-10T00:03:13.902127+00:00
811.0,31.02,33.75,39.06,5.0,0.0,0.16706155212402346,put,2026-10-23,SPY,778.530029296875,2026-10-10T00:03:13.902127+00:00
812.0,32.02,34.75,37.51,1.0,0.0,0.1706625903320313,put,2026-10-23,SPY,778.530029296875,2026-10-10T00:03:13.902127+00:00
813.0,33.03,35.75,38.33,,0.0,0.17426362854003907,put,2026-10-23,SPY,778.530029296875,2026-10-10T00:03:13.902127+00:00
815.0,35.02,37.75,40.49,1.0,1.0,0.18134363586425778,put,2026-10-23,SPY,778.530029296875,2026-10-10T00:03:13.902127+00:00
821.0,41.02,43.75,63.75,1.0,0.0,0.2022174505615234,put,2026-10-23,SPY,778.530029296875,2026-10-10T00:03:13.902127+00:00
850.0,70.02,72.75,91.9,1.0,0.0,0.29529513305664057,put,2026-10-23,SPY,778.530029296875,2026-10-10T00:03:13.902127+00:00
900.0,120.02,122.75,138.53,,0.0,0.436529072265625,put,2026-10-23,SPY,778.530029296875,2026-10-10T00:03:13.902127+00:00
505.0,,,272.24,,,0.0,call,2026-11-06,SPY,778.530029296875,2026-10-10T00:03:13.902127+00:00
590.0,,,193.54,,,0.0,call,2026-11-06,SPY,778.530029296875,2026-10-10T00:03:13.902127+00:00
640.0,139.63,142.34,134.54,2.0,0.0,0.5105029418945313,call,2026-11-06,SPY,778.530029296875,2026-10-10T00:03:13.902127+00:00
660.0,119.78,122.48,109.67,,1.0,0.45178770874023444,call,2026-11-06,SPY,778.530029296875,2026-10-10T00:03:13.902127+00:00
665.0,,,117.94,,,0.0,call,2026-11-06,SPY,778.530029296875,2026-10-10T00:03:13.902127+00:00
675.0,104.92,107.63,92.52,,3.0,0.40881938842773435,call,2026-11-06,SPY,778.530029296875,2026-10-10T00:03:13.902127+00:00
680.0,99.98,102.68,96.32,3.0,10.0,0.39432368377685545,call,2026-11-06,SPY,778.530029296875,2026-10-10T00:03:13.902127+00:00
685.0,95.04,97.76,87.16,1.0,5.0,0.38056039367675776,call,2026-11-06,SPY,778.530029296875,2026-10-10T00:03:13.902127+00:00
690.0,90.1,92.81,85.7,1.0,1.0,0.36591210266113283,call,2026-11-06,SPY,778.530029296875,2026-10-10T00:03:13.902127+00:00
695.0,85.18,87.88,75.88,,1.0,0.3516300189208984,call,2026-11-06,SPY,778.530029296875,2026-10-10T00:03:13.902127+00:00
700.0,80.25,82.96,83.05,6.0,15.0,0.337470004272461,call,2026-11-06,SPY,778.530029296875,2026-10-10T00:03:13.902127+00:00
705.0,75.36,78.07,79.14,1.0,2.0,0.32379826599121087,call,2026-11-06,SPY,778.530029296875,2026-10-10T00:03:13.902127+00:00
710.0,70.48,73.2,70.15,1.0,8.0,0.31034014862060544,call,2026-11-06,SPY,778.530029296875,2026-10-10T00:03:13.902127+00:00
715.0,,,63.92,,,0.0,call,2026-11-06,SPY,778.530029296875,2026-10-10T00:03:13.902127+00:00
718.0,62.7,65.39,63.49,1.0,4.0,0.28784891845703114,call,2026-11-06,SPY,778.530029296875,2026-10-10T00:03:13.902127+00:00
719.0,61.73,64.43,57.18,3.0,3.0,0.28531598480224607,call,2026-11-06,SPY,778.530029296875,2026-10-10T00:03:13.902127+00:00
720.0,,,63.82,,,0.0,call,2026-11-06,SPY,778.530029296875,2026-10-10T00:03:13.902127+00:00
721.0,59.8,62.5,52.17,,1.0,0.27997546203613277,call,2026-11-06,SPY,778.530029296875,2026-10-10T00:03:13.902127+00:00
722.0,58.83,61.53,60.6,2.0,3.0,0.27719839019775383,call,2026-11-06,SPY,778.530029296875,2026-10-10T00:03:13.902127+00:00
723.0,57.87,60.57,50.98,,3.0,0.27460442199707036,call,2026-11-06,SPY,778.530029296875,2026-10-10T00:03:13.902127+00:00
724.0,56.91,59.61,47.92,,12.0,0.27197993652343744,call,2026-11-06,SPY,778.530029296875,2026-10-10T00:03:13.902127+00:00
725.0,55.95,58.62,56.08,10.0,12.0,0.2687451055908203,call,2026-11-06,SPY,778.530029296875,2026-10-10T00:03:13.902127+00:00
726.0,54.99,57.69,47.56,,1.0,0.2666699310302735,call,2026-11-06,SPY,778.530029296875,2026-10-10T00:03:13.902127+00:00
727.0,54.03,56.72,48.32,,1.0,0.26380130737304686,call,2026-11-06,SPY,778.530029296875,2026-10-10T00:03:13.902127+00:00
728.0,53.07,55.77,53.85,2.0,2.0,0.26129889099121095,call,2026-11-06,SPY,778.530029296875,2026-10-10T00:03:13.902127+00:00
729.0,52.12,54.81,52.0,2.0,1.0,0.25858285369873046,call,2026-11-06,SPY,778.530029296875,2026-10-10T00:03:13.902127+00:00
730.0,51.17,53.77,49.56,10.0,45.0,0.25440198730468755,call,2026-11-06,SPY,778.530029296875,2026-10-10T00:03:13.902127+00:00
731.0,50.22,52.93,53.32,35.0,37.0,0.25382215911865236,call,2026-11-06,SPY,778.530029296875,2026-10-10T00:03:13.902127+00:00
732.0,,,45.71,,,0.0,call,2026-11-06,SPY,778.530029296875,2026-10-10T00:03:13.902127+00:00
733.0,48.32,50.5,52.19,2.0,3.0,0.23911283355712887,call,2026-11-06,SPY,778.530029296875,2026-10-10T00:03:13.902127+00:00
734.0,47.38,50.05,44.41,10.0,10.0,0.24539939178466796,call,2026-11-06,SPY,778.530029296875,2026-10-10T00:03:13.902127+00:00
735.0,46.44,49.1,47.54,5.0,16.0,0.24274438903808593,call,2026-11-06,SPY,778.530029296875,2026-10-10T00:03:13.902127+00:00
736.0,45.5,48.14,35.88,,2.0,0.23987576538085933,call,2026-11-06,SPY,778.530029296875,2026-10-10T00:03:13.902127+00:00
737.0,44.56,47.2,44.89,12.0,12.0,0.23731231445312498,call,2026-11-06,SPY,778.530029296875,2026-10-10T00:03:13.902127+00:00
738.0,43.62,46.24,32.41,8.0,7.0,0.23441317352294921,call,2026-11-06,SPY,778.530029296875,2026-10-10T00:03:13.902127+00:00
739.0,43.69,45.4,47.32,1.0,27.0,0.23346713806152342,call,2026-11-06,SPY,778.530029296875,2026-10-10T00:03:13.902127+00:00
740.0,42.76,43.27,42.88,3.0,48.0,0.21076228698730468,call,2026-11-06,SPY,778.530029296875,2026-10-10T00:03:13.902127+00:00
741.0,41.83,42.34,39.67,3.0,11.0,0.20847349151611322,call,2026-11-06,SPY,778.530029296875,2026-10-10T00:03:13.902127+00:00
742.0,40.91,41.42,29.92,,3.0,0.20633728240966792,call,2026-11-06,SPY,778.530029296875,2026-10-10T00:03:13.902127+00:00
743.0,39.99,40.49,29.27,,15.0,0.20395693511962887,call,2026-11-06,SPY,778.530029296875,2026-10-10T00:03:13.902127+00:00
744.0,39.07,39.58,29.86,,12.0,0.20188176055908202,call,2026-11-06,SPY,778.530029296875,2026-10-10T00:03:13.902127+00:00
745.0,38.16,38.66,38.24,7.0,120.0,0.19962348236083982,call,2026-11-06,SPY,778.530029296875,2026-10-10T00:03:13.902127+00:00
746.0,37.25,37.75,26.34,,3.0,0.1974567559814453,call,2026-11-06,SPY,778.530029296875,2026-10-10T00:03:13.902127+00:00
747.0,36.35,36.85,36.49,3.0,6.0,0.19541209869384768,call,2026-11-06,SPY,778.530029296875,2026-10-10T00:03:13.902127+00:00
748.0,35.45,35.93,35.6,1.0,6.0,0.19300123413085937,call,2026-11-06,SPY,778.530029296875,2026-10-10T00:03:13.902127+00:00
749.0,34.55,35.05,34.06,2.0,2.0,0.19117019775390626,call,2026-11-06,SPY,778.530029296875,2026-10-10T00:03:13.902127+00:00
750.0,33.66,34.16,34.0,3.0,87.0,0.18912554046630858,call,2026-11-06,SPY,778.530029296875,2026-10-10T00:03:13.902127+00:00
751.0,32.77,33.27,32.71,2.0,3.0,0.1870198486328125,call,2026-11-06,SPY,778.530029296875,2026-10-10T00:03:13.902127+00:00
752.0,31.89,32.39,28.51,2.0,11.0,0.185005708618164,call,2026-11-06,SPY,778.530029296875,2026-10-10T00:03:13.902127+00:00
753.0,31.01,32.7,30.91,5.0,7.0,0.2000812414550781,call,2026-11-06,SPY,778.530029296875,2026-10-10T00:03:13.902127+00:00
754.0,30.14,30.62,29.73,3.0,11.0,0.1806417385864258,call,2026-11-06,SPY,778.530029296875,2026-10-10T00:03:13.902127+00:00
755.0,29.27,29.77,29.46,13.0,310.0,0.1788717367553711,call,2026-11-06,SPY,778.530029296875,2026-10-10T00:03:13.902127+00:00
756.0,28.41,28.93,28.55,5.0,9.0,0.17719328674316404,call,2026-11-06,SPY,778.530029296875,2026-10-10T00:03:13.902127+00:00
757.0,27.6,28.04,26.96,1.0,26.0,0.17472138763427736,call,2026-11-06,SPY,778.530029296875,2026-10-10T00:03:13.902127+00:00
758.0,26.73,27.23,27.27,25.0,16.0,0.17328707580566405,call,2026-11-06,SPY,778.530029296875,2026-10-10T00:03:13.902127+00:00
759.0,25.87,26.37,24.45,1.0,29.0,0.1711050907897949,call,2026-11-06,SPY,778.530029296875,2026-10-10T00:03:13.902127+00:00
760.0,25.05,25.55,25.18,33.0,480.0,0.16938086486816406,call,2026-11-06,SPY,778.530029296875,2026-10-10T00:03:13.902127+00:00
761.0,24.21,24.71,24.02,10.0,296.0,0.16730569030761722,call,2026-11-06,SPY,778.530029296875,2026-10-10T00:03:13.902127+00:00
762.0,23.41,23.9,23.1,7.0,150.0,0.16553568847656253,call,2026-11-06,SPY,778.530029296875,2026-10-10T00:03:13.902127+00:00
763.0,22.6,23.08,23.12,8.0,165.0,0.1635520657348633,call,2026-11-06,SPY,778.530029296875,2026-10-10T00:03:13.902127+00:00
764.0,21.8,22.28,21.4,3.0,203.0,0.16175154663085936,call,2026-11-06,SPY,778.530029296875,2026-10-10T00:03:13.902127+00:00
765.0,20.99,21.48,21.44,38.0,469.0,0.15984421707153318,call,2026-11-06,SPY,778.530029296875,2026-10-10T00:03:13.902127+00:00
766.0,20.21,20.71,20.22,2.0,83.0,0.15821154296875,call,2026-11-06,SPY,778.530029296875,2026-10-10T00:03:13.902127+00:00
767.0,19.56,19.94,19.7,10.0,364.0,0.15650257568359377,call,2026-11-06,SPY,778.530029296875,2026-10-10T00:03:13.902127+00:00
768.0,18.72,19.14,19.26,4.0,121.0,0.15430533203125002,call,2026-11-06,SPY,778.530029296875,2026-10-10T00:03:13.902127+00:00
769.0,17.93,18.42,18.12,23.0,307.0,0.15296257202148442,call,2026-11-06,SPY,778.530029296875,2026-10-10T00:03:13.902127+00:00
770.0,17.3,17.6,17.7,124.0,1146.0,0.15032282791137697,call,2026-11-06,SPY,778.530029296875,2026-10-10T00:03:13.902127+00:00
771.0,16.58,16.86,16.65,34.0,328.0,0.14853756744384766,call,2026-11-06,SPY,778.530029296875,2026-10-10T00:03:13.902127+00:00
772.0,15.86,16.14,16.38,112.0,337.0,0.14685911743164062,call,2026-11-06,SPY,778.530029296875,2026-10-10T00:03:13.902127+00:00
773.0,15.06,15.51,15.35,108.0,1872.0,0.14612670288085935,call,2026-11-06,SPY,778.530029296875,2026-10-10T00:03:13.902127+00:00
774.0,14.46,14.74,14.82,130.0,492.0,0.1436090278625488,call,2026-11-06,SPY,778.530029296875,2026-10-10T00:03:13.902127+00:00
775.0,13.89,14.04,13.91,482.0,1601.0,0.1417932501220703,call,2026-11-06,SPY,778.530029296875,2026-10-10T00:03:13.902127+00:00
776.0,13.02,13.41,13.27,408.0,503.0,0.14063359375,call,2026-11-06,SPY,778.530029296875,2026-10-10T00:03:13.902127+00:00
777.0,12.48,12.76,12.62,360.0,985.0,0.1391229887390137,call,2026-11-06,SPY,778.530029296875,2026-10-10T00:03:13.902127+00:00
778.0,11.89,12.22,11.99,298.0,763.0,0.13874152282714847,call,2026-11-06,SPY,778.530029296875,2026-10-10T00:03:13.902127+00:00
779.0,11.35,11.48,11.35,365.0,724.0,0.1358728991699219,call,2026-11-06,SPY,778.530029296875,2026-10-10T00:03:13.902127+00:00
780.0,10.75,10.86,10.67,898.0,1880.0,0.13424022506713867,call,2026-11-06,SPY,778.530029296875,2026-10-10T00:03:13.902127+00:00
781.0,10.17,10.27,10.29,653.0,672.0,0.1327906546020508,call,2026-11-06,SPY,778.530029296875,2026-10-10T00:03:13.902127+00:00
782.0,9.6,9.71,9.9,172.0,720.0,0.1315394464111328,call,2026-11-06,SPY,778.530029296875,2026-10-10T00:03:13.902127+00:00
783.0,9.05,9.16,9.5,152.0,388.0,0.1302272036743164,call,2026-11-06,SPY,778.530029296875,2026-10-10T00:03:13.902127+00:00
784.0,8.52,8.62,8.78,187.0,352.0,0.12885392639160154,call,2026-11-06,SPY,778.530029296875,2026-10-10T00:03:13.902127+00:00
785.0,8.04,8.11,8.09,769.0,606.0,0.1276332354736328,call,2026-11-06,SPY,778.530029296875,2026-10-10T00:03:13.902127+00:00
786.0,7.53,7.61,7.53,191.0,158.0,0.1263820272827148,call,2026-11-06,SPY,778.530029296875,2026-10-10T00:03:13.902127+00:00
787.0,7.06,7.14,7.08,113.0,187.0,0.12528340545654298,call,2026-11-06,SPY,778.530029296875,2026-10-10T00:03:13.902127+00:00
788.0,6.61,6.68,6.75,124.0,248.0,0.12410849044799804,call,2026-11-06,SPY,778.530029296875,2026-10-10T00:03:13.902127+00:00
789.0,6.17,6.25,6.41,48.0,89.0,0.12311667907714845,call,2026-11-06,SPY,778.530029296875,2026-10-10T00:03:13.902127+00:00
790.0,5.76,5.83,5.76,265.0,1676.0,0.12203331588745117,call,2026-11-06,SPY,778.530029296875,2026-10-10T00:03:13.902127+00:00
791.0,5.36,5.43,5.35,46.0,174.0,0.12101098724365235,call,2026-11-06,SPY,778.530029296875,2026-10-10T00:03:13.902127+00:00
792.0,4.99,5.06,5.01,77.0,245.0,0.12015650360107422,call,2026-11-06,SPY,778.530029296875,2026-10-10T00:03:13.902127+00:00
793.0,4.63,4.69,4.75,71.0,2253.0,0.11911891632080077,call,2026-11-06,SPY,778.530029296875,2026-10-10T00:03:13.902127+00:00
794.0,4.3,4.36,4.22,472.0,166.0,0.11838650177001953,call,2026-11-06,SPY,778.530029296875,2026-10-10T00:03:13.902127+00:00
795.0,3.98,4.03,3.93,318.0,998.0,0.11744046630859376,call,2026-11-06,SPY,778.530029296875,2026-10-10T00:03:13.902127+00:00
796.0,3.68,3.73,3.69,27.0,727.0,0.1167080517578125,call,2026-11-06,SPY,778.530029296875,2026-10-10T00:03:13.902127+00:00
797.0,3.4,3.45,3.44,35.0,378.0,0.11603667175292968,call,2026-11-06,SPY,778.530029296875,2026-10-10T00:03:13.902127+00:00
798.0,3.13,3.18,3.21,17.0,286.0,0.11530425720214844,call,2026-11-06,SPY,778.530029296875,2026-10-10T00:03:13.902127+00:00
799.0,2.88,2.93,2.96,53.0,793.0,0.11466339447021485,call,2026-11-06,SPY,778.530029296875,2026-10-10T00:03:13.902127+00:00
800.0,2.65,2.7,2.68,890.0,2790.0,0.1141140835571289,call,2026-11-06,SPY,778.530029296875,2026-10-10T00:03:13.902127+00:00
801.0,2.43,2.48,2.55,278.0,253.0,0.11353425537109374,call,2026-11-06,SPY,778.530029296875,2026-10-10T00:03:13.902127+00:00
802.0,2.23,2.27,2.26,34.0,404.0,0.11289339263916015,call,2026-11-06,SPY,778.530029296875,2026-10-10T00:03:13.902127+00:00
803.0,2.03,2.08,2.08,36.0,215.0,0.11237459899902343,call,2026-11-06,SPY,778.530029296875,2026-10-10T00:03:13.902127+00:00
804.0,1.86,1.9,1.9,58.0,663.0,0.11182528808593749,call,2026-11-06,SPY,778.530029296875,2026-10-10T00:03:13.902127+00:00
805.0,1.7,1.74,1.7,240.0,4242.0,0.11145908081054687,call,2026-11-06,SPY,778.530029296875,2026-10-10T00:03:13.902127+00:00
806.0,1.55,1.59,1.58,9.0,121.0,0.11106235626220701,call,2026-11-06,SPY,778.530029296875,2026-10-10T00:03:13.902127+00:00
807.0,1.41,1.45,1.43,53.0,157.0,0.11066563171386719,call,2026-11-06,SPY,778.530029296875,2026-10-10T00:03:13.902127+00:00
808.0,1.28,1.32,1.31,51.0,192.0,0.11029942443847655,call,2026-11-06,SPY,778.530029296875,2026-10-10T00:03:13.902127+00:00
809.0,1.17,1.21,1.19,212.0,499.0,0.11017735534667968,call,2026-11-06,SPY,778.530029296875,2026-10-10T00:03:13.902127+00:00
810.0,1.06,1.1,1.09,578.0,4091.0,0.1098721826171875,call,2026-11-06,SPY,778.530029296875,2026-10-10T00:03:13.902127+00:00
811.0,0.97,1.0,1.0,7.0,793.0,0.10962804443359375,call,2026-11-06,SPY,778.530029296875,2026-10-10T00:03:13.902127+00:00
812.0,0.87,0.91,0.96,16.0,200.0,0.10944494079589843,call,2026-11-06,SPY,778.530029296875,2026-10-10T00:03:13.902127+00:00
813.0,0.8,0.82,0.8,213.0,146.0,0.1090787335205078,call,2026-11-06,SPY,778.530029296875,2026-10-10T00:03:13.902127+00:00
814.0,0.73,0.74,0.73,500.0,162.0,0.10877356079101563,call,2026-11-06,SPY,778.530029296875,2026-10-10T00:03:13.902127+00:00
815.0,0.66,0.68,0.7,136.0,1199.0,0.10895666442871094,call,2026-11-06,SPY,778.530029296875,2026-10-10T00:03:13.902127+00:00
820.0,0.41,0.43,0.42,306.0,503.0,0.10938390625,call,2026-11-06,SPY,778.530029296875,2026-10-10T00:03:13.902127+00:00
825.0,0.26,0.28,0.28,69.0,499.0,0.11072666625976563,call,2026-11-06,SPY,778.530029296875,2026-10-10T00:03:13.902127+00:00
830.0,0.18,0.19,0.19,68.0,110.0,0.11304597900390626,call,2026-11-06,SPY,778.530029296875,2026-10-10T00:03:13.902127+00:00
835.0,0.12,0.14,0.15,16.0,205.0,0.1167080517578125,call,2026-11-06,SPY,778.530029296875,2026-10-10T00:03:13.902127+00:00
840.0,0.09,0.11,0.08,56.0,106.0,0.1211025390625,call,2026-11-06,SPY,778.530029296875,2026-10-10T00:03:13.902127+00:00
845.0,0.07,0.08,0.07,6.0,37.0,0.124032197265625,call,2026-11-06,SPY,778.530029296875,2026-10-10T00:03:13.902127+00:00
850.0,0.05,0.07,0.05,34.0,224.0,0.129891513671875,call,2026-11-06,SPY,778.530029296875,2026-10-10T00:03:13.902127+00:00
855.0,0.04,0.05,0.04,11.0,48.0,0.13233289550781252,call,2026-11-06,SPY,778.530029296875,2026-10-10T00:03:13.902127+00:00
860.0,0.03,0.05,0.04,3.0,50.0,0.139657041015625,call,2026-11-06,SPY,778.530029296875,2026-10-10T00:03:13.902127+00:00
865.0,0.02,0.04,0.03,4.0,54.0,0.1430749755859375,call,2026-11-06,SPY,778.530029296875,2026-10-10T00:03:13.902127+00:00
870.0,0.02,0.03,0.06,3.0,50.0,0.145516357421875,call,2026-11-06,SPY,778.530029296875,2026-10-10T00:03:13.902127+00:00
875.0,0.01,0.03,0.04,9.0,61.0,0.15235222656250003,call,2026-11-06,SPY,778.530029296875,2026-10-10T00:03:13.902127+00:00
880.0,0.01,0.03,0.01,13.0,243.0,0.159188095703125,call,2026-11-06,SPY,778.530029296875,2026-10-10T00:03:13.902127+00:00
885.0,0.01,0.02,0.02,3.0,110.0,0.1601646484375,call,2026-11-06,SPY,778.530029296875,2026-10-10T00:03:13.902127+00:00
890.0,0.01,0.02,0.02,1.0,14.0,0.16602396484375004,call,2026-11-06,SPY,778.530029296875,2026-10-10T00:03:13.902127+00:00
895.0,0.01,0.02,0.03,,10.0,0.17188328125000002,call,2026-11-06,SPY,778.530029296875,2026-10-10T00:03:13.902127+00:00
900.0,0.01,0.02,0.01,14.0,3.0,0.17774259765625,call,2026-11-06,SPY,778.530029296875,2026-10-10T00:03:13.902127+00:00
905.0,0.0,0.02,0.02,40.0,15.0,0.18457846679687498,call,2026-11-06,SPY,778.530029296875,2026-10-10T00:03:13.902127+00:00
910.0,,,0.02,,,0.0,call,2026-11-06,SPY,778.530029296875,2026-10-10T00:03:13.902127+00:00
920.0,,,0.01,,,0.0,call,2026-11-06,SPY,778.530029296875,2026-10-10T00:03:13.902127+00:00
500.0,0.05,0.06,0.05,308.0,426.0,0.5546919531250001,put,2026-11-06,SPY,778.530029296875,2026-10-10T00:03:13.902127+00:00
510.0,0.06,0.07,0.07,2.0,7.0,0.5400436621093752,put,2026-11-06,SPY,778.530029296875,2026-10-10T00:03:13.902127+00:00
525.0,0.07,0.08,0.07,101.0,16.0,0.5127001855468749,put,2026-11-06,SPY,778.530029296875,2026-10-10T00:03:13.902127+00:00
530.0,0.07,0.09,0.1,11.0,22.0,0.5048877636718749,put,2026-11-06,SPY,778.530029296875,2026-10-10T00:03:13.902127+00:00
535.0,0.08,0.1,0.12,1.0,2.0,0.5048877636718749,put,2026-11-06,SPY,778.530029296875,2026-10-10T00:03:13.902127+00:00
540.0,0.09,0.1,0.1,1.0,26.0,0.4931691308593751,put,2026-11-06,SPY,778.530029296875,2026-10-10T00:03:13.902127+00:00
545.0,0.09,0.11,0.1,6.0,400.0,0.48633326171875,put,2026-11-06,SPY,778.530029296875,2026-10-10T00:03:13.902127+00:00
550.0,0.1,0.11,0.1,49.0,217.0,0.47461462890625,put,2026-11-06,SPY,778.530029296875,2026-10-10T00:03:13.902127+00:00
555.0,0.1,0.12,0.12,3.0,155.0,0.467778759765625,put,2026-11-06,SPY,778.530029296875,2026-10-10T00:03:13.902127+00:00
560.0,0.11,0.13,0.15,2.0,10.0,0.46094289062500005,put,2026-11-06,SPY,778.530029296875,2026-10-10T00:03:13.902127+00:00
565.0,0.12,0.14,0.15,30.0,77.0,0.45313046875,put,2026-11-06,SPY,778.530029296875,2026-10-10T00:03:13.902127+00:00
570.0,0.13,0.14,0.16,16.0,36.0,0.4414118359375,put,2026-11-06,SPY,778.530029296875,2026-10-10T00:03:13.902127+00:00
575.0,0.13,0.15,0.17,1.0,156.0,0.4335994140625,put,2026-11-06,SPY,778.530029296875,2026-10-10T00:03:13.902127+00:00
580.0,0.14,0.16,0.2,1.0,25.0,0.42578699218750005,put,2026-11-06,SPY,778.530029296875,2026-10-10T00:03:13.902127+00:00
585.0,0.15,0.17,0.18,6.0,44.0,0.41748629394531245,put,2026-11-06,SPY,778.530029296875,2026-10-10T00:03:13.902127+00:00
590.0,0.16,0.18,0.21,16.0,29.0,0.40918559570312496,put,2026-11-06,SPY,778.530029296875,2026-10-10T00:03:13.902127+00:00
595.0,0.17,0.19,0.2,2.0,9.0,0.40039662109375,put,2026-11-06,SPY,778.530029296875,2026-10-10T00:03:13.902127+00:00
600.0,0.18,0.2,0.19,78.0,2069.0,0.39160764648437496,put,2026-11-06,SPY,778.530029296875,2026-10-10T00:03:13.902127+00:00
605.0,0.2,0.21,0.2,1.0,26.0,0.38281867187499996,put,2026-11-06,SPY,778.530029296875,2026-10-10T00:03:13.902127+00:00
610.0,0.21,0.22,0.22,6.0,86.0,0.37354142089843745,put,2026-11-06,SPY,778.530029296875,2026-10-10T00:03:13.902127+00:00
615.0,0.22,0.24,0.23,5.0,566.0,0.3667055517578125,put,2026-11-06,SPY,778.530029296875,2026-10-10T00:03:13.902127+00:00
620.0,0.24,0.25,0.24,2.0,144.0,0.35718416259765623,put,2026-11-06,SPY,778.530029296875,2026-10-10T00:03:13.902127+00:00
625.0,0.25,0.27,0.25,81.0,808.0,0.34961587890624996,put,2026-11-06,SPY,778.530029296875,2026-10-10T00:03:13.902127+00:00
630.0,0.27,0.28,0.27,174.0,444.0,0.3398503515625,put,2026-11-06,SPY,778.530029296875,2026-10-10T00:03:13.902127+00:00
635.0,0.28,0.3,0.36,4.0,944.0,0.33179379150390625,put,2026-11-06,SPY,778.530029296875,2026-10-10T00:03:13.902127+00:00
640.0,0.31,0.32,0.3,69.0,367.0,0.32349309326171866,put,2026-11-06,SPY,778.530029296875,2026-10-10T00:03:13.902127+00:00
645.0,0.33,0.34,0.32,104.0,5319.0,0.3149482568359374,put,2026-11-06,SPY,778.530029296875,2026-10-10T00:03:13.902127+00:00
650.0,0.35,0.36,0.34,37.0,8135.0,0.3061592822265625,put,2026-11-06,SPY,778.530029296875,2026-10-10T00:03:13.902127+00:00
655.0,0.37,0.38,0.4,7.0,352.0,0.2971261694335937,put,2026-11-06,SPY,778.530029296875,2026-10-10T00:03:13.902127+00:00
660.0,0.39,0.4,0.39,51.0,645.0,0.2880930566406249,put,2026-11-06,SPY,778.530029296875,2026-10-10T00:03:13.902127+00:00
665.0,0.42,0.44,0.45,52.0,604.0,0.28076891113281244,put,2026-11-06,SPY,778.530029296875,2026-10-10T00:03:13.902127+00:00
670.0,0.46,0.47,0.47,4.0,391.0,0.27197993652343744,put,2026-11-06,SPY,778.530029296875,2026-10-10T00:03:13.902127+00:00
675.0,0.49,0.5,0.5,438.0,1131.0,0.26306889282226564,put,2026-11-06,SPY,778.530029296875,2026-10-10T00:03:13.902127+00:00
680.0,0.53,0.54,0.53,83.0,972.0,0.2546461254882813,put,2026-11-06,SPY,778.530029296875,2026-10-10T00:03:13.902127+00:00
685.0,0.57,0.59,0.58,62.0,1426.0,0.2467116345214844,put,2026-11-06,SPY,778.530029296875,2026-10-10T00:03:13.902127+00:00
690.0,0.63,0.64,0.63,105.0,688.0,0.23828886718749998,put,2026-11-06,SPY,778.530029296875,2026-10-10T00:03:13.902127+00:00
695.0,0.69,0.7,0.69,98.0,762.0,0.23011023803710937,put,2026-11-06,SPY,778.530029296875,2026-10-10T00:03:13.902127+00:00
700.0,0.76,0.77,0.75,269.0,8095.0,0.2219316088867187,put,2026-11-06,SPY,778.530029296875,2026-10-10T00:03:13.902127+00:00
705.0,0.84,0.85,0.85,106.0,1279.0,0.213875048828125,put,2026-11-06,SPY,778.530029296875,2026-10-10T00:03:13.902127+00:00
710.0,0.94,0.95,0.94,79.0,3598.0,0.20606262695312497,put,2026-11-06,SPY,778.530029296875,2026-10-10T00:03:13.902127+00:00
715.0,1.05,1.07,1.05,498.0,877.0,0.19837227416992187,put,2026-11-06,SPY,778.530029296875,2026-10-10T00:03:13.902127+00:00
716.0,1.08,1.1,1.1,17.0,94.0,0.19702951416015624,put,2026-11-06,SPY,778.530029296875,2026-10-10T00:03:13.902127+00:00
717.0,1.11,1.14,1.11,14.0,62.0,0.1959308923339844,put,2026-11-06,SPY,778.530029296875,2026-10-10T00:03:13.902127+00:00
718.0,1.13,1.16,1.14,11.0,354.0,0.19409985595703128,put,2026-11-06,SPY,778.530029296875,2026-10-10T00:03:13.902127+00:00
719.0,1.16,1.18,1.24,4.0,106.0,0.1922077850341797,put,2026-11-06,SPY,778.530029296875,2026-10-10T00:03:13.902127+00:00
720.0,1.2,1.21,1.18,119.0,1177.0,0.19068192138671874,put,2026-11-06,SPY,778.530029296875,2026-10-10T00:03:13.902127+00:00
721.0,1.23,1.25,1.22,14.0,166.0,0.18946123046875002,put,2026-11-06,SPY,778.530029296875,2026-10-10T00:03:13.902127+00:00
722.0,1.26,1.28,1.25,4.0,240.0,0.1878743322753906,put,2026-11-06,SPY,778.530029296875,2026-10-10T00:03:13.902127+00:00
723.0,1.29,1.31,1.28,8.0,143.0,0.1862263995361328,put,2026-11-06,SPY,778.530029296875,2026-10-10T00:03:13.902127+00:00
724.0,1.32,1.35,1.33,32.0,292.0,0.18488363952636716,put,2026-11-06,SPY,778.530029296875,2026-10-10T00:03:13.902127+00:00
725.0,1.37,1.38,1.37,391.0,3607.0,0.18311363769531247,put,2026-11-06,SPY,778.530029296875,2026-10-10T00:03:13.902127+00:00
726.0,1.4,1.42,1.45,50.0,353.0,0.18170984313964844,put,2026-11-06,SPY,778.530029296875,2026-10-10T00:03:13.902127+00:00
727.0,1.44,1.47,1.43,22.0,307.0,0.1805501867675781,put,2026-11-06,SPY,778.530029296875,2026-10-10T00:03:13.902127+00:00
728.0,1.49,1.51,1.48,11.0,150.0,0.17896328857421873,put,2026-11-06,SPY,778.530029296875,2026-10-10T00:03:13.902127+00:00
729.0,1.53,1.55,1.51,16.0,300.0,0.17737639038085937,put,2026-11-06,SPY,778.530029296875,2026-10-10T00:03:13.902127+00:00
730.0,1.58,1.59,1.58,170.0,2881.0,0.1757894921875,put,2026-11-06,SPY,778.530029296875,2026-10-10T00:03:13.902127+00:00
731.0,1.62,1.64,1.61,54.0,341.0,0.17438569763183598,put,2026-11-06,SPY,778.530029296875,2026-10-10T00:03:13.902127+00:00
732.0,1.67,1.69,1.68,17.0,528.0,0.1729819030761719,put,2026-11-06,SPY,778.530029296875,2026-10-10T00:03:13.902127+00:00
733.0,1.72,1.75,1.73,53.0,213.0,0.17176121215820314,put,2026-11-06,SPY,778.530029296875,2026-10-10T00:03:13.902127+00:00
734.0,1.77,1.8,1.77,50.0,431.0,0.170204831237793,put,2026-11-06,SPY,778.530029296875,2026-10-10T00:03:13.902127+00:00
735.0,1.83,1.85,1.83,203.0,1770.0,0.16861793304443362,put,2026-11-06,SPY,778.530029296875,2026-10-10T00:03:13.902127+00:00
736.0,1.89,1.91,1.91,30.0,200.0,0.16724465576171876,put,2026-11-06,SPY,778.530029296875,2026-10-10T00:03:13.902127+00:00
737.0,1.94,1.97,1.93,107.0,244.0,0.16577982666015628,put,2026-11-06,SPY,778.530029296875,2026-10-10T00:03:13.902127+00:00
738.0,2.01,2.03,2.02,145.0,443.0,0.16425396301269532,put,2026-11-06,SPY,778.530029296875,2026-10-10T00:03:13.902127+00:00
739.0,2.07,2.11,2.1,133.0,884.0,0.16315534118652347,put,2026-11-06,SPY,778.530029296875,2026-10-10T00:03:13.902127+00:00
740.0,2.15,2.17,2.15,339.0,2145.0,0.1615379257202148,put,2026-11-06,SPY,778.530029296875,2026-10-10T00:03:13.902127+00:00
741.0,2.21,2.25,2.2,12.0,196.0,0.16028671752929688,put,2026-11-06,SPY,778.530029296875,2026-10-10T00:03:13.902127+00:00
742.0,2.29,2.31,2.29,152.0,644.0,0.15857775024414064,put,2026-11-06,SPY,778.530029296875,2026-10-10T00:03:13.902127+00:00
743.0,2.37,2.4,2.37,22.0,251.0,0.1574180938720703,put,2026-11-06,SPY,778.530029296875,2026-10-10T00:03:13.902127+00:00
744.0,2.45,2.48,2.41,23.0,357.0,0.1559532647705078,put,2026-11-06,SPY,778.530029296875,2026-10-10T00:03:13.902127+00:00
745.0,2.53,2.57,2.52,351.0,1050.0,0.15467153930664065,put,2026-11-06,SPY,778.530029296875,2026-10-10T00:03:13.902127+00:00
746.0,2.62,2.66,2.63,16.0,339.0,0.1532677447509766,put,2026-11-06,SPY,778.530029296875,2026-10-10T00:03:13.902127+00:00
747.0,2.71,2.75,2.7,23.0,230.0,0.15180291564941406,put,2026-11-06,SPY,778.530029296875,2026-10-10T00:03:13.902127+00:00
748.0,2.81,2.85,2.82,36.0,550.0,0.15046015563964849,put,2026-11-06,SPY,778.530029296875,2026-10-10T00:03:13.902127+00:00
749.0,2.91,2.95,2.94,12.0,150.0,0.14905636108398437,put,2026-11-06,SPY,778.530029296875,2026-10-10T00:03:13.902127+00:00
750.0,3.01,3.06,3.03,888.0,10851.0,0.14771360107421877,put,2026-11-06,SPY,778.530029296875,2026-10-10T00:03:13.902127+00:00
751.0,3.13,3.16,3.13,89.0,200.0,0.14612670288085935,put,2026-11-06,SPY,778.530029296875,2026-10-10T00:03:13.902127+00:00
752.0,3.24,3.28,3.26,28.0,166.0,0.14481446014404298,put,2026-11-06,SPY,778.530029296875,2026-10-10T00:03:13.902127+00:00
753.0,3.36,3.41,3.33,42.0,543.0,0.1435937692260742,put,2026-11-06,SPY,778.530029296875,2026-10-10T00:03:13.902127+00:00
754.0,3.49,3.54,3.53,35.0,133.0,0.1422815264892578,put,2026-11-06,SPY,778.530029296875,2026-10-10T00:03:13.902127+00:00
755.0,3.62,3.67,3.65,359.0,779.0,0.14084721466064454,put,2026-11-06,SPY,778.530029296875,2026-10-10T00:03:13.902127+00:00
756.0,3.76,3.8,3.79,58.0,185.0,0.1393213510131836,put,2026-11-06,SPY,778.530029296875,2026-10-10T00:03:13.902127+00:00
757.0,3.9,3.96,3.94,38.0,351.0,0.1381922119140625,put,2026-11-06,SPY,778.530029296875,2026-10-10T00:03:13.902127+00:00
758.0,4.05,4.1,4.02,16.0,631.0,0.13663583099365234,put,2026-11-06,SPY,778.530029296875,2026-10-10T00:03:13.902127+00:00
759.0,4.21,4.27,4.17,9.0,257.0,0.13544565734863284,put,2026-11-06,SPY,778.530029296875,2026-10-10T00:03:13.902127+00:00
760.0,4.38,4.43,4.35,303.0,1968.0,0.1339808282470703,put,2026-11-06,SPY,778.530029296875,2026-10-10T00:03:13.902127+00:00
761.0,4.55,4.6,4.57,66.0,572.0,0.13257703369140628,put,2026-11-06,SPY,778.530029296875,2026-10-10T00:03:13.902127+00:00
762.0,4.73,4.78,4.8,1553.0,1944.0,0.13120375640869142,put,2026-11-06,SPY,778.530029296875,2026-10-10T00:03:13.902127+00:00
763.0,4.92,4.98,4.98,21.0,482.0,0.12996780685424802,put,2026-11-06,SPY,778.530029296875,2026-10-10T00:03:13.902127+00:00
764.0,5.12,5.18,5.13,94.0,466.0,0.12860978820800778,put,2026-11-06,SPY,778.530029296875,2026-10-10T00:03:13.902127+00:00
765.0,5.32,5.38,5.35,231.0,1635.0,0.1271449591064453,put,2026-11-06,SPY,778.530029296875,2026-10-10T00:03:13.902127+00:00
766.0,5.54,5.61,5.61,38.0,220.0,0.1259547854614258,put,2026-11-06,SPY,778.530029296875,2026-10-10T00:03:13.902127+00:00
767.0,5.77,5.83,5.84,23.0,632.0,0.12448995635986329,put,2026-11-06,SPY,778.530029296875,2026-10-10T00:03:13.902127+00:00
768.0,6.0,6.07,6.11,106.0,523.0,0.12317771362304689,put,2026-11-06,SPY,778.530029296875,2026-10-10T00:03:13.902127+00:00
769.0,6.26,6.34,6.24,33.0,561.0,0.12207909179687501,put,2026-11-06,SPY,778.530029296875,2026-10-10T00:03:13.902127+00:00
770.0,6.52,6.58,6.65,2648.0,1313.0,0.1204616763305664,put,2026-11-06,SPY,778.530029296875,2026-10-10T00:03:13.902127+00:00
771.0,6.78,6.86,6.92,32.0,244.0,0.11919520950317383,put,2026-11-06,SPY,778.530029296875,2026-10-10T00:03:13.902127+00:00
772.0,7.08,7.14,6.97,66.0,341.0,0.11777615631103515,put,2026-11-06,SPY,778.530029296875,2026-10-10T00:03:13.902127+00:00
773.0,7.38,7.45,7.5,46.0,366.0,0.11655546539306641,put,2026-11-06,SPY,778.530029296875,2026-10-10T00:03:13.902127+00:00
774.0,7.69,7.77,7.8,89.0,430.0,0.11530425720214844,put,2026-11-06,SPY,778.530029296875,2026-10-10T00:03:13.902127+00:00
775.0,8.02,8.1,8.1,438.0,1398.0,0.11399201446533203,put,2026-11-06,SPY,778.530029296875,2026-10-10T00:03:13.902127+00:00
776.0,8.36,8.45,8.39,258.0,611.0,0.11275606491088866,put,2026-11-06,SPY,778.530029296875,2026-10-10T00:03:13.902127+00:00
777.0,8.74,8.79,8.75,240.0,922.0,0.11121494262695311,put,2026-11-06,SPY,778.530029296875,2026-10-10T00:03:13.902127+00:00
778.0,9.04,9.23,9.17,604.0,380.0,0.11065037307739259,put,2026-11-06,SPY,778.530029296875,2026-10-10T00:03:13.902127+00:00
779.0,9.43,9.61,9.51,177.0,1125.0,0.10920080261230468,put,2026-11-06,SPY,778.530029296875,2026-10-10T00:03:13.902127+00:00
780.0,9.84,10.04,10.0,430.0,653.0,0.10813269805908202,put,2026-11-06,SPY,778.530029296875,2026-10-10T00:03:13.902127+00:00
781.0,10.3,10.46,10.42,201.0,443.0,0.1067441621398926,put,2026-11-06,SPY,778.530029296875,2026-10-10T00:03:13.902127+00:00
782.0,10.71,10.91,10.86,6.0,603.0,0.10550821258544921,put,2026-11-06,SPY,778.530029296875,2026-10-10T00:03:13.902127+00:00
783.0,11.18,11.39,11.41,8.0,213.0,0.1043790734863281,put,2026-11-06,SPY,778.530029296875,2026-10-10T00:03:13.902127+00:00
784.0,11.67,11.89,12.04,2.0,21.0,0.10329571029663084,put,2026-11-06,SPY,778.530029296875,2026-10-10T00:03:13.902127+00:00
785.0,12.09,12.45,12.23,22.0,68.0,0.1027006234741211,put,2026-11-06,SPY,778.530029296875,2026-10-10T00:03:13.902127+00:00
786.0,12.61,12.97,14.31,8.0,2.0,0.10137312210083008,put,2026-11-06,SPY,778.530029296875,2026-10-10T00:03:13.902127+00:00
787.0,12.76,13.9,17.05,5.0,8.0,0.10489786712646484,put,2026-11-06,SPY,778.530029296875,2026-10-10T00:03:13.902127+00:00
790.0,14.45,15.44,14.92,23.0,125.0,0.09855027435302735,put,2026-11-06,SPY,778.530029296875,2026-10-10T00:03:13.902127+00:00
795.0,17.66,19.21,18.89,176.0,64.0,0.09919113708496094,put,2026-11-06,SPY,778.530029296875,2026-10-10T00:03:13.902127+00:00
796.0,18.37,19.96,22.39,80.0,39.0,0.09858079162597656,put,2026-11-06,SPY,778.530029296875,2026-10-10T00:03:13.902127+00:00
800.0,21.46,23.15,28.6,3.0,23.0,0.09690234161376954,put,2026-11-06,SPY,778.530029296875,2026-10-10T00:03:13.902127+00:00
806.0,26.39,29.06,35.14,1.0,0.0,0.11206942626953123,put,2026-11-06,SPY,778.530029296875,2026-10-10T00:03:13.902127+00:00
811.0,31.1,33.83,37.19,1.0,1.0,0.12015650360107422,put,2026-11-06,SPY,778.530029296875,2026-10-10T00:03:13.902127+00:00
812.0,32.07,34.8,37.5,1.0,0.0,0.12201805725097657,put,2026-11-06,SPY,778.530029296875,2026-10-10T00:03:13.902127+00:00
475.0,0.0,0.0,292.06,2.0,0.0,1.0000000000000003e-05,call,2026-11-30,SPY,778.530029296875,2026-10-10T00:03:13.902127+00:00
480.0,300.16,302.89,293.6,29.0,29.0,0.7438990454101562,call,2026-11-30,SPY,778.530029296875,2026-10-10T00:03:13.902127+00:00
485.0,0.0,0.0,282.21,,0.0,1.0000000000000003e-05,call,2026-11-30,SPY,778.530029296875,2026-10-10T00:03:13.902127+00:00
495.0,,,280.67,,,0.0,call,2026-11-30,SPY,778.530029296875,2026-10-10T00:03:13.902127+00:00
500.0,280.31,283.04,276.64,1.0,2.0,0.6966583068847658,call,2026-11-30,SPY,778.530029296875,2026-10-10T00:03:13.902127+00:00
520.0,260.47,263.21,247.31,2.0,8.0,0.6508823974609376,call,2026-11-30,SPY,778.530029296875,2026-10-10T00:03:13.902127+00:00
545.0,235.69,238.42,221.76,27.0,31.0,0.5949137188720703,call,2026-11-30,SPY,778.530029296875,2026-10-10T00:03:13.902127+00:00
550.0,230.74,233.47,219.78,2.0,4.0,0.5840495697021484,call,2026-11-30,SPY,778.530029296875,2026-10-10T00:03:13.902127+00:00
555.0,225.78,228.52,207.07,4.0,5.0,0.5730633514404297,call,2026-11-30,SPY,778.530029296875,2026-10-10T00:03:13.902127+00:00
560.0,220.83,223.56,221.28,1.0,4.0,0.5620771331787109,call,2026-11-30,SPY,778.530029296875,2026-10-10T00:03:13.902127+00:00
570.0,198.5,201.64,187.96,2.0,1.0,1.0000000000000003e-05,call,2026-11-30,SPY,778.530029296875,2026-10-10T00:03:13.902127+00:00
575.0,205.98,208.71,195.77,1.0,2.0,0.5297288238525393,call,2026-11-30,SPY,778.530029296875,2026-10-10T00:03:13.902127+00:00
580.0,201.03,203.42,183.04,4.0,15.0,0.5136767382812499,call,2026-11-30,SPY,778.530029296875,2026-10-10T00:03:13.902127+00:00
584.0,197.06,199.81,188.53,11.0,11.0,0.5103808728027344,call,2026-11-30,SPY,778.530029296875,2026-10-10T00:03:13.902127+00:00
585.0,196.08,198.82,184.84,1.0,8.0,0.5083667327880859,call,2026-11-30,SPY,778.530029296875,2026-10-10T00:03:13.902127+00:00
590.0,0.0,0.0,178.49,,0.0,1.0000000000000003e-05,call,2026-11-30,SPY,778.530029296875,2026-10-10T00:03:13.902127+00:00
591.0,190.15,192.88,172.3,,4.0,0.5324753784179688,call,2026-11-30,SPY,778.530029296875,2026-10-10T00:03:13.902127+00:00
592.0,189.16,191.9,185.08,1.0,2.0,0.530400203857422,call,2026-11-30,SPY,778.530029296875,2026-10-10T00:03:13.902127+00:00
595.0,174.22,177.37,165.59,1.0,2.0,1.0000000000000003e-05,call,2026-11-30,SPY,778.530029296875,2026-10-10T00:03:13.902127+00:00
598.0,183.23,185.96,170.16,,1.0,0.5165453619384766,call,2026-11-30,SPY,778.530029296875,2026-10-10T00:03:13.902127+00:00
600.0,181.25,183.99,170.18,10.0,21.0,0.512150874633789,call,2026-11-30,SPY,778.530029296875,2026-10-10T00:03:13.902127+00:00
605.0,176.31,179.04,163.58,1.0,8.0,0.5006153454589843,call,2026-11-30,SPY,778.530029296875,2026-10-10T00:03:13.902127+00:00
609.0,172.37,175.09,165.18,2.0,15.0,0.49161274993896487,call,2026-11-30,SPY,778.530029296875,2026-10-10T00:03:13.902127+00:00
610.0,0.0,0.0,171.85,,0.0,1.0000000000000003e-05,call,2026-11-30,SPY,778.530029296875,2026-10-10T00:03:13.902127+00:00
615.0,166.44,169.18,153.0,2.0,4.0,0.4784598052978516,call,2026-11-30,SPY,778.530029296875,2026-10-10T00:03:13.902127+00:00
617.0,164.47,167.2,157.43,,0.0,0.4738211798095704,call,2026-11-30,SPY,778.530029296875,2026-10-10T00:03:13.902127+00:00
620.0,161.51,164.24,148.74,1.0,12.0,0.46713789703369146,call,2026-11-30,SPY,778.530029296875,2026-10-10T00:03:13.902127+00:00
622.0,159.54,162.27,154.99,,1.0,0.46274340972900396,call,2026-11-30,SPY,778.530029296875,2026-10-10T00:03:13.902127+00:00
625.0,156.58,159.31,143.07,1.0,1.0,0.4560296096801758,call,2026-11-30,SPY,778.530029296875,2026-10-10T00:03:13.902127+00:00
630.0,151.65,154.38,143.0,2.0,5.0,0.44492132232666015,call,2026-11-30,SPY,778.530029296875,2026-10-10T00:03:13.902127+00:00
635.0,146.73,149.46,125.42,1.0,3.0,0.43399613861083985,call,2026-11-30,SPY,778.530029296875,2026-10-10T00:03:13.902127+00:00
637.0,144.76,147.5,124.99,,1.0,0.4297542376708985,call,2026-11-30,SPY,778.530029296875,2026-10-10T00:03:13.902127+00:00
640.0,142.54,144.18,134.9,1.0,165.0,0.41571629211425776,call,2026-11-30,SPY,778.530029296875,2026-10-10T00:03:13.902127+00:00
645.0,129.7,133.22,114.62,1.0,16.0,1.0000000000000003e-05,call,2026-11-30,SPY,778.530029296875,2026-10-10T00:03:13.902127+00:00
650.0,131.98,134.72,132.63,4.0,20.0,0.401373173828125,call,2026-11-30,SPY,778.530029296875,2026-10-10T00:03:13.902127+00:00
655.0,127.89,129.49,115.25,2.0,855.0,0.38446660461425775,call,2026-11-30,SPY,778.530029296875,2026-10-10T00:03:13.902127+00:00
658.0,124.13,126.87,110.35,,23.0,0.38400884552001957,call,2026-11-30,SPY,778.530029296875,2026-10-10T00:03:13.902127+00:00
659.0,,,119.2,,,0.0,call,2026-11-30,SPY,778.530029296875,2026-10-10T00:03:13.902127+00:00
660.0,122.98,124.53,111.19,1.0,981.0,0.3727479718017578,call,2026-11-30,SPY,778.530029296875,2026-10-10T00:03:13.902127+00:00
665.0,118.09,119.7,116.02,8.0,1613.0,0.36331813446044925,call,2026-11-30,SPY,778.530029296875,2026-10-10T00:03:13.902127+00:00
666.0,116.31,119.03,108.83,1.0,2.0,0.36664451721191404,call,2026-11-30,SPY,778.530029296875,2026-10-10T00:03:13.902127+00:00
668.0,114.35,117.09,107.57,,1.0,0.36261623718261715,call,2026-11-30,SPY,778.530029296875,2026-10-10T00:03:13.902127+00:00
670.0,113.2,114.8,95.5,86.0,1377.0,0.352545537109375,call,2026-11-30,SPY,778.530029296875,2026-10-10T00:03:13.902127+00:00
672.0,100.95,104.14,95.99,2.0,1.0,1.0000000000000003e-05,call,2026-11-30,SPY,778.530029296875,2026-10-10T00:03:13.902127+00:00
673.0,110.22,111.88,108.76,16.0,332.0,0.346411565246582,call,2026-11-30,SPY,778.530029296875,2026-10-10T00:03:13.902127+00:00
674.0,109.24,110.9,108.42,2.0,109.0,0.34421432159423826,call,2026-11-30,SPY,778.530029296875,2026-10-10T00:03:13.902127+00:00
675.0,108.27,109.94,106.79,2.0,209.0,0.3423832852172851,call,2026-11-30,SPY,778.530029296875,2026-10-10T00:03:13.902127+00:00
676.0,0.0,0.0,102.32,16.0,0.0,1.0000000000000003e-05,call,2026-11-30,SPY,778.530029296875,2026-10-10T00:03:13.902127+00:00
677.0,93.89,97.25,76.73,,1.0,1.0000000000000003e-05,call,2026-11-30,SPY,778.530029296875,2026-10-10T00:03:13.902127+00:00
678.0,104.78,107.04,99.25,1.0,127.0,0.33649345153808596,call,2026-11-30,SPY,778.530029296875,2026-10-10T00:03:13.902127+00:00
679.0,104.44,106.04,83.94,4.0,110.0,0.33396051788330083,call,2026-11-30,SPY,778.530029296875,2026-10-10T00:03:13.902127+00:00
680.0,102.66,105.39,100.11,51.0,145.0,0.3371037969970704,call,2026-11-30,SPY,778.530029296875,2026-10-10T00:03:13.902127+00:00
681.0,101.69,104.41,88.14,2.0,32.0,0.3348760360717773,call,2026-11-30,SPY,778.530029296875,2026-10-10T00:03:13.902127+00:00
682.0,0.0,0.0,94.15,8.0,0.0,1.0000000000000003e-05,call,2026-11-30,SPY,778.530029296875,2026-10-10T00:03:13.902127+00:00
683.0,99.75,102.48,92.5,4.0,40.0,0.3308782733154296,call,2026-11-30,SPY,778.530029296875,2026-10-10T00:03:13.902127+00:00
684.0,0.0,0.0,94.14,56.0,0.0,1.0000000000000003e-05,call,2026-11-30,SPY,778.530029296875,2026-10-10T00:03:13.902127+00:00
685.0,97.81,100.55,84.15,1.0,28.0,0.32684999328613284,call,2026-11-30,SPY,778.530029296875,2026-10-10T00:03:13.902127+00:00
686.0,0.0,0.0,92.47,4.0,0.0,1.0000000000000003e-05,call,2026-11-30,SPY,778.530029296875,2026-10-10T00:03:13.902127+00:00
687.0,0.0,0.0,93.54,19.0,0.0,1.0000000000000003e-05,call,2026-11-30,SPY,778.530029296875,2026-10-10T00:03:13.902127+00:00
688.0,94.89,97.64,82.79,1.0,33.0,0.3205329177856445,call,2026-11-30,SPY,778.530029296875,2026-10-10T00:03:13.902127+00:00
689.0,0.0,0.0,89.79,14.0,0.0,1.0000000000000003e-05,call,2026-11-30,SPY,778.530029296875,2026-10-10T00:03:13.902127+00:00
690.0,92.97,95.7,86.51,1.0,30.0,0.31629101684570304,call,2026-11-30,SPY,778.530029296875,2026-10-10T00:03:13.902127+00:00
691.0,92.01,94.74,77.9,3.0,52.0,0.3143073941040039,call,2026-11-30,SPY,778.530029296875,2026-10-10T00:03:13.902127+00:00
692.0,0.0,0.0,90.51,4.0,0.0,1.0000000000000003e-05,call,2026-11-30,SPY,778.530029296875,2026-10-10T00:03:13.902127+00:00
693.0,90.81,92.48,83.74,1.0,197.0,0.3052132467651367,call,2026-11-30,SPY,778.530029296875,2026-10-10T00:03:13.902127+00:00
694.0,89.12,91.85,83.53,4.0,14.0,0.3081734222412109,call,2026-11-30,SPY,778.530029296875,2026-10-10T00:03:13.902127+00:00
695.0,88.15,90.88,77.01,1.0,17.0,0.3060066958618164,call,2026-11-30,SPY,778.530029296875,2026-10-10T00:03:13.902127+00:00
696.0,87.92,89.54,80.14,3.0,102.0,0.2984078948974609,call,2026-11-30,SPY,778.530029296875,2026-10-10T00:03:13.902127+00:00
697.0,86.23,88.96,83.26,1.0,21.0,0.3019478985595704,call,2026-11-30,SPY,778.530029296875,2026-10-10T00:03:13.902127+00:00
698.0,85.27,88.0,74.68,3.0,17.0,0.2999337585449219,call,2026-11-30,SPY,778.530029296875,2026-10-10T00:03:13.902127+00:00
699.0,85.05,86.66,79.09,1.0,127.0,0.2923959921264647,call,2026-11-30,SPY,778.530029296875,2026-10-10T00:03:13.902127+00:00
700.0,84.09,85.54,84.89,2.0,313.0,0.2880777980041503,call,2026-11-30,SPY,778.530029296875,2026-10-10T00:03:13.902127+00:00
701.0,82.39,85.12,69.15,3.0,21.0,0.2937692694091796,call,2026-11-30,SPY,778.530029296875,2026-10-10T00:03:13.902127+00:00
702.0,0.0,0.0,84.69,24.0,0.0,1.0000000000000003e-05,call,2026-11-30,SPY,778.530029296875,2026-10-10T00:03:13.902127+00:00
703.0,80.48,83.21,74.17,4.0,23.0,0.289771506652832,call,2026-11-30,SPY,778.530029296875,2026-10-10T00:03:13.902127+00:00
704.0,0.0,0.0,78.88,1.0,0.0,1.0000000000000003e-05,call,2026-11-30,SPY,778.530029296875,2026-10-10T00:03:13.902127+00:00
705.0,79.24,80.92,68.12,1.0,278.0,0.2804637384033203,call,2026-11-30,SPY,778.530029296875,2026-10-10T00:03:13.902127+00:00
706.0,77.62,80.35,71.13,1.0,41.0,0.28375960388183585,call,2026-11-30,SPY,778.530029296875,2026-10-10T00:03:13.902127+00:00
707.0,76.67,79.4,67.64,3.0,42.0,0.2817759811401367,call,2026-11-30,SPY,778.530029296875,2026-10-10T00:03:13.902127+00:00
708.0,75.71,78.45,69.75,4.0,12.0,0.2797923583984374,call,2026-11-30,SPY,778.530029296875,2026-10-10T00:03:13.902127+00:00
709.0,74.76,77.5,68.26,1.0,22.0,0.277778218383789,call,2026-11-30,SPY,778.530029296875,2026-10-10T00:03:13.902127+00:00
710.0,74.56,76.16,61.27,1.0,106.0,0.27057614196777346,call,2026-11-30,SPY,778.530029296875,2026-10-10T00:03:13.902127+00:00
711.0,72.87,75.6,60.16,5.0,14.0,0.27374993835449213,call,2026-11-30,SPY,778.530029296875,2026-10-10T00:03:13.902127+00:00
712.0,0.0,0.0,77.86,4.0,0.0,1.0000000000000003e-05,call,2026-11-30,SPY,778.530029296875,2026-10-10T00:03:13.902127+00:00
713.0,70.98,73.7,64.91,1.0,26.0,0.2696911410522461,call,2026-11-30,SPY,778.530029296875,2026-10-10T00:03:13.902127+00:00
714.0,70.04,72.77,63.84,1.0,11.0,0.2678906219482422,call,2026-11-30,SPY,778.530029296875,2026-10-10T00:03:13.902127+00:00
715.0,69.82,71.44,67.65,5.0,161.0,0.26093268371582035,call,2026-11-30,SPY,778.530029296875,2026-10-10T00:03:13.902127+00:00
716.0,68.9,70.5,59.99,2.0,157.0,0.25901009552001963,call,2026-11-30,SPY,778.530029296875,2026-10-10T00:03:13.902127+00:00
717.0,67.21,69.94,67.72,1.0,84.0,0.26190923645019537,call,2026-11-30,SPY,778.530029296875,2026-10-10T00:03:13.902127+00:00
718.0,66.27,69.01,56.33,1.0,59.0,0.260047682800293,call,2026-11-30,SPY,778.530029296875,2026-10-10T00:03:13.902127+00:00
719.0,65.34,68.05,54.34,4.0,16.0,0.257819921875,call,2026-11-30,SPY,778.530029296875,2026-10-10T00:03:13.902127+00:00
720.0,65.51,66.03,67.74,1.0,401.0,0.24225611267089842,call,2026-11-30,SPY,778.530029296875,2026-10-10T00:03:13.902127+00:00
721.0,64.56,65.09,62.15,1.0,21.0,0.24033352447509765,call,2026-11-30,SPY,778.530029296875,2026-10-10T00:03:13.902127+00:00
722.0,63.63,64.17,51.28,1.0,25.0,0.2386550744628906,call,2026-11-30,SPY,778.530029296875,2026-10-10T00:03:13.902127+00:00
723.0,62.7,63.23,62.78,1.0,1.0,0.23670196899414062,call,2026-11-30,SPY,778.530029296875,2026-10-10T00:03:13.902127+00:00
724.0,61.77,62.3,49.23,4.0,175.0,0.2348709326171875,call,2026-11-30,SPY,778.530029296875,2026-10-10T00:03:13.902127+00:00
725.0,60.85,61.38,56.54,1.0,241.0,0.23313144805908204,call,2026-11-30,SPY,778.530029296875,2026-10-10T00:03:13.902127+00:00
726.0,59.94,60.45,59.88,3.0,215.0,0.2312698944091797,call,2026-11-30,SPY,778.530029296875,2026-10-10T00:03:13.902127+00:00
727.0,59.0,59.53,52.82,1.0,10.0,0.229499892578125,call,2026-11-30,SPY,778.530029296875,2026-10-10T00:03:13.902127+00:00
728.0,58.08,58.61,53.44,5.0,230.0,0.22769937347412106,call,2026-11-30,SPY,778.530029296875,2026-10-10T00:03:13.902127+00:00
729.0,57.16,57.69,59.34,1.0,30.0,0.2258988543701172,call,2026-11-30,SPY,778.530029296875,2026-10-10T00:03:13.902127+00:00
730.0,56.24,56.77,53.81,11.0,670.0,0.224067817993164,call,2026-11-30,SPY,778.530029296875,2026-10-10T00:03:13.902127+00:00
731.0,55.33,56.97,52.89,1.0,74.0,0.23511507080078126,call,2026-11-30,SPY,778.530029296875,2026-10-10T00:03:13.902127+00:00
732.0,54.42,54.94,40.34,30.0,351.0,0.22046677978515622,call,2026-11-30,SPY,778.530029296875,2026-10-10T00:03:13.902127+00:00
733.0,53.51,54.04,55.84,1.0,204.0,0.21881884704589843,call,2026-11-30,SPY,778.530029296875,2026-10-10T00:03:13.902127+00:00
734.0,52.6,54.24,47.73,10.0,44.0,0.22948463394165042,call,2026-11-30,SPY,778.530029296875,2026-10-10T00:03:13.902127+00:00
735.0,51.7,52.22,54.25,1.0,896.0,0.21518729156494143,call,2026-11-30,SPY,778.530029296875,2026-10-10T00:03:13.902127+00:00
736.0,50.8,51.32,47.66,1.0,275.0,0.2134783242797852,call,2026-11-30,SPY,778.530029296875,2026-10-10T00:03:13.902127+00:00
737.0,49.9,50.43,47.54,1.0,369.0,0.2118303915405273,call,2026-11-30,SPY,778.530029296875,2026-10-10T00:03:13.902127+00:00
738.0,49.0,49.53,49.84,6.0,93.0,0.21004513107299805,call,2026-11-30,SPY,778.530029296875,2026-10-10T00:03:13.902127+00:00
739.0,48.11,48.63,42.52,1.0,98.0,0.20824461196899408,call,2026-11-30,SPY,778.530029296875,2026-10-10T00:03:13.902127+00:00
740.0,47.22,47.75,47.88,4.0,554.0,0.20664245513916013,call,2026-11-30,SPY,778.530029296875,2026-10-10T00:03:13.902127+00:00
741.0,46.34,46.86,41.61,1.0,166.0,0.20488771194458005,call,2026-11-30,SPY,778.530029296875,2026-10-10T00:03:13.902127+00:00
742.0,45.45,45.98,43.87,2.0,108.0,0.20322452056884766,call,2026-11-30,SPY,778.530029296875,2026-10-10T00:03:13.902127+00:00
743.0,44.57,45.1,43.38,1.0,254.0,0.20153081192016603,call,2026-11-30,SPY,778.530029296875,2026-10-10T00:03:13.902127+00:00
744.0,43.7,44.22,45.54,2.0,514.0,0.19980658599853518,call,2026-11-30,SPY,778.530029296875,2026-10-10T00:03:13.902127+00:00
745.0,42.82,43.35,43.46,5.0,595.0,0.19815865325927734,call,2026-11-30,SPY,778.530029296875,2026-10-10T00:03:13.902127+00:00
746.0,41.96,42.47,30.56,1.0,509.0,0.19635813415527342,call,2026-11-30,SPY,778.530029296875,2026-10-10T00:03:13.902127+00:00
747.0,41.09,42.73,41.12,1.0,710.0,0.20609314422607417,call,2026-11-30,SPY,778.530029296875,2026-10-10T00:03:13.902127+00:00
748.0,40.23,40.74,36.62,1.0,104.0,0.19301649276733396,call,2026-11-30,SPY,778.530029296875,2026-10-10T00:03:13.902127+00:00
749.0,39.37,39.89,34.94,71.0,226.0,0.19144485321044924,call,2026-11-30,SPY,778.530029296875,2026-10-10T00:03:13.902127+00:00
750.0,38.52,39.07,39.25,8.0,809.0,0.19013261047363283,call,2026-11-30,SPY,778.530029296875,2026-10-10T00:03:13.902127+00:00
751.0,37.67,38.19,34.5,8.0,215.0,0.18817950500488279,call,2026-11-30,SPY,778.530029296875,2026-10-10T00:03:13.902127+00:00
752.0,36.83,37.34,30.92,6.0,196.0,0.18650105499267577,call,2026-11-30,SPY,778.530029296875,2026-10-10T00:03:13.902127+00:00
753.0,35.99,36.5,32.22,2.0,278.0,0.18488363952636716,call,2026-11-30,SPY,778.530029296875,2026-10-10T00:03:13.902127+00:00
754.0,35.16,36.79,33.85,4.0,153.0,0.19406933868408205,call,2026-11-30,SPY,778.530029296875,2026-10-10T00:03:13.902127+00:00
755.0,34.33,34.88,33.01,1.0,426.0,0.18209130905151366,call,2026-11-30,SPY,778.530029296875,2026-10-10T00:03:13.902127+00:00
756.0,33.51,34.02,32.73,2.0,377.0,0.18015346221923828,call,2026-11-30,SPY,778.530029296875,2026-10-10T00:03:13.902127+00:00
757.0,32.69,33.2,31.43,4.0,225.0,0.1785665640258789,call,2026-11-30,SPY,778.530029296875,2026-10-10T00:03:13.902127+00:00
758.0,31.88,32.42,27.89,2.0,2053.0,0.17731535583496094,call,2026-11-30,SPY,778.530029296875,2026-10-10T00:03:13.902127+00:00
759.0,31.07,31.61,27.87,2.0,200.0,0.17572845764160155,call,2026-11-30,SPY,778.530029296875,2026-10-10T00:03:13.902127+00:00
760.0,30.29,30.78,30.7,55.0,2515.0,0.17391267990112308,call,2026-11-30,SPY,778.530029296875,2026-10-10T00:03:13.902127+00:00
761.0,29.48,30.01,29.48,2.0,333.0,0.17260043716430667,call,2026-11-30,SPY,778.530029296875,2026-10-10T00:03:13.902127+00:00
762.0,28.69,29.2,28.68,1.0,585.0,0.17087621124267582,call,2026-11-30,SPY,778.530029296875,2026-10-10T00:03:13.902127+00:00
763.0,27.91,28.44,27.16,3.0,866.0,0.1695639685058594,call,2026-11-30,SPY,778.530029296875,2026-10-10T00:03:13.902127+00:00
764.0,27.14,27.64,25.89,2.0,521.0,0.16782448394775396,call,2026-11-30,SPY,778.530029296875,2026-10-10T00:03:13.902127+00:00
765.0,26.38,26.86,26.65,65.0,1193.0,0.16623758575439457,call,2026-11-30,SPY,778.530029296875,2026-10-10T00:03:13.902127+00:00
766.0,25.62,26.12,22.93,4.0,412.0,0.16492534301757814,call,2026-11-30,SPY,778.530029296875,2026-10-10T00:03:13.902127+00:00
767.0,24.87,25.37,25.25,2.0,334.0,0.16349103118896485,call,2026-11-30,SPY,778.530029296875,2026-10-10T00:03:13.902127+00:00
768.0,24.12,24.64,24.18,12.0,638.0,0.16216352981567383,call,2026-11-30,SPY,778.530029296875,2026-10-10T00:03:13.902127+00:00
769.0,23.39,23.89,21.97,18.0,402.0,0.16060714889526367,call,2026-11-30,SPY,778.530029296875,2026-10-10T00:03:13.902127+00:00
770.0,22.67,23.15,23.0,51.0,1583.0,0.15908128524780274,call,2026-11-30,SPY,778.530029296875,2026-10-10T00:03:13.902127+00:00
771.0,21.96,22.44,21.7,7.0,559.0,0.15775378387451172,call,2026-11-30,SPY,778.530029296875,2026-10-10T00:03:13.902127+00:00
772.0,21.24,21.74,21.41,7.0,952.0,0.15644154113769532,call,2026-11-30,SPY,778.530029296875,2026-10-10T00:03:13.902127+00:00
773.0,20.56,21.04,21.12,94.0,1166.0,0.15508352249145513,call,2026-11-30,SPY,778.530029296875,2026-10-10T00:03:13.902127+00:00
774.0,19.87,20.35,19.79,70.0,514.0,0.15372550384521483,call,2026-11-30,SPY,778.530029296875,2026-10-10T00:03:13.902127+00:00
775.0,19.18,19.53,19.7,58.0,964.0,0.15119257019042973,call,2026-11-30,SPY,778.530029296875,2026-10-10T00:03:13.902127+00:00
776.0,18.65,18.86,19.14,12.0,889.0,0.1498803274536133,call,2026-11-30,SPY,778.530029296875,2026-10-10T00:03:13.902127+00:00
777.0,17.99,18.22,18.38,42.0,624.0,0.14873592971801758,call,2026-11-30,SPY,778.530029296875,2026-10-10T00:03:13.902127+00:00
778.0,17.35,17.69,17.25,60.0,594.0,0.1484765328979492,call,2026-11-30,SPY,778.530029296875,2026-10-10T00:03:13.902127+00:00
779.0,16.65,16.88,16.83,21.0,1519.0,0.1457452369689941,call,2026-11-30,SPY,778.530029296875,2026-10-10T00:03:13.902127+00:00
780.0,16.16,16.21,16.18,124.0,3977.0,0.14412782150268555,call,2026-11-30,SPY,778.530029296875,2026-10-10T00:03:13.902127+00:00
781.0,15.55,15.6,15.94,5.0,751.0,0.14293764785766605,call,2026-11-30,SPY,778.530029296875,2026-10-10T00:03:13.902127+00:00
782.0,14.95,15.0,14.94,8.0,555.0,0.1417627328491211,call,2026-11-30,SPY,778.530029296875,2026-10-10T00:03:13.902127+00:00
783.0,14.36,14.41,14.48,50.0,574.0,0.14057255920410155,call,2026-11-30,SPY,778.530029296875,2026-10-10T00:03:13.902127+00:00
784.0,13.78,13.84,13.89,1.0,446.0,0.1394739373779297,call,2026-11-30,SPY,778.530029296875,2026-10-10T00:03:13.902127+00:00
785.0,13.23,13.27,13.25,225.0,1156.0,0.1382990223693848,call,2026-11-30,SPY,778.530029296875,2026-10-10T00:03:13.902127+00:00
786.0,12.68,12.72,12.8,6.0,714.0,0.13720040054321292,call,2026-11-30,SPY,778.530029296875,2026-10-10T00:03:13.902127+00:00
787.0,12.13,12.19,12.15,55.0,280.0,0.13617807189941405,call,2026-11-30,SPY,778.530029296875,2026-10-10T00:03:13.902127+00:00
788.0,11.61,11.66,11.65,39.0,347.0,0.13506419143676762,call,2026-11-30,SPY,778.530029296875,2026-10-10T00:03:13.902127+00:00
789.0,11.11,11.15,11.29,71.0,1200.0,0.13402660415649414,call,2026-11-30,SPY,778.530029296875,2026-10-10T00:03:13.902127+00:00
790.0,10.62,10.65,10.53,207.0,2524.0,0.13298901687622072,call,2026-11-30,SPY,778.530029296875,2026-10-10T00:03:13.902127+00:00
791.0,10.13,10.17,10.26,10.0,536.0,0.1320277227783203,call,2026-11-30,SPY,778.530029296875,2026-10-10T00:03:13.902127+00:00
792.0,9.67,9.71,9.65,96.0,190.0,0.13114272186279297,call,2026-11-30,SPY,778.530029296875,2026-10-10T00:03:13.902127+00:00
793.0,9.22,9.25,9.31,64.0,683.0,0.13015091049194333,call,2026-11-30,SPY,778.530029296875,2026-10-10T00:03:13.902127+00:00
794.0,8.77,8.81,8.75,14.0,335.0,0.1292353923034668,call,2026-11-30,SPY,778.530029296875,2026-10-10T00:03:13.902127+00:00
795.0,8.35,8.39,8.39,41.0,1182.0,0.12839616729736325,call,2026-11-30,SPY,778.530029296875,2026-10-10T00:03:13.902127+00:00
796.0,7.94,7.98,7.54,3.0,510.0,0.1275569422912598,call,2026-11-30,SPY,778.530029296875,2026-10-10T00:03:13.902127+00:00
797.0,7.55,7.58,7.67,2.0,331.0,0.12670245864868163,call,2026-11-30,SPY,778.530029296875,2026-10-10T00:03:13.902127+00:00
798.0,7.16,7.2,7.15,2.0,292.0,0.12592426818847657,call,2026-11-30,SPY,778.530029296875,2026-10-10T00:03:13.902127+00:00
799.0,6.79,6.83,6.84,1.0,389.0,0.12513081909179688,call,2026-11-30,SPY,778.530029296875,2026-10-10T00:03:13.902127+00:00
800.0,6.44,6.47,6.46,251.0,2734.0,0.1243373699951172,call,2026-11-30,SPY,778.530029296875,2026-10-10T00:03:13.902127+00:00
801.0,6.1,6.13,6.12,5.0,877.0,0.12362021408081056,call,2026-11-30,SPY,778.530029296875,2026-10-10T00:03:13.902127+00:00
802.0,5.77,5.81,6.0,1.0,1017.0,0.12299460998535157,call,2026-11-30,SPY,778.530029296875,2026-10-10T00:03:13.902127+00:00
803.0,5.46,5.49,5.66,335.0,1249.0,0.12226219543457033,call,2026-11-30,SPY,778.530029296875,2026-10-10T00:03:13.902127+00:00
804.0,5.15,5.19,5.26,5.0,193.0,0.12162133270263673,call,2026-11-30,SPY,778.530029296875,2026-10-10T00:03:13.902127+00:00
805.0,4.87,4.9,5.05,22.0,628.0,0.12098046997070314,call,2026-11-30,SPY,778.530029296875,2026-10-10T00:03:13.902127+00:00
806.0,4.6,4.63,4.72,3.0,21247.0,0.12043115905761718,call,2026-11-30,SPY,778.530029296875,2026-10-10T00:03:13.902127+00:00
807.0,4.33,4.36,4.46,44.0,452.0,0.11977503768920897,call,2026-11-30,SPY,778.530029296875,2026-10-10T00:03:13.902127+00:00
808.0,4.08,4.11,4.27,7.0,1433.0,0.11922572677612303,call,2026-11-30,SPY,778.530029296875,2026-10-10T00:03:13.902127+00:00
809.0,3.84,3.87,4.0,2.0,415.0,0.1186916744995117,call,2026-11-30,SPY,778.530029296875,2026-10-10T00:03:13.902127+00:00
810.0,3.62,3.65,3.66,55.0,919.0,0.11826443267822265,call,2026-11-30,SPY,778.530029296875,2026-10-10T00:03:13.902127+00:00
811.0,3.4,3.43,3.5,21.0,658.0,0.11773038040161132,call,2026-11-30,SPY,778.530029296875,2026-10-10T00:03:13.902127+00:00
812.0,3.2,3.22,3.31,18.0,1746.0,0.117196328125,call,2026-11-30,SPY,778.530029296875,2026-10-10T00:03:13.902127+00:00
813.0,3.0,3.03,3.1,19.0,156.0,0.11683012084960936,call,2026-11-30,SPY,778.530029296875,2026-10-10T00:03:13.902127+00:00
814.0,2.82,2.84,2.96,7.0,197.0,0.11634184448242188,call,2026-11-30,SPY,778.530029296875,2026-10-10T00:03:13.902127+00:00
815.0,2.64,2.67,2.65,38.0,780.0,0.11600615447998047,call,2026-11-30,SPY,778.530029296875,2026-10-10T00:03:13.902127+00:00
816.0,2.48,2.5,2.0,26.0,289.0,0.11557891265869141,call,2026-11-30,SPY,778.530029296875,2026-10-10T00:03:13.902127+00:00
817.0,2.32,2.35,2.4,4.0,413.0,0.11530425720214844,call,2026-11-30,SPY,778.530029296875,2026-10-10T00:03:13.902127+00:00
818.0,2.17,2.2,2.01,14.0,102.0,0.11493804992675781,call,2026-11-30,SPY,778.530029296875,2026-10-10T00:03:13.902127+00:00
819.0,2.04,2.06,2.05,20.0,555.0,0.11460235992431642,call,2026-11-30,SPY,778.530029296875,2026-10-10T00:03:13.902127+00:00
820.0,1.9,1.93,1.88,49.0,3281.0,0.11432770446777345,call,2026-11-30,SPY,778.530029296875,2026-10-10T00:03:13.902127+00:00
825.0,1.36,1.38,1.37,71.0,1197.0,0.1131070135498047,call,2026-11-30,SPY,778.530029296875,2026-10-10T00:03:13.902127+00:00
830.0,0.97,0.98,0.97,367.0,3965.0,0.11231356445312499,call,2026-11-30,SPY,778.530029296875,2026-10-10T00:03:13.902127+00:00
835.0,0.69,0.7,0.7,10.0,2180.0,0.11213046081542967,call,2026-11-30,SPY,778.530029296875,2026-10-10T00:03:13.902127+00:00
840.0,0.5,0.51,0.5,856.0,779.0,0.11267977172851562,call,2026-11-30,SPY,778.530029296875,2026-10-10T00:03:13.902127+00:00
845.0,0.37,0.38,0.38,13.0,646.0,0.11383942810058593,call,2026-11-30,SPY,778.530029296875,2026-10-10T00:03:13.902127+00:00
850.0,0.27,0.28,0.28,151.0,5101.0,0.11487701538085937,call,2026-11-30,SPY,778.530029296875,2026-10-10T00:03:13.902127+00:00
855.0,0.21,0.22,0.21,1.0,187.0,0.11695218994140624,call,2026-11-30,SPY,778.530029296875,2026-10-10T00:03:13.902127+00:00
860.0,0.16,0.17,0.17,2.0,691.0,0.11878322631835936,call,2026-11-30,SPY,778.530029296875,2026-10-10T00:03:13.902127+00:00
865.0,0.12,0.13,0.13,2.0,801.0,0.12037012451171875,call,2026-11-30,SPY,778.530029296875,2026-10-10T00:03:13.902127+00:00
870.0,0.1,0.11,0.1,3.0,1193.0,0.1235439208984375,call,2026-11-30,SPY,778.530029296875,2026-10-10T00:03:13.902127+00:00
875.0,0.08,0.09,0.09,2.0,741.0,0.125985302734375,call,2026-11-30,SPY,778.530029296875,2026-10-10T00:03:13.902127+00:00
880.0,0.06,0.07,0.06,7.0,1145.0,0.1274501318359375,call,2026-11-30,SPY,778.530029296875,2026-10-10T00:03:13.902127+00:00
885.0,0.05,0.06,0.11,6.0,240.0,0.13037979003906247,call,2026-11-30,SPY,778.530029296875,2026-10-10T00:03:13.902127+00:00
890.0,0.04,0.05,0.1,10.0,279.0,0.132821171875,call,2026-11-30,SPY,778.530029296875,2026-10-10T00:03:13.902127+00:00
895.0,0.03,0.04,0.03,1.0,3418.0,0.13477427734375003,call,2026-11-30,SPY,778.530029296875,2026-10-10T00:03:13.902127+00:00
900.0,0.03,0.04,0.03,36.0,4054.0,0.139657041015625,call,2026-11-30,SPY,778.530029296875,2026-10-10T00:03:13.902127+00:00
905.0,0.02,0.03,0.03,1.0,167.0,0.14063359375,call,2026-11-30,SPY,778.530029296875,2026-10-10T00:03:13.902127+00:00
910.0,0.02,0.03,0.04,48.0,310.0,0.145516357421875,call,2026-11-30,SPY,778.530029296875,2026-10-10T00:03:13.902127+00:00
915.0,0.01,0.02,0.03,4.0,556.0,0.1445398046875,call,2026-11-30,SPY,778.530029296875,2026-10-10T00:03:13.902127+00:00
920.0,0.01,0.02,0.02,5.0,746.0,0.148446015625,call,2026-11-30,SPY,778.530029296875,2026-10-10T00:03:13.902127+00:00
475.0,0.14,0.15,0.14,45.0,1226.0,0.49707534179687507,put,2026-11-30,SPY,778.530029296875,2026-10-10T00:03:13.902127+00:00
480.0,0.14,0.15,0.22,1.0,64.0,0.48730981445312505,put,2026-11-30,SPY,778.530029296875,2026-10-10T00:03:13.902127+00:00
485.0,0.15,0.16,0.18,111.0,240.0,0.481450498046875,put,2026-11-30,SPY,778.530029296875,2026-10-10T00:03:13.902127+00:00
490.0,0.16,0.17,0.2,2.0,177.0,0.47461462890625,put,2026-11-30,SPY,778.530029296875,2026-10-10T00:03:13.902127+00:00
495.0,0.17,0.18,0.18,16.0,148.0,0.4682670361328125,put,2026-11-30,SPY,778.530029296875,2026-10-10T00:03:13.902127+00:00
500.0,0.19,0.2,0.2,3.0,600.0,0.463872548828125,put,2026-11-30,SPY,778.530029296875,2026-10-10T00:03:13.902127+00:00
505.0,0.2,0.21,0.21,1.0,121.0,0.45703667968750006,put,2026-11-30,SPY,778.530029296875,2026-10-10T00:03:13.902127+00:00
510.0,0.21,0.22,0.25,220.0,723.0,0.450200810546875,put,2026-11-30,SPY,778.530029296875,2026-10-10T00:03:13.902127+00:00
515.0,0.22,0.23,0.24,1.0,124.0,0.44287666503906253,put,2026-11-30,SPY,778.530029296875,2026-10-10T00:03:13.902127+00:00
520.0,0.23,0.24,0.24,1.0,70.0,0.43555251953125,put,2026-11-30,SPY,778.530029296875,2026-10-10T00:03:13.902127+00:00
525.0,0.25,0.26,0.28,3.0,373.0,0.43018147949218755,put,2026-11-30,SPY,778.530029296875,2026-10-10T00:03:13.902127+00:00
530.0,0.26,0.27,0.28,12.0,872.0,0.422857333984375,put,2026-11-30,SPY,778.530029296875,2026-10-10T00:03:13.902127+00:00
535.0,0.28,0.29,0.29,3.0,464.0,0.41699801757812494,put,2026-11-30,SPY,778.530029296875,2026-10-10T00:03:13.902127+00:00
540.0,0.29,0.3,0.3,2.0,939.0,0.4096738720703125,put,2026-11-30,SPY,778.530029296875,2026-10-10T00:03:13.902127+00:00
545.0,0.31,0.32,0.32,7.0,488.0,0.40332627929687503,put,2026-11-30,SPY,778.530029296875,2026-10-10T00:03:13.902127+00:00
550.0,0.33,0.34,0.33,2.0,1333.0,0.39722282470703124,put,2026-11-30,SPY,778.530029296875,2026-10-10T00:03:13.902127+00:00
555.0,0.34,0.35,0.39,1.0,758.0,0.38941040283203127,put,2026-11-30,SPY,778.530029296875,2026-10-10T00:03:13.902127+00:00
560.0,0.36,0.37,0.36,1.0,848.0,0.3830628100585937,put,2026-11-30,SPY,778.530029296875,2026-10-10T00:03:13.902127+00:00
565.0,0.38,0.39,0.4,4.0,882.0,0.3764710791015625,put,2026-11-30,SPY,778.530029296875,2026-10-10T00:03:13.902127+00:00
570.0,0.4,0.41,0.43,10.0,76145.0,0.36963520996093746,put,2026-11-30,SPY,778.530029296875,2026-10-10T00:03:13.902127+00:00
575.0,0.43,0.44,0.53,1.0,884.0,0.3640200317382813,put,2026-11-30,SPY,778.530029296875,2026-10-10T00:03:13.902127+00:00
580.0,0.45,0.46,0.45,1.0,2908.0,0.3569400244140625,put,2026-11-30,SPY,778.530029296875,2026-10-10T00:03:13.902127+00:00
581.0,0.45,0.46,0.68,18.0,18.0,0.3549869189453124,put,2026-11-30,SPY,778.530029296875,2026-10-10T00:03:13.902127+00:00
582.0,0.46,0.47,0.48,2.0,20.0,0.35425450439453116,put,2026-11-30,SPY,778.530029296875,2026-10-10T00:03:13.902127+00:00
584.0,0.47,0.48,0.7,,200.0,0.35156898437499995,put,2026-11-30,SPY,778.530029296875,2026-10-10T00:03:13.902127+00:00
585.0,0.47,0.48,0.47,31.0,1536.0,0.3498600170898437,put,2026-11-30,SPY,778.530029296875,2026-10-10T00:03:13.902127+00:00
586.0,0.48,0.49,0.62,1.0,3.0,0.3490055334472656,put,2026-11-30,SPY,778.530029296875,2026-10-10T00:03:13.902127+00:00
587.0,0.49,0.5,0.49,15.0,1.0,0.3481510498046875,put,2026-11-30,SPY,778.530029296875,2026-10-10T00:03:13.902127+00:00
588.0,0.49,0.5,0.5,100.0,2.0,0.34632001342773433,put,2026-11-30,SPY,778.530029296875,2026-10-10T00:03:13.902127+00:00
589.0,0.5,0.51,1.31,2.0,2.0,0.3454655297851562,put,2026-11-30,SPY,778.530029296875,2026-10-10T00:03:13.902127+00:00
590.0,0.5,0.51,0.6,71.0,626.0,0.3435124243164062,put,2026-11-30,SPY,778.530029296875,2026-10-10T00:03:13.902127+00:00
591.0,0.51,0.52,0.61,1.0,24.0,0.34278000976562495,put,2026-11-30,SPY,778.530029296875,2026-10-10T00:03:13.902127+00:00
592.0,0.51,0.52,0.86,2.0,2.0,0.340826904296875,put,2026-11-30,SPY,778.530029296875,2026-10-10T00:03:13.902127+00:00
593.0,0.52,0.53,0.61,1.0,12.0,0.3399724206542969,put,2026-11-30,SPY,778.530029296875,2026-10-10T00:03:13.902127+00:00
595.0,0.53,0.54,0.62,5.0,598.0,0.3371648315429688,put,2026-11-30,SPY,778.530029296875,2026-10-10T00:03:13.902127+00:00
596.0,0.53,0.54,0.64,280.0,296.0,0.3354558642578125,put,2026-11-30,SPY,778.530029296875,2026-10-10T00:03:13.902127+00:00
598.0,0.55,0.56,0.66,212.0,880.0,0.33350275878906255,put,2026-11-30,SPY,778.530029296875,2026-10-10T00:03:13.902127+00:00
599.0,0.55,0.56,1.01,7.0,11.0,0.3315496533203125,put,2026-11-30,SPY,778.530029296875,2026-10-10T00:03:13.902127+00:00
600.0,0.56,0.57,0.58,16.0,2306.0,0.3305731005859375,put,2026-11-30,SPY,778.530029296875,2026-10-10T00:03:13.902127+00:00
601.0,0.56,0.57,2.02,1.0,3.0,0.3288641333007812,put,2026-11-30,SPY,778.530029296875,2026-10-10T00:03:13.902127+00:00
602.0,0.57,0.58,0.69,84.0,118.0,0.3278875805664062,put,2026-11-30,SPY,778.530029296875,2026-10-10T00:03:13.902127+00:00
603.0,0.58,0.59,0.88,3.0,22.0,0.3267889587402344,put,2026-11-30,SPY,778.530029296875,2026-10-10T00:03:13.902127+00:00
604.0,0.58,0.59,1.39,,1.0,0.3249579223632812,put,2026-11-30,SPY,778.530029296875,2026-10-10T00:03:13.902127+00:00
605.0,0.59,0.6,0.61,10.0,1107.0,0.32398136962890617,put,2026-11-30,SPY,778.530029296875,2026-10-10T00:03:13.902127+00:00
606.0,0.6,0.61,0.66,20.0,57.0,0.3228827478027343,put,2026-11-30,SPY,778.530029296875,2026-10-10T00:03:13.902127+00:00
607.0,0.6,0.61,0.72,380.0,393.0,0.3210517114257812,put,2026-11-30,SPY,778.530029296875,2026-10-10T00:03:13.902127+00:00
608.0,0.61,0.62,1.13,360.0,361.0,0.3200751586914062,put,2026-11-30,SPY,778.530029296875,2026-10-10T00:03:13.902127+00:00
609.0,0.62,0.63,1.23,5.0,215.0,0.3189765368652343,put,2026-11-30,SPY,778.530029296875,2026-10-10T00:03:13.902127+00:00
610.0,0.62,0.63,0.63,101.0,1273.0,0.3171455004882812,put,2026-11-30,SPY,778.530029296875,2026-10-10T00:03:13.902127+00:00
611.0,0.63,0.64,1.25,20.0,27.0,0.31604687866210934,put,2026-11-30,SPY,778.530029296875,2026-10-10T00:03:13.902127+00:00
612.0,0.64,0.65,0.69,1.0,20977.0,0.3149482568359374,put,2026-11-30,SPY,778.530029296875,2026-10-10T00:03:13.902127+00:00
614.0,0.65,0.66,1.07,3.0,6.0,0.31201859863281245,put,2026-11-30,SPY,778.530029296875,2026-10-10T00:03:13.902127+00:00
615.0,0.66,0.67,0.69,3.0,798.0,0.3107979077148437,put,2026-11-30,SPY,778.530029296875,2026-10-10T00:03:13.902127+00:00
616.0,0.67,0.68,0.67,2.0,110.0,0.3096992858886719,put,2026-11-30,SPY,778.530029296875,2026-10-10T00:03:13.902127+00:00
617.0,0.68,0.69,0.71,268.0,269.0,0.3086006640625,put,2026-11-30,SPY,778.530029296875,2026-10-10T00:03:13.902127+00:00
618.0,0.68,0.69,0.73,300.0,305.0,0.30676962768554683,put,2026-11-30,SPY,778.530029296875,2026-10-10T00:03:13.902127+00:00
619.0,0.69,0.7,0.75,1.0,156.0,0.3055489367675781,put,2026-11-30,SPY,778.530029296875,2026-10-10T00:03:13.902127+00:00
620.0,0.7,0.71,0.72,7.0,701.0,0.30445031494140623,put,2026-11-30,SPY,778.530029296875,2026-10-10T00:03:13.902127+00:00
621.0,0.71,0.72,1.13,,3.0,0.30322962402343745,put,2026-11-30,SPY,778.530029296875,2026-10-10T00:03:13.902127+00:00
622.0,0.72,0.73,0.77,300.0,301.0,0.3020089331054688,put,2026-11-30,SPY,778.530029296875,2026-10-10T00:03:13.902127+00:00
623.0,0.72,0.74,1.09,2.0,1.0,0.3009103112792969,put,2026-11-30,SPY,778.530029296875,2026-10-10T00:03:13.902127+00:00
624.0,0.73,0.74,0.86,1.0,403.0,0.29895720581054686,put,2026-11-30,SPY,778.530029296875,2026-10-10T00:03:13.902127+00:00
625.0,0.74,0.75,0.75,14.0,718.0,0.2978585839843749,put,2026-11-30,SPY,778.530029296875,2026-10-10T00:03:13.902127+00:00
626.0,0.75,0.76,0.81,300.0,323.0,0.2966378930664062,put,2026-11-30,SPY,778.530029296875,2026-10-10T00:03:13.902127+00:00
627.0,0.76,0.77,0.82,1.0,55.0,0.2954172021484375,put,2026-11-30,SPY,778.530029296875,2026-10-10T00:03:13.902127+00:00
628.0,0.77,0.78,0.78,50.0,309.0,0.29407444213867184,put,2026-11-30,SPY,778.530029296875,2026-10-10T00:03:13.902127+00:00
630.0,0.79,0.8,0.79,6.0,440.0,0.2916330603027343,put,2026-11-30,SPY,778.530029296875,2026-10-10T00:03:13.902127+00:00
631.0,0.79,0.81,1.34,2.0,534.0,0.29041236938476556,put,2026-11-30,SPY,778.530029296875,2026-10-10T00:03:13.902127+00:00
632.0,0.8,0.82,0.87,300.0,303.0,0.2890696093749999,put,2026-11-30,SPY,778.530029296875,2026-10-10T00:03:13.902127+00:00
633.0,0.81,0.83,1.23,2.0,11.0,0.28784891845703114,put,2026-11-30,SPY,778.530029296875,2026-10-10T00:03:13.902127+00:00
634.0,0.82,0.84,1.0,8.0,256.0,0.28650615844726557,put,2026-11-30,SPY,778.530029296875,2026-10-10T00:03:13.902127+00:00
635.0,0.83,0.85,1.0,1.0,216.0,0.28516339843749994,put,2026-11-30,SPY,778.530029296875,2026-10-10T00:03:13.902127+00:00
636.0,0.84,0.86,1.03,1.0,136.0,0.28394270751953116,put,2026-11-30,SPY,778.530029296875,2026-10-10T00:03:13.902127+00:00
637.0,0.85,0.87,1.48,103.0,203.0,0.2825999475097656,put,2026-11-30,SPY,778.530029296875,2026-10-10T00:03:13.902127+00:00
638.0,0.86,0.88,1.05,1.0,49.0,0.28125718749999995,put,2026-11-30,SPY,778.530029296875,2026-10-10T00:03:13.902127+00:00
639.0,0.87,0.89,1.01,2.0,33.0,0.2799144274902343,put,2026-11-30,SPY,778.530029296875,2026-10-10T00:03:13.902127+00:00
640.0,0.89,0.9,0.89,66.0,530.0,0.27857166748046874,put,2026-11-30,SPY,778.530029296875,2026-10-10T00:03:13.902127+00:00
641.0,0.9,0.91,1.05,1.0,8.0,0.27722890747070306,put,2026-11-30,SPY,778.530029296875,2026-10-10T00:03:13.902127+00:00
642.0,0.91,0.92,0.98,8.0,129.0,0.2758861474609374,put,2026-11-30,SPY,778.530029296875,2026-10-10T00:03:13.902127+00:00
643.0,0.92,0.93,0.95,2.0,31.0,0.2745433874511719,put,2026-11-30,SPY,778.530029296875,2026-10-10T00:03:13.902127+00:00
644.0,0.93,0.94,1.42,1.0,5.0,0.2732006274414062,put,2026-11-30,SPY,778.530029296875,2026-10-10T00:03:13.902127+00:00
645.0,0.94,0.95,0.96,4.0,67.0,0.2718578674316406,put,2026-11-30,SPY,778.530029296875,2026-10-10T00:03:13.902127+00:00
646.0,0.95,0.97,1.73,2.0,55.0,0.27094234924316407,put,2026-11-30,SPY,778.530029296875,2026-10-10T00:03:13.902127+00:00
647.0,0.96,0.98,1.08,9.0,379.0,0.2695385546875,put,2026-11-30,SPY,778.530029296875,2026-10-10T00:03:13.902127+00:00
648.0,0.98,0.99,1.5,6.0,26.0,0.2681347601318359,put,2026-11-30,SPY,778.530029296875,2026-10-10T00:03:13.902127+00:00
649.0,0.99,1.0,1.63,1.0,64.0,0.26673096557617193,put,2026-11-30,SPY,778.530029296875,2026-10-10T00:03:13.902127+00:00
650.0,1.0,1.01,1.04,8.0,495.0,0.26532717102050785,put,2026-11-30,SPY,778.530029296875,2026-10-10T00:03:13.902127+00:00
651.0,1.01,1.03,1.36,1.0,67.0,0.2644116528320312,put,2026-11-30,SPY,778.530029296875,2026-10-10T00:03:13.902127+00:00
652.0,1.03,1.04,1.1,2.0,210.0,0.2629468237304688,put,2026-11-30,SPY,778.530029296875,2026-10-10T00:03:13.902127+00:00
653.0,1.04,1.05,1.41,79.0,267.0,0.26148199462890626,put,2026-11-30,SPY,778.530029296875,2026-10-10T00:03:13.902127+00:00
654.0,1.05,1.07,1.13,1.0,3.0,0.26050544189453123,put,2026-11-30,SPY,778.530029296875,2026-10-10T00:03:13.902127+00:00
655.0,1.07,1.08,1.07,5.0,818.0,0.2590406127929688,put,2026-11-30,SPY,778.530029296875,2026-10-10T00:03:13.902127+00:00
656.0,1.08,1.1,1.1,12.0,8.0,0.2580640600585938,put,2026-11-30,SPY,778.530029296875,2026-10-10T00:03:13.902127+00:00
657.0,1.1,1.11,1.18,2.0,12.0,0.25659923095703124,put,2026-11-30,SPY,778.530029296875,2026-10-10T00:03:13.902127+00:00
658.0,1.11,1.12,1.51,2.0,133.0,0.2550733673095704,put,2026-11-30,SPY,778.530029296875,2026-10-10T00:03:13.902127+00:00
659.0,1.13,1.14,1.19,1.0,59.0,0.25403578002929694,put,2026-11-30,SPY,778.530029296875,2026-10-10T00:03:13.902127+00:00
660.0,1.14,1.15,1.15,84.0,1485.0,0.25250991638183595,put,2026-11-30,SPY,778.530029296875,2026-10-10T00:03:13.902127+00:00
661.0,1.16,1.17,1.19,2.0,386.0,0.2514723291015625,put,2026-11-30,SPY,778.530029296875,2026-10-10T00:03:13.902127+00:00
662.0,1.17,1.19,2.18,1.0,1.0,0.2503737072753906,put,2026-11-30,SPY,778.530029296875,2026-10-10T00:03:13.902127+00:00
663.0,1.19,1.2,1.2,1.0,336.0,0.24878680908203127,put,2026-11-30,SPY,778.530029296875,2026-10-10T00:03:13.902127+00:00
664.0,1.2,1.22,1.26,1.0,281.0,0.24768818725585937,put,2026-11-30,SPY,778.530029296875,2026-10-10T00:03:13.902127+00:00
665.0,1.22,1.23,1.29,2.0,979.0,0.24616232360839846,put,2026-11-30,SPY,778.530029296875,2026-10-10T00:03:13.902127+00:00
666.0,1.24,1.25,1.3,2.0,15.0,0.24500266723632813,put,2026-11-30,SPY,778.530029296875,2026-10-10T00:03:13.902127+00:00
667.0,1.25,1.27,2.32,30.0,242.0,0.2438430108642578,put,2026-11-30,SPY,778.530029296875,2026-10-10T00:03:13.902127+00:00
668.0,1.27,1.29,1.31,50.0,225.0,0.24268335449218748,put,2026-11-30,SPY,778.530029296875,2026-10-10T00:03:13.902127+00:00
669.0,1.29,1.3,1.56,10.0,47.0,0.24109645629882812,put,2026-11-30,SPY,778.530029296875,2026-10-10T00:03:13.902127+00:00
670.0,1.31,1.32,1.34,11.0,1016.0,0.23987576538085933,put,2026-11-30,SPY,778.530029296875,2026-10-10T00:03:13.902127+00:00
671.0,1.33,1.34,2.46,85.0,85.0,0.2386550744628906,put,2026-11-30,SPY,778.530029296875,2026-10-10T00:03:13.902127+00:00
672.0,1.34,1.36,1.57,10.0,224.0,0.23743438354492186,put,2026-11-30,SPY,778.530029296875,2026-10-10T00:03:13.902127+00:00
673.0,1.36,1.38,1.4,1.0,157.0,0.23615265808105468,put,2026-11-30,SPY,778.530029296875,2026-10-10T00:03:13.902127+00:00
674.0,1.38,1.4,1.66,11.0,239.0,0.23493196716308595,put,2026-11-30,SPY,778.530029296875,2026-10-10T00:03:13.902127+00:00
675.0,1.4,1.42,1.42,44.0,75688.0,0.23365024169921872,put,2026-11-30,SPY,778.530029296875,2026-10-10T00:03:13.902127+00:00
676.0,1.42,1.44,1.69,3.0,139.0,0.23236851623535154,put,2026-11-30,SPY,778.530029296875,2026-10-10T00:03:13.902127+00:00
677.0,1.44,1.46,1.53,8.0,213.0,0.23102575622558597,put,2026-11-30,SPY,778.530029296875,2026-10-10T00:03:13.902127+00:00
678.0,1.47,1.48,1.57,2.0,187.0,0.22974403076171873,put,2026-11-30,SPY,778.530029296875,2026-10-10T00:03:13.902127+00:00
679.0,1.49,1.5,1.92,2.0,729.0,0.22840127075195313,put,2026-11-30,SPY,778.530029296875,2026-10-10T00:03:13.902127+00:00
680.0,1.51,1.53,1.52,47.0,1517.0,0.2274247180175781,put,2026-11-30,SPY,778.530029296875,2026-10-10T00:03:13.902127+00:00
681.0,1.53,1.55,1.71,4.0,480.0,0.22602092346191405,put,2026-11-30,SPY,778.530029296875,2026-10-10T00:03:13.902127+00:00
682.0,1.56,1.57,1.72,2.0,67.0,0.22467816345214842,put,2026-11-30,SPY,778.530029296875,2026-10-10T00:03:13.902127+00:00
683.0,1.58,1.6,1.73,1.0,302.0,0.22364057617187497,put,2026-11-30,SPY,778.530029296875,2026-10-10T00:03:13.902127+00:00
684.0,1.6,1.62,1.65,5.0,18836.0,0.2222367816162109,put,2026-11-30,SPY,778.530029296875,2026-10-10T00:03:13.902127+00:00
685.0,1.63,1.65,1.64,6.0,4396.0,0.22113815979003904,put,2026-11-30,SPY,778.530029296875,2026-10-10T00:03:13.902127+00:00
686.0,1.66,1.67,1.73,3.0,261.0,0.21967333068847655,put,2026-11-30,SPY,778.530029296875,2026-10-10T00:03:13.902127+00:00
687.0,1.68,1.7,2.34,3.0,82.0,0.21857470886230468,put,2026-11-30,SPY,778.530029296875,2026-10-10T00:03:13.902127+00:00
688.0,1.71,1.73,1.72,2.0,312.0,0.21741505249023438,put,2026-11-30,SPY,778.530029296875,2026-10-10T00:03:13.902127+00:00
689.0,1.74,1.75,2.53,1.0,270.0,0.21595022338867187,put,2026-11-30,SPY,778.530029296875,2026-10-10T00:03:13.902127+00:00
690.0,1.77,1.78,1.78,6.0,1143.0,0.21472953247070312,put,2026-11-30,SPY,778.530029296875,2026-10-10T00:03:13.902127+00:00
691.0,1.79,1.81,1.93,3.0,131.0,0.21356987609863282,put,2026-11-30,SPY,778.530029296875,2026-10-10T00:03:13.902127+00:00
692.0,1.82,1.84,2.08,1.0,917.0,0.2123186679077148,put,2026-11-30,SPY,778.530029296875,2026-10-10T00:03:13.902127+00:00
693.0,1.85,1.87,1.91,3.0,1444.0,0.21106745971679686,put,2026-11-30,SPY,778.530029296875,2026-10-10T00:03:13.902127+00:00
694.0,1.89,1.9,2.17,1.0,95.0,0.2098162515258789,put,2026-11-30,SPY,778.530029296875,2026-10-10T00:03:13.902127+00:00
695.0,1.92,1.93,1.97,121.0,700.0,0.2085650433349609,put,2026-11-30,SPY,778.530029296875,2026-10-10T00:03:13.902127+00:00
696.0,1.95,1.97,2.0,17.0,113.0,0.20749693878173825,put,2026-11-30,SPY,778.530029296875,2026-10-10T00:03:13.902127+00:00
697.0,1.98,2.0,2.1,4.0,202.0,0.20618469604492184,put,2026-11-30,SPY,778.530029296875,2026-10-10T00:03:13.902127+00:00
698.0,2.02,2.04,2.01,3.0,267.0,0.20508607421874997,put,2026-11-30,SPY,778.530029296875,2026-10-10T00:03:13.902127+00:00
699.0,2.05,2.07,2.05,8.0,100.0,0.20374331420898437,put,2026-11-30,SPY,778.530029296875,2026-10-10T00:03:13.902127+00:00
700.0,2.09,2.11,2.11,69.0,10239.0,0.20264469238281246,put,2026-11-30,SPY,778.530029296875,2026-10-10T00:03:13.902127+00:00
701.0,2.12,2.15,2.8,13.0,968.0,0.2014850360107422,put,2026-11-30,SPY,778.530029296875,2026-10-10T00:03:13.902127+00:00
702.0,2.16,2.18,2.52,1.0,152.0,0.2000812414550781,put,2026-11-30,SPY,778.530029296875,2026-10-10T00:03:13.902127+00:00
703.0,2.2,2.22,2.24,10.0,57.0,0.19889106781005855,put,2026-11-30,SPY,778.530029296875,2026-10-10T00:03:13.902127+00:00
704.0,2.24,2.26,2.25,18.0,255.0,0.19767037689208983,put,2026-11-30,SPY,778.530029296875,2026-10-10T00:03:13.902127+00:00
705.0,2.28,2.3,2.33,2.0,2028.0,0.1964496859741211,put,2026-11-30,SPY,778.530029296875,2026-10-10T00:03:13.902127+00:00
706.0,2.32,2.34,2.39,3.0,251.0,0.19519847778320312,put,2026-11-30,SPY,778.530029296875,2026-10-10T00:03:13.902127+00:00
707.0,2.37,2.39,3.15,1.0,198.0,0.1941303732299805,put,2026-11-30,SPY,778.530029296875,2026-10-10T00:03:13.902127+00:00
708.0,2.41,2.43,2.59,2.0,63.0,0.19281813049316404,put,2026-11-30,SPY,778.530029296875,2026-10-10T00:03:13.902127+00:00
709.0,2.46,2.48,3.0,3.0,471.0,0.19171950866699222,put,2026-11-30,SPY,778.530029296875,2026-10-10T00:03:13.902127+00:00
710.0,2.5,2.52,2.49,1279.0,628.0,0.1903767486572266,put,2026-11-30,SPY,778.530029296875,2026-10-10T00:03:13.902127+00:00
711.0,2.55,2.57,3.2,5.0,270.0,0.18921709228515626,put,2026-11-30,SPY,778.530029296875,2026-10-10T00:03:13.902127+00:00
712.0,2.6,2.62,3.21,4.0,1271.0,0.18805743591308594,put,2026-11-30,SPY,778.530029296875,2026-10-10T00:03:13.902127+00:00
713.0,2.65,2.67,2.86,4.0,211.0,0.1868367449951172,put,2026-11-30,SPY,778.530029296875,2026-10-10T00:03:13.902127+00:00
714.0,2.7,2.72,2.71,2.0,414.0,0.18561605407714843,put,2026-11-30,SPY,778.530029296875,2026-10-10T00:03:13.902127+00:00
715.0,2.75,2.78,2.76,17.0,515.0,0.18454794952392578,put,2026-11-30,SPY,778.530029296875,2026-10-10T00:03:13.902127+00:00
716.0,2.81,2.83,3.47,2.0,203.0,0.18326622406005855,put,2026-11-30,SPY,778.530029296875,2026-10-10T00:03:13.902127+00:00
717.0,2.87,2.89,2.95,118.0,244.0,0.1821370849609375,put,2026-11-30,SPY,778.530029296875,2026-10-10T00:03:13.902127+00:00
718.0,2.92,2.95,3.03,16.0,1607.0,0.1810079458618164,put,2026-11-30,SPY,778.530029296875,2026-10-10T00:03:13.902127+00:00
719.0,2.98,3.0,3.04,12.0,232.0,0.17966518585205077,put,2026-11-30,SPY,778.530029296875,2026-10-10T00:03:13.902127+00:00
720.0,3.04,3.06,3.06,131.0,3947.0,0.17844449493408204,put,2026-11-30,SPY,778.530029296875,2026-10-10T00:03:13.902127+00:00
721.0,3.1,3.13,4.18,3.0,242.0,0.17740690765380857,put,2026-11-30,SPY,778.530029296875,2026-10-10T00:03:13.902127+00:00
722.0,3.17,3.19,3.28,3.0,143.0,0.17612518218994144,put,2026-11-30,SPY,778.530029296875,2026-10-10T00:03:13.902127+00:00
723.0,3.23,3.26,3.95,1.0,312.0,0.1750265603637695,put,2026-11-30,SPY,778.530029296875,2026-10-10T00:03:13.902127+00:00
724.0,3.3,3.33,4.11,28.0,457.0,0.17386690399169924,put,2026-11-30,SPY,778.530029296875,2026-10-10T00:03:13.902127+00:00
725.0,3.37,3.4,3.38,273.0,4545.0,0.1726767303466797,put,2026-11-30,SPY,778.530029296875,2026-10-10T00:03:13.902127+00:00
726.0,3.44,3.47,3.7,11.0,672.0,0.1714865567016602,put,2026-11-30,SPY,778.530029296875,2026-10-10T00:03:13.902127+00:00
727.0,3.51,3.54,3.59,271.0,21006.0,0.17023534851074223,put,2026-11-30,SPY,778.530029296875,2026-10-10T00:03:13.902127+00:00
728.0,3.59,3.62,3.61,4.0,894.0,0.16913672668457033,put,2026-11-30,SPY,778.530029296875,2026-10-10T00:03:13.902127+00:00
729.0,3.67,3.7,3.81,1.0,666.0,0.16797707031250003,put,2026-11-30,SPY,778.530029296875,2026-10-10T00:03:13.902127+00:00
730.0,3.75,3.78,3.75,86.0,2355.0,0.16678689666748053,put,2026-11-30,SPY,778.530029296875,2026-10-10T00:03:13.902127+00:00
731.0,3.83,3.86,3.91,5.0,116.0,0.16556620574951175,put,2026-11-30,SPY,778.530029296875,2026-10-10T00:03:13.902127+00:00
732.0,3.91,3.94,3.92,1.0,139.0,0.16431499755859375,put,2026-11-30,SPY,778.530029296875,2026-10-10T00:03:13.902127+00:00
733.0,4.0,4.03,4.11,1.0,690.0,0.1631858584594727,put,2026-11-30,SPY,778.530029296875,2026-10-10T00:03:13.902127+00:00
734.0,4.09,4.12,4.26,1.0,120.0,0.16202620208740232,put,2026-11-30,SPY,778.530029296875,2026-10-10T00:03:13.902127+00:00
735.0,4.18,4.21,4.2,18.0,6254.0,0.1608055111694336,put,2026-11-30,SPY,778.530029296875,2026-10-10T00:03:13.902127+00:00
736.0,4.28,4.31,4.39,5.0,470.0,0.15970688934326172,put,2026-11-30,SPY,778.530029296875,2026-10-10T00:03:13.902127+00:00
737.0,4.37,4.4,4.4,10.0,524.0,0.15842516387939454,put,2026-11-30,SPY,778.530029296875,2026-10-10T00:03:13.902127+00:00
738.0,4.48,4.5,4.47,17.0,517.0,0.157234990234375,put,2026-11-30,SPY,778.530029296875,2026-10-10T00:03:13.902127+00:00
739.0,4.58,4.61,4.59,4.0,500.0,0.15613636840820314,put,2026-11-30,SPY,778.530029296875,2026-10-10T00:03:13.902127+00:00
740.0,4.68,4.71,4.72,39.0,2807.0,0.1548699015808106,put,2026-11-30,SPY,778.530029296875,2026-10-10T00:03:13.902127+00:00
741.0,4.79,4.83,4.81,87.0,257.0,0.1538170556640625,put,2026-11-30,SPY,778.530029296875,2026-10-10T00:03:13.902127+00:00
742.0,4.91,4.94,5.02,10.0,805.0,0.15259636474609378,put,2026-11-30,SPY,778.530029296875,2026-10-10T00:03:13.902127+00:00
743.0,5.02,5.05,5.02,34.0,548.0,0.15134515655517583,put,2026-11-30,SPY,778.530029296875,2026-10-10T00:03:13.902127+00:00
744.0,5.14,5.17,5.19,9.0,1134.0,0.15015498291015628,put,2026-11-30,SPY,778.530029296875,2026-10-10T00:03:13.902127+00:00
745.0,5.27,5.3,5.25,704.0,2027.0,0.14905636108398437,put,2026-11-30,SPY,778.530029296875,2026-10-10T00:03:13.902127+00:00
746.0,5.39,5.43,5.4,5.0,1059.0,0.1479119633483887,put,2026-11-30,SPY,778.530029296875,2026-10-10T00:03:13.902127+00:00
747.0,5.53,5.56,5.55,7.0,402.0,0.14670653106689452,put,2026-11-30,SPY,778.530029296875,2026-10-10T00:03:13.902127+00:00
748.0,5.66,5.7,5.68,4.0,866.0,0.14559265060424803,put,2026-11-30,SPY,778.530029296875,2026-10-10T00:03:13.902127+00:00
749.0,5.8,5.84,5.97,7.0,528.0,0.14441773559570312,put,2026-11-30,SPY,778.530029296875,2026-10-10T00:03:13.902127+00:00
750.0,5.95,5.98,5.9,203.0,6161.0,0.1431970446777344,put,2026-11-30,SPY,778.530029296875,2026-10-10T00:03:13.902127+00:00
751.0,6.1,6.13,6.11,25.0,311.0,0.14202212966918942,put,2026-11-30,SPY,778.530029296875,2026-10-10T00:03:13.902127+00:00
752.0,6.25,6.29,6.29,11.0,1323.0,0.1409235078430176,put,2026-11-30,SPY,778.530029296875,2026-10-10T00:03:13.902127+00:00
753.0,6.41,6.45,6.43,30.0,227.0,0.13974859283447266,put,2026-11-30,SPY,778.530029296875,2026-10-10T00:03:13.902127+00:00
754.0,6.57,6.61,6.77,3.0,565.0,0.13854316055297855,put,2026-11-30,SPY,778.530029296875,2026-10-10T00:03:13.902127+00:00
755.0,6.74,6.78,6.78,97.0,934.0,0.13738350418090822,put,2026-11-30,SPY,778.530029296875,2026-10-10T00:03:13.902127+00:00
756.0,6.92,6.96,7.18,43.0,253.0,0.13626962371826173,put,2026-11-30,SPY,778.530029296875,2026-10-10T00:03:13.902127+00:00
757.0,7.1,7.14,7.12,14.0,435.0,0.13509470870971685,put,2026-11-30,SPY,778.530029296875,2026-10-10T00:03:13.902127+00:00
758.0,7.28,7.33,7.25,34.0,275.0,0.13395031097412108,put,2026-11-30,SPY,778.530029296875,2026-10-10T00:03:13.902127+00:00
759.0,7.48,7.52,7.53,56.0,327.0,0.13276013732910158,put,2026-11-30,SPY,778.530029296875,2026-10-10T00:03:13.902127+00:00
760.0,7.68,7.72,7.8,1204.0,4598.0,0.13160048095703125,put,2026-11-30,SPY,778.530029296875,2026-10-10T00:03:13.902127+00:00
761.0,7.88,7.93,7.96,64.0,1190.0,0.13048660049438476,put,2026-11-30,SPY,778.530029296875,2026-10-10T00:03:13.902127+00:00
762.0,8.1,8.14,8.08,7.0,554.0,0.1292964268493652,put,2026-11-30,SPY,778.530029296875,2026-10-10T00:03:13.902127+00:00
763.0,8.32,8.36,8.36,56.0,182.0,0.12813677047729488,put,2026-11-30,SPY,778.530029296875,2026-10-10T00:03:13.902127+00:00
764.0,8.54,8.59,8.64,4.0,141.0,0.12699237274169922,put,2026-11-30,SPY,778.530029296875,2026-10-10T00:03:13.902127+00:00
765.0,8.78,8.83,8.76,33.0,966.0,0.12589375091552735,put,2026-11-30,SPY,778.530029296875,2026-10-10T00:03:13.902127+00:00
766.0,9.02,9.07,9.1,49.0,774.0,0.1247035772705078,put,2026-11-30,SPY,778.530029296875,2026-10-10T00:03:13.902127+00:00
767.0,9.27,9.32,9.6,16.0,663.0,0.1235439208984375,put,2026-11-30,SPY,778.530029296875,2026-10-10T00:03:13.902127+00:00
768.0,9.53,9.58,9.59,36.0,472.0,0.1223842645263672,put,2026-11-30,SPY,778.530029296875,2026-10-10T00:03:13.902127+00:00
769.0,9.8,9.85,9.79,296.0,967.0,0.12125512542724609,put,2026-11-30,SPY,778.530029296875,2026-10-10T00:03:13.902127+00:00
770.0,10.08,10.13,10.09,601.0,1684.0,0.12012598632812499,put,2026-11-30,SPY,778.530029296875,2026-10-10T00:03:13.902127+00:00
771.0,10.37,10.42,10.48,16.0,366.0,0.11899684722900389,put,2026-11-30,SPY,778.530029296875,2026-10-10T00:03:13.902127+00:00
772.0,10.66,10.72,10.78,86.0,1212.0,0.1178829667663574,put,2026-11-30,SPY,778.530029296875,2026-10-10T00:03:13.902127+00:00
773.0,10.97,11.03,11.05,170.0,630.0,0.11676908630371094,put,2026-11-30,SPY,778.530029296875,2026-10-10T00:03:13.902127+00:00
774.0,11.29,11.35,11.49,66.0,509.0,0.11563994720458985,put,2026-11-30,SPY,778.530029296875,2026-10-10T00:03:13.902127+00:00
775.0,11.62,11.68,11.65,146.0,1480.0,0.11452606674194338,put,2026-11-30,SPY,778.530029296875,2026-10-10T00:03:13.902127+00:00
776.0,11.96,12.02,11.88,110.0,550.0,0.11339692764282225,put,2026-11-30,SPY,778.530029296875,2026-10-10T00:03:13.902127+00:00
777.0,12.31,12.37,12.31,180.0,423.0,0.11225252990722655,put,2026-11-30,SPY,778.530029296875,2026-10-10T00:03:13.902127+00:00
778.0,12.67,12.74,12.82,119.0,221.0,0.11118442535400389,put,2026-11-30,SPY,778.530029296875,2026-10-10T00:03:13.902127+00:00
779.0,13.05,13.11,13.26,231.0,1104.0,0.11000951034545897,put,2026-11-30,SPY,778.530029296875,2026-10-10T00:03:13.902127+00:00
780.0,13.44,13.5,13.45,265.0,1284.0,0.1088956298828125,put,2026-11-30,SPY,778.530029296875,2026-10-10T00:03:13.902127+00:00
781.0,13.84,13.91,13.94,2.0,650.0,0.10785804260253906,put,2026-11-30,SPY,778.530029296875,2026-10-10T00:03:13.902127+00:00
782.0,14.25,14.32,15.58,2.0,385.0,0.10669838623046876,put,2026-11-30,SPY,778.530029296875,2026-10-10T00:03:13.902127+00:00
783.0,14.68,14.75,14.63,44.0,483.0,0.10561502304077147,put,2026-11-30,SPY,778.530029296875,2026-10-10T00:03:13.902127+00:00
784.0,15.12,15.19,15.96,160.0,488.0,0.10448588394165037,put,2026-11-30,SPY,778.530029296875,2026-10-10T00:03:13.902127+00:00
785.0,15.58,15.65,15.68,291.0,407.0,0.10340252075195311,put,2026-11-30,SPY,778.530029296875,2026-10-10T00:03:13.902127+00:00
786.0,16.05,16.11,16.58,78.0,414.0,0.10221234710693358,put,2026-11-30,SPY,778.530029296875,2026-10-10T00:03:13.902127+00:00
787.0,16.53,16.61,16.48,131.0,24.0,0.10123579437255859,put,2026-11-30,SPY,778.530029296875,2026-10-10T00:03:13.902127+00:00
788.0,17.03,17.11,17.15,23.0,252.0,0.1001219139099121,put,2026-11-30,SPY,778.530029296875,2026-10-10T00:03:13.902127+00:00
789.0,17.38,17.74,18.61,6.0,48.0,0.10004562072753906,put,2026-11-30,SPY,778.530029296875,2026-10-10T00:03:13.902127+00:00
790.0,17.91,18.27,18.22,31.0,350.0,0.0989469989013672,put,2026-11-30,SPY,778.530029296875,2026-10-10T00:03:13.902127+00:00
791.0,18.06,19.19,20.71,1.0,12.0,0.10129682891845701,put,2026-11-30,SPY,778.530029296875,2026-10-10T00:03:13.902127+00:00
792.0,19.0,19.44,19.23,31.0,8.0,0.0973295834350586,put,2026-11-30,SPY,778.530029296875,2026-10-10T00:03:13.902127+00:00
794.0,19.7,21.02,35.07,3.0,25.0,0.0991148439025879,put,2026-11-30,SPY,778.530029296875,2026-10-10T00:03:13.902127+00:00
795.0,20.28,21.66,22.7,21.0,68.0,0.09839768798828125,put,2026-11-30,SPY,778.530029296875,2026-10-10T00:03:13.902127+00:00
796.0,21.4,22.31,21.65,59.0,12.0,0.09765001480102539,put,2026-11-30,SPY,778.530029296875,2026-10-10T00:03:13.902127+00:00
800.0,23.41,25.08,24.65,211.0,90.0,0.09491871887207033,put,2026-11-30,SPY,778.530029296875,2026-10-10T00:03:13.902127+00:00
801.0,24.11,25.81,29.28,1.0,2.0,0.09427785614013673,put,2026-11-30,SPY,778.530029296875,2026-10-10T00:03:13.902127+00:00
805.0,26.98,28.88,28.28,1.0,8.0,0.09194328475952149,put,2026-11-30,SPY,778.530029296875,2026-10-10T00:03:13.902127+00:00
807.0,28.52,31.01,37.53,,1.0,0.09803148071289064,put,2026-11-30,SPY,778.530029296875,2026-10-10T00:03:13.902127+00:00
810.0,31.03,33.05,35.9,1.0,2.0,0.09009698974609376,put,2026-11-30,SPY,778.530029296875,2026-10-10T00:03:13.902127+00:00
812.0,32.57,35.29,40.87,,0.0,0.09790941162109376,put,2026-11-30,SPY,778.530029296875,2026-10-10T00:03:13.902127+00:00
813.0,33.46,36.19,41.8,2.0,0.0,0.09824510162353516,put,2026-11-30,SPY,778.530029296875,2026-10-10T00:03:13.902127+00:00
814.0,34.38,37.1,42.74,,0.0,0.09867234344482423,put,2026-11-30,SPY,778.530029296875,2026-10-10T00:03:13.902127+00:00
815.0,35.31,38.03,48.09,1.0,0.0,0.09937424072265624,put,2026-11-30,SPY,778.530029296875,2026-10-10T00:03:13.902127+00:00
816.0,36.25,38.99,45.2,1.0,0.0,0.10053389709472656,put,2026-11-30,SPY,778.530029296875,2026-10-10T00:03:13.902127+00:00
820.0,40.1,42.83,45.3,2.0,0.0,0.10486734985351562,put,2026-11-30,SPY,778.530029296875,2026-10-10T00:03:13.902127+00:00
825.0,45.04,47.77,48.54,2.0,0.0,0.11252718536376952,put,2026-11-30,SPY,778.530029296875,2026-10-10T00:03:13.902127+00:00
830.0,50.02,52.76,61.0,15.0,0.0,0.1209194354248047,put,2026-11-30,SPY,778.530029296875,2026-10-10T00:03:13.902127+00:00
835.0,55.02,57.75,57.27,1.0,3.0,0.12912858184814452,put,2026-11-30,SPY,778.530029296875,2026-10-10T00:03:13.902127+00:00
840.0,0.0,0.0,61.99,26.0,0.0,1.0000000000000003e-05,put,2026-11-30,SPY,778.530029296875,2026-10-10T00:03:13.902127+00:00
845.0,74.45,77.97,110.81,1.0,0.0,0.28864236755371087,put,2026-11-30,SPY,778.530029296875,2026-10-10T00:03:13.902127+00:00
850.0,84.61,87.82,110.88,1.0,0.0,0.35120277709960934,put,2026-11-30,SPY,778.530029296875,2026-10-10T00:03:13.902127+00:00
860.0,80.02,82.75,86.6,2.0,2.0,0.16895362304687503,put,2026-11-30,SPY,778.530029296875,2026-10-10T00:03:13.902127+00:00
865.0,85.02,87.75,87.96,1.0,0.0,0.17652190673828128,put,2026-11-30,SPY,778.530029296875,2026-10-10T00:03:13.902127+00:00
870.0,0.0,0.0,100.21,,0.0,1.0000000000000003e-05,put,2026-11-30,SPY,778.530029296875,2026-10-10T00:03:13.902127+00:00
885.0,0.0,0.0,112.05,,0.0,1.0000000000000003e-05,put,2026-11-30,SPY,778.530029296875,2026-10-10T00:03:13.902127+00:00
900.0,0.0,0.0,133.42,1.0,0.0,1.0000000000000003e-05,put,2026-11-30,SPY,778.530029296875,2026-10-10T00:03:13.902127+00:00
920.0,140.02,142.75,145.29,2.0,0.0,0.2537306072998047,put,2026-11-30,SPY,778.530029296875,2026-10-10T00:03:13.902127+00:00
50.0,727.05,731.07,725.19,20.0,20.0,2.182621730957031,call,2027-01-15,SPY,778.530029296875,2026-10-10T00:03:13.902127+00:00
55.0,698.1,701.53,682.21,1.0,0.0,1.0000000000000003e-05,call,2027-01-15,SPY,778.530029296875,2026-10-10T00:03:13.902127+00:00
60.0,0.0,0.0,715.61,10.0,0.0,1.0000000000000003e-05,call,2027-01-15,SPY,778.530029296875,2026-10-10T00:03:13.902127+00:00
65.0,697.3,700.58,686.33,,4.0,1.0000000000000003e-05,call,2027-01-15,SPY,778.530029296875,2026-10-10T00:03:13.902127+00:00
70.0,707.2,711.22,695.5,9.0,0.0,1.962890810546875,call,2027-01-15,SPY,778.530029296875,2026-10-10T00:03:13.902127+00:00
75.0,687.33,690.61,655.17,10.0,10.0,1.0000000000000003e-05,call,2027-01-15,SPY,778.530029296875,2026-10-10T00:03:13.902127+00:00
80.0,697.28,701.3,681.99,5.0,0.0,1.876953740234375,call,2027-01-15,SPY,778.530029296875,2026-10-10T00:03:13.902127+00:00
85.0,0.0,0.0,668.07,,0.0,1.0000000000000003e-05,call,2027-01-15,SPY,778.530029296875,2026-10-10T00:03:13.902127+00:00
90.0,687.36,691.38,684.86,,1.0,1.8007822460937497,call,2027-01-15,SPY,778.530029296875,2026-10-10T00:03:13.902127+00:00
95.0,682.4,686.42,683.19,1.0,5.0,1.765626171875,call,2027-01-15,SPY,778.530029296875,2026-10-10T00:03:13.902127+00:00
100.0,677.44,681.46,667.0,5.0,15.0,1.7319349340820311,call,2027-01-15,SPY,778.530029296875,2026-10-10T00:03:13.902127+00:00
105.0,657.41,660.69,643.34,,8.0,1.0000000000000003e-05,call,2027-01-15,SPY,778.530029296875,2026-10-10T00:03:13.902127+00:00
110.0,599.37,602.88,547.7,50.0,0.0,1.0000000000000003e-05,call,2027-01-15,SPY,778.530029296875,2026-10-10T00:03:13.902127+00:00
120.0,631.59,634.94,620.0,1.0,1.0,1.0000000000000003e-05,call,2027-01-15,SPY,778.530029296875,2026-10-10T00:03:13.902127+00:00
130.0,579.53,583.04,525.03,1.0,0.0,1.0000000000000003e-05,call,2027-01-15,SPY,778.530029296875,2026-10-10T00:03:13.902127+00:00
135.0,574.58,578.08,520.32,1.0,0.0,1.0000000000000003e-05,call,2027-01-15,SPY,778.530029296875,2026-10-10T00:03:13.902127+00:00
145.0,617.53,620.8,586.16,10.0,10.0,1.0000000000000003e-05,call,2027-01-15,SPY,778.530029296875,2026-10-10T00:03:13.902127+00:00
150.0,627.83,631.85,612.41,2.0,2.0,1.4587429406738281,call,2027-01-15,SPY,778.530029296875,2026-10-10T00:03:13.902127+00:00
155.0,505.13,508.97,527.5,1.0,21.0,1.0000000000000003e-05,call,2027-01-15,SPY,778.530029296875,2026-10-10T00:03:13.902127+00:00
160.0,602.67,605.85,585.53,1.0,31.0,1.0000000000000003e-05,call,2027-01-15,SPY,778.530029296875,2026-10-10T00:03:13.902127+00:00
165.0,613.03,616.92,592.15,10.0,115.0,1.3955108349609375,call,2027-01-15,SPY,778.530029296875,2026-10-10T00:03:13.902127+00:00
170.0,608.08,611.96,608.81,1.0,57.0,1.3752472644042966,call,2027-01-15,SPY,778.530029296875,2026-10-10T00:03:13.902127+00:00
175.0,0.0,0.0,592.6,6.0,0.0,1.0000000000000003e-05,call,2027-01-15,SPY,778.530029296875,2026-10-10T00:03:13.902127+00:00
180.0,572.37,575.71,552.99,121.0,252.0,1.0000000000000003e-05,call,2027-01-15,SPY,778.530029296875,2026-10-10T00:03:13.902127+00:00
185.0,578.03,581.11,547.66,1.0,43.0,1.0000000000000003e-05,call,2027-01-15,SPY,778.530029296875,2026-10-10T00:03:13.902127+00:00
190.0,548.62,551.99,543.55,,45.0,1.0000000000000003e-05,call,2027-01-15,SPY,778.530029296875,2026-10-10T00:03:13.902127+00:00
195.0,583.28,587.16,580.88,4.0,381.0,1.2785680603027343,call,2027-01-15,SPY,778.530029296875,2026-10-10T00:03:13.902127+00:00
200.0,578.31,582.2,575.41,5.0,52.0,1.2600134655761717,call,2027-01-15,SPY,778.530029296875,2026-10-10T00:03:13.902127+00:00
205.0,461.0,464.72,436.75,75.0,1.0,1.0000000000000003e-05,call,2027-01-15,SPY,778.530029296875,2026-10-10T00:03:13.902127+00:00
210.0,558.58,562.0,538.22,10.0,10.0,1.0000000000000003e-05,call,2027-01-15,SPY,778.530029296875,2026-10-10T00:03:13.902127+00:00
215.0,451.5,455.3,408.8,75.0,0.0,1.0000000000000003e-05,call,2027-01-15,SPY,778.530029296875,2026-10-10T00:03:13.902127+00:00
220.0,473.75,477.5,471.91,2.0,3.0,1.0000000000000003e-05,call,2027-01-15,SPY,778.530029296875,2026-10-10T00:03:13.902127+00:00
230.0,525.5,528.86,509.15,,2.0,1.0000000000000003e-05,call,2027-01-15,SPY,778.530029296875,2026-10-10T00:03:13.902127+00:00
235.0,543.6,547.48,546.66,8.0,1.0,1.1438031091308591,call,2027-01-15,SPY,778.530029296875,2026-10-10T00:03:13.902127+00:00
240.0,437.15,440.03,440.19,5.0,4.0,1.0000000000000003e-05,call,2027-01-15,SPY,778.530029296875,2026-10-10T00:03:13.902127+00:00
250.0,528.72,532.6,520.6,2.0,51.0,1.0980269708251955,call,2027-01-15,SPY,778.530029296875,2026-10-10T00:03:13.902127+00:00
255.0,441.21,444.5,425.25,2.0,2.0,1.0000000000000003e-05,call,2027-01-15,SPY,778.530029296875,2026-10-10T00:03:13.902127+00:00
260.0,400.31,405.0,395.84,2.0,12.0,1.0000000000000003e-05,call,2027-01-15,SPY,778.530029296875,2026-10-10T00:03:13.902127+00:00
265.0,430.63,434.5,427.58,2.0,2.0,1.0000000000000003e-05,call,2027-01-15,SPY,778.530029296875,2026-10-10T00:03:13.902127+00:00
270.0,508.88,512.76,493.18,2.0,6.0,1.0404100714111333,call,2027-01-15,SPY,778.530029296875,2026-10-10T00:03:13.902127+00:00
275.0,489.39,492.48,473.29,2.0,9.0,1.0000000000000003e-05,call,2027-01-15,SPY,778.530029296875,2026-10-10T00:03:13.902127+00:00
280.0,461.01,464.6,473.21,1.0,55.0,1.0000000000000003e-05,call,2027-01-15,SPY,778.530029296875,2026-10-10T00:03:13.902127+00:00
285.0,456.12,459.71,468.35,1.0,152.0,1.0000000000000003e-05,call,2027-01-15,SPY,778.530029296875,2026-10-10T00:03:13.902127+00:00
290.0,474.63,477.72,458.68,1.0,7.0,1.0000000000000003e-05,call,2027-01-15,SPY,778.530029296875,2026-10-10T00:03:13.902127+00:00
295.0,469.71,472.8,456.85,2.0,24.0,1.0000000000000003e-05,call,2027-01-15,SPY,778.530029296875,2026-10-10T00:03:13.902127+00:00
300.0,479.14,483.02,483.03,2.0,148.0,0.9614261669921874,call,2027-01-15,SPY,778.530029296875,2026-10-10T00:03:13.902127+00:00
305.0,459.87,462.96,443.72,2.0,19.0,1.0000000000000003e-05,call,2027-01-15,SPY,778.530029296875,2026-10-10T00:03:13.902127+00:00
310.0,454.95,458.04,438.86,2.0,5.0,1.0000000000000003e-05,call,2027-01-15,SPY,778.530029296875,2026-10-10T00:03:13.902127+00:00
315.0,464.27,468.15,457.96,2.0,5.0,0.9240730249023439,call,2027-01-15,SPY,778.530029296875,2026-10-10T00:03:13.902127+00:00
320.0,445.12,448.21,429.1,4.0,89.0,1.0000000000000003e-05,call,2027-01-15,SPY,778.530029296875,2026-10-10T00:03:13.902127+00:00
325.0,440.2,443.29,424.24,5.0,24.0,1.0000000000000003e-05,call,2027-01-15,SPY,778.530029296875,2026-10-10T00:03:13.902127+00:00
330.0,449.41,453.29,434.26,131.0,192.0,0.888550919189453,call,2027-01-15,SPY,778.530029296875,2026-10-10T00:03:13.902127+00:00
335.0,430.37,433.47,414.52,3.0,14.0,1.0000000000000003e-05,call,2027-01-15,SPY,778.530029296875,2026-10-10T00:03:13.902127+00:00
340.0,439.5,443.38,438.0,4.0,25.0,0.8653577917480468,call,2027-01-15,SPY,778.530029296875,2026-10-10T00:03:13.902127+00:00
345.0,434.54,438.42,423.11,1.0,11.0,0.853639158935547,call,2027-01-15,SPY,778.530029296875,2026-10-10T00:03:13.902127+00:00
350.0,429.59,433.47,414.35,258.0,323.0,0.8425308715820312,call,2027-01-15,SPY,778.530029296875,2026-10-10T00:03:13.902127+00:00
355.0,424.64,428.52,418.8,2.0,13.0,0.8315446533203124,call,2027-01-15,SPY,778.530029296875,2026-10-10T00:03:13.902127+00:00
360.0,419.68,423.56,403.35,5.0,25.0,0.820192227783203,call,2027-01-15,SPY,778.530029296875,2026-10-10T00:03:13.902127+00:00
365.0,0.0,0.0,412.0,10.0,0.0,1.0000000000000003e-05,call,2027-01-15,SPY,778.530029296875,2026-10-10T00:03:13.902127+00:00
370.0,409.78,413.66,394.59,22.0,132.0,0.79883013671875,call,2027-01-15,SPY,778.530029296875,2026-10-10T00:03:13.902127+00:00
375.0,391.09,394.19,379.75,1.0,48.0,1.0000000000000003e-05,call,2027-01-15,SPY,778.530029296875,2026-10-10T00:03:13.902127+00:00
380.0,399.87,403.76,390.65,2.0,97.0,0.7774680456542968,call,2027-01-15,SPY,778.530029296875,2026-10-10T00:03:13.902127+00:00
385.0,394.93,398.81,380.3,20.0,22.0,0.7673363110351563,call,2027-01-15,SPY,778.530029296875,2026-10-10T00:03:13.902127+00:00
390.0,389.98,393.86,379.5,1.0,28.0,0.756960438232422,call,2027-01-15,SPY,778.530029296875,2026-10-10T00:03:13.902127+00:00
395.0,0.0,0.0,382.08,1.0,0.0,1.0000000000000003e-05,call,2027-01-15,SPY,778.530029296875,2026-10-10T00:03:13.902127+00:00
400.0,380.08,383.96,383.54,1.0,484.0,0.7365748999023438,call,2027-01-15,SPY,778.530029296875,2026-10-10T00:03:13.902127+00:00
405.0,375.12,379.01,358.39,1.0,49.0,0.7262600616455077,call,2027-01-15,SPY,778.530029296875,2026-10-10T00:03:13.902127+00:00
410.0,0.0,0.0,364.64,1.0,0.0,1.0000000000000003e-05,call,2027-01-15,SPY,778.530029296875,2026-10-10T00:03:13.902127+00:00
415.0,365.23,369.11,359.29,3.0,47.0,0.7064848687744141,call,2027-01-15,SPY,778.530029296875,2026-10-10T00:03:13.902127+00:00
420.0,360.29,364.17,348.21,1.0,61.0,0.6969634796142579,call,2027-01-15,SPY,778.530029296875,2026-10-10T00:03:13.902127+00:00
425.0,355.34,359.22,339.49,9.0,71.0,0.6871369177246094,call,2027-01-15,SPY,778.530029296875,2026-10-10T00:03:13.902127+00:00
430.0,350.4,354.28,326.41,1.0,134.0,0.6777375976562501,call,2027-01-15,SPY,778.530029296875,2026-10-10T00:03:13.902127+00:00
435.0,345.46,349.34,340.79,1.0,30.0,0.6683993121337892,call,2027-01-15,SPY,778.530029296875,2026-10-10T00:03:13.902127+00:00
440.0,340.51,344.39,337.5,4.0,97.0,0.6587558538818359,call,2027-01-15,SPY,778.530029296875,2026-10-10T00:03:13.902127+00:00
445.0,335.57,339.45,327.33,3.0,34.0,0.6494786029052735,call,2027-01-15,SPY,778.530029296875,2026-10-10T00:03:13.902127+00:00
450.0,330.63,334.51,322.25,1.0,192.0,0.6402623864746093,call,2027-01-15,SPY,778.530029296875,2026-10-10T00:03:13.902127+00:00
455.0,325.7,329.58,319.5,1.0,57.0,0.6314734118652343,call,2027-01-15,SPY,778.530029296875,2026-10-10T00:03:13.902127+00:00
460.0,320.78,324.64,317.29,1.0,85.0,0.6226234027099609,call,2027-01-15,SPY,778.530029296875,2026-10-10T00:03:13.902127+00:00
465.0,315.86,319.71,298.56,12.0,69.0,0.6140175317382813,call,2027-01-15,SPY,778.530029296875,2026-10-10T00:03:13.902127+00:00
470.0,310.95,314.78,295.81,1.0,187.0,0.6055337298583985,call,2027-01-15,SPY,778.530029296875,2026-10-10T00:03:13.902127+00:00
475.0,306.04,309.87,310.0,10.0,61.0,0.5973551007080078,call,2027-01-15,SPY,778.530029296875,2026-10-10T00:03:13.902127+00:00
480.0,301.12,304.96,287.5,1.0,71.0,0.5890544024658204,call,2027-01-15,SPY,778.530029296875,2026-10-10T00:03:13.902127+00:00
485.0,296.21,300.04,295.01,16.0,82.0,0.5807537042236328,call,2027-01-15,SPY,778.530029296875,2026-10-10T00:03:13.902127+00:00
490.0,291.3,295.13,288.92,4.0,141.0,0.5725750750732423,call,2027-01-15,SPY,778.530029296875,2026-10-10T00:03:13.902127+00:00
495.0,286.39,290.22,284.0,28.0,101.0,0.5644574804687501,call,2027-01-15,SPY,778.530029296875,2026-10-10T00:03:13.902127+00:00
500.0,281.48,285.31,285.53,2.0,486.0,0.5562788513183594,call,2027-01-15,SPY,778.530029296875,2026-10-10T00:03:13.902127+00:00
505.0,264.29,267.46,255.19,4.0,61.0,1.0000000000000003e-05,call,2027-01-15,SPY,778.530029296875,2026-10-10T00:03:13.902127+00:00
510.0,271.67,275.49,263.76,1.0,1407.0,0.5401046966552736,call,2027-01-15,SPY,778.530029296875,2026-10-10T00:03:13.902127+00:00
515.0,266.76,270.59,267.74,1.0,147.0,0.5320786538696288,call,2027-01-15,SPY,778.530029296875,2026-10-10T00:03:13.902127+00:00
520.0,261.86,265.68,262.82,2.0,212.0,0.5240526110839843,call,2027-01-15,SPY,778.530029296875,2026-10-10T00:03:13.902127+00:00
525.0,256.96,260.78,259.24,1.0,201.0,0.5161181201171875,call,2027-01-15,SPY,778.530029296875,2026-10-10T00:03:13.902127+00:00
530.0,252.06,255.87,246.3,3.0,233.0,0.5080615600585938,call,2027-01-15,SPY,778.530029296875,2026-10-10T00:03:13.902127+00:00
535.0,247.16,250.97,246.05,1.0,175.0,0.5001270690917969,call,2027-01-15,SPY,778.530029296875,2026-10-10T00:03:13.902127+00:00
540.0,242.27,246.07,239.48,5.0,184.0,0.5294846856689455,call,2027-01-15,SPY,778.530029296875,2026-10-10T00:03:13.902127+00:00
545.0,237.37,241.18,226.83,1.0,91.0,0.5208788146972656,call,2027-01-15,SPY,778.530029296875,2026-10-10T00:03:13.902127+00:00
550.0,232.48,236.28,233.43,8.0,1071.0,0.5121203573608398,call,2027-01-15,SPY,778.530029296875,2026-10-10T00:03:13.902127+00:00
555.0,227.59,231.39,219.0,4.0,154.0,0.5035450036621094,call,2027-01-15,SPY,778.530029296875,2026-10-10T00:03:13.902127+00:00
560.0,222.61,226.5,221.6,2.0,276.0,0.4949696499633789,call,2027-01-15,SPY,778.530029296875,2026-10-10T00:03:13.902127+00:00
565.0,217.72,221.61,222.0,11.0,180.0,0.4863942962646485,call,2027-01-15,SPY,778.530029296875,2026-10-10T00:03:13.902127+00:00
570.0,212.83,216.73,212.45,1.0,317.0,0.4779715289306641,call,2027-01-15,SPY,778.530029296875,2026-10-10T00:03:13.902127+00:00
575.0,207.96,211.85,209.13,2.0,1343.0,0.4695487615966797,call,2027-01-15,SPY,778.530029296875,2026-10-10T00:03:13.902127+00:00
580.0,203.08,206.97,202.79,1.0,2824.0,0.4610954769897462,call,2027-01-15,SPY,778.530029296875,2026-10-10T00:03:13.902127+00:00
585.0,198.21,202.1,201.76,1.0,1722.0,0.4528252960205078,call,2027-01-15,SPY,778.530029296875,2026-10-10T00:03:13.902127+00:00
590.0,193.34,197.23,193.88,1.0,2166.0,0.4445245977783203,call,2027-01-15,SPY,778.530029296875,2026-10-10T00:03:13.902127+00:00
595.0,188.48,192.37,184.8,10.0,1026.0,0.4363459686279296,call,2027-01-15,SPY,778.530029296875,2026-10-10T00:03:13.902127+00:00
600.0,183.61,187.51,183.75,2.0,2501.0,0.4281368222045898,call,2027-01-15,SPY,778.530029296875,2026-10-10T00:03:13.902127+00:00
605.0,178.77,182.65,180.9,1.0,1670.0,0.4198971585083008,call,2027-01-15,SPY,778.530029296875,2026-10-10T00:03:13.902127+00:00
610.0,173.91,177.8,175.14,5.0,979.0,0.41177956390380854,call,2027-01-15,SPY,778.530029296875,2026-10-10T00:03:13.902127+00:00
615.0,169.07,172.96,161.83,3.0,1893.0,0.4037535211181641,call,2027-01-15,SPY,778.530029296875,2026-10-10T00:03:13.902127+00:00
620.0,164.24,168.12,167.0,1.0,860.0,0.3956969610595704,call,2027-01-15,SPY,778.530029296875,2026-10-10T00:03:13.902127+00:00
625.0,159.42,163.29,162.03,67.0,3836.0,0.387701435546875,call,2027-01-15,SPY,778.530029296875,2026-10-10T00:03:13.902127+00:00
630.0,154.59,158.47,154.49,1.0,1555.0,0.3797974618530273,call,2027-01-15,SPY,778.530029296875,2026-10-10T00:03:13.902127+00:00
635.0,149.88,153.65,153.29,1.0,813.0,0.37183245361328127,call,2027-01-15,SPY,778.530029296875,2026-10-10T00:03:13.902127+00:00
640.0,145.08,148.85,144.74,1.0,794.0,0.36405054901123046,call,2027-01-15,SPY,778.530029296875,2026-10-10T00:03:13.902127+00:00
645.0,140.29,144.06,141.61,3.0,1160.0,0.35631442031860344,call,2027-01-15,SPY,778.530029296875,2026-10-10T00:03:13.902127+00:00
650.0,135.5,139.27,138.02,3.0,4870.0,0.34850199844360347,call,2027-01-15,SPY,778.530029296875,2026-10-10T00:03:13.902127+00:00
655.0,130.73,134.5,132.02,3.0,1463.0,0.340826904296875,call,2027-01-15,SPY,778.530029296875,2026-10-10T00:03:13.902127+00:00
660.0,125.97,129.74,127.65,4.0,7563.0,0.33316706878662117,call,2027-01-15,SPY,778.530029296875,2026-10-10T00:03:13.902127+00:00
665.0,121.23,124.99,115.0,2.0,4437.0,0.3255072332763671,call,2027-01-15,SPY,778.530029296875,2026-10-10T00:03:13.902127+00:00
670.0,116.49,120.27,118.53,3.0,2635.0,0.31806101867675773,call,2027-01-15,SPY,778.530029296875,2026-10-10T00:03:13.902127+00:00
675.0,111.78,115.56,111.68,1.0,2022.0,0.31058428680419914,call,2027-01-15,SPY,778.530029296875,2026-10-10T00:03:13.902127+00:00
680.0,107.09,110.86,109.43,7.0,5968.0,0.30307703765869143,call,2027-01-15,SPY,778.530029296875,2026-10-10T00:03:13.902127+00:00
685.0,102.42,106.19,104.64,2.0,4039.0,0.29572237487792963,call,2027-01-15,SPY,778.530029296875,2026-10-10T00:03:13.902127+00:00
690.0,97.77,101.55,98.85,21.0,3074.0,0.2884745225524901,call,2027-01-15,SPY,778.530029296875,2026-10-10T00:03:13.902127+00:00
695.0,93.14,96.92,91.16,1.0,3112.0,0.28116563568115227,call,2027-01-15,SPY,778.530029296875,2026-10-10T00:03:13.902127+00:00
700.0,88.55,92.33,90.99,4.0,9921.0,0.27400933517456055,call,2027-01-15,SPY,778.530029296875,2026-10-10T00:03:13.902127+00:00
705.0,84.01,87.76,86.31,22.0,2875.0,0.2668225173950196,call,2027-01-15,SPY,778.530029296875,2026-10-10T00:03:13.902127+00:00
710.0,79.45,83.23,81.8,12.0,2843.0,0.25974251007080085,call,2027-01-15,SPY,778.530029296875,2026-10-10T00:03:13.902127+00:00
715.0,74.96,78.74,77.29,3.0,2988.0,0.25275405456542965,call,2027-01-15,SPY,778.530029296875,2026-10-10T00:03:13.902127+00:00
720.0,70.57,74.29,72.0,3.0,5318.0,0.24582663360595702,call,2027-01-15,SPY,778.530029296875,2026-10-10T00:03:13.902127+00:00
725.0,66.17,69.89,68.32,2.0,4172.0,0.23899076446533202,call,2027-01-15,SPY,778.530029296875,2026-10-10T00:03:13.902127+00:00
730.0,61.83,65.31,63.57,60.0,4227.0,0.23050696258544923,call,2027-01-15,SPY,778.530029296875,2026-10-10T00:03:13.902127+00:00
735.0,57.58,60.38,58.93,35.0,1726.0,0.21920794227600096,call,2027-01-15,SPY,778.530029296875,2026-10-10T00:03:13.902127+00:00
740.0,53.43,57.03,55.52,32.0,6024.0,0.2189561747741699,call,2027-01-15,SPY,778.530029296875,2026-10-10T00:03:13.902127+00:00
745.0,49.31,52.89,50.49,3.0,4645.0,0.21253228881835937,call,2027-01-15,SPY,778.530029296875,2026-10-10T00:03:13.902127+00:00
750.0,45.05,48.76,47.34,74.0,7837.0,0.20572693695068356,call,2027-01-15,SPY,778.530029296875,2026-10-10T00:03:13.902127+00:00
755.0,41.09,44.89,43.3,31.0,4685.0,0.20015753463745117,call,2027-01-15,SPY,778.530029296875,2026-10-10T00:03:13.902127+00:00
760.0,38.86,39.47,39.61,22.0,5407.0,0.18395286270141603,call,2027-01-15,SPY,778.530029296875,2026-10-10T00:03:13.902127+00:00
765.0,35.14,35.74,35.55,40.0,6499.0,0.17826139129638674,call,2027-01-15,SPY,778.530029296875,2026-10-10T00:03:13.902127+00:00
770.0,31.56,32.17,31.95,332.0,12295.0,0.17289035125732422,call,2027-01-15,SPY,778.530029296875,2026-10-10T00:03:13.902127+00:00
775.0,28.15,28.75,28.4,928.0,8187.0,0.16767952690124513,call,2027-01-15,SPY,778.530029296875,2026-10-10T00:03:13.902127+00:00
780.0,24.91,25.25,25.26,1217.0,13092.0,0.1611259425354004,call,2027-01-15,SPY,778.530029296875,2026-10-10T00:03:13.902127+00:00
785.0,22.11,22.15,22.21,761.0,7348.0,0.15613636840820314,call,2027-01-15,SPY,778.530029296875,2026-10-10T00:03:13.902127+00:00
790.0,19.26,19.31,19.27,490.0,6867.0,0.15174188110351564,call,2027-01-15,SPY,778.530029296875,2026-10-10T00:03:13.902127+00:00
795.0,16.64,16.68,16.76,66.0,9740.0,0.1475915319824219,call,2027-01-15,SPY,778.530029296875,2026-10-10T00:03:13.902127+00:00
800.0,14.26,14.29,14.28,963.0,26441.0,0.14380739013671873,call,2027-01-15,SPY,778.530029296875,2026-10-10T00:03:13.902127+00:00
805.0,12.11,12.14,12.1,138.0,6915.0,0.14038182624816894,call,2027-01-15,SPY,778.530029296875,2026-10-10T00:03:13.902127+00:00
810.0,10.2,10.23,10.2,173.0,5899.0,0.13731484031677252,call,2027-01-15,SPY,778.530029296875,2026-10-10T00:03:13.902127+00:00
815.0,8.52,8.55,8.54,104.0,11530.0,0.1345759150695801,call,2027-01-15,SPY,778.530029296875,2026-10-10T00:03:13.902127+00:00
820.0,7.06,7.1,7.01,174.0,6698.0,0.13222608505249023,call,2027-01-15,SPY,778.530029296875,2026-10-10T00:03:13.902127+00:00
825.0,5.81,5.85,5.81,172.0,11997.0,0.13013565185546871,call,2027-01-15,SPY,778.530029296875,2026-10-10T00:03:13.902127+00:00
830.0,4.75,4.78,4.85,37.0,5495.0,0.1282588395690918,call,2027-01-15,SPY,778.530029296875,2026-10-10T00:03:13.902127+00:00
835.0,3.85,3.88,3.94,5.0,5944.0,0.12662616546630856,call,2027-01-15,SPY,778.530029296875,2026-10-10T00:03:13.902127+00:00
840.0,3.1,3.13,3.15,452.0,6981.0,0.12523762954711914,call,2027-01-15,SPY,778.530029296875,2026-10-10T00:03:13.902127+00:00
845.0,2.48,2.51,2.46,58.0,5037.0,0.12404745590209962,call,2027-01-15,SPY,778.530029296875,2026-10-10T00:03:13.902127+00:00
850.0,1.97,2.0,1.94,574.0,14579.0,0.12299460998535157,call,2027-01-15,SPY,778.530029296875,2026-10-10T00:03:13.902127+00:00
855.0,1.56,1.59,1.64,25.0,8386.0,0.12220116088867189,call,2027-01-15,SPY,778.530029296875,2026-10-10T00:03:13.902127+00:00
860.0,1.23,1.25,1.25,40.0,4649.0,0.12137719451904297,call,2027-01-15,SPY,778.530029296875,2026-10-10T00:03:13.902127+00:00
865.0,0.98,0.99,1.0,28.0,6350.0,0.12098046997070314,call,2027-01-15,SPY,778.530029296875,2026-10-10T00:03:13.902127+00:00
870.0,0.78,0.8,0.8,14.0,8718.0,0.12122460815429686,call,2027-01-15,SPY,778.530029296875,2026-10-10T00:03:13.902127+00:00
875.0,0.62,0.64,0.65,58.0,7834.0,0.1212856427001953,call,2027-01-15,SPY,778.530029296875,2026-10-10T00:03:13.902127+00:00
880.0,0.5,0.52,0.52,86.0,18387.0,0.12183495361328125,call,2027-01-15,SPY,778.530029296875,2026-10-10T00:03:13.902127+00:00
885.0,0.41,0.42,0.4,7.0,6243.0,0.12220116088867189,call,2027-01-15,SPY,778.530029296875,2026-10-10T00:03:13.902127+00:00
890.0,0.33,0.34,0.34,3.0,7913.0,0.12275047180175781,call,2027-01-15,SPY,778.530029296875,2026-10-10T00:03:13.902127+00:00
895.0,0.28,0.29,0.21,2.0,1745.0,0.12427633544921876,call,2027-01-15,SPY,778.530029296875,2026-10-10T00:03:13.902127+00:00
900.0,0.23,0.24,0.24,121.0,24983.0,0.12513081909179688,call,2027-01-15,SPY,778.530029296875,2026-10-10T00:03:13.902127+00:00
905.0,0.2,0.21,0.2,12.0,4297.0,0.12696185546875,call,2027-01-15,SPY,778.530029296875,2026-10-10T00:03:13.902127+00:00
910.0,0.17,0.18,0.17,22.0,4908.0,0.12842668457031248,call,2027-01-15,SPY,778.530029296875,2026-10-10T00:03:13.902127+00:00
915.0,0.14,0.15,0.15,10.0,3553.0,0.1294032373046875,call,2027-01-15,SPY,778.530029296875,2026-10-10T00:03:13.902127+00:00
920.0,0.13,0.14,0.1,3.0,1655.0,0.13208875732421876,call,2027-01-15,SPY,778.530029296875,2026-10-10T00:03:13.902127+00:00
925.0,0.11,0.12,0.11,7.0,1792.0,0.1333094482421875,call,2027-01-15,SPY,778.530029296875,2026-10-10T00:03:13.902127+00:00
930.0,0.1,0.11,0.1,6.0,646.0,0.13575083007812502,call,2027-01-15,SPY,778.530029296875,2026-10-10T00:03:13.902127+00:00
935.0,0.09,0.1,0.14,35.0,1024.0,0.13770393554687502,call,2027-01-15,SPY,778.530029296875,2026-10-10T00:03:13.902127+00:00
940.0,0.08,0.09,0.13,1.0,526.0,0.139657041015625,call,2027-01-15,SPY,778.530029296875,2026-10-10T00:03:13.902127+00:00
945.0,0.07,0.08,0.06,13.0,417.0,0.14136600830078128,call,2027-01-15,SPY,778.530029296875,2026-10-10T00:03:13.902127+00:00
950.0,0.06,0.07,0.07,178.0,3053.0,0.14283083740234376,call,2027-01-15,SPY,778.530029296875,2026-10-10T00:03:13.902127+00:00
955.0,0.05,0.07,0.09,4.0,417.0,0.14600463378906248,call,2027-01-15,SPY,778.530029296875,2026-10-10T00:03:13.902127+00:00
960.0,0.05,0.06,0.05,182.0,6459.0,0.1469811865234375,call,2027-01-15,SPY,778.530029296875,2026-10-10T00:03:13.902127+00:00
965.0,0.04,0.06,0.06,1.0,244.0,0.15039912109375003,call,2027-01-15,SPY,778.530029296875,2026-10-10T00:03:13.902127+00:00
970.0,0.04,0.05,0.04,108.0,743.0,0.15088739746093754,call,2027-01-15,SPY,778.530029296875,2026-10-10T00:03:13.902127+00:00
975.0,0.04,0.05,0.04,2.0,3629.0,0.15430533203125002,call,2027-01-15,SPY,778.530029296875,2026-10-10T00:03:13.902127+00:00
980.0,0.03,0.05,0.04,14.0,2123.0,0.157234990234375,call,2027-01-15,SPY,778.530029296875,2026-10-10T00:03:13.902127+00:00
985.0,0.03,0.04,0.06,31.0,1066.0,0.157234990234375,call,2027-01-15,SPY,778.530029296875,2026-10-10T00:03:13.902127+00:00
990.0,0.03,0.04,0.04,3.0,1965.0,0.1601646484375,call,2027-01-15,SPY,778.530029296875,2026-10-10T00:03:13.902127+00:00
995.0,0.03,0.04,0.02,125.0,1140.0,0.16309430664062502,call,2027-01-15,SPY,778.530029296875,2026-10-10T00:03:13.902127+00:00
1000.0,0.03,0.04,0.03,1.0,23570.0,0.16602396484375004,call,2027-01-15,SPY,778.530029296875,2026-10-10T00:03:13.902127+00:00
1010.0,0.02,0.03,0.03,1.0,828.0,0.16797707031250003,call,2027-01-15,SPY,778.530029296875,2026-10-10T00:03:13.902127+00:00
1020.0,0.02,0.03,0.03,8.0,2405.0,0.17383638671875,call,2027-01-15,SPY,778.530029296875,2026-10-10T00:03:13.902127+00:00
1030.0,0.02,0.03,0.03,1.0,1316.0,0.178719150390625,call,2027-01-15,SPY,778.530029296875,2026-10-10T00:03:13.902127+00:00
1040.0,0.01,0.03,0.02,36.0,2190.0,0.18457846679687498,call,2027-01-15,SPY,778.530029296875,2026-10-10T00:03:13.902127+00:00
1050.0,0.01,0.02,0.02,7.0,3955.0,0.18360191406249998,call,2027-01-15,SPY,778.530029296875,2026-10-10T00:03:13.902127+00:00
1060.0,0.01,0.02,0.02,1.0,4828.0,0.18946123046875002,call,2027-01-15,SPY,778.530029296875,2026-10-10T00:03:13.902127+00:00
1070.0,0.01,0.02,0.02,1.0,770.0,0.194343994140625,call,2027-01-15,SPY,778.530029296875,2026-10-10T00:03:13.902127+00:00
1080.0,0.01,0.02,0.02,1.0,2314.0,0.1992267578125,call,2027-01-15,SPY,778.530029296875,2026-10-10T00:03:13.902127+00:00
1090.0,0.01,0.02,0.02,1.0,467.0,0.20508607421874997,call,2027-01-15,SPY,778.530029296875,2026-10-10T00:03:13.902127+00:00
1100.0,0.01,0.02,0.02,1.0,623.0,0.20899228515624996,call,2027-01-15,SPY,778.530029296875,2026-10-10T00:03:13.902127+00:00
1110.0,0.01,0.02,0.02,4.0,205.0,0.2148516015625,call,2027-01-15,SPY,778.530029296875,2026-10-10T00:03:13.902127+00:00
1120.0,0.0,0.02,0.02,4.0,165.0,0.21875781249999998,call,2027-01-15,SPY,778.530029296875,2026-10-10T00:03:13.902127+00:00
1130.0,0.0,0.0,0.05,5.0,0.0,0.12500875,call,2027-01-15,SPY,778.530029296875,2026-10-10T00:03:13.902127+00:00
1140.0,0.0,0.01,0.01,23.0,504.0,0.21875781249999998,call,2027-01-15,SPY,778.530029296875,2026-10-10T00:03:13.902127+00:00
1150.0,0.0,0.01,0.02,1.0,861.0,0.22266402343749997,call,2027-01-15,SPY,778.530029296875,2026-10-10T00:03:13.902127+00:00
1160.0,0.0,0.01,0.01,1.0,1861.0,0.22657023437499998,call,2027-01-15,SPY,778.530029296875,2026-10-10T00:03:13.902127+00:00
1170.0,0.0,0.01,0.01,5.0,1506.0,0.2304764453125,call,2027-01-15,SPY,778.530029296875,2026-10-10T00:03:13.902127+00:00
1180.0,0.0,0.01,0.01,28.0,1060.0,0.23438265625,call,2027-01-15,SPY,778.530029296875,2026-10-10T00:03:13.902127+00:00
1190.0,0.0,0.01,0.01,1.0,407.0,0.24024197265624997,call,2027-01-15,SPY,778.530029296875,2026-10-10T00:03:13.902127+00:00
1200.0,0.0,0.01,0.01,2.0,3037.0,0.2461012890625,call,2027-01-15,SPY,778.530029296875,2026-10-10T00:03:13.902127+00:00
1210.0,0.0,0.01,0.01,9.0,1202.0,0.2500075,call,2027-01-15,SPY,778.530029296875,2026-10-10T00:03:13.902127+00:00
1220.0,0.0,0.01,0.01,86.0,3342.0,0.25391371093750004,call,2027-01-15,SPY,778.530029296875,2026-10-10T00:03:13.902127+00:00
1230.0,0.0,0.01,0.01,10.0,4049.0,0.257819921875,call,2027-01-15,SPY,778.530029296875,2026-10-10T00:03:13.902127+00:00
1240.0,0.0,0.01,0.01,10.0,225.0,0.2617261328125,call,2027-01-15,SPY,778.530029296875,2026-10-10T00:03:13.902127+00:00
1250.0,0.0,0.01,0.01,3.0,509.0,0.26563234375,call,2027-01-15,SPY,778.530029296875,2026-10-10T00:03:13.902127+00:00
1260.0,0.0,0.01,0.01,3.0,243.0,0.2695385546875,call,2027-01-15,SPY,778.530029296875,2026-10-10T00:03:13.902127+00:00
1270.0,0.0,0.01,0.01,1.0,321.0,0.273444765625,call,2027-01-15,SPY,778.530029296875,2026-10-10T00:03:13.902127+00:00
1280.0,0.0,0.01,0.01,4.0,1699.0,0.27735097656249996,call,2027-01-15,SPY,778.530029296875,2026-10-10T00:03:13.902127+00:00
1290.0,0.0,0.01,0.01,400.0,3502.0,0.28125718749999995,call,2027-01-15,SPY,778.530029296875,2026-10-10T00:03:13.902127+00:00
1300.0,0.0,0.01,0.01,20.0,1405.0,0.28516339843749994,call,2027-01-15,SPY,778.530029296875,2026-10-10T00:03:13.902127+00:00
1310.0,0.0,0.01,0.01,2.0,519.0,0.2890696093749999,call,2027-01-15,SPY,778.530029296875,2026-10-10T00:03:13.902127+00:00
1320.0,0.0,0.01,0.01,10.0,154.0,0.2929758203124999,call,2027-01-15,SPY,778.530029296875,2026-10-10T00:03:13.902127+00:00
1330.0,0.0,0.01,0.01,36.0,2392.0,0.29688203124999996,call,2027-01-15,SPY,778.530029296875,2026-10-10T00:03:13.902127+00:00
1340.0,0.0,0.01,0.01,10.0,1647.0,0.3007882421875,call,2027-01-15,SPY,778.530029296875,2026-10-10T00:03:13.902127+00:00
1350.0,0.0,0.0,0.01,10.0,0.0,0.2500075,call,2027-01-15,SPY,778.530029296875,2026-10-10T00:03:13.902127+00:00
1360.0,0.0,0.0,0.01,20.0,0.0,0.2500075,call,2027-01-15,SPY,778.530029296875,2026-10-10T00:03:13.902127+00:00
1370.0,0.0,0.0,0.01,10.0,0.0,0.2500075,call,2027-01-15,SPY,778.530029296875,2026-10-10T00:03:13.902127+00:00
1380.0,0.0,0.0,0.01,10.0,0.0,0.2500075,call,2027-01-15,SPY,778.530029296875,2026-10-10T00:03:13.902127+00:00
1390.0,0.0,0.01,0.01,,4.0,0.32031929687499994,call,2027-01-15,SPY,778.530029296875,2026-10-10T00:03:13.902127+00:00
1400.0,0.0,0.0,0.01,1.0,0.0,0.2500075,call,2027-01-15,SPY,778.530029296875,2026-10-10T00:03:13.902127+00:00
1410.0,0.0,0.0,0.01,9.0,0.0,0.2500075,call,2027-01-15,SPY,778.530029296875,2026-10-10T00:03:13.902127+00:00
1420.0,0.0,0.01,0.01,1.0,36.0,0.32813171874999997,call,2027-01-15,SPY,778.530029296875,2026-10-10T00:03:13.902127+00:00
1430.0,0.0,0.01,0.01,1.0,23.0,0.3320379296875,call,2027-01-15,SPY,778.530029296875,2026-10-10T00:03:13.902127+00:00
1440.0,0.0,0.01,0.01,2.0,77.0,0.335944140625,call,2027-01-15,SPY,778.530029296875,2026-10-10T00:03:13.902127+00:00
1450.0,0.0,0.01,0.01,5.0,19.0,0.3398503515625,call,2027-01-15,SPY,778.530029296875,2026-10-10T00:03:13.902127+00:00
1460.0,0.0,0.01,0.01,3.0,24.0,0.3437565625,call,2027-01-15,SPY,778.530029296875,2026-10-10T00:03:13.902127+00:00
1470.0,0.0,0.0,0.01,3.0,0.0,0.2500075,call,2027-01-15,SPY,778.530029296875,2026-10-10T00:03:13.902127+00:00
1480.0,0.0,0.01,0.01,2.0,364.0,0.35156898437499995,call,2027-01-15,SPY,778.530029296875,2026-10-10T00:03:13.902127+00:00
50.0,0.0,0.01,0.01,75.0,47630.0,1.46875265625,put,2027-01-15,SPY,778.530029296875,2026-10-10T00:03:13.902127+00:00
55.0,0.0,0.0,0.01,152.0,0.0,0.500005,put,2027-01-15,SPY,778.530029296875,2026-10-10T00:03:13.902127+00:00
60.0,0.0,0.01,0.01,16.0,43447.0,1.3750031249999999,put,2027-01-15,SPY,778.530029296875,2026-10-10T00:03:13.902127+00:00
65.0,0.0,0.0,0.01,1000.0,0.0,0.500005,put,2027-01-15,SPY,778.530029296875,2026-10-10T00:03:13.902127+00:00
70.0,0.0,0.01,0.01,7.0,26795.0,1.2812535937499998,put,2027-01-15,SPY,778.530029296875,2026-10-10T00:03:13.902127+00:00
75.0,0.0,0.01,0.01,11.0,5613.0,1.2500037499999999,put,2027-01-15,SPY,778.530029296875,2026-10-10T00:03:13.902127+00:00
80.0,0.0,0.01,0.01,1004.0,14155.0,1.21875390625,put,2027-01-15,SPY,778.530029296875,2026-10-10T00:03:13.902127+00:00
85.0,0.0,0.01,0.01,3.0,124.0,1.1875040625,put,2027-01-15,SPY,778.530029296875,2026-10-10T00:03:13.902127+00:00
90.0,0.0,0.01,0.01,2.0,9615.0,1.15625421875,put,2027-01-15,SPY,778.530029296875,2026-10-10T00:03:13.902127+00:00
95.0,0.0,0.01,0.01,1.0,8898.0,1.125004375,put,2027-01-15,SPY,778.530029296875,2026-10-10T00:03:13.902127+00:00
100.0,0.0,0.01,0.01,1.0,5920.0,1.09375453125,put,2027-01-15,SPY,778.530029296875,2026-10-10T00:03:13.902127+00:00
105.0,0.0,0.01,0.01,31.0,4114.0,1.0625046875000002,put,2027-01-15,SPY,778.530029296875,2026-10-10T00:03:13.902127+00:00
110.0,0.0,0.01,0.01,95.0,337.0,1.0312548437500002,put,2027-01-15,SPY,778.530029296875,2026-10-10T00:03:13.902127+00:00
115.0,0.0,0.01,0.01,558.0,1392.0,1.000005,put,2027-01-15,SPY,778.530029296875,2026-10-10T00:03:13.902127+00:00
120.0,0.0,0.01,0.01,200.0,878.0,0.98437515625,put,2027-01-15,SPY,778.530029296875,2026-10-10T00:03:13.902127+00:00
125.0,0.0,0.01,0.01,6.0,3731.0,0.9687503125,put,2027-01-15,SPY,778.530029296875,2026-10-10T00:03:13.902127+00:00
130.0,0.0,0.01,0.01,225.0,4990.0,0.937500625,put,2027-01-15,SPY,778.530029296875,2026-10-10T00:03:13.902127+00:00
135.0,0.0,0.01,0.01,5.0,429.0,0.937500625,put,2027-01-15,SPY,778.530029296875,2026-10-10T00:03:13.902127+00:00
140.0,0.01,0.02,0.02,20.0,1546.0,0.9765627343750001,put,2027-01-15,SPY,778.530029296875,2026-10-10T00:03:13.902127+00:00
145.0,0.01,0.02,0.02,1.0,697.0,0.9609378906249999,put,2027-01-15,SPY,778.530029296875,2026-10-10T00:03:13.902127+00:00
150.0,0.01,0.02,0.01,4.0,2115.0,0.937500625,put,2027-01-15,SPY,778.530029296875,2026-10-10T00:03:13.902127+00:00
155.0,0.01,0.02,0.02,21.0,522.0,0.92187578125,put,2027-01-15,SPY,778.530029296875,2026-10-10T00:03:13.902127+00:00
160.0,0.01,0.02,0.03,1.0,322.0,0.9062509375,put,2027-01-15,SPY,778.530029296875,2026-10-10T00:03:13.902127+00:00
165.0,0.01,0.02,0.05,11.0,755.0,0.8828136718749999,put,2027-01-15,SPY,778.530029296875,2026-10-10T00:03:13.902127+00:00
170.0,0.01,0.02,0.02,71.0,488.0,0.867188828125,put,2027-01-15,SPY,778.530029296875,2026-10-10T00:03:13.902127+00:00
175.0,0.02,0.03,0.03,1.0,300.0,0.8828136718749999,put,2027-01-15,SPY,778.530029296875,2026-10-10T00:03:13.902127+00:00
180.0,0.02,0.03,0.04,144.0,710.0,0.867188828125,put,2027-01-15,SPY,778.530029296875,2026-10-10T00:03:13.902127+00:00
185.0,0.02,0.03,0.03,2.0,799.0,0.851563984375,put,2027-01-15,SPY,778.530029296875,2026-10-10T00:03:13.902127+00:00
190.0,0.02,0.03,0.04,129.0,907.0,0.8359391406249999,put,2027-01-15,SPY,778.530029296875,2026-10-10T00:03:13.902127+00:00
195.0,0.02,0.03,0.02,1.0,509.0,0.8203142968749999,put,2027-01-15,SPY,778.530029296875,2026-10-10T00:03:13.902127+00:00
200.0,0.03,0.04,0.04,10.0,21933.0,0.8281267187499999,put,2027-01-15,SPY,778.530029296875,2026-10-10T00:03:13.902127+00:00
205.0,0.03,0.04,0.04,7.0,780.0,0.8125018749999999,put,2027-01-15,SPY,778.530029296875,2026-10-10T00:03:13.902127+00:00
210.0,0.03,0.04,0.04,174.0,421.0,0.8007832421875,put,2027-01-15,SPY,778.530029296875,2026-10-10T00:03:13.902127+00:00
215.0,0.03,0.04,0.05,200.0,800.0,0.7851583984375,put,2027-01-15,SPY,778.530029296875,2026-10-10T00:03:13.902127+00:00
220.0,0.04,0.05,0.05,193.0,1083.0,0.789064609375,put,2027-01-15,SPY,778.530029296875,2026-10-10T00:03:13.902127+00:00
225.0,0.04,0.05,0.05,105.0,607.0,0.773439765625,put,2027-01-15,SPY,778.530029296875,2026-10-10T00:03:13.902127+00:00
230.0,0.05,0.06,0.06,71.0,1087.0,0.773439765625,put,2027-01-15,SPY,778.530029296875,2026-10-10T00:03:13.902127+00:00
235.0,0.05,0.06,0.06,90.0,386.0,0.7617211328125001,put,2027-01-15,SPY,778.530029296875,2026-10-10T00:03:13.902127+00:00
240.0,0.05,0.06,0.06,80.0,884.0,0.7480493945312501,put,2027-01-15,SPY,778.530029296875,2026-10-10T00:03:13.902127+00:00
245.0,0.05,0.06,0.06,70.0,506.0,0.73437765625,put,2027-01-15,SPY,778.530029296875,2026-10-10T00:03:13.902127+00:00
250.0,0.06,0.07,0.07,30.0,3080.0,0.7324245507812499,put,2027-01-15,SPY,778.530029296875,2026-10-10T00:03:13.902127+00:00
255.0,0.06,0.07,0.07,11.0,375.0,0.72070591796875,put,2027-01-15,SPY,778.530029296875,2026-10-10T00:03:13.902127+00:00
260.0,0.06,0.08,0.1,2.0,535.0,0.7128934960937501,put,2027-01-15,SPY,778.530029296875,2026-10-10T00:03:13.902127+00:00
265.0,0.07,0.08,0.08,2.0,427.0,0.7050810742187501,put,2027-01-15,SPY,778.530029296875,2026-10-10T00:03:13.902127+00:00
270.0,0.07,0.08,0.11,25.0,5632.0,0.69336244140625,put,2027-01-15,SPY,778.530029296875,2026-10-10T00:03:13.902127+00:00
275.0,0.08,0.09,0.09,1.0,411.0,0.6894562304687502,put,2027-01-15,SPY,778.530029296875,2026-10-10T00:03:13.902127+00:00
280.0,0.08,0.09,0.1,5.0,1233.0,0.6777375976562501,put,2027-01-15,SPY,778.530029296875,2026-10-10T00:03:13.902127+00:00
285.0,0.09,0.1,0.1,10.0,7162.0,0.6738313867187502,put,2027-01-15,SPY,778.530029296875,2026-10-10T00:03:13.902127+00:00
290.0,0.09,0.1,0.11,6.0,1843.0,0.6630893066406252,put,2027-01-15,SPY,778.530029296875,2026-10-10T00:03:13.902127+00:00
295.0,0.1,0.11,0.11,21.0,2157.0,0.65820654296875,put,2027-01-15,SPY,778.530029296875,2026-10-10T00:03:13.902127+00:00
300.0,0.1,0.11,0.11,342.0,14403.0,0.647464462890625,put,2027-01-15,SPY,778.530029296875,2026-10-10T00:03:13.902127+00:00
305.0,0.11,0.12,0.11,1.0,418.0,0.641605146484375,put,2027-01-15,SPY,778.530029296875,2026-10-10T00:03:13.902127+00:00
310.0,0.12,0.13,0.12,2.0,1931.0,0.6367223828125,put,2027-01-15,SPY,778.530029296875,2026-10-10T00:03:13.902127+00:00
315.0,0.12,0.13,0.14,10.0,869.0,0.6259803027343751,put,2027-01-15,SPY,778.530029296875,2026-10-10T00:03:13.902127+00:00
320.0,0.13,0.14,0.14,180.0,1807.0,0.6201209863281252,put,2027-01-15,SPY,778.530029296875,2026-10-10T00:03:13.902127+00:00
325.0,0.14,0.15,0.16,32.0,3265.0,0.614261669921875,put,2027-01-15,SPY,778.530029296875,2026-10-10T00:03:13.902127+00:00
330.0,0.15,0.16,0.17,10.0,555.0,0.6084023535156251,put,2027-01-15,SPY,778.530029296875,2026-10-10T00:03:13.902127+00:00
335.0,0.15,0.16,0.18,10.0,467.0,0.5981485498046876,put,2027-01-15,SPY,778.530029296875,2026-10-10T00:03:13.902127+00:00
340.0,0.16,0.17,0.19,10.0,1811.0,0.5918009570312501,put,2027-01-15,SPY,778.530029296875,2026-10-10T00:03:13.902127+00:00
345.0,0.17,0.18,0.2,10.0,2453.0,0.585941640625,put,2027-01-15,SPY,778.530029296875,2026-10-10T00:03:13.902127+00:00
350.0,0.18,0.19,0.18,10.0,7509.0,0.579105771484375,put,2027-01-15,SPY,778.530029296875,2026-10-10T00:03:13.902127+00:00
355.0,0.19,0.2,0.22,5.0,279.0,0.5727581787109376,put,2027-01-15,SPY,778.530029296875,2026-10-10T00:03:13.902127+00:00
360.0,0.2,0.21,0.23,16.0,997.0,0.5664105859375,put,2027-01-15,SPY,778.530029296875,2026-10-10T00:03:13.902127+00:00
365.0,0.21,0.22,0.22,15.0,1339.0,0.559574716796875,put,2027-01-15,SPY,778.530029296875,2026-10-10T00:03:13.902127+00:00
370.0,0.22,0.23,0.25,1.0,1153.0,0.55273884765625,put,2027-01-15,SPY,778.530029296875,2026-10-10T00:03:13.902127+00:00
375.0,0.23,0.24,0.25,20.0,351.0,0.5459029785156251,put,2027-01-15,SPY,778.530029296875,2026-10-10T00:03:13.902127+00:00
380.0,0.24,0.25,0.26,87.0,2157.0,0.5390671093750001,put,2027-01-15,SPY,778.530029296875,2026-10-10T00:03:13.902127+00:00
385.0,0.26,0.27,0.28,1.0,303.0,0.5346726220703125,put,2027-01-15,SPY,778.530029296875,2026-10-10T00:03:13.902127+00:00
390.0,0.27,0.28,0.28,1.0,525.0,0.5278367529296876,put,2027-01-15,SPY,778.530029296875,2026-10-10T00:03:13.902127+00:00
395.0,0.28,0.29,0.29,2.0,212.0,0.5210008837890624,put,2027-01-15,SPY,778.530029296875,2026-10-10T00:03:13.902127+00:00
400.0,0.3,0.31,0.32,36.0,15351.0,0.5161181201171875,put,2027-01-15,SPY,778.530029296875,2026-10-10T00:03:13.902127+00:00
405.0,0.31,0.32,0.31,1.0,517.0,0.508793974609375,put,2027-01-15,SPY,778.530029296875,2026-10-10T00:03:13.902127+00:00
410.0,0.33,0.34,0.33,14.0,6121.0,0.5039112109375,put,2027-01-15,SPY,778.530029296875,2026-10-10T00:03:13.902127+00:00
415.0,0.34,0.35,0.35,1.0,857.0,0.4975636181640626,put,2027-01-15,SPY,778.530029296875,2026-10-10T00:03:13.902127+00:00
420.0,0.36,0.37,0.37,1.0,3388.0,0.49219257812500006,put,2027-01-15,SPY,778.530029296875,2026-10-10T00:03:13.902127+00:00
425.0,0.37,0.38,0.41,1.0,2877.0,0.4848684326171875,put,2027-01-15,SPY,778.530029296875,2026-10-10T00:03:13.902127+00:00
430.0,0.39,0.4,0.4,1.0,1825.0,0.4792532543945312,put,2027-01-15,SPY,778.530029296875,2026-10-10T00:03:13.902127+00:00
435.0,0.41,0.42,0.42,2.0,389.0,0.47363807617187503,put,2027-01-15,SPY,778.530029296875,2026-10-10T00:03:13.902127+00:00
440.0,0.43,0.44,0.44,66.0,3772.0,0.467778759765625,put,2027-01-15,SPY,778.530029296875,2026-10-10T00:03:13.902127+00:00
445.0,0.44,0.46,0.5,1.0,1351.0,0.46191944335937507,put,2027-01-15,SPY,778.530029296875,2026-10-10T00:03:13.902127+00:00
450.0,0.46,0.48,0.48,2.0,16106.0,0.45606012695312503,put,2027-01-15,SPY,778.530029296875,2026-10-10T00:03:13.902127+00:00
455.0,0.49,0.5,0.5,3.0,694.0,0.44995667236328124,put,2027-01-15,SPY,778.530029296875,2026-10-10T00:03:13.902127+00:00
460.0,0.51,0.52,0.54,1.0,1760.0,0.44397528686523435,put,2027-01-15,SPY,778.530029296875,2026-10-10T00:03:13.902127+00:00
465.0,0.53,0.54,0.53,1.0,3486.0,0.4378718322753906,put,2027-01-15,SPY,778.530029296875,2026-10-10T00:03:13.902127+00:00
470.0,0.55,0.56,0.6,5.0,1837.0,0.4317683776855469,put,2027-01-15,SPY,778.530029296875,2026-10-10T00:03:13.902127+00:00
475.0,0.58,0.59,0.58,4.0,1643.0,0.4265194067382813,put,2027-01-15,SPY,778.530029296875,2026-10-10T00:03:13.902127+00:00
480.0,0.6,0.61,0.61,4.0,5324.0,0.4202938830566406,put,2027-01-15,SPY,778.530029296875,2026-10-10T00:03:13.902127+00:00
485.0,0.63,0.64,0.63,25.0,1438.0,0.4149228430175781,put,2027-01-15,SPY,778.530029296875,2026-10-10T00:03:13.902127+00:00
490.0,0.65,0.67,0.69,1.0,2678.0,0.4094297338867187,put,2027-01-15,SPY,778.530029296875,2026-10-10T00:03:13.902127+00:00
495.0,0.68,0.69,0.77,5.0,2005.0,0.4030821411132813,put,2027-01-15,SPY,778.530029296875,2026-10-10T00:03:13.902127+00:00
500.0,0.71,0.72,0.73,14.0,20261.0,0.397466962890625,put,2027-01-15,SPY,778.530029296875,2026-10-10T00:03:13.902127+00:00
505.0,0.74,0.76,0.81,5.0,2468.0,0.39258419921875,put,2027-01-15,SPY,778.530029296875,2026-10-10T00:03:13.902127+00:00
510.0,0.78,0.79,0.79,3.0,3549.0,0.38684695190429685,put,2027-01-15,SPY,778.530029296875,2026-10-10T00:03:13.902127+00:00
515.0,0.81,0.82,0.89,150.0,2760.0,0.3809876354980468,put,2027-01-15,SPY,778.530029296875,2026-10-10T00:03:13.902127+00:00
520.0,0.85,0.86,0.85,53.0,5584.0,0.37573866455078125,put,2027-01-15,SPY,778.530029296875,2026-10-10T00:03:13.902127+00:00
525.0,0.88,0.9,0.91,3.0,4283.0,0.3704896936035156,put,2027-01-15,SPY,778.530029296875,2026-10-10T00:03:13.902127+00:00
530.0,0.92,0.93,0.98,39.0,4624.0,0.3645083081054688,put,2027-01-15,SPY,778.530029296875,2026-10-10T00:03:13.902127+00:00
535.0,0.96,0.98,1.12,59.0,3590.0,0.35950347534179683,put,2027-01-15,SPY,778.530029296875,2026-10-10T00:03:13.902127+00:00
540.0,1.01,1.02,1.01,624.0,6799.0,0.3540103662109374,put,2027-01-15,SPY,778.530029296875,2026-10-10T00:03:13.902127+00:00
545.0,1.05,1.06,1.06,2.0,2829.0,0.3482731188964844,put,2027-01-15,SPY,778.530029296875,2026-10-10T00:03:13.902127+00:00
550.0,1.1,1.11,1.15,2.0,18134.0,0.34314621704101556,put,2027-01-15,SPY,778.530029296875,2026-10-10T00:03:13.902127+00:00
555.0,1.15,1.16,1.16,7.0,5298.0,0.33777517700195314,put,2027-01-15,SPY,778.530029296875,2026-10-10T00:03:13.902127+00:00
560.0,1.2,1.21,1.23,3.0,4040.0,0.3324041369628906,put,2027-01-15,SPY,778.530029296875,2026-10-10T00:03:13.902127+00:00
565.0,1.25,1.27,1.29,2.0,5100.0,0.3272772351074219,put,2027-01-15,SPY,778.530029296875,2026-10-10T00:03:13.902127+00:00
570.0,1.31,1.33,1.38,6.0,2415.0,0.3220892987060546,put,2027-01-15,SPY,778.530029296875,2026-10-10T00:03:13.902127+00:00
575.0,1.37,1.39,1.51,14.0,4912.0,0.31677929321289056,put,2027-01-15,SPY,778.530029296875,2026-10-10T00:03:13.902127+00:00
580.0,1.44,1.45,1.46,13.0,9552.0,0.31140825317382803,put,2027-01-15,SPY,778.530029296875,2026-10-10T00:03:13.902127+00:00
585.0,1.51,1.52,1.57,1.0,6629.0,0.3062813513183594,put,2027-01-15,SPY,778.530029296875,2026-10-10T00:03:13.902127+00:00
590.0,1.58,1.6,1.58,113.0,2334.0,0.30133755310058596,put,2027-01-15,SPY,778.530029296875,2026-10-10T00:03:13.902127+00:00
595.0,1.65,1.67,1.69,10.0,8815.0,0.29596651306152344,put,2027-01-15,SPY,778.530029296875,2026-10-10T00:03:13.902127+00:00
600.0,1.74,1.75,1.74,153.0,39023.0,0.29077857666015616,put,2027-01-15,SPY,778.530029296875,2026-10-10T00:03:13.902127+00:00
605.0,1.82,1.84,1.96,23.0,3814.0,0.2858347784423828,put,2027-01-15,SPY,778.530029296875,2026-10-10T00:03:13.902127+00:00
610.0,1.91,1.93,2.0,21.0,6053.0,0.28064684204101553,put,2027-01-15,SPY,778.530029296875,2026-10-10T00:03:13.902127+00:00
615.0,2.01,2.03,2.05,10.0,5526.0,0.27567252655029295,put,2027-01-15,SPY,778.530029296875,2026-10-10T00:03:13.902127+00:00
620.0,2.12,2.14,2.14,199.0,7363.0,0.27075924560546877,put,2027-01-15,SPY,778.530029296875,2026-10-10T00:03:13.902127+00:00
625.0,2.23,2.25,2.24,20.0,10056.0,0.2657238955688477,put,2027-01-15,SPY,778.530029296875,2026-10-10T00:03:13.902127+00:00
630.0,2.35,2.38,2.38,329.0,5334.0,0.26099371826171874,put,2027-01-15,SPY,778.530029296875,2026-10-10T00:03:13.902127+00:00
635.0,2.48,2.51,2.5,30.0,2947.0,0.25604992004394533,put,2027-01-15,SPY,778.530029296875,2026-10-10T00:03:13.902127+00:00
640.0,2.62,2.65,2.64,111.0,7397.0,0.2511671563720703,put,2027-01-15,SPY,778.530029296875,2026-10-10T00:03:13.902127+00:00
645.0,2.77,2.8,2.79,2.0,4812.0,0.2462843927001953,put,2027-01-15,SPY,778.530029296875,2026-10-10T00:03:13.902127+00:00
650.0,2.94,2.96,2.94,47.0,22501.0,0.2414016290283203,put,2027-01-15,SPY,778.530029296875,2026-10-10T00:03:13.902127+00:00
655.0,3.11,3.13,3.11,4.0,7015.0,0.23648834808349606,put,2027-01-15,SPY,778.530029296875,2026-10-10T00:03:13.902127+00:00
660.0,3.3,3.32,3.3,45.0,7817.0,0.23169713623046873,put,2027-01-15,SPY,778.530029296875,2026-10-10T00:03:13.902127+00:00
665.0,3.5,3.52,3.53,19.0,7141.0,0.22687540710449217,put,2027-01-15,SPY,778.530029296875,2026-10-10T00:03:13.902127+00:00
670.0,3.72,3.74,3.75,45.0,14979.0,0.222114712524414,put,2027-01-15,SPY,778.530029296875,2026-10-10T00:03:13.902127+00:00
675.0,3.97,3.98,3.97,441.0,14924.0,0.21741505249023438,put,2027-01-15,SPY,778.530029296875,2026-10-10T00:03:13.902127+00:00
680.0,4.21,4.23,4.22,463.0,14933.0,0.2125933233642578,put,2027-01-15,SPY,778.530029296875,2026-10-10T00:03:13.902127+00:00
685.0,4.49,4.52,4.5,64.0,8285.0,0.20801573242187496,put,2027-01-15,SPY,778.530029296875,2026-10-10T00:03:13.902127+00:00
690.0,4.79,4.83,4.82,262.0,14406.0,0.20339236557006835,put,2027-01-15,SPY,778.530029296875,2026-10-10T00:03:13.902127+00:00
695.0,5.12,5.15,5.13,428.0,6457.0,0.19857063644409179,put,2027-01-15,SPY,778.530029296875,2026-10-10T00:03:13.902127+00:00
700.0,5.48,5.51,5.49,1581.0,34662.0,0.19388623504638675,put,2027-01-15,SPY,778.530029296875,2026-10-10T00:03:13.902127+00:00
705.0,5.86,5.9,5.84,1089.0,7711.0,0.18918657501220704,put,2027-01-15,SPY,778.530029296875,2026-10-10T00:03:13.902127+00:00
710.0,6.29,6.32,6.3,105.0,7365.0,0.18442588043212887,put,2027-01-15,SPY,778.530029296875,2026-10-10T00:03:13.902127+00:00
715.0,6.75,6.79,6.79,237.0,10888.0,0.17977199630737306,put,2027-01-15,SPY,778.530029296875,2026-10-10T00:03:13.902127+00:00
720.0,7.26,7.3,7.26,138.0,14531.0,0.17507233627319335,put,2027-01-15,SPY,778.530029296875,2026-10-10T00:03:13.902127+00:00
725.0,7.81,7.85,7.83,62.0,11229.0,0.17029638305664066,put,2027-01-15,SPY,778.530029296875,2026-10-10T00:03:13.902127+00:00
730.0,8.42,8.47,8.45,1223.0,19586.0,0.1656272402954102,put,2027-01-15,SPY,778.530029296875,2026-10-10T00:03:13.902127+00:00
735.0,9.1,9.15,9.11,23.0,12200.0,0.1609428388977051,put,2027-01-15,SPY,778.530029296875,2026-10-10T00:03:13.902127+00:00
740.0,9.84,9.9,9.85,298.0,11834.0,0.1562584375,put,2027-01-15,SPY,778.530029296875,2026-10-10T00:03:13.902127+00:00
745.0,10.67,10.73,10.75,396.0,5880.0,0.15155877746582033,put,2027-01-15,SPY,778.530029296875,2026-10-10T00:03:13.902127+00:00
750.0,11.6,11.66,11.67,663.0,18690.0,0.14695066925048827,put,2027-01-15,SPY,778.530029296875,2026-10-10T00:03:13.902127+00:00
755.0,12.62,12.68,12.71,143.0,4235.0,0.14223575057983395,put,2027-01-15,SPY,778.530029296875,2026-10-10T00:03:13.902127+00:00
760.0,13.77,13.83,13.74,559.0,12348.0,0.13762764236450198,put,2027-01-15,SPY,778.530029296875,2026-10-10T00:03:13.902127+00:00
765.0,15.04,15.12,15.12,175.0,3710.0,0.13308056869506835,put,2027-01-15,SPY,778.530029296875,2026-10-10T00:03:13.902127+00:00
770.0,16.47,16.55,16.45,462.0,7737.0,0.12848771911621093,put,2027-01-15,SPY,778.530029296875,2026-10-10T00:03:13.902127+00:00
775.0,18.07,18.15,18.11,974.0,8345.0,0.12391012817382813,put,2027-01-15,SPY,778.530029296875,2026-10-10T00:03:13.902127+00:00
780.0,19.86,19.94,19.99,337.0,4857.0,0.11937831314086914,put,2027-01-15,SPY,778.530029296875,2026-10-10T00:03:13.902127+00:00
785.0,21.86,21.95,21.97,285.0,5348.0,0.11492279129028321,put,2027-01-15,SPY,778.530029296875,2026-10-10T00:03:13.902127+00:00
790.0,24.1,24.18,24.01,389.0,2465.0,0.11042149353027343,put,2027-01-15,SPY,778.530029296875,2026-10-10T00:03:13.902127+00:00
795.0,25.79,27.42,26.7,57.0,301.0,0.11094028717041014,put,2027-01-15,SPY,778.530029296875,2026-10-10T00:03:13.902127+00:00
800.0,29.17,29.97,29.45,151.0,2640.0,0.10535562622070313,put,2027-01-15,SPY,778.530029296875,2026-10-10T00:03:13.902127+00:00
805.0,31.29,33.37,32.93,26.0,372.0,0.10390605575561523,put,2027-01-15,SPY,778.530029296875,2026-10-10T00:03:13.902127+00:00
810.0,34.38,36.78,35.43,2.0,262.0,0.10079329391479491,put,2027-01-15,SPY,778.530029296875,2026-10-10T00:03:13.902127+00:00
815.0,37.78,40.44,38.88,1.0,364.0,0.09772630798339844,put,2027-01-15,SPY,778.530029296875,2026-10-10T00:03:13.902127+00:00
820.0,41.48,44.55,44.8,55.0,641.0,0.09688708297729492,put,2027-01-15,SPY,778.530029296875,2026-10-10T00:03:13.902127+00:00
825.0,45.57,49.08,50.64,3.0,221.0,0.09909958526611329,put,2027-01-15,SPY,778.530029296875,2026-10-10T00:03:13.902127+00:00
830.0,49.83,53.62,52.5,28.0,7.0,0.10044234527587889,put,2027-01-15,SPY,778.530029296875,2026-10-10T00:03:13.902127+00:00
835.0,54.58,58.37,61.0,43.0,1.0,0.10367717620849609,put,2027-01-15,SPY,778.530029296875,2026-10-10T00:03:13.902127+00:00
840.0,59.51,63.29,60.8,1.0,3.0,0.10886511260986328,put,2027-01-15,SPY,778.530029296875,2026-10-10T00:03:13.902127+00:00
845.0,64.51,68.28,95.65,4.0,0.0,0.11493804992675781,put,2027-01-15,SPY,778.530029296875,2026-10-10T00:03:13.902127+00:00
850.0,69.29,73.43,79.46,4.0,2.0,0.1233608172607422,put,2027-01-15,SPY,778.530029296875,2026-10-10T00:03:13.902127+00:00
855.0,0.0,0.0,86.48,2.0,0.0,1.0000000000000003e-05,put,2027-01-15,SPY,778.530029296875,2026-10-10T00:03:13.902127+00:00
860.0,106.48,109.74,119.03,4.0,0.0,0.3581912326049804,put,2027-01-15,SPY,778.530029296875,2026-10-10T00:03:13.902127+00:00
865.0,0.0,0.0,113.96,1.0,0.0,1.0000000000000003e-05,put,2027-01-15,SPY,778.530029296875,2026-10-10T00:03:13.902127+00:00
870.0,129.69,133.06,146.67,1.0,0.0,0.46581039566040044,put,2027-01-15,SPY,778.530029296875,2026-10-10T00:03:13.902127+00:00
890.0,,,112.79,,,0.0,put,2027-01-15,SPY,778.530029296875,2026-10-10T00:03:13.902127+00:00
895.0,,,117.76,,,0.0,put,2027-01-15,SPY,778.530029296875,2026-10-10T00:03:13.902127+00:00
900.0,119.29,123.32,122.9,4.0,0.0,0.1779257012939453,put,2027-01-15,SPY,778.530029296875,2026-10-10T00:03:13.902127+00:00
905.0,0.0,0.0,267.53,,0.0,1.0000000000000003e-05,put,2027-01-15,SPY,778.530029296875,2026-10-10T00:03:13.902127+00:00
910.0,288.5,293.39,321.1,1.0,0.0,1.280460140686035,put,2027-01-15,SPY,778.530029296875,2026-10-10T00:03:13.902127+00:00
915.0,0.0,0.0,279.04,,0.0,1.0000000000000003e-05,put,2027-01-15,SPY,778.530029296875,2026-10-10T00:03:13.902127+00:00
950.0,287.44,291.28,265.01,,0.0,1.0901839924621584,put,2027-01-15,SPY,778.530029296875,2026-10-10T00:03:13.902127+00:00
970.0,279.68,283.56,281.12,,0.0,0.9480443428039551,put,2027-01-15,SPY,778.530029296875,2026-10-10T00:03:13.902127+00:00
995.0,332.41,336.24,301.21,,0.0,1.1603435537719728,put,2027-01-15,SPY,778.530029296875,2026-10-10T00:03:13.902127+00:00
1000.0,234.61,237.83,252.16,2.0,0.0,0.46555099884033213,put,2027-01-15,SPY,778.530029296875,2026-10-10T00:03:13.902127+00:00
1010.0,0.0,0.0,328.95,1.0,0.0,1.0000000000000003e-05,put,2027-01-15,SPY,778.530029296875,2026-10-10T00:03:13.902127+00:00
1020.0,329.68,333.56,326.17,,0.0,1.021710518913269,put,2027-01-15,SPY,778.530029296875,2026-10-10T00:03:13.902127+00:00
1040.0,259.5,263.27,275.7,,0.0,0.3049691085815429,put,2027-01-15,SPY,778.530029296875,2026-10-10T00:03:13.902127+00:00
1050.0,269.5,273.27,285.72,,0.0,0.3129951513671875,put,2027-01-15,SPY,778.530029296875,2026-10-10T00:03:13.902127+00:00
1150.0,459.68,463.56,456.55,,0.0,1.1854288775634765,put,2027-01-15,SPY,778.530029296875,2026-10-10T00:03:13.902127+00:00
1200.0,446.22,449.59,461.57,,0.0,0.7659477751159669,put,2027-01-15,SPY,778.530029296875,2026-10-10T00:03:13.902127+00:00
1210.0,456.22,459.59,471.59,,0.0,0.7750266638183594,put,2027-01-15,SPY,778.530029296875,2026-10-10T00:03:13.902127+00:00
1220.0,466.21,469.58,478.48,,0.0,0.7838919316101074,put,2027-01-15,SPY,778.530029296875,2026-10-10T00:03:13.902127+00:00
1470.0,689.5,693.27,701.57,,0.0,0.5756878369140624,put,2027-01-15,SPY,778.530029296875,2026-10-10T00:03:13.902127+00:00
1480.0,0.0,0.0,720.61,,0.0,1.0000000000000003e-05,put,2027-01-15,SPY,778.530029296875,2026-10-10T00:03:13.902127+00:00
