strike,bid,ask,last_price,volume,open_interest,vendor_implied_volatility,option_type,expiration,ticker,spot,download_timestamp
738.0,26.45,28.31,28.3,134.0,6,0.23944852355957028,call,2026-10-08,SPY,764.02001953125,2026-10-01T23:53:30.340620+00:00
748.0,17.51,18.45,17.91,14.0,10,0.18030604858398439,call,2026-10-08,SPY,764.02001953125,2026-10-01T23:53:30.340620+00:00
750.0,15.96,16.68,16.23,182.0,35,0.1735312139892578,call,2026-10-08,SPY,764.02001953125,2026-10-01T23:53:30.340620+00:00
751.0,15.01,15.8,13.88,55.0,2,0.16993017578125003,call,2026-10-08,SPY,764.02001953125,2026-10-01T23:53:30.340620+00:00
755.0,11.86,12.42,11.87,230.0,39,0.15668567932128907,call,2026-10-08,SPY,764.02001953125,2026-10-01T23:53:30.340620+00:00
756.0,11.11,11.62,11.09,473.0,59,0.15375602111816405,call,2026-10-08,SPY,764.02001953125,2026-10-01T23:53:30.340620+00:00
760.0,8.23,8.56,8.43,602.0,65,0.1414575601196289,call,2026-10-08,SPY,764.02001953125,2026-10-01T23:53:30.340620+00:00
761.0,7.56,7.92,7.46,722.0,14,0.1401453173828125,call,2026-10-08,SPY,764.02001953125,2026-10-01T23:53:30.340620+00:00
762.0,6.9,7.2,7.08,1744.0,67,0.13654427917480472,call,2026-10-08,SPY,764.02001953125,2026-10-01T23:53:30.340620+00:00
764.0,5.85,5.89,5.85,2629.0,292,0.13062392822265623,call,2026-10-08,SPY,764.02001953125,2026-10-01T23:53:30.340620+00:00
765.0,5.27,5.31,5.08,2299.0,576,0.1284572018432617,call,2026-10-08,SPY,764.02001953125,2026-10-01T23:53:30.340620+00:00
766.0,4.72,4.75,4.63,800.0,113,0.12610737182617188,call,2026-10-08,SPY,764.02001953125,2026-10-01T23:53:30.340620+00:00
767.0,4.2,4.23,4.23,1038.0,303,0.12400167999267578,call,2026-10-08,SPY,764.02001953125,2026-10-01T23:53:30.340620+00:00
768.0,3.72,3.74,3.51,1497.0,1283,0.1218959881591797,call,2026-10-08,SPY,764.02001953125,2026-10-01T23:53:30.340620+00:00
769.0,3.27,3.29,2.9,659.0,612,0.11994288269042967,call,2026-10-08,SPY,764.02001953125,2026-10-01T23:53:30.340620+00:00
770.0,2.85,2.87,2.85,1621.0,728,0.11798977722167968,call,2026-10-08,SPY,764.02001953125,2026-10-01T23:53:30.340620+00:00
771.0,2.47,2.49,2.4,606.0,281,0.11625029266357423,call,2026-10-08,SPY,764.02001953125,2026-10-01T23:53:30.340620+00:00
772.0,2.12,2.14,2.08,1023.0,200,0.11444977355957033,call,2026-10-08,SPY,764.02001953125,2026-10-01T23:53:30.340620+00:00
773.0,1.81,1.83,1.83,1276.0,500,0.11286287536621094,call,2026-10-08,SPY,764.02001953125,2026-10-01T23:53:30.340620+00:00
774.0,1.53,1.55,1.51,1060.0,192,0.11127597717285155,call,2026-10-08,SPY,764.02001953125,2026-10-01T23:53:30.340620+00:00
775.0,1.28,1.3,1.3,659.0,509,0.10968907897949219,call,2026-10-08,SPY,764.02001953125,2026-10-01T23:53:30.340620+00:00
776.0,1.06,1.08,1.07,845.0,210,0.10816321533203124,call,2026-10-08,SPY,764.02001953125,2026-10-01T23:53:30.340620+00:00
777.0,0.88,0.89,0.88,451.0,260,0.1067594207763672,call,2026-10-08,SPY,764.02001953125,2026-10-01T23:53:30.340620+00:00
778.0,0.71,0.73,0.69,290.0,343,0.10559976440429686,call,2026-10-08,SPY,764.02001953125,2026-10-01T23:53:30.340620+00:00
779.0,0.58,0.59,0.58,301.0,91,0.10425700439453123,call,2026-10-08,SPY,764.02001953125,2026-10-01T23:53:30.340620+00:00
780.0,0.46,0.48,0.47,1397.0,628,0.10352458984374999,call,2026-10-08,SPY,764.02001953125,2026-10-01T23:53:30.340620+00:00
781.0,0.37,0.38,0.33,633.0,501,0.10230389892578123,call,2026-10-08,SPY,764.02001953125,2026-10-01T23:53:30.340620+00:00
782.0,0.29,0.31,0.29,390.0,432,0.10205976074218749,call,2026-10-08,SPY,764.02001953125,2026-10-01T23:53:30.340620+00:00
783.0,0.23,0.24,0.27,269.0,211,0.10083906982421875,call,2026-10-08,SPY,764.02001953125,2026-10-01T23:53:30.340620+00:00
784.0,0.18,0.19,0.18,206.0,153,0.10035079345703124,call,2026-10-08,SPY,764.02001953125,2026-10-01T23:53:30.340620+00:00
785.0,0.15,0.16,0.14,215.0,321,0.1010832080078125,call,2026-10-08,SPY,764.02001953125,2026-10-01T23:53:30.340620+00:00
786.0,0.12,0.13,0.1,465.0,754,0.10132734619140624,call,2026-10-08,SPY,764.02001953125,2026-10-01T23:53:30.340620+00:00
787.0,0.09,0.1,0.08,2620.0,624,0.100594931640625,call,2026-10-08,SPY,764.02001953125,2026-10-01T23:53:30.340620+00:00
788.0,0.07,0.08,0.09,115.0,78,0.100594931640625,call,2026-10-08,SPY,764.02001953125,2026-10-01T23:53:30.340620+00:00
789.0,0.06,0.07,0.09,267.0,871,0.10205976074218749,call,2026-10-08,SPY,764.02001953125,2026-10-01T23:53:30.340620+00:00
790.0,0.05,0.06,0.07,164.0,333,0.10352458984374999,call,2026-10-08,SPY,764.02001953125,2026-10-01T23:53:30.340620+00:00
791.0,0.04,0.05,0.05,39.0,176,0.10401286621093749,call,2026-10-08,SPY,764.02001953125,2026-10-01T23:53:30.340620+00:00
792.0,0.04,0.05,0.04,3.0,21,0.10743080078125,call,2026-10-08,SPY,764.02001953125,2026-10-01T23:53:30.340620+00:00
793.0,0.03,0.04,0.03,12.0,77,0.10743080078125,call,2026-10-08,SPY,764.02001953125,2026-10-01T23:53:30.340620+00:00
794.0,0.03,0.04,0.03,48.0,36,0.11036045898437499,call,2026-10-08,SPY,764.02001953125,2026-10-01T23:53:30.340620+00:00
795.0,0.02,0.03,0.03,15.0,183,0.1098721826171875,call,2026-10-08,SPY,764.02001953125,2026-10-01T23:53:30.340620+00:00
796.0,0.02,0.03,0.03,12.0,54,0.1132901171875,call,2026-10-08,SPY,764.02001953125,2026-10-01T23:53:30.340620+00:00
797.0,0.02,0.03,0.03,5.0,50,0.116219775390625,call,2026-10-08,SPY,764.02001953125,2026-10-01T23:53:30.340620+00:00
798.0,0.02,0.03,0.03,27.0,73,0.11914943359374999,call,2026-10-08,SPY,764.02001953125,2026-10-01T23:53:30.340620+00:00
799.0,0.02,0.03,0.09,88.0,102,0.12207909179687501,call,2026-10-08,SPY,764.02001953125,2026-10-01T23:53:30.340620+00:00
800.0,0.02,0.03,0.04,9.0,272,0.12500875,call,2026-10-08,SPY,764.02001953125,2026-10-01T23:53:30.340620+00:00
801.0,0.02,0.03,0.06,13.0,47,0.127938408203125,call,2026-10-08,SPY,764.02001953125,2026-10-01T23:53:30.340620+00:00
802.0,0.01,0.02,0.02,2.0,43,0.12500875,call,2026-10-08,SPY,764.02001953125,2026-10-01T23:53:30.340620+00:00
803.0,0.01,0.02,0.08,24.0,24,0.127938408203125,call,2026-10-08,SPY,764.02001953125,2026-10-01T23:53:30.340620+00:00
804.0,0.01,0.02,0.08,44.0,13,0.13086806640624998,call,2026-10-08,SPY,764.02001953125,2026-10-01T23:53:30.340620+00:00
805.0,0.01,0.02,0.03,1.0,137,0.133797724609375,call,2026-10-08,SPY,764.02001953125,2026-10-01T23:53:30.340620+00:00
807.0,0.01,0.02,0.06,1.0,15,0.139657041015625,call,2026-10-08,SPY,764.02001953125,2026-10-01T23:53:30.340620+00:00
808.0,0.01,0.02,0.06,86.0,40,0.14258669921875,call,2026-10-08,SPY,764.02001953125,2026-10-01T23:53:30.340620+00:00
809.0,0.01,0.02,0.04,8.0,8,0.1445398046875,call,2026-10-08,SPY,764.02001953125,2026-10-01T23:53:30.340620+00:00
810.0,0.01,0.02,0.02,3921.0,93,0.148446015625,call,2026-10-08,SPY,764.02001953125,2026-10-01T23:53:30.340620+00:00
815.0,0.01,0.02,0.02,9.0,47,0.16211775390625,call,2026-10-08,SPY,764.02001953125,2026-10-01T23:53:30.340620+00:00
830.0,0.01,0.02,0.04,24.0,24,0.20117986328124998,call,2026-10-08,SPY,764.02001953125,2026-10-01T23:53:30.340620+00:00
835.0,0.01,0.02,0.03,2.0,77,0.2148516015625,call,2026-10-08,SPY,764.02001953125,2026-10-01T23:53:30.340620+00:00
850.0,0.0,0.01,0.01,1702.0,10,0.23828886718749998,call,2026-10-08,SPY,764.02001953125,2026-10-01T23:53:30.340620+00:00
880.0,0.0,0.01,0.01,15.0,15,0.3086006640625,call,2026-10-08,SPY,764.02001953125,2026-10-01T23:53:30.340620+00:00
550.0,0.0,0.01,0.02,20.0,22,0.6562534375000001,put,2026-10-08,SPY,764.02001953125,2026-10-01T23:53:30.340620+00:00
580.0,0.0,0.01,0.01,1.0,73,0.5468795312500001,put,2026-10-08,SPY,764.02001953125,2026-10-01T23:53:30.340620+00:00
585.0,0.0,0.01,0.01,70.0,48,0.5312546875,put,2026-10-08,SPY,764.02001953125,2026-10-01T23:53:30.340620+00:00
625.0,0.01,0.02,0.02,2.0,100,0.45703667968750006,put,2026-10-08,SPY,764.02001953125,2026-10-01T23:53:30.340620+00:00
665.0,0.03,0.04,0.03,70.0,115,0.34766277343749996,put,2026-10-08,SPY,764.02001953125,2026-10-01T23:53:30.340620+00:00
675.0,0.04,0.05,0.09,316.0,571,0.32227240234374993,put,2026-10-08,SPY,764.02001953125,2026-10-01T23:53:30.340620+00:00
680.0,0.04,0.05,0.06,7229.0,2,0.304694453125,put,2026-10-08,SPY,764.02001953125,2026-10-01T23:53:30.340620+00:00
690.0,0.05,0.06,0.07,8.0,47,0.27539787109374997,put,2026-10-08,SPY,764.02001953125,2026-10-01T23:53:30.340620+00:00
695.0,0.06,0.07,0.07,3.0,23,0.26270268554687504,put,2026-10-08,SPY,764.02001953125,2026-10-01T23:53:30.340620+00:00
700.0,0.06,0.07,0.08,23.0,258,0.245124736328125,put,2026-10-08,SPY,764.02001953125,2026-10-01T23:53:30.340620+00:00
705.0,0.07,0.08,0.09,102.0,122,0.231452998046875,put,2026-10-08,SPY,764.02001953125,2026-10-01T23:53:30.340620+00:00
710.0,0.08,0.09,0.09,1122.0,157,0.21680470703125,put,2026-10-08,SPY,764.02001953125,2026-10-01T23:53:30.340620+00:00
715.0,0.1,0.11,0.1,149.0,101,0.2036212451171875,put,2026-10-08,SPY,764.02001953125,2026-10-01T23:53:30.340620+00:00
720.0,0.12,0.13,0.12,458.0,262,0.18946123046875002,put,2026-10-08,SPY,764.02001953125,2026-10-01T23:53:30.340620+00:00
723.0,0.14,0.15,0.22,59.0,7,0.1821370849609375,put,2026-10-08,SPY,764.02001953125,2026-10-01T23:53:30.340620+00:00
724.0,0.14,0.15,0.15,77.0,193,0.1782308740234375,put,2026-10-08,SPY,764.02001953125,2026-10-01T23:53:30.340620+00:00
725.0,0.15,0.16,0.17,1045.0,181,0.17603363037109376,put,2026-10-08,SPY,764.02001953125,2026-10-01T23:53:30.340620+00:00
726.0,0.16,0.17,0.18,862.0,8,0.17383638671875,put,2026-10-08,SPY,764.02001953125,2026-10-01T23:53:30.340620+00:00
727.0,0.17,0.18,0.18,486.0,10,0.1713950048828125,put,2026-10-08,SPY,764.02001953125,2026-10-01T23:53:30.340620+00:00
728.0,0.18,0.19,0.2,208.0,497,0.1687094848632813,put,2026-10-08,SPY,764.02001953125,2026-10-01T23:53:30.340620+00:00
729.0,0.19,0.2,0.2,231.0,28,0.1662681030273438,put,2026-10-08,SPY,764.02001953125,2026-10-01T23:53:30.340620+00:00
730.0,0.21,0.22,0.23,442.0,549,0.16480327392578126,put,2026-10-08,SPY,764.02001953125,2026-10-01T23:53:30.340620+00:00
731.0,0.22,0.23,0.25,114.0,51,0.16187361572265624,put,2026-10-08,SPY,764.02001953125,2026-10-01T23:53:30.340620+00:00
732.0,0.24,0.25,0.25,236.0,76,0.1601646484375,put,2026-10-08,SPY,764.02001953125,2026-10-01T23:53:30.340620+00:00
733.0,0.26,0.27,0.24,283.0,848,0.15808947387695313,put,2026-10-08,SPY,764.02001953125,2026-10-01T23:53:30.340620+00:00
734.0,0.28,0.29,0.32,858.0,90,0.15589223022460938,put,2026-10-08,SPY,764.02001953125,2026-10-01T23:53:30.340620+00:00
735.0,0.31,0.32,0.33,569.0,884,0.15454947021484378,put,2026-10-08,SPY,764.02001953125,2026-10-01T23:53:30.340620+00:00
736.0,0.33,0.34,0.41,294.0,84,0.1518639501953125,put,2026-10-08,SPY,764.02001953125,2026-10-01T23:53:30.340620+00:00
737.0,0.36,0.37,0.39,348.0,454,0.1500329138183594,put,2026-10-08,SPY,764.02001953125,2026-10-01T23:53:30.340620+00:00
738.0,0.4,0.41,0.42,1134.0,487,0.14869015380859374,put,2026-10-08,SPY,764.02001953125,2026-10-01T23:53:30.340620+00:00
739.0,0.44,0.45,0.46,638.0,211,0.14710325561523438,put,2026-10-08,SPY,764.02001953125,2026-10-01T23:53:30.340620+00:00
740.0,0.48,0.49,0.52,580.0,748,0.14515015014648439,put,2026-10-08,SPY,764.02001953125,2026-10-01T23:53:30.340620+00:00
741.0,0.53,0.54,0.56,536.0,441,0.143563251953125,put,2026-10-08,SPY,764.02001953125,2026-10-01T23:53:30.340620+00:00
742.0,0.58,0.59,0.62,452.0,189,0.14173221557617188,put,2026-10-08,SPY,764.02001953125,2026-10-01T23:53:30.340620+00:00
743.0,0.64,0.65,0.68,325.0,105,0.1401453173828125,put,2026-10-08,SPY,764.02001953125,2026-10-01T23:53:30.340620+00:00
745.0,0.77,0.79,0.79,1058.0,494,0.13709359008789065,put,2026-10-08,SPY,764.02001953125,2026-10-01T23:53:30.340620+00:00
746.0,0.86,0.87,0.9,5123.0,72,0.1355066918945313,put,2026-10-08,SPY,764.02001953125,2026-10-01T23:53:30.340620+00:00
747.0,0.94,0.96,0.98,448.0,207,0.13391979370117188,put,2026-10-08,SPY,764.02001953125,2026-10-01T23:53:30.340620+00:00
748.0,1.04,1.06,1.11,1533.0,530,0.1324549645996094,put,2026-10-08,SPY,764.02001953125,2026-10-01T23:53:30.340620+00:00
749.0,1.15,1.17,1.13,445.0,418,0.13092910095214844,put,2026-10-08,SPY,764.02001953125,2026-10-01T23:53:30.340620+00:00
750.0,1.27,1.29,1.31,958.0,876,0.12934220275878905,put,2026-10-08,SPY,764.02001953125,2026-10-01T23:53:30.340620+00:00
751.0,1.4,1.42,1.51,665.0,488,0.12769427001953126,put,2026-10-08,SPY,764.02001953125,2026-10-01T23:53:30.340620+00:00
752.0,1.54,1.56,1.62,465.0,423,0.125985302734375,put,2026-10-08,SPY,764.02001953125,2026-10-01T23:53:30.340620+00:00
753.0,1.7,1.72,1.77,828.0,415,0.12445943908691406,put,2026-10-08,SPY,764.02001953125,2026-10-01T23:53:30.340620+00:00
754.0,1.87,1.89,2.08,624.0,112,0.12275047180175781,put,2026-10-08,SPY,764.02001953125,2026-10-01T23:53:30.340620+00:00
755.0,2.05,2.08,2.14,1372.0,832,0.1211025390625,put,2026-10-08,SPY,764.02001953125,2026-10-01T23:53:30.340620+00:00
756.0,2.26,2.28,2.36,781.0,177,0.11927150268554687,put,2026-10-08,SPY,764.02001953125,2026-10-01T23:53:30.340620+00:00
757.0,2.48,2.51,2.57,587.0,285,0.1176846044921875,put,2026-10-08,SPY,764.02001953125,2026-10-01T23:53:30.340620+00:00
758.0,2.72,2.75,2.71,767.0,218,0.11585356811523437,put,2026-10-08,SPY,764.02001953125,2026-10-01T23:53:30.340620+00:00
759.0,2.98,3.01,3.06,640.0,175,0.11390046264648437,put,2026-10-08,SPY,764.02001953125,2026-10-01T23:53:30.340620+00:00
760.0,3.26,3.29,3.42,1784.0,948,0.11188632263183593,put,2026-10-08,SPY,764.02001953125,2026-10-01T23:53:30.340620+00:00
761.0,3.57,3.6,3.75,951.0,182,0.10999425170898436,put,2026-10-08,SPY,764.02001953125,2026-10-01T23:53:30.340620+00:00
762.0,3.9,3.94,3.88,1528.0,93,0.1081021807861328,put,2026-10-08,SPY,764.02001953125,2026-10-01T23:53:30.340620+00:00
763.0,4.26,4.3,4.37,1204.0,308,0.10599648895263672,put,2026-10-08,SPY,764.02001953125,2026-10-01T23:53:30.340620+00:00
764.0,4.65,4.68,5.1,1765.0,718,0.10361614166259764,put,2026-10-08,SPY,764.02001953125,2026-10-01T23:53:30.340620+00:00
765.0,5.07,5.1,5.35,3101.0,1130,0.10138838073730468,put,2026-10-08,SPY,764.02001953125,2026-10-01T23:53:30.340620+00:00
766.0,5.52,5.56,5.66,676.0,164,0.09925217163085936,put,2026-10-08,SPY,764.02001953125,2026-10-01T23:53:30.340620+00:00
767.0,5.95,6.17,5.89,538.0,271,0.09967941345214844,put,2026-10-08,SPY,764.02001953125,2026-10-01T23:53:30.340620+00:00
768.0,6.4,6.7,6.77,105.0,299,0.09745165252685548,put,2026-10-08,SPY,764.02001953125,2026-10-01T23:53:30.340620+00:00
769.0,6.92,7.28,7.11,41.0,160,0.09546802978515626,put,2026-10-08,SPY,764.02001953125,2026-10-01T23:53:30.340620+00:00
770.0,7.52,7.89,7.99,70.0,158,0.09320975158691407,put,2026-10-08,SPY,764.02001953125,2026-10-01T23:53:30.340620+00:00
771.0,8.12,8.56,8.3,18.0,82,0.0915007843017578,put,2026-10-08,SPY,764.02001953125,2026-10-01T23:53:30.340620+00:00
772.0,8.79,9.26,9.03,21.0,35,0.08948664428710937,put,2026-10-08,SPY,764.02001953125,2026-10-01T23:53:30.340620+00:00
773.0,9.48,10.0,10.22,95.0,120,0.08753353881835937,put,2026-10-08,SPY,764.02001953125,2026-10-01T23:53:30.340620+00:00
774.0,10.2,10.79,10.4,48.0,37,0.08600767517089845,put,2026-10-08,SPY,764.02001953125,2026-10-01T23:53:30.340620+00:00
775.0,10.96,11.62,11.05,88.0,129,0.08472594970703126,put,2026-10-08,SPY,764.02001953125,2026-10-01T23:53:30.340620+00:00
776.0,11.72,12.47,11.28,30.0,16,0.0831390515136719,put,2026-10-08,SPY,764.02001953125,2026-10-01T23:53:30.340620+00:00
778.0,12.88,14.77,15.33,4.0,9,0.1069425244140625,put,2026-10-08,SPY,764.02001953125,2026-10-01T23:53:30.340620+00:00
779.0,13.76,15.66,14.5,22.0,26,0.10718666259765625,put,2026-10-08,SPY,764.02001953125,2026-10-01T23:53:30.340620+00:00
780.0,14.72,16.58,15.25,54.0,46,0.10828528442382812,put,2026-10-08,SPY,764.02001953125,2026-10-01T23:53:30.340620+00:00
781.0,15.67,17.57,19.16,18.0,6,0.11267977172851562,put,2026-10-08,SPY,764.02001953125,2026-10-01T23:53:30.340620+00:00
782.0,16.66,18.57,18.38,10.0,1,0.11744046630859376,put,2026-10-08,SPY,764.02001953125,2026-10-01T23:53:30.340620+00:00
784.0,18.69,20.57,21.05,12.0,0,0.12683978637695312,put,2026-10-08,SPY,764.02001953125,2026-10-01T23:53:30.340620+00:00
300.0,463.81,466.51,468.62,24.0,43,2.0815477648925778,call,2026-10-16,SPY,764.02001953125,2026-10-01T23:53:30.340620+00:00
305.0,458.82,461.59,454.74,84.0,62,2.058598603515625,call,2026-10-16,SPY,764.02001953125,2026-10-01T23:53:30.340620+00:00
310.0,453.82,456.57,458.44,24.0,1,2.0224658813476566,call,2026-10-16,SPY,764.02001953125,2026-10-01T23:53:30.340620+00:00
315.0,448.84,451.61,447.83,5.0,0,1.99609376953125,call,2026-10-16,SPY,764.02001953125,2026-10-01T23:53:30.340620+00:00
320.0,443.85,446.62,448.74,24.0,3,1.9658204833984376,call,2026-10-16,SPY,764.02001953125,2026-10-01T23:53:30.340620+00:00
325.0,437.89,442.0,442.67,,0,1.861328818359375,call,2026-10-16,SPY,764.02001953125,2026-10-01T23:53:30.340620+00:00
330.0,433.2,437.01,437.51,15.0,0,1.871582673339844,call,2026-10-16,SPY,764.02001953125,2026-10-01T23:53:30.340620+00:00
335.0,427.91,431.56,432.71,15.0,0,1.7407239526367184,call,2026-10-16,SPY,764.02001953125,2026-10-01T23:53:30.340620+00:00
340.0,0.0,0.0,415.74,,0,1.0000000000000003e-05,call,2026-10-16,SPY,764.02001953125,2026-10-01T23:53:30.340620+00:00
350.0,413.91,416.62,409.44,3.0,0,1.7854014636230469,call,2026-10-16,SPY,764.02001953125,2026-10-01T23:53:30.340620+00:00
355.0,408.95,411.66,414.21,,0,1.7639171960449218,call,2026-10-16,SPY,764.02001953125,2026-10-01T23:53:30.340620+00:00
360.0,403.93,406.62,411.77,3.0,0,1.7285169824218751,call,2026-10-16,SPY,764.02001953125,2026-10-01T23:53:30.340620+00:00
365.0,398.31,400.99,388.48,,1,1.5478538232421872,call,2026-10-16,SPY,764.02001953125,2026-10-01T23:53:30.340620+00:00
380.0,383.97,386.7,388.87,6.0,2,1.6264667114257811,call,2026-10-16,SPY,764.02001953125,2026-10-01T23:53:30.340620+00:00
390.0,373.99,376.76,378.3,1.0,1,1.5791036669921872,call,2026-10-16,SPY,764.02001953125,2026-10-01T23:53:30.340620+00:00
400.0,0.0,0.0,375.11,2.0,0,1.0000000000000003e-05,call,2026-10-16,SPY,764.02001953125,2026-10-01T23:53:30.340620+00:00
405.0,351.06,354.54,335.63,,1,1.0000000000000003e-05,call,2026-10-16,SPY,764.02001953125,2026-10-01T23:53:30.340620+00:00
410.0,346.11,349.62,330.56,,1,1.0000000000000003e-05,call,2026-10-16,SPY,764.02001953125,2026-10-01T23:53:30.340620+00:00
420.0,344.05,346.82,352.54,4.0,0,1.431643466796875,call,2026-10-16,SPY,764.02001953125,2026-10-01T23:53:30.340620+00:00
440.0,323.5,326.28,298.33,,1,1.2392616162109373,call,2026-10-16,SPY,764.02001953125,2026-10-01T23:53:30.340620+00:00
445.0,319.1,321.83,314.16,36.0,0,1.3122592980957029,call,2026-10-16,SPY,764.02001953125,2026-10-01T23:53:30.340620+00:00
450.0,314.16,316.58,317.93,1.0,701,1.2744176904296873,call,2026-10-16,SPY,764.02001953125,2026-10-01T23:53:30.340620+00:00
455.0,309.11,311.9,308.15,,0,1.2700231811523435,call,2026-10-16,SPY,764.02001953125,2026-10-01T23:53:30.340620+00:00
460.0,304.13,306.88,302.99,,0,1.2463416589355467,call,2026-10-16,SPY,764.02001953125,2026-10-01T23:53:30.340620+00:00
465.0,299.14,301.91,298.0,9.0,0,1.2255898095703124,call,2026-10-16,SPY,764.02001953125,2026-10-01T23:53:30.340620+00:00
470.0,294.15,296.89,299.3,,1,1.2016641479492187,call,2026-10-16,SPY,764.02001953125,2026-10-01T23:53:30.340620+00:00
475.0,289.16,291.87,288.02,,0,1.1782267651367184,call,2026-10-16,SPY,764.02001953125,2026-10-01T23:53:30.340620+00:00
480.0,284.17,286.88,289.32,2.0,1,1.1567424975585938,call,2026-10-16,SPY,764.02001953125,2026-10-01T23:53:30.340620+00:00
485.0,279.18,281.96,278.24,11.0,0,1.1396527392578126,call,2026-10-16,SPY,764.02001953125,2026-10-01T23:53:30.340620+00:00
495.0,269.21,271.92,273.4,,0,1.094242810058594,call,2026-10-16,SPY,764.02001953125,2026-10-01T23:53:30.340620+00:00
500.0,264.22,266.98,272.68,20.0,20,1.076176494140625,call,2026-10-16,SPY,764.02001953125,2026-10-01T23:53:30.340620+00:00
505.0,259.23,262.0,271.05,1.0,1,1.0561570629882815,call,2026-10-16,SPY,764.02001953125,2026-10-01T23:53:30.340620+00:00
510.0,254.24,256.94,260.15,1.0,2,1.0314989831542971,call,2026-10-16,SPY,764.02001953125,2026-10-01T23:53:30.340620+00:00
515.0,249.25,252.0,248.17,43.0,43,1.013676806640625,call,2026-10-16,SPY,764.02001953125,2026-10-01T23:53:30.340620+00:00
520.0,244.26,247.04,244.23,2.0,73,0.9949951672363282,call,2026-10-16,SPY,764.02001953125,2026-10-01T23:53:30.340620+00:00
525.0,239.27,241.98,245.57,1.0,5,0.9711916943359374,call,2026-10-16,SPY,764.02001953125,2026-10-01T23:53:30.340620+00:00
530.0,234.28,236.99,245.5,2.0,84,0.9509282250976561,call,2026-10-16,SPY,764.02001953125,2026-10-01T23:53:30.340620+00:00
535.0,229.3,232.07,240.0,2.0,2,0.9350592431640624,call,2026-10-16,SPY,764.02001953125,2026-10-01T23:53:30.340620+00:00
540.0,224.31,227.05,235.0,2.0,4,0.9135750830078125,call,2026-10-16,SPY,764.02001953125,2026-10-01T23:53:30.340620+00:00
545.0,0.0,0.0,203.0,,0,1.0000000000000003e-05,call,2026-10-16,SPY,764.02001953125,2026-10-01T23:53:30.340620+00:00
550.0,214.32,217.09,218.5,1.0,1,0.8747571118164061,call,2026-10-16,SPY,764.02001953125,2026-10-01T23:53:30.340620+00:00
555.0,209.34,212.1,199.43,1.0,3,0.8555922644042968,call,2026-10-16,SPY,764.02001953125,2026-10-01T23:53:30.340620+00:00
560.0,204.36,207.13,205.45,2.0,31,0.8374039697265624,call,2026-10-16,SPY,764.02001953125,2026-10-01T23:53:30.340620+00:00
565.0,199.37,202.15,205.52,2.0,11,0.8183611914062499,call,2026-10-16,SPY,764.02001953125,2026-10-01T23:53:30.340620+00:00
570.0,194.39,197.15,191.0,2.0,24,0.7990742749023438,call,2026-10-16,SPY,764.02001953125,2026-10-01T23:53:30.340620+00:00
575.0,189.4,192.14,195.66,1.0,49,0.7790549438476562,call,2026-10-16,SPY,764.02001953125,2026-10-01T23:53:30.340620+00:00
580.0,184.41,187.19,183.55,1.0,22,0.7614769946289064,call,2026-10-16,SPY,764.02001953125,2026-10-01T23:53:30.340620+00:00
585.0,179.42,182.13,176.33,1.0,24,0.7396266271972656,call,2026-10-16,SPY,764.02001953125,2026-10-01T23:53:30.340620+00:00
590.0,174.49,176.91,179.66,18.0,285,0.7141141870117188,call,2026-10-16,SPY,764.02001953125,2026-10-01T23:53:30.340620+00:00
595.0,169.45,172.24,172.57,2.0,58,0.7055693505859376,call,2026-10-16,SPY,764.02001953125,2026-10-01T23:53:30.340620+00:00
600.0,164.52,166.94,162.64,18.0,418,0.6774934594726563,call,2026-10-16,SPY,764.02001953125,2026-10-01T23:53:30.340620+00:00
605.0,159.49,162.14,161.15,2.0,42,0.664309997558594,call,2026-10-16,SPY,764.02001953125,2026-10-01T23:53:30.340620+00:00
610.0,154.5,157.27,156.57,1.0,64,0.6497837756347657,call,2026-10-16,SPY,764.02001953125,2026-10-01T23:53:30.340620+00:00
615.0,149.57,151.99,151.74,2.0,211,0.6231727136230469,call,2026-10-16,SPY,764.02001953125,2026-10-01T23:53:30.340620+00:00
620.0,144.58,146.88,144.78,2.0,194,0.6005899316406251,call,2026-10-16,SPY,764.02001953125,2026-10-01T23:53:30.340620+00:00
625.0,139.6,142.02,142.84,6.0,240,0.586918193359375,call,2026-10-16,SPY,764.02001953125,2026-10-01T23:53:30.340620+00:00
630.0,134.57,137.34,134.36,2.0,52,0.5770305969238281,call,2026-10-16,SPY,764.02001953125,2026-10-01T23:53:30.340620+00:00
635.0,129.64,132.06,125.74,55.0,4349,0.5513960876464845,call,2026-10-16,SPY,764.02001953125,2026-10-01T23:53:30.340620+00:00
640.0,124.66,126.41,120.8,135.0,622,0.5123339782714844,call,2026-10-16,SPY,764.02001953125,2026-10-01T23:53:30.340620+00:00
645.0,119.68,122.02,119.09,53.0,249,0.5134326000976561,call,2026-10-16,SPY,764.02001953125,2026-10-01T23:53:30.340620+00:00
650.0,114.7,116.45,114.12,55.0,327,0.5264939929199219,call,2026-10-16,SPY,764.02001953125,2026-10-01T23:53:30.340620+00:00
655.0,109.67,112.42,106.53,4.0,32,0.5501143621826172,call,2026-10-16,SPY,764.02001953125,2026-10-01T23:53:30.340620+00:00
660.0,104.74,106.5,100.97,131.0,319,0.48950705810546885,call,2026-10-16,SPY,764.02001953125,2026-10-01T23:53:30.340620+00:00
665.0,99.77,101.37,100.94,143.0,424,0.4637504797363281,call,2026-10-16,SPY,764.02001953125,2026-10-01T23:53:30.340620+00:00
670.0,94.8,97.22,94.23,261.0,441,0.47998566894531247,call,2026-10-16,SPY,764.02001953125,2026-10-01T23:53:30.340620+00:00
675.0,89.83,92.25,90.99,167.0,352,0.46057668334960944,call,2026-10-16,SPY,764.02001953125,2026-10-01T23:53:30.340620+00:00
680.0,84.9,86.58,81.9,3.0,2414,0.41394629028320307,call,2026-10-16,SPY,764.02001953125,2026-10-01T23:53:30.340620+00:00
685.0,79.89,82.32,79.99,114.0,1381,0.4218197467041016,call,2026-10-16,SPY,764.02001953125,2026-10-01T23:53:30.340620+00:00
690.0,74.93,77.25,75.84,17.0,1186,0.3986266192626954,call,2026-10-16,SPY,764.02001953125,2026-10-01T23:53:30.340620+00:00
695.0,69.98,72.36,70.09,245.0,987,0.3815369464111328,call,2026-10-16,SPY,764.02001953125,2026-10-01T23:53:30.340620+00:00
700.0,65.85,66.66,65.66,317.0,964,0.33704276245117193,call,2026-10-16,SPY,764.02001953125,2026-10-01T23:53:30.340620+00:00
701.0,64.04,66.49,64.17,233.0,737,0.36048002807617185,call,2026-10-16,SPY,764.02001953125,2026-10-01T23:53:30.340620+00:00
702.0,63.0,65.8,59.84,2.0,76,0.3657289990234375,call,2026-10-16,SPY,764.02001953125,2026-10-01T23:53:30.340620+00:00
703.0,62.03,64.8,58.86,4.0,29,0.3613955462646484,call,2026-10-16,SPY,764.02001953125,2026-10-01T23:53:30.340620+00:00
704.0,61.04,63.8,57.64,4.0,74,0.35712312805175783,call,2026-10-16,SPY,764.02001953125,2026-10-01T23:53:30.340620+00:00
705.0,60.1,62.54,60.36,139.0,267,0.34497725341796875,call,2026-10-16,SPY,764.02001953125,2026-10-01T23:53:30.340620+00:00
706.0,59.09,61.8,62.2,6.0,25,0.3484562225341796,call,2026-10-16,SPY,764.02001953125,2026-10-01T23:53:30.340620+00:00
707.0,58.09,60.87,55.97,1.0,42,0.34613690979003897,call,2026-10-16,SPY,764.02001953125,2026-10-01T23:53:30.340620+00:00
708.0,57.1,59.87,59.48,3.0,16,0.34180345703125,call,2026-10-16,SPY,764.02001953125,2026-10-01T23:53:30.340620+00:00
709.0,56.12,58.88,66.69,4.0,6,0.3377141424560547,call,2026-10-16,SPY,764.02001953125,2026-10-01T23:53:30.340620+00:00
710.0,55.8,56.73,57.0,219.0,1138,0.2987741021728515,call,2026-10-16,SPY,764.02001953125,2026-10-01T23:53:30.340620+00:00
711.0,54.16,56.88,57.63,3.0,9,0.3289556851196288,call,2026-10-16,SPY,764.02001953125,2026-10-01T23:53:30.340620+00:00
712.0,53.23,55.64,59.39,1.0,329,0.31781688049316403,call,2026-10-16,SPY,764.02001953125,2026-10-01T23:53:30.340620+00:00
713.0,52.2,54.96,50.02,1.0,9,0.3223944714355468,call,2026-10-16,SPY,764.02001953125,2026-10-01T23:53:30.340620+00:00
714.0,51.27,53.44,54.04,2.0,193,0.3034737622070312,call,2026-10-16,SPY,764.02001953125,2026-10-01T23:53:30.340620+00:00
715.0,50.29,51.98,51.33,110.0,378,0.28577374389648436,call,2026-10-16,SPY,764.02001953125,2026-10-01T23:53:30.340620+00:00
716.0,49.27,52.03,47.65,1.0,19,0.31095049407958975,call,2026-10-16,SPY,764.02001953125,2026-10-01T23:53:30.340620+00:00
717.0,48.29,51.09,48.05,2.0,8,0.308051353149414,call,2026-10-16,SPY,764.02001953125,2026-10-01T23:53:30.340620+00:00
718.0,47.33,50.07,46.01,1.0,31,0.3030465203857422,call,2026-10-16,SPY,764.02001953125,2026-10-01T23:53:30.340620+00:00
719.0,46.35,49.13,49.64,4.0,13,0.30011686218261713,call,2026-10-16,SPY,764.02001953125,2026-10-01T23:53:30.340620+00:00
720.0,45.8,46.97,45.35,125.0,539,0.26428958374023437,call,2026-10-16,SPY,764.02001953125,2026-10-01T23:53:30.340620+00:00
721.0,44.43,47.16,50.92,2.0,53,0.29181616394042953,call,2026-10-16,SPY,764.02001953125,2026-10-01T23:53:30.340620+00:00
722.0,43.45,46.23,40.96,2.0,76,0.2890390921020507,call,2026-10-16,SPY,764.02001953125,2026-10-01T23:53:30.340620+00:00
723.0,42.52,45.21,40.82,4.0,16,0.2839732247924803,call,2026-10-16,SPY,764.02001953125,2026-10-01T23:53:30.340620+00:00
724.0,41.53,44.31,47.71,1.0,13,0.28183701568603514,call,2026-10-16,SPY,764.02001953125,2026-10-01T23:53:30.340620+00:00
725.0,40.62,42.32,40.7,54.0,1122,0.2523268127441406,call,2026-10-16,SPY,764.02001953125,2026-10-01T23:53:30.340620+00:00
726.0,39.61,42.39,38.17,3.0,24,0.2745128701782227,call,2026-10-16,SPY,764.02001953125,2026-10-01T23:53:30.340620+00:00
727.0,38.68,41.42,42.63,1.0,86,0.27054562469482424,call,2026-10-16,SPY,764.02001953125,2026-10-01T23:53:30.340620+00:00
728.0,37.75,40.12,35.79,1.0,182,0.25879647460937505,call,2026-10-16,SPY,764.02001953125,2026-10-01T23:53:30.340620+00:00
729.0,36.76,39.53,38.4,7.0,39,0.2637097555541992,call,2026-10-16,SPY,764.02001953125,2026-10-01T23:53:30.340620+00:00
730.0,35.85,37.41,36.56,52.0,1045,0.23236851623535154,call,2026-10-16,SPY,764.02001953125,2026-10-01T23:53:30.340620+00:00
731.0,34.92,37.3,32.84,2.0,288,0.24896991271972657,call,2026-10-16,SPY,764.02001953125,2026-10-01T23:53:30.340620+00:00
732.0,33.97,35.92,31.67,6.0,147,0.23548127807617186,call,2026-10-16,SPY,764.02001953125,2026-10-01T23:53:30.340620+00:00
733.0,33.72,34.59,31.61,33.0,155,0.22309126525878903,call,2026-10-16,SPY,764.02001953125,2026-10-01T23:53:30.340620+00:00
734.0,32.12,34.84,33.95,10.0,227,0.2465590481567383,call,2026-10-16,SPY,764.02001953125,2026-10-01T23:53:30.340620+00:00
735.0,31.25,33.75,32.32,967.0,2693,0.239692661743164,call,2026-10-16,SPY,764.02001953125,2026-10-01T23:53:30.340620+00:00
736.0,30.3,32.91,36.62,6.0,161,0.2381973153686523,call,2026-10-16,SPY,764.02001953125,2026-10-01T23:53:30.340620+00:00
737.0,29.4,31.98,36.51,1.0,181,0.2346878289794922,call,2026-10-16,SPY,764.02001953125,2026-10-01T23:53:30.340620+00:00
738.0,28.51,31.08,32.7,9.0,410,0.23172765350341795,call,2026-10-16,SPY,764.02001953125,2026-10-01T23:53:30.340620+00:00
739.0,27.62,30.2,31.43,1.0,652,0.2291031680297852,call,2026-10-16,SPY,764.02001953125,2026-10-01T23:53:30.340620+00:00
740.0,27.88,28.04,27.97,80.0,5689,0.20005072418212888,call,2026-10-16,SPY,764.02001953125,2026-10-01T23:53:30.340620+00:00
741.0,26.56,27.74,24.01,4.0,488,0.20960263061523435,call,2026-10-16,SPY,764.02001953125,2026-10-01T23:53:30.340620+00:00
742.0,25.7,27.46,22.49,3.0,238,0.21875781249999998,call,2026-10-16,SPY,764.02001953125,2026-10-01T23:53:30.340620+00:00
743.0,24.14,26.3,26.06,2.0,565,0.21039607971191404,call,2026-10-16,SPY,764.02001953125,2026-10-01T23:53:30.340620+00:00
744.0,23.28,25.7,26.09,11.0,186,0.21274590972900392,call,2026-10-16,SPY,764.02001953125,2026-10-01T23:53:30.340620+00:00
745.0,22.42,24.76,23.0,72.0,2639,0.20847349151611322,call,2026-10-16,SPY,764.02001953125,2026-10-01T23:53:30.340620+00:00
746.0,21.59,23.94,22.17,4.0,316,0.20636779968261715,call,2026-10-16,SPY,764.02001953125,2026-10-01T23:53:30.340620+00:00
747.0,20.76,22.86,21.96,8.0,242,0.19937934417724607,call,2026-10-16,SPY,764.02001953125,2026-10-01T23:53:30.340620+00:00
748.0,20.47,21.89,18.22,81.0,188,0.194343994140625,call,2026-10-16,SPY,764.02001953125,2026-10-01T23:53:30.340620+00:00
749.0,19.82,21.21,18.81,7.0,319,0.19443554595947266,call,2026-10-16,SPY,764.02001953125,2026-10-01T23:53:30.340620+00:00
750.0,19.27,19.4,18.85,2218.0,8440,0.17426362854003907,call,2026-10-16,SPY,764.02001953125,2026-10-01T23:53:30.340620+00:00
751.0,18.24,19.4,18.7,92.0,417,0.1862263995361328,call,2026-10-16,SPY,764.02001953125,2026-10-01T23:53:30.340620+00:00
752.0,17.46,17.9,15.77,17.0,514,0.17163914306640626,call,2026-10-16,SPY,764.02001953125,2026-10-01T23:53:30.340620+00:00
753.0,16.68,17.11,16.65,7.0,457,0.16938086486816406,call,2026-10-16,SPY,764.02001953125,2026-10-01T23:53:30.340620+00:00
754.0,15.92,16.36,14.54,4.0,735,0.1675803457641602,call,2026-10-16,SPY,764.02001953125,2026-10-01T23:53:30.340620+00:00
755.0,15.18,15.56,15.36,116.0,4033,0.16480327392578126,call,2026-10-16,SPY,764.02001953125,2026-10-01T23:53:30.340620+00:00
756.0,14.42,14.82,13.51,29.0,1054,0.16281965118408204,call,2026-10-16,SPY,764.02001953125,2026-10-01T23:53:30.340620+00:00
757.0,13.7,14.15,14.05,27.0,798,0.16181258117675779,call,2026-10-16,SPY,764.02001953125,2026-10-01T23:53:30.340620+00:00
758.0,12.76,13.31,12.94,182.0,1494,0.15778430114746095,call,2026-10-16,SPY,764.02001953125,2026-10-01T23:53:30.340620+00:00
759.0,12.27,12.62,12.77,453.0,1198,0.15604481658935548,call,2026-10-16,SPY,764.02001953125,2026-10-01T23:53:30.340620+00:00
760.0,11.69,11.82,11.76,4859.0,10280,0.15229119201660157,call,2026-10-16,SPY,764.02001953125,2026-10-01T23:53:30.340620+00:00
761.0,10.98,11.24,10.76,1352.0,2694,0.1518334329223633,call,2026-10-16,SPY,764.02001953125,2026-10-01T23:53:30.340620+00:00
762.0,10.32,10.52,10.37,1238.0,2757,0.14890377471923827,call,2026-10-16,SPY,764.02001953125,2026-10-01T23:53:30.340620+00:00
763.0,9.65,9.86,9.64,2106.0,2311,0.14670653106689452,call,2026-10-16,SPY,764.02001953125,2026-10-01T23:53:30.340620+00:00
764.0,9.16,9.19,9.1,3958.0,2771,0.1440820455932617,call,2026-10-16,SPY,764.02001953125,2026-10-01T23:53:30.340620+00:00
765.0,8.55,8.58,8.56,5925.0,7819,0.14212894012451172,call,2026-10-16,SPY,764.02001953125,2026-10-01T23:53:30.340620+00:00
766.0,7.97,8.0,7.81,2745.0,6852,0.14035893829345703,call,2026-10-16,SPY,764.02001953125,2026-10-01T23:53:30.340620+00:00
767.0,7.41,7.43,7.4,2060.0,8027,0.13846686737060548,call,2026-10-16,SPY,764.02001953125,2026-10-01T23:53:30.340620+00:00
768.0,6.87,6.89,6.88,2445.0,4258,0.13672738281250002,call,2026-10-16,SPY,764.02001953125,2026-10-01T23:53:30.340620+00:00
769.0,6.35,6.36,6.19,1900.0,3182,0.1348658291625977,call,2026-10-16,SPY,764.02001953125,2026-10-01T23:53:30.340620+00:00
770.0,5.85,5.86,5.85,8259.0,20334,0.13312634460449219,call,2026-10-16,SPY,764.02001953125,2026-10-01T23:53:30.340620+00:00
771.0,5.38,5.4,4.92,1470.0,3393,0.13172255004882813,call,2026-10-16,SPY,764.02001953125,2026-10-01T23:53:30.340620+00:00
772.0,4.94,4.96,4.92,1768.0,4806,0.13034927276611324,call,2026-10-16,SPY,764.02001953125,2026-10-01T23:53:30.340620+00:00
773.0,4.51,4.54,4.39,1034.0,2288,0.1289149609375,call,2026-10-16,SPY,764.02001953125,2026-10-01T23:53:30.340620+00:00
774.0,4.11,4.14,3.97,4360.0,3405,0.12751116638183596,call,2026-10-16,SPY,764.02001953125,2026-10-01T23:53:30.340620+00:00
775.0,3.74,3.76,3.75,6815.0,16325,0.12604633728027342,call,2026-10-16,SPY,764.02001953125,2026-10-01T23:53:30.340620+00:00
776.0,3.39,3.41,3.37,1618.0,2258,0.12476461181640625,call,2026-10-16,SPY,764.02001953125,2026-10-01T23:53:30.340620+00:00
777.0,3.06,3.08,3.04,1348.0,3357,0.12348288635253907,call,2026-10-16,SPY,764.02001953125,2026-10-01T23:53:30.340620+00:00
778.0,2.76,2.78,2.71,838.0,5213,0.1223842645263672,call,2026-10-16,SPY,764.02001953125,2026-10-01T23:53:30.340620+00:00
779.0,2.47,2.49,2.48,550.0,2727,0.1211025390625,call,2026-10-16,SPY,764.02001953125,2026-10-01T23:53:30.340620+00:00
780.0,2.21,2.22,2.21,14458.0,20808,0.1198208135986328,call,2026-10-16,SPY,764.02001953125,2026-10-01T23:53:30.340620+00:00
781.0,1.97,1.98,1.98,1315.0,5618,0.11872219177246093,call,2026-10-16,SPY,764.02001953125,2026-10-01T23:53:30.340620+00:00
782.0,1.75,1.78,1.72,900.0,4565,0.11820339813232422,call,2026-10-16,SPY,764.02001953125,2026-10-01T23:53:30.340620+00:00
783.0,1.55,1.57,1.38,673.0,7788,0.11701322448730468,call,2026-10-16,SPY,764.02001953125,2026-10-01T23:53:30.340620+00:00
784.0,1.37,1.39,1.35,771.0,2750,0.11615874084472656,call,2026-10-16,SPY,764.02001953125,2026-10-01T23:53:30.340620+00:00
785.0,1.21,1.23,1.22,4663.0,47576,0.11548736083984376,call,2026-10-16,SPY,764.02001953125,2026-10-01T23:53:30.340620+00:00
786.0,1.06,1.08,0.99,908.0,5288,0.11463287719726564,call,2026-10-16,SPY,764.02001953125,2026-10-01T23:53:30.340620+00:00
787.0,0.94,0.95,0.93,393.0,3349,0.11402253173828125,call,2026-10-16,SPY,764.02001953125,2026-10-01T23:53:30.340620+00:00
788.0,0.82,0.83,0.82,557.0,1664,0.1132901171875,call,2026-10-16,SPY,764.02001953125,2026-10-01T23:53:30.340620+00:00
789.0,0.72,0.73,0.68,372.0,2366,0.11286287536621094,call,2026-10-16,SPY,764.02001953125,2026-10-01T23:53:30.340620+00:00
790.0,0.63,0.64,0.59,47415.0,29722,0.1124966680908203,call,2026-10-16,SPY,764.02001953125,2026-10-01T23:53:30.340620+00:00
791.0,0.55,0.56,0.49,350.0,2614,0.11213046081542967,call,2026-10-16,SPY,764.02001953125,2026-10-01T23:53:30.340620+00:00
792.0,0.48,0.49,0.45,1242.0,3406,0.11182528808593749,call,2026-10-16,SPY,764.02001953125,2026-10-01T23:53:30.340620+00:00
793.0,0.42,0.43,0.38,2777.0,7299,0.11170321899414062,call,2026-10-16,SPY,764.02001953125,2026-10-01T23:53:30.340620+00:00
794.0,0.37,0.38,0.36,427.0,3966,0.11182528808593749,call,2026-10-16,SPY,764.02001953125,2026-10-01T23:53:30.340620+00:00
795.0,0.32,0.33,0.32,1310.0,22467,0.11158114990234375,call,2026-10-16,SPY,764.02001953125,2026-10-01T23:53:30.340620+00:00
796.0,0.28,0.29,0.26,170.0,6339,0.11158114990234375,call,2026-10-16,SPY,764.02001953125,2026-10-01T23:53:30.340620+00:00
797.0,0.25,0.26,0.22,545.0,15763,0.11206942626953123,call,2026-10-16,SPY,764.02001953125,2026-10-01T23:53:30.340620+00:00
798.0,0.22,0.23,0.2,91.0,9067,0.11231356445312499,call,2026-10-16,SPY,764.02001953125,2026-10-01T23:53:30.340620+00:00
799.0,0.19,0.2,0.2,109.0,3228,0.11231356445312499,call,2026-10-16,SPY,764.02001953125,2026-10-01T23:53:30.340620+00:00
800.0,0.17,0.18,0.17,10071.0,26650,0.1128018408203125,call,2026-10-16,SPY,764.02001953125,2026-10-01T23:53:30.340620+00:00
801.0,0.15,0.16,0.16,42.0,715,0.1132901171875,call,2026-10-16,SPY,764.02001953125,2026-10-01T23:53:30.340620+00:00
802.0,0.14,0.15,0.11,122.0,1215,0.11463287719726564,call,2026-10-16,SPY,764.02001953125,2026-10-01T23:53:30.340620+00:00
803.0,0.12,0.13,0.12,227.0,872,0.11451080810546876,call,2026-10-16,SPY,764.02001953125,2026-10-01T23:53:30.340620+00:00
804.0,0.11,0.12,0.12,136.0,711,0.1157314990234375,call,2026-10-16,SPY,764.02001953125,2026-10-01T23:53:30.340620+00:00
805.0,0.1,0.11,0.1,1020.0,12282,0.11646391357421876,call,2026-10-16,SPY,764.02001953125,2026-10-01T23:53:30.340620+00:00
806.0,0.09,0.1,0.09,34.0,1798,0.117196328125,call,2026-10-16,SPY,764.02001953125,2026-10-01T23:53:30.340620+00:00
807.0,0.08,0.09,0.09,9.0,1406,0.11792874267578124,call,2026-10-16,SPY,764.02001953125,2026-10-01T23:53:30.340620+00:00
808.0,0.08,0.09,0.11,16.0,787,0.12012598632812499,call,2026-10-16,SPY,764.02001953125,2026-10-01T23:53:30.340620+00:00
809.0,0.07,0.08,0.06,34.0,4192,0.1206142626953125,call,2026-10-16,SPY,764.02001953125,2026-10-01T23:53:30.340620+00:00
810.0,0.07,0.08,0.07,685.0,16543,0.12281150634765625,call,2026-10-16,SPY,764.02001953125,2026-10-01T23:53:30.340620+00:00
815.0,0.05,0.06,0.05,76.0,16102,0.1294032373046875,call,2026-10-16,SPY,764.02001953125,2026-10-01T23:53:30.340620+00:00
820.0,0.04,0.05,0.04,343.0,16292,0.13672738281250002,call,2026-10-16,SPY,764.02001953125,2026-10-01T23:53:30.340620+00:00
825.0,0.03,0.04,0.04,154.0,15719,0.143563251953125,call,2026-10-16,SPY,764.02001953125,2026-10-01T23:53:30.340620+00:00
830.0,0.02,0.03,0.03,248.0,18359,0.148446015625,call,2026-10-16,SPY,764.02001953125,2026-10-01T23:53:30.340620+00:00
835.0,0.02,0.03,0.02,230.0,3149,0.15821154296875,call,2026-10-16,SPY,764.02001953125,2026-10-01T23:53:30.340620+00:00
840.0,0.02,0.03,0.02,469.0,3068,0.16797707031250003,call,2026-10-16,SPY,764.02001953125,2026-10-01T23:53:30.340620+00:00
845.0,0.01,0.02,0.02,1607.0,1789,0.16993017578125003,call,2026-10-16,SPY,764.02001953125,2026-10-01T23:53:30.340620+00:00
850.0,0.01,0.02,0.02,524.0,9741,0.179695703125,call,2026-10-16,SPY,764.02001953125,2026-10-01T23:53:30.340620+00:00
855.0,0.01,0.02,0.02,800.0,774,0.187508125,call,2026-10-16,SPY,764.02001953125,2026-10-01T23:53:30.340620+00:00
860.0,0.01,0.02,0.02,80.0,2137,0.19727365234375,call,2026-10-16,SPY,764.02001953125,2026-10-01T23:53:30.340620+00:00
865.0,0.01,0.02,0.02,2.0,1479,0.20508607421874997,call,2026-10-16,SPY,764.02001953125,2026-10-01T23:53:30.340620+00:00
870.0,0.01,0.02,0.01,2.0,2235,0.2148516015625,call,2026-10-16,SPY,764.02001953125,2026-10-01T23:53:30.340620+00:00
875.0,0.0,0.01,0.01,1.0,1385,0.21094539062499998,call,2026-10-16,SPY,764.02001953125,2026-10-01T23:53:30.340620+00:00
880.0,0.0,0.01,0.01,1.0,395,0.21875781249999998,call,2026-10-16,SPY,764.02001953125,2026-10-01T23:53:30.340620+00:00
885.0,0.0,0.01,0.01,1.0,3228,0.22657023437499998,call,2026-10-16,SPY,764.02001953125,2026-10-01T23:53:30.340620+00:00
890.0,0.0,0.01,0.02,1.0,2619,0.23438265625,call,2026-10-16,SPY,764.02001953125,2026-10-01T23:53:30.340620+00:00
895.0,0.0,0.01,0.01,241.0,1151,0.242195078125,call,2026-10-16,SPY,764.02001953125,2026-10-01T23:53:30.340620+00:00
900.0,0.0,0.01,0.02,281.0,5705,0.2500075,call,2026-10-16,SPY,764.02001953125,2026-10-01T23:53:30.340620+00:00
905.0,0.0,0.01,0.01,20.0,4009,0.257819921875,call,2026-10-16,SPY,764.02001953125,2026-10-01T23:53:30.340620+00:00
910.0,0.0,0.01,0.01,1.0,4029,0.26563234375,call,2026-10-16,SPY,764.02001953125,2026-10-01T23:53:30.340620+00:00
915.0,0.0,0.01,0.01,60.0,4488,0.273444765625,call,2026-10-16,SPY,764.02001953125,2026-10-01T23:53:30.340620+00:00
920.0,0.0,0.01,0.01,280.0,368,0.28125718749999995,call,2026-10-16,SPY,764.02001953125,2026-10-01T23:53:30.340620+00:00
925.0,0.0,0.01,0.01,4.0,359,0.2890696093749999,call,2026-10-16,SPY,764.02001953125,2026-10-01T23:53:30.340620+00:00
930.0,0.0,0.01,0.01,1.0,371,0.2929758203124999,call,2026-10-16,SPY,764.02001953125,2026-10-01T23:53:30.340620+00:00
935.0,0.0,0.01,0.01,1.0,598,0.3007882421875,call,2026-10-16,SPY,764.02001953125,2026-10-01T23:53:30.340620+00:00
940.0,0.0,0.01,0.01,28.0,1022,0.3086006640625,call,2026-10-16,SPY,764.02001953125,2026-10-01T23:53:30.340620+00:00
945.0,0.0,0.01,0.02,1101.0,1136,0.31641308593749995,call,2026-10-16,SPY,764.02001953125,2026-10-01T23:53:30.340620+00:00
950.0,0.0,0.01,0.01,200.0,1177,0.3242255078124999,call,2026-10-16,SPY,764.02001953125,2026-10-01T23:53:30.340620+00:00
955.0,0.0,0.01,0.01,1.0,18,0.32813171874999997,call,2026-10-16,SPY,764.02001953125,2026-10-01T23:53:30.340620+00:00
960.0,0.0,0.01,0.01,596.0,1188,0.335944140625,call,2026-10-16,SPY,764.02001953125,2026-10-01T23:53:30.340620+00:00
965.0,0.0,0.01,0.01,206.0,785,0.3437565625,call,2026-10-16,SPY,764.02001953125,2026-10-01T23:53:30.340620+00:00
970.0,0.0,0.01,0.01,10.0,782,0.35156898437499995,call,2026-10-16,SPY,764.02001953125,2026-10-01T23:53:30.340620+00:00
975.0,0.0,0.01,0.01,745.0,1299,0.35938140625,call,2026-10-16,SPY,764.02001953125,2026-10-01T23:53:30.340620+00:00
980.0,0.0,0.01,0.05,532.0,290,0.367193828125,call,2026-10-16,SPY,764.02001953125,2026-10-01T23:53:30.340620+00:00
985.0,0.0,0.01,0.01,407.0,595,0.3711000390625,call,2026-10-16,SPY,764.02001953125,2026-10-01T23:53:30.340620+00:00
990.0,0.0,0.01,0.01,407.0,628,0.3789124609375,call,2026-10-16,SPY,764.02001953125,2026-10-01T23:53:30.340620+00:00
995.0,0.0,0.01,0.01,1.0,72,0.38281867187499996,call,2026-10-16,SPY,764.02001953125,2026-10-01T23:53:30.340620+00:00
1000.0,0.0,0.01,0.01,2.0,1254,0.39063109375,call,2026-10-16,SPY,764.02001953125,2026-10-01T23:53:30.340620+00:00
300.0,0.0,0.01,0.01,1.0,5236,1.2500037499999999,put,2026-10-16,SPY,764.02001953125,2026-10-01T23:53:30.340620+00:00
305.0,0.0,0.01,0.01,1.0,2490,1.21875390625,put,2026-10-16,SPY,764.02001953125,2026-10-01T23:53:30.340620+00:00
310.0,0.0,0.01,0.01,220.0,4501,1.1875040625,put,2026-10-16,SPY,764.02001953125,2026-10-01T23:53:30.340620+00:00
315.0,0.0,0.01,0.01,600.0,3539,1.1875040625,put,2026-10-16,SPY,764.02001953125,2026-10-01T23:53:30.340620+00:00
320.0,0.0,0.01,0.02,1641.0,2456,1.15625421875,put,2026-10-16,SPY,764.02001953125,2026-10-01T23:53:30.340620+00:00
325.0,0.0,0.01,0.01,1.0,426,1.125004375,put,2026-10-16,SPY,764.02001953125,2026-10-01T23:53:30.340620+00:00
330.0,0.0,0.01,0.01,200.0,4675,1.125004375,put,2026-10-16,SPY,764.02001953125,2026-10-01T23:53:30.340620+00:00
335.0,0.0,0.01,0.01,2.0,1158,1.09375453125,put,2026-10-16,SPY,764.02001953125,2026-10-01T23:53:30.340620+00:00
340.0,0.0,0.01,0.03,400.0,673,1.09375453125,put,2026-10-16,SPY,764.02001953125,2026-10-01T23:53:30.340620+00:00
345.0,0.0,0.01,0.02,200.0,1045,1.0625046875000002,put,2026-10-16,SPY,764.02001953125,2026-10-01T23:53:30.340620+00:00
350.0,0.0,0.01,0.01,2.0,6255,1.0312548437500002,put,2026-10-16,SPY,764.02001953125,2026-10-01T23:53:30.340620+00:00
355.0,0.0,0.01,0.01,1.0,11300,1.0312548437500002,put,2026-10-16,SPY,764.02001953125,2026-10-01T23:53:30.340620+00:00
360.0,0.0,0.01,0.01,1.0,5728,1.000005,put,2026-10-16,SPY,764.02001953125,2026-10-01T23:53:30.340620+00:00
365.0,0.0,0.01,0.01,48.0,1815,0.98437515625,put,2026-10-16,SPY,764.02001953125,2026-10-01T23:53:30.340620+00:00
370.0,0.0,0.01,0.01,102.0,10620,0.9687503125,put,2026-10-16,SPY,764.02001953125,2026-10-01T23:53:30.340620+00:00
375.0,0.0,0.01,0.01,1.0,6868,0.9531254687499999,put,2026-10-16,SPY,764.02001953125,2026-10-01T23:53:30.340620+00:00
380.0,0.0,0.01,0.01,2.0,2808,0.937500625,put,2026-10-16,SPY,764.02001953125,2026-10-01T23:53:30.340620+00:00
385.0,0.0,0.01,0.01,1.0,3790,0.92187578125,put,2026-10-16,SPY,764.02001953125,2026-10-01T23:53:30.340620+00:00
390.0,0.0,0.01,0.01,800.0,4584,0.9062509375,put,2026-10-16,SPY,764.02001953125,2026-10-01T23:53:30.340620+00:00
395.0,0.0,0.01,0.01,4.0,4063,0.8906260937499999,put,2026-10-16,SPY,764.02001953125,2026-10-01T23:53:30.340620+00:00
400.0,0.0,0.01,0.01,50.0,21695,0.87500125,put,2026-10-16,SPY,764.02001953125,2026-10-01T23:53:30.340620+00:00
405.0,0.0,0.01,0.01,1503.0,6236,0.85937640625,put,2026-10-16,SPY,764.02001953125,2026-10-01T23:53:30.340620+00:00
410.0,0.0,0.01,0.01,1500.0,14221,0.8437515624999999,put,2026-10-16,SPY,764.02001953125,2026-10-01T23:53:30.340620+00:00
415.0,0.0,0.01,0.01,2.0,1105,0.8281267187499999,put,2026-10-16,SPY,764.02001953125,2026-10-01T23:53:30.340620+00:00
420.0,0.0,0.01,0.01,27.0,2102,0.8125018749999999,put,2026-10-16,SPY,764.02001953125,2026-10-01T23:53:30.340620+00:00
425.0,0.0,0.01,0.01,3.0,154945,0.79687703125,put,2026-10-16,SPY,764.02001953125,2026-10-01T23:53:30.340620+00:00
430.0,0.0,0.01,0.01,9.0,15749,0.7812521875,put,2026-10-16,SPY,764.02001953125,2026-10-01T23:53:30.340620+00:00
435.0,0.0,0.01,0.01,50.0,1872,0.7656273437500001,put,2026-10-16,SPY,764.02001953125,2026-10-01T23:53:30.340620+00:00
440.0,0.0,0.01,0.01,830.0,1411,0.7500025,put,2026-10-16,SPY,764.02001953125,2026-10-01T23:53:30.340620+00:00
445.0,0.0,0.01,0.01,2.0,4548,0.73437765625,put,2026-10-16,SPY,764.02001953125,2026-10-01T23:53:30.340620+00:00
450.0,0.0,0.01,0.01,10.0,3954,0.7187528125,put,2026-10-16,SPY,764.02001953125,2026-10-01T23:53:30.340620+00:00
455.0,0.0,0.01,0.01,3816.0,3373,0.70312796875,put,2026-10-16,SPY,764.02001953125,2026-10-01T23:53:30.340620+00:00
460.0,0.0,0.01,0.01,50.0,2198,0.6875031250000001,put,2026-10-16,SPY,764.02001953125,2026-10-01T23:53:30.340620+00:00
465.0,0.01,0.02,0.03,1520.0,3710,0.73437765625,put,2026-10-16,SPY,764.02001953125,2026-10-01T23:53:30.340620+00:00
470.0,0.01,0.02,0.02,35.0,4216,0.7187528125,put,2026-10-16,SPY,764.02001953125,2026-10-01T23:53:30.340620+00:00
475.0,0.01,0.02,0.02,228.0,3132,0.70312796875,put,2026-10-16,SPY,764.02001953125,2026-10-01T23:53:30.340620+00:00
480.0,0.01,0.02,0.02,240.0,2302,0.6875031250000001,put,2026-10-16,SPY,764.02001953125,2026-10-01T23:53:30.340620+00:00
485.0,0.01,0.02,0.02,94.0,365,0.6718782812500002,put,2026-10-16,SPY,764.02001953125,2026-10-01T23:53:30.340620+00:00
490.0,0.01,0.02,0.02,200.0,302,0.6601596484375001,put,2026-10-16,SPY,764.02001953125,2026-10-01T23:53:30.340620+00:00
495.0,0.01,0.02,0.02,204.0,457,0.648441015625,put,2026-10-16,SPY,764.02001953125,2026-10-01T23:53:30.340620+00:00
500.0,0.01,0.02,0.02,45.0,8803,0.632816171875,put,2026-10-16,SPY,764.02001953125,2026-10-01T23:53:30.340620+00:00
505.0,0.01,0.02,0.03,372.0,692,0.6171913281250001,put,2026-10-16,SPY,764.02001953125,2026-10-01T23:53:30.340620+00:00
510.0,0.01,0.02,0.02,327.0,1644,0.6015664843750002,put,2026-10-16,SPY,764.02001953125,2026-10-01T23:53:30.340620+00:00
515.0,0.02,0.03,0.02,2840.0,479,0.6171913281250001,put,2026-10-16,SPY,764.02001953125,2026-10-01T23:53:30.340620+00:00
520.0,0.02,0.03,0.02,1080.0,1104,0.6015664843750002,put,2026-10-16,SPY,764.02001953125,2026-10-01T23:53:30.340620+00:00
525.0,0.02,0.03,0.02,126.0,301761,0.585941640625,put,2026-10-16,SPY,764.02001953125,2026-10-01T23:53:30.340620+00:00
530.0,0.02,0.03,0.02,101.0,893,0.5742230078125,put,2026-10-16,SPY,764.02001953125,2026-10-01T23:53:30.340620+00:00
535.0,0.02,0.03,0.03,72.0,726,0.5585981640625001,put,2026-10-16,SPY,764.02001953125,2026-10-01T23:53:30.340620+00:00
540.0,0.02,0.03,0.03,6.0,4708,0.5468795312500001,put,2026-10-16,SPY,764.02001953125,2026-10-01T23:53:30.340620+00:00
545.0,0.03,0.04,0.04,1062.0,1425,0.5488326367187502,put,2026-10-16,SPY,764.02001953125,2026-10-01T23:53:30.340620+00:00
550.0,0.03,0.04,0.05,8.0,12058,0.5351608984375,put,2026-10-16,SPY,764.02001953125,2026-10-01T23:53:30.340620+00:00
555.0,0.03,0.04,0.04,1024.0,2779,0.5214891601562499,put,2026-10-16,SPY,764.02001953125,2026-10-01T23:53:30.340620+00:00
560.0,0.04,0.05,0.05,4.0,318,0.5195360546875,put,2026-10-16,SPY,764.02001953125,2026-10-01T23:53:30.340620+00:00
565.0,0.04,0.05,0.05,6.0,972,0.50586431640625,put,2026-10-16,SPY,764.02001953125,2026-10-01T23:53:30.340620+00:00
570.0,0.04,0.05,0.05,24.0,1334,0.49805189453125004,put,2026-10-16,SPY,764.02001953125,2026-10-01T23:53:30.340620+00:00
575.0,0.04,0.05,0.05,125.0,1217,0.48438015625,put,2026-10-16,SPY,764.02001953125,2026-10-01T23:53:30.340620+00:00
580.0,0.05,0.06,0.08,10.0,1643,0.47852083984375,put,2026-10-16,SPY,764.02001953125,2026-10-01T23:53:30.340620+00:00
585.0,0.05,0.06,0.06,21.0,1735,0.46484910156250003,put,2026-10-16,SPY,764.02001953125,2026-10-01T23:53:30.340620+00:00
590.0,0.06,0.07,0.07,15.0,3191,0.45898978515625005,put,2026-10-16,SPY,764.02001953125,2026-10-01T23:53:30.340620+00:00
595.0,0.06,0.07,0.06,59.0,1789,0.445318046875,put,2026-10-16,SPY,764.02001953125,2026-10-01T23:53:30.340620+00:00
600.0,0.07,0.08,0.11,34.0,12683,0.437505625,put,2026-10-16,SPY,764.02001953125,2026-10-01T23:53:30.340620+00:00
605.0,0.07,0.08,0.07,155.0,2697,0.42383388671875,put,2026-10-16,SPY,764.02001953125,2026-10-01T23:53:30.340620+00:00
610.0,0.08,0.09,0.09,104.0,3574,0.415044912109375,put,2026-10-16,SPY,764.02001953125,2026-10-01T23:53:30.340620+00:00
615.0,0.09,0.1,0.1,3.0,1308,0.4062559375,put,2026-10-16,SPY,764.02001953125,2026-10-01T23:53:30.340620+00:00
620.0,0.09,0.1,0.13,4.0,4042,0.39258419921875,put,2026-10-16,SPY,764.02001953125,2026-10-01T23:53:30.340620+00:00
625.0,0.1,0.11,0.1,172.0,156692,0.38281867187499996,put,2026-10-16,SPY,764.02001953125,2026-10-01T23:53:30.340620+00:00
630.0,0.11,0.12,0.11,12.0,33455,0.37305314453125,put,2026-10-16,SPY,764.02001953125,2026-10-01T23:53:30.340620+00:00
635.0,0.12,0.13,0.12,52.0,2397,0.3632876171875,put,2026-10-16,SPY,764.02001953125,2026-10-01T23:53:30.340620+00:00
640.0,0.13,0.14,0.13,82.0,5980,0.352545537109375,put,2026-10-16,SPY,764.02001953125,2026-10-01T23:53:30.340620+00:00
645.0,0.14,0.15,0.15,65.0,5544,0.3413151806640625,put,2026-10-16,SPY,764.02001953125,2026-10-01T23:53:30.340620+00:00
650.0,0.15,0.16,0.15,148.0,26868,0.33008482421874996,put,2026-10-16,SPY,764.02001953125,2026-10-01T23:53:30.340620+00:00
655.0,0.16,0.17,0.2,35.0,13655,0.3188544677734374,put,2026-10-16,SPY,764.02001953125,2026-10-01T23:53:30.340620+00:00
660.0,0.17,0.18,0.17,128.0,12236,0.30713583496093744,put,2026-10-16,SPY,764.02001953125,2026-10-01T23:53:30.340620+00:00
665.0,0.19,0.2,0.27,137.0,5381,0.2973703076171874,put,2026-10-16,SPY,764.02001953125,2026-10-01T23:53:30.340620+00:00
670.0,0.21,0.22,0.21,276.0,16848,0.28711650390624993,put,2026-10-16,SPY,764.02001953125,2026-10-01T23:53:30.340620+00:00
675.0,0.23,0.24,0.23,145.0,14777,0.27637442382812494,put,2026-10-16,SPY,764.02001953125,2026-10-01T23:53:30.340620+00:00
680.0,0.25,0.26,0.26,7046.0,33259,0.2651440673828125,put,2026-10-16,SPY,764.02001953125,2026-10-01T23:53:30.340620+00:00
685.0,0.27,0.28,0.3,283.0,9704,0.2534254345703125,put,2026-10-16,SPY,764.02001953125,2026-10-01T23:53:30.340620+00:00
690.0,0.31,0.32,0.33,5212.0,19797,0.24390404541015626,put,2026-10-16,SPY,764.02001953125,2026-10-01T23:53:30.340620+00:00
695.0,0.34,0.35,0.36,540.0,6976,0.23267368896484375,put,2026-10-16,SPY,764.02001953125,2026-10-01T23:53:30.340620+00:00
700.0,0.39,0.4,0.39,3888.0,32693,0.22266402343749997,put,2026-10-16,SPY,764.02001953125,2026-10-01T23:53:30.340620+00:00
701.0,0.4,0.41,0.41,187.0,2904,0.22046677978515622,put,2026-10-16,SPY,764.02001953125,2026-10-01T23:53:30.340620+00:00
702.0,0.41,0.42,0.46,6.0,1130,0.21839160522460935,put,2026-10-16,SPY,764.02001953125,2026-10-01T23:53:30.340620+00:00
703.0,0.42,0.43,0.65,1.0,1378,0.2161943615722656,put,2026-10-16,SPY,764.02001953125,2026-10-01T23:53:30.340620+00:00
704.0,0.43,0.44,0.72,69.0,1569,0.21399711791992188,put,2026-10-16,SPY,764.02001953125,2026-10-01T23:53:30.340620+00:00
705.0,0.45,0.46,0.47,371.0,13285,0.21265435791015624,put,2026-10-16,SPY,764.02001953125,2026-10-01T23:53:30.340620+00:00
706.0,0.46,0.47,0.74,123.0,1082,0.21033504516601562,put,2026-10-16,SPY,764.02001953125,2026-10-01T23:53:30.340620+00:00
707.0,0.47,0.48,0.5,21.0,1195,0.20801573242187496,put,2026-10-16,SPY,764.02001953125,2026-10-01T23:53:30.340620+00:00
708.0,0.49,0.5,0.5,41.0,3350,0.20642883422851557,put,2026-10-16,SPY,764.02001953125,2026-10-01T23:53:30.340620+00:00
709.0,0.51,0.52,0.54,63.0,2348,0.2048419360351562,put,2026-10-16,SPY,764.02001953125,2026-10-01T23:53:30.340620+00:00
710.0,0.52,0.53,0.56,729.0,19689,0.2024005541992187,put,2026-10-16,SPY,764.02001953125,2026-10-01T23:53:30.340620+00:00
711.0,0.54,0.55,0.92,128.0,3898,0.2005695178222656,put,2026-10-16,SPY,764.02001953125,2026-10-01T23:53:30.340620+00:00
712.0,0.56,0.57,0.58,135.0,1258,0.19873848144531248,put,2026-10-16,SPY,764.02001953125,2026-10-01T23:53:30.340620+00:00
713.0,0.58,0.59,0.6,26.0,1114,0.19690744506835936,put,2026-10-16,SPY,764.02001953125,2026-10-01T23:53:30.340620+00:00
714.0,0.6,0.61,0.63,372.0,4745,0.19495433959960937,put,2026-10-16,SPY,764.02001953125,2026-10-01T23:53:30.340620+00:00
715.0,0.62,0.63,0.64,612.0,8122,0.19300123413085937,put,2026-10-16,SPY,764.02001953125,2026-10-01T23:53:30.340620+00:00
716.0,0.64,0.65,0.68,495.0,10745,0.1909260595703125,put,2026-10-16,SPY,764.02001953125,2026-10-01T23:53:30.340620+00:00
717.0,0.67,0.68,0.81,106.0,1293,0.18933916137695314,put,2026-10-16,SPY,764.02001953125,2026-10-01T23:53:30.340620+00:00
718.0,0.69,0.7,0.73,228.0,4593,0.1871419177246094,put,2026-10-16,SPY,764.02001953125,2026-10-01T23:53:30.340620+00:00
719.0,0.72,0.73,0.75,436.0,1330,0.18555501953124998,put,2026-10-16,SPY,764.02001953125,2026-10-01T23:53:30.340620+00:00
720.0,0.75,0.76,0.75,1747.0,33866,0.18372398315429686,put,2026-10-16,SPY,764.02001953125,2026-10-01T23:53:30.340620+00:00
721.0,0.78,0.79,0.85,221.0,1298,0.18189294677734374,put,2026-10-16,SPY,764.02001953125,2026-10-01T23:53:30.340620+00:00
722.0,0.82,0.83,0.83,316.0,20652,0.1804891522216797,put,2026-10-16,SPY,764.02001953125,2026-10-01T23:53:30.340620+00:00
723.0,0.85,0.86,0.85,183.0,6023,0.17847501220703127,put,2026-10-16,SPY,764.02001953125,2026-10-01T23:53:30.340620+00:00
724.0,0.89,0.9,0.88,1219.0,26500,0.17688811401367188,put,2026-10-16,SPY,764.02001953125,2026-10-01T23:53:30.340620+00:00
725.0,0.93,0.94,0.98,1898.0,59144,0.17517914672851562,put,2026-10-16,SPY,764.02001953125,2026-10-01T23:53:30.340620+00:00
726.0,0.97,0.98,1.02,554.0,12740,0.1733481103515625,put,2026-10-16,SPY,764.02001953125,2026-10-01T23:53:30.340620+00:00
727.0,1.02,1.03,0.99,453.0,15792,0.17188328125000002,put,2026-10-16,SPY,764.02001953125,2026-10-01T23:53:30.340620+00:00
728.0,1.06,1.08,1.07,614.0,25114,0.17029638305664066,put,2026-10-16,SPY,764.02001953125,2026-10-01T23:53:30.340620+00:00
729.0,1.11,1.13,1.15,56535.0,33974,0.16864845031738285,put,2026-10-16,SPY,764.02001953125,2026-10-01T23:53:30.340620+00:00
730.0,1.17,1.18,1.17,3692.0,58583,0.16681741394042973,put,2026-10-16,SPY,764.02001953125,2026-10-01T23:53:30.340620+00:00
731.0,1.22,1.24,1.29,190.0,2210,0.16529155029296877,put,2026-10-16,SPY,764.02001953125,2026-10-01T23:53:30.340620+00:00
732.0,1.29,1.3,1.31,2301.0,56410,0.16364361755371098,put,2026-10-16,SPY,764.02001953125,2026-10-01T23:53:30.340620+00:00
733.0,1.35,1.37,1.4,30374.0,29974,0.16223982299804687,put,2026-10-16,SPY,764.02001953125,2026-10-01T23:53:30.340620+00:00
734.0,1.42,1.44,1.43,25778.0,14246,0.1606529248046875,put,2026-10-16,SPY,764.02001953125,2026-10-01T23:53:30.340620+00:00
735.0,1.49,1.51,1.57,3789.0,30672,0.15894395751953128,put,2026-10-16,SPY,764.02001953125,2026-10-01T23:53:30.340620+00:00
736.0,1.57,1.59,1.57,507.0,37932,0.1574180938720703,put,2026-10-16,SPY,764.02001953125,2026-10-01T23:53:30.340620+00:00
737.0,1.66,1.68,1.66,391.0,5402,0.1560753338623047,put,2026-10-16,SPY,764.02001953125,2026-10-01T23:53:30.340620+00:00
738.0,1.74,1.76,1.75,415.0,8978,0.15430533203125002,put,2026-10-16,SPY,764.02001953125,2026-10-01T23:53:30.340620+00:00
739.0,1.83,1.86,1.84,932.0,3387,0.152901537475586,put,2026-10-16,SPY,764.02001953125,2026-10-01T23:53:30.340620+00:00
740.0,1.93,1.96,1.94,28228.0,46883,0.15137567382812503,put,2026-10-16,SPY,764.02001953125,2026-10-01T23:53:30.340620+00:00
741.0,2.04,2.06,1.96,1372.0,4430,0.149697223815918,put,2026-10-16,SPY,764.02001953125,2026-10-01T23:53:30.340620+00:00
742.0,2.15,2.17,2.24,1641.0,8314,0.14814084289550783,put,2026-10-16,SPY,764.02001953125,2026-10-01T23:53:30.340620+00:00
743.0,2.27,2.29,2.32,412.0,4245,0.14661497924804687,put,2026-10-16,SPY,764.02001953125,2026-10-01T23:53:30.340620+00:00
744.0,2.4,2.42,2.37,639.0,3290,0.14518066741943358,put,2026-10-16,SPY,764.02001953125,2026-10-01T23:53:30.340620+00:00
745.0,2.53,2.55,2.51,3952.0,52324,0.143563251953125,put,2026-10-16,SPY,764.02001953125,2026-10-01T23:53:30.340620+00:00
746.0,2.67,2.7,2.63,821.0,2185,0.14222049194335937,put,2026-10-16,SPY,764.02001953125,2026-10-01T23:53:30.340620+00:00
747.0,2.82,2.84,2.88,1334.0,4343,0.1404504901123047,put,2026-10-16,SPY,764.02001953125,2026-10-01T23:53:30.340620+00:00
748.0,2.98,3.0,3.06,915.0,4419,0.138955143737793,put,2026-10-16,SPY,764.02001953125,2026-10-01T23:53:30.340620+00:00
749.0,3.15,3.17,3.2,1193.0,2417,0.1374597973632813,put,2026-10-16,SPY,764.02001953125,2026-10-01T23:53:30.340620+00:00
750.0,3.32,3.35,3.32,19456.0,71432,0.13593393371582033,put,2026-10-16,SPY,764.02001953125,2026-10-01T23:53:30.340620+00:00
751.0,3.51,3.53,3.63,967.0,3081,0.13422496643066406,put,2026-10-16,SPY,764.02001953125,2026-10-01T23:53:30.340620+00:00
752.0,3.71,3.73,3.78,1840.0,7990,0.1326685855102539,put,2026-10-16,SPY,764.02001953125,2026-10-01T23:53:30.340620+00:00
753.0,3.92,3.94,4.06,5848.0,31852,0.1310816873168945,put,2026-10-16,SPY,764.02001953125,2026-10-01T23:53:30.340620+00:00
754.0,4.14,4.16,4.37,915.0,3055,0.12946427185058595,put,2026-10-16,SPY,764.02001953125,2026-10-01T23:53:30.340620+00:00
755.0,4.37,4.4,4.4,15181.0,23999,0.127938408203125,put,2026-10-16,SPY,764.02001953125,2026-10-01T23:53:30.340620+00:00
756.0,4.61,4.65,4.68,876.0,2701,0.1263515100097656,put,2026-10-16,SPY,764.02001953125,2026-10-01T23:53:30.340620+00:00
757.0,4.87,4.91,4.95,804.0,27655,0.1247035772705078,put,2026-10-16,SPY,764.02001953125,2026-10-01T23:53:30.340620+00:00
758.0,5.15,5.19,5.18,1590.0,5225,0.12308616180419923,put,2026-10-16,SPY,764.02001953125,2026-10-01T23:53:30.340620+00:00
759.0,5.44,5.48,5.48,889.0,5008,0.12140771179199218,put,2026-10-16,SPY,764.02001953125,2026-10-01T23:53:30.340620+00:00
760.0,5.75,5.79,5.79,10057.0,22930,0.11972926177978514,put,2026-10-16,SPY,764.02001953125,2026-10-01T23:53:30.340620+00:00
761.0,6.07,6.11,6.15,6413.0,3560,0.11795925994873047,put,2026-10-16,SPY,764.02001953125,2026-10-01T23:53:30.340620+00:00
762.0,6.41,6.46,6.45,1708.0,3522,0.11634184448242188,put,2026-10-16,SPY,764.02001953125,2026-10-01T23:53:30.340620+00:00
763.0,6.78,6.82,6.78,1598.0,3434,0.1145718426513672,put,2026-10-16,SPY,764.02001953125,2026-10-01T23:53:30.340620+00:00
764.0,7.15,7.2,7.21,2140.0,2179,0.11277132354736327,put,2026-10-16,SPY,764.02001953125,2026-10-01T23:53:30.340620+00:00
765.0,7.55,7.6,7.58,3128.0,17976,0.11097080444335936,put,2026-10-16,SPY,764.02001953125,2026-10-01T23:53:30.340620+00:00
766.0,7.97,8.02,8.1,1269.0,5277,0.10910925079345701,put,2026-10-16,SPY,764.02001953125,2026-10-01T23:53:30.340620+00:00
767.0,8.42,8.47,8.68,1166.0,6954,0.10733924896240235,put,2026-10-16,SPY,764.02001953125,2026-10-01T23:53:30.340620+00:00
768.0,8.88,8.93,8.73,378.0,14992,0.1053251089477539,put,2026-10-16,SPY,764.02001953125,2026-10-01T23:53:30.340620+00:00
769.0,9.2,9.56,9.67,108.0,3629,0.1056607989501953,put,2026-10-16,SPY,764.02001953125,2026-10-01T23:53:30.340620+00:00
770.0,9.84,9.98,9.9,1778.0,13064,0.10212079528808593,put,2026-10-16,SPY,764.02001953125,2026-10-01T23:53:30.340620+00:00
771.0,10.25,10.66,10.33,312.0,2043,0.10248700256347655,put,2026-10-16,SPY,764.02001953125,2026-10-01T23:53:30.340620+00:00
772.0,10.82,11.24,10.87,95.0,3063,0.1007475180053711,put,2026-10-16,SPY,764.02001953125,2026-10-01T23:53:30.340620+00:00
773.0,10.7,11.84,11.37,462.0,1930,0.09885544708251953,put,2026-10-16,SPY,764.02001953125,2026-10-01T23:53:30.340620+00:00
774.0,12.03,12.5,12.83,61.0,2971,0.09757372161865235,put,2026-10-16,SPY,764.02001953125,2026-10-01T23:53:30.340620+00:00
775.0,12.77,12.95,13.0,605.0,7178,0.09147026702880859,put,2026-10-16,SPY,764.02001953125,2026-10-01T23:53:30.340620+00:00
776.0,13.32,13.9,15.14,28.0,1447,0.09497975341796877,put,2026-10-16,SPY,764.02001953125,2026-10-01T23:53:30.340620+00:00
777.0,14.04,14.64,14.37,18.0,1404,0.0937590625,put,2026-10-16,SPY,764.02001953125,2026-10-01T23:53:30.340620+00:00
778.0,13.76,16.23,19.15,40.0,888,0.11097080444335936,put,2026-10-16,SPY,764.02001953125,2026-10-01T23:53:30.340620+00:00
779.0,14.76,16.97,15.78,5.0,931,0.10981114807128906,put,2026-10-16,SPY,764.02001953125,2026-10-01T23:53:30.340620+00:00
780.0,15.9,17.72,17.15,309.0,4800,0.10834631896972656,put,2026-10-16,SPY,764.02001953125,2026-10-01T23:53:30.340620+00:00
781.0,17.0,18.53,17.3,11.0,506,0.10785804260253906,put,2026-10-16,SPY,764.02001953125,2026-10-01T23:53:30.340620+00:00
782.0,16.8,19.49,15.5,4.0,248,0.11084873535156249,put,2026-10-16,SPY,764.02001953125,2026-10-01T23:53:30.340620+00:00
783.0,17.67,20.33,19.13,2.0,283,0.11054356262207031,put,2026-10-16,SPY,764.02001953125,2026-10-01T23:53:30.340620+00:00
784.0,18.47,21.18,23.27,5.0,217,0.11011632080078124,put,2026-10-16,SPY,764.02001953125,2026-10-01T23:53:30.340620+00:00
785.0,20.55,20.73,20.75,38.0,7159,1.0000000000000003e-05,put,2026-10-16,SPY,764.02001953125,2026-10-01T23:53:30.340620+00:00
786.0,20.84,22.89,19.64,8.0,117,0.10828528442382812,put,2026-10-16,SPY,764.02001953125,2026-10-01T23:53:30.340620+00:00
787.0,21.78,23.82,21.46,91.0,89,0.10926183715820312,put,2026-10-16,SPY,764.02001953125,2026-10-01T23:53:30.340620+00:00
788.0,22.1,24.8,25.12,6.0,28,0.11194735717773435,put,2026-10-16,SPY,764.02001953125,2026-10-01T23:53:30.340620+00:00
789.0,23.43,25.73,24.71,100.0,40,0.11261873718261718,put,2026-10-16,SPY,764.02001953125,2026-10-01T23:53:30.340620+00:00
790.0,24.8,26.72,25.5,1707.0,525,0.11548736083984376,put,2026-10-16,SPY,764.02001953125,2026-10-01T23:53:30.340620+00:00
791.0,25.43,27.73,22.44,5.0,5,0.11914943359374999,put,2026-10-16,SPY,764.02001953125,2026-10-01T23:53:30.340620+00:00
792.0,25.98,28.77,28.24,100.0,3,0.124032197265625,put,2026-10-16,SPY,764.02001953125,2026-10-01T23:53:30.340620+00:00
793.0,27.08,29.77,29.2,100.0,0,0.12732806274414063,put,2026-10-16,SPY,764.02001953125,2026-10-01T23:53:30.340620+00:00
794.0,28.05,30.77,28.12,1.0,0,0.13050185913085935,put,2026-10-16,SPY,764.02001953125,2026-10-01T23:53:30.340620+00:00
795.0,29.03,31.77,30.69,4.0,11,0.13367565551757812,put,2026-10-16,SPY,764.02001953125,2026-10-01T23:53:30.340620+00:00
796.0,30.03,32.77,26.64,180.0,1,0.1368494519042969,put,2026-10-16,SPY,764.02001953125,2026-10-01T23:53:30.340620+00:00
797.0,30.99,33.77,28.02,42.0,0,0.14002324829101562,put,2026-10-16,SPY,764.02001953125,2026-10-01T23:53:30.340620+00:00
798.0,32.01,34.77,29.01,36.0,0,0.1431970446777344,put,2026-10-16,SPY,764.02001953125,2026-10-01T23:53:30.340620+00:00
799.0,32.99,35.77,31.25,2.0,0,0.14630980651855469,put,2026-10-16,SPY,764.02001953125,2026-10-01T23:53:30.340620+00:00
800.0,34.29,36.71,35.3,2107.0,535,0.14661497924804687,put,2026-10-16,SPY,764.02001953125,2026-10-01T23:53:30.340620+00:00
802.0,35.99,38.77,34.26,2.0,0,0.1555870574951172,put,2026-10-16,SPY,764.02001953125,2026-10-01T23:53:30.340620+00:00
803.0,36.99,39.77,35.26,2.0,0,0.15863878479003907,put,2026-10-16,SPY,764.02001953125,2026-10-01T23:53:30.340620+00:00
804.0,37.99,40.78,36.26,2.0,0,0.16211775390625,put,2026-10-16,SPY,764.02001953125,2026-10-01T23:53:30.340620+00:00
805.0,38.99,41.77,33.66,16.0,1,0.16468120483398438,put,2026-10-16,SPY,764.02001953125,2026-10-01T23:53:30.340620+00:00
806.0,40.0,42.77,34.79,3.0,0,0.16773293212890628,put,2026-10-16,SPY,764.02001953125,2026-10-01T23:53:30.340620+00:00
807.0,41.0,43.77,35.8,4.0,0,0.1706625903320313,put,2026-10-16,SPY,764.02001953125,2026-10-01T23:53:30.340620+00:00
810.0,44.0,46.77,45.8,6.0,16,0.17957363403320312,put,2026-10-16,SPY,764.02001953125,2026-10-01T23:53:30.340620+00:00
815.0,49.0,51.77,50.63,1.0,2,0.1941608905029297,put,2026-10-16,SPY,764.02001953125,2026-10-01T23:53:30.340620+00:00
820.0,54.0,56.78,52.36,1.0,0,0.20899228515624996,put,2026-10-16,SPY,764.02001953125,2026-10-01T23:53:30.340620+00:00
825.0,59.03,61.78,50.74,1.0,0,0.2230302307128906,put,2026-10-16,SPY,764.02001953125,2026-10-01T23:53:30.340620+00:00
830.0,64.03,66.77,65.31,8.0,14,0.2362136926269531,put,2026-10-16,SPY,764.02001953125,2026-10-01T23:53:30.340620+00:00
835.0,69.08,71.77,73.56,4.0,0,0.24976336181640624,put,2026-10-16,SPY,764.02001953125,2026-10-01T23:53:30.340620+00:00
840.0,74.11,76.77,72.35,1.0,0,0.2629468237304688,put,2026-10-16,SPY,764.02001953125,2026-10-01T23:53:30.340620+00:00
845.0,79.04,81.77,77.08,2.0,0,0.2761302856445312,put,2026-10-16,SPY,764.02001953125,2026-10-01T23:53:30.340620+00:00
850.0,84.08,86.78,85.17,6.0,8,0.28967995483398434,put,2026-10-16,SPY,764.02001953125,2026-10-01T23:53:30.340620+00:00
855.0,89.08,91.78,89.13,1.0,0,0.30249720947265624,put,2026-10-16,SPY,764.02001953125,2026-10-01T23:53:30.340620+00:00
860.0,94.0,96.77,100.0,1.0,0,0.3143379113769531,put,2026-10-16,SPY,764.02001953125,2026-10-01T23:53:30.340620+00:00
865.0,0.0,0.0,99.46,1.0,0,1.0000000000000003e-05,put,2026-10-16,SPY,764.02001953125,2026-10-01T23:53:30.340620+00:00
870.0,104.01,106.78,108.55,,0,0.3397282824707031,put,2026-10-16,SPY,764.02001953125,2026-10-01T23:53:30.340620+00:00
875.0,109.0,111.77,113.44,,0,0.35108070800781244,put,2026-10-16,SPY,764.02001953125,2026-10-01T23:53:30.340620+00:00
880.0,114.0,116.77,116.47,200.0,91,0.36304347900390627,put,2026-10-16,SPY,764.02001953125,2026-10-01T23:53:30.340620+00:00
890.0,124.08,126.75,128.43,,0,0.38477177734374995,put,2026-10-16,SPY,764.02001953125,2026-10-01T23:53:30.340620+00:00
895.0,129.08,131.77,133.43,4.0,0,0.39819937744140627,put,2026-10-16,SPY,764.02001953125,2026-10-01T23:53:30.340620+00:00
925.0,159.0,161.78,163.51,,0,0.4660697924804688,put,2026-10-16,SPY,764.02001953125,2026-10-01T23:53:30.340620+00:00
930.0,163.98,166.77,164.9,,0,0.4758353198242187,put,2026-10-16,SPY,764.02001953125,2026-10-01T23:53:30.340620+00:00
935.0,169.0,171.77,173.4,,0,0.4865773999023438,put,2026-10-16,SPY,764.02001953125,2026-10-01T23:53:30.340620+00:00
940.0,174.01,176.77,178.5,,0,0.49707534179687507,put,2026-10-16,SPY,764.02001953125,2026-10-01T23:53:30.340620+00:00
945.0,179.0,181.74,183.5,,0,0.5043994873046875,put,2026-10-16,SPY,764.02001953125,2026-10-01T23:53:30.340620+00:00
950.0,184.01,186.77,188.5,,0,0.5179491564941407,put,2026-10-16,SPY,764.02001953125,2026-10-01T23:53:30.340620+00:00
960.0,194.0,196.77,198.49,,0,0.5385788330078126,put,2026-10-16,SPY,764.02001953125,2026-10-01T23:53:30.340620+00:00
970.0,204.04,206.77,208.58,,0,0.5585981640625001,put,2026-10-16,SPY,764.02001953125,2026-10-01T23:53:30.340620+00:00
985.0,219.1,221.78,223.47,,0,0.5893595751953126,put,2026-10-16,SPY,764.02001953125,2026-10-01T23:53:30.340620+00:00
990.0,224.1,226.77,216.29,2.0,0,0.5980264807128908,put,2026-10-16,SPY,764.02001953125,2026-10-01T23:53:30.340620+00:00
1000.0,253.4,262.51,250.79,,0,1.3406405038452145,put,2026-10-16,SPY,764.02001953125,2026-10-01T23:53:30.340620+00:00
470.0,294.95,297.71,296.35,2.0,4,0.9445806323242187,call,2026-10-30,SPY,764.02001953125,2026-10-01T23:53:30.340620+00:00
475.0,289.98,292.76,294.23,3.0,15,0.929688203125,call,2026-10-30,SPY,764.02001953125,2026-10-01T23:53:30.340620+00:00
480.0,285.0,287.74,285.74,1.0,1,0.91211025390625,call,2026-10-30,SPY,764.02001953125,2026-10-01T23:53:30.340620+00:00
490.0,275.03,277.82,281.55,70.0,71,0.8808605664062499,call,2026-10-30,SPY,764.02001953125,2026-10-01T23:53:30.340620+00:00
495.0,270.07,272.85,271.78,,1,0.8659681372070311,call,2026-10-30,SPY,764.02001953125,2026-10-01T23:53:30.340620+00:00
500.0,265.09,267.86,267.18,1.0,3,0.8497329479980469,call,2026-10-30,SPY,764.02001953125,2026-10-01T23:53:30.340620+00:00
520.0,245.18,247.91,251.59,1.0,10,0.7867452966308592,call,2026-10-30,SPY,764.02001953125,2026-10-01T23:53:30.340620+00:00
525.0,240.2,242.98,238.44,,1,0.7728294201660157,call,2026-10-30,SPY,764.02001953125,2026-10-01T23:53:30.340620+00:00
530.0,229.04,232.46,212.98,,2,1.0000000000000003e-05,call,2026-10-30,SPY,764.02001953125,2026-10-01T23:53:30.340620+00:00
540.0,225.29,228.01,223.69,1.0,3,0.7270535107421875,call,2026-10-30,SPY,764.02001953125,2026-10-01T23:53:30.340620+00:00
545.0,220.31,223.06,218.57,1.0,2,0.7127714270019532,call,2026-10-30,SPY,764.02001953125,2026-10-01T23:53:30.340620+00:00
550.0,215.35,218.09,214.12,3.0,3,0.6984893432617189,call,2026-10-30,SPY,764.02001953125,2026-10-01T23:53:30.340620+00:00
555.0,210.36,213.09,215.84,1.0,3,0.6827424304199221,call,2026-10-30,SPY,764.02001953125,2026-10-01T23:53:30.340620+00:00
560.0,0.0,0.0,217.1,4.0,0,1.0000000000000003e-05,call,2026-10-30,SPY,764.02001953125,2026-10-01T23:53:30.340620+00:00
565.0,200.42,203.19,202.15,3.0,4,0.6549106774902345,call,2026-10-30,SPY,764.02001953125,2026-10-01T23:53:30.340620+00:00
570.0,195.5,197.92,188.4,25.0,1235,0.6345251391601563,call,2026-10-30,SPY,764.02001953125,2026-10-01T23:53:30.340620+00:00
575.0,190.48,193.17,196.81,1.0,31,0.6243934045410158,call,2026-10-30,SPY,764.02001953125,2026-10-01T23:53:30.340620+00:00
580.0,185.56,187.98,184.14,1.0,154,0.6062051098632814,call,2026-10-30,SPY,764.02001953125,2026-10-01T23:53:30.340620+00:00
585.0,180.54,183.3,182.18,1.0,29,0.5974771697998047,call,2026-10-30,SPY,764.02001953125,2026-10-01T23:53:30.340620+00:00
590.0,175.58,178.34,172.76,1.0,59,0.5836833624267577,call,2026-10-30,SPY,764.02001953125,2026-10-01T23:53:30.340620+00:00
595.0,170.66,173.08,169.13,44.0,315,0.5643354113769532,call,2026-10-30,SPY,764.02001953125,2026-10-01T23:53:30.340620+00:00
600.0,165.64,168.41,171.5,1.0,24,0.5554854022216797,call,2026-10-30,SPY,764.02001953125,2026-10-01T23:53:30.340620+00:00
605.0,160.68,163.47,149.83,1.0,10,0.5421188366699221,call,2026-10-30,SPY,764.02001953125,2026-10-01T23:53:30.340620+00:00
610.0,155.72,158.44,161.22,1.0,28,0.5269212347412109,call,2026-10-30,SPY,764.02001953125,2026-10-01T23:53:30.340620+00:00
615.0,150.76,153.52,156.11,1.0,5,0.5139208764648437,call,2026-10-30,SPY,764.02001953125,2026-10-01T23:53:30.340620+00:00
620.0,145.8,148.57,144.38,1.0,25,0.5003101727294923,call,2026-10-30,SPY,764.02001953125,2026-10-01T23:53:30.340620+00:00
625.0,141.99,145.22,138.49,2.0,0,0.5316208947753907,call,2026-10-30,SPY,764.02001953125,2026-10-01T23:53:30.340620+00:00
630.0,135.88,138.65,134.59,22.0,33,0.5167895001220704,call,2026-10-30,SPY,764.02001953125,2026-10-01T23:53:30.340620+00:00
635.0,130.98,133.4,136.41,1.0,155,0.493291199951172,call,2026-10-30,SPY,764.02001953125,2026-10-01T23:53:30.340620+00:00
640.0,126.03,128.46,124.3,2.0,110,0.4790701507568359,call,2026-10-30,SPY,764.02001953125,2026-10-01T23:53:30.340620+00:00
641.0,125.03,127.47,121.67,4.0,3239,0.47614049255371094,call,2026-10-30,SPY,764.02001953125,2026-10-01T23:53:30.340620+00:00
642.0,124.0,126.71,120.47,2.0,53,0.4797415307617187,call,2026-10-30,SPY,764.02001953125,2026-10-01T23:53:30.340620+00:00
644.0,122.02,124.76,112.72,,1,0.4746756634521484,call,2026-10-30,SPY,764.02001953125,2026-10-01T23:53:30.340620+00:00
645.0,121.04,123.73,119.67,2.0,21,0.47058634887695316,call,2026-10-30,SPY,764.02001953125,2026-10-01T23:53:30.340620+00:00
646.0,120.05,122.74,117.68,8.0,7,0.4676566906738281,call,2026-10-30,SPY,764.02001953125,2026-10-01T23:53:30.340620+00:00
648.0,118.07,120.81,114.96,,1,0.46307909973144534,call,2026-10-30,SPY,764.02001953125,2026-10-01T23:53:30.340620+00:00
649.0,122.68,125.95,124.55,1.0,0,0.5642743768310547,call,2026-10-30,SPY,764.02001953125,2026-10-01T23:53:30.340620+00:00
650.0,116.12,118.84,121.11,1.0,87,0.4574334042358399,call,2026-10-30,SPY,764.02001953125,2026-10-01T23:53:30.340620+00:00
651.0,0.0,0.0,120.1,1.0,0,1.0000000000000003e-05,call,2026-10-30,SPY,764.02001953125,2026-10-01T23:53:30.340620+00:00
652.0,114.11,116.85,114.83,2.0,2,0.4512383978271485,call,2026-10-30,SPY,764.02001953125,2026-10-01T23:53:30.340620+00:00
654.0,0.0,0.0,121.7,,0,1.0000000000000003e-05,call,2026-10-30,SPY,764.02001953125,2026-10-01T23:53:30.340620+00:00
655.0,111.13,113.9,115.24,2.0,68,0.4428156304931641,call,2026-10-30,SPY,764.02001953125,2026-10-01T23:53:30.340620+00:00
656.0,110.22,112.64,109.07,2.0,176,0.4328364822387696,call,2026-10-30,SPY,764.02001953125,2026-10-01T23:53:30.340620+00:00
657.0,109.2,111.93,109.91,2.0,2,0.4371394177246094,call,2026-10-30,SPY,764.02001953125,2026-10-01T23:53:30.340620+00:00
658.0,108.19,110.95,106.05,1.0,1,0.4343928631591797,call,2026-10-30,SPY,764.02001953125,2026-10-01T23:53:30.340620+00:00
659.0,0.0,0.0,109.99,,0,1.0000000000000003e-05,call,2026-10-30,SPY,764.02001953125,2026-10-01T23:53:30.340620+00:00
660.0,106.22,108.97,106.94,2.0,75,0.42841147766113286,call,2026-10-30,SPY,764.02001953125,2026-10-01T23:53:30.340620+00:00
661.0,105.26,107.97,110.44,4.0,11,0.42517664672851563,call,2026-10-30,SPY,764.02001953125,2026-10-01T23:53:30.340620+00:00
662.0,104.82,106.83,99.34,6.0,7,0.4184628466796875,call,2026-10-30,SPY,764.02001953125,2026-10-01T23:53:30.340620+00:00
663.0,103.28,106.02,110.91,1.0,1,0.41992767578125,call,2026-10-30,SPY,764.02001953125,2026-10-01T23:53:30.340620+00:00
664.0,102.29,105.04,107.23,1.0,1,0.4171811212158203,call,2026-10-30,SPY,764.02001953125,2026-10-01T23:53:30.340620+00:00
665.0,101.29,104.07,106.86,1.0,15,0.41464818756103516,call,2026-10-30,SPY,764.02001953125,2026-10-01T23:53:30.340620+00:00
666.0,100.31,103.02,99.99,1.0,14,0.4101926657104492,call,2026-10-30,SPY,764.02001953125,2026-10-01T23:53:30.340620+00:00
668.0,98.34,101.11,95.08,2.0,4,0.40582869567871094,call,2026-10-30,SPY,764.02001953125,2026-10-01T23:53:30.340620+00:00
669.0,97.35,100.12,93.12,1.0,2,0.4028380029296875,call,2026-10-30,SPY,764.02001953125,2026-10-01T23:53:30.340620+00:00
670.0,96.37,99.11,97.15,40.0,62,0.39932851654052737,call,2026-10-30,SPY,764.02001953125,2026-10-01T23:53:30.340620+00:00
671.0,95.39,98.15,91.73,2.0,0,0.3970092037963867,call,2026-10-30,SPY,764.02001953125,2026-10-01T23:53:30.340620+00:00
672.0,94.4,97.17,102.68,1.0,5,0.3942321319580079,call,2026-10-30,SPY,764.02001953125,2026-10-01T23:53:30.340620+00:00
673.0,93.42,96.19,93.0,1.0,29,0.3914245428466796,call,2026-10-30,SPY,764.02001953125,2026-10-01T23:53:30.340620+00:00
674.0,92.44,95.21,87.35,15.0,16,0.3885864364624023,call,2026-10-30,SPY,764.02001953125,2026-10-01T23:53:30.340620+00:00
675.0,91.46,94.22,86.24,1.0,5,0.38556522644042956,call,2026-10-30,SPY,764.02001953125,2026-10-01T23:53:30.340620+00:00
677.0,89.49,92.27,93.11,1.0,2,0.38013315185546875,call,2026-10-30,SPY,764.02001953125,2026-10-01T23:53:30.340620+00:00
678.0,88.51,91.29,91.91,1.0,2,0.3772645281982422,call,2026-10-30,SPY,764.02001953125,2026-10-01T23:53:30.340620+00:00
679.0,87.53,90.32,92.51,1.0,3,0.3746705599975586,call,2026-10-30,SPY,764.02001953125,2026-10-01T23:53:30.340620+00:00
680.0,86.6,89.04,86.9,30.0,115,0.36511865356445317,call,2026-10-30,SPY,764.02001953125,2026-10-01T23:53:30.340620+00:00
681.0,85.58,88.3,84.74,2.0,18,0.36762106994628907,call,2026-10-30,SPY,764.02001953125,2026-10-01T23:53:30.340620+00:00
682.0,84.6,87.36,86.18,1.0,3,0.365667964477539,call,2026-10-30,SPY,764.02001953125,2026-10-01T23:53:30.340620+00:00
683.0,83.62,86.38,81.66,1.0,2,0.3627993408203125,call,2026-10-30,SPY,764.02001953125,2026-10-01T23:53:30.340620+00:00
684.0,82.64,85.38,89.01,2.0,5,0.35950347534179683,call,2026-10-30,SPY,764.02001953125,2026-10-01T23:53:30.340620+00:00
685.0,81.67,84.4,81.92,7.0,15,0.3566043344116211,call,2026-10-30,SPY,764.02001953125,2026-10-01T23:53:30.340620+00:00
686.0,80.7,83.42,89.09,3.0,15,0.35370519348144525,call,2026-10-30,SPY,764.02001953125,2026-10-01T23:53:30.340620+00:00
687.0,79.74,82.44,85.8,2.0,13,0.3508365698242187,call,2026-10-30,SPY,764.02001953125,2026-10-01T23:53:30.340620+00:00
688.0,78.79,81.1,80.41,58.0,3558,0.34027759338378905,call,2026-10-30,SPY,764.02001953125,2026-10-01T23:53:30.340620+00:00
689.0,77.81,80.13,88.67,319.0,3379,0.33765310791015624,call,2026-10-30,SPY,764.02001953125,2026-10-01T23:53:30.340620+00:00
690.0,76.84,79.16,84.77,1.0,727,0.3349981051635742,call,2026-10-30,SPY,764.02001953125,2026-10-01T23:53:30.340620+00:00
691.0,75.83,78.43,82.15,2.0,3,0.33731741790771486,call,2026-10-30,SPY,764.02001953125,2026-10-01T23:53:30.340620+00:00
692.0,74.89,77.22,81.73,1.0,142,0.3296575823974609,call,2026-10-30,SPY,764.02001953125,2026-10-01T23:53:30.340620+00:00
693.0,73.92,76.25,76.1,1.0,2176,0.32697206237792964,call,2026-10-30,SPY,764.02001953125,2026-10-01T23:53:30.340620+00:00
694.0,72.93,75.67,84.16,3.0,30,0.3321599987792969,call,2026-10-30,SPY,764.02001953125,2026-10-01T23:53:30.340620+00:00
695.0,71.98,74.31,73.07,6.0,2241,0.3215705050659179,call,2026-10-30,SPY,764.02001953125,2026-10-01T23:53:30.340620+00:00
696.0,71.01,73.74,68.85,3.0,25,0.3268194760131836,call,2026-10-30,SPY,764.02001953125,2026-10-01T23:53:30.340620+00:00
697.0,70.0,72.77,73.57,2.0,9,0.32404240417480457,call,2026-10-30,SPY,764.02001953125,2026-10-01T23:53:30.340620+00:00
698.0,69.08,71.41,79.92,262.0,1494,0.31357497955322267,call,2026-10-30,SPY,764.02001953125,2026-10-01T23:53:30.340620+00:00
699.0,68.09,70.81,76.5,3.0,47,0.31799998413085934,call,2026-10-30,SPY,764.02001953125,2026-10-01T23:53:30.340620+00:00
700.0,67.15,69.48,67.35,10.0,1661,0.30823445678710937,call,2026-10-30,SPY,764.02001953125,2026-10-01T23:53:30.340620+00:00
701.0,66.14,68.83,76.24,1.0,0,0.3115913568115234,call,2026-10-30,SPY,764.02001953125,2026-10-01T23:53:30.340620+00:00
702.0,65.18,67.96,70.29,1.0,2,0.3106453213500976,call,2026-10-30,SPY,764.02001953125,2026-10-01T23:53:30.340620+00:00
703.0,64.22,66.99,69.27,1.0,4,0.3077766976928711,call,2026-10-30,SPY,764.02001953125,2026-10-01T23:53:30.340620+00:00
704.0,63.26,66.03,61.13,3.0,33,0.3050606604003906,call,2026-10-30,SPY,764.02001953125,2026-10-01T23:53:30.340620+00:00
705.0,62.33,65.05,62.5,42.0,69,0.3019784158325196,call,2026-10-30,SPY,764.02001953125,2026-10-01T23:53:30.340620+00:00
706.0,61.33,64.11,63.86,1.0,92,0.2996285858154296,call,2026-10-30,SPY,764.02001953125,2026-10-01T23:53:30.340620+00:00
707.0,60.39,63.16,63.0,7.0,29,0.29706513488769526,call,2026-10-30,SPY,764.02001953125,2026-10-01T23:53:30.340620+00:00
708.0,59.46,62.18,68.34,2.0,17,0.29395237304687494,call,2026-10-30,SPY,764.02001953125,2026-10-01T23:53:30.340620+00:00
709.0,58.47,61.23,70.24,2.0,17,0.29135840484619135,call,2026-10-30,SPY,764.02001953125,2026-10-01T23:53:30.340620+00:00
710.0,57.58,59.93,54.53,1.0,767,0.28253891296386713,call,2026-10-30,SPY,764.02001953125,2026-10-01T23:53:30.340620+00:00
711.0,56.58,59.33,58.93,1.0,98,0.28610943389892574,call,2026-10-30,SPY,764.02001953125,2026-10-01T23:53:30.340620+00:00
712.0,55.64,58.36,62.1,1.0,41,0.2830882238769531,call,2026-10-30,SPY,764.02001953125,2026-10-01T23:53:30.340620+00:00
713.0,54.68,57.46,52.6,3.0,79,0.2812877047729492,call,2026-10-30,SPY,764.02001953125,2026-10-01T23:53:30.340620+00:00
714.0,53.74,56.54,63.07,2.0,27,0.2790904611206054,call,2026-10-30,SPY,764.02001953125,2026-10-01T23:53:30.340620+00:00
715.0,53.21,54.45,50.32,1.0,998,0.25669078277587887,call,2026-10-30,SPY,764.02001953125,2026-10-01T23:53:30.340620+00:00
716.0,51.88,54.57,58.32,2.0,16,0.27246821289062495,call,2026-10-30,SPY,764.02001953125,2026-10-01T23:53:30.340620+00:00
717.0,51.02,53.72,56.95,1.0,24,0.27136959106445313,call,2026-10-30,SPY,764.02001953125,2026-10-01T23:53:30.340620+00:00
718.0,50.09,52.69,54.86,1.0,28,0.26724975921630856,call,2026-10-30,SPY,764.02001953125,2026-10-01T23:53:30.340620+00:00
719.0,49.17,51.82,56.22,2.0,106,0.2657544128417969,call,2026-10-30,SPY,764.02001953125,2026-10-01T23:53:30.340620+00:00
720.0,48.53,50.89,53.65,4.0,1315,0.263251996459961,call,2026-10-30,SPY,764.02001953125,2026-10-01T23:53:30.340620+00:00
721.0,47.33,49.95,53.29,1.0,15,0.2605359591674804,call,2026-10-30,SPY,764.02001953125,2026-10-01T23:53:30.340620+00:00
722.0,46.42,48.94,45.28,1.0,50,0.2567213000488281,call,2026-10-30,SPY,764.02001953125,2026-10-01T23:53:30.340620+00:00
723.0,45.51,48.13,48.7,4.0,40,0.2560194027709961,call,2026-10-30,SPY,764.02001953125,2026-10-01T23:53:30.340620+00:00
724.0,44.6,47.2,46.0,74.0,56,0.2533949172973633,call,2026-10-30,SPY,764.02001953125,2026-10-01T23:53:30.340620+00:00
725.0,43.7,46.28,44.9,2.0,527,0.2508925009155273,call,2026-10-30,SPY,764.02001953125,2026-10-01T23:53:30.340620+00:00
726.0,42.79,45.35,41.2,2.0,79,0.24817646362304688,call,2026-10-30,SPY,764.02001953125,2026-10-01T23:53:30.340620+00:00
727.0,41.9,44.32,41.68,2.0,56,0.2439650799560547,call,2026-10-30,SPY,764.02001953125,2026-10-01T23:53:30.340620+00:00
728.0,41.01,43.51,42.03,10.0,287,0.2430190444946289,call,2026-10-30,SPY,764.02001953125,2026-10-01T23:53:30.340620+00:00
729.0,40.12,42.6,45.87,1.0,95,0.24054714538574218,call,2026-10-30,SPY,764.02001953125,2026-10-01T23:53:30.340620+00:00
730.0,39.23,41.68,39.78,44.0,865,0.23789214263916014,call,2026-10-30,SPY,764.02001953125,2026-10-01T23:53:30.340620+00:00
731.0,38.35,40.78,38.8,5.0,96,0.23548127807617186,call,2026-10-30,SPY,764.02001953125,2026-10-01T23:53:30.340620+00:00
732.0,37.47,39.87,40.17,1.0,92,0.23288730987548828,call,2026-10-30,SPY,764.02001953125,2026-10-01T23:53:30.340620+00:00
733.0,36.6,38.97,37.51,1.0,121,0.23038489349365232,call,2026-10-30,SPY,764.02001953125,2026-10-01T23:53:30.340620+00:00
734.0,35.74,38.07,36.9,1.0,45,0.2278519598388672,call,2026-10-30,SPY,764.02001953125,2026-10-01T23:53:30.340620+00:00
735.0,34.87,37.09,35.16,38.0,312,0.22415936981201168,call,2026-10-30,SPY,764.02001953125,2026-10-01T23:53:30.340620+00:00
736.0,34.71,35.36,35.0,2.0,64,0.20995357925415037,call,2026-10-30,SPY,764.02001953125,2026-10-01T23:53:30.340620+00:00
737.0,33.16,35.42,31.11,2.0,126,0.22071091796874998,call,2026-10-30,SPY,764.02001953125,2026-10-01T23:53:30.340620+00:00
738.0,32.31,34.46,36.88,1.0,144,0.21720143157958982,call,2026-10-30,SPY,764.02001953125,2026-10-01T23:53:30.340620+00:00
739.0,31.47,33.47,30.03,102.0,208,0.21323418609619144,call,2026-10-30,SPY,764.02001953125,2026-10-01T23:53:30.340620+00:00
740.0,31.34,31.83,31.71,125.0,2094,0.20050848327636717,call,2026-10-30,SPY,764.02001953125,2026-10-01T23:53:30.340620+00:00
741.0,29.79,31.96,33.41,1.0,145,0.21149470153808592,call,2026-10-30,SPY,764.02001953125,2026-10-01T23:53:30.340620+00:00
742.0,28.97,31.1,27.49,2.0,339,0.20911435424804684,call,2026-10-30,SPY,764.02001953125,2026-10-01T23:53:30.340620+00:00
743.0,28.85,30.19,26.11,2.0,1062,0.20603210968017577,call,2026-10-30,SPY,764.02001953125,2026-10-01T23:53:30.340620+00:00
744.0,27.51,29.26,26.0,2.0,280,0.20264469238281246,call,2026-10-30,SPY,764.02001953125,2026-10-01T23:53:30.340620+00:00
745.0,26.17,27.69,25.22,47.0,1456,0.19100235275268557,call,2026-10-30,SPY,764.02001953125,2026-10-01T23:53:30.340620+00:00
746.0,25.36,26.94,26.04,5.0,323,0.18988847229003908,call,2026-10-30,SPY,764.02001953125,2026-10-01T23:53:30.340620+00:00
747.0,24.91,26.82,25.8,10.0,325,0.1966175309753418,call,2026-10-30,SPY,764.02001953125,2026-10-01T23:53:30.340620+00:00
748.0,24.81,26.02,24.51,3.0,89,0.19463390823364257,call,2026-10-30,SPY,764.02001953125,2026-10-01T23:53:30.340620+00:00
749.0,23.32,25.23,24.3,25.0,464,0.1926960614013672,call,2026-10-30,SPY,764.02001953125,2026-10-01T23:53:30.340620+00:00
750.0,23.25,24.44,23.2,95.0,2831,0.19068192138671874,call,2026-10-30,SPY,764.02001953125,2026-10-01T23:53:30.340620+00:00
751.0,22.47,23.67,22.07,2.0,370,0.18882036773681643,call,2026-10-30,SPY,764.02001953125,2026-10-01T23:53:30.340620+00:00
752.0,21.7,22.18,21.8,4.0,192,0.1782003567504883,call,2026-10-30,SPY,764.02001953125,2026-10-01T23:53:30.340620+00:00
753.0,20.96,21.43,21.17,19.0,48,0.17647613082885744,call,2026-10-30,SPY,764.02001953125,2026-10-01T23:53:30.340620+00:00
754.0,20.21,21.12,20.52,10.0,208,0.17990932403564452,call,2026-10-30,SPY,764.02001953125,2026-10-01T23:53:30.340620+00:00
755.0,19.56,19.88,19.91,152.0,1016,0.172157936706543,call,2026-10-30,SPY,764.02001953125,2026-10-01T23:53:30.340620+00:00
756.0,18.75,19.21,18.82,27.0,91,0.1711050907897949,call,2026-10-30,SPY,764.02001953125,2026-10-01T23:53:30.340620+00:00
757.0,18.04,18.48,18.26,21.0,363,0.16922827850341798,call,2026-10-30,SPY,764.02001953125,2026-10-01T23:53:30.340620+00:00
758.0,17.33,17.78,17.47,70.0,246,0.1676108630371094,call,2026-10-30,SPY,764.02001953125,2026-10-01T23:53:30.340620+00:00
759.0,16.26,17.35,16.75,141.0,380,0.16899939895629884,call,2026-10-30,SPY,764.02001953125,2026-10-01T23:53:30.340620+00:00
760.0,16.04,16.3,15.98,1431.0,3849,0.16309430664062502,call,2026-10-30,SPY,764.02001953125,2026-10-01T23:53:30.340620+00:00
761.0,15.28,15.69,14.94,532.0,402,0.16217878845214845,call,2026-10-30,SPY,764.02001953125,2026-10-01T23:53:30.340620+00:00
762.0,14.71,15.04,14.8,711.0,291,0.1606529248046875,call,2026-10-30,SPY,764.02001953125,2026-10-01T23:53:30.340620+00:00
763.0,13.97,14.31,13.86,1133.0,396,0.15811999114990233,call,2026-10-30,SPY,764.02001953125,2026-10-01T23:53:30.340620+00:00
764.0,13.41,13.78,13.0,971.0,762,0.1577385252380371,call,2026-10-30,SPY,764.02001953125,2026-10-01T23:53:30.340620+00:00
765.0,12.97,12.99,12.94,3554.0,2452,0.15424429748535157,call,2026-10-30,SPY,764.02001953125,2026-10-01T23:53:30.340620+00:00
766.0,12.34,12.38,12.68,928.0,1861,0.15268791656494146,call,2026-10-30,SPY,764.02001953125,2026-10-01T23:53:30.340620+00:00
767.0,11.75,11.79,11.6,1314.0,1862,0.1512078288269043,call,2026-10-30,SPY,764.02001953125,2026-10-01T23:53:30.340620+00:00
768.0,11.17,11.21,11.1,622.0,1982,0.149697223815918,call,2026-10-30,SPY,764.02001953125,2026-10-01T23:53:30.340620+00:00
769.0,10.61,10.65,10.48,845.0,1748,0.1482934292602539,call,2026-10-30,SPY,764.02001953125,2026-10-01T23:53:30.340620+00:00
770.0,10.06,10.1,9.96,1959.0,7128,0.14682860015869142,call,2026-10-30,SPY,764.02001953125,2026-10-01T23:53:30.340620+00:00
771.0,9.53,9.57,9.69,474.0,1470,0.14545532287597657,call,2026-10-30,SPY,764.02001953125,2026-10-01T23:53:30.340620+00:00
772.0,9.02,9.05,8.77,430.0,542,0.14403626968383787,call,2026-10-30,SPY,764.02001953125,2026-10-01T23:53:30.340620+00:00
773.0,8.52,8.55,8.31,282.0,701,0.1426935096740723,call,2026-10-30,SPY,764.02001953125,2026-10-01T23:53:30.340620+00:00
774.0,8.04,8.07,8.28,189.0,1742,0.1414270428466797,call,2026-10-30,SPY,764.02001953125,2026-10-01T23:53:30.340620+00:00
775.0,7.57,7.61,7.6,1200.0,5778,0.14020635192871095,call,2026-10-30,SPY,764.02001953125,2026-10-01T23:53:30.340620+00:00
776.0,7.12,7.16,7.09,447.0,1764,0.138955143737793,call,2026-10-30,SPY,764.02001953125,2026-10-01T23:53:30.340620+00:00
777.0,6.69,6.73,6.63,339.0,1328,0.13776497009277344,call,2026-10-30,SPY,764.02001953125,2026-10-01T23:53:30.340620+00:00
778.0,6.28,6.31,6.11,307.0,1759,0.1365290205383301,call,2026-10-30,SPY,764.02001953125,2026-10-01T23:53:30.340620+00:00
779.0,5.88,5.92,5.82,362.0,1142,0.13547617462158207,call,2026-10-30,SPY,764.02001953125,2026-10-01T23:53:30.340620+00:00
780.0,5.51,5.54,5.41,2579.0,8082,0.1343775527954102,call,2026-10-30,SPY,764.02001953125,2026-10-01T23:53:30.340620+00:00
781.0,5.14,5.17,5.0,505.0,973,0.1332178964233398,call,2026-10-30,SPY,764.02001953125,2026-10-01T23:53:30.340620+00:00
782.0,4.8,4.83,5.0,95.0,1839,0.13227186096191407,call,2026-10-30,SPY,764.02001953125,2026-10-01T23:53:30.340620+00:00
783.0,4.47,4.5,4.26,266.0,22563,0.13126479095458982,call,2026-10-30,SPY,764.02001953125,2026-10-01T23:53:30.340620+00:00
784.0,4.16,4.19,4.01,233.0,729,0.13034927276611324,call,2026-10-30,SPY,764.02001953125,2026-10-01T23:53:30.340620+00:00
785.0,3.86,3.89,3.59,485.0,11040,0.12937272003173828,call,2026-10-30,SPY,764.02001953125,2026-10-01T23:53:30.340620+00:00
786.0,3.58,3.61,3.42,257.0,720,0.12847246047973632,call,2026-10-30,SPY,764.02001953125,2026-10-01T23:53:30.340620+00:00
787.0,3.32,3.35,3.19,260.0,563,0.12769427001953126,call,2026-10-30,SPY,764.02001953125,2026-10-01T23:53:30.340620+00:00
788.0,3.07,3.1,2.96,200.0,679,0.12687030364990232,call,2026-10-30,SPY,764.02001953125,2026-10-01T23:53:30.340620+00:00
789.0,2.84,2.87,2.83,303.0,1385,0.1261684063720703,call,2026-10-30,SPY,764.02001953125,2026-10-01T23:53:30.340620+00:00
790.0,2.61,2.64,2.6,3045.0,23558,0.12525288818359376,call,2026-10-30,SPY,764.02001953125,2026-10-01T23:53:30.340620+00:00
791.0,2.41,2.44,2.35,524.0,575,0.12464254272460937,call,2026-10-30,SPY,764.02001953125,2026-10-01T23:53:30.340620+00:00
792.0,2.22,2.25,2.21,366.0,1141,0.124032197265625,call,2026-10-30,SPY,764.02001953125,2026-10-01T23:53:30.340620+00:00
793.0,2.04,2.07,2.0,122.0,918,0.12339133453369142,call,2026-10-30,SPY,764.02001953125,2026-10-01T23:53:30.340620+00:00
794.0,1.87,1.9,1.81,210.0,2040,0.12275047180175781,call,2026-10-30,SPY,764.02001953125,2026-10-01T23:53:30.340620+00:00
795.0,1.72,1.74,1.71,7143.0,4925,0.12207909179687501,call,2026-10-30,SPY,764.02001953125,2026-10-01T23:53:30.340620+00:00
796.0,1.58,1.6,1.54,147.0,1045,0.12165184997558594,call,2026-10-30,SPY,764.02001953125,2026-10-01T23:53:30.340620+00:00
797.0,1.44,1.47,1.42,154.0,1773,0.12122460815429686,call,2026-10-30,SPY,764.02001953125,2026-10-01T23:53:30.340620+00:00
798.0,1.32,1.34,1.32,222.0,5105,0.1206142626953125,call,2026-10-30,SPY,764.02001953125,2026-10-01T23:53:30.340620+00:00
799.0,1.21,1.23,1.21,390.0,1299,0.1203090899658203,call,2026-10-30,SPY,764.02001953125,2026-10-01T23:53:30.340620+00:00
800.0,1.1,1.12,1.09,3974.0,36843,0.1198208135986328,call,2026-10-30,SPY,764.02001953125,2026-10-01T23:53:30.340620+00:00
801.0,1.01,1.03,0.92,160.0,993,0.11963770996093749,call,2026-10-30,SPY,764.02001953125,2026-10-01T23:53:30.340620+00:00
802.0,0.92,0.94,0.9,222.0,1031,0.11927150268554687,call,2026-10-30,SPY,764.02001953125,2026-10-01T23:53:30.340620+00:00
803.0,0.84,0.86,0.77,347.0,2116,0.11902736450195311,call,2026-10-30,SPY,764.02001953125,2026-10-01T23:53:30.340620+00:00
804.0,0.77,0.79,0.81,1247.0,934,0.11896632995605468,call,2026-10-30,SPY,764.02001953125,2026-10-01T23:53:30.340620+00:00
805.0,0.7,0.72,0.7,2300.0,8137,0.11872219177246093,call,2026-10-30,SPY,764.02001953125,2026-10-01T23:53:30.340620+00:00
806.0,0.64,0.66,0.68,1086.0,1841,0.1186611572265625,call,2026-10-30,SPY,764.02001953125,2026-10-01T23:53:30.340620+00:00
807.0,0.59,0.6,0.61,74.0,3025,0.11841701904296875,call,2026-10-30,SPY,764.02001953125,2026-10-01T23:53:30.340620+00:00
808.0,0.54,0.55,0.57,281.0,1244,0.11835598449707031,call,2026-10-30,SPY,764.02001953125,2026-10-01T23:53:30.340620+00:00
809.0,0.49,0.51,0.49,30.0,1982,0.1186611572265625,call,2026-10-30,SPY,764.02001953125,2026-10-01T23:53:30.340620+00:00
810.0,0.45,0.47,0.48,711.0,3620,0.11878322631835936,call,2026-10-30,SPY,764.02001953125,2026-10-01T23:53:30.340620+00:00
811.0,0.42,0.43,0.44,34.0,707,0.11878322631835936,call,2026-10-30,SPY,764.02001953125,2026-10-01T23:53:30.340620+00:00
812.0,0.38,0.4,0.38,213.0,502,0.11914943359374999,call,2026-10-30,SPY,764.02001953125,2026-10-01T23:53:30.340620+00:00
813.0,0.35,0.36,0.37,109.0,426,0.11878322631835936,call,2026-10-30,SPY,764.02001953125,2026-10-01T23:53:30.340620+00:00
814.0,0.32,0.33,0.28,234.0,1690,0.11890529541015624,call,2026-10-30,SPY,764.02001953125,2026-10-01T23:53:30.340620+00:00
815.0,0.3,0.31,0.3,130.0,2645,0.11951564086914063,call,2026-10-30,SPY,764.02001953125,2026-10-01T23:53:30.340620+00:00
816.0,0.28,0.29,0.26,66.0,2608,0.12000391723632811,call,2026-10-30,SPY,764.02001953125,2026-10-01T23:53:30.340620+00:00
817.0,0.26,0.27,0.25,215.0,2775,0.12049219360351562,call,2026-10-30,SPY,764.02001953125,2026-10-01T23:53:30.340620+00:00
818.0,0.24,0.25,0.19,42.0,2329,0.12073633178710938,call,2026-10-30,SPY,764.02001953125,2026-10-01T23:53:30.340620+00:00
819.0,0.22,0.23,0.21,22.0,1611,0.12098046997070314,call,2026-10-30,SPY,764.02001953125,2026-10-01T23:53:30.340620+00:00
820.0,0.2,0.22,0.21,160.0,5616,0.12183495361328125,call,2026-10-30,SPY,764.02001953125,2026-10-01T23:53:30.340620+00:00
821.0,0.19,0.2,0.19,105.0,2792,0.12183495361328125,call,2026-10-30,SPY,764.02001953125,2026-10-01T23:53:30.340620+00:00
822.0,0.18,0.19,0.18,26.0,673,0.12268943725585937,call,2026-10-30,SPY,764.02001953125,2026-10-01T23:53:30.340620+00:00
823.0,0.17,0.18,0.18,1.0,879,0.12329978271484376,call,2026-10-30,SPY,764.02001953125,2026-10-01T23:53:30.340620+00:00
824.0,0.16,0.17,0.15,77.0,1616,0.124032197265625,call,2026-10-30,SPY,764.02001953125,2026-10-01T23:53:30.340620+00:00
825.0,0.15,0.16,0.14,69.0,4464,0.12476461181640625,call,2026-10-30,SPY,764.02001953125,2026-10-01T23:53:30.340620+00:00
826.0,0.14,0.15,0.12,582.0,131,0.12525288818359376,call,2026-10-30,SPY,764.02001953125,2026-10-01T23:53:30.340620+00:00
827.0,0.13,0.14,0.11,4048.0,2204,0.12574116455078127,call,2026-10-30,SPY,764.02001953125,2026-10-01T23:53:30.340620+00:00
828.0,0.12,0.13,0.17,3.0,58,0.125985302734375,call,2026-10-30,SPY,764.02001953125,2026-10-01T23:53:30.340620+00:00
829.0,0.12,0.13,0.1,7570.0,1096,0.12769427001953126,call,2026-10-30,SPY,764.02001953125,2026-10-01T23:53:30.340620+00:00
830.0,0.11,0.12,0.12,1078.0,16569,0.127938408203125,call,2026-10-30,SPY,764.02001953125,2026-10-01T23:53:30.340620+00:00
831.0,0.1,0.11,0.09,3799.0,386,0.127938408203125,call,2026-10-30,SPY,764.02001953125,2026-10-01T23:53:30.340620+00:00
832.0,0.1,0.11,0.1,1121.0,510,0.12964737548828126,call,2026-10-30,SPY,764.02001953125,2026-10-01T23:53:30.340620+00:00
833.0,0.09,0.1,0.08,314.0,440,0.12964737548828126,call,2026-10-30,SPY,764.02001953125,2026-10-01T23:53:30.340620+00:00
834.0,0.09,0.1,0.08,366.0,9953,0.13111220458984374,call,2026-10-30,SPY,764.02001953125,2026-10-01T23:53:30.340620+00:00
835.0,0.08,0.09,0.09,91.0,3249,0.13086806640624998,call,2026-10-30,SPY,764.02001953125,2026-10-01T23:53:30.340620+00:00
840.0,0.06,0.08,0.07,76.0,856,0.13672738281250002,call,2026-10-30,SPY,764.02001953125,2026-10-01T23:53:30.340620+00:00
845.0,0.05,0.06,0.05,2.0,624,0.13916876464843753,call,2026-10-30,SPY,764.02001953125,2026-10-01T23:53:30.340620+00:00
850.0,0.04,0.05,0.04,152.0,2345,0.143563251953125,call,2026-10-30,SPY,764.02001953125,2026-10-01T23:53:30.340620+00:00
855.0,0.03,0.04,0.04,72.0,1020,0.147469462890625,call,2026-10-30,SPY,764.02001953125,2026-10-01T23:53:30.340620+00:00
860.0,0.03,0.04,0.05,26.0,1618,0.1538170556640625,call,2026-10-30,SPY,764.02001953125,2026-10-01T23:53:30.340620+00:00
865.0,0.02,0.03,0.04,1.0,995,0.1562584375,call,2026-10-30,SPY,764.02001953125,2026-10-01T23:53:30.340620+00:00
870.0,0.02,0.03,0.03,10.0,657,0.16211775390625,call,2026-10-30,SPY,764.02001953125,2026-10-01T23:53:30.340620+00:00
875.0,0.01,0.03,0.03,24.0,473,0.16895362304687503,call,2026-10-30,SPY,764.02001953125,2026-10-01T23:53:30.340620+00:00
880.0,0.01,0.02,0.03,24.0,587,0.16895362304687503,call,2026-10-30,SPY,764.02001953125,2026-10-01T23:53:30.340620+00:00
885.0,0.01,0.02,0.01,3.0,294,0.174812939453125,call,2026-10-30,SPY,764.02001953125,2026-10-01T23:53:30.340620+00:00
890.0,0.01,0.02,0.01,20.0,472,0.18164880859375,call,2026-10-30,SPY,764.02001953125,2026-10-01T23:53:30.340620+00:00
895.0,0.01,0.02,0.01,2.0,156,0.187508125,call,2026-10-30,SPY,764.02001953125,2026-10-01T23:53:30.340620+00:00
900.0,0.01,0.02,0.02,1.0,1639,0.19336744140625,call,2026-10-30,SPY,764.02001953125,2026-10-01T23:53:30.340620+00:00
910.0,0.0,0.01,0.02,1.0,1,0.19336744140625,call,2026-10-30,SPY,764.02001953125,2026-10-01T23:53:30.340620+00:00
915.0,0.0,0.01,0.01,1.0,1,0.1992267578125,call,2026-10-30,SPY,764.02001953125,2026-10-01T23:53:30.340620+00:00
920.0,0.0,0.01,0.01,2.0,16,0.20313296874999998,call,2026-10-30,SPY,764.02001953125,2026-10-01T23:53:30.340620+00:00
925.0,0.0,0.01,0.01,100.0,100,0.21094539062499998,call,2026-10-30,SPY,764.02001953125,2026-10-01T23:53:30.340620+00:00
930.0,0.0,0.01,0.01,5.0,17,0.2148516015625,call,2026-10-30,SPY,764.02001953125,2026-10-01T23:53:30.340620+00:00
470.0,0.04,0.05,0.05,598.0,77574,0.5742230078125,put,2026-10-30,SPY,764.02001953125,2026-10-01T23:53:30.340620+00:00
475.0,0.05,0.06,0.06,3.0,386,0.5732464550781251,put,2026-10-30,SPY,764.02001953125,2026-10-01T23:53:30.340620+00:00
480.0,0.05,0.06,0.06,73.0,445,0.561527822265625,put,2026-10-30,SPY,764.02001953125,2026-10-01T23:53:30.340620+00:00
485.0,0.05,0.06,0.07,100.0,140,0.5498091894531252,put,2026-10-30,SPY,764.02001953125,2026-10-01T23:53:30.340620+00:00
490.0,0.06,0.07,0.07,1.0,243,0.5468795312500001,put,2026-10-30,SPY,764.02001953125,2026-10-01T23:53:30.340620+00:00
495.0,0.06,0.07,0.08,30.0,250,0.5351608984375,put,2026-10-30,SPY,764.02001953125,2026-10-01T23:53:30.340620+00:00
500.0,0.06,0.07,0.07,47.0,1901,0.523442265625,put,2026-10-30,SPY,764.02001953125,2026-10-01T23:53:30.340620+00:00
505.0,0.07,0.08,0.09,7.0,270,0.5195360546875,put,2026-10-30,SPY,764.02001953125,2026-10-01T23:53:30.340620+00:00
510.0,0.07,0.08,0.08,40.0,750,0.507817421875,put,2026-10-30,SPY,764.02001953125,2026-10-01T23:53:30.340620+00:00
515.0,0.08,0.09,0.09,4.0,325,0.5029346582031251,put,2026-10-30,SPY,764.02001953125,2026-10-01T23:53:30.340620+00:00
520.0,0.09,0.1,0.1,1.0,488,0.500005,put,2026-10-30,SPY,764.02001953125,2026-10-01T23:53:30.340620+00:00
525.0,0.09,0.1,0.11,2.0,403,0.48828636718750007,put,2026-10-30,SPY,764.02001953125,2026-10-01T23:53:30.340620+00:00
530.0,0.1,0.11,0.12,1.0,611,0.481450498046875,put,2026-10-30,SPY,764.02001953125,2026-10-01T23:53:30.340620+00:00
535.0,0.11,0.12,0.14,3.0,219,0.47461462890625,put,2026-10-30,SPY,764.02001953125,2026-10-01T23:53:30.340620+00:00
540.0,0.12,0.13,0.14,12.0,574,0.467778759765625,put,2026-10-30,SPY,764.02001953125,2026-10-01T23:53:30.340620+00:00
545.0,0.12,0.13,0.16,2.0,481,0.45606012695312503,put,2026-10-30,SPY,764.02001953125,2026-10-01T23:53:30.340620+00:00
550.0,0.13,0.14,0.16,700.0,611,0.44824770507812495,put,2026-10-30,SPY,764.02001953125,2026-10-01T23:53:30.340620+00:00
555.0,0.14,0.15,0.18,76.0,443,0.44043528320312497,put,2026-10-30,SPY,764.02001953125,2026-10-01T23:53:30.340620+00:00
560.0,0.15,0.16,0.2,14.0,376,0.432622861328125,put,2026-10-30,SPY,764.02001953125,2026-10-01T23:53:30.340620+00:00
565.0,0.16,0.17,0.18,10.0,246,0.4243221630859375,put,2026-10-30,SPY,764.02001953125,2026-10-01T23:53:30.340620+00:00
570.0,0.17,0.18,0.23,2.0,150615,0.41602146484374997,put,2026-10-30,SPY,764.02001953125,2026-10-01T23:53:30.340620+00:00
575.0,0.19,0.2,0.21,1.0,1306,0.4096738720703125,put,2026-10-30,SPY,764.02001953125,2026-10-01T23:53:30.340620+00:00
580.0,0.2,0.21,0.21,629.0,3041,0.4008848974609375,put,2026-10-30,SPY,764.02001953125,2026-10-01T23:53:30.340620+00:00
585.0,0.21,0.22,0.21,4.0,569,0.3920959228515625,put,2026-10-30,SPY,764.02001953125,2026-10-01T23:53:30.340620+00:00
590.0,0.23,0.24,0.23,2.0,972,0.3850159155273437,put,2026-10-30,SPY,764.02001953125,2026-10-01T23:53:30.340620+00:00
595.0,0.24,0.25,0.25,52.0,21347,0.37573866455078125,put,2026-10-30,SPY,764.02001953125,2026-10-01T23:53:30.340620+00:00
600.0,0.26,0.27,0.28,158.0,21781,0.36817038085937503,put,2026-10-30,SPY,764.02001953125,2026-10-01T23:53:30.340620+00:00
605.0,0.28,0.29,0.3,12.0,1089,0.36035795898437495,put,2026-10-30,SPY,764.02001953125,2026-10-01T23:53:30.340620+00:00
610.0,0.3,0.31,0.31,9.0,1136,0.3523013989257812,put,2026-10-30,SPY,764.02001953125,2026-10-01T23:53:30.340620+00:00
615.0,0.32,0.33,0.33,2.0,718,0.34400070068359373,put,2026-10-30,SPY,764.02001953125,2026-10-01T23:53:30.340620+00:00
620.0,0.34,0.35,0.37,26.0,2618,0.3354558642578125,put,2026-10-30,SPY,764.02001953125,2026-10-01T23:53:30.340620+00:00
625.0,0.37,0.38,0.38,215.0,1049,0.3278875805664062,put,2026-10-30,SPY,764.02001953125,2026-10-01T23:53:30.340620+00:00
630.0,0.39,0.4,0.4,85.0,2162,0.3188544677734374,put,2026-10-30,SPY,764.02001953125,2026-10-01T23:53:30.340620+00:00
635.0,0.42,0.43,0.43,29.0,679,0.3107979077148437,put,2026-10-30,SPY,764.02001953125,2026-10-01T23:53:30.340620+00:00
640.0,0.45,0.46,0.46,101.0,644,0.30249720947265624,put,2026-10-30,SPY,764.02001953125,2026-10-01T23:53:30.340620+00:00
641.0,0.46,0.47,0.59,14.0,404,0.3012765185546875,put,2026-10-30,SPY,764.02001953125,2026-10-01T23:53:30.340620+00:00
642.0,0.47,0.48,0.41,6.0,135,0.2999337585449219,put,2026-10-30,SPY,764.02001953125,2026-10-01T23:53:30.340620+00:00
643.0,0.47,0.48,0.5,3.0,394,0.29761444580078117,put,2026-10-30,SPY,764.02001953125,2026-10-01T23:53:30.340620+00:00
644.0,0.48,0.49,0.62,1.0,406,0.2962716857910156,put,2026-10-30,SPY,764.02001953125,2026-10-01T23:53:30.340620+00:00
645.0,0.49,0.5,0.49,3.0,486,0.29492892578124996,put,2026-10-30,SPY,764.02001953125,2026-10-01T23:53:30.340620+00:00
646.0,0.5,0.51,0.64,1.0,361,0.2934640966796874,put,2026-10-30,SPY,764.02001953125,2026-10-01T23:53:30.340620+00:00
647.0,0.5,0.51,0.59,202.0,257,0.2912668530273437,put,2026-10-30,SPY,764.02001953125,2026-10-01T23:53:30.340620+00:00
648.0,0.51,0.52,0.59,5.0,413,0.2898020239257812,put,2026-10-30,SPY,764.02001953125,2026-10-01T23:53:30.340620+00:00
649.0,0.52,0.53,0.71,13.0,266,0.28833719482421866,put,2026-10-30,SPY,764.02001953125,2026-10-01T23:53:30.340620+00:00
650.0,0.53,0.54,0.57,52.0,8366,0.2868723657226562,put,2026-10-30,SPY,764.02001953125,2026-10-01T23:53:30.340620+00:00
651.0,0.54,0.55,0.74,4.0,152,0.2854075366210937,put,2026-10-30,SPY,764.02001953125,2026-10-01T23:53:30.340620+00:00
652.0,0.54,0.55,0.54,5.0,474,0.2829661547851562,put,2026-10-30,SPY,764.02001953125,2026-10-01T23:53:30.340620+00:00
653.0,0.55,0.56,0.68,2.0,479,0.2815013256835937,put,2026-10-30,SPY,764.02001953125,2026-10-01T23:53:30.340620+00:00
654.0,0.56,0.57,0.75,6.0,189,0.28003649658203117,put,2026-10-30,SPY,764.02001953125,2026-10-01T23:53:30.340620+00:00
655.0,0.57,0.58,0.61,6018.0,6221,0.2784495983886719,put,2026-10-30,SPY,764.02001953125,2026-10-01T23:53:30.340620+00:00
656.0,0.58,0.59,0.68,51.0,455,0.27686270019531245,put,2026-10-30,SPY,764.02001953125,2026-10-01T23:53:30.340620+00:00
657.0,0.59,0.6,0.6,5.0,505,0.27539787109374997,put,2026-10-30,SPY,764.02001953125,2026-10-01T23:53:30.340620+00:00
658.0,0.6,0.61,0.79,2.0,85,0.27368890380859373,put,2026-10-30,SPY,764.02001953125,2026-10-01T23:53:30.340620+00:00
659.0,0.61,0.62,0.65,2.0,314,0.2722240747070312,put,2026-10-30,SPY,764.02001953125,2026-10-01T23:53:30.340620+00:00
660.0,0.62,0.63,0.64,152.0,876,0.270515107421875,put,2026-10-30,SPY,764.02001953125,2026-10-01T23:53:30.340620+00:00
661.0,0.63,0.64,0.84,12.0,78,0.26892820922851557,put,2026-10-30,SPY,764.02001953125,2026-10-01T23:53:30.340620+00:00
662.0,0.64,0.65,0.61,15.0,256,0.2672192419433594,put,2026-10-30,SPY,764.02001953125,2026-10-01T23:53:30.340620+00:00
663.0,0.65,0.66,0.87,188.0,601,0.26563234375,put,2026-10-30,SPY,764.02001953125,2026-10-01T23:53:30.340620+00:00
664.0,0.66,0.68,0.91,1.0,821,0.26453372192382807,put,2026-10-30,SPY,764.02001953125,2026-10-01T23:53:30.340620+00:00
665.0,0.67,0.68,0.67,16.0,655,0.2622144091796875,put,2026-10-30,SPY,764.02001953125,2026-10-01T23:53:30.340620+00:00
666.0,0.68,0.7,0.89,11.0,388,0.2611157873535156,put,2026-10-30,SPY,764.02001953125,2026-10-01T23:53:30.340620+00:00
667.0,0.7,0.71,0.73,1.0,308,0.2594068200683594,put,2026-10-30,SPY,764.02001953125,2026-10-01T23:53:30.340620+00:00
668.0,0.71,0.72,0.67,1.0,76,0.2576978527832031,put,2026-10-30,SPY,764.02001953125,2026-10-01T23:53:30.340620+00:00
669.0,0.72,0.73,0.93,5.0,146,0.25586681640625003,put,2026-10-30,SPY,764.02001953125,2026-10-01T23:53:30.340620+00:00
670.0,0.73,0.75,0.74,26.0,76464,0.25476819458007816,put,2026-10-30,SPY,764.02001953125,2026-10-01T23:53:30.340620+00:00
671.0,0.75,0.76,0.86,31.0,156,0.252937158203125,put,2026-10-30,SPY,764.02001953125,2026-10-01T23:53:30.340620+00:00
672.0,0.76,0.77,0.99,1.0,70,0.25110612182617187,put,2026-10-30,SPY,764.02001953125,2026-10-01T23:53:30.340620+00:00
673.0,0.77,0.79,0.78,4.0,820,0.24988543090820312,put,2026-10-30,SPY,764.02001953125,2026-10-01T23:53:30.340620+00:00
674.0,0.79,0.8,0.81,4.0,213,0.24805439453125,put,2026-10-30,SPY,764.02001953125,2026-10-01T23:53:30.340620+00:00
675.0,0.8,0.82,0.82,178.0,1597,0.2467116345214844,put,2026-10-30,SPY,764.02001953125,2026-10-01T23:53:30.340620+00:00
676.0,0.82,0.83,0.96,3.0,91,0.24488059814453128,put,2026-10-30,SPY,764.02001953125,2026-10-01T23:53:30.340620+00:00
677.0,0.83,0.85,0.87,22.0,196,0.24353783813476562,put,2026-10-30,SPY,764.02001953125,2026-10-01T23:53:30.340620+00:00
678.0,0.85,0.86,1.05,8.0,290,0.24164576721191405,put,2026-10-30,SPY,764.02001953125,2026-10-01T23:53:30.340620+00:00
679.0,0.86,0.88,1.13,1.0,312,0.24024197265624997,put,2026-10-30,SPY,764.02001953125,2026-10-01T23:53:30.340620+00:00
680.0,0.88,0.9,0.91,193.0,2170,0.23883817810058594,put,2026-10-30,SPY,764.02001953125,2026-10-01T23:53:30.340620+00:00
681.0,0.9,0.91,1.14,14.0,394,0.23688507263183595,put,2026-10-30,SPY,764.02001953125,2026-10-01T23:53:30.340620+00:00
682.0,0.92,0.93,0.93,45.0,300,0.2354202435302734,put,2026-10-30,SPY,764.02001953125,2026-10-01T23:53:30.340620+00:00
683.0,0.94,0.95,0.93,98.0,1822,0.23389437988281248,put,2026-10-30,SPY,764.02001953125,2026-10-01T23:53:30.340620+00:00
684.0,0.96,0.97,0.97,40.0,594,0.23242955078125,put,2026-10-30,SPY,764.02001953125,2026-10-01T23:53:30.340620+00:00
685.0,0.98,0.99,0.99,73.0,12444,0.23084265258789063,put,2026-10-30,SPY,764.02001953125,2026-10-01T23:53:30.340620+00:00
686.0,0.99,1.01,1.08,41.0,336,0.22925575439453127,put,2026-10-30,SPY,764.02001953125,2026-10-01T23:53:30.340620+00:00
687.0,1.02,1.03,1.08,4.0,286,0.22766885620117186,put,2026-10-30,SPY,764.02001953125,2026-10-01T23:53:30.340620+00:00
688.0,1.04,1.05,1.05,19.0,3431,0.2260819580078125,put,2026-10-30,SPY,764.02001953125,2026-10-01T23:53:30.340620+00:00
689.0,1.06,1.08,1.08,28.0,3253,0.22486126708984372,put,2026-10-30,SPY,764.02001953125,2026-10-01T23:53:30.340620+00:00
690.0,1.08,1.1,1.13,143.0,5640,0.22321333435058593,put,2026-10-30,SPY,764.02001953125,2026-10-01T23:53:30.340620+00:00
691.0,1.11,1.12,1.1,56.0,375,0.22150436706542967,put,2026-10-30,SPY,764.02001953125,2026-10-01T23:53:30.340620+00:00
692.0,1.13,1.15,1.55,3.0,135,0.22022264160156246,put,2026-10-30,SPY,764.02001953125,2026-10-01T23:53:30.340620+00:00
693.0,1.16,1.18,1.42,76.0,1756,0.21887988159179686,put,2026-10-30,SPY,764.02001953125,2026-10-01T23:53:30.340620+00:00
694.0,1.18,1.2,1.46,35.0,232,0.21704884521484374,put,2026-10-30,SPY,764.02001953125,2026-10-01T23:53:30.340620+00:00
695.0,1.21,1.23,1.21,124.0,3412,0.2157060852050781,put,2026-10-30,SPY,764.02001953125,2026-10-01T23:53:30.340620+00:00
696.0,1.24,1.26,1.6,1.0,544,0.2142412561035156,put,2026-10-30,SPY,764.02001953125,2026-10-01T23:53:30.340620+00:00
697.0,1.27,1.29,1.25,52.0,437,0.21277642700195312,put,2026-10-30,SPY,764.02001953125,2026-10-01T23:53:30.340620+00:00
698.0,1.3,1.32,1.8,48.0,1313,0.21125056335449216,put,2026-10-30,SPY,764.02001953125,2026-10-01T23:53:30.340620+00:00
699.0,1.33,1.35,1.33,105.0,555,0.20972469970703123,put,2026-10-30,SPY,764.02001953125,2026-10-01T23:53:30.340620+00:00
700.0,1.36,1.38,1.4,1169.0,9765,0.20813780151367184,put,2026-10-30,SPY,764.02001953125,2026-10-01T23:53:30.340620+00:00
701.0,1.4,1.42,1.43,99.0,799,0.20685607604980466,put,2026-10-30,SPY,764.02001953125,2026-10-01T23:53:30.340620+00:00
702.0,1.43,1.45,1.67,18.0,564,0.20520814331054685,put,2026-10-30,SPY,764.02001953125,2026-10-01T23:53:30.340620+00:00
703.0,1.47,1.49,1.72,35.0,267,0.20386538330078124,put,2026-10-30,SPY,764.02001953125,2026-10-01T23:53:30.340620+00:00
704.0,1.51,1.53,1.56,66.0,360,0.20246158874511716,put,2026-10-30,SPY,764.02001953125,2026-10-01T23:53:30.340620+00:00
705.0,1.55,1.56,1.56,5168.0,7601,0.20075262145996092,put,2026-10-30,SPY,764.02001953125,2026-10-01T23:53:30.340620+00:00
706.0,1.59,1.6,1.61,100.0,372,0.19928779235839844,put,2026-10-30,SPY,764.02001953125,2026-10-01T23:53:30.340620+00:00
707.0,1.63,1.65,1.67,164.0,21330,0.1980671014404297,put,2026-10-30,SPY,764.02001953125,2026-10-01T23:53:30.340620+00:00
708.0,1.67,1.69,1.68,17.0,335,0.1965107205200195,put,2026-10-30,SPY,764.02001953125,2026-10-01T23:53:30.340620+00:00
709.0,1.72,1.74,1.8,12.0,593,0.19519847778320312,put,2026-10-30,SPY,764.02001953125,2026-10-01T23:53:30.340620+00:00
710.0,1.76,1.78,1.83,2033.0,2825,0.19361157958984376,put,2026-10-30,SPY,764.02001953125,2026-10-01T23:53:30.340620+00:00
711.0,1.81,1.83,1.85,104.0,364,0.1922077850341797,put,2026-10-30,SPY,764.02001953125,2026-10-01T23:53:30.340620+00:00
712.0,1.86,1.88,2.15,351.0,515,0.1907429559326172,put,2026-10-30,SPY,764.02001953125,2026-10-01T23:53:30.340620+00:00
713.0,1.92,1.93,1.97,106.0,1528,0.18927812683105472,put,2026-10-30,SPY,764.02001953125,2026-10-01T23:53:30.340620+00:00
714.0,1.97,1.99,1.99,859.0,809,0.18799640136718748,put,2026-10-30,SPY,764.02001953125,2026-10-01T23:53:30.340620+00:00
715.0,2.03,2.05,2.07,1518.0,3065,0.1867146759033203,put,2026-10-30,SPY,764.02001953125,2026-10-01T23:53:30.340620+00:00
716.0,2.09,2.11,2.09,214.0,1269,0.18531088134765622,put,2026-10-30,SPY,764.02001953125,2026-10-01T23:53:30.340620+00:00
717.0,2.15,2.16,2.15,211.0,997,0.18366294860839844,put,2026-10-30,SPY,764.02001953125,2026-10-01T23:53:30.340620+00:00
718.0,2.21,2.23,2.76,31.0,1140,0.18244225769042968,put,2026-10-30,SPY,764.02001953125,2026-10-01T23:53:30.340620+00:00
719.0,2.27,2.3,2.28,27.0,562,0.18113001495361325,put,2026-10-30,SPY,764.02001953125,2026-10-01T23:53:30.340620+00:00
720.0,2.34,2.36,2.4,3652.0,6119,0.17957363403320312,put,2026-10-30,SPY,764.02001953125,2026-10-01T23:53:30.340620+00:00
721.0,2.41,2.44,2.47,64.0,601,0.1783834603881836,put,2026-10-30,SPY,764.02001953125,2026-10-01T23:53:30.340620+00:00
722.0,2.49,2.51,2.5,456.0,482,0.1769186312866211,put,2026-10-30,SPY,764.02001953125,2026-10-01T23:53:30.340620+00:00
723.0,2.56,2.59,2.61,125.0,1069,0.1756063885498047,put,2026-10-30,SPY,764.02001953125,2026-10-01T23:53:30.340620+00:00
724.0,2.64,2.67,2.57,102.0,449,0.17426362854003907,put,2026-10-30,SPY,764.02001953125,2026-10-01T23:53:30.340620+00:00
725.0,2.73,2.75,2.78,23086.0,61844,0.1727987994384766,put,2026-10-30,SPY,764.02001953125,2026-10-01T23:53:30.340620+00:00
726.0,2.81,2.84,2.94,154.0,346,0.17151707397460939,put,2026-10-30,SPY,764.02001953125,2026-10-01T23:53:30.340620+00:00
727.0,2.9,2.93,2.86,70.0,12049,0.17017431396484378,put,2026-10-30,SPY,764.02001953125,2026-10-01T23:53:30.340620+00:00
728.0,2.99,3.02,3.1,766.0,1553,0.16877051940917973,put,2026-10-30,SPY,764.02001953125,2026-10-01T23:53:30.340620+00:00
729.0,3.09,3.12,3.21,178.0,818,0.1674582766723633,put,2026-10-30,SPY,764.02001953125,2026-10-01T23:53:30.340620+00:00
730.0,3.19,3.22,3.24,1765.0,17829,0.16611551666259772,put,2026-10-30,SPY,764.02001953125,2026-10-01T23:53:30.340620+00:00
731.0,3.3,3.32,3.18,869.0,660,0.16468120483398438,put,2026-10-30,SPY,764.02001953125,2026-10-01T23:53:30.340620+00:00
732.0,3.41,3.43,3.47,228.0,888,0.16333844482421878,put,2026-10-30,SPY,764.02001953125,2026-10-01T23:53:30.340620+00:00
733.0,3.52,3.55,3.64,117.0,677,0.16211775390625,put,2026-10-30,SPY,764.02001953125,2026-10-01T23:53:30.340620+00:00
734.0,3.64,3.67,3.61,208.0,711,0.16083602844238282,put,2026-10-30,SPY,764.02001953125,2026-10-01T23:53:30.340620+00:00
735.0,3.76,3.79,3.9,1457.0,11146,0.15943223388671873,put,2026-10-30,SPY,764.02001953125,2026-10-01T23:53:30.340620+00:00
736.0,3.89,3.92,3.94,180.0,877,0.15815050842285155,put,2026-10-30,SPY,764.02001953125,2026-10-01T23:53:30.340620+00:00
737.0,4.02,4.05,3.95,275.0,629,0.15677723114013675,put,2026-10-30,SPY,764.02001953125,2026-10-01T23:53:30.340620+00:00
738.0,4.16,4.19,4.15,190.0,1197,0.15546498840332032,put,2026-10-30,SPY,764.02001953125,2026-10-01T23:53:30.340620+00:00
739.0,4.31,4.34,4.34,186.0,948,0.15424429748535157,put,2026-10-30,SPY,764.02001953125,2026-10-01T23:53:30.340620+00:00
740.0,4.45,4.48,4.49,1231.0,5531,0.15274895111083986,put,2026-10-30,SPY,764.02001953125,2026-10-01T23:53:30.340620+00:00
741.0,4.61,4.63,4.66,110.0,1000,0.15134515655517583,put,2026-10-30,SPY,764.02001953125,2026-10-01T23:53:30.340620+00:00
742.0,4.77,4.8,4.7,245.0,750,0.15015498291015628,put,2026-10-30,SPY,764.02001953125,2026-10-01T23:53:30.340620+00:00
743.0,4.94,4.96,5.0,466.0,1101,0.14872067108154297,put,2026-10-30,SPY,764.02001953125,2026-10-01T23:53:30.340620+00:00
744.0,5.11,5.14,5.19,280.0,1109,0.147469462890625,put,2026-10-30,SPY,764.02001953125,2026-10-01T23:53:30.340620+00:00
745.0,5.29,5.31,5.28,1328.0,21917,0.14597411651611325,put,2026-10-30,SPY,764.02001953125,2026-10-01T23:53:30.340620+00:00
746.0,5.48,5.5,5.54,309.0,1876,0.14466187377929687,put,2026-10-30,SPY,764.02001953125,2026-10-01T23:53:30.340620+00:00
747.0,5.67,5.7,5.73,375.0,998,0.1433801483154297,put,2026-10-30,SPY,764.02001953125,2026-10-01T23:53:30.340620+00:00
748.0,5.87,5.9,5.99,371.0,997,0.1419763537597656,put,2026-10-30,SPY,764.02001953125,2026-10-01T23:53:30.340620+00:00
749.0,6.08,6.11,6.13,188.0,1040,0.14063359375,put,2026-10-30,SPY,764.02001953125,2026-10-01T23:53:30.340620+00:00
750.0,6.3,6.33,6.31,9167.0,21466,0.1392908337402344,put,2026-10-30,SPY,764.02001953125,2026-10-01T23:53:30.340620+00:00
751.0,6.53,6.55,6.68,505.0,1165,0.1378260046386719,put,2026-10-30,SPY,764.02001953125,2026-10-01T23:53:30.340620+00:00
752.0,6.76,6.79,6.74,308.0,1252,0.1365137619018555,put,2026-10-30,SPY,764.02001953125,2026-10-01T23:53:30.340620+00:00
753.0,7.01,7.04,7.06,593.0,741,0.13520151916503909,put,2026-10-30,SPY,764.02001953125,2026-10-01T23:53:30.340620+00:00
754.0,7.26,7.29,7.35,392.0,2463,0.13375194869995116,put,2026-10-30,SPY,764.02001953125,2026-10-01T23:53:30.340620+00:00
755.0,7.53,7.55,7.62,23713.0,61128,0.1323023782348633,put,2026-10-30,SPY,764.02001953125,2026-10-01T23:53:30.340620+00:00
756.0,7.8,7.83,7.88,380.0,615,0.13097487686157228,put,2026-10-30,SPY,764.02001953125,2026-10-01T23:53:30.340620+00:00
757.0,8.08,8.12,8.18,455.0,1166,0.12963211685180664,put,2026-10-30,SPY,764.02001953125,2026-10-01T23:53:30.340620+00:00
758.0,8.38,8.41,8.62,826.0,1286,0.1281520291137695,put,2026-10-30,SPY,764.02001953125,2026-10-01T23:53:30.340620+00:00
759.0,8.69,8.72,8.7,316.0,1000,0.12674823455810547,put,2026-10-30,SPY,764.02001953125,2026-10-01T23:53:30.340620+00:00
760.0,9.0,9.04,9.05,2921.0,22399,0.12532918136596682,put,2026-10-30,SPY,764.02001953125,2026-10-01T23:53:30.340620+00:00
761.0,9.34,9.37,9.48,620.0,794,0.1238796109008789,put,2026-10-30,SPY,764.02001953125,2026-10-01T23:53:30.340620+00:00
762.0,9.68,9.72,9.71,790.0,1625,0.12249107498168946,put,2026-10-30,SPY,764.02001953125,2026-10-01T23:53:30.340620+00:00
763.0,10.04,10.08,10.15,733.0,1991,0.12105676315307617,put,2026-10-30,SPY,764.02001953125,2026-10-01T23:53:30.340620+00:00
764.0,10.4,10.45,10.55,829.0,1802,0.11957667541503905,put,2026-10-30,SPY,764.02001953125,2026-10-01T23:53:30.340620+00:00
765.0,10.78,10.84,10.91,2353.0,3896,0.11814236358642577,put,2026-10-30,SPY,764.02001953125,2026-10-01T23:53:30.340620+00:00
766.0,11.18,11.25,11.6,377.0,1011,0.11676908630371094,put,2026-10-30,SPY,764.02001953125,2026-10-01T23:53:30.340620+00:00
767.0,11.6,11.67,11.88,137.0,1318,0.11533477447509766,put,2026-10-30,SPY,764.02001953125,2026-10-01T23:53:30.340620+00:00
768.0,12.03,12.09,12.18,215.0,1430,0.11368684173583984,put,2026-10-30,SPY,764.02001953125,2026-10-01T23:53:30.340620+00:00
769.0,12.48,12.55,12.64,61.0,662,0.11231356445312499,put,2026-10-30,SPY,764.02001953125,2026-10-01T23:53:30.340620+00:00
770.0,12.94,13.02,13.14,716.0,4034,0.11086399398803709,put,2026-10-30,SPY,764.02001953125,2026-10-01T23:53:30.340620+00:00
771.0,13.42,13.5,16.78,10.0,1019,0.10929235443115234,put,2026-10-30,SPY,764.02001953125,2026-10-01T23:53:30.340620+00:00
772.0,13.71,14.1,14.14,25.0,1546,0.10895666442871094,put,2026-10-30,SPY,764.02001953125,2026-10-01T23:53:30.340620+00:00
773.0,14.05,14.87,14.28,2.0,829,0.11048252807617187,put,2026-10-30,SPY,764.02001953125,2026-10-01T23:53:30.340620+00:00
774.0,14.57,15.42,19.05,15.0,680,0.10917028533935547,put,2026-10-30,SPY,764.02001953125,2026-10-01T23:53:30.340620+00:00
775.0,15.44,15.76,15.75,147.0,1312,0.10492838439941406,put,2026-10-30,SPY,764.02001953125,2026-10-01T23:53:30.340620+00:00
776.0,15.87,16.42,18.24,4.0,549,0.10447062530517576,put,2026-10-30,SPY,764.02001953125,2026-10-01T23:53:30.340620+00:00
777.0,15.76,17.14,16.5,6.0,1281,0.10459269439697264,put,2026-10-30,SPY,764.02001953125,2026-10-01T23:53:30.340620+00:00
778.0,16.87,17.76,17.31,3.0,205,0.10312786529541014,put,2026-10-30,SPY,764.02001953125,2026-10-01T23:53:30.340620+00:00
779.0,16.79,19.1,19.35,14.0,360,0.11141330490112303,put,2026-10-30,SPY,764.02001953125,2026-10-01T23:53:30.340620+00:00
780.0,18.45,18.91,18.65,459.0,993,0.09803148071289064,put,2026-10-30,SPY,764.02001953125,2026-10-01T23:53:30.340620+00:00
781.0,18.08,20.44,16.95,2.0,396,0.10920080261230468,put,2026-10-30,SPY,764.02001953125,2026-10-01T23:53:30.340620+00:00
782.0,18.76,21.13,21.6,1.0,320,0.10801062896728515,put,2026-10-30,SPY,764.02001953125,2026-10-01T23:53:30.340620+00:00
783.0,19.41,21.84,23.06,4.0,96,0.10682045532226564,put,2026-10-30,SPY,764.02001953125,2026-10-01T23:53:30.340620+00:00
784.0,20.13,22.57,18.18,1.0,315,0.10572183349609374,put,2026-10-30,SPY,764.02001953125,2026-10-01T23:53:30.340620+00:00
785.0,20.92,23.32,22.0,8.0,217,0.10465372894287109,put,2026-10-30,SPY,764.02001953125,2026-10-01T23:53:30.340620+00:00
786.0,21.66,24.18,20.18,32.0,28,0.10523355712890625,put,2026-10-30,SPY,764.02001953125,2026-10-01T23:53:30.340620+00:00
787.0,22.43,24.3,23.9,506.0,818,0.0911345770263672,put,2026-10-30,SPY,764.02001953125,2026-10-01T23:53:30.340620+00:00
788.0,23.19,25.86,26.39,2.0,531,0.10520303985595703,put,2026-10-30,SPY,764.02001953125,2026-10-01T23:53:30.340620+00:00
789.0,23.97,26.57,28.02,30.0,225,0.1022428643798828,put,2026-10-30,SPY,764.02001953125,2026-10-01T23:53:30.340620+00:00
790.0,24.81,27.51,25.98,50.0,432,0.1037076934814453,put,2026-10-30,SPY,764.02001953125,2026-10-01T23:53:30.340620+00:00
791.0,25.62,28.36,25.33,1.0,91,0.10309734802246093,put,2026-10-30,SPY,764.02001953125,2026-10-01T23:53:30.340620+00:00
792.0,26.45,29.22,31.99,4.0,368,0.10248700256347655,put,2026-10-30,SPY,764.02001953125,2026-10-01T23:53:30.340620+00:00
793.0,27.34,30.1,32.84,4.0,105,0.10205976074218749,put,2026-10-30,SPY,764.02001953125,2026-10-01T23:53:30.340620+00:00
794.0,28.58,30.95,33.84,1.0,191,0.100594931640625,put,2026-10-30,SPY,764.02001953125,2026-10-01T23:53:30.340620+00:00
795.0,29.51,31.86,30.3,32.0,137,0.10041182800292968,put,2026-10-30,SPY,764.02001953125,2026-10-01T23:53:30.340620+00:00
796.0,30.08,32.79,30.0,55.0,59,0.10065596618652344,put,2026-10-30,SPY,764.02001953125,2026-10-01T23:53:30.340620+00:00
797.0,31.07,33.79,29.43,14.0,33,0.10297527893066405,put,2026-10-30,SPY,764.02001953125,2026-10-01T23:53:30.340620+00:00
798.0,32.05,34.78,30.17,4.0,0,0.1049894189453125,put,2026-10-30,SPY,764.02001953125,2026-10-01T23:53:30.340620+00:00
799.0,33.43,35.72,31.28,45.0,0,0.10529459167480469,put,2026-10-30,SPY,764.02001953125,2026-10-01T23:53:30.340620+00:00
800.0,34.43,36.72,35.44,1.0,10,0.10755286987304688,put,2026-10-30,SPY,764.02001953125,2026-10-01T23:53:30.340620+00:00
801.0,35.04,37.77,32.65,92.0,0,0.11145908081054687,put,2026-10-30,SPY,764.02001953125,2026-10-01T23:53:30.340620+00:00
802.0,36.02,38.75,36.94,2.0,9,0.11304597900390626,put,2026-10-30,SPY,764.02001953125,2026-10-01T23:53:30.340620+00:00
803.0,37.0,39.77,34.85,283.0,0,0.11597563720703125,put,2026-10-30,SPY,764.02001953125,2026-10-01T23:53:30.340620+00:00
804.0,38.0,40.77,35.35,301.0,1,0.118172880859375,put,2026-10-30,SPY,764.02001953125,2026-10-01T23:53:30.340620+00:00
805.0,39.0,41.77,36.81,111.0,2,0.12037012451171875,put,2026-10-30,SPY,764.02001953125,2026-10-01T23:53:30.340620+00:00
806.0,40.0,42.76,37.41,14.0,0,0.12220116088867189,put,2026-10-30,SPY,764.02001953125,2026-10-01T23:53:30.340620+00:00
807.0,41.0,43.74,37.35,2.0,0,0.12366598999023437,put,2026-10-30,SPY,764.02001953125,2026-10-01T23:53:30.340620+00:00
808.0,42.0,44.77,43.09,1.0,0,0.12696185546875,put,2026-10-30,SPY,764.02001953125,2026-10-01T23:53:30.340620+00:00
809.0,43.0,45.77,41.25,1.0,0,0.1290980645751953,put,2026-10-30,SPY,764.02001953125,2026-10-01T23:53:30.340620+00:00
810.0,44.04,46.77,45.27,6.0,6,0.13123427368164062,put,2026-10-30,SPY,764.02001953125,2026-10-01T23:53:30.340620+00:00
811.0,45.04,47.77,40.91,3.0,0,0.13343151733398437,put,2026-10-30,SPY,764.02001953125,2026-10-01T23:53:30.340620+00:00
812.0,45.99,48.77,41.19,60.0,0,0.13556772644042972,put,2026-10-30,SPY,764.02001953125,2026-10-01T23:53:30.340620+00:00
813.0,47.0,49.77,41.7,59.0,0,0.13770393554687502,put,2026-10-30,SPY,764.02001953125,2026-10-01T23:53:30.340620+00:00
814.0,48.0,50.76,42.66,89.0,0,0.13941290283203128,put,2026-10-30,SPY,764.02001953125,2026-10-01T23:53:30.340620+00:00
815.0,49.0,51.77,43.86,30.0,1,0.14191531921386719,put,2026-10-30,SPY,764.02001953125,2026-10-01T23:53:30.340620+00:00
816.0,49.99,52.77,45.46,6.0,0,0.14405152832031248,put,2026-10-30,SPY,764.02001953125,2026-10-01T23:53:30.340620+00:00
817.0,50.99,53.77,46.12,22.0,0,0.14612670288085935,put,2026-10-30,SPY,764.02001953125,2026-10-01T23:53:30.340620+00:00
818.0,52.0,54.77,46.37,9.0,0,0.14820187744140628,put,2026-10-30,SPY,764.02001953125,2026-10-01T23:53:30.340620+00:00
819.0,53.0,55.77,50.75,2.0,0,0.15027705200195315,put,2026-10-30,SPY,764.02001953125,2026-10-01T23:53:30.340620+00:00
820.0,54.0,56.77,60.12,4.0,0,0.15235222656250003,put,2026-10-30,SPY,764.02001953125,2026-10-01T23:53:30.340620+00:00
825.0,59.0,61.77,53.8,2.0,4,0.1626060302734375,put,2026-10-30,SPY,764.02001953125,2026-10-01T23:53:30.340620+00:00
834.0,68.0,70.77,72.44,,0,0.1805501867675781,put,2026-10-30,SPY,764.02001953125,2026-10-01T23:53:30.340620+00:00
835.0,68.99,71.77,65.38,1.0,0,0.1825032922363281,put,2026-10-30,SPY,764.02001953125,2026-10-01T23:53:30.340620+00:00
840.0,74.05,76.77,75.33,2.0,2,0.19226881958007813,put,2026-10-30,SPY,764.02001953125,2026-10-01T23:53:30.340620+00:00
845.0,79.04,81.76,80.35,2.0,0,0.20130193237304686,put,2026-10-30,SPY,764.02001953125,2026-10-01T23:53:30.340620+00:00
850.0,84.01,86.76,76.31,1.0,0,0.21070125244140625,put,2026-10-30,SPY,764.02001953125,2026-10-01T23:53:30.340620+00:00
855.0,88.99,91.77,90.53,3.0,0,0.2205888488769531,put,2026-10-30,SPY,764.02001953125,2026-10-01T23:53:30.340620+00:00
860.0,94.0,96.77,95.51,3.0,10,0.22974403076171873,put,2026-10-30,SPY,764.02001953125,2026-10-01T23:53:30.340620+00:00
865.0,99.03,101.77,99.26,10.0,0,0.2387771435546875,put,2026-10-30,SPY,764.02001953125,2026-10-01T23:53:30.340620+00:00
875.0,108.96,111.77,113.44,4.0,0,0.25659923095703124,put,2026-10-30,SPY,764.02001953125,2026-10-01T23:53:30.340620+00:00
900.0,143.85,147.3,145.02,,0,0.5405624557495119,put,2026-10-30,SPY,764.02001953125,2026-10-01T23:53:30.340620+00:00
930.0,164.0,166.77,159.98,,0,0.34778484252929687,put,2026-10-30,SPY,764.02001953125,2026-10-01T23:53:30.340620+00:00
475.0,291.08,295.45,292.06,2.0,0,0.7318142053222656,call,2026-11-30,SPY,764.02001953125,2026-10-01T23:53:30.340620+00:00
480.0,286.88,289.67,293.6,29.0,29,0.7185697088623046,call,2026-11-30,SPY,764.02001953125,2026-10-01T23:53:30.340620+00:00
485.0,281.33,285.5,282.21,,0,0.709963837890625,call,2026-11-30,SPY,764.02001953125,2026-10-01T23:53:30.340620+00:00
500.0,266.95,270.07,262.32,1.0,1,0.6732210412597659,call,2026-11-30,SPY,764.02001953125,2026-10-01T23:53:30.340620+00:00
520.0,247.3,250.03,247.31,2.0,6,0.626102371826172,call,2026-11-30,SPY,764.02001953125,2026-10-01T23:53:30.340620+00:00
545.0,222.63,225.4,221.76,27.0,31,0.5727581787109376,call,2026-11-30,SPY,764.02001953125,2026-10-01T23:53:30.340620+00:00
550.0,217.68,220.47,219.78,2.0,4,0.5618940295410157,call,2026-11-30,SPY,764.02001953125,2026-10-01T23:53:30.340620+00:00
555.0,212.76,215.47,207.07,4.0,5,0.5504805694580079,call,2026-11-30,SPY,764.02001953125,2026-10-01T23:53:30.340620+00:00
560.0,212.43,215.92,192.07,1.0,3,0.6471592901611327,call,2026-11-30,SPY,764.02001953125,2026-10-01T23:53:30.340620+00:00
570.0,198.5,201.64,187.96,2.0,1,0.536259520263672,call,2026-11-30,SPY,764.02001953125,2026-10-01T23:53:30.340620+00:00
575.0,193.05,195.81,195.77,1.0,2,0.5090381127929688,call,2026-11-30,SPY,764.02001953125,2026-10-01T23:53:30.340620+00:00
580.0,188.1,190.91,183.04,4.0,15,0.5293015820312501,call,2026-11-30,SPY,764.02001953125,2026-10-01T23:53:30.340620+00:00
584.0,184.19,186.92,188.53,11.0,11,0.519383468322754,call,2026-11-30,SPY,764.02001953125,2026-10-01T23:53:30.340620+00:00
585.0,183.23,185.91,184.84,1.0,7,0.5166369137573242,call,2026-11-30,SPY,764.02001953125,2026-10-01T23:53:30.340620+00:00
590.0,0.0,0.0,178.49,,0,1.0000000000000003e-05,call,2026-11-30,SPY,764.02001953125,2026-10-01T23:53:30.340620+00:00
591.0,177.3,180.06,172.3,,4,0.5045215563964844,call,2026-11-30,SPY,764.02001953125,2026-10-01T23:53:30.340620+00:00
592.0,176.32,179.08,175.05,,1,0.5023853472900393,call,2026-11-30,SPY,764.02001953125,2026-10-01T23:53:30.340620+00:00
595.0,174.22,177.37,165.59,1.0,2,0.5192308819580078,call,2026-11-30,SPY,764.02001953125,2026-10-01T23:53:30.340620+00:00
600.0,168.46,171.16,170.18,10.0,21,0.4838003280639649,call,2026-11-30,SPY,764.02001953125,2026-10-01T23:53:30.340620+00:00
605.0,163.55,166.26,163.58,1.0,8,0.4731497998046875,call,2026-11-30,SPY,764.02001953125,2026-10-01T23:53:30.340620+00:00
609.0,159.63,162.36,165.18,2.0,15,0.46500168792724617,call,2026-11-30,SPY,764.02001953125,2026-10-01T23:53:30.340620+00:00
610.0,157.9,161.75,171.85,,0,0.4695792788696289,call,2026-11-30,SPY,764.02001953125,2026-10-01T23:53:30.340620+00:00
615.0,153.75,156.45,153.0,2.0,2,0.4516351223754883,call,2026-11-30,SPY,764.02001953125,2026-10-01T23:53:30.340620+00:00
617.0,151.81,154.5,157.43,,0,0.44751529052734373,call,2026-11-30,SPY,764.02001953125,2026-10-01T23:53:30.340620+00:00
620.0,148.85,151.57,148.74,1.0,12,0.44125924957275386,call,2026-11-30,SPY,764.02001953125,2026-10-01T23:53:30.340620+00:00
622.0,146.89,149.67,154.99,,1,0.4379939013671875,call,2026-11-30,SPY,764.02001953125,2026-10-01T23:53:30.340620+00:00
625.0,143.96,146.67,143.07,1.0,1,0.4304866522216797,call,2026-11-30,SPY,764.02001953125,2026-10-01T23:53:30.340620+00:00
630.0,139.08,141.78,143.0,2.0,5,0.41986664123535156,call,2026-11-30,SPY,764.02001953125,2026-10-01T23:53:30.340620+00:00
635.0,134.2,136.91,125.42,1.0,3,0.40952128570556634,call,2026-11-30,SPY,764.02001953125,2026-10-01T23:53:30.340620+00:00
637.0,132.25,135.03,124.99,,1,0.4064695584106446,call,2026-11-30,SPY,764.02001953125,2026-10-01T23:53:30.340620+00:00
640.0,129.38,131.81,136.2,1.0,164,0.3954528228759766,call,2026-11-30,SPY,764.02001953125,2026-10-01T23:53:30.340620+00:00
645.0,129.7,133.22,114.62,1.0,16,0.4731192825317383,call,2026-11-30,SPY,764.02001953125,2026-10-01T23:53:30.340620+00:00
650.0,119.61,122.4,118.6,1.0,14,0.37958384094238284,call,2026-11-30,SPY,764.02001953125,2026-10-01T23:53:30.340620+00:00
655.0,114.81,117.21,115.25,2.0,855,0.3642031353759766,call,2026-11-30,SPY,764.02001953125,2026-10-01T23:53:30.340620+00:00
658.0,111.87,114.64,110.35,,23,0.36295192718505864,call,2026-11-30,SPY,764.02001953125,2026-10-01T23:53:30.340620+00:00
660.0,109.99,112.38,111.19,1.0,981,0.35416295257568353,call,2026-11-30,SPY,764.02001953125,2026-10-01T23:53:30.340620+00:00
665.0,105.18,107.57,100.26,321.0,1606,0.3442753561401367,call,2026-11-30,SPY,764.02001953125,2026-10-01T23:53:30.340620+00:00
666.0,104.2,106.89,108.83,1.0,2,0.3461979443359374,call,2026-11-30,SPY,764.02001953125,2026-10-01T23:53:30.340620+00:00
670.0,100.37,102.77,95.5,86.0,1377,0.3343877597045898,call,2026-11-30,SPY,764.02001953125,2026-10-01T23:53:30.340620+00:00
672.0,100.95,104.14,95.99,2.0,1,0.3725038336181641,call,2026-11-30,SPY,764.02001953125,2026-10-01T23:53:30.340620+00:00
673.0,97.5,99.9,108.76,16.0,332,0.32852844329833975,call,2026-11-30,SPY,764.02001953125,2026-10-01T23:53:30.340620+00:00
674.0,96.54,98.95,106.62,7.0,108,0.3266516310119629,call,2026-11-30,SPY,764.02001953125,2026-10-01T23:53:30.340620+00:00
675.0,95.59,98.0,97.93,1.0,209,0.3247748187255859,call,2026-11-30,SPY,764.02001953125,2026-10-01T23:53:30.340620+00:00
676.0,0.0,97.59,102.32,16.0,0,0.3299017205810546,call,2026-11-30,SPY,764.02001953125,2026-10-01T23:53:30.340620+00:00
677.0,93.89,97.25,76.73,,1,0.33570000244140624,call,2026-11-30,SPY,764.02001953125,2026-10-01T23:53:30.340620+00:00
678.0,92.72,95.14,99.25,1.0,127,0.31891550231933585,call,2026-11-30,SPY,764.02001953125,2026-10-01T23:53:30.340620+00:00
679.0,91.78,94.19,83.94,4.0,110,0.31699291412353514,call,2026-11-30,SPY,764.02001953125,2026-10-01T23:53:30.340620+00:00
680.0,90.77,93.56,91.99,2.0,95,0.31915964050292955,call,2026-11-30,SPY,764.02001953125,2026-10-01T23:53:30.340620+00:00
681.0,89.83,92.6,88.14,2.0,32,0.3170844659423828,call,2026-11-30,SPY,764.02001953125,2026-10-01T23:53:30.340620+00:00
682.0,0.0,0.0,94.15,8.0,0,1.0000000000000003e-05,call,2026-11-30,SPY,764.02001953125,2026-10-01T23:53:30.340620+00:00
683.0,87.94,90.69,92.5,4.0,40,0.3129951513671875,call,2026-11-30,SPY,764.02001953125,2026-10-01T23:53:30.340620+00:00
684.0,86.99,89.95,94.14,56.0,0,0.3136207554626465,call,2026-11-30,SPY,764.02001953125,2026-10-01T23:53:30.340620+00:00
685.0,86.05,88.81,84.15,1.0,28,0.30927204406738285,call,2026-11-30,SPY,764.02001953125,2026-10-01T23:53:30.340620+00:00
686.0,84.48,87.97,92.47,4.0,0,0.3086311813354492,call,2026-11-30,SPY,764.02001953125,2026-10-01T23:53:30.340620+00:00
687.0,0.0,0.0,93.54,19.0,0,1.0000000000000003e-05,call,2026-11-30,SPY,764.02001953125,2026-10-01T23:53:30.340620+00:00
688.0,83.22,85.92,82.79,1.0,33,0.30277186492919916,call,2026-11-30,SPY,764.02001953125,2026-10-01T23:53:30.340620+00:00
689.0,0.0,0.0,89.79,14.0,0,1.0000000000000003e-05,call,2026-11-30,SPY,764.02001953125,2026-10-01T23:53:30.340620+00:00
690.0,81.33,84.11,86.14,55.0,31,0.299811689453125,call,2026-11-30,SPY,764.02001953125,2026-10-01T23:53:30.340620+00:00
691.0,80.4,83.18,77.9,3.0,51,0.29799591171264644,call,2026-11-30,SPY,764.02001953125,2026-10-01T23:53:30.340620+00:00
692.0,0.0,0.0,90.51,4.0,0,1.0000000000000003e-05,call,2026-11-30,SPY,764.02001953125,2026-10-01T23:53:30.340620+00:00
693.0,79.2,80.23,83.74,1.0,197,0.28137925659179686,call,2026-11-30,SPY,764.02001953125,2026-10-01T23:53:30.340620+00:00
694.0,77.57,80.33,83.53,4.0,14,0.29181616394042953,call,2026-11-30,SPY,764.02001953125,2026-10-01T23:53:30.340620+00:00
695.0,76.65,79.37,77.01,1.0,17,0.2896189202880859,call,2026-11-30,SPY,764.02001953125,2026-10-01T23:53:30.340620+00:00
696.0,75.72,78.5,80.14,3.0,102,0.2884440052795409,call,2026-11-30,SPY,764.02001953125,2026-10-01T23:53:30.340620+00:00
697.0,0.0,0.0,90.26,10.0,0,1.0000000000000003e-05,call,2026-11-30,SPY,764.02001953125,2026-10-01T23:53:30.340620+00:00
698.0,73.86,76.58,74.68,3.0,17,0.28400374206542955,call,2026-11-30,SPY,764.02001953125,2026-10-01T23:53:30.340620+00:00
699.0,72.93,75.65,75.39,1.0,127,0.28211167114257807,call,2026-11-30,SPY,764.02001953125,2026-10-01T23:53:30.340620+00:00
700.0,72.0,74.77,74.45,9.0,317,0.28076891113281244,call,2026-11-30,SPY,764.02001953125,2026-10-01T23:53:30.340620+00:00
701.0,71.09,73.85,69.15,3.0,0,0.2789683920288085,call,2026-11-30,SPY,764.02001953125,2026-10-01T23:53:30.340620+00:00
702.0,0.0,0.0,84.69,24.0,0,1.0000000000000003e-05,call,2026-11-30,SPY,764.02001953125,2026-10-01T23:53:30.340620+00:00
703.0,69.24,71.95,74.17,4.0,23,0.2746349392700196,call,2026-11-30,SPY,764.02001953125,2026-10-01T23:53:30.340620+00:00
704.0,68.87,71.19,78.88,1.0,0,0.2745433874511719,call,2026-11-30,SPY,764.02001953125,2026-10-01T23:53:30.340620+00:00
705.0,67.4,70.19,68.12,1.0,278,0.2717968328857422,call,2026-11-30,SPY,764.02001953125,2026-10-01T23:53:30.340620+00:00
706.0,66.48,69.24,71.13,1.0,41,0.26959958923339844,call,2026-11-30,SPY,764.02001953125,2026-10-01T23:53:30.340620+00:00
707.0,65.57,68.32,67.64,3.0,42,0.26770751831054684,call,2026-11-30,SPY,764.02001953125,2026-10-01T23:53:30.340620+00:00
708.0,64.65,67.37,69.75,4.0,12,0.26547975738525387,call,2026-11-30,SPY,764.02001953125,2026-10-01T23:53:30.340620+00:00
709.0,63.74,66.54,68.26,1.0,22,0.26453372192382807,call,2026-11-30,SPY,764.02001953125,2026-10-01T23:53:30.340620+00:00
710.0,62.84,65.61,61.27,1.0,105,0.26248906463623045,call,2026-11-30,SPY,764.02001953125,2026-10-01T23:53:30.340620+00:00
711.0,61.93,64.7,60.16,5.0,14,0.2606427696228027,call,2026-11-30,SPY,764.02001953125,2026-10-01T23:53:30.340620+00:00
712.0,0.0,0.0,77.86,4.0,0,1.0000000000000003e-05,call,2026-11-30,SPY,764.02001953125,2026-10-01T23:53:30.340620+00:00
713.0,60.12,62.89,64.91,1.0,26,0.25699595550537113,call,2026-11-30,SPY,764.02001953125,2026-10-01T23:53:30.340620+00:00
714.0,59.22,61.97,63.84,1.0,11,0.25501233276367197,call,2026-11-30,SPY,764.02001953125,2026-10-01T23:53:30.340620+00:00
715.0,58.33,61.07,56.07,1.0,155,0.25321181365966794,call,2026-11-30,SPY,764.02001953125,2026-10-01T23:53:30.340620+00:00
716.0,57.43,60.18,59.99,2.0,157,0.2514723291015625,call,2026-11-30,SPY,764.02001953125,2026-10-01T23:53:30.340620+00:00
717.0,56.54,59.31,58.07,1.0,85,0.24994646545410154,call,2026-11-30,SPY,764.02001953125,2026-10-01T23:53:30.340620+00:00
718.0,55.64,58.42,56.33,1.0,59,0.24817646362304688,call,2026-11-30,SPY,764.02001953125,2026-10-01T23:53:30.340620+00:00
719.0,54.76,57.52,54.34,4.0,16,0.2462843927001953,call,2026-11-30,SPY,764.02001953125,2026-10-01T23:53:30.340620+00:00
720.0,53.88,56.61,56.97,3.0,402,0.2443007699584961,call,2026-11-30,SPY,764.02001953125,2026-10-01T23:53:30.340620+00:00
721.0,53.0,55.77,55.79,5.0,21,0.24295800994873046,call,2026-11-30,SPY,764.02001953125,2026-10-01T23:53:30.340620+00:00
722.0,52.12,54.89,51.28,1.0,25,0.241218525390625,call,2026-11-30,SPY,764.02001953125,2026-10-01T23:53:30.340620+00:00
723.0,51.24,54.01,62.78,1.0,1,0.23944852355957028,call,2026-11-30,SPY,764.02001953125,2026-10-01T23:53:30.340620+00:00
724.0,50.37,53.14,49.23,4.0,175,0.23777007354736324,call,2026-11-30,SPY,764.02001953125,2026-10-01T23:53:30.340620+00:00
725.0,49.5,52.24,52.8,1.0,241,0.2357711921691894,call,2026-11-30,SPY,764.02001953125,2026-10-01T23:53:30.340620+00:00
726.0,48.63,51.38,57.55,1.0,213,0.23412325942993162,call,2026-11-30,SPY,764.02001953125,2026-10-01T23:53:30.340620+00:00
727.0,47.77,50.53,52.82,1.0,10,0.23255161987304687,call,2026-11-30,SPY,764.02001953125,2026-10-01T23:53:30.340620+00:00
728.0,46.91,49.68,48.89,1.0,232,0.2309647216796875,call,2026-11-30,SPY,764.02001953125,2026-10-01T23:53:30.340620+00:00
729.0,46.05,48.77,46.75,2.0,30,0.22878273666381838,call,2026-11-30,SPY,764.02001953125,2026-10-01T23:53:30.340620+00:00
730.0,46.2,46.82,46.39,12.0,661,0.21689625885009767,call,2026-11-30,SPY,764.02001953125,2026-10-01T23:53:30.340620+00:00
731.0,44.35,47.12,42.39,57.0,75,0.22592937164306642,call,2026-11-30,SPY,764.02001953125,2026-10-01T23:53:30.340620+00:00
732.0,43.5,46.27,40.34,30.0,351,0.22423566299438474,call,2026-11-30,SPY,764.02001953125,2026-10-01T23:53:30.340620+00:00
733.0,42.66,45.4,41.21,5.0,205,0.22232833343505853,call,2026-11-30,SPY,764.02001953125,2026-10-01T23:53:30.340620+00:00
734.0,41.82,44.59,44.48,10.0,54,0.22093979751586912,call,2026-11-30,SPY,764.02001953125,2026-10-01T23:53:30.340620+00:00
735.0,40.98,43.76,39.32,1.0,895,0.21933764068603517,call,2026-11-30,SPY,764.02001953125,2026-10-01T23:53:30.340620+00:00
736.0,40.15,42.93,42.0,1.0,277,0.21772022521972656,call,2026-11-30,SPY,764.02001953125,2026-10-01T23:53:30.340620+00:00
737.0,39.32,42.04,37.63,14.0,354,0.2155229815673828,call,2026-11-30,SPY,764.02001953125,2026-10-01T23:53:30.340620+00:00
738.0,38.5,41.25,41.03,2.0,93,0.2141954801940918,call,2026-11-30,SPY,764.02001953125,2026-10-01T23:53:30.340620+00:00
739.0,37.69,40.46,42.52,1.0,98,0.21283746154785155,call,2026-11-30,SPY,764.02001953125,2026-10-01T23:53:30.340620+00:00
740.0,37.97,38.44,38.3,70.0,609,0.20064581100463863,call,2026-11-30,SPY,764.02001953125,2026-10-01T23:53:30.340620+00:00
741.0,36.08,38.84,38.77,1.0,165,0.20964840652465816,call,2026-11-30,SPY,764.02001953125,2026-10-01T23:53:30.340620+00:00
742.0,35.26,38.03,38.77,3.0,105,0.20800047378540037,call,2026-11-30,SPY,764.02001953125,2026-10-01T23:53:30.340620+00:00
743.0,34.46,37.2,33.4,2.0,255,0.20615417877197262,call,2026-11-30,SPY,764.02001953125,2026-10-01T23:53:30.340620+00:00
744.0,33.7,36.44,34.14,2.0,514,0.20488771194458005,call,2026-11-30,SPY,764.02001953125,2026-10-01T23:53:30.340620+00:00
745.0,32.98,35.66,37.24,1.0,595,0.20339236557006835,call,2026-11-30,SPY,764.02001953125,2026-10-01T23:53:30.340620+00:00
746.0,32.1,33.76,30.56,1.0,509,0.1923603713989258,call,2026-11-30,SPY,764.02001953125,2026-10-01T23:53:30.340620+00:00
747.0,31.32,34.04,35.06,1.0,710,0.19980658599853518,call,2026-11-30,SPY,764.02001953125,2026-10-01T23:53:30.340620+00:00
748.0,31.65,32.2,30.07,3.0,101,0.18927812683105472,call,2026-11-30,SPY,764.02001953125,2026-10-01T23:53:30.340620+00:00
749.0,30.89,32.5,30.65,21.0,153,0.19672434143066403,call,2026-11-30,SPY,764.02001953125,2026-10-01T23:53:30.340620+00:00
750.0,30.19,30.55,30.33,155.0,698,0.1852956227111816,call,2026-11-30,SPY,764.02001953125,2026-10-01T23:53:30.340620+00:00
751.0,28.92,30.4,29.92,1.0,216,0.18885088500976563,call,2026-11-30,SPY,764.02001953125,2026-10-01T23:53:30.340620+00:00
752.0,28.18,29.65,30.92,6.0,196,0.1873555386352539,call,2026-11-30,SPY,764.02001953125,2026-10-01T23:53:30.340620+00:00
753.0,27.91,28.9,32.22,2.0,278,0.18582967498779296,call,2026-11-30,SPY,764.02001953125,2026-10-01T23:53:30.340620+00:00
754.0,27.16,27.7,24.48,2.0,151,0.1805501867675781,call,2026-11-30,SPY,764.02001953125,2026-10-01T23:53:30.340620+00:00
755.0,26.52,26.81,26.23,5.0,336,0.17778837356567384,call,2026-11-30,SPY,764.02001953125,2026-10-01T23:53:30.340620+00:00
756.0,25.72,26.71,26.1,2.0,373,0.18143518768310546,call,2026-11-30,SPY,764.02001953125,2026-10-01T23:53:30.340620+00:00
757.0,25.01,25.99,22.86,1.0,224,0.17995509994506836,call,2026-11-30,SPY,764.02001953125,2026-10-01T23:53:30.340620+00:00
758.0,24.31,24.85,25.0,223.0,2178,0.1750265603637695,call,2026-11-30,SPY,764.02001953125,2026-10-01T23:53:30.340620+00:00
759.0,23.72,24.14,23.74,211.0,162,0.1735312139892578,call,2026-11-30,SPY,764.02001953125,2026-10-01T23:53:30.340620+00:00
760.0,23.05,23.28,22.93,265.0,2602,0.17078465942382814,call,2026-11-30,SPY,764.02001953125,2026-10-01T23:53:30.340620+00:00
761.0,22.27,22.79,22.51,126.0,334,0.17095250442504883,call,2026-11-30,SPY,764.02001953125,2026-10-01T23:53:30.340620+00:00
762.0,21.59,22.11,22.35,214.0,589,0.1695487098693848,call,2026-11-30,SPY,764.02001953125,2026-10-01T23:53:30.340620+00:00
763.0,20.93,21.45,21.17,27.0,854,0.1682364671325684,call,2026-11-30,SPY,764.02001953125,2026-10-01T23:53:30.340620+00:00
764.0,20.4,20.72,20.53,271.0,557,0.16631387893676763,call,2026-11-30,SPY,764.02001953125,2026-10-01T23:53:30.340620+00:00
765.0,19.76,19.98,19.67,694.0,1151,0.16425396301269532,call,2026-11-30,SPY,764.02001953125,2026-10-01T23:53:30.340620+00:00
766.0,19.27,19.32,19.15,88.0,370,0.16275861663818358,call,2026-11-30,SPY,764.02001953125,2026-10-01T23:53:30.340620+00:00
767.0,18.65,18.69,18.7,22.0,331,0.1614616325378418,call,2026-11-30,SPY,764.02001953125,2026-10-01T23:53:30.340620+00:00
768.0,18.03,18.08,17.07,98.0,484,0.16024094161987307,call,2026-11-30,SPY,764.02001953125,2026-10-01T23:53:30.340620+00:00
769.0,17.43,17.48,17.2,24.0,408,0.1590507679748535,call,2026-11-30,SPY,764.02001953125,2026-10-01T23:53:30.340620+00:00
770.0,16.84,16.88,16.24,557.0,1636,0.15778430114746095,call,2026-11-30,SPY,764.02001953125,2026-10-01T23:53:30.340620+00:00
771.0,16.26,16.3,15.91,25.0,557,0.15660938613891606,call,2026-11-30,SPY,764.02001953125,2026-10-01T23:53:30.340620+00:00
772.0,15.69,15.73,14.8,206.0,759,0.15544972976684573,call,2026-11-30,SPY,764.02001953125,2026-10-01T23:53:30.340620+00:00
773.0,15.13,15.18,15.02,107.0,898,0.15438162521362309,call,2026-11-30,SPY,764.02001953125,2026-10-01T23:53:30.340620+00:00
774.0,14.59,14.63,14.41,57.0,429,0.15325248611450198,call,2026-11-30,SPY,764.02001953125,2026-10-01T23:53:30.340620+00:00
775.0,14.05,14.09,13.76,25.0,869,0.15210808837890627,call,2026-11-30,SPY,764.02001953125,2026-10-01T23:53:30.340620+00:00
776.0,13.53,13.57,13.24,12.0,414,0.15107050109863285,call,2026-11-30,SPY,764.02001953125,2026-10-01T23:53:30.340620+00:00
777.0,13.02,13.06,11.36,13.0,611,0.1500329138183594,call,2026-11-30,SPY,764.02001953125,2026-10-01T23:53:30.340620+00:00
778.0,12.52,12.56,11.78,112.0,623,0.14899532653808595,call,2026-11-30,SPY,764.02001953125,2026-10-01T23:53:30.340620+00:00
779.0,12.03,12.07,11.93,10.0,1254,0.14797299789428714,call,2026-11-30,SPY,764.02001953125,2026-10-01T23:53:30.340620+00:00
780.0,11.55,11.59,11.46,298.0,3923,0.14695066925048827,call,2026-11-30,SPY,764.02001953125,2026-10-01T23:53:30.340620+00:00
781.0,11.09,11.13,11.0,13.0,733,0.1460198924255371,call,2026-11-30,SPY,764.02001953125,2026-10-01T23:53:30.340620+00:00
782.0,10.64,10.68,10.57,9.0,483,0.14508911560058596,call,2026-11-30,SPY,764.02001953125,2026-10-01T23:53:30.340620+00:00
783.0,10.2,10.24,10.15,189.0,388,0.14415833877563478,call,2026-11-30,SPY,764.02001953125,2026-10-01T23:53:30.340620+00:00
784.0,9.77,9.81,8.74,6.0,125,0.1432275619506836,call,2026-11-30,SPY,764.02001953125,2026-10-01T23:53:30.340620+00:00
785.0,9.36,9.4,9.28,30.0,949,0.14238833694458009,call,2026-11-30,SPY,764.02001953125,2026-10-01T23:53:30.340620+00:00
786.0,8.95,8.99,8.83,175.0,120,0.1414728187561035,call,2026-11-30,SPY,764.02001953125,2026-10-01T23:53:30.340620+00:00
787.0,8.56,8.6,7.4,3.0,220,0.14063359375,call,2026-11-30,SPY,764.02001953125,2026-10-01T23:53:30.340620+00:00
788.0,8.18,8.22,7.22,47.0,301,0.13980962738037112,call,2026-11-30,SPY,764.02001953125,2026-10-01T23:53:30.340620+00:00
789.0,7.82,7.86,6.59,34.0,1379,0.13907721282958985,call,2026-11-30,SPY,764.02001953125,2026-10-01T23:53:30.340620+00:00
790.0,7.47,7.5,7.46,115.0,2627,0.13825324645996095,call,2026-11-30,SPY,764.02001953125,2026-10-01T23:53:30.340620+00:00
791.0,7.12,7.16,7.17,390.0,244,0.1375208319091797,call,2026-11-30,SPY,764.02001953125,2026-10-01T23:53:30.340620+00:00
792.0,6.79,6.83,6.73,9.0,176,0.13678841735839847,call,2026-11-30,SPY,764.02001953125,2026-10-01T23:53:30.340620+00:00
793.0,6.47,6.51,6.45,13.0,670,0.13608652008056643,call,2026-11-30,SPY,764.02001953125,2026-10-01T23:53:30.340620+00:00
794.0,6.17,6.2,5.82,9.0,148,0.13536936416625983,call,2026-11-30,SPY,764.02001953125,2026-10-01T23:53:30.340620+00:00
795.0,5.87,5.91,5.86,26.0,1011,0.13477427734375003,call,2026-11-30,SPY,764.02001953125,2026-10-01T23:53:30.340620+00:00
796.0,5.59,5.62,5.51,14.0,242,0.13407238006591798,call,2026-11-30,SPY,764.02001953125,2026-10-01T23:53:30.340620+00:00
797.0,5.31,5.35,4.5,23.0,406,0.1335078105163574,call,2026-11-30,SPY,764.02001953125,2026-10-01T23:53:30.340620+00:00
798.0,5.05,5.08,5.04,52.0,98,0.1328364305114746,call,2026-11-30,SPY,764.02001953125,2026-10-01T23:53:30.340620+00:00
799.0,4.8,4.83,4.24,51.0,338,0.13228711959838868,call,2026-11-30,SPY,764.02001953125,2026-10-01T23:53:30.340620+00:00
800.0,4.55,4.59,4.48,313.0,2776,0.13175306732177733,call,2026-11-30,SPY,764.02001953125,2026-10-01T23:53:30.340620+00:00
801.0,4.32,4.35,4.3,465.0,303,0.13112746322631835,call,2026-11-30,SPY,764.02001953125,2026-10-01T23:53:30.340620+00:00
802.0,4.09,4.13,4.06,118.0,782,0.13063918685913084,call,2026-11-30,SPY,764.02001953125,2026-10-01T23:53:30.340620+00:00
803.0,3.88,3.92,3.84,65.0,338,0.13016616912841794,call,2026-11-30,SPY,764.02001953125,2026-10-01T23:53:30.340620+00:00
804.0,3.68,3.71,3.65,51.0,179,0.12961685821533203,call,2026-11-30,SPY,764.02001953125,2026-10-01T23:53:30.340620+00:00
805.0,3.48,3.51,3.33,191.0,477,0.1290980645751953,call,2026-11-30,SPY,764.02001953125,2026-10-01T23:53:30.340620+00:00
806.0,3.29,3.32,3.26,215.0,20991,0.12857927093505855,call,2026-11-30,SPY,764.02001953125,2026-10-01T23:53:30.340620+00:00
807.0,3.11,3.15,3.13,357.0,567,0.1282588395690918,call,2026-11-30,SPY,764.02001953125,2026-10-01T23:53:30.340620+00:00
808.0,2.94,2.96,2.96,434.0,994,0.12757220092773439,call,2026-11-30,SPY,764.02001953125,2026-10-01T23:53:30.340620+00:00
809.0,2.78,2.81,2.84,10.0,380,0.12732806274414063,call,2026-11-30,SPY,764.02001953125,2026-10-01T23:53:30.340620+00:00
810.0,2.63,2.65,2.62,302.0,571,0.12683978637695312,call,2026-11-30,SPY,764.02001953125,2026-10-01T23:53:30.340620+00:00
811.0,2.48,2.51,2.5,42.0,480,0.12656513092041016,call,2026-11-30,SPY,764.02001953125,2026-10-01T23:53:30.340620+00:00
812.0,2.34,2.37,2.1,12.0,1777,0.1261989236450195,call,2026-11-30,SPY,764.02001953125,2026-10-01T23:53:30.340620+00:00
813.0,2.21,2.23,1.88,8.0,142,0.12574116455078127,call,2026-11-30,SPY,764.02001953125,2026-10-01T23:53:30.340620+00:00
814.0,2.08,2.11,1.61,18.0,153,0.12552754364013674,call,2026-11-30,SPY,764.02001953125,2026-10-01T23:53:30.340620+00:00
815.0,1.96,1.98,1.66,15.0,536,0.12503926727294923,call,2026-11-30,SPY,764.02001953125,2026-10-01T23:53:30.340620+00:00
816.0,1.85,1.87,2.27,1.0,200,0.12479512908935547,call,2026-11-30,SPY,764.02001953125,2026-10-01T23:53:30.340620+00:00
817.0,1.74,1.76,1.34,39.0,338,0.12445943908691406,call,2026-11-30,SPY,764.02001953125,2026-10-01T23:53:30.340620+00:00
818.0,1.64,1.66,1.32,12.0,56,0.12421530090332032,call,2026-11-30,SPY,764.02001953125,2026-10-01T23:53:30.340620+00:00
819.0,1.54,1.56,1.26,3.0,579,0.12391012817382813,call,2026-11-30,SPY,764.02001953125,2026-10-01T23:53:30.340620+00:00
820.0,1.45,1.47,1.52,163.0,2018,0.12366598999023437,call,2026-11-30,SPY,764.02001953125,2026-10-01T23:53:30.340620+00:00
825.0,1.07,1.09,1.08,1261.0,728,0.12281150634765625,call,2026-11-30,SPY,764.02001953125,2026-10-01T23:53:30.340620+00:00
830.0,0.79,0.81,0.78,86.0,2425,0.1223842645263672,call,2026-11-30,SPY,764.02001953125,2026-10-01T23:53:30.340620+00:00
835.0,0.59,0.6,0.57,184.0,1550,0.12220116088867189,call,2026-11-30,SPY,764.02001953125,2026-10-01T23:53:30.340620+00:00
840.0,0.44,0.46,0.45,19.0,549,0.12293357543945313,call,2026-11-30,SPY,764.02001953125,2026-10-01T23:53:30.340620+00:00
845.0,0.34,0.36,0.33,16.0,433,0.12415426635742188,call,2026-11-30,SPY,764.02001953125,2026-10-01T23:53:30.340620+00:00
850.0,0.27,0.28,0.23,46.0,5009,0.12525288818359376,call,2026-11-30,SPY,764.02001953125,2026-10-01T23:53:30.340620+00:00
855.0,0.21,0.22,0.19,3.0,173,0.12659564819335936,call,2026-11-30,SPY,764.02001953125,2026-10-01T23:53:30.340620+00:00
860.0,0.17,0.18,0.15,13.0,663,0.12867082275390623,call,2026-11-30,SPY,764.02001953125,2026-10-01T23:53:30.340620+00:00
865.0,0.14,0.15,0.14,16.0,805,0.13086806640624998,call,2026-11-30,SPY,764.02001953125,2026-10-01T23:53:30.340620+00:00
870.0,0.11,0.12,0.1,6.0,1185,0.13233289550781252,call,2026-11-30,SPY,764.02001953125,2026-10-01T23:53:30.340620+00:00
875.0,0.09,0.1,0.11,10.0,722,0.13453013916015627,call,2026-11-30,SPY,764.02001953125,2026-10-01T23:53:30.340620+00:00
880.0,0.07,0.09,0.08,25.0,1147,0.13770393554687502,call,2026-11-30,SPY,764.02001953125,2026-10-01T23:53:30.340620+00:00
885.0,0.06,0.08,0.11,6.0,240,0.14063359375,call,2026-11-30,SPY,764.02001953125,2026-10-01T23:53:30.340620+00:00
890.0,0.05,0.07,0.1,6.0,259,0.143563251953125,call,2026-11-30,SPY,764.02001953125,2026-10-01T23:53:30.340620+00:00
895.0,0.04,0.06,0.05,60.0,3273,0.145516357421875,call,2026-11-30,SPY,764.02001953125,2026-10-01T23:53:30.340620+00:00
900.0,0.04,0.05,0.05,20.0,4021,0.147469462890625,call,2026-11-30,SPY,764.02001953125,2026-10-01T23:53:30.340620+00:00
905.0,0.03,0.04,0.04,48.0,146,0.148446015625,call,2026-11-30,SPY,764.02001953125,2026-10-01T23:53:30.340620+00:00
910.0,0.03,0.04,0.04,3.0,140,0.15284050292968754,call,2026-11-30,SPY,764.02001953125,2026-10-01T23:53:30.340620+00:00
915.0,0.02,0.04,0.03,48.0,164,0.157234990234375,call,2026-11-30,SPY,764.02001953125,2026-10-01T23:53:30.340620+00:00
920.0,0.02,0.03,0.04,46.0,608,0.157234990234375,call,2026-11-30,SPY,764.02001953125,2026-10-01T23:53:30.340620+00:00
475.0,0.23,0.24,0.23,4.0,1131,0.467778759765625,put,2026-11-30,SPY,764.02001953125,2026-10-01T23:53:30.340620+00:00
480.0,0.24,0.25,0.26,10.0,56,0.46045461425781253,put,2026-11-30,SPY,764.02001953125,2026-10-01T23:53:30.340620+00:00
485.0,0.26,0.27,0.29,109.0,160,0.45508357421875,put,2026-11-30,SPY,764.02001953125,2026-10-01T23:53:30.340620+00:00
490.0,0.27,0.28,0.31,52.0,85,0.44775942871093743,put,2026-11-30,SPY,764.02001953125,2026-10-01T23:53:30.340620+00:00
495.0,0.29,0.3,0.3,5.0,137,0.44214425048828127,put,2026-11-30,SPY,764.02001953125,2026-10-01T23:53:30.340620+00:00
500.0,0.31,0.32,0.32,35.0,460,0.43628493408203123,put,2026-11-30,SPY,764.02001953125,2026-10-01T23:53:30.340620+00:00
505.0,0.33,0.34,0.34,4.0,115,0.43018147949218755,put,2026-11-30,SPY,764.02001953125,2026-10-01T23:53:30.340620+00:00
510.0,0.34,0.35,0.32,388.0,467,0.4226131958007812,put,2026-11-30,SPY,764.02001953125,2026-10-01T23:53:30.340620+00:00
515.0,0.36,0.37,0.35,6.0,88,0.4162656030273437,put,2026-11-30,SPY,764.02001953125,2026-10-01T23:53:30.340620+00:00
520.0,0.39,0.4,0.4,2.0,45,0.411138701171875,put,2026-11-30,SPY,764.02001953125,2026-10-01T23:53:30.340620+00:00
525.0,0.41,0.42,0.47,4.0,371,0.40454697021484376,put,2026-11-30,SPY,764.02001953125,2026-10-01T23:53:30.340620+00:00
530.0,0.43,0.44,0.42,5.0,585,0.3979552392578125,put,2026-11-30,SPY,764.02001953125,2026-10-01T23:53:30.340620+00:00
535.0,0.46,0.47,0.46,306.0,291,0.39234006103515623,put,2026-11-30,SPY,764.02001953125,2026-10-01T23:53:30.340620+00:00
540.0,0.49,0.5,0.54,2.0,491,0.3864807446289062,put,2026-11-30,SPY,764.02001953125,2026-10-01T23:53:30.340620+00:00
545.0,0.51,0.52,0.59,232.0,250,0.3794007373046875,put,2026-11-30,SPY,764.02001953125,2026-10-01T23:53:30.340620+00:00
550.0,0.54,0.55,0.56,98.0,1140,0.37329728271484375,put,2026-11-30,SPY,764.02001953125,2026-10-01T23:53:30.340620+00:00
555.0,0.57,0.58,0.62,1.0,758,0.36694968994140625,put,2026-11-30,SPY,764.02001953125,2026-10-01T23:53:30.340620+00:00
560.0,0.61,0.62,0.58,1.0,962,0.3614565808105469,put,2026-11-30,SPY,764.02001953125,2026-10-01T23:53:30.340620+00:00
565.0,0.64,0.65,0.64,100.0,690,0.3548648498535155,put,2026-11-30,SPY,764.02001953125,2026-10-01T23:53:30.340620+00:00
570.0,0.68,0.69,0.79,60.0,1023,0.34888346435546874,put,2026-11-30,SPY,764.02001953125,2026-10-01T23:53:30.340620+00:00
575.0,0.72,0.73,0.77,1.0,882,0.34278000976562495,put,2026-11-30,SPY,764.02001953125,2026-10-01T23:53:30.340620+00:00
580.0,0.76,0.77,0.85,800.0,2104,0.3365544860839844,put,2026-11-30,SPY,764.02001953125,2026-10-01T23:53:30.340620+00:00
581.0,0.76,0.78,0.68,18.0,18,0.3353337951660156,put,2026-11-30,SPY,764.02001953125,2026-10-01T23:53:30.340620+00:00
582.0,0.77,0.79,0.74,1.0,17,0.33423517333984376,put,2026-11-30,SPY,764.02001953125,2026-10-01T23:53:30.340620+00:00
585.0,0.8,0.81,0.93,127.0,1260,0.33008482421874996,put,2026-11-30,SPY,764.02001953125,2026-10-01T23:53:30.340620+00:00
586.0,0.81,0.82,1.22,2.0,2,0.3288641333007812,put,2026-11-30,SPY,764.02001953125,2026-10-01T23:53:30.340620+00:00
587.0,0.82,0.83,1.23,1.0,1,0.32776551147460936,put,2026-11-30,SPY,764.02001953125,2026-10-01T23:53:30.340620+00:00
588.0,0.83,0.84,1.24,1.0,1,0.3265448205566406,put,2026-11-30,SPY,764.02001953125,2026-10-01T23:53:30.340620+00:00
589.0,0.84,0.85,1.31,2.0,2,0.32532412963867186,put,2026-11-30,SPY,764.02001953125,2026-10-01T23:53:30.340620+00:00
590.0,0.85,0.86,0.85,50.0,596,0.324103438720703,put,2026-11-30,SPY,764.02001953125,2026-10-01T23:53:30.340620+00:00
591.0,0.86,0.87,0.97,2.0,23,0.3228827478027343,put,2026-11-30,SPY,764.02001953125,2026-10-01T23:53:30.340620+00:00
592.0,0.87,0.88,0.86,2.0,1,0.32166205688476557,put,2026-11-30,SPY,764.02001953125,2026-10-01T23:53:30.340620+00:00
593.0,0.88,0.89,1.02,5.0,11,0.32044136596679684,put,2026-11-30,SPY,764.02001953125,2026-10-01T23:53:30.340620+00:00
595.0,0.9,0.91,1.0,80.0,532,0.31799998413085934,put,2026-11-30,SPY,764.02001953125,2026-10-01T23:53:30.340620+00:00
596.0,0.91,0.92,0.97,10.0,16,0.3166572241210937,put,2026-11-30,SPY,764.02001953125,2026-10-01T23:53:30.340620+00:00
598.0,0.93,0.94,0.92,3.0,672,0.3142158422851562,put,2026-11-30,SPY,764.02001953125,2026-10-01T23:53:30.340620+00:00
599.0,0.94,0.95,1.01,7.0,11,0.31287308227539057,put,2026-11-30,SPY,764.02001953125,2026-10-01T23:53:30.340620+00:00
600.0,0.95,0.96,1.04,393.0,1270,0.31165239135742184,put,2026-11-30,SPY,764.02001953125,2026-10-01T23:53:30.340620+00:00
601.0,0.96,0.98,2.02,1.0,3,0.3109199768066406,put,2026-11-30,SPY,764.02001953125,2026-10-01T23:53:30.340620+00:00
603.0,0.98,1.0,0.88,3.0,22,0.30823445678710937,put,2026-11-30,SPY,764.02001953125,2026-10-01T23:53:30.340620+00:00
604.0,1.0,1.01,1.39,,1,0.3070137658691406,put,2026-11-30,SPY,764.02001953125,2026-10-01T23:53:30.340620+00:00
605.0,1.01,1.02,1.15,3.0,1072,0.305671005859375,put,2026-11-30,SPY,764.02001953125,2026-10-01T23:53:30.340620+00:00
606.0,1.02,1.03,1.02,4.0,57,0.3043282458496094,put,2026-11-30,SPY,764.02001953125,2026-10-01T23:53:30.340620+00:00
607.0,1.03,1.05,1.01,1.0,13,0.3034737622070312,put,2026-11-30,SPY,764.02001953125,2026-10-01T23:53:30.340620+00:00
608.0,1.04,1.06,1.13,360.0,361,0.30213100219726563,put,2026-11-30,SPY,764.02001953125,2026-10-01T23:53:30.340620+00:00
609.0,1.06,1.07,1.23,5.0,215,0.3007882421875,put,2026-11-30,SPY,764.02001953125,2026-10-01T23:53:30.340620+00:00
610.0,1.07,1.08,1.11,7.0,1172,0.29944548217773437,put,2026-11-30,SPY,764.02001953125,2026-10-01T23:53:30.340620+00:00
611.0,1.08,1.1,1.25,20.0,7,0.2985909985351562,put,2026-11-30,SPY,764.02001953125,2026-10-01T23:53:30.340620+00:00
612.0,1.1,1.11,1.12,87.0,20666,0.29724823852539056,put,2026-11-30,SPY,764.02001953125,2026-10-01T23:53:30.340620+00:00
614.0,1.12,1.13,1.07,3.0,6,0.29444064941406245,put,2026-11-30,SPY,764.02001953125,2026-10-01T23:53:30.340620+00:00
615.0,1.14,1.15,1.14,88.0,750,0.29358616577148433,put,2026-11-30,SPY,764.02001953125,2026-10-01T23:53:30.340620+00:00
616.0,1.15,1.16,1.28,100.0,108,0.29218237121582025,put,2026-11-30,SPY,764.02001953125,2026-10-01T23:53:30.340620+00:00
617.0,1.16,1.18,1.13,1.0,2,0.2912058184814452,put,2026-11-30,SPY,764.02001953125,2026-10-01T23:53:30.340620+00:00
618.0,1.18,1.19,1.37,30.0,57,0.2898020239257812,put,2026-11-30,SPY,764.02001953125,2026-10-01T23:53:30.340620+00:00
619.0,1.19,1.2,1.37,1.0,8,0.28839822937011705,put,2026-11-30,SPY,764.02001953125,2026-10-01T23:53:30.340620+00:00
620.0,1.2,1.22,1.31,114.0,596,0.28742167663574214,put,2026-11-30,SPY,764.02001953125,2026-10-01T23:53:30.340620+00:00
621.0,1.22,1.23,1.13,,3,0.28601788208007806,put,2026-11-30,SPY,764.02001953125,2026-10-01T23:53:30.340620+00:00
622.0,1.23,1.25,1.44,,3,0.2849802947998046,put,2026-11-30,SPY,764.02001953125,2026-10-01T23:53:30.340620+00:00
624.0,1.26,1.28,1.11,100.0,102,0.28253891296386713,put,2026-11-30,SPY,764.02001953125,2026-10-01T23:53:30.340620+00:00
625.0,1.28,1.29,1.45,113.0,562,0.2810740838623046,put,2026-11-30,SPY,764.02001953125,2026-10-01T23:53:30.340620+00:00
626.0,1.29,1.31,1.28,6.0,5,0.28003649658203117,put,2026-11-30,SPY,764.02001953125,2026-10-01T23:53:30.340620+00:00
627.0,1.31,1.33,1.2,34.0,37,0.27893787475585935,put,2026-11-30,SPY,764.02001953125,2026-10-01T23:53:30.340620+00:00
628.0,1.32,1.34,1.5,1.0,9,0.27747304565429687,put,2026-11-30,SPY,764.02001953125,2026-10-01T23:53:30.340620+00:00
630.0,1.36,1.37,1.51,287.0,296,0.2749095947265625,put,2026-11-30,SPY,764.02001953125,2026-10-01T23:53:30.340620+00:00
631.0,1.38,1.39,1.34,2.0,534,0.2738109729003906,put,2026-11-30,SPY,764.02001953125,2026-10-01T23:53:30.340620+00:00
632.0,1.39,1.41,1.54,2.0,5,0.2727123510742187,put,2026-11-30,SPY,764.02001953125,2026-10-01T23:53:30.340620+00:00
633.0,1.41,1.43,1.88,1.0,12,0.2715526947021484,put,2026-11-30,SPY,764.02001953125,2026-10-01T23:53:30.340620+00:00
634.0,1.43,1.45,1.35,202.0,277,0.2703930383300781,put,2026-11-30,SPY,764.02001953125,2026-10-01T23:53:30.340620+00:00
635.0,1.45,1.46,1.59,5.0,214,0.26892820922851557,put,2026-11-30,SPY,764.02001953125,2026-10-01T23:53:30.340620+00:00
636.0,1.46,1.48,1.72,1.0,134,0.2677685528564453,put,2026-11-30,SPY,764.02001953125,2026-10-01T23:53:30.340620+00:00
637.0,1.48,1.5,1.48,103.0,203,0.266608896484375,put,2026-11-30,SPY,764.02001953125,2026-10-01T23:53:30.340620+00:00
638.0,1.5,1.52,1.55,1.0,45,0.26538820556640624,put,2026-11-30,SPY,764.02001953125,2026-10-01T23:53:30.340620+00:00
639.0,1.52,1.54,1.49,3.0,27,0.26416751464843746,put,2026-11-30,SPY,764.02001953125,2026-10-01T23:53:30.340620+00:00
640.0,1.54,1.56,1.79,51.0,560,0.2630078582763672,put,2026-11-30,SPY,764.02001953125,2026-10-01T23:53:30.340620+00:00
641.0,1.56,1.58,1.62,1.0,9,0.26178716735839846,put,2026-11-30,SPY,764.02001953125,2026-10-01T23:53:30.340620+00:00
642.0,1.58,1.6,1.75,100.0,121,0.26056647644042963,put,2026-11-30,SPY,764.02001953125,2026-10-01T23:53:30.340620+00:00
643.0,1.6,1.62,2.35,18.0,20,0.25928475097656256,put,2026-11-30,SPY,764.02001953125,2026-10-01T23:53:30.340620+00:00
644.0,1.62,1.65,1.63,1.0,5,0.258369232788086,put,2026-11-30,SPY,764.02001953125,2026-10-01T23:53:30.340620+00:00
645.0,1.65,1.66,1.9,1.0,77,0.25678233459472655,put,2026-11-30,SPY,764.02001953125,2026-10-01T23:53:30.340620+00:00
646.0,1.67,1.69,1.73,2.0,55,0.25586681640625003,put,2026-11-30,SPY,764.02001953125,2026-10-01T23:53:30.340620+00:00
647.0,1.69,1.71,1.72,1.0,371,0.2545850909423829,put,2026-11-30,SPY,764.02001953125,2026-10-01T23:53:30.340620+00:00
648.0,1.71,1.74,1.5,6.0,26,0.2536085382080079,put,2026-11-30,SPY,764.02001953125,2026-10-01T23:53:30.340620+00:00
649.0,1.73,1.76,1.63,1.0,64,0.25226577819824214,put,2026-11-30,SPY,764.02001953125,2026-10-01T23:53:30.340620+00:00
650.0,1.76,1.78,1.75,19.0,482,0.25098405273437496,put,2026-11-30,SPY,764.02001953125,2026-10-01T23:53:30.340620+00:00
651.0,1.78,1.81,1.85,42.0,66,0.24994646545410154,put,2026-11-30,SPY,764.02001953125,2026-10-01T23:53:30.340620+00:00
652.0,1.81,1.83,2.09,1.0,210,0.24860370544433597,put,2026-11-30,SPY,764.02001953125,2026-10-01T23:53:30.340620+00:00
653.0,1.83,1.86,1.73,1.0,267,0.2475661181640625,put,2026-11-30,SPY,764.02001953125,2026-10-01T23:53:30.340620+00:00
654.0,1.86,1.88,2.74,,2,0.24622335815429688,put,2026-11-30,SPY,764.02001953125,2026-10-01T23:53:30.340620+00:00
655.0,1.88,1.9,1.91,4.0,771,0.24481956359863283,put,2026-11-30,SPY,764.02001953125,2026-10-01T23:53:30.340620+00:00
656.0,1.91,1.93,2.17,1.0,8,0.24372094177246095,put,2026-11-30,SPY,764.02001953125,2026-10-01T23:53:30.340620+00:00
657.0,1.94,1.96,2.19,2.0,13,0.24262231994628902,put,2026-11-30,SPY,764.02001953125,2026-10-01T23:53:30.340620+00:00
658.0,1.96,1.99,1.85,2.0,129,0.2415236981201172,put,2026-11-30,SPY,764.02001953125,2026-10-01T23:53:30.340620+00:00
659.0,1.99,2.02,2.08,1.0,58,0.24036404174804685,put,2026-11-30,SPY,764.02001953125,2026-10-01T23:53:30.340620+00:00
660.0,2.02,2.04,2.02,115.0,1796,0.2389602471923828,put,2026-11-30,SPY,764.02001953125,2026-10-01T23:53:30.340620+00:00
661.0,2.05,2.07,2.26,2.0,386,0.23777007354736324,put,2026-11-30,SPY,764.02001953125,2026-10-01T23:53:30.340620+00:00
662.0,2.07,2.1,2.18,1.0,1,0.23657989990234374,put,2026-11-30,SPY,764.02001953125,2026-10-01T23:53:30.340620+00:00
663.0,2.1,2.13,2.19,294.0,295,0.2354202435302734,put,2026-11-30,SPY,764.02001953125,2026-10-01T23:53:30.340620+00:00
664.0,2.14,2.16,2.31,2.0,279,0.23419955261230468,put,2026-11-30,SPY,764.02001953125,2026-10-01T23:53:30.340620+00:00
665.0,2.17,2.19,2.36,2.0,782,0.23297886169433596,put,2026-11-30,SPY,764.02001953125,2026-10-01T23:53:30.340620+00:00
666.0,2.2,2.23,2.3,2.0,17,0.23200230895996093,put,2026-11-30,SPY,764.02001953125,2026-10-01T23:53:30.340620+00:00
667.0,2.23,2.26,2.32,30.0,242,0.23072058349609376,put,2026-11-30,SPY,764.02001953125,2026-10-01T23:53:30.340620+00:00
668.0,2.27,2.29,2.43,1.0,224,0.2294693753051758,put,2026-11-30,SPY,764.02001953125,2026-10-01T23:53:30.340620+00:00
669.0,2.3,2.33,2.39,33.0,46,0.22840127075195313,put,2026-11-30,SPY,764.02001953125,2026-10-01T23:53:30.340620+00:00
670.0,2.34,2.36,2.52,21.0,927,0.22711954528808592,put,2026-11-30,SPY,764.02001953125,2026-10-01T23:53:30.340620+00:00
671.0,2.37,2.4,2.46,85.0,85,0.22605144073486327,put,2026-11-30,SPY,764.02001953125,2026-10-01T23:53:30.340620+00:00
672.0,2.41,2.43,2.79,41.0,265,0.22473919799804684,put,2026-11-30,SPY,764.02001953125,2026-10-01T23:53:30.340620+00:00
673.0,2.45,2.47,2.54,2.0,161,0.22364057617187497,put,2026-11-30,SPY,764.02001953125,2026-10-01T23:53:30.340620+00:00
674.0,2.48,2.51,3.0,2.0,234,0.22248091979980467,put,2026-11-30,SPY,764.02001953125,2026-10-01T23:53:30.340620+00:00
675.0,2.52,2.55,2.51,43.0,934,0.22135178070068356,put,2026-11-30,SPY,764.02001953125,2026-10-01T23:53:30.340620+00:00
676.0,2.56,2.59,2.53,1.0,145,0.22019212432861324,put,2026-11-30,SPY,764.02001953125,2026-10-01T23:53:30.340620+00:00
677.0,2.6,2.63,2.74,69.0,212,0.21900195068359374,put,2026-11-30,SPY,764.02001953125,2026-10-01T23:53:30.340620+00:00
678.0,2.64,2.67,3.1,2.0,184,0.2178422943115234,put,2026-11-30,SPY,764.02001953125,2026-10-01T23:53:30.340620+00:00
679.0,2.68,2.71,2.54,364.0,736,0.21662160339355468,put,2026-11-30,SPY,764.02001953125,2026-10-01T23:53:30.340620+00:00
680.0,2.73,2.75,2.83,212.0,726,0.21540091247558596,put,2026-11-30,SPY,764.02001953125,2026-10-01T23:53:30.340620+00:00
681.0,2.77,2.8,3.25,1.0,481,0.21436332519531248,put,2026-11-30,SPY,764.02001953125,2026-10-01T23:53:30.340620+00:00
682.0,2.81,2.84,2.8,28.0,33,0.2130815997314453,put,2026-11-30,SPY,764.02001953125,2026-10-01T23:53:30.340620+00:00
683.0,2.86,2.89,2.92,9.0,304,0.21198297790527343,put,2026-11-30,SPY,764.02001953125,2026-10-01T23:53:30.340620+00:00
684.0,2.91,2.94,3.04,13.0,18832,0.21088435607910155,put,2026-11-30,SPY,764.02001953125,2026-10-01T23:53:30.340620+00:00
685.0,2.95,2.99,2.92,3.0,4351,0.20978573425292968,put,2026-11-30,SPY,764.02001953125,2026-10-01T23:53:30.340620+00:00
686.0,3.0,3.03,3.11,14.0,258,0.208442974243164,put,2026-11-30,SPY,764.02001953125,2026-10-01T23:53:30.340620+00:00
687.0,3.05,3.08,3.41,47.0,34,0.20728331787109372,put,2026-11-30,SPY,764.02001953125,2026-10-01T23:53:30.340620+00:00
688.0,3.11,3.14,3.5,22.0,268,0.2063067651367187,put,2026-11-30,SPY,764.02001953125,2026-10-01T23:53:30.340620+00:00
689.0,3.16,3.19,3.27,66.0,271,0.20508607421874997,put,2026-11-30,SPY,764.02001953125,2026-10-01T23:53:30.340620+00:00
690.0,3.21,3.24,3.21,41.0,573,0.20386538330078124,put,2026-11-30,SPY,764.02001953125,2026-10-01T23:53:30.340620+00:00
691.0,3.27,3.3,3.75,1.0,82,0.20282779602050777,put,2026-11-30,SPY,764.02001953125,2026-10-01T23:53:30.340620+00:00
692.0,3.32,3.35,4.01,2.0,900,0.20154607055664062,put,2026-11-30,SPY,764.02001953125,2026-10-01T23:53:30.340620+00:00
693.0,3.38,3.41,3.82,4.0,1450,0.2004474487304687,put,2026-11-30,SPY,764.02001953125,2026-10-01T23:53:30.340620+00:00
694.0,3.44,3.47,3.91,18.0,95,0.19931830963134767,put,2026-11-30,SPY,764.02001953125,2026-10-01T23:53:30.340620+00:00
695.0,3.5,3.53,4.16,7.0,578,0.19815865325927734,put,2026-11-30,SPY,764.02001953125,2026-10-01T23:53:30.340620+00:00
696.0,3.56,3.6,3.32,93.0,98,0.19715158325195312,put,2026-11-30,SPY,764.02001953125,2026-10-01T23:53:30.340620+00:00
697.0,3.62,3.66,3.72,2.0,173,0.1959614096069336,put,2026-11-30,SPY,764.02001953125,2026-10-01T23:53:30.340620+00:00
698.0,3.69,3.72,4.34,2.0,267,0.1947407186889648,put,2026-11-30,SPY,764.02001953125,2026-10-01T23:53:30.340620+00:00
699.0,3.75,3.79,4.01,3.0,116,0.19367261413574222,put,2026-11-30,SPY,764.02001953125,2026-10-01T23:53:30.340620+00:00
700.0,3.82,3.85,3.91,2338.0,5444,0.1924214059448242,put,2026-11-30,SPY,764.02001953125,2026-10-01T23:53:30.340620+00:00
701.0,3.89,3.93,4.0,10.0,983,0.19144485321044924,put,2026-11-30,SPY,764.02001953125,2026-10-01T23:53:30.340620+00:00
702.0,3.96,4.0,4.6,47.0,116,0.1902851968383789,put,2026-11-30,SPY,764.02001953125,2026-10-01T23:53:30.340620+00:00
703.0,4.04,4.07,4.27,2.0,24,0.18909502319335939,put,2026-11-30,SPY,764.02001953125,2026-10-01T23:53:30.340620+00:00
704.0,4.11,4.15,4.16,100.0,202,0.18805743591308594,put,2026-11-30,SPY,764.02001953125,2026-10-01T23:53:30.340620+00:00
705.0,4.19,4.22,4.62,761.0,1520,0.18680622772216798,put,2026-11-30,SPY,764.02001953125,2026-10-01T23:53:30.340620+00:00
706.0,4.27,4.3,4.98,2.0,251,0.18570760589599605,put,2026-11-30,SPY,764.02001953125,2026-10-01T23:53:30.340620+00:00
707.0,4.34,4.38,4.44,2.0,197,0.18457846679687498,put,2026-11-30,SPY,764.02001953125,2026-10-01T23:53:30.340620+00:00
708.0,4.43,4.46,5.1,2.0,49,0.18341881042480468,put,2026-11-30,SPY,764.02001953125,2026-10-01T23:53:30.340620+00:00
709.0,4.51,4.55,3.97,2.0,471,0.18235070587158203,put,2026-11-30,SPY,764.02001953125,2026-10-01T23:53:30.340620+00:00
710.0,4.6,4.64,4.58,177.0,432,0.18128260131835935,put,2026-11-30,SPY,764.02001953125,2026-10-01T23:53:30.340620+00:00
711.0,4.68,4.73,4.09,1.0,268,0.1801839794921875,put,2026-11-30,SPY,764.02001953125,2026-10-01T23:53:30.340620+00:00
712.0,4.77,4.82,4.91,1.0,1265,0.17902432312011718,put,2026-11-30,SPY,764.02001953125,2026-10-01T23:53:30.340620+00:00
713.0,4.87,4.91,5.25,4.0,197,0.17786466674804688,put,2026-11-30,SPY,764.02001953125,2026-10-01T23:53:30.340620+00:00
714.0,4.96,5.0,5.11,36.0,395,0.17667449310302735,put,2026-11-30,SPY,764.02001953125,2026-10-01T23:53:30.340620+00:00
715.0,5.06,5.1,5.21,52.0,446,0.17557587127685548,put,2026-11-30,SPY,764.02001953125,2026-10-01T23:53:30.340620+00:00
716.0,5.16,5.2,5.32,4.0,195,0.1744467321777344,put,2026-11-30,SPY,764.02001953125,2026-10-01T23:53:30.340620+00:00
717.0,5.27,5.3,5.42,7.0,240,0.17328707580566405,put,2026-11-30,SPY,764.02001953125,2026-10-01T23:53:30.340620+00:00
718.0,5.37,5.4,5.33,7.0,1600,0.17209690216064455,put,2026-11-30,SPY,764.02001953125,2026-10-01T23:53:30.340620+00:00
719.0,5.48,5.51,5.64,123.0,75,0.1710135389709473,put,2026-11-30,SPY,764.02001953125,2026-10-01T23:53:30.340620+00:00
720.0,5.59,5.62,5.68,146.0,2686,0.16986914123535157,put,2026-11-30,SPY,764.02001953125,2026-10-01T23:53:30.340620+00:00
721.0,5.7,5.74,5.87,3.0,233,0.16883155395507815,put,2026-11-30,SPY,764.02001953125,2026-10-01T23:53:30.340620+00:00
722.0,5.81,5.85,5.82,4.0,142,0.1676413803100586,put,2026-11-30,SPY,764.02001953125,2026-10-01T23:53:30.340620+00:00
723.0,5.93,5.98,6.55,3.0,312,0.16663431030273443,put,2026-11-30,SPY,764.02001953125,2026-10-01T23:53:30.340620+00:00
724.0,6.06,6.1,6.24,1.0,407,0.16547465393066407,put,2026-11-30,SPY,764.02001953125,2026-10-01T23:53:30.340620+00:00
725.0,6.19,6.22,6.37,217.0,4395,0.16429973892211913,put,2026-11-30,SPY,764.02001953125,2026-10-01T23:53:30.340620+00:00
726.0,6.32,6.36,7.49,21.0,666,0.16330792755126955,put,2026-11-30,SPY,764.02001953125,2026-10-01T23:53:30.340620+00:00
727.0,6.45,6.48,6.64,218.0,20790,0.16204146072387693,put,2026-11-30,SPY,764.02001953125,2026-10-01T23:53:30.340620+00:00
728.0,6.58,6.62,6.78,6.0,803,0.1609580975341797,put,2026-11-30,SPY,764.02001953125,2026-10-01T23:53:30.340620+00:00
729.0,6.72,6.76,6.87,32.0,634,0.1598594757080078,put,2026-11-30,SPY,764.02001953125,2026-10-01T23:53:30.340620+00:00
730.0,6.87,6.9,6.67,102.0,1214,0.15869981933593752,put,2026-11-30,SPY,764.02001953125,2026-10-01T23:53:30.340620+00:00
731.0,7.01,7.05,7.21,2.0,103,0.15760119750976562,put,2026-11-30,SPY,764.02001953125,2026-10-01T23:53:30.340620+00:00
732.0,7.16,7.2,7.36,3.0,105,0.15647205841064454,put,2026-11-30,SPY,764.02001953125,2026-10-01T23:53:30.340620+00:00
733.0,7.32,7.36,7.37,20.0,528,0.1554039538574219,put,2026-11-30,SPY,764.02001953125,2026-10-01T23:53:30.340620+00:00
734.0,7.48,7.51,8.16,43.0,108,0.15419852157592773,put,2026-11-30,SPY,764.02001953125,2026-10-01T23:53:30.340620+00:00
735.0,7.64,7.67,7.63,10.0,6160,0.15305412384033207,put,2026-11-30,SPY,764.02001953125,2026-10-01T23:53:30.340620+00:00
736.0,7.81,7.84,8.94,9.0,404,0.1519555020141602,put,2026-11-30,SPY,764.02001953125,2026-10-01T23:53:30.340620+00:00
737.0,7.98,8.02,8.94,8.0,398,0.15090265609741216,put,2026-11-30,SPY,764.02001953125,2026-10-01T23:53:30.340620+00:00
738.0,8.15,8.19,8.2,20.0,400,0.1497124824523926,put,2026-11-30,SPY,764.02001953125,2026-10-01T23:53:30.340620+00:00
739.0,8.34,8.38,8.46,54.0,366,0.14867489517211913,put,2026-11-30,SPY,764.02001953125,2026-10-01T23:53:30.340620+00:00
740.0,8.52,8.56,8.52,130.0,2639,0.14748472152709963,put,2026-11-30,SPY,764.02001953125,2026-10-01T23:53:30.340620+00:00
741.0,8.71,8.76,10.32,99.0,159,0.14643187561035154,put,2026-11-30,SPY,764.02001953125,2026-10-01T23:53:30.340620+00:00
742.0,8.91,8.96,8.88,131.0,579,0.1453332537841797,put,2026-11-30,SPY,764.02001953125,2026-10-01T23:53:30.340620+00:00
743.0,9.11,9.16,9.92,9.0,326,0.14418885604858395,put,2026-11-30,SPY,764.02001953125,2026-10-01T23:53:30.340620+00:00
744.0,9.32,9.36,9.7,8.0,564,0.14299868240356445,put,2026-11-30,SPY,764.02001953125,2026-10-01T23:53:30.340620+00:00
745.0,9.53,9.58,9.92,60.0,1466,0.1419305778503418,put,2026-11-30,SPY,764.02001953125,2026-10-01T23:53:30.340620+00:00
746.0,9.75,9.79,10.28,49.0,1032,0.1407251455688477,put,2026-11-30,SPY,764.02001953125,2026-10-01T23:53:30.340620+00:00
747.0,9.97,10.01,10.29,1.0,249,0.13953497192382813,put,2026-11-30,SPY,764.02001953125,2026-10-01T23:53:30.340620+00:00
748.0,10.2,10.25,11.75,2.0,449,0.1384821260070801,put,2026-11-30,SPY,764.02001953125,2026-10-01T23:53:30.340620+00:00
749.0,10.43,10.49,11.88,4.0,456,0.1373682455444336,put,2026-11-30,SPY,764.02001953125,2026-10-01T23:53:30.340620+00:00
750.0,10.68,10.73,10.72,206.0,3663,0.13619333053588867,put,2026-11-30,SPY,764.02001953125,2026-10-01T23:53:30.340620+00:00
751.0,10.93,10.98,11.51,132.0,116,0.135048932800293,put,2026-11-30,SPY,764.02001953125,2026-10-01T23:53:30.340620+00:00
752.0,11.18,11.23,11.37,80.0,262,0.13384350051879884,put,2026-11-30,SPY,764.02001953125,2026-10-01T23:53:30.340620+00:00
753.0,11.45,11.51,11.48,23.0,80,0.132821171875,put,2026-11-30,SPY,764.02001953125,2026-10-01T23:53:30.340620+00:00
754.0,11.72,11.77,12.13,95.0,83,0.13156996368408203,put,2026-11-30,SPY,764.02001953125,2026-10-01T23:53:30.340620+00:00
755.0,12.0,12.05,12.12,118.0,489,0.1304255659484863,put,2026-11-30,SPY,764.02001953125,2026-10-01T23:53:30.340620+00:00
756.0,12.29,12.34,12.48,27.0,77,0.1292964268493652,put,2026-11-30,SPY,764.02001953125,2026-10-01T23:53:30.340620+00:00
757.0,12.58,12.64,12.53,3.0,364,0.12818254638671872,put,2026-11-30,SPY,764.02001953125,2026-10-01T23:53:30.340620+00:00
758.0,12.89,12.94,13.09,57.0,212,0.12699237274169922,put,2026-11-30,SPY,764.02001953125,2026-10-01T23:53:30.340620+00:00
759.0,13.2,13.25,13.09,115.0,216,0.12581745773315428,put,2026-11-30,SPY,764.02001953125,2026-10-01T23:53:30.340620+00:00
760.0,13.52,13.57,13.7,404.0,2580,0.12465780136108398,put,2026-11-30,SPY,764.02001953125,2026-10-01T23:53:30.340620+00:00
761.0,13.85,13.91,14.1,155.0,1123,0.12357443817138672,put,2026-11-30,SPY,764.02001953125,2026-10-01T23:53:30.340620+00:00
762.0,14.19,14.25,14.55,107.0,465,0.12241478179931642,put,2026-11-30,SPY,764.02001953125,2026-10-01T23:53:30.340620+00:00
763.0,14.54,14.6,14.6,56.0,181,0.12125512542724609,put,2026-11-30,SPY,764.02001953125,2026-10-01T23:53:30.340620+00:00
764.0,14.9,14.96,14.5,81.0,110,0.12009546905517576,put,2026-11-30,SPY,764.02001953125,2026-10-01T23:53:30.340620+00:00
765.0,15.27,15.33,15.51,87.0,564,0.11892055404663085,put,2026-11-30,SPY,764.02001953125,2026-10-01T23:53:30.340620+00:00
766.0,15.64,15.71,15.79,62.0,730,0.11774563903808594,put,2026-11-30,SPY,764.02001953125,2026-10-01T23:53:30.340620+00:00
767.0,16.03,16.11,16.01,15.0,569,0.11666227584838867,put,2026-11-30,SPY,764.02001953125,2026-10-01T23:53:30.340620+00:00
768.0,16.43,16.5,17.62,52.0,501,0.1153805503845215,put,2026-11-30,SPY,764.02001953125,2026-10-01T23:53:30.340620+00:00
769.0,16.85,16.91,17.07,50.0,835,0.11419037673950197,put,2026-11-30,SPY,764.02001953125,2026-10-01T23:53:30.340620+00:00
770.0,17.28,17.34,17.67,68.0,1634,0.11304597900390626,put,2026-11-30,SPY,764.02001953125,2026-10-01T23:53:30.340620+00:00
771.0,17.71,17.79,17.96,54.0,291,0.11197787445068358,put,2026-11-30,SPY,764.02001953125,2026-10-01T23:53:30.340620+00:00
772.0,18.16,18.24,20.32,55.0,252,0.11080295944213867,put,2026-11-30,SPY,764.02001953125,2026-10-01T23:53:30.340620+00:00
773.0,18.63,18.7,20.51,18.0,494,0.10959752716064453,put,2026-11-30,SPY,764.02001953125,2026-10-01T23:53:30.340620+00:00
774.0,19.1,19.18,19.32,57.0,391,0.10845312942504884,put,2026-11-30,SPY,764.02001953125,2026-10-01T23:53:30.340620+00:00
775.0,19.59,19.66,19.78,652.0,1410,0.10720192123413086,put,2026-11-30,SPY,764.02001953125,2026-10-01T23:53:30.340620+00:00
776.0,19.89,21.09,20.66,1.0,113,0.11386994537353515,put,2026-11-30,SPY,764.02001953125,2026-10-01T23:53:30.340620+00:00
777.0,20.18,21.62,20.65,2.0,188,0.11289339263916015,put,2026-11-30,SPY,764.02001953125,2026-10-01T23:53:30.340620+00:00
778.0,20.74,21.52,19.89,1.0,158,0.10636269622802735,put,2026-11-30,SPY,764.02001953125,2026-10-01T23:53:30.340620+00:00
779.0,21.27,22.06,22.59,1.0,807,0.10517252258300781,put,2026-11-30,SPY,764.02001953125,2026-10-01T23:53:30.340620+00:00
780.0,22.01,22.42,24.5,136.0,881,0.1022428643798828,put,2026-11-30,SPY,764.02001953125,2026-10-01T23:53:30.340620+00:00
781.0,21.49,23.21,22.21,1.0,624,0.10303631347656249,put,2026-11-30,SPY,764.02001953125,2026-10-01T23:53:30.340620+00:00
782.0,22.06,23.8,24.03,2.0,360,0.1019071743774414,put,2026-11-30,SPY,764.02001953125,2026-10-01T23:53:30.340620+00:00
783.0,23.51,24.4,26.95,12.0,168,0.10073225936889649,put,2026-11-30,SPY,764.02001953125,2026-10-01T23:53:30.340620+00:00
784.0,24.1,25.99,28.08,1.0,469,0.10884985397338867,put,2026-11-30,SPY,764.02001953125,2026-10-01T23:53:30.340620+00:00
785.0,23.86,26.62,23.4,115.0,381,0.10788855987548829,put,2026-11-30,SPY,764.02001953125,2026-10-01T23:53:30.340620+00:00
786.0,24.52,27.23,26.7,2.0,65,0.1065915757751465,put,2026-11-30,SPY,764.02001953125,2026-10-01T23:53:30.340620+00:00
787.0,25.15,27.88,23.63,1.0,2,0.10553872985839843,put,2026-11-30,SPY,764.02001953125,2026-10-01T23:53:30.340620+00:00
788.0,25.8,28.58,25.25,155.0,249,0.10488260848999023,put,2026-11-30,SPY,764.02001953125,2026-10-01T23:53:30.340620+00:00
789.0,26.51,29.26,28.59,31.0,32,0.10387553848266601,put,2026-11-30,SPY,764.02001953125,2026-10-01T23:53:30.340620+00:00
790.0,28.34,28.82,31.2,4.0,301,0.09003595520019532,put,2026-11-30,SPY,764.02001953125,2026-10-01T23:53:30.340620+00:00
791.0,27.89,30.66,32.77,1.0,1,0.10186139846801759,put,2026-11-30,SPY,764.02001953125,2026-10-01T23:53:30.340620+00:00
792.0,28.61,31.36,30.05,1.0,6,0.10062544891357422,put,2026-11-30,SPY,764.02001953125,2026-10-01T23:53:30.340620+00:00
794.0,30.1,32.87,35.07,3.0,22,0.0989469989013672,put,2026-11-30,SPY,764.02001953125,2026-10-01T23:53:30.340620+00:00
795.0,30.87,33.64,30.0,1.0,67,0.09807725662231445,put,2026-11-30,SPY,764.02001953125,2026-10-01T23:53:30.340620+00:00
796.0,31.65,34.42,36.84,1.0,11,0.0971769970703125,put,2026-11-30,SPY,764.02001953125,2026-10-01T23:53:30.340620+00:00
800.0,35.57,36.83,36.67,3.0,51,0.07807318420410157,put,2026-11-30,SPY,764.02001953125,2026-10-01T23:53:30.340620+00:00
805.0,39.33,42.07,38.54,1.0,7,0.0913176806640625,put,2026-11-30,SPY,764.02001953125,2026-10-01T23:53:30.340620+00:00
807.0,41.14,43.92,37.53,,1,0.09125664611816406,put,2026-11-30,SPY,764.02001953125,2026-10-01T23:53:30.340620+00:00
810.0,44.43,46.78,42.0,1.0,2,0.0924773370361328,put,2026-11-30,SPY,764.02001953125,2026-10-01T23:53:30.340620+00:00
812.0,46.0,48.78,40.87,,0,0.09549854705810548,put,2026-11-30,SPY,764.02001953125,2026-10-01T23:53:30.340620+00:00
813.0,47.01,49.78,41.8,2.0,0,0.0969938934326172,put,2026-11-30,SPY,764.02001953125,2026-10-01T23:53:30.340620+00:00
814.0,48.01,50.79,42.74,,0,0.09876389526367188,put,2026-11-30,SPY,764.02001953125,2026-10-01T23:53:30.340620+00:00
815.0,49.06,51.79,48.09,1.0,0,0.10022872436523436,put,2026-11-30,SPY,764.02001953125,2026-10-01T23:53:30.340620+00:00
816.0,50.01,52.73,45.2,1.0,0,0.10004562072753906,put,2026-11-30,SPY,764.02001953125,2026-10-01T23:53:30.340620+00:00
820.0,54.05,56.79,52.08,2.0,0,0.10761390441894532,put,2026-11-30,SPY,764.02001953125,2026-10-01T23:53:30.340620+00:00
825.0,59.05,61.79,56.18,1.0,0,0.11481598083496095,put,2026-11-30,SPY,764.02001953125,2026-10-01T23:53:30.340620+00:00
830.0,64.01,66.79,61.0,15.0,0,0.1218959881591797,put,2026-11-30,SPY,764.02001953125,2026-10-01T23:53:30.340620+00:00
835.0,69.01,71.79,69.68,1.0,1,0.12885392639160154,put,2026-11-30,SPY,764.02001953125,2026-10-01T23:53:30.340620+00:00
840.0,0.0,0.0,61.99,26.0,0,1.0000000000000003e-05,put,2026-11-30,SPY,764.02001953125,2026-10-01T23:53:30.340620+00:00
845.0,74.45,77.97,110.81,1.0,0,1.0000000000000003e-05,put,2026-11-30,SPY,764.02001953125,2026-10-01T23:53:30.340620+00:00
850.0,84.61,87.82,110.88,1.0,0,0.17728483856201172,put,2026-11-30,SPY,764.02001953125,2026-10-01T23:53:30.340620+00:00
860.0,94.01,96.79,95.4,1.0,2,0.16211775390625,put,2026-11-30,SPY,764.02001953125,2026-10-01T23:53:30.340620+00:00
865.0,99.05,101.79,100.42,1.0,0,0.168526381225586,put,2026-11-30,SPY,764.02001953125,2026-10-01T23:53:30.340620+00:00
870.0,0.0,0.0,100.21,,0,1.0000000000000003e-05,put,2026-11-30,SPY,764.02001953125,2026-10-01T23:53:30.340620+00:00
885.0,0.0,0.0,112.05,,0,1.0000000000000003e-05,put,2026-11-30,SPY,764.02001953125,2026-10-01T23:53:30.340620+00:00
900.0,133.5,137.66,133.42,1.0,0,0.24195093994140626,put,2026-11-30,SPY,764.02001953125,2026-10-01T23:53:30.340620+00:00
920.0,154.01,156.79,158.41,1.0,0,0.23413851806640623,put,2026-11-30,SPY,764.02001953125,2026-10-01T23:53:30.340620+00:00
460.0,307.21,310.74,318.54,1.0,22,0.6506382592773439,call,2026-12-31,SPY,764.02001953125,2026-10-01T23:53:30.340620+00:00
470.0,277.2,280.59,253.11,,0,1.0000000000000003e-05,call,2026-12-31,SPY,764.02001953125,2026-10-01T23:53:30.340620+00:00
475.0,292.87,295.99,283.28,,0,0.6281165118408205,call,2026-12-31,SPY,764.02001953125,2026-10-01T23:53:30.340620+00:00
480.0,287.49,291.03,294.0,20.0,20,0.6121864953613283,call,2026-12-31,SPY,764.02001953125,2026-10-01T23:53:30.340620+00:00
485.0,283.11,286.22,274.52,1.0,1,0.6110878735351564,call,2026-12-31,SPY,764.02001953125,2026-10-01T23:53:30.340620+00:00
490.0,0.0,0.0,282.57,1.0,0,1.0000000000000003e-05,call,2026-12-31,SPY,764.02001953125,2026-10-01T23:53:30.340620+00:00
495.0,0.0,0.0,182.97,,0,1.0000000000000003e-05,call,2026-12-31,SPY,764.02001953125,2026-10-01T23:53:30.340620+00:00
500.0,267.79,271.31,270.01,3.0,200,0.5744061114501953,call,2026-12-31,SPY,764.02001953125,2026-10-01T23:53:30.340620+00:00
505.0,0.0,0.0,170.06,10.0,0,1.0000000000000003e-05,call,2026-12-31,SPY,764.02001953125,2026-10-01T23:53:30.340620+00:00
510.0,0.0,0.0,270.42,10.0,0,1.0000000000000003e-05,call,2026-12-31,SPY,764.02001953125,2026-10-01T23:53:30.340620+00:00
515.0,232.62,236.05,234.89,2.0,2,1.0000000000000003e-05,call,2026-12-31,SPY,764.02001953125,2026-10-01T23:53:30.340620+00:00
520.0,248.12,251.63,249.56,2.0,18,0.5379074530029297,call,2026-12-31,SPY,764.02001953125,2026-10-01T23:53:30.340620+00:00
525.0,243.21,246.75,239.76,1.0,7,0.5293626165771486,call,2026-12-31,SPY,764.02001953125,2026-10-01T23:53:30.340620+00:00
530.0,0.0,0.0,233.06,2.0,0,1.0000000000000003e-05,call,2026-12-31,SPY,764.02001953125,2026-10-01T23:53:30.340620+00:00
535.0,233.39,236.89,230.87,1.0,2,0.511174321899414,call,2026-12-31,SPY,764.02001953125,2026-10-01T23:53:30.340620+00:00
540.0,228.48,232.01,234.18,1.0,22,0.5026294854736328,call,2026-12-31,SPY,764.02001953125,2026-10-01T23:53:30.340620+00:00
545.0,219.11,222.62,223.7,3.0,4,0.4329890686035156,call,2026-12-31,SPY,764.02001953125,2026-10-01T23:53:30.340620+00:00
550.0,0.0,0.0,232.09,1.0,0,1.0000000000000003e-05,call,2026-12-31,SPY,764.02001953125,2026-10-01T23:53:30.340620+00:00
555.0,0.0,0.0,227.69,2.0,0,1.0000000000000003e-05,call,2026-12-31,SPY,764.02001953125,2026-10-01T23:53:30.340620+00:00
560.0,208.87,212.33,218.54,11.0,24,0.4974415490722657,call,2026-12-31,SPY,764.02001953125,2026-10-01T23:53:30.340620+00:00
565.0,203.98,207.5,206.16,3.0,72,0.4892934371948243,call,2026-12-31,SPY,764.02001953125,2026-10-01T23:53:30.340620+00:00
570.0,0.0,0.0,212.43,1.0,0,1.0000000000000003e-05,call,2026-12-31,SPY,764.02001953125,2026-10-01T23:53:30.340620+00:00
575.0,194.2,197.71,199.9,1.0,792,0.47083048706054687,call,2026-12-31,SPY,764.02001953125,2026-10-01T23:53:30.340620+00:00
580.0,189.31,192.84,185.42,6.0,26,0.4619804779052735,call,2026-12-31,SPY,764.02001953125,2026-10-01T23:53:30.340620+00:00
585.0,184.43,187.95,187.61,1.0,21,0.4527947787475586,call,2026-12-31,SPY,764.02001953125,2026-10-01T23:53:30.340620+00:00
590.0,179.56,183.13,178.82,1.0,35,0.4446466668701171,call,2026-12-31,SPY,764.02001953125,2026-10-01T23:53:30.340620+00:00
595.0,0.0,0.0,191.78,1.0,0,1.0000000000000003e-05,call,2026-12-31,SPY,764.02001953125,2026-10-01T23:53:30.340620+00:00
600.0,169.83,173.31,175.6,1.0,441,0.42566492309570314,call,2026-12-31,SPY,764.02001953125,2026-10-01T23:53:30.340620+00:00
605.0,164.97,168.55,168.15,1.0,2179,0.4182492257690429,call,2026-12-31,SPY,764.02001953125,2026-10-01T23:53:30.340620+00:00
610.0,160.12,163.7,166.5,1.0,387,0.40952128570556634,call,2026-12-31,SPY,764.02001953125,2026-10-01T23:53:30.340620+00:00
615.0,155.28,158.86,155.33,1.0,205,0.4008848974609375,call,2026-12-31,SPY,764.02001953125,2026-10-01T23:53:30.340620+00:00
620.0,150.44,153.96,159.66,1.0,268,0.39145506011962883,call,2026-12-31,SPY,764.02001953125,2026-10-01T23:53:30.340620+00:00
621.0,0.0,0.0,148.58,1.0,0,1.0000000000000003e-05,call,2026-12-31,SPY,764.02001953125,2026-10-01T23:53:30.340620+00:00
622.0,0.0,0.0,147.68,1.0,0,1.0000000000000003e-05,call,2026-12-31,SPY,764.02001953125,2026-10-01T23:53:30.340620+00:00
623.0,0.0,0.0,146.9,1.0,0,1.0000000000000003e-05,call,2026-12-31,SPY,764.02001953125,2026-10-01T23:53:30.340620+00:00
624.0,144.94,148.4,137.76,1.0,785,0.3625246853637696,call,2026-12-31,SPY,764.02001953125,2026-10-01T23:53:30.340620+00:00
625.0,145.83,149.11,145.4,2.0,78,0.38262030960083,call,2026-12-31,SPY,764.02001953125,2026-10-01T23:53:30.340620+00:00
626.0,0.0,0.0,143.8,1.0,0,1.0000000000000003e-05,call,2026-12-31,SPY,764.02001953125,2026-10-01T23:53:30.340620+00:00
627.0,0.0,0.0,143.61,2.0,0,1.0000000000000003e-05,call,2026-12-31,SPY,764.02001953125,2026-10-01T23:53:30.340620+00:00
628.0,142.94,146.25,145.51,2.0,179,0.37792064956665034,call,2026-12-31,SPY,764.02001953125,2026-10-01T23:53:30.340620+00:00
629.0,0.0,0.0,152.97,1.0,0,1.0000000000000003e-05,call,2026-12-31,SPY,764.02001953125,2026-10-01T23:53:30.340620+00:00
630.0,0.0,0.0,149.79,10.0,0,1.0000000000000003e-05,call,2026-12-31,SPY,764.02001953125,2026-10-01T23:53:30.340620+00:00
631.0,0.0,0.0,139.73,1.0,0,1.0000000000000003e-05,call,2026-12-31,SPY,764.02001953125,2026-10-01T23:53:30.340620+00:00
632.0,141.32,144.51,128.67,4.0,6,0.3959105819702149,call,2026-12-31,SPY,764.02001953125,2026-10-01T23:53:30.340620+00:00
633.0,138.13,141.41,133.6,1.0,32,0.36911641632080083,call,2026-12-31,SPY,764.02001953125,2026-10-01T23:53:30.340620+00:00
634.0,137.17,140.45,144.95,3.0,5,0.3674532249450684,call,2026-12-31,SPY,764.02001953125,2026-10-01T23:53:30.340620+00:00
635.0,136.21,139.49,133.98,2.0,50,0.3657900335693359,call,2026-12-31,SPY,764.02001953125,2026-10-01T23:53:30.340620+00:00
636.0,137.56,140.76,121.71,2.0,33,0.38977661010742193,call,2026-12-31,SPY,764.02001953125,2026-10-01T23:53:30.340620+00:00
637.0,123.0,126.52,111.3,2.0,14,1.0000000000000003e-05,call,2026-12-31,SPY,764.02001953125,2026-10-01T23:53:30.340620+00:00
638.0,138.96,142.49,120.33,1.0,4,0.4250240603637696,call,2026-12-31,SPY,764.02001953125,2026-10-01T23:53:30.340620+00:00
639.0,132.37,135.66,136.94,6.0,22,0.35916778533935545,call,2026-12-31,SPY,764.02001953125,2026-10-01T23:53:30.340620+00:00
640.0,131.41,134.7,142.47,1.0,346,0.35748933532714844,call,2026-12-31,SPY,764.02001953125,2026-10-01T23:53:30.340620+00:00
641.0,0.0,0.0,145.58,1.0,0,1.0000000000000003e-05,call,2026-12-31,SPY,764.02001953125,2026-10-01T23:53:30.340620+00:00
642.0,129.49,132.78,139.9,19.0,57,0.3541019180297851,call,2026-12-31,SPY,764.02001953125,2026-10-01T23:53:30.340620+00:00
643.0,0.0,0.0,139.39,5.0,0,1.0000000000000003e-05,call,2026-12-31,SPY,764.02001953125,2026-10-01T23:53:30.340620+00:00
644.0,116.99,120.51,98.1,1.0,0,0.16993017578125003,call,2026-12-31,SPY,764.02001953125,2026-10-01T23:53:30.340620+00:00
645.0,126.62,130.01,137.71,2.0,59,0.35025674163818354,call,2026-12-31,SPY,764.02001953125,2026-10-01T23:53:30.340620+00:00
646.0,124.97,128.43,109.11,1.0,14,0.34146776702880854,call,2026-12-31,SPY,764.02001953125,2026-10-01T23:53:30.340620+00:00
647.0,130.44,133.96,126.25,1.0,17,0.40843792251586913,call,2026-12-31,SPY,764.02001953125,2026-10-01T23:53:30.340620+00:00
648.0,123.76,127.04,135.04,10.0,33,0.34409225250244135,call,2026-12-31,SPY,764.02001953125,2026-10-01T23:53:30.340620+00:00
649.0,0.0,0.0,137.2,2.0,0,1.0000000000000003e-05,call,2026-12-31,SPY,764.02001953125,2026-10-01T23:53:30.340620+00:00
650.0,121.85,125.24,121.23,3.0,673,0.3419865606689453,call,2026-12-31,SPY,764.02001953125,2026-10-01T23:53:30.340620+00:00
651.0,123.59,126.79,118.6,100.0,74,0.3670412417602539,call,2026-12-31,SPY,764.02001953125,2026-10-01T23:53:30.340620+00:00
652.0,119.94,123.33,124.58,1.0,8,0.3386296606445312,call,2026-12-31,SPY,764.02001953125,2026-10-01T23:53:30.340620+00:00
653.0,118.99,122.29,123.76,1.0,6,0.33600517517089845,call,2026-12-31,SPY,764.02001953125,2026-10-01T23:53:30.340620+00:00
654.0,103.96,107.29,106.61,6.0,8,1.0000000000000003e-05,call,2026-12-31,SPY,764.02001953125,2026-10-01T23:53:30.340620+00:00
655.0,117.09,120.41,109.02,50.0,193,0.3329687065124512,call,2026-12-31,SPY,764.02001953125,2026-10-01T23:53:30.340620+00:00
656.0,117.66,119.68,111.5,1.0,11,0.3336858624267578,call,2026-12-31,SPY,764.02001953125,2026-10-01T23:53:30.340620+00:00
657.0,115.19,118.49,125.04,1.0,9,0.32947447875976554,call,2026-12-31,SPY,764.02001953125,2026-10-01T23:53:30.340620+00:00
658.0,120.09,123.61,95.62,2.0,10,0.3885406605529785,call,2026-12-31,SPY,764.02001953125,2026-10-01T23:53:30.340620+00:00
659.0,0.0,0.0,123.49,1.0,0,1.0000000000000003e-05,call,2026-12-31,SPY,764.02001953125,2026-10-01T23:53:30.340620+00:00
660.0,112.35,115.67,116.48,1.0,120,0.32483585327148434,call,2026-12-31,SPY,764.02001953125,2026-10-01T23:53:30.340620+00:00
661.0,111.6,115.03,98.58,2.0,13,0.32642275146484373,call,2026-12-31,SPY,764.02001953125,2026-10-01T23:53:30.340620+00:00
662.0,110.72,114.14,104.43,2.0,9,0.3253546469116211,call,2026-12-31,SPY,764.02001953125,2026-10-01T23:53:30.340620+00:00
663.0,109.52,112.86,110.48,5.0,16,0.3202582623291015,call,2026-12-31,SPY,764.02001953125,2026-10-01T23:53:30.340620+00:00
664.0,0.0,112.69,116.63,1.0,0,0.3265448205566406,call,2026-12-31,SPY,764.02001953125,2026-10-01T23:53:30.340620+00:00
665.0,107.63,110.94,104.79,1.0,275,0.3166877413940429,call,2026-12-31,SPY,764.02001953125,2026-10-01T23:53:30.340620+00:00
666.0,106.69,110.0,103.66,1.0,9,0.31510084320068354,call,2026-12-31,SPY,764.02001953125,2026-10-01T23:53:30.340620+00:00
667.0,105.75,109.06,110.87,1.0,19,0.3135139450073242,call,2026-12-31,SPY,764.02001953125,2026-10-01T23:53:30.340620+00:00
668.0,105.44,108.86,91.32,2.0,23,0.3193427441406249,call,2026-12-31,SPY,764.02001953125,2026-10-01T23:53:30.340620+00:00
669.0,107.04,110.26,100.0,2.0,213,0.3403538865661621,call,2026-12-31,SPY,764.02001953125,2026-10-01T23:53:30.340620+00:00
670.0,102.94,106.25,104.2,10.0,621,0.30879902633666995,call,2026-12-31,SPY,764.02001953125,2026-10-01T23:53:30.340620+00:00
671.0,102.0,105.33,93.14,24.0,240,0.3073799731445312,call,2026-12-31,SPY,764.02001953125,2026-10-01T23:53:30.340620+00:00
672.0,101.95,105.42,86.78,1.0,8,0.315863775024414,call,2026-12-31,SPY,764.02001953125,2026-10-01T23:53:30.340620+00:00
673.0,103.4,106.63,94.73,2.0,9,0.3345250874328613,call,2026-12-31,SPY,764.02001953125,2026-10-01T23:53:30.340620+00:00
674.0,102.5,105.73,97.65,1.0,12,0.33312129287719733,call,2026-12-31,SPY,764.02001953125,2026-10-01T23:53:30.340620+00:00
675.0,98.27,101.6,100.09,2.0,757,0.3011544494628906,call,2026-12-31,SPY,764.02001953125,2026-10-01T23:53:30.340620+00:00
676.0,103.34,106.87,99.4,1.0,62,0.35666536895751955,call,2026-12-31,SPY,764.02001953125,2026-10-01T23:53:30.340620+00:00
677.0,96.75,99.95,111.54,1.0,0,0.30007108627319334,call,2026-12-31,SPY,764.02001953125,2026-10-01T23:53:30.340620+00:00
678.0,95.47,98.81,97.08,2.0,166,0.2964853067016602,call,2026-12-31,SPY,764.02001953125,2026-10-01T23:53:30.340620+00:00
679.0,94.55,97.91,105.65,1.0,13,0.2952035812377929,call,2026-12-31,SPY,764.02001953125,2026-10-01T23:53:30.340620+00:00
680.0,93.62,96.99,99.3,1.0,995,0.2937082348632812,call,2026-12-31,SPY,764.02001953125,2026-10-01T23:53:30.340620+00:00
681.0,92.69,96.06,103.25,3.0,135,0.2921213366699218,call,2026-12-31,SPY,764.02001953125,2026-10-01T23:53:30.340620+00:00
682.0,91.76,95.17,92.35,3.0,56,0.29090064575195307,call,2026-12-31,SPY,764.02001953125,2026-10-01T23:53:30.340620+00:00
683.0,90.83,94.22,91.71,1.0,23,0.28911538528442376,call,2026-12-31,SPY,764.02001953125,2026-10-01T23:53:30.340620+00:00
684.0,0.0,0.0,104.6,1.0,0,1.0000000000000003e-05,call,2026-12-31,SPY,764.02001953125,2026-10-01T23:53:30.340620+00:00
685.0,88.99,92.38,98.98,1.0,436,0.2860789166259765,call,2026-12-31,SPY,764.02001953125,2026-10-01T23:53:30.340620+00:00
686.0,91.67,94.96,78.89,4.0,113,0.31580274047851553,call,2026-12-31,SPY,764.02001953125,2026-10-01T23:53:30.340620+00:00
687.0,87.15,90.51,92.72,1.0,109,0.2827220166015625,call,2026-12-31,SPY,764.02001953125,2026-10-01T23:53:30.340620+00:00
688.0,86.23,89.66,84.86,5.0,75,0.2818064984130859,call,2026-12-31,SPY,764.02001953125,2026-10-01T23:53:30.340620+00:00
689.0,85.32,88.71,92.23,1.0,119,0.27997546203613277,call,2026-12-31,SPY,764.02001953125,2026-10-01T23:53:30.340620+00:00
690.0,84.4,87.77,83.48,2.0,339,0.2782207188415527,call,2026-12-31,SPY,764.02001953125,2026-10-01T23:53:30.340620+00:00
691.0,0.0,0.0,99.81,2.0,0,1.0000000000000003e-05,call,2026-12-31,SPY,764.02001953125,2026-10-01T23:53:30.340620+00:00
692.0,82.58,85.98,93.39,1.0,144,0.2755046815490722,call,2026-12-31,SPY,764.02001953125,2026-10-01T23:53:30.340620+00:00
693.0,81.66,85.07,84.56,1.0,57,0.27399407653808594,call,2026-12-31,SPY,764.02001953125,2026-10-01T23:53:30.340620+00:00
694.0,0.0,0.0,96.7,2.0,0,1.0000000000000003e-05,call,2026-12-31,SPY,764.02001953125,2026-10-01T23:53:30.340620+00:00
695.0,79.85,83.23,80.79,1.0,255,0.27078976287841794,call,2026-12-31,SPY,764.02001953125,2026-10-01T23:53:30.340620+00:00
696.0,78.94,82.32,83.65,1.0,861,0.26924864059448245,call,2026-12-31,SPY,764.02001953125,2026-10-01T23:53:30.340620+00:00
697.0,0.0,0.0,90.28,1.0,0,1.0000000000000003e-05,call,2026-12-31,SPY,764.02001953125,2026-10-01T23:53:30.340620+00:00
698.0,77.13,80.52,82.31,1.0,172,0.2663189823913575,call,2026-12-31,SPY,764.02001953125,2026-10-01T23:53:30.340620+00:00
699.0,76.23,79.62,69.71,1.0,257,0.26483889465332033,call,2026-12-31,SPY,764.02001953125,2026-10-01T23:53:30.340620+00:00
700.0,75.33,78.73,77.4,5.0,1613,0.26343510009765625,call,2026-12-31,SPY,764.02001953125,2026-10-01T23:53:30.340620+00:00
701.0,74.43,77.85,81.33,2.0,209,0.2620923400878906,call,2026-12-31,SPY,764.02001953125,2026-10-01T23:53:30.340620+00:00
702.0,73.53,76.94,72.79,9.0,551,0.26050544189453123,call,2026-12-31,SPY,764.02001953125,2026-10-01T23:53:30.340620+00:00
703.0,72.64,76.04,73.8,1.0,278,0.2589795782470704,call,2026-12-31,SPY,764.02001953125,2026-10-01T23:53:30.340620+00:00
704.0,71.75,75.2,76.97,1.0,326,0.25794199096679693,call,2026-12-31,SPY,764.02001953125,2026-10-01T23:53:30.340620+00:00
705.0,70.85,74.27,76.76,3.0,575,0.256141471862793,call,2026-12-31,SPY,764.02001953125,2026-10-01T23:53:30.340620+00:00
706.0,69.97,73.39,70.63,1.0,23,0.25475293594360354,call,2026-12-31,SPY,764.02001953125,2026-10-01T23:53:30.340620+00:00
707.0,69.08,72.51,63.15,28.0,132,0.25333388275146485,call,2026-12-31,SPY,764.02001953125,2026-10-01T23:53:30.340620+00:00
708.0,68.19,71.63,76.94,2.0,182,0.25191482955932615,call,2026-12-31,SPY,764.02001953125,2026-10-01T23:53:30.340620+00:00
709.0,67.31,70.73,73.89,1.0,14,0.2503279313659668,call,2026-12-31,SPY,764.02001953125,2026-10-01T23:53:30.340620+00:00
710.0,66.43,69.86,67.11,2.0,270,0.24895465408325196,call,2026-12-31,SPY,764.02001953125,2026-10-01T23:53:30.340620+00:00
711.0,65.55,68.98,62.43,2.0,179,0.24748982498168942,call,2026-12-31,SPY,764.02001953125,2026-10-01T23:53:30.340620+00:00
712.0,64.67,68.1,64.97,2.0,11,0.24602499588012694,call,2026-12-31,SPY,764.02001953125,2026-10-01T23:53:30.340620+00:00
713.0,63.8,67.23,63.0,2.0,33,0.2446212013244629,call,2026-12-31,SPY,764.02001953125,2026-10-01T23:53:30.340620+00:00
714.0,62.93,66.36,63.05,2.0,55,0.24320214813232421,call,2026-12-31,SPY,764.02001953125,2026-10-01T23:53:30.340620+00:00
715.0,62.06,65.5,70.53,4.0,1134,0.24184412948608397,call,2026-12-31,SPY,764.02001953125,2026-10-01T23:53:30.340620+00:00
716.0,61.19,64.64,62.1,2.0,44,0.2404708522033691,call,2026-12-31,SPY,764.02001953125,2026-10-01T23:53:30.340620+00:00
717.0,60.32,63.78,59.36,2.0,41,0.23908231628417967,call,2026-12-31,SPY,764.02001953125,2026-10-01T23:53:30.340620+00:00
718.0,59.46,62.92,61.72,1.0,239,0.23767852172851558,call,2026-12-31,SPY,764.02001953125,2026-10-01T23:53:30.340620+00:00
719.0,58.6,62.06,61.24,1.0,78,0.23625946853637692,call,2026-12-31,SPY,764.02001953125,2026-10-01T23:53:30.340620+00:00
720.0,57.74,60.11,59.69,141.0,2063,0.2264329066467285,call,2026-12-31,SPY,764.02001953125,2026-10-01T23:53:30.340620+00:00
721.0,56.89,60.35,57.42,4.0,79,0.2334518794250488,call,2026-12-31,SPY,764.02001953125,2026-10-01T23:53:30.340620+00:00
722.0,56.04,59.51,57.65,1.0,199,0.2321396366882324,call,2026-12-31,SPY,764.02001953125,2026-10-01T23:53:30.340620+00:00
723.0,55.19,58.67,56.26,3.0,47,0.23079687667846682,call,2026-12-31,SPY,764.02001953125,2026-10-01T23:53:30.340620+00:00
724.0,54.34,57.82,55.6,4.0,242,0.22937782348632813,call,2026-12-31,SPY,764.02001953125,2026-10-01T23:53:30.340620+00:00
725.0,53.5,56.98,52.44,1.0,380,0.22800454620361327,call,2026-12-31,SPY,764.02001953125,2026-10-01T23:53:30.340620+00:00
727.0,51.82,55.27,57.05,5.0,2,0.22499859481811518,call,2026-12-31,SPY,764.02001953125,2026-10-01T23:53:30.340620+00:00
730.0,49.33,51.61,50.65,4.0,856,0.21234918518066404,call,2026-12-31,SPY,764.02001953125,2026-10-01T23:53:30.340620+00:00
735.0,45.24,48.77,46.8,5.0,1977,0.21469901519775392,call,2026-12-31,SPY,764.02001953125,2026-10-01T23:53:30.340620+00:00
740.0,41.48,43.5,40.71,1.0,1579,0.1991352059936523,call,2026-12-31,SPY,764.02001953125,2026-10-01T23:53:30.340620+00:00
743.0,38.91,42.45,40.67,2.0,31,0.2042773664855957,call,2026-12-31,SPY,764.02001953125,2026-10-01T23:53:30.340620+00:00
745.0,37.81,40.7,38.88,14.0,1553,0.20027960372924802,call,2026-12-31,SPY,764.02001953125,2026-10-01T23:53:30.340620+00:00
750.0,35.2,35.86,35.09,24.0,3322,0.18676045181274414,call,2026-12-31,SPY,764.02001953125,2026-10-01T23:53:30.340620+00:00
755.0,31.58,32.24,31.71,34.0,1165,0.1808553594970703,call,2026-12-31,SPY,764.02001953125,2026-10-01T23:53:30.340620+00:00
759.0,28.79,29.95,27.88,20.0,2,0.1795278581237793,call,2026-12-31,SPY,764.02001953125,2026-10-01T23:53:30.340620+00:00
760.0,27.64,28.59,28.2,242.0,4618,0.173935567855835,call,2026-12-31,SPY,764.02001953125,2026-10-01T23:53:30.340620+00:00
761.0,26.98,28.59,27.13,22.0,3,0.17723906265258788,call,2026-12-31,SPY,764.02001953125,2026-10-01T23:53:30.340620+00:00
762.0,26.32,27.92,27.15,165.0,8,0.17610992355346683,call,2026-12-31,SPY,764.02001953125,2026-10-01T23:53:30.340620+00:00
764.0,25.03,26.6,25.68,9.0,19,0.17385927467346193,call,2026-12-31,SPY,764.02001953125,2026-10-01T23:53:30.340620+00:00
765.0,24.86,25.47,25.07,117.0,1734,0.1696097444152832,call,2026-12-31,SPY,764.02001953125,2026-10-01T23:53:30.340620+00:00
766.0,23.76,25.31,23.75,10.0,463,0.17165440170288088,call,2026-12-31,SPY,764.02001953125,2026-10-01T23:53:30.340620+00:00
767.0,23.91,23.97,23.18,25.0,72,0.16596293029785159,call,2026-12-31,SPY,764.02001953125,2026-10-01T23:53:30.340620+00:00
768.0,23.29,23.35,23.26,39.0,91,0.16492534301757814,call,2026-12-31,SPY,764.02001953125,2026-10-01T23:53:30.340620+00:00
769.0,22.68,22.74,20.54,16.0,90,0.1639182730102539,call,2026-12-31,SPY,764.02001953125,2026-10-01T23:53:30.340620+00:00
770.0,22.08,22.13,21.97,83.0,1943,0.16286542709350588,call,2026-12-31,SPY,764.02001953125,2026-10-01T23:53:30.340620+00:00
771.0,21.48,21.54,21.6,6.0,29,0.16188887435913085,call,2026-12-31,SPY,764.02001953125,2026-10-01T23:53:30.340620+00:00
772.0,20.9,20.96,20.79,4.0,3,0.1609504682159424,call,2026-12-31,SPY,764.02001953125,2026-10-01T23:53:30.340620+00:00
773.0,20.32,20.38,20.35,257.0,265,0.15996628616333008,call,2026-12-31,SPY,764.02001953125,2026-10-01T23:53:30.340620+00:00
775.0,19.19,19.25,19.0,34.0,3246,0.15804369796752932,call,2026-12-31,SPY,764.02001953125,2026-10-01T23:53:30.340620+00:00
776.0,18.64,18.7,19.36,267.0,268,0.15712817977905275,call,2026-12-31,SPY,764.02001953125,2026-10-01T23:53:30.340620+00:00
777.0,18.1,18.16,18.5,2.0,261,0.15621266159057617,call,2026-12-31,SPY,764.02001953125,2026-10-01T23:53:30.340620+00:00
778.0,17.57,17.63,17.12,20.0,9,0.15532766067504883,call,2026-12-31,SPY,764.02001953125,2026-10-01T23:53:30.340620+00:00
780.0,16.54,16.59,16.0,549.0,2505,0.15353477088928222,call,2026-12-31,SPY,764.02001953125,2026-10-01T23:53:30.340620+00:00
781.0,16.03,16.09,15.98,33.0,15,0.15270317520141607,call,2026-12-31,SPY,764.02001953125,2026-10-01T23:53:30.340620+00:00
784.0,14.58,14.64,14.49,46.0,93,0.15023127609252934,call,2026-12-31,SPY,764.02001953125,2026-10-01T23:53:30.340620+00:00
785.0,14.12,14.18,13.32,26.0,1637,0.14946834426879885,call,2026-12-31,SPY,764.02001953125,2026-10-01T23:53:30.340620+00:00
786.0,13.67,13.72,13.17,3.0,110,0.1486443778991699,call,2026-12-31,SPY,764.02001953125,2026-10-01T23:53:30.340620+00:00
787.0,13.22,13.28,12.31,3.0,69,0.1479119633483887,call,2026-12-31,SPY,764.02001953125,2026-10-01T23:53:30.340620+00:00
789.0,12.36,12.42,12.3,9.0,6,0.14643187561035154,call,2026-12-31,SPY,764.02001953125,2026-10-01T23:53:30.340620+00:00
790.0,11.95,12.0,11.89,379.0,2882,0.1456842024230957,call,2026-12-31,SPY,764.02001953125,2026-10-01T23:53:30.340620+00:00
794.0,10.39,10.44,9.59,13.0,7,0.14298342376708983,call,2026-12-31,SPY,764.02001953125,2026-10-01T23:53:30.340620+00:00
795.0,10.02,10.07,9.41,36.0,1434,0.14231204376220702,call,2026-12-31,SPY,764.02001953125,2026-10-01T23:53:30.340620+00:00
796.0,9.66,9.72,9.6,55.0,16,0.14173221557617188,call,2026-12-31,SPY,764.02001953125,2026-10-01T23:53:30.340620+00:00
798.0,8.98,9.03,9.0,15.0,5,0.14049626602172854,call,2026-12-31,SPY,764.02001953125,2026-10-01T23:53:30.340620+00:00
799.0,8.66,8.71,8.57,16.0,25,0.1399774723815918,call,2026-12-31,SPY,764.02001953125,2026-10-01T23:53:30.340620+00:00
800.0,8.34,8.39,8.29,810.0,7558,0.13939764419555667,call,2026-12-31,SPY,764.02001953125,2026-10-01T23:53:30.340620+00:00
802.0,7.73,7.78,7.44,158.0,20728,0.13832953964233397,call,2026-12-31,SPY,764.02001953125,2026-10-01T23:53:30.340620+00:00
803.0,7.44,7.49,6.71,7.0,28,0.1378260046386719,call,2026-12-31,SPY,764.02001953125,2026-10-01T23:53:30.340620+00:00
805.0,6.89,6.93,6.96,578.0,2691,0.1368036759948731,call,2026-12-31,SPY,764.02001953125,2026-10-01T23:53:30.340620+00:00
806.0,6.62,6.67,6.63,10.0,10,0.13637643417358397,call,2026-12-31,SPY,764.02001953125,2026-10-01T23:53:30.340620+00:00
808.0,6.12,6.16,6.21,11.0,4,0.13543039871215823,call,2026-12-31,SPY,764.02001953125,2026-10-01T23:53:30.340620+00:00
810.0,5.64,5.69,5.58,372.0,2980,0.13462169097900395,call,2026-12-31,SPY,764.02001953125,2026-10-01T23:53:30.340620+00:00
815.0,4.59,4.63,4.59,478.0,3977,0.1326380682373047,call,2026-12-31,SPY,764.02001953125,2026-10-01T23:53:30.340620+00:00
816.0,4.4,4.44,4.38,19.0,104,0.13227186096191407,call,2026-12-31,SPY,764.02001953125,2026-10-01T23:53:30.340620+00:00
818.0,4.04,4.08,3.92,962.0,626,0.13160048095703125,call,2026-12-31,SPY,764.02001953125,2026-10-01T23:53:30.340620+00:00
819.0,3.87,3.91,4.01,158.0,335,0.13129530822753904,call,2026-12-31,SPY,764.02001953125,2026-10-01T23:53:30.340620+00:00
820.0,3.71,3.74,3.71,449.0,2287,0.1308985836791992,call,2026-12-31,SPY,764.02001953125,2026-10-01T23:53:30.340620+00:00
821.0,3.55,3.59,3.54,76.0,9,0.1307002214050293,call,2026-12-31,SPY,764.02001953125,2026-10-01T23:53:30.340620+00:00
823.0,3.25,3.28,3.38,181.0,131,0.12998306549072264,call,2026-12-31,SPY,764.02001953125,2026-10-01T23:53:30.340620+00:00
825.0,2.97,3.0,3.03,107.0,3502,0.1294032373046875,call,2026-12-31,SPY,764.02001953125,2026-10-01T23:53:30.340620+00:00
828.0,2.59,2.62,2.45,3.0,1,0.12860978820800778,call,2026-12-31,SPY,764.02001953125,2026-10-01T23:53:30.340620+00:00
830.0,2.36,2.39,2.37,190.0,3323,0.1280909945678711,call,2026-12-31,SPY,764.02001953125,2026-10-01T23:53:30.340620+00:00
835.0,1.87,1.89,1.87,225.0,3337,0.12693133819580077,call,2026-12-31,SPY,764.02001953125,2026-10-01T23:53:30.340620+00:00
836.0,1.78,1.82,2.25,1.0,3,0.12702289001464845,call,2026-12-31,SPY,764.02001953125,2026-10-01T23:53:30.340620+00:00
837.0,1.7,1.73,1.77,77.0,2,0.12674823455810547,call,2026-12-31,SPY,764.02001953125,2026-10-01T23:53:30.340620+00:00
840.0,1.47,1.5,1.53,172.0,2260,0.12622944091796873,call,2026-12-31,SPY,764.02001953125,2026-10-01T23:53:30.340620+00:00
841.0,1.4,1.43,2.21,1.0,1,0.12607685455322265,call,2026-12-31,SPY,764.02001953125,2026-10-01T23:53:30.340620+00:00
845.0,1.16,1.18,1.21,104.0,1651,0.12552754364013674,call,2026-12-31,SPY,764.02001953125,2026-10-01T23:53:30.340620+00:00
850.0,0.92,0.94,0.94,108.0,12427,0.12537495727539064,call,2026-12-31,SPY,764.02001953125,2026-10-01T23:53:30.340620+00:00
855.0,0.73,0.75,0.59,6.0,1984,0.12543599182128906,call,2026-12-31,SPY,764.02001953125,2026-10-01T23:53:30.340620+00:00
860.0,0.58,0.61,0.52,5.0,3390,0.125985302734375,call,2026-12-31,SPY,764.02001953125,2026-10-01T23:53:30.340620+00:00
865.0,0.47,0.49,0.47,6.0,1407,0.1263515100097656,call,2026-12-31,SPY,764.02001953125,2026-10-01T23:53:30.340620+00:00
870.0,0.39,0.4,0.36,4.0,1755,0.12708392456054687,call,2026-12-31,SPY,764.02001953125,2026-10-01T23:53:30.340620+00:00
875.0,0.32,0.34,0.42,3.0,723,0.12854875366210936,call,2026-12-31,SPY,764.02001953125,2026-10-01T23:53:30.340620+00:00
880.0,0.27,0.28,0.25,60.0,609,0.12952530639648438,call,2026-12-31,SPY,764.02001953125,2026-10-01T23:53:30.340620+00:00
885.0,0.23,0.24,0.2,54.0,1265,0.13111220458984374,call,2026-12-31,SPY,764.02001953125,2026-10-01T23:53:30.340620+00:00
890.0,0.19,0.21,0.23,1.0,683,0.13306531005859373,call,2026-12-31,SPY,764.02001953125,2026-10-01T23:53:30.340620+00:00
895.0,0.17,0.18,0.15,11.0,1030,0.13453013916015627,call,2026-12-31,SPY,764.02001953125,2026-10-01T23:53:30.340620+00:00
900.0,0.14,0.16,0.16,806.0,9162,0.13660531372070314,call,2026-12-31,SPY,764.02001953125,2026-10-01T23:53:30.340620+00:00
905.0,0.13,0.14,0.14,50.0,492,0.13843635009765626,call,2026-12-31,SPY,764.02001953125,2026-10-01T23:53:30.340620+00:00
910.0,0.12,0.13,0.12,6.0,744,0.14112187011718752,call,2026-12-31,SPY,764.02001953125,2026-10-01T23:53:30.340620+00:00
915.0,0.1,0.11,0.12,1.0,553,0.1420984228515625,call,2026-12-31,SPY,764.02001953125,2026-10-01T23:53:30.340620+00:00
920.0,0.09,0.1,0.08,5.0,419,0.1445398046875,call,2026-12-31,SPY,764.02001953125,2026-10-01T23:53:30.340620+00:00
925.0,0.08,0.09,0.11,50.0,353,0.14649291015625,call,2026-12-31,SPY,764.02001953125,2026-10-01T23:53:30.340620+00:00
930.0,0.07,0.08,0.12,1.0,262,0.14820187744140628,call,2026-12-31,SPY,764.02001953125,2026-10-01T23:53:30.340620+00:00
935.0,0.06,0.07,0.08,2.0,175,0.14966670654296876,call,2026-12-31,SPY,764.02001953125,2026-10-01T23:53:30.340620+00:00
940.0,0.06,0.07,0.07,16.0,711,0.15332877929687502,call,2026-12-31,SPY,764.02001953125,2026-10-01T23:53:30.340620+00:00
460.0,0.51,0.52,0.51,86.0,2023,0.44434149414062496,put,2026-12-31,SPY,764.02001953125,2026-10-01T23:53:30.340620+00:00
465.0,0.53,0.55,0.5,1.0,306,0.43921459228515625,put,2026-12-31,SPY,764.02001953125,2026-10-01T23:53:30.340620+00:00
470.0,0.56,0.57,0.6,11.0,55,0.432622861328125,put,2026-12-31,SPY,764.02001953125,2026-10-01T23:53:30.340620+00:00
475.0,0.59,0.6,0.6,21.0,704,0.4271297521972657,put,2026-12-31,SPY,764.02001953125,2026-10-01T23:53:30.340620+00:00
480.0,0.62,0.63,0.63,1.0,16168,0.4215145739746094,put,2026-12-31,SPY,764.02001953125,2026-10-01T23:53:30.340620+00:00
485.0,0.65,0.66,0.6,1.0,345,0.4157773266601562,put,2026-12-31,SPY,764.02001953125,2026-10-01T23:53:30.340620+00:00
490.0,0.68,0.69,0.68,3107.0,7713,0.40991801025390623,put,2026-12-31,SPY,764.02001953125,2026-10-01T23:53:30.340620+00:00
495.0,0.71,0.72,0.71,3.0,194,0.40405869384765625,put,2026-12-31,SPY,764.02001953125,2026-10-01T23:53:30.340620+00:00
500.0,0.75,0.76,0.74,23.0,1356,0.39880972290039063,put,2026-12-31,SPY,764.02001953125,2026-10-01T23:53:30.340620+00:00
505.0,0.78,0.79,0.8,2.0,373,0.39282833740234374,put,2026-12-31,SPY,764.02001953125,2026-10-01T23:53:30.340620+00:00
510.0,0.82,0.83,0.81,160.0,798,0.38733522827148437,put,2026-12-31,SPY,764.02001953125,2026-10-01T23:53:30.340620+00:00
515.0,0.86,0.87,0.84,4.0,115,0.38172005004882803,put,2026-12-31,SPY,764.02001953125,2026-10-01T23:53:30.340620+00:00
520.0,0.9,0.91,1.01,3.0,941,0.3761048718261719,put,2026-12-31,SPY,764.02001953125,2026-10-01T23:53:30.340620+00:00
525.0,0.94,0.95,1.02,1.0,706,0.37036762451171873,put,2026-12-31,SPY,764.02001953125,2026-10-01T23:53:30.340620+00:00
530.0,0.99,1.0,1.08,299.0,1232,0.36511865356445317,put,2026-12-31,SPY,764.02001953125,2026-10-01T23:53:30.340620+00:00
535.0,1.04,1.05,1.14,1.0,15322,0.3597476135253906,put,2026-12-31,SPY,764.02001953125,2026-10-01T23:53:30.340620+00:00
540.0,1.08,1.1,1.04,12.0,635,0.35419346984863276,put,2026-12-31,SPY,764.02001953125,2026-10-01T23:53:30.340620+00:00
545.0,1.14,1.15,1.17,300.0,1124,0.3485172570800781,put,2026-12-31,SPY,764.02001953125,2026-10-01T23:53:30.340620+00:00
550.0,1.19,1.2,1.17,314.0,76357,0.3428410443115234,put,2026-12-31,SPY,764.02001953125,2026-10-01T23:53:30.340620+00:00
555.0,1.25,1.26,1.23,301.0,593,0.337470004272461,put,2026-12-31,SPY,764.02001953125,2026-10-01T23:53:30.340620+00:00
560.0,1.31,1.32,1.36,300.0,898,0.33197689514160156,put,2026-12-31,SPY,764.02001953125,2026-10-01T23:53:30.340620+00:00
565.0,1.37,1.38,1.43,300.0,598,0.32642275146484373,put,2026-12-31,SPY,764.02001953125,2026-10-01T23:53:30.340620+00:00
570.0,1.44,1.45,1.44,4.0,938,0.3210517114257812,put,2026-12-31,SPY,764.02001953125,2026-10-01T23:53:30.340620+00:00
575.0,1.51,1.52,1.52,62.0,1050,0.3156196368408203,put,2026-12-31,SPY,764.02001953125,2026-10-01T23:53:30.340620+00:00
580.0,1.58,1.6,1.78,521.0,2443,0.3104317004394531,put,2026-12-31,SPY,764.02001953125,2026-10-01T23:53:30.340620+00:00
585.0,1.66,1.68,1.65,58.0,485,0.3050606604003906,put,2026-12-31,SPY,764.02001953125,2026-10-01T23:53:30.340620+00:00
588.0,1.71,1.73,1.52,4.0,14,0.3018258294677735,put,2026-12-31,SPY,764.02001953125,2026-10-01T23:53:30.340620+00:00
589.0,1.72,1.74,1.67,2.0,2,0.30048306945800785,put,2026-12-31,SPY,764.02001953125,2026-10-01T23:53:30.340620+00:00
590.0,1.74,1.76,1.75,1.0,1126,0.2995065167236328,put,2026-12-31,SPY,764.02001953125,2026-10-01T23:53:30.340620+00:00
592.0,1.78,1.8,1.83,2.0,210,0.29755341125488277,put,2026-12-31,SPY,764.02001953125,2026-10-01T23:53:30.340620+00:00
595.0,1.83,1.85,1.84,1.0,807,0.2941965112304687,put,2026-12-31,SPY,764.02001953125,2026-10-01T23:53:30.340620+00:00
599.0,1.91,1.93,1.96,3.0,493,0.29004616210937495,put,2026-12-31,SPY,764.02001953125,2026-10-01T23:53:30.340620+00:00
600.0,1.93,1.95,2.09,600.0,4050,0.28900857482910147,put,2026-12-31,SPY,764.02001953125,2026-10-01T23:53:30.340620+00:00
601.0,1.95,1.97,1.9,61.0,275,0.287970987548828,put,2026-12-31,SPY,764.02001953125,2026-10-01T23:53:30.340620+00:00
604.0,2.01,2.03,2.06,2.0,14,0.2847361566162109,put,2026-12-31,SPY,764.02001953125,2026-10-01T23:53:30.340620+00:00
605.0,2.03,2.05,2.07,1.0,2759,0.2836985693359374,put,2026-12-31,SPY,764.02001953125,2026-10-01T23:53:30.340620+00:00
606.0,2.05,2.07,1.95,3.0,13,0.2825999475097656,put,2026-12-31,SPY,764.02001953125,2026-10-01T23:53:30.340620+00:00
608.0,2.09,2.12,2.25,,14,0.28064684204101553,put,2026-12-31,SPY,764.02001953125,2026-10-01T23:53:30.340620+00:00
609.0,2.11,2.14,2.17,10.0,11,0.2795482202148437,put,2026-12-31,SPY,764.02001953125,2026-10-01T23:53:30.340620+00:00
610.0,2.14,2.16,2.18,129.0,30238,0.2784495983886719,put,2026-12-31,SPY,764.02001953125,2026-10-01T23:53:30.340620+00:00
612.0,2.18,2.21,2.19,315.0,315,0.2764354583740234,put,2026-12-31,SPY,764.02001953125,2026-10-01T23:53:30.340620+00:00
613.0,2.21,2.23,2.25,65.0,7,0.27533683654785157,put,2026-12-31,SPY,764.02001953125,2026-10-01T23:53:30.340620+00:00
614.0,2.23,2.25,2.49,64.0,2,0.27417718017578124,put,2026-12-31,SPY,764.02001953125,2026-10-01T23:53:30.340620+00:00
615.0,2.26,2.28,2.26,149.0,7650,0.2732616619873046,put,2026-12-31,SPY,764.02001953125,2026-10-01T23:53:30.340620+00:00
616.0,2.28,2.3,2.19,324.0,324,0.27210200561523434,put,2026-12-31,SPY,764.02001953125,2026-10-01T23:53:30.340620+00:00
617.0,2.3,2.33,2.13,1.0,130,0.271217004699707,put,2026-12-31,SPY,764.02001953125,2026-10-01T23:53:30.340620+00:00
620.0,2.38,2.4,2.36,65.0,3193,0.2679516564941406,put,2026-12-31,SPY,764.02001953125,2026-10-01T23:53:30.340620+00:00
621.0,2.41,2.43,2.36,73.0,434,0.26697510375976563,put,2026-12-31,SPY,764.02001953125,2026-10-01T23:53:30.340620+00:00
622.0,2.43,2.46,2.34,63.0,573,0.26605958557128906,put,2026-12-31,SPY,764.02001953125,2026-10-01T23:53:30.340620+00:00
623.0,2.46,2.49,2.34,65.0,195,0.26508303283691403,put,2026-12-31,SPY,764.02001953125,2026-10-01T23:53:30.340620+00:00
624.0,2.49,2.51,2.28,69.0,191,0.2638623419189453,put,2026-12-31,SPY,764.02001953125,2026-10-01T23:53:30.340620+00:00
625.0,2.52,2.54,2.52,25.0,492,0.2628857891845704,put,2026-12-31,SPY,764.02001953125,2026-10-01T23:53:30.340620+00:00
626.0,2.54,2.57,2.26,63.0,239,0.26190923645019537,put,2026-12-31,SPY,764.02001953125,2026-10-01T23:53:30.340620+00:00
627.0,2.57,2.6,2.46,248.0,1170,0.2609021664428711,put,2026-12-31,SPY,764.02001953125,2026-10-01T23:53:30.340620+00:00
628.0,2.6,2.63,2.8,1.0,162,0.25989509643554687,put,2026-12-31,SPY,764.02001953125,2026-10-01T23:53:30.340620+00:00
629.0,2.63,2.66,2.59,15.0,296,0.25888802642822273,put,2026-12-31,SPY,764.02001953125,2026-10-01T23:53:30.340620+00:00
630.0,2.66,2.69,3.03,1.0,460,0.25785043914794925,put,2026-12-31,SPY,764.02001953125,2026-10-01T23:53:30.340620+00:00
631.0,2.69,2.72,2.62,3.0,135,0.2568128518676758,put,2026-12-31,SPY,764.02001953125,2026-10-01T23:53:30.340620+00:00
632.0,2.72,2.75,2.72,29.0,128,0.2557752645874024,put,2026-12-31,SPY,764.02001953125,2026-10-01T23:53:30.340620+00:00
633.0,2.75,2.78,2.58,4.0,31,0.2547071600341797,put,2026-12-31,SPY,764.02001953125,2026-10-01T23:53:30.340620+00:00
634.0,2.78,2.81,2.86,245.0,360,0.2536695727539063,put,2026-12-31,SPY,764.02001953125,2026-10-01T23:53:30.340620+00:00
635.0,2.82,2.84,2.72,3.0,719,0.25260146820068363,put,2026-12-31,SPY,764.02001953125,2026-10-01T23:53:30.340620+00:00
636.0,2.85,2.87,2.85,2.0,310,0.25153336364746093,put,2026-12-31,SPY,764.02001953125,2026-10-01T23:53:30.340620+00:00
637.0,2.88,2.91,3.08,2.0,272,0.2506483627319336,put,2026-12-31,SPY,764.02001953125,2026-10-01T23:53:30.340620+00:00
638.0,2.92,2.94,3.24,1.0,196,0.2495497409057617,put,2026-12-31,SPY,764.02001953125,2026-10-01T23:53:30.340620+00:00
639.0,2.95,2.98,2.73,10.0,769,0.2486647399902344,put,2026-12-31,SPY,764.02001953125,2026-10-01T23:53:30.340620+00:00
640.0,2.99,3.01,3.0,6.0,1248,0.24753560089111326,put,2026-12-31,SPY,764.02001953125,2026-10-01T23:53:30.340620+00:00
641.0,3.02,3.05,3.02,2.0,219,0.24662008270263674,put,2026-12-31,SPY,764.02001953125,2026-10-01T23:53:30.340620+00:00
642.0,3.06,3.08,3.15,1.0,122,0.24549094360351562,put,2026-12-31,SPY,764.02001953125,2026-10-01T23:53:30.340620+00:00
643.0,3.09,3.12,3.33,1.0,448,0.24454490814208985,put,2026-12-31,SPY,764.02001953125,2026-10-01T23:53:30.340620+00:00
644.0,3.13,3.16,2.9,5.0,16,0.24359887268066405,put,2026-12-31,SPY,764.02001953125,2026-10-01T23:53:30.340620+00:00
645.0,3.17,3.19,3.14,4.0,1696,0.24243921630859372,put,2026-12-31,SPY,764.02001953125,2026-10-01T23:53:30.340620+00:00
646.0,3.21,3.23,3.84,5.0,66,0.24146266357421875,put,2026-12-31,SPY,764.02001953125,2026-10-01T23:53:30.340620+00:00
647.0,3.24,3.27,3.24,1.0,256,0.24048611083984373,put,2026-12-31,SPY,764.02001953125,2026-10-01T23:53:30.340620+00:00
648.0,3.28,3.31,3.29,40.0,67,0.23947904083251947,put,2026-12-31,SPY,764.02001953125,2026-10-01T23:53:30.340620+00:00
649.0,3.32,3.35,3.06,10.0,124,0.23847197082519528,put,2026-12-31,SPY,764.02001953125,2026-10-01T23:53:30.340620+00:00
650.0,3.36,3.39,3.36,173.0,79607,0.23746490081787108,put,2026-12-31,SPY,764.02001953125,2026-10-01T23:53:30.340620+00:00
651.0,3.4,3.43,3.49,1.0,110,0.23642731353759766,put,2026-12-31,SPY,764.02001953125,2026-10-01T23:53:30.340620+00:00
652.0,3.45,3.47,3.44,1.0,155,0.23538972625732418,put,2026-12-31,SPY,764.02001953125,2026-10-01T23:53:30.340620+00:00
653.0,3.49,3.51,3.63,14.0,150,0.23435213897705076,put,2026-12-31,SPY,764.02001953125,2026-10-01T23:53:30.340620+00:00
654.0,3.53,3.56,3.53,20.0,294,0.23346713806152342,put,2026-12-31,SPY,764.02001953125,2026-10-01T23:53:30.340620+00:00
655.0,3.58,3.6,3.57,18.0,369,0.23236851623535154,put,2026-12-31,SPY,764.02001953125,2026-10-01T23:53:30.340620+00:00
656.0,3.62,3.65,3.63,21.0,198,0.2314835153198242,put,2026-12-31,SPY,764.02001953125,2026-10-01T23:53:30.340620+00:00
657.0,3.66,3.69,3.56,2.0,151,0.23038489349365232,put,2026-12-31,SPY,764.02001953125,2026-10-01T23:53:30.340620+00:00
658.0,3.71,3.74,3.82,6.0,108,0.22943885803222658,put,2026-12-31,SPY,764.02001953125,2026-10-01T23:53:30.340620+00:00
659.0,3.76,3.78,3.87,1.0,221,0.2283402362060547,put,2026-12-31,SPY,764.02001953125,2026-10-01T23:53:30.340620+00:00
660.0,3.81,3.83,3.95,6.0,2624,0.22736368347167968,put,2026-12-31,SPY,764.02001953125,2026-10-01T23:53:30.340620+00:00
661.0,3.85,3.88,4.07,37.0,624,0.22638713073730468,put,2026-12-31,SPY,764.02001953125,2026-10-01T23:53:30.340620+00:00
662.0,3.9,3.93,4.8,1.0,137,0.22541057800292968,put,2026-12-31,SPY,764.02001953125,2026-10-01T23:53:30.340620+00:00
663.0,3.95,3.98,5.89,3.0,427,0.22443402526855466,put,2026-12-31,SPY,764.02001953125,2026-10-01T23:53:30.340620+00:00
664.0,4.0,4.03,3.59,3.0,333,0.22342695526123046,put,2026-12-31,SPY,764.02001953125,2026-10-01T23:53:30.340620+00:00
665.0,4.06,4.08,4.16,58.0,5869,0.222389367980957,put,2026-12-31,SPY,764.02001953125,2026-10-01T23:53:30.340620+00:00
666.0,4.11,4.14,4.23,1.0,276,0.22150436706542967,put,2026-12-31,SPY,764.02001953125,2026-10-01T23:53:30.340620+00:00
667.0,4.16,4.19,3.98,2.0,538,0.22046677978515622,put,2026-12-31,SPY,764.02001953125,2026-10-01T23:53:30.340620+00:00
668.0,4.22,4.24,4.1,4.0,53,0.21939867523193357,put,2026-12-31,SPY,764.02001953125,2026-10-01T23:53:30.340620+00:00
669.0,4.27,4.3,4.75,2.0,542,0.218483157043457,put,2026-12-31,SPY,764.02001953125,2026-10-01T23:53:30.340620+00:00
670.0,4.33,4.36,4.36,59.0,1386,0.21753712158203126,put,2026-12-31,SPY,764.02001953125,2026-10-01T23:53:30.340620+00:00
671.0,4.38,4.41,4.88,1.0,245,0.21646901702880855,put,2026-12-31,SPY,764.02001953125,2026-10-01T23:53:30.340620+00:00
672.0,4.44,4.47,4.02,1.0,39,0.21549246429443358,put,2026-12-31,SPY,764.02001953125,2026-10-01T23:53:30.340620+00:00
673.0,4.5,4.53,4.56,7.0,206,0.21451591156005856,put,2026-12-31,SPY,764.02001953125,2026-10-01T23:53:30.340620+00:00
674.0,4.56,4.59,4.42,5.0,233,0.21352410018920898,put,2026-12-31,SPY,764.02001953125,2026-10-01T23:53:30.340620+00:00
675.0,4.62,4.65,4.93,8.0,809,0.21253228881835937,put,2026-12-31,SPY,764.02001953125,2026-10-01T23:53:30.340620+00:00
676.0,4.69,4.71,4.67,2.0,41,0.21149470153808592,put,2026-12-31,SPY,764.02001953125,2026-10-01T23:53:30.340620+00:00
677.0,4.75,4.78,5.25,2.0,349,0.21060970062255857,put,2026-12-31,SPY,764.02001953125,2026-10-01T23:53:30.340620+00:00
678.0,4.82,4.84,4.76,2.0,714,0.20957211334228515,put,2026-12-31,SPY,764.02001953125,2026-10-01T23:53:30.340620+00:00
679.0,4.88,4.91,4.66,3.0,687,0.20862607788085932,put,2026-12-31,SPY,764.02001953125,2026-10-01T23:53:30.340620+00:00
680.0,4.95,4.98,4.97,83.0,2907,0.20768004241943355,put,2026-12-31,SPY,764.02001953125,2026-10-01T23:53:30.340620+00:00
681.0,5.02,5.05,5.13,1.0,42,0.20673400695800775,put,2026-12-31,SPY,764.02001953125,2026-10-01T23:53:30.340620+00:00
682.0,5.08,5.11,5.55,2.0,2209,0.20563538513183593,put,2026-12-31,SPY,764.02001953125,2026-10-01T23:53:30.340620+00:00
683.0,5.16,5.18,5.18,7.0,114,0.2046435737609863,put,2026-12-31,SPY,764.02001953125,2026-10-01T23:53:30.340620+00:00
684.0,5.23,5.26,4.89,1.0,637,0.20377383148193356,put,2026-12-31,SPY,764.02001953125,2026-10-01T23:53:30.340620+00:00
685.0,5.3,5.33,5.64,6.0,2668,0.20273624420166014,put,2026-12-31,SPY,764.02001953125,2026-10-01T23:53:30.340620+00:00
686.0,5.37,5.4,5.07,1.0,624,0.20171391555786133,put,2026-12-31,SPY,764.02001953125,2026-10-01T23:53:30.340620+00:00
687.0,5.45,5.48,5.67,7.0,774,0.20078313873291015,put,2026-12-31,SPY,764.02001953125,2026-10-01T23:53:30.340620+00:00
688.0,5.53,5.56,5.54,30.0,510,0.19983710327148438,put,2026-12-31,SPY,764.02001953125,2026-10-01T23:53:30.340620+00:00
689.0,5.6,5.63,5.82,1.0,630,0.1987689987182617,put,2026-12-31,SPY,764.02001953125,2026-10-01T23:53:30.340620+00:00
690.0,5.68,5.71,5.79,184.0,2955,0.19779244598388673,put,2026-12-31,SPY,764.02001953125,2026-10-01T23:53:30.340620+00:00
691.0,5.77,5.8,6.66,4.0,435,0.19690744506835936,put,2026-12-31,SPY,764.02001953125,2026-10-01T23:53:30.340620+00:00
692.0,5.85,5.88,5.88,14.0,213,0.1959003750610352,put,2026-12-31,SPY,764.02001953125,2026-10-01T23:53:30.340620+00:00
693.0,5.93,5.97,6.12,2.0,108,0.19498485687255857,put,2026-12-31,SPY,764.02001953125,2026-10-01T23:53:30.340620+00:00
694.0,6.02,6.05,5.72,1.0,36,0.1939472695922852,put,2026-12-31,SPY,764.02001953125,2026-10-01T23:53:30.340620+00:00
695.0,6.11,6.14,6.11,28.0,1474,0.19300123413085937,put,2026-12-31,SPY,764.02001953125,2026-10-01T23:53:30.340620+00:00
696.0,6.19,6.23,6.19,4.0,1224,0.1920246813964844,put,2026-12-31,SPY,764.02001953125,2026-10-01T23:53:30.340620+00:00
697.0,6.29,6.32,6.48,2.0,32,0.19104812866210938,put,2026-12-31,SPY,764.02001953125,2026-10-01T23:53:30.340620+00:00
698.0,6.38,6.41,6.43,6.0,52,0.1900410586547852,put,2026-12-31,SPY,764.02001953125,2026-10-01T23:53:30.340620+00:00
699.0,6.47,6.5,6.31,5.0,124,0.18903398864746096,put,2026-12-31,SPY,764.02001953125,2026-10-01T23:53:30.340620+00:00
700.0,6.57,6.6,6.63,134.0,8369,0.18810321182250977,put,2026-12-31,SPY,764.02001953125,2026-10-01T23:53:30.340620+00:00
701.0,6.66,6.7,7.04,2.0,217,0.1871419177246094,put,2026-12-31,SPY,764.02001953125,2026-10-01T23:53:30.340620+00:00
702.0,6.76,6.8,6.59,3.0,205,0.18618062362670895,put,2026-12-31,SPY,764.02001953125,2026-10-01T23:53:30.340620+00:00
703.0,6.86,6.9,6.2,2.0,218,0.18518881225585934,put,2026-12-31,SPY,764.02001953125,2026-10-01T23:53:30.340620+00:00
704.0,6.97,7.0,7.16,1.0,488,0.18418174224853517,put,2026-12-31,SPY,764.02001953125,2026-10-01T23:53:30.340620+00:00
705.0,7.07,7.11,7.07,7.0,876,0.18326622406005855,put,2026-12-31,SPY,764.02001953125,2026-10-01T23:53:30.340620+00:00
706.0,7.18,7.21,7.19,1.0,128,0.18221337814331057,put,2026-12-31,SPY,764.02001953125,2026-10-01T23:53:30.340620+00:00
707.0,7.29,7.32,7.49,1.0,158,0.18125208404541016,put,2026-12-31,SPY,764.02001953125,2026-10-01T23:53:30.340620+00:00
708.0,7.4,7.43,7.57,21.0,322,0.18026027267456057,put,2026-12-31,SPY,764.02001953125,2026-10-01T23:53:30.340620+00:00
709.0,7.51,7.55,7.69,1.0,270,0.17934475448608395,put,2026-12-31,SPY,764.02001953125,2026-10-01T23:53:30.340620+00:00
710.0,7.63,7.66,7.62,170.0,2476,0.1783224258422852,put,2026-12-31,SPY,764.02001953125,2026-10-01T23:53:30.340620+00:00
711.0,7.75,7.78,7.3,10.0,374,0.17736113174438478,put,2026-12-31,SPY,764.02001953125,2026-10-01T23:53:30.340620+00:00
712.0,7.87,7.9,8.24,1.0,349,0.1763845790100098,put,2026-12-31,SPY,764.02001953125,2026-10-01T23:53:30.340620+00:00
713.0,7.99,8.02,7.19,2.0,478,0.17539276763916017,put,2026-12-31,SPY,764.02001953125,2026-10-01T23:53:30.340620+00:00
714.0,8.11,8.15,7.57,1.0,104,0.174461990814209,put,2026-12-31,SPY,764.02001953125,2026-10-01T23:53:30.340620+00:00
715.0,8.23,8.28,8.53,59.0,636,0.1735159553527832,put,2026-12-31,SPY,764.02001953125,2026-10-01T23:53:30.340620+00:00
716.0,8.36,8.41,8.05,3.0,445,0.17253940261840822,put,2026-12-31,SPY,764.02001953125,2026-10-01T23:53:30.340620+00:00
717.0,8.5,8.54,9.29,41.0,481,0.17154759124755858,put,2026-12-31,SPY,764.02001953125,2026-10-01T23:53:30.340620+00:00
718.0,8.63,8.67,8.62,4.0,341,0.17052526260375983,put,2026-12-31,SPY,764.02001953125,2026-10-01T23:53:30.340620+00:00
719.0,8.77,8.81,9.99,40.0,689,0.1695639685058594,put,2026-12-31,SPY,764.02001953125,2026-10-01T23:53:30.340620+00:00
720.0,8.91,8.95,8.85,122.0,4030,0.16858741577148442,put,2026-12-31,SPY,764.02001953125,2026-10-01T23:53:30.340620+00:00
721.0,9.05,9.09,9.31,5.0,381,0.1675803457641602,put,2026-12-31,SPY,764.02001953125,2026-10-01T23:53:30.340620+00:00
722.0,9.2,9.24,8.46,40.0,513,0.16663431030273443,put,2026-12-31,SPY,764.02001953125,2026-10-01T23:53:30.340620+00:00
723.0,9.35,9.39,9.56,150.0,20696,0.165673016204834,put,2026-12-31,SPY,764.02001953125,2026-10-01T23:53:30.340620+00:00
724.0,9.5,9.54,10.71,170.0,153,0.16468120483398438,put,2026-12-31,SPY,764.02001953125,2026-10-01T23:53:30.340620+00:00
725.0,9.65,9.69,9.63,303.0,2038,0.1636588761901856,put,2026-12-31,SPY,764.02001953125,2026-10-01T23:53:30.340620+00:00
727.0,9.97,10.01,10.25,2.0,1,0.16170577072143555,put,2026-12-31,SPY,764.02001953125,2026-10-01T23:53:30.340620+00:00
729.0,10.3,10.35,10.59,2.0,36,0.15981369979858395,put,2026-12-31,SPY,764.02001953125,2026-10-01T23:53:30.340620+00:00
730.0,10.48,10.52,10.36,262.0,8519,0.1588218884277344,put,2026-12-31,SPY,764.02001953125,2026-10-01T23:53:30.340620+00:00
731.0,10.65,10.69,10.75,3.0,4,0.15779955978393556,put,2026-12-31,SPY,764.02001953125,2026-10-01T23:53:30.340620+00:00
732.0,10.83,10.87,11.83,82.0,158,0.1568382656860352,put,2026-12-31,SPY,764.02001953125,2026-10-01T23:53:30.340620+00:00
733.0,11.01,11.06,12.02,40.0,168,0.15590748886108396,put,2026-12-31,SPY,764.02001953125,2026-10-01T23:53:30.340620+00:00
734.0,11.19,11.24,12.32,1.0,74,0.1548851602172852,put,2026-12-31,SPY,764.02001953125,2026-10-01T23:53:30.340620+00:00
735.0,11.38,11.43,11.39,244.0,1041,0.15389334884643557,put,2026-12-31,SPY,764.02001953125,2026-10-01T23:53:30.340620+00:00
736.0,11.58,11.62,10.71,2.0,24,0.15288627883911138,put,2026-12-31,SPY,764.02001953125,2026-10-01T23:53:30.340620+00:00
737.0,11.77,11.82,11.82,117.0,335,0.15192498474121097,put,2026-12-31,SPY,764.02001953125,2026-10-01T23:53:30.340620+00:00
738.0,11.98,12.02,12.12,1.0,4,0.15091791473388677,put,2026-12-31,SPY,764.02001953125,2026-10-01T23:53:30.340620+00:00
739.0,12.18,12.23,11.54,5.0,86,0.14995662063598636,put,2026-12-31,SPY,764.02001953125,2026-10-01T23:53:30.340620+00:00
740.0,12.39,12.44,12.36,129.0,6219,0.14896480926513672,put,2026-12-31,SPY,764.02001953125,2026-10-01T23:53:30.340620+00:00
741.0,12.61,12.66,12.66,96.0,51,0.14801877380371098,put,2026-12-31,SPY,764.02001953125,2026-10-01T23:53:30.340620+00:00
742.0,12.83,12.88,14.09,1.0,216,0.14702696243286134,put,2026-12-31,SPY,764.02001953125,2026-10-01T23:53:30.340620+00:00
743.0,13.05,13.1,13.01,142.0,134,0.14600463378906248,put,2026-12-31,SPY,764.02001953125,2026-10-01T23:53:30.340620+00:00
744.0,13.28,13.33,13.72,2.0,25,0.1450280810546875,put,2026-12-31,SPY,764.02001953125,2026-10-01T23:53:30.340620+00:00
745.0,13.51,13.56,13.59,538.0,3823,0.14400575241088864,put,2026-12-31,SPY,764.02001953125,2026-10-01T23:53:30.340620+00:00
746.0,13.75,13.8,13.81,113.0,7,0.14302919967651367,put,2026-12-31,SPY,764.02001953125,2026-10-01T23:53:30.340620+00:00
748.0,14.24,14.29,15.61,1.0,60,0.14101505966186523,put,2026-12-31,SPY,764.02001953125,2026-10-01T23:53:30.340620+00:00
749.0,14.49,14.55,13.56,1.0,90,0.14005376556396482,put,2026-12-31,SPY,764.02001953125,2026-10-01T23:53:30.340620+00:00
750.0,14.76,14.81,14.5,149.0,2956,0.13904669555664065,put,2026-12-31,SPY,764.02001953125,2026-10-01T23:53:30.340620+00:00
754.0,15.85,15.91,15.84,5.0,146,0.13506419143676762,put,2026-12-31,SPY,764.02001953125,2026-10-01T23:53:30.340620+00:00
755.0,16.14,16.21,16.18,173.0,4437,0.13412578529357913,put,2026-12-31,SPY,764.02001953125,2026-10-01T23:53:30.340620+00:00
757.0,16.74,16.8,16.72,3.0,108,0.13205824005126954,put,2026-12-31,SPY,764.02001953125,2026-10-01T23:53:30.340620+00:00
758.0,17.05,17.11,19.16,3.0,3,0.1310511700439453,put,2026-12-31,SPY,764.02001953125,2026-10-01T23:53:30.340620+00:00
759.0,17.37,17.43,18.41,43.0,4,0.13006698799133298,put,2026-12-31,SPY,764.02001953125,2026-10-01T23:53:30.340620+00:00
760.0,17.69,17.75,17.5,490.0,3144,0.12903703002929687,put,2026-12-31,SPY,764.02001953125,2026-10-01T23:53:30.340620+00:00
761.0,18.02,18.09,18.16,54.0,116,0.1280909945678711,put,2026-12-31,SPY,764.02001953125,2026-10-01T23:53:30.340620+00:00
762.0,18.36,18.43,18.36,10.0,47,0.12708392456054687,put,2026-12-31,SPY,764.02001953125,2026-10-01T23:53:30.340620+00:00
763.0,18.71,18.78,18.84,15.0,33,0.12610737182617188,put,2026-12-31,SPY,764.02001953125,2026-10-01T23:53:30.340620+00:00
764.0,19.07,19.13,19.12,30.0,176,0.12506978454589845,put,2026-12-31,SPY,764.02001953125,2026-10-01T23:53:30.340620+00:00
765.0,19.43,19.5,19.57,98.0,4215,0.12410849044799804,put,2026-12-31,SPY,764.02001953125,2026-10-01T23:53:30.340620+00:00
766.0,19.8,19.87,21.35,6.0,60,0.12310142044067385,put,2026-12-31,SPY,764.02001953125,2026-10-01T23:53:30.340620+00:00
767.0,20.18,20.25,20.16,20.0,117,0.12209435043334962,put,2026-12-31,SPY,764.02001953125,2026-10-01T23:53:30.340620+00:00
768.0,20.57,20.64,21.13,114.0,223,0.1211025390625,put,2026-12-31,SPY,764.02001953125,2026-10-01T23:53:30.340620+00:00
769.0,20.97,21.03,19.82,19.0,17,0.12004969314575195,put,2026-12-31,SPY,764.02001953125,2026-10-01T23:53:30.340620+00:00
770.0,21.38,21.44,21.4,437.0,4195,0.11907314041137695,put,2026-12-31,SPY,764.02001953125,2026-10-01T23:53:30.340620+00:00
771.0,21.78,21.86,23.22,40.0,112,0.11809658767700196,put,2026-12-31,SPY,764.02001953125,2026-10-01T23:53:30.340620+00:00
775.0,23.54,23.62,24.31,232.0,1195,0.11409119560241698,put,2026-12-31,SPY,764.02001953125,2026-10-01T23:53:30.340620+00:00
777.0,24.47,24.55,24.56,72.0,194,0.11201602104187008,put,2026-12-31,SPY,764.02001953125,2026-10-01T23:53:30.340620+00:00
778.0,24.95,25.04,25.11,16.0,105,0.1110470976257324,put,2026-12-31,SPY,764.02001953125,2026-10-01T23:53:30.340620+00:00
780.0,25.5,26.41,26.25,30.0,611,0.11156589126586913,put,2026-12-31,SPY,764.02001953125,2026-10-01T23:53:30.340620+00:00
781.0,25.52,27.51,25.15,122.0,133,0.11464813583374026,put,2026-12-31,SPY,764.02001953125,2026-10-01T23:53:30.340620+00:00
782.0,26.03,28.05,25.74,,2,0.1137783935546875,put,2026-12-31,SPY,764.02001953125,2026-10-01T23:53:30.340620+00:00
785.0,28.12,29.14,31.55,2.0,272,0.10686623123168945,put,2026-12-31,SPY,764.02001953125,2026-10-01T23:53:30.340620+00:00
790.0,31.0,32.15,31.81,8.0,340,0.10210553665161132,put,2026-12-31,SPY,764.02001953125,2026-10-01T23:53:30.340620+00:00
795.0,33.04,36.78,35.37,2.0,42,0.1087277848815918,put,2026-12-31,SPY,764.02001953125,2026-10-01T23:53:30.340620+00:00
800.0,37.61,38.76,38.4,27.0,639,0.08925776473999025,put,2026-12-31,SPY,764.02001953125,2026-10-01T23:53:30.340620+00:00
805.0,40.64,44.17,41.99,4.0,20,0.10161726028442383,put,2026-12-31,SPY,764.02001953125,2026-10-01T23:53:30.340620+00:00
810.0,44.79,48.3,44.32,1.0,9,0.09909958526611329,put,2026-12-31,SPY,764.02001953125,2026-10-01T23:53:30.340620+00:00
815.0,49.19,52.7,50.17,8.0,12,0.09787889434814454,put,2026-12-31,SPY,764.02001953125,2026-10-01T23:53:30.340620+00:00
820.0,53.81,57.38,61.76,1.0,0,0.09934372344970702,put,2026-12-31,SPY,764.02001953125,2026-10-01T23:53:30.340620+00:00
825.0,58.78,62.33,56.83,2.0,7,0.10480631530761718,put,2026-12-31,SPY,764.02001953125,2026-10-01T23:53:30.340620+00:00
830.0,63.78,67.46,65.05,1.0,0,0.11341218627929686,put,2026-12-31,SPY,764.02001953125,2026-10-01T23:53:30.340620+00:00
832.0,66.01,69.46,64.45,1.0,0,0.1159146026611328,put,2026-12-31,SPY,764.02001953125,2026-10-01T23:53:30.340620+00:00
835.0,68.65,72.79,69.99,6.0,0,0.1254665090942383,put,2026-12-31,SPY,764.02001953125,2026-10-01T23:53:30.340620+00:00
840.0,73.85,77.46,74.67,1.0,0,0.12568013000488282,put,2026-12-31,SPY,764.02001953125,2026-10-01T23:53:30.340620+00:00
850.0,83.65,87.86,82.0,2.0,0,0.1452111846923828,put,2026-12-31,SPY,764.02001953125,2026-10-01T23:53:30.340620+00:00
855.0,88.5,92.75,89.52,1.0,0,0.14914791290283202,put,2026-12-31,SPY,764.02001953125,2026-10-01T23:53:30.340620+00:00
860.0,93.99,97.46,92.37,1.0,1,0.14905636108398437,put,2026-12-31,SPY,764.02001953125,2026-10-01T23:53:30.340620+00:00
865.0,98.99,102.46,99.58,1.0,0,0.15470205657958985,put,2026-12-31,SPY,764.02001953125,2026-10-01T23:53:30.340620+00:00
870.0,103.89,107.46,109.23,,0,0.16025620025634768,put,2026-12-31,SPY,764.02001953125,2026-10-01T23:53:30.340620+00:00
890.0,124.61,127.82,140.87,,0,0.19013261047363283,put,2026-12-31,SPY,764.02001953125,2026-10-01T23:53:30.340620+00:00
895.0,154.64,158.0,184.25,1.0,0,0.45337460693359377,put,2026-12-31,SPY,764.02001953125,2026-10-01T23:53:30.340620+00:00
900.0,133.9,137.46,126.56,1.0,0,0.19226881958007813,put,2026-12-31,SPY,764.02001953125,2026-10-01T23:53:30.340620+00:00
905.0,0.0,0.0,141.19,1.0,0,1.0000000000000003e-05,put,2026-12-31,SPY,764.02001953125,2026-10-01T23:53:30.340620+00:00
940.0,199.32,202.56,203.37,,0,0.5053302641296387,put,2026-12-31,SPY,764.02001953125,2026-10-01T23:53:30.340620+00:00
