strike,bid,ask,last_price,volume,open_interest,vendor_implied_volatility,option_type,expiration,ticker,spot,download_timestamp
685.0,71.64,75.14,58.14,1.0,1,0.5197801928710937,call,2026-08-10,SPY,757.6699829101562,2026-08-03T21:31:02.637231+00:00
700.0,56.67,60.18,42.99,1.0,1,0.4366511413574219,call,2026-08-10,SPY,757.6699829101562,2026-08-03T21:31:02.637231+00:00
708.0,48.7,52.21,34.25,2.0,1,0.3917907501220703,call,2026-08-10,SPY,757.6699829101562,2026-08-03T21:31:02.637231+00:00
710.0,46.71,50.22,33.53,6.0,4,0.3806214282226562,call,2026-08-10,SPY,757.6699829101562,2026-08-03T21:31:02.637231+00:00
711.0,45.72,49.22,22.6,,10,0.37476211181640623,call,2026-08-10,SPY,757.6699829101562,2026-08-03T21:31:02.637231+00:00
712.0,44.72,48.23,44.56,5.0,5,0.36926900268554685,call,2026-08-10,SPY,757.6699829101562,2026-08-03T21:31:02.637231+00:00
715.0,41.74,45.25,19.33,,2,0.35242346801757807,call,2026-08-10,SPY,757.6699829101562,2026-08-03T21:31:02.637231+00:00
719.0,37.78,41.29,28.5,1.0,1,0.3302679278564453,call,2026-08-10,SPY,757.6699829101562,2026-08-03T21:31:02.637231+00:00
720.0,36.79,40.3,35.32,10.0,65,0.324652749633789,call,2026-08-10,SPY,757.6699829101562,2026-08-03T21:31:02.637231+00:00
721.0,35.8,39.31,35.94,3.0,1,0.3189765368652343,call,2026-08-10,SPY,757.6699829101562,2026-08-03T21:31:02.637231+00:00
722.0,34.81,38.32,34.68,2.0,39,0.3133003240966796,call,2026-08-10,SPY,757.6699829101562,2026-08-03T21:31:02.637231+00:00
723.0,33.82,37.34,34.0,1.0,6,0.30799031860351556,call,2026-08-10,SPY,757.6699829101562,2026-08-03T21:31:02.637231+00:00
724.0,32.84,36.35,33.36,38.0,41,0.30225307128906254,call,2026-08-10,SPY,757.6699829101562,2026-08-03T21:31:02.637231+00:00
725.0,31.85,35.37,34.69,148.0,36,0.29688203124999996,call,2026-08-10,SPY,757.6699829101562,2026-08-03T21:31:02.637231+00:00
726.0,30.87,34.38,31.56,10.0,14,0.2910227148437499,call,2026-08-10,SPY,757.6699829101562,2026-08-03T21:31:02.637231+00:00
727.0,29.89,33.4,29.78,11.0,13,0.285590640258789,call,2026-08-10,SPY,757.6699829101562,2026-08-03T21:31:02.637231+00:00
728.0,28.91,32.42,16.33,,41,0.28003649658203117,call,2026-08-10,SPY,757.6699829101562,2026-08-03T21:31:02.637231+00:00
729.0,28.09,31.29,27.34,1.0,137,0.2690502783203125,call,2026-08-10,SPY,757.6699829101562,2026-08-03T21:31:02.637231+00:00
730.0,27.08,30.17,28.59,257.0,220,0.2584913018798829,call,2026-08-10,SPY,757.6699829101562,2026-08-03T21:31:02.637231+00:00
731.0,26.1,29.28,26.99,3.0,168,0.25617198913574224,call,2026-08-10,SPY,757.6699829101562,2026-08-03T21:31:02.637231+00:00
732.0,25.19,28.3,25.05,10.0,208,0.2505568109130859,call,2026-08-10,SPY,757.6699829101562,2026-08-03T21:31:02.637231+00:00
733.0,24.16,27.25,12.02,2.0,126,0.24243921630859372,call,2026-08-10,SPY,757.6699829101562,2026-08-03T21:31:02.637231+00:00
734.0,23.27,26.38,24.54,14.0,253,0.24048611083984373,call,2026-08-10,SPY,757.6699829101562,2026-08-03T21:31:02.637231+00:00
735.0,22.38,24.27,23.05,105.0,596,0.19403882141113282,call,2026-08-10,SPY,757.6699829101562,2026-08-03T21:31:02.637231+00:00
736.0,21.52,23.96,20.95,62.0,381,0.2133867724609375,call,2026-08-10,SPY,757.6699829101562,2026-08-03T21:31:02.637231+00:00
737.0,20.56,23.0,20.28,8.0,269,0.20838193969726557,call,2026-08-10,SPY,757.6699829101562,2026-08-03T21:31:02.637231+00:00
738.0,20.78,22.04,21.43,33.0,326,0.20325503784179685,call,2026-08-10,SPY,757.6699829101562,2026-08-03T21:31:02.637231+00:00
739.0,19.1,21.1,20.27,30.0,846,0.19867744689941402,call,2026-08-10,SPY,757.6699829101562,2026-08-03T21:31:02.637231+00:00
740.0,17.72,20.15,19.42,58.0,1123,0.19373364868164064,call,2026-08-10,SPY,757.6699829101562,2026-08-03T21:31:02.637231+00:00
741.0,16.78,19.22,17.63,56.0,847,0.18921709228515626,call,2026-08-10,SPY,757.6699829101562,2026-08-03T21:31:02.637231+00:00
742.0,15.59,18.49,14.81,98.0,589,0.1905598522949219,call,2026-08-10,SPY,757.6699829101562,2026-08-03T21:31:02.637231+00:00
743.0,14.74,17.57,16.21,116.0,715,0.1859212268066406,call,2026-08-10,SPY,757.6699829101562,2026-08-03T21:31:02.637231+00:00
744.0,15.23,15.57,15.12,361.0,356,0.14887325744628904,call,2026-08-10,SPY,757.6699829101562,2026-08-03T21:31:02.637231+00:00
745.0,14.34,14.68,14.35,459.0,1481,0.14563842651367187,call,2026-08-10,SPY,757.6699829101562,2026-08-03T21:31:02.637231+00:00
746.0,13.44,13.77,13.98,266.0,618,0.14151859466552735,call,2026-08-10,SPY,757.6699829101562,2026-08-03T21:31:02.637231+00:00
747.0,12.56,12.93,12.66,361.0,287,0.13916876464843753,call,2026-08-10,SPY,757.6699829101562,2026-08-03T21:31:02.637231+00:00
748.0,11.7,12.0,11.89,621.0,352,0.1339808282470703,call,2026-08-10,SPY,757.6699829101562,2026-08-03T21:31:02.637231+00:00
749.0,10.84,11.14,10.97,1722.0,640,0.1304103073120117,call,2026-08-10,SPY,757.6699829101562,2026-08-03T21:31:02.637231+00:00
750.0,10.0,10.29,10.14,1762.0,1928,0.1267787518310547,call,2026-08-10,SPY,757.6699829101562,2026-08-03T21:31:02.637231+00:00
751.0,9.19,9.46,9.27,1849.0,241,0.12323874816894533,call,2026-08-10,SPY,757.6699829101562,2026-08-03T21:31:02.637231+00:00
752.0,8.39,8.65,8.51,1447.0,370,0.1198208135986328,call,2026-08-10,SPY,757.6699829101562,2026-08-03T21:31:02.637231+00:00
753.0,7.62,7.87,7.74,1755.0,787,0.11664701721191406,call,2026-08-10,SPY,757.6699829101562,2026-08-03T21:31:02.637231+00:00
754.0,6.88,7.12,6.85,1939.0,547,0.11365632446289062,call,2026-08-10,SPY,757.6699829101562,2026-08-03T21:31:02.637231+00:00
755.0,6.19,6.35,6.26,4188.0,1372,0.10965856170654298,call,2026-08-10,SPY,757.6699829101562,2026-08-03T21:31:02.637231+00:00
756.0,5.47,5.71,5.37,4171.0,623,0.10801062896728515,call,2026-08-10,SPY,757.6699829101562,2026-08-03T21:31:02.637231+00:00
757.0,4.83,5.05,4.96,3718.0,770,0.10523355712890625,call,2026-08-10,SPY,757.6699829101562,2026-08-03T21:31:02.637231+00:00
758.0,4.34,4.37,4.37,4254.0,565,0.1012663116455078,call,2026-08-10,SPY,757.6699829101562,2026-08-03T21:31:02.637231+00:00
759.0,3.77,3.8,3.79,2040.0,498,0.0989469989013672,call,2026-08-10,SPY,757.6699829101562,2026-08-03T21:31:02.637231+00:00
760.0,3.25,3.28,3.24,7553.0,4026,0.09693285888671876,call,2026-08-10,SPY,757.6699829101562,2026-08-03T21:31:02.637231+00:00
761.0,2.78,2.81,2.75,1299.0,726,0.0951933743286133,call,2026-08-10,SPY,757.6699829101562,2026-08-03T21:31:02.637231+00:00
762.0,2.36,2.38,2.35,1796.0,263,0.09345388977050782,call,2026-08-10,SPY,757.6699829101562,2026-08-03T21:31:02.637231+00:00
763.0,1.98,2.01,1.96,2049.0,414,0.09217216430664063,call,2026-08-10,SPY,757.6699829101562,2026-08-03T21:31:02.637231+00:00
764.0,1.65,1.68,1.65,1551.0,74,0.09101250793457032,call,2026-08-10,SPY,757.6699829101562,2026-08-03T21:31:02.637231+00:00
765.0,1.37,1.39,1.3,3284.0,557,0.0898528515625,call,2026-08-10,SPY,757.6699829101562,2026-08-03T21:31:02.637231+00:00
766.0,1.13,1.15,1.11,2493.0,373,0.0891814715576172,call,2026-08-10,SPY,757.6699829101562,2026-08-03T21:31:02.637231+00:00
767.0,0.92,0.94,0.94,3236.0,78,0.08844905700683595,call,2026-08-10,SPY,757.6699829101562,2026-08-03T21:31:02.637231+00:00
768.0,0.75,0.77,0.76,891.0,44,0.08808284973144533,call,2026-08-10,SPY,757.6699829101562,2026-08-03T21:31:02.637231+00:00
769.0,0.61,0.62,0.6,3534.0,92,0.08753353881835937,call,2026-08-10,SPY,757.6699829101562,2026-08-03T21:31:02.637231+00:00
770.0,0.49,0.5,0.5,2388.0,437,0.08728940063476565,call,2026-08-10,SPY,757.6699829101562,2026-08-03T21:31:02.637231+00:00
771.0,0.39,0.41,0.38,967.0,73,0.08759457336425781,call,2026-08-10,SPY,757.6699829101562,2026-08-03T21:31:02.637231+00:00
772.0,0.32,0.33,0.3,754.0,61,0.08765560791015625,call,2026-08-10,SPY,757.6699829101562,2026-08-03T21:31:02.637231+00:00
773.0,0.25,0.27,0.23,439.0,187,0.08814388427734376,call,2026-08-10,SPY,757.6699829101562,2026-08-03T21:31:02.637231+00:00
774.0,0.21,0.22,0.22,429.0,156,0.08863216064453125,call,2026-08-10,SPY,757.6699829101562,2026-08-03T21:31:02.637231+00:00
775.0,0.17,0.18,0.11,242.0,240,0.08924250610351564,call,2026-08-10,SPY,757.6699829101562,2026-08-03T21:31:02.637231+00:00
776.0,0.14,0.15,0.11,2096.0,103,0.09021905883789064,call,2026-08-10,SPY,757.6699829101562,2026-08-03T21:31:02.637231+00:00
777.0,0.12,0.13,0.1,936.0,10,0.09180595703125,call,2026-08-10,SPY,757.6699829101562,2026-08-03T21:31:02.637231+00:00
778.0,0.1,0.11,0.1,237.0,27,0.09302664794921875,call,2026-08-10,SPY,757.6699829101562,2026-08-03T21:31:02.637231+00:00
779.0,0.08,0.09,0.06,92.0,1,0.0937590625,call,2026-08-10,SPY,757.6699829101562,2026-08-03T21:31:02.637231+00:00
780.0,0.07,0.08,0.06,242.0,229,0.09571216796875001,call,2026-08-10,SPY,757.6699829101562,2026-08-03T21:31:02.637231+00:00
781.0,0.06,0.07,0.04,76.0,49,0.0971769970703125,call,2026-08-10,SPY,757.6699829101562,2026-08-03T21:31:02.637231+00:00
783.0,0.05,0.06,0.04,76.0,1,0.10205976074218749,call,2026-08-10,SPY,757.6699829101562,2026-08-03T21:31:02.637231+00:00
784.0,0.05,0.06,0.04,120.0,120,0.1054776953125,call,2026-08-10,SPY,757.6699829101562,2026-08-03T21:31:02.637231+00:00
785.0,0.04,0.05,0.04,34.0,76,0.10596597167968749,call,2026-08-10,SPY,757.6699829101562,2026-08-03T21:31:02.637231+00:00
788.0,0.03,0.05,0.02,,15,0.1157314990234375,call,2026-08-10,SPY,757.6699829101562,2026-08-03T21:31:02.637231+00:00
790.0,0.03,0.04,0.01,1.0,2,0.11914943359374999,call,2026-08-10,SPY,757.6699829101562,2026-08-03T21:31:02.637231+00:00
795.0,0.02,0.03,0.02,10.0,6,0.129891513671875,call,2026-08-10,SPY,757.6699829101562,2026-08-03T21:31:02.637231+00:00
805.0,0.02,0.03,0.01,4696.0,139,0.159188095703125,call,2026-08-10,SPY,757.6699829101562,2026-08-03T21:31:02.637231+00:00
810.0,0.01,0.02,0.01,104.0,491,0.16602396484375004,call,2026-08-10,SPY,757.6699829101562,2026-08-03T21:31:02.637231+00:00
815.0,0.01,0.02,0.02,10.0,1475,0.179695703125,call,2026-08-10,SPY,757.6699829101562,2026-08-03T21:31:02.637231+00:00
820.0,0.01,0.02,0.01,270.0,1922,0.19336744140625,call,2026-08-10,SPY,757.6699829101562,2026-08-03T21:31:02.637231+00:00
825.0,0.01,0.02,0.02,302.0,1118,0.20703917968749996,call,2026-08-10,SPY,757.6699829101562,2026-08-03T21:31:02.637231+00:00
830.0,0.01,0.02,0.01,10.0,787,0.22071091796874998,call,2026-08-10,SPY,757.6699829101562,2026-08-03T21:31:02.637231+00:00
835.0,0.01,0.02,0.01,,546,0.23438265625,call,2026-08-10,SPY,757.6699829101562,2026-08-03T21:31:02.637231+00:00
840.0,0.01,0.02,0.01,,490,0.2461012890625,call,2026-08-10,SPY,757.6699829101562,2026-08-03T21:31:02.637231+00:00
845.0,0.0,0.01,0.01,,978,0.242195078125,call,2026-08-10,SPY,757.6699829101562,2026-08-03T21:31:02.637231+00:00
850.0,0.0,0.01,0.01,,1397,0.25391371093750004,call,2026-08-10,SPY,757.6699829101562,2026-08-03T21:31:02.637231+00:00
855.0,0.0,0.01,0.01,,617,0.26563234375,call,2026-08-10,SPY,757.6699829101562,2026-08-03T21:31:02.637231+00:00
500.0,0.0,0.01,0.01,,10,0.8125018749999999,put,2026-08-10,SPY,757.6699829101562,2026-08-03T21:31:02.637231+00:00
505.0,0.0,0.01,0.01,2.0,2,0.7812521875,put,2026-08-10,SPY,757.6699829101562,2026-08-03T21:31:02.637231+00:00
515.0,0.0,0.01,0.01,456.0,507,0.7500025,put,2026-08-10,SPY,757.6699829101562,2026-08-03T21:31:02.637231+00:00
520.0,0.0,0.01,0.01,456.0,456,0.73437765625,put,2026-08-10,SPY,757.6699829101562,2026-08-03T21:31:02.637231+00:00
525.0,0.0,0.01,0.01,15.0,16,0.7187528125,put,2026-08-10,SPY,757.6699829101562,2026-08-03T21:31:02.637231+00:00
535.0,0.0,0.01,0.01,,10,0.6875031250000001,put,2026-08-10,SPY,757.6699829101562,2026-08-03T21:31:02.637231+00:00
550.0,0.0,0.01,0.01,,1,0.6250037500000001,put,2026-08-10,SPY,757.6699829101562,2026-08-03T21:31:02.637231+00:00
560.0,0.0,0.01,0.02,25.0,200,0.5937540625000001,put,2026-08-10,SPY,757.6699829101562,2026-08-03T21:31:02.637231+00:00
570.0,0.0,0.01,0.05,,1,0.5625043750000001,put,2026-08-10,SPY,757.6699829101562,2026-08-03T21:31:02.637231+00:00
575.0,0.0,0.01,0.01,1312.0,2,0.5468795312500001,put,2026-08-10,SPY,757.6699829101562,2026-08-03T21:31:02.637231+00:00
600.0,0.01,0.02,0.01,156.0,10,0.5117236328125,put,2026-08-10,SPY,757.6699829101562,2026-08-03T21:31:02.637231+00:00
605.0,0.01,0.02,0.07,,1,0.507817421875,put,2026-08-10,SPY,757.6699829101562,2026-08-03T21:31:02.637231+00:00
610.0,0.01,0.02,0.02,2.0,5,0.49219257812500006,put,2026-08-10,SPY,757.6699829101562,2026-08-03T21:31:02.637231+00:00
620.0,0.01,0.02,0.02,62.0,159,0.45703667968750006,put,2026-08-10,SPY,757.6699829101562,2026-08-03T21:31:02.637231+00:00
625.0,0.01,0.02,0.02,343.0,90,0.4414118359375,put,2026-08-10,SPY,757.6699829101562,2026-08-03T21:31:02.637231+00:00
630.0,0.01,0.02,0.02,94.0,93,0.42188078125,put,2026-08-10,SPY,757.6699829101562,2026-08-03T21:31:02.637231+00:00
635.0,0.01,0.02,0.02,2.0,0,0.4062559375,put,2026-08-10,SPY,757.6699829101562,2026-08-03T21:31:02.637231+00:00
640.0,0.01,0.02,0.03,2.0,181,0.39063109375,put,2026-08-10,SPY,757.6699829101562,2026-08-03T21:31:02.637231+00:00
645.0,0.02,0.03,0.03,1.0,178,0.38672488281249995,put,2026-08-10,SPY,757.6699829101562,2026-08-03T21:31:02.637231+00:00
650.0,0.02,0.03,0.02,1.0,72,0.3711000390625,put,2026-08-10,SPY,757.6699829101562,2026-08-03T21:31:02.637231+00:00
655.0,0.02,0.03,0.03,4.0,207,0.35352208984374994,put,2026-08-10,SPY,757.6699829101562,2026-08-03T21:31:02.637231+00:00
660.0,0.02,0.03,0.03,21.0,235,0.335944140625,put,2026-08-10,SPY,757.6699829101562,2026-08-03T21:31:02.637231+00:00
665.0,0.03,0.04,0.03,40.0,146,0.33008482421874996,put,2026-08-10,SPY,757.6699829101562,2026-08-03T21:31:02.637231+00:00
670.0,0.03,0.04,0.06,31.0,58,0.31250687499999996,put,2026-08-10,SPY,757.6699829101562,2026-08-03T21:31:02.637231+00:00
675.0,0.03,0.04,0.03,59.0,186,0.29492892578124996,put,2026-08-10,SPY,757.6699829101562,2026-08-03T21:31:02.637231+00:00
680.0,0.04,0.05,0.04,6.0,284,0.28516339843749994,put,2026-08-10,SPY,757.6699829101562,2026-08-03T21:31:02.637231+00:00
685.0,0.04,0.05,0.05,13.0,314,0.26758544921875,put,2026-08-10,SPY,757.6699829101562,2026-08-03T21:31:02.637231+00:00
690.0,0.05,0.06,0.06,36.0,394,0.25586681640625003,put,2026-08-10,SPY,757.6699829101562,2026-08-03T21:31:02.637231+00:00
695.0,0.06,0.07,0.07,95.0,491,0.242195078125,put,2026-08-10,SPY,757.6699829101562,2026-08-03T21:31:02.637231+00:00
700.0,0.07,0.08,0.07,409.0,888,0.22852333984375,put,2026-08-10,SPY,757.6699829101562,2026-08-03T21:31:02.637231+00:00
701.0,0.07,0.08,0.07,12.0,304,0.22461712890624996,put,2026-08-10,SPY,757.6699829101562,2026-08-03T21:31:02.637231+00:00
702.0,0.07,0.08,0.13,50.0,938,0.2211991943359375,put,2026-08-10,SPY,757.6699829101562,2026-08-03T21:31:02.637231+00:00
703.0,0.08,0.09,0.14,1.0,829,0.22071091796874998,put,2026-08-10,SPY,757.6699829101562,2026-08-03T21:31:02.637231+00:00
704.0,0.08,0.09,0.11,4.0,568,0.2172929833984375,put,2026-08-10,SPY,757.6699829101562,2026-08-03T21:31:02.637231+00:00
705.0,0.08,0.09,0.09,51.0,636,0.213875048828125,put,2026-08-10,SPY,757.6699829101562,2026-08-03T21:31:02.637231+00:00
706.0,0.08,0.09,0.09,104.0,187,0.20996883789062498,put,2026-08-10,SPY,757.6699829101562,2026-08-03T21:31:02.637231+00:00
707.0,0.09,0.1,0.1,30.0,295,0.20899228515624996,put,2026-08-10,SPY,757.6699829101562,2026-08-03T21:31:02.637231+00:00
708.0,0.09,0.1,0.1,151.0,363,0.20557435058593748,put,2026-08-10,SPY,757.6699829101562,2026-08-03T21:31:02.637231+00:00
709.0,0.1,0.11,0.1,5.0,572,0.20410952148437497,put,2026-08-10,SPY,757.6699829101562,2026-08-03T21:31:02.637231+00:00
710.0,0.1,0.11,0.12,235.0,829,0.20069158691406247,put,2026-08-10,SPY,757.6699829101562,2026-08-03T21:31:02.637231+00:00
711.0,0.1,0.11,0.11,155.0,447,0.19678537597656248,put,2026-08-10,SPY,757.6699829101562,2026-08-03T21:31:02.637231+00:00
712.0,0.11,0.12,0.11,179.0,201,0.195320546875,put,2026-08-10,SPY,757.6699829101562,2026-08-03T21:31:02.637231+00:00
713.0,0.11,0.12,0.13,160.0,210,0.1914143359375,put,2026-08-10,SPY,757.6699829101562,2026-08-03T21:31:02.637231+00:00
714.0,0.12,0.13,0.12,117.0,609,0.18994950683593753,put,2026-08-10,SPY,757.6699829101562,2026-08-03T21:31:02.637231+00:00
715.0,0.13,0.14,0.13,130.0,991,0.18824053955078124,put,2026-08-10,SPY,757.6699829101562,2026-08-03T21:31:02.637231+00:00
716.0,0.13,0.14,0.13,215.0,393,0.18433432861328125,put,2026-08-10,SPY,757.6699829101562,2026-08-03T21:31:02.637231+00:00
717.0,0.14,0.15,0.13,134.0,136,0.18238122314453126,put,2026-08-10,SPY,757.6699829101562,2026-08-03T21:31:02.637231+00:00
718.0,0.15,0.16,0.14,489.0,1694,0.1801839794921875,put,2026-08-10,SPY,757.6699829101562,2026-08-03T21:31:02.637231+00:00
719.0,0.16,0.17,0.17,304.0,1388,0.17798673583984376,put,2026-08-10,SPY,757.6699829101562,2026-08-03T21:31:02.637231+00:00
720.0,0.17,0.18,0.18,1979.0,1150,0.17554535400390625,put,2026-08-10,SPY,757.6699829101562,2026-08-03T21:31:02.637231+00:00
721.0,0.18,0.19,0.18,168.0,192,0.17285983398437502,put,2026-08-10,SPY,757.6699829101562,2026-08-03T21:31:02.637231+00:00
722.0,0.19,0.2,0.2,356.0,301,0.17041845214843754,put,2026-08-10,SPY,757.6699829101562,2026-08-03T21:31:02.637231+00:00
723.0,0.2,0.21,0.21,237.0,160,0.16773293212890628,put,2026-08-10,SPY,757.6699829101562,2026-08-03T21:31:02.637231+00:00
724.0,0.21,0.22,0.23,192.0,272,0.16480327392578126,put,2026-08-10,SPY,757.6699829101562,2026-08-03T21:31:02.637231+00:00
725.0,0.23,0.24,0.25,571.0,832,0.16309430664062502,put,2026-08-10,SPY,757.6699829101562,2026-08-03T21:31:02.637231+00:00
726.0,0.24,0.25,0.26,912.0,392,0.1601646484375,put,2026-08-10,SPY,757.6699829101562,2026-08-03T21:31:02.637231+00:00
727.0,0.26,0.27,0.26,3546.0,189,0.15796740478515625,put,2026-08-10,SPY,757.6699829101562,2026-08-03T21:31:02.637231+00:00
728.0,0.28,0.29,0.29,853.0,4129,0.1557701611328125,put,2026-08-10,SPY,757.6699829101562,2026-08-03T21:31:02.637231+00:00
729.0,0.3,0.31,0.31,11846.0,135,0.1534508483886719,put,2026-08-10,SPY,757.6699829101562,2026-08-03T21:31:02.637231+00:00
730.0,0.33,0.34,0.34,1102.0,1850,0.15174188110351564,put,2026-08-10,SPY,757.6699829101562,2026-08-03T21:31:02.637231+00:00
731.0,0.35,0.36,0.36,256.0,248,0.1489342919921875,put,2026-08-10,SPY,757.6699829101562,2026-08-03T21:31:02.637231+00:00
732.0,0.37,0.39,0.4,7343.0,227,0.14685911743164062,put,2026-08-10,SPY,757.6699829101562,2026-08-03T21:31:02.637231+00:00
733.0,0.4,0.42,0.43,359.0,310,0.1445398046875,put,2026-08-10,SPY,757.6699829101562,2026-08-03T21:31:02.637231+00:00
734.0,0.43,0.45,0.46,624.0,658,0.1420984228515625,put,2026-08-10,SPY,757.6699829101562,2026-08-03T21:31:02.637231+00:00
735.0,0.47,0.48,0.48,1732.0,1351,0.1392908337402344,put,2026-08-10,SPY,757.6699829101562,2026-08-03T21:31:02.637231+00:00
736.0,0.51,0.52,0.52,726.0,472,0.13709359008789065,put,2026-08-10,SPY,757.6699829101562,2026-08-03T21:31:02.637231+00:00
737.0,0.55,0.56,0.57,3477.0,665,0.13453013916015627,put,2026-08-10,SPY,757.6699829101562,2026-08-03T21:31:02.637231+00:00
738.0,0.6,0.61,0.6,4833.0,4108,0.1324549645996094,put,2026-08-10,SPY,757.6699829101562,2026-08-03T21:31:02.637231+00:00
739.0,0.65,0.66,0.68,220.0,360,0.13001358276367186,put,2026-08-10,SPY,757.6699829101562,2026-08-03T21:31:02.637231+00:00
740.0,0.7,0.72,0.73,3995.0,1116,0.12781633911132811,put,2026-08-10,SPY,757.6699829101562,2026-08-03T21:31:02.637231+00:00
741.0,0.76,0.78,0.81,337.0,431,0.12525288818359376,put,2026-08-10,SPY,757.6699829101562,2026-08-03T21:31:02.637231+00:00
742.0,0.83,0.85,0.87,502.0,515,0.12293357543945313,put,2026-08-10,SPY,757.6699829101562,2026-08-03T21:31:02.637231+00:00
743.0,0.91,0.93,0.93,1662.0,322,0.12067529724121094,put,2026-08-10,SPY,757.6699829101562,2026-08-03T21:31:02.637231+00:00
744.0,0.99,1.01,1.02,2187.0,337,0.11811184631347656,put,2026-08-10,SPY,757.6699829101562,2026-08-03T21:31:02.637231+00:00
745.0,1.09,1.1,1.1,3346.0,825,0.1155483953857422,put,2026-08-10,SPY,757.6699829101562,2026-08-03T21:31:02.637231+00:00
746.0,1.19,1.21,1.21,768.0,323,0.11335115173339844,put,2026-08-10,SPY,757.6699829101562,2026-08-03T21:31:02.637231+00:00
747.0,1.3,1.32,1.4,2530.0,107,0.11072666625976563,put,2026-08-10,SPY,757.6699829101562,2026-08-03T21:31:02.637231+00:00
748.0,1.43,1.45,1.47,1467.0,192,0.10834631896972656,put,2026-08-10,SPY,757.6699829101562,2026-08-03T21:31:02.637231+00:00
749.0,1.57,1.59,1.58,1387.0,29,0.10584390258789061,put,2026-08-10,SPY,757.6699829101562,2026-08-03T21:31:02.637231+00:00
750.0,1.73,1.75,1.74,6348.0,354,0.10340252075195311,put,2026-08-10,SPY,757.6699829101562,2026-08-03T21:31:02.637231+00:00
751.0,1.91,1.93,1.93,1559.0,29,0.10102217346191406,put,2026-08-10,SPY,757.6699829101562,2026-08-03T21:31:02.637231+00:00
752.0,2.11,2.13,2.13,1128.0,23,0.09861130889892578,put,2026-08-10,SPY,757.6699829101562,2026-08-03T21:31:02.637231+00:00
753.0,2.33,2.35,2.33,2068.0,48,0.09607837524414065,put,2026-08-10,SPY,757.6699829101562,2026-08-03T21:31:02.637231+00:00
754.0,2.58,2.6,2.6,3989.0,47,0.09369802795410156,put,2026-08-10,SPY,757.6699829101562,2026-08-03T21:31:02.637231+00:00
755.0,2.86,2.88,2.89,4961.0,114,0.09125664611816406,put,2026-08-10,SPY,757.6699829101562,2026-08-03T21:31:02.637231+00:00
756.0,3.17,3.2,3.19,2231.0,1,0.08905940246582032,put,2026-08-10,SPY,757.6699829101562,2026-08-03T21:31:02.637231+00:00
757.0,3.54,3.55,3.51,2294.0,19,0.08667905517578126,put,2026-08-10,SPY,757.6699829101562,2026-08-03T21:31:02.637231+00:00
758.0,3.92,3.95,3.93,2022.0,1,0.08454284606933596,put,2026-08-10,SPY,757.6699829101562,2026-08-03T21:31:02.637231+00:00
759.0,4.35,4.38,4.33,851.0,2,0.08210146423339845,put,2026-08-10,SPY,757.6699829101562,2026-08-03T21:31:02.637231+00:00
760.0,4.78,4.97,4.86,985.0,13,0.08231508514404298,put,2026-08-10,SPY,757.6699829101562,2026-08-03T21:31:02.637231+00:00
761.0,5.31,5.54,5.53,272.0,1,0.081063876953125,put,2026-08-10,SPY,757.6699829101562,2026-08-03T21:31:02.637231+00:00
762.0,5.82,6.1,6.22,516.0,45,0.07843939147949221,put,2026-08-10,SPY,757.6699829101562,2026-08-03T21:31:02.637231+00:00
771.0,11.95,14.97,14.95,42.0,1,0.13593393371582033,put,2026-08-10,SPY,757.6699829101562,2026-08-03T21:31:02.637231+00:00
777.0,17.77,20.8,22.11,4.0,0,0.165047412109375,put,2026-08-10,SPY,757.6699829101562,2026-08-03T21:31:02.637231+00:00
778.0,18.76,21.79,20.55,5.0,0,0.17017431396484378,put,2026-08-10,SPY,757.6699829101562,2026-08-03T21:31:02.637231+00:00
781.0,21.75,24.78,25.04,2.0,0,0.1860432958984375,put,2026-08-10,SPY,757.6699829101562,2026-08-03T21:31:02.637231+00:00
915.0,155.27,158.78,173.72,,0,0.7283962707519531,put,2026-08-10,SPY,757.6699829101562,2026-08-03T21:31:02.637231+00:00
500.0,256.84,260.35,248.23,2.0,2,1.1184126110839845,call,2026-08-14,SPY,757.6699829101562,2026-08-03T21:31:02.637231+00:00
520.0,236.87,240.38,232.96,,1,1.0302782861328126,call,2026-08-14,SPY,757.6699829101562,2026-08-03T21:31:02.637231+00:00
530.0,226.89,230.39,209.85,49.0,49,0.9870606762695313,call,2026-08-14,SPY,757.6699829101562,2026-08-03T21:31:02.637231+00:00
555.0,201.93,205.44,187.74,,1,0.8820812573242187,call,2026-08-14,SPY,757.6699829101562,2026-08-03T21:31:02.637231+00:00
580.0,176.97,180.48,174.07,1.0,1,0.7788108056640625,call,2026-08-14,SPY,757.6699829101562,2026-08-03T21:31:02.637231+00:00
590.0,166.99,170.5,166.22,,2,0.7385280053710936,call,2026-08-14,SPY,757.6699829101562,2026-08-03T21:31:02.637231+00:00
600.0,157.01,160.51,157.5,20.0,26,0.6977569287109376,call,2026-08-14,SPY,757.6699829101562,2026-08-03T21:31:02.637231+00:00
610.0,147.02,150.53,148.62,2.0,1,0.6574741284179688,call,2026-08-14,SPY,757.6699829101562,2026-08-03T21:31:02.637231+00:00
615.0,142.03,145.54,134.21,1.0,2,0.637698935546875,call,2026-08-14,SPY,757.6699829101562,2026-08-03T21:31:02.637231+00:00
625.0,132.05,135.56,131.77,1.0,3,0.5981485498046876,call,2026-08-14,SPY,757.6699829101562,2026-08-03T21:31:02.637231+00:00
630.0,127.06,130.57,111.8,20.0,20,0.5783733569335938,call,2026-08-14,SPY,757.6699829101562,2026-08-03T21:31:02.637231+00:00
635.0,122.08,125.58,106.45,,10,0.5590864404296876,call,2026-08-14,SPY,757.6699829101562,2026-08-03T21:31:02.637231+00:00
640.0,117.09,120.59,100.44,,2,0.5393112475585939,call,2026-08-14,SPY,757.6699829101562,2026-08-03T21:31:02.637231+00:00
645.0,112.1,115.61,85.96,1.0,0,0.5200243310546875,call,2026-08-14,SPY,757.6699829101562,2026-08-03T21:31:02.637231+00:00
650.0,107.11,110.62,108.22,2.0,2,0.5002491381835938,call,2026-08-14,SPY,757.6699829101562,2026-08-03T21:31:02.637231+00:00
655.0,102.13,105.63,87.12,,18,0.5876506079101562,call,2026-08-14,SPY,757.6699829101562,2026-08-03T21:31:02.637231+00:00
660.0,97.14,100.65,99.03,2.0,7,0.5649457568359376,call,2026-08-14,SPY,757.6699829101562,2026-08-03T21:31:02.637231+00:00
665.0,92.16,95.66,94.26,1.0,2,0.5418136639404298,call,2026-08-14,SPY,757.6699829101562,2026-08-03T21:31:02.637231+00:00
670.0,87.17,90.68,71.21,4.0,7,0.5190477783203125,call,2026-08-14,SPY,757.6699829101562,2026-08-03T21:31:02.637231+00:00
675.0,82.19,85.7,68.78,1.0,5,0.49622085815429695,call,2026-08-14,SPY,757.6699829101562,2026-08-03T21:31:02.637231+00:00
680.0,77.21,80.72,79.48,5.0,11,0.4732718688964844,call,2026-08-14,SPY,757.6699829101562,2026-08-03T21:31:02.637231+00:00
685.0,72.23,75.74,73.94,2.0,20,0.45026184509277345,call,2026-08-14,SPY,757.6699829101562,2026-08-03T21:31:02.637231+00:00
690.0,67.26,70.76,66.51,5.0,24,0.4271297521972657,call,2026-08-14,SPY,757.6699829101562,2026-08-03T21:31:02.637231+00:00
691.0,66.26,69.77,50.17,1.0,2,0.4226742303466796,call,2026-08-14,SPY,757.6699829101562,2026-08-03T21:31:02.637231+00:00
692.0,65.27,68.78,43.78,1.0,5,0.4182187084960937,call,2026-08-14,SPY,757.6699829101562,2026-08-03T21:31:02.637231+00:00
693.0,64.28,67.78,50.81,1.0,7,0.41345801391601555,call,2026-08-14,SPY,757.6699829101562,2026-08-03T21:31:02.637231+00:00
694.0,63.28,66.79,48.72,1.0,1,0.4090024920654296,call,2026-08-14,SPY,757.6699829101562,2026-08-03T21:31:02.637231+00:00
695.0,62.29,65.8,54.66,6.0,11,0.40454697021484376,call,2026-08-14,SPY,757.6699829101562,2026-08-03T21:31:02.637231+00:00
696.0,61.3,64.8,59.87,1.0,2,0.3996642065429688,call,2026-08-14,SPY,757.6699829101562,2026-08-03T21:31:02.637231+00:00
697.0,60.3,63.81,45.31,1.0,10,0.3952086846923829,call,2026-08-14,SPY,757.6699829101562,2026-08-03T21:31:02.637231+00:00
698.0,59.31,62.82,44.58,5.0,5,0.39075316284179684,call,2026-08-14,SPY,757.6699829101562,2026-08-03T21:31:02.637231+00:00
699.0,58.32,61.83,43.72,3.0,3,0.38623660644531244,call,2026-08-14,SPY,757.6699829101562,2026-08-03T21:31:02.637231+00:00
700.0,57.33,60.84,58.75,3.0,517,0.38172005004882803,call,2026-08-14,SPY,757.6699829101562,2026-08-03T21:31:02.637231+00:00
701.0,56.34,59.85,42.33,,10,0.37720349365234374,call,2026-08-14,SPY,757.6699829101562,2026-08-03T21:31:02.637231+00:00
702.0,55.35,58.85,54.68,10.0,1,0.3723207299804688,call,2026-08-14,SPY,757.6699829101562,2026-08-03T21:31:02.637231+00:00
703.0,54.36,57.87,41.59,1.0,4,0.3681093463134766,call,2026-08-14,SPY,757.6699829101562,2026-08-03T21:31:02.637231+00:00
704.0,53.37,56.88,46.8,1.0,5,0.3635317553710938,call,2026-08-14,SPY,757.6699829101562,2026-08-03T21:31:02.637231+00:00
705.0,52.38,55.89,50.83,1.0,16,0.358954164428711,call,2026-08-14,SPY,757.6699829101562,2026-08-03T21:31:02.637231+00:00
706.0,51.39,54.9,40.93,33.0,38,0.354376573486328,call,2026-08-14,SPY,757.6699829101562,2026-08-03T21:31:02.637231+00:00
707.0,50.4,53.91,49.72,10.0,4,0.3497379479980468,call,2026-08-14,SPY,757.6699829101562,2026-08-03T21:31:02.637231+00:00
708.0,49.41,52.93,51.58,3.0,26,0.3454655297851562,call,2026-08-14,SPY,757.6699829101562,2026-08-03T21:31:02.637231+00:00
710.0,47.56,50.86,46.89,5.0,160,0.33313655151367194,call,2026-08-14,SPY,757.6699829101562,2026-08-03T21:31:02.637231+00:00
711.0,46.46,49.97,31.83,,1,0.33179379150390625,call,2026-08-14,SPY,757.6699829101562,2026-08-03T21:31:02.637231+00:00
712.0,45.47,48.99,44.09,6.0,14,0.32746033874511715,call,2026-08-14,SPY,757.6699829101562,2026-08-03T21:31:02.637231+00:00
713.0,44.49,48.0,23.96,2.0,10,0.3227606787109374,call,2026-08-14,SPY,757.6699829101562,2026-08-03T21:31:02.637231+00:00
714.0,43.51,47.02,30.76,14.0,28,0.31830515686035155,call,2026-08-14,SPY,757.6699829101562,2026-08-03T21:31:02.637231+00:00
715.0,42.65,45.92,41.2,2.0,116,0.3100654931640625,call,2026-08-14,SPY,757.6699829101562,2026-08-03T21:31:02.637231+00:00
716.0,41.55,45.06,28.3,7.0,27,0.30939411315917964,call,2026-08-14,SPY,757.6699829101562,2026-08-03T21:31:02.637231+00:00
717.0,40.57,44.08,31.24,1.0,14,0.30493859130859374,call,2026-08-14,SPY,757.6699829101562,2026-08-03T21:31:02.637231+00:00
718.0,39.59,43.11,30.48,28.0,32,0.30072720764160155,call,2026-08-14,SPY,757.6699829101562,2026-08-03T21:31:02.637231+00:00
719.0,38.62,42.13,36.88,1.0,24,0.29614961669921874,call,2026-08-14,SPY,757.6699829101562,2026-08-03T21:31:02.637231+00:00
720.0,37.81,40.93,37.94,5.0,206,0.2849802947998046,call,2026-08-14,SPY,757.6699829101562,2026-08-03T21:31:02.637231+00:00
721.0,36.67,40.18,17.87,5.0,8,0.2872385729980468,call,2026-08-14,SPY,757.6699829101562,2026-08-03T21:31:02.637231+00:00
722.0,35.7,39.21,27.0,50.0,50,0.28290512023925773,call,2026-08-14,SPY,757.6699829101562,2026-08-03T21:31:02.637231+00:00
723.0,34.73,38.24,31.84,1.0,24,0.27851063293457035,call,2026-08-14,SPY,757.6699829101562,2026-08-03T21:31:02.637231+00:00
724.0,33.76,37.28,29.3,3.0,8,0.27436028381347655,call,2026-08-14,SPY,757.6699829101562,2026-08-03T21:31:02.637231+00:00
725.0,32.92,35.98,32.41,5.0,228,0.26056647644042963,call,2026-08-14,SPY,757.6699829101562,2026-08-03T21:31:02.637231+00:00
726.0,31.84,35.35,20.69,3.0,24,0.26569337829589845,call,2026-08-14,SPY,757.6699829101562,2026-08-03T21:31:02.637231+00:00
727.0,30.88,34.39,19.95,2.0,21,0.26139044281005863,call,2026-08-14,SPY,757.6699829101562,2026-08-03T21:31:02.637231+00:00
728.0,29.92,33.43,28.82,1.0,22,0.2570569900512696,call,2026-08-14,SPY,757.6699829101562,2026-08-03T21:31:02.637231+00:00
729.0,28.97,32.48,19.85,2.0,51,0.252937158203125,call,2026-08-14,SPY,757.6699829101562,2026-08-03T21:31:02.637231+00:00
730.0,28.25,31.2,29.42,92.0,536,0.2399978344726562,call,2026-08-14,SPY,757.6699829101562,2026-08-03T21:31:02.637231+00:00
731.0,27.36,30.24,26.33,10.0,284,0.23566438171386717,call,2026-08-14,SPY,757.6699829101562,2026-08-03T21:31:02.637231+00:00
732.0,26.41,28.17,27.95,12.0,426,0.20081365600585935,call,2026-08-14,SPY,757.6699829101562,2026-08-03T21:31:02.637231+00:00
733.0,25.46,27.22,26.29,3.0,398,0.1970905487060547,call,2026-08-14,SPY,757.6699829101562,2026-08-03T21:31:02.637231+00:00
734.0,24.53,27.34,26.13,3.0,423,0.22165695343017577,call,2026-08-14,SPY,757.6699829101562,2026-08-03T21:31:02.637231+00:00
735.0,23.45,25.66,24.75,130.0,1265,0.19855537780761717,call,2026-08-14,SPY,757.6699829101562,2026-08-03T21:31:02.637231+00:00
736.0,22.41,25.92,23.87,108.0,805,0.22449505981445309,call,2026-08-14,SPY,757.6699829101562,2026-08-03T21:31:02.637231+00:00
737.0,23.05,23.45,23.08,50.0,654,0.18219811950683595,call,2026-08-14,SPY,757.6699829101562,2026-08-03T21:31:02.637231+00:00
738.0,22.13,22.54,22.02,41.0,743,0.1790853576660156,call,2026-08-14,SPY,757.6699829101562,2026-08-03T21:31:02.637231+00:00
739.0,21.23,21.63,21.12,38.0,768,0.17585052673339846,call,2026-08-14,SPY,757.6699829101562,2026-08-03T21:31:02.637231+00:00
740.0,20.38,20.73,20.0,248.0,2345,0.17273776489257814,call,2026-08-14,SPY,757.6699829101562,2026-08-03T21:31:02.637231+00:00
741.0,19.46,19.84,19.41,24.0,710,0.1697165548706055,call,2026-08-14,SPY,757.6699829101562,2026-08-03T21:31:02.637231+00:00
742.0,18.57,18.95,18.75,161.0,1190,0.16651224121093755,call,2026-08-14,SPY,757.6699829101562,2026-08-03T21:31:02.637231+00:00
743.0,17.72,18.06,17.5,80.0,1143,0.1632163757324219,call,2026-08-14,SPY,757.6699829101562,2026-08-03T21:31:02.637231+00:00
744.0,16.87,17.21,16.71,103.0,2192,0.16059189025878906,call,2026-08-14,SPY,757.6699829101562,2026-08-03T21:31:02.637231+00:00
745.0,16.02,16.32,16.18,270.0,1964,0.15692981750488283,call,2026-08-14,SPY,757.6699829101562,2026-08-03T21:31:02.637231+00:00
746.0,15.13,15.5,15.29,1087.0,1671,0.154579987487793,call,2026-08-14,SPY,757.6699829101562,2026-08-03T21:31:02.637231+00:00
747.0,14.35,14.67,14.41,278.0,1508,0.15180291564941406,call,2026-08-14,SPY,757.6699829101562,2026-08-03T21:31:02.637231+00:00
748.0,13.53,13.82,13.23,138.0,906,0.14838498107910159,call,2026-08-14,SPY,757.6699829101562,2026-08-03T21:31:02.637231+00:00
749.0,12.74,13.06,12.85,187.0,2021,0.14655394470214844,call,2026-08-14,SPY,757.6699829101562,2026-08-03T21:31:02.637231+00:00
750.0,12.03,12.17,11.77,7236.0,24735,0.14185428466796873,call,2026-08-14,SPY,757.6699829101562,2026-08-03T21:31:02.637231+00:00
751.0,11.16,11.45,11.14,3242.0,1163,0.14029790374755857,call,2026-08-14,SPY,757.6699829101562,2026-08-03T21:31:02.637231+00:00
752.0,10.4,10.74,10.51,3304.0,1525,0.13861945373535156,call,2026-08-14,SPY,757.6699829101562,2026-08-03T21:31:02.637231+00:00
753.0,9.68,9.98,9.9,3526.0,1685,0.13562876098632815,call,2026-08-14,SPY,757.6699829101562,2026-08-03T21:31:02.637231+00:00
754.0,8.98,9.28,8.96,1219.0,2321,0.13346203460693357,call,2026-08-14,SPY,757.6699829101562,2026-08-03T21:31:02.637231+00:00
755.0,8.37,8.54,8.45,9163.0,7831,0.1302272036743164,call,2026-08-14,SPY,757.6699829101562,2026-08-03T21:31:02.637231+00:00
756.0,7.65,7.85,7.82,1913.0,2745,0.1275416836547852,call,2026-08-14,SPY,757.6699829101562,2026-08-03T21:31:02.637231+00:00
757.0,7.05,7.26,7.2,776.0,1122,0.12629047546386718,call,2026-08-14,SPY,757.6699829101562,2026-08-03T21:31:02.637231+00:00
758.0,6.48,6.6,6.52,14576.0,934,0.1233608172607422,call,2026-08-14,SPY,757.6699829101562,2026-08-03T21:31:02.637231+00:00
759.0,5.9,6.02,5.65,780.0,3645,0.12146874633789062,call,2026-08-14,SPY,757.6699829101562,2026-08-03T21:31:02.637231+00:00
760.0,5.35,5.46,5.45,18651.0,27038,0.1194851235961914,call,2026-08-14,SPY,757.6699829101562,2026-08-03T21:31:02.637231+00:00
761.0,4.85,4.95,4.9,443.0,1175,0.11792874267578124,call,2026-08-14,SPY,757.6699829101562,2026-08-03T21:31:02.637231+00:00
762.0,4.36,4.45,4.37,916.0,1469,0.11609770629882812,call,2026-08-14,SPY,757.6699829101562,2026-08-03T21:31:02.637231+00:00
763.0,3.91,3.99,3.75,721.0,1751,0.11451080810546876,call,2026-08-14,SPY,757.6699829101562,2026-08-03T21:31:02.637231+00:00
764.0,3.48,3.57,3.57,1056.0,435,0.11316804809570313,call,2026-08-14,SPY,757.6699829101562,2026-08-03T21:31:02.637231+00:00
765.0,3.09,3.17,3.15,3527.0,2666,0.11170321899414062,call,2026-08-14,SPY,757.6699829101562,2026-08-03T21:31:02.637231+00:00
766.0,2.74,2.82,2.7,571.0,1645,0.11072666625976563,call,2026-08-14,SPY,757.6699829101562,2026-08-03T21:31:02.637231+00:00
767.0,2.43,2.47,2.44,474.0,1908,0.10913976806640624,call,2026-08-14,SPY,757.6699829101562,2026-08-03T21:31:02.637231+00:00
768.0,2.13,2.18,2.18,400.0,1447,0.10834631896972656,call,2026-08-14,SPY,757.6699829101562,2026-08-03T21:31:02.637231+00:00
769.0,1.86,1.91,1.88,306.0,1435,0.10743080078125,call,2026-08-14,SPY,757.6699829101562,2026-08-03T21:31:02.637231+00:00
770.0,1.62,1.66,1.62,2977.0,5841,0.10639321350097657,call,2026-08-14,SPY,757.6699829101562,2026-08-03T21:31:02.637231+00:00
771.0,1.41,1.44,1.32,865.0,3970,0.10556924713134765,call,2026-08-14,SPY,757.6699829101562,2026-08-03T21:31:02.637231+00:00
772.0,1.22,1.25,1.19,389.0,2009,0.1049894189453125,call,2026-08-14,SPY,757.6699829101562,2026-08-03T21:31:02.637231+00:00
773.0,1.05,1.07,0.95,1094.0,714,0.10407390075683592,call,2026-08-14,SPY,757.6699829101562,2026-08-03T21:31:02.637231+00:00
774.0,0.91,0.93,0.9,595.0,902,0.10389079711914062,call,2026-08-14,SPY,757.6699829101562,2026-08-03T21:31:02.637231+00:00
775.0,0.78,0.8,0.78,2268.0,2419,0.10352458984374999,call,2026-08-14,SPY,757.6699829101562,2026-08-03T21:31:02.637231+00:00
776.0,0.66,0.69,0.64,474.0,1783,0.10340252075195311,call,2026-08-14,SPY,757.6699829101562,2026-08-03T21:31:02.637231+00:00
777.0,0.57,0.59,0.5,474.0,845,0.10309734802246093,call,2026-08-14,SPY,757.6699829101562,2026-08-03T21:31:02.637231+00:00
778.0,0.49,0.51,0.42,543.0,1111,0.10321941711425779,call,2026-08-14,SPY,757.6699829101562,2026-08-03T21:31:02.637231+00:00
779.0,0.42,0.44,0.4,233.0,1999,0.10334148620605467,call,2026-08-14,SPY,757.6699829101562,2026-08-03T21:31:02.637231+00:00
780.0,0.36,0.38,0.34,818.0,2885,0.10352458984374999,call,2026-08-14,SPY,757.6699829101562,2026-08-03T21:31:02.637231+00:00
781.0,0.31,0.33,0.25,259.0,778,0.10401286621093749,call,2026-08-14,SPY,757.6699829101562,2026-08-03T21:31:02.637231+00:00
782.0,0.27,0.28,0.28,116.0,799,0.10389079711914062,call,2026-08-14,SPY,757.6699829101562,2026-08-03T21:31:02.637231+00:00
783.0,0.23,0.25,0.22,84.0,585,0.1049894189453125,call,2026-08-14,SPY,757.6699829101562,2026-08-03T21:31:02.637231+00:00
784.0,0.21,0.22,0.18,23.0,2046,0.10572183349609374,call,2026-08-14,SPY,757.6699829101562,2026-08-03T21:31:02.637231+00:00
785.0,0.18,0.19,0.15,1575.0,2038,0.10596597167968749,call,2026-08-14,SPY,757.6699829101562,2026-08-03T21:31:02.637231+00:00
790.0,0.1,0.11,0.11,6968.0,1661,0.11133701171874999,call,2026-08-14,SPY,757.6699829101562,2026-08-03T21:31:02.637231+00:00
795.0,0.07,0.08,0.07,139.0,616,0.12012598632812499,call,2026-08-14,SPY,757.6699829101562,2026-08-03T21:31:02.637231+00:00
800.0,0.05,0.06,0.05,734.0,2149,0.12842668457031248,call,2026-08-14,SPY,757.6699829101562,2026-08-03T21:31:02.637231+00:00
805.0,0.04,0.05,0.04,14.0,311,0.1381922119140625,call,2026-08-14,SPY,757.6699829101562,2026-08-03T21:31:02.637231+00:00
810.0,0.03,0.04,0.04,11.0,135,0.14649291015625,call,2026-08-14,SPY,757.6699829101562,2026-08-03T21:31:02.637231+00:00
815.0,0.03,0.04,0.03,20.0,123,0.15821154296875,call,2026-08-14,SPY,757.6699829101562,2026-08-03T21:31:02.637231+00:00
820.0,0.02,0.03,0.02,1.0,217,0.165047412109375,call,2026-08-14,SPY,757.6699829101562,2026-08-03T21:31:02.637231+00:00
825.0,0.02,0.03,0.02,1.0,89,0.1757894921875,call,2026-08-14,SPY,757.6699829101562,2026-08-03T21:31:02.637231+00:00
830.0,0.02,0.03,0.03,12.0,515,0.187508125,call,2026-08-14,SPY,757.6699829101562,2026-08-03T21:31:02.637231+00:00
835.0,0.01,0.02,0.01,3.0,720,0.1914143359375,call,2026-08-14,SPY,757.6699829101562,2026-08-03T21:31:02.637231+00:00
840.0,0.01,0.02,0.02,1.0,664,0.20117986328124998,call,2026-08-14,SPY,757.6699829101562,2026-08-03T21:31:02.637231+00:00
845.0,0.01,0.02,0.02,100.0,613,0.21094539062499998,call,2026-08-14,SPY,757.6699829101562,2026-08-03T21:31:02.637231+00:00
850.0,0.01,0.02,0.01,713.0,879,0.22266402343749997,call,2026-08-14,SPY,757.6699829101562,2026-08-03T21:31:02.637231+00:00
855.0,0.01,0.02,0.01,1008.0,702,0.23242955078125,call,2026-08-14,SPY,757.6699829101562,2026-08-03T21:31:02.637231+00:00
860.0,0.01,0.02,0.01,325.0,581,0.242195078125,call,2026-08-14,SPY,757.6699829101562,2026-08-03T21:31:02.637231+00:00
865.0,0.01,0.02,0.01,640.0,2089,0.25196060546875,call,2026-08-14,SPY,757.6699829101562,2026-08-03T21:31:02.637231+00:00
870.0,0.01,0.02,0.01,24.0,999,0.2617261328125,call,2026-08-14,SPY,757.6699829101562,2026-08-03T21:31:02.637231+00:00
875.0,0.01,0.02,0.01,288.0,3035,0.27149166015625,call,2026-08-14,SPY,757.6699829101562,2026-08-03T21:31:02.637231+00:00
880.0,0.01,0.02,0.01,2607.0,2169,0.28125718749999995,call,2026-08-14,SPY,757.6699829101562,2026-08-03T21:31:02.637231+00:00
885.0,0.01,0.02,0.02,7.0,1682,0.2910227148437499,call,2026-08-14,SPY,757.6699829101562,2026-08-03T21:31:02.637231+00:00
890.0,0.0,0.02,0.01,143.0,427,0.3007882421875,call,2026-08-14,SPY,757.6699829101562,2026-08-03T21:31:02.637231+00:00
895.0,0.0,0.01,0.01,20.0,51,0.2929758203124999,call,2026-08-14,SPY,757.6699829101562,2026-08-03T21:31:02.637231+00:00
900.0,0.0,0.01,0.01,2000.0,5000,0.3007882421875,call,2026-08-14,SPY,757.6699829101562,2026-08-03T21:31:02.637231+00:00
500.0,0.0,0.01,0.01,66.0,3248,0.6562534375000001,put,2026-08-14,SPY,757.6699829101562,2026-08-03T21:31:02.637231+00:00
505.0,0.01,0.02,0.01,25.0,1010,0.70312796875,put,2026-08-14,SPY,757.6699829101562,2026-08-03T21:31:02.637231+00:00
510.0,0.01,0.02,0.04,370.0,352,0.6875031250000001,put,2026-08-14,SPY,757.6699829101562,2026-08-03T21:31:02.637231+00:00
515.0,0.01,0.02,0.02,500.0,107,0.6718782812500002,put,2026-08-14,SPY,757.6699829101562,2026-08-03T21:31:02.637231+00:00
520.0,0.01,0.02,0.02,100.0,66,0.6562534375000001,put,2026-08-14,SPY,757.6699829101562,2026-08-03T21:31:02.637231+00:00
525.0,0.01,0.02,0.02,1.0,319,0.64062859375,put,2026-08-14,SPY,757.6699829101562,2026-08-03T21:31:02.637231+00:00
530.0,0.01,0.02,0.02,1.0,10,0.6250037500000001,put,2026-08-14,SPY,757.6699829101562,2026-08-03T21:31:02.637231+00:00
535.0,0.01,0.02,0.03,26.0,515,0.6093789062500001,put,2026-08-14,SPY,757.6699829101562,2026-08-03T21:31:02.637231+00:00
540.0,0.01,0.02,0.03,533.0,508,0.5937540625000001,put,2026-08-14,SPY,757.6699829101562,2026-08-03T21:31:02.637231+00:00
545.0,0.01,0.02,0.02,199.0,101,0.57812921875,put,2026-08-14,SPY,757.6699829101562,2026-08-03T21:31:02.637231+00:00
550.0,0.01,0.02,0.02,70.0,113,0.5625043750000001,put,2026-08-14,SPY,757.6699829101562,2026-08-03T21:31:02.637231+00:00
555.0,0.01,0.02,0.01,9.0,148,0.5468795312500001,put,2026-08-14,SPY,757.6699829101562,2026-08-03T21:31:02.637231+00:00
560.0,0.01,0.02,0.03,130.0,398,0.5312546875,put,2026-08-14,SPY,757.6699829101562,2026-08-03T21:31:02.637231+00:00
565.0,0.02,0.03,0.03,15.0,388,0.5390671093750001,put,2026-08-14,SPY,757.6699829101562,2026-08-03T21:31:02.637231+00:00
570.0,0.02,0.03,0.07,16.0,107,0.52539537109375,put,2026-08-14,SPY,757.6699829101562,2026-08-03T21:31:02.637231+00:00
575.0,0.02,0.03,0.02,30.0,398,0.5117236328125,put,2026-08-14,SPY,757.6699829101562,2026-08-03T21:31:02.637231+00:00
580.0,0.02,0.03,0.02,13.0,125,0.5039112109375,put,2026-08-14,SPY,757.6699829101562,2026-08-03T21:31:02.637231+00:00
585.0,0.02,0.03,0.03,1.0,531,0.48828636718750007,put,2026-08-14,SPY,757.6699829101562,2026-08-03T21:31:02.637231+00:00
590.0,0.02,0.03,0.03,1373.0,355,0.4726615234375,put,2026-08-14,SPY,757.6699829101562,2026-08-03T21:31:02.637231+00:00
595.0,0.02,0.03,0.03,11.0,1211,0.45898978515625005,put,2026-08-14,SPY,757.6699829101562,2026-08-03T21:31:02.637231+00:00
600.0,0.03,0.04,0.04,312.0,1527,0.45703667968750006,put,2026-08-14,SPY,757.6699829101562,2026-08-03T21:31:02.637231+00:00
605.0,0.03,0.04,0.03,31.0,1737,0.4414118359375,put,2026-08-14,SPY,757.6699829101562,2026-08-03T21:31:02.637231+00:00
610.0,0.03,0.04,0.04,241.0,729,0.42774009765625004,put,2026-08-14,SPY,757.6699829101562,2026-08-03T21:31:02.637231+00:00
615.0,0.03,0.04,0.04,417.0,971,0.41211525390625,put,2026-08-14,SPY,757.6699829101562,2026-08-03T21:31:02.637231+00:00
620.0,0.03,0.04,0.04,337.0,562,0.398443515625,put,2026-08-14,SPY,757.6699829101562,2026-08-03T21:31:02.637231+00:00
625.0,0.04,0.05,0.05,162.0,440,0.39160764648437496,put,2026-08-14,SPY,757.6699829101562,2026-08-03T21:31:02.637231+00:00
630.0,0.04,0.05,0.05,1681.0,316,0.37695935546875,put,2026-08-14,SPY,757.6699829101562,2026-08-03T21:31:02.637231+00:00
635.0,0.05,0.06,0.05,1966.0,523,0.36914693359375,put,2026-08-14,SPY,757.6699829101562,2026-08-03T21:31:02.637231+00:00
640.0,0.05,0.06,0.05,14.0,533,0.3544986425781249,put,2026-08-14,SPY,757.6699829101562,2026-08-03T21:31:02.637231+00:00
645.0,0.05,0.06,0.05,12.0,2658,0.3398503515625,put,2026-08-14,SPY,757.6699829101562,2026-08-03T21:31:02.637231+00:00
650.0,0.06,0.07,0.06,58.0,1513,0.33008482421874996,put,2026-08-14,SPY,757.6699829101562,2026-08-03T21:31:02.637231+00:00
655.0,0.06,0.07,0.06,81.0,590,0.3154365332031249,put,2026-08-14,SPY,757.6699829101562,2026-08-03T21:31:02.637231+00:00
660.0,0.07,0.08,0.07,717.0,3161,0.305671005859375,put,2026-08-14,SPY,757.6699829101562,2026-08-03T21:31:02.637231+00:00
665.0,0.08,0.09,0.08,59.0,1468,0.29395237304687494,put,2026-08-14,SPY,757.6699829101562,2026-08-03T21:31:02.637231+00:00
670.0,0.09,0.1,0.09,684.0,2407,0.2827220166015625,put,2026-08-14,SPY,757.6699829101562,2026-08-03T21:31:02.637231+00:00
675.0,0.1,0.11,0.1,402.0,1759,0.2710033837890625,put,2026-08-14,SPY,757.6699829101562,2026-08-03T21:31:02.637231+00:00
680.0,0.11,0.12,0.11,220.0,3150,0.25830819824218754,put,2026-08-14,SPY,757.6699829101562,2026-08-03T21:31:02.637231+00:00
685.0,0.13,0.14,0.12,170.0,2562,0.24805439453125,put,2026-08-14,SPY,757.6699829101562,2026-08-03T21:31:02.637231+00:00
690.0,0.14,0.15,0.14,2258.0,6694,0.23438265625,put,2026-08-14,SPY,757.6699829101562,2026-08-03T21:31:02.637231+00:00
691.0,0.15,0.16,0.15,6.0,1082,0.233406103515625,put,2026-08-14,SPY,757.6699829101562,2026-08-03T21:31:02.637231+00:00
692.0,0.15,0.16,0.17,18.0,716,0.23023230712890624,put,2026-08-14,SPY,757.6699829101562,2026-08-03T21:31:02.637231+00:00
693.0,0.16,0.17,0.17,14.0,2477,0.22901161621093752,put,2026-08-14,SPY,757.6699829101562,2026-08-03T21:31:02.637231+00:00
694.0,0.16,0.17,0.15,9.0,584,0.22583781982421874,put,2026-08-14,SPY,757.6699829101562,2026-08-03T21:31:02.637231+00:00
695.0,0.17,0.18,0.16,208.0,2606,0.22461712890624996,put,2026-08-14,SPY,757.6699829101562,2026-08-03T21:31:02.637231+00:00
696.0,0.17,0.18,0.17,362.0,761,0.2211991943359375,put,2026-08-14,SPY,757.6699829101562,2026-08-03T21:31:02.637231+00:00
697.0,0.18,0.19,0.17,87.0,1267,0.21973436523437498,put,2026-08-14,SPY,757.6699829101562,2026-08-03T21:31:02.637231+00:00
698.0,0.19,0.2,0.17,4044.0,5241,0.21826953613281247,put,2026-08-14,SPY,757.6699829101562,2026-08-03T21:31:02.637231+00:00
699.0,0.19,0.2,0.19,76.0,934,0.2148516015625,put,2026-08-14,SPY,757.6699829101562,2026-08-03T21:31:02.637231+00:00
700.0,0.2,0.21,0.22,3246.0,6704,0.21314263427734376,put,2026-08-14,SPY,757.6699829101562,2026-08-03T21:31:02.637231+00:00
701.0,0.21,0.22,0.19,41.0,767,0.21143366699218746,put,2026-08-14,SPY,757.6699829101562,2026-08-03T21:31:02.637231+00:00
702.0,0.21,0.22,0.2,127.0,945,0.20801573242187496,put,2026-08-14,SPY,757.6699829101562,2026-08-03T21:31:02.637231+00:00
703.0,0.22,0.23,0.22,21.0,406,0.2063067651367187,put,2026-08-14,SPY,757.6699829101562,2026-08-03T21:31:02.637231+00:00
704.0,0.23,0.24,0.25,35.0,772,0.2043536596679687,put,2026-08-14,SPY,757.6699829101562,2026-08-03T21:31:02.637231+00:00
705.0,0.24,0.25,0.25,1187.0,2373,0.20215641601562498,put,2026-08-14,SPY,757.6699829101562,2026-08-03T21:31:02.637231+00:00
706.0,0.25,0.26,0.27,135.0,665,0.20020331054687499,put,2026-08-14,SPY,757.6699829101562,2026-08-03T21:31:02.637231+00:00
707.0,0.26,0.27,0.28,247.0,452,0.19800606689453126,put,2026-08-14,SPY,757.6699829101562,2026-08-03T21:31:02.637231+00:00
708.0,0.27,0.28,0.27,47.0,808,0.1958088232421875,put,2026-08-14,SPY,757.6699829101562,2026-08-03T21:31:02.637231+00:00
709.0,0.29,0.3,0.29,327.0,869,0.19458813232421873,put,2026-08-14,SPY,757.6699829101562,2026-08-03T21:31:02.637231+00:00
710.0,0.3,0.31,0.31,1848.0,4269,0.19226881958007813,put,2026-08-14,SPY,757.6699829101562,2026-08-03T21:31:02.637231+00:00
711.0,0.31,0.32,0.32,404.0,1169,0.18982743774414065,put,2026-08-14,SPY,757.6699829101562,2026-08-03T21:31:02.637231+00:00
712.0,0.33,0.34,0.34,275.0,663,0.18836260864257812,put,2026-08-14,SPY,757.6699829101562,2026-08-03T21:31:02.637231+00:00
713.0,0.34,0.35,0.37,183.0,1561,0.18579915771484373,put,2026-08-14,SPY,757.6699829101562,2026-08-03T21:31:02.637231+00:00
714.0,0.36,0.37,0.34,350.0,4106,0.1840901904296875,put,2026-08-14,SPY,757.6699829101562,2026-08-03T21:31:02.637231+00:00
715.0,0.38,0.39,0.39,1183.0,2598,0.18238122314453126,put,2026-08-14,SPY,757.6699829101562,2026-08-03T21:31:02.637231+00:00
716.0,0.39,0.41,0.41,892.0,943,0.18042811767578126,put,2026-08-14,SPY,757.6699829101562,2026-08-03T21:31:02.637231+00:00
717.0,0.41,0.43,0.42,307.0,722,0.17847501220703127,put,2026-08-14,SPY,757.6699829101562,2026-08-03T21:31:02.637231+00:00
718.0,0.44,0.45,0.45,772.0,1249,0.17627776855468752,put,2026-08-14,SPY,757.6699829101562,2026-08-03T21:31:02.637231+00:00
719.0,0.46,0.47,0.45,55.0,921,0.17408052490234377,put,2026-08-14,SPY,757.6699829101562,2026-08-03T21:31:02.637231+00:00
720.0,0.48,0.5,0.5,8076.0,10863,0.1724936267089844,put,2026-08-14,SPY,757.6699829101562,2026-08-03T21:31:02.637231+00:00
721.0,0.51,0.52,0.49,202.0,973,0.17017431396484378,put,2026-08-14,SPY,757.6699829101562,2026-08-03T21:31:02.637231+00:00
722.0,0.54,0.55,0.55,246.0,989,0.16834327758789067,put,2026-08-14,SPY,757.6699829101562,2026-08-03T21:31:02.637231+00:00
723.0,0.57,0.58,0.58,389.0,7592,0.16639017211914067,put,2026-08-14,SPY,757.6699829101562,2026-08-03T21:31:02.637231+00:00
724.0,0.6,0.61,0.63,292.0,4681,0.16431499755859375,put,2026-08-14,SPY,757.6699829101562,2026-08-03T21:31:02.637231+00:00
725.0,0.63,0.65,0.64,1298.0,2889,0.16272809936523439,put,2026-08-14,SPY,757.6699829101562,2026-08-03T21:31:02.637231+00:00
726.0,0.67,0.69,0.7,645.0,1038,0.16101913208007812,put,2026-08-14,SPY,757.6699829101562,2026-08-03T21:31:02.637231+00:00
727.0,0.71,0.72,0.75,515.0,1129,0.15857775024414064,put,2026-08-14,SPY,757.6699829101562,2026-08-03T21:31:02.637231+00:00
728.0,0.75,0.77,0.78,216.0,1402,0.15699085205078128,put,2026-08-14,SPY,757.6699829101562,2026-08-03T21:31:02.637231+00:00
729.0,0.8,0.81,0.83,305.0,1819,0.15485464294433599,put,2026-08-14,SPY,757.6699829101562,2026-08-03T21:31:02.637231+00:00
730.0,0.84,0.86,0.86,3308.0,5009,0.15296257202148442,put,2026-08-14,SPY,757.6699829101562,2026-08-03T21:31:02.637231+00:00
731.0,0.9,0.92,0.88,350.0,721,0.15143670837402345,put,2026-08-14,SPY,757.6699829101562,2026-08-03T21:31:02.637231+00:00
732.0,0.95,0.97,0.96,4163.0,862,0.1492394647216797,put,2026-08-14,SPY,757.6699829101562,2026-08-03T21:31:02.637231+00:00
733.0,1.01,1.04,1.02,326.0,6533,0.14771360107421877,put,2026-08-14,SPY,757.6699829101562,2026-08-03T21:31:02.637231+00:00
734.0,1.07,1.1,1.1,1078.0,980,0.14563842651367187,put,2026-08-14,SPY,757.6699829101562,2026-08-03T21:31:02.637231+00:00
735.0,1.14,1.17,1.18,1788.0,2543,0.1437463555908203,put,2026-08-14,SPY,757.6699829101562,2026-08-03T21:31:02.637231+00:00
736.0,1.22,1.25,1.17,781.0,1525,0.1419763537597656,put,2026-08-14,SPY,757.6699829101562,2026-08-03T21:31:02.637231+00:00
737.0,1.3,1.33,1.33,1064.0,1644,0.14008428283691404,put,2026-08-14,SPY,757.6699829101562,2026-08-03T21:31:02.637231+00:00
738.0,1.38,1.41,1.43,977.0,1715,0.13794807373046875,put,2026-08-14,SPY,757.6699829101562,2026-08-03T21:31:02.637231+00:00
739.0,1.49,1.51,1.55,368.0,865,0.1362391064453125,put,2026-08-14,SPY,757.6699829101562,2026-08-03T21:31:02.637231+00:00
740.0,1.58,1.61,1.59,3830.0,9251,0.13428600097656251,put,2026-08-14,SPY,757.6699829101562,2026-08-03T21:31:02.637231+00:00
741.0,1.68,1.72,1.72,204.0,1671,0.13239393005371097,put,2026-08-14,SPY,757.6699829101562,2026-08-03T21:31:02.637231+00:00
742.0,1.8,1.83,1.82,5191.0,1774,0.13031875549316402,put,2026-08-14,SPY,757.6699829101562,2026-08-03T21:31:02.637231+00:00
743.0,1.92,1.96,2.0,378.0,882,0.12848771911621093,put,2026-08-14,SPY,757.6699829101562,2026-08-03T21:31:02.637231+00:00
744.0,2.05,2.1,2.06,3154.0,1300,0.12671771728515624,put,2026-08-14,SPY,757.6699829101562,2026-08-03T21:31:02.637231+00:00
745.0,2.2,2.24,2.21,2739.0,2155,0.12461202545166015,put,2026-08-14,SPY,757.6699829101562,2026-08-03T21:31:02.637231+00:00
746.0,2.36,2.4,2.28,463.0,1918,0.12275047180175781,put,2026-08-14,SPY,757.6699829101562,2026-08-03T21:31:02.637231+00:00
747.0,2.53,2.57,2.57,775.0,2129,0.12079736633300782,put,2026-08-14,SPY,757.6699829101562,2026-08-03T21:31:02.637231+00:00
748.0,2.71,2.75,2.73,821.0,1133,0.11878322631835936,put,2026-08-14,SPY,757.6699829101562,2026-08-03T21:31:02.637231+00:00
749.0,2.91,2.95,3.04,3255.0,532,0.1168911553955078,put,2026-08-14,SPY,757.6699829101562,2026-08-03T21:31:02.637231+00:00
750.0,3.12,3.17,3.17,11105.0,3036,0.11506011901855469,put,2026-08-14,SPY,757.6699829101562,2026-08-03T21:31:02.637231+00:00
751.0,3.34,3.43,3.37,3990.0,642,0.11368684173583984,put,2026-08-14,SPY,757.6699829101562,2026-08-03T21:31:02.637231+00:00
752.0,3.6,3.68,3.67,3840.0,823,0.11173373626708984,put,2026-08-14,SPY,757.6699829101562,2026-08-03T21:31:02.637231+00:00
753.0,3.87,3.96,3.98,3173.0,800,0.10999425170898436,put,2026-08-14,SPY,757.6699829101562,2026-08-03T21:31:02.637231+00:00
754.0,4.16,4.25,4.22,2209.0,1659,0.10801062896728515,put,2026-08-14,SPY,757.6699829101562,2026-08-03T21:31:02.637231+00:00
755.0,4.5,4.57,4.5,5512.0,1606,0.10617959259033202,put,2026-08-14,SPY,757.6699829101562,2026-08-03T21:31:02.637231+00:00
756.0,4.82,4.92,4.9,1343.0,846,0.10444010803222654,put,2026-08-14,SPY,757.6699829101562,2026-08-03T21:31:02.637231+00:00
757.0,5.22,5.29,5.29,1536.0,604,0.10257855438232422,put,2026-08-14,SPY,757.6699829101562,2026-08-03T21:31:02.637231+00:00
758.0,5.59,5.69,5.55,1275.0,101,0.10077803527832031,put,2026-08-14,SPY,757.6699829101562,2026-08-03T21:31:02.637231+00:00
759.0,6.02,6.12,6.1,254.0,188,0.09900803344726564,put,2026-08-14,SPY,757.6699829101562,2026-08-03T21:31:02.637231+00:00
760.0,6.47,6.58,6.55,1798.0,825,0.09720751434326172,put,2026-08-14,SPY,757.6699829101562,2026-08-03T21:31:02.637231+00:00
761.0,6.86,7.22,7.24,122.0,54,0.09821458435058594,put,2026-08-14,SPY,757.6699829101562,2026-08-03T21:31:02.637231+00:00
762.0,7.36,7.72,7.32,23.0,26,0.095986823425293,put,2026-08-14,SPY,757.6699829101562,2026-08-03T21:31:02.637231+00:00
763.0,7.89,8.29,8.35,25.0,21,0.09449147705078126,put,2026-08-14,SPY,757.6699829101562,2026-08-03T21:31:02.637231+00:00
764.0,8.47,8.88,8.59,50.0,11,0.09275199249267577,put,2026-08-14,SPY,757.6699829101562,2026-08-03T21:31:02.637231+00:00
765.0,9.14,9.45,9.42,3434.0,228,0.08982233428955078,put,2026-08-14,SPY,757.6699829101562,2026-08-03T21:31:02.637231+00:00
766.0,9.73,10.18,10.48,778.0,0,0.08960871337890625,put,2026-08-14,SPY,757.6699829101562,2026-08-03T21:31:02.637231+00:00
767.0,10.4,10.88,12.08,2.0,14,0.08808284973144533,put,2026-08-14,SPY,757.6699829101562,2026-08-03T21:31:02.637231+00:00
768.0,11.22,11.61,11.82,152.0,10,0.08643491699218751,put,2026-08-14,SPY,757.6699829101562,2026-08-03T21:31:02.637231+00:00
769.0,11.85,12.37,12.1,34.0,0,0.08472594970703126,put,2026-08-14,SPY,757.6699829101562,2026-08-03T21:31:02.637231+00:00
770.0,12.62,13.18,12.71,592.0,2,0.08362732788085939,put,2026-08-14,SPY,757.6699829101562,2026-08-03T21:31:02.637231+00:00
771.0,13.4,14.02,15.06,6.0,0,0.08265077514648439,put,2026-08-14,SPY,757.6699829101562,2026-08-03T21:31:02.637231+00:00
772.0,14.25,14.84,14.83,65.0,2,0.07996525512695313,put,2026-08-14,SPY,757.6699829101562,2026-08-03T21:31:02.637231+00:00
773.0,14.28,15.71,15.7,8.0,0,0.07801214965820313,put,2026-08-14,SPY,757.6699829101562,2026-08-03T21:31:02.637231+00:00
774.0,15.92,16.59,16.42,128.0,0,0.07508249145507814,put,2026-08-14,SPY,757.6699829101562,2026-08-03T21:31:02.637231+00:00
775.0,16.02,19.09,17.32,503.0,11,0.13385875915527345,put,2026-08-14,SPY,757.6699829101562,2026-08-03T21:31:02.637231+00:00
776.0,16.95,20.01,19.76,2.0,0,0.13636117553710939,put,2026-08-14,SPY,757.6699829101562,2026-08-03T21:31:02.637231+00:00
777.0,17.89,20.95,20.75,2.0,0,0.1392908337402344,put,2026-08-14,SPY,757.6699829101562,2026-08-03T21:31:02.637231+00:00
778.0,18.84,21.91,28.59,1.0,0,0.14270876831054688,put,2026-08-14,SPY,757.6699829101562,2026-08-03T21:31:02.637231+00:00
779.0,19.81,22.87,27.07,2.0,0,0.14600463378906248,put,2026-08-14,SPY,757.6699829101562,2026-08-03T21:31:02.637231+00:00
780.0,20.78,23.84,27.0,1.0,0,0.14948360290527346,put,2026-08-14,SPY,757.6699829101562,2026-08-03T21:31:02.637231+00:00
781.0,21.76,24.82,26.64,2.0,0,0.1532677447509766,put,2026-08-14,SPY,757.6699829101562,2026-08-03T21:31:02.637231+00:00
782.0,22.3,25.81,33.28,,0,0.15729602478027344,put,2026-08-14,SPY,757.6699829101562,2026-08-03T21:31:02.637231+00:00
783.0,23.29,26.79,31.63,2.0,0,0.1609580975341797,put,2026-08-14,SPY,757.6699829101562,2026-08-03T21:31:02.637231+00:00
784.0,24.28,27.79,35.21,,0,0.16523051574707032,put,2026-08-14,SPY,757.6699829101562,2026-08-03T21:31:02.637231+00:00
785.0,25.28,28.78,38.88,2.0,0,0.16913672668457033,put,2026-08-14,SPY,757.6699829101562,2026-08-03T21:31:02.637231+00:00
790.0,30.27,33.78,47.0,2.0,0,0.18982743774414065,put,2026-08-14,SPY,757.6699829101562,2026-08-03T21:31:02.637231+00:00
795.0,35.27,38.78,43.84,1.0,0,0.20990780334472653,put,2026-08-14,SPY,757.6699829101562,2026-08-03T21:31:02.637231+00:00
800.0,40.27,43.78,49.9,1.0,0,0.22937782348632813,put,2026-08-14,SPY,757.6699829101562,2026-08-03T21:31:02.637231+00:00
805.0,45.27,48.78,51.5,1.0,0,0.24842060180664063,put,2026-08-14,SPY,757.6699829101562,2026-08-03T21:31:02.637231+00:00
890.0,130.27,133.78,159.13,,0,0.5245408874511719,put,2026-08-14,SPY,757.6699829101562,2026-08-03T21:31:02.637231+00:00
895.0,135.27,138.78,164.11,2.0,0,0.5388229711914063,put,2026-08-14,SPY,757.6699829101562,2026-08-03T21:31:02.637231+00:00
900.0,140.27,143.78,161.08,1.0,0,0.5531050549316407,put,2026-08-14,SPY,757.6699829101562,2026-08-03T21:31:02.637231+00:00
420.0,337.41,340.92,319.06,4.0,4,1.0571336206054687,call,2026-08-31,SPY,757.6699829101562,2026-08-03T21:31:02.637231+00:00
425.0,332.42,335.93,313.9,2.0,5,1.0393114440917972,call,2026-08-31,SPY,757.6699829101562,2026-08-03T21:31:02.637231+00:00
435.0,304.51,307.77,318.41,,3,1.0000000000000003e-05,call,2026-08-31,SPY,757.6699829101562,2026-08-03T21:31:02.637231+00:00
440.0,315.62,318.44,299.95,2.0,3,0.8889171264648437,call,2026-08-31,SPY,757.6699829101562,2026-08-03T21:31:02.637231+00:00
460.0,0.0,0.0,296.57,,0,1.0000000000000003e-05,call,2026-08-31,SPY,757.6699829101562,2026-08-03T21:31:02.637231+00:00
480.0,277.62,281.13,274.19,4.0,3,0.8619398571777344,call,2026-08-31,SPY,757.6699829101562,2026-08-03T21:31:02.637231+00:00
485.0,272.64,276.15,251.97,1.0,11,0.8466812207031249,call,2026-08-31,SPY,757.6699829101562,2026-08-03T21:31:02.637231+00:00
495.0,0.0,0.0,260.2,1.0,0,1.0000000000000003e-05,call,2026-08-31,SPY,757.6699829101562,2026-08-03T21:31:02.637231+00:00
500.0,257.82,261.14,247.01,4000.0,4001,0.8031025549316406,call,2026-08-31,SPY,757.6699829101562,2026-08-03T21:31:02.637231+00:00
505.0,252.72,256.22,255.01,1.0,0,0.7856466748046875,call,2026-08-31,SPY,757.6699829101562,2026-08-03T21:31:02.637231+00:00
510.0,247.74,251.24,239.43,,1,0.7707542456054688,call,2026-08-31,SPY,757.6699829101562,2026-08-03T21:31:02.637231+00:00
515.0,242.76,246.26,241.26,1.0,5,0.755983885498047,call,2026-08-31,SPY,757.6699829101562,2026-08-03T21:31:02.637231+00:00
520.0,0.0,0.0,235.8,4.0,0,1.0000000000000003e-05,call,2026-08-31,SPY,757.6699829101562,2026-08-03T21:31:02.637231+00:00
525.0,232.8,236.31,230.2,3.0,3,0.7268093725585938,call,2026-08-31,SPY,757.6699829101562,2026-08-03T21:31:02.637231+00:00
530.0,212.12,215.49,189.1,,0,1.0000000000000003e-05,call,2026-08-31,SPY,757.6699829101562,2026-08-03T21:31:02.637231+00:00
535.0,222.84,226.35,215.15,1.0,41,0.6976348596191408,call,2026-08-31,SPY,757.6699829101562,2026-08-03T21:31:02.637231+00:00
540.0,217.86,221.37,200.22,1.0,19,0.6831086376953126,call,2026-08-31,SPY,757.6699829101562,2026-08-03T21:31:02.637231+00:00
545.0,0.0,0.0,205.02,10.0,0,1.0000000000000003e-05,call,2026-08-31,SPY,757.6699829101562,2026-08-03T21:31:02.637231+00:00
550.0,208.03,211.35,197.63,1.0,1197,0.6563755065917969,call,2026-08-31,SPY,757.6699829101562,2026-08-03T21:31:02.637231+00:00
555.0,203.05,206.37,195.4,1.0,838,0.6419713537597658,call,2026-08-31,SPY,757.6699829101562,2026-08-03T21:31:02.637231+00:00
560.0,198.07,201.4,179.7,1.0,1728,0.6279334082031252,call,2026-08-31,SPY,757.6699829101562,2026-08-03T21:31:02.637231+00:00
565.0,193.1,196.42,194.59,1.0,1352,0.6138954626464845,call,2026-08-31,SPY,757.6699829101562,2026-08-03T21:31:02.637231+00:00
570.0,188.12,191.44,172.34,1286.0,1292,0.5996133789062501,call,2026-08-31,SPY,757.6699829101562,2026-08-03T21:31:02.637231+00:00
575.0,183.03,186.54,179.45,1.0,77,0.5844768115234374,call,2026-08-31,SPY,757.6699829101562,2026-08-03T21:31:02.637231+00:00
580.0,178.18,181.5,162.28,184.0,375,0.5722088677978516,call,2026-08-31,SPY,757.6699829101562,2026-08-03T21:31:02.637231+00:00
585.0,173.2,176.52,158.17,1.0,334,0.5579878186035157,call,2026-08-31,SPY,757.6699829101562,2026-08-03T21:31:02.637231+00:00
590.0,166.96,169.47,150.5,2.0,1133,0.5219774365234374,call,2026-08-31,SPY,757.6699829101562,2026-08-03T21:31:02.637231+00:00
595.0,163.26,166.58,147.57,275.0,2245,0.5307664111328125,call,2026-08-31,SPY,757.6699829101562,2026-08-03T21:31:02.637231+00:00
600.0,158.29,161.61,133.5,1.0,2087,0.5170946728515625,call,2026-08-31,SPY,757.6699829101562,2026-08-03T21:31:02.637231+00:00
605.0,153.32,156.64,149.93,1.0,364,0.5034229345703125,call,2026-08-31,SPY,757.6699829101562,2026-08-03T21:31:02.637231+00:00
610.0,148.35,151.67,148.75,4.0,438,0.5543257458496094,call,2026-08-31,SPY,757.6699829101562,2026-08-03T21:31:02.637231+00:00
615.0,143.27,146.77,117.57,1.0,13,0.5413864221191409,call,2026-08-31,SPY,757.6699829101562,2026-08-03T21:31:02.637231+00:00
616.0,125.26,128.55,136.25,,1,1.0000000000000003e-05,call,2026-08-31,SPY,757.6699829101562,2026-08-03T21:31:02.637231+00:00
618.0,140.29,143.79,122.37,4.0,8,0.532231240234375,call,2026-08-31,SPY,757.6699829101562,2026-08-03T21:31:02.637231+00:00
619.0,127.47,130.94,86.44,1.0,1,1.0000000000000003e-05,call,2026-08-31,SPY,757.6699829101562,2026-08-03T21:31:02.637231+00:00
620.0,138.3,141.81,136.15,1.0,7,0.5263108892822266,call,2026-08-31,SPY,757.6699829101562,2026-08-03T21:31:02.637231+00:00
621.0,137.31,140.81,132.72,1.0,0,0.5230760583496092,call,2026-08-31,SPY,757.6699829101562,2026-08-03T21:31:02.637231+00:00
622.0,124.68,128.15,75.2,1.0,2,1.0000000000000003e-05,call,2026-08-31,SPY,757.6699829101562,2026-08-03T21:31:02.637231+00:00
623.0,134.36,137.16,124.67,,0,0.4572808178710938,call,2026-08-31,SPY,757.6699829101562,2026-08-03T21:31:02.637231+00:00
624.0,134.33,137.83,133.2,1.0,1,0.5139208764648437,call,2026-08-31,SPY,757.6699829101562,2026-08-03T21:31:02.637231+00:00
625.0,133.34,136.84,131.8,4.0,30,0.5109912182617188,call,2026-08-31,SPY,757.6699829101562,2026-08-03T21:31:02.637231+00:00
626.0,132.35,135.85,131.6,8.0,19,0.5080005255126954,call,2026-08-31,SPY,757.6699829101562,2026-08-03T21:31:02.637231+00:00
627.0,130.43,133.23,117.58,,1,0.44812563598632804,call,2026-08-31,SPY,757.6699829101562,2026-08-03T21:31:02.637231+00:00
628.0,117.35,120.86,98.91,2.0,2,1.0000000000000003e-05,call,2026-08-31,SPY,757.6699829101562,2026-08-03T21:31:02.637231+00:00
629.0,129.37,132.87,114.4,1.0,6,0.49884534362792965,call,2026-08-31,SPY,757.6699829101562,2026-08-03T21:31:02.637231+00:00
630.0,128.38,131.88,128.17,1.0,7,0.4959156854248047,call,2026-08-31,SPY,757.6699829101562,2026-08-03T21:31:02.637231+00:00
632.0,126.4,129.9,106.51,1.0,8,0.4899953344726563,call,2026-08-31,SPY,757.6699829101562,2026-08-03T21:31:02.637231+00:00
633.0,112.65,116.16,103.99,1.0,11,1.0000000000000003e-05,call,2026-08-31,SPY,757.6699829101562,2026-08-03T21:31:02.637231+00:00
634.0,124.53,127.85,115.82,4.0,130,0.481999808959961,call,2026-08-31,SPY,757.6699829101562,2026-08-03T21:31:02.637231+00:00
635.0,122.58,125.38,117.76,11.0,28,0.42981527221679694,call,2026-08-31,SPY,757.6699829101562,2026-08-03T21:31:02.637231+00:00
636.0,122.43,125.93,104.72,4.0,7,0.4779104943847656,call,2026-08-31,SPY,757.6699829101562,2026-08-03T21:31:02.637231+00:00
637.0,104.74,107.98,117.72,4.0,5,1.0000000000000003e-05,call,2026-08-31,SPY,757.6699829101562,2026-08-03T21:31:02.637231+00:00
638.0,120.45,123.95,111.88,4.0,16,0.47199014343261714,call,2026-08-31,SPY,757.6699829101562,2026-08-03T21:31:02.637231+00:00
639.0,119.46,122.96,102.29,4.0,32,0.4690604852294922,call,2026-08-31,SPY,757.6699829101562,2026-08-03T21:31:02.637231+00:00
640.0,118.58,121.9,101.33,15.0,2631,0.4639946179199219,call,2026-08-31,SPY,757.6699829101562,2026-08-03T21:31:02.637231+00:00
641.0,101.08,104.04,114.03,115.0,1771,1.0000000000000003e-05,call,2026-08-31,SPY,757.6699829101562,2026-08-03T21:31:02.637231+00:00
642.0,116.6,119.92,101.54,50.0,1668,0.458135301513672,call,2026-08-31,SPY,757.6699829101562,2026-08-03T21:31:02.637231+00:00
643.0,99.14,101.91,111.85,119.0,1634,1.0000000000000003e-05,call,2026-08-31,SPY,757.6699829101562,2026-08-03T21:31:02.637231+00:00
644.0,98.17,101.08,110.72,112.0,1343,1.0000000000000003e-05,call,2026-08-31,SPY,757.6699829101562,2026-08-03T21:31:02.637231+00:00
645.0,113.63,116.95,95.9,1.0,1077,0.44922425781249997,call,2026-08-31,SPY,757.6699829101562,2026-08-03T21:31:02.637231+00:00
646.0,112.64,115.96,109.65,1.0,751,0.446294599609375,call,2026-08-31,SPY,757.6699829101562,2026-08-03T21:31:02.637231+00:00
647.0,111.53,115.03,94.64,4.0,17,0.44501287414550783,call,2026-08-31,SPY,757.6699829101562,2026-08-03T21:31:02.637231+00:00
648.0,110.66,113.98,97.86,1.0,1062,0.4403742486572265,call,2026-08-31,SPY,757.6699829101562,2026-08-03T21:31:02.637231+00:00
649.0,109.67,112.99,101.32,4.0,949,0.4373835559082031,call,2026-08-31,SPY,757.6699829101562,2026-08-03T21:31:02.637231+00:00
650.0,108.68,112.0,107.3,1.0,1089,0.4343928631591797,call,2026-08-31,SPY,757.6699829101562,2026-08-03T21:31:02.637231+00:00
651.0,107.69,111.01,108.49,4.0,324,0.4314632049560547,call,2026-08-31,SPY,757.6699829101562,2026-08-03T21:31:02.637231+00:00
652.0,106.7,110.02,100.72,1.0,352,0.42847251220703125,call,2026-08-31,SPY,757.6699829101562,2026-08-03T21:31:02.637231+00:00
653.0,105.71,109.04,90.92,1.0,356,0.4257564749145508,call,2026-08-31,SPY,757.6699829101562,2026-08-03T21:31:02.637231+00:00
654.0,88.3,91.55,101.83,18.0,165,1.0000000000000003e-05,call,2026-08-31,SPY,757.6699829101562,2026-08-03T21:31:02.637231+00:00
655.0,103.74,107.05,87.92,1.0,323,0.41950043395996095,call,2026-08-31,SPY,757.6699829101562,2026-08-03T21:31:02.637231+00:00
656.0,0.0,0.0,112.17,2.0,0,1.0000000000000003e-05,call,2026-08-31,SPY,757.6699829101562,2026-08-03T21:31:02.637231+00:00
657.0,101.64,105.14,82.07,2.0,97,0.4154111193847656,call,2026-08-31,SPY,757.6699829101562,2026-08-03T21:31:02.637231+00:00
658.0,100.65,104.16,85.94,1.0,43,0.4126645648193359,call,2026-08-31,SPY,757.6699829101562,2026-08-03T21:31:02.637231+00:00
659.0,99.67,103.17,87.34,3.0,9,0.4096738720703125,call,2026-08-31,SPY,757.6699829101562,2026-08-03T21:31:02.637231+00:00
660.0,98.8,102.12,84.03,50.0,1036,0.4050962811279296,call,2026-08-31,SPY,757.6699829101562,2026-08-03T21:31:02.637231+00:00
661.0,97.21,100.01,89.64,1.0,59,0.37116107360839845,call,2026-08-31,SPY,757.6699829101562,2026-08-03T21:31:02.637231+00:00
662.0,96.7,100.21,90.91,3.0,8,0.4008848974609375,call,2026-08-31,SPY,757.6699829101562,2026-08-03T21:31:02.637231+00:00
663.0,95.72,99.22,80.11,3.0,26,0.39789420471191406,call,2026-08-31,SPY,757.6699829101562,2026-08-03T21:31:02.637231+00:00
664.0,94.73,98.23,97.13,1.0,59,0.3948424774169922,call,2026-08-31,SPY,757.6699829101562,2026-08-03T21:31:02.637231+00:00
665.0,93.87,97.19,94.02,10.0,115,0.3905700592041016,call,2026-08-31,SPY,757.6699829101562,2026-08-03T21:31:02.637231+00:00
666.0,0.0,0.0,85.96,6.0,0,1.0000000000000003e-05,call,2026-08-31,SPY,757.6699829101562,2026-08-03T21:31:02.637231+00:00
667.0,91.77,95.28,71.21,4.0,16,0.38623660644531244,call,2026-08-31,SPY,757.6699829101562,2026-08-03T21:31:02.637231+00:00
668.0,90.91,94.23,70.27,4.0,216,0.38172005004882803,call,2026-08-31,SPY,757.6699829101562,2026-08-03T21:31:02.637231+00:00
669.0,80.33,81.48,75.74,2.0,117,1.0000000000000003e-05,call,2026-08-31,SPY,757.6699829101562,2026-08-03T21:31:02.637231+00:00
670.0,88.94,92.26,88.87,1.0,2192,0.37592176818847656,call,2026-08-31,SPY,757.6699829101562,2026-08-03T21:31:02.637231+00:00
671.0,87.83,91.34,68.97,1.0,66,0.3745790081787109,call,2026-08-31,SPY,757.6699829101562,2026-08-03T21:31:02.637231+00:00
672.0,76.84,80.35,74.35,3.0,24,1.0000000000000003e-05,call,2026-08-31,SPY,757.6699829101562,2026-08-03T21:31:02.637231+00:00
673.0,0.0,0.0,94.47,1.0,0,1.0000000000000003e-05,call,2026-08-31,SPY,757.6699829101562,2026-08-03T21:31:02.637231+00:00
674.0,84.88,88.39,83.02,16.0,41,0.3658510681152344,call,2026-08-31,SPY,757.6699829101562,2026-08-03T21:31:02.637231+00:00
675.0,84.02,87.34,65.6,4.0,234,0.3613955462646484,call,2026-08-31,SPY,757.6699829101562,2026-08-03T21:31:02.637231+00:00
676.0,82.75,85.55,70.98,1.0,93,0.33875172973632806,call,2026-08-31,SPY,757.6699829101562,2026-08-03T21:31:02.637231+00:00
677.0,82.06,85.38,72.58,1.0,413,0.3557193334960937,call,2026-08-31,SPY,757.6699829101562,2026-08-03T21:31:02.637231+00:00
678.0,81.08,84.4,74.09,1.0,255,0.3528507098388671,call,2026-08-31,SPY,757.6699829101562,2026-08-03T21:31:02.637231+00:00
679.0,80.1,83.42,66.72,1.0,334,0.35001260345458973,call,2026-08-31,SPY,757.6699829101562,2026-08-03T21:31:02.637231+00:00
680.0,79.12,82.44,79.08,1.0,868,0.3471439797973632,call,2026-08-31,SPY,757.6699829101562,2026-08-03T21:31:02.637231+00:00
681.0,78.14,81.44,63.3,1.0,237,0.3438175970458984,call,2026-08-31,SPY,757.6699829101562,2026-08-03T21:31:02.637231+00:00
682.0,77.07,79.61,70.99,6.0,109,0.3210517114257812,call,2026-08-31,SPY,757.6699829101562,2026-08-03T21:31:02.637231+00:00
683.0,76.18,79.49,53.22,4.0,409,0.33829397064208977,call,2026-08-31,SPY,757.6699829101562,2026-08-03T21:31:02.637231+00:00
684.0,75.08,78.59,48.97,1.0,22,0.3371648315429688,call,2026-08-31,SPY,757.6699829101562,2026-08-03T21:31:02.637231+00:00
685.0,74.23,77.55,62.0,1.0,567,0.3329534478759766,call,2026-08-31,SPY,757.6699829101562,2026-08-03T21:31:02.637231+00:00
686.0,73.13,76.63,61.58,1.0,86,0.3313360324096679,call,2026-08-31,SPY,757.6699829101562,2026-08-03T21:31:02.637231+00:00
687.0,72.15,75.66,68.92,1.0,45,0.3286199951171874,call,2026-08-31,SPY,757.6699829101562,2026-08-03T21:31:02.637231+00:00
688.0,71.18,74.68,48.61,4.0,36,0.32569033691406246,call,2026-08-31,SPY,757.6699829101562,2026-08-03T21:31:02.637231+00:00
689.0,70.2,73.71,66.66,1.0,44,0.32294378234863275,call,2026-08-31,SPY,757.6699829101562,2026-08-03T21:31:02.637231+00:00
690.0,70.65,72.66,71.44,94.0,1640,0.3184882604980468,call,2026-08-31,SPY,757.6699829101562,2026-08-03T21:31:02.637231+00:00
691.0,68.26,71.76,53.1,12.0,37,0.31723705230712884,call,2026-08-31,SPY,757.6699829101562,2026-08-03T21:31:02.637231+00:00
692.0,67.41,70.66,69.48,13.0,111,0.3117439431762695,call,2026-08-31,SPY,757.6699829101562,2026-08-03T21:31:02.637231+00:00
693.0,66.44,69.65,63.87,3.0,133,0.3081734222412109,call,2026-08-31,SPY,757.6699829101562,2026-08-03T21:31:02.637231+00:00
694.0,65.47,68.62,68.06,2.0,103,0.304145142211914,call,2026-08-31,SPY,757.6699829101562,2026-08-03T21:31:02.637231+00:00
695.0,65.8,67.74,63.87,82.0,293,0.30322962402343745,call,2026-08-31,SPY,757.6699829101562,2026-08-03T21:31:02.637231+00:00
696.0,63.41,66.92,43.89,1.0,87,0.30344324493408203,call,2026-08-31,SPY,757.6699829101562,2026-08-03T21:31:02.637231+00:00
697.0,62.45,65.95,62.41,3.0,75,0.30060513854980464,call,2026-08-31,SPY,757.6699829101562,2026-08-03T21:31:02.637231+00:00
698.0,61.48,64.99,61.46,100.0,24,0.2979501358032226,call,2026-08-31,SPY,757.6699829101562,2026-08-03T21:31:02.637231+00:00
699.0,60.52,64.02,60.31,105.0,59,0.2950815121459961,call,2026-08-31,SPY,757.6699829101562,2026-08-03T21:31:02.637231+00:00
700.0,59.75,62.93,62.25,218.0,3663,0.2898630584716796,call,2026-08-31,SPY,757.6699829101562,2026-08-03T21:31:02.637231+00:00
701.0,60.03,61.97,45.38,13.0,211,0.28717753845214833,call,2026-08-31,SPY,757.6699829101562,2026-08-03T21:31:02.637231+00:00
702.0,57.63,61.14,47.42,1.0,61,0.2869944348144531,call,2026-08-31,SPY,757.6699829101562,2026-08-03T21:31:02.637231+00:00
703.0,58.1,59.92,42.99,43.0,188,0.27930408203124996,call,2026-08-31,SPY,757.6699829101562,2026-08-03T21:31:02.637231+00:00
704.0,55.72,59.22,57.04,9.0,45,0.2815013256835937,call,2026-08-31,SPY,757.6699829101562,2026-08-03T21:31:02.637231+00:00
705.0,56.19,58.0,56.34,4.0,724,0.27387200744628903,call,2026-08-31,SPY,757.6699829101562,2026-08-03T21:31:02.637231+00:00
706.0,53.81,57.31,53.85,103.0,94,0.2761302856445312,call,2026-08-31,SPY,757.6699829101562,2026-08-03T21:31:02.637231+00:00
707.0,52.86,56.36,52.5,198.0,96,0.2734752828979492,call,2026-08-31,SPY,757.6699829101562,2026-08-03T21:31:02.637231+00:00
708.0,53.34,55.11,53.08,51.0,179,0.26538820556640624,call,2026-08-31,SPY,757.6699829101562,2026-08-03T21:31:02.637231+00:00
709.0,52.4,54.18,34.56,5.0,451,0.2631299273681641,call,2026-08-31,SPY,757.6699829101562,2026-08-03T21:31:02.637231+00:00
710.0,51.44,53.2,49.98,1.0,1044,0.2599256137084961,call,2026-08-31,SPY,757.6699829101562,2026-08-03T21:31:02.637231+00:00
711.0,49.37,52.29,31.59,2.0,522,0.25797250823974616,call,2026-08-31,SPY,757.6699829101562,2026-08-03T21:31:02.637231+00:00
712.0,48.43,51.33,38.49,1.0,236,0.25510388458251965,call,2026-08-31,SPY,757.6699829101562,2026-08-03T21:31:02.637231+00:00
713.0,47.3,50.37,46.01,1.0,166,0.25220474365234374,call,2026-08-31,SPY,757.6699829101562,2026-08-03T21:31:02.637231+00:00
714.0,46.47,49.45,48.39,18.0,1138,0.2500075,call,2026-08-31,SPY,757.6699829101562,2026-08-03T21:31:02.637231+00:00
715.0,46.74,48.48,46.02,1007.0,873,0.2468947381591797,call,2026-08-31,SPY,757.6699829101562,2026-08-03T21:31:02.637231+00:00
716.0,44.54,47.51,46.27,1494.0,654,0.24375145904541018,call,2026-08-31,SPY,757.6699829101562,2026-08-03T21:31:02.637231+00:00
717.0,43.63,46.56,43.82,100.0,180,0.240943869934082,call,2026-08-31,SPY,757.6699829101562,2026-08-03T21:31:02.637231+00:00
718.0,42.52,46.02,30.16,3.0,65,0.24488059814453128,call,2026-08-31,SPY,757.6699829101562,2026-08-03T21:31:02.637231+00:00
719.0,41.6,45.1,29.9,40.0,187,0.24243921630859372,call,2026-08-31,SPY,757.6699829101562,2026-08-03T21:31:02.637231+00:00
720.0,40.99,43.77,42.08,199.0,2241,0.23334506896972657,call,2026-08-31,SPY,757.6699829101562,2026-08-03T21:31:02.637231+00:00
721.0,39.89,43.25,39.89,162.0,115,0.23728179718017578,call,2026-08-31,SPY,757.6699829101562,2026-08-03T21:31:02.637231+00:00
722.0,38.84,42.34,39.97,198.0,43,0.23490144989013673,call,2026-08-31,SPY,757.6699829101562,2026-08-03T21:31:02.637231+00:00
723.0,37.92,41.42,31.18,21.0,60,0.23230748168945312,call,2026-08-31,SPY,757.6699829101562,2026-08-03T21:31:02.637231+00:00
724.0,38.61,40.51,30.28,18.0,22,0.2298660998535156,call,2026-08-31,SPY,757.6699829101562,2026-08-03T21:31:02.637231+00:00
725.0,36.19,39.57,38.38,38.0,1945,0.2269059243774414,call,2026-08-31,SPY,757.6699829101562,2026-08-03T21:31:02.637231+00:00
726.0,35.21,38.7,37.06,420.0,265,0.2249528189086914,call,2026-08-31,SPY,757.6699829101562,2026-08-03T21:31:02.637231+00:00
727.0,34.31,37.51,36.26,327.0,60,0.2181779843139648,call,2026-08-31,SPY,757.6699829101562,2026-08-03T21:31:02.637231+00:00
728.0,33.41,36.91,35.56,1002.0,44,0.22019212432861324,call,2026-08-31,SPY,757.6699829101562,2026-08-03T21:31:02.637231+00:00
729.0,32.52,36.01,24.55,87.0,51,0.2176591906738281,call,2026-08-31,SPY,757.6699829101562,2026-08-03T21:31:02.637231+00:00
730.0,31.74,35.07,33.0,207.0,1735,0.21451591156005856,call,2026-08-31,SPY,757.6699829101562,2026-08-03T21:31:02.637231+00:00
731.0,30.84,34.25,30.59,81.0,184,0.21303582382202146,call,2026-08-31,SPY,757.6699829101562,2026-08-03T21:31:02.637231+00:00
732.0,29.98,33.37,31.23,108.0,280,0.2106402178955078,call,2026-08-31,SPY,757.6699829101562,2026-08-03T21:31:02.637231+00:00
733.0,29.01,32.5,30.46,67.0,129,0.20835142242431637,call,2026-08-31,SPY,757.6699829101562,2026-08-03T21:31:02.637231+00:00
734.0,28.14,31.63,28.0,205.0,462,0.20597107513427731,call,2026-08-31,SPY,757.6699829101562,2026-08-03T21:31:02.637231+00:00
735.0,28.87,30.7,29.05,512.0,1036,0.20273624420166014,call,2026-08-31,SPY,757.6699829101562,2026-08-03T21:31:02.637231+00:00
736.0,26.85,29.92,28.0,391.0,417,0.20151555328369142,call,2026-08-31,SPY,757.6699829101562,2026-08-03T21:31:02.637231+00:00
737.0,25.58,29.07,27.7,121.0,707,0.1992267578125,call,2026-08-31,SPY,757.6699829101562,2026-08-03T21:31:02.637231+00:00
738.0,24.74,27.82,26.85,317.0,762,0.1915669223022461,call,2026-08-31,SPY,757.6699829101562,2026-08-03T21:31:02.637231+00:00
739.0,23.91,26.98,26.01,405.0,1215,0.18933916137695314,call,2026-08-31,SPY,757.6699829101562,2026-08-03T21:31:02.637231+00:00
740.0,23.17,26.15,24.43,278.0,2599,0.18720295227050782,call,2026-08-31,SPY,757.6699829101562,2026-08-03T21:31:02.637231+00:00
741.0,23.78,25.33,24.0,148.0,443,0.1850972604370117,call,2026-08-31,SPY,757.6699829101562,2026-08-03T21:31:02.637231+00:00
742.0,21.69,24.52,22.83,34.0,777,0.18305260314941402,call,2026-08-31,SPY,757.6699829101562,2026-08-03T21:31:02.637231+00:00
743.0,20.97,23.72,22.71,112.0,524,0.1810384631347656,call,2026-08-31,SPY,757.6699829101562,2026-08-03T21:31:02.637231+00:00
744.0,19.93,22.92,21.94,106.0,779,0.17896328857421873,call,2026-08-31,SPY,757.6699829101562,2026-08-03T21:31:02.637231+00:00
745.0,19.67,22.13,21.01,189.0,3729,0.1769186312866211,call,2026-08-31,SPY,757.6699829101562,2026-08-03T21:31:02.637231+00:00
746.0,18.76,21.37,19.76,69.0,890,0.17514862945556642,call,2026-08-31,SPY,757.6699829101562,2026-08-03T21:31:02.637231+00:00
747.0,17.52,19.6,19.3,1785.0,725,0.1607749938964844,call,2026-08-31,SPY,757.6699829101562,2026-08-03T21:31:02.637231+00:00
748.0,17.23,19.68,18.15,1764.0,956,0.16922827850341798,call,2026-08-31,SPY,757.6699829101562,2026-08-03T21:31:02.637231+00:00
749.0,16.49,18.45,17.5,2752.0,1222,0.1614616325378418,call,2026-08-31,SPY,757.6699829101562,2026-08-03T21:31:02.637231+00:00
750.0,16.92,17.13,17.0,2998.0,6681,0.15256584747314456,call,2026-08-31,SPY,757.6699829101562,2026-08-03T21:31:02.637231+00:00
751.0,16.17,16.77,16.55,981.0,774,0.15519033294677737,call,2026-08-31,SPY,757.6699829101562,2026-08-03T21:31:02.637231+00:00
752.0,15.3,16.08,15.59,998.0,996,0.15371024520874021,call,2026-08-31,SPY,757.6699829101562,2026-08-03T21:31:02.637231+00:00
753.0,14.5,15.13,14.63,1269.0,875,0.14899532653808595,call,2026-08-31,SPY,757.6699829101562,2026-08-03T21:31:02.637231+00:00
754.0,13.85,14.64,13.9,1222.0,1047,0.14963618927001954,call,2026-08-31,SPY,757.6699829101562,2026-08-03T21:31:02.637231+00:00
755.0,13.37,13.95,13.16,1392.0,2714,0.14777463562011722,call,2026-08-31,SPY,757.6699829101562,2026-08-03T21:31:02.637231+00:00
756.0,12.53,13.33,13.07,769.0,631,0.14658446197509767,call,2026-08-31,SPY,757.6699829101562,2026-08-03T21:31:02.637231+00:00
757.0,11.87,12.94,12.35,344.0,1193,0.14795773925781253,call,2026-08-31,SPY,757.6699829101562,2026-08-03T21:31:02.637231+00:00
758.0,11.64,11.73,11.61,1111.0,1286,0.13953497192382813,call,2026-08-31,SPY,757.6699829101562,2026-08-03T21:31:02.637231+00:00
759.0,11.03,11.13,11.03,111.0,931,0.13816169464111328,call,2026-08-31,SPY,757.6699829101562,2026-08-03T21:31:02.637231+00:00
760.0,10.45,10.54,10.5,969.0,4359,0.1367121241760254,call,2026-08-31,SPY,757.6699829101562,2026-08-03T21:31:02.637231+00:00
761.0,9.88,9.98,9.75,333.0,1069,0.13546091598510746,call,2026-08-31,SPY,757.6699829101562,2026-08-03T21:31:02.637231+00:00
762.0,9.33,9.43,9.2,115.0,980,0.13416393188476564,call,2026-08-31,SPY,757.6699829101562,2026-08-03T21:31:02.637231+00:00
763.0,8.8,8.89,8.67,174.0,2326,0.13280591323852542,call,2026-08-31,SPY,757.6699829101562,2026-08-03T21:31:02.637231+00:00
764.0,8.29,8.38,8.1,187.0,430,0.13163099822998048,call,2026-08-31,SPY,757.6699829101562,2026-08-03T21:31:02.637231+00:00
765.0,7.79,7.88,7.78,1490.0,2680,0.13037979003906247,call,2026-08-31,SPY,757.6699829101562,2026-08-03T21:31:02.637231+00:00
766.0,7.32,7.41,7.1,368.0,895,0.12931168548583982,call,2026-08-31,SPY,757.6699829101562,2026-08-03T21:31:02.637231+00:00
767.0,6.87,6.96,6.99,1425.0,1307,0.1283046154785156,call,2026-08-31,SPY,757.6699829101562,2026-08-03T21:31:02.637231+00:00
768.0,6.43,6.52,6.45,72.0,1021,0.12723651092529298,call,2026-08-31,SPY,757.6699829101562,2026-08-03T21:31:02.637231+00:00
769.0,6.02,6.1,6.2,85.0,575,0.12622944091796873,call,2026-08-31,SPY,757.6699829101562,2026-08-03T21:31:02.637231+00:00
770.0,5.62,5.7,5.6,1880.0,12398,0.12525288818359376,call,2026-08-31,SPY,757.6699829101562,2026-08-03T21:31:02.637231+00:00
771.0,5.25,5.33,5.11,346.0,734,0.12447469772338868,call,2026-08-31,SPY,757.6699829101562,2026-08-03T21:31:02.637231+00:00
772.0,4.89,4.97,4.93,135.0,903,0.12363547271728516,call,2026-08-31,SPY,757.6699829101562,2026-08-03T21:31:02.637231+00:00
773.0,4.56,4.63,4.41,99.0,1167,0.12284202362060548,call,2026-08-31,SPY,757.6699829101562,2026-08-03T21:31:02.637231+00:00
774.0,4.25,4.29,4.04,871.0,1777,0.12186547088623048,call,2026-08-31,SPY,757.6699829101562,2026-08-03T21:31:02.637231+00:00
775.0,3.95,3.99,3.96,1268.0,2772,0.12122460815429686,call,2026-08-31,SPY,757.6699829101562,2026-08-03T21:31:02.637231+00:00
776.0,3.67,3.71,3.48,254.0,1209,0.12067529724121094,call,2026-08-31,SPY,757.6699829101562,2026-08-03T21:31:02.637231+00:00
777.0,3.4,3.44,3.22,564.0,656,0.12006495178222655,call,2026-08-31,SPY,757.6699829101562,2026-08-03T21:31:02.637231+00:00
778.0,3.15,3.19,3.06,224.0,1267,0.11954615814208984,call,2026-08-31,SPY,757.6699829101562,2026-08-03T21:31:02.637231+00:00
779.0,2.92,2.95,2.97,110.0,1079,0.11899684722900389,call,2026-08-31,SPY,757.6699829101562,2026-08-03T21:31:02.637231+00:00
780.0,2.7,2.73,2.64,687.0,22956,0.11856960540771484,call,2026-08-31,SPY,757.6699829101562,2026-08-03T21:31:02.637231+00:00
781.0,2.49,2.52,2.49,1164.0,1490,0.11808132904052734,call,2026-08-31,SPY,757.6699829101562,2026-08-03T21:31:02.637231+00:00
782.0,2.3,2.33,2.12,427.0,874,0.11774563903808594,call,2026-08-31,SPY,757.6699829101562,2026-08-03T21:31:02.637231+00:00
783.0,2.12,2.15,2.14,487.0,922,0.11740994903564453,call,2026-08-31,SPY,757.6699829101562,2026-08-03T21:31:02.637231+00:00
784.0,1.96,1.99,1.83,313.0,995,0.11725736267089844,call,2026-08-31,SPY,757.6699829101562,2026-08-03T21:31:02.637231+00:00
785.0,1.8,1.83,1.81,1788.0,1591,0.1168911553955078,call,2026-08-31,SPY,757.6699829101562,2026-08-03T21:31:02.637231+00:00
786.0,1.66,1.69,1.53,238.0,1124,0.11673856903076171,call,2026-08-31,SPY,757.6699829101562,2026-08-03T21:31:02.637231+00:00
787.0,1.53,1.55,1.47,486.0,1065,0.11640287902832032,call,2026-08-31,SPY,757.6699829101562,2026-08-03T21:31:02.637231+00:00
788.0,1.41,1.43,1.35,520.0,885,0.11631132720947265,call,2026-08-31,SPY,757.6699829101562,2026-08-03T21:31:02.637231+00:00
789.0,1.29,1.32,1.19,116.0,976,0.11628080993652344,call,2026-08-31,SPY,757.6699829101562,2026-08-03T21:31:02.637231+00:00
790.0,1.19,1.21,1.13,628.0,4543,0.1160671890258789,call,2026-08-31,SPY,757.6699829101562,2026-08-03T21:31:02.637231+00:00
791.0,1.09,1.11,1.09,147.0,2099,0.1159146026611328,call,2026-08-31,SPY,757.6699829101562,2026-08-03T21:31:02.637231+00:00
792.0,1.0,1.03,0.97,14.0,819,0.11615874084472656,call,2026-08-31,SPY,757.6699829101562,2026-08-03T21:31:02.637231+00:00
793.0,0.92,0.94,0.89,7.0,516,0.1159146026611328,call,2026-08-31,SPY,757.6699829101562,2026-08-03T21:31:02.637231+00:00
794.0,0.85,0.87,0.77,208.0,962,0.11615874084472656,call,2026-08-31,SPY,757.6699829101562,2026-08-03T21:31:02.637231+00:00
795.0,0.78,0.8,0.7,708.0,1782,0.11615874084472656,call,2026-08-31,SPY,757.6699829101562,2026-08-03T21:31:02.637231+00:00
796.0,0.72,0.74,0.7,36.0,217,0.11640287902832032,call,2026-08-31,SPY,757.6699829101562,2026-08-03T21:31:02.637231+00:00
797.0,0.66,0.68,0.58,246.0,20557,0.11646391357421876,call,2026-08-31,SPY,757.6699829101562,2026-08-03T21:31:02.637231+00:00
798.0,0.61,0.63,0.61,12.0,322,0.11676908630371094,call,2026-08-31,SPY,757.6699829101562,2026-08-03T21:31:02.637231+00:00
799.0,0.56,0.58,0.53,58.0,949,0.11695218994140624,call,2026-08-31,SPY,757.6699829101562,2026-08-03T21:31:02.637231+00:00
800.0,0.52,0.54,0.53,1328.0,12545,0.11731839721679688,call,2026-08-31,SPY,757.6699829101562,2026-08-03T21:31:02.637231+00:00
805.0,0.36,0.38,0.36,3914.0,2228,0.11963770996093749,call,2026-08-31,SPY,757.6699829101562,2026-08-03T21:31:02.637231+00:00
810.0,0.26,0.27,0.26,148.0,5372,0.12220116088867189,call,2026-08-31,SPY,757.6699829101562,2026-08-03T21:31:02.637231+00:00
815.0,0.2,0.21,0.19,92.0,4560,0.12647357910156248,call,2026-08-31,SPY,757.6699829101562,2026-08-03T21:31:02.637231+00:00
820.0,0.15,0.16,0.15,302.0,1897,0.13013565185546871,call,2026-08-31,SPY,757.6699829101562,2026-08-03T21:31:02.637231+00:00
825.0,0.12,0.13,0.13,204.0,1590,0.13477427734375003,call,2026-08-31,SPY,757.6699829101562,2026-08-03T21:31:02.637231+00:00
830.0,0.1,0.11,0.11,3.0,742,0.139657041015625,call,2026-08-31,SPY,757.6699829101562,2026-08-03T21:31:02.637231+00:00
835.0,0.09,0.1,0.07,52.0,2428,0.14600463378906248,call,2026-08-31,SPY,757.6699829101562,2026-08-03T21:31:02.637231+00:00
840.0,0.07,0.08,0.08,188.0,8064,0.14991084472656252,call,2026-08-31,SPY,757.6699829101562,2026-08-03T21:31:02.637231+00:00
845.0,0.06,0.07,0.06,226.0,1154,0.15479360839843753,call,2026-08-31,SPY,757.6699829101562,2026-08-03T21:31:02.637231+00:00
850.0,0.05,0.06,0.05,758.0,1299,0.159188095703125,call,2026-08-31,SPY,757.6699829101562,2026-08-03T21:31:02.637231+00:00
855.0,0.05,0.06,0.04,346.0,697,0.16651224121093755,call,2026-08-31,SPY,757.6699829101562,2026-08-03T21:31:02.637231+00:00
860.0,0.04,0.05,0.04,1754.0,2703,0.16993017578125003,call,2026-08-31,SPY,757.6699829101562,2026-08-03T21:31:02.637231+00:00
420.0,0.01,0.02,0.03,1972.0,4174,0.64062859375,put,2026-08-31,SPY,757.6699829101562,2026-08-03T21:31:02.637231+00:00
425.0,0.01,0.03,0.03,1.0,1246,0.6445348046875,put,2026-08-31,SPY,757.6699829101562,2026-08-03T21:31:02.637231+00:00
430.0,0.02,0.03,0.02,3.0,209,0.6445348046875,put,2026-08-31,SPY,757.6699829101562,2026-08-03T21:31:02.637231+00:00
435.0,0.02,0.03,0.03,12.0,224,0.6289099609375001,put,2026-08-31,SPY,757.6699829101562,2026-08-03T21:31:02.637231+00:00
440.0,0.02,0.03,0.05,69.0,427,0.6171913281250001,put,2026-08-31,SPY,757.6699829101562,2026-08-03T21:31:02.637231+00:00
445.0,0.02,0.03,0.03,129.0,296,0.6054726953125001,put,2026-08-31,SPY,757.6699829101562,2026-08-03T21:31:02.637231+00:00
450.0,0.02,0.03,0.03,72.0,1775,0.5937540625000001,put,2026-08-31,SPY,757.6699829101562,2026-08-03T21:31:02.637231+00:00
455.0,0.02,0.04,0.03,2.0,157,0.5898478515625001,put,2026-08-31,SPY,757.6699829101562,2026-08-03T21:31:02.637231+00:00
460.0,0.03,0.04,0.05,40.0,89,0.585941640625,put,2026-08-31,SPY,757.6699829101562,2026-08-03T21:31:02.637231+00:00
465.0,0.03,0.04,0.04,1000.0,804,0.5742230078125,put,2026-08-31,SPY,757.6699829101562,2026-08-03T21:31:02.637231+00:00
470.0,0.03,0.04,0.04,1009.0,66,0.5625043750000001,put,2026-08-31,SPY,757.6699829101562,2026-08-03T21:31:02.637231+00:00
475.0,0.03,0.04,0.12,3.0,164,0.5507857421875001,put,2026-08-31,SPY,757.6699829101562,2026-08-03T21:31:02.637231+00:00
480.0,0.04,0.05,0.05,4.0,288,0.55273884765625,put,2026-08-31,SPY,757.6699829101562,2026-08-03T21:31:02.637231+00:00
485.0,0.04,0.05,0.04,5.0,243,0.5410202148437502,put,2026-08-31,SPY,757.6699829101562,2026-08-03T21:31:02.637231+00:00
490.0,0.04,0.05,0.06,15.0,149,0.5293015820312501,put,2026-08-31,SPY,757.6699829101562,2026-08-03T21:31:02.637231+00:00
495.0,0.04,0.06,0.06,3.0,213,0.5214891601562499,put,2026-08-31,SPY,757.6699829101562,2026-08-03T21:31:02.637231+00:00
500.0,0.05,0.06,0.05,512.0,2943,0.51562984375,put,2026-08-31,SPY,757.6699829101562,2026-08-03T21:31:02.637231+00:00
505.0,0.05,0.06,0.07,1.0,611,0.5039112109375,put,2026-08-31,SPY,757.6699829101562,2026-08-03T21:31:02.637231+00:00
510.0,0.06,0.07,0.07,2.0,463,0.500005,put,2026-08-31,SPY,757.6699829101562,2026-08-03T21:31:02.637231+00:00
515.0,0.06,0.07,0.06,4.0,267,0.49219257812500006,put,2026-08-31,SPY,757.6699829101562,2026-08-03T21:31:02.637231+00:00
520.0,0.06,0.07,0.14,98.0,359,0.4804739453125,put,2026-08-31,SPY,757.6699829101562,2026-08-03T21:31:02.637231+00:00
525.0,0.07,0.08,0.1,7.0,664,0.476567734375,put,2026-08-31,SPY,757.6699829101562,2026-08-03T21:31:02.637231+00:00
530.0,0.07,0.09,0.1,2.0,230,0.47070841796875,put,2026-08-31,SPY,757.6699829101562,2026-08-03T21:31:02.637231+00:00
535.0,0.08,0.09,0.13,202.0,491,0.45898978515625005,put,2026-08-31,SPY,757.6699829101562,2026-08-03T21:31:02.637231+00:00
540.0,0.09,0.1,0.1,6.0,413,0.45215391601562505,put,2026-08-31,SPY,757.6699829101562,2026-08-03T21:31:02.637231+00:00
545.0,0.09,0.1,0.09,203.0,2656,0.4414118359375,put,2026-08-31,SPY,757.6699829101562,2026-08-03T21:31:02.637231+00:00
550.0,0.1,0.11,0.11,2.0,1843,0.43457596679687505,put,2026-08-31,SPY,757.6699829101562,2026-08-03T21:31:02.637231+00:00
555.0,0.11,0.12,0.12,12.0,1222,0.4272518212890626,put,2026-08-31,SPY,757.6699829101562,2026-08-03T21:31:02.637231+00:00
560.0,0.12,0.13,0.12,1.0,1960,0.41992767578125,put,2026-08-31,SPY,757.6699829101562,2026-08-03T21:31:02.637231+00:00
565.0,0.12,0.13,0.13,8.0,1287,0.40869731933593745,put,2026-08-31,SPY,757.6699829101562,2026-08-03T21:31:02.637231+00:00
570.0,0.13,0.14,0.14,4.0,769,0.4008848974609375,put,2026-08-31,SPY,757.6699829101562,2026-08-03T21:31:02.637231+00:00
575.0,0.14,0.15,0.15,5.0,1064,0.39258419921875,put,2026-08-31,SPY,757.6699829101562,2026-08-03T21:31:02.637231+00:00
580.0,0.15,0.16,0.29,118.0,870,0.38477177734374995,put,2026-08-31,SPY,757.6699829101562,2026-08-03T21:31:02.637231+00:00
585.0,0.16,0.17,0.19,5.0,1359,0.375982802734375,put,2026-08-31,SPY,757.6699829101562,2026-08-03T21:31:02.637231+00:00
590.0,0.18,0.19,0.18,1.0,2464,0.370123486328125,put,2026-08-31,SPY,757.6699829101562,2026-08-03T21:31:02.637231+00:00
595.0,0.19,0.2,0.21,4.0,3640,0.36084623535156246,put,2026-08-31,SPY,757.6699829101562,2026-08-03T21:31:02.637231+00:00
600.0,0.2,0.21,0.21,537.0,2816,0.35205726074218746,put,2026-08-31,SPY,757.6699829101562,2026-08-03T21:31:02.637231+00:00
605.0,0.22,0.23,0.21,100.0,21469,0.344733115234375,put,2026-08-31,SPY,757.6699829101562,2026-08-03T21:31:02.637231+00:00
610.0,0.23,0.24,0.25,4.0,1409,0.3354558642578125,put,2026-08-31,SPY,757.6699829101562,2026-08-03T21:31:02.637231+00:00
615.0,0.25,0.26,0.26,3.0,1990,0.3276434423828125,put,2026-08-31,SPY,757.6699829101562,2026-08-03T21:31:02.637231+00:00
616.0,0.25,0.27,0.31,2.0,104,0.327155166015625,put,2026-08-31,SPY,757.6699829101562,2026-08-03T21:31:02.637231+00:00
617.0,0.26,0.27,0.59,98.0,150,0.32471378417968744,put,2026-08-31,SPY,757.6699829101562,2026-08-03T21:31:02.637231+00:00
618.0,0.26,0.27,0.8,11.0,267,0.3225165405273437,put,2026-08-31,SPY,757.6699829101562,2026-08-03T21:31:02.637231+00:00
619.0,0.27,0.28,0.32,1.0,618,0.3217841259765625,put,2026-08-31,SPY,757.6699829101562,2026-08-03T21:31:02.637231+00:00
620.0,0.27,0.28,0.28,19.0,1385,0.31958688232421867,put,2026-08-31,SPY,757.6699829101562,2026-08-03T21:31:02.637231+00:00
621.0,0.27,0.29,0.34,6.0,209,0.3188544677734374,put,2026-08-31,SPY,757.6699829101562,2026-08-03T21:31:02.637231+00:00
622.0,0.28,0.29,0.82,1.0,259,0.3166572241210937,put,2026-08-31,SPY,757.6699829101562,2026-08-03T21:31:02.637231+00:00
623.0,0.28,0.29,1.25,30.0,145,0.31445998046874996,put,2026-08-31,SPY,757.6699829101562,2026-08-03T21:31:02.637231+00:00
624.0,0.29,0.3,0.78,4.0,567,0.313483427734375,put,2026-08-31,SPY,757.6699829101562,2026-08-03T21:31:02.637231+00:00
625.0,0.29,0.3,0.29,42.0,1129,0.3112861840820312,put,2026-08-31,SPY,757.6699829101562,2026-08-03T21:31:02.637231+00:00
626.0,0.3,0.31,0.66,2.0,174,0.31055376953124997,put,2026-08-31,SPY,757.6699829101562,2026-08-03T21:31:02.637231+00:00
627.0,0.3,0.31,0.84,32.0,209,0.30811238769531246,put,2026-08-31,SPY,757.6699829101562,2026-08-03T21:31:02.637231+00:00
628.0,0.31,0.32,0.91,100.0,426,0.30713583496093744,put,2026-08-31,SPY,757.6699829101562,2026-08-03T21:31:02.637231+00:00
629.0,0.31,0.32,0.97,10.0,154,0.30493859130859374,put,2026-08-31,SPY,757.6699829101562,2026-08-03T21:31:02.637231+00:00
630.0,0.32,0.33,0.32,143.0,999,0.3039620385742187,put,2026-08-31,SPY,757.6699829101562,2026-08-03T21:31:02.637231+00:00
631.0,0.32,0.33,0.57,4.0,1346,0.301764794921875,put,2026-08-31,SPY,757.6699829101562,2026-08-03T21:31:02.637231+00:00
632.0,0.32,0.34,1.02,4.0,260,0.3007882421875,put,2026-08-31,SPY,757.6699829101562,2026-08-03T21:31:02.637231+00:00
633.0,0.33,0.34,0.35,1.0,253,0.2985909985351562,put,2026-08-31,SPY,757.6699829101562,2026-08-03T21:31:02.637231+00:00
634.0,0.34,0.35,0.33,6.0,250,0.2973703076171874,put,2026-08-31,SPY,757.6699829101562,2026-08-03T21:31:02.637231+00:00
635.0,0.34,0.35,0.37,2.0,779,0.2951730639648437,put,2026-08-31,SPY,757.6699829101562,2026-08-03T21:31:02.637231+00:00
636.0,0.35,0.36,1.02,27.0,295,0.2941965112304687,put,2026-08-31,SPY,757.6699829101562,2026-08-03T21:31:02.637231+00:00
637.0,0.35,0.36,0.42,2.0,283,0.29175512939453113,put,2026-08-31,SPY,757.6699829101562,2026-08-03T21:31:02.637231+00:00
638.0,0.36,0.37,0.35,5.0,174,0.29077857666015616,put,2026-08-31,SPY,757.6699829101562,2026-08-03T21:31:02.637231+00:00
639.0,0.36,0.37,0.56,5.0,126,0.28833719482421866,put,2026-08-31,SPY,757.6699829101562,2026-08-03T21:31:02.637231+00:00
640.0,0.37,0.38,0.37,40.0,2974,0.28711650390624993,put,2026-08-31,SPY,757.6699829101562,2026-08-03T21:31:02.637231+00:00
641.0,0.37,0.39,0.7,2.0,1660,0.28613995117187496,put,2026-08-31,SPY,757.6699829101562,2026-08-03T21:31:02.637231+00:00
642.0,0.38,0.39,0.42,1.0,1385,0.2836985693359374,put,2026-08-31,SPY,757.6699829101562,2026-08-03T21:31:02.637231+00:00
643.0,0.39,0.4,0.38,1.0,1457,0.28247787841796873,put,2026-08-31,SPY,757.6699829101562,2026-08-03T21:31:02.637231+00:00
644.0,0.39,0.41,0.42,4.0,1126,0.28125718749999995,put,2026-08-31,SPY,757.6699829101562,2026-08-03T21:31:02.637231+00:00
645.0,0.4,0.41,0.4,43.0,979,0.27893787475585935,put,2026-08-31,SPY,757.6699829101562,2026-08-03T21:31:02.637231+00:00
646.0,0.41,0.42,0.49,5.0,646,0.2775951147460937,put,2026-08-31,SPY,757.6699829101562,2026-08-03T21:31:02.637231+00:00
647.0,0.41,0.43,0.51,2.0,397,0.27637442382812494,put,2026-08-31,SPY,757.6699829101562,2026-08-03T21:31:02.637231+00:00
648.0,0.42,0.43,0.95,52.0,905,0.2739330419921875,put,2026-08-31,SPY,757.6699829101562,2026-08-03T21:31:02.637231+00:00
649.0,0.43,0.44,0.46,386.0,993,0.2727123510742187,put,2026-08-31,SPY,757.6699829101562,2026-08-03T21:31:02.637231+00:00
650.0,0.44,0.45,0.42,986.0,3990,0.2712475219726562,put,2026-08-31,SPY,757.6699829101562,2026-08-03T21:31:02.637231+00:00
651.0,0.44,0.45,0.44,2.0,524,0.2690502783203125,put,2026-08-31,SPY,757.6699829101562,2026-08-03T21:31:02.637231+00:00
652.0,0.45,0.46,0.5,8.0,792,0.26758544921875,put,2026-08-31,SPY,757.6699829101562,2026-08-03T21:31:02.637231+00:00
653.0,0.46,0.47,0.49,2.0,549,0.2661206201171875,put,2026-08-31,SPY,757.6699829101562,2026-08-03T21:31:02.637231+00:00
654.0,0.47,0.48,0.5,6.0,4717,0.264655791015625,put,2026-08-31,SPY,757.6699829101562,2026-08-03T21:31:02.637231+00:00
655.0,0.47,0.49,0.51,32.0,4045,0.26319096191406255,put,2026-08-31,SPY,757.6699829101562,2026-08-03T21:31:02.637231+00:00
656.0,0.48,0.49,0.48,23.0,858,0.2608716491699219,put,2026-08-31,SPY,757.6699829101562,2026-08-03T21:31:02.637231+00:00
657.0,0.49,0.5,1.02,3.0,838,0.2594068200683594,put,2026-08-31,SPY,757.6699829101562,2026-08-03T21:31:02.637231+00:00
658.0,0.5,0.51,0.53,8.0,490,0.257819921875,put,2026-08-31,SPY,757.6699829101562,2026-08-03T21:31:02.637231+00:00
659.0,0.51,0.52,0.51,27.0,4857,0.2563550927734375,put,2026-08-31,SPY,757.6699829101562,2026-08-03T21:31:02.637231+00:00
660.0,0.52,0.53,0.51,68.0,1060,0.25476819458007816,put,2026-08-31,SPY,757.6699829101562,2026-08-03T21:31:02.637231+00:00
661.0,0.53,0.54,0.51,6.0,352,0.25318129638671877,put,2026-08-31,SPY,757.6699829101562,2026-08-03T21:31:02.637231+00:00
662.0,0.54,0.55,0.54,367.0,411,0.2515943981933594,put,2026-08-31,SPY,757.6699829101562,2026-08-03T21:31:02.637231+00:00
663.0,0.55,0.56,0.72,1.0,648,0.2500075,put,2026-08-31,SPY,757.6699829101562,2026-08-03T21:31:02.637231+00:00
664.0,0.56,0.57,0.69,5.0,368,0.24829853271484376,put,2026-08-31,SPY,757.6699829101562,2026-08-03T21:31:02.637231+00:00
665.0,0.57,0.58,0.57,66.0,801,0.2467116345214844,put,2026-08-31,SPY,757.6699829101562,2026-08-03T21:31:02.637231+00:00
666.0,0.58,0.59,0.57,18.0,1120,0.24500266723632813,put,2026-08-31,SPY,757.6699829101562,2026-08-03T21:31:02.637231+00:00
667.0,0.59,0.6,0.59,18.0,412,0.24341576904296874,put,2026-08-31,SPY,757.6699829101562,2026-08-03T21:31:02.637231+00:00
668.0,0.6,0.62,0.61,7.0,1102,0.24231714721679687,put,2026-08-31,SPY,757.6699829101562,2026-08-03T21:31:02.637231+00:00
669.0,0.61,0.63,0.61,413.0,910,0.2406081799316406,put,2026-08-31,SPY,757.6699829101562,2026-08-03T21:31:02.637231+00:00
670.0,0.63,0.64,0.63,32410.0,33274,0.23889921264648437,put,2026-08-31,SPY,757.6699829101562,2026-08-03T21:31:02.637231+00:00
671.0,0.64,0.65,0.66,346.0,513,0.23706817626953125,put,2026-08-31,SPY,757.6699829101562,2026-08-03T21:31:02.637231+00:00
672.0,0.65,0.67,0.68,7.0,557,0.23596955444335935,put,2026-08-31,SPY,757.6699829101562,2026-08-03T21:31:02.637231+00:00
673.0,0.66,0.68,0.68,56.0,734,0.23413851806640623,put,2026-08-31,SPY,757.6699829101562,2026-08-03T21:31:02.637231+00:00
674.0,0.68,0.69,0.68,6.0,565,0.23230748168945312,put,2026-08-31,SPY,757.6699829101562,2026-08-03T21:31:02.637231+00:00
675.0,0.69,0.71,0.7,358.0,3838,0.2310867907714844,put,2026-08-31,SPY,757.6699829101562,2026-08-03T21:31:02.637231+00:00
676.0,0.71,0.72,0.71,107.0,655,0.22925575439453127,put,2026-08-31,SPY,757.6699829101562,2026-08-03T21:31:02.637231+00:00
677.0,0.72,0.74,0.71,15.0,420,0.22791299438476562,put,2026-08-31,SPY,757.6699829101562,2026-08-03T21:31:02.637231+00:00
678.0,0.74,0.75,0.74,146.0,1325,0.2260819580078125,put,2026-08-31,SPY,757.6699829101562,2026-08-03T21:31:02.637231+00:00
679.0,0.75,0.77,0.76,276.0,1042,0.22473919799804684,put,2026-08-31,SPY,757.6699829101562,2026-08-03T21:31:02.637231+00:00
680.0,0.77,0.79,0.79,647.0,2907,0.22327436889648436,put,2026-08-31,SPY,757.6699829101562,2026-08-03T21:31:02.637231+00:00
681.0,0.79,0.8,0.82,2.0,723,0.2213822979736328,put,2026-08-31,SPY,757.6699829101562,2026-08-03T21:31:02.637231+00:00
682.0,0.81,0.82,0.82,61.0,564,0.2199785034179687,put,2026-08-31,SPY,757.6699829101562,2026-08-03T21:31:02.637231+00:00
683.0,0.82,0.84,0.87,77.0,5720,0.21851367431640623,put,2026-08-31,SPY,757.6699829101562,2026-08-03T21:31:02.637231+00:00
684.0,0.84,0.86,0.95,22.0,619,0.21692677612304687,put,2026-08-31,SPY,757.6699829101562,2026-08-03T21:31:02.637231+00:00
685.0,0.86,0.88,0.86,199.0,3071,0.21546194702148438,put,2026-08-31,SPY,757.6699829101562,2026-08-03T21:31:02.637231+00:00
686.0,0.88,0.9,0.87,62.0,5167,0.213875048828125,put,2026-08-31,SPY,757.6699829101562,2026-08-03T21:31:02.637231+00:00
687.0,0.91,0.92,0.91,20.0,773,0.2122881506347656,put,2026-08-31,SPY,757.6699829101562,2026-08-03T21:31:02.637231+00:00
688.0,0.93,0.94,0.93,23.0,617,0.21070125244140625,put,2026-08-31,SPY,757.6699829101562,2026-08-03T21:31:02.637231+00:00
689.0,0.95,0.97,0.97,20.0,1294,0.20948056152343747,put,2026-08-31,SPY,757.6699829101562,2026-08-03T21:31:02.637231+00:00
690.0,0.97,0.99,0.99,700.0,7729,0.20777159423828123,put,2026-08-31,SPY,757.6699829101562,2026-08-03T21:31:02.637231+00:00
691.0,1.0,1.02,1.0,61.0,1340,0.20655090332031245,put,2026-08-31,SPY,757.6699829101562,2026-08-03T21:31:02.637231+00:00
692.0,1.02,1.04,1.02,166.0,958,0.20478090148925776,put,2026-08-31,SPY,757.6699829101562,2026-08-03T21:31:02.637231+00:00
693.0,1.05,1.07,1.04,17.0,1347,0.20343814147949218,put,2026-08-31,SPY,757.6699829101562,2026-08-03T21:31:02.637231+00:00
694.0,1.08,1.1,1.09,200.0,722,0.2020343469238281,put,2026-08-31,SPY,757.6699829101562,2026-08-03T21:31:02.637231+00:00
695.0,1.11,1.12,1.12,248.0,2899,0.20020331054687499,put,2026-08-31,SPY,757.6699829101562,2026-08-03T21:31:02.637231+00:00
696.0,1.14,1.15,1.12,41.0,818,0.19873848144531248,put,2026-08-31,SPY,757.6699829101562,2026-08-03T21:31:02.637231+00:00
697.0,1.17,1.18,1.17,29.0,907,0.19727365234375,put,2026-08-31,SPY,757.6699829101562,2026-08-03T21:31:02.637231+00:00
698.0,1.2,1.22,1.2,22.0,1465,0.19605296142578127,put,2026-08-31,SPY,757.6699829101562,2026-08-03T21:31:02.637231+00:00
699.0,1.23,1.25,1.23,108.0,1054,0.19446606323242188,put,2026-08-31,SPY,757.6699829101562,2026-08-03T21:31:02.637231+00:00
700.0,1.27,1.28,1.29,3914.0,11067,0.1928791650390625,put,2026-08-31,SPY,757.6699829101562,2026-08-03T21:31:02.637231+00:00
701.0,1.3,1.32,1.31,43.0,865,0.1915364050292969,put,2026-08-31,SPY,757.6699829101562,2026-08-03T21:31:02.637231+00:00
702.0,1.34,1.36,1.41,61.0,1023,0.1901936450195313,put,2026-08-31,SPY,757.6699829101562,2026-08-03T21:31:02.637231+00:00
703.0,1.38,1.4,1.38,20.0,1320,0.1887898504638672,put,2026-08-31,SPY,757.6699829101562,2026-08-03T21:31:02.637231+00:00
704.0,1.42,1.44,1.41,45.0,856,0.1873250213623047,put,2026-08-31,SPY,757.6699829101562,2026-08-03T21:31:02.637231+00:00
705.0,1.46,1.48,1.43,803.0,19695,0.18579915771484373,put,2026-08-31,SPY,757.6699829101562,2026-08-03T21:31:02.637231+00:00
706.0,1.5,1.52,1.46,39.0,910,0.1842732940673828,put,2026-08-31,SPY,757.6699829101562,2026-08-03T21:31:02.637231+00:00
707.0,1.55,1.57,1.53,61.0,518,0.1829915686035156,put,2026-08-31,SPY,757.6699829101562,2026-08-03T21:31:02.637231+00:00
708.0,1.59,1.62,1.55,57.0,1009,0.18164880859375,put,2026-08-31,SPY,757.6699829101562,2026-08-03T21:31:02.637231+00:00
709.0,1.64,1.66,1.61,87.0,1212,0.17993984130859375,put,2026-08-31,SPY,757.6699829101562,2026-08-03T21:31:02.637231+00:00
710.0,1.69,1.72,1.7,2753.0,23455,0.17878018493652342,put,2026-08-31,SPY,757.6699829101562,2026-08-03T21:31:02.637231+00:00
711.0,1.75,1.77,1.75,296.0,1344,0.17728483856201172,put,2026-08-31,SPY,757.6699829101562,2026-08-03T21:31:02.637231+00:00
712.0,1.8,1.82,1.79,68.0,1324,0.17572845764160155,put,2026-08-31,SPY,757.6699829101562,2026-08-03T21:31:02.637231+00:00
713.0,1.86,1.88,1.9,101.0,1279,0.17438569763183598,put,2026-08-31,SPY,757.6699829101562,2026-08-03T21:31:02.637231+00:00
714.0,1.92,1.94,1.88,178.0,5702,0.1729819030761719,put,2026-08-31,SPY,757.6699829101562,2026-08-03T21:31:02.637231+00:00
715.0,1.98,2.0,1.99,4077.0,5797,0.17151707397460939,put,2026-08-31,SPY,757.6699829101562,2026-08-03T21:31:02.637231+00:00
716.0,2.04,2.07,2.06,155.0,1335,0.17023534851074223,put,2026-08-31,SPY,757.6699829101562,2026-08-03T21:31:02.637231+00:00
717.0,2.11,2.13,2.13,501.0,20897,0.16867896759033207,put,2026-08-31,SPY,757.6699829101562,2026-08-03T21:31:02.637231+00:00
718.0,2.18,2.2,2.19,572.0,12562,0.167275173034668,put,2026-08-31,SPY,757.6699829101562,2026-08-03T21:31:02.637231+00:00
719.0,2.25,2.28,2.2,198.0,1060,0.16602396484375004,put,2026-08-31,SPY,757.6699829101562,2026-08-03T21:31:02.637231+00:00
720.0,2.32,2.35,2.37,4817.0,18618,0.16449810119628905,put,2026-08-31,SPY,757.6699829101562,2026-08-03T21:31:02.637231+00:00
721.0,2.4,2.43,2.36,65.0,4547,0.16312482391357425,put,2026-08-31,SPY,757.6699829101562,2026-08-03T21:31:02.637231+00:00
722.0,2.48,2.51,2.43,54.0,659,0.16169051208496094,put,2026-08-31,SPY,757.6699829101562,2026-08-03T21:31:02.637231+00:00
723.0,2.57,2.59,2.62,259.0,743,0.1601646484375,put,2026-08-31,SPY,757.6699829101562,2026-08-03T21:31:02.637231+00:00
724.0,2.65,2.68,2.68,64.0,762,0.1587913711547852,put,2026-08-31,SPY,757.6699829101562,2026-08-03T21:31:02.637231+00:00
725.0,2.75,2.77,2.76,673.0,14204,0.1573570593261719,put,2026-08-31,SPY,757.6699829101562,2026-08-03T21:31:02.637231+00:00
726.0,2.84,2.87,2.82,117.0,1320,0.15601429931640626,put,2026-08-31,SPY,757.6699829101562,2026-08-03T21:31:02.637231+00:00
727.0,2.94,2.97,2.95,667.0,936,0.15461050476074223,put,2026-08-31,SPY,757.6699829101562,2026-08-03T21:31:02.637231+00:00
728.0,3.04,3.07,3.01,249.0,842,0.15311515838623052,put,2026-08-31,SPY,757.6699829101562,2026-08-03T21:31:02.637231+00:00
729.0,3.15,3.18,3.08,203.0,1382,0.15174188110351564,put,2026-08-31,SPY,757.6699829101562,2026-08-03T21:31:02.637231+00:00
730.0,3.26,3.29,3.27,5994.0,23713,0.15027705200195315,put,2026-08-31,SPY,757.6699829101562,2026-08-03T21:31:02.637231+00:00
731.0,3.38,3.41,3.4,103.0,1583,0.14890377471923827,put,2026-08-31,SPY,757.6699829101562,2026-08-03T21:31:02.637231+00:00
732.0,3.5,3.53,3.4,107.0,968,0.1474389456176758,put,2026-08-31,SPY,757.6699829101562,2026-08-03T21:31:02.637231+00:00
733.0,3.63,3.66,3.6,396.0,1496,0.14606566833496093,put,2026-08-31,SPY,757.6699829101562,2026-08-03T21:31:02.637231+00:00
734.0,3.76,3.79,3.67,147.0,852,0.14457032196044922,put,2026-08-31,SPY,757.6699829101562,2026-08-03T21:31:02.637231+00:00
735.0,3.9,3.93,3.94,5787.0,7331,0.1431665274047852,put,2026-08-31,SPY,757.6699829101562,2026-08-03T21:31:02.637231+00:00
736.0,4.04,4.08,4.04,623.0,1521,0.1418237673950195,put,2026-08-31,SPY,757.6699829101562,2026-08-03T21:31:02.637231+00:00
737.0,4.19,4.23,4.18,327.0,1379,0.14038945556640625,put,2026-08-31,SPY,757.6699829101562,2026-08-03T21:31:02.637231+00:00
738.0,4.35,4.39,4.42,312.0,1412,0.13898566101074222,put,2026-08-31,SPY,757.6699829101562,2026-08-03T21:31:02.637231+00:00
739.0,4.51,4.55,4.55,180.0,1437,0.13749031463623052,put,2026-08-31,SPY,757.6699829101562,2026-08-03T21:31:02.637231+00:00
740.0,4.69,4.72,4.7,4658.0,6213,0.13602548553466798,put,2026-08-31,SPY,757.6699829101562,2026-08-03T21:31:02.637231+00:00
741.0,4.87,4.91,4.91,103.0,1769,0.1347437600708008,put,2026-08-31,SPY,757.6699829101562,2026-08-03T21:31:02.637231+00:00
742.0,5.05,5.09,5.01,204.0,1342,0.1331873791503906,put,2026-08-31,SPY,757.6699829101562,2026-08-03T21:31:02.637231+00:00
743.0,5.25,5.29,5.21,1721.0,865,0.13181410186767578,put,2026-08-31,SPY,757.6699829101562,2026-08-03T21:31:02.637231+00:00
744.0,5.45,5.5,5.45,495.0,986,0.13044082458496092,put,2026-08-31,SPY,757.6699829101562,2026-08-03T21:31:02.637231+00:00
745.0,5.67,5.71,5.74,3053.0,5108,0.12897599548339844,put,2026-08-31,SPY,757.6699829101562,2026-08-03T21:31:02.637231+00:00
746.0,5.88,5.95,5.9,1542.0,1746,0.1277247872924805,put,2026-08-31,SPY,757.6699829101562,2026-08-03T21:31:02.637231+00:00
747.0,6.11,6.19,6.1,2620.0,4429,0.1263820272827148,put,2026-08-31,SPY,757.6699829101562,2026-08-03T21:31:02.637231+00:00
748.0,6.36,6.44,6.38,2622.0,1024,0.12500875,put,2026-08-31,SPY,757.6699829101562,2026-08-03T21:31:02.637231+00:00
749.0,6.61,6.69,6.75,1827.0,681,0.12348288635253907,put,2026-08-31,SPY,757.6699829101562,2026-08-03T21:31:02.637231+00:00
750.0,6.88,6.96,6.94,4081.0,6188,0.12207909179687501,put,2026-08-31,SPY,757.6699829101562,2026-08-03T21:31:02.637231+00:00
751.0,7.16,7.24,7.18,1810.0,446,0.12064477996826173,put,2026-08-31,SPY,757.6699829101562,2026-08-03T21:31:02.637231+00:00
752.0,7.46,7.54,7.52,1284.0,607,0.1193020199584961,put,2026-08-31,SPY,757.6699829101562,2026-08-03T21:31:02.637231+00:00
753.0,7.76,7.85,7.72,2000.0,735,0.11791348403930663,put,2026-08-31,SPY,757.6699829101562,2026-08-03T21:31:02.637231+00:00
754.0,8.09,8.15,8.15,1226.0,697,0.11625029266357423,put,2026-08-31,SPY,757.6699829101562,2026-08-03T21:31:02.637231+00:00
755.0,8.42,8.51,8.48,2476.0,3613,0.11512115356445313,put,2026-08-31,SPY,757.6699829101562,2026-08-03T21:31:02.637231+00:00
756.0,8.78,8.87,8.85,995.0,318,0.11380891082763672,put,2026-08-31,SPY,757.6699829101562,2026-08-03T21:31:02.637231+00:00
757.0,9.15,9.24,9.3,244.0,196,0.11243563354492186,put,2026-08-31,SPY,757.6699829101562,2026-08-03T21:31:02.637231+00:00
758.0,9.53,9.62,9.61,869.0,151,0.11097080444335936,put,2026-08-31,SPY,757.6699829101562,2026-08-03T21:31:02.637231+00:00
759.0,9.94,10.03,9.86,58.0,323,0.10968907897949219,put,2026-08-31,SPY,757.6699829101562,2026-08-03T21:31:02.637231+00:00
760.0,10.36,10.45,10.5,682.0,1737,0.10831580169677735,put,2026-08-31,SPY,757.6699829101562,2026-08-03T21:31:02.637231+00:00
761.0,10.8,10.89,10.69,306.0,207,0.1069425244140625,put,2026-08-31,SPY,757.6699829101562,2026-08-03T21:31:02.637231+00:00
762.0,11.26,11.35,11.21,43.0,391,0.10561502304077147,put,2026-08-31,SPY,757.6699829101562,2026-08-03T21:31:02.637231+00:00
763.0,11.74,11.84,11.81,81.0,394,0.10440959075927733,put,2026-08-31,SPY,757.6699829101562,2026-08-03T21:31:02.637231+00:00
764.0,11.43,13.03,12.2,2.0,150,0.11145908081054687,put,2026-08-31,SPY,757.6699829101562,2026-08-03T21:31:02.637231+00:00
765.0,12.68,12.89,12.5,74.0,394,0.10215131256103514,put,2026-08-31,SPY,757.6699829101562,2026-08-03T21:31:02.637231+00:00
766.0,12.39,14.27,13.33,199.0,111,0.11130649444580076,put,2026-08-31,SPY,757.6699829101562,2026-08-03T21:31:02.637231+00:00
767.0,12.93,14.85,14.81,106.0,61,0.11043675216674803,put,2026-08-31,SPY,757.6699829101562,2026-08-03T21:31:02.637231+00:00
768.0,13.23,15.8,14.34,104.0,4,0.11405304901123048,put,2026-08-31,SPY,757.6699829101562,2026-08-03T21:31:02.637231+00:00
769.0,13.82,16.28,16.19,198.0,70,0.1115201153564453,put,2026-08-31,SPY,757.6699829101562,2026-08-03T21:31:02.637231+00:00
770.0,14.46,16.6,16.14,177.0,110,0.10651528259277344,put,2026-08-31,SPY,757.6699829101562,2026-08-03T21:31:02.637231+00:00
771.0,15.09,17.77,16.95,44.0,0,0.11267977172851562,put,2026-08-31,SPY,757.6699829101562,2026-08-03T21:31:02.637231+00:00
772.0,15.86,18.3,18.22,404.0,0,0.11002476898193359,put,2026-08-31,SPY,757.6699829101562,2026-08-03T21:31:02.637231+00:00
773.0,16.42,19.56,18.09,659.0,0,0.11740994903564453,put,2026-08-31,SPY,757.6699829101562,2026-08-03T21:31:02.637231+00:00
774.0,17.13,20.27,19.83,690.0,0,0.11698270721435547,put,2026-08-31,SPY,757.6699829101562,2026-08-03T21:31:02.637231+00:00
775.0,17.86,21.0,19.31,417.0,3,0.11664701721191406,put,2026-08-31,SPY,757.6699829101562,2026-08-03T21:31:02.637231+00:00
776.0,18.61,21.75,20.12,877.0,1,0.11643339630126953,put,2026-08-31,SPY,757.6699829101562,2026-08-03T21:31:02.637231+00:00
777.0,19.38,22.52,22.06,1627.0,0,0.11631132720947265,put,2026-08-31,SPY,757.6699829101562,2026-08-03T21:31:02.637231+00:00
778.0,20.17,23.31,22.99,802.0,0,0.11631132720947265,put,2026-08-31,SPY,757.6699829101562,2026-08-03T21:31:02.637231+00:00
779.0,20.97,24.12,23.27,537.0,0,0.11646391357421876,put,2026-08-31,SPY,757.6699829101562,2026-08-03T21:31:02.637231+00:00
780.0,21.8,24.94,22.8,2342.0,7,0.11661649993896485,put,2026-08-31,SPY,757.6699829101562,2026-08-03T21:31:02.637231+00:00
781.0,22.63,25.78,23.15,3653.0,0,0.11695218994140624,put,2026-08-31,SPY,757.6699829101562,2026-08-03T21:31:02.637231+00:00
782.0,23.5,26.64,24.73,3019.0,0,0.1175015008544922,put,2026-08-31,SPY,757.6699829101562,2026-08-03T21:31:02.637231+00:00
783.0,24.37,27.51,26.32,3742.0,0,0.11808132904052734,put,2026-08-31,SPY,757.6699829101562,2026-08-03T21:31:02.637231+00:00
784.0,24.87,28.4,26.26,2845.0,0,0.11893581268310546,put,2026-08-31,SPY,757.6699829101562,2026-08-03T21:31:02.637231+00:00
785.0,25.77,29.3,27.9,656.0,1,0.119851330871582,put,2026-08-31,SPY,757.6699829101562,2026-08-03T21:31:02.637231+00:00
786.0,26.68,30.21,28.03,1240.0,0,0.12085840087890626,put,2026-08-31,SPY,757.6699829101562,2026-08-03T21:31:02.637231+00:00
787.0,27.61,31.13,30.12,146.0,0,0.12198753997802736,put,2026-08-31,SPY,757.6699829101562,2026-08-03T21:31:02.637231+00:00
788.0,28.54,32.07,29.95,648.0,0,0.12345236907958985,put,2026-08-31,SPY,757.6699829101562,2026-08-03T21:31:02.637231+00:00
789.0,29.48,33.01,30.81,60.0,0,0.1248561636352539,put,2026-08-31,SPY,757.6699829101562,2026-08-03T21:31:02.637231+00:00
790.0,30.44,33.96,32.18,388.0,6,0.12641254455566403,put,2026-08-31,SPY,757.6699829101562,2026-08-03T21:31:02.637231+00:00
791.0,31.4,34.92,33.72,414.0,0,0.1281520291137695,put,2026-08-31,SPY,757.6699829101562,2026-08-03T21:31:02.637231+00:00
792.0,32.37,35.89,34.69,428.0,0,0.1300746173095703,put,2026-08-31,SPY,757.6699829101562,2026-08-03T21:31:02.637231+00:00
793.0,33.34,36.86,36.8,244.0,0,0.13196668823242189,put,2026-08-31,SPY,757.6699829101562,2026-08-03T21:31:02.637231+00:00
795.0,35.3,38.82,37.35,2.0,0,0.13611703735351563,put,2026-08-31,SPY,757.6699829101562,2026-08-03T21:31:02.637231+00:00
796.0,36.29,39.81,59.73,1.0,0,0.13843635009765626,put,2026-08-31,SPY,757.6699829101562,2026-08-03T21:31:02.637231+00:00
797.0,37.29,40.8,40.85,2.0,0,0.14069462829589846,put,2026-08-31,SPY,757.6699829101562,2026-08-03T21:31:02.637231+00:00
798.0,38.28,41.79,41.86,2.0,0,0.14295290649414064,put,2026-08-31,SPY,757.6699829101562,2026-08-03T21:31:02.637231+00:00
800.0,41.0,43.78,42.0,8.0,2,0.14765256652832032,put,2026-08-31,SPY,757.6699829101562,2026-08-03T21:31:02.637231+00:00
805.0,45.27,48.78,48.85,2.0,0,0.1598594757080078,put,2026-08-31,SPY,757.6699829101562,2026-08-03T21:31:02.637231+00:00
815.0,55.27,58.78,58.85,2.0,0,0.1834798449707031,put,2026-08-31,SPY,757.6699829101562,2026-08-03T21:31:02.637231+00:00
825.0,84.78,88.14,114.99,,0,0.5065967309570312,put,2026-08-31,SPY,757.6699829101562,2026-08-03T21:31:02.637231+00:00
840.0,80.27,83.78,94.11,1.0,0,0.2386550744628906,put,2026-08-31,SPY,757.6699829101562,2026-08-03T21:31:02.637231+00:00
850.0,90.27,93.78,101.05,2.0,0,0.25952888916015626,put,2026-08-31,SPY,757.6699829101562,2026-08-03T21:31:02.637231+00:00
375.0,383.04,386.61,376.15,1.0,14,0.9204109521484375,call,2026-09-30,SPY,757.6699829101562,2026-08-03T21:31:02.637231+00:00
380.0,378.07,381.64,375.8,1.0,0,0.907105421142578,call,2026-09-30,SPY,757.6699829101562,2026-08-03T21:31:02.637231+00:00
410.0,348.25,351.82,347.15,3.0,1,0.8291032714843749,call,2026-09-30,SPY,757.6699829101562,2026-08-03T21:31:02.637231+00:00
415.0,343.29,346.85,340.0,41.0,73,0.8168963623046874,call,2026-09-30,SPY,757.6699829101562,2026-08-03T21:31:02.637231+00:00
420.0,335.24,338.62,325.97,35.0,79,0.6911651977539064,call,2026-09-30,SPY,757.6699829101562,2026-08-03T21:31:02.637231+00:00
425.0,0.0,0.0,327.0,2.0,0,1.0000000000000003e-05,call,2026-09-30,SPY,757.6699829101562,2026-08-03T21:31:02.637231+00:00
440.0,0.0,0.0,303.01,2.0,0,1.0000000000000003e-05,call,2026-09-30,SPY,757.6699829101562,2026-08-03T21:31:02.637231+00:00
450.0,0.0,0.0,303.49,,0,1.0000000000000003e-05,call,2026-09-30,SPY,757.6699829101562,2026-08-03T21:31:02.637231+00:00
460.0,282.14,285.65,229.77,,0,1.0000000000000003e-05,call,2026-09-30,SPY,757.6699829101562,2026-08-03T21:31:02.637231+00:00
470.0,286.58,289.97,275.35,1.0,0,0.5358933129882812,call,2026-09-30,SPY,757.6699829101562,2026-08-03T21:31:02.637231+00:00
475.0,281.64,285.03,266.91,1.0,80,0.532231240234375,call,2026-09-30,SPY,757.6699829101562,2026-08-03T21:31:02.637231+00:00
480.0,278.8,282.29,271.0,2.0,3,0.6645541357421877,call,2026-09-30,SPY,757.6699829101562,2026-08-03T21:31:02.637231+00:00
485.0,0.0,0.0,276.5,16.0,0,1.0000000000000003e-05,call,2026-09-30,SPY,757.6699829101562,2026-08-03T21:31:02.637231+00:00
490.0,0.0,0.0,271.0,1.0,0,1.0000000000000003e-05,call,2026-09-30,SPY,757.6699829101562,2026-08-03T21:31:02.637231+00:00
495.0,248.12,251.5,212.11,1.0,12,1.0000000000000003e-05,call,2026-09-30,SPY,757.6699829101562,2026-08-03T21:31:02.637231+00:00
500.0,258.96,262.45,241.09,28.0,60,0.6203651245117189,call,2026-09-30,SPY,757.6699829101562,2026-08-03T21:31:02.637231+00:00
505.0,0.0,0.0,259.46,2.0,0,1.0000000000000003e-05,call,2026-09-30,SPY,757.6699829101562,2026-08-03T21:31:02.637231+00:00
510.0,0.0,0.0,243.64,3.0,0,1.0000000000000003e-05,call,2026-09-30,SPY,757.6699829101562,2026-08-03T21:31:02.637231+00:00
515.0,226.45,229.9,228.41,1.0,205,1.0000000000000003e-05,call,2026-09-30,SPY,757.6699829101562,2026-08-03T21:31:02.637231+00:00
520.0,239.12,242.61,241.02,28.0,48,0.5767864587402343,call,2026-09-30,SPY,757.6699829101562,2026-08-03T21:31:02.637231+00:00
525.0,232.25,235.64,206.18,1.0,2,0.5561567822265626,call,2026-09-30,SPY,757.6699829101562,2026-08-03T21:31:02.637231+00:00
530.0,229.21,232.7,231.17,28.0,52,0.5556074713134767,call,2026-09-30,SPY,757.6699829101562,2026-08-03T21:31:02.637231+00:00
535.0,206.75,210.19,218.8,3.0,5,1.0000000000000003e-05,call,2026-09-30,SPY,757.6699829101562,2026-08-03T21:31:02.637231+00:00
540.0,219.31,222.8,203.19,1.0,28,0.5349167602539062,call,2026-09-30,SPY,757.6699829101562,2026-08-03T21:31:02.637231+00:00
545.0,199.18,202.61,176.69,2.0,4,1.0000000000000003e-05,call,2026-09-30,SPY,757.6699829101562,2026-08-03T21:31:02.637231+00:00
550.0,209.41,212.9,189.59,16.0,27,0.5141650146484374,call,2026-09-30,SPY,757.6699829101562,2026-08-03T21:31:02.637231+00:00
555.0,202.88,206.24,190.9,2.0,6,0.5049487982177734,call,2026-09-30,SPY,757.6699829101562,2026-08-03T21:31:02.637231+00:00
560.0,0.0,0.0,197.36,1.0,0,1.0000000000000003e-05,call,2026-09-30,SPY,757.6699829101562,2026-08-03T21:31:02.637231+00:00
565.0,194.57,198.06,172.61,1.0,6,0.5306443420410156,call,2026-09-30,SPY,757.6699829101562,2026-08-03T21:31:02.637231+00:00
570.0,189.63,193.12,187.75,1.0,70,0.5195360546875,call,2026-09-30,SPY,757.6699829101562,2026-08-03T21:31:02.637231+00:00
575.0,167.49,170.96,171.75,7.0,358,1.0000000000000003e-05,call,2026-09-30,SPY,757.6699829101562,2026-08-03T21:31:02.637231+00:00
580.0,162.6,166.08,167.78,5.0,17,1.0000000000000003e-05,call,2026-09-30,SPY,757.6699829101562,2026-08-03T21:31:02.637231+00:00
585.0,174.81,178.3,158.63,1.0,745,0.4862111926269531,call,2026-09-30,SPY,757.6699829101562,2026-08-03T21:31:02.637231+00:00
590.0,152.85,156.32,169.49,2.0,60,1.0000000000000003e-05,call,2026-09-30,SPY,757.6699829101562,2026-08-03T21:31:02.637231+00:00
594.0,165.93,169.42,157.94,1.0,2034,0.46652755157470704,call,2026-09-30,SPY,757.6699829101562,2026-08-03T21:31:02.637231+00:00
595.0,164.95,168.44,146.3,1.0,424,0.4644828942871094,call,2026-09-30,SPY,757.6699829101562,2026-08-03T21:31:02.637231+00:00
596.0,150.23,153.74,136.88,1.0,2,1.0000000000000003e-05,call,2026-09-30,SPY,757.6699829101562,2026-08-03T21:31:02.637231+00:00
597.0,0.0,0.0,159.56,1.0,0,1.0000000000000003e-05,call,2026-09-30,SPY,757.6699829101562,2026-08-03T21:31:02.637231+00:00
598.0,0.0,0.0,168.06,4.0,0,1.0000000000000003e-05,call,2026-09-30,SPY,757.6699829101562,2026-08-03T21:31:02.637231+00:00
599.0,144.1,147.57,157.83,2.0,1617,1.0000000000000003e-05,call,2026-09-30,SPY,757.6699829101562,2026-08-03T21:31:02.637231+00:00
600.0,160.02,163.51,149.0,1.0,1646,0.45361874511718747,call,2026-09-30,SPY,757.6699829101562,2026-08-03T21:31:02.637231+00:00
601.0,158.28,161.67,153.42,2.0,729,0.4328975167846679,call,2026-09-30,SPY,757.6699829101562,2026-08-03T21:31:02.637231+00:00
602.0,158.05,161.54,154.75,40.0,37,0.4492852923583984,call,2026-09-30,SPY,757.6699829101562,2026-08-03T21:31:02.637231+00:00
603.0,157.07,160.56,156.5,1.0,22,0.4472406350708008,call,2026-09-30,SPY,757.6699829101562,2026-08-03T21:31:02.637231+00:00
604.0,139.25,142.73,155.99,1.0,5,1.0000000000000003e-05,call,2026-09-30,SPY,757.6699829101562,2026-08-03T21:31:02.637231+00:00
605.0,155.1,158.59,155.52,1.0,4787,0.442937699584961,call,2026-09-30,SPY,757.6699829101562,2026-08-03T21:31:02.637231+00:00
606.0,154.12,157.61,147.9,2.0,0,0.44086252502441403,call,2026-09-30,SPY,757.6699829101562,2026-08-03T21:31:02.637231+00:00
607.0,0.0,0.0,152.5,2.0,0,1.0000000000000003e-05,call,2026-09-30,SPY,757.6699829101562,2026-08-03T21:31:02.637231+00:00
608.0,140.44,143.88,93.35,1.0,6,1.0000000000000003e-05,call,2026-09-30,SPY,757.6699829101562,2026-08-03T21:31:02.637231+00:00
609.0,137.98,141.49,135.06,1.0,21,1.0000000000000003e-05,call,2026-09-30,SPY,757.6699829101562,2026-08-03T21:31:02.637231+00:00
610.0,150.18,153.67,144.0,4.0,949,0.43219561950683594,call,2026-09-30,SPY,757.6699829101562,2026-08-03T21:31:02.637231+00:00
611.0,0.0,0.0,157.18,2.0,0,1.0000000000000003e-05,call,2026-09-30,SPY,757.6699829101562,2026-08-03T21:31:02.637231+00:00
612.0,136.74,140.19,86.8,1.0,26,1.0000000000000003e-05,call,2026-09-30,SPY,757.6699829101562,2026-08-03T21:31:02.637231+00:00
613.0,130.54,134.04,148.43,2.0,3,1.0000000000000003e-05,call,2026-09-30,SPY,757.6699829101562,2026-08-03T21:31:02.637231+00:00
614.0,0.0,0.0,134.74,1.0,0,1.0000000000000003e-05,call,2026-09-30,SPY,757.6699829101562,2026-08-03T21:31:02.637231+00:00
615.0,145.27,148.76,128.78,3.0,581,0.4216976776123047,call,2026-09-30,SPY,757.6699829101562,2026-08-03T21:31:02.637231+00:00
616.0,142.97,146.38,124.7,1.0,4,0.39087523193359375,call,2026-09-30,SPY,757.6699829101562,2026-08-03T21:31:02.637231+00:00
617.0,0.0,0.0,145.85,1.0,0,1.0000000000000003e-05,call,2026-09-30,SPY,757.6699829101562,2026-08-03T21:31:02.637231+00:00
618.0,141.03,144.44,122.79,1.0,5,0.3874572973632812,call,2026-09-30,SPY,757.6699829101562,2026-08-03T21:31:02.637231+00:00
619.0,128.63,132.14,104.58,1.0,1,1.0000000000000003e-05,call,2026-09-30,SPY,757.6699829101562,2026-08-03T21:31:02.637231+00:00
620.0,140.36,143.85,115.45,1.0,1233,0.4111081838989258,call,2026-09-30,SPY,757.6699829101562,2026-08-03T21:31:02.637231+00:00
621.0,126.77,130.28,108.48,26.0,24,1.0000000000000003e-05,call,2026-09-30,SPY,757.6699829101562,2026-08-03T21:31:02.637231+00:00
622.0,138.25,141.35,128.03,1.0,5,0.39658196197509765,call,2026-09-30,SPY,757.6699829101562,2026-08-03T21:31:02.637231+00:00
623.0,126.65,130.0,65.3,14.0,22,1.0000000000000003e-05,call,2026-09-30,SPY,757.6699829101562,2026-08-03T21:31:02.637231+00:00
624.0,136.43,139.93,134.43,2.0,4,0.40277696838378907,call,2026-09-30,SPY,757.6699829101562,2026-08-03T21:31:02.637231+00:00
625.0,135.45,138.95,116.17,1.0,251,0.4007017938232422,call,2026-09-30,SPY,757.6699829101562,2026-08-03T21:31:02.637231+00:00
626.0,122.13,125.65,102.28,1.0,236,1.0000000000000003e-05,call,2026-09-30,SPY,757.6699829101562,2026-08-03T21:31:02.637231+00:00
627.0,133.49,136.99,124.42,2.0,22,0.3965209274291992,call,2026-09-30,SPY,757.6699829101562,2026-08-03T21:31:02.637231+00:00
628.0,0.0,0.0,118.54,1.0,0,1.0000000000000003e-05,call,2026-09-30,SPY,757.6699829101562,2026-08-03T21:31:02.637231+00:00
629.0,131.61,134.71,125.32,1.0,215,0.386450227355957,call,2026-09-30,SPY,757.6699829101562,2026-08-03T21:31:02.637231+00:00
630.0,130.56,134.05,118.99,16.0,806,0.3902343692016602,call,2026-09-30,SPY,757.6699829101562,2026-08-03T21:31:02.637231+00:00
631.0,128.44,131.86,107.6,2.0,766,0.3654238262939453,call,2026-09-30,SPY,757.6699829101562,2026-08-03T21:31:02.637231+00:00
632.0,128.6,132.1,109.34,1.0,53,0.3862060891723632,call,2026-09-30,SPY,757.6699829101562,2026-08-03T21:31:02.637231+00:00
633.0,126.51,129.93,110.55,1.0,199,0.36203640899658207,call,2026-09-30,SPY,757.6699829101562,2026-08-03T21:31:02.637231+00:00
634.0,114.76,118.28,91.63,3.0,106,1.0000000000000003e-05,call,2026-09-30,SPY,757.6699829101562,2026-08-03T21:31:02.637231+00:00
635.0,125.67,129.16,112.41,2.0,790,0.37985849639892577,call,2026-09-30,SPY,757.6699829101562,2026-08-03T21:31:02.637231+00:00
636.0,124.69,128.19,109.91,1.0,117,0.37793590820312495,call,2026-09-30,SPY,757.6699829101562,2026-08-03T21:31:02.637231+00:00
637.0,112.02,115.53,93.04,2.0,131,1.0000000000000003e-05,call,2026-09-30,SPY,757.6699829101562,2026-08-03T21:31:02.637231+00:00
638.0,106.61,110.12,121.69,2.0,125,1.0000000000000003e-05,call,2026-09-30,SPY,757.6699829101562,2026-08-03T21:31:02.637231+00:00
639.0,120.74,124.16,109.8,1.0,556,0.3521182952880859,call,2026-09-30,SPY,757.6699829101562,2026-08-03T21:31:02.637231+00:00
640.0,120.79,124.28,121.5,3.0,984,0.36963520996093746,call,2026-09-30,SPY,757.6699829101562,2026-08-03T21:31:02.637231+00:00
641.0,119.81,123.31,103.5,5.0,245,0.3676821044921875,call,2026-09-30,SPY,757.6699829101562,2026-08-03T21:31:02.637231+00:00
642.0,102.82,106.34,119.98,2.0,174,1.0000000000000003e-05,call,2026-09-30,SPY,757.6699829101562,2026-08-03T21:31:02.637231+00:00
643.0,117.86,121.36,115.75,1.0,132,0.36356227264404295,call,2026-09-30,SPY,757.6699829101562,2026-08-03T21:31:02.637231+00:00
644.0,0.0,0.0,109.33,1.0,0,1.0000000000000003e-05,call,2026-09-30,SPY,757.6699829101562,2026-08-03T21:31:02.637231+00:00
645.0,115.91,119.41,105.99,4.0,503,0.3594729580688476,call,2026-09-30,SPY,757.6699829101562,2026-08-03T21:31:02.637231+00:00
646.0,114.94,118.44,103.7,2.0,24,0.35748933532714844,call,2026-09-30,SPY,757.6699829101562,2026-08-03T21:31:02.637231+00:00
647.0,113.07,116.49,106.4,1.0,202,0.3389043161010742,call,2026-09-30,SPY,757.6699829101562,2026-08-03T21:31:02.637231+00:00
648.0,112.11,115.54,105.32,1.0,4,0.3373784524536133,call,2026-09-30,SPY,757.6699829101562,2026-08-03T21:31:02.637231+00:00
649.0,0.0,0.0,116.07,1.0,0,1.0000000000000003e-05,call,2026-09-30,SPY,757.6699829101562,2026-08-03T21:31:02.637231+00:00
650.0,111.05,114.55,109.76,2.0,1400,0.3493717407226562,call,2026-09-30,SPY,757.6699829101562,2026-08-03T21:31:02.637231+00:00
651.0,109.25,112.67,113.99,1.0,7,0.3323736196899414,call,2026-09-30,SPY,757.6699829101562,2026-08-03T21:31:02.637231+00:00
652.0,93.42,96.93,111.15,3.0,17,1.0000000000000003e-05,call,2026-09-30,SPY,757.6699829101562,2026-08-03T21:31:02.637231+00:00
653.0,107.34,110.77,98.59,2.0,25,0.3291998233032226,call,2026-09-30,SPY,757.6699829101562,2026-08-03T21:31:02.637231+00:00
654.0,107.17,110.67,95.91,1.0,34,0.34134569793701175,call,2026-09-30,SPY,757.6699829101562,2026-08-03T21:31:02.637231+00:00
655.0,106.2,109.7,99.61,2.0,229,0.33933155792236325,call,2026-09-30,SPY,757.6699829101562,2026-08-03T21:31:02.637231+00:00
656.0,106.28,109.47,107.73,2.0,53,0.348639326171875,call,2026-09-30,SPY,757.6699829101562,2026-08-03T21:31:02.637231+00:00
657.0,104.27,107.76,100.74,1.0,10,0.3352727606201171,call,2026-09-30,SPY,757.6699829101562,2026-08-03T21:31:02.637231+00:00
658.0,0.0,0.0,106.92,1.0,0,1.0000000000000003e-05,call,2026-09-30,SPY,757.6699829101562,2026-08-03T21:31:02.637231+00:00
659.0,102.34,105.83,99.6,1.0,49,0.33136654968261714,call,2026-09-30,SPY,757.6699829101562,2026-08-03T21:31:02.637231+00:00
660.0,101.37,104.87,93.0,1.0,556,0.32947447875976554,call,2026-09-30,SPY,757.6699829101562,2026-08-03T21:31:02.637231+00:00
661.0,100.4,103.9,91.95,1.0,15,0.32739930419921875,call,2026-09-30,SPY,757.6699829101562,2026-08-03T21:31:02.637231+00:00
662.0,99.44,102.94,97.74,1.0,15,0.3255072332763671,call,2026-09-30,SPY,757.6699829101562,2026-08-03T21:31:02.637231+00:00
663.0,83.21,86.72,100.65,3.0,69,1.0000000000000003e-05,call,2026-09-30,SPY,757.6699829101562,2026-08-03T21:31:02.637231+00:00
664.0,97.51,101.01,88.68,3.0,113,0.3215399877929687,call,2026-09-30,SPY,757.6699829101562,2026-08-03T21:31:02.637231+00:00
665.0,96.55,100.05,89.36,1.0,110,0.31961739959716784,call,2026-09-30,SPY,757.6699829101562,2026-08-03T21:31:02.637231+00:00
666.0,95.59,99.09,93.21,8.0,40,0.3176642941284179,call,2026-09-30,SPY,757.6699829101562,2026-08-03T21:31:02.637231+00:00
667.0,85.09,88.61,77.72,1.0,103,1.0000000000000003e-05,call,2026-09-30,SPY,757.6699829101562,2026-08-03T21:31:02.637231+00:00
668.0,93.67,97.16,80.87,1.0,126,0.3136360140991211,call,2026-09-30,SPY,757.6699829101562,2026-08-03T21:31:02.637231+00:00
669.0,85.78,88.84,54.79,1.0,275,0.13672738281250002,call,2026-09-30,SPY,757.6699829101562,2026-08-03T21:31:02.637231+00:00
670.0,91.76,95.18,89.11,1.0,2905,0.3088753195190429,call,2026-09-30,SPY,757.6699829101562,2026-08-03T21:31:02.637231+00:00
671.0,90.79,94.29,90.99,1.0,67,0.3079292840576171,call,2026-09-30,SPY,757.6699829101562,2026-08-03T21:31:02.637231+00:00
672.0,0.0,0.0,99.62,4.0,0,1.0000000000000003e-05,call,2026-09-30,SPY,757.6699829101562,2026-08-03T21:31:02.637231+00:00
673.0,88.88,92.37,81.45,1.0,34,0.3039620385742187,call,2026-09-30,SPY,757.6699829101562,2026-08-03T21:31:02.637231+00:00
674.0,87.92,91.42,80.49,3.0,53,0.3021004849243164,call,2026-09-30,SPY,757.6699829101562,2026-08-03T21:31:02.637231+00:00
675.0,86.97,90.47,81.19,1.0,441,0.30025418991088865,call,2026-09-30,SPY,757.6699829101562,2026-08-03T21:31:02.637231+00:00
676.0,86.01,89.51,86.13,1.0,45,0.29825530853271476,call,2026-09-30,SPY,757.6699829101562,2026-08-03T21:31:02.637231+00:00
677.0,85.06,88.56,79.4,9.0,274,0.2963632376098633,call,2026-09-30,SPY,757.6699829101562,2026-08-03T21:31:02.637231+00:00
678.0,84.11,87.61,80.0,10.0,30,0.2944864253234863,call,2026-09-30,SPY,757.6699829101562,2026-08-03T21:31:02.637231+00:00
679.0,83.16,86.66,72.5,1.0,89,0.2925943544006347,call,2026-09-30,SPY,757.6699829101562,2026-08-03T21:31:02.637231+00:00
680.0,82.22,85.71,82.0,12.0,1521,0.2906870248413085,call,2026-09-30,SPY,757.6699829101562,2026-08-03T21:31:02.637231+00:00
681.0,81.27,84.76,68.0,1.0,41,0.28876443664550777,call,2026-09-30,SPY,757.6699829101562,2026-08-03T21:31:02.637231+00:00
682.0,80.32,83.82,81.77,2.0,140,0.2869944348144531,call,2026-09-30,SPY,757.6699829101562,2026-08-03T21:31:02.637231+00:00
683.0,79.37,82.87,75.93,2.0,155,0.28504132934570303,call,2026-09-30,SPY,757.6699829101562,2026-08-03T21:31:02.637231+00:00
684.0,78.43,81.93,61.43,4.0,59,0.2832408102416991,call,2026-09-30,SPY,757.6699829101562,2026-08-03T21:31:02.637231+00:00
685.0,77.48,80.98,60.0,3.0,612,0.2812877047729492,call,2026-09-30,SPY,757.6699829101562,2026-08-03T21:31:02.637231+00:00
686.0,76.54,80.04,62.93,3.0,104,0.27945666839599603,call,2026-09-30,SPY,757.6699829101562,2026-08-03T21:31:02.637231+00:00
687.0,75.6,79.1,71.18,7.0,196,0.2775951147460937,call,2026-09-30,SPY,757.6699829101562,2026-08-03T21:31:02.637231+00:00
688.0,74.66,78.16,70.97,18.0,84,0.2757335610961914,call,2026-09-30,SPY,757.6699829101562,2026-08-03T21:31:02.637231+00:00
689.0,73.72,77.22,61.63,1.0,170,0.27387200744628903,call,2026-09-30,SPY,757.6699829101562,2026-08-03T21:31:02.637231+00:00
690.0,72.78,76.28,75.0,13.0,806,0.27197993652343744,call,2026-09-30,SPY,757.6699829101562,2026-08-03T21:31:02.637231+00:00
691.0,71.85,75.35,71.02,1.0,309,0.27020993469238286,call,2026-09-30,SPY,757.6699829101562,2026-08-03T21:31:02.637231+00:00
692.0,70.91,74.41,66.35,10.0,10,0.2683178637695312,call,2026-09-30,SPY,757.6699829101562,2026-08-03T21:31:02.637231+00:00
693.0,69.98,73.48,52.56,1.0,0,0.26651734466552734,call,2026-09-30,SPY,757.6699829101562,2026-08-03T21:31:02.637231+00:00
694.0,69.05,72.55,52.19,1.0,1,0.26471682556152343,call,2026-09-30,SPY,757.6699829101562,2026-08-03T21:31:02.637231+00:00
695.0,68.12,71.62,59.05,5.0,754,0.2628857891845704,call,2026-09-30,SPY,757.6699829101562,2026-08-03T21:31:02.637231+00:00
696.0,67.2,70.7,54.78,3.0,6,0.26117682189941405,call,2026-09-30,SPY,757.6699829101562,2026-08-03T21:31:02.637231+00:00
698.0,65.35,68.84,65.61,1.0,15,0.2574537145996094,call,2026-09-30,SPY,757.6699829101562,2026-08-03T21:31:02.637231+00:00
699.0,64.43,67.92,64.09,2.0,1,0.2556837127685547,call,2026-09-30,SPY,757.6699829101562,2026-08-03T21:31:02.637231+00:00
700.0,63.51,67.0,65.16,35.0,2599,0.25391371093750004,call,2026-09-30,SPY,757.6699829101562,2026-08-03T21:31:02.637231+00:00
701.0,62.58,66.08,50.44,,1,0.2521131918334961,call,2026-09-30,SPY,757.6699829101562,2026-08-03T21:31:02.637231+00:00
702.0,61.67,65.16,50.59,45.0,43,0.2502974140930176,call,2026-09-30,SPY,757.6699829101562,2026-08-03T21:31:02.637231+00:00
704.0,59.84,63.33,58.5,1.0,1,0.2467421517944336,call,2026-09-30,SPY,757.6699829101562,2026-08-03T21:31:02.637231+00:00
705.0,58.93,62.42,58.91,1.0,937,0.24498740859985352,call,2026-09-30,SPY,757.6699829101562,2026-08-03T21:31:02.637231+00:00
706.0,58.02,61.51,49.34,1.0,7,0.24323266540527344,call,2026-09-30,SPY,757.6699829101562,2026-08-03T21:31:02.637231+00:00
707.0,57.11,60.6,43.67,2.0,2,0.24143214630126952,call,2026-09-30,SPY,757.6699829101562,2026-08-03T21:31:02.637231+00:00
708.0,56.21,59.7,47.61,1.0,1,0.23975369628906246,call,2026-09-30,SPY,757.6699829101562,2026-08-03T21:31:02.637231+00:00
709.0,55.31,58.8,49.91,2.0,5,0.2380294703674316,call,2026-09-30,SPY,757.6699829101562,2026-08-03T21:31:02.637231+00:00
710.0,54.41,57.9,54.5,6.0,975,0.23630524444580076,call,2026-09-30,SPY,757.6699829101562,2026-08-03T21:31:02.637231+00:00
711.0,53.51,57.0,44.35,152.0,15,0.23453524261474606,call,2026-09-30,SPY,757.6699829101562,2026-08-03T21:31:02.637231+00:00
712.0,52.62,56.11,52.58,2.0,2,0.23287205123901367,call,2026-09-30,SPY,757.6699829101562,2026-08-03T21:31:02.637231+00:00
713.0,51.73,55.21,39.62,3.0,3,0.2310867907714844,call,2026-09-30,SPY,757.6699829101562,2026-08-03T21:31:02.637231+00:00
715.0,49.96,53.44,48.5,2.0,1954,0.22772989074707028,call,2026-09-30,SPY,757.6699829101562,2026-08-03T21:31:02.637231+00:00
716.0,49.07,52.55,33.69,82.0,44,0.2259751475524902,call,2026-09-30,SPY,757.6699829101562,2026-08-03T21:31:02.637231+00:00
717.0,48.19,51.67,36.89,1.0,2,0.22429669754028314,call,2026-09-30,SPY,757.6699829101562,2026-08-03T21:31:02.637231+00:00
718.0,47.31,50.8,37.7,2.0,35,0.2226945407104492,call,2026-09-30,SPY,757.6699829101562,2026-08-03T21:31:02.637231+00:00
719.0,46.44,49.92,37.47,1.0,1,0.22097031478881834,call,2026-09-30,SPY,757.6699829101562,2026-08-03T21:31:02.637231+00:00
720.0,45.57,49.05,40.0,14.0,1709,0.21932238204956056,call,2026-09-30,SPY,757.6699829101562,2026-08-03T21:31:02.637231+00:00
721.0,44.7,48.18,46.68,1.0,27,0.2176439320373535,call,2026-09-30,SPY,757.6699829101562,2026-08-03T21:31:02.637231+00:00
722.0,43.84,47.32,41.71,1.0,38,0.2160417752075195,call,2026-09-30,SPY,757.6699829101562,2026-08-03T21:31:02.637231+00:00
723.0,42.98,46.46,34.88,2.0,2,0.21440910110473632,call,2026-09-30,SPY,757.6699829101562,2026-08-03T21:31:02.637231+00:00
724.0,42.13,45.61,34.79,2.0,21,0.21285272018432616,call,2026-09-30,SPY,757.6699829101562,2026-08-03T21:31:02.637231+00:00
725.0,41.28,44.76,40.83,11.0,2032,0.21125056335449216,call,2026-09-30,SPY,757.6699829101562,2026-08-03T21:31:02.637231+00:00
726.0,40.43,43.91,41.29,1.0,51,0.20963314788818355,call,2026-09-30,SPY,757.6699829101562,2026-08-03T21:31:02.637231+00:00
727.0,39.58,43.06,32.82,16.0,26,0.20798521514892576,call,2026-09-30,SPY,757.6699829101562,2026-08-03T21:31:02.637231+00:00
728.0,38.74,42.22,32.96,2.0,23,0.20639831695556637,call,2026-09-30,SPY,757.6699829101562,2026-08-03T21:31:02.637231+00:00
729.0,37.91,41.39,30.81,2.0,8,0.20487245330810544,call,2026-09-30,SPY,757.6699829101562,2026-08-03T21:31:02.637231+00:00
730.0,37.08,40.44,38.58,54.0,5146,0.20218693328857418,call,2026-09-30,SPY,757.6699829101562,2026-08-03T21:31:02.637231+00:00
731.0,36.25,39.73,38.25,7.0,79,0.20171391555786133,call,2026-09-30,SPY,757.6699829101562,2026-08-03T21:31:02.637231+00:00
732.0,35.43,38.91,36.83,15.0,325,0.2001880519104004,call,2026-09-30,SPY,757.6699829101562,2026-08-03T21:31:02.637231+00:00
733.0,34.62,38.1,30.29,1.0,138,0.19870796417236325,call,2026-09-30,SPY,757.6699829101562,2026-08-03T21:31:02.637231+00:00
734.0,33.81,37.29,25.1,2.0,55,0.19719735916137693,call,2026-09-30,SPY,757.6699829101562,2026-08-03T21:31:02.637231+00:00
735.0,33.01,36.48,34.5,70.0,825,0.19564097824096682,call,2026-09-30,SPY,757.6699829101562,2026-08-03T21:31:02.637231+00:00
736.0,32.21,35.68,31.8,71.0,253,0.19414563186645512,call,2026-09-30,SPY,757.6699829101562,2026-08-03T21:31:02.637231+00:00
737.0,31.41,34.89,29.35,6.0,98,0.1926960614013672,call,2026-09-30,SPY,757.6699829101562,2026-08-03T21:31:02.637231+00:00
738.0,30.63,34.1,32.63,9.0,162,0.19120071502685548,call,2026-09-30,SPY,757.6699829101562,2026-08-03T21:31:02.637231+00:00
739.0,29.84,33.32,31.78,15.0,136,0.18976640319824223,call,2026-09-30,SPY,757.6699829101562,2026-08-03T21:31:02.637231+00:00
740.0,29.07,32.38,30.93,60.0,1617,0.18688252090454105,call,2026-09-30,SPY,757.6699829101562,2026-08-03T21:31:02.637231+00:00
741.0,28.3,31.78,30.38,18.0,44,0.18692829681396483,call,2026-09-30,SPY,757.6699829101562,2026-08-03T21:31:02.637231+00:00
742.0,27.54,31.01,26.5,11.0,224,0.18544820907592768,call,2026-09-30,SPY,757.6699829101562,2026-08-03T21:31:02.637231+00:00
743.0,26.78,30.26,26.24,3.0,249,0.1840901904296875,call,2026-09-30,SPY,757.6699829101562,2026-08-03T21:31:02.637231+00:00
744.0,26.04,29.51,25.14,1.0,224,0.1826863958740234,call,2026-09-30,SPY,757.6699829101562,2026-08-03T21:31:02.637231+00:00
745.0,25.4,28.49,27.08,30.0,3523,0.1789327713012695,call,2026-09-30,SPY,757.6699829101562,2026-08-03T21:31:02.637231+00:00
746.0,24.64,28.0,23.5,2.0,118,0.17966518585205077,call,2026-09-30,SPY,757.6699829101562,2026-08-03T21:31:02.637231+00:00
747.0,23.84,27.31,25.17,25.0,192,0.17862759857177735,call,2026-09-30,SPY,757.6699829101562,2026-08-03T21:31:02.637231+00:00
748.0,23.69,26.03,23.32,8.0,249,0.17255466125488284,call,2026-09-30,SPY,757.6699829101562,2026-08-03T21:31:02.637231+00:00
749.0,22.98,25.32,24.41,45.0,197,0.17127293579101563,call,2026-09-30,SPY,757.6699829101562,2026-08-03T21:31:02.637231+00:00
750.0,22.9,23.99,23.11,61.0,3625,0.1647269807434082,call,2026-09-30,SPY,757.6699829101562,2026-08-03T21:31:02.637231+00:00
751.0,21.61,23.9,22.78,43.0,494,0.16851112258911138,call,2026-09-30,SPY,757.6699829101562,2026-08-03T21:31:02.637231+00:00
752.0,20.93,23.21,22.47,34.0,483,0.16722939712524415,call,2026-09-30,SPY,757.6699829101562,2026-08-03T21:31:02.637231+00:00
753.0,20.27,22.53,21.39,56.0,342,0.16596293029785159,call,2026-09-30,SPY,757.6699829101562,2026-08-03T21:31:02.637231+00:00
754.0,19.62,21.85,20.93,42.0,373,0.16463542892456057,call,2026-09-30,SPY,757.6699829101562,2026-08-03T21:31:02.637231+00:00
755.0,19.54,20.61,20.07,195.0,3258,0.15862352615356445,call,2026-09-30,SPY,757.6699829101562,2026-08-03T21:31:02.637231+00:00
756.0,18.34,20.53,19.49,133.0,997,0.1621330125427246,call,2026-09-30,SPY,757.6699829101562,2026-08-03T21:31:02.637231+00:00
757.0,17.72,19.89,18.48,18.0,286,0.1609428388977051,call,2026-09-30,SPY,757.6699829101562,2026-08-03T21:31:02.637231+00:00
758.0,18.18,18.23,18.21,76.0,144,0.151299380645752,call,2026-09-30,SPY,757.6699829101562,2026-08-03T21:31:02.637231+00:00
759.0,17.57,17.62,17.31,29.0,753,0.15024653472900396,call,2026-09-30,SPY,757.6699829101562,2026-08-03T21:31:02.637231+00:00
760.0,16.97,17.02,17.25,666.0,2292,0.14919368881225586,call,2026-09-30,SPY,757.6699829101562,2026-08-03T21:31:02.637231+00:00
761.0,16.38,16.43,14.88,11.0,1559,0.14814084289550783,call,2026-09-30,SPY,757.6699829101562,2026-08-03T21:31:02.637231+00:00
762.0,15.8,15.85,15.53,26.0,1001,0.14711851425170897,call,2026-09-30,SPY,757.6699829101562,2026-08-03T21:31:02.637231+00:00
763.0,15.23,15.28,15.24,23.0,148,0.14608092697143554,call,2026-09-30,SPY,757.6699829101562,2026-08-03T21:31:02.637231+00:00
764.0,14.68,14.73,14.82,10.0,284,0.14515015014648439,call,2026-09-30,SPY,757.6699829101562,2026-08-03T21:31:02.637231+00:00
765.0,14.14,14.19,14.16,241.0,2261,0.14420411468505856,call,2026-09-30,SPY,757.6699829101562,2026-08-03T21:31:02.637231+00:00
766.0,13.61,13.66,13.66,25.0,487,0.14328859649658204,call,2026-09-30,SPY,757.6699829101562,2026-08-03T21:31:02.637231+00:00
767.0,13.09,13.14,11.65,6.0,270,0.14235781967163086,call,2026-09-30,SPY,757.6699829101562,2026-08-03T21:31:02.637231+00:00
768.0,12.58,12.63,12.48,35.0,119,0.1414270428466797,call,2026-09-30,SPY,757.6699829101562,2026-08-03T21:31:02.637231+00:00
769.0,12.09,12.13,12.1,48.0,465,0.14049626602172854,call,2026-09-30,SPY,757.6699829101562,2026-08-03T21:31:02.637231+00:00
770.0,11.61,11.65,11.5,349.0,1347,0.139657041015625,call,2026-09-30,SPY,757.6699829101562,2026-08-03T21:31:02.637231+00:00
771.0,11.14,11.18,11.26,85.0,104,0.13881781600952148,call,2026-09-30,SPY,757.6699829101562,2026-08-03T21:31:02.637231+00:00
772.0,10.68,10.73,10.6,211.0,288,0.13807014282226562,call,2026-09-30,SPY,757.6699829101562,2026-08-03T21:31:02.637231+00:00
773.0,10.24,10.28,10.27,97.0,246,0.13721565917968753,call,2026-09-30,SPY,757.6699829101562,2026-08-03T21:31:02.637231+00:00
774.0,9.81,9.85,9.89,181.0,96,0.13646798599243165,call,2026-09-30,SPY,757.6699829101562,2026-08-03T21:31:02.637231+00:00
775.0,9.39,9.43,9.25,362.0,3551,0.1357050541687012,call,2026-09-30,SPY,757.6699829101562,2026-08-03T21:31:02.637231+00:00
776.0,8.98,9.03,8.84,75.0,562,0.1350336741638184,call,2026-09-30,SPY,757.6699829101562,2026-08-03T21:31:02.637231+00:00
777.0,8.59,8.63,8.46,52.0,131,0.13428600097656251,call,2026-09-30,SPY,757.6699829101562,2026-08-03T21:31:02.637231+00:00
778.0,8.21,8.25,8.25,68.0,155,0.1336146209716797,call,2026-09-30,SPY,757.6699829101562,2026-08-03T21:31:02.637231+00:00
779.0,7.84,7.89,7.86,57.0,353,0.1330347927856445,call,2026-09-30,SPY,757.6699829101562,2026-08-03T21:31:02.637231+00:00
780.0,7.49,7.53,7.44,366.0,2359,0.13236341278076175,call,2026-09-30,SPY,757.6699829101562,2026-08-03T21:31:02.637231+00:00
781.0,7.15,7.19,7.35,87.0,335,0.13178358459472655,call,2026-09-30,SPY,757.6699829101562,2026-08-03T21:31:02.637231+00:00
782.0,6.82,6.86,6.65,105.0,47,0.13120375640869142,call,2026-09-30,SPY,757.6699829101562,2026-08-03T21:31:02.637231+00:00
783.0,6.5,6.54,6.53,140.0,187,0.13062392822265623,call,2026-09-30,SPY,757.6699829101562,2026-08-03T21:31:02.637231+00:00
784.0,6.2,6.24,6.03,84.0,126,0.13016616912841794,call,2026-09-30,SPY,757.6699829101562,2026-08-03T21:31:02.637231+00:00
785.0,5.9,5.94,5.86,107.0,611,0.12960159957885742,call,2026-09-30,SPY,757.6699829101562,2026-08-03T21:31:02.637231+00:00
786.0,5.62,5.66,5.45,151.0,20178,0.12915909912109375,call,2026-09-30,SPY,757.6699829101562,2026-08-03T21:31:02.637231+00:00
787.0,5.35,5.39,5.49,7.0,186,0.12870134002685546,call,2026-09-30,SPY,757.6699829101562,2026-08-03T21:31:02.637231+00:00
788.0,5.09,5.13,5.22,546.0,545,0.1282740982055664,call,2026-09-30,SPY,757.6699829101562,2026-08-03T21:31:02.637231+00:00
789.0,4.84,4.88,4.73,656.0,217,0.12786211502075195,call,2026-09-30,SPY,757.6699829101562,2026-08-03T21:31:02.637231+00:00
790.0,4.6,4.64,4.56,366.0,5630,0.12746539047241212,call,2026-09-30,SPY,757.6699829101562,2026-08-03T21:31:02.637231+00:00
791.0,4.37,4.41,4.33,193.0,315,0.12708392456054687,call,2026-09-30,SPY,757.6699829101562,2026-08-03T21:31:02.637231+00:00
792.0,4.15,4.19,4.18,9.0,301,0.12671771728515624,call,2026-09-30,SPY,757.6699829101562,2026-08-03T21:31:02.637231+00:00
793.0,3.94,3.98,4.02,21.0,268,0.1263820272827148,call,2026-09-30,SPY,757.6699829101562,2026-08-03T21:31:02.637231+00:00
794.0,3.74,3.78,3.78,90.0,1896,0.12607685455322265,call,2026-09-30,SPY,757.6699829101562,2026-08-03T21:31:02.637231+00:00
795.0,3.55,3.59,3.52,508.0,2475,0.1258021990966797,call,2026-09-30,SPY,757.6699829101562,2026-08-03T21:31:02.637231+00:00
796.0,3.37,3.4,3.31,10.0,193,0.12543599182128906,call,2026-09-30,SPY,757.6699829101562,2026-08-03T21:31:02.637231+00:00
797.0,3.2,3.23,3.13,1.0,291,0.12523762954711914,call,2026-09-30,SPY,757.6699829101562,2026-08-03T21:31:02.637231+00:00
798.0,3.03,3.06,3.12,13.0,186,0.12494771545410156,call,2026-09-30,SPY,757.6699829101562,2026-08-03T21:31:02.637231+00:00
799.0,2.87,2.9,2.74,11.0,238,0.1247035772705078,call,2026-09-30,SPY,757.6699829101562,2026-08-03T21:31:02.637231+00:00
800.0,2.72,2.75,2.7,1647.0,94627,0.12448995635986329,call,2026-09-30,SPY,757.6699829101562,2026-08-03T21:31:02.637231+00:00
801.0,2.57,2.61,2.59,81.0,240,0.12436788726806641,call,2026-09-30,SPY,757.6699829101562,2026-08-03T21:31:02.637231+00:00
802.0,2.44,2.47,2.41,18.0,96,0.12415426635742188,call,2026-09-30,SPY,757.6699829101562,2026-08-03T21:31:02.637231+00:00
803.0,2.31,2.33,2.28,39.0,2660,0.12381857635498048,call,2026-09-30,SPY,757.6699829101562,2026-08-03T21:31:02.637231+00:00
804.0,2.18,2.21,2.05,64.0,179,0.12372702453613281,call,2026-09-30,SPY,757.6699829101562,2026-08-03T21:31:02.637231+00:00
805.0,2.06,2.09,2.03,599.0,1922,0.1235439208984375,call,2026-09-30,SPY,757.6699829101562,2026-08-03T21:31:02.637231+00:00
806.0,1.95,1.98,1.94,118.0,262,0.12345236907958985,call,2026-09-30,SPY,757.6699829101562,2026-08-03T21:31:02.637231+00:00
807.0,1.85,1.88,1.3,2.0,263,0.12345236907958985,call,2026-09-30,SPY,757.6699829101562,2026-08-03T21:31:02.637231+00:00
808.0,1.75,1.77,1.73,5.0,63,0.12317771362304689,call,2026-09-30,SPY,757.6699829101562,2026-08-03T21:31:02.637231+00:00
809.0,1.65,1.68,1.56,8.0,119,0.12317771362304689,call,2026-09-30,SPY,757.6699829101562,2026-08-03T21:31:02.637231+00:00
810.0,1.56,1.59,1.56,85.0,1619,0.12311667907714845,call,2026-09-30,SPY,757.6699829101562,2026-08-03T21:31:02.637231+00:00
811.0,1.48,1.5,1.48,6.0,57,0.12299460998535157,call,2026-09-30,SPY,757.6699829101562,2026-08-03T21:31:02.637231+00:00
812.0,1.4,1.42,1.29,16.0,22,0.12296409271240236,call,2026-09-30,SPY,757.6699829101562,2026-08-03T21:31:02.637231+00:00
813.0,1.32,1.35,1.31,6.0,32,0.12308616180419923,call,2026-09-30,SPY,757.6699829101562,2026-08-03T21:31:02.637231+00:00
814.0,1.25,1.27,1.25,3.0,38,0.1229030581665039,call,2026-09-30,SPY,757.6699829101562,2026-08-03T21:31:02.637231+00:00
815.0,1.18,1.21,1.18,68.0,751,0.12308616180419923,call,2026-09-30,SPY,757.6699829101562,2026-08-03T21:31:02.637231+00:00
816.0,1.12,1.14,1.08,2.0,33,0.12299460998535157,call,2026-09-30,SPY,757.6699829101562,2026-08-03T21:31:02.637231+00:00
817.0,1.06,1.08,1.01,2.0,55,0.12305564453125001,call,2026-09-30,SPY,757.6699829101562,2026-08-03T21:31:02.637231+00:00
818.0,1.0,1.03,0.28,6.0,13,0.12329978271484376,call,2026-09-30,SPY,757.6699829101562,2026-08-03T21:31:02.637231+00:00
819.0,0.95,0.97,0.53,2.0,66,0.12317771362304689,call,2026-09-30,SPY,757.6699829101562,2026-08-03T21:31:02.637231+00:00
820.0,0.9,0.92,0.87,116.0,1747,0.12329978271484376,call,2026-09-30,SPY,757.6699829101562,2026-08-03T21:31:02.637231+00:00
821.0,0.85,0.88,0.85,2.0,12,0.12363547271728516,call,2026-09-30,SPY,757.6699829101562,2026-08-03T21:31:02.637231+00:00
822.0,0.81,0.83,0.39,1.0,18,0.12360495544433595,call,2026-09-30,SPY,757.6699829101562,2026-08-03T21:31:02.637231+00:00
823.0,0.77,0.79,0.77,3.0,38,0.12384909362792969,call,2026-09-30,SPY,757.6699829101562,2026-08-03T21:31:02.637231+00:00
824.0,0.73,0.75,0.68,6.0,277,0.12397116271972657,call,2026-09-30,SPY,757.6699829101562,2026-08-03T21:31:02.637231+00:00
825.0,0.69,0.71,0.69,147.0,71904,0.12409323181152344,call,2026-09-30,SPY,757.6699829101562,2026-08-03T21:31:02.637231+00:00
826.0,0.66,0.68,0.31,1.0,15,0.12445943908691406,call,2026-09-30,SPY,757.6699829101562,2026-08-03T21:31:02.637231+00:00
827.0,0.63,0.65,0.39,2.0,16,0.12476461181640625,call,2026-09-30,SPY,757.6699829101562,2026-08-03T21:31:02.637231+00:00
828.0,0.6,0.62,0.29,1.0,22,0.12506978454589845,call,2026-09-30,SPY,757.6699829101562,2026-08-03T21:31:02.637231+00:00
829.0,0.57,0.59,0.28,1.0,13,0.12525288818359376,call,2026-09-30,SPY,757.6699829101562,2026-08-03T21:31:02.637231+00:00
830.0,0.54,0.56,0.53,5.0,1071,0.12543599182128906,call,2026-09-30,SPY,757.6699829101562,2026-08-03T21:31:02.637231+00:00
831.0,0.52,0.53,0.48,1.0,5,0.12555806091308597,call,2026-09-30,SPY,757.6699829101562,2026-08-03T21:31:02.637231+00:00
832.0,0.49,0.51,0.22,14.0,17,0.125985302734375,call,2026-09-30,SPY,757.6699829101562,2026-08-03T21:31:02.637231+00:00
833.0,0.47,0.49,0.23,1.0,34,0.12647357910156248,call,2026-09-30,SPY,757.6699829101562,2026-08-03T21:31:02.637231+00:00
834.0,0.45,0.47,0.22,9.0,17,0.12683978637695312,call,2026-09-30,SPY,757.6699829101562,2026-08-03T21:31:02.637231+00:00
835.0,0.43,0.45,0.39,8.0,529,0.12720599365234375,call,2026-09-30,SPY,757.6699829101562,2026-08-03T21:31:02.637231+00:00
836.0,0.41,0.43,0.26,8.0,5,0.12757220092773439,call,2026-09-30,SPY,757.6699829101562,2026-08-03T21:31:02.637231+00:00
837.0,0.39,0.41,0.16,2.0,117,0.12781633911132811,call,2026-09-30,SPY,757.6699829101562,2026-08-03T21:31:02.637231+00:00
838.0,0.38,0.39,0.19,1012.0,1011,0.12806047729492187,call,2026-09-30,SPY,757.6699829101562,2026-08-03T21:31:02.637231+00:00
839.0,0.36,0.38,0.25,2.0,18,0.1287928918457031,call,2026-09-30,SPY,757.6699829101562,2026-08-03T21:31:02.637231+00:00
840.0,0.35,0.36,0.35,28.0,660,0.1289149609375,call,2026-09-30,SPY,757.6699829101562,2026-08-03T21:31:02.637231+00:00
841.0,0.33,0.35,0.18,33.0,130,0.12952530639648438,call,2026-09-30,SPY,757.6699829101562,2026-08-03T21:31:02.637231+00:00
842.0,0.32,0.34,0.2,24.0,25,0.13013565185546871,call,2026-09-30,SPY,757.6699829101562,2026-08-03T21:31:02.637231+00:00
843.0,0.31,0.32,0.19,24.0,50,0.13013565185546871,call,2026-09-30,SPY,757.6699829101562,2026-08-03T21:31:02.637231+00:00
844.0,0.3,0.31,0.13,1.0,1,0.1307459973144531,call,2026-09-30,SPY,757.6699829101562,2026-08-03T21:31:02.637231+00:00
845.0,0.29,0.3,0.2,1.0,437,0.1313563427734375,call,2026-09-30,SPY,757.6699829101562,2026-08-03T21:31:02.637231+00:00
846.0,0.27,0.29,0.18,36.0,36,0.131844619140625,call,2026-09-30,SPY,757.6699829101562,2026-08-03T21:31:02.637231+00:00
847.0,0.26,0.28,0.43,,1,0.13233289550781252,call,2026-09-30,SPY,757.6699829101562,2026-08-03T21:31:02.637231+00:00
848.0,0.26,0.27,0.17,36.0,36,0.132821171875,call,2026-09-30,SPY,757.6699829101562,2026-08-03T21:31:02.637231+00:00
849.0,0.25,0.26,0.25,31.0,97,0.1333094482421875,call,2026-09-30,SPY,757.6699829101562,2026-08-03T21:31:02.637231+00:00
850.0,0.24,0.25,0.23,10.0,5322,0.13367565551757812,call,2026-09-30,SPY,757.6699829101562,2026-08-03T21:31:02.637231+00:00
851.0,0.23,0.24,0.16,38.0,66,0.13404186279296876,call,2026-09-30,SPY,757.6699829101562,2026-08-03T21:31:02.637231+00:00
852.0,0.22,0.23,0.14,67.0,75,0.1344080700683594,call,2026-09-30,SPY,757.6699829101562,2026-08-03T21:31:02.637231+00:00
853.0,0.21,0.23,0.08,7.0,11,0.1355066918945313,call,2026-09-30,SPY,757.6699829101562,2026-08-03T21:31:02.637231+00:00
854.0,0.21,0.22,0.14,36.0,85,0.13575083007812502,call,2026-09-30,SPY,757.6699829101562,2026-08-03T21:31:02.637231+00:00
855.0,0.2,0.21,0.1,10.0,342,0.13611703735351563,call,2026-09-30,SPY,757.6699829101562,2026-08-03T21:31:02.637231+00:00
856.0,0.19,0.21,0.14,68.0,69,0.13721565917968753,call,2026-09-30,SPY,757.6699829101562,2026-08-03T21:31:02.637231+00:00
857.0,0.19,0.2,0.13,60.0,178,0.1374597973632813,call,2026-09-30,SPY,757.6699829101562,2026-08-03T21:31:02.637231+00:00
858.0,0.18,0.19,0.13,120.0,855,0.13758186645507814,call,2026-09-30,SPY,757.6699829101562,2026-08-03T21:31:02.637231+00:00
859.0,0.18,0.19,0.18,5.0,863,0.13868048828125001,call,2026-09-30,SPY,757.6699829101562,2026-08-03T21:31:02.637231+00:00
860.0,0.17,0.18,0.16,378.0,742,0.1388025573730469,call,2026-09-30,SPY,757.6699829101562,2026-08-03T21:31:02.637231+00:00
865.0,0.15,0.16,0.11,240.0,3553,0.1420984228515625,call,2026-09-30,SPY,757.6699829101562,2026-08-03T21:31:02.637231+00:00
870.0,0.13,0.14,0.14,475.0,1836,0.1450280810546875,call,2026-09-30,SPY,757.6699829101562,2026-08-03T21:31:02.637231+00:00
875.0,0.11,0.12,0.09,211.0,733,0.147469462890625,call,2026-09-30,SPY,757.6699829101562,2026-08-03T21:31:02.637231+00:00
880.0,0.1,0.11,0.11,482.0,952,0.15088739746093754,call,2026-09-30,SPY,757.6699829101562,2026-08-03T21:31:02.637231+00:00
885.0,0.09,0.1,0.08,630.0,1122,0.15430533203125002,call,2026-09-30,SPY,757.6699829101562,2026-08-03T21:31:02.637231+00:00
890.0,0.08,0.09,0.08,956.0,1210,0.157234990234375,call,2026-09-30,SPY,757.6699829101562,2026-08-03T21:31:02.637231+00:00
895.0,0.07,0.08,0.06,900.0,4911,0.1601646484375,call,2026-09-30,SPY,757.6699829101562,2026-08-03T21:31:02.637231+00:00
900.0,0.06,0.07,0.06,1470.0,5121,0.16211775390625,call,2026-09-30,SPY,757.6699829101562,2026-08-03T21:31:02.637231+00:00
375.0,0.07,0.08,0.08,24.0,1857,0.6074258007812501,put,2026-09-30,SPY,757.6699829101562,2026-08-03T21:31:02.637231+00:00
380.0,0.07,0.09,0.08,41.0,547,0.5996133789062501,put,2026-09-30,SPY,757.6699829101562,2026-08-03T21:31:02.637231+00:00
385.0,0.08,0.09,0.09,661.0,219,0.5927775097656252,put,2026-09-30,SPY,757.6699829101562,2026-08-03T21:31:02.637231+00:00
390.0,0.09,0.1,0.09,739.0,341,0.58789474609375,put,2026-09-30,SPY,757.6699829101562,2026-08-03T21:31:02.637231+00:00
395.0,0.09,0.1,0.1,11.0,126,0.57812921875,put,2026-09-30,SPY,757.6699829101562,2026-08-03T21:31:02.637231+00:00
400.0,0.1,0.11,0.11,176.0,285,0.5732464550781251,put,2026-09-30,SPY,757.6699829101562,2026-08-03T21:31:02.637231+00:00
405.0,0.11,0.12,0.11,343.0,154,0.567387138671875,put,2026-09-30,SPY,757.6699829101562,2026-08-03T21:31:02.637231+00:00
410.0,0.11,0.12,0.12,1056.0,162,0.5576216113281252,put,2026-09-30,SPY,757.6699829101562,2026-08-03T21:31:02.637231+00:00
415.0,0.11,0.13,0.12,58.0,72,0.5493209130859377,put,2026-09-30,SPY,757.6699829101562,2026-08-03T21:31:02.637231+00:00
420.0,0.12,0.13,0.14,53.0,399,0.5410202148437502,put,2026-09-30,SPY,757.6699829101562,2026-08-03T21:31:02.637231+00:00
425.0,0.13,0.14,0.15,7.0,580,0.5351608984375,put,2026-09-30,SPY,757.6699829101562,2026-08-03T21:31:02.637231+00:00
430.0,0.14,0.15,0.31,43.0,172,0.5293015820312501,put,2026-09-30,SPY,757.6699829101562,2026-08-03T21:31:02.637231+00:00
435.0,0.15,0.16,0.16,62.0,150436,0.5229539892578124,put,2026-09-30,SPY,757.6699829101562,2026-08-03T21:31:02.637231+00:00
440.0,0.16,0.17,0.17,1.0,652,0.516606396484375,put,2026-09-30,SPY,757.6699829101562,2026-08-03T21:31:02.637231+00:00
445.0,0.17,0.18,0.18,200.0,302,0.5097705273437501,put,2026-09-30,SPY,757.6699829101562,2026-08-03T21:31:02.637231+00:00
450.0,0.18,0.19,0.19,9.0,11189,0.5029346582031251,put,2026-09-30,SPY,757.6699829101562,2026-08-03T21:31:02.637231+00:00
455.0,0.19,0.2,0.24,6.0,44,0.49707534179687507,put,2026-09-30,SPY,757.6699829101562,2026-08-03T21:31:02.637231+00:00
460.0,0.2,0.21,0.31,2.0,277,0.49023947265625006,put,2026-09-30,SPY,757.6699829101562,2026-08-03T21:31:02.637231+00:00
465.0,0.21,0.22,0.34,8.0,149,0.48291532714843755,put,2026-09-30,SPY,757.6699829101562,2026-08-03T21:31:02.637231+00:00
470.0,0.22,0.23,0.22,34.0,1828,0.47559118164062497,put,2026-09-30,SPY,757.6699829101562,2026-08-03T21:31:02.637231+00:00
475.0,0.24,0.25,0.38,2.0,1730,0.47070841796875,put,2026-09-30,SPY,757.6699829101562,2026-08-03T21:31:02.637231+00:00
480.0,0.25,0.26,0.29,3.0,1482,0.46289599609375004,put,2026-09-30,SPY,757.6699829101562,2026-08-03T21:31:02.637231+00:00
485.0,0.26,0.28,0.65,2.0,739,0.45752495605468757,put,2026-09-30,SPY,757.6699829101562,2026-08-03T21:31:02.637231+00:00
490.0,0.28,0.29,0.29,7.0,1138,0.4497125341796875,put,2026-09-30,SPY,757.6699829101562,2026-08-03T21:31:02.637231+00:00
495.0,0.29,0.31,0.31,1.0,772,0.44385321777343745,put,2026-09-30,SPY,757.6699829101562,2026-08-03T21:31:02.637231+00:00
500.0,0.31,0.32,0.33,12.0,2984,0.43604079589843747,put,2026-09-30,SPY,757.6699829101562,2026-08-03T21:31:02.637231+00:00
505.0,0.33,0.34,0.36,2.0,562,0.4299373413085938,put,2026-09-30,SPY,757.6699829101562,2026-08-03T21:31:02.637231+00:00
510.0,0.35,0.36,0.41,1.0,742,0.42358974853515624,put,2026-09-30,SPY,757.6699829101562,2026-08-03T21:31:02.637231+00:00
515.0,0.37,0.38,0.39,36.0,661,0.41699801757812494,put,2026-09-30,SPY,757.6699829101562,2026-08-03T21:31:02.637231+00:00
520.0,0.39,0.4,0.4,202.0,1455,0.41040628662109374,put,2026-09-30,SPY,757.6699829101562,2026-08-03T21:31:02.637231+00:00
525.0,0.41,0.42,0.41,210.0,1137,0.40381455566406255,put,2026-09-30,SPY,757.6699829101562,2026-08-03T21:31:02.637231+00:00
530.0,0.43,0.45,0.46,2.0,854,0.39819937744140627,put,2026-09-30,SPY,757.6699829101562,2026-08-03T21:31:02.637231+00:00
535.0,0.46,0.47,0.46,322.0,300766,0.39111937011718745,put,2026-09-30,SPY,757.6699829101562,2026-08-03T21:31:02.637231+00:00
540.0,0.48,0.5,0.49,210.0,1824,0.3850159155273437,put,2026-09-30,SPY,757.6699829101562,2026-08-03T21:31:02.637231+00:00
545.0,0.51,0.52,0.6,3.0,596,0.37793590820312495,put,2026-09-30,SPY,757.6699829101562,2026-08-03T21:31:02.637231+00:00
550.0,0.54,0.55,0.54,113.0,1228,0.3715883154296875,put,2026-09-30,SPY,757.6699829101562,2026-08-03T21:31:02.637231+00:00
555.0,0.57,0.58,0.6,106.0,841,0.36511865356445317,put,2026-09-30,SPY,757.6699829101562,2026-08-03T21:31:02.637231+00:00
560.0,0.6,0.62,0.83,6.0,1215,0.35938140625,put,2026-09-30,SPY,757.6699829101562,2026-08-03T21:31:02.637231+00:00
565.0,0.64,0.65,0.64,60.0,453,0.352545537109375,put,2026-09-30,SPY,757.6699829101562,2026-08-03T21:31:02.637231+00:00
570.0,0.68,0.69,0.71,5.0,1847,0.3464420825195312,put,2026-09-30,SPY,757.6699829101562,2026-08-03T21:31:02.637231+00:00
575.0,0.71,0.73,0.72,11.0,1267,0.34009448974609374,put,2026-09-30,SPY,757.6699829101562,2026-08-03T21:31:02.637231+00:00
580.0,0.76,0.77,0.77,113.0,2330,0.3336248278808594,put,2026-09-30,SPY,757.6699829101562,2026-08-03T21:31:02.637231+00:00
585.0,0.8,0.81,0.8,30.0,695,0.3270330969238281,put,2026-09-30,SPY,757.6699829101562,2026-08-03T21:31:02.637231+00:00
590.0,0.85,0.86,0.87,122.0,1469,0.32092964233398436,put,2026-09-30,SPY,757.6699829101562,2026-08-03T21:31:02.637231+00:00
594.0,0.89,0.9,1.9,1.0,172,0.31580274047851553,put,2026-09-30,SPY,757.6699829101562,2026-08-03T21:31:02.637231+00:00
595.0,0.9,0.91,0.9,8.0,377,0.3145820495605468,put,2026-09-30,SPY,757.6699829101562,2026-08-03T21:31:02.637231+00:00
596.0,0.91,0.92,1.59,3.0,93,0.31323928955078123,put,2026-09-30,SPY,757.6699829101562,2026-08-03T21:31:02.637231+00:00
597.0,0.92,0.94,0.92,105.0,20071,0.31250687499999996,put,2026-09-30,SPY,757.6699829101562,2026-08-03T21:31:02.637231+00:00
598.0,0.93,0.95,0.99,5.0,7026,0.31116411499023433,put,2026-09-30,SPY,757.6699829101562,2026-08-03T21:31:02.637231+00:00
599.0,0.94,0.96,0.96,1.0,208,0.30988238952636715,put,2026-09-30,SPY,757.6699829101562,2026-08-03T21:31:02.637231+00:00
600.0,0.95,0.97,0.94,1474.0,27988,0.3086006640625,put,2026-09-30,SPY,757.6699829101562,2026-08-03T21:31:02.637231+00:00
601.0,0.96,0.98,2.26,2.0,80,0.30725790405273434,put,2026-09-30,SPY,757.6699829101562,2026-08-03T21:31:02.637231+00:00
602.0,0.98,0.99,1.04,1.0,99,0.30591514404296877,put,2026-09-30,SPY,757.6699829101562,2026-08-03T21:31:02.637231+00:00
603.0,0.99,1.0,1.87,2.0,211,0.3045723840332031,put,2026-09-30,SPY,757.6699829101562,2026-08-03T21:31:02.637231+00:00
604.0,1.0,1.01,1.01,1.0,88,0.30322962402343745,put,2026-09-30,SPY,757.6699829101562,2026-08-03T21:31:02.637231+00:00
605.0,1.01,1.03,1.01,33.0,517,0.3023751403808594,put,2026-09-30,SPY,757.6699829101562,2026-08-03T21:31:02.637231+00:00
606.0,1.02,1.04,1.03,2.0,42,0.30097134582519536,put,2026-09-30,SPY,757.6699829101562,2026-08-03T21:31:02.637231+00:00
607.0,1.04,1.05,1.88,1.0,52,0.2995675512695312,put,2026-09-30,SPY,757.6699829101562,2026-08-03T21:31:02.637231+00:00
608.0,1.05,1.06,1.65,2.0,167,0.29822479125976553,put,2026-09-30,SPY,757.6699829101562,2026-08-03T21:31:02.637231+00:00
609.0,1.06,1.08,1.45,1.0,141,0.29730927307128896,put,2026-09-30,SPY,757.6699829101562,2026-08-03T21:31:02.637231+00:00
610.0,1.08,1.09,1.11,9.0,570,0.295905478515625,put,2026-09-30,SPY,757.6699829101562,2026-08-03T21:31:02.637231+00:00
611.0,1.09,1.1,1.1,72.0,148,0.29456271850585936,put,2026-09-30,SPY,757.6699829101562,2026-08-03T21:31:02.637231+00:00
612.0,1.1,1.12,1.11,1.0,303,0.29358616577148433,put,2026-09-30,SPY,757.6699829101562,2026-08-03T21:31:02.637231+00:00
613.0,1.12,1.13,2.35,1.0,48,0.2921213366699218,put,2026-09-30,SPY,757.6699829101562,2026-08-03T21:31:02.637231+00:00
614.0,1.13,1.14,2.36,1.0,149,0.29077857666015616,put,2026-09-30,SPY,757.6699829101562,2026-08-03T21:31:02.637231+00:00
615.0,1.14,1.16,1.22,39.0,444,0.2898020239257812,put,2026-09-30,SPY,757.6699829101562,2026-08-03T21:31:02.637231+00:00
616.0,1.16,1.17,1.15,10.0,137,0.28833719482421866,put,2026-09-30,SPY,757.6699829101562,2026-08-03T21:31:02.637231+00:00
617.0,1.17,1.19,1.67,1.0,318,0.2873606420898437,put,2026-09-30,SPY,757.6699829101562,2026-08-03T21:31:02.637231+00:00
618.0,1.19,1.2,1.68,1.0,35,0.2858958129882812,put,2026-09-30,SPY,757.6699829101562,2026-08-03T21:31:02.637231+00:00
619.0,1.2,1.22,1.69,1.0,790,0.2848582257080078,put,2026-09-30,SPY,757.6699829101562,2026-08-03T21:31:02.637231+00:00
620.0,1.22,1.23,1.22,13.0,3107,0.28339339660644525,put,2026-09-30,SPY,757.6699829101562,2026-08-03T21:31:02.637231+00:00
621.0,1.23,1.25,1.71,2.0,198,0.2823558093261719,put,2026-09-30,SPY,757.6699829101562,2026-08-03T21:31:02.637231+00:00
622.0,1.25,1.26,1.71,3.0,237,0.28089098022460934,put,2026-09-30,SPY,757.6699829101562,2026-08-03T21:31:02.637231+00:00
623.0,1.26,1.28,1.28,1.0,170,0.2797923583984374,put,2026-09-30,SPY,757.6699829101562,2026-08-03T21:31:02.637231+00:00
624.0,1.28,1.29,1.29,2.0,147,0.278327529296875,put,2026-09-30,SPY,757.6699829101562,2026-08-03T21:31:02.637231+00:00
625.0,1.3,1.31,1.31,252.0,7922,0.27722890747070306,put,2026-09-30,SPY,757.6699829101562,2026-08-03T21:31:02.637231+00:00
626.0,1.31,1.33,1.82,5.0,448,0.2760692510986328,put,2026-09-30,SPY,757.6699829101562,2026-08-03T21:31:02.637231+00:00
627.0,1.33,1.34,1.81,198.0,528,0.2745433874511719,put,2026-09-30,SPY,757.6699829101562,2026-08-03T21:31:02.637231+00:00
628.0,1.35,1.36,1.55,1.0,103,0.273444765625,put,2026-09-30,SPY,757.6699829101562,2026-08-03T21:31:02.637231+00:00
629.0,1.36,1.38,1.45,4.0,319,0.2722851092529296,put,2026-09-30,SPY,757.6699829101562,2026-08-03T21:31:02.637231+00:00
630.0,1.38,1.4,1.4,39.0,3644,0.2711254528808594,put,2026-09-30,SPY,757.6699829101562,2026-08-03T21:31:02.637231+00:00
631.0,1.4,1.41,1.42,72.0,190,0.26959958923339844,put,2026-09-30,SPY,757.6699829101562,2026-08-03T21:31:02.637231+00:00
632.0,1.42,1.43,2.68,16.0,179,0.26843993286132806,put,2026-09-30,SPY,757.6699829101562,2026-08-03T21:31:02.637231+00:00
633.0,1.44,1.45,1.88,3.0,479,0.2672192419433594,put,2026-09-30,SPY,757.6699829101562,2026-08-03T21:31:02.637231+00:00
634.0,1.46,1.47,1.52,1.0,238,0.26605958557128906,put,2026-09-30,SPY,757.6699829101562,2026-08-03T21:31:02.637231+00:00
635.0,1.48,1.49,1.48,68.0,150684,0.26483889465332033,put,2026-09-30,SPY,757.6699829101562,2026-08-03T21:31:02.637231+00:00
636.0,1.49,1.51,1.75,3.0,108,0.2636182037353516,put,2026-09-30,SPY,757.6699829101562,2026-08-03T21:31:02.637231+00:00
637.0,1.52,1.53,2.19,646.0,678,0.26233647827148443,put,2026-09-30,SPY,757.6699829101562,2026-08-03T21:31:02.637231+00:00
638.0,1.54,1.55,2.48,3.0,25,0.2611157873535156,put,2026-09-30,SPY,757.6699829101562,2026-08-03T21:31:02.637231+00:00
639.0,1.55,1.57,2.39,9.0,112,0.25989509643554687,put,2026-09-30,SPY,757.6699829101562,2026-08-03T21:31:02.637231+00:00
640.0,1.57,1.59,1.58,48.0,3094,0.2586133709716797,put,2026-09-30,SPY,757.6699829101562,2026-08-03T21:31:02.637231+00:00
641.0,1.6,1.61,1.81,4.0,215,0.2573316455078125,put,2026-09-30,SPY,757.6699829101562,2026-08-03T21:31:02.637231+00:00
642.0,1.62,1.64,1.71,5.0,88,0.2563550927734375,put,2026-09-30,SPY,757.6699829101562,2026-08-03T21:31:02.637231+00:00
643.0,1.64,1.66,1.73,4.0,79,0.2550733673095704,put,2026-09-30,SPY,757.6699829101562,2026-08-03T21:31:02.637231+00:00
644.0,1.66,1.68,1.74,5.0,84,0.2537306072998047,put,2026-09-30,SPY,757.6699829101562,2026-08-03T21:31:02.637231+00:00
645.0,1.69,1.7,1.71,39.0,514,0.25238784729003905,put,2026-09-30,SPY,757.6699829101562,2026-08-03T21:31:02.637231+00:00
646.0,1.71,1.73,1.76,24.0,465,0.251411294555664,put,2026-09-30,SPY,757.6699829101562,2026-08-03T21:31:02.637231+00:00
647.0,1.74,1.75,1.81,4.0,290,0.2500685345458984,put,2026-09-30,SPY,757.6699829101562,2026-08-03T21:31:02.637231+00:00
648.0,1.76,1.78,1.85,11.0,496,0.24896991271972657,put,2026-09-30,SPY,757.6699829101562,2026-08-03T21:31:02.637231+00:00
649.0,1.79,1.8,1.87,10.0,304,0.24762715270996094,put,2026-09-30,SPY,757.6699829101562,2026-08-03T21:31:02.637231+00:00
650.0,1.81,1.83,1.83,213.0,3365,0.24652853088378907,put,2026-09-30,SPY,757.6699829101562,2026-08-03T21:31:02.637231+00:00
651.0,1.84,1.85,1.92,12.0,422,0.245124736328125,put,2026-09-30,SPY,757.6699829101562,2026-08-03T21:31:02.637231+00:00
652.0,1.86,1.88,1.86,2.0,187,0.24402611450195313,put,2026-09-30,SPY,757.6699829101562,2026-08-03T21:31:02.637231+00:00
653.0,1.89,1.91,3.35,3.0,132,0.24286645812988278,put,2026-09-30,SPY,757.6699829101562,2026-08-03T21:31:02.637231+00:00
654.0,1.92,1.94,2.3,1.0,32,0.24176783630371096,put,2026-09-30,SPY,757.6699829101562,2026-08-03T21:31:02.637231+00:00
655.0,1.95,1.97,1.93,62.0,300,0.2406081799316406,put,2026-09-30,SPY,757.6699829101562,2026-08-03T21:31:02.637231+00:00
656.0,1.98,1.99,2.06,4.0,195,0.2391433508300781,put,2026-09-30,SPY,757.6699829101562,2026-08-03T21:31:02.637231+00:00
657.0,2.01,2.02,2.03,1.0,500,0.23792265991210934,put,2026-09-30,SPY,757.6699829101562,2026-08-03T21:31:02.637231+00:00
658.0,2.04,2.05,2.25,1.0,1218,0.23676300354003904,put,2026-09-30,SPY,757.6699829101562,2026-08-03T21:31:02.637231+00:00
659.0,2.07,2.09,2.11,11.0,515,0.23578645080566402,put,2026-09-30,SPY,757.6699829101562,2026-08-03T21:31:02.637231+00:00
660.0,2.1,2.12,2.1,63.0,2996,0.2345657598876953,put,2026-09-30,SPY,757.6699829101562,2026-08-03T21:31:02.637231+00:00
661.0,2.13,2.15,2.46,4.0,357,0.2332840344238281,put,2026-09-30,SPY,757.6699829101562,2026-08-03T21:31:02.637231+00:00
662.0,2.16,2.18,2.43,4.0,134,0.23200230895996093,put,2026-09-30,SPY,757.6699829101562,2026-08-03T21:31:02.637231+00:00
663.0,2.2,2.22,2.26,10.0,144,0.23099523895263674,put,2026-09-30,SPY,757.6699829101562,2026-08-03T21:31:02.637231+00:00
664.0,2.23,2.25,3.01,16.0,950,0.2296829962158203,put,2026-09-30,SPY,757.6699829101562,2026-08-03T21:31:02.637231+00:00
665.0,2.27,2.29,2.31,40.0,835,0.22864540893554688,put,2026-09-30,SPY,757.6699829101562,2026-08-03T21:31:02.637231+00:00
666.0,2.3,2.32,2.69,5.0,177,0.22730264892578123,put,2026-09-30,SPY,757.6699829101562,2026-08-03T21:31:02.637231+00:00
667.0,2.34,2.36,2.39,5.0,227,0.22620402709960938,put,2026-09-30,SPY,757.6699829101562,2026-08-03T21:31:02.637231+00:00
668.0,2.38,2.4,2.41,229.0,298,0.22507488800048825,put,2026-09-30,SPY,757.6699829101562,2026-08-03T21:31:02.637231+00:00
669.0,2.41,2.44,2.91,4.0,289,0.22394574890136715,put,2026-09-30,SPY,757.6699829101562,2026-08-03T21:31:02.637231+00:00
670.0,2.45,2.48,2.48,87.0,3520,0.22278609252929685,put,2026-09-30,SPY,757.6699829101562,2026-08-03T21:31:02.637231+00:00
671.0,2.49,2.52,2.49,11.0,239,0.22159591888427732,put,2026-09-30,SPY,757.6699829101562,2026-08-03T21:31:02.637231+00:00
672.0,2.54,2.56,2.57,4.0,399,0.22040574523925777,put,2026-09-30,SPY,757.6699829101562,2026-08-03T21:31:02.637231+00:00
673.0,2.58,2.6,2.59,21.0,1644,0.21918505432128904,put,2026-09-30,SPY,757.6699829101562,2026-08-03T21:31:02.637231+00:00
674.0,2.62,2.65,2.61,28.0,615,0.2181474670410156,put,2026-09-30,SPY,757.6699829101562,2026-08-03T21:31:02.637231+00:00
675.0,2.66,2.69,2.69,1810.0,13389,0.21692677612304687,put,2026-09-30,SPY,757.6699829101562,2026-08-03T21:31:02.637231+00:00
676.0,2.71,2.74,2.78,44.0,1168,0.215828154296875,put,2026-09-30,SPY,757.6699829101562,2026-08-03T21:31:02.637231+00:00
677.0,2.75,2.78,3.14,11.0,1281,0.21454642883300779,put,2026-09-30,SPY,757.6699829101562,2026-08-03T21:31:02.637231+00:00
678.0,2.8,2.83,2.9,10.0,310,0.21344780700683597,put,2026-09-30,SPY,757.6699829101562,2026-08-03T21:31:02.637231+00:00
679.0,2.85,2.88,2.83,10.0,744,0.21234918518066404,put,2026-09-30,SPY,757.6699829101562,2026-08-03T21:31:02.637231+00:00
680.0,2.9,2.93,2.89,1951.0,8892,0.2111895288085937,put,2026-09-30,SPY,757.6699829101562,2026-08-03T21:31:02.637231+00:00
681.0,2.95,2.98,3.03,3.0,639,0.21002987243652343,put,2026-09-30,SPY,757.6699829101562,2026-08-03T21:31:02.637231+00:00
682.0,3.0,3.03,2.99,46.0,568,0.20883969879150388,put,2026-09-30,SPY,757.6699829101562,2026-08-03T21:31:02.637231+00:00
683.0,3.05,3.08,3.07,3.0,292,0.20761900787353516,put,2026-09-30,SPY,757.6699829101562,2026-08-03T21:31:02.637231+00:00
684.0,3.11,3.14,3.2,7.0,434,0.20658142059326168,put,2026-09-30,SPY,757.6699829101562,2026-08-03T21:31:02.637231+00:00
685.0,3.16,3.19,3.2,43.0,1856,0.20533021240234373,put,2026-09-30,SPY,757.6699829101562,2026-08-03T21:31:02.637231+00:00
686.0,3.22,3.25,3.32,18.0,232,0.20423159057617185,put,2026-09-30,SPY,757.6699829101562,2026-08-03T21:31:02.637231+00:00
687.0,3.28,3.3,3.28,3.0,1654,0.20294986511230467,put,2026-09-30,SPY,757.6699829101562,2026-08-03T21:31:02.637231+00:00
688.0,3.33,3.36,3.34,8.0,482,0.20182072601318357,put,2026-09-30,SPY,757.6699829101562,2026-08-03T21:31:02.637231+00:00
689.0,3.39,3.42,3.45,4.0,611,0.20066106964111324,put,2026-09-30,SPY,757.6699829101562,2026-08-03T21:31:02.637231+00:00
690.0,3.46,3.49,3.5,188.0,7492,0.19965399963378905,put,2026-09-30,SPY,757.6699829101562,2026-08-03T21:31:02.637231+00:00
691.0,3.52,3.55,3.69,117.0,2059,0.1984333087158203,put,2026-09-30,SPY,757.6699829101562,2026-08-03T21:31:02.637231+00:00
692.0,3.58,3.61,3.65,43.0,136,0.19721261779785154,put,2026-09-30,SPY,757.6699829101562,2026-08-03T21:31:02.637231+00:00
693.0,3.65,3.68,3.77,9.0,91,0.1961445132446289,put,2026-09-30,SPY,757.6699829101562,2026-08-03T21:31:02.637231+00:00
694.0,3.72,3.75,3.77,482.0,74,0.1950153741455078,put,2026-09-30,SPY,757.6699829101562,2026-08-03T21:31:02.637231+00:00
695.0,3.79,3.82,3.8,198.0,1662,0.19388623504638675,put,2026-09-30,SPY,757.6699829101562,2026-08-03T21:31:02.637231+00:00
696.0,3.86,3.89,3.86,17.0,11,0.19272657867431642,put,2026-09-30,SPY,757.6699829101562,2026-08-03T21:31:02.637231+00:00
697.0,3.93,3.96,3.96,34.0,3616,0.1915364050292969,put,2026-09-30,SPY,757.6699829101562,2026-08-03T21:31:02.637231+00:00
698.0,4.01,4.04,4.0,97.0,48,0.19046830047607421,put,2026-09-30,SPY,757.6699829101562,2026-08-03T21:31:02.637231+00:00
699.0,4.08,4.12,4.1,24.0,3736,0.18936967864990234,put,2026-09-30,SPY,757.6699829101562,2026-08-03T21:31:02.637231+00:00
700.0,4.16,4.2,4.19,2513.0,6496,0.18824053955078124,put,2026-09-30,SPY,757.6699829101562,2026-08-03T21:31:02.637231+00:00
701.0,4.24,4.28,4.22,36.0,61,0.1871114004516602,put,2026-09-30,SPY,757.6699829101562,2026-08-03T21:31:02.637231+00:00
702.0,4.33,4.36,4.29,104.0,397,0.1859212268066406,put,2026-09-30,SPY,757.6699829101562,2026-08-03T21:31:02.637231+00:00
703.0,4.41,4.45,4.45,93.0,68,0.18485312225341793,put,2026-09-30,SPY,757.6699829101562,2026-08-03T21:31:02.637231+00:00
704.0,4.5,4.53,4.77,21.0,44,0.1836324313354492,put,2026-09-30,SPY,757.6699829101562,2026-08-03T21:31:02.637231+00:00
705.0,4.59,4.62,4.64,348.0,5465,0.1825032922363281,put,2026-09-30,SPY,757.6699829101562,2026-08-03T21:31:02.637231+00:00
706.0,4.68,4.71,4.95,11.0,33,0.18134363586425778,put,2026-09-30,SPY,757.6699829101562,2026-08-03T21:31:02.637231+00:00
707.0,4.77,4.81,4.8,109.0,20029,0.18030604858398439,put,2026-09-30,SPY,757.6699829101562,2026-08-03T21:31:02.637231+00:00
708.0,4.87,4.9,4.9,13.0,50,0.1790853576660156,put,2026-09-30,SPY,757.6699829101562,2026-08-03T21:31:02.637231+00:00
709.0,4.97,5.0,5.02,28.0,35,0.17798673583984376,put,2026-09-30,SPY,757.6699829101562,2026-08-03T21:31:02.637231+00:00
710.0,5.08,5.1,5.09,107.0,2555,0.17682707946777343,put,2026-09-30,SPY,757.6699829101562,2026-08-03T21:31:02.637231+00:00
711.0,5.17,5.21,5.18,12.0,116,0.1757894921875,put,2026-09-30,SPY,757.6699829101562,2026-08-03T21:31:02.637231+00:00
712.0,5.28,5.31,5.29,50.0,108,0.17456880126953128,put,2026-09-30,SPY,757.6699829101562,2026-08-03T21:31:02.637231+00:00
713.0,5.39,5.42,5.5,23.0,54,0.17347017944335938,put,2026-09-30,SPY,757.6699829101562,2026-08-03T21:31:02.637231+00:00
714.0,5.5,5.54,5.53,4.0,45,0.17243259216308598,put,2026-09-30,SPY,757.6699829101562,2026-08-03T21:31:02.637231+00:00
715.0,5.61,5.65,5.63,105.0,1343,0.17124241851806643,put,2026-09-30,SPY,757.6699829101562,2026-08-03T21:31:02.637231+00:00
716.0,5.73,5.77,5.98,41.0,86,0.17014379669189456,put,2026-09-30,SPY,757.6699829101562,2026-08-03T21:31:02.637231+00:00
717.0,5.85,5.89,5.9,6.0,27,0.16901465759277345,put,2026-09-30,SPY,757.6699829101562,2026-08-03T21:31:02.637231+00:00
718.0,5.98,6.02,6.0,25.0,66,0.1679465530395508,put,2026-09-30,SPY,757.6699829101562,2026-08-03T21:31:02.637231+00:00
719.0,6.11,6.14,6.44,3.0,112,0.1667411207580567,put,2026-09-30,SPY,757.6699829101562,2026-08-03T21:31:02.637231+00:00
720.0,6.24,6.27,6.27,2373.0,8083,0.16559672302246098,put,2026-09-30,SPY,757.6699829101562,2026-08-03T21:31:02.637231+00:00
721.0,6.37,6.41,6.43,20.0,189,0.1645438771057129,put,2026-09-30,SPY,757.6699829101562,2026-08-03T21:31:02.637231+00:00
722.0,6.51,6.55,6.63,11.0,53,0.16344525527954107,put,2026-09-30,SPY,757.6699829101562,2026-08-03T21:31:02.637231+00:00
723.0,6.65,6.69,6.65,10.0,31,0.1623008575439453,put,2026-09-30,SPY,757.6699829101562,2026-08-03T21:31:02.637231+00:00
724.0,6.8,6.84,6.89,7.0,85,0.16123275299072265,put,2026-09-30,SPY,757.6699829101562,2026-08-03T21:31:02.637231+00:00
725.0,6.95,6.99,7.06,2144.0,6520,0.16010361389160155,put,2026-09-30,SPY,757.6699829101562,2026-08-03T21:31:02.637231+00:00
726.0,7.1,7.14,7.44,2.0,41,0.15894395751953128,put,2026-09-30,SPY,757.6699829101562,2026-08-03T21:31:02.637231+00:00
727.0,7.26,7.3,7.25,19.0,37,0.15784533569335937,put,2026-09-30,SPY,757.6699829101562,2026-08-03T21:31:02.637231+00:00
728.0,7.43,7.47,7.36,27.0,144,0.15680774841308598,put,2026-09-30,SPY,757.6699829101562,2026-08-03T21:31:02.637231+00:00
729.0,7.59,7.63,7.62,3.0,915,0.15561757476806642,put,2026-09-30,SPY,757.6699829101562,2026-08-03T21:31:02.637231+00:00
730.0,7.77,7.81,7.78,735.0,3128,0.15459524612426762,put,2026-09-30,SPY,757.6699829101562,2026-08-03T21:31:02.637231+00:00
731.0,7.94,7.98,7.87,8.0,94,0.15342033111572267,put,2026-09-30,SPY,757.6699829101562,2026-08-03T21:31:02.637231+00:00
732.0,8.13,8.17,8.28,18.0,620,0.15238274383544925,put,2026-09-30,SPY,757.6699829101562,2026-08-03T21:31:02.637231+00:00
733.0,8.31,8.36,8.32,44.0,269,0.1513146392822266,put,2026-09-30,SPY,757.6699829101562,2026-08-03T21:31:02.637231+00:00
734.0,8.51,8.55,9.08,8.0,783,0.1501855001831055,put,2026-09-30,SPY,757.6699829101562,2026-08-03T21:31:02.637231+00:00
735.0,8.7,8.75,8.78,475.0,1536,0.14910213699340819,put,2026-09-30,SPY,757.6699829101562,2026-08-03T21:31:02.637231+00:00
736.0,8.91,8.95,9.02,13.0,182,0.14797299789428714,put,2026-09-30,SPY,757.6699829101562,2026-08-03T21:31:02.637231+00:00
737.0,9.12,9.16,9.07,34.0,437,0.1468743760681152,put,2026-09-30,SPY,757.6699829101562,2026-08-03T21:31:02.637231+00:00
738.0,9.33,9.38,9.3,191.0,432,0.14582153015136717,put,2026-09-30,SPY,757.6699829101562,2026-08-03T21:31:02.637231+00:00
739.0,9.56,9.6,9.54,55.0,506,0.14470764968872069,put,2026-09-30,SPY,757.6699829101562,2026-08-03T21:31:02.637231+00:00
740.0,9.78,9.82,9.8,794.0,3311,0.1435479933166504,put,2026-09-30,SPY,757.6699829101562,2026-08-03T21:31:02.637231+00:00
741.0,10.02,10.06,10.03,28.0,101,0.14249514739990232,put,2026-09-30,SPY,757.6699829101562,2026-08-03T21:31:02.637231+00:00
742.0,10.26,10.3,10.36,28.0,102,0.1413965255737305,put,2026-09-30,SPY,757.6699829101562,2026-08-03T21:31:02.637231+00:00
743.0,10.51,10.55,10.46,290.0,202,0.1403284210205078,put,2026-09-30,SPY,757.6699829101562,2026-08-03T21:31:02.637231+00:00
744.0,10.76,10.81,10.65,39.0,132,0.13927557510375982,put,2026-09-30,SPY,757.6699829101562,2026-08-03T21:31:02.637231+00:00
745.0,11.03,11.07,11.18,257.0,1383,0.13816169464111328,put,2026-09-30,SPY,757.6699829101562,2026-08-03T21:31:02.637231+00:00
746.0,11.3,11.35,11.48,43.0,305,0.1371698832702637,put,2026-09-30,SPY,757.6699829101562,2026-08-03T21:31:02.637231+00:00
747.0,11.58,11.62,11.66,55.0,194,0.13602548553466798,put,2026-09-30,SPY,757.6699829101562,2026-08-03T21:31:02.637231+00:00
748.0,11.86,11.91,11.84,55.0,725,0.13497263961791994,put,2026-09-30,SPY,757.6699829101562,2026-08-03T21:31:02.637231+00:00
749.0,12.16,12.21,12.42,29.0,278,0.13393505233764647,put,2026-09-30,SPY,757.6699829101562,2026-08-03T21:31:02.637231+00:00
750.0,12.46,12.51,12.52,410.0,2590,0.1328364305114746,put,2026-09-30,SPY,757.6699829101562,2026-08-03T21:31:02.637231+00:00
751.0,12.78,12.83,12.73,55.0,302,0.1318293605041504,put,2026-09-30,SPY,757.6699829101562,2026-08-03T21:31:02.637231+00:00
752.0,13.1,13.15,13.08,88.0,163,0.1307612559509277,put,2026-09-30,SPY,757.6699829101562,2026-08-03T21:31:02.637231+00:00
753.0,13.43,13.48,13.38,144.0,411,0.1296931513977051,put,2026-09-30,SPY,757.6699829101562,2026-08-03T21:31:02.637231+00:00
754.0,13.77,13.82,13.8,178.0,288,0.1286250468444824,put,2026-09-30,SPY,757.6699829101562,2026-08-03T21:31:02.637231+00:00
755.0,14.12,14.17,14.11,378.0,1094,0.12757220092773439,put,2026-09-30,SPY,757.6699829101562,2026-08-03T21:31:02.637231+00:00
756.0,14.48,14.53,14.45,55.0,170,0.12651935501098632,put,2026-09-30,SPY,757.6699829101562,2026-08-03T21:31:02.637231+00:00
757.0,14.86,14.91,15.0,180.0,516,0.12554280227661135,put,2026-09-30,SPY,757.6699829101562,2026-08-03T21:31:02.637231+00:00
758.0,15.24,15.29,15.4,41.0,89,0.12448995635986329,put,2026-09-30,SPY,757.6699829101562,2026-08-03T21:31:02.637231+00:00
759.0,15.63,15.68,15.73,57.0,152,0.12343711044311526,put,2026-09-30,SPY,757.6699829101562,2026-08-03T21:31:02.637231+00:00
760.0,16.03,16.09,16.09,276.0,888,0.12244529907226565,put,2026-09-30,SPY,757.6699829101562,2026-08-03T21:31:02.637231+00:00
761.0,16.45,16.5,16.3,10.0,18,0.12137719451904297,put,2026-09-30,SPY,757.6699829101562,2026-08-03T21:31:02.637231+00:00
762.0,16.88,16.93,16.85,16.0,38,0.12038538314819336,put,2026-09-30,SPY,757.6699829101562,2026-08-03T21:31:02.637231+00:00
763.0,17.32,17.37,17.29,19.0,20,0.11937831314086914,put,2026-09-30,SPY,757.6699829101562,2026-08-03T21:31:02.637231+00:00
764.0,17.77,17.82,17.92,3.0,4,0.11835598449707031,put,2026-09-30,SPY,757.6699829101562,2026-08-03T21:31:02.637231+00:00
765.0,18.23,18.28,18.25,301.0,464,0.11731839721679688,put,2026-09-30,SPY,757.6699829101562,2026-08-03T21:31:02.637231+00:00
766.0,18.7,18.76,18.89,8.0,24,0.11634184448242188,put,2026-09-30,SPY,757.6699829101562,2026-08-03T21:31:02.637231+00:00
767.0,18.22,20.27,20.35,1.0,4,0.12398642135620117,put,2026-09-30,SPY,757.6699829101562,2026-08-03T21:31:02.637231+00:00
768.0,18.71,20.78,19.93,16.0,53,0.12311667907714845,put,2026-09-30,SPY,757.6699829101562,2026-08-03T21:31:02.637231+00:00
769.0,19.22,21.31,20.12,12.0,39,0.12232322998046877,put,2026-09-30,SPY,757.6699829101562,2026-08-03T21:31:02.637231+00:00
770.0,19.74,21.84,20.73,35.0,236,0.1214382290649414,put,2026-09-30,SPY,757.6699829101562,2026-08-03T21:31:02.637231+00:00
771.0,20.27,22.39,21.18,2.0,1,0.12062952133178712,put,2026-09-30,SPY,757.6699829101562,2026-08-03T21:31:02.637231+00:00
772.0,20.81,22.96,29.77,5.0,12,0.11989710678100585,put,2026-09-30,SPY,757.6699829101562,2026-08-03T21:31:02.637231+00:00
774.0,21.31,24.82,38.11,2.0,3,0.12455099090576172,put,2026-09-30,SPY,757.6699829101562,2026-08-03T21:31:02.637231+00:00
775.0,21.96,25.42,23.69,3.0,18,0.12383383499145509,put,2026-09-30,SPY,757.6699829101562,2026-08-03T21:31:02.637231+00:00
776.0,22.51,26.03,35.81,1.0,3,0.12311667907714845,put,2026-09-30,SPY,757.6699829101562,2026-08-03T21:31:02.637231+00:00
777.0,23.14,26.65,31.5,200.0,200,0.1223995231628418,put,2026-09-30,SPY,757.6699829101562,2026-08-03T21:31:02.637231+00:00
779.0,24.5,27.93,37.61,42.0,20,0.12101098724365235,put,2026-09-30,SPY,757.6699829101562,2026-08-03T21:31:02.637231+00:00
780.0,26.6,28.43,27.07,18.0,28,0.11878322631835936,put,2026-09-30,SPY,757.6699829101562,2026-08-03T21:31:02.637231+00:00
781.0,25.79,29.27,28.03,1.0,20,0.11975977905273436,put,2026-09-30,SPY,757.6699829101562,2026-08-03T21:31:02.637231+00:00
782.0,26.45,29.96,37.1,,0,0.11917995086669922,put,2026-09-30,SPY,757.6699829101562,2026-08-03T21:31:02.637231+00:00
783.0,27.15,30.67,37.9,,0,0.11870693313598632,put,2026-09-30,SPY,757.6699829101562,2026-08-03T21:31:02.637231+00:00
785.0,32.1,35.53,37.7,11.0,10,0.1519860192871094,put,2026-09-30,SPY,757.6699829101562,2026-08-03T21:31:02.637231+00:00
786.0,29.34,32.85,52.92,,0,0.11716581085205077,put,2026-09-30,SPY,757.6699829101562,2026-08-03T21:31:02.637231+00:00
787.0,30.09,33.6,41.33,,0,0.11667753448486329,put,2026-09-30,SPY,757.6699829101562,2026-08-03T21:31:02.637231+00:00
788.0,30.85,34.37,49.12,2.0,0,0.11631132720947265,put,2026-09-30,SPY,757.6699829101562,2026-08-03T21:31:02.637231+00:00
789.0,31.63,35.15,42.03,,0,0.11597563720703125,put,2026-09-30,SPY,757.6699829101562,2026-08-03T21:31:02.637231+00:00
790.0,32.42,35.93,50.94,1.0,9,0.11551787811279299,put,2026-09-30,SPY,757.6699829101562,2026-08-03T21:31:02.637231+00:00
791.0,33.22,36.73,40.12,1.0,0,0.11521270538330078,put,2026-09-30,SPY,757.6699829101562,2026-08-03T21:31:02.637231+00:00
792.0,34.04,37.55,53.29,3.0,1,0.11504486038208009,put,2026-09-30,SPY,757.6699829101562,2026-08-03T21:31:02.637231+00:00
795.0,36.54,40.05,56.24,3.0,1,0.11451080810546876,put,2026-09-30,SPY,757.6699829101562,2026-08-03T21:31:02.637231+00:00
800.0,40.93,44.44,44.0,7.0,7,0.11499908447265625,put,2026-09-30,SPY,757.6699829101562,2026-08-03T21:31:02.637231+00:00
804.0,44.6,48.11,61.59,1.0,0,0.11664701721191406,put,2026-09-30,SPY,757.6699829101562,2026-08-03T21:31:02.637231+00:00
805.0,45.54,49.06,62.56,1.0,0,0.1175015008544922,put,2026-09-30,SPY,757.6699829101562,2026-08-03T21:31:02.637231+00:00
808.0,48.42,51.93,59.0,1.0,0,0.12021753814697264,put,2026-09-30,SPY,757.6699829101562,2026-08-03T21:31:02.637231+00:00
809.0,49.38,52.89,78.07,,0,0.1211025390625,put,2026-09-30,SPY,757.6699829101562,2026-08-03T21:31:02.637231+00:00
810.0,50.35,53.87,79.05,1.0,2,0.1223842645263672,put,2026-09-30,SPY,757.6699829101562,2026-08-03T21:31:02.637231+00:00
815.0,0.0,0.0,72.0,1.0,0,1.0000000000000003e-05,put,2026-09-30,SPY,757.6699829101562,2026-08-03T21:31:02.637231+00:00
825.0,68.89,72.3,82.0,2.0,0,0.2034686587524414,put,2026-09-30,SPY,757.6699829101562,2026-08-03T21:31:02.637231+00:00
845.0,104.72,108.09,137.07,1.0,0,0.41690646575927726,put,2026-09-30,SPY,757.6699829101562,2026-08-03T21:31:02.637231+00:00
850.0,93.89,97.3,97.51,1.0,0,0.24875629180908204,put,2026-09-30,SPY,757.6699829101562,2026-08-03T21:31:02.637231+00:00
855.0,115.66,118.93,181.01,1.0,0,0.4471185659790039,put,2026-09-30,SPY,757.6699829101562,2026-08-03T21:31:02.637231+00:00
885.0,191.05,194.7,207.9,,0,0.9062814547729492,put,2026-09-30,SPY,757.6699829101562,2026-08-03T21:31:02.637231+00:00
895.0,154.64,158.02,179.83,1.0,0,0.5016529327392578,put,2026-09-30,SPY,757.6699829101562,2026-08-03T21:31:02.637231+00:00
900.0,146.5,149.69,160.4,1.0,0,0.36804831176757813,put,2026-09-30,SPY,757.6699829101562,2026-08-03T21:31:02.637231+00:00
470.0,0.0,0.0,269.45,,0,1.0000000000000003e-05,call,2026-10-30,SPY,757.6699829101562,2026-08-03T21:31:02.637231+00:00
475.0,284.91,288.4,280.94,,15,0.5890544024658204,call,2026-10-30,SPY,757.6699829101562,2026-08-03T21:31:02.637231+00:00
480.0,279.99,283.48,276.16,,1,0.5803264624023439,call,2026-10-30,SPY,757.6699829101562,2026-08-03T21:31:02.637231+00:00
490.0,270.16,273.65,269.8,20.0,0,0.5632367895507813,call,2026-10-30,SPY,757.6699829101562,2026-08-03T21:31:02.637231+00:00
500.0,260.33,263.82,257.14,15.0,0,0.5460860821533204,call,2026-10-30,SPY,757.6699829101562,2026-08-03T21:31:02.637231+00:00
520.0,240.69,244.18,227.68,2.0,8,0.512272943725586,call,2026-10-30,SPY,757.6699829101562,2026-08-03T21:31:02.637231+00:00
530.0,229.04,232.46,212.98,,2,0.4916432672119141,call,2026-10-30,SPY,757.6699829101562,2026-08-03T21:31:02.637231+00:00
555.0,206.41,209.9,195.88,1.0,2,0.48825584991455084,call,2026-10-30,SPY,757.6699829101562,2026-08-03T21:31:02.637231+00:00
560.0,201.52,205.02,191.59,1.0,7,0.47946687530517573,call,2026-10-30,SPY,757.6699829101562,2026-08-03T21:31:02.637231+00:00
565.0,196.64,200.14,183.92,3.0,6,0.4706473834228516,call,2026-10-30,SPY,757.6699829101562,2026-08-03T21:31:02.637231+00:00
570.0,191.76,195.26,185.19,1.0,3,0.46179737426757816,call,2026-10-30,SPY,757.6699829101562,2026-08-03T21:31:02.637231+00:00
575.0,170.15,173.5,171.19,1.0,2,1.0000000000000003e-05,call,2026-10-30,SPY,757.6699829101562,2026-08-03T21:31:02.637231+00:00
585.0,177.15,180.65,151.08,1.0,3,0.43567458862304687,call,2026-10-30,SPY,757.6699829101562,2026-08-03T21:31:02.637231+00:00
590.0,172.29,175.79,157.18,27.0,31,0.4270687176513672,call,2026-10-30,SPY,757.6699829101562,2026-08-03T21:31:02.637231+00:00
595.0,151.01,154.41,167.3,,1,1.0000000000000003e-05,call,2026-10-30,SPY,757.6699829101562,2026-08-03T21:31:02.637231+00:00
600.0,162.59,166.09,154.5,3.0,8,0.41000956207275385,call,2026-10-30,SPY,757.6699829101562,2026-08-03T21:31:02.637231+00:00
605.0,157.75,161.25,143.04,5.0,9,0.40155627746582034,call,2026-10-30,SPY,757.6699829101562,2026-08-03T21:31:02.637231+00:00
610.0,152.92,156.42,153.87,1.0,37,0.3931945446777344,call,2026-10-30,SPY,757.6699829101562,2026-08-03T21:31:02.637231+00:00
615.0,132.07,135.47,145.68,2.0,1,1.0000000000000003e-05,call,2026-10-30,SPY,757.6699829101562,2026-08-03T21:31:02.637231+00:00
620.0,143.28,146.78,139.17,1.0,4,0.376532113647461,call,2026-10-30,SPY,757.6699829101562,2026-08-03T21:31:02.637231+00:00
625.0,138.48,141.98,138.49,2.0,0,0.368368743133545,call,2026-10-30,SPY,757.6699829101562,2026-08-03T21:31:02.637231+00:00
630.0,133.69,137.19,118.42,1.0,6,0.36023588989257804,call,2026-10-30,SPY,757.6699829101562,2026-08-03T21:31:02.637231+00:00
635.0,128.91,132.42,124.06,2.0,5,0.35225562301635743,call,2026-10-30,SPY,757.6699829101562,2026-08-03T21:31:02.637231+00:00
640.0,108.79,112.22,122.0,1.0,84,1.0000000000000003e-05,call,2026-10-30,SPY,757.6699829101562,2026-08-03T21:31:02.637231+00:00
641.0,123.21,126.7,117.69,3.0,3238,0.3425969061279296,call,2026-10-30,SPY,757.6699829101562,2026-08-03T21:31:02.637231+00:00
642.0,122.24,125.75,105.71,3.0,3,0.34101000793457037,call,2026-10-30,SPY,757.6699829101562,2026-08-03T21:31:02.637231+00:00
646.0,118.45,121.95,118.61,8.0,9,0.33460138061523437,call,2026-10-30,SPY,757.6699829101562,2026-08-03T21:31:02.637231+00:00
649.0,114.92,118.35,106.77,1.0,1,0.3210822286987304,call,2026-10-30,SPY,757.6699829101562,2026-08-03T21:31:02.637231+00:00
650.0,114.66,118.17,106.62,4.0,123,0.3283453396606445,call,2026-10-30,SPY,757.6699829101562,2026-08-03T21:31:02.637231+00:00
651.0,0.0,0.0,120.1,1.0,0,1.0000000000000003e-05,call,2026-10-30,SPY,757.6699829101562,2026-08-03T21:31:02.637231+00:00
652.0,102.54,106.06,91.89,,2,0.14795773925781253,call,2026-10-30,SPY,757.6699829101562,2026-08-03T21:31:02.637231+00:00
655.0,109.95,113.46,112.06,5.0,11,0.3205786936950683,call,2026-10-30,SPY,757.6699829101562,2026-08-03T21:31:02.637231+00:00
658.0,0.0,0.0,99.65,2.0,0,1.0000000000000003e-05,call,2026-10-30,SPY,757.6699829101562,2026-08-03T21:31:02.637231+00:00
659.0,0.0,0.0,109.99,,0,1.0000000000000003e-05,call,2026-10-30,SPY,757.6699829101562,2026-08-03T21:31:02.637231+00:00
660.0,105.26,108.77,89.86,1.0,24,0.31287308227539057,call,2026-10-30,SPY,757.6699829101562,2026-08-03T21:31:02.637231+00:00
661.0,94.72,98.24,94.52,,1,0.1765829412841797,call,2026-10-30,SPY,757.6699829101562,2026-08-03T21:31:02.637231+00:00
662.0,104.82,106.83,99.34,6.0,7,0.30905842315673826,call,2026-10-30,SPY,757.6699829101562,2026-08-03T21:31:02.637231+00:00
664.0,101.09,104.53,86.5,,1,0.30142910491943364,call,2026-10-30,SPY,757.6699829101562,2026-08-03T21:31:02.637231+00:00
665.0,100.58,104.09,88.65,,1,0.3050911776733398,call,2026-10-30,SPY,757.6699829101562,2026-08-03T21:31:02.637231+00:00
666.0,99.26,102.74,93.89,1.0,2,0.29920134399414056,call,2026-10-30,SPY,757.6699829101562,2026-08-03T21:31:02.637231+00:00
668.0,88.71,92.23,88.65,,1,0.1859212268066406,call,2026-10-30,SPY,757.6699829101562,2026-08-03T21:31:02.637231+00:00
669.0,96.53,99.9,78.44,,1,0.2941812525939941,call,2026-10-30,SPY,757.6699829101562,2026-08-03T21:31:02.637231+00:00
670.0,95.95,99.44,96.2,21.0,15,0.2974618594360351,call,2026-10-30,SPY,757.6699829101562,2026-08-03T21:31:02.637231+00:00
671.0,95.0,98.51,81.23,1.0,0,0.295905478515625,call,2026-10-30,SPY,757.6699829101562,2026-08-03T21:31:02.637231+00:00
672.0,94.08,97.59,83.59,2.0,4,0.29445590805053706,call,2026-10-30,SPY,757.6699829101562,2026-08-03T21:31:02.637231+00:00
673.0,93.15,96.66,77.92,29.0,29,0.29288426849365223,call,2026-10-30,SPY,757.6699829101562,2026-08-03T21:31:02.637231+00:00
674.0,92.23,95.74,82.85,1.0,4,0.29140418075561514,call,2026-10-30,SPY,757.6699829101562,2026-08-03T21:31:02.637231+00:00
675.0,91.3,94.82,92.88,4.0,12,0.28992409301757804,call,2026-10-30,SPY,757.6699829101562,2026-08-03T21:31:02.637231+00:00
677.0,89.46,92.98,75.62,1.0,2,0.28693340026855463,call,2026-10-30,SPY,757.6699829101562,2026-08-03T21:31:02.637231+00:00
678.0,0.0,0.0,90.57,1.0,0,1.0000000000000003e-05,call,2026-10-30,SPY,757.6699829101562,2026-08-03T21:31:02.637231+00:00
680.0,86.71,90.22,86.83,1.0,33,0.2823710679626465,call,2026-10-30,SPY,757.6699829101562,2026-08-03T21:31:02.637231+00:00
681.0,85.8,89.31,68.78,3.0,0,0.28092149749755857,call,2026-10-30,SPY,757.6699829101562,2026-08-03T21:31:02.637231+00:00
682.0,0.0,0.0,78.91,1.0,0,1.0000000000000003e-05,call,2026-10-30,SPY,757.6699829101562,2026-08-03T21:31:02.637231+00:00
683.0,70.37,73.76,74.02,3.0,0,1.0000000000000003e-05,call,2026-10-30,SPY,757.6699829101562,2026-08-03T21:31:02.637231+00:00
684.0,85.46,87.5,87.19,,1,0.28507184661865226,call,2026-10-30,SPY,757.6699829101562,2026-08-03T21:31:02.637231+00:00
685.0,82.15,85.66,69.98,1.0,12,0.27497062927246096,call,2026-10-30,SPY,757.6699829101562,2026-08-03T21:31:02.637231+00:00
686.0,81.24,84.75,69.87,1.0,17,0.2734752828979492,call,2026-10-30,SPY,757.6699829101562,2026-08-03T21:31:02.637231+00:00
687.0,80.33,83.84,64.5,,1,0.2719646778869628,call,2026-10-30,SPY,757.6699829101562,2026-08-03T21:31:02.637231+00:00
688.0,79.42,82.93,75.23,40.0,68,0.27045407287597656,call,2026-10-30,SPY,757.6699829101562,2026-08-03T21:31:02.637231+00:00
689.0,78.52,82.03,67.69,1.0,34,0.26901976104736325,call,2026-10-30,SPY,757.6699829101562,2026-08-03T21:31:02.637231+00:00
690.0,77.61,81.12,78.45,1.0,659,0.26749389739990237,call,2026-10-30,SPY,757.6699829101562,2026-08-03T21:31:02.637231+00:00
691.0,63.62,67.03,78.3,1.0,1,0.09620044433593751,call,2026-10-30,SPY,757.6699829101562,2026-08-03T21:31:02.637231+00:00
692.0,75.82,79.32,63.31,2.0,141,0.2645642391967773,call,2026-10-30,SPY,757.6699829101562,2026-08-03T21:31:02.637231+00:00
693.0,74.92,78.42,70.89,76.0,82,0.26308415145874026,call,2026-10-30,SPY,757.6699829101562,2026-08-03T21:31:02.637231+00:00
694.0,77.0,80.21,76.0,1.0,26,0.2849192602539062,call,2026-10-30,SPY,757.6699829101562,2026-08-03T21:31:02.637231+00:00
695.0,73.13,76.63,73.62,2.0,207,0.2601850105285644,call,2026-10-30,SPY,757.6699829101562,2026-08-03T21:31:02.637231+00:00
696.0,72.24,75.74,61.12,2.0,7,0.2587506986999512,call,2026-10-30,SPY,757.6699829101562,2026-08-03T21:31:02.637231+00:00
697.0,71.35,74.85,63.91,1.0,4,0.2573163868713379,call,2026-10-30,SPY,757.6699829101562,2026-08-03T21:31:02.637231+00:00
698.0,70.46,73.96,53.3,31.0,89,0.25586681640625003,call,2026-10-30,SPY,757.6699829101562,2026-08-03T21:31:02.637231+00:00
699.0,69.58,73.07,57.71,26.0,44,0.25440198730468755,call,2026-10-30,SPY,757.6699829101562,2026-08-03T21:31:02.637231+00:00
700.0,68.69,72.19,62.53,47.0,677,0.25299819274902346,call,2026-10-30,SPY,757.6699829101562,2026-08-03T21:31:02.637231+00:00
701.0,67.81,71.3,68.69,1.0,1,0.2515181050109863,call,2026-10-30,SPY,757.6699829101562,2026-08-03T21:31:02.637231+00:00
702.0,0.0,0.0,60.07,1.0,0,1.0000000000000003e-05,call,2026-10-30,SPY,757.6699829101562,2026-08-03T21:31:02.637231+00:00
703.0,66.05,69.54,65.99,3.0,4,0.2486647399902344,call,2026-10-30,SPY,757.6699829101562,2026-08-03T21:31:02.637231+00:00
704.0,65.17,68.66,61.5,24.0,30,0.2472151695251465,call,2026-10-30,SPY,757.6699829101562,2026-08-03T21:31:02.637231+00:00
705.0,64.29,67.79,67.54,3.0,48,0.24582663360595702,call,2026-10-30,SPY,757.6699829101562,2026-08-03T21:31:02.637231+00:00
706.0,0.0,0.0,73.77,,0,1.0000000000000003e-05,call,2026-10-30,SPY,757.6699829101562,2026-08-03T21:31:02.637231+00:00
707.0,0.0,0.0,65.13,5.0,0,1.0000000000000003e-05,call,2026-10-30,SPY,757.6699829101562,2026-08-03T21:31:02.637231+00:00
708.0,61.68,65.17,55.0,4.0,15,0.2415236981201172,call,2026-10-30,SPY,757.6699829101562,2026-08-03T21:31:02.637231+00:00
709.0,60.81,64.3,60.9,2.0,1,0.2400893862915039,call,2026-10-30,SPY,757.6699829101562,2026-08-03T21:31:02.637231+00:00
710.0,59.95,63.44,60.38,2.0,807,0.23871610900878903,call,2026-10-30,SPY,757.6699829101562,2026-08-03T21:31:02.637231+00:00
711.0,59.09,62.58,46.0,2.0,96,0.23732757308959956,call,2026-10-30,SPY,757.6699829101562,2026-08-03T21:31:02.637231+00:00
712.0,58.23,61.72,58.38,4.0,22,0.23592377853393554,call,2026-10-30,SPY,757.6699829101562,2026-08-03T21:31:02.637231+00:00
713.0,57.38,60.87,57.58,2.0,10,0.2345810185241699,call,2026-10-30,SPY,757.6699829101562,2026-08-03T21:31:02.637231+00:00
714.0,44.88,48.39,56.7,28.0,24,0.13185987777709962,call,2026-10-30,SPY,757.6699829101562,2026-08-03T21:31:02.637231+00:00
715.0,55.68,59.16,56.2,7.0,989,0.23175817077636718,call,2026-10-30,SPY,757.6699829101562,2026-08-03T21:31:02.637231+00:00
716.0,54.83,58.31,40.36,36.0,13,0.23035437622070312,call,2026-10-30,SPY,757.6699829101562,2026-08-03T21:31:02.637231+00:00
717.0,53.99,57.47,49.93,13.0,21,0.22902687484741213,call,2026-10-30,SPY,757.6699829101562,2026-08-03T21:31:02.637231+00:00
718.0,53.14,56.63,51.41,1.0,20,0.22766885620117186,call,2026-10-30,SPY,757.6699829101562,2026-08-03T21:31:02.637231+00:00
719.0,52.31,55.79,40.39,1.0,104,0.22629557891845703,call,2026-10-30,SPY,757.6699829101562,2026-08-03T21:31:02.637231+00:00
720.0,51.56,54.94,43.93,5.0,939,0.2248307498168945,call,2026-10-30,SPY,757.6699829101562,2026-08-03T21:31:02.637231+00:00
721.0,50.64,54.12,38.92,1.0,3,0.22356428298950193,call,2026-10-30,SPY,757.6699829101562,2026-08-03T21:31:02.637231+00:00
722.0,49.81,53.29,34.33,1.0,38,0.2222215229797363,call,2026-10-30,SPY,757.6699829101562,2026-08-03T21:31:02.637231+00:00
723.0,48.98,52.46,35.12,2.0,21,0.22084824569702144,call,2026-10-30,SPY,757.6699829101562,2026-08-03T21:31:02.637231+00:00
724.0,48.16,51.64,42.38,1.0,46,0.21952074432373048,call,2026-10-30,SPY,757.6699829101562,2026-08-03T21:31:02.637231+00:00
725.0,47.34,50.82,40.46,2.0,520,0.2181779843139648,call,2026-10-30,SPY,757.6699829101562,2026-08-03T21:31:02.637231+00:00
726.0,46.53,50.0,36.98,2.0,61,0.2168199656677246,call,2026-10-30,SPY,757.6699829101562,2026-08-03T21:31:02.637231+00:00
727.0,45.72,49.19,36.68,2.0,51,0.2155077229309082,call,2026-10-30,SPY,757.6699829101562,2026-08-03T21:31:02.637231+00:00
728.0,44.91,48.39,44.2,2.0,264,0.2142565147399902,call,2026-10-30,SPY,757.6699829101562,2026-08-03T21:31:02.637231+00:00
729.0,44.11,47.58,33.51,1.0,87,0.21289849609375,call,2026-10-30,SPY,757.6699829101562,2026-08-03T21:31:02.637231+00:00
730.0,43.31,46.4,44.31,75.0,814,0.20882444015502927,call,2026-10-30,SPY,757.6699829101562,2026-08-03T21:31:02.637231+00:00
731.0,42.6,45.99,43.02,42.0,89,0.2103503038024902,call,2026-10-30,SPY,757.6699829101562,2026-08-03T21:31:02.637231+00:00
732.0,41.73,45.2,42.83,14.0,73,0.20906857833862302,call,2026-10-30,SPY,757.6699829101562,2026-08-03T21:31:02.637231+00:00
733.0,40.94,44.41,35.29,1.0,66,0.20775633560180662,call,2026-10-30,SPY,757.6699829101562,2026-08-03T21:31:02.637231+00:00
734.0,40.16,43.63,27.85,3.0,38,0.2065051274108886,call,2026-10-30,SPY,757.6699829101562,2026-08-03T21:31:02.637231+00:00
735.0,39.38,42.85,41.53,44.0,265,0.20522340194702143,call,2026-10-30,SPY,757.6699829101562,2026-08-03T21:31:02.637231+00:00
736.0,38.67,42.08,40.82,43.0,55,0.2039874523925781,call,2026-10-30,SPY,757.6699829101562,2026-08-03T21:31:02.637231+00:00
737.0,38.31,40.92,39.1,2.0,97,0.19997443099975587,call,2026-10-30,SPY,757.6699829101562,2026-08-03T21:31:02.637231+00:00
738.0,37.15,40.35,38.55,5.0,143,0.20009650009155272,call,2026-10-30,SPY,757.6699829101562,2026-08-03T21:31:02.637231+00:00
739.0,36.32,39.79,36.0,8.0,200,0.2002643450927734,call,2026-10-30,SPY,757.6699829101562,2026-08-03T21:31:02.637231+00:00
740.0,36.29,38.39,37.69,37.0,1738,0.194519468460083,call,2026-10-30,SPY,757.6699829101562,2026-08-03T21:31:02.637231+00:00
741.0,34.82,38.3,33.83,1.0,168,0.19789925643920897,call,2026-10-30,SPY,757.6699829101562,2026-08-03T21:31:02.637231+00:00
742.0,34.16,37.56,35.58,8.0,332,0.19670908279418942,call,2026-10-30,SPY,757.6699829101562,2026-08-03T21:31:02.637231+00:00
743.0,33.4,36.82,31.96,32.0,1065,0.1954883918762207,call,2026-10-30,SPY,757.6699829101562,2026-08-03T21:31:02.637231+00:00
744.0,32.61,36.09,32.86,4.0,256,0.1943134768676758,call,2026-10-30,SPY,757.6699829101562,2026-08-03T21:31:02.637231+00:00
745.0,32.34,34.98,33.99,33.0,1001,0.19048355911254883,call,2026-10-30,SPY,757.6699829101562,2026-08-03T21:31:02.637231+00:00
746.0,31.17,34.65,30.83,10.0,283,0.1919941641235352,call,2026-10-30,SPY,757.6699829101562,2026-08-03T21:31:02.637231+00:00
747.0,30.98,33.44,30.71,1.0,13,0.18743946113586427,call,2026-10-30,SPY,757.6699829101562,2026-08-03T21:31:02.637231+00:00
748.0,30.28,32.73,29.94,4.0,25,0.18627980476379394,call,2026-10-30,SPY,757.6699829101562,2026-08-03T21:31:02.637231+00:00
749.0,29.59,32.02,27.42,2.0,358,0.18508200180053708,call,2026-10-30,SPY,757.6699829101562,2026-08-03T21:31:02.637231+00:00
750.0,29.6,30.67,30.12,558.0,2489,0.1795125994873047,call,2026-10-30,SPY,757.6699829101562,2026-08-03T21:31:02.637231+00:00
751.0,28.27,30.63,28.0,5.0,68,0.1828084649658203,call,2026-10-30,SPY,757.6699829101562,2026-08-03T21:31:02.637231+00:00
752.0,27.54,29.94,25.33,3.0,182,0.18164117927551268,call,2026-10-30,SPY,757.6699829101562,2026-08-03T21:31:02.637231+00:00
753.0,26.88,29.26,27.87,12.0,3,0.18051204017639158,call,2026-10-30,SPY,757.6699829101562,2026-08-03T21:31:02.637231+00:00
754.0,26.22,28.59,27.31,35.0,101,0.179421047668457,call,2026-10-30,SPY,757.6699829101562,2026-08-03T21:31:02.637231+00:00
755.0,25.57,27.64,26.76,172.0,736,0.1763998376464844,call,2026-10-30,SPY,757.6699829101562,2026-08-03T21:31:02.637231+00:00
756.0,24.93,27.26,26.43,53.0,6,0.17717802810668942,call,2026-10-30,SPY,757.6699829101562,2026-08-03T21:31:02.637231+00:00
757.0,24.85,26.05,25.32,167.0,130,0.1723410403442383,call,2026-10-30,SPY,757.6699829101562,2026-08-03T21:31:02.637231+00:00
758.0,23.66,25.97,25.11,42.0,7,0.17505707763671874,call,2026-10-30,SPY,757.6699829101562,2026-08-03T21:31:02.637231+00:00
759.0,23.04,25.33,24.22,5.0,67,0.1739660851287842,call,2026-10-30,SPY,757.6699829101562,2026-08-03T21:31:02.637231+00:00
760.0,23.57,23.63,23.74,492.0,3957,0.16573405075073244,call,2026-10-30,SPY,757.6699829101562,2026-08-03T21:31:02.637231+00:00
761.0,22.96,23.01,23.04,3.0,183,0.16470409278869627,call,2026-10-30,SPY,757.6699829101562,2026-08-03T21:31:02.637231+00:00
762.0,22.35,22.41,16.22,1.0,75,0.16376568664550784,call,2026-10-30,SPY,757.6699829101562,2026-08-03T21:31:02.637231+00:00
763.0,21.76,21.81,22.0,1.0,1,0.1627738752746582,call,2026-10-30,SPY,757.6699829101562,2026-08-03T21:31:02.637231+00:00
764.0,21.17,21.23,19.98,4.0,10,0.16187361572265624,call,2026-10-30,SPY,757.6699829101562,2026-08-03T21:31:02.637231+00:00
765.0,20.59,20.65,20.46,227.0,636,0.1609275802612305,call,2026-10-30,SPY,757.6699829101562,2026-08-03T21:31:02.637231+00:00
767.0,19.46,19.52,13.81,1.0,15,0.15911180252075197,call,2026-10-30,SPY,757.6699829101562,2026-08-03T21:31:02.637231+00:00
768.0,18.91,18.97,18.65,4.0,59,0.15822680160522462,call,2026-10-30,SPY,757.6699829101562,2026-08-03T21:31:02.637231+00:00
769.0,18.37,18.42,16.94,1.0,139,0.15729602478027344,call,2026-10-30,SPY,757.6699829101562,2026-08-03T21:31:02.637231+00:00
770.0,17.83,17.89,17.97,53.0,3408,0.15645679977416993,call,2026-10-30,SPY,757.6699829101562,2026-08-03T21:31:02.637231+00:00
771.0,17.31,17.36,17.24,2.0,158,0.15555654022216797,call,2026-10-30,SPY,757.6699829101562,2026-08-03T21:31:02.637231+00:00
772.0,16.8,16.85,16.31,2.0,4,0.1547478324890137,call,2026-10-30,SPY,757.6699829101562,2026-08-03T21:31:02.637231+00:00
773.0,16.29,16.34,15.06,3.0,2,0.15389334884643557,call,2026-10-30,SPY,757.6699829101562,2026-08-03T21:31:02.637231+00:00
774.0,15.79,15.85,11.78,1.0,4,0.15313041702270513,call,2026-10-30,SPY,757.6699829101562,2026-08-03T21:31:02.637231+00:00
775.0,15.31,15.36,15.31,11125.0,1840,0.1523064506530762,call,2026-10-30,SPY,757.6699829101562,2026-08-03T21:31:02.637231+00:00
776.0,14.83,14.88,13.65,4.0,4,0.1514977429199219,call,2026-10-30,SPY,757.6699829101562,2026-08-03T21:31:02.637231+00:00
777.0,14.37,14.42,14.47,3.0,158,0.15078058700561525,call,2026-10-30,SPY,757.6699829101562,2026-08-03T21:31:02.637231+00:00
778.0,13.91,13.96,12.59,1.0,627,0.1500023965454102,call,2026-10-30,SPY,757.6699829101562,2026-08-03T21:31:02.637231+00:00
779.0,13.46,13.51,12.16,4.0,18,0.14925472335815432,call,2026-10-30,SPY,757.6699829101562,2026-08-03T21:31:02.637231+00:00
780.0,13.02,13.08,13.28,61.0,5345,0.1485833433532715,call,2026-10-30,SPY,757.6699829101562,2026-08-03T21:31:02.637231+00:00
781.0,12.6,12.65,12.5,3.0,255,0.14786618743896485,call,2026-10-30,SPY,757.6699829101562,2026-08-03T21:31:02.637231+00:00
782.0,12.18,12.23,6.16,2.0,40,0.1471490315246582,call,2026-10-30,SPY,757.6699829101562,2026-08-03T21:31:02.637231+00:00
783.0,11.77,11.82,10.53,2.0,20569,0.14646239288330076,call,2026-10-30,SPY,757.6699829101562,2026-08-03T21:31:02.637231+00:00
784.0,11.37,11.42,10.15,1.0,2,0.14579101287841795,call,2026-10-30,SPY,757.6699829101562,2026-08-03T21:31:02.637231+00:00
785.0,10.98,11.03,10.99,11326.0,817,0.1451348915100098,call,2026-10-30,SPY,757.6699829101562,2026-08-03T21:31:02.637231+00:00
786.0,10.61,10.65,10.64,52.0,20,0.14449402877807616,call,2026-10-30,SPY,757.6699829101562,2026-08-03T21:31:02.637231+00:00
787.0,10.24,10.29,4.95,,8,0.1439599765014648,call,2026-10-30,SPY,757.6699829101562,2026-08-03T21:31:02.637231+00:00
789.0,9.53,9.58,9.55,1.0,228,0.1427698028564453,call,2026-10-30,SPY,757.6699829101562,2026-08-03T21:31:02.637231+00:00
790.0,9.19,9.24,9.33,19.0,5917,0.14220523330688478,call,2026-10-30,SPY,757.6699829101562,2026-08-03T21:31:02.637231+00:00
791.0,8.86,8.9,9.04,5.0,8,0.1415796292114258,call,2026-10-30,SPY,757.6699829101562,2026-08-03T21:31:02.637231+00:00
792.0,8.54,8.58,8.55,4.0,15,0.14106083557128907,call,2026-10-30,SPY,757.6699829101562,2026-08-03T21:31:02.637231+00:00
793.0,8.22,8.27,8.21,15.0,11,0.14055730056762694,call,2026-10-30,SPY,757.6699829101562,2026-08-03T21:31:02.637231+00:00
794.0,7.92,7.97,7.92,3.0,14,0.14008428283691404,call,2026-10-30,SPY,757.6699829101562,2026-08-03T21:31:02.637231+00:00
795.0,7.63,7.67,7.4,4.0,210,0.13955023056030275,call,2026-10-30,SPY,757.6699829101562,2026-08-03T21:31:02.637231+00:00
796.0,7.34,7.39,5.79,1.0,101,0.1391229887390137,call,2026-10-30,SPY,757.6699829101562,2026-08-03T21:31:02.637231+00:00
797.0,7.07,7.11,3.76,2.0,102,0.13863471237182617,call,2026-10-30,SPY,757.6699829101562,2026-08-03T21:31:02.637231+00:00
798.0,6.8,6.84,3.48,,50,0.1381769532775879,call,2026-10-30,SPY,757.6699829101562,2026-08-03T21:31:02.637231+00:00
799.0,6.54,6.58,6.41,12.0,41,0.13773445281982422,call,2026-10-30,SPY,757.6699829101562,2026-08-03T21:31:02.637231+00:00
800.0,6.29,6.33,6.1,203.0,5856,0.1373377282714844,call,2026-10-30,SPY,757.6699829101562,2026-08-03T21:31:02.637231+00:00
801.0,6.04,6.09,6.08,11.0,260,0.13695626235961916,call,2026-10-30,SPY,757.6699829101562,2026-08-03T21:31:02.637231+00:00
802.0,5.81,5.85,5.83,1.0,337,0.1365290205383301,call,2026-10-30,SPY,757.6699829101562,2026-08-03T21:31:02.637231+00:00
803.0,5.58,5.62,2.34,,854,0.13613229598999022,call,2026-10-30,SPY,757.6699829101562,2026-08-03T21:31:02.637231+00:00
804.0,5.36,5.4,5.38,41.0,696,0.1357660887145996,call,2026-10-30,SPY,757.6699829101562,2026-08-03T21:31:02.637231+00:00
805.0,5.15,5.19,5.15,104.0,785,0.13544565734863284,call,2026-10-30,SPY,757.6699829101562,2026-08-03T21:31:02.637231+00:00
806.0,4.94,4.99,2.48,500.0,200,0.13515574325561525,call,2026-10-30,SPY,757.6699829101562,2026-08-03T21:31:02.637231+00:00
807.0,4.75,4.79,4.61,3.0,548,0.13482005325317387,call,2026-10-30,SPY,757.6699829101562,2026-08-03T21:31:02.637231+00:00
808.0,4.55,4.6,4.58,73.0,1028,0.13451488052368166,call,2026-10-30,SPY,757.6699829101562,2026-08-03T21:31:02.637231+00:00
809.0,4.37,4.41,4.27,16.0,201,0.13416393188476564,call,2026-10-30,SPY,757.6699829101562,2026-08-03T21:31:02.637231+00:00
810.0,4.19,4.23,4.15,51.0,2690,0.13385875915527345,call,2026-10-30,SPY,757.6699829101562,2026-08-03T21:31:02.637231+00:00
812.0,3.85,3.89,3.88,9.0,2,0.13327893096923826,call,2026-10-30,SPY,757.6699829101562,2026-08-03T21:31:02.637231+00:00
815.0,3.39,3.43,3.35,26.0,452,0.13253125778198244,call,2026-10-30,SPY,757.6699829101562,2026-08-03T21:31:02.637231+00:00
816.0,3.25,3.29,1.44,,1,0.13233289550781252,call,2026-10-30,SPY,757.6699829101562,2026-08-03T21:31:02.637231+00:00
817.0,3.11,3.15,1.37,,2,0.13208875732421876,call,2026-10-30,SPY,757.6699829101562,2026-08-03T21:31:02.637231+00:00
818.0,2.98,3.02,2.09,4.0,1,0.13190565368652346,call,2026-10-30,SPY,757.6699829101562,2026-08-03T21:31:02.637231+00:00
819.0,2.86,2.89,1.5,1.0,4,0.1316615155029297,call,2026-10-30,SPY,757.6699829101562,2026-08-03T21:31:02.637231+00:00
820.0,2.74,2.77,2.67,13.0,342,0.13147841186523437,call,2026-10-30,SPY,757.6699829101562,2026-08-03T21:31:02.637231+00:00
821.0,2.62,2.65,2.65,1.0,2,0.13126479095458982,call,2026-10-30,SPY,757.6699829101562,2026-08-03T21:31:02.637231+00:00
822.0,2.51,2.54,2.43,4.0,22,0.13111220458984374,call,2026-10-30,SPY,757.6699829101562,2026-08-03T21:31:02.637231+00:00
823.0,2.4,2.43,1.03,,25,0.13092910095214844,call,2026-10-30,SPY,757.6699829101562,2026-08-03T21:31:02.637231+00:00
824.0,2.3,2.33,0.73,,20,0.13083754913330076,call,2026-10-30,SPY,757.6699829101562,2026-08-03T21:31:02.637231+00:00
825.0,2.2,2.23,1.78,24.0,178,0.13068496276855468,call,2026-10-30,SPY,757.6699829101562,2026-08-03T21:31:02.637231+00:00
826.0,2.1,2.14,2.08,7.0,1,0.13062392822265623,call,2026-10-30,SPY,757.6699829101562,2026-08-03T21:31:02.637231+00:00
827.0,2.01,2.04,1.89,5.0,3,0.13037979003906247,call,2026-10-30,SPY,757.6699829101562,2026-08-03T21:31:02.637231+00:00
829.0,1.84,1.87,0.77,,2,0.13016616912841794,call,2026-10-30,SPY,757.6699829101562,2026-08-03T21:31:02.637231+00:00
830.0,1.76,1.79,1.77,133.0,266,0.1300746173095703,call,2026-10-30,SPY,757.6699829101562,2026-08-03T21:31:02.637231+00:00
834.0,1.48,1.51,1.42,9.0,1,0.1299525482177734,call,2026-10-30,SPY,757.6699829101562,2026-08-03T21:31:02.637231+00:00
835.0,1.41,1.44,1.37,16.0,227,0.12979996185302733,call,2026-10-30,SPY,757.6699829101562,2026-08-03T21:31:02.637231+00:00
840.0,1.14,1.16,1.12,27.0,253,0.12970841003417968,call,2026-10-30,SPY,757.6699829101562,2026-08-03T21:31:02.637231+00:00
845.0,0.92,0.95,0.91,30.0,317,0.1302577209472656,call,2026-10-30,SPY,757.6699829101562,2026-08-03T21:31:02.637231+00:00
850.0,0.75,0.77,0.72,116.0,2090,0.13056289367675777,call,2026-10-30,SPY,757.6699829101562,2026-08-03T21:31:02.637231+00:00
855.0,0.62,0.64,0.59,33.0,283,0.1315394464111328,call,2026-10-30,SPY,757.6699829101562,2026-08-03T21:31:02.637231+00:00
860.0,0.51,0.53,0.37,12.0,321,0.1324549645996094,call,2026-10-30,SPY,757.6699829101562,2026-08-03T21:31:02.637231+00:00
865.0,0.43,0.45,0.3,3.0,760,0.13391979370117188,call,2026-10-30,SPY,757.6699829101562,2026-08-03T21:31:02.637231+00:00
870.0,0.36,0.38,0.25,16.0,695,0.13514048461914066,call,2026-10-30,SPY,757.6699829101562,2026-08-03T21:31:02.637231+00:00
875.0,0.31,0.32,0.24,1.0,392,0.13636117553710939,call,2026-10-30,SPY,757.6699829101562,2026-08-03T21:31:02.637231+00:00
880.0,0.27,0.28,0.13,1.0,298,0.13831428100585938,call,2026-10-30,SPY,757.6699829101562,2026-08-03T21:31:02.637231+00:00
885.0,0.23,0.25,0.23,2.0,213,0.14063359375,call,2026-10-30,SPY,757.6699829101562,2026-08-03T21:31:02.637231+00:00
890.0,0.2,0.22,0.15,1.0,207,0.14258669921875,call,2026-10-30,SPY,757.6699829101562,2026-08-03T21:31:02.637231+00:00
895.0,0.18,0.19,0.19,1.0,60,0.14405152832031248,call,2026-10-30,SPY,757.6699829101562,2026-08-03T21:31:02.637231+00:00
900.0,0.16,0.17,0.17,16.0,1636,0.14624877197265623,call,2026-10-30,SPY,757.6699829101562,2026-08-03T21:31:02.637231+00:00
470.0,0.56,0.58,0.59,230.0,391,0.43457596679687505,put,2026-10-30,SPY,757.6699829101562,2026-08-03T21:31:02.637231+00:00
475.0,0.59,0.61,0.75,2.0,199,0.42896078857421877,put,2026-10-30,SPY,757.6699829101562,2026-08-03T21:31:02.637231+00:00
480.0,0.62,0.64,0.64,4.0,456,0.42310147216796873,put,2026-10-30,SPY,757.6699829101562,2026-08-03T21:31:02.637231+00:00
485.0,0.65,0.67,0.66,1.0,30,0.4172421557617187,put,2026-10-30,SPY,757.6699829101562,2026-08-03T21:31:02.637231+00:00
490.0,0.68,0.7,0.7,5.0,179,0.411138701171875,put,2026-10-30,SPY,757.6699829101562,2026-08-03T21:31:02.637231+00:00
495.0,0.71,0.73,0.75,22.0,86,0.4050352465820312,put,2026-10-30,SPY,757.6699829101562,2026-08-03T21:31:02.637231+00:00
500.0,0.75,0.76,0.77,35.0,558,0.39893179199218753,put,2026-10-30,SPY,757.6699829101562,2026-08-03T21:31:02.637231+00:00
505.0,0.78,0.8,0.8,9.0,99,0.3934386828613281,put,2026-10-30,SPY,757.6699829101562,2026-08-03T21:31:02.637231+00:00
510.0,0.82,0.84,0.87,20.0,726,0.3878235046386719,put,2026-10-30,SPY,757.6699829101562,2026-08-03T21:31:02.637231+00:00
515.0,0.86,0.88,0.86,20.0,238,0.3820862573242187,put,2026-10-30,SPY,757.6699829101562,2026-08-03T21:31:02.637231+00:00
520.0,0.9,0.92,0.94,211.0,461,0.37622694091796877,put,2026-10-30,SPY,757.6699829101562,2026-08-03T21:31:02.637231+00:00
525.0,0.95,0.96,0.96,53.0,386,0.37036762451171873,put,2026-10-30,SPY,757.6699829101562,2026-08-03T21:31:02.637231+00:00
530.0,0.99,1.01,1.01,117.0,336,0.3648745153808594,put,2026-10-30,SPY,757.6699829101562,2026-08-03T21:31:02.637231+00:00
535.0,1.04,1.06,1.04,4.0,125,0.3593203717041016,put,2026-10-30,SPY,757.6699829101562,2026-08-03T21:31:02.637231+00:00
540.0,1.09,1.11,1.11,6.0,531,0.3536441589355468,put,2026-10-30,SPY,757.6699829101562,2026-08-03T21:31:02.637231+00:00
545.0,1.14,1.16,1.87,1.0,173,0.3478458770751953,put,2026-10-30,SPY,757.6699829101562,2026-08-03T21:31:02.637231+00:00
550.0,1.2,1.22,1.2,79.0,654,0.34241380249023434,put,2026-10-30,SPY,757.6699829101562,2026-08-03T21:31:02.637231+00:00
555.0,1.26,1.28,1.33,5.0,404,0.33685965881347657,put,2026-10-30,SPY,757.6699829101562,2026-08-03T21:31:02.637231+00:00
560.0,1.32,1.34,1.35,26.0,294,0.3311834460449219,put,2026-10-30,SPY,757.6699829101562,2026-08-03T21:31:02.637231+00:00
565.0,1.38,1.4,1.42,1.0,188,0.32532412963867186,put,2026-10-30,SPY,757.6699829101562,2026-08-03T21:31:02.637231+00:00
570.0,1.45,1.47,1.46,28.0,566,0.3198310205078124,put,2026-10-30,SPY,757.6699829101562,2026-08-03T21:31:02.637231+00:00
575.0,1.53,1.55,1.53,67.0,893,0.3145820495605468,put,2026-10-30,SPY,757.6699829101562,2026-08-03T21:31:02.637231+00:00
580.0,1.6,1.62,1.69,13.0,741,0.30878376770019533,put,2026-10-30,SPY,757.6699829101562,2026-08-03T21:31:02.637231+00:00
585.0,1.69,1.71,1.7,5.0,505,0.3035347967529296,put,2026-10-30,SPY,757.6699829101562,2026-08-03T21:31:02.637231+00:00
590.0,1.77,1.8,1.79,8.0,533,0.2981027221679687,put,2026-10-30,SPY,757.6699829101562,2026-08-03T21:31:02.637231+00:00
595.0,1.87,1.89,1.94,3.0,20857,0.29254857849121085,put,2026-10-30,SPY,757.6699829101562,2026-08-03T21:31:02.637231+00:00
600.0,1.97,1.99,1.97,20391.0,630,0.28717753845214833,put,2026-10-30,SPY,757.6699829101562,2026-08-03T21:31:02.637231+00:00
605.0,2.08,2.1,2.14,11.0,540,0.28186753295898437,put,2026-10-30,SPY,757.6699829101562,2026-08-03T21:31:02.637231+00:00
610.0,2.19,2.22,2.27,299.0,528,0.2766185620117187,put,2026-10-30,SPY,757.6699829101562,2026-08-03T21:31:02.637231+00:00
615.0,2.32,2.34,2.39,140.0,214,0.27118648742675777,put,2026-10-30,SPY,757.6699829101562,2026-08-03T21:31:02.637231+00:00
620.0,2.46,2.48,2.48,2.0,1622,0.26605958557128906,put,2026-10-30,SPY,757.6699829101562,2026-08-03T21:31:02.637231+00:00
625.0,2.6,2.63,2.62,25.0,821,0.26093268371582035,put,2026-10-30,SPY,757.6699829101562,2026-08-03T21:31:02.637231+00:00
630.0,2.76,2.79,2.83,33.0,570,0.25580578186035163,put,2026-10-30,SPY,757.6699829101562,2026-08-03T21:31:02.637231+00:00
635.0,2.93,2.96,3.0,16.0,376,0.2506483627319336,put,2026-10-30,SPY,757.6699829101562,2026-08-03T21:31:02.637231+00:00
640.0,3.12,3.15,3.14,22.0,408,0.24564352996826172,put,2026-10-30,SPY,757.6699829101562,2026-08-03T21:31:02.637231+00:00
641.0,3.16,3.19,3.17,6.0,219,0.24463645996093752,put,2026-10-30,SPY,757.6699829101562,2026-08-03T21:31:02.637231+00:00
642.0,3.2,3.23,3.22,12.0,134,0.24362938995361327,put,2026-10-30,SPY,757.6699829101562,2026-08-03T21:31:02.637231+00:00
643.0,3.24,3.27,3.3,3.0,352,0.24262231994628902,put,2026-10-30,SPY,757.6699829101562,2026-08-03T21:31:02.637231+00:00
644.0,3.28,3.31,3.44,251.0,117,0.24158473266601563,put,2026-10-30,SPY,757.6699829101562,2026-08-03T21:31:02.637231+00:00
645.0,3.32,3.35,3.34,2.0,328,0.24054714538574218,put,2026-10-30,SPY,757.6699829101562,2026-08-03T21:31:02.637231+00:00
646.0,3.36,3.4,3.47,12.0,146,0.23966214447021478,put,2026-10-30,SPY,757.6699829101562,2026-08-03T21:31:02.637231+00:00
647.0,3.4,3.44,3.52,9.0,40,0.23859403991699218,put,2026-10-30,SPY,757.6699829101562,2026-08-03T21:31:02.637231+00:00
648.0,3.45,3.48,3.64,252.0,151,0.23752593536376948,put,2026-10-30,SPY,757.6699829101562,2026-08-03T21:31:02.637231+00:00
649.0,3.49,3.53,3.91,2.0,33,0.23661041717529296,put,2026-10-30,SPY,757.6699829101562,2026-08-03T21:31:02.637231+00:00
650.0,3.54,3.57,3.57,48.0,1730,0.2355117953491211,put,2026-10-30,SPY,757.6699829101562,2026-08-03T21:31:02.637231+00:00
651.0,3.58,3.62,5.5,1.0,52,0.2345657598876953,put,2026-10-30,SPY,757.6699829101562,2026-08-03T21:31:02.637231+00:00
652.0,3.63,3.66,4.07,2.0,295,0.23346713806152342,put,2026-10-30,SPY,757.6699829101562,2026-08-03T21:31:02.637231+00:00
653.0,3.68,3.71,4.11,2.0,260,0.23249058532714845,put,2026-10-30,SPY,757.6699829101562,2026-08-03T21:31:02.637231+00:00
654.0,3.72,3.76,4.18,2.0,59,0.23151403259277342,put,2026-10-30,SPY,757.6699829101562,2026-08-03T21:31:02.637231+00:00
655.0,3.77,3.81,3.84,7.0,89,0.23053747985839845,put,2026-10-30,SPY,757.6699829101562,2026-08-03T21:31:02.637231+00:00
656.0,3.82,3.86,3.99,3.0,24,0.2295304098510742,put,2026-10-30,SPY,757.6699829101562,2026-08-03T21:31:02.637231+00:00
657.0,3.87,3.91,3.9,4.0,58,0.22852333984375,put,2026-10-30,SPY,757.6699829101562,2026-08-03T21:31:02.637231+00:00
658.0,3.92,3.96,4.0,1.0,58,0.22748575256347653,put,2026-10-30,SPY,757.6699829101562,2026-08-03T21:31:02.637231+00:00
659.0,3.98,4.01,4.02,4.0,64,0.2264481652832031,put,2026-10-30,SPY,757.6699829101562,2026-08-03T21:31:02.637231+00:00
660.0,4.03,4.07,4.06,44.0,375,0.22556316436767576,put,2026-10-30,SPY,757.6699829101562,2026-08-03T21:31:02.637231+00:00
661.0,4.08,4.12,5.32,1.0,58,0.22449505981445309,put,2026-10-30,SPY,757.6699829101562,2026-08-03T21:31:02.637231+00:00
662.0,4.14,4.18,4.64,2.0,96,0.22357954162597654,put,2026-10-30,SPY,757.6699829101562,2026-08-03T21:31:02.637231+00:00
663.0,4.19,4.23,4.47,3.0,48,0.22248091979980467,put,2026-10-30,SPY,757.6699829101562,2026-08-03T21:31:02.637231+00:00
664.0,4.25,4.29,5.58,2.0,59,0.22153488433837887,put,2026-10-30,SPY,757.6699829101562,2026-08-03T21:31:02.637231+00:00
665.0,4.31,4.35,4.4,16.0,329,0.2205583316040039,put,2026-10-30,SPY,757.6699829101562,2026-08-03T21:31:02.637231+00:00
666.0,4.37,4.4,4.95,1.0,41,0.2194291925048828,put,2026-10-30,SPY,757.6699829101562,2026-08-03T21:31:02.637231+00:00
667.0,4.43,4.46,5.57,1.0,32,0.21845263977050777,put,2026-10-30,SPY,757.6699829101562,2026-08-03T21:31:02.637231+00:00
668.0,4.49,4.53,4.78,3.0,31,0.21756763885498048,put,2026-10-30,SPY,757.6699829101562,2026-08-03T21:31:02.637231+00:00
669.0,4.55,4.59,5.14,3.0,51,0.21656056884765623,put,2026-10-30,SPY,757.6699829101562,2026-08-03T21:31:02.637231+00:00
670.0,4.61,4.65,6.68,13.0,306,0.2155229815673828,put,2026-10-30,SPY,757.6699829101562,2026-08-03T21:31:02.637231+00:00
671.0,4.67,4.71,5.28,1.0,100,0.21445487701416016,put,2026-10-30,SPY,757.6699829101562,2026-08-03T21:31:02.637231+00:00
672.0,4.74,4.78,6.75,1.0,29,0.2135393588256836,put,2026-10-30,SPY,757.6699829101562,2026-08-03T21:31:02.637231+00:00
673.0,4.8,4.84,4.94,6.0,214,0.21244073699951171,put,2026-10-30,SPY,757.6699829101562,2026-08-03T21:31:02.637231+00:00
674.0,4.87,4.91,4.98,51.0,185,0.21149470153808592,put,2026-10-30,SPY,757.6699829101562,2026-08-03T21:31:02.637231+00:00
675.0,4.94,4.98,5.01,42.0,400,0.21051814880371095,put,2026-10-30,SPY,757.6699829101562,2026-08-03T21:31:02.637231+00:00
676.0,5.01,5.05,5.33,2.0,65,0.2095110787963867,put,2026-10-30,SPY,757.6699829101562,2026-08-03T21:31:02.637231+00:00
677.0,5.08,5.12,5.17,4.0,152,0.20850400878906244,put,2026-10-30,SPY,757.6699829101562,2026-08-03T21:31:02.637231+00:00
678.0,5.15,5.19,5.77,1.0,283,0.20749693878173825,put,2026-10-30,SPY,757.6699829101562,2026-08-03T21:31:02.637231+00:00
679.0,5.22,5.27,5.31,223.0,108,0.20658142059326168,put,2026-10-30,SPY,757.6699829101562,2026-08-03T21:31:02.637231+00:00
680.0,5.3,5.34,5.34,87.0,1066,0.20551331604003903,put,2026-10-30,SPY,757.6699829101562,2026-08-03T21:31:02.637231+00:00
681.0,5.38,5.42,6.07,1.0,267,0.20456728057861323,put,2026-10-30,SPY,757.6699829101562,2026-08-03T21:31:02.637231+00:00
682.0,5.45,5.49,5.51,3.0,133,0.2034991760253906,put,2026-10-30,SPY,757.6699829101562,2026-08-03T21:31:02.637231+00:00
683.0,5.53,5.57,5.55,28.0,5932,0.20252262329101559,put,2026-10-30,SPY,757.6699829101562,2026-08-03T21:31:02.637231+00:00
684.0,5.61,5.65,6.49,1.0,480,0.20151555328369142,put,2026-10-30,SPY,757.6699829101562,2026-08-03T21:31:02.637231+00:00
685.0,5.69,5.73,5.79,67.0,1284,0.20050848327636717,put,2026-10-30,SPY,757.6699829101562,2026-08-03T21:31:02.637231+00:00
686.0,5.77,5.82,8.25,1.0,299,0.19959296508789062,put,2026-10-30,SPY,757.6699829101562,2026-08-03T21:31:02.637231+00:00
687.0,5.86,5.9,5.9,3.0,147,0.19854011917114256,put,2026-10-30,SPY,757.6699829101562,2026-08-03T21:31:02.637231+00:00
688.0,5.94,5.99,6.03,1.0,140,0.19759408370971682,put,2026-10-30,SPY,757.6699829101562,2026-08-03T21:31:02.637231+00:00
689.0,6.03,6.08,6.04,2.0,82,0.1966327896118164,put,2026-10-30,SPY,757.6699829101562,2026-08-03T21:31:02.637231+00:00
690.0,6.13,6.17,6.12,169.0,977,0.1956257196044922,put,2026-10-30,SPY,757.6699829101562,2026-08-03T21:31:02.637231+00:00
691.0,6.21,6.26,6.42,75.0,78,0.19461864959716796,put,2026-10-30,SPY,757.6699829101562,2026-08-03T21:31:02.637231+00:00
692.0,6.3,6.35,9.59,8.0,83,0.19361157958984376,put,2026-10-30,SPY,757.6699829101562,2026-08-03T21:31:02.637231+00:00
693.0,6.4,6.44,6.6,1.0,93,0.19255873367309573,put,2026-10-30,SPY,757.6699829101562,2026-08-03T21:31:02.637231+00:00
694.0,6.49,6.54,6.58,4.0,38,0.19161269821166993,put,2026-10-30,SPY,757.6699829101562,2026-08-03T21:31:02.637231+00:00
695.0,6.59,6.64,6.75,27.0,314,0.1906361454772949,put,2026-10-30,SPY,757.6699829101562,2026-08-03T21:31:02.637231+00:00
696.0,6.69,6.73,6.93,1.0,39,0.18953752365112309,put,2026-10-30,SPY,757.6699829101562,2026-08-03T21:31:02.637231+00:00
697.0,6.79,6.84,7.57,1.0,54,0.18863726409912107,put,2026-10-30,SPY,757.6699829101562,2026-08-03T21:31:02.637231+00:00
698.0,6.89,6.94,7.12,1.0,87,0.18759967681884765,put,2026-10-30,SPY,757.6699829101562,2026-08-03T21:31:02.637231+00:00
699.0,6.99,7.04,7.0,4.0,64,0.18656208953857423,put,2026-10-30,SPY,757.6699829101562,2026-08-03T21:31:02.637231+00:00
700.0,7.1,7.15,7.12,348.0,1799,0.1855855368041992,put,2026-10-30,SPY,757.6699829101562,2026-08-03T21:31:02.637231+00:00
701.0,7.21,7.26,7.66,4.0,50,0.18459372543334956,put,2026-10-30,SPY,757.6699829101562,2026-08-03T21:31:02.637231+00:00
702.0,7.32,7.37,7.46,4.0,59,0.18358665542602537,put,2026-10-30,SPY,757.6699829101562,2026-08-03T21:31:02.637231+00:00
703.0,7.43,7.48,8.02,2.0,69,0.18254906814575195,put,2026-10-30,SPY,757.6699829101562,2026-08-03T21:31:02.637231+00:00
704.0,7.55,7.6,8.03,1.0,52,0.18160303268432615,put,2026-10-30,SPY,757.6699829101562,2026-08-03T21:31:02.637231+00:00
705.0,7.67,7.72,7.71,27.0,148,0.18062647994995118,put,2026-10-30,SPY,757.6699829101562,2026-08-03T21:31:02.637231+00:00
706.0,7.79,7.84,7.89,1.0,170,0.17961940994262693,put,2026-10-30,SPY,757.6699829101562,2026-08-03T21:31:02.637231+00:00
707.0,7.91,7.96,7.79,5.0,20590,0.17859708129882812,put,2026-10-30,SPY,757.6699829101562,2026-08-03T21:31:02.637231+00:00
708.0,8.03,8.08,8.26,4.0,112,0.1775594940185547,put,2026-10-30,SPY,757.6699829101562,2026-08-03T21:31:02.637231+00:00
709.0,8.16,8.21,8.31,1.0,347,0.1765829412841797,put,2026-10-30,SPY,757.6699829101562,2026-08-03T21:31:02.637231+00:00
710.0,8.29,8.34,8.35,51.0,1665,0.1755911299133301,put,2026-10-30,SPY,757.6699829101562,2026-08-03T21:31:02.637231+00:00
711.0,8.42,8.47,8.77,3.0,98,0.17456880126953128,put,2026-10-30,SPY,757.6699829101562,2026-08-03T21:31:02.637231+00:00
712.0,8.55,8.61,8.8,14.0,250,0.17360750717163087,put,2026-10-30,SPY,757.6699829101562,2026-08-03T21:31:02.637231+00:00
713.0,8.69,8.74,8.69,4.0,644,0.17253940261840822,put,2026-10-30,SPY,757.6699829101562,2026-08-03T21:31:02.637231+00:00
714.0,8.83,8.89,9.4,1.0,106,0.17162388442993165,put,2026-10-30,SPY,757.6699829101562,2026-08-03T21:31:02.637231+00:00
715.0,8.98,9.03,9.1,73.0,669,0.17060155578613284,put,2026-10-30,SPY,757.6699829101562,2026-08-03T21:31:02.637231+00:00
716.0,9.12,9.18,9.53,5.0,59,0.16962500305175782,put,2026-10-30,SPY,757.6699829101562,2026-08-03T21:31:02.637231+00:00
717.0,9.27,9.33,9.53,5.0,184,0.16863319168090823,put,2026-10-30,SPY,757.6699829101562,2026-08-03T21:31:02.637231+00:00
718.0,9.43,9.48,9.5,2.0,90,0.1676108630371094,put,2026-10-30,SPY,757.6699829101562,2026-08-03T21:31:02.637231+00:00
719.0,9.58,9.64,10.2,1.0,166,0.16664956893920901,put,2026-10-30,SPY,757.6699829101562,2026-08-03T21:31:02.637231+00:00
720.0,9.74,9.79,9.76,190.0,916,0.16558146438598637,put,2026-10-30,SPY,757.6699829101562,2026-08-03T21:31:02.637231+00:00
721.0,9.9,9.96,17.04,1.0,13,0.16465068756103518,put,2026-10-30,SPY,757.6699829101562,2026-08-03T21:31:02.637231+00:00
722.0,10.07,10.12,10.73,3.0,84,0.16361310028076176,put,2026-10-30,SPY,757.6699829101562,2026-08-03T21:31:02.637231+00:00
723.0,10.24,10.29,10.57,1.0,33,0.16262128890991212,put,2026-10-30,SPY,757.6699829101562,2026-08-03T21:31:02.637231+00:00
724.0,10.41,10.47,10.55,3.0,70,0.16167525344848632,put,2026-10-30,SPY,757.6699829101562,2026-08-03T21:31:02.637231+00:00
725.0,10.59,10.65,10.65,59.0,977,0.16071395935058597,put,2026-10-30,SPY,757.6699829101562,2026-08-03T21:31:02.637231+00:00
726.0,10.77,10.83,10.79,9.0,55,0.15970688934326172,put,2026-10-30,SPY,757.6699829101562,2026-08-03T21:31:02.637231+00:00
727.0,10.96,11.01,11.31,4.0,54,0.1586845606994629,put,2026-10-30,SPY,757.6699829101562,2026-08-03T21:31:02.637231+00:00
728.0,11.15,11.21,11.39,4.0,36,0.15778430114746095,put,2026-10-30,SPY,757.6699829101562,2026-08-03T21:31:02.637231+00:00
729.0,11.34,11.4,11.68,12.0,52,0.15677723114013675,put,2026-10-30,SPY,757.6699829101562,2026-08-03T21:31:02.637231+00:00
730.0,11.54,11.6,11.54,206.0,1343,0.15580067840576173,put,2026-10-30,SPY,757.6699829101562,2026-08-03T21:31:02.637231+00:00
731.0,11.74,11.8,11.9,11.0,44,0.15480886703491215,put,2026-10-30,SPY,757.6699829101562,2026-08-03T21:31:02.637231+00:00
732.0,11.95,12.01,12.11,4.0,307,0.15384757293701173,put,2026-10-30,SPY,757.6699829101562,2026-08-03T21:31:02.637231+00:00
733.0,12.16,12.22,12.14,1.0,157,0.15285576156616215,put,2026-10-30,SPY,757.6699829101562,2026-08-03T21:31:02.637231+00:00
734.0,12.37,12.44,12.4,2.0,267,0.15190972610473635,put,2026-10-30,SPY,757.6699829101562,2026-08-03T21:31:02.637231+00:00
735.0,12.6,12.66,12.67,145.0,892,0.15091791473388677,put,2026-10-30,SPY,757.6699829101562,2026-08-03T21:31:02.637231+00:00
736.0,12.82,12.89,12.8,3.0,121,0.14997187927246097,put,2026-10-30,SPY,757.6699829101562,2026-08-03T21:31:02.637231+00:00
737.0,13.05,13.12,13.16,28.0,192,0.14899532653808595,put,2026-10-30,SPY,757.6699829101562,2026-08-03T21:31:02.637231+00:00
738.0,13.29,13.36,13.58,505.0,628,0.1480492910766602,put,2026-10-30,SPY,757.6699829101562,2026-08-03T21:31:02.637231+00:00
739.0,13.53,13.6,13.83,33.0,227,0.14707273834228518,put,2026-10-30,SPY,757.6699829101562,2026-08-03T21:31:02.637231+00:00
740.0,13.81,13.84,13.74,327.0,1706,0.14605040969848632,put,2026-10-30,SPY,757.6699829101562,2026-08-03T21:31:02.637231+00:00
741.0,14.03,14.1,14.07,8.0,144,0.1451348915100098,put,2026-10-30,SPY,757.6699829101562,2026-08-03T21:31:02.637231+00:00
742.0,14.29,14.36,14.35,5.0,267,0.14417359741210936,put,2026-10-30,SPY,757.6699829101562,2026-08-03T21:31:02.637231+00:00
743.0,14.55,14.62,14.53,202.0,285,0.1431741567230225,put,2026-10-30,SPY,757.6699829101562,2026-08-03T21:31:02.637231+00:00
744.0,14.82,14.89,21.15,1.0,96,0.14220523330688478,put,2026-10-30,SPY,757.6699829101562,2026-08-03T21:31:02.637231+00:00
745.0,15.1,15.17,15.04,195.0,1225,0.1412744564819336,put,2026-10-30,SPY,757.6699829101562,2026-08-03T21:31:02.637231+00:00
746.0,15.39,15.46,16.91,5.0,555,0.14035893829345703,put,2026-10-30,SPY,757.6699829101562,2026-08-03T21:31:02.637231+00:00
747.0,15.68,15.75,15.73,7.0,2,0.13939764419555667,put,2026-10-30,SPY,757.6699829101562,2026-08-03T21:31:02.637231+00:00
748.0,15.97,16.05,16.19,15.0,190,0.13846686737060548,put,2026-10-30,SPY,757.6699829101562,2026-08-03T21:31:02.637231+00:00
749.0,16.27,16.35,16.33,3.0,27,0.13749031463623052,put,2026-10-30,SPY,757.6699829101562,2026-08-03T21:31:02.637231+00:00
750.0,16.59,16.66,16.73,619.0,2412,0.13654427917480472,put,2026-10-30,SPY,757.6699829101562,2026-08-03T21:31:02.637231+00:00
751.0,16.9,16.98,17.27,5.0,6,0.13561350234985353,put,2026-10-30,SPY,757.6699829101562,2026-08-03T21:31:02.637231+00:00
752.0,17.23,17.31,17.7,10.0,64,0.13469798416137696,put,2026-10-30,SPY,757.6699829101562,2026-08-03T21:31:02.637231+00:00
753.0,17.56,17.64,18.95,4.0,2,0.13373669006347655,put,2026-10-30,SPY,757.6699829101562,2026-08-03T21:31:02.637231+00:00
754.0,17.9,17.98,18.03,37.0,3,0.1327982839202881,put,2026-10-30,SPY,757.6699829101562,2026-08-03T21:31:02.637231+00:00
755.0,18.25,18.33,18.47,105.0,825,0.13187513641357423,put,2026-10-30,SPY,757.6699829101562,2026-08-03T21:31:02.637231+00:00
756.0,18.61,18.69,18.54,13.0,8,0.13095961822509766,put,2026-10-30,SPY,757.6699829101562,2026-08-03T21:31:02.637231+00:00
757.0,18.98,19.06,19.02,5.0,2,0.1300746173095703,put,2026-10-30,SPY,757.6699829101562,2026-08-03T21:31:02.637231+00:00
758.0,19.35,19.43,19.35,40.0,1,0.12912858184814452,put,2026-10-30,SPY,757.6699829101562,2026-08-03T21:31:02.637231+00:00
760.0,20.12,20.2,20.19,89.0,423,0.1272670281982422,put,2026-10-30,SPY,757.6699829101562,2026-08-03T21:31:02.637231+00:00
761.0,20.52,20.6,20.52,6.0,3,0.1263515100097656,put,2026-10-30,SPY,757.6699829101562,2026-08-03T21:31:02.637231+00:00
762.0,20.93,21.01,21.48,2.0,2,0.12545125045776367,put,2026-10-30,SPY,757.6699829101562,2026-08-03T21:31:02.637231+00:00
763.0,21.35,21.43,21.16,14.0,1,0.12456624954223633,put,2026-10-30,SPY,757.6699829101562,2026-08-03T21:31:02.637231+00:00
764.0,21.77,21.86,33.78,,1,0.12368124862670898,put,2026-10-30,SPY,757.6699829101562,2026-08-03T21:31:02.637231+00:00
765.0,22.21,22.29,22.87,8.0,504,0.12273521316528321,put,2026-10-30,SPY,757.6699829101562,2026-08-03T21:31:02.637231+00:00
766.0,22.66,22.74,22.67,3.0,1,0.12185021224975587,put,2026-10-30,SPY,757.6699829101562,2026-08-03T21:31:02.637231+00:00
768.0,23.57,23.66,24.89,1.0,1,0.12004969314575195,put,2026-10-30,SPY,757.6699829101562,2026-08-03T21:31:02.637231+00:00
769.0,24.05,24.13,41.14,,1,0.11911891632080077,put,2026-10-30,SPY,757.6699829101562,2026-08-03T21:31:02.637231+00:00
770.0,24.53,24.62,24.5,26.0,154,0.11824917404174803,put,2026-10-30,SPY,757.6699829101562,2026-08-03T21:31:02.637231+00:00
775.0,25.76,28.59,27.13,4.0,95,0.12371176589965821,put,2026-10-30,SPY,757.6699829101562,2026-08-03T21:31:02.637231+00:00
780.0,29.17,30.9,29.94,17.0,25,0.11577727493286133,put,2026-10-30,SPY,757.6699829101562,2026-08-03T21:31:02.637231+00:00
781.0,28.86,32.37,46.5,1.0,1,0.12152978088378906,put,2026-10-30,SPY,757.6699829101562,2026-08-03T21:31:02.637231+00:00
782.0,29.47,32.99,49.63,1.0,1,0.12087365951538087,put,2026-10-30,SPY,757.6699829101562,2026-08-03T21:31:02.637231+00:00
785.0,31.37,34.89,44.64,2.0,11,0.11875270904541015,put,2026-10-30,SPY,757.6699829101562,2026-08-03T21:31:02.637231+00:00
790.0,35.28,37.8,36.39,4.0,17,0.11136752899169922,put,2026-10-30,SPY,757.6699829101562,2026-08-03T21:31:02.637231+00:00
791.0,35.47,38.99,46.25,1.0,35,0.1149075326538086,put,2026-10-30,SPY,757.6699829101562,2026-08-03T21:31:02.637231+00:00
795.0,0.0,0.0,61.0,1.0,0,1.0000000000000003e-05,put,2026-10-30,SPY,757.6699829101562,2026-08-03T21:31:02.637231+00:00
797.0,40.03,43.47,56.13,10.0,0,0.11158114990234375,put,2026-10-30,SPY,757.6699829101562,2026-08-03T21:31:02.637231+00:00
800.0,42.33,45.84,61.5,1.0,17,0.11010106216430662,put,2026-10-30,SPY,757.6699829101562,2026-08-03T21:31:02.637231+00:00
805.0,46.49,50.0,55.85,,0,0.10834631896972656,put,2026-10-30,SPY,757.6699829101562,2026-08-03T21:31:02.637231+00:00
810.0,50.88,54.4,63.0,4.0,1,0.10779700805664064,put,2026-10-30,SPY,757.6699829101562,2026-08-03T21:31:02.637231+00:00
820.0,0.0,0.0,78.0,154.0,0,1.0000000000000003e-05,put,2026-10-30,SPY,757.6699829101562,2026-08-03T21:31:02.637231+00:00
825.0,68.79,72.3,102.0,,0,0.16573405075073244,put,2026-10-30,SPY,757.6699829101562,2026-08-03T21:31:02.637231+00:00
835.0,75.27,78.78,87.28,5.0,0,0.1304103073120117,put,2026-10-30,SPY,757.6699829101562,2026-08-03T21:31:02.637231+00:00
840.0,80.27,83.78,85.03,4.0,5,0.13648324462890626,put,2026-10-30,SPY,757.6699829101562,2026-08-03T21:31:02.637231+00:00
845.0,85.27,88.78,105.93,1.0,0,0.14252566467285155,put,2026-10-30,SPY,757.6699829101562,2026-08-03T21:31:02.637231+00:00
855.0,114.71,118.08,131.84,1.0,0,0.3573062316894531,put,2026-10-30,SPY,757.6699829101562,2026-08-03T21:31:02.637231+00:00
860.0,119.7,123.07,136.74,1.0,0,0.3659578785705566,put,2026-10-30,SPY,757.6699829101562,2026-08-03T21:31:02.637231+00:00
865.0,0.0,0.0,124.27,,0,1.0000000000000003e-05,put,2026-10-30,SPY,757.6699829101562,2026-08-03T21:31:02.637231+00:00
875.0,115.27,118.78,145.54,1.0,0,0.17682707946777343,put,2026-10-30,SPY,757.6699829101562,2026-08-03T21:31:02.637231+00:00
900.0,143.85,147.3,145.02,,0,0.26843993286132806,put,2026-10-30,SPY,757.6699829101562,2026-08-03T21:31:02.637231+00:00
