strike,bid,ask,last_price,volume,open_interest,vendor_implied_volatility,option_type,expiration,ticker,spot,download_timestamp
300.0,462.57,466.41,464.94,3.0,721,2.373050942382812,call,2026-09-18,SPY,764.1799926757812,2026-09-11T22:36:07.928373+00:00
305.0,463.16,466.68,468.66,2.0,484,3.794434107666016,call,2026-09-18,SPY,764.1799926757812,2026-09-11T22:36:07.928373+00:00
310.0,443.75,447.02,436.37,4.0,319,1.0000000000000003e-05,call,2026-09-18,SPY,764.1799926757812,2026-09-11T22:36:07.928373+00:00
315.0,0.0,0.0,361.14,75.0,0,1.0000000000000003e-05,call,2026-09-18,SPY,764.1799926757812,2026-09-11T22:36:07.928373+00:00
320.0,419.56,422.88,430.29,1.0,137,1.0000000000000003e-05,call,2026-09-18,SPY,764.1799926757812,2026-09-11T22:36:07.928373+00:00
325.0,437.57,441.42,445.77,1.0,96,2.1875045312499997,call,2026-09-18,SPY,764.1799926757812,2026-09-11T22:36:07.928373+00:00
330.0,432.58,436.42,428.0,2.0,213,2.156254609375,call,2026-09-18,SPY,764.1799926757812,2026-09-11T22:36:07.928373+00:00
335.0,330.29,333.71,360.23,1.0,1,1.0000000000000003e-05,call,2026-09-18,SPY,764.1799926757812,2026-09-11T22:36:07.928373+00:00
340.0,415.72,418.5,387.24,3.0,8,1.0000000000000003e-05,call,2026-09-18,SPY,764.1799926757812,2026-09-11T22:36:07.928373+00:00
345.0,417.72,421.43,428.02,12.0,13,2.1171922070312497,call,2026-09-18,SPY,764.1799926757812,2026-09-11T22:36:07.928373+00:00
350.0,412.59,416.43,419.92,1.0,17,2.02344244140625,call,2026-09-18,SPY,764.1799926757812,2026-09-11T22:36:07.928373+00:00
355.0,407.59,411.43,412.0,3.0,13,1.9882813085937499,call,2026-09-18,SPY,764.1799926757812,2026-09-11T22:36:07.928373+00:00
360.0,402.59,406.4,406.88,1.0,9,1.9394534277343751,call,2026-09-18,SPY,764.1799926757812,2026-09-11T22:36:07.928373+00:00
365.0,397.59,401.4,405.87,10.0,10,1.9062504687500001,call,2026-09-18,SPY,764.1799926757812,2026-09-11T22:36:07.928373+00:00
370.0,369.93,373.25,381.24,1.0,7,1.0000000000000003e-05,call,2026-09-18,SPY,764.1799926757812,2026-09-11T22:36:07.928373+00:00
375.0,381.0,383.79,363.5,1.0,4,1.0000000000000003e-05,call,2026-09-18,SPY,764.1799926757812,2026-09-11T22:36:07.928373+00:00
380.0,382.6,386.41,394.1,2.0,5,1.818360283203125,call,2026-09-18,SPY,764.1799926757812,2026-09-11T22:36:07.928373+00:00
385.0,377.6,381.41,373.54,5.0,112,1.787110439453125,call,2026-09-18,SPY,764.1799926757812,2026-09-11T22:36:07.928373+00:00
390.0,373.28,376.06,357.22,3.0,2,1.8740240673828126,call,2026-09-18,SPY,764.1799926757812,2026-09-11T22:36:07.928373+00:00
395.0,367.6,371.45,382.27,1.0,50,1.7421887890624999,call,2026-09-18,SPY,764.1799926757812,2026-09-11T22:36:07.928373+00:00
400.0,362.6,366.45,369.87,1.0,765,1.7109389453125,call,2026-09-18,SPY,764.1799926757812,2026-09-11T22:36:07.928373+00:00
405.0,357.61,361.42,359.25,4.0,29,1.671876640625,call,2026-09-18,SPY,764.1799926757812,2026-09-11T22:36:07.928373+00:00
410.0,352.61,356.42,365.31,5.0,20,1.642579912109375,call,2026-09-18,SPY,764.1799926757812,2026-09-11T22:36:07.928373+00:00
415.0,347.61,351.45,355.09,2.0,110,1.625001875,call,2026-09-18,SPY,764.1799926757812,2026-09-11T22:36:07.928373+00:00
420.0,342.61,346.46,343.87,4.0,72,1.5996113769531248,call,2026-09-18,SPY,764.1799926757812,2026-09-11T22:36:07.928373+00:00
425.0,337.62,341.43,340.12,1.0,16,1.5625021874999998,call,2026-09-18,SPY,764.1799926757812,2026-09-11T22:36:07.928373+00:00
430.0,338.3,341.82,308.94,1.0,797,2.534183352050781,call,2026-09-18,SPY,764.1799926757812,2026-09-11T22:36:07.928373+00:00
435.0,327.62,331.43,322.58,8.0,11,1.505861845703125,call,2026-09-18,SPY,764.1799926757812,2026-09-11T22:36:07.928373+00:00
440.0,322.62,326.47,317.65,4.0,23,1.4912134814453122,call,2026-09-18,SPY,764.1799926757812,2026-09-11T22:36:07.928373+00:00
445.0,317.63,321.44,321.55,4.0,7,1.4560574072265624,call,2026-09-18,SPY,764.1799926757812,2026-09-11T22:36:07.928373+00:00
450.0,312.63,316.44,315.11,1.0,753,1.4287137939453123,call,2026-09-18,SPY,764.1799926757812,2026-09-11T22:36:07.928373+00:00
455.0,307.63,311.44,302.81,1.0,252,1.4013701806640624,call,2026-09-18,SPY,764.1799926757812,2026-09-11T22:36:07.928373+00:00
460.0,302.63,306.48,304.22,14.0,135,1.3867218164062498,call,2026-09-18,SPY,764.1799926757812,2026-09-11T22:36:07.928373+00:00
465.0,297.64,301.48,293.35,2.0,10,1.36328443359375,call,2026-09-18,SPY,764.1799926757812,2026-09-11T22:36:07.928373+00:00
470.0,292.64,296.45,288.37,2.0,176,1.3271518017578123,call,2026-09-18,SPY,764.1799926757812,2026-09-11T22:36:07.928373+00:00
475.0,287.64,291.45,288.97,2.0,77,1.3007847460937496,call,2026-09-18,SPY,764.1799926757812,2026-09-11T22:36:07.928373+00:00
480.0,282.64,286.49,278.11,2.0,20,1.2861363818359375,call,2026-09-18,SPY,764.1799926757812,2026-09-11T22:36:07.928373+00:00
485.0,277.64,281.46,273.19,1.0,21,1.2519568652343749,call,2026-09-18,SPY,764.1799926757812,2026-09-11T22:36:07.928373+00:00
490.0,272.65,276.46,273.5,1.0,179,1.228519482421875,call,2026-09-18,SPY,764.1799926757812,2026-09-11T22:36:07.928373+00:00
495.0,267.65,271.46,270.83,2.0,201,1.203128984375,call,2026-09-18,SPY,764.1799926757812,2026-09-11T22:36:07.928373+00:00
500.0,262.65,266.5,265.73,1.0,215,1.1884806201171876,call,2026-09-18,SPY,764.1799926757812,2026-09-11T22:36:07.928373+00:00
505.0,257.65,261.47,263.37,36.0,52,1.1552776611328124,call,2026-09-18,SPY,764.1799926757812,2026-09-11T22:36:07.928373+00:00
510.0,252.66,256.47,249.58,1.0,127,1.1328168359375002,call,2026-09-18,SPY,764.1799926757812,2026-09-11T22:36:07.928373+00:00
515.0,247.66,251.5,252.8,3.0,3359,1.115238798828125,call,2026-09-18,SPY,764.1799926757812,2026-09-11T22:36:07.928373+00:00
520.0,242.66,246.51,244.67,2.0,64,1.0927779736328125,call,2026-09-18,SPY,764.1799926757812,2026-09-11T22:36:07.928373+00:00
525.0,237.67,241.48,242.16,3.0,59,1.0639695239257816,call,2026-09-18,SPY,764.1799926757812,2026-09-11T22:36:07.928373+00:00
530.0,232.67,236.48,234.74,2.0,118,1.040043862304688,call,2026-09-18,SPY,764.1799926757812,2026-09-11T22:36:07.928373+00:00
535.0,227.67,231.52,228.99,4.0,72,1.0244189404296877,call,2026-09-18,SPY,764.1799926757812,2026-09-11T22:36:07.928373+00:00
540.0,222.67,226.49,226.2,1.0,87,0.9941406835937501,call,2026-09-18,SPY,764.1799926757812,2026-09-11T22:36:07.928373+00:00
545.0,217.68,221.49,219.6,11.0,63,0.9726565234375,call,2026-09-18,SPY,764.1799926757812,2026-09-11T22:36:07.928373+00:00
550.0,212.68,216.49,215.2,18.0,1133,0.9492192578124999,call,2026-09-18,SPY,764.1799926757812,2026-09-11T22:36:07.928373+00:00
555.0,207.68,211.53,217.38,1.0,108,0.9335944140625,call,2026-09-18,SPY,764.1799926757812,2026-09-11T22:36:07.928373+00:00
560.0,202.8,206.5,198.8,2.0,105,0.9257819921875,call,2026-09-18,SPY,764.1799926757812,2026-09-11T22:36:07.928373+00:00
565.0,197.69,201.5,200.37,3.0,1363,0.8828136718749999,call,2026-09-18,SPY,764.1799926757812,2026-09-11T22:36:07.928373+00:00
570.0,192.69,196.54,195.51,2.0,130,0.867188828125,call,2026-09-18,SPY,764.1799926757812,2026-09-11T22:36:07.928373+00:00
575.0,187.7,191.51,196.8,12.0,145,0.840821904296875,call,2026-09-18,SPY,764.1799926757812,2026-09-11T22:36:07.928373+00:00
580.0,182.7,186.51,185.3,47.0,219,0.8178729150390623,call,2026-09-18,SPY,764.1799926757812,2026-09-11T22:36:07.928373+00:00
585.0,177.87,181.55,181.53,2.0,809,0.8271501660156249,call,2026-09-18,SPY,764.1799926757812,2026-09-11T22:36:07.928373+00:00
590.0,172.71,176.52,175.37,3.0,111,0.7763694238281251,call,2026-09-18,SPY,764.1799926757812,2026-09-11T22:36:07.928373+00:00
595.0,167.71,171.55,170.38,6.0,427,0.7583031982421876,call,2026-09-18,SPY,764.1799926757812,2026-09-11T22:36:07.928373+00:00
600.0,162.72,166.53,165.38,88.0,5186,0.73437765625,call,2026-09-18,SPY,764.1799926757812,2026-09-11T22:36:07.928373+00:00
601.0,167.54,171.05,142.41,2.0,1,1.267093508300781,call,2026-09-18,SPY,764.1799926757812,2026-09-11T22:36:07.928373+00:00
602.0,160.72,164.53,171.32,4.0,1,0.725588681640625,call,2026-09-18,SPY,764.1799926757812,2026-09-11T22:36:07.928373+00:00
604.0,158.72,162.53,161.45,15.0,33,0.71679970703125,call,2026-09-18,SPY,764.1799926757812,2026-09-11T22:36:07.928373+00:00
605.0,157.72,161.53,155.08,2.0,237,0.711916943359375,call,2026-09-18,SPY,764.1799926757812,2026-09-11T22:36:07.928373+00:00
610.0,152.72,156.54,155.21,11.0,333,0.6914093359375001,call,2026-09-18,SPY,764.1799926757812,2026-09-11T22:36:07.928373+00:00
611.0,151.73,155.54,152.29,1.0,10,0.6884796777343751,call,2026-09-18,SPY,764.1799926757812,2026-09-11T22:36:07.928373+00:00
612.0,150.73,154.54,152.92,8.0,4,0.6840851904296876,call,2026-09-18,SPY,764.1799926757812,2026-09-11T22:36:07.928373+00:00
613.0,149.73,153.54,151.8,6.0,3,0.6796907031250001,call,2026-09-18,SPY,764.1799926757812,2026-09-11T22:36:07.928373+00:00
614.0,148.73,152.54,150.75,34.0,17,0.6752962158203126,call,2026-09-18,SPY,764.1799926757812,2026-09-11T22:36:07.928373+00:00
615.0,147.73,151.54,150.32,3.0,209,0.6709017285156251,call,2026-09-18,SPY,764.1799926757812,2026-09-11T22:36:07.928373+00:00
616.0,146.73,150.54,146.17,1.0,12,0.6665072412109377,call,2026-09-18,SPY,764.1799926757812,2026-09-11T22:36:07.928373+00:00
617.0,145.73,149.57,147.94,142.0,70,0.6660189648437502,call,2026-09-18,SPY,764.1799926757812,2026-09-11T22:36:07.928373+00:00
618.0,144.73,148.58,146.93,4.0,58,0.6630893066406252,call,2026-09-18,SPY,764.1799926757812,2026-09-11T22:36:07.928373+00:00
619.0,143.73,147.58,145.93,42.0,23,0.6586948193359375,call,2026-09-18,SPY,764.1799926757812,2026-09-11T22:36:07.928373+00:00
620.0,142.73,146.58,145.35,27.0,731,0.6543003320312502,call,2026-09-18,SPY,764.1799926757812,2026-09-11T22:36:07.928373+00:00
621.0,141.74,145.55,144.5,1.0,59,0.6469761865234375,call,2026-09-18,SPY,764.1799926757812,2026-09-11T22:36:07.928373+00:00
622.0,140.74,144.55,143.09,2.0,30,0.6425816992187501,call,2026-09-18,SPY,764.1799926757812,2026-09-11T22:36:07.928373+00:00
623.0,139.74,143.55,141.88,98.0,53,0.6381872119140625,call,2026-09-18,SPY,764.1799926757812,2026-09-11T22:36:07.928373+00:00
624.0,138.74,142.55,141.33,2.0,72,0.6337927246093751,call,2026-09-18,SPY,764.1799926757812,2026-09-11T22:36:07.928373+00:00
625.0,137.74,141.55,133.16,1.0,751,0.6293982373046876,call,2026-09-18,SPY,764.1799926757812,2026-09-11T22:36:07.928373+00:00
626.0,136.74,140.55,139.16,134.0,68,0.6250037500000001,call,2026-09-18,SPY,764.1799926757812,2026-09-11T22:36:07.928373+00:00
627.0,135.74,139.55,140.16,1.0,107,0.6210975390625001,call,2026-09-18,SPY,764.1799926757812,2026-09-11T22:36:07.928373+00:00
628.0,134.74,138.59,137.15,108.0,54,0.6215858154296876,call,2026-09-18,SPY,764.1799926757812,2026-09-11T22:36:07.928373+00:00
629.0,133.74,137.59,137.09,2.0,5,0.6171913281250001,call,2026-09-18,SPY,764.1799926757812,2026-09-11T22:36:07.928373+00:00
630.0,132.74,136.56,135.9,33.0,916,0.6088906298828126,call,2026-09-18,SPY,764.1799926757812,2026-09-11T22:36:07.928373+00:00
631.0,131.75,135.56,134.16,56.0,28,0.6059609716796877,call,2026-09-18,SPY,764.1799926757812,2026-09-11T22:36:07.928373+00:00
632.0,130.75,134.56,133.2,6.0,3,0.6015664843750002,call,2026-09-18,SPY,764.1799926757812,2026-09-11T22:36:07.928373+00:00
635.0,127.75,131.56,130.25,7.0,996,0.5883830224609375,call,2026-09-18,SPY,764.1799926757812,2026-09-11T22:36:07.928373+00:00
637.0,125.75,129.6,128.45,1.0,6,0.5844768115234374,call,2026-09-18,SPY,764.1799926757812,2026-09-11T22:36:07.928373+00:00
640.0,122.75,126.57,126.4,20.0,2028,0.5678754150390625,call,2026-09-18,SPY,764.1799926757812,2026-09-11T22:36:07.928373+00:00
641.0,123.3,126.09,106.02,,1,0.7070341796875,call,2026-09-18,SPY,764.1799926757812,2026-09-11T22:36:07.928373+00:00
643.0,119.76,123.57,124.53,2.0,2,0.5561567822265626,call,2026-09-18,SPY,764.1799926757812,2026-09-11T22:36:07.928373+00:00
644.0,124.62,128.14,105.6,2.0,13,0.987426883544922,call,2026-09-18,SPY,764.1799926757812,2026-09-11T22:36:07.928373+00:00
645.0,117.76,121.61,120.82,2.0,996,0.551762294921875,call,2026-09-18,SPY,764.1799926757812,2026-09-11T22:36:07.928373+00:00
646.0,116.76,120.61,122.27,3.0,15,0.5473678076171876,call,2026-09-18,SPY,764.1799926757812,2026-09-11T22:36:07.928373+00:00
647.0,115.76,119.58,112.87,1.0,3,0.5395553857421876,call,2026-09-18,SPY,764.1799926757812,2026-09-11T22:36:07.928373+00:00
648.0,114.76,118.58,116.92,1.0,2,0.5354050366210938,call,2026-09-18,SPY,764.1799926757812,2026-09-11T22:36:07.928373+00:00
649.0,113.76,117.58,129.75,3.0,4,0.5312546875,call,2026-09-18,SPY,764.1799926757812,2026-09-11T22:36:07.928373+00:00
650.0,112.77,116.58,115.35,17.0,3147,0.5278367529296876,call,2026-09-18,SPY,764.1799926757812,2026-09-11T22:36:07.928373+00:00
651.0,111.77,115.58,114.21,52.0,27,0.523442265625,call,2026-09-18,SPY,764.1799926757812,2026-09-11T22:36:07.928373+00:00
652.0,110.77,114.58,115.32,1.0,1,0.5190477783203125,call,2026-09-18,SPY,764.1799926757812,2026-09-11T22:36:07.928373+00:00
653.0,109.77,113.62,111.39,153.0,311,0.5188036401367188,call,2026-09-18,SPY,764.1799926757812,2026-09-11T22:36:07.928373+00:00
654.0,108.77,112.62,117.04,1.0,32,0.514653291015625,call,2026-09-18,SPY,764.1799926757812,2026-09-11T22:36:07.928373+00:00
655.0,107.77,111.59,103.0,9.0,1112,0.5073291455078125,call,2026-09-18,SPY,764.1799926757812,2026-09-11T22:36:07.928373+00:00
656.0,106.77,110.59,110.55,1.0,11,0.5029346582031251,call,2026-09-18,SPY,764.1799926757812,2026-09-11T22:36:07.928373+00:00
657.0,105.77,109.59,108.25,34.0,17,0.6960479614257813,call,2026-09-18,SPY,764.1799926757812,2026-09-11T22:36:07.928373+00:00
660.0,102.78,106.63,105.91,4.0,4036,0.6822541540527345,call,2026-09-18,SPY,764.1799926757812,2026-09-11T22:36:07.928373+00:00
661.0,101.78,105.63,107.85,1.0,1,0.676761044921875,call,2026-09-18,SPY,764.1799926757812,2026-09-11T22:36:07.928373+00:00
662.0,100.78,104.63,116.18,1.0,3,0.6712679357910158,call,2026-09-18,SPY,764.1799926757812,2026-09-11T22:36:07.928373+00:00
663.0,99.78,103.6,113.79,1.0,2,0.6636996520996095,call,2026-09-18,SPY,764.1799926757812,2026-09-11T22:36:07.928373+00:00
664.0,98.78,102.6,102.46,4.0,4,0.65820654296875,call,2026-09-18,SPY,764.1799926757812,2026-09-11T22:36:07.928373+00:00
665.0,97.79,101.6,101.32,5.0,4506,0.6527134338378908,call,2026-09-18,SPY,764.1799926757812,2026-09-11T22:36:07.928373+00:00
666.0,96.79,100.6,92.5,1.0,2,0.6472203247070312,call,2026-09-18,SPY,764.1799926757812,2026-09-11T22:36:07.928373+00:00
667.0,95.79,99.6,95.47,1.0,3,0.641727215576172,call,2026-09-18,SPY,764.1799926757812,2026-09-11T22:36:07.928373+00:00
668.0,94.79,98.64,99.44,1.0,4,0.6387975573730469,call,2026-09-18,SPY,764.1799926757812,2026-09-11T22:36:07.928373+00:00
669.0,93.79,97.64,101.85,15.0,26,0.6333044482421876,call,2026-09-18,SPY,764.1799926757812,2026-09-11T22:36:07.928373+00:00
670.0,92.79,96.61,94.73,10.0,3172,0.6258582336425782,call,2026-09-18,SPY,764.1799926757812,2026-09-11T22:36:07.928373+00:00
671.0,93.59,96.38,74.96,1.0,1,0.5767864587402343,call,2026-09-18,SPY,764.1799926757812,2026-09-11T22:36:07.928373+00:00
672.0,90.94,94.61,91.4,1.0,6,0.6148720153808593,call,2026-09-18,SPY,764.1799926757812,2026-09-11T22:36:07.928373+00:00
673.0,89.8,93.61,95.06,1.0,2,0.6093789062500001,call,2026-09-18,SPY,764.1799926757812,2026-09-11T22:36:07.928373+00:00
674.0,94.7,98.21,71.8,,3,0.7949849603271484,call,2026-09-18,SPY,764.1799926757812,2026-09-11T22:36:07.928373+00:00
675.0,87.8,91.65,91.2,1.0,5476,0.6008340698242189,call,2026-09-18,SPY,764.1799926757812,2026-09-11T22:36:07.928373+00:00
676.0,86.8,90.65,82.22,1.0,2,0.5953409606933593,call,2026-09-18,SPY,764.1799926757812,2026-09-11T22:36:07.928373+00:00
677.0,85.8,89.62,89.92,1.0,30,0.58789474609375,call,2026-09-18,SPY,764.1799926757812,2026-09-11T22:36:07.928373+00:00
678.0,84.8,88.62,86.06,1.0,2,0.5824016369628906,call,2026-09-18,SPY,764.1799926757812,2026-09-11T22:36:07.928373+00:00
679.0,83.81,87.62,87.75,1.0,2,0.5769085278320312,call,2026-09-18,SPY,764.1799926757812,2026-09-11T22:36:07.928373+00:00
680.0,82.81,86.62,86.2,7.0,4835,0.571415418701172,call,2026-09-18,SPY,764.1799926757812,2026-09-11T22:36:07.928373+00:00
681.0,81.81,85.66,91.88,1.0,3,0.56836369140625,call,2026-09-18,SPY,764.1799926757812,2026-09-11T22:36:07.928373+00:00
682.0,80.81,84.66,85.67,1.0,9,0.5628095477294923,call,2026-09-18,SPY,764.1799926757812,2026-09-11T22:36:07.928373+00:00
683.0,79.81,83.63,79.7,9.0,22,0.5555464367675782,call,2026-09-18,SPY,764.1799926757812,2026-09-11T22:36:07.928373+00:00
684.0,78.81,82.63,90.17,1.0,25,0.5499312585449221,call,2026-09-18,SPY,764.1799926757812,2026-09-11T22:36:07.928373+00:00
685.0,77.82,81.63,80.3,29.0,4796,0.5444381494140625,call,2026-09-18,SPY,764.1799926757812,2026-09-11T22:36:07.928373+00:00
686.0,76.82,80.67,72.9,1.0,4,0.541264353027344,call,2026-09-18,SPY,764.1799926757812,2026-09-11T22:36:07.928373+00:00
687.0,75.82,79.67,76.71,2.0,15,0.5357712438964843,call,2026-09-18,SPY,764.1799926757812,2026-09-11T22:36:07.928373+00:00
688.0,74.82,78.67,75.96,1.0,10,0.5301560656738282,call,2026-09-18,SPY,764.1799926757812,2026-09-11T22:36:07.928373+00:00
689.0,73.82,77.64,78.43,1.0,19,0.5229539892578124,call,2026-09-18,SPY,764.1799926757812,2026-09-11T22:36:07.928373+00:00
690.0,72.82,76.64,74.79,42.0,6141,0.5173388110351562,call,2026-09-18,SPY,764.1799926757812,2026-09-11T22:36:07.928373+00:00
691.0,71.83,75.68,75.87,2.0,19,0.5140429455566407,call,2026-09-18,SPY,764.1799926757812,2026-09-11T22:36:07.928373+00:00
692.0,70.83,74.68,71.51,8.0,15,0.5085498364257812,call,2026-09-18,SPY,764.1799926757812,2026-09-11T22:36:07.928373+00:00
693.0,69.83,73.68,65.57,1.0,10,0.5029346582031251,call,2026-09-18,SPY,764.1799926757812,2026-09-11T22:36:07.928373+00:00
694.0,68.83,72.65,71.17,1.0,30,0.49573258178710944,call,2026-09-18,SPY,764.1799926757812,2026-09-11T22:36:07.928373+00:00
695.0,67.84,71.65,70.64,27.0,8591,0.49023947265625006,call,2026-09-18,SPY,764.1799926757812,2026-09-11T22:36:07.928373+00:00
696.0,66.84,70.69,68.99,1.0,13,0.48682153808593753,call,2026-09-18,SPY,764.1799926757812,2026-09-11T22:36:07.928373+00:00
697.0,65.84,69.69,68.47,3.0,4,0.48120635986328125,call,2026-09-18,SPY,764.1799926757812,2026-09-11T22:36:07.928373+00:00
698.0,64.84,68.66,68.26,8.0,23,0.47400428344726564,call,2026-09-18,SPY,764.1799926757812,2026-09-11T22:36:07.928373+00:00
699.0,63.85,67.67,75.06,2.0,30,0.4689994506835938,call,2026-09-18,SPY,764.1799926757812,2026-09-11T22:36:07.928373+00:00
700.0,62.85,66.7,65.73,524.0,8622,0.46497117065429694,call,2026-09-18,SPY,764.1799926757812,2026-09-11T22:36:07.928373+00:00
701.0,61.85,65.67,65.9,16.0,47,0.4577690942382813,call,2026-09-18,SPY,764.1799926757812,2026-09-11T22:36:07.928373+00:00
702.0,60.85,64.67,57.87,1.0,30,0.4522149505615235,call,2026-09-18,SPY,764.1799926757812,2026-09-11T22:36:07.928373+00:00
703.0,59.86,63.71,62.1,2.0,15,0.44861391235351555,call,2026-09-18,SPY,764.1799926757812,2026-09-11T22:36:07.928373+00:00
704.0,58.86,62.71,60.49,1.0,3,0.4429987341308594,call,2026-09-18,SPY,764.1799926757812,2026-09-11T22:36:07.928373+00:00
705.0,57.86,61.68,60.34,11.0,8448,0.4359187268066406,call,2026-09-18,SPY,764.1799926757812,2026-09-11T22:36:07.928373+00:00
706.0,56.87,60.72,58.71,1.0,51,0.4322566540527344,call,2026-09-18,SPY,764.1799926757812,2026-09-11T22:36:07.928373+00:00
707.0,55.87,59.72,52.16,2.0,31,0.42664147583007817,call,2026-09-18,SPY,764.1799926757812,2026-09-11T22:36:07.928373+00:00
708.0,54.87,58.7,58.14,1.0,25,0.41992767578125,call,2026-09-18,SPY,764.1799926757812,2026-09-11T22:36:07.928373+00:00
709.0,53.88,57.73,58.11,9.0,8,0.4157773266601562,call,2026-09-18,SPY,764.1799926757812,2026-09-11T22:36:07.928373+00:00
710.0,52.88,56.7,55.43,32.0,6302,0.408636284790039,call,2026-09-18,SPY,764.1799926757812,2026-09-11T22:36:07.928373+00:00
711.0,51.89,55.74,56.5,6.0,23,0.4048521429443359,call,2026-09-18,SPY,764.1799926757812,2026-09-11T22:36:07.928373+00:00
712.0,50.89,54.74,56.43,63.0,37,0.3991759301757813,call,2026-09-18,SPY,764.1799926757812,2026-09-11T22:36:07.928373+00:00
713.0,49.9,53.75,52.11,3.0,12,0.3939269592285156,call,2026-09-18,SPY,764.1799926757812,2026-09-11T22:36:07.928373+00:00
714.0,48.9,52.75,51.73,3.0,43,0.3881897119140625,call,2026-09-18,SPY,764.1799926757812,2026-09-11T22:36:07.928373+00:00
715.0,47.91,51.76,50.46,23.0,12716,0.38294074096679687,call,2026-09-18,SPY,764.1799926757812,2026-09-11T22:36:07.928373+00:00
716.0,46.92,50.74,51.4,1.0,126,0.37622694091796877,call,2026-09-18,SPY,764.1799926757812,2026-09-11T22:36:07.928373+00:00
717.0,45.92,49.77,48.69,1.0,106,0.37183245361328127,call,2026-09-18,SPY,764.1799926757812,2026-09-11T22:36:07.928373+00:00
718.0,44.93,48.78,48.23,5.0,43,0.36652244812011714,call,2026-09-18,SPY,764.1799926757812,2026-09-11T22:36:07.928373+00:00
719.0,43.94,47.76,47.21,2.0,85,0.35986968261718744,call,2026-09-18,SPY,764.1799926757812,2026-09-11T22:36:07.928373+00:00
720.0,42.94,46.79,45.49,8.0,16955,0.35535312622070303,call,2026-09-18,SPY,764.1799926757812,2026-09-11T22:36:07.928373+00:00
721.0,41.95,45.8,38.13,1.0,88,0.34998208618164056,call,2026-09-18,SPY,764.1799926757812,2026-09-11T22:36:07.928373+00:00
722.0,40.96,44.81,46.52,4.0,58,0.34455001159667964,call,2026-09-18,SPY,764.1799926757812,2026-09-11T22:36:07.928373+00:00
723.0,39.97,43.82,43.37,1.0,24,0.3391179370117187,call,2026-09-18,SPY,764.1799926757812,2026-09-11T22:36:07.928373+00:00
724.0,38.98,42.83,42.27,28.0,45,0.3336248278808594,call,2026-09-18,SPY,764.1799926757812,2026-09-11T22:36:07.928373+00:00
725.0,37.99,41.84,40.17,65.0,17437,0.32813171874999997,call,2026-09-18,SPY,764.1799926757812,2026-09-11T22:36:07.928373+00:00
726.0,37.01,40.85,36.52,4.0,155,0.32263860961914054,call,2026-09-18,SPY,764.1799926757812,2026-09-11T22:36:07.928373+00:00
727.0,36.02,39.84,38.95,4.0,73,0.31629101684570304,call,2026-09-18,SPY,764.1799926757812,2026-09-11T22:36:07.928373+00:00
728.0,35.03,37.82,37.68,1.0,54,0.26587648193359376,call,2026-09-18,SPY,764.1799926757812,2026-09-11T22:36:07.928373+00:00
729.0,34.05,37.89,35.97,10.0,96,0.3062813513183594,call,2026-09-18,SPY,764.1799926757812,2026-09-11T22:36:07.928373+00:00
730.0,33.07,36.91,34.97,156.0,29971,0.30103238037109376,call,2026-09-18,SPY,764.1799926757812,2026-09-11T22:36:07.928373+00:00
731.0,32.08,35.93,35.1,1.0,307,0.2957834094238281,call,2026-09-18,SPY,764.1799926757812,2026-09-11T22:36:07.928373+00:00
732.0,31.1,34.95,34.03,2.0,167,0.29041236938476556,call,2026-09-18,SPY,764.1799926757812,2026-09-11T22:36:07.928373+00:00
733.0,30.13,33.88,32.63,25.0,711,0.281684429321289,call,2026-09-18,SPY,764.1799926757812,2026-09-11T22:36:07.928373+00:00
734.0,29.15,32.9,25.67,1.0,358,0.2763133892822265,call,2026-09-18,SPY,764.1799926757812,2026-09-11T22:36:07.928373+00:00
735.0,28.17,31.93,30.48,65.0,12738,0.2712475219726562,call,2026-09-18,SPY,764.1799926757812,2026-09-11T22:36:07.928373+00:00
736.0,27.2,30.96,29.64,4.0,643,0.2661206201171875,call,2026-09-18,SPY,764.1799926757812,2026-09-11T22:36:07.928373+00:00
737.0,26.23,29.99,28.47,2.0,716,0.26093268371582035,call,2026-09-18,SPY,764.1799926757812,2026-09-11T22:36:07.928373+00:00
738.0,25.26,29.02,27.03,3.0,961,0.2557447473144532,call,2026-09-18,SPY,764.1799926757812,2026-09-11T22:36:07.928373+00:00
739.0,24.3,28.06,27.16,21.0,1776,0.2507399145507812,call,2026-09-18,SPY,764.1799926757812,2026-09-11T22:36:07.928373+00:00
740.0,23.34,27.1,25.18,465.0,12636,0.24573508178710937,call,2026-09-18,SPY,764.1799926757812,2026-09-11T22:36:07.928373+00:00
741.0,22.38,25.6,19.34,44.0,1633,0.22229781616210934,call,2026-09-18,SPY,764.1799926757812,2026-09-11T22:36:07.928373+00:00
742.0,21.43,24.65,24.04,10.0,2094,0.21778125976562498,call,2026-09-18,SPY,764.1799926757812,2026-09-11T22:36:07.928373+00:00
743.0,20.48,23.7,24.1,2.0,1167,0.21314263427734376,call,2026-09-18,SPY,764.1799926757812,2026-09-11T22:36:07.928373+00:00
744.0,19.54,22.76,22.22,4.0,861,0.2087481469726562,call,2026-09-18,SPY,764.1799926757812,2026-09-11T22:36:07.928373+00:00
745.0,18.6,21.81,19.73,119.0,16444,0.20386538330078124,call,2026-09-18,SPY,764.1799926757812,2026-09-11T22:36:07.928373+00:00
746.0,17.67,20.88,18.78,102.0,1452,0.1995319305419922,call,2026-09-18,SPY,764.1799926757812,2026-09-11T22:36:07.928373+00:00
747.0,16.75,19.96,19.34,23.0,2102,0.19538158142089845,call,2026-09-18,SPY,764.1799926757812,2026-09-11T22:36:07.928373+00:00
748.0,15.83,19.04,18.03,106.0,1902,0.19104812866210938,call,2026-09-18,SPY,764.1799926757812,2026-09-11T22:36:07.928373+00:00
749.0,16.56,18.09,17.33,12.0,2058,0.18567708862304685,call,2026-09-18,SPY,764.1799926757812,2026-09-11T22:36:07.928373+00:00
750.0,14.69,16.0,16.04,545.0,34756,0.14545532287597657,call,2026-09-18,SPY,764.1799926757812,2026-09-11T22:36:07.928373+00:00
751.0,14.76,16.3,15.61,44.0,430,0.17762052856445312,call,2026-09-18,SPY,764.1799926757812,2026-09-11T22:36:07.928373+00:00
752.0,13.87,15.43,15.15,20.0,1411,0.1739584558105469,call,2026-09-18,SPY,764.1799926757812,2026-09-11T22:36:07.928373+00:00
753.0,13.01,14.56,13.86,202.0,1012,0.1700522448730469,call,2026-09-18,SPY,764.1799926757812,2026-09-11T22:36:07.928373+00:00
754.0,12.24,12.67,12.82,193.0,1980,0.13861945373535156,call,2026-09-18,SPY,764.1799926757812,2026-09-11T22:36:07.928373+00:00
755.0,11.35,11.82,11.75,975.0,18107,0.13544565734863284,call,2026-09-18,SPY,764.1799926757812,2026-09-11T22:36:07.928373+00:00
756.0,10.61,10.98,10.97,448.0,1760,0.13221082641601564,call,2026-09-18,SPY,764.1799926757812,2026-09-11T22:36:07.928373+00:00
757.0,8.76,10.22,9.98,973.0,3049,0.13062392822265623,call,2026-09-18,SPY,764.1799926757812,2026-09-11T22:36:07.928373+00:00
758.0,8.98,9.36,9.25,1354.0,2144,0.12604633728027342,call,2026-09-18,SPY,764.1799926757812,2026-09-11T22:36:07.928373+00:00
759.0,8.32,8.57,8.4,928.0,1764,0.12284202362060548,call,2026-09-18,SPY,764.1799926757812,2026-09-11T22:36:07.928373+00:00
760.0,7.57,7.84,7.74,7191.0,24775,0.12055322814941406,call,2026-09-18,SPY,764.1799926757812,2026-09-11T22:36:07.928373+00:00
761.0,6.9,7.13,7.01,396.0,1689,0.118172880859375,call,2026-09-18,SPY,764.1799926757812,2026-09-11T22:36:07.928373+00:00
762.0,6.27,6.34,6.38,1493.0,4347,0.11341218627929686,call,2026-09-18,SPY,764.1799926757812,2026-09-11T22:36:07.928373+00:00
763.0,5.62,5.69,5.65,1372.0,3081,0.11124545989990234,call,2026-09-18,SPY,764.1799926757812,2026-09-11T22:36:07.928373+00:00
764.0,5.01,5.08,5.05,5564.0,6143,0.10929235443115234,call,2026-09-18,SPY,764.1799926757812,2026-09-11T22:36:07.928373+00:00
765.0,4.43,4.49,4.5,16053.0,19272,0.10706459350585937,call,2026-09-18,SPY,764.1799926757812,2026-09-11T22:36:07.928373+00:00
766.0,3.9,3.95,3.91,5750.0,3860,0.10523355712890625,call,2026-09-18,SPY,764.1799926757812,2026-09-11T22:36:07.928373+00:00
767.0,3.4,3.45,3.43,3423.0,6934,0.10349407257080076,call,2026-09-18,SPY,764.1799926757812,2026-09-11T22:36:07.928373+00:00
768.0,2.93,2.98,2.92,1724.0,4207,0.10163251892089843,call,2026-09-18,SPY,764.1799926757812,2026-09-11T22:36:07.928373+00:00
769.0,2.5,2.54,2.51,2242.0,4388,0.09955734436035156,call,2026-09-18,SPY,764.1799926757812,2026-09-11T22:36:07.928373+00:00
770.0,2.15,2.17,2.17,16151.0,24125,0.09833665344238281,call,2026-09-18,SPY,764.1799926757812,2026-09-11T22:36:07.928373+00:00
771.0,1.79,1.83,1.8,1785.0,3772,0.09690234161376954,call,2026-09-18,SPY,764.1799926757812,2026-09-11T22:36:07.928373+00:00
772.0,1.5,1.53,1.48,2471.0,3382,0.09559009887695313,call,2026-09-18,SPY,764.1799926757812,2026-09-11T22:36:07.928373+00:00
773.0,1.24,1.27,1.24,3605.0,4376,0.09449147705078126,call,2026-09-18,SPY,764.1799926757812,2026-09-11T22:36:07.928373+00:00
774.0,1.02,1.04,1.04,2770.0,4637,0.0932707861328125,call,2026-09-18,SPY,764.1799926757812,2026-09-11T22:36:07.928373+00:00
775.0,0.83,0.85,0.83,22391.0,47090,0.09241630249023436,call,2026-09-18,SPY,764.1799926757812,2026-09-11T22:36:07.928373+00:00
776.0,0.66,0.69,0.66,2755.0,3969,0.09168388793945312,call,2026-09-18,SPY,764.1799926757812,2026-09-11T22:36:07.928373+00:00
777.0,0.53,0.55,0.53,2243.0,5265,0.090829404296875,call,2026-09-18,SPY,764.1799926757812,2026-09-11T22:36:07.928373+00:00
778.0,0.42,0.44,0.43,2405.0,3801,0.09028009338378906,call,2026-09-18,SPY,764.1799926757812,2026-09-11T22:36:07.928373+00:00
779.0,0.34,0.35,0.35,2927.0,41633,0.0898528515625,call,2026-09-18,SPY,764.1799926757812,2026-09-11T22:36:07.928373+00:00
780.0,0.27,0.28,0.26,24779.0,32067,0.08973078247070312,call,2026-09-18,SPY,764.1799926757812,2026-09-11T22:36:07.928373+00:00
781.0,0.21,0.22,0.2,2501.0,3460,0.08948664428710937,call,2026-09-18,SPY,764.1799926757812,2026-09-11T22:36:07.928373+00:00
782.0,0.16,0.17,0.15,2082.0,7353,0.08912043701171876,call,2026-09-18,SPY,764.1799926757812,2026-09-11T22:36:07.928373+00:00
783.0,0.13,0.14,0.14,1348.0,3221,0.0898528515625,call,2026-09-18,SPY,764.1799926757812,2026-09-11T22:36:07.928373+00:00
784.0,0.1,0.11,0.1,1155.0,4359,0.0898528515625,call,2026-09-18,SPY,764.1799926757812,2026-09-11T22:36:07.928373+00:00
785.0,0.08,0.09,0.09,6761.0,20868,0.09058526611328124,call,2026-09-18,SPY,764.1799926757812,2026-09-11T22:36:07.928373+00:00
786.0,0.07,0.08,0.07,1362.0,2363,0.09253837158203124,call,2026-09-18,SPY,764.1799926757812,2026-09-11T22:36:07.928373+00:00
787.0,0.05,0.06,0.05,2901.0,2835,0.0922942333984375,call,2026-09-18,SPY,764.1799926757812,2026-09-11T22:36:07.928373+00:00
788.0,0.05,0.06,0.05,1249.0,2393,0.09571216796875001,call,2026-09-18,SPY,764.1799926757812,2026-09-11T22:36:07.928373+00:00
789.0,0.04,0.05,0.04,316.0,5025,0.09668872070312501,call,2026-09-18,SPY,764.1799926757812,2026-09-11T22:36:07.928373+00:00
790.0,0.04,0.05,0.04,6256.0,59240,0.09961837890625,call,2026-09-18,SPY,764.1799926757812,2026-09-11T22:36:07.928373+00:00
791.0,0.03,0.04,0.03,136.0,2531,0.1001066552734375,call,2026-09-18,SPY,764.1799926757812,2026-09-11T22:36:07.928373+00:00
792.0,0.03,0.04,0.04,354.0,1977,0.10352458984374999,call,2026-09-18,SPY,764.1799926757812,2026-09-11T22:36:07.928373+00:00
793.0,0.03,0.04,0.04,4117.0,11126,0.106454248046875,call,2026-09-18,SPY,764.1799926757812,2026-09-11T22:36:07.928373+00:00
794.0,0.02,0.03,0.03,582.0,3672,0.1054776953125,call,2026-09-18,SPY,764.1799926757812,2026-09-11T22:36:07.928373+00:00
795.0,0.02,0.03,0.03,403.0,13624,0.1088956298828125,call,2026-09-18,SPY,764.1799926757812,2026-09-11T22:36:07.928373+00:00
796.0,0.02,0.03,0.03,630.0,4582,0.11231356445312499,call,2026-09-18,SPY,764.1799926757812,2026-09-11T22:36:07.928373+00:00
797.0,0.02,0.03,0.03,307.0,2095,0.11524322265625,call,2026-09-18,SPY,764.1799926757812,2026-09-11T22:36:07.928373+00:00
798.0,0.02,0.03,0.02,7.0,4028,0.118172880859375,call,2026-09-18,SPY,764.1799926757812,2026-09-11T22:36:07.928373+00:00
799.0,0.02,0.03,0.02,1782.0,4893,0.1211025390625,call,2026-09-18,SPY,764.1799926757812,2026-09-11T22:36:07.928373+00:00
800.0,0.01,0.02,0.03,2456.0,26341,0.11914943359374999,call,2026-09-18,SPY,764.1799926757812,2026-09-11T22:36:07.928373+00:00
801.0,0.01,0.02,0.02,480.0,4366,0.1211025390625,call,2026-09-18,SPY,764.1799926757812,2026-09-11T22:36:07.928373+00:00
802.0,0.01,0.02,0.03,1027.0,1792,0.124032197265625,call,2026-09-18,SPY,764.1799926757812,2026-09-11T22:36:07.928373+00:00
803.0,0.01,0.02,0.02,5921.0,5335,0.12696185546875,call,2026-09-18,SPY,764.1799926757812,2026-09-11T22:36:07.928373+00:00
804.0,0.01,0.02,0.02,4339.0,2396,0.129891513671875,call,2026-09-18,SPY,764.1799926757812,2026-09-11T22:36:07.928373+00:00
805.0,0.01,0.02,0.02,1803.0,8522,0.132821171875,call,2026-09-18,SPY,764.1799926757812,2026-09-11T22:36:07.928373+00:00
806.0,0.01,0.02,0.01,876.0,2001,0.13575083007812502,call,2026-09-18,SPY,764.1799926757812,2026-09-11T22:36:07.928373+00:00
807.0,0.01,0.02,0.02,16.0,1274,0.13868048828125001,call,2026-09-18,SPY,764.1799926757812,2026-09-11T22:36:07.928373+00:00
808.0,0.01,0.02,0.02,1240.0,1074,0.14063359375,call,2026-09-18,SPY,764.1799926757812,2026-09-11T22:36:07.928373+00:00
809.0,0.01,0.02,0.02,1037.0,1660,0.1445398046875,call,2026-09-18,SPY,764.1799926757812,2026-09-11T22:36:07.928373+00:00
810.0,0.01,0.02,0.01,163.0,8575,0.14649291015625,call,2026-09-18,SPY,764.1799926757812,2026-09-11T22:36:07.928373+00:00
811.0,0.01,0.02,0.02,901.0,955,0.15039912109375003,call,2026-09-18,SPY,764.1799926757812,2026-09-11T22:36:07.928373+00:00
812.0,0.01,0.02,0.02,842.0,1065,0.15235222656250003,call,2026-09-18,SPY,764.1799926757812,2026-09-11T22:36:07.928373+00:00
813.0,0.01,0.02,0.02,3.0,4265,0.15528188476562502,call,2026-09-18,SPY,764.1799926757812,2026-09-11T22:36:07.928373+00:00
814.0,0.01,0.02,0.01,27.0,1061,0.15821154296875,call,2026-09-18,SPY,764.1799926757812,2026-09-11T22:36:07.928373+00:00
815.0,0.01,0.02,0.01,27.0,13647,0.1601646484375,call,2026-09-18,SPY,764.1799926757812,2026-09-11T22:36:07.928373+00:00
816.0,0.01,0.02,0.03,38.0,1595,0.16407085937500002,call,2026-09-18,SPY,764.1799926757812,2026-09-11T22:36:07.928373+00:00
817.0,0.01,0.02,0.01,3.0,775,0.16602396484375004,call,2026-09-18,SPY,764.1799926757812,2026-09-11T22:36:07.928373+00:00
818.0,0.01,0.02,0.01,1.0,3266,0.16895362304687503,call,2026-09-18,SPY,764.1799926757812,2026-09-11T22:36:07.928373+00:00
819.0,0.01,0.02,0.02,1.0,852,0.17188328125000002,call,2026-09-18,SPY,764.1799926757812,2026-09-11T22:36:07.928373+00:00
820.0,0.01,0.02,0.02,26.0,32594,0.17383638671875,call,2026-09-18,SPY,764.1799926757812,2026-09-11T22:36:07.928373+00:00
821.0,0.01,0.02,0.03,151.0,704,0.17774259765625,call,2026-09-18,SPY,764.1799926757812,2026-09-11T22:36:07.928373+00:00
822.0,0.01,0.02,0.02,1.0,1633,0.179695703125,call,2026-09-18,SPY,764.1799926757812,2026-09-11T22:36:07.928373+00:00
823.0,0.01,0.02,0.01,284.0,18933,0.18164880859375,call,2026-09-18,SPY,764.1799926757812,2026-09-11T22:36:07.928373+00:00
824.0,0.01,0.02,0.02,270.0,18672,0.18555501953124998,call,2026-09-18,SPY,764.1799926757812,2026-09-11T22:36:07.928373+00:00
825.0,0.01,0.02,0.01,19.0,21304,0.187508125,call,2026-09-18,SPY,764.1799926757812,2026-09-11T22:36:07.928373+00:00
830.0,0.01,0.02,0.01,131.0,12516,0.20117986328124998,call,2026-09-18,SPY,764.1799926757812,2026-09-11T22:36:07.928373+00:00
835.0,0.0,0.01,0.01,74.0,4872,0.1992267578125,call,2026-09-18,SPY,764.1799926757812,2026-09-11T22:36:07.928373+00:00
840.0,0.0,0.01,0.01,43.0,5537,0.2148516015625,call,2026-09-18,SPY,764.1799926757812,2026-09-11T22:36:07.928373+00:00
845.0,0.0,0.01,0.01,24.0,11045,0.22657023437499998,call,2026-09-18,SPY,764.1799926757812,2026-09-11T22:36:07.928373+00:00
850.0,0.0,0.01,0.01,6.0,9504,0.23828886718749998,call,2026-09-18,SPY,764.1799926757812,2026-09-11T22:36:07.928373+00:00
855.0,0.0,0.01,0.02,2.0,3427,0.2500075,call,2026-09-18,SPY,764.1799926757812,2026-09-11T22:36:07.928373+00:00
860.0,0.0,0.01,0.01,4.0,5134,0.2617261328125,call,2026-09-18,SPY,764.1799926757812,2026-09-11T22:36:07.928373+00:00
865.0,0.0,0.01,0.02,16.0,3659,0.273444765625,call,2026-09-18,SPY,764.1799926757812,2026-09-11T22:36:07.928373+00:00
870.0,0.0,0.01,0.01,22.0,1307,0.28516339843749994,call,2026-09-18,SPY,764.1799926757812,2026-09-11T22:36:07.928373+00:00
875.0,0.0,0.01,0.01,5.0,4631,0.29688203124999996,call,2026-09-18,SPY,764.1799926757812,2026-09-11T22:36:07.928373+00:00
880.0,0.0,0.01,0.01,24.0,6261,0.304694453125,call,2026-09-18,SPY,764.1799926757812,2026-09-11T22:36:07.928373+00:00
885.0,0.0,0.01,0.01,2.0,6154,0.32031929687499994,call,2026-09-18,SPY,764.1799926757812,2026-09-11T22:36:07.928373+00:00
890.0,0.0,0.01,0.01,3383.0,3266,0.32813171874999997,call,2026-09-18,SPY,764.1799926757812,2026-09-11T22:36:07.928373+00:00
895.0,0.0,0.01,0.02,10.0,8578,0.3398503515625,call,2026-09-18,SPY,764.1799926757812,2026-09-11T22:36:07.928373+00:00
900.0,0.0,0.01,0.01,1.0,16703,0.35156898437499995,call,2026-09-18,SPY,764.1799926757812,2026-09-11T22:36:07.928373+00:00
905.0,0.0,0.01,0.01,4.0,4049,0.3632876171875,call,2026-09-18,SPY,764.1799926757812,2026-09-11T22:36:07.928373+00:00
910.0,0.0,0.01,0.01,50.0,3197,0.37500625,call,2026-09-18,SPY,764.1799926757812,2026-09-11T22:36:07.928373+00:00
915.0,0.0,0.01,0.01,1.0,5515,0.38281867187499996,call,2026-09-18,SPY,764.1799926757812,2026-09-11T22:36:07.928373+00:00
920.0,0.0,0.01,0.01,5.0,5527,0.39453730468750003,call,2026-09-18,SPY,764.1799926757812,2026-09-11T22:36:07.928373+00:00
925.0,0.0,0.01,0.01,490.0,14020,0.4062559375,call,2026-09-18,SPY,764.1799926757812,2026-09-11T22:36:07.928373+00:00
930.0,0.0,0.01,0.01,202.0,6436,0.414068359375,call,2026-09-18,SPY,764.1799926757812,2026-09-11T22:36:07.928373+00:00
935.0,0.0,0.01,0.01,1439.0,2713,0.42578699218750005,call,2026-09-18,SPY,764.1799926757812,2026-09-11T22:36:07.928373+00:00
940.0,0.0,0.01,0.01,817.0,3661,0.437505625,call,2026-09-18,SPY,764.1799926757812,2026-09-11T22:36:07.928373+00:00
945.0,0.0,0.01,0.01,40.0,3736,0.445318046875,call,2026-09-18,SPY,764.1799926757812,2026-09-11T22:36:07.928373+00:00
950.0,0.0,0.01,0.01,11.0,3026,0.45313046875,call,2026-09-18,SPY,764.1799926757812,2026-09-11T22:36:07.928373+00:00
955.0,0.0,0.01,0.03,277.0,3253,0.4687553125,call,2026-09-18,SPY,764.1799926757812,2026-09-11T22:36:07.928373+00:00
960.0,0.0,0.01,0.01,15.0,2177,0.476567734375,call,2026-09-18,SPY,764.1799926757812,2026-09-11T22:36:07.928373+00:00
965.0,0.0,0.01,0.01,1.0,3222,0.48438015625,call,2026-09-18,SPY,764.1799926757812,2026-09-11T22:36:07.928373+00:00
970.0,0.0,0.01,0.01,10.0,3688,0.500005,call,2026-09-18,SPY,764.1799926757812,2026-09-11T22:36:07.928373+00:00
975.0,0.0,0.01,0.02,7034.0,8632,0.507817421875,call,2026-09-18,SPY,764.1799926757812,2026-09-11T22:36:07.928373+00:00
980.0,0.0,0.01,0.01,1.0,4173,0.51562984375,call,2026-09-18,SPY,764.1799926757812,2026-09-11T22:36:07.928373+00:00
985.0,0.0,0.01,0.02,1.0,2927,0.500005,call,2026-09-18,SPY,764.1799926757812,2026-09-11T22:36:07.928373+00:00
990.0,0.0,0.01,0.01,12.0,17224,0.51562984375,call,2026-09-18,SPY,764.1799926757812,2026-09-11T22:36:07.928373+00:00
995.0,0.0,0.01,0.02,1.0,3865,0.51562984375,call,2026-09-18,SPY,764.1799926757812,2026-09-11T22:36:07.928373+00:00
1000.0,0.0,0.01,0.01,4.0,8570,0.5312546875,call,2026-09-18,SPY,764.1799926757812,2026-09-11T22:36:07.928373+00:00
300.0,0.0,0.01,0.01,2.0,27662,1.75000125,put,2026-09-18,SPY,764.1799926757812,2026-09-11T22:36:07.928373+00:00
305.0,0.0,0.01,0.01,100.0,8282,1.71875140625,put,2026-09-18,SPY,764.1799926757812,2026-09-11T22:36:07.928373+00:00
310.0,0.0,0.01,0.01,25.0,14915,1.6875015625,put,2026-09-18,SPY,764.1799926757812,2026-09-11T22:36:07.928373+00:00
315.0,0.0,0.01,0.01,1.0,5754,1.6875015625,put,2026-09-18,SPY,764.1799926757812,2026-09-11T22:36:07.928373+00:00
320.0,0.0,0.01,0.01,100.0,4756,1.625001875,put,2026-09-18,SPY,764.1799926757812,2026-09-11T22:36:07.928373+00:00
325.0,0.0,0.01,0.01,100.0,5093,1.625001875,put,2026-09-18,SPY,764.1799926757812,2026-09-11T22:36:07.928373+00:00
330.0,0.0,0.01,0.01,4.0,8544,1.5937520312499998,put,2026-09-18,SPY,764.1799926757812,2026-09-11T22:36:07.928373+00:00
335.0,0.0,0.01,0.01,5.0,4531,1.5625021874999998,put,2026-09-18,SPY,764.1799926757812,2026-09-11T22:36:07.928373+00:00
340.0,0.0,0.01,0.01,10.0,1832,1.5312523437499999,put,2026-09-18,SPY,764.1799926757812,2026-09-11T22:36:07.928373+00:00
345.0,0.0,0.01,0.01,10.0,2930,1.5000025,put,2026-09-18,SPY,764.1799926757812,2026-09-11T22:36:07.928373+00:00
350.0,0.0,0.01,0.01,5.0,19339,1.46875265625,put,2026-09-18,SPY,764.1799926757812,2026-09-11T22:36:07.928373+00:00
355.0,0.0,0.01,0.01,4.0,12978,1.4375028125,put,2026-09-18,SPY,764.1799926757812,2026-09-11T22:36:07.928373+00:00
360.0,0.0,0.01,0.01,1.0,27624,1.4375028125,put,2026-09-18,SPY,764.1799926757812,2026-09-11T22:36:07.928373+00:00
365.0,0.0,0.01,0.01,4.0,16336,1.40625296875,put,2026-09-18,SPY,764.1799926757812,2026-09-11T22:36:07.928373+00:00
370.0,0.0,0.01,0.03,60.0,21672,1.3750031249999999,put,2026-09-18,SPY,764.1799926757812,2026-09-11T22:36:07.928373+00:00
375.0,0.0,0.01,0.01,809.0,3524,1.3437532812499997,put,2026-09-18,SPY,764.1799926757812,2026-09-11T22:36:07.928373+00:00
380.0,0.0,0.01,0.01,1.0,2904,1.3125034374999998,put,2026-09-18,SPY,764.1799926757812,2026-09-11T22:36:07.928373+00:00
385.0,0.0,0.01,0.01,200.0,1084,1.3125034374999998,put,2026-09-18,SPY,764.1799926757812,2026-09-11T22:36:07.928373+00:00
390.0,0.0,0.01,0.01,20.0,1166,1.2812535937499998,put,2026-09-18,SPY,764.1799926757812,2026-09-11T22:36:07.928373+00:00
395.0,0.0,0.01,0.01,20.0,2548,1.2500037499999999,put,2026-09-18,SPY,764.1799926757812,2026-09-11T22:36:07.928373+00:00
400.0,0.0,0.01,0.01,1.0,24195,1.2500037499999999,put,2026-09-18,SPY,764.1799926757812,2026-09-11T22:36:07.928373+00:00
405.0,0.0,0.01,0.01,20.0,2943,1.21875390625,put,2026-09-18,SPY,764.1799926757812,2026-09-11T22:36:07.928373+00:00
410.0,0.0,0.01,0.01,51.0,672,1.1875040625,put,2026-09-18,SPY,764.1799926757812,2026-09-11T22:36:07.928373+00:00
415.0,0.0,0.01,0.01,2779.0,105681,1.15625421875,put,2026-09-18,SPY,764.1799926757812,2026-09-11T22:36:07.928373+00:00
420.0,0.0,0.01,0.01,1.0,107233,1.15625421875,put,2026-09-18,SPY,764.1799926757812,2026-09-11T22:36:07.928373+00:00
425.0,0.0,0.01,0.01,10.0,100752,1.125004375,put,2026-09-18,SPY,764.1799926757812,2026-09-11T22:36:07.928373+00:00
430.0,0.0,0.01,0.01,524.0,2551,1.09375453125,put,2026-09-18,SPY,764.1799926757812,2026-09-11T22:36:07.928373+00:00
435.0,0.0,0.01,0.01,20.0,1854,1.09375453125,put,2026-09-18,SPY,764.1799926757812,2026-09-11T22:36:07.928373+00:00
440.0,0.0,0.01,0.01,3.0,6701,1.0625046875000002,put,2026-09-18,SPY,764.1799926757812,2026-09-11T22:36:07.928373+00:00
445.0,0.0,0.01,0.01,45.0,1050,1.0312548437500002,put,2026-09-18,SPY,764.1799926757812,2026-09-11T22:36:07.928373+00:00
450.0,0.0,0.01,0.01,1.0,12682,1.0312548437500002,put,2026-09-18,SPY,764.1799926757812,2026-09-11T22:36:07.928373+00:00
455.0,0.0,0.01,0.01,4.0,4309,0.992187578125,put,2026-09-18,SPY,764.1799926757812,2026-09-11T22:36:07.928373+00:00
460.0,0.0,0.01,0.01,3.0,1743,0.9687503125,put,2026-09-18,SPY,764.1799926757812,2026-09-11T22:36:07.928373+00:00
465.0,0.0,0.01,0.01,3.0,1947,0.9687503125,put,2026-09-18,SPY,764.1799926757812,2026-09-11T22:36:07.928373+00:00
470.0,0.0,0.01,0.01,1.0,9566,0.937500625,put,2026-09-18,SPY,764.1799926757812,2026-09-11T22:36:07.928373+00:00
475.0,0.0,0.01,0.01,3.0,5648,0.92187578125,put,2026-09-18,SPY,764.1799926757812,2026-09-11T22:36:07.928373+00:00
480.0,0.0,0.01,0.01,105.0,11021,0.9062509375,put,2026-09-18,SPY,764.1799926757812,2026-09-11T22:36:07.928373+00:00
485.0,0.0,0.01,0.01,5.0,3560,0.87500125,put,2026-09-18,SPY,764.1799926757812,2026-09-11T22:36:07.928373+00:00
490.0,0.01,0.02,0.02,2021.0,3373,0.937500625,put,2026-09-18,SPY,764.1799926757812,2026-09-11T22:36:07.928373+00:00
495.0,0.0,0.01,0.01,3622.0,5630,0.8437515624999999,put,2026-09-18,SPY,764.1799926757812,2026-09-11T22:36:07.928373+00:00
500.0,0.01,0.02,0.02,1722.0,10724,0.8906260937499999,put,2026-09-18,SPY,764.1799926757812,2026-09-11T22:36:07.928373+00:00
505.0,0.01,0.02,0.01,7.0,5629,0.87500125,put,2026-09-18,SPY,764.1799926757812,2026-09-11T22:36:07.928373+00:00
510.0,0.01,0.02,0.01,13.0,2443,0.85937640625,put,2026-09-18,SPY,764.1799926757812,2026-09-11T22:36:07.928373+00:00
515.0,0.01,0.02,0.02,109.0,201941,0.8359391406249999,put,2026-09-18,SPY,764.1799926757812,2026-09-11T22:36:07.928373+00:00
520.0,0.01,0.02,0.02,2935.0,211097,0.8203142968749999,put,2026-09-18,SPY,764.1799926757812,2026-09-11T22:36:07.928373+00:00
525.0,0.01,0.02,0.02,461.0,210527,0.79687703125,put,2026-09-18,SPY,764.1799926757812,2026-09-11T22:36:07.928373+00:00
530.0,0.01,0.02,0.02,250.0,4022,0.7812521875,put,2026-09-18,SPY,764.1799926757812,2026-09-11T22:36:07.928373+00:00
535.0,0.01,0.02,0.01,405.0,1929,0.7578149218750001,put,2026-09-18,SPY,764.1799926757812,2026-09-11T22:36:07.928373+00:00
540.0,0.01,0.02,0.01,7.0,5352,0.7421900781249999,put,2026-09-18,SPY,764.1799926757812,2026-09-11T22:36:07.928373+00:00
545.0,0.02,0.03,0.02,74.0,5723,0.7539087109375,put,2026-09-18,SPY,764.1799926757812,2026-09-11T22:36:07.928373+00:00
550.0,0.02,0.03,0.02,35.0,16755,0.73437765625,put,2026-09-18,SPY,764.1799926757812,2026-09-11T22:36:07.928373+00:00
555.0,0.02,0.03,0.02,7.0,5654,0.7187528125,put,2026-09-18,SPY,764.1799926757812,2026-09-11T22:36:07.928373+00:00
560.0,0.02,0.03,0.02,6.0,4787,0.6992217578125001,put,2026-09-18,SPY,764.1799926757812,2026-09-11T22:36:07.928373+00:00
565.0,0.02,0.03,0.03,28.0,10932,0.6796907031250001,put,2026-09-18,SPY,764.1799926757812,2026-09-11T22:36:07.928373+00:00
570.0,0.02,0.03,0.03,95.0,8427,0.6601596484375001,put,2026-09-18,SPY,764.1799926757812,2026-09-11T22:36:07.928373+00:00
575.0,0.03,0.04,0.03,1098.0,13269,0.6640658593750002,put,2026-09-18,SPY,764.1799926757812,2026-09-11T22:36:07.928373+00:00
580.0,0.03,0.04,0.02,954.0,9951,0.6445348046875,put,2026-09-18,SPY,764.1799926757812,2026-09-11T22:36:07.928373+00:00
585.0,0.03,0.04,0.02,1677.0,9270,0.6250037500000001,put,2026-09-18,SPY,764.1799926757812,2026-09-11T22:36:07.928373+00:00
590.0,0.03,0.04,0.04,86.0,19817,0.6074258007812501,put,2026-09-18,SPY,764.1799926757812,2026-09-11T22:36:07.928373+00:00
595.0,0.04,0.05,0.04,164.0,8879,0.6035195898437502,put,2026-09-18,SPY,764.1799926757812,2026-09-11T22:36:07.928373+00:00
600.0,0.04,0.05,0.04,541.0,62513,0.5839885351562499,put,2026-09-18,SPY,764.1799926757812,2026-09-11T22:36:07.928373+00:00
601.0,0.04,0.05,0.04,90.0,1693,0.5800823242187501,put,2026-09-18,SPY,764.1799926757812,2026-09-11T22:36:07.928373+00:00
602.0,0.04,0.05,0.03,88.0,148,0.57812921875,put,2026-09-18,SPY,764.1799926757812,2026-09-11T22:36:07.928373+00:00
603.0,0.04,0.05,0.03,2532.0,1619,0.5742230078125,put,2026-09-18,SPY,764.1799926757812,2026-09-11T22:36:07.928373+00:00
604.0,0.04,0.05,0.02,2.0,23557,0.570316796875,put,2026-09-18,SPY,764.1799926757812,2026-09-11T22:36:07.928373+00:00
605.0,0.04,0.05,0.04,21.0,71456,0.5664105859375,put,2026-09-18,SPY,764.1799926757812,2026-09-11T22:36:07.928373+00:00
606.0,0.04,0.05,0.04,20.0,532,0.5625043750000001,put,2026-09-18,SPY,764.1799926757812,2026-09-11T22:36:07.928373+00:00
607.0,0.04,0.05,0.03,20.0,671,0.5585981640625001,put,2026-09-18,SPY,764.1799926757812,2026-09-11T22:36:07.928373+00:00
608.0,0.04,0.05,0.05,741.0,1539,0.5546919531250001,put,2026-09-18,SPY,764.1799926757812,2026-09-11T22:36:07.928373+00:00
609.0,0.04,0.05,0.06,485.0,2882,0.5507857421875001,put,2026-09-18,SPY,764.1799926757812,2026-09-11T22:36:07.928373+00:00
610.0,0.05,0.06,0.04,2846.0,53259,0.5585981640625001,put,2026-09-18,SPY,764.1799926757812,2026-09-11T22:36:07.928373+00:00
611.0,0.05,0.06,0.04,1276.0,680,0.5546919531250001,put,2026-09-18,SPY,764.1799926757812,2026-09-11T22:36:07.928373+00:00
612.0,0.05,0.06,0.03,1.0,345,0.5507857421875001,put,2026-09-18,SPY,764.1799926757812,2026-09-11T22:36:07.928373+00:00
613.0,0.05,0.06,0.04,5.0,457,0.5468795312500001,put,2026-09-18,SPY,764.1799926757812,2026-09-11T22:36:07.928373+00:00
614.0,0.05,0.06,0.04,1.0,1156,0.5449264257812501,put,2026-09-18,SPY,764.1799926757812,2026-09-11T22:36:07.928373+00:00
615.0,0.05,0.06,0.05,2.0,104380,0.5410202148437502,put,2026-09-18,SPY,764.1799926757812,2026-09-11T22:36:07.928373+00:00
616.0,0.05,0.06,0.09,6.0,484,0.5371140039062501,put,2026-09-18,SPY,764.1799926757812,2026-09-11T22:36:07.928373+00:00
617.0,0.05,0.06,0.04,10.0,1086,0.53320779296875,put,2026-09-18,SPY,764.1799926757812,2026-09-11T22:36:07.928373+00:00
618.0,0.05,0.06,0.06,65.0,4009,0.5293015820312501,put,2026-09-18,SPY,764.1799926757812,2026-09-11T22:36:07.928373+00:00
619.0,0.05,0.06,0.04,700.0,328,0.52539537109375,put,2026-09-18,SPY,764.1799926757812,2026-09-11T22:36:07.928373+00:00
620.0,0.05,0.06,0.07,858.0,157698,0.5214891601562499,put,2026-09-18,SPY,764.1799926757812,2026-09-11T22:36:07.928373+00:00
621.0,0.06,0.07,0.06,4.0,716,0.5273484765625001,put,2026-09-18,SPY,764.1799926757812,2026-09-11T22:36:07.928373+00:00
622.0,0.06,0.07,0.05,10.0,967,0.523442265625,put,2026-09-18,SPY,764.1799926757812,2026-09-11T22:36:07.928373+00:00
623.0,0.06,0.07,0.06,35.0,346,0.5195360546875,put,2026-09-18,SPY,764.1799926757812,2026-09-11T22:36:07.928373+00:00
624.0,0.06,0.07,0.07,3.0,1140,0.51562984375,put,2026-09-18,SPY,764.1799926757812,2026-09-11T22:36:07.928373+00:00
625.0,0.06,0.07,0.07,418.0,132600,0.5117236328125,put,2026-09-18,SPY,764.1799926757812,2026-09-11T22:36:07.928373+00:00
626.0,0.06,0.07,0.06,379.0,1585,0.508793974609375,put,2026-09-18,SPY,764.1799926757812,2026-09-11T22:36:07.928373+00:00
627.0,0.06,0.07,0.07,82.0,1430,0.50586431640625,put,2026-09-18,SPY,764.1799926757812,2026-09-11T22:36:07.928373+00:00
628.0,0.06,0.07,0.06,9.0,969,0.5019581054687501,put,2026-09-18,SPY,764.1799926757812,2026-09-11T22:36:07.928373+00:00
629.0,0.06,0.07,0.04,1.0,559,0.5019581054687501,put,2026-09-18,SPY,764.1799926757812,2026-09-11T22:36:07.928373+00:00
630.0,0.07,0.08,0.07,123.0,10639,0.5019581054687501,put,2026-09-18,SPY,764.1799926757812,2026-09-11T22:36:07.928373+00:00
631.0,0.07,0.08,0.1,34.0,504,0.5019581054687501,put,2026-09-18,SPY,764.1799926757812,2026-09-11T22:36:07.928373+00:00
632.0,0.07,0.08,0.1,96.0,545,0.49805189453125004,put,2026-09-18,SPY,764.1799926757812,2026-09-11T22:36:07.928373+00:00
633.0,0.07,0.08,0.05,172.0,835,0.49414568359375005,put,2026-09-18,SPY,764.1799926757812,2026-09-11T22:36:07.928373+00:00
634.0,0.07,0.08,0.05,165.0,790,0.49023947265625006,put,2026-09-18,SPY,764.1799926757812,2026-09-11T22:36:07.928373+00:00
635.0,0.07,0.08,0.07,97.0,8514,0.48633326171875,put,2026-09-18,SPY,764.1799926757812,2026-09-11T22:36:07.928373+00:00
636.0,0.07,0.08,0.08,89.0,641,0.48242705078125003,put,2026-09-18,SPY,764.1799926757812,2026-09-11T22:36:07.928373+00:00
637.0,0.07,0.08,0.04,20.0,1142,0.47852083984375,put,2026-09-18,SPY,764.1799926757812,2026-09-11T22:36:07.928373+00:00
638.0,0.08,0.09,0.12,1.0,2295,0.481450498046875,put,2026-09-18,SPY,764.1799926757812,2026-09-11T22:36:07.928373+00:00
639.0,0.08,0.09,0.1,1.0,743,0.477544287109375,put,2026-09-18,SPY,764.1799926757812,2026-09-11T22:36:07.928373+00:00
640.0,0.08,0.09,0.09,455.0,12407,0.47461462890625,put,2026-09-18,SPY,764.1799926757812,2026-09-11T22:36:07.928373+00:00
641.0,0.08,0.09,0.05,11.0,642,0.47070841796875,put,2026-09-18,SPY,764.1799926757812,2026-09-11T22:36:07.928373+00:00
642.0,0.08,0.09,0.06,1355.0,1049,0.46680220703125,put,2026-09-18,SPY,764.1799926757812,2026-09-11T22:36:07.928373+00:00
643.0,0.08,0.09,0.06,1399.0,334,0.46289599609375004,put,2026-09-18,SPY,764.1799926757812,2026-09-11T22:36:07.928373+00:00
644.0,0.08,0.09,0.13,20.0,260,0.45898978515625005,put,2026-09-18,SPY,764.1799926757812,2026-09-11T22:36:07.928373+00:00
645.0,0.08,0.09,0.09,3.0,7114,0.45508357421875,put,2026-09-18,SPY,764.1799926757812,2026-09-11T22:36:07.928373+00:00
646.0,0.08,0.09,0.07,89.0,559,0.45117736328125,put,2026-09-18,SPY,764.1799926757812,2026-09-11T22:36:07.928373+00:00
647.0,0.09,0.1,0.13,1.0,249,0.45313046875,put,2026-09-18,SPY,764.1799926757812,2026-09-11T22:36:07.928373+00:00
648.0,0.09,0.1,0.09,21.0,673,0.44922425781249997,put,2026-09-18,SPY,764.1799926757812,2026-09-11T22:36:07.928373+00:00
649.0,0.09,0.1,0.09,2246.0,997,0.446294599609375,put,2026-09-18,SPY,764.1799926757812,2026-09-11T22:36:07.928373+00:00
650.0,0.09,0.1,0.1,8306.0,80561,0.442388388671875,put,2026-09-18,SPY,764.1799926757812,2026-09-11T22:36:07.928373+00:00
651.0,0.09,0.1,0.1,4747.0,2232,0.43848217773437503,put,2026-09-18,SPY,764.1799926757812,2026-09-11T22:36:07.928373+00:00
652.0,0.09,0.1,0.07,10.0,805,0.43457596679687505,put,2026-09-18,SPY,764.1799926757812,2026-09-11T22:36:07.928373+00:00
653.0,0.09,0.1,0.12,2.0,558,0.43066975585937506,put,2026-09-18,SPY,764.1799926757812,2026-09-11T22:36:07.928373+00:00
654.0,0.1,0.11,0.09,26.0,574,0.43164630859375,put,2026-09-18,SPY,764.1799926757812,2026-09-11T22:36:07.928373+00:00
655.0,0.1,0.11,0.1,20.0,30887,0.4282283740234375,put,2026-09-18,SPY,764.1799926757812,2026-09-11T22:36:07.928373+00:00
656.0,0.1,0.11,0.08,1.0,694,0.424810439453125,put,2026-09-18,SPY,764.1799926757812,2026-09-11T22:36:07.928373+00:00
657.0,0.1,0.11,0.06,10.0,819,0.42090422851562503,put,2026-09-18,SPY,764.1799926757812,2026-09-11T22:36:07.928373+00:00
658.0,0.1,0.11,0.06,2.0,1077,0.41699801757812494,put,2026-09-18,SPY,764.1799926757812,2026-09-11T22:36:07.928373+00:00
659.0,0.1,0.11,0.07,208.0,648,0.41309180664062495,put,2026-09-18,SPY,764.1799926757812,2026-09-11T22:36:07.928373+00:00
660.0,0.1,0.11,0.11,1320.0,89242,0.40918559570312496,put,2026-09-18,SPY,764.1799926757812,2026-09-11T22:36:07.928373+00:00
661.0,0.11,0.12,0.12,2.0,625,0.4101621484375,put,2026-09-18,SPY,764.1799926757812,2026-09-11T22:36:07.928373+00:00
662.0,0.11,0.12,0.11,108.0,1339,0.4062559375,put,2026-09-18,SPY,764.1799926757812,2026-09-11T22:36:07.928373+00:00
663.0,0.11,0.12,0.19,109.0,1220,0.4023497265625,put,2026-09-18,SPY,764.1799926757812,2026-09-11T22:36:07.928373+00:00
664.0,0.11,0.12,0.12,32.0,1056,0.398443515625,put,2026-09-18,SPY,764.1799926757812,2026-09-11T22:36:07.928373+00:00
665.0,0.11,0.12,0.11,70.0,14414,0.39453730468750003,put,2026-09-18,SPY,764.1799926757812,2026-09-11T22:36:07.928373+00:00
666.0,0.11,0.12,0.07,3.0,1248,0.39063109375,put,2026-09-18,SPY,764.1799926757812,2026-09-11T22:36:07.928373+00:00
667.0,0.11,0.12,0.07,1.0,1307,0.38721315917968746,put,2026-09-18,SPY,764.1799926757812,2026-09-11T22:36:07.928373+00:00
668.0,0.12,0.13,0.12,44.0,1602,0.38721315917968746,put,2026-09-18,SPY,764.1799926757812,2026-09-11T22:36:07.928373+00:00
669.0,0.12,0.13,0.12,338.0,1240,0.383795224609375,put,2026-09-18,SPY,764.1799926757812,2026-09-11T22:36:07.928373+00:00
670.0,0.12,0.13,0.12,245.0,61920,0.379889013671875,put,2026-09-18,SPY,764.1799926757812,2026-09-11T22:36:07.928373+00:00
671.0,0.12,0.13,0.09,91.0,4061,0.375982802734375,put,2026-09-18,SPY,764.1799926757812,2026-09-11T22:36:07.928373+00:00
672.0,0.12,0.13,0.14,10.0,1214,0.372076591796875,put,2026-09-18,SPY,764.1799926757812,2026-09-11T22:36:07.928373+00:00
673.0,0.12,0.13,0.09,1.0,1076,0.36817038085937503,put,2026-09-18,SPY,764.1799926757812,2026-09-11T22:36:07.928373+00:00
674.0,0.13,0.14,0.14,54.0,3097,0.36817038085937503,put,2026-09-18,SPY,764.1799926757812,2026-09-11T22:36:07.928373+00:00
675.0,0.13,0.14,0.13,7110.0,22720,0.36426416992187505,put,2026-09-18,SPY,764.1799926757812,2026-09-11T22:36:07.928373+00:00
676.0,0.13,0.14,0.14,23.0,1132,0.36035795898437495,put,2026-09-18,SPY,764.1799926757812,2026-09-11T22:36:07.928373+00:00
677.0,0.13,0.14,0.14,530.0,1299,0.35645174804687496,put,2026-09-18,SPY,764.1799926757812,2026-09-11T22:36:07.928373+00:00
678.0,0.13,0.14,0.1,12.0,1079,0.352545537109375,put,2026-09-18,SPY,764.1799926757812,2026-09-11T22:36:07.928373+00:00
679.0,0.14,0.15,0.14,28.0,1350,0.35205726074218746,put,2026-09-18,SPY,764.1799926757812,2026-09-11T22:36:07.928373+00:00
680.0,0.14,0.15,0.15,1222.0,28374,0.3481510498046875,put,2026-09-18,SPY,764.1799926757812,2026-09-11T22:36:07.928373+00:00
681.0,0.14,0.15,0.14,589.0,879,0.3442448388671875,put,2026-09-18,SPY,764.1799926757812,2026-09-11T22:36:07.928373+00:00
682.0,0.14,0.15,0.15,46.0,990,0.340826904296875,put,2026-09-18,SPY,764.1799926757812,2026-09-11T22:36:07.928373+00:00
683.0,0.14,0.15,0.15,69.0,680,0.336920693359375,put,2026-09-18,SPY,764.1799926757812,2026-09-11T22:36:07.928373+00:00
684.0,0.15,0.16,0.15,16.0,735,0.335944140625,put,2026-09-18,SPY,764.1799926757812,2026-09-11T22:36:07.928373+00:00
685.0,0.15,0.16,0.12,896.0,14210,0.3320379296875,put,2026-09-18,SPY,764.1799926757812,2026-09-11T22:36:07.928373+00:00
686.0,0.15,0.16,0.16,365.0,1015,0.32813171874999997,put,2026-09-18,SPY,764.1799926757812,2026-09-11T22:36:07.928373+00:00
687.0,0.15,0.16,0.13,592.0,623,0.3242255078124999,put,2026-09-18,SPY,764.1799926757812,2026-09-11T22:36:07.928373+00:00
688.0,0.16,0.17,0.14,8.0,2011,0.3232489550781249,put,2026-09-18,SPY,764.1799926757812,2026-09-11T22:36:07.928373+00:00
689.0,0.16,0.17,0.17,3.0,827,0.3193427441406249,put,2026-09-18,SPY,764.1799926757812,2026-09-11T22:36:07.928373+00:00
690.0,0.16,0.17,0.17,1880.0,24412,0.3154365332031249,put,2026-09-18,SPY,764.1799926757812,2026-09-11T22:36:07.928373+00:00
691.0,0.16,0.17,0.17,20.0,446,0.31153032226562494,put,2026-09-18,SPY,764.1799926757812,2026-09-11T22:36:07.928373+00:00
692.0,0.17,0.18,0.17,39.0,2344,0.3100654931640625,put,2026-09-18,SPY,764.1799926757812,2026-09-11T22:36:07.928373+00:00
693.0,0.17,0.18,0.18,26.0,1208,0.3061592822265625,put,2026-09-18,SPY,764.1799926757812,2026-09-11T22:36:07.928373+00:00
694.0,0.17,0.18,0.14,59.0,1041,0.30225307128906254,put,2026-09-18,SPY,764.1799926757812,2026-09-11T22:36:07.928373+00:00
695.0,0.17,0.18,0.18,246.0,8771,0.29834686035156244,put,2026-09-18,SPY,764.1799926757812,2026-09-11T22:36:07.928373+00:00
696.0,0.18,0.19,0.19,57.0,1115,0.29688203124999996,put,2026-09-18,SPY,764.1799926757812,2026-09-11T22:36:07.928373+00:00
697.0,0.18,0.19,0.17,43.0,834,0.29273168212890616,put,2026-09-18,SPY,764.1799926757812,2026-09-11T22:36:07.928373+00:00
698.0,0.18,0.19,0.2,98.0,2547,0.28882547119140617,put,2026-09-18,SPY,764.1799926757812,2026-09-11T22:36:07.928373+00:00
699.0,0.19,0.2,0.21,102.0,1708,0.28711650390624993,put,2026-09-18,SPY,764.1799926757812,2026-09-11T22:36:07.928373+00:00
700.0,0.19,0.2,0.2,7143.0,43163,0.28321029296874994,put,2026-09-18,SPY,764.1799926757812,2026-09-11T22:36:07.928373+00:00
701.0,0.2,0.21,0.22,707.0,1611,0.28125718749999995,put,2026-09-18,SPY,764.1799926757812,2026-09-11T22:36:07.928373+00:00
702.0,0.2,0.21,0.2,798.0,798,0.27735097656249996,put,2026-09-18,SPY,764.1799926757812,2026-09-11T22:36:07.928373+00:00
703.0,0.2,0.21,0.16,3.0,682,0.2732006274414062,put,2026-09-18,SPY,764.1799926757812,2026-09-11T22:36:07.928373+00:00
704.0,0.21,0.22,0.22,51.0,1373,0.2710033837890625,put,2026-09-18,SPY,764.1799926757812,2026-09-11T22:36:07.928373+00:00
705.0,0.21,0.22,0.21,800.0,9645,0.26709717285156254,put,2026-09-18,SPY,764.1799926757812,2026-09-11T22:36:07.928373+00:00
706.0,0.22,0.23,0.21,367.0,1122,0.26489992919921873,put,2026-09-18,SPY,764.1799926757812,2026-09-11T22:36:07.928373+00:00
707.0,0.22,0.23,0.21,28.0,1812,0.260749580078125,put,2026-09-18,SPY,764.1799926757812,2026-09-11T22:36:07.928373+00:00
708.0,0.23,0.24,0.25,55.0,1290,0.2585523364257813,put,2026-09-18,SPY,764.1799926757812,2026-09-11T22:36:07.928373+00:00
709.0,0.23,0.24,0.23,997.0,7271,0.25440198730468755,put,2026-09-18,SPY,764.1799926757812,2026-09-11T22:36:07.928373+00:00
710.0,0.24,0.25,0.25,3857.0,59889,0.25196060546875,put,2026-09-18,SPY,764.1799926757812,2026-09-11T22:36:07.928373+00:00
711.0,0.25,0.26,0.22,222.0,2662,0.24951922363281248,put,2026-09-18,SPY,764.1799926757812,2026-09-11T22:36:07.928373+00:00
712.0,0.26,0.27,0.26,52.0,2192,0.247077841796875,put,2026-09-18,SPY,764.1799926757812,2026-09-11T22:36:07.928373+00:00
713.0,0.26,0.27,0.27,198.0,1270,0.24292749267578123,put,2026-09-18,SPY,764.1799926757812,2026-09-11T22:36:07.928373+00:00
714.0,0.27,0.28,0.28,47.0,1824,0.24024197265624997,put,2026-09-18,SPY,764.1799926757812,2026-09-11T22:36:07.928373+00:00
715.0,0.28,0.29,0.28,8406.0,40357,0.2375564526367187,put,2026-09-18,SPY,764.1799926757812,2026-09-11T22:36:07.928373+00:00
716.0,0.29,0.3,0.29,1104.0,1615,0.23462679443359374,put,2026-09-18,SPY,764.1799926757812,2026-09-11T22:36:07.928373+00:00
717.0,0.3,0.31,0.29,75.0,2169,0.23169713623046873,put,2026-09-18,SPY,764.1799926757812,2026-09-11T22:36:07.928373+00:00
718.0,0.31,0.32,0.29,581.0,2607,0.22876747802734376,put,2026-09-18,SPY,764.1799926757812,2026-09-11T22:36:07.928373+00:00
719.0,0.32,0.33,0.33,212.0,4942,0.22583781982421874,put,2026-09-18,SPY,764.1799926757812,2026-09-11T22:36:07.928373+00:00
720.0,0.33,0.34,0.34,9446.0,42883,0.22266402343749997,put,2026-09-18,SPY,764.1799926757812,2026-09-11T22:36:07.928373+00:00
721.0,0.34,0.35,0.33,560.0,3020,0.21949022705078125,put,2026-09-18,SPY,764.1799926757812,2026-09-11T22:36:07.928373+00:00
722.0,0.35,0.36,0.35,277.0,3214,0.21631643066406248,put,2026-09-18,SPY,764.1799926757812,2026-09-11T22:36:07.928373+00:00
723.0,0.37,0.38,0.37,383.0,3868,0.21411918701171873,put,2026-09-18,SPY,764.1799926757812,2026-09-11T22:36:07.928373+00:00
724.0,0.38,0.39,0.38,1348.0,5784,0.21094539062499998,put,2026-09-18,SPY,764.1799926757812,2026-09-11T22:36:07.928373+00:00
725.0,0.4,0.41,0.41,4187.0,26455,0.20850400878906244,put,2026-09-18,SPY,764.1799926757812,2026-09-11T22:36:07.928373+00:00
726.0,0.42,0.43,0.41,4812.0,10816,0.2059405578613281,put,2026-09-18,SPY,764.1799926757812,2026-09-11T22:36:07.928373+00:00
727.0,0.44,0.45,0.43,494.0,2833,0.20337710693359373,put,2026-09-18,SPY,764.1799926757812,2026-09-11T22:36:07.928373+00:00
728.0,0.46,0.47,0.46,613.0,18596,0.2005695178222656,put,2026-09-18,SPY,764.1799926757812,2026-09-11T22:36:07.928373+00:00
729.0,0.48,0.49,0.47,1192.0,9435,0.1977619287109375,put,2026-09-18,SPY,764.1799926757812,2026-09-11T22:36:07.928373+00:00
730.0,0.5,0.51,0.52,76244.0,115705,0.1948322705078125,put,2026-09-18,SPY,764.1799926757812,2026-09-11T22:36:07.928373+00:00
731.0,0.53,0.54,0.52,1029.0,16439,0.1925129577636719,put,2026-09-18,SPY,764.1799926757812,2026-09-11T22:36:07.928373+00:00
732.0,0.56,0.57,0.55,3989.0,25575,0.1900715759277344,put,2026-09-18,SPY,764.1799926757812,2026-09-11T22:36:07.928373+00:00
733.0,0.59,0.6,0.59,854.0,24385,0.187508125,put,2026-09-18,SPY,764.1799926757812,2026-09-11T22:36:07.928373+00:00
734.0,0.62,0.63,0.63,1364.0,17524,0.18470053588867186,put,2026-09-18,SPY,764.1799926757812,2026-09-11T22:36:07.928373+00:00
735.0,0.66,0.67,0.66,7452.0,38278,0.1825032922363281,put,2026-09-18,SPY,764.1799926757812,2026-09-11T22:36:07.928373+00:00
736.0,0.7,0.71,0.69,16965.0,25245,0.18006191040039063,put,2026-09-18,SPY,764.1799926757812,2026-09-11T22:36:07.928373+00:00
737.0,0.74,0.75,0.73,6909.0,3980,0.17749845947265624,put,2026-09-18,SPY,764.1799926757812,2026-09-11T22:36:07.928373+00:00
738.0,0.78,0.8,0.8,2797.0,4057,0.1753012158203125,put,2026-09-18,SPY,764.1799926757812,2026-09-11T22:36:07.928373+00:00
739.0,0.83,0.85,0.83,1240.0,21222,0.1729819030761719,put,2026-09-18,SPY,764.1799926757812,2026-09-11T22:36:07.928373+00:00
740.0,0.89,0.9,0.9,8446.0,109347,0.17041845214843754,put,2026-09-18,SPY,764.1799926757812,2026-09-11T22:36:07.928373+00:00
741.0,0.95,0.97,0.98,1507.0,4703,0.16858741577148442,put,2026-09-18,SPY,764.1799926757812,2026-09-11T22:36:07.928373+00:00
742.0,1.01,1.03,1.01,17150.0,4366,0.16602396484375004,put,2026-09-18,SPY,764.1799926757812,2026-09-11T22:36:07.928373+00:00
743.0,1.08,1.1,1.12,23152.0,28452,0.16376568664550784,put,2026-09-18,SPY,764.1799926757812,2026-09-11T22:36:07.928373+00:00
744.0,1.16,1.18,1.15,3683.0,3820,0.16162947753906248,put,2026-09-18,SPY,764.1799926757812,2026-09-11T22:36:07.928373+00:00
745.0,1.25,1.27,1.27,5473.0,36953,0.1596763720703125,put,2026-09-18,SPY,764.1799926757812,2026-09-11T22:36:07.928373+00:00
746.0,1.34,1.36,1.33,1259.0,5959,0.15747912841796874,put,2026-09-18,SPY,764.1799926757812,2026-09-11T22:36:07.928373+00:00
747.0,1.44,1.46,1.43,935.0,9300,0.15528188476562502,put,2026-09-18,SPY,764.1799926757812,2026-09-11T22:36:07.928373+00:00
748.0,1.55,1.57,1.58,649.0,3350,0.15320671020507814,put,2026-09-18,SPY,764.1799926757812,2026-09-11T22:36:07.928373+00:00
749.0,1.66,1.69,1.68,3717.0,5233,0.1511315356445313,put,2026-09-18,SPY,764.1799926757812,2026-09-11T22:36:07.928373+00:00
750.0,1.79,1.82,1.8,100820.0,186670,0.14905636108398437,put,2026-09-18,SPY,764.1799926757812,2026-09-11T22:36:07.928373+00:00
751.0,1.94,1.96,1.99,812.0,4716,0.1469811865234375,put,2026-09-18,SPY,764.1799926757812,2026-09-11T22:36:07.928373+00:00
752.0,2.09,2.12,2.13,1799.0,4878,0.14515015014648439,put,2026-09-18,SPY,764.1799926757812,2026-09-11T22:36:07.928373+00:00
753.0,2.26,2.29,2.27,4489.0,3889,0.1431970446777344,put,2026-09-18,SPY,764.1799926757812,2026-09-11T22:36:07.928373+00:00
754.0,2.44,2.47,2.43,2057.0,4335,0.14118290466308597,put,2026-09-18,SPY,764.1799926757812,2026-09-11T22:36:07.928373+00:00
755.0,2.64,2.68,2.65,16225.0,44131,0.13953497192382813,put,2026-09-18,SPY,764.1799926757812,2026-09-11T22:36:07.928373+00:00
756.0,2.86,2.9,2.94,1646.0,4750,0.13770393554687502,put,2026-09-18,SPY,764.1799926757812,2026-09-11T22:36:07.928373+00:00
757.0,3.1,3.14,3.13,4312.0,7157,0.13593393371582033,put,2026-09-18,SPY,764.1799926757812,2026-09-11T22:36:07.928373+00:00
758.0,3.37,3.41,3.42,3052.0,10225,0.1344080700683594,put,2026-09-18,SPY,764.1799926757812,2026-09-11T22:36:07.928373+00:00
759.0,3.65,3.69,3.63,1621.0,3634,0.1326380682373047,put,2026-09-18,SPY,764.1799926757812,2026-09-11T22:36:07.928373+00:00
760.0,3.96,4.0,3.98,44699.0,90360,0.1310511700439453,put,2026-09-18,SPY,764.1799926757812,2026-09-11T22:36:07.928373+00:00
761.0,4.3,4.34,4.29,4640.0,4016,0.12964737548828126,put,2026-09-18,SPY,764.1799926757812,2026-09-11T22:36:07.928373+00:00
762.0,4.67,4.71,4.76,5890.0,5624,0.1283046154785156,put,2026-09-18,SPY,764.1799926757812,2026-09-11T22:36:07.928373+00:00
763.0,5.07,5.11,5.14,4142.0,4118,0.12708392456054687,put,2026-09-18,SPY,764.1799926757812,2026-09-11T22:36:07.928373+00:00
764.0,5.5,5.54,5.51,18817.0,4265,0.1259547854614258,put,2026-09-18,SPY,764.1799926757812,2026-09-11T22:36:07.928373+00:00
765.0,5.95,6.05,5.99,24658.0,23234,0.125985302734375,put,2026-09-18,SPY,764.1799926757812,2026-09-11T22:36:07.928373+00:00
766.0,6.46,6.58,6.49,5488.0,2932,0.1258021990966797,put,2026-09-18,SPY,764.1799926757812,2026-09-11T22:36:07.928373+00:00
767.0,6.92,7.16,7.11,1080.0,2606,0.1261378890991211,put,2026-09-18,SPY,764.1799926757812,2026-09-11T22:36:07.928373+00:00
768.0,7.46,7.75,7.6,764.0,3583,0.12607685455322265,put,2026-09-18,SPY,764.1799926757812,2026-09-11T22:36:07.928373+00:00
769.0,8.08,8.38,8.3,1099.0,4069,0.1263515100097656,put,2026-09-18,SPY,764.1799926757812,2026-09-11T22:36:07.928373+00:00
770.0,8.74,9.06,8.85,2187.0,18192,0.1271449591064453,put,2026-09-18,SPY,764.1799926757812,2026-09-11T22:36:07.928373+00:00
771.0,9.4,9.77,9.21,247.0,2869,0.1281520291137695,put,2026-09-18,SPY,764.1799926757812,2026-09-11T22:36:07.928373+00:00
772.0,10.12,10.54,10.23,351.0,3675,0.1301051345825195,put,2026-09-18,SPY,764.1799926757812,2026-09-11T22:36:07.928373+00:00
773.0,10.88,11.31,10.99,897.0,4507,0.13160048095703125,put,2026-09-18,SPY,764.1799926757812,2026-09-11T22:36:07.928373+00:00
774.0,10.71,12.14,11.65,202.0,4431,0.13416393188476564,put,2026-09-18,SPY,764.1799926757812,2026-09-11T22:36:07.928373+00:00
775.0,11.69,14.01,12.73,582.0,8215,0.16425396301269532,put,2026-09-18,SPY,764.1799926757812,2026-09-11T22:36:07.928373+00:00
776.0,12.33,14.52,13.2,169.0,2055,0.15833361206054689,put,2026-09-18,SPY,764.1799926757812,2026-09-11T22:36:07.928373+00:00
777.0,13.17,16.35,13.77,17.0,1646,0.18744709045410157,put,2026-09-18,SPY,764.1799926757812,2026-09-11T22:36:07.928373+00:00
778.0,14.07,17.25,15.38,1.0,1431,0.1918720950317383,put,2026-09-18,SPY,764.1799926757812,2026-09-11T22:36:07.928373+00:00
779.0,14.99,18.17,14.82,10.0,1120,0.19660227233886718,put,2026-09-18,SPY,764.1799926757812,2026-09-11T22:36:07.928373+00:00
780.0,15.93,19.1,17.4,51.0,3897,0.2014850360107422,put,2026-09-18,SPY,764.1799926757812,2026-09-11T22:36:07.928373+00:00
781.0,16.88,20.05,16.35,22.0,1227,0.20673400695800775,put,2026-09-18,SPY,764.1799926757812,2026-09-11T22:36:07.928373+00:00
782.0,17.84,21.01,24.43,12.0,4252,0.21216608154296873,put,2026-09-18,SPY,764.1799926757812,2026-09-11T22:36:07.928373+00:00
783.0,18.81,21.98,20.02,7.0,815,0.21778125976562498,put,2026-09-18,SPY,764.1799926757812,2026-09-11T22:36:07.928373+00:00
784.0,19.78,22.95,27.33,1.0,130,0.22333540344238278,put,2026-09-18,SPY,764.1799926757812,2026-09-11T22:36:07.928373+00:00
785.0,20.76,23.93,21.22,29.0,3632,0.22901161621093752,put,2026-09-18,SPY,764.1799926757812,2026-09-11T22:36:07.928373+00:00
786.0,21.17,24.92,27.0,3.0,309,0.23499300170898438,put,2026-09-18,SPY,764.1799926757812,2026-09-11T22:36:07.928373+00:00
787.0,22.16,25.9,25.96,1.0,395,0.24054714538574218,put,2026-09-18,SPY,764.1799926757812,2026-09-11T22:36:07.928373+00:00
788.0,23.15,26.9,19.63,10.0,570,0.24665059997558597,put,2026-09-18,SPY,764.1799926757812,2026-09-11T22:36:07.928373+00:00
789.0,24.14,27.89,26.37,2.0,504,0.25238784729003905,put,2026-09-18,SPY,764.1799926757812,2026-09-11T22:36:07.928373+00:00
790.0,25.14,28.88,26.4,48.0,1899,0.2580640600585938,put,2026-09-18,SPY,764.1799926757812,2026-09-11T22:36:07.928373+00:00
791.0,26.13,29.88,27.37,2.0,611,0.2639844110107422,put,2026-09-18,SPY,764.1799926757812,2026-09-11T22:36:07.928373+00:00
792.0,27.13,30.87,28.33,2.0,595,0.2695385546875,put,2026-09-18,SPY,764.1799926757812,2026-09-11T22:36:07.928373+00:00
793.0,28.13,31.87,27.33,2.0,36,0.27539787109374997,put,2026-09-18,SPY,764.1799926757812,2026-09-11T22:36:07.928373+00:00
794.0,29.12,32.86,26.5,2.0,7,0.2808299456787109,put,2026-09-18,SPY,764.1799926757812,2026-09-11T22:36:07.928373+00:00
795.0,30.12,33.86,31.3,6.0,399,0.2866282275390625,put,2026-09-18,SPY,764.1799926757812,2026-09-11T22:36:07.928373+00:00
796.0,31.12,34.86,34.69,5.0,8,0.29230444030761704,put,2026-09-18,SPY,764.1799926757812,2026-09-11T22:36:07.928373+00:00
797.0,32.11,35.86,24.4,3.0,2,0.29798065307617183,put,2026-09-18,SPY,764.1799926757812,2026-09-11T22:36:07.928373+00:00
798.0,33.11,36.85,39.97,2.0,3,0.30322962402343745,put,2026-09-18,SPY,764.1799926757812,2026-09-11T22:36:07.928373+00:00
799.0,34.11,37.85,42.77,16.0,15,0.30884480224609373,put,2026-09-18,SPY,764.1799926757812,2026-09-11T22:36:07.928373+00:00
800.0,35.11,38.85,36.16,13.0,100,0.3143379113769531,put,2026-09-18,SPY,764.1799926757812,2026-09-11T22:36:07.928373+00:00
801.0,36.11,39.85,28.26,3.0,3,0.3198310205078124,put,2026-09-18,SPY,764.1799926757812,2026-09-11T22:36:07.928373+00:00
802.0,37.11,40.85,38.6,1.0,7500,0.32532412963867186,put,2026-09-18,SPY,764.1799926757812,2026-09-11T22:36:07.928373+00:00
803.0,38.1,41.85,30.42,1.0,2,0.33075620422363283,put,2026-09-18,SPY,764.1799926757812,2026-09-11T22:36:07.928373+00:00
804.0,33.54,37.06,32.69,2.0,0,1.0000000000000003e-05,put,2026-09-18,SPY,764.1799926757812,2026-09-11T22:36:07.928373+00:00
805.0,40.1,43.84,40.0,2.0,11,0.3411931115722656,put,2026-09-18,SPY,764.1799926757812,2026-09-11T22:36:07.928373+00:00
806.0,41.1,44.84,48.54,2.0,4,0.3465031170654296,put,2026-09-18,SPY,764.1799926757812,2026-09-11T22:36:07.928373+00:00
807.0,42.1,45.84,45.13,1.0,2,0.3518131225585937,put,2026-09-18,SPY,764.1799926757812,2026-09-11T22:36:07.928373+00:00
808.0,43.1,46.84,43.25,2.0,0,0.35712312805175783,put,2026-09-18,SPY,764.1799926757812,2026-09-11T22:36:07.928373+00:00
809.0,38.51,42.03,35.9,,0,1.0000000000000003e-05,put,2026-09-18,SPY,764.1799926757812,2026-09-11T22:36:07.928373+00:00
810.0,45.1,48.84,45.55,1.0,1,0.3675600354003906,put,2026-09-18,SPY,764.1799926757812,2026-09-11T22:36:07.928373+00:00
811.0,46.09,49.84,40.63,1.0,0,0.3727479718017578,put,2026-09-18,SPY,764.1799926757812,2026-09-11T22:36:07.928373+00:00
812.0,47.09,50.84,41.0,,0,0.37793590820312495,put,2026-09-18,SPY,764.1799926757812,2026-09-11T22:36:07.928373+00:00
813.0,42.5,46.01,40.93,,0,1.0000000000000003e-05,put,2026-09-18,SPY,764.1799926757812,2026-09-11T22:36:07.928373+00:00
814.0,49.09,52.83,51.35,1.0,1,0.3878235046386719,put,2026-09-18,SPY,764.1799926757812,2026-09-11T22:36:07.928373+00:00
815.0,44.49,48.01,43.52,4.0,0,1.0000000000000003e-05,put,2026-09-18,SPY,764.1799926757812,2026-09-11T22:36:07.928373+00:00
816.0,45.49,49.0,45.23,,0,1.0000000000000003e-05,put,2026-09-18,SPY,764.1799926757812,2026-09-11T22:36:07.928373+00:00
817.0,46.48,50.0,46.16,,0,1.0000000000000003e-05,put,2026-09-18,SPY,764.1799926757812,2026-09-11T22:36:07.928373+00:00
818.0,53.09,56.83,50.7,1.0,0,0.40796490478515623,put,2026-09-18,SPY,764.1799926757812,2026-09-11T22:36:07.928373+00:00
819.0,48.48,52.0,47.05,,0,1.0000000000000003e-05,put,2026-09-18,SPY,764.1799926757812,2026-09-11T22:36:07.928373+00:00
820.0,55.08,58.83,42.17,5.0,0,0.41797457031249996,put,2026-09-18,SPY,764.1799926757812,2026-09-11T22:36:07.928373+00:00
821.0,56.08,59.83,48.38,1.0,0,0.4229183685302734,put,2026-09-18,SPY,764.1799926757812,2026-09-11T22:36:07.928373+00:00
823.0,58.08,61.82,56.49,,1,0.43231768859863284,put,2026-09-18,SPY,764.1799926757812,2026-09-11T22:36:07.928373+00:00
825.0,60.08,63.82,61.18,1.0,1,0.44208321594238287,put,2026-09-18,SPY,764.1799926757812,2026-09-11T22:36:07.928373+00:00
830.0,65.07,68.82,63.82,110.0,0,0.4660697924804688,put,2026-09-18,SPY,764.1799926757812,2026-09-11T22:36:07.928373+00:00
840.0,184.15,188.03,190.24,,0,3.091860180511474,put,2026-09-18,SPY,764.1799926757812,2026-09-11T22:36:07.928373+00:00
850.0,85.05,88.94,72.5,1.0,0,0.5634809277343751,put,2026-09-18,SPY,764.1799926757812,2026-09-11T22:36:07.928373+00:00
860.0,95.04,98.94,86.9,1.0,0,0.6073037316894532,put,2026-09-18,SPY,764.1799926757812,2026-09-11T22:36:07.928373+00:00
865.0,0.0,0.0,113.93,2.0,0,1.0000000000000003e-05,put,2026-09-18,SPY,764.1799926757812,2026-09-11T22:36:07.928373+00:00
870.0,114.14,116.94,139.9,,0,0.9100961138916015,put,2026-09-18,SPY,764.1799926757812,2026-09-11T22:36:07.928373+00:00
875.0,0.0,0.0,136.7,,0,1.0000000000000003e-05,put,2026-09-18,SPY,764.1799926757812,2026-09-11T22:36:07.928373+00:00
885.0,129.13,131.93,149.01,,0,0.9833375689697266,put,2026-09-18,SPY,764.1799926757812,2026-09-11T22:36:07.928373+00:00
895.0,130.01,133.96,130.3,1.0,1,0.6159706372070313,put,2026-09-18,SPY,764.1799926757812,2026-09-11T22:36:07.928373+00:00
900.0,134.97,138.98,135.27,1.0,6,0.6323278955078125,put,2026-09-18,SPY,764.1799926757812,2026-09-11T22:36:07.928373+00:00
905.0,140.01,143.98,140.31,1.0,1,0.6512486047363282,put,2026-09-18,SPY,764.1799926757812,2026-09-11T22:36:07.928373+00:00
910.0,145.0,148.93,145.3,,1,0.665286550292969,put,2026-09-18,SPY,764.1799926757812,2026-09-11T22:36:07.928373+00:00
915.0,149.96,153.92,150.28,,1,0.6794465649414063,put,2026-09-18,SPY,764.1799926757812,2026-09-11T22:36:07.928373+00:00
930.0,174.13,176.93,205.83,,0,1.1874430276489258,put,2026-09-18,SPY,764.1799926757812,2026-09-11T22:36:07.928373+00:00
940.0,186.45,189.56,201.8,2.0,0,1.3204990029907226,put,2026-09-18,SPY,764.1799926757812,2026-09-11T22:36:07.928373+00:00
945.0,0.0,0.0,192.34,1.0,0,1.0000000000000003e-05,put,2026-09-18,SPY,764.1799926757812,2026-09-11T22:36:07.928373+00:00
975.0,209.96,213.7,210.12,,1,0.8535170898437501,put,2026-09-18,SPY,764.1799926757812,2026-09-11T22:36:07.928373+00:00
980.0,214.95,218.7,215.11,,1,0.8674329663085938,put,2026-09-18,SPY,764.1799926757812,2026-09-11T22:36:07.928373+00:00
985.0,0.0,0.0,232.15,,0,1.0000000000000003e-05,put,2026-09-18,SPY,764.1799926757812,2026-09-11T22:36:07.928373+00:00
990.0,0.0,0.0,251.7,,0,1.0000000000000003e-05,put,2026-09-18,SPY,764.1799926757812,2026-09-11T22:36:07.928373+00:00
500.0,262.92,266.64,266.0,2.0,2,0.9291999267578125,call,2026-09-25,SPY,764.1799926757812,2026-09-11T22:36:07.928373+00:00
520.0,242.93,246.65,246.37,,4,0.8544936425781251,call,2026-09-25,SPY,764.1799926757812,2026-09-11T22:36:07.928373+00:00
550.0,212.96,216.67,213.25,1.0,1,0.7480493945312501,call,2026-09-25,SPY,764.1799926757812,2026-09-11T22:36:07.928373+00:00
555.0,207.96,211.67,210.83,,1,0.7299831689453125,call,2026-09-25,SPY,764.1799926757812,2026-09-11T22:36:07.928373+00:00
565.0,198.01,201.68,200.9,,2,0.6994658959960938,call,2026-09-25,SPY,764.1799926757812,2026-09-11T22:36:07.928373+00:00
570.0,192.96,196.68,195.81,,1,0.6770051831054689,call,2026-09-25,SPY,764.1799926757812,2026-09-11T22:36:07.928373+00:00
575.0,187.97,191.69,190.85,,1,0.6611362011718751,call,2026-09-25,SPY,764.1799926757812,2026-09-11T22:36:07.928373+00:00
580.0,182.98,186.69,185.89,,2,0.6442906665039063,call,2026-09-25,SPY,764.1799926757812,2026-09-11T22:36:07.928373+00:00
585.0,177.98,181.7,180.96,,2,0.6276892700195313,call,2026-09-25,SPY,764.1799926757812,2026-09-11T22:36:07.928373+00:00
590.0,172.99,176.7,175.9,2.0,2,0.6108437353515627,call,2026-09-25,SPY,764.1799926757812,2026-09-11T22:36:07.928373+00:00
595.0,167.99,171.71,170.9,,3,0.5942423388671876,call,2026-09-25,SPY,764.1799926757812,2026-09-11T22:36:07.928373+00:00
600.0,163.02,166.71,165.96,1.0,262,0.5793499096679688,call,2026-09-25,SPY,764.1799926757812,2026-09-11T22:36:07.928373+00:00
605.0,158.0,161.72,160.95,,2,0.561527822265625,call,2026-09-25,SPY,764.1799926757812,2026-09-11T22:36:07.928373+00:00
610.0,153.0,156.72,155.97,,2,0.5441940112304688,call,2026-09-25,SPY,764.1799926757812,2026-09-11T22:36:07.928373+00:00
615.0,148.0,151.73,143.43,2.0,5,0.5278367529296876,call,2026-09-25,SPY,764.1799926757812,2026-09-11T22:36:07.928373+00:00
620.0,143.01,146.74,146.02,,22,0.5122119091796875,call,2026-09-25,SPY,764.1799926757812,2026-09-11T22:36:07.928373+00:00
625.0,138.02,141.74,141.04,2.0,4,0.6466099792480469,call,2026-09-25,SPY,764.1799926757812,2026-09-11T22:36:07.928373+00:00
630.0,133.03,136.75,136.04,,2,0.6265906481933594,call,2026-09-25,SPY,764.1799926757812,2026-09-11T22:36:07.928373+00:00
640.0,123.05,126.76,127.25,3.0,768,0.5861247442626953,call,2026-09-25,SPY,764.1799926757812,2026-09-11T22:36:07.928373+00:00
645.0,118.05,121.77,122.24,1.0,0,0.5661664477539063,call,2026-09-25,SPY,764.1799926757812,2026-09-11T22:36:07.928373+00:00
650.0,113.05,116.78,118.11,1.0,4,0.5462691857910158,call,2026-09-25,SPY,764.1799926757812,2026-09-11T22:36:07.928373+00:00
655.0,108.06,111.79,116.43,,1,0.5264329583740235,call,2026-09-25,SPY,764.1799926757812,2026-09-11T22:36:07.928373+00:00
660.0,103.07,106.8,106.16,1.0,2,0.5065967309570312,call,2026-09-25,SPY,764.1799926757812,2026-09-11T22:36:07.928373+00:00
665.0,98.09,101.81,93.22,1.0,1,0.4866994689941406,call,2026-09-25,SPY,764.1799926757812,2026-09-11T22:36:07.928373+00:00
670.0,93.11,96.82,95.61,2.0,124,0.46680220703125,call,2026-09-25,SPY,764.1799926757812,2026-09-11T22:36:07.928373+00:00
675.0,88.11,91.83,92.45,1.0,4,0.446843910522461,call,2026-09-25,SPY,764.1799926757812,2026-09-11T22:36:07.928373+00:00
680.0,83.13,86.85,86.08,2.0,19,0.4272518212890626,call,2026-09-25,SPY,764.1799926757812,2026-09-11T22:36:07.928373+00:00
685.0,78.15,81.86,81.13,3.0,12,0.407232490234375,call,2026-09-25,SPY,764.1799926757812,2026-09-11T22:36:07.928373+00:00
690.0,73.17,76.88,75.65,1.0,44,0.38757936645507807,call,2026-09-25,SPY,764.1799926757812,2026-09-11T22:36:07.928373+00:00
695.0,68.23,71.91,64.82,83.0,74,0.3681093463134766,call,2026-09-25,SPY,764.1799926757812,2026-09-11T22:36:07.928373+00:00
700.0,63.24,66.94,65.63,1.0,242,0.3485172570800781,call,2026-09-25,SPY,764.1799926757812,2026-09-11T22:36:07.928373+00:00
705.0,58.35,61.97,61.17,1.0,122,0.32874206420898433,call,2026-09-25,SPY,764.1799926757812,2026-09-11T22:36:07.928373+00:00
710.0,53.4,57.02,56.33,2.0,534,0.30939411315917964,call,2026-09-25,SPY,764.1799926757812,2026-09-11T22:36:07.928373+00:00
715.0,48.47,52.08,51.12,4.0,1070,0.29004616210937495,call,2026-09-25,SPY,764.1799926757812,2026-09-11T22:36:07.928373+00:00
720.0,43.56,46.87,46.62,20.0,78,0.26197027099609377,call,2026-09-25,SPY,764.1799926757812,2026-09-11T22:36:07.928373+00:00
721.0,42.58,45.17,45.7,2.0,9,0.23462679443359374,call,2026-09-25,SPY,764.1799926757812,2026-09-11T22:36:07.928373+00:00
722.0,41.58,44.92,42.78,2.0,4,0.2549512982177735,call,2026-09-25,SPY,764.1799926757812,2026-09-11T22:36:07.928373+00:00
723.0,40.63,43.94,40.76,41.0,108,0.2512587081909179,call,2026-09-25,SPY,764.1799926757812,2026-09-11T22:36:07.928373+00:00
724.0,39.66,42.97,36.61,2.0,25,0.24781025634765624,call,2026-09-25,SPY,764.1799926757812,2026-09-11T22:36:07.928373+00:00
725.0,38.67,41.99,41.2,6.0,54,0.24405663177490233,call,2026-09-25,SPY,764.1799926757812,2026-09-11T22:36:07.928373+00:00
726.0,37.7,41.02,39.28,2.0,84,0.24054714538574218,call,2026-09-25,SPY,764.1799926757812,2026-09-11T22:36:07.928373+00:00
727.0,36.75,40.05,34.15,10.0,10,0.2370071417236328,call,2026-09-25,SPY,764.1799926757812,2026-09-11T22:36:07.928373+00:00
728.0,35.78,39.09,37.52,1.0,23,0.23371127624511717,call,2026-09-25,SPY,764.1799926757812,2026-09-11T22:36:07.928373+00:00
730.0,33.86,37.17,31.02,3.0,84,0.22699747619628902,call,2026-09-25,SPY,764.1799926757812,2026-09-11T22:36:07.928373+00:00
731.0,32.9,36.21,29.65,1.0,1,0.22357954162597654,call,2026-09-25,SPY,764.1799926757812,2026-09-11T22:36:07.928373+00:00
732.0,31.95,35.26,37.43,2.0,2,0.22040574523925777,call,2026-09-25,SPY,764.1799926757812,2026-09-11T22:36:07.928373+00:00
733.0,31.01,34.3,33.23,1.0,2,0.21686574157714844,call,2026-09-25,SPY,764.1799926757812,2026-09-11T22:36:07.928373+00:00
735.0,29.01,32.41,25.75,18.0,66,0.2104571142578125,call,2026-09-25,SPY,764.1799926757812,2026-09-11T22:36:07.928373+00:00
737.0,27.17,30.53,24.4,1.0,21,0.2039874523925781,call,2026-09-25,SPY,764.1799926757812,2026-09-11T22:36:07.928373+00:00
738.0,26.26,29.6,24.31,4.0,10,0.20093572509765623,call,2026-09-25,SPY,764.1799926757812,2026-09-11T22:36:07.928373+00:00
740.0,24.45,27.75,28.45,15.0,51,0.19477123596191404,call,2026-09-25,SPY,764.1799926757812,2026-09-11T22:36:07.928373+00:00
741.0,23.5,26.33,24.15,17.0,10,0.1801839794921875,call,2026-09-25,SPY,764.1799926757812,2026-09-11T22:36:07.928373+00:00
742.0,22.59,25.42,20.04,8.0,18,0.1774374249267578,call,2026-09-25,SPY,764.1799926757812,2026-09-11T22:36:07.928373+00:00
743.0,21.7,24.51,19.47,3.0,12,0.1746298358154297,call,2026-09-25,SPY,764.1799926757812,2026-09-11T22:36:07.928373+00:00
744.0,20.81,23.61,18.14,4.0,185,0.17191379852294925,call,2026-09-25,SPY,764.1799926757812,2026-09-11T22:36:07.928373+00:00
745.0,19.93,22.72,21.23,4.0,31,0.16931983032226564,call,2026-09-25,SPY,764.1799926757812,2026-09-11T22:36:07.928373+00:00
746.0,19.07,21.83,16.99,1.0,176,0.166573275756836,call,2026-09-25,SPY,764.1799926757812,2026-09-11T22:36:07.928373+00:00
747.0,18.2,20.96,19.84,1.0,57,0.16413189392089844,call,2026-09-25,SPY,764.1799926757812,2026-09-11T22:36:07.928373+00:00
748.0,17.34,20.08,18.78,37.0,88,0.1613548220825195,call,2026-09-25,SPY,764.1799926757812,2026-09-11T22:36:07.928373+00:00
749.0,16.49,18.24,17.83,49.0,23,0.1387720401000977,call,2026-09-25,SPY,764.1799926757812,2026-09-11T22:36:07.928373+00:00
750.0,15.84,18.24,17.34,218.0,327,0.1538170556640625,call,2026-09-25,SPY,764.1799926757812,2026-09-11T22:36:07.928373+00:00
751.0,14.98,17.3,17.11,4.0,16,0.14948360290527346,call,2026-09-25,SPY,764.1799926757812,2026-09-11T22:36:07.928373+00:00
752.0,14.17,16.66,16.1,25.0,138,0.15073481109619147,call,2026-09-25,SPY,764.1799926757812,2026-09-11T22:36:07.928373+00:00
753.0,13.42,15.62,12.56,4.0,58,0.144265149230957,call,2026-09-25,SPY,764.1799926757812,2026-09-11T22:36:07.928373+00:00
754.0,13.65,13.94,14.44,324.0,45,0.12586323364257812,call,2026-09-25,SPY,764.1799926757812,2026-09-11T22:36:07.928373+00:00
755.0,12.52,13.13,13.62,515.0,511,0.12366598999023437,call,2026-09-25,SPY,764.1799926757812,2026-09-11T22:36:07.928373+00:00
756.0,12.16,12.4,12.99,310.0,147,0.12262840270996095,call,2026-09-25,SPY,764.1799926757812,2026-09-11T22:36:07.928373+00:00
757.0,11.04,11.63,11.71,550.0,165,0.1206142626953125,call,2026-09-25,SPY,764.1799926757812,2026-09-11T22:36:07.928373+00:00
758.0,10.67,10.89,11.21,140.0,407,0.11887477813720701,call,2026-09-25,SPY,764.1799926757812,2026-09-11T22:36:07.928373+00:00
759.0,9.96,10.16,10.45,202.0,306,0.11698270721435547,call,2026-09-25,SPY,764.1799926757812,2026-09-11T22:36:07.928373+00:00
760.0,9.28,9.45,9.3,395.0,794,0.11515167083740235,call,2026-09-25,SPY,764.1799926757812,2026-09-11T22:36:07.928373+00:00
761.0,8.61,8.79,8.63,155.0,551,0.11383942810058593,call,2026-09-25,SPY,764.1799926757812,2026-09-11T22:36:07.928373+00:00
762.0,7.97,8.03,8.05,183.0,814,0.11054356262207031,call,2026-09-25,SPY,764.1799926757812,2026-09-11T22:36:07.928373+00:00
763.0,7.34,7.4,7.5,291.0,521,0.10904821624755859,call,2026-09-25,SPY,764.1799926757812,2026-09-11T22:36:07.928373+00:00
764.0,6.74,6.8,6.85,355.0,425,0.10764442169189453,call,2026-09-25,SPY,764.1799926757812,2026-09-11T22:36:07.928373+00:00
765.0,6.17,6.22,6.18,2328.0,1862,0.10621010986328125,call,2026-09-25,SPY,764.1799926757812,2026-09-11T22:36:07.928373+00:00
766.0,5.62,5.67,5.66,835.0,1969,0.10483683258056639,call,2026-09-25,SPY,764.1799926757812,2026-09-11T22:36:07.928373+00:00
767.0,5.1,5.15,5.08,643.0,2056,0.10355510711669921,call,2026-09-25,SPY,764.1799926757812,2026-09-11T22:36:07.928373+00:00
768.0,4.6,4.65,4.66,679.0,2186,0.10218182983398436,call,2026-09-25,SPY,764.1799926757812,2026-09-11T22:36:07.928373+00:00
769.0,4.14,4.19,4.13,751.0,679,0.10102217346191406,call,2026-09-25,SPY,764.1799926757812,2026-09-11T22:36:07.928373+00:00
770.0,3.7,3.75,3.72,3971.0,4460,0.0997709652709961,call,2026-09-25,SPY,764.1799926757812,2026-09-11T22:36:07.928373+00:00
771.0,3.3,3.34,3.29,342.0,817,0.09855027435302735,call,2026-09-25,SPY,764.1799926757812,2026-09-11T22:36:07.928373+00:00
772.0,2.92,2.96,2.94,636.0,2132,0.09736010070800781,call,2026-09-25,SPY,764.1799926757812,2026-09-11T22:36:07.928373+00:00
773.0,2.57,2.61,2.59,378.0,1007,0.09623096160888672,call,2026-09-25,SPY,764.1799926757812,2026-09-11T22:36:07.928373+00:00
774.0,2.26,2.3,2.25,5221.0,1785,0.0953764779663086,call,2026-09-25,SPY,764.1799926757812,2026-09-11T22:36:07.928373+00:00
775.0,1.97,2.0,1.98,1243.0,1878,0.09418630432128906,call,2026-09-25,SPY,764.1799926757812,2026-09-11T22:36:07.928373+00:00
776.0,1.72,1.74,1.71,751.0,674,0.09333182067871094,call,2026-09-25,SPY,764.1799926757812,2026-09-11T22:36:07.928373+00:00
777.0,1.48,1.51,1.5,726.0,756,0.09256888885498046,call,2026-09-25,SPY,764.1799926757812,2026-09-11T22:36:07.928373+00:00
778.0,1.27,1.3,1.29,501.0,1070,0.09174492248535156,call,2026-09-25,SPY,764.1799926757812,2026-09-11T22:36:07.928373+00:00
779.0,1.09,1.11,1.08,645.0,862,0.09092095611572265,call,2026-09-25,SPY,764.1799926757812,2026-09-11T22:36:07.928373+00:00
780.0,0.93,0.95,0.93,6424.0,4374,0.0903411279296875,call,2026-09-25,SPY,764.1799926757812,2026-09-11T22:36:07.928373+00:00
781.0,0.79,0.81,0.78,525.0,861,0.0898528515625,call,2026-09-25,SPY,764.1799926757812,2026-09-11T22:36:07.928373+00:00
782.0,0.67,0.69,0.68,472.0,626,0.08942560974121094,call,2026-09-25,SPY,764.1799926757812,2026-09-11T22:36:07.928373+00:00
783.0,0.56,0.58,0.58,784.0,605,0.088876298828125,call,2026-09-25,SPY,764.1799926757812,2026-09-11T22:36:07.928373+00:00
784.0,0.48,0.49,0.48,433.0,893,0.08857112609863281,call,2026-09-25,SPY,764.1799926757812,2026-09-11T22:36:07.928373+00:00
785.0,0.4,0.41,0.39,23150.0,3952,0.08814388427734376,call,2026-09-25,SPY,764.1799926757812,2026-09-11T22:36:07.928373+00:00
786.0,0.34,0.35,0.34,4947.0,542,0.08826595336914064,call,2026-09-25,SPY,764.1799926757812,2026-09-11T22:36:07.928373+00:00
787.0,0.29,0.3,0.28,681.0,1075,0.08851009155273437,call,2026-09-25,SPY,764.1799926757812,2026-09-11T22:36:07.928373+00:00
788.0,0.25,0.26,0.24,290.0,829,0.08899836791992188,call,2026-09-25,SPY,764.1799926757812,2026-09-11T22:36:07.928373+00:00
789.0,0.21,0.22,0.23,784.0,479,0.08912043701171876,call,2026-09-25,SPY,764.1799926757812,2026-09-11T22:36:07.928373+00:00
790.0,0.18,0.19,0.18,10997.0,1202,0.08948664428710937,call,2026-09-25,SPY,764.1799926757812,2026-09-11T22:36:07.928373+00:00
791.0,0.16,0.17,0.16,166.0,1261,0.09058526611328124,call,2026-09-25,SPY,764.1799926757812,2026-09-11T22:36:07.928373+00:00
792.0,0.14,0.15,0.14,374.0,958,0.0913176806640625,call,2026-09-25,SPY,764.1799926757812,2026-09-11T22:36:07.928373+00:00
793.0,0.12,0.13,0.13,249.0,1036,0.09180595703125,call,2026-09-25,SPY,764.1799926757812,2026-09-11T22:36:07.928373+00:00
794.0,0.1,0.11,0.11,30.0,729,0.09205009521484375,call,2026-09-25,SPY,764.1799926757812,2026-09-11T22:36:07.928373+00:00
795.0,0.09,0.1,0.09,1977.0,1084,0.0932707861328125,call,2026-09-25,SPY,764.1799926757812,2026-09-11T22:36:07.928373+00:00
796.0,0.08,0.09,0.11,480.0,951,0.0942473388671875,call,2026-09-25,SPY,764.1799926757812,2026-09-11T22:36:07.928373+00:00
797.0,0.08,0.09,0.09,255.0,673,0.09668872070312501,call,2026-09-25,SPY,764.1799926757812,2026-09-11T22:36:07.928373+00:00
798.0,0.07,0.08,0.08,2004.0,541,0.0976652734375,call,2026-09-25,SPY,764.1799926757812,2026-09-11T22:36:07.928373+00:00
799.0,0.07,0.08,0.08,74.0,359,0.1001066552734375,call,2026-09-25,SPY,764.1799926757812,2026-09-11T22:36:07.928373+00:00
800.0,0.06,0.07,0.06,389.0,4788,0.100594931640625,call,2026-09-25,SPY,764.1799926757812,2026-09-11T22:36:07.928373+00:00
801.0,0.06,0.07,0.08,46.0,529,0.10303631347656249,call,2026-09-25,SPY,764.1799926757812,2026-09-11T22:36:07.928373+00:00
802.0,0.05,0.06,0.1,10.0,183,0.10328045166015623,call,2026-09-25,SPY,764.1799926757812,2026-09-11T22:36:07.928373+00:00
803.0,0.05,0.06,0.07,3.0,604,0.1054776953125,call,2026-09-25,SPY,764.1799926757812,2026-09-11T22:36:07.928373+00:00
804.0,0.05,0.06,0.07,4.0,599,0.1079190771484375,call,2026-09-25,SPY,764.1799926757812,2026-09-11T22:36:07.928373+00:00
805.0,0.05,0.06,0.05,88.0,1630,0.11036045898437499,call,2026-09-25,SPY,764.1799926757812,2026-09-11T22:36:07.928373+00:00
806.0,0.04,0.05,0.06,24.0,297,0.1098721826171875,call,2026-09-25,SPY,764.1799926757812,2026-09-11T22:36:07.928373+00:00
807.0,0.04,0.05,0.06,3.0,141,0.11231356445312499,call,2026-09-25,SPY,764.1799926757812,2026-09-11T22:36:07.928373+00:00
808.0,0.04,0.05,0.05,1.0,479,0.11426666992187501,call,2026-09-25,SPY,764.1799926757812,2026-09-11T22:36:07.928373+00:00
809.0,0.04,0.05,0.04,425.0,1344,0.1167080517578125,call,2026-09-25,SPY,764.1799926757812,2026-09-11T22:36:07.928373+00:00
810.0,0.04,0.05,0.04,12.0,605,0.11914943359374999,call,2026-09-25,SPY,764.1799926757812,2026-09-11T22:36:07.928373+00:00
811.0,0.04,0.05,0.03,1.0,104,0.1211025390625,call,2026-09-25,SPY,764.1799926757812,2026-09-11T22:36:07.928373+00:00
812.0,0.03,0.04,0.04,1.0,103,0.12012598632812499,call,2026-09-25,SPY,764.1799926757812,2026-09-11T22:36:07.928373+00:00
813.0,0.03,0.04,0.03,36.0,480,0.12207909179687501,call,2026-09-25,SPY,764.1799926757812,2026-09-11T22:36:07.928373+00:00
814.0,0.03,0.04,0.04,2.0,177,0.124032197265625,call,2026-09-25,SPY,764.1799926757812,2026-09-11T22:36:07.928373+00:00
815.0,0.03,0.04,0.05,12.0,879,0.12647357910156248,call,2026-09-25,SPY,764.1799926757812,2026-09-11T22:36:07.928373+00:00
816.0,0.03,0.04,0.03,2.0,386,0.1289149609375,call,2026-09-25,SPY,764.1799926757812,2026-09-11T22:36:07.928373+00:00
817.0,0.03,0.04,0.05,20.0,110,0.13086806640624998,call,2026-09-25,SPY,764.1799926757812,2026-09-11T22:36:07.928373+00:00
818.0,0.03,0.04,0.05,1.0,193,0.132821171875,call,2026-09-25,SPY,764.1799926757812,2026-09-11T22:36:07.928373+00:00
819.0,0.03,0.04,0.03,5.0,417,0.13477427734375003,call,2026-09-25,SPY,764.1799926757812,2026-09-11T22:36:07.928373+00:00
820.0,0.02,0.03,0.03,2.0,336,0.132821171875,call,2026-09-25,SPY,764.1799926757812,2026-09-11T22:36:07.928373+00:00
821.0,0.02,0.03,0.03,1.0,435,0.13477427734375003,call,2026-09-25,SPY,764.1799926757812,2026-09-11T22:36:07.928373+00:00
822.0,0.02,0.03,0.04,1.0,108,0.13672738281250002,call,2026-09-25,SPY,764.1799926757812,2026-09-11T22:36:07.928373+00:00
823.0,0.02,0.03,0.03,5.0,318,0.13868048828125001,call,2026-09-25,SPY,764.1799926757812,2026-09-11T22:36:07.928373+00:00
824.0,0.02,0.03,0.06,1.0,24,0.14063359375,call,2026-09-25,SPY,764.1799926757812,2026-09-11T22:36:07.928373+00:00
825.0,0.02,0.03,0.02,7.0,2106,0.14258669921875,call,2026-09-25,SPY,764.1799926757812,2026-09-11T22:36:07.928373+00:00
830.0,0.02,0.03,0.03,1.0,286,0.15332877929687502,call,2026-09-25,SPY,764.1799926757812,2026-09-11T22:36:07.928373+00:00
835.0,0.01,0.02,0.03,2.0,273,0.1562584375,call,2026-09-25,SPY,764.1799926757812,2026-09-11T22:36:07.928373+00:00
840.0,0.01,0.02,0.02,10.0,62,0.16602396484375004,call,2026-09-25,SPY,764.1799926757812,2026-09-11T22:36:07.928373+00:00
845.0,0.01,0.02,0.02,1.0,394,0.1757894921875,call,2026-09-25,SPY,764.1799926757812,2026-09-11T22:36:07.928373+00:00
850.0,0.01,0.02,0.01,1.0,130,0.18457846679687498,call,2026-09-25,SPY,764.1799926757812,2026-09-11T22:36:07.928373+00:00
855.0,0.01,0.02,0.02,1.0,203,0.19336744140625,call,2026-09-25,SPY,764.1799926757812,2026-09-11T22:36:07.928373+00:00
860.0,0.0,0.01,0.02,25.0,94,0.1914143359375,call,2026-09-25,SPY,764.1799926757812,2026-09-11T22:36:07.928373+00:00
865.0,0.0,0.01,0.01,1.0,59,0.1992267578125,call,2026-09-25,SPY,764.1799926757812,2026-09-11T22:36:07.928373+00:00
870.0,0.0,0.01,0.01,192.0,53,0.20703917968749996,call,2026-09-25,SPY,764.1799926757812,2026-09-11T22:36:07.928373+00:00
875.0,0.0,0.01,0.02,1.0,12,0.2148516015625,call,2026-09-25,SPY,764.1799926757812,2026-09-11T22:36:07.928373+00:00
880.0,0.0,0.01,0.03,5.0,29,0.22266402343749997,call,2026-09-25,SPY,764.1799926757812,2026-09-11T22:36:07.928373+00:00
885.0,0.0,0.01,0.03,1.0,3,0.23438265625,call,2026-09-25,SPY,764.1799926757812,2026-09-11T22:36:07.928373+00:00
890.0,0.0,0.01,0.01,3.0,6,0.242195078125,call,2026-09-25,SPY,764.1799926757812,2026-09-11T22:36:07.928373+00:00
895.0,0.0,0.01,0.02,1520.0,2755,0.2500075,call,2026-09-25,SPY,764.1799926757812,2026-09-11T22:36:07.928373+00:00
900.0,0.0,0.01,0.01,1480.0,2688,0.257819921875,call,2026-09-25,SPY,764.1799926757812,2026-09-11T22:36:07.928373+00:00
910.0,0.0,0.01,0.04,,10,0.273444765625,call,2026-09-25,SPY,764.1799926757812,2026-09-11T22:36:07.928373+00:00
915.0,0.0,0.01,0.01,40.0,32,0.28125718749999995,call,2026-09-25,SPY,764.1799926757812,2026-09-11T22:36:07.928373+00:00
920.0,0.0,0.01,0.03,,30,0.2890696093749999,call,2026-09-25,SPY,764.1799926757812,2026-09-11T22:36:07.928373+00:00
925.0,0.0,0.01,0.01,1.0,2,0.29688203124999996,call,2026-09-25,SPY,764.1799926757812,2026-09-11T22:36:07.928373+00:00
930.0,0.0,0.01,0.01,1.0,2,0.304694453125,call,2026-09-25,SPY,764.1799926757812,2026-09-11T22:36:07.928373+00:00
500.0,0.02,0.03,0.02,169.0,1977,0.6796907031250001,put,2026-09-25,SPY,764.1799926757812,2026-09-11T22:36:07.928373+00:00
505.0,0.02,0.03,0.02,100.0,756,0.6640658593750002,put,2026-09-25,SPY,764.1799926757812,2026-09-11T22:36:07.928373+00:00
510.0,0.03,0.04,0.03,63.0,228,0.6699251757812501,put,2026-09-25,SPY,764.1799926757812,2026-09-11T22:36:07.928373+00:00
515.0,0.03,0.04,0.03,20.0,12,0.6562534375000001,put,2026-09-25,SPY,764.1799926757812,2026-09-11T22:36:07.928373+00:00
520.0,0.03,0.04,0.02,9.0,97,0.64062859375,put,2026-09-25,SPY,764.1799926757812,2026-09-11T22:36:07.928373+00:00
525.0,0.03,0.04,0.03,8.0,99,0.6250037500000001,put,2026-09-25,SPY,764.1799926757812,2026-09-11T22:36:07.928373+00:00
530.0,0.03,0.04,0.04,18110.0,49,0.6093789062500001,put,2026-09-25,SPY,764.1799926757812,2026-09-11T22:36:07.928373+00:00
535.0,0.04,0.05,0.03,77.0,18,0.6093789062500001,put,2026-09-25,SPY,764.1799926757812,2026-09-11T22:36:07.928373+00:00
540.0,0.04,0.05,0.05,2.0,35,0.59570716796875,put,2026-09-25,SPY,764.1799926757812,2026-09-11T22:36:07.928373+00:00
545.0,0.04,0.05,0.07,64.0,113,0.5800823242187501,put,2026-09-25,SPY,764.1799926757812,2026-09-11T22:36:07.928373+00:00
550.0,0.04,0.05,0.07,28.0,232,0.5664105859375,put,2026-09-25,SPY,764.1799926757812,2026-09-11T22:36:07.928373+00:00
555.0,0.05,0.06,0.08,1.0,126,0.5625043750000001,put,2026-09-25,SPY,764.1799926757812,2026-09-11T22:36:07.928373+00:00
560.0,0.05,0.06,0.05,1021.0,32,0.5468795312500001,put,2026-09-25,SPY,764.1799926757812,2026-09-11T22:36:07.928373+00:00
565.0,0.06,0.07,0.07,1.0,5,0.5419967675781252,put,2026-09-25,SPY,764.1799926757812,2026-09-11T22:36:07.928373+00:00
570.0,0.06,0.07,0.04,2.0,89,0.5273484765625001,put,2026-09-25,SPY,764.1799926757812,2026-09-11T22:36:07.928373+00:00
575.0,0.07,0.08,0.08,12.0,121,0.5205126074218749,put,2026-09-25,SPY,764.1799926757812,2026-09-11T22:36:07.928373+00:00
580.0,0.07,0.08,0.09,26.0,171,0.50586431640625,put,2026-09-25,SPY,764.1799926757812,2026-09-11T22:36:07.928373+00:00
585.0,0.08,0.09,0.06,12.0,51,0.5009815527343751,put,2026-09-25,SPY,764.1799926757812,2026-09-11T22:36:07.928373+00:00
590.0,0.09,0.1,0.07,74.0,314,0.49219257812500006,put,2026-09-25,SPY,764.1799926757812,2026-09-11T22:36:07.928373+00:00
595.0,0.09,0.1,0.09,16.0,13,0.477544287109375,put,2026-09-25,SPY,764.1799926757812,2026-09-11T22:36:07.928373+00:00
600.0,0.1,0.11,0.07,43.0,586,0.467778759765625,put,2026-09-25,SPY,764.1799926757812,2026-09-11T22:36:07.928373+00:00
605.0,0.11,0.12,0.1,42.0,67,0.4580132324218751,put,2026-09-25,SPY,764.1799926757812,2026-09-11T22:36:07.928373+00:00
610.0,0.12,0.13,0.11,240.0,109,0.44727115234375,put,2026-09-25,SPY,764.1799926757812,2026-09-11T22:36:07.928373+00:00
615.0,0.13,0.14,0.12,2.0,809,0.436529072265625,put,2026-09-25,SPY,764.1799926757812,2026-09-11T22:36:07.928373+00:00
620.0,0.13,0.14,0.14,639.0,475,0.42236905761718746,put,2026-09-25,SPY,764.1799926757812,2026-09-11T22:36:07.928373+00:00
625.0,0.14,0.15,0.14,291.0,427,0.411138701171875,put,2026-09-25,SPY,764.1799926757812,2026-09-11T22:36:07.928373+00:00
630.0,0.15,0.16,0.14,577.0,154,0.39942006835937505,put,2026-09-25,SPY,764.1799926757812,2026-09-11T22:36:07.928373+00:00
635.0,0.16,0.17,0.16,1207.0,43,0.3881897119140625,put,2026-09-25,SPY,764.1799926757812,2026-09-11T22:36:07.928373+00:00
640.0,0.17,0.18,0.16,12.0,139,0.375982802734375,put,2026-09-25,SPY,764.1799926757812,2026-09-11T22:36:07.928373+00:00
645.0,0.18,0.19,0.13,9.0,212,0.36426416992187505,put,2026-09-25,SPY,764.1799926757812,2026-09-11T22:36:07.928373+00:00
650.0,0.19,0.2,0.19,428.0,325,0.35156898437499995,put,2026-09-25,SPY,764.1799926757812,2026-09-11T22:36:07.928373+00:00
655.0,0.21,0.22,0.2,604.0,666,0.3413151806640625,put,2026-09-25,SPY,764.1799926757812,2026-09-11T22:36:07.928373+00:00
660.0,0.22,0.23,0.23,14.0,467,0.3286199951171874,put,2026-09-25,SPY,764.1799926757812,2026-09-11T22:36:07.928373+00:00
665.0,0.24,0.25,0.24,83.0,1388,0.31763377685546873,put,2026-09-25,SPY,764.1799926757812,2026-09-11T22:36:07.928373+00:00
670.0,0.25,0.26,0.25,283.0,1090,0.30445031494140623,put,2026-09-25,SPY,764.1799926757812,2026-09-11T22:36:07.928373+00:00
675.0,0.27,0.28,0.27,103.0,1281,0.29273168212890616,put,2026-09-25,SPY,764.1799926757812,2026-09-11T22:36:07.928373+00:00
680.0,0.29,0.3,0.23,11.0,1101,0.2805247729492187,put,2026-09-25,SPY,764.1799926757812,2026-09-11T22:36:07.928373+00:00
685.0,0.32,0.33,0.33,42.0,2016,0.26929441650390623,put,2026-09-25,SPY,764.1799926757812,2026-09-11T22:36:07.928373+00:00
690.0,0.35,0.36,0.37,410.0,1172,0.25757578369140627,put,2026-09-25,SPY,764.1799926757812,2026-09-11T22:36:07.928373+00:00
695.0,0.39,0.4,0.39,1059.0,3274,0.24634542724609376,put,2026-09-25,SPY,764.1799926757812,2026-09-11T22:36:07.928373+00:00
700.0,0.44,0.45,0.45,508.0,1891,0.2356033471679687,put,2026-09-25,SPY,764.1799926757812,2026-09-11T22:36:07.928373+00:00
705.0,0.49,0.5,0.49,140.0,1922,0.2238847143554687,put,2026-09-25,SPY,764.1799926757812,2026-09-11T22:36:07.928373+00:00
710.0,0.57,0.58,0.58,92.0,3535,0.2135088415527344,put,2026-09-25,SPY,764.1799926757812,2026-09-11T22:36:07.928373+00:00
715.0,0.66,0.67,0.66,186.0,3470,0.20276676147460934,put,2026-09-25,SPY,764.1799926757812,2026-09-11T22:36:07.928373+00:00
720.0,0.79,0.8,0.81,752.0,2479,0.1928791650390625,put,2026-09-25,SPY,764.1799926757812,2026-09-11T22:36:07.928373+00:00
721.0,0.82,0.83,0.8,111.0,232,0.1909260595703125,put,2026-09-25,SPY,764.1799926757812,2026-09-11T22:36:07.928373+00:00
722.0,0.86,0.87,0.88,286.0,433,0.18946123046875002,put,2026-09-25,SPY,764.1799926757812,2026-09-11T22:36:07.928373+00:00
723.0,0.89,0.9,0.91,269.0,342,0.18726398681640627,put,2026-09-25,SPY,764.1799926757812,2026-09-11T22:36:07.928373+00:00
724.0,0.92,0.93,0.85,17.0,751,0.18512777770996092,put,2026-09-25,SPY,764.1799926757812,2026-09-11T22:36:07.928373+00:00
725.0,0.96,0.97,0.96,1305.0,2477,0.18335777587890623,put,2026-09-25,SPY,764.1799926757812,2026-09-11T22:36:07.928373+00:00
726.0,1.01,1.02,1.02,523.0,451,0.18189294677734374,put,2026-09-25,SPY,764.1799926757812,2026-09-11T22:36:07.928373+00:00
727.0,1.04,1.06,1.02,307.0,1488,0.1798788067626953,put,2026-09-25,SPY,764.1799926757812,2026-09-11T22:36:07.928373+00:00
728.0,1.09,1.11,1.1,780.0,478,0.1782308740234375,put,2026-09-25,SPY,764.1799926757812,2026-09-11T22:36:07.928373+00:00
729.0,1.14,1.16,1.15,1635.0,966,0.1763998376464844,put,2026-09-25,SPY,764.1799926757812,2026-09-11T22:36:07.928373+00:00
730.0,1.19,1.21,1.21,1224.0,2423,0.17456880126953128,put,2026-09-25,SPY,764.1799926757812,2026-09-11T22:36:07.928373+00:00
731.0,1.25,1.27,1.23,128.0,281,0.17292086853027344,put,2026-09-25,SPY,764.1799926757812,2026-09-11T22:36:07.928373+00:00
732.0,1.3,1.32,1.33,784.0,699,0.1708456939697266,put,2026-09-25,SPY,764.1799926757812,2026-09-11T22:36:07.928373+00:00
733.0,1.36,1.39,1.29,39.0,555,0.16938086486816406,put,2026-09-25,SPY,764.1799926757812,2026-09-11T22:36:07.928373+00:00
734.0,1.43,1.45,1.47,186.0,345,0.16736672485351564,put,2026-09-25,SPY,764.1799926757812,2026-09-11T22:36:07.928373+00:00
735.0,1.5,1.52,1.53,810.0,1491,0.1656577575683594,put,2026-09-25,SPY,764.1799926757812,2026-09-11T22:36:07.928373+00:00
736.0,1.57,1.59,1.57,97.0,1247,0.16376568664550784,put,2026-09-25,SPY,764.1799926757812,2026-09-11T22:36:07.928373+00:00
737.0,1.65,1.67,1.68,164.0,368,0.16211775390625,put,2026-09-25,SPY,764.1799926757812,2026-09-11T22:36:07.928373+00:00
738.0,1.73,1.76,1.8,329.0,843,0.16056137298583983,put,2026-09-25,SPY,764.1799926757812,2026-09-11T22:36:07.928373+00:00
739.0,1.82,1.84,1.81,548.0,1769,0.15857775024414064,put,2026-09-25,SPY,764.1799926757812,2026-09-11T22:36:07.928373+00:00
740.0,1.92,1.94,1.92,26498.0,3316,0.1570518865966797,put,2026-09-25,SPY,764.1799926757812,2026-09-11T22:36:07.928373+00:00
741.0,2.01,2.04,2.03,195.0,1277,0.15534291931152344,put,2026-09-25,SPY,764.1799926757812,2026-09-11T22:36:07.928373+00:00
742.0,2.12,2.14,2.19,342.0,1037,0.15351188293457033,put,2026-09-25,SPY,764.1799926757812,2026-09-11T22:36:07.928373+00:00
743.0,2.23,2.26,2.32,131.0,2137,0.1519860192871094,put,2026-09-25,SPY,764.1799926757812,2026-09-11T22:36:07.928373+00:00
744.0,2.35,2.38,2.36,234.0,780,0.15033808654785158,put,2026-09-25,SPY,764.1799926757812,2026-09-11T22:36:07.928373+00:00
745.0,2.47,2.5,2.51,2014.0,15927,0.1484765328979492,put,2026-09-25,SPY,764.1799926757812,2026-09-11T22:36:07.928373+00:00
746.0,2.61,2.64,2.62,431.0,2187,0.14692015197753905,put,2026-09-25,SPY,764.1799926757812,2026-09-11T22:36:07.928373+00:00
747.0,2.75,2.78,2.8,181.0,625,0.14518066741943358,put,2026-09-25,SPY,764.1799926757812,2026-09-11T22:36:07.928373+00:00
748.0,2.91,2.94,2.96,298.0,852,0.14368532104492188,put,2026-09-25,SPY,764.1799926757812,2026-09-11T22:36:07.928373+00:00
749.0,3.07,3.1,3.08,393.0,1001,0.1419763537597656,put,2026-09-25,SPY,764.1799926757812,2026-09-11T22:36:07.928373+00:00
750.0,3.23,3.27,3.26,3469.0,13086,0.14029790374755857,put,2026-09-25,SPY,764.1799926757812,2026-09-11T22:36:07.928373+00:00
751.0,3.42,3.46,3.57,1552.0,1157,0.1388025573730469,put,2026-09-25,SPY,764.1799926757812,2026-09-11T22:36:07.928373+00:00
752.0,3.61,3.66,3.61,1257.0,1911,0.13727669372558599,put,2026-09-25,SPY,764.1799926757812,2026-09-11T22:36:07.928373+00:00
753.0,3.82,3.86,3.83,128.0,582,0.13553720916748052,put,2026-09-25,SPY,764.1799926757812,2026-09-11T22:36:07.928373+00:00
754.0,4.04,4.09,4.03,249.0,682,0.1341028973388672,put,2026-09-25,SPY,764.1799926757812,2026-09-11T22:36:07.928373+00:00
755.0,4.28,4.32,4.27,1227.0,1416,0.1324549645996094,put,2026-09-25,SPY,764.1799926757812,2026-09-11T22:36:07.928373+00:00
756.0,4.53,4.58,4.47,203.0,679,0.1310511700439453,put,2026-09-25,SPY,764.1799926757812,2026-09-11T22:36:07.928373+00:00
757.0,4.79,4.84,4.91,382.0,704,0.1294032373046875,put,2026-09-25,SPY,764.1799926757812,2026-09-11T22:36:07.928373+00:00
758.0,5.08,5.13,5.12,335.0,713,0.12799944274902342,put,2026-09-25,SPY,764.1799926757812,2026-09-11T22:36:07.928373+00:00
759.0,5.4,5.43,5.58,558.0,1883,0.1265040963745117,put,2026-09-25,SPY,764.1799926757812,2026-09-11T22:36:07.928373+00:00
760.0,5.7,5.76,5.8,22882.0,2357,0.1251918536376953,put,2026-09-25,SPY,764.1799926757812,2026-09-11T22:36:07.928373+00:00
761.0,6.04,6.1,6.19,255.0,701,0.12378805908203125,put,2026-09-25,SPY,764.1799926757812,2026-09-11T22:36:07.928373+00:00
762.0,6.41,6.48,6.44,566.0,2481,0.12268943725585937,put,2026-09-25,SPY,764.1799926757812,2026-09-11T22:36:07.928373+00:00
763.0,6.8,6.86,6.8,262.0,787,0.12125512542724609,put,2026-09-25,SPY,764.1799926757812,2026-09-11T22:36:07.928373+00:00
764.0,7.21,7.28,7.26,828.0,908,0.12015650360107422,put,2026-09-25,SPY,764.1799926757812,2026-09-11T22:36:07.928373+00:00
765.0,7.65,7.72,7.67,2005.0,2807,0.11902736450195311,put,2026-09-25,SPY,764.1799926757812,2026-09-11T22:36:07.928373+00:00
766.0,8.03,8.27,8.12,614.0,2166,0.11936305450439452,put,2026-09-25,SPY,764.1799926757812,2026-09-11T22:36:07.928373+00:00
767.0,8.52,8.76,8.85,339.0,2241,0.1183254672241211,put,2026-09-25,SPY,764.1799926757812,2026-09-11T22:36:07.928373+00:00
768.0,9.03,9.3,9.24,203.0,2378,0.11777615631103515,put,2026-09-25,SPY,764.1799926757812,2026-09-11T22:36:07.928373+00:00
769.0,9.54,9.92,9.15,16.0,825,0.118172880859375,put,2026-09-25,SPY,764.1799926757812,2026-09-11T22:36:07.928373+00:00
770.0,10.15,10.45,10.19,572.0,1683,0.1167080517578125,put,2026-09-25,SPY,764.1799926757812,2026-09-11T22:36:07.928373+00:00
771.0,10.74,11.12,10.31,9.0,888,0.11725736267089844,put,2026-09-25,SPY,764.1799926757812,2026-09-11T22:36:07.928373+00:00
772.0,11.38,12.83,11.26,24.0,665,0.13556772644042972,put,2026-09-25,SPY,764.1799926757812,2026-09-11T22:36:07.928373+00:00
773.0,11.92,12.44,11.66,255.0,746,0.11698270721435547,put,2026-09-25,SPY,764.1799926757812,2026-09-11T22:36:07.928373+00:00
774.0,12.78,13.16,13.1,31.0,393,0.11740994903564453,put,2026-09-25,SPY,764.1799926757812,2026-09-11T22:36:07.928373+00:00
775.0,13.33,13.9,13.68,134.0,628,0.1178677081298828,put,2026-09-25,SPY,764.1799926757812,2026-09-11T22:36:07.928373+00:00
776.0,14.06,15.69,14.38,32.0,287,0.13807014282226562,put,2026-09-25,SPY,764.1799926757812,2026-09-11T22:36:07.928373+00:00
777.0,13.99,16.47,13.75,11.0,316,0.13922979919433598,put,2026-09-25,SPY,764.1799926757812,2026-09-11T22:36:07.928373+00:00
778.0,14.75,17.54,15.3,15.0,75,0.14576049560546872,put,2026-09-25,SPY,764.1799926757812,2026-09-11T22:36:07.928373+00:00
779.0,15.56,18.72,23.22,1.0,92,0.15436636657714847,put,2026-09-25,SPY,764.1799926757812,2026-09-11T22:36:07.928373+00:00
780.0,16.41,19.52,17.25,49.0,705,0.15555654022216797,put,2026-09-25,SPY,764.1799926757812,2026-09-11T22:36:07.928373+00:00
781.0,17.29,20.45,17.97,1.0,16,0.15912706115722658,put,2026-09-25,SPY,764.1799926757812,2026-09-11T22:36:07.928373+00:00
782.0,18.19,21.34,21.0,10.0,12,0.16181258117675779,put,2026-09-25,SPY,764.1799926757812,2026-09-11T22:36:07.928373+00:00
783.0,19.1,22.25,14.28,10.0,29,0.1647422393798828,put,2026-09-25,SPY,764.1799926757812,2026-09-11T22:36:07.928373+00:00
784.0,20.02,23.18,26.7,1.0,12,0.16800758758544926,put,2026-09-25,SPY,764.1799926757812,2026-09-11T22:36:07.928373+00:00
785.0,20.96,24.06,21.47,1.0,115,0.17011327941894533,put,2026-09-25,SPY,764.1799926757812,2026-09-11T22:36:07.928373+00:00
786.0,21.91,24.98,22.6,32.0,11,0.17295138580322267,put,2026-09-25,SPY,764.1799926757812,2026-09-11T22:36:07.928373+00:00
787.0,22.28,25.92,21.88,2.0,3,0.17615569946289064,put,2026-09-25,SPY,764.1799926757812,2026-09-11T22:36:07.928373+00:00
788.0,23.24,26.86,18.17,3.0,29,0.1792379440307617,put,2026-09-25,SPY,764.1799926757812,2026-09-11T22:36:07.928373+00:00
789.0,24.22,27.82,23.12,10.0,11,0.18274743041992186,put,2026-09-25,SPY,764.1799926757812,2026-09-11T22:36:07.928373+00:00
790.0,25.2,28.78,31.2,2.0,39,0.18616536499023437,put,2026-09-25,SPY,764.1799926757812,2026-09-11T22:36:07.928373+00:00
791.0,26.18,29.75,20.21,3.0,53,0.18976640319824223,put,2026-09-25,SPY,764.1799926757812,2026-09-11T22:36:07.928373+00:00
793.0,28.16,31.65,22.6,28.0,20,0.1958088232421875,put,2026-09-25,SPY,764.1799926757812,2026-09-11T22:36:07.928373+00:00
794.0,29.15,32.69,22.42,20.0,20,0.20099675964355468,put,2026-09-25,SPY,764.1799926757812,2026-09-11T22:36:07.928373+00:00
795.0,30.14,33.66,31.25,2.0,4,0.20441469421386715,put,2026-09-25,SPY,764.1799926757812,2026-09-11T22:36:07.928373+00:00
798.0,33.13,36.61,33.1,1.0,1,0.21537039520263673,put,2026-09-25,SPY,764.1799926757812,2026-09-11T22:36:07.928373+00:00
800.0,35.12,38.64,43.16,4.0,16,0.2241898870849609,put,2026-09-25,SPY,764.1799926757812,2026-09-11T22:36:07.928373+00:00
805.0,40.11,43.6,43.64,,1,0.24268335449218748,put,2026-09-25,SPY,764.1799926757812,2026-09-11T22:36:07.928373+00:00
807.0,42.11,45.6,42.55,2.0,0,0.2503737072753906,put,2026-09-25,SPY,764.1799926757812,2026-09-11T22:36:07.928373+00:00
810.0,45.1,48.59,35.4,19.0,0,0.26142096008300786,put,2026-09-25,SPY,764.1799926757812,2026-09-11T22:36:07.928373+00:00
811.0,46.1,49.59,50.2,2.0,2,0.2651440673828125,put,2026-09-25,SPY,764.1799926757812,2026-09-11T22:36:07.928373+00:00
823.0,58.08,61.58,46.77,,0,0.3083565258789062,put,2026-09-25,SPY,764.1799926757812,2026-09-11T22:36:07.928373+00:00
824.0,59.08,62.56,51.8,2.0,0,0.3112251495361328,put,2026-09-25,SPY,764.1799926757812,2026-09-11T22:36:07.928373+00:00
855.0,89.86,93.56,78.1,,0,0.4138852557373046,put,2026-09-25,SPY,764.1799926757812,2026-09-11T22:36:07.928373+00:00
865.0,100.0,103.52,94.35,,0,0.4433039068603516,put,2026-09-25,SPY,764.1799926757812,2026-09-11T22:36:07.928373+00:00
870.0,105.0,108.52,99.33,,0,0.4583794396972657,put,2026-09-25,SPY,764.1799926757812,2026-09-11T22:36:07.928373+00:00
550.0,213.0,216.74,220.46,2.0,0,0.5454147021484376,call,2026-10-09,SPY,764.1799926757812,2026-09-11T22:36:07.928373+00:00
555.0,208.01,211.75,210.04,1.0,1,0.5336960693359375,call,2026-10-09,SPY,764.1799926757812,2026-09-11T22:36:07.928373+00:00
560.0,203.03,206.76,206.28,,21,0.5222215747070311,call,2026-10-09,SPY,764.1799926757812,2026-09-11T22:36:07.928373+00:00
565.0,198.04,201.78,197.19,,28,0.5109912182617188,call,2026-10-09,SPY,764.1799926757812,2026-09-11T22:36:07.928373+00:00
575.0,188.07,191.81,193.63,2.0,24,0.6202430554199221,call,2026-10-09,SPY,764.1799926757812,2026-09-11T22:36:07.928373+00:00
580.0,183.09,186.83,178.26,4.0,58,0.6056557989501954,call,2026-10-09,SPY,764.1799926757812,2026-09-11T22:36:07.928373+00:00
585.0,178.11,181.85,180.68,2.0,30,0.5910685424804689,call,2026-10-09,SPY,764.1799926757812,2026-09-11T22:36:07.928373+00:00
590.0,173.14,176.87,168.21,2.0,105,0.5766033551025391,call,2026-10-09,SPY,764.1799926757812,2026-09-11T22:36:07.928373+00:00
595.0,168.16,171.9,171.2,5.0,445,0.562626444091797,call,2026-10-09,SPY,764.1799926757812,2026-09-11T22:36:07.928373+00:00
605.0,158.21,161.96,153.8,4.0,323,0.5346115875244142,call,2026-10-09,SPY,764.1799926757812,2026-09-11T22:36:07.928373+00:00
610.0,153.24,156.99,157.52,1.0,7,0.5206346765136718,call,2026-10-09,SPY,764.1799926757812,2026-09-11T22:36:07.928373+00:00
615.0,148.26,152.02,149.91,1.0,253,0.5066577655029296,call,2026-10-09,SPY,764.1799926757812,2026-09-11T22:36:07.928373+00:00
620.0,143.3,147.06,152.08,3.0,5,0.49310809631347663,call,2026-10-09,SPY,764.1799926757812,2026-09-11T22:36:07.928373+00:00
635.0,128.45,132.19,124.74,11.0,32,0.45264219238281256,call,2026-10-09,SPY,764.1799926757812,2026-09-11T22:36:07.928373+00:00
650.0,113.6,117.35,116.08,1.0,3,0.41272559936523434,call,2026-10-09,SPY,764.1799926757812,2026-09-11T22:36:07.928373+00:00
655.0,108.65,112.41,115.63,2.0,1,0.39954213745117195,call,2026-10-09,SPY,764.1799926757812,2026-09-11T22:36:07.928373+00:00
665.0,98.79,102.54,98.88,4.0,2,0.3731141790771484,call,2026-10-09,SPY,764.1799926757812,2026-09-11T22:36:07.928373+00:00
670.0,93.87,97.61,89.4,1.0,27,0.35986968261718744,call,2026-10-09,SPY,764.1799926757812,2026-09-11T22:36:07.928373+00:00
675.0,88.96,92.69,93.94,,1,0.3467472552490234,call,2026-10-09,SPY,764.1799926757812,2026-09-11T22:36:07.928373+00:00
680.0,84.06,87.79,87.85,,2,0.3340520697021484,call,2026-10-09,SPY,764.1799926757812,2026-09-11T22:36:07.928373+00:00
690.0,74.23,77.73,78.21,2.0,4,0.30145962219238287,call,2026-10-09,SPY,764.1799926757812,2026-09-11T22:36:07.928373+00:00
695.0,69.39,72.86,66.33,1.0,4,0.2890696093749999,call,2026-10-09,SPY,764.1799926757812,2026-09-11T22:36:07.928373+00:00
700.0,64.55,68.02,67.14,109.0,18,0.2770152865600586,call,2026-10-09,SPY,764.1799926757812,2026-09-11T22:36:07.928373+00:00
705.0,59.76,63.21,69.32,1.0,11,0.2652661364746094,call,2026-10-09,SPY,764.1799926757812,2026-09-11T22:36:07.928373+00:00
710.0,55.0,58.43,58.64,1.0,17,0.2536085382080079,call,2026-10-09,SPY,764.1799926757812,2026-09-11T22:36:07.928373+00:00
715.0,50.28,53.68,52.64,2.0,10,0.2420119744873047,call,2026-10-09,SPY,764.1799926757812,2026-09-11T22:36:07.928373+00:00
720.0,45.68,48.99,48.23,5.0,24,0.23087316986083983,call,2026-10-09,SPY,764.1799926757812,2026-09-11T22:36:07.928373+00:00
721.0,44.75,48.06,48.5,,7,0.2287064434814453,call,2026-10-09,SPY,764.1799926757812,2026-09-11T22:36:07.928373+00:00
724.0,41.96,45.28,42.66,2.0,7,0.22214522979736323,call,2026-10-09,SPY,764.1799926757812,2026-09-11T22:36:07.928373+00:00
725.0,41.04,44.36,43.7,9.0,185,0.22000902069091793,call,2026-10-09,SPY,764.1799926757812,2026-09-11T22:36:07.928373+00:00
726.0,40.13,43.29,36.92,1.0,12,0.21527884338378905,call,2026-10-09,SPY,764.1799926757812,2026-09-11T22:36:07.928373+00:00
727.0,39.21,42.53,41.46,36.0,1,0.21576711975097657,call,2026-10-09,SPY,764.1799926757812,2026-09-11T22:36:07.928373+00:00
728.0,38.29,41.61,40.18,10.0,5,0.2135088415527344,call,2026-10-09,SPY,764.1799926757812,2026-09-11T22:36:07.928373+00:00
730.0,36.48,39.8,39.24,3.0,240,0.2093279751586914,call,2026-10-09,SPY,764.1799926757812,2026-09-11T22:36:07.928373+00:00
731.0,35.57,38.9,40.37,2.0,1,0.2072528005981445,call,2026-10-09,SPY,764.1799926757812,2026-09-11T22:36:07.928373+00:00
732.0,34.68,38.0,39.23,2.0,1,0.20514710876464842,call,2026-10-09,SPY,764.1799926757812,2026-09-11T22:36:07.928373+00:00
733.0,33.79,37.11,34.28,10.0,9,0.20313296874999998,call,2026-10-09,SPY,764.1799926757812,2026-09-11T22:36:07.928373+00:00
734.0,32.9,36.22,31.21,86.0,162,0.2010577941894531,call,2026-10-09,SPY,764.1799926757812,2026-09-11T22:36:07.928373+00:00
735.0,33.3,34.75,29.34,560.0,999,0.1900715759277344,call,2026-10-09,SPY,764.1799926757812,2026-09-11T22:36:07.928373+00:00
738.0,29.41,32.71,27.13,42.0,55,0.19300123413085937,call,2026-10-09,SPY,764.1799926757812,2026-09-11T22:36:07.928373+00:00
739.0,29.84,31.85,26.77,99.0,114,0.19107864593505858,call,2026-10-09,SPY,764.1799926757812,2026-09-11T22:36:07.928373+00:00
740.0,27.7,30.57,30.41,16.0,972,0.18311363769531247,call,2026-10-09,SPY,764.1799926757812,2026-09-11T22:36:07.928373+00:00
741.0,26.84,30.14,25.44,82.0,86,0.18720295227050782,call,2026-10-09,SPY,764.1799926757812,2026-09-11T22:36:07.928373+00:00
743.0,25.45,27.92,24.03,4.0,15,0.17603363037109376,call,2026-10-09,SPY,764.1799926757812,2026-09-11T22:36:07.928373+00:00
744.0,24.63,27.08,22.97,26.0,26,0.17414155944824222,call,2026-10-09,SPY,764.1799926757812,2026-09-11T22:36:07.928373+00:00
745.0,23.48,26.2,21.66,62.0,944,0.17163914306640626,call,2026-10-09,SPY,764.1799926757812,2026-09-11T22:36:07.928373+00:00
746.0,23.96,25.37,20.66,26.0,16,0.16974707214355472,call,2026-10-09,SPY,764.1799926757812,2026-09-11T22:36:07.928373+00:00
747.0,21.84,24.58,19.91,13.0,242,0.16829750167846685,call,2026-10-09,SPY,764.1799926757812,2026-09-11T22:36:07.928373+00:00
748.0,22.35,23.75,22.9,11.0,79,0.16623758575439457,call,2026-10-09,SPY,764.1799926757812,2026-09-11T22:36:07.928373+00:00
749.0,21.48,22.0,18.55,3.0,19,0.15207757110595704,call,2026-10-09,SPY,764.1799926757812,2026-09-11T22:36:07.928373+00:00
750.0,20.59,21.22,21.54,22.0,583,0.1506432592773438,call,2026-10-09,SPY,764.1799926757812,2026-09-11T22:36:07.928373+00:00
751.0,19.94,20.9,18.02,2.0,16,0.1549461947631836,call,2026-10-09,SPY,764.1799926757812,2026-09-11T22:36:07.928373+00:00
752.0,19.04,20.12,20.28,19.0,8,0.15322196884155276,call,2026-10-09,SPY,764.1799926757812,2026-09-11T22:36:07.928373+00:00
753.0,18.38,18.89,19.7,29.0,5,0.14576049560546872,call,2026-10-09,SPY,764.1799926757812,2026-09-11T22:36:07.928373+00:00
754.0,17.66,18.12,18.32,1.0,13,0.14400575241088864,call,2026-10-09,SPY,764.1799926757812,2026-09-11T22:36:07.928373+00:00
755.0,16.95,17.26,17.21,8.0,311,0.14103031829833984,call,2026-10-09,SPY,764.1799926757812,2026-09-11T22:36:07.928373+00:00
756.0,16.16,16.67,16.55,7.0,215,0.1412286805725098,call,2026-10-09,SPY,764.1799926757812,2026-09-11T22:36:07.928373+00:00
757.0,15.51,15.78,15.93,133.0,99,0.13767341827392582,call,2026-10-09,SPY,764.1799926757812,2026-09-11T22:36:07.928373+00:00
758.0,14.86,15.04,15.03,103.0,1078,0.13578134735107422,call,2026-10-09,SPY,764.1799926757812,2026-09-11T22:36:07.928373+00:00
759.0,14.16,14.33,14.35,27.0,564,0.13413341461181644,call,2026-10-09,SPY,764.1799926757812,2026-09-11T22:36:07.928373+00:00
760.0,13.49,13.66,13.59,233.0,1220,0.132821171875,call,2026-10-09,SPY,764.1799926757812,2026-09-11T22:36:07.928373+00:00
761.0,12.61,13.02,13.63,158.0,948,0.13172255004882813,call,2026-10-09,SPY,764.1799926757812,2026-09-11T22:36:07.928373+00:00
762.0,12.18,12.33,12.8,47.0,596,0.1298609963989258,call,2026-10-09,SPY,764.1799926757812,2026-09-11T22:36:07.928373+00:00
763.0,11.56,11.63,11.56,59.0,801,0.1277553045654297,call,2026-10-09,SPY,764.1799926757812,2026-09-11T22:36:07.928373+00:00
764.0,10.93,11.01,10.97,391.0,914,0.12641254455566403,call,2026-10-09,SPY,764.1799926757812,2026-09-11T22:36:07.928373+00:00
765.0,10.34,10.4,10.5,499.0,496,0.12500875,call,2026-10-09,SPY,764.1799926757812,2026-09-11T22:36:07.928373+00:00
766.0,9.75,9.81,9.82,1853.0,570,0.12366598999023437,call,2026-10-09,SPY,764.1799926757812,2026-09-11T22:36:07.928373+00:00
767.0,9.17,9.24,9.31,261.0,269,0.1223842645263672,call,2026-10-09,SPY,764.1799926757812,2026-09-11T22:36:07.928373+00:00
768.0,8.62,8.68,8.86,240.0,1167,0.12104150451660156,call,2026-10-09,SPY,764.1799926757812,2026-09-11T22:36:07.928373+00:00
769.0,8.09,8.15,8.17,468.0,466,0.119851330871582,call,2026-10-09,SPY,764.1799926757812,2026-09-11T22:36:07.928373+00:00
770.0,7.57,7.63,7.75,458.0,1989,0.11860012268066406,call,2026-10-09,SPY,764.1799926757812,2026-09-11T22:36:07.928373+00:00
771.0,7.07,7.13,7.07,141.0,476,0.11737943176269532,call,2026-10-09,SPY,764.1799926757812,2026-09-11T22:36:07.928373+00:00
772.0,6.59,6.65,6.74,236.0,329,0.11618925811767578,call,2026-10-09,SPY,764.1799926757812,2026-09-11T22:36:07.928373+00:00
773.0,6.13,6.19,6.14,81.0,567,0.11502960174560548,call,2026-10-09,SPY,764.1799926757812,2026-09-11T22:36:07.928373+00:00
774.0,5.69,5.75,5.87,109.0,1236,0.11390046264648437,call,2026-10-09,SPY,764.1799926757812,2026-09-11T22:36:07.928373+00:00
775.0,5.28,5.33,5.42,377.0,1023,0.1128018408203125,call,2026-10-09,SPY,764.1799926757812,2026-09-11T22:36:07.928373+00:00
776.0,4.88,4.93,4.89,77.0,298,0.11173373626708984,call,2026-10-09,SPY,764.1799926757812,2026-09-11T22:36:07.928373+00:00
777.0,4.5,4.55,4.52,447.0,724,0.11071140762329101,call,2026-10-09,SPY,764.1799926757812,2026-09-11T22:36:07.928373+00:00
778.0,4.15,4.2,4.43,370.0,907,0.10984166534423828,call,2026-10-09,SPY,764.1799926757812,2026-09-11T22:36:07.928373+00:00
779.0,3.81,3.86,3.96,310.0,397,0.1088803712463379,call,2026-10-09,SPY,764.1799926757812,2026-09-11T22:36:07.928373+00:00
780.0,3.5,3.54,3.53,1383.0,720,0.10794959442138671,call,2026-10-09,SPY,764.1799926757812,2026-09-11T22:36:07.928373+00:00
781.0,3.2,3.24,3.53,346.0,945,0.10706459350585937,call,2026-10-09,SPY,764.1799926757812,2026-09-11T22:36:07.928373+00:00
782.0,2.93,2.96,2.93,244.0,957,0.10624062713623048,call,2026-10-09,SPY,764.1799926757812,2026-09-11T22:36:07.928373+00:00
783.0,2.67,2.7,2.86,635.0,209,0.1054776953125,call,2026-10-09,SPY,764.1799926757812,2026-09-11T22:36:07.928373+00:00
784.0,2.43,2.46,2.55,213.0,598,0.10477579803466797,call,2026-10-09,SPY,764.1799926757812,2026-09-11T22:36:07.928373+00:00
785.0,2.21,2.24,2.23,588.0,1065,0.10413493530273435,call,2026-10-09,SPY,764.1799926757812,2026-09-11T22:36:07.928373+00:00
786.0,2.0,2.03,2.01,292.0,684,0.10346355529785155,call,2026-10-09,SPY,764.1799926757812,2026-09-11T22:36:07.928373+00:00
787.0,1.81,1.84,1.9,56.0,370,0.1028837271118164,call,2026-10-09,SPY,764.1799926757812,2026-09-11T22:36:07.928373+00:00
788.0,1.64,1.67,1.7,265.0,544,0.10242596801757811,call,2026-10-09,SPY,764.1799926757812,2026-09-11T22:36:07.928373+00:00
789.0,1.48,1.51,1.48,750.0,946,0.10193769165039063,call,2026-10-09,SPY,764.1799926757812,2026-09-11T22:36:07.928373+00:00
790.0,1.34,1.36,1.39,1165.0,1309,0.10141889801025389,call,2026-10-09,SPY,764.1799926757812,2026-09-11T22:36:07.928373+00:00
791.0,1.21,1.23,1.39,620.0,239,0.1010832080078125,call,2026-10-09,SPY,764.1799926757812,2026-09-11T22:36:07.928373+00:00
792.0,1.09,1.11,1.23,463.0,550,0.10077803527832031,call,2026-10-09,SPY,764.1799926757812,2026-09-11T22:36:07.928373+00:00
793.0,0.98,1.0,0.98,525.0,815,0.10047286254882812,call,2026-10-09,SPY,764.1799926757812,2026-09-11T22:36:07.928373+00:00
794.0,0.88,0.9,0.87,45.0,147,0.10022872436523436,call,2026-10-09,SPY,764.1799926757812,2026-09-11T22:36:07.928373+00:00
795.0,0.79,0.81,0.78,738.0,750,0.09998458618164063,call,2026-10-09,SPY,764.1799926757812,2026-09-11T22:36:07.928373+00:00
796.0,0.71,0.73,0.73,91.0,504,0.09986251708984376,call,2026-10-09,SPY,764.1799926757812,2026-09-11T22:36:07.928373+00:00
797.0,0.64,0.65,0.7,147.0,864,0.09949630981445312,call,2026-10-09,SPY,764.1799926757812,2026-09-11T22:36:07.928373+00:00
798.0,0.58,0.59,0.59,264.0,348,0.09961837890625,call,2026-10-09,SPY,764.1799926757812,2026-09-11T22:36:07.928373+00:00
799.0,0.52,0.53,0.66,551.0,364,0.09949630981445312,call,2026-10-09,SPY,764.1799926757812,2026-09-11T22:36:07.928373+00:00
800.0,0.47,0.48,0.47,3218.0,2094,0.09961837890625,call,2026-10-09,SPY,764.1799926757812,2026-09-11T22:36:07.928373+00:00
801.0,0.42,0.44,0.52,2610.0,704,0.09998458618164063,call,2026-10-09,SPY,764.1799926757812,2026-09-11T22:36:07.928373+00:00
802.0,0.38,0.4,0.39,128.0,399,0.10022872436523436,call,2026-10-09,SPY,764.1799926757812,2026-09-11T22:36:07.928373+00:00
803.0,0.35,0.36,0.42,17.0,225,0.10022872436523436,call,2026-10-09,SPY,764.1799926757812,2026-09-11T22:36:07.928373+00:00
804.0,0.32,0.33,0.43,59.0,100,0.10071700073242187,call,2026-10-09,SPY,764.1799926757812,2026-09-11T22:36:07.928373+00:00
805.0,0.29,0.3,0.29,1728.0,652,0.10096113891601563,call,2026-10-09,SPY,764.1799926757812,2026-09-11T22:36:07.928373+00:00
806.0,0.26,0.27,0.27,489.0,47,0.1010832080078125,call,2026-10-09,SPY,764.1799926757812,2026-09-11T22:36:07.928373+00:00
807.0,0.24,0.25,0.26,130.0,315,0.10157148437499999,call,2026-10-09,SPY,764.1799926757812,2026-09-11T22:36:07.928373+00:00
808.0,0.22,0.23,0.25,27.0,322,0.10205976074218749,call,2026-10-09,SPY,764.1799926757812,2026-09-11T22:36:07.928373+00:00
809.0,0.2,0.21,0.26,180.0,34,0.10254803710937499,call,2026-10-09,SPY,764.1799926757812,2026-09-11T22:36:07.928373+00:00
810.0,0.19,0.2,0.2,2311.0,290,0.10352458984374999,call,2026-10-09,SPY,764.1799926757812,2026-09-11T22:36:07.928373+00:00
811.0,0.17,0.18,0.21,86.0,38,0.10364665893554686,call,2026-10-09,SPY,764.1799926757812,2026-09-11T22:36:07.928373+00:00
812.0,0.16,0.17,0.17,507.0,588,0.10450114257812498,call,2026-10-09,SPY,764.1799926757812,2026-09-11T22:36:07.928373+00:00
813.0,0.15,0.16,0.18,130.0,19,0.10535562622070313,call,2026-10-09,SPY,764.1799926757812,2026-09-11T22:36:07.928373+00:00
814.0,0.14,0.15,0.15,3122.0,2754,0.10621010986328125,call,2026-10-09,SPY,764.1799926757812,2026-09-11T22:36:07.928373+00:00
815.0,0.13,0.14,0.16,66.0,181,0.10669838623046876,call,2026-10-09,SPY,764.1799926757812,2026-09-11T22:36:07.928373+00:00
816.0,0.12,0.13,0.14,10.0,75,0.10743080078125,call,2026-10-09,SPY,764.1799926757812,2026-09-11T22:36:07.928373+00:00
817.0,0.11,0.12,0.13,3.0,71,0.1079190771484375,call,2026-10-09,SPY,764.1799926757812,2026-09-11T22:36:07.928373+00:00
818.0,0.11,0.12,0.13,1.0,47,0.10962804443359375,call,2026-10-09,SPY,764.1799926757812,2026-09-11T22:36:07.928373+00:00
819.0,0.1,0.11,0.16,8.0,22,0.1098721826171875,call,2026-10-09,SPY,764.1799926757812,2026-09-11T22:36:07.928373+00:00
820.0,0.1,0.11,0.12,335.0,855,0.11158114990234375,call,2026-10-09,SPY,764.1799926757812,2026-09-11T22:36:07.928373+00:00
821.0,0.09,0.1,0.22,154.0,130,0.11182528808593749,call,2026-10-09,SPY,764.1799926757812,2026-09-11T22:36:07.928373+00:00
822.0,0.09,0.1,0.1,12.0,13,0.11353425537109374,call,2026-10-09,SPY,764.1799926757812,2026-09-11T22:36:07.928373+00:00
823.0,0.08,0.09,0.09,1.0,127,0.11353425537109374,call,2026-10-09,SPY,764.1799926757812,2026-09-11T22:36:07.928373+00:00
824.0,0.08,0.09,0.09,1.0,138,0.11524322265625,call,2026-10-09,SPY,764.1799926757812,2026-09-11T22:36:07.928373+00:00
825.0,0.08,0.09,0.07,18.0,243,0.1167080517578125,call,2026-10-09,SPY,764.1799926757812,2026-09-11T22:36:07.928373+00:00
830.0,0.06,0.07,0.07,1.0,198,0.1211025390625,call,2026-10-09,SPY,764.1799926757812,2026-09-11T22:36:07.928373+00:00
835.0,0.05,0.06,0.06,16.0,196,0.12647357910156248,call,2026-10-09,SPY,764.1799926757812,2026-09-11T22:36:07.928373+00:00
840.0,0.04,0.05,0.05,28.0,101,0.13086806640624998,call,2026-10-09,SPY,764.1799926757812,2026-09-11T22:36:07.928373+00:00
845.0,0.03,0.04,0.04,28.0,28,0.13477427734375003,call,2026-10-09,SPY,764.1799926757812,2026-09-11T22:36:07.928373+00:00
850.0,0.03,0.04,0.04,1.0,160,0.1420984228515625,call,2026-10-09,SPY,764.1799926757812,2026-09-11T22:36:07.928373+00:00
855.0,0.02,0.03,0.03,2.0,70,0.1445398046875,call,2026-10-09,SPY,764.1799926757812,2026-09-11T22:36:07.928373+00:00
860.0,0.02,0.03,0.03,1.0,35,0.15137567382812503,call,2026-10-09,SPY,764.1799926757812,2026-09-11T22:36:07.928373+00:00
865.0,0.02,0.03,0.02,1.0,91,0.15821154296875,call,2026-10-09,SPY,764.1799926757812,2026-09-11T22:36:07.928373+00:00
870.0,0.01,0.02,0.03,,24,0.15821154296875,call,2026-10-09,SPY,764.1799926757812,2026-09-11T22:36:07.928373+00:00
875.0,0.01,0.02,0.02,,1,0.165047412109375,call,2026-10-09,SPY,764.1799926757812,2026-09-11T22:36:07.928373+00:00
500.0,0.08,0.09,0.08,12.0,126,0.5468795312500001,put,2026-10-09,SPY,764.1799926757812,2026-09-11T22:36:07.928373+00:00
505.0,0.09,0.1,0.1,3.0,181,0.5410202148437502,put,2026-10-09,SPY,764.1799926757812,2026-09-11T22:36:07.928373+00:00
510.0,0.09,0.1,0.1,1.0,381,0.5293015820312501,put,2026-10-09,SPY,764.1799926757812,2026-09-11T22:36:07.928373+00:00
515.0,0.1,0.11,0.15,1.0,181,0.523442265625,put,2026-10-09,SPY,764.1799926757812,2026-09-11T22:36:07.928373+00:00
525.0,0.11,0.12,0.11,1.0,67,0.5039112109375,put,2026-10-09,SPY,764.1799926757812,2026-09-11T22:36:07.928373+00:00
530.0,0.12,0.13,0.1,1.0,77,0.499028447265625,put,2026-10-09,SPY,764.1799926757812,2026-09-11T22:36:07.928373+00:00
535.0,0.13,0.14,0.12,2.0,21,0.49121602539062503,put,2026-10-09,SPY,764.1799926757812,2026-09-11T22:36:07.928373+00:00
540.0,0.14,0.15,0.21,5.0,11,0.48340360351562506,put,2026-10-09,SPY,764.1799926757812,2026-09-11T22:36:07.928373+00:00
545.0,0.15,0.16,0.14,1.0,1,0.47510290527343746,put,2026-10-09,SPY,764.1799926757812,2026-09-11T22:36:07.928373+00:00
550.0,0.16,0.17,0.14,1.0,33,0.46680220703125,put,2026-10-09,SPY,764.1799926757812,2026-09-11T22:36:07.928373+00:00
555.0,0.17,0.18,0.22,225.0,250,0.4580132324218751,put,2026-10-09,SPY,764.1799926757812,2026-09-11T22:36:07.928373+00:00
560.0,0.18,0.19,0.16,3.0,504,0.44922425781249997,put,2026-10-09,SPY,764.1799926757812,2026-09-11T22:36:07.928373+00:00
565.0,0.2,0.21,0.2,1.0,4,0.44287666503906253,put,2026-10-09,SPY,764.1799926757812,2026-09-11T22:36:07.928373+00:00
570.0,0.21,0.22,0.21,112.0,13,0.4335994140625,put,2026-10-09,SPY,764.1799926757812,2026-09-11T22:36:07.928373+00:00
575.0,0.22,0.23,0.28,1.0,13,0.4243221630859375,put,2026-10-09,SPY,764.1799926757812,2026-09-11T22:36:07.928373+00:00
580.0,0.23,0.24,0.23,15.0,51,0.415044912109375,put,2026-10-09,SPY,764.1799926757812,2026-09-11T22:36:07.928373+00:00
585.0,0.25,0.26,0.23,,2,0.40772076660156253,put,2026-10-09,SPY,764.1799926757812,2026-09-11T22:36:07.928373+00:00
590.0,0.27,0.28,0.25,3.0,55,0.39990834472656256,put,2026-10-09,SPY,764.1799926757812,2026-09-11T22:36:07.928373+00:00
595.0,0.28,0.29,0.26,1.0,8,0.39014281738281253,put,2026-10-09,SPY,764.1799926757812,2026-09-11T22:36:07.928373+00:00
600.0,0.3,0.31,0.44,40.0,171,0.38184211914062494,put,2026-10-09,SPY,764.1799926757812,2026-09-11T22:36:07.928373+00:00
605.0,0.32,0.33,0.32,8.0,67,0.37354142089843745,put,2026-10-09,SPY,764.1799926757812,2026-09-11T22:36:07.928373+00:00
610.0,0.34,0.35,0.31,99.0,126,0.36475244628906256,put,2026-10-09,SPY,764.1799926757812,2026-09-11T22:36:07.928373+00:00
615.0,0.36,0.37,0.34,17.0,78,0.35596347167968745,put,2026-10-09,SPY,764.1799926757812,2026-09-11T22:36:07.928373+00:00
620.0,0.38,0.39,0.39,58.0,208,0.3469303588867187,put,2026-10-09,SPY,764.1799926757812,2026-09-11T22:36:07.928373+00:00
625.0,0.41,0.42,0.42,595.0,126,0.33887379882812496,put,2026-10-09,SPY,764.1799926757812,2026-09-11T22:36:07.928373+00:00
630.0,0.44,0.45,0.44,39.0,221,0.3305731005859375,put,2026-10-09,SPY,764.1799926757812,2026-09-11T22:36:07.928373+00:00
635.0,0.47,0.48,0.46,26.0,167,0.3220282641601562,put,2026-10-09,SPY,764.1799926757812,2026-09-11T22:36:07.928373+00:00
640.0,0.5,0.51,0.52,77.0,100,0.31323928955078123,put,2026-10-09,SPY,764.1799926757812,2026-09-11T22:36:07.928373+00:00
645.0,0.53,0.54,0.54,36.0,26,0.3042061767578125,put,2026-10-09,SPY,764.1799926757812,2026-09-11T22:36:07.928373+00:00
650.0,0.57,0.58,0.57,62.0,205,0.2957834094238281,put,2026-10-09,SPY,764.1799926757812,2026-09-11T22:36:07.928373+00:00
655.0,0.61,0.62,0.61,39.0,55,0.2869944348144531,put,2026-10-09,SPY,764.1799926757812,2026-09-11T22:36:07.928373+00:00
660.0,0.66,0.67,0.66,65.0,118,0.2786937365722656,put,2026-10-09,SPY,764.1799926757812,2026-09-11T22:36:07.928373+00:00
665.0,0.71,0.72,0.69,541.0,125,0.2700268310546875,put,2026-10-09,SPY,764.1799926757812,2026-09-11T22:36:07.928373+00:00
670.0,0.76,0.77,0.76,3003.0,224,0.26099371826171874,put,2026-10-09,SPY,764.1799926757812,2026-09-11T22:36:07.928373+00:00
675.0,0.83,0.84,0.83,121.0,1120,0.2528150891113281,put,2026-10-09,SPY,764.1799926757812,2026-09-11T22:36:07.928373+00:00
680.0,0.91,0.92,0.92,58.0,942,0.24463645996093752,put,2026-10-09,SPY,764.1799926757812,2026-09-11T22:36:07.928373+00:00
685.0,0.99,1.0,1.0,46.0,232,0.23596955444335935,put,2026-10-09,SPY,764.1799926757812,2026-09-11T22:36:07.928373+00:00
690.0,1.09,1.11,1.1,2935.0,315,0.22815713256835937,put,2026-10-09,SPY,764.1799926757812,2026-09-11T22:36:07.928373+00:00
695.0,1.22,1.23,1.24,1355.0,1398,0.22003953796386716,put,2026-10-09,SPY,764.1799926757812,2026-09-11T22:36:07.928373+00:00
700.0,1.36,1.37,1.37,1231.0,1457,0.21204401245117185,put,2026-10-09,SPY,764.1799926757812,2026-09-11T22:36:07.928373+00:00
705.0,1.53,1.54,1.54,1832.0,908,0.20423159057617185,put,2026-10-09,SPY,764.1799926757812,2026-09-11T22:36:07.928373+00:00
710.0,1.72,1.75,1.72,2943.0,1575,0.19678537597656248,put,2026-10-09,SPY,764.1799926757812,2026-09-11T22:36:07.928373+00:00
715.0,1.97,1.99,1.98,2792.0,1109,0.18909502319335939,put,2026-10-09,SPY,764.1799926757812,2026-09-11T22:36:07.928373+00:00
720.0,2.26,2.29,2.3,847.0,1146,0.1818319122314453,put,2026-10-09,SPY,764.1799926757812,2026-09-11T22:36:07.928373+00:00
721.0,2.32,2.35,2.35,147.0,676,0.1801839794921875,put,2026-10-09,SPY,764.1799926757812,2026-09-11T22:36:07.928373+00:00
722.0,2.39,2.42,2.38,64.0,598,0.17878018493652342,put,2026-10-09,SPY,764.1799926757812,2026-09-11T22:36:07.928373+00:00
723.0,2.46,2.49,2.49,191.0,301,0.1772543212890625,put,2026-10-09,SPY,764.1799926757812,2026-09-11T22:36:07.928373+00:00
724.0,2.54,2.57,2.55,213.0,275,0.17594207855224608,put,2026-10-09,SPY,764.1799926757812,2026-09-11T22:36:07.928373+00:00
725.0,2.61,2.64,2.59,102.0,981,0.17432466308593753,put,2026-10-09,SPY,764.1799926757812,2026-09-11T22:36:07.928373+00:00
726.0,2.69,2.72,2.7,307.0,376,0.17285983398437502,put,2026-10-09,SPY,764.1799926757812,2026-09-11T22:36:07.928373+00:00
727.0,2.77,2.8,2.77,236.0,236,0.17133397033691405,put,2026-10-09,SPY,764.1799926757812,2026-09-11T22:36:07.928373+00:00
728.0,2.86,2.89,2.86,242.0,339,0.16999121032714848,put,2026-10-09,SPY,764.1799926757812,2026-09-11T22:36:07.928373+00:00
729.0,2.95,2.98,2.96,52.0,621,0.168526381225586,put,2026-10-09,SPY,764.1799926757812,2026-09-11T22:36:07.928373+00:00
730.0,3.04,3.07,3.07,534.0,1191,0.16700051757812504,put,2026-10-09,SPY,764.1799926757812,2026-09-11T22:36:07.928373+00:00
731.0,3.14,3.17,2.98,9.0,435,0.1656272402954102,put,2026-10-09,SPY,764.1799926757812,2026-09-11T22:36:07.928373+00:00
732.0,3.24,3.27,3.25,87.0,508,0.16416241119384767,put,2026-10-09,SPY,764.1799926757812,2026-09-11T22:36:07.928373+00:00
733.0,3.34,3.38,3.34,2.0,341,0.16281965118408204,put,2026-10-09,SPY,764.1799926757812,2026-09-11T22:36:07.928373+00:00
734.0,3.45,3.49,3.25,19.0,196,0.16138533935546873,put,2026-10-09,SPY,764.1799926757812,2026-09-11T22:36:07.928373+00:00
735.0,3.57,3.6,3.54,91.0,831,0.15988999298095702,put,2026-10-09,SPY,764.1799926757812,2026-09-11T22:36:07.928373+00:00
736.0,3.69,3.72,3.53,314.0,261,0.158486198425293,put,2026-10-09,SPY,764.1799926757812,2026-09-11T22:36:07.928373+00:00
737.0,3.81,3.84,3.76,424.0,223,0.15699085205078128,put,2026-10-09,SPY,764.1799926757812,2026-09-11T22:36:07.928373+00:00
738.0,3.94,3.97,3.9,41.0,349,0.1555870574951172,put,2026-10-09,SPY,764.1799926757812,2026-09-11T22:36:07.928373+00:00
739.0,4.07,4.11,4.0,412.0,671,0.15424429748535157,put,2026-10-09,SPY,764.1799926757812,2026-09-11T22:36:07.928373+00:00
740.0,4.21,4.25,4.25,788.0,676,0.15284050292968754,put,2026-10-09,SPY,764.1799926757812,2026-09-11T22:36:07.928373+00:00
741.0,4.36,4.39,4.41,35.0,130,0.15134515655517583,put,2026-10-09,SPY,764.1799926757812,2026-09-11T22:36:07.928373+00:00
742.0,4.51,4.55,4.5,304.0,272,0.1500329138183594,put,2026-10-09,SPY,764.1799926757812,2026-09-11T22:36:07.928373+00:00
743.0,4.67,4.71,4.51,63.0,207,0.1486596365356445,put,2026-10-09,SPY,764.1799926757812,2026-09-11T22:36:07.928373+00:00
744.0,4.83,4.87,4.83,84.0,261,0.1471642901611328,put,2026-10-09,SPY,764.1799926757812,2026-09-11T22:36:07.928373+00:00
745.0,5.0,5.05,5.01,505.0,506,0.1458825646972656,put,2026-10-09,SPY,764.1799926757812,2026-09-11T22:36:07.928373+00:00
746.0,5.17,5.23,5.16,44.0,295,0.14450928741455077,put,2026-10-09,SPY,764.1799926757812,2026-09-11T22:36:07.928373+00:00
747.0,5.36,5.42,5.44,369.0,382,0.14313601013183597,put,2026-10-09,SPY,764.1799926757812,2026-09-11T22:36:07.928373+00:00
748.0,5.56,5.61,5.44,129.0,321,0.14167118103027343,put,2026-10-09,SPY,764.1799926757812,2026-09-11T22:36:07.928373+00:00
749.0,5.76,5.82,5.73,39.0,2366,0.14035893829345703,put,2026-10-09,SPY,764.1799926757812,2026-09-11T22:36:07.928373+00:00
750.0,5.97,6.03,5.95,688.0,1029,0.138955143737793,put,2026-10-09,SPY,764.1799926757812,2026-09-11T22:36:07.928373+00:00
751.0,6.19,6.25,6.06,166.0,317,0.1375513491821289,put,2026-10-09,SPY,764.1799926757812,2026-09-11T22:36:07.928373+00:00
752.0,6.42,6.48,6.51,1442.0,342,0.13614755462646483,put,2026-10-09,SPY,764.1799926757812,2026-09-11T22:36:07.928373+00:00
753.0,6.67,6.73,6.69,113.0,265,0.1348963464355469,put,2026-10-09,SPY,764.1799926757812,2026-09-11T22:36:07.928373+00:00
754.0,6.92,6.98,6.94,40.0,218,0.1334925518798828,put,2026-10-09,SPY,764.1799926757812,2026-09-11T22:36:07.928373+00:00
755.0,7.18,7.25,7.25,465.0,1175,0.13224134368896484,put,2026-10-09,SPY,764.1799926757812,2026-09-11T22:36:07.928373+00:00
756.0,7.46,7.52,7.44,83.0,512,0.13082229049682614,put,2026-10-09,SPY,764.1799926757812,2026-09-11T22:36:07.928373+00:00
757.0,7.74,7.81,7.83,126.0,596,0.12952530639648438,put,2026-10-09,SPY,764.1799926757812,2026-09-11T22:36:07.928373+00:00
758.0,8.04,8.11,8.1,206.0,163,0.12819780502319333,put,2026-10-09,SPY,764.1799926757812,2026-09-11T22:36:07.928373+00:00
759.0,8.36,8.43,8.34,128.0,445,0.12696185546875,put,2026-10-09,SPY,764.1799926757812,2026-09-11T22:36:07.928373+00:00
760.0,8.68,8.76,8.66,1767.0,840,0.12569538864135743,put,2026-10-09,SPY,764.1799926757812,2026-09-11T22:36:07.928373+00:00
761.0,9.03,9.1,8.8,65.0,352,0.12439840454101564,put,2026-10-09,SPY,764.1799926757812,2026-09-11T22:36:07.928373+00:00
762.0,9.38,9.46,9.15,104.0,986,0.12314719635009766,put,2026-10-09,SPY,764.1799926757812,2026-09-11T22:36:07.928373+00:00
763.0,9.76,9.83,9.82,1422.0,893,0.12186547088623048,put,2026-10-09,SPY,764.1799926757812,2026-09-11T22:36:07.928373+00:00
764.0,10.15,10.23,10.2,221.0,256,0.1207668490600586,put,2026-10-09,SPY,764.1799926757812,2026-09-11T22:36:07.928373+00:00
765.0,10.56,10.65,10.64,593.0,388,0.11972926177978514,put,2026-10-09,SPY,764.1799926757812,2026-09-11T22:36:07.928373+00:00
766.0,10.99,11.06,10.9,405.0,162,0.11838650177001953,put,2026-10-09,SPY,764.1799926757812,2026-09-11T22:36:07.928373+00:00
767.0,11.43,11.52,11.41,103.0,787,0.11744046630859376,put,2026-10-09,SPY,764.1799926757812,2026-09-11T22:36:07.928373+00:00
768.0,11.89,11.99,11.85,43.0,529,0.11641813766479492,put,2026-10-09,SPY,764.1799926757812,2026-09-11T22:36:07.928373+00:00
769.0,12.29,12.7,12.35,9.0,218,0.1180355531311035,put,2026-10-09,SPY,764.1799926757812,2026-09-11T22:36:07.928373+00:00
770.0,12.7,13.22,12.96,122.0,371,0.11722684539794923,put,2026-10-09,SPY,764.1799926757812,2026-09-11T22:36:07.928373+00:00
771.0,13.22,13.76,13.21,5.0,508,0.11647917221069337,put,2026-10-09,SPY,764.1799926757812,2026-09-11T22:36:07.928373+00:00
772.0,13.76,14.3,13.7,41.0,127,0.11551787811279299,put,2026-10-09,SPY,764.1799926757812,2026-09-11T22:36:07.928373+00:00
773.0,13.31,15.05,14.21,20.0,219,0.11695218994140624,put,2026-10-09,SPY,764.1799926757812,2026-09-11T22:36:07.928373+00:00
774.0,14.7,15.64,19.55,20.0,53,0.116219775390625,put,2026-10-09,SPY,764.1799926757812,2026-09-11T22:36:07.928373+00:00
775.0,15.28,16.12,16.0,20.0,184,0.11390046264648437,put,2026-10-09,SPY,764.1799926757812,2026-09-11T22:36:07.928373+00:00
776.0,16.18,16.9,16.0,1.0,24,0.11518218811035157,put,2026-10-09,SPY,764.1799926757812,2026-09-11T22:36:07.928373+00:00
777.0,15.82,18.43,17.22,11.0,33,0.12604633728027342,put,2026-10-09,SPY,764.1799926757812,2026-09-11T22:36:07.928373+00:00
778.0,16.5,19.11,17.2,20.0,17,0.12589375091552735,put,2026-10-09,SPY,764.1799926757812,2026-09-11T22:36:07.928373+00:00
779.0,18.24,19.83,18.19,1.0,1,0.12610737182617188,put,2026-10-09,SPY,764.1799926757812,2026-09-11T22:36:07.928373+00:00
780.0,17.88,20.59,25.23,33.0,68,0.12671771728515624,put,2026-10-09,SPY,764.1799926757812,2026-09-11T22:36:07.928373+00:00
781.0,19.65,21.47,26.14,2.0,3,0.1288234091186523,put,2026-10-09,SPY,764.1799926757812,2026-09-11T22:36:07.928373+00:00
783.0,21.2,23.38,16.76,1.0,0,0.1348658291625977,put,2026-10-09,SPY,764.1799926757812,2026-09-11T22:36:07.928373+00:00
785.0,21.83,24.98,22.32,18.0,4,0.13620858917236328,put,2026-10-09,SPY,764.1799926757812,2026-09-11T22:36:07.928373+00:00
786.0,22.68,25.84,19.96,3.0,3,0.13758186645507814,put,2026-10-09,SPY,764.1799926757812,2026-09-11T22:36:07.928373+00:00
787.0,23.54,26.7,25.66,1.0,4,0.13886359191894532,put,2026-10-09,SPY,764.1799926757812,2026-09-11T22:36:07.928373+00:00
788.0,24.42,27.57,23.27,1.0,3,0.14020635192871095,put,2026-10-09,SPY,764.1799926757812,2026-09-11T22:36:07.928373+00:00
790.0,25.61,29.36,32.73,4.0,22,0.14344118286132812,put,2026-10-09,SPY,764.1799926757812,2026-09-11T22:36:07.928373+00:00
792.0,28.0,31.2,29.5,13.0,5,0.1471642901611328,put,2026-10-09,SPY,764.1799926757812,2026-09-11T22:36:07.928373+00:00
793.0,28.38,32.13,30.68,2.0,1,0.1491173956298828,put,2026-10-09,SPY,764.1799926757812,2026-09-11T22:36:07.928373+00:00
794.0,29.33,33.07,26.2,4.0,2,0.15119257019042973,put,2026-10-09,SPY,764.1799926757812,2026-09-11T22:36:07.928373+00:00
795.0,30.28,34.01,30.75,2.0,5,0.15320671020507814,put,2026-10-09,SPY,764.1799926757812,2026-09-11T22:36:07.928373+00:00
803.0,38.08,41.72,46.53,4.0,4,0.17133397033691405,put,2026-10-09,SPY,764.1799926757812,2026-09-11T22:36:07.928373+00:00
804.0,39.06,42.63,40.58,1.0,1,0.17240207489013676,put,2026-10-09,SPY,764.1799926757812,2026-09-11T22:36:07.928373+00:00
806.0,41.05,44.62,44.71,,1,0.17774259765625,put,2026-10-09,SPY,764.1799926757812,2026-09-11T22:36:07.928373+00:00
810.0,45.02,48.64,48.2,,4,0.18909502319335939,put,2026-10-09,SPY,764.1799926757812,2026-09-11T22:36:07.928373+00:00
814.0,49.01,52.65,47.81,,1,0.20002020690917968,put,2026-10-09,SPY,764.1799926757812,2026-09-11T22:36:07.928373+00:00
824.0,58.99,62.59,55.47,1.0,1,0.22458661163330074,put,2026-10-09,SPY,764.1799926757812,2026-09-11T22:36:07.928373+00:00
300.0,463.35,466.95,466.69,246.0,89,0.946289599609375,call,2026-11-20,SPY,764.1799926757812,2026-09-11T22:36:07.928373+00:00
325.0,431.32,434.78,419.74,,1,1.0000000000000003e-05,call,2026-11-20,SPY,764.1799926757812,2026-09-11T22:36:07.928373+00:00
340.0,416.6,420.11,400.8,,1,1.0000000000000003e-05,call,2026-11-20,SPY,764.1799926757812,2026-09-11T22:36:07.928373+00:00
345.0,418.75,422.36,417.85,,0,0.8605970971679688,call,2026-11-20,SPY,764.1799926757812,2026-09-11T22:36:07.928373+00:00
350.0,414.25,416.95,404.55,,1,0.8508315698242188,call,2026-11-20,SPY,764.1799926757812,2026-09-11T22:36:07.928373+00:00
380.0,377.36,380.87,349.59,,1,1.0000000000000003e-05,call,2026-11-20,SPY,764.1799926757812,2026-09-11T22:36:07.928373+00:00
395.0,369.25,372.84,383.68,,1,0.7648949291992189,call,2026-11-20,SPY,764.1799926757812,2026-09-11T22:36:07.928373+00:00
400.0,0.0,0.0,340.95,,0,1.0000000000000003e-05,call,2026-11-20,SPY,764.1799926757812,2026-09-11T22:36:07.928373+00:00
410.0,355.02,357.71,345.76,,1,0.7469507727050781,call,2026-11-20,SPY,764.1799926757812,2026-09-11T22:36:07.928373+00:00
415.0,327.7,330.89,329.02,,0,1.0000000000000003e-05,call,2026-11-20,SPY,764.1799926757812,2026-09-11T22:36:07.928373+00:00
425.0,339.55,343.15,343.99,3.0,8,0.7077665942382813,call,2026-11-20,SPY,764.1799926757812,2026-09-11T22:36:07.928373+00:00
430.0,340.02,343.54,311.32,,1,0.9029550720214843,call,2026-11-20,SPY,764.1799926757812,2026-09-11T22:36:07.928373+00:00
435.0,323.5,326.96,308.45,1.0,21,1.0000000000000003e-05,call,2026-11-20,SPY,764.1799926757812,2026-09-11T22:36:07.928373+00:00
440.0,0.0,0.0,325.14,1.0,0,1.0000000000000003e-05,call,2026-11-20,SPY,764.1799926757812,2026-09-11T22:36:07.928373+00:00
445.0,319.74,323.37,323.45,,4,0.6698641412353517,call,2026-11-20,SPY,764.1799926757812,2026-09-11T22:36:07.928373+00:00
450.0,314.83,318.38,318.28,5.0,16,0.6603427520751954,call,2026-11-20,SPY,764.1799926757812,2026-09-11T22:36:07.928373+00:00
460.0,304.91,308.54,306.12,14.0,2,0.6423375610351563,call,2026-11-20,SPY,764.1799926757812,2026-09-11T22:36:07.928373+00:00
465.0,299.99,303.6,302.88,1.0,3,0.6337316900634766,call,2026-11-20,SPY,764.1799926757812,2026-09-11T22:36:07.928373+00:00
470.0,295.05,298.66,296.01,4.0,5,0.6246985772705078,call,2026-11-20,SPY,764.1799926757812,2026-09-11T22:36:07.928373+00:00
480.0,285.17,288.78,288.93,1.0,8,0.606571317138672,call,2026-11-20,SPY,764.1799926757812,2026-09-11T22:36:07.928373+00:00
485.0,274.68,278.09,258.69,,2,1.0000000000000003e-05,call,2026-11-20,SPY,764.1799926757812,2026-09-11T22:36:07.928373+00:00
490.0,280.74,284.26,254.08,20.0,33,0.7475000836181642,call,2026-11-20,SPY,764.1799926757812,2026-09-11T22:36:07.928373+00:00
495.0,270.34,273.97,273.3,,1,0.5793499096679688,call,2026-11-20,SPY,764.1799926757812,2026-09-11T22:36:07.928373+00:00
500.0,265.41,269.0,272.1,1.0,24,0.5698285205078125,call,2026-11-20,SPY,764.1799926757812,2026-09-11T22:36:07.928373+00:00
505.0,260.47,264.1,256.15,,1,0.561527822265625,call,2026-11-20,SPY,764.1799926757812,2026-09-11T22:36:07.928373+00:00
510.0,255.56,259.16,262.45,4.0,1,0.5529829858398438,call,2026-11-20,SPY,764.1799926757812,2026-09-11T22:36:07.928373+00:00
515.0,250.63,254.23,245.68,4.0,97,0.5442550457763673,call,2026-11-20,SPY,764.1799926757812,2026-09-11T22:36:07.928373+00:00
520.0,245.68,249.31,240.76,8.0,52,0.5352829675292969,call,2026-11-20,SPY,764.1799926757812,2026-09-11T22:36:07.928373+00:00
525.0,240.77,244.35,235.84,4.0,6,0.5263108892822266,call,2026-11-20,SPY,764.1799926757812,2026-09-11T22:36:07.928373+00:00
530.0,235.83,239.46,231.1,2.0,85,0.5180101910400392,call,2026-11-20,SPY,764.1799926757812,2026-09-11T22:36:07.928373+00:00
535.0,230.81,234.5,226.03,4.0,10,0.5072681109619142,call,2026-11-20,SPY,764.1799926757812,2026-09-11T22:36:07.928373+00:00
540.0,225.98,229.61,221.08,4.0,8,0.5006763800048828,call,2026-11-20,SPY,764.1799926757812,2026-09-11T22:36:07.928373+00:00
545.0,221.06,224.69,216.2,4.0,4,0.5405624557495119,call,2026-11-20,SPY,764.1799926757812,2026-09-11T22:36:07.928373+00:00
550.0,216.05,219.74,217.2,1.0,23,0.5300339965820313,call,2026-11-20,SPY,764.1799926757812,2026-09-11T22:36:07.928373+00:00
555.0,211.23,214.86,206.35,8.0,9,0.5211839874267576,call,2026-11-20,SPY,764.1799926757812,2026-09-11T22:36:07.928373+00:00
560.0,206.25,209.95,206.28,1.0,16,0.5116015637207032,call,2026-11-20,SPY,764.1799926757812,2026-09-11T22:36:07.928373+00:00
565.0,201.34,205.0,201.39,2.0,12,0.501103621826172,call,2026-11-20,SPY,764.1799926757812,2026-09-11T22:36:07.928373+00:00
570.0,196.51,200.13,191.65,4.0,5,0.4923756817626954,call,2026-11-20,SPY,764.1799926757812,2026-09-11T22:36:07.928373+00:00
575.0,191.53,195.19,187.94,5.0,5,0.4821523953247071,call,2026-11-20,SPY,764.1799926757812,2026-09-11T22:36:07.928373+00:00
580.0,186.64,190.32,181.86,8.0,52,0.4733634207153321,call,2026-11-20,SPY,764.1799926757812,2026-09-11T22:36:07.928373+00:00
585.0,181.74,185.39,176.98,4.0,5,0.46332323791503904,call,2026-11-20,SPY,764.1799926757812,2026-09-11T22:36:07.928373+00:00
595.0,171.95,175.64,174.45,6.0,6,0.4453485641479492,call,2026-11-20,SPY,764.1799926757812,2026-09-11T22:36:07.928373+00:00
600.0,167.07,170.72,169.49,73.0,1510,0.43543045043945316,call,2026-11-20,SPY,764.1799926757812,2026-09-11T22:36:07.928373+00:00
605.0,167.69,171.22,177.37,1.0,0,0.5120898400878906,call,2026-11-20,SPY,764.1799926757812,2026-09-11T22:36:07.928373+00:00
610.0,157.32,160.96,161.77,1.0,9,0.41702853485107416,call,2026-11-20,SPY,764.1799926757812,2026-09-11T22:36:07.928373+00:00
615.0,152.46,156.13,151.58,1.0,20,0.40860576751708977,call,2026-11-20,SPY,764.1799926757812,2026-09-11T22:36:07.928373+00:00
620.0,147.59,151.23,152.44,4.0,14,0.39893179199218753,call,2026-11-20,SPY,764.1799926757812,2026-09-11T22:36:07.928373+00:00
625.0,142.8,146.41,161.03,1.0,4,0.39053954193115237,call,2026-11-20,SPY,764.1799926757812,2026-09-11T22:36:07.928373+00:00
630.0,137.91,141.45,138.56,11.0,781,0.3797669445800781,call,2026-11-20,SPY,764.1799926757812,2026-09-11T22:36:07.928373+00:00
635.0,133.09,136.61,134.7,1.0,139,0.37091693542480464,call,2026-11-20,SPY,764.1799926757812,2026-09-11T22:36:07.928373+00:00
640.0,128.28,131.78,131.06,20.0,357,0.3620974435424804,call,2026-11-20,SPY,764.1799926757812,2026-09-11T22:36:07.928373+00:00
645.0,123.46,126.96,120.38,1.0,69,0.35333898620605464,call,2026-11-20,SPY,764.1799926757812,2026-09-11T22:36:07.928373+00:00
650.0,118.66,122.15,121.06,1.0,2045,0.3446110461425781,call,2026-11-20,SPY,764.1799926757812,2026-09-11T22:36:07.928373+00:00
655.0,113.87,117.36,117.15,70.0,15,0.3360509510803223,call,2026-11-20,SPY,764.1799926757812,2026-09-11T22:36:07.928373+00:00
660.0,109.11,112.57,111.97,21.0,226,0.32733826965332036,call,2026-11-20,SPY,764.1799926757812,2026-09-11T22:36:07.928373+00:00
665.0,104.36,107.81,101.25,1.0,89,0.3188849850463866,call,2026-11-20,SPY,764.1799926757812,2026-09-11T22:36:07.928373+00:00
670.0,99.62,103.06,104.92,7.0,457,0.3103859245300293,call,2026-11-20,SPY,764.1799926757812,2026-09-11T22:36:07.928373+00:00
675.0,94.92,98.33,91.75,3.0,77,0.3019478985595704,call,2026-11-20,SPY,764.1799926757812,2026-09-11T22:36:07.928373+00:00
680.0,90.22,93.1,92.29,1.0,648,0.28733012481689446,call,2026-11-20,SPY,764.1799926757812,2026-09-11T22:36:07.928373+00:00
685.0,85.55,88.95,82.45,1.0,302,0.28543805389404286,call,2026-11-20,SPY,764.1799926757812,2026-09-11T22:36:07.928373+00:00
690.0,80.91,84.29,83.95,2.0,1384,0.27715261428833,call,2026-11-20,SPY,764.1799926757812,2026-09-11T22:36:07.928373+00:00
695.0,76.3,79.67,73.1,1.0,119,0.2690502783203125,call,2026-11-20,SPY,764.1799926757812,2026-09-11T22:36:07.928373+00:00
700.0,71.78,75.09,74.83,1.0,6117,0.26108527008056637,call,2026-11-20,SPY,764.1799926757812,2026-09-11T22:36:07.928373+00:00
705.0,67.25,70.55,70.0,3.0,248,0.25318129638671877,call,2026-11-20,SPY,764.1799926757812,2026-09-11T22:36:07.928373+00:00
710.0,62.72,66.05,65.46,4.0,444,0.2453230986022949,call,2026-11-20,SPY,764.1799926757812,2026-09-11T22:36:07.928373+00:00
715.0,58.3,61.61,61.15,1.0,119,0.2376480044555664,call,2026-11-20,SPY,764.1799926757812,2026-09-11T22:36:07.928373+00:00
720.0,53.89,57.22,55.83,2.0,1877,0.22997291030883787,call,2026-11-20,SPY,764.1799926757812,2026-09-11T22:36:07.928373+00:00
725.0,50.45,52.45,51.76,12.0,1609,0.21845263977050777,call,2026-11-20,SPY,764.1799926757812,2026-09-11T22:36:07.928373+00:00
730.0,45.81,48.0,47.42,24.0,1786,0.2093890097045898,call,2026-11-20,SPY,764.1799926757812,2026-09-11T22:36:07.928373+00:00
735.0,42.29,44.42,43.97,20.0,1888,0.20710021423339842,call,2026-11-20,SPY,764.1799926757812,2026-09-11T22:36:07.928373+00:00
740.0,38.25,40.49,39.19,12.0,2836,0.20099675964355468,call,2026-11-20,SPY,764.1799926757812,2026-09-11T22:36:07.928373+00:00
745.0,34.36,35.62,35.27,130.0,2851,0.1866994172668457,call,2026-11-20,SPY,764.1799926757812,2026-09-11T22:36:07.928373+00:00
750.0,30.7,31.18,31.18,10.0,6543,0.1751944053649902,call,2026-11-20,SPY,764.1799926757812,2026-09-11T22:36:07.928373+00:00
755.0,27.08,27.43,27.53,33.0,1756,0.16817543258666995,call,2026-11-20,SPY,764.1799926757812,2026-09-11T22:36:07.928373+00:00
760.0,23.73,23.95,23.8,433.0,5047,0.16207197799682616,call,2026-11-20,SPY,764.1799926757812,2026-09-11T22:36:07.928373+00:00
765.0,20.52,20.6,20.55,414.0,5743,0.15570912658691405,call,2026-11-20,SPY,764.1799926757812,2026-09-11T22:36:07.928373+00:00
770.0,17.49,17.56,17.51,456.0,5974,0.15027705200195315,call,2026-11-20,SPY,764.1799926757812,2026-09-11T22:36:07.928373+00:00
775.0,14.71,14.77,14.82,519.0,8307,0.14518066741943358,call,2026-11-20,SPY,764.1799926757812,2026-09-11T22:36:07.928373+00:00
780.0,12.2,12.26,12.25,471.0,8882,0.14054204193115233,call,2026-11-20,SPY,764.1799926757812,2026-09-11T22:36:07.928373+00:00
785.0,9.97,10.02,9.99,280.0,6451,0.13620858917236328,call,2026-11-20,SPY,764.1799926757812,2026-09-11T22:36:07.928373+00:00
790.0,8.04,8.09,8.02,588.0,6505,0.1324854818725586,call,2026-11-20,SPY,764.1799926757812,2026-09-11T22:36:07.928373+00:00
795.0,6.39,6.44,6.45,366.0,4280,0.12917435775756836,call,2026-11-20,SPY,764.1799926757812,2026-09-11T22:36:07.928373+00:00
800.0,5.03,5.06,5.03,1646.0,4607,0.1263209927368164,call,2026-11-20,SPY,764.1799926757812,2026-09-11T22:36:07.928373+00:00
805.0,3.9,3.93,3.9,104.0,3539,0.12391012817382813,call,2026-11-20,SPY,764.1799926757812,2026-09-11T22:36:07.928373+00:00
810.0,3.0,3.03,3.02,1585.0,6865,0.12204857452392578,call,2026-11-20,SPY,764.1799926757812,2026-09-11T22:36:07.928373+00:00
815.0,2.28,2.31,2.42,341.0,3083,0.1204616763305664,call,2026-11-20,SPY,764.1799926757812,2026-09-11T22:36:07.928373+00:00
820.0,1.72,1.74,1.82,130.0,3270,0.11908839904785155,call,2026-11-20,SPY,764.1799926757812,2026-09-11T22:36:07.928373+00:00
825.0,1.3,1.31,1.3,47.0,4655,0.118172880859375,call,2026-11-20,SPY,764.1799926757812,2026-09-11T22:36:07.928373+00:00
830.0,0.97,0.99,0.98,306.0,3421,0.11777615631103515,call,2026-11-20,SPY,764.1799926757812,2026-09-11T22:36:07.928373+00:00
835.0,0.74,0.75,0.77,1272.0,1217,0.1176846044921875,call,2026-11-20,SPY,764.1799926757812,2026-09-11T22:36:07.928373+00:00
840.0,0.56,0.57,0.57,264.0,793,0.1178677081298828,call,2026-11-20,SPY,764.1799926757812,2026-09-11T22:36:07.928373+00:00
845.0,0.43,0.44,0.44,61.0,1229,0.11853908813476563,call,2026-11-20,SPY,764.1799926757812,2026-09-11T22:36:07.928373+00:00
850.0,0.34,0.35,0.34,32.0,4026,0.11975977905273436,call,2026-11-20,SPY,764.1799926757812,2026-09-11T22:36:07.928373+00:00
855.0,0.27,0.28,0.3,7.0,992,0.1211025390625,call,2026-11-20,SPY,764.1799926757812,2026-09-11T22:36:07.928373+00:00
860.0,0.22,0.23,0.26,36.0,666,0.12293357543945313,call,2026-11-20,SPY,764.1799926757812,2026-09-11T22:36:07.928373+00:00
865.0,0.18,0.19,0.21,1.0,710,0.12476461181640625,call,2026-11-20,SPY,764.1799926757812,2026-09-11T22:36:07.928373+00:00
870.0,0.15,0.16,0.15,11.0,258,0.12696185546875,call,2026-11-20,SPY,764.1799926757812,2026-09-11T22:36:07.928373+00:00
875.0,0.13,0.14,0.14,1.0,23262,0.12952530639648438,call,2026-11-20,SPY,764.1799926757812,2026-09-11T22:36:07.928373+00:00
880.0,0.11,0.12,0.1,1.0,1103,0.131844619140625,call,2026-11-20,SPY,764.1799926757812,2026-09-11T22:36:07.928373+00:00
885.0,0.09,0.1,0.1,6.0,756,0.13355358642578125,call,2026-11-20,SPY,764.1799926757812,2026-09-11T22:36:07.928373+00:00
890.0,0.08,0.09,0.15,18.0,778,0.1362391064453125,call,2026-11-20,SPY,764.1799926757812,2026-09-11T22:36:07.928373+00:00
895.0,0.07,0.08,0.11,1.0,994,0.13892462646484377,call,2026-11-20,SPY,764.1799926757812,2026-09-11T22:36:07.928373+00:00
900.0,0.06,0.07,0.07,376.0,2308,0.14112187011718752,call,2026-11-20,SPY,764.1799926757812,2026-09-11T22:36:07.928373+00:00
905.0,0.05,0.06,0.07,1.0,1202,0.1430749755859375,call,2026-11-20,SPY,764.1799926757812,2026-09-11T22:36:07.928373+00:00
910.0,0.05,0.06,0.06,3.0,242,0.147469462890625,call,2026-11-20,SPY,764.1799926757812,2026-09-11T22:36:07.928373+00:00
915.0,0.04,0.05,0.05,4.0,241,0.148446015625,call,2026-11-20,SPY,764.1799926757812,2026-09-11T22:36:07.928373+00:00
920.0,0.04,0.05,0.04,20.0,137,0.15235222656250003,call,2026-11-20,SPY,764.1799926757812,2026-09-11T22:36:07.928373+00:00
925.0,0.03,0.04,0.03,25.0,71,0.15332877929687502,call,2026-11-20,SPY,764.1799926757812,2026-09-11T22:36:07.928373+00:00
930.0,0.03,0.04,0.04,8.0,57,0.157234990234375,call,2026-11-20,SPY,764.1799926757812,2026-09-11T22:36:07.928373+00:00
935.0,0.03,0.04,0.03,4.0,9,0.161141201171875,call,2026-11-20,SPY,764.1799926757812,2026-09-11T22:36:07.928373+00:00
940.0,0.02,0.03,0.03,262.0,422,0.1601646484375,call,2026-11-20,SPY,764.1799926757812,2026-09-11T22:36:07.928373+00:00
945.0,0.02,0.03,0.02,1.0,272,0.16407085937500002,call,2026-11-20,SPY,764.1799926757812,2026-09-11T22:36:07.928373+00:00
950.0,0.02,0.03,0.02,4.0,2394,0.16797707031250003,call,2026-11-20,SPY,764.1799926757812,2026-09-11T22:36:07.928373+00:00
955.0,0.02,0.03,0.03,7.0,28,0.17188328125000002,call,2026-11-20,SPY,764.1799926757812,2026-09-11T22:36:07.928373+00:00
960.0,0.02,0.03,0.03,2.0,30,0.174812939453125,call,2026-11-20,SPY,764.1799926757812,2026-09-11T22:36:07.928373+00:00
965.0,0.01,0.02,0.04,1.0,51,0.17285983398437502,call,2026-11-20,SPY,764.1799926757812,2026-09-11T22:36:07.928373+00:00
970.0,0.01,0.02,0.01,1.0,35,0.1757894921875,call,2026-11-20,SPY,764.1799926757812,2026-09-11T22:36:07.928373+00:00
975.0,0.01,0.02,0.03,40.0,49,0.179695703125,call,2026-11-20,SPY,764.1799926757812,2026-09-11T22:36:07.928373+00:00
980.0,0.01,0.02,0.03,297.0,403,0.18360191406249998,call,2026-11-20,SPY,764.1799926757812,2026-09-11T22:36:07.928373+00:00
985.0,0.01,0.02,0.02,1.0,851,0.186531572265625,call,2026-11-20,SPY,764.1799926757812,2026-09-11T22:36:07.928373+00:00
990.0,0.01,0.02,0.02,90.0,526,0.18946123046875002,call,2026-11-20,SPY,764.1799926757812,2026-09-11T22:36:07.928373+00:00
995.0,0.01,0.02,0.02,50.0,405,0.19336744140625,call,2026-11-20,SPY,764.1799926757812,2026-09-11T22:36:07.928373+00:00
1000.0,0.01,0.02,0.03,1.0,771,0.196297099609375,call,2026-11-20,SPY,764.1799926757812,2026-09-11T22:36:07.928373+00:00
300.0,0.05,0.06,0.06,270.0,3980,0.7050810742187501,put,2026-11-20,SPY,764.1799926757812,2026-09-11T22:36:07.928373+00:00
305.0,0.05,0.06,0.06,20.0,1405,0.69336244140625,put,2026-11-20,SPY,764.1799926757812,2026-09-11T22:36:07.928373+00:00
310.0,0.05,0.06,0.07,2.0,126,0.6816438085937502,put,2026-11-20,SPY,764.1799926757812,2026-09-11T22:36:07.928373+00:00
315.0,0.05,0.06,0.07,12.0,506,0.6699251757812501,put,2026-11-20,SPY,764.1799926757812,2026-09-11T22:36:07.928373+00:00
320.0,0.06,0.07,0.08,305.0,391,0.6679720703125002,put,2026-11-20,SPY,764.1799926757812,2026-09-11T22:36:07.928373+00:00
325.0,0.06,0.07,0.08,4.0,242,0.6562534375000001,put,2026-11-20,SPY,764.1799926757812,2026-09-11T22:36:07.928373+00:00
330.0,0.06,0.07,0.09,10.0,148,0.64648791015625,put,2026-11-20,SPY,764.1799926757812,2026-09-11T22:36:07.928373+00:00
335.0,0.07,0.08,0.08,1.0,77,0.6425816992187501,put,2026-11-20,SPY,764.1799926757812,2026-09-11T22:36:07.928373+00:00
340.0,0.07,0.08,0.1,1.0,2066,0.632816171875,put,2026-11-20,SPY,764.1799926757812,2026-09-11T22:36:07.928373+00:00
345.0,0.08,0.09,0.08,2.0,368,0.6289099609375001,put,2026-11-20,SPY,764.1799926757812,2026-09-11T22:36:07.928373+00:00
350.0,0.08,0.09,0.08,3.0,838,0.6171913281250001,put,2026-11-20,SPY,764.1799926757812,2026-09-11T22:36:07.928373+00:00
355.0,0.09,0.1,0.09,727.0,1963,0.6132851171875001,put,2026-11-20,SPY,764.1799926757812,2026-09-11T22:36:07.928373+00:00
360.0,0.09,0.1,0.09,42.0,2141,0.6035195898437502,put,2026-11-20,SPY,764.1799926757812,2026-09-11T22:36:07.928373+00:00
365.0,0.1,0.11,0.11,185.0,14608,0.5986368261718751,put,2026-11-20,SPY,764.1799926757812,2026-09-11T22:36:07.928373+00:00
370.0,0.1,0.11,0.11,15.0,10541,0.58789474609375,put,2026-11-20,SPY,764.1799926757812,2026-09-11T22:36:07.928373+00:00
375.0,0.11,0.12,0.12,12.0,1395,0.5830119824218749,put,2026-11-20,SPY,764.1799926757812,2026-09-11T22:36:07.928373+00:00
380.0,0.12,0.13,0.12,16.0,150498,0.577152666015625,put,2026-11-20,SPY,764.1799926757812,2026-09-11T22:36:07.928373+00:00
385.0,0.12,0.13,0.12,10.0,179,0.567387138671875,put,2026-11-20,SPY,764.1799926757812,2026-09-11T22:36:07.928373+00:00
390.0,0.13,0.14,0.13,35.0,104201,0.561527822265625,put,2026-11-20,SPY,764.1799926757812,2026-09-11T22:36:07.928373+00:00
395.0,0.14,0.15,0.15,15.0,220,0.5556685058593751,put,2026-11-20,SPY,764.1799926757812,2026-09-11T22:36:07.928373+00:00
400.0,0.15,0.16,0.16,19.0,75329,0.5498091894531252,put,2026-11-20,SPY,764.1799926757812,2026-09-11T22:36:07.928373+00:00
405.0,0.16,0.17,0.17,15.0,300,0.5429733203125001,put,2026-11-20,SPY,764.1799926757812,2026-09-11T22:36:07.928373+00:00
410.0,0.17,0.18,0.17,16.0,1433,0.5371140039062501,put,2026-11-20,SPY,764.1799926757812,2026-09-11T22:36:07.928373+00:00
415.0,0.18,0.19,0.17,20.0,329,0.5302781347656251,put,2026-11-20,SPY,764.1799926757812,2026-09-11T22:36:07.928373+00:00
420.0,0.19,0.2,0.19,13.0,760,0.523442265625,put,2026-11-20,SPY,764.1799926757812,2026-09-11T22:36:07.928373+00:00
425.0,0.2,0.21,0.21,1.0,232,0.516606396484375,put,2026-11-20,SPY,764.1799926757812,2026-09-11T22:36:07.928373+00:00
430.0,0.21,0.22,0.21,20.0,2752,0.5097705273437501,put,2026-11-20,SPY,764.1799926757812,2026-09-11T22:36:07.928373+00:00
435.0,0.23,0.24,0.22,50.0,125,0.5053760400390624,put,2026-11-20,SPY,764.1799926757812,2026-09-11T22:36:07.928373+00:00
440.0,0.24,0.25,0.24,2.0,63,0.4995167236328125,put,2026-11-20,SPY,764.1799926757812,2026-09-11T22:36:07.928373+00:00
445.0,0.25,0.26,0.25,2.0,88,0.49219257812500006,put,2026-11-20,SPY,764.1799926757812,2026-09-11T22:36:07.928373+00:00
450.0,0.27,0.28,0.28,1.0,1160,0.48730981445312505,put,2026-11-20,SPY,764.1799926757812,2026-09-11T22:36:07.928373+00:00
455.0,0.28,0.29,0.3,4.0,166,0.47998566894531247,put,2026-11-20,SPY,764.1799926757812,2026-09-11T22:36:07.928373+00:00
460.0,0.3,0.31,0.37,3.0,796,0.47437049072265625,put,2026-11-20,SPY,764.1799926757812,2026-09-11T22:36:07.928373+00:00
465.0,0.32,0.33,0.32,2.0,3044,0.4687553125,put,2026-11-20,SPY,764.1799926757812,2026-09-11T22:36:07.928373+00:00
470.0,0.34,0.35,0.33,5.0,5922,0.46289599609375004,put,2026-11-20,SPY,764.1799926757812,2026-09-11T22:36:07.928373+00:00
475.0,0.35,0.36,0.45,18.0,3205,0.45532771240234376,put,2026-11-20,SPY,764.1799926757812,2026-09-11T22:36:07.928373+00:00
480.0,0.37,0.38,0.38,72.0,5290,0.44922425781249997,put,2026-11-20,SPY,764.1799926757812,2026-09-11T22:36:07.928373+00:00
485.0,0.39,0.4,0.38,2.0,204,0.44312080322265623,put,2026-11-20,SPY,764.1799926757812,2026-09-11T22:36:07.928373+00:00
490.0,0.42,0.43,0.5,6.0,146,0.4379939013671875,put,2026-11-20,SPY,764.1799926757812,2026-09-11T22:36:07.928373+00:00
495.0,0.44,0.45,0.45,2.0,205,0.43164630859375,put,2026-11-20,SPY,764.1799926757812,2026-09-11T22:36:07.928373+00:00
500.0,0.46,0.47,0.46,222.0,303543,0.4250545776367188,put,2026-11-20,SPY,764.1799926757812,2026-09-11T22:36:07.928373+00:00
505.0,0.49,0.5,0.6,3.0,194,0.4195614685058594,put,2026-11-20,SPY,764.1799926757812,2026-09-11T22:36:07.928373+00:00
510.0,0.52,0.53,0.52,79.0,200277,0.4138242211914062,put,2026-11-20,SPY,764.1799926757812,2026-09-11T22:36:07.928373+00:00
515.0,0.54,0.55,0.55,6.0,8049,0.40698835205078127,put,2026-11-20,SPY,764.1799926757812,2026-09-11T22:36:07.928373+00:00
520.0,0.57,0.58,0.57,5.0,152702,0.40112903564453123,put,2026-11-20,SPY,764.1799926757812,2026-09-11T22:36:07.928373+00:00
525.0,0.6,0.61,0.6,3.0,461,0.39502558105468755,put,2026-11-20,SPY,764.1799926757812,2026-09-11T22:36:07.928373+00:00
530.0,0.64,0.65,0.8,60.0,624,0.38977661010742193,put,2026-11-20,SPY,764.1799926757812,2026-09-11T22:36:07.928373+00:00
535.0,0.67,0.68,0.67,53.0,247,0.3834290173339844,put,2026-11-20,SPY,764.1799926757812,2026-09-11T22:36:07.928373+00:00
540.0,0.71,0.72,0.7,16.0,730,0.37781383911132804,put,2026-11-20,SPY,764.1799926757812,2026-09-11T22:36:07.928373+00:00
545.0,0.75,0.76,0.75,2.0,856,0.372076591796875,put,2026-11-20,SPY,764.1799926757812,2026-09-11T22:36:07.928373+00:00
550.0,0.79,0.8,0.78,67.0,4358,0.3660952062988281,put,2026-11-20,SPY,764.1799926757812,2026-09-11T22:36:07.928373+00:00
555.0,0.83,0.84,0.83,4.0,681,0.35999175170898434,put,2026-11-20,SPY,764.1799926757812,2026-09-11T22:36:07.928373+00:00
560.0,0.87,0.88,1.05,11.0,4817,0.3537662280273437,put,2026-11-20,SPY,764.1799926757812,2026-09-11T22:36:07.928373+00:00
565.0,0.92,0.93,0.93,35.0,2042,0.34802898071289057,put,2026-11-20,SPY,764.1799926757812,2026-09-11T22:36:07.928373+00:00
570.0,0.97,0.98,0.95,3.0,1097,0.3421696643066406,put,2026-11-20,SPY,764.1799926757812,2026-09-11T22:36:07.928373+00:00
575.0,1.03,1.04,1.0,3.0,905,0.33667655517578127,put,2026-11-20,SPY,764.1799926757812,2026-09-11T22:36:07.928373+00:00
580.0,1.08,1.09,1.09,112.0,17432,0.33045103149414057,put,2026-11-20,SPY,764.1799926757812,2026-09-11T22:36:07.928373+00:00
585.0,1.14,1.15,1.16,3.0,518,0.324652749633789,put,2026-11-20,SPY,764.1799926757812,2026-09-11T22:36:07.928373+00:00
590.0,1.21,1.22,1.22,78.0,1591,0.31909860595703116,put,2026-11-20,SPY,764.1799926757812,2026-09-11T22:36:07.928373+00:00
595.0,1.28,1.29,1.32,7.0,621,0.3133613586425781,put,2026-11-20,SPY,764.1799926757812,2026-09-11T22:36:07.928373+00:00
600.0,1.35,1.36,1.37,678.0,3885,0.30750204223632804,put,2026-11-20,SPY,764.1799926757812,2026-09-11T22:36:07.928373+00:00
605.0,1.43,1.44,1.48,12.0,714,0.3018258294677735,put,2026-11-20,SPY,764.1799926757812,2026-09-11T22:36:07.928373+00:00
610.0,1.51,1.52,1.49,36.0,2108,0.295905478515625,put,2026-11-20,SPY,764.1799926757812,2026-09-11T22:36:07.928373+00:00
615.0,1.6,1.61,1.61,111.0,3385,0.2902292657470703,put,2026-11-20,SPY,764.1799926757812,2026-09-11T22:36:07.928373+00:00
620.0,1.69,1.7,1.7,5072.0,156687,0.2843089147949218,put,2026-11-20,SPY,764.1799926757812,2026-09-11T22:36:07.928373+00:00
625.0,1.8,1.81,1.8,52.0,1967,0.2788158056640625,put,2026-11-20,SPY,764.1799926757812,2026-09-11T22:36:07.928373+00:00
630.0,1.91,1.92,1.91,9.0,101614,0.27307855834960937,put,2026-11-20,SPY,764.1799926757812,2026-09-11T22:36:07.928373+00:00
635.0,2.02,2.04,2.02,581.0,764,0.2674328628540039,put,2026-11-20,SPY,764.1799926757812,2026-09-11T22:36:07.928373+00:00
640.0,2.15,2.17,2.16,1342.0,78479,0.26178716735839846,put,2026-11-20,SPY,764.1799926757812,2026-09-11T22:36:07.928373+00:00
645.0,2.29,2.31,2.32,552.0,1660,0.25617198913574224,put,2026-11-20,SPY,764.1799926757812,2026-09-11T22:36:07.928373+00:00
650.0,2.45,2.46,2.45,370.0,14594,0.25049577636718745,put,2026-11-20,SPY,764.1799926757812,2026-09-11T22:36:07.928373+00:00
655.0,2.61,2.62,2.6,179.0,11859,0.2447585290527344,put,2026-11-20,SPY,764.1799926757812,2026-09-11T22:36:07.928373+00:00
660.0,2.79,2.8,2.81,229.0,12650,0.23917386810302732,put,2026-11-20,SPY,764.1799926757812,2026-09-11T22:36:07.928373+00:00
665.0,2.99,3.0,2.98,68.0,1634,0.23371127624511717,put,2026-11-20,SPY,764.1799926757812,2026-09-11T22:36:07.928373+00:00
670.0,3.2,3.22,3.19,264.0,4307,0.22824868438720702,put,2026-11-20,SPY,764.1799926757812,2026-09-11T22:36:07.928373+00:00
675.0,3.43,3.46,3.43,108.0,4276,0.22278609252929685,put,2026-11-20,SPY,764.1799926757812,2026-09-11T22:36:07.928373+00:00
680.0,3.69,3.72,3.72,8715.0,37824,0.2172929833984375,put,2026-11-20,SPY,764.1799926757812,2026-09-11T22:36:07.928373+00:00
685.0,3.97,4.0,3.98,83.0,7178,0.21170832244873045,put,2026-11-20,SPY,764.1799926757812,2026-09-11T22:36:07.928373+00:00
690.0,4.29,4.32,4.3,93.0,20088,0.2063067651367187,put,2026-11-20,SPY,764.1799926757812,2026-09-11T22:36:07.928373+00:00
695.0,4.63,4.66,4.64,117.0,5016,0.2007221041870117,put,2026-11-20,SPY,764.1799926757812,2026-09-11T22:36:07.928373+00:00
700.0,5.01,5.05,5.06,4431.0,32586,0.19535106414794923,put,2026-11-20,SPY,764.1799926757812,2026-09-11T22:36:07.928373+00:00
705.0,5.44,5.47,5.42,89.0,7295,0.18982743774414065,put,2026-11-20,SPY,764.1799926757812,2026-09-11T22:36:07.928373+00:00
710.0,5.91,5.94,5.92,949.0,6872,0.18433432861328125,put,2026-11-20,SPY,764.1799926757812,2026-09-11T22:36:07.928373+00:00
715.0,6.43,6.47,6.45,254.0,23198,0.1789327713012695,put,2026-11-20,SPY,764.1799926757812,2026-09-11T22:36:07.928373+00:00
720.0,7.02,7.06,7.04,9603.0,15563,0.17350069671630858,put,2026-11-20,SPY,764.1799926757812,2026-09-11T22:36:07.928373+00:00
725.0,7.68,7.72,7.73,205.0,15251,0.16808388076782232,put,2026-11-20,SPY,764.1799926757812,2026-09-11T22:36:07.928373+00:00
730.0,8.42,8.46,8.45,1420.0,29061,0.16266706481933596,put,2026-11-20,SPY,764.1799926757812,2026-09-11T22:36:07.928373+00:00
735.0,9.25,9.31,9.29,182.0,5827,0.15740283523559573,put,2026-11-20,SPY,764.1799926757812,2026-09-11T22:36:07.928373+00:00
740.0,10.19,10.26,10.22,582.0,13289,0.15207757110595704,put,2026-11-20,SPY,764.1799926757812,2026-09-11T22:36:07.928373+00:00
745.0,11.27,11.33,11.35,1366.0,25278,0.14673704833984375,put,2026-11-20,SPY,764.1799926757812,2026-09-11T22:36:07.928373+00:00
750.0,12.48,12.54,12.57,2221.0,30342,0.14141178421020512,put,2026-11-20,SPY,764.1799926757812,2026-09-11T22:36:07.928373+00:00
755.0,13.86,13.93,13.87,245.0,8686,0.1362238478088379,put,2026-11-20,SPY,764.1799926757812,2026-09-11T22:36:07.928373+00:00
760.0,15.43,15.51,15.49,1599.0,5835,0.13111220458984374,put,2026-11-20,SPY,764.1799926757812,2026-09-11T22:36:07.928373+00:00
765.0,17.26,17.31,17.26,2183.0,5035,0.12607685455322265,put,2026-11-20,SPY,764.1799926757812,2026-09-11T22:36:07.928373+00:00
770.0,19.27,19.37,19.35,1378.0,11756,0.12125512542724609,put,2026-11-20,SPY,764.1799926757812,2026-09-11T22:36:07.928373+00:00
775.0,21.6,21.7,21.58,116.0,3459,0.1165402067565918,put,2026-11-20,SPY,764.1799926757812,2026-09-11T22:36:07.928373+00:00
780.0,23.82,24.72,24.06,180.0,2915,0.11510589492797851,put,2026-11-20,SPY,764.1799926757812,2026-09-11T22:36:07.928373+00:00
785.0,26.4,28.54,27.61,4.0,677,0.1183254672241211,put,2026-11-20,SPY,764.1799926757812,2026-09-11T22:36:07.928373+00:00
790.0,29.1,32.01,30.18,14.0,1409,0.11692167266845702,put,2026-11-20,SPY,764.1799926757812,2026-09-11T22:36:07.928373+00:00
795.0,32.78,35.82,33.75,11.0,162,0.1166927931213379,put,2026-11-20,SPY,764.1799926757812,2026-09-11T22:36:07.928373+00:00
800.0,36.55,40.31,37.79,36.0,496,0.1217434017944336,put,2026-11-20,SPY,764.1799926757812,2026-09-11T22:36:07.928373+00:00
805.0,40.92,44.67,47.79,1.0,24,0.12442892181396485,put,2026-11-20,SPY,764.1799926757812,2026-09-11T22:36:07.928373+00:00
810.0,45.52,49.19,45.57,3.0,9,0.1279078909301758,put,2026-11-20,SPY,764.1799926757812,2026-09-11T22:36:07.928373+00:00
815.0,50.3,53.81,52.71,3.0,44,0.13178358459472655,put,2026-11-20,SPY,764.1799926757812,2026-09-11T22:36:07.928373+00:00
820.0,55.17,58.62,53.5,1.0,6,0.1375513491821289,put,2026-11-20,SPY,764.1799926757812,2026-09-11T22:36:07.928373+00:00
825.0,60.12,63.53,64.05,5.0,135,0.14438721832275392,put,2026-11-20,SPY,764.1799926757812,2026-09-11T22:36:07.928373+00:00
830.0,65.05,68.48,61.79,1.0,1,0.15155877746582033,put,2026-11-20,SPY,764.1799926757812,2026-09-11T22:36:07.928373+00:00
835.0,70.07,73.5,72.34,1.0,1,0.15964585479736326,put,2026-11-20,SPY,764.1799926757812,2026-09-11T22:36:07.928373+00:00
840.0,69.47,72.99,68.45,,0,1.0000000000000003e-05,put,2026-11-20,SPY,764.1799926757812,2026-09-11T22:36:07.928373+00:00
850.0,109.23,112.51,100.49,19.0,0,0.4249935430908204,put,2026-11-20,SPY,764.1799926757812,2026-09-11T22:36:07.928373+00:00
865.0,0.0,0.0,118.14,1.0,0,1.0000000000000003e-05,put,2026-11-20,SPY,764.1799926757812,2026-09-11T22:36:07.928373+00:00
900.0,143.85,147.3,145.67,,0,0.37436538726806634,put,2026-11-20,SPY,764.1799926757812,2026-09-11T22:36:07.928373+00:00
950.0,184.98,188.46,177.32,1.0,1,0.31012652770996096,put,2026-11-20,SPY,764.1799926757812,2026-09-11T22:36:07.928373+00:00
960.0,189.24,192.76,195.82,,0,1.0000000000000003e-05,put,2026-11-20,SPY,764.1799926757812,2026-09-11T22:36:07.928373+00:00
150.0,612.55,615.8,596.0,2.0,6,1.4755885595703124,call,2026-12-18,SPY,764.1799926757812,2026-09-11T22:36:07.928373+00:00
200.0,563.15,566.59,566.9,1.0,753,1.0722702636718753,call,2026-12-18,SPY,764.1799926757812,2026-09-11T22:36:07.928373+00:00
210.0,553.27,556.71,557.33,2.0,382,1.0595750146484377,call,2026-12-18,SPY,764.1799926757812,2026-09-11T22:36:07.928373+00:00
220.0,519.23,522.72,515.9,71.0,82,1.0000000000000003e-05,call,2026-12-18,SPY,764.1799926757812,2026-09-11T22:36:07.928373+00:00
230.0,533.5,536.95,536.7,2.0,14,1.0261279162597656,call,2026-12-18,SPY,764.1799926757812,2026-09-11T22:36:07.928373+00:00
240.0,523.79,526.89,511.4,1.0,27,1.007329182128906,call,2026-12-18,SPY,764.1799926757812,2026-09-11T22:36:07.928373+00:00
245.0,424.91,428.79,422.0,4.0,21,1.0000000000000003e-05,call,2026-12-18,SPY,764.1799926757812,2026-09-11T22:36:07.928373+00:00
250.0,513.75,517.19,512.19,2.0,145,0.9897461962890625,call,2026-12-18,SPY,764.1799926757812,2026-09-11T22:36:07.928373+00:00
255.0,508.82,512.25,512.73,2.0,4,0.9805910144042969,call,2026-12-18,SPY,764.1799926757812,2026-09-11T22:36:07.928373+00:00
260.0,503.87,507.36,504.85,1.0,15,0.9729006616210938,call,2026-12-18,SPY,764.1799926757812,2026-09-11T22:36:07.928373+00:00
265.0,430.6,434.44,427.58,2.0,120,1.0000000000000003e-05,call,2026-12-18,SPY,764.1799926757812,2026-09-11T22:36:07.928373+00:00
270.0,486.36,489.87,486.29,2.0,65,1.0000000000000003e-05,call,2026-12-18,SPY,764.1799926757812,2026-09-11T22:36:07.928373+00:00
275.0,489.05,492.55,490.09,2.0,124,0.9436040795898437,call,2026-12-18,SPY,764.1799926757812,2026-09-11T22:36:07.928373+00:00
280.0,484.11,487.56,488.33,2.0,56,0.9311530322265625,call,2026-12-18,SPY,764.1799926757812,2026-09-11T22:36:07.928373+00:00
285.0,385.58,389.46,353.65,2.0,103,1.0000000000000003e-05,call,2026-12-18,SPY,764.1799926757812,2026-09-11T22:36:07.928373+00:00
290.0,474.23,477.69,478.48,2.0,16,0.9117440466308593,call,2026-12-18,SPY,764.1799926757812,2026-09-11T22:36:07.928373+00:00
295.0,393.0,397.73,404.0,1.0,78,1.0000000000000003e-05,call,2026-12-18,SPY,764.1799926757812,2026-09-11T22:36:07.928373+00:00
300.0,464.35,467.86,480.12,1.0,240,0.8936778210449219,call,2026-12-18,SPY,764.1799926757812,2026-09-11T22:36:07.928373+00:00
305.0,464.74,468.19,469.7,1.0,6,1.1355023693847657,call,2026-12-18,SPY,764.1799926757812,2026-09-11T22:36:07.928373+00:00
310.0,0.0,0.0,446.05,1.0,0,1.0000000000000003e-05,call,2026-12-18,SPY,764.1799926757812,2026-09-11T22:36:07.928373+00:00
315.0,449.56,453.01,449.87,1.0,147,0.8636488244628906,call,2026-12-18,SPY,764.1799926757812,2026-09-11T22:36:07.928373+00:00
320.0,444.59,448.07,445.4,18.0,29,0.852662606201172,call,2026-12-18,SPY,764.1799926757812,2026-09-11T22:36:07.928373+00:00
325.0,432.54,436.05,411.16,1.0,58,1.0000000000000003e-05,call,2026-12-18,SPY,764.1799926757812,2026-09-11T22:36:07.928373+00:00
330.0,0.0,0.0,415.5,1.0,0,1.0000000000000003e-05,call,2026-12-18,SPY,764.1799926757812,2026-09-11T22:36:07.928373+00:00
335.0,422.77,426.28,414.01,1.0,11,1.0000000000000003e-05,call,2026-12-18,SPY,764.1799926757812,2026-09-11T22:36:07.928373+00:00
340.0,0.0,0.0,308.13,11.0,0,1.0000000000000003e-05,call,2026-12-18,SPY,764.1799926757812,2026-09-11T22:36:07.928373+00:00
345.0,0.0,0.0,416.84,2.0,0,1.0000000000000003e-05,call,2026-12-18,SPY,764.1799926757812,2026-09-11T22:36:07.928373+00:00
350.0,415.0,418.47,417.89,2.0,74,0.7963277203369141,call,2026-12-18,SPY,764.1799926757812,2026-09-11T22:36:07.928373+00:00
355.0,410.56,413.66,394.98,1.0,13,0.8031025549316406,call,2026-12-18,SPY,764.1799926757812,2026-09-11T22:36:07.928373+00:00
360.0,405.64,408.74,396.38,10.0,21,0.7939473730468749,call,2026-12-18,SPY,764.1799926757812,2026-09-11T22:36:07.928373+00:00
365.0,400.21,403.68,414.5,1.0,75,0.7687401055908205,call,2026-12-18,SPY,764.1799926757812,2026-09-11T22:36:07.928373+00:00
370.0,395.29,398.75,405.46,3.0,109,0.7598290618896486,call,2026-12-18,SPY,764.1799926757812,2026-09-11T22:36:07.928373+00:00
375.0,395.67,399.16,405.25,1.0,15,0.934143724975586,call,2026-12-18,SPY,764.1799926757812,2026-09-11T22:36:07.928373+00:00
380.0,385.41,388.89,396.6,2.0,37,0.741091456298828,call,2026-12-18,SPY,764.1799926757812,2026-09-11T22:36:07.928373+00:00
385.0,380.5,383.96,375.75,7.0,26,0.7324245507812499,call,2026-12-18,SPY,764.1799926757812,2026-09-11T22:36:07.928373+00:00
390.0,375.55,379.03,377.47,2.0,143,0.7229031616210937,call,2026-12-18,SPY,764.1799926757812,2026-09-11T22:36:07.928373+00:00
395.0,370.64,374.1,375.82,100.0,93,0.7142362561035156,call,2026-12-18,SPY,764.1799926757812,2026-09-11T22:36:07.928373+00:00
400.0,365.71,369.18,366.93,18.0,13718,0.7053862469482424,call,2026-12-18,SPY,764.1799926757812,2026-09-11T22:36:07.928373+00:00
405.0,360.79,364.25,362.09,4.0,254,0.6965972723388674,call,2026-12-18,SPY,764.1799926757812,2026-09-11T22:36:07.928373+00:00
410.0,355.88,359.33,357.69,2.0,183,0.6881745050048829,call,2026-12-18,SPY,764.1799926757812,2026-09-11T22:36:07.928373+00:00
415.0,350.92,354.4,354.91,4.0,329,0.6785920812988282,call,2026-12-18,SPY,764.1799926757812,2026-09-11T22:36:07.928373+00:00
420.0,346.01,349.48,348.95,1.0,174,0.6701693139648439,call,2026-12-18,SPY,764.1799926757812,2026-09-11T22:36:07.928373+00:00
425.0,341.08,344.55,338.75,1.0,283,0.661258270263672,call,2026-12-18,SPY,764.1799926757812,2026-09-11T22:36:07.928373+00:00
430.0,336.14,339.63,340.18,54.0,216,0.6523472265625001,call,2026-12-18,SPY,764.1799926757812,2026-09-11T22:36:07.928373+00:00
435.0,331.24,334.71,325.92,7.0,145,0.644107562866211,call,2026-12-18,SPY,764.1799926757812,2026-09-11T22:36:07.928373+00:00
440.0,326.3,329.79,329.36,1.0,336,0.6352575537109376,call,2026-12-18,SPY,764.1799926757812,2026-09-11T22:36:07.928373+00:00
445.0,321.4,324.87,320.58,1.0,123,0.627078924560547,call,2026-12-18,SPY,764.1799926757812,2026-09-11T22:36:07.928373+00:00
450.0,316.47,319.95,315.7,8.0,463,0.6183509844970705,call,2026-12-18,SPY,764.1799926757812,2026-09-11T22:36:07.928373+00:00
455.0,311.55,315.07,314.78,2.0,87,0.6104775280761721,call,2026-12-18,SPY,764.1799926757812,2026-09-11T22:36:07.928373+00:00
460.0,306.63,310.12,310.16,2.0,224,0.6015054498291017,call,2026-12-18,SPY,764.1799926757812,2026-09-11T22:36:07.928373+00:00
465.0,301.73,305.21,297.1,2.0,92,0.5934488897705079,call,2026-12-18,SPY,764.1799926757812,2026-09-11T22:36:07.928373+00:00
470.0,296.81,300.29,292.17,2.0,246,0.584965087890625,call,2026-12-18,SPY,764.1799926757812,2026-09-11T22:36:07.928373+00:00
475.0,291.89,295.38,294.03,2.0,1083,0.5766643896484375,call,2026-12-18,SPY,764.1799926757812,2026-09-11T22:36:07.928373+00:00
480.0,286.96,290.47,292.27,1.0,204,0.5681805877685546,call,2026-12-18,SPY,764.1799926757812,2026-09-11T22:36:07.928373+00:00
485.0,282.07,285.56,292.93,12.0,868,0.5602460968017577,call,2026-12-18,SPY,764.1799926757812,2026-09-11T22:36:07.928373+00:00
490.0,277.15,280.65,281.28,2.0,821,0.5519453985595704,call,2026-12-18,SPY,764.1799926757812,2026-09-11T22:36:07.928373+00:00
495.0,272.24,275.78,267.79,1.0,1977,0.5442550457763673,call,2026-12-18,SPY,764.1799926757812,2026-09-11T22:36:07.928373+00:00
500.0,267.36,270.84,269.72,13.0,3728,0.5360458993530274,call,2026-12-18,SPY,764.1799926757812,2026-09-11T22:36:07.928373+00:00
505.0,262.44,265.94,264.78,13.0,1444,0.5278367529296876,call,2026-12-18,SPY,764.1799926757812,2026-09-11T22:36:07.928373+00:00
510.0,257.41,261.04,253.0,10.0,1957,0.5183153637695312,call,2026-12-18,SPY,764.1799926757812,2026-09-11T22:36:07.928373+00:00
515.0,252.64,256.18,255.56,49.0,2064,0.5123339782714844,call,2026-12-18,SPY,764.1799926757812,2026-09-11T22:36:07.928373+00:00
520.0,247.6,251.29,252.59,1.0,3031,0.5028736236572267,call,2026-12-18,SPY,764.1799926757812,2026-09-11T22:36:07.928373+00:00
525.0,242.72,246.36,245.53,1.0,828,0.532231240234375,call,2026-12-18,SPY,764.1799926757812,2026-09-11T22:36:07.928373+00:00
530.0,237.81,241.47,233.15,1.0,2113,0.5235643347167969,call,2026-12-18,SPY,764.1799926757812,2026-09-11T22:36:07.928373+00:00
535.0,232.99,236.58,229.5,1.0,2369,0.5149584637451172,call,2026-12-18,SPY,764.1799926757812,2026-09-11T22:36:07.928373+00:00
540.0,228.16,231.69,230.31,1.0,3482,0.5063220755004882,call,2026-12-18,SPY,764.1799926757812,2026-09-11T22:36:07.928373+00:00
545.0,223.25,226.84,224.5,1.0,1698,0.4983875845336915,call,2026-12-18,SPY,764.1799926757812,2026-09-11T22:36:07.928373+00:00
550.0,218.36,221.93,214.85,8.0,3972,0.489384989013672,call,2026-12-18,SPY,764.1799926757812,2026-09-11T22:36:07.928373+00:00
555.0,213.52,217.09,223.67,1.0,1678,0.48160308441162114,call,2026-12-18,SPY,764.1799926757812,2026-09-11T22:36:07.928373+00:00
560.0,208.6,212.18,212.0,1.0,1924,0.47260048889160156,call,2026-12-18,SPY,764.1799926757812,2026-09-11T22:36:07.928373+00:00
565.0,203.78,207.31,200.57,1.0,1623,0.46426927337646484,call,2026-12-18,SPY,764.1799926757812,2026-09-11T22:36:07.928373+00:00
570.0,198.89,202.48,195.77,1.0,5220,0.4565789205932618,call,2026-12-18,SPY,764.1799926757812,2026-09-11T22:36:07.928373+00:00
575.0,194.01,197.61,198.9,12.0,848,0.4481866705322265,call,2026-12-18,SPY,764.1799926757812,2026-09-11T22:36:07.928373+00:00
580.0,189.16,192.73,192.23,1.0,1994,0.4396418341064453,call,2026-12-18,SPY,764.1799926757812,2026-09-11T22:36:07.928373+00:00
585.0,184.31,187.88,186.25,1.0,968,0.4315242395019532,call,2026-12-18,SPY,764.1799926757812,2026-09-11T22:36:07.928373+00:00
590.0,179.51,183.07,182.66,3.0,2453,0.4239559558105469,call,2026-12-18,SPY,764.1799926757812,2026-09-11T22:36:07.928373+00:00
595.0,174.63,178.23,176.0,1.0,1513,0.4158688784790039,call,2026-12-18,SPY,764.1799926757812,2026-09-11T22:36:07.928373+00:00
600.0,169.83,173.4,172.29,12.0,4511,0.4079191288757324,call,2026-12-18,SPY,764.1799926757812,2026-09-11T22:36:07.928373+00:00
605.0,165.01,168.55,167.61,5.0,2761,0.39963368927001963,call,2026-12-18,SPY,764.1799926757812,2026-09-11T22:36:07.928373+00:00
610.0,160.17,163.72,162.68,16.0,1356,0.39157712921142573,call,2026-12-18,SPY,764.1799926757812,2026-09-11T22:36:07.928373+00:00
615.0,155.38,158.91,157.3,4.0,1456,0.38373419006347653,call,2026-12-18,SPY,764.1799926757812,2026-09-11T22:36:07.928373+00:00
620.0,150.58,154.11,152.55,4.0,2745,0.3759522854614258,call,2026-12-18,SPY,764.1799926757812,2026-09-11T22:36:07.928373+00:00
625.0,145.79,149.31,148.38,46.0,1569,0.36807882904052736,call,2026-12-18,SPY,764.1799926757812,2026-09-11T22:36:07.928373+00:00
630.0,141.02,144.53,140.97,6.0,905,0.3603884762573242,call,2026-12-18,SPY,764.1799926757812,2026-09-11T22:36:07.928373+00:00
635.0,136.25,139.75,136.2,1.0,1767,0.3526065716552734,call,2026-12-18,SPY,764.1799926757812,2026-09-11T22:36:07.928373+00:00
640.0,131.51,134.99,133.44,2.0,2238,0.34497725341796875,call,2026-12-18,SPY,764.1799926757812,2026-09-11T22:36:07.928373+00:00
645.0,126.77,129.0,123.26,10.0,984,0.3234625759887695,call,2026-12-18,SPY,764.1799926757812,2026-09-11T22:36:07.928373+00:00
650.0,122.04,125.02,124.3,9.0,3500,0.3245611978149413,call,2026-12-18,SPY,764.1799926757812,2026-09-11T22:36:07.928373+00:00
655.0,117.34,120.79,113.52,5.0,1087,0.3223029196166991,call,2026-12-18,SPY,764.1799926757812,2026-09-11T22:36:07.928373+00:00
660.0,112.64,116.09,115.31,4.0,1378,0.31485670501708973,call,2026-12-18,SPY,764.1799926757812,2026-09-11T22:36:07.928373+00:00
665.0,107.97,111.41,110.94,2.0,1662,0.3074562663269042,call,2026-12-18,SPY,764.1799926757812,2026-09-11T22:36:07.928373+00:00
670.0,103.32,106.75,106.59,4.0,2369,0.30011686218261713,call,2026-12-18,SPY,764.1799926757812,2026-09-11T22:36:07.928373+00:00
675.0,98.7,102.12,101.22,19.0,4312,0.29288426849365223,call,2026-12-18,SPY,764.1799926757812,2026-09-11T22:36:07.928373+00:00
680.0,94.09,97.51,96.02,8.0,4743,0.28566693344116206,call,2026-12-18,SPY,764.1799926757812,2026-09-11T22:36:07.928373+00:00
685.0,89.51,92.93,92.55,3.0,2836,0.27852589157104496,call,2026-12-18,SPY,764.1799926757812,2026-09-11T22:36:07.928373+00:00
690.0,84.97,88.37,86.47,8.0,3428,0.2713543324279785,call,2026-12-18,SPY,764.1799926757812,2026-09-11T22:36:07.928373+00:00
695.0,80.45,83.85,82.54,15.0,2173,0.26428958374023437,call,2026-12-18,SPY,764.1799926757812,2026-09-11T22:36:07.928373+00:00
700.0,75.99,79.37,78.36,15.0,9980,0.2573011282348633,call,2026-12-18,SPY,764.1799926757812,2026-09-11T22:36:07.928373+00:00
705.0,71.55,74.93,73.72,2.0,3575,0.2503737072753906,call,2026-12-18,SPY,764.1799926757812,2026-09-11T22:36:07.928373+00:00
710.0,67.16,70.53,69.51,4.0,7662,0.24346154495239258,call,2026-12-18,SPY,764.1799926757812,2026-09-11T22:36:07.928373+00:00
715.0,62.82,66.19,64.94,9.0,2514,0.23668671035766603,call,2026-12-18,SPY,764.1799926757812,2026-09-11T22:36:07.928373+00:00
720.0,58.55,61.91,60.48,41.0,4395,0.23001868621826171,call,2026-12-18,SPY,764.1799926757812,2026-09-11T22:36:07.928373+00:00
725.0,54.33,57.69,56.61,11.0,4834,0.22339643798828124,call,2026-12-18,SPY,764.1799926757812,2026-09-11T22:36:07.928373+00:00
730.0,50.19,53.55,47.5,11.0,8463,0.21691914680480956,call,2026-12-18,SPY,764.1799926757812,2026-09-11T22:36:07.928373+00:00
735.0,46.14,49.5,47.84,3.0,4567,0.21060970062255857,call,2026-12-18,SPY,764.1799926757812,2026-09-11T22:36:07.928373+00:00
740.0,42.17,45.46,44.82,8.0,6865,0.20385775398254394,call,2026-12-18,SPY,764.1799926757812,2026-09-11T22:36:07.928373+00:00
745.0,39.13,40.4,40.33,12.0,8251,0.18985795501708985,call,2026-12-18,SPY,764.1799926757812,2026-09-11T22:36:07.928373+00:00
750.0,35.48,36.26,37.16,45.0,29716,0.18146570495605469,call,2026-12-18,SPY,764.1799926757812,2026-09-11T22:36:07.928373+00:00
755.0,31.9,32.61,32.56,65.0,6696,0.1756063885498047,call,2026-12-18,SPY,764.1799926757812,2026-09-11T22:36:07.928373+00:00
760.0,28.97,29.19,29.69,3370.0,10018,0.17043371078491215,call,2026-12-18,SPY,764.1799926757812,2026-09-11T22:36:07.928373+00:00
765.0,25.72,25.8,25.81,3224.0,7622,0.16460491165161134,call,2026-12-18,SPY,764.1799926757812,2026-09-11T22:36:07.928373+00:00
770.0,22.62,22.7,22.81,282.0,11236,0.1596763720703125,call,2026-12-18,SPY,764.1799926757812,2026-09-11T22:36:07.928373+00:00
775.0,19.7,19.79,20.15,439.0,9744,0.1549385654449463,call,2026-12-18,SPY,764.1799926757812,2026-09-11T22:36:07.928373+00:00
780.0,17.02,17.11,17.09,807.0,28422,0.15056696609497072,call,2026-12-18,SPY,764.1799926757812,2026-09-11T22:36:07.928373+00:00
785.0,14.56,14.65,14.62,539.0,15225,0.14644713424682615,call,2026-12-18,SPY,764.1799926757812,2026-09-11T22:36:07.928373+00:00
790.0,12.36,12.43,12.62,188.0,13908,0.14267825103759768,call,2026-12-18,SPY,764.1799926757812,2026-09-11T22:36:07.928373+00:00
795.0,10.38,10.45,10.42,32.0,9816,0.1392603164672852,call,2026-12-18,SPY,764.1799926757812,2026-09-11T22:36:07.928373+00:00
800.0,8.68,8.72,8.68,1213.0,22483,0.13628488235473635,call,2026-12-18,SPY,764.1799926757812,2026-09-11T22:36:07.928373+00:00
805.0,7.17,7.21,7.19,60.0,12497,0.13358410369873047,call,2026-12-18,SPY,764.1799926757812,2026-09-11T22:36:07.928373+00:00
810.0,5.88,5.92,5.94,86.0,22417,0.13126479095458982,call,2026-12-18,SPY,764.1799926757812,2026-09-11T22:36:07.928373+00:00
815.0,4.8,4.84,4.84,219.0,14596,0.12937272003173828,call,2026-12-18,SPY,764.1799926757812,2026-09-11T22:36:07.928373+00:00
820.0,3.89,3.92,3.99,231.0,14210,0.1276332354736328,call,2026-12-18,SPY,764.1799926757812,2026-09-11T22:36:07.928373+00:00
825.0,3.13,3.16,3.17,90.0,14003,0.12621418228149411,call,2026-12-18,SPY,764.1799926757812,2026-09-11T22:36:07.928373+00:00
830.0,2.5,2.53,2.52,94.0,12066,0.12496297409057616,call,2026-12-18,SPY,764.1799926757812,2026-09-11T22:36:07.928373+00:00
835.0,1.99,2.02,2.0,1548.0,10184,0.12400167999267578,call,2026-12-18,SPY,764.1799926757812,2026-09-11T22:36:07.928373+00:00
840.0,1.59,1.6,1.59,702.0,8599,0.12308616180419923,call,2026-12-18,SPY,764.1799926757812,2026-09-11T22:36:07.928373+00:00
845.0,1.26,1.27,1.26,29.0,5018,0.12250633361816407,call,2026-12-18,SPY,764.1799926757812,2026-09-11T22:36:07.928373+00:00
850.0,1.0,1.01,1.01,386.0,11880,0.12220116088867189,call,2026-12-18,SPY,764.1799926757812,2026-09-11T22:36:07.928373+00:00
855.0,0.8,0.81,0.81,889.0,4058,0.12226219543457033,call,2026-12-18,SPY,764.1799926757812,2026-09-11T22:36:07.928373+00:00
860.0,0.64,0.65,0.68,14.0,5140,0.12244529907226565,call,2026-12-18,SPY,764.1799926757812,2026-09-11T22:36:07.928373+00:00
865.0,0.52,0.53,0.57,10.0,1708,0.12305564453125001,call,2026-12-18,SPY,764.1799926757812,2026-09-11T22:36:07.928373+00:00
870.0,0.42,0.43,0.39,3.0,2579,0.1235439208984375,call,2026-12-18,SPY,764.1799926757812,2026-09-11T22:36:07.928373+00:00
875.0,0.35,0.36,0.37,67.0,3462,0.12464254272460937,call,2026-12-18,SPY,764.1799926757812,2026-09-11T22:36:07.928373+00:00
880.0,0.29,0.3,0.31,1587.0,3924,0.12574116455078127,call,2026-12-18,SPY,764.1799926757812,2026-09-11T22:36:07.928373+00:00
885.0,0.25,0.26,0.25,1.0,3947,0.1274501318359375,call,2026-12-18,SPY,764.1799926757812,2026-09-11T22:36:07.928373+00:00
890.0,0.21,0.22,0.23,4.0,2336,0.12867082275390623,call,2026-12-18,SPY,764.1799926757812,2026-09-11T22:36:07.928373+00:00
895.0,0.19,0.2,0.21,25.0,1370,0.13111220458984374,call,2026-12-18,SPY,764.1799926757812,2026-09-11T22:36:07.928373+00:00
900.0,0.16,0.17,0.18,52.0,8389,0.13233289550781252,call,2026-12-18,SPY,764.1799926757812,2026-09-11T22:36:07.928373+00:00
905.0,0.14,0.15,0.22,2.0,2621,0.13428600097656251,call,2026-12-18,SPY,764.1799926757812,2026-09-11T22:36:07.928373+00:00
910.0,0.13,0.14,0.13,64.0,3931,0.13697152099609378,call,2026-12-18,SPY,764.1799926757812,2026-09-11T22:36:07.928373+00:00
915.0,0.11,0.12,0.16,1.0,2367,0.1381922119140625,call,2026-12-18,SPY,764.1799926757812,2026-09-11T22:36:07.928373+00:00
920.0,0.1,0.11,0.12,16.0,702,0.14038945556640625,call,2026-12-18,SPY,764.1799926757812,2026-09-11T22:36:07.928373+00:00
925.0,0.09,0.1,0.15,5.0,1231,0.14258669921875,call,2026-12-18,SPY,764.1799926757812,2026-09-11T22:36:07.928373+00:00
930.0,0.08,0.09,0.1,4.0,1713,0.1445398046875,call,2026-12-18,SPY,764.1799926757812,2026-09-11T22:36:07.928373+00:00
935.0,0.07,0.08,0.09,1.0,1991,0.14600463378906248,call,2026-12-18,SPY,764.1799926757812,2026-09-11T22:36:07.928373+00:00
940.0,0.07,0.08,0.07,6.0,433,0.149422568359375,call,2026-12-18,SPY,764.1799926757812,2026-09-11T22:36:07.928373+00:00
945.0,0.06,0.07,0.12,3.0,56,0.15088739746093754,call,2026-12-18,SPY,764.1799926757812,2026-09-11T22:36:07.928373+00:00
950.0,0.06,0.07,0.07,4.0,11406,0.15406119384765626,call,2026-12-18,SPY,764.1799926757812,2026-09-11T22:36:07.928373+00:00
955.0,0.05,0.06,0.07,1.0,77,0.15479360839843753,call,2026-12-18,SPY,764.1799926757812,2026-09-11T22:36:07.928373+00:00
960.0,0.05,0.06,0.06,1.0,942,0.15821154296875,call,2026-12-18,SPY,764.1799926757812,2026-09-11T22:36:07.928373+00:00
965.0,0.04,0.05,0.09,1.0,570,0.15869981933593752,call,2026-12-18,SPY,764.1799926757812,2026-09-11T22:36:07.928373+00:00
970.0,0.04,0.05,0.07,2.0,1019,0.16162947753906248,call,2026-12-18,SPY,764.1799926757812,2026-09-11T22:36:07.928373+00:00
975.0,0.04,0.05,0.1,5.0,1070,0.165047412109375,call,2026-12-18,SPY,764.1799926757812,2026-09-11T22:36:07.928373+00:00
980.0,0.03,0.04,0.07,1.0,1297,0.1645591357421875,call,2026-12-18,SPY,764.1799926757812,2026-09-11T22:36:07.928373+00:00
985.0,0.03,0.04,0.04,287.0,650,0.16748879394531252,call,2026-12-18,SPY,764.1799926757812,2026-09-11T22:36:07.928373+00:00
990.0,0.03,0.04,0.05,3.0,868,0.17090672851562502,call,2026-12-18,SPY,764.1799926757812,2026-09-11T22:36:07.928373+00:00
995.0,0.03,0.04,0.05,6.0,2272,0.17383638671875,call,2026-12-18,SPY,764.1799926757812,2026-09-11T22:36:07.928373+00:00
1000.0,0.02,0.03,0.03,20.0,2900,0.17188328125000002,call,2026-12-18,SPY,764.1799926757812,2026-09-11T22:36:07.928373+00:00
150.0,0.01,0.02,0.02,72.0,32671,0.92187578125,put,2026-12-18,SPY,764.1799926757812,2026-09-11T22:36:07.928373+00:00
200.0,0.03,0.04,0.03,410.0,32597,0.8164080859374999,put,2026-12-18,SPY,764.1799926757812,2026-09-11T22:36:07.928373+00:00
210.0,0.03,0.04,0.05,600.0,4816,0.7851583984375,put,2026-12-18,SPY,764.1799926757812,2026-09-11T22:36:07.928373+00:00
220.0,0.04,0.05,0.06,20.0,2482,0.773439765625,put,2026-12-18,SPY,764.1799926757812,2026-09-11T22:36:07.928373+00:00
230.0,0.05,0.06,0.05,1.0,8359,0.7597680273437502,put,2026-12-18,SPY,764.1799926757812,2026-09-11T22:36:07.928373+00:00
240.0,0.05,0.06,0.05,1.0,48970,0.73437765625,put,2026-12-18,SPY,764.1799926757812,2026-09-11T22:36:07.928373+00:00
245.0,0.06,0.07,0.05,2.0,523,0.7324245507812499,put,2026-12-18,SPY,764.1799926757812,2026-09-11T22:36:07.928373+00:00
250.0,0.06,0.07,0.08,7.0,5023,0.7187528125,put,2026-12-18,SPY,764.1799926757812,2026-09-11T22:36:07.928373+00:00
255.0,0.06,0.07,0.08,2.0,1440,0.7070341796875,put,2026-12-18,SPY,764.1799926757812,2026-09-11T22:36:07.928373+00:00
260.0,0.07,0.08,0.09,1.0,5248,0.70312796875,put,2026-12-18,SPY,764.1799926757812,2026-09-11T22:36:07.928373+00:00
265.0,0.07,0.08,0.08,12.0,256,0.6914093359375001,put,2026-12-18,SPY,764.1799926757812,2026-09-11T22:36:07.928373+00:00
270.0,0.08,0.09,0.09,1.0,690,0.6875031250000001,put,2026-12-18,SPY,764.1799926757812,2026-09-11T22:36:07.928373+00:00
275.0,0.08,0.09,0.09,1.0,6352,0.6757844921875001,put,2026-12-18,SPY,764.1799926757812,2026-09-11T22:36:07.928373+00:00
280.0,0.09,0.1,0.1,250.0,5313,0.6718782812500002,put,2026-12-18,SPY,764.1799926757812,2026-09-11T22:36:07.928373+00:00
285.0,0.09,0.1,0.11,18.0,1885,0.6601596484375001,put,2026-12-18,SPY,764.1799926757812,2026-09-11T22:36:07.928373+00:00
290.0,0.1,0.11,0.1,11.0,15168,0.6552768847656252,put,2026-12-18,SPY,764.1799926757812,2026-09-11T22:36:07.928373+00:00
295.0,0.11,0.12,0.11,64.0,2503,0.649417568359375,put,2026-12-18,SPY,764.1799926757812,2026-09-11T22:36:07.928373+00:00
300.0,0.11,0.12,0.13,15.0,9197,0.63867548828125,put,2026-12-18,SPY,764.1799926757812,2026-09-11T22:36:07.928373+00:00
305.0,0.12,0.13,0.13,10.0,418,0.632816171875,put,2026-12-18,SPY,764.1799926757812,2026-09-11T22:36:07.928373+00:00
310.0,0.13,0.14,0.14,136.0,1956,0.6269568554687501,put,2026-12-18,SPY,764.1799926757812,2026-09-11T22:36:07.928373+00:00
315.0,0.13,0.14,0.15,18.0,914,0.6162147753906251,put,2026-12-18,SPY,764.1799926757812,2026-09-11T22:36:07.928373+00:00
320.0,0.14,0.15,0.15,19.0,1493,0.6103554589843752,put,2026-12-18,SPY,764.1799926757812,2026-09-11T22:36:07.928373+00:00
325.0,0.15,0.16,0.15,10.0,3192,0.6044961425781252,put,2026-12-18,SPY,764.1799926757812,2026-09-11T22:36:07.928373+00:00
330.0,0.16,0.17,0.16,6.0,1016,0.5976602734375001,put,2026-12-18,SPY,764.1799926757812,2026-09-11T22:36:07.928373+00:00
335.0,0.17,0.18,0.17,6.0,263,0.5908244042968751,put,2026-12-18,SPY,764.1799926757812,2026-09-11T22:36:07.928373+00:00
340.0,0.18,0.19,0.18,5.0,2204,0.5844768115234374,put,2026-12-18,SPY,764.1799926757812,2026-09-11T22:36:07.928373+00:00
345.0,0.19,0.2,0.19,5.0,1459,0.5776409423828125,put,2026-12-18,SPY,764.1799926757812,2026-09-11T22:36:07.928373+00:00
350.0,0.2,0.21,0.2,177.0,157158,0.5712933496093751,put,2026-12-18,SPY,764.1799926757812,2026-09-11T22:36:07.928373+00:00
355.0,0.21,0.22,0.22,15.0,1311,0.5639692041015626,put,2026-12-18,SPY,764.1799926757812,2026-09-11T22:36:07.928373+00:00
360.0,0.22,0.23,0.22,2.0,3440,0.5571333349609376,put,2026-12-18,SPY,764.1799926757812,2026-09-11T22:36:07.928373+00:00
365.0,0.23,0.24,0.25,6.0,1899,0.5502974658203126,put,2026-12-18,SPY,764.1799926757812,2026-09-11T22:36:07.928373+00:00
370.0,0.24,0.25,0.25,1.0,2827,0.5434615966796876,put,2026-12-18,SPY,764.1799926757812,2026-09-11T22:36:07.928373+00:00
375.0,0.26,0.27,0.28,2.0,7728,0.5385788330078126,put,2026-12-18,SPY,764.1799926757812,2026-09-11T22:36:07.928373+00:00
380.0,0.27,0.28,0.32,2.0,2439,0.5317429638671876,put,2026-12-18,SPY,764.1799926757812,2026-09-11T22:36:07.928373+00:00
385.0,0.29,0.3,0.28,26.0,3407,0.526371923828125,put,2026-12-18,SPY,764.1799926757812,2026-09-11T22:36:07.928373+00:00
390.0,0.3,0.31,0.3,1.0,4334,0.5192919165039063,put,2026-12-18,SPY,764.1799926757812,2026-09-11T22:36:07.928373+00:00
395.0,0.32,0.33,0.4,1.0,7583,0.5141650146484374,put,2026-12-18,SPY,764.1799926757812,2026-09-11T22:36:07.928373+00:00
400.0,0.33,0.34,0.33,4.0,28656,0.506840869140625,put,2026-12-18,SPY,764.1799926757812,2026-09-11T22:36:07.928373+00:00
405.0,0.35,0.36,0.36,8.0,1239,0.5012256909179689,put,2026-12-18,SPY,764.1799926757812,2026-09-11T22:36:07.928373+00:00
410.0,0.37,0.38,0.37,1.0,16334,0.4963429272460938,put,2026-12-18,SPY,764.1799926757812,2026-09-11T22:36:07.928373+00:00
415.0,0.39,0.4,0.41,43.0,5037,0.4904836108398438,put,2026-12-18,SPY,764.1799926757812,2026-09-11T22:36:07.928373+00:00
420.0,0.41,0.42,0.42,3.0,4662,0.4846242944335938,put,2026-12-18,SPY,764.1799926757812,2026-09-11T22:36:07.928373+00:00
425.0,0.43,0.44,0.41,1.0,8567,0.47852083984375,put,2026-12-18,SPY,764.1799926757812,2026-09-11T22:36:07.928373+00:00
430.0,0.45,0.46,0.45,2.0,2390,0.4726615234375,put,2026-12-18,SPY,764.1799926757812,2026-09-11T22:36:07.928373+00:00
435.0,0.47,0.48,0.55,1.0,1116,0.46631393066406257,put,2026-12-18,SPY,764.1799926757812,2026-09-11T22:36:07.928373+00:00
440.0,0.49,0.5,0.5,2.0,646,0.4602104760742188,put,2026-12-18,SPY,764.1799926757812,2026-09-11T22:36:07.928373+00:00
445.0,0.52,0.53,0.5,3.0,1850,0.45508357421875,put,2026-12-18,SPY,764.1799926757812,2026-09-11T22:36:07.928373+00:00
450.0,0.54,0.55,0.55,3.0,27719,0.44873598144531246,put,2026-12-18,SPY,764.1799926757812,2026-09-11T22:36:07.928373+00:00
455.0,0.57,0.58,0.6,1.0,851,0.44336494140625,put,2026-12-18,SPY,764.1799926757812,2026-09-11T22:36:07.928373+00:00
460.0,0.6,0.61,0.58,615.0,2788,0.4379939013671875,put,2026-12-18,SPY,764.1799926757812,2026-09-11T22:36:07.928373+00:00
465.0,0.63,0.64,0.62,3.0,1232,0.43237872314453124,put,2026-12-18,SPY,764.1799926757812,2026-09-11T22:36:07.928373+00:00
470.0,0.66,0.67,0.65,62.0,6939,0.42676354492187507,put,2026-12-18,SPY,764.1799926757812,2026-09-11T22:36:07.928373+00:00
475.0,0.69,0.7,0.8,1.0,4562,0.42090422851562503,put,2026-12-18,SPY,764.1799926757812,2026-09-11T22:36:07.928373+00:00
480.0,0.72,0.73,0.72,125.0,311450,0.415044912109375,put,2026-12-18,SPY,764.1799926757812,2026-09-11T22:36:07.928373+00:00
485.0,0.76,0.77,0.74,25.0,3671,0.40991801025390623,put,2026-12-18,SPY,764.1799926757812,2026-09-11T22:36:07.928373+00:00
490.0,0.79,0.8,0.77,20.0,10983,0.40405869384765625,put,2026-12-18,SPY,764.1799926757812,2026-09-11T22:36:07.928373+00:00
495.0,0.83,0.84,0.83,1.0,1787,0.3986876538085938,put,2026-12-18,SPY,764.1799926757812,2026-09-11T22:36:07.928373+00:00
500.0,0.87,0.88,0.87,255.0,18756,0.3931945446777344,put,2026-12-18,SPY,764.1799926757812,2026-09-11T22:36:07.928373+00:00
505.0,0.91,0.92,0.94,3.0,1847,0.387701435546875,put,2026-12-18,SPY,764.1799926757812,2026-09-11T22:36:07.928373+00:00
510.0,0.96,0.97,1.16,3.0,3900,0.3825745336914062,put,2026-12-18,SPY,764.1799926757812,2026-09-11T22:36:07.928373+00:00
515.0,1.0,1.01,0.99,25.0,4587,0.37683728637695313,put,2026-12-18,SPY,764.1799926757812,2026-09-11T22:36:07.928373+00:00
520.0,1.05,1.06,1.06,65.0,12193,0.3715883154296875,put,2026-12-18,SPY,764.1799926757812,2026-09-11T22:36:07.928373+00:00
525.0,1.1,1.11,1.11,20.0,5150,0.366217275390625,put,2026-12-18,SPY,764.1799926757812,2026-09-11T22:36:07.928373+00:00
530.0,1.16,1.17,1.14,3.0,6061,0.36121244262695307,put,2026-12-18,SPY,764.1799926757812,2026-09-11T22:36:07.928373+00:00
535.0,1.21,1.22,1.22,7.0,3289,0.3556582989501953,put,2026-12-18,SPY,764.1799926757812,2026-09-11T22:36:07.928373+00:00
540.0,1.27,1.28,1.26,9.0,4665,0.350470362548828,put,2026-12-18,SPY,764.1799926757812,2026-09-11T22:36:07.928373+00:00
545.0,1.33,1.34,1.34,35.0,5167,0.3450993225097656,put,2026-12-18,SPY,764.1799926757812,2026-09-11T22:36:07.928373+00:00
550.0,1.4,1.41,1.4,255.0,14952,0.34003345520019534,put,2026-12-18,SPY,764.1799926757812,2026-09-11T22:36:07.928373+00:00
555.0,1.46,1.47,1.67,2.0,6015,0.33447931152343746,put,2026-12-18,SPY,764.1799926757812,2026-09-11T22:36:07.928373+00:00
560.0,1.54,1.55,1.88,5.0,11262,0.32959654785156245,put,2026-12-18,SPY,764.1799926757812,2026-09-11T22:36:07.928373+00:00
565.0,1.61,1.62,1.67,3.0,2723,0.324103438720703,put,2026-12-18,SPY,764.1799926757812,2026-09-11T22:36:07.928373+00:00
570.0,1.69,1.7,1.69,12.0,5027,0.3189765368652343,put,2026-12-18,SPY,764.1799926757812,2026-09-11T22:36:07.928373+00:00
575.0,1.78,1.79,1.76,11.0,7335,0.3139717041015625,put,2026-12-18,SPY,764.1799926757812,2026-09-11T22:36:07.928373+00:00
580.0,1.87,1.88,1.84,2.0,10045,0.30884480224609373,put,2026-12-18,SPY,764.1799926757812,2026-09-11T22:36:07.928373+00:00
585.0,1.96,1.97,1.98,12.0,5758,0.3035347967529296,put,2026-12-18,SPY,764.1799926757812,2026-09-11T22:36:07.928373+00:00
590.0,2.06,2.07,2.08,14.0,11228,0.2984078948974609,put,2026-12-18,SPY,764.1799926757812,2026-09-11T22:36:07.928373+00:00
595.0,2.17,2.18,2.64,192.0,4221,0.29340306213378897,put,2026-12-18,SPY,764.1799926757812,2026-09-11T22:36:07.928373+00:00
600.0,2.28,2.3,2.29,294.0,25506,0.28852029846191396,put,2026-12-18,SPY,764.1799926757812,2026-09-11T22:36:07.928373+00:00
605.0,2.41,2.42,2.4,78.0,8596,0.2834239138793945,put,2026-12-18,SPY,764.1799926757812,2026-09-11T22:36:07.928373+00:00
610.0,2.54,2.55,2.54,455.0,158064,0.27841908111572267,put,2026-12-18,SPY,764.1799926757812,2026-09-11T22:36:07.928373+00:00
615.0,2.67,2.69,2.7,26.0,5992,0.273444765625,put,2026-12-18,SPY,764.1799926757812,2026-09-11T22:36:07.928373+00:00
620.0,2.82,2.83,2.84,142.0,18619,0.2683178637695312,put,2026-12-18,SPY,764.1799926757812,2026-09-11T22:36:07.928373+00:00
625.0,2.98,2.99,2.99,304.0,23866,0.263404582824707,put,2026-12-18,SPY,764.1799926757812,2026-09-11T22:36:07.928373+00:00
630.0,3.15,3.16,3.17,47.0,40249,0.2584913018798829,put,2026-12-18,SPY,764.1799926757812,2026-09-11T22:36:07.928373+00:00
635.0,3.33,3.34,3.31,5.0,5456,0.25354750366210943,put,2026-12-18,SPY,764.1799926757812,2026-09-11T22:36:07.928373+00:00
640.0,3.52,3.54,3.56,507.0,11135,0.24872577453613282,put,2026-12-18,SPY,764.1799926757812,2026-09-11T22:36:07.928373+00:00
645.0,3.73,3.75,3.72,40.0,8045,0.2438430108642578,put,2026-12-18,SPY,764.1799926757812,2026-09-11T22:36:07.928373+00:00
650.0,3.95,3.98,3.97,10191.0,13648,0.23905179901123047,put,2026-12-18,SPY,764.1799926757812,2026-09-11T22:36:07.928373+00:00
655.0,4.19,4.22,4.16,166.0,5619,0.23416903533935546,put,2026-12-18,SPY,764.1799926757812,2026-09-11T22:36:07.928373+00:00
660.0,4.45,4.48,4.48,105.0,135090,0.2293167889404297,put,2026-12-18,SPY,764.1799926757812,2026-09-11T22:36:07.928373+00:00
665.0,4.73,4.75,4.74,59.0,16890,0.22431195617675775,put,2026-12-18,SPY,764.1799926757812,2026-09-11T22:36:07.928373+00:00
670.0,5.03,5.05,5.04,124.0,33494,0.21945970977783202,put,2026-12-18,SPY,764.1799926757812,2026-09-11T22:36:07.928373+00:00
675.0,5.35,5.38,5.37,12.0,9926,0.2146684979248047,put,2026-12-18,SPY,764.1799926757812,2026-09-11T22:36:07.928373+00:00
680.0,5.7,5.73,5.72,223.0,12523,0.20978573425292968,put,2026-12-18,SPY,764.1799926757812,2026-09-11T22:36:07.928373+00:00
685.0,6.08,6.11,6.11,16.0,6479,0.2049334878540039,put,2026-12-18,SPY,764.1799926757812,2026-09-11T22:36:07.928373+00:00
690.0,6.49,6.52,6.51,207.0,12025,0.20005072418212888,put,2026-12-18,SPY,764.1799926757812,2026-09-11T22:36:07.928373+00:00
695.0,6.94,6.97,6.92,39.0,11989,0.1952137364196777,put,2026-12-18,SPY,764.1799926757812,2026-09-11T22:36:07.928373+00:00
700.0,7.43,7.46,7.47,1511.0,36981,0.1903767486572266,put,2026-12-18,SPY,764.1799926757812,2026-09-11T22:36:07.928373+00:00
705.0,7.96,7.99,8.01,514.0,3853,0.18550924362182614,put,2026-12-18,SPY,764.1799926757812,2026-09-11T22:36:07.928373+00:00
710.0,8.54,8.57,8.59,267.0,17562,0.1806417385864258,put,2026-12-18,SPY,764.1799926757812,2026-09-11T22:36:07.928373+00:00
715.0,9.17,9.21,9.21,110.0,4551,0.17582000946044923,put,2026-12-18,SPY,764.1799926757812,2026-09-11T22:36:07.928373+00:00
720.0,9.87,9.91,9.89,800.0,6093,0.17098302169799806,put,2026-12-18,SPY,764.1799926757812,2026-09-11T22:36:07.928373+00:00
725.0,10.63,10.67,10.65,143.0,6282,0.16606974075317388,put,2026-12-18,SPY,764.1799926757812,2026-09-11T22:36:07.928373+00:00
730.0,11.47,11.53,11.46,342.0,16037,0.1613395634460449,put,2026-12-18,SPY,764.1799926757812,2026-09-11T22:36:07.928373+00:00
735.0,12.4,12.46,12.41,131.0,33479,0.15647205841064454,put,2026-12-18,SPY,764.1799926757812,2026-09-11T22:36:07.928373+00:00
740.0,13.43,13.5,13.49,1729.0,15552,0.15169610519409182,put,2026-12-18,SPY,764.1799926757812,2026-09-11T22:36:07.928373+00:00
745.0,14.58,14.64,14.59,198.0,5829,0.14685148811340332,put,2026-12-18,SPY,764.1799926757812,2026-09-11T22:36:07.928373+00:00
750.0,15.85,15.92,15.92,562.0,19460,0.1421136814880371,put,2026-12-18,SPY,764.1799926757812,2026-09-11T22:36:07.928373+00:00
755.0,17.27,17.34,17.22,377.0,6075,0.13738350418090822,put,2026-12-18,SPY,764.1799926757812,2026-09-11T22:36:07.928373+00:00
760.0,18.85,18.93,18.95,3499.0,15471,0.13274487869262697,put,2026-12-18,SPY,764.1799926757812,2026-09-11T22:36:07.928373+00:00
765.0,20.62,20.71,20.69,763.0,5986,0.12819780502319333,put,2026-12-18,SPY,764.1799926757812,2026-09-11T22:36:07.928373+00:00
770.0,22.59,22.68,22.59,807.0,7258,0.12365073135375976,put,2026-12-18,SPY,764.1799926757812,2026-09-11T22:36:07.928373+00:00
775.0,24.79,24.88,24.62,23.0,3377,0.11921809745788572,put,2026-12-18,SPY,764.1799926757812,2026-09-11T22:36:07.928373+00:00
780.0,26.63,27.4,27.34,23.0,11848,0.1153805503845215,put,2026-12-18,SPY,764.1799926757812,2026-09-11T22:36:07.928373+00:00
785.0,28.86,31.09,29.38,14.0,1016,0.11794400131225585,put,2026-12-18,SPY,764.1799926757812,2026-09-11T22:36:07.928373+00:00
790.0,32.1,33.99,32.76,16.0,1190,0.11371735900878906,put,2026-12-18,SPY,764.1799926757812,2026-09-11T22:36:07.928373+00:00
795.0,34.93,38.03,34.52,30.0,748,0.1163571031188965,put,2026-12-18,SPY,764.1799926757812,2026-09-11T22:36:07.928373+00:00
800.0,38.85,41.57,39.5,148.0,1898,0.11390046264648437,put,2026-12-18,SPY,764.1799926757812,2026-09-11T22:36:07.928373+00:00
805.0,42.05,45.45,43.0,20.0,32,0.11269503036499023,put,2026-12-18,SPY,764.1799926757812,2026-09-11T22:36:07.928373+00:00
810.0,46.27,50.02,42.8,2.0,112,0.11667753448486329,put,2026-12-18,SPY,764.1799926757812,2026-09-11T22:36:07.928373+00:00
815.0,50.74,54.49,55.3,1.0,37,0.1190121058654785,put,2026-12-18,SPY,764.1799926757812,2026-09-11T22:36:07.928373+00:00
820.0,55.41,59.09,49.23,6.0,645,0.12198753997802736,put,2026-12-18,SPY,764.1799926757812,2026-09-11T22:36:07.928373+00:00
825.0,60.22,63.72,53.25,88.0,198,0.1246730599975586,put,2026-12-18,SPY,764.1799926757812,2026-09-11T22:36:07.928373+00:00
830.0,65.11,68.58,61.88,5.0,626,0.12970841003417968,put,2026-12-18,SPY,764.1799926757812,2026-09-11T22:36:07.928373+00:00
835.0,70.06,73.49,62.26,52.0,39,0.13514048461914066,put,2026-12-18,SPY,764.1799926757812,2026-09-11T22:36:07.928373+00:00
840.0,75.04,78.42,70.12,1.0,1,0.14063359375,put,2026-12-18,SPY,764.1799926757812,2026-09-11T22:36:07.928373+00:00
845.0,80.06,83.45,71.74,2.0,0,0.14737791107177733,put,2026-12-18,SPY,764.1799926757812,2026-09-11T22:36:07.928373+00:00
850.0,85.05,88.42,92.89,12.0,14,0.15319145156860353,put,2026-12-18,SPY,764.1799926757812,2026-09-11T22:36:07.928373+00:00
855.0,90.01,93.49,89.72,2.0,0,0.1603477520751953,put,2026-12-18,SPY,764.1799926757812,2026-09-11T22:36:07.928373+00:00
860.0,95.04,98.5,94.7,2.0,0,0.16654275848388678,put,2026-12-18,SPY,764.1799926757812,2026-09-11T22:36:07.928373+00:00
865.0,100.0,103.5,99.71,2.0,0,0.1725241439819336,put,2026-12-18,SPY,764.1799926757812,2026-09-11T22:36:07.928373+00:00
870.0,105.03,108.5,104.69,2.0,0,0.17841397766113282,put,2026-12-18,SPY,764.1799926757812,2026-09-11T22:36:07.928373+00:00
875.0,109.99,113.5,109.71,2.0,0,0.18421225952148437,put,2026-12-18,SPY,764.1799926757812,2026-09-11T22:36:07.928373+00:00
880.0,114.99,118.5,114.71,2.0,0,0.18994950683593753,put,2026-12-18,SPY,764.1799926757812,2026-09-11T22:36:07.928373+00:00
885.0,120.02,123.49,119.69,,0,0.19544261596679688,put,2026-12-18,SPY,764.1799926757812,2026-09-11T22:36:07.928373+00:00
900.0,134.97,138.49,129.64,5.0,22,0.21198297790527343,put,2026-12-18,SPY,764.1799926757812,2026-09-11T22:36:07.928373+00:00
905.0,139.97,143.51,127.09,1.0,0,0.2177507424926758,put,2026-12-18,SPY,764.1799926757812,2026-09-11T22:36:07.928373+00:00
910.0,242.52,247.5,252.32,1.0,0,0.9422308023071287,put,2026-12-18,SPY,764.1799926757812,2026-09-11T22:36:07.928373+00:00
925.0,230.21,235.46,253.05,,0,0.793520131225586,put,2026-12-18,SPY,764.1799926757812,2026-09-11T22:36:07.928373+00:00
930.0,176.39,179.69,191.5,1.0,0,0.37924815093994135,put,2026-12-18,SPY,764.1799926757812,2026-09-11T22:36:07.928373+00:00
935.0,241.25,245.25,247.55,1.0,0,0.8124255818176269,put,2026-12-18,SPY,764.1799926757812,2026-09-11T22:36:07.928373+00:00
965.0,199.92,203.45,198.43,5.0,0,0.27698476928710936,put,2026-12-18,SPY,764.1799926757812,2026-09-11T22:36:07.928373+00:00
970.0,204.92,208.44,203.41,10.0,0,0.2815013256835937,put,2026-12-18,SPY,764.1799926757812,2026-09-11T22:36:07.928373+00:00
980.0,214.91,218.43,213.07,,0,0.2905954730224609,put,2026-12-18,SPY,764.1799926757812,2026-09-11T22:36:07.928373+00:00
1000.0,259.33,262.51,251.57,5.0,0,0.566685241394043,put,2026-12-18,SPY,764.1799926757812,2026-09-11T22:36:07.928373+00:00
